{"type":"FeatureCollection","features":[{"type":"Feature","geometry":{"type":"Polygon","coordinates":[[[-63.70103,-13.27649],[-63.70191,-13.27597],[-63.70141,-13.27516],[-63.70095,-13.27543],[-63.70094,-13.27641],[-63.70103,-13.27649]]]},"properties":{"n":"BELLA VISTA","p":76,"personas_x_ha":80,"masculinidad":95,"pct_menor20":54,"pct_60mas":5,"pct_migrante":55,"dependencia_econ":171,"pct_empleados":14,"pct_cuentapropia":36,"pct_agricultura":54,"pct_comercio":4,"pct_manufactura":0,"pct_construccion":11,"pct_transporte":4,"pct_alojamiento":14,"pct_sin_educacion":0,"pct_educ_superior":14,"brecha_educ":10,"pct_sin_seguro":12,"pct_sus":87,"pct_seguro_privado":0,"brecha_seguro":-13,"pct_salud_publica":26,"pct_med_tradicional":12,"pct_automedicacion":15,"pct_remedios_caseros":27,"pct_viv_desocupada":19,"pct_alquiler":8,"pct_electricidad":92,"pct_sin_electricidad":8,"pct_agua_red":50,"pct_alcantarillado":42,"pct_camara_septica":8,"pct_pozo_ciego":42,"pct_sin_desague":8,"pct_gas_red":0,"pct_gas_garrafa":92,"pct_lena_guano":92,"pct_basura_formal":8,"pct_basura_quema":83,"pct_basura_informal":0,"pct_internet":58,"pct_celular":58,"pct_televisor":33}},{"type":"Feature","geometry":{"type":"Polygon","coordinates":[[[-63.69816,-13.27214],[-63.69723,-13.27215],[-63.69715,-13.27305],[-63.69812,-13.27304],[-63.69816,-13.27214]]]},"properties":{"n":"BELLA VISTA","p":60,"personas_x_ha":57,"masculinidad":88,"pct_menor20":57,"pct_60mas":5,"pct_migrante":22,"dependencia_econ":161,"pct_empleados":30,"pct_cuentapropia":57,"pct_agricultura":48,"pct_comercio":13,"pct_manufactura":0,"pct_construccion":0,"pct_transporte":0,"pct_alojamiento":0,"pct_sin_educacion":11,"pct_educ_superior":4,"brecha_educ":-5,"pct_sin_seguro":4,"pct_sus":96,"pct_seguro_privado":0,"brecha_seguro":8,"pct_salud_publica":78,"pct_med_tradicional":7,"pct_automedicacion":5,"pct_remedios_caseros":10,"pct_viv_desocupada":17,"pct_alquiler":0,"pct_electricidad":80,"pct_sin_electricidad":20,"pct_agua_red":30,"pct_alcantarillado":10,"pct_camara_septica":30,"pct_pozo_ciego":20,"pct_sin_desague":0,"pct_gas_red":0,"pct_gas_garrafa":90,"pct_lena_guano":90,"pct_basura_formal":0,"pct_basura_quema":90,"pct_basura_informal":0,"pct_internet":20,"pct_celular":80,"pct_televisor":50}},{"type":"Feature","geometry":{"type":"Polygon","coordinates":[[[-63.70409,-13.27198],[-63.70359,-13.27125],[-63.70303,-13.2716],[-63.70354,-13.27236],[-63.70409,-13.27198]]]},"properties":{"n":"BELLA VISTA","p":36,"personas_x_ha":48,"masculinidad":71,"pct_menor20":39,"pct_60mas":3,"pct_migrante":42,"dependencia_econ":3100,"pct_empleados":0,"pct_cuentapropia":0,"pct_agricultura":100,"pct_comercio":0,"pct_manufactura":0,"pct_construccion":0,"pct_transporte":0,"pct_alojamiento":0,"pct_sin_educacion":10,"pct_educ_superior":15,"brecha_educ":-30,"pct_sin_seguro":25,"pct_sus":59,"pct_seguro_privado":0,"brecha_seguro":27,"pct_salud_publica":49,"pct_med_tradicional":1,"pct_automedicacion":10,"pct_remedios_caseros":22,"pct_viv_desocupada":0,"pct_alquiler":0,"pct_electricidad":100,"pct_sin_electricidad":0,"pct_agua_red":43,"pct_alcantarillado":14,"pct_camara_septica":29,"pct_pozo_ciego":57,"pct_sin_desague":0,"pct_gas_red":0,"pct_gas_garrafa":86,"pct_lena_guano":86,"pct_basura_formal":57,"pct_basura_quema":43,"pct_basura_informal":0,"pct_internet":43,"pct_celular":86,"pct_televisor":86}},{"type":"Feature","geometry":{"type":"Polygon","coordinates":[[[-63.70409,-13.26975],[-63.70328,-13.27017],[-63.70367,-13.27095],[-63.70453,-13.27047],[-63.70409,-13.26975]]]},"properties":{"n":"BELLA VISTA","p":77,"personas_x_ha":75,"masculinidad":126,"pct_menor20":42,"pct_60mas":5,"pct_migrante":26,"dependencia_econ":83,"pct_empleados":17,"pct_cuentapropia":45,"pct_agricultura":21,"pct_comercio":5,"pct_manufactura":5,"pct_construccion":5,"pct_transporte":26,"pct_alojamiento":12,"pct_sin_educacion":2,"pct_educ_superior":9,"brecha_educ":-3,"pct_sin_seguro":8,"pct_sus":74,"pct_seguro_privado":0,"brecha_seguro":9,"pct_salud_publica":45,"pct_med_tradicional":0,"pct_automedicacion":10,"pct_remedios_caseros":20,"pct_viv_desocupada":0,"pct_alquiler":20,"pct_electricidad":100,"pct_sin_electricidad":0,"pct_agua_red":53,"pct_alcantarillado":13,"pct_camara_septica":60,"pct_pozo_ciego":20,"pct_sin_desague":0,"pct_gas_red":0,"pct_gas_garrafa":87,"pct_lena_guano":87,"pct_basura_formal":20,"pct_basura_quema":80,"pct_basura_informal":0,"pct_internet":87,"pct_celular":87,"pct_televisor":60}},{"type":"Feature","geometry":{"type":"Polygon","coordinates":[[[-63.70747,-13.27488],[-63.70694,-13.27407],[-63.70612,-13.27462],[-63.7067,-13.27538],[-63.70747,-13.27488]]]},"properties":{"n":"BELLA VISTA","p":90,"personas_x_ha":79,"masculinidad":84,"pct_menor20":38,"pct_60mas":11,"pct_migrante":11,"dependencia_econ":89,"pct_empleados":34,"pct_cuentapropia":51,"pct_agricultura":21,"pct_comercio":28,"pct_manufactura":9,"pct_construccion":9,"pct_transporte":0,"pct_alojamiento":9,"pct_sin_educacion":0,"pct_educ_superior":37,"brecha_educ":22,"pct_sin_seguro":9,"pct_sus":84,"pct_seguro_privado":0,"brecha_seguro":15,"pct_salud_publica":42,"pct_med_tradicional":1,"pct_automedicacion":11,"pct_remedios_caseros":32,"pct_viv_desocupada":0,"pct_alquiler":0,"pct_electricidad":100,"pct_sin_electricidad":0,"pct_agua_red":88,"pct_alcantarillado":6,"pct_camara_septica":29,"pct_pozo_ciego":47,"pct_sin_desague":0,"pct_gas_red":0,"pct_gas_garrafa":82,"pct_lena_guano":82,"pct_basura_formal":35,"pct_basura_quema":35,"pct_basura_informal":12,"pct_internet":76,"pct_celular":76,"pct_televisor":65}},{"type":"Feature","geometry":{"type":"Polygon","coordinates":[[[-63.70397,-13.27471],[-63.70465,-13.27424],[-63.70411,-13.27348],[-63.70343,-13.27389],[-63.70397,-13.27471]]]},"properties":{"n":"BELLA VISTA","p":40,"personas_x_ha":41,"masculinidad":135,"pct_menor20":32,"pct_60mas":8,"pct_migrante":28,"dependencia_econ":74,"pct_empleados":30,"pct_cuentapropia":48,"pct_agricultura":30,"pct_comercio":13,"pct_manufactura":0,"pct_construccion":9,"pct_transporte":4,"pct_alojamiento":35,"pct_sin_educacion":0,"pct_educ_superior":18,"brecha_educ":12,"pct_sin_seguro":35,"pct_sus":65,"pct_seguro_privado":0,"brecha_seguro":30,"pct_salud_publica":33,"pct_med_tradicional":11,"pct_automedicacion":15,"pct_remedios_caseros":18,"pct_viv_desocupada":17,"pct_alquiler":12,"pct_electricidad":100,"pct_sin_electricidad":0,"pct_agua_red":25,"pct_alcantarillado":0,"pct_camara_septica":75,"pct_pozo_ciego":25,"pct_sin_desague":0,"pct_gas_red":0,"pct_gas_garrafa":88,"pct_lena_guano":88,"pct_basura_formal":50,"pct_basura_quema":25,"pct_basura_informal":50,"pct_internet":100,"pct_celular":100,"pct_televisor":100}},{"type":"Feature","geometry":{"type":"Polygon","coordinates":[[[-63.69804,-13.27496],[-63.69897,-13.275],[-63.69903,-13.27409],[-63.6981,-13.2741],[-63.69804,-13.27496]]]},"properties":{"n":"BELLA VISTA","p":58,"personas_x_ha":58,"masculinidad":164,"pct_menor20":55,"pct_60mas":3,"pct_migrante":29,"dependencia_econ":185,"pct_empleados":25,"pct_cuentapropia":55,"pct_agricultura":40,"pct_comercio":5,"pct_manufactura":25,"pct_construccion":5,"pct_transporte":5,"pct_alojamiento":10,"pct_sin_educacion":4,"pct_educ_superior":8,"brecha_educ":10,"pct_sin_seguro":18,"pct_sus":80,"pct_seguro_privado":0,"brecha_seguro":6,"pct_salud_publica":26,"pct_med_tradicional":5,"pct_automedicacion":16,"pct_remedios_caseros":25,"pct_viv_desocupada":0,"pct_alquiler":11,"pct_electricidad":89,"pct_sin_electricidad":11,"pct_agua_red":0,"pct_alcantarillado":0,"pct_camara_septica":22,"pct_pozo_ciego":67,"pct_sin_desague":11,"pct_gas_red":0,"pct_gas_garrafa":78,"pct_lena_guano":78,"pct_basura_formal":0,"pct_basura_quema":89,"pct_basura_informal":22,"pct_internet":78,"pct_celular":78,"pct_televisor":67}},{"type":"Feature","geometry":{"type":"Polygon","coordinates":[[[-63.70509,-13.27132],[-63.7046,-13.27057],[-63.70373,-13.27116],[-63.70423,-13.2719],[-63.70509,-13.27132]]]},"properties":{"n":"BELLA VISTA","p":99,"personas_x_ha":88,"masculinidad":102,"pct_menor20":39,"pct_60mas":4,"pct_migrante":4,"dependencia_econ":292,"pct_empleados":21,"pct_cuentapropia":29,"pct_agricultura":25,"pct_comercio":17,"pct_manufactura":12,"pct_construccion":4,"pct_transporte":0,"pct_alojamiento":0,"pct_sin_educacion":0,"pct_educ_superior":23,"brecha_educ":9,"pct_sin_seguro":3,"pct_sus":91,"pct_seguro_privado":0,"brecha_seguro":-2,"pct_salud_publica":81,"pct_med_tradicional":2,"pct_automedicacion":0,"pct_remedios_caseros":6,"pct_viv_desocupada":0,"pct_alquiler":6,"pct_electricidad":94,"pct_sin_electricidad":6,"pct_agua_red":50,"pct_alcantarillado":25,"pct_camara_septica":38,"pct_pozo_ciego":25,"pct_sin_desague":0,"pct_gas_red":0,"pct_gas_garrafa":88,"pct_lena_guano":88,"pct_basura_formal":0,"pct_basura_quema":100,"pct_basura_informal":0,"pct_internet":50,"pct_celular":56,"pct_televisor":31}},{"type":"Feature","geometry":{"type":"Polygon","coordinates":[[[-63.70502,-13.26901],[-63.7042,-13.26959],[-63.70466,-13.27032],[-63.70547,-13.26978],[-63.70502,-13.26901]]]},"properties":{"n":"BELLA VISTA","p":70,"personas_x_ha":65,"masculinidad":204,"pct_menor20":46,"pct_60mas":6,"pct_migrante":23,"dependencia_econ":159,"pct_empleados":48,"pct_cuentapropia":30,"pct_agricultura":48,"pct_comercio":22,"pct_manufactura":4,"pct_construccion":11,"pct_transporte":7,"pct_alojamiento":0,"pct_sin_educacion":0,"pct_educ_superior":13,"brecha_educ":-2,"pct_sin_seguro":2,"pct_sus":94,"pct_seguro_privado":0,"brecha_seguro":2,"pct_salud_publica":58,"pct_med_tradicional":2,"pct_automedicacion":3,"pct_remedios_caseros":34,"pct_viv_desocupada":0,"pct_alquiler":0,"pct_electricidad":100,"pct_sin_electricidad":0,"pct_agua_red":17,"pct_alcantarillado":0,"pct_camara_septica":17,"pct_pozo_ciego":67,"pct_sin_desague":0,"pct_gas_red":0,"pct_gas_garrafa":58,"pct_lena_guano":58,"pct_basura_formal":0,"pct_basura_quema":100,"pct_basura_informal":0,"pct_internet":92,"pct_celular":100,"pct_televisor":50}},{"type":"Feature","geometry":{"type":"Polygon","coordinates":[[[-63.70338,-13.27622],[-63.70294,-13.27551],[-63.70214,-13.27599],[-63.70255,-13.27673],[-63.70338,-13.27622]]]},"properties":{"n":"BELLA VISTA","p":30,"personas_x_ha":31,"masculinidad":100,"pct_menor20":40,"pct_60mas":10,"pct_migrante":20,"dependencia_econ":136,"pct_empleados":9,"pct_cuentapropia":91,"pct_agricultura":64,"pct_comercio":9,"pct_manufactura":9,"pct_construccion":9,"pct_transporte":0,"pct_alojamiento":0,"pct_sin_educacion":0,"pct_educ_superior":0,"brecha_educ":-38,"pct_sin_seguro":8,"pct_sus":88,"pct_seguro_privado":0,"brecha_seguro":-1,"pct_salud_publica":36,"pct_med_tradicional":9,"pct_automedicacion":16,"pct_remedios_caseros":32,"pct_viv_desocupada":0,"pct_alquiler":0,"pct_electricidad":100,"pct_sin_electricidad":0,"pct_agua_red":50,"pct_alcantarillado":0,"pct_camara_septica":17,"pct_pozo_ciego":83,"pct_sin_desague":0,"pct_gas_red":0,"pct_gas_garrafa":83,"pct_lena_guano":83,"pct_basura_formal":0,"pct_basura_quema":83,"pct_basura_informal":0,"pct_internet":100,"pct_celular":100,"pct_televisor":50}},{"type":"Feature","geometry":{"type":"Polygon","coordinates":[[[-63.70605,-13.2745],[-63.70684,-13.27397],[-63.70641,-13.27332],[-63.70561,-13.27386],[-63.70605,-13.2745]]]},"properties":{"n":"BELLA VISTA","p":77,"personas_x_ha":84,"masculinidad":108,"pct_menor20":27,"pct_60mas":14,"pct_migrante":27,"dependencia_econ":103,"pct_empleados":27,"pct_cuentapropia":30,"pct_agricultura":22,"pct_comercio":38,"pct_manufactura":5,"pct_construccion":3,"pct_transporte":0,"pct_alojamiento":3,"pct_sin_educacion":0,"pct_educ_superior":23,"brecha_educ":-1,"pct_sin_seguro":1,"pct_sus":84,"pct_seguro_privado":0,"brecha_seguro":3,"pct_salud_publica":60,"pct_med_tradicional":8,"pct_automedicacion":3,"pct_remedios_caseros":18,"pct_viv_desocupada":0,"pct_alquiler":0,"pct_electricidad":94,"pct_sin_electricidad":0,"pct_agua_red":67,"pct_alcantarillado":17,"pct_camara_septica":11,"pct_pozo_ciego":56,"pct_sin_desague":17,"pct_gas_red":0,"pct_gas_garrafa":100,"pct_lena_guano":100,"pct_basura_formal":44,"pct_basura_quema":22,"pct_basura_informal":22,"pct_internet":94,"pct_celular":100,"pct_televisor":83}},{"type":"Feature","geometry":{"type":"Polygon","coordinates":[[[-63.70207,-13.27583],[-63.70285,-13.27537],[-63.70235,-13.27457],[-63.70156,-13.27506],[-63.70207,-13.27583]]]},"properties":{"n":"BELLA VISTA","p":86,"personas_x_ha":84,"masculinidad":105,"pct_menor20":47,"pct_60mas":7,"pct_migrante":14,"dependencia_econ":388,"pct_empleados":35,"pct_cuentapropia":24,"pct_agricultura":71,"pct_comercio":0,"pct_manufactura":6,"pct_construccion":0,"pct_transporte":0,"pct_alojamiento":0,"pct_sin_educacion":9,"pct_educ_superior":9,"brecha_educ":0,"pct_sin_seguro":1,"pct_sus":94,"pct_seguro_privado":0,"brecha_seguro":2,"pct_salud_publica":43,"pct_med_tradicional":10,"pct_automedicacion":14,"pct_remedios_caseros":15,"pct_viv_desocupada":8,"pct_alquiler":0,"pct_electricidad":100,"pct_sin_electricidad":0,"pct_agua_red":9,"pct_alcantarillado":9,"pct_camara_septica":9,"pct_pozo_ciego":36,"pct_sin_desague":18,"pct_gas_red":0,"pct_gas_garrafa":64,"pct_lena_guano":64,"pct_basura_formal":18,"pct_basura_quema":73,"pct_basura_informal":0,"pct_internet":91,"pct_celular":100,"pct_televisor":55}},{"type":"Feature","geometry":{"type":"Polygon","coordinates":[[[-63.7022,-13.27193],[-63.70282,-13.27155],[-63.70232,-13.27076],[-63.70173,-13.27113],[-63.7022,-13.27193]]]},"properties":{"n":"BELLA VISTA","p":69,"personas_x_ha":87,"masculinidad":92,"pct_menor20":49,"pct_60mas":4,"pct_migrante":13,"dependencia_econ":253,"pct_empleados":21,"pct_cuentapropia":42,"pct_agricultura":11,"pct_comercio":32,"pct_manufactura":11,"pct_construccion":5,"pct_transporte":5,"pct_alojamiento":5,"pct_sin_educacion":0,"pct_educ_superior":9,"brecha_educ":-5,"pct_sin_seguro":8,"pct_sus":74,"pct_seguro_privado":0,"brecha_seguro":10,"pct_salud_publica":86,"pct_med_tradicional":0,"pct_automedicacion":0,"pct_remedios_caseros":6,"pct_viv_desocupada":18,"pct_alquiler":0,"pct_electricidad":100,"pct_sin_electricidad":0,"pct_agua_red":56,"pct_alcantarillado":11,"pct_camara_septica":0,"pct_pozo_ciego":67,"pct_sin_desague":11,"pct_gas_red":0,"pct_gas_garrafa":100,"pct_lena_guano":100,"pct_basura_formal":22,"pct_basura_quema":78,"pct_basura_informal":0,"pct_internet":11,"pct_celular":89,"pct_televisor":33}},{"type":"Feature","geometry":{"type":"Polygon","coordinates":[[[-63.69678,-13.26904],[-63.69899,-13.26936],[-63.70117,-13.26936],[-63.70108,-13.27071],[-63.69795,-13.27085],[-63.69789,-13.2708],[-63.6978,-13.26992],[-63.69694,-13.26939],[-63.69674,-13.26918],[-63.69678,-13.26904]]]},"properties":{"n":"BELLA VISTA","p":100,"personas_x_ha":16,"masculinidad":100,"pct_menor20":49,"pct_60mas":5,"pct_migrante":36,"dependencia_econ":132,"pct_empleados":20,"pct_cuentapropia":32,"pct_agricultura":32,"pct_comercio":15,"pct_manufactura":12,"pct_construccion":0,"pct_transporte":2,"pct_alojamiento":17,"pct_sin_educacion":0,"pct_educ_superior":10,"brecha_educ":-4,"pct_sin_seguro":18,"pct_sus":76,"pct_seguro_privado":0,"brecha_seguro":15,"pct_salud_publica":29,"pct_med_tradicional":19,"pct_automedicacion":16,"pct_remedios_caseros":23,"pct_viv_desocupada":0,"pct_alquiler":6,"pct_electricidad":100,"pct_sin_electricidad":0,"pct_agua_red":6,"pct_alcantarillado":11,"pct_camara_septica":22,"pct_pozo_ciego":50,"pct_sin_desague":6,"pct_gas_red":0,"pct_gas_garrafa":72,"pct_lena_guano":72,"pct_basura_formal":22,"pct_basura_quema":56,"pct_basura_informal":11,"pct_internet":78,"pct_celular":78,"pct_televisor":56}},{"type":"Feature","geometry":{"type":"Polygon","coordinates":[[[-63.6993,-13.27499],[-63.70058,-13.27499],[-63.70074,-13.27408],[-63.69925,-13.27408],[-63.69916,-13.27477],[-63.6993,-13.27499]]]},"properties":{"n":"BELLA VISTA","p":76,"personas_x_ha":47,"masculinidad":111,"pct_menor20":45,"pct_60mas":9,"pct_migrante":13,"dependencia_econ":68,"pct_empleados":11,"pct_cuentapropia":43,"pct_agricultura":66,"pct_comercio":7,"pct_manufactura":11,"pct_construccion":9,"pct_transporte":2,"pct_alojamiento":0,"pct_sin_educacion":2,"pct_educ_superior":8,"brecha_educ":-12,"pct_sin_seguro":15,"pct_sus":85,"pct_seguro_privado":0,"brecha_seguro":-5,"pct_salud_publica":86,"pct_med_tradicional":0,"pct_automedicacion":0,"pct_remedios_caseros":13,"pct_viv_desocupada":0,"pct_alquiler":0,"pct_electricidad":100,"pct_sin_electricidad":0,"pct_agua_red":19,"pct_alcantarillado":6,"pct_camara_septica":12,"pct_pozo_ciego":56,"pct_sin_desague":0,"pct_gas_red":0,"pct_gas_garrafa":81,"pct_lena_guano":81,"pct_basura_formal":0,"pct_basura_quema":88,"pct_basura_informal":0,"pct_internet":50,"pct_celular":88,"pct_televisor":31}},{"type":"Feature","geometry":{"type":"Polygon","coordinates":[[[-63.69675,-13.27551],[-63.69706,-13.27218],[-63.69067,-13.27233],[-63.6895,-13.27481],[-63.69167,-13.27397],[-63.69169,-13.27491],[-63.69675,-13.27551]]]},"properties":{"n":"BELLA VISTA","p":32,"personas_x_ha":1,"masculinidad":100,"pct_menor20":53,"pct_60mas":0,"pct_migrante":12,"dependencia_econ":244,"pct_empleados":33,"pct_cuentapropia":44,"pct_agricultura":56,"pct_comercio":11,"pct_manufactura":11,"pct_construccion":0,"pct_transporte":0,"pct_alojamiento":0,"pct_sin_educacion":0,"pct_educ_superior":20,"brecha_educ":21,"pct_sin_seguro":6,"pct_sus":94,"pct_seguro_privado":0,"brecha_seguro":0,"pct_salud_publica":37,"pct_med_tradicional":5,"pct_automedicacion":16,"pct_remedios_caseros":34,"pct_viv_desocupada":0,"pct_alquiler":11,"pct_electricidad":56,"pct_sin_electricidad":44,"pct_agua_red":22,"pct_alcantarillado":0,"pct_camara_septica":0,"pct_pozo_ciego":22,"pct_sin_desague":11,"pct_gas_red":0,"pct_gas_garrafa":78,"pct_lena_guano":78,"pct_basura_formal":0,"pct_basura_quema":78,"pct_basura_informal":22,"pct_internet":67,"pct_celular":67,"pct_televisor":44}},{"type":"Feature","geometry":{"type":"Polygon","coordinates":[[[-63.702,-13.27741],[-63.70245,-13.27715],[-63.70251,-13.27701],[-63.70202,-13.27609],[-63.70138,-13.27649],[-63.70191,-13.27739],[-63.702,-13.27741]]]},"properties":{"n":"BELLA VISTA","p":77,"personas_x_ha":76,"masculinidad":92,"pct_menor20":57,"pct_60mas":3,"pct_migrante":14,"dependencia_econ":208,"pct_empleados":20,"pct_cuentapropia":32,"pct_agricultura":40,"pct_comercio":0,"pct_manufactura":20,"pct_construccion":0,"pct_transporte":0,"pct_alojamiento":0,"pct_sin_educacion":0,"pct_educ_superior":3,"brecha_educ":15,"pct_sin_seguro":5,"pct_sus":95,"pct_seguro_privado":0,"brecha_seguro":5,"pct_salud_publica":30,"pct_med_tradicional":14,"pct_automedicacion":20,"pct_remedios_caseros":22,"pct_viv_desocupada":8,"pct_alquiler":0,"pct_electricidad":100,"pct_sin_electricidad":0,"pct_agua_red":58,"pct_alcantarillado":42,"pct_camara_septica":8,"pct_pozo_ciego":42,"pct_sin_desague":0,"pct_gas_red":0,"pct_gas_garrafa":0,"pct_lena_guano":0,"pct_basura_formal":8,"pct_basura_quema":92,"pct_basura_informal":0,"pct_internet":50,"pct_celular":58,"pct_televisor":42}},{"type":"Feature","geometry":{"type":"Polygon","coordinates":[[[-63.70521,-13.27118],[-63.70602,-13.27068],[-63.70555,-13.26993],[-63.70476,-13.27046],[-63.70521,-13.27118]]]},"properties":{"n":"BELLA VISTA","p":101,"personas_x_ha":99,"masculinidad":110,"pct_menor20":42,"pct_60mas":5,"pct_migrante":20,"dependencia_econ":216,"pct_empleados":31,"pct_cuentapropia":44,"pct_agricultura":31,"pct_comercio":25,"pct_manufactura":6,"pct_construccion":6,"pct_transporte":3,"pct_alojamiento":0,"pct_sin_educacion":8,"pct_educ_superior":28,"brecha_educ":-6,"pct_sin_seguro":23,"pct_sus":57,"pct_seguro_privado":0,"brecha_seguro":2,"pct_salud_publica":46,"pct_med_tradicional":3,"pct_automedicacion":2,"pct_remedios_caseros":25,"pct_viv_desocupada":0,"pct_alquiler":0,"pct_electricidad":100,"pct_sin_electricidad":0,"pct_agua_red":12,"pct_alcantarillado":6,"pct_camara_septica":25,"pct_pozo_ciego":56,"pct_sin_desague":0,"pct_gas_red":0,"pct_gas_garrafa":94,"pct_lena_guano":94,"pct_basura_formal":12,"pct_basura_quema":81,"pct_basura_informal":0,"pct_internet":69,"pct_celular":88,"pct_televisor":56}},{"type":"Feature","geometry":{"type":"Polygon","coordinates":[[[-63.70646,-13.27307],[-63.70726,-13.27256],[-63.70679,-13.27176],[-63.70593,-13.27229],[-63.70646,-13.27307]]]},"properties":{"n":"BELLA VISTA","p":60,"personas_x_ha":53,"masculinidad":161,"pct_menor20":32,"pct_60mas":10,"pct_migrante":37,"dependencia_econ":44,"pct_empleados":46,"pct_cuentapropia":34,"pct_agricultura":44,"pct_comercio":12,"pct_manufactura":7,"pct_construccion":2,"pct_transporte":0,"pct_alojamiento":5,"pct_sin_educacion":5,"pct_educ_superior":24,"brecha_educ":1,"pct_sin_seguro":40,"pct_sus":48,"pct_seguro_privado":0,"brecha_seguro":-6,"pct_salud_publica":61,"pct_med_tradicional":1,"pct_automedicacion":0,"pct_remedios_caseros":16,"pct_viv_desocupada":0,"pct_alquiler":0,"pct_electricidad":100,"pct_sin_electricidad":0,"pct_agua_red":27,"pct_alcantarillado":9,"pct_camara_septica":18,"pct_pozo_ciego":64,"pct_sin_desague":0,"pct_gas_red":0,"pct_gas_garrafa":82,"pct_lena_guano":82,"pct_basura_formal":9,"pct_basura_quema":82,"pct_basura_informal":18,"pct_internet":64,"pct_celular":82,"pct_televisor":82}},{"type":"Feature","geometry":{"type":"Polygon","coordinates":[[[-63.7038,-13.27477],[-63.70297,-13.27523],[-63.7025,-13.27446],[-63.70331,-13.27397],[-63.7038,-13.27477]]]},"properties":{"n":"BELLA VISTA","p":81,"personas_x_ha":76,"masculinidad":113,"pct_menor20":40,"pct_60mas":10,"pct_migrante":12,"dependencia_econ":138,"pct_empleados":28,"pct_cuentapropia":47,"pct_agricultura":31,"pct_comercio":6,"pct_manufactura":9,"pct_construccion":12,"pct_transporte":0,"pct_alojamiento":0,"pct_sin_educacion":2,"pct_educ_superior":12,"brecha_educ":-6,"pct_sin_seguro":17,"pct_sus":75,"pct_seguro_privado":3,"brecha_seguro":13,"pct_salud_publica":47,"pct_med_tradicional":0,"pct_automedicacion":10,"pct_remedios_caseros":34,"pct_viv_desocupada":0,"pct_alquiler":0,"pct_electricidad":100,"pct_sin_electricidad":0,"pct_agua_red":67,"pct_alcantarillado":17,"pct_camara_septica":8,"pct_pozo_ciego":58,"pct_sin_desague":8,"pct_gas_red":0,"pct_gas_garrafa":75,"pct_lena_guano":75,"pct_basura_formal":42,"pct_basura_quema":50,"pct_basura_informal":0,"pct_internet":75,"pct_celular":83,"pct_televisor":58}},{"type":"Feature","geometry":{"type":"Polygon","coordinates":[[[-63.70869,-13.27276],[-63.70827,-13.27211],[-63.70754,-13.27258],[-63.70795,-13.27327],[-63.70869,-13.27276]]]},"properties":{"n":"BELLA VISTA","p":29,"personas_x_ha":35,"masculinidad":71,"pct_menor20":55,"pct_60mas":14,"pct_migrante":17,"dependencia_econ":625,"pct_empleados":100,"pct_cuentapropia":0,"pct_agricultura":0,"pct_comercio":0,"pct_manufactura":0,"pct_construccion":0,"pct_transporte":0,"pct_alojamiento":0,"pct_sin_educacion":0,"pct_educ_superior":31,"brecha_educ":-10,"pct_sin_seguro":4,"pct_sus":79,"pct_seguro_privado":0,"brecha_seguro":8,"pct_salud_publica":28,"pct_med_tradicional":0,"pct_automedicacion":21,"pct_remedios_caseros":28,"pct_viv_desocupada":0,"pct_alquiler":0,"pct_electricidad":88,"pct_sin_electricidad":0,"pct_agua_red":12,"pct_alcantarillado":0,"pct_camara_septica":0,"pct_pozo_ciego":50,"pct_sin_desague":25,"pct_gas_red":0,"pct_gas_garrafa":100,"pct_lena_guano":100,"pct_basura_formal":0,"pct_basura_quema":88,"pct_basura_informal":25,"pct_internet":75,"pct_celular":88,"pct_televisor":25}},{"type":"Feature","geometry":{"type":"Polygon","coordinates":[[[-63.6991,-13.27666],[-63.70047,-13.27668],[-63.70062,-13.27517],[-63.69915,-13.27517],[-63.6991,-13.27666]]]},"properties":{"n":"BELLA VISTA","p":53,"personas_x_ha":20,"masculinidad":104,"pct_menor20":47,"pct_60mas":11,"pct_migrante":9,"dependencia_econ":93,"pct_empleados":7,"pct_cuentapropia":26,"pct_agricultura":78,"pct_comercio":7,"pct_manufactura":0,"pct_construccion":4,"pct_transporte":4,"pct_alojamiento":0,"pct_sin_educacion":0,"pct_educ_superior":0,"brecha_educ":12,"pct_sin_seguro":2,"pct_sus":98,"pct_seguro_privado":0,"brecha_seguro":4,"pct_salud_publica":57,"pct_med_tradicional":0,"pct_automedicacion":0,"pct_remedios_caseros":27,"pct_viv_desocupada":0,"pct_alquiler":0,"pct_electricidad":100,"pct_sin_electricidad":0,"pct_agua_red":10,"pct_alcantarillado":10,"pct_camara_septica":10,"pct_pozo_ciego":70,"pct_sin_desague":0,"pct_gas_red":0,"pct_gas_garrafa":50,"pct_lena_guano":50,"pct_basura_formal":0,"pct_basura_quema":70,"pct_basura_informal":40,"pct_internet":70,"pct_celular":70,"pct_televisor":80}},{"type":"Feature","geometry":{"type":"Polygon","coordinates":[[[-63.70539,-13.2738],[-63.70483,-13.27304],[-63.70422,-13.27342],[-63.70473,-13.27419],[-63.70539,-13.2738]]]},"properties":{"n":"BELLA VISTA","p":52,"personas_x_ha":61,"masculinidad":93,"pct_menor20":48,"pct_60mas":12,"pct_migrante":54,"dependencia_econ":264,"pct_empleados":14,"pct_cuentapropia":57,"pct_agricultura":14,"pct_comercio":21,"pct_manufactura":14,"pct_construccion":14,"pct_transporte":14,"pct_alojamiento":0,"pct_sin_educacion":0,"pct_educ_superior":28,"brecha_educ":15,"pct_sin_seguro":8,"pct_sus":75,"pct_seguro_privado":0,"brecha_seguro":8,"pct_salud_publica":26,"pct_med_tradicional":11,"pct_automedicacion":18,"pct_remedios_caseros":26,"pct_viv_desocupada":0,"pct_alquiler":0,"pct_electricidad":100,"pct_sin_electricidad":0,"pct_agua_red":42,"pct_alcantarillado":0,"pct_camara_septica":8,"pct_pozo_ciego":92,"pct_sin_desague":0,"pct_gas_red":0,"pct_gas_garrafa":92,"pct_lena_guano":92,"pct_basura_formal":25,"pct_basura_quema":67,"pct_basura_informal":0,"pct_internet":83,"pct_celular":83,"pct_televisor":58}},{"type":"Feature","geometry":{"type":"Polygon","coordinates":[[[-63.70332,-13.27375],[-63.704,-13.27333],[-63.70351,-13.27258],[-63.70287,-13.273],[-63.70332,-13.27375]]]},"properties":{"n":"BELLA VISTA","p":88,"personas_x_ha":106,"masculinidad":87,"pct_menor20":48,"pct_60mas":7,"pct_migrante":38,"dependencia_econ":184,"pct_empleados":35,"pct_cuentapropia":42,"pct_agricultura":32,"pct_comercio":10,"pct_manufactura":6,"pct_construccion":6,"pct_transporte":6,"pct_alojamiento":6,"pct_sin_educacion":0,"pct_educ_superior":24,"brecha_educ":11,"pct_sin_seguro":15,"pct_sus":83,"pct_seguro_privado":0,"brecha_seguro":-4,"pct_salud_publica":51,"pct_med_tradicional":7,"pct_automedicacion":9,"pct_remedios_caseros":17,"pct_viv_desocupada":0,"pct_alquiler":29,"pct_electricidad":100,"pct_sin_electricidad":0,"pct_agua_red":29,"pct_alcantarillado":0,"pct_camara_septica":50,"pct_pozo_ciego":43,"pct_sin_desague":0,"pct_gas_red":0,"pct_gas_garrafa":86,"pct_lena_guano":86,"pct_basura_formal":7,"pct_basura_quema":86,"pct_basura_informal":14,"pct_internet":86,"pct_celular":100,"pct_televisor":64}},{"type":"Feature","geometry":{"type":"Polygon","coordinates":[[[-63.70629,-13.26924],[-63.70575,-13.26849],[-63.70515,-13.2689],[-63.70566,-13.26971],[-63.70629,-13.26924]]]},"properties":{"n":"BELLA VISTA","p":63,"personas_x_ha":74,"masculinidad":97,"pct_menor20":51,"pct_60mas":6,"pct_migrante":52,"dependencia_econ":300,"pct_empleados":53,"pct_cuentapropia":7,"pct_agricultura":40,"pct_comercio":7,"pct_manufactura":0,"pct_construccion":7,"pct_transporte":0,"pct_alojamiento":13,"pct_sin_educacion":10,"pct_educ_superior":23,"brecha_educ":4,"pct_sin_seguro":18,"pct_sus":65,"pct_seguro_privado":0,"brecha_seguro":9,"pct_salud_publica":57,"pct_med_tradicional":7,"pct_automedicacion":10,"pct_remedios_caseros":17,"pct_viv_desocupada":0,"pct_alquiler":0,"pct_electricidad":100,"pct_sin_electricidad":0,"pct_agua_red":75,"pct_alcantarillado":0,"pct_camara_septica":0,"pct_pozo_ciego":100,"pct_sin_desague":0,"pct_gas_red":0,"pct_gas_garrafa":100,"pct_lena_guano":100,"pct_basura_formal":0,"pct_basura_quema":100,"pct_basura_informal":0,"pct_internet":25,"pct_celular":62,"pct_televisor":50}},{"type":"Feature","geometry":{"type":"Polygon","coordinates":[[[-63.70193,-13.26977],[-63.70239,-13.27053],[-63.70306,-13.27015],[-63.70265,-13.26939],[-63.70193,-13.26977]]]},"properties":{"n":"BELLA VISTA","p":56,"personas_x_ha":66,"masculinidad":65,"pct_menor20":43,"pct_60mas":7,"pct_migrante":0,"dependencia_econ":184,"pct_empleados":26,"pct_cuentapropia":32,"pct_agricultura":32,"pct_comercio":11,"pct_manufactura":0,"pct_construccion":0,"pct_transporte":0,"pct_alojamiento":11,"pct_sin_educacion":0,"pct_educ_superior":3,"brecha_educ":17,"pct_sin_seguro":4,"pct_sus":69,"pct_seguro_privado":6,"brecha_seguro":-6,"pct_salud_publica":57,"pct_med_tradicional":0,"pct_automedicacion":1,"pct_remedios_caseros":33,"pct_viv_desocupada":0,"pct_alquiler":0,"pct_electricidad":100,"pct_sin_electricidad":0,"pct_agua_red":71,"pct_alcantarillado":14,"pct_camara_septica":14,"pct_pozo_ciego":57,"pct_sin_desague":0,"pct_gas_red":0,"pct_gas_garrafa":71,"pct_lena_guano":71,"pct_basura_formal":14,"pct_basura_quema":86,"pct_basura_informal":0,"pct_internet":14,"pct_celular":71,"pct_televisor":29}},{"type":"Feature","geometry":{"type":"Polygon","coordinates":[[[-63.69639,-13.26897],[-63.69515,-13.26899],[-63.69512,-13.26988],[-63.69653,-13.26983],[-63.69639,-13.26897]]]},"properties":{"n":"BELLA VISTA","p":35,"personas_x_ha":25,"masculinidad":106,"pct_menor20":54,"pct_60mas":6,"pct_migrante":34,"dependencia_econ":162,"pct_empleados":15,"pct_cuentapropia":31,"pct_agricultura":38,"pct_comercio":0,"pct_manufactura":23,"pct_construccion":15,"pct_transporte":0,"pct_alojamiento":0,"pct_sin_educacion":0,"pct_educ_superior":0,"brecha_educ":9,"pct_sin_seguro":6,"pct_sus":69,"pct_seguro_privado":0,"brecha_seguro":0,"pct_salud_publica":42,"pct_med_tradicional":8,"pct_automedicacion":15,"pct_remedios_caseros":28,"pct_viv_desocupada":20,"pct_alquiler":0,"pct_electricidad":100,"pct_sin_electricidad":0,"pct_agua_red":25,"pct_alcantarillado":25,"pct_camara_septica":25,"pct_pozo_ciego":50,"pct_sin_desague":0,"pct_gas_red":0,"pct_gas_garrafa":100,"pct_lena_guano":100,"pct_basura_formal":0,"pct_basura_quema":100,"pct_basura_informal":0,"pct_internet":75,"pct_celular":75,"pct_televisor":50}},{"type":"Feature","geometry":{"type":"Polygon","coordinates":[[[-63.69929,-13.27197],[-63.69915,-13.27102],[-63.69833,-13.27105],[-63.6983,-13.27192],[-63.69929,-13.27197]]]},"properties":{"n":"BELLA VISTA","p":42,"personas_x_ha":41,"masculinidad":162,"pct_menor20":52,"pct_60mas":5,"pct_migrante":5,"dependencia_econ":286,"pct_empleados":43,"pct_cuentapropia":57,"pct_agricultura":71,"pct_comercio":0,"pct_manufactura":0,"pct_construccion":0,"pct_transporte":0,"pct_alojamiento":29,"pct_sin_educacion":8,"pct_educ_superior":23,"brecha_educ":12,"pct_sin_seguro":4,"pct_sus":81,"pct_seguro_privado":0,"brecha_seguro":-8,"pct_salud_publica":32,"pct_med_tradicional":4,"pct_automedicacion":15,"pct_remedios_caseros":36,"pct_viv_desocupada":11,"pct_alquiler":0,"pct_electricidad":100,"pct_sin_electricidad":0,"pct_agua_red":12,"pct_alcantarillado":0,"pct_camara_septica":0,"pct_pozo_ciego":100,"pct_sin_desague":0,"pct_gas_red":0,"pct_gas_garrafa":38,"pct_lena_guano":38,"pct_basura_formal":0,"pct_basura_quema":88,"pct_basura_informal":0,"pct_internet":88,"pct_celular":88,"pct_televisor":25}},{"type":"Feature","geometry":{"type":"Polygon","coordinates":[[[-63.6913,-13.27108],[-63.6912,-13.27085],[-63.69146,-13.27018],[-63.69768,-13.27],[-63.69769,-13.27085],[-63.6913,-13.27108]]]},"properties":{"n":"BELLA VISTA","p":43,"personas_x_ha":6,"masculinidad":139,"pct_menor20":49,"pct_60mas":7,"pct_migrante":28,"dependencia_econ":258,"pct_empleados":25,"pct_cuentapropia":58,"pct_agricultura":33,"pct_comercio":0,"pct_manufactura":0,"pct_construccion":25,"pct_transporte":17,"pct_alojamiento":0,"pct_sin_educacion":0,"pct_educ_superior":18,"brecha_educ":-3,"pct_sin_seguro":3,"pct_sus":79,"pct_seguro_privado":0,"brecha_seguro":4,"pct_salud_publica":87,"pct_med_tradicional":0,"pct_automedicacion":0,"pct_remedios_caseros":0,"pct_viv_desocupada":0,"pct_alquiler":0,"pct_electricidad":100,"pct_sin_electricidad":0,"pct_agua_red":12,"pct_alcantarillado":12,"pct_camara_septica":88,"pct_pozo_ciego":0,"pct_sin_desague":0,"pct_gas_red":0,"pct_gas_garrafa":100,"pct_lena_guano":100,"pct_basura_formal":88,"pct_basura_quema":12,"pct_basura_informal":0,"pct_internet":100,"pct_celular":100,"pct_televisor":100}},{"type":"Feature","geometry":{"type":"Polygon","coordinates":[[[-63.70601,-13.27467],[-63.70535,-13.2751],[-63.70586,-13.27589],[-63.70658,-13.27544],[-63.70601,-13.27467]]]},"properties":{"n":"BELLA VISTA","p":111,"personas_x_ha":118,"masculinidad":109,"pct_menor20":39,"pct_60mas":9,"pct_migrante":27,"dependencia_econ":192,"pct_empleados":19,"pct_cuentapropia":38,"pct_agricultura":8,"pct_comercio":11,"pct_manufactura":22,"pct_construccion":14,"pct_transporte":3,"pct_alojamiento":5,"pct_sin_educacion":0,"pct_educ_superior":36,"brecha_educ":-9,"pct_sin_seguro":31,"pct_sus":47,"pct_seguro_privado":1,"brecha_seguro":3,"pct_salud_publica":40,"pct_med_tradicional":3,"pct_automedicacion":6,"pct_remedios_caseros":24,"pct_viv_desocupada":0,"pct_alquiler":10,"pct_electricidad":100,"pct_sin_electricidad":0,"pct_agua_red":81,"pct_alcantarillado":5,"pct_camara_septica":62,"pct_pozo_ciego":33,"pct_sin_desague":0,"pct_gas_red":0,"pct_gas_garrafa":100,"pct_lena_guano":100,"pct_basura_formal":48,"pct_basura_quema":38,"pct_basura_informal":29,"pct_internet":90,"pct_celular":86,"pct_televisor":76}},{"type":"Feature","geometry":{"type":"Polygon","coordinates":[[[-63.70423,-13.27215],[-63.70365,-13.2725],[-63.70415,-13.27324],[-63.7047,-13.27284],[-63.70423,-13.27215]]]},"properties":{"n":"BELLA VISTA","p":46,"personas_x_ha":62,"masculinidad":156,"pct_menor20":33,"pct_60mas":9,"pct_migrante":28,"dependencia_econ":87,"pct_empleados":22,"pct_cuentapropia":43,"pct_agricultura":17,"pct_comercio":26,"pct_manufactura":13,"pct_construccion":22,"pct_transporte":4,"pct_alojamiento":0,"pct_sin_educacion":0,"pct_educ_superior":29,"brecha_educ":1,"pct_sin_seguro":14,"pct_sus":77,"pct_seguro_privado":0,"brecha_seguro":4,"pct_salud_publica":26,"pct_med_tradicional":7,"pct_automedicacion":20,"pct_remedios_caseros":21,"pct_viv_desocupada":0,"pct_alquiler":11,"pct_electricidad":100,"pct_sin_electricidad":0,"pct_agua_red":89,"pct_alcantarillado":44,"pct_camara_septica":11,"pct_pozo_ciego":44,"pct_sin_desague":0,"pct_gas_red":0,"pct_gas_garrafa":100,"pct_lena_guano":100,"pct_basura_formal":0,"pct_basura_quema":56,"pct_basura_informal":89,"pct_internet":67,"pct_celular":78,"pct_televisor":78}},{"type":"Feature","geometry":{"type":"Polygon","coordinates":[[[-63.70738,-13.2727],[-63.70656,-13.27325],[-63.70696,-13.27389],[-63.7078,-13.27337],[-63.70738,-13.2727]]]},"properties":{"n":"BELLA VISTA","p":83,"personas_x_ha":88,"masculinidad":118,"pct_menor20":36,"pct_60mas":14,"pct_migrante":28,"dependencia_econ":91,"pct_empleados":16,"pct_cuentapropia":42,"pct_agricultura":26,"pct_comercio":9,"pct_manufactura":7,"pct_construccion":7,"pct_transporte":0,"pct_alojamiento":7,"pct_sin_educacion":0,"pct_educ_superior":36,"brecha_educ":-13,"pct_sin_seguro":11,"pct_sus":78,"pct_seguro_privado":0,"brecha_seguro":11,"pct_salud_publica":48,"pct_med_tradicional":12,"pct_automedicacion":1,"pct_remedios_caseros":29,"pct_viv_desocupada":0,"pct_alquiler":14,"pct_electricidad":100,"pct_sin_electricidad":0,"pct_agua_red":21,"pct_alcantarillado":0,"pct_camara_septica":14,"pct_pozo_ciego":86,"pct_sin_desague":0,"pct_gas_red":0,"pct_gas_garrafa":86,"pct_lena_guano":86,"pct_basura_formal":7,"pct_basura_quema":79,"pct_basura_informal":29,"pct_internet":86,"pct_celular":100,"pct_televisor":64}},{"type":"Feature","geometry":{"type":"Polygon","coordinates":[[[-63.70214,-13.27214],[-63.7014,-13.27256],[-63.70138,-13.27267],[-63.70186,-13.27343],[-63.70264,-13.27297],[-63.70214,-13.27214]]]},"properties":{"n":"BELLA VISTA","p":118,"personas_x_ha":109,"masculinidad":107,"pct_menor20":53,"pct_60mas":3,"pct_migrante":16,"dependencia_econ":139,"pct_empleados":27,"pct_cuentapropia":55,"pct_agricultura":20,"pct_comercio":29,"pct_manufactura":0,"pct_construccion":10,"pct_transporte":2,"pct_alojamiento":12,"pct_sin_educacion":0,"pct_educ_superior":18,"brecha_educ":-1,"pct_sin_seguro":14,"pct_sus":81,"pct_seguro_privado":2,"brecha_seguro":16,"pct_salud_publica":37,"pct_med_tradicional":9,"pct_automedicacion":10,"pct_remedios_caseros":30,"pct_viv_desocupada":0,"pct_alquiler":17,"pct_electricidad":100,"pct_sin_electricidad":0,"pct_agua_red":25,"pct_alcantarillado":8,"pct_camara_septica":17,"pct_pozo_ciego":33,"pct_sin_desague":0,"pct_gas_red":0,"pct_gas_garrafa":92,"pct_lena_guano":92,"pct_basura_formal":0,"pct_basura_quema":92,"pct_basura_informal":0,"pct_internet":83,"pct_celular":83,"pct_televisor":25}},{"type":"Feature","geometry":{"type":"Polygon","coordinates":[[[-63.70245,-13.27427],[-63.70317,-13.27384],[-63.70276,-13.27312],[-63.70203,-13.27353],[-63.70245,-13.27427]]]},"properties":{"n":"BELLA VISTA","p":35,"personas_x_ha":39,"masculinidad":133,"pct_menor20":20,"pct_60mas":23,"pct_migrante":9,"dependencia_econ":84,"pct_empleados":21,"pct_cuentapropia":16,"pct_agricultura":42,"pct_comercio":11,"pct_manufactura":21,"pct_construccion":11,"pct_transporte":0,"pct_alojamiento":0,"pct_sin_educacion":0,"pct_educ_superior":38,"brecha_educ":26,"pct_sin_seguro":32,"pct_sus":56,"pct_seguro_privado":0,"brecha_seguro":-2,"pct_salud_publica":42,"pct_med_tradicional":0,"pct_automedicacion":0,"pct_remedios_caseros":42,"pct_viv_desocupada":10,"pct_alquiler":11,"pct_electricidad":89,"pct_sin_electricidad":11,"pct_agua_red":33,"pct_alcantarillado":0,"pct_camara_septica":56,"pct_pozo_ciego":0,"pct_sin_desague":0,"pct_gas_red":0,"pct_gas_garrafa":100,"pct_lena_guano":100,"pct_basura_formal":22,"pct_basura_quema":67,"pct_basura_informal":0,"pct_internet":78,"pct_celular":100,"pct_televisor":100}},{"type":"Feature","geometry":{"type":"Polygon","coordinates":[[[-63.70684,-13.27148],[-63.70757,-13.271],[-63.70712,-13.27024],[-63.70633,-13.27069],[-63.70684,-13.27148]]]},"properties":{"n":"BELLA VISTA","p":108,"personas_x_ha":105,"masculinidad":96,"pct_menor20":36,"pct_60mas":8,"pct_migrante":18,"dependencia_econ":128,"pct_empleados":13,"pct_cuentapropia":53,"pct_agricultura":26,"pct_comercio":11,"pct_manufactura":15,"pct_construccion":6,"pct_transporte":0,"pct_alojamiento":9,"pct_sin_educacion":3,"pct_educ_superior":22,"brecha_educ":2,"pct_sin_seguro":32,"pct_sus":55,"pct_seguro_privado":0,"brecha_seguro":16,"pct_salud_publica":51,"pct_med_tradicional":2,"pct_automedicacion":5,"pct_remedios_caseros":25,"pct_viv_desocupada":0,"pct_alquiler":0,"pct_electricidad":100,"pct_sin_electricidad":0,"pct_agua_red":14,"pct_alcantarillado":7,"pct_camara_septica":14,"pct_pozo_ciego":43,"pct_sin_desague":0,"pct_gas_red":0,"pct_gas_garrafa":93,"pct_lena_guano":93,"pct_basura_formal":0,"pct_basura_quema":100,"pct_basura_informal":0,"pct_internet":36,"pct_celular":71,"pct_televisor":57}},{"type":"Feature","geometry":{"type":"Polygon","coordinates":[[[-63.70356,-13.27611],[-63.70431,-13.27566],[-63.70387,-13.27492],[-63.70309,-13.27542],[-63.70356,-13.27611]]]},"properties":{"n":"BELLA VISTA","p":58,"personas_x_ha":63,"masculinidad":142,"pct_menor20":53,"pct_60mas":3,"pct_migrante":14,"dependencia_econ":222,"pct_empleados":33,"pct_cuentapropia":33,"pct_agricultura":44,"pct_comercio":6,"pct_manufactura":17,"pct_construccion":22,"pct_transporte":6,"pct_alojamiento":0,"pct_sin_educacion":4,"pct_educ_superior":15,"brecha_educ":-10,"pct_sin_seguro":11,"pct_sus":77,"pct_seguro_privado":0,"brecha_seguro":10,"pct_salud_publica":22,"pct_med_tradicional":18,"pct_automedicacion":19,"pct_remedios_caseros":20,"pct_viv_desocupada":0,"pct_alquiler":0,"pct_electricidad":100,"pct_sin_electricidad":0,"pct_agua_red":67,"pct_alcantarillado":0,"pct_camara_septica":50,"pct_pozo_ciego":33,"pct_sin_desague":17,"pct_gas_red":0,"pct_gas_garrafa":67,"pct_lena_guano":67,"pct_basura_formal":17,"pct_basura_quema":50,"pct_basura_informal":0,"pct_internet":100,"pct_celular":100,"pct_televisor":83}},{"type":"Feature","geometry":{"type":"Polygon","coordinates":[[[-63.70364,-13.2762],[-63.70421,-13.27711],[-63.70488,-13.2768],[-63.70478,-13.2766],[-63.70494,-13.27651],[-63.7044,-13.27572],[-63.70364,-13.2762]]]},"properties":{"n":"BELLA VISTA","p":65,"personas_x_ha":53,"masculinidad":71,"pct_menor20":58,"pct_60mas":14,"pct_migrante":8,"dependencia_econ":261,"pct_empleados":28,"pct_cuentapropia":33,"pct_agricultura":22,"pct_comercio":17,"pct_manufactura":17,"pct_construccion":11,"pct_transporte":0,"pct_alojamiento":0,"pct_sin_educacion":0,"pct_educ_superior":22,"brecha_educ":-12,"pct_sin_seguro":2,"pct_sus":98,"pct_seguro_privado":0,"brecha_seguro":-3,"pct_salud_publica":54,"pct_med_tradicional":8,"pct_automedicacion":8,"pct_remedios_caseros":23,"pct_viv_desocupada":0,"pct_alquiler":17,"pct_electricidad":100,"pct_sin_electricidad":0,"pct_agua_red":17,"pct_alcantarillado":0,"pct_camara_septica":0,"pct_pozo_ciego":100,"pct_sin_desague":0,"pct_gas_red":0,"pct_gas_garrafa":67,"pct_lena_guano":67,"pct_basura_formal":0,"pct_basura_quema":100,"pct_basura_informal":0,"pct_internet":83,"pct_celular":100,"pct_televisor":33}},{"type":"Feature","geometry":{"type":"Polygon","coordinates":[[[-63.70454,-13.26825],[-63.70413,-13.26756],[-63.70322,-13.26798],[-63.7032,-13.26806],[-63.70353,-13.2686],[-63.7038,-13.26835],[-63.70354,-13.26862],[-63.70365,-13.26879],[-63.70454,-13.26825]]]},"properties":{"n":"BELLA VISTA","p":45,"personas_x_ha":42,"masculinidad":96,"pct_menor20":60,"pct_60mas":0,"pct_migrante":29,"dependencia_econ":175,"pct_empleados":31,"pct_cuentapropia":56,"pct_agricultura":75,"pct_comercio":0,"pct_manufactura":0,"pct_construccion":6,"pct_transporte":0,"pct_alojamiento":6,"pct_sin_educacion":0,"pct_educ_superior":12,"brecha_educ":11,"pct_sin_seguro":16,"pct_sus":74,"pct_seguro_privado":0,"brecha_seguro":4,"pct_salud_publica":23,"pct_med_tradicional":8,"pct_automedicacion":23,"pct_remedios_caseros":25,"pct_viv_desocupada":0,"pct_alquiler":0,"pct_electricidad":75,"pct_sin_electricidad":25,"pct_agua_red":12,"pct_alcantarillado":0,"pct_camara_septica":12,"pct_pozo_ciego":12,"pct_sin_desague":0,"pct_gas_red":0,"pct_gas_garrafa":62,"pct_lena_guano":62,"pct_basura_formal":0,"pct_basura_quema":100,"pct_basura_informal":0,"pct_internet":62,"pct_celular":62,"pct_televisor":38}},{"type":"Feature","geometry":{"type":"Polygon","coordinates":[[[-63.70822,-13.27411],[-63.70822,-13.274],[-63.70787,-13.27346],[-63.70704,-13.27399],[-63.70755,-13.27481],[-63.70773,-13.27472],[-63.70822,-13.27411]]]},"properties":{"n":"BELLA VISTA","p":104,"personas_x_ha":99,"masculinidad":79,"pct_menor20":39,"pct_60mas":14,"pct_migrante":11,"dependencia_econ":381,"pct_empleados":24,"pct_cuentapropia":33,"pct_agricultura":14,"pct_comercio":19,"pct_manufactura":19,"pct_construccion":0,"pct_transporte":10,"pct_alojamiento":5,"pct_sin_educacion":2,"pct_educ_superior":17,"brecha_educ":10,"pct_sin_seguro":13,"pct_sus":82,"pct_seguro_privado":0,"brecha_seguro":-1,"pct_salud_publica":48,"pct_med_tradicional":2,"pct_automedicacion":5,"pct_remedios_caseros":36,"pct_viv_desocupada":0,"pct_alquiler":12,"pct_electricidad":100,"pct_sin_electricidad":0,"pct_agua_red":18,"pct_alcantarillado":12,"pct_camara_septica":35,"pct_pozo_ciego":53,"pct_sin_desague":0,"pct_gas_red":0,"pct_gas_garrafa":94,"pct_lena_guano":94,"pct_basura_formal":12,"pct_basura_quema":41,"pct_basura_informal":94,"pct_internet":53,"pct_celular":65,"pct_televisor":59}},{"type":"Feature","geometry":{"type":"Polygon","coordinates":[[[-63.70697,-13.27165],[-63.70741,-13.2724],[-63.7082,-13.2719],[-63.70769,-13.27117],[-63.70697,-13.27165]]]},"properties":{"n":"BELLA VISTA","p":105,"personas_x_ha":105,"masculinidad":106,"pct_menor20":38,"pct_60mas":8,"pct_migrante":20,"dependencia_econ":145,"pct_empleados":52,"pct_cuentapropia":40,"pct_agricultura":21,"pct_comercio":17,"pct_manufactura":10,"pct_construccion":14,"pct_transporte":10,"pct_alojamiento":12,"pct_sin_educacion":3,"pct_educ_superior":10,"brecha_educ":7,"pct_sin_seguro":11,"pct_sus":85,"pct_seguro_privado":0,"brecha_seguro":5,"pct_salud_publica":39,"pct_med_tradicional":8,"pct_automedicacion":5,"pct_remedios_caseros":31,"pct_viv_desocupada":0,"pct_alquiler":0,"pct_electricidad":100,"pct_sin_electricidad":0,"pct_agua_red":31,"pct_alcantarillado":0,"pct_camara_septica":0,"pct_pozo_ciego":77,"pct_sin_desague":8,"pct_gas_red":0,"pct_gas_garrafa":62,"pct_lena_guano":62,"pct_basura_formal":8,"pct_basura_quema":69,"pct_basura_informal":46,"pct_internet":92,"pct_celular":100,"pct_televisor":69}},{"type":"Feature","geometry":{"type":"Polygon","coordinates":[[[-63.70225,-13.27445],[-63.70182,-13.27373],[-63.70114,-13.27411],[-63.7016,-13.27484],[-63.70225,-13.27445]]]},"properties":{"n":"BELLA VISTA","p":58,"personas_x_ha":72,"masculinidad":49,"pct_menor20":48,"pct_60mas":2,"pct_migrante":28,"dependencia_econ":430,"pct_empleados":20,"pct_cuentapropia":40,"pct_agricultura":20,"pct_comercio":20,"pct_manufactura":0,"pct_construccion":40,"pct_transporte":0,"pct_alojamiento":0,"pct_sin_educacion":0,"pct_educ_superior":8,"brecha_educ":2,"pct_sin_seguro":15,"pct_sus":83,"pct_seguro_privado":0,"brecha_seguro":21,"pct_salud_publica":34,"pct_med_tradicional":5,"pct_automedicacion":15,"pct_remedios_caseros":28,"pct_viv_desocupada":9,"pct_alquiler":0,"pct_electricidad":100,"pct_sin_electricidad":0,"pct_agua_red":10,"pct_alcantarillado":0,"pct_camara_septica":30,"pct_pozo_ciego":40,"pct_sin_desague":10,"pct_gas_red":0,"pct_gas_garrafa":70,"pct_lena_guano":70,"pct_basura_formal":0,"pct_basura_quema":100,"pct_basura_informal":0,"pct_internet":100,"pct_celular":100,"pct_televisor":100}},{"type":"Feature","geometry":{"type":"Polygon","coordinates":[[[-63.70631,-13.27316],[-63.7058,-13.27242],[-63.70498,-13.27292],[-63.70551,-13.27371],[-63.70631,-13.27316]]]},"properties":{"n":"BELLA VISTA","p":128,"personas_x_ha":115,"masculinidad":71,"pct_menor20":47,"pct_60mas":4,"pct_migrante":30,"dependencia_econ":186,"pct_empleados":20,"pct_cuentapropia":50,"pct_agricultura":30,"pct_comercio":23,"pct_manufactura":7,"pct_construccion":2,"pct_transporte":2,"pct_alojamiento":5,"pct_sin_educacion":0,"pct_educ_superior":26,"brecha_educ":-5,"pct_sin_seguro":2,"pct_sus":87,"pct_seguro_privado":0,"brecha_seguro":1,"pct_salud_publica":49,"pct_med_tradicional":6,"pct_automedicacion":9,"pct_remedios_caseros":16,"pct_viv_desocupada":0,"pct_alquiler":0,"pct_electricidad":96,"pct_sin_electricidad":4,"pct_agua_red":57,"pct_alcantarillado":9,"pct_camara_septica":39,"pct_pozo_ciego":39,"pct_sin_desague":0,"pct_gas_red":0,"pct_gas_garrafa":96,"pct_lena_guano":96,"pct_basura_formal":13,"pct_basura_quema":57,"pct_basura_informal":52,"pct_internet":87,"pct_celular":91,"pct_televisor":57}},{"type":"Feature","geometry":{"type":"Polygon","coordinates":[[[-63.69717,-13.27195],[-63.69715,-13.27111],[-63.69173,-13.27134],[-63.69172,-13.27205],[-63.69717,-13.27195]]]},"properties":{"n":"BELLA VISTA","p":16,"personas_x_ha":3,"masculinidad":100,"pct_menor20":25,"pct_60mas":12,"pct_migrante":6,"dependencia_econ":60,"pct_empleados":40,"pct_cuentapropia":60,"pct_agricultura":30,"pct_comercio":20,"pct_manufactura":20,"pct_construccion":10,"pct_transporte":0,"pct_alojamiento":0,"pct_sin_educacion":0,"pct_educ_superior":33,"brecha_educ":12,"pct_sin_seguro":0,"pct_sus":94,"pct_seguro_privado":0,"brecha_seguro":0,"pct_salud_publica":88,"pct_med_tradicional":0,"pct_automedicacion":6,"pct_remedios_caseros":0,"pct_viv_desocupada":11,"pct_alquiler":0,"pct_electricidad":100,"pct_sin_electricidad":0,"pct_agua_red":62,"pct_alcantarillado":0,"pct_camara_septica":38,"pct_pozo_ciego":62,"pct_sin_desague":0,"pct_gas_red":0,"pct_gas_garrafa":100,"pct_lena_guano":100,"pct_basura_formal":0,"pct_basura_quema":100,"pct_basura_informal":0,"pct_internet":75,"pct_celular":88,"pct_televisor":62}},{"type":"Feature","geometry":{"type":"Polygon","coordinates":[[[-63.7058,-13.27598],[-63.70525,-13.27516],[-63.70451,-13.27565],[-63.70501,-13.2765],[-63.7058,-13.27598]]]},"properties":{"n":"BELLA VISTA","p":101,"personas_x_ha":94,"masculinidad":87,"pct_menor20":41,"pct_60mas":7,"pct_migrante":29,"dependencia_econ":146,"pct_empleados":34,"pct_cuentapropia":56,"pct_agricultura":22,"pct_comercio":17,"pct_manufactura":12,"pct_construccion":5,"pct_transporte":0,"pct_alojamiento":0,"pct_sin_educacion":5,"pct_educ_superior":31,"brecha_educ":-9,"pct_sin_seguro":9,"pct_sus":69,"pct_seguro_privado":0,"brecha_seguro":-9,"pct_salud_publica":40,"pct_med_tradicional":6,"pct_automedicacion":7,"pct_remedios_caseros":30,"pct_viv_desocupada":0,"pct_alquiler":20,"pct_electricidad":100,"pct_sin_electricidad":0,"pct_agua_red":93,"pct_alcantarillado":7,"pct_camara_septica":67,"pct_pozo_ciego":20,"pct_sin_desague":0,"pct_gas_red":0,"pct_gas_garrafa":80,"pct_lena_guano":80,"pct_basura_formal":47,"pct_basura_quema":53,"pct_basura_informal":0,"pct_internet":67,"pct_celular":93,"pct_televisor":87}},{"type":"Feature","geometry":{"type":"Polygon","coordinates":[[[-63.69905,-13.27391],[-63.69923,-13.27215],[-63.69829,-13.27214],[-63.69817,-13.2739],[-63.69905,-13.27391]]]},"properties":{"n":"BELLA VISTA","p":35,"personas_x_ha":18,"masculinidad":75,"pct_menor20":54,"pct_60mas":6,"pct_migrante":3,"dependencia_econ":1650,"pct_empleados":0,"pct_cuentapropia":50,"pct_agricultura":100,"pct_comercio":0,"pct_manufactura":0,"pct_construccion":0,"pct_transporte":0,"pct_alojamiento":0,"pct_sin_educacion":0,"pct_educ_superior":6,"brecha_educ":6,"pct_sin_seguro":0,"pct_sus":100,"pct_seguro_privado":0,"brecha_seguro":0,"pct_salud_publica":100,"pct_med_tradicional":0,"pct_automedicacion":0,"pct_remedios_caseros":0,"pct_viv_desocupada":29,"pct_alquiler":20,"pct_electricidad":100,"pct_sin_electricidad":0,"pct_agua_red":20,"pct_alcantarillado":20,"pct_camara_septica":0,"pct_pozo_ciego":20,"pct_sin_desague":0,"pct_gas_red":0,"pct_gas_garrafa":80,"pct_lena_guano":80,"pct_basura_formal":0,"pct_basura_quema":80,"pct_basura_informal":0,"pct_internet":0,"pct_celular":80,"pct_televisor":40}},{"type":"Feature","geometry":{"type":"Polygon","coordinates":[[[-64.06413,-13.26426],[-64.06321,-13.26407],[-64.06292,-13.26495],[-64.06387,-13.26515],[-64.06413,-13.26426]]]},"properties":{"n":"MAGDALENA","p":62,"personas_x_ha":59,"masculinidad":68,"pct_menor20":53,"pct_60mas":6,"pct_migrante":10,"dependencia_econ":135,"pct_empleados":31,"pct_cuentapropia":38,"pct_agricultura":23,"pct_comercio":15,"pct_manufactura":12,"pct_construccion":8,"pct_transporte":0,"pct_alojamiento":19,"pct_sin_educacion":6,"pct_educ_superior":16,"brecha_educ":5,"pct_sin_seguro":7,"pct_sus":90,"pct_seguro_privado":0,"brecha_seguro":16,"pct_salud_publica":53,"pct_med_tradicional":0,"pct_automedicacion":7,"pct_remedios_caseros":28,"pct_viv_desocupada":0,"pct_alquiler":0,"pct_electricidad":100,"pct_sin_electricidad":0,"pct_agua_red":15,"pct_alcantarillado":0,"pct_camara_septica":38,"pct_pozo_ciego":15,"pct_sin_desague":0,"pct_gas_red":0,"pct_gas_garrafa":46,"pct_lena_guano":46,"pct_basura_formal":69,"pct_basura_quema":31,"pct_basura_informal":0,"pct_internet":100,"pct_celular":100,"pct_televisor":69}},{"type":"Feature","geometry":{"type":"Polygon","coordinates":[[[-64.0516,-13.25287],[-64.05149,-13.25377],[-64.05243,-13.25392],[-64.05255,-13.25299],[-64.0516,-13.25287]]]},"properties":{"n":"MAGDALENA","p":18,"personas_x_ha":16,"masculinidad":125,"pct_menor20":28,"pct_60mas":6,"pct_migrante":17,"dependencia_econ":100,"pct_empleados":44,"pct_cuentapropia":56,"pct_agricultura":22,"pct_comercio":11,"pct_manufactura":0,"pct_construccion":44,"pct_transporte":0,"pct_alojamiento":0,"pct_sin_educacion":0,"pct_educ_superior":0,"brecha_educ":29,"pct_sin_seguro":11,"pct_sus":89,"pct_seguro_privado":0,"brecha_seguro":20,"pct_salud_publica":90,"pct_med_tradicional":0,"pct_automedicacion":0,"pct_remedios_caseros":0,"pct_viv_desocupada":0,"pct_alquiler":0,"pct_electricidad":86,"pct_sin_electricidad":14,"pct_agua_red":29,"pct_alcantarillado":0,"pct_camara_septica":43,"pct_pozo_ciego":57,"pct_sin_desague":0,"pct_gas_red":0,"pct_gas_garrafa":71,"pct_lena_guano":71,"pct_basura_formal":57,"pct_basura_quema":43,"pct_basura_informal":0,"pct_internet":43,"pct_celular":57,"pct_televisor":71}},{"type":"Feature","geometry":{"type":"Polygon","coordinates":[[[-64.0588,-13.26413],[-64.05897,-13.26317],[-64.05735,-13.26285],[-64.05715,-13.2638],[-64.0588,-13.26413]]]},"properties":{"n":"MAGDALENA","p":55,"personas_x_ha":28,"masculinidad":96,"pct_menor20":25,"pct_60mas":20,"pct_migrante":24,"dependencia_econ":59,"pct_empleados":26,"pct_cuentapropia":47,"pct_agricultura":18,"pct_comercio":9,"pct_manufactura":12,"pct_construccion":3,"pct_transporte":0,"pct_alojamiento":24,"pct_sin_educacion":0,"pct_educ_superior":33,"brecha_educ":11,"pct_sin_seguro":24,"pct_sus":54,"pct_seguro_privado":2,"brecha_seguro":28,"pct_salud_publica":39,"pct_med_tradicional":7,"pct_automedicacion":8,"pct_remedios_caseros":31,"pct_viv_desocupada":13,"pct_alquiler":17,"pct_electricidad":100,"pct_sin_electricidad":0,"pct_agua_red":78,"pct_alcantarillado":4,"pct_camara_septica":43,"pct_pozo_ciego":39,"pct_sin_desague":13,"pct_gas_red":0,"pct_gas_garrafa":70,"pct_lena_guano":70,"pct_basura_formal":87,"pct_basura_quema":13,"pct_basura_informal":0,"pct_internet":87,"pct_celular":91,"pct_televisor":78}},{"type":"Feature","geometry":{"type":"Polygon","coordinates":[[[-64.05506,-13.25672],[-64.05376,-13.25649],[-64.05355,-13.25764],[-64.05486,-13.25784],[-64.05506,-13.25672]]]},"properties":{"n":"MAGDALENA","p":99,"personas_x_ha":53,"masculinidad":102,"pct_menor20":44,"pct_60mas":8,"pct_migrante":27,"dependencia_econ":182,"pct_empleados":38,"pct_cuentapropia":35,"pct_agricultura":15,"pct_comercio":24,"pct_manufactura":12,"pct_construccion":12,"pct_transporte":6,"pct_alojamiento":12,"pct_sin_educacion":2,"pct_educ_superior":19,"brecha_educ":-12,"pct_sin_seguro":14,"pct_sus":84,"pct_seguro_privado":0,"brecha_seguro":-3,"pct_salud_publica":66,"pct_med_tradicional":2,"pct_automedicacion":2,"pct_remedios_caseros":24,"pct_viv_desocupada":0,"pct_alquiler":14,"pct_electricidad":100,"pct_sin_electricidad":0,"pct_agua_red":76,"pct_alcantarillado":19,"pct_camara_septica":38,"pct_pozo_ciego":29,"pct_sin_desague":5,"pct_gas_red":0,"pct_gas_garrafa":57,"pct_lena_guano":57,"pct_basura_formal":90,"pct_basura_quema":10,"pct_basura_informal":0,"pct_internet":71,"pct_celular":76,"pct_televisor":43}},{"type":"Feature","geometry":{"type":"Polygon","coordinates":[[[-64.05668,-13.26498],[-64.0557,-13.26473],[-64.05594,-13.26364],[-64.05695,-13.26386],[-64.05668,-13.26498]]]},"properties":{"n":"MAGDALENA","p":109,"personas_x_ha":78,"masculinidad":132,"pct_menor20":36,"pct_60mas":15,"pct_migrante":31,"dependencia_econ":160,"pct_empleados":21,"pct_cuentapropia":45,"pct_agricultura":10,"pct_comercio":29,"pct_manufactura":5,"pct_construccion":5,"pct_transporte":12,"pct_alojamiento":7,"pct_sin_educacion":1,"pct_educ_superior":29,"brecha_educ":-6,"pct_sin_seguro":15,"pct_sus":62,"pct_seguro_privado":0,"brecha_seguro":0,"pct_salud_publica":24,"pct_med_tradicional":9,"pct_automedicacion":17,"pct_remedios_caseros":23,"pct_viv_desocupada":10,"pct_alquiler":8,"pct_electricidad":100,"pct_sin_electricidad":0,"pct_agua_red":88,"pct_alcantarillado":0,"pct_camara_septica":38,"pct_pozo_ciego":62,"pct_sin_desague":0,"pct_gas_red":0,"pct_gas_garrafa":88,"pct_lena_guano":88,"pct_basura_formal":96,"pct_basura_quema":4,"pct_basura_informal":0,"pct_internet":88,"pct_celular":96,"pct_televisor":85}},{"type":"Feature","geometry":{"type":"Polygon","coordinates":[[[-64.05557,-13.26036],[-64.05567,-13.25963],[-64.05461,-13.25947],[-64.05439,-13.26074],[-64.05545,-13.2609],[-64.05556,-13.26041],[-64.05518,-13.26035],[-64.0552,-13.2603],[-64.05557,-13.26036]]]},"properties":{"n":"MAGDALENA","p":57,"personas_x_ha":34,"masculinidad":90,"pct_menor20":46,"pct_60mas":5,"pct_migrante":49,"dependencia_econ":100,"pct_empleados":7,"pct_cuentapropia":64,"pct_agricultura":18,"pct_comercio":32,"pct_manufactura":7,"pct_construccion":4,"pct_transporte":0,"pct_alojamiento":7,"pct_sin_educacion":0,"pct_educ_superior":27,"brecha_educ":-1,"pct_sin_seguro":24,"pct_sus":71,"pct_seguro_privado":0,"brecha_seguro":3,"pct_salud_publica":77,"pct_med_tradicional":0,"pct_automedicacion":2,"pct_remedios_caseros":3,"pct_viv_desocupada":13,"pct_alquiler":54,"pct_electricidad":100,"pct_sin_electricidad":0,"pct_agua_red":69,"pct_alcantarillado":8,"pct_camara_septica":54,"pct_pozo_ciego":38,"pct_sin_desague":0,"pct_gas_red":0,"pct_gas_garrafa":100,"pct_lena_guano":100,"pct_basura_formal":92,"pct_basura_quema":8,"pct_basura_informal":0,"pct_internet":69,"pct_celular":100,"pct_televisor":92}},{"type":"Feature","geometry":{"type":"Polygon","coordinates":[[[-64.05091,-13.25602],[-64.05002,-13.25588],[-64.04987,-13.25692],[-64.05073,-13.2571],[-64.05091,-13.25602]]]},"properties":{"n":"MAGDALENA","p":30,"personas_x_ha":26,"masculinidad":100,"pct_menor20":37,"pct_60mas":13,"pct_migrante":13,"dependencia_econ":76,"pct_empleados":18,"pct_cuentapropia":71,"pct_agricultura":35,"pct_comercio":24,"pct_manufactura":18,"pct_construccion":12,"pct_transporte":0,"pct_alojamiento":6,"pct_sin_educacion":11,"pct_educ_superior":0,"brecha_educ":-28,"pct_sin_seguro":13,"pct_sus":87,"pct_seguro_privado":0,"brecha_seguro":0,"pct_salud_publica":45,"pct_med_tradicional":2,"pct_automedicacion":17,"pct_remedios_caseros":25,"pct_viv_desocupada":7,"pct_alquiler":15,"pct_electricidad":100,"pct_sin_electricidad":0,"pct_agua_red":46,"pct_alcantarillado":8,"pct_camara_septica":15,"pct_pozo_ciego":77,"pct_sin_desague":0,"pct_gas_red":0,"pct_gas_garrafa":100,"pct_lena_guano":100,"pct_basura_formal":54,"pct_basura_quema":46,"pct_basura_informal":0,"pct_internet":62,"pct_celular":85,"pct_televisor":92}},{"type":"Feature","geometry":{"type":"Polygon","coordinates":[[[-64.05952,-13.25743],[-64.05877,-13.25733],[-64.05852,-13.25849],[-64.05939,-13.25864],[-64.05952,-13.25743]]]},"properties":{"n":"MAGDALENA","p":78,"personas_x_ha":65,"masculinidad":111,"pct_menor20":53,"pct_60mas":1,"pct_migrante":15,"dependencia_econ":255,"pct_empleados":50,"pct_cuentapropia":23,"pct_agricultura":32,"pct_comercio":5,"pct_manufactura":32,"pct_construccion":5,"pct_transporte":0,"pct_alojamiento":5,"pct_sin_educacion":0,"pct_educ_superior":27,"brecha_educ":7,"pct_sin_seguro":6,"pct_sus":87,"pct_seguro_privado":0,"brecha_seguro":-3,"pct_salud_publica":50,"pct_med_tradicional":5,"pct_automedicacion":10,"pct_remedios_caseros":20,"pct_viv_desocupada":0,"pct_alquiler":13,"pct_electricidad":100,"pct_sin_electricidad":0,"pct_agua_red":40,"pct_alcantarillado":13,"pct_camara_septica":27,"pct_pozo_ciego":60,"pct_sin_desague":0,"pct_gas_red":0,"pct_gas_garrafa":80,"pct_lena_guano":80,"pct_basura_formal":93,"pct_basura_quema":7,"pct_basura_informal":0,"pct_internet":67,"pct_celular":93,"pct_televisor":80}},{"type":"Feature","geometry":{"type":"Polygon","coordinates":[[[-64.05886,-13.25623],[-64.0577,-13.25601],[-64.0575,-13.25693],[-64.05866,-13.25714],[-64.05886,-13.25623]]]},"properties":{"n":"MAGDALENA","p":21,"personas_x_ha":16,"masculinidad":200,"pct_menor20":43,"pct_60mas":10,"pct_migrante":24,"dependencia_econ":110,"pct_empleados":40,"pct_cuentapropia":60,"pct_agricultura":60,"pct_comercio":0,"pct_manufactura":0,"pct_construccion":30,"pct_transporte":0,"pct_alojamiento":0,"pct_sin_educacion":0,"pct_educ_superior":0,"brecha_educ":-22,"pct_sin_seguro":44,"pct_sus":56,"pct_seguro_privado":0,"brecha_seguro":3,"pct_salud_publica":31,"pct_med_tradicional":11,"pct_automedicacion":15,"pct_remedios_caseros":27,"pct_viv_desocupada":0,"pct_alquiler":25,"pct_electricidad":100,"pct_sin_electricidad":0,"pct_agua_red":38,"pct_alcantarillado":0,"pct_camara_septica":12,"pct_pozo_ciego":75,"pct_sin_desague":12,"pct_gas_red":0,"pct_gas_garrafa":75,"pct_lena_guano":75,"pct_basura_formal":75,"pct_basura_quema":25,"pct_basura_informal":0,"pct_internet":38,"pct_celular":88,"pct_televisor":88}},{"type":"Feature","geometry":{"type":"Polygon","coordinates":[[[-64.05792,-13.26004],[-64.05827,-13.25865],[-64.05715,-13.25843],[-64.05687,-13.25976],[-64.05792,-13.26004]]]},"properties":{"n":"MAGDALENA","p":88,"personas_x_ha":46,"masculinidad":151,"pct_menor20":43,"pct_60mas":8,"pct_migrante":23,"dependencia_econ":123,"pct_empleados":23,"pct_cuentapropia":54,"pct_agricultura":28,"pct_comercio":18,"pct_manufactura":15,"pct_construccion":8,"pct_transporte":5,"pct_alojamiento":13,"pct_sin_educacion":0,"pct_educ_superior":22,"brecha_educ":12,"pct_sin_seguro":4,"pct_sus":95,"pct_seguro_privado":0,"brecha_seguro":6,"pct_salud_publica":45,"pct_med_tradicional":5,"pct_automedicacion":16,"pct_remedios_caseros":26,"pct_viv_desocupada":4,"pct_alquiler":23,"pct_electricidad":100,"pct_sin_electricidad":0,"pct_agua_red":64,"pct_alcantarillado":18,"pct_camara_septica":64,"pct_pozo_ciego":14,"pct_sin_desague":0,"pct_gas_red":0,"pct_gas_garrafa":68,"pct_lena_guano":68,"pct_basura_formal":77,"pct_basura_quema":23,"pct_basura_informal":0,"pct_internet":64,"pct_celular":68,"pct_televisor":55}},{"type":"Feature","geometry":{"type":"Polygon","coordinates":[[[-64.05776,-13.26129],[-64.05939,-13.26156],[-64.06086,-13.25903],[-64.05844,-13.25864],[-64.05776,-13.26129]]]},"properties":{"n":"MAGDALENA","p":109,"personas_x_ha":16,"masculinidad":76,"pct_menor20":48,"pct_60mas":15,"pct_migrante":25,"dependencia_econ":163,"pct_empleados":32,"pct_cuentapropia":34,"pct_agricultura":24,"pct_comercio":12,"pct_manufactura":10,"pct_construccion":12,"pct_transporte":2,"pct_alojamiento":12,"pct_sin_educacion":3,"pct_educ_superior":10,"brecha_educ":-12,"pct_sin_seguro":0,"pct_sus":93,"pct_seguro_privado":4,"brecha_seguro":0,"pct_salud_publica":52,"pct_med_tradicional":1,"pct_automedicacion":2,"pct_remedios_caseros":36,"pct_viv_desocupada":17,"pct_alquiler":0,"pct_electricidad":100,"pct_sin_electricidad":0,"pct_agua_red":48,"pct_alcantarillado":17,"pct_camara_septica":26,"pct_pozo_ciego":30,"pct_sin_desague":4,"pct_gas_red":0,"pct_gas_garrafa":48,"pct_lena_guano":48,"pct_basura_formal":78,"pct_basura_quema":17,"pct_basura_informal":0,"pct_internet":78,"pct_celular":87,"pct_televisor":74}},{"type":"Feature","geometry":{"type":"Polygon","coordinates":[[[-64.05188,-13.24961],[-64.05097,-13.24948],[-64.05082,-13.25037],[-64.05175,-13.25052],[-64.05188,-13.24961]]]},"properties":{"n":"MAGDALENA","p":37,"personas_x_ha":36,"masculinidad":106,"pct_menor20":49,"pct_60mas":11,"pct_migrante":38,"dependencia_econ":208,"pct_empleados":25,"pct_cuentapropia":42,"pct_agricultura":67,"pct_comercio":0,"pct_manufactura":0,"pct_construccion":17,"pct_transporte":0,"pct_alojamiento":8,"pct_sin_educacion":11,"pct_educ_superior":0,"brecha_educ":-1,"pct_sin_seguro":3,"pct_sus":97,"pct_seguro_privado":0,"brecha_seguro":5,"pct_salud_publica":25,"pct_med_tradicional":10,"pct_automedicacion":19,"pct_remedios_caseros":29,"pct_viv_desocupada":0,"pct_alquiler":0,"pct_electricidad":100,"pct_sin_electricidad":0,"pct_agua_red":18,"pct_alcantarillado":0,"pct_camara_septica":9,"pct_pozo_ciego":18,"pct_sin_desague":0,"pct_gas_red":0,"pct_gas_garrafa":45,"pct_lena_guano":45,"pct_basura_formal":27,"pct_basura_quema":73,"pct_basura_informal":0,"pct_internet":64,"pct_celular":82,"pct_televisor":27}},{"type":"Feature","geometry":{"type":"Polygon","coordinates":[[[-64.055,-13.26703],[-64.0555,-13.2648],[-64.05469,-13.26461],[-64.0542,-13.26678],[-64.055,-13.26703]]]},"properties":{"n":"MAGDALENA","p":84,"personas_x_ha":37,"masculinidad":91,"pct_menor20":44,"pct_60mas":13,"pct_migrante":23,"dependencia_econ":152,"pct_empleados":33,"pct_cuentapropia":52,"pct_agricultura":12,"pct_comercio":9,"pct_manufactura":21,"pct_construccion":18,"pct_transporte":0,"pct_alojamiento":9,"pct_sin_educacion":4,"pct_educ_superior":38,"brecha_educ":-2,"pct_sin_seguro":12,"pct_sus":64,"pct_seguro_privado":0,"brecha_seguro":1,"pct_salud_publica":32,"pct_med_tradicional":7,"pct_automedicacion":10,"pct_remedios_caseros":28,"pct_viv_desocupada":5,"pct_alquiler":6,"pct_electricidad":94,"pct_sin_electricidad":0,"pct_agua_red":71,"pct_alcantarillado":6,"pct_camara_septica":53,"pct_pozo_ciego":41,"pct_sin_desague":0,"pct_gas_red":0,"pct_gas_garrafa":88,"pct_lena_guano":88,"pct_basura_formal":94,"pct_basura_quema":6,"pct_basura_informal":0,"pct_internet":88,"pct_celular":88,"pct_televisor":76}},{"type":"Feature","geometry":{"type":"Polygon","coordinates":[[[-64.05176,-13.25069],[-64.05081,-13.25053],[-64.05067,-13.25145],[-64.05159,-13.25158],[-64.05176,-13.25069]]]},"properties":{"n":"MAGDALENA","p":42,"personas_x_ha":39,"masculinidad":162,"pct_menor20":55,"pct_60mas":2,"pct_migrante":19,"dependencia_econ":282,"pct_empleados":55,"pct_cuentapropia":27,"pct_agricultura":55,"pct_comercio":9,"pct_manufactura":0,"pct_construccion":9,"pct_transporte":0,"pct_alojamiento":0,"pct_sin_educacion":10,"pct_educ_superior":14,"brecha_educ":-25,"pct_sin_seguro":15,"pct_sus":83,"pct_seguro_privado":0,"brecha_seguro":13,"pct_salud_publica":51,"pct_med_tradicional":11,"pct_automedicacion":13,"pct_remedios_caseros":22,"pct_viv_desocupada":9,"pct_alquiler":10,"pct_electricidad":100,"pct_sin_electricidad":0,"pct_agua_red":20,"pct_alcantarillado":0,"pct_camara_septica":30,"pct_pozo_ciego":60,"pct_sin_desague":0,"pct_gas_red":0,"pct_gas_garrafa":70,"pct_lena_guano":70,"pct_basura_formal":70,"pct_basura_quema":30,"pct_basura_informal":0,"pct_internet":80,"pct_celular":80,"pct_televisor":60}},{"type":"Feature","geometry":{"type":"Polygon","coordinates":[[[-64.06227,-13.27],[-64.06279,-13.26743],[-64.06067,-13.26683],[-64.0604,-13.26792],[-64.05971,-13.26928],[-64.0616,-13.27009],[-64.06213,-13.27024],[-64.06227,-13.27]]]},"properties":{"n":"MAGDALENA","p":28,"personas_x_ha":3,"masculinidad":133,"pct_menor20":43,"pct_60mas":4,"pct_migrante":46,"dependencia_econ":87,"pct_empleados":7,"pct_cuentapropia":73,"pct_agricultura":13,"pct_comercio":33,"pct_manufactura":13,"pct_construccion":7,"pct_transporte":7,"pct_alojamiento":13,"pct_sin_educacion":0,"pct_educ_superior":12,"brecha_educ":18,"pct_sin_seguro":0,"pct_sus":86,"pct_seguro_privado":0,"brecha_seguro":0,"pct_salud_publica":48,"pct_med_tradicional":9,"pct_automedicacion":3,"pct_remedios_caseros":12,"pct_viv_desocupada":0,"pct_alquiler":0,"pct_electricidad":100,"pct_sin_electricidad":0,"pct_agua_red":67,"pct_alcantarillado":22,"pct_camara_septica":44,"pct_pozo_ciego":33,"pct_sin_desague":0,"pct_gas_red":0,"pct_gas_garrafa":56,"pct_lena_guano":56,"pct_basura_formal":67,"pct_basura_quema":33,"pct_basura_informal":0,"pct_internet":78,"pct_celular":78,"pct_televisor":44}},{"type":"Feature","geometry":{"type":"Polygon","coordinates":[[[-64.05598,-13.25249],[-64.05458,-13.25224],[-64.0544,-13.25315],[-64.05577,-13.25338],[-64.05598,-13.25249]]]},"properties":{"n":"MAGDALENA","p":48,"personas_x_ha":31,"masculinidad":85,"pct_menor20":54,"pct_60mas":6,"pct_migrante":48,"dependencia_econ":140,"pct_empleados":10,"pct_cuentapropia":65,"pct_agricultura":15,"pct_comercio":45,"pct_manufactura":0,"pct_construccion":5,"pct_transporte":0,"pct_alojamiento":0,"pct_sin_educacion":0,"pct_educ_superior":18,"brecha_educ":-4,"pct_sin_seguro":19,"pct_sus":75,"pct_seguro_privado":0,"brecha_seguro":16,"pct_salud_publica":79,"pct_med_tradicional":0,"pct_automedicacion":2,"pct_remedios_caseros":5,"pct_viv_desocupada":0,"pct_alquiler":12,"pct_electricidad":100,"pct_sin_electricidad":0,"pct_agua_red":0,"pct_alcantarillado":0,"pct_camara_septica":75,"pct_pozo_ciego":12,"pct_sin_desague":12,"pct_gas_red":0,"pct_gas_garrafa":88,"pct_lena_guano":88,"pct_basura_formal":75,"pct_basura_quema":25,"pct_basura_informal":0,"pct_internet":75,"pct_celular":75,"pct_televisor":50}},{"type":"Feature","geometry":{"type":"Polygon","coordinates":[[[-64.05029,-13.25999],[-64.05049,-13.25864],[-64.04964,-13.25848],[-64.04941,-13.25987],[-64.05029,-13.25999]]]},"properties":{"n":"MAGDALENA","p":66,"personas_x_ha":45,"masculinidad":106,"pct_menor20":39,"pct_60mas":9,"pct_migrante":18,"dependencia_econ":136,"pct_empleados":29,"pct_cuentapropia":46,"pct_agricultura":39,"pct_comercio":11,"pct_manufactura":7,"pct_construccion":14,"pct_transporte":4,"pct_alojamiento":7,"pct_sin_educacion":5,"pct_educ_superior":12,"brecha_educ":-4,"pct_sin_seguro":23,"pct_sus":70,"pct_seguro_privado":0,"brecha_seguro":8,"pct_salud_publica":55,"pct_med_tradicional":1,"pct_automedicacion":5,"pct_remedios_caseros":29,"pct_viv_desocupada":14,"pct_alquiler":21,"pct_electricidad":100,"pct_sin_electricidad":0,"pct_agua_red":32,"pct_alcantarillado":0,"pct_camara_septica":74,"pct_pozo_ciego":16,"pct_sin_desague":5,"pct_gas_red":0,"pct_gas_garrafa":74,"pct_lena_guano":74,"pct_basura_formal":84,"pct_basura_quema":16,"pct_basura_informal":0,"pct_internet":58,"pct_celular":79,"pct_televisor":84}},{"type":"Feature","geometry":{"type":"Polygon","coordinates":[[[-64.05308,-13.25917],[-64.05179,-13.25893],[-64.05161,-13.26019],[-64.05286,-13.26038],[-64.05308,-13.25917]]]},"properties":{"n":"MAGDALENA","p":21,"personas_x_ha":11,"masculinidad":91,"pct_menor20":43,"pct_60mas":10,"pct_migrante":38,"dependencia_econ":91,"pct_empleados":9,"pct_cuentapropia":64,"pct_agricultura":18,"pct_comercio":18,"pct_manufactura":18,"pct_construccion":0,"pct_transporte":0,"pct_alojamiento":0,"pct_sin_educacion":0,"pct_educ_superior":17,"brecha_educ":-33,"pct_sin_seguro":10,"pct_sus":43,"pct_seguro_privado":0,"brecha_seguro":20,"pct_salud_publica":17,"pct_med_tradicional":17,"pct_automedicacion":11,"pct_remedios_caseros":27,"pct_viv_desocupada":0,"pct_alquiler":17,"pct_electricidad":100,"pct_sin_electricidad":0,"pct_agua_red":100,"pct_alcantarillado":50,"pct_camara_septica":50,"pct_pozo_ciego":0,"pct_sin_desague":0,"pct_gas_red":0,"pct_gas_garrafa":100,"pct_lena_guano":100,"pct_basura_formal":100,"pct_basura_quema":0,"pct_basura_informal":0,"pct_internet":50,"pct_celular":83,"pct_televisor":67}},{"type":"Feature","geometry":{"type":"Polygon","coordinates":[[[-64.05581,-13.2635],[-64.05602,-13.26262],[-64.05523,-13.26244],[-64.05502,-13.26333],[-64.05581,-13.2635]]]},"properties":{"n":"MAGDALENA","p":61,"personas_x_ha":64,"masculinidad":91,"pct_menor20":26,"pct_60mas":23,"pct_migrante":59,"dependencia_econ":150,"pct_empleados":38,"pct_cuentapropia":50,"pct_agricultura":12,"pct_comercio":25,"pct_manufactura":4,"pct_construccion":0,"pct_transporte":0,"pct_alojamiento":12,"pct_sin_educacion":4,"pct_educ_superior":51,"brecha_educ":-3,"pct_sin_seguro":10,"pct_sus":67,"pct_seguro_privado":0,"brecha_seguro":1,"pct_salud_publica":37,"pct_med_tradicional":2,"pct_automedicacion":10,"pct_remedios_caseros":20,"pct_viv_desocupada":15,"pct_alquiler":19,"pct_electricidad":100,"pct_sin_electricidad":0,"pct_agua_red":94,"pct_alcantarillado":0,"pct_camara_septica":81,"pct_pozo_ciego":19,"pct_sin_desague":0,"pct_gas_red":0,"pct_gas_garrafa":100,"pct_lena_guano":100,"pct_basura_formal":100,"pct_basura_quema":0,"pct_basura_informal":0,"pct_internet":81,"pct_celular":81,"pct_televisor":88}},{"type":"Feature","geometry":{"type":"Polygon","coordinates":[[[-64.04969,-13.25039],[-64.04956,-13.25128],[-64.0505,-13.25142],[-64.05062,-13.25052],[-64.04969,-13.25039]]]},"properties":{"n":"MAGDALENA","p":69,"personas_x_ha":66,"masculinidad":103,"pct_menor20":55,"pct_60mas":7,"pct_migrante":26,"dependencia_econ":294,"pct_empleados":65,"pct_cuentapropia":12,"pct_agricultura":41,"pct_comercio":6,"pct_manufactura":0,"pct_construccion":18,"pct_transporte":0,"pct_alojamiento":6,"pct_sin_educacion":3,"pct_educ_superior":10,"brecha_educ":-2,"pct_sin_seguro":0,"pct_sus":76,"pct_seguro_privado":0,"brecha_seguro":0,"pct_salud_publica":41,"pct_med_tradicional":0,"pct_automedicacion":15,"pct_remedios_caseros":26,"pct_viv_desocupada":0,"pct_alquiler":0,"pct_electricidad":100,"pct_sin_electricidad":0,"pct_agua_red":29,"pct_alcantarillado":0,"pct_camara_septica":57,"pct_pozo_ciego":36,"pct_sin_desague":7,"pct_gas_red":0,"pct_gas_garrafa":79,"pct_lena_guano":79,"pct_basura_formal":43,"pct_basura_quema":57,"pct_basura_informal":0,"pct_internet":50,"pct_celular":57,"pct_televisor":50}},{"type":"Feature","geometry":{"type":"Polygon","coordinates":[[[-64.05286,-13.25086],[-64.05189,-13.25072],[-64.05175,-13.25161],[-64.05272,-13.25176],[-64.05286,-13.25086]]]},"properties":{"n":"MAGDALENA","p":41,"personas_x_ha":38,"masculinidad":156,"pct_menor20":49,"pct_60mas":5,"pct_migrante":17,"dependencia_econ":273,"pct_empleados":36,"pct_cuentapropia":45,"pct_agricultura":18,"pct_comercio":18,"pct_manufactura":9,"pct_construccion":9,"pct_transporte":0,"pct_alojamiento":9,"pct_sin_educacion":0,"pct_educ_superior":13,"brecha_educ":-30,"pct_sin_seguro":7,"pct_sus":66,"pct_seguro_privado":0,"brecha_seguro":-8,"pct_salud_publica":39,"pct_med_tradicional":0,"pct_automedicacion":19,"pct_remedios_caseros":31,"pct_viv_desocupada":0,"pct_alquiler":12,"pct_electricidad":100,"pct_sin_electricidad":0,"pct_agua_red":62,"pct_alcantarillado":12,"pct_camara_septica":75,"pct_pozo_ciego":12,"pct_sin_desague":0,"pct_gas_red":0,"pct_gas_garrafa":100,"pct_lena_guano":100,"pct_basura_formal":88,"pct_basura_quema":12,"pct_basura_informal":0,"pct_internet":62,"pct_celular":88,"pct_televisor":75}},{"type":"Feature","geometry":{"type":"Polygon","coordinates":[[[-64.05053,-13.25852],[-64.05072,-13.2573],[-64.04982,-13.25714],[-64.04965,-13.25837],[-64.05053,-13.25852]]]},"properties":{"n":"MAGDALENA","p":106,"personas_x_ha":78,"masculinidad":104,"pct_menor20":44,"pct_60mas":15,"pct_migrante":33,"dependencia_econ":159,"pct_empleados":34,"pct_cuentapropia":46,"pct_agricultura":37,"pct_comercio":17,"pct_manufactura":5,"pct_construccion":22,"pct_transporte":0,"pct_alojamiento":0,"pct_sin_educacion":7,"pct_educ_superior":11,"brecha_educ":-18,"pct_sin_seguro":8,"pct_sus":80,"pct_seguro_privado":0,"brecha_seguro":8,"pct_salud_publica":37,"pct_med_tradicional":7,"pct_automedicacion":11,"pct_remedios_caseros":27,"pct_viv_desocupada":0,"pct_alquiler":4,"pct_electricidad":100,"pct_sin_electricidad":0,"pct_agua_red":50,"pct_alcantarillado":12,"pct_camara_septica":31,"pct_pozo_ciego":42,"pct_sin_desague":0,"pct_gas_red":0,"pct_gas_garrafa":73,"pct_lena_guano":73,"pct_basura_formal":81,"pct_basura_quema":19,"pct_basura_informal":0,"pct_internet":73,"pct_celular":73,"pct_televisor":65}},{"type":"Feature","geometry":{"type":"Polygon","coordinates":[[[-64.06075,-13.25655],[-64.06011,-13.25645],[-64.05994,-13.25737],[-64.06058,-13.25748],[-64.06075,-13.25655]]]},"properties":{"n":"MAGDALENA","p":39,"personas_x_ha":52,"masculinidad":70,"pct_menor20":67,"pct_60mas":8,"pct_migrante":8,"dependencia_econ":225,"pct_empleados":50,"pct_cuentapropia":25,"pct_agricultura":50,"pct_comercio":17,"pct_manufactura":17,"pct_construccion":0,"pct_transporte":0,"pct_alojamiento":8,"pct_sin_educacion":15,"pct_educ_superior":0,"brecha_educ":17,"pct_sin_seguro":5,"pct_sus":92,"pct_seguro_privado":0,"brecha_seguro":12,"pct_salud_publica":91,"pct_med_tradicional":0,"pct_automedicacion":0,"pct_remedios_caseros":5,"pct_viv_desocupada":0,"pct_alquiler":14,"pct_electricidad":100,"pct_sin_electricidad":0,"pct_agua_red":29,"pct_alcantarillado":0,"pct_camara_septica":29,"pct_pozo_ciego":0,"pct_sin_desague":57,"pct_gas_red":0,"pct_gas_garrafa":86,"pct_lena_guano":86,"pct_basura_formal":57,"pct_basura_quema":43,"pct_basura_informal":0,"pct_internet":43,"pct_celular":71,"pct_televisor":57}},{"type":"Feature","geometry":{"type":"Polygon","coordinates":[[[-64.05607,-13.25808],[-64.05631,-13.25691],[-64.05523,-13.25673],[-64.05499,-13.25787],[-64.05607,-13.25808]]]},"properties":{"n":"MAGDALENA","p":64,"personas_x_ha":40,"masculinidad":94,"pct_menor20":52,"pct_60mas":14,"pct_migrante":17,"dependencia_econ":156,"pct_empleados":36,"pct_cuentapropia":36,"pct_agricultura":24,"pct_comercio":12,"pct_manufactura":4,"pct_construccion":4,"pct_transporte":0,"pct_alojamiento":16,"pct_sin_educacion":0,"pct_educ_superior":33,"brecha_educ":13,"pct_sin_seguro":2,"pct_sus":69,"pct_seguro_privado":0,"brecha_seguro":3,"pct_salud_publica":33,"pct_med_tradicional":14,"pct_automedicacion":13,"pct_remedios_caseros":28,"pct_viv_desocupada":0,"pct_alquiler":13,"pct_electricidad":100,"pct_sin_electricidad":0,"pct_agua_red":27,"pct_alcantarillado":0,"pct_camara_septica":33,"pct_pozo_ciego":60,"pct_sin_desague":7,"pct_gas_red":0,"pct_gas_garrafa":80,"pct_lena_guano":80,"pct_basura_formal":67,"pct_basura_quema":33,"pct_basura_informal":0,"pct_internet":60,"pct_celular":87,"pct_televisor":80}},{"type":"Feature","geometry":{"type":"Polygon","coordinates":[[[-64.05206,-13.25622],[-64.05107,-13.25607],[-64.05088,-13.2571],[-64.05187,-13.25731],[-64.05206,-13.25622]]]},"properties":{"n":"MAGDALENA","p":41,"personas_x_ha":31,"masculinidad":86,"pct_menor20":39,"pct_60mas":7,"pct_migrante":15,"dependencia_econ":164,"pct_empleados":36,"pct_cuentapropia":43,"pct_agricultura":29,"pct_comercio":7,"pct_manufactura":7,"pct_construccion":7,"pct_transporte":0,"pct_alojamiento":7,"pct_sin_educacion":0,"pct_educ_superior":32,"brecha_educ":2,"pct_sin_seguro":3,"pct_sus":69,"pct_seguro_privado":0,"brecha_seguro":-5,"pct_salud_publica":49,"pct_med_tradicional":0,"pct_automedicacion":4,"pct_remedios_caseros":29,"pct_viv_desocupada":11,"pct_alquiler":0,"pct_electricidad":100,"pct_sin_electricidad":0,"pct_agua_red":50,"pct_alcantarillado":12,"pct_camara_septica":75,"pct_pozo_ciego":0,"pct_sin_desague":12,"pct_gas_red":0,"pct_gas_garrafa":88,"pct_lena_guano":88,"pct_basura_formal":75,"pct_basura_quema":25,"pct_basura_informal":0,"pct_internet":88,"pct_celular":88,"pct_televisor":75}},{"type":"Feature","geometry":{"type":"Polygon","coordinates":[[[-64.05754,-13.25598],[-64.05671,-13.25585],[-64.05653,-13.2568],[-64.05734,-13.25694],[-64.05754,-13.25598]]]},"properties":{"n":"MAGDALENA","p":37,"personas_x_ha":37,"masculinidad":95,"pct_menor20":51,"pct_60mas":3,"pct_migrante":30,"dependencia_econ":147,"pct_empleados":47,"pct_cuentapropia":40,"pct_agricultura":27,"pct_comercio":13,"pct_manufactura":7,"pct_construccion":0,"pct_transporte":0,"pct_alojamiento":13,"pct_sin_educacion":0,"pct_educ_superior":28,"brecha_educ":-10,"pct_sin_seguro":3,"pct_sus":97,"pct_seguro_privado":0,"brecha_seguro":6,"pct_salud_publica":29,"pct_med_tradicional":1,"pct_automedicacion":11,"pct_remedios_caseros":29,"pct_viv_desocupada":0,"pct_alquiler":22,"pct_electricidad":100,"pct_sin_electricidad":0,"pct_agua_red":67,"pct_alcantarillado":0,"pct_camara_septica":100,"pct_pozo_ciego":0,"pct_sin_desague":0,"pct_gas_red":0,"pct_gas_garrafa":89,"pct_lena_guano":89,"pct_basura_formal":100,"pct_basura_quema":0,"pct_basura_informal":0,"pct_internet":100,"pct_celular":100,"pct_televisor":89}},{"type":"Feature","geometry":{"type":"Polygon","coordinates":[[[-64.05156,-13.26037],[-64.05282,-13.26056],[-64.05258,-13.26183],[-64.05138,-13.2616],[-64.05156,-13.26037]]]},"properties":{"n":"MAGDALENA","p":141,"personas_x_ha":72,"masculinidad":107,"pct_menor20":42,"pct_60mas":16,"pct_migrante":39,"dependencia_econ":143,"pct_empleados":19,"pct_cuentapropia":52,"pct_agricultura":22,"pct_comercio":14,"pct_manufactura":14,"pct_construccion":2,"pct_transporte":0,"pct_alojamiento":3,"pct_sin_educacion":4,"pct_educ_superior":31,"brecha_educ":12,"pct_sin_seguro":11,"pct_sus":72,"pct_seguro_privado":0,"brecha_seguro":8,"pct_salud_publica":34,"pct_med_tradicional":7,"pct_automedicacion":8,"pct_remedios_caseros":23,"pct_viv_desocupada":0,"pct_alquiler":13,"pct_electricidad":100,"pct_sin_electricidad":0,"pct_agua_red":53,"pct_alcantarillado":20,"pct_camara_septica":50,"pct_pozo_ciego":27,"pct_sin_desague":3,"pct_gas_red":0,"pct_gas_garrafa":100,"pct_lena_guano":100,"pct_basura_formal":97,"pct_basura_quema":3,"pct_basura_informal":0,"pct_internet":63,"pct_celular":80,"pct_televisor":77}},{"type":"Feature","geometry":{"type":"Polygon","coordinates":[[[-64.06082,-13.25323],[-64.06015,-13.25312],[-64.05972,-13.25399],[-64.0606,-13.25413],[-64.06082,-13.25323]]]},"properties":{"n":"MAGDALENA","p":23,"personas_x_ha":26,"masculinidad":156,"pct_menor20":48,"pct_60mas":9,"pct_migrante":22,"dependencia_econ":475,"pct_empleados":0,"pct_cuentapropia":100,"pct_agricultura":25,"pct_comercio":50,"pct_manufactura":0,"pct_construccion":25,"pct_transporte":0,"pct_alojamiento":0,"pct_sin_educacion":0,"pct_educ_superior":0,"brecha_educ":-12,"pct_sin_seguro":4,"pct_sus":96,"pct_seguro_privado":0,"brecha_seguro":-11,"pct_salud_publica":100,"pct_med_tradicional":0,"pct_automedicacion":0,"pct_remedios_caseros":0,"pct_viv_desocupada":0,"pct_alquiler":0,"pct_electricidad":100,"pct_sin_electricidad":0,"pct_agua_red":14,"pct_alcantarillado":0,"pct_camara_septica":71,"pct_pozo_ciego":29,"pct_sin_desague":0,"pct_gas_red":14,"pct_gas_garrafa":86,"pct_lena_guano":86,"pct_basura_formal":14,"pct_basura_quema":86,"pct_basura_informal":0,"pct_internet":57,"pct_celular":86,"pct_televisor":86}},{"type":"Feature","geometry":{"type":"Polygon","coordinates":[[[-64.05372,-13.26318],[-64.05258,-13.26293],[-64.05239,-13.26403],[-64.05352,-13.26422],[-64.05372,-13.26318]]]},"properties":{"n":"MAGDALENA","p":75,"personas_x_ha":49,"masculinidad":79,"pct_menor20":19,"pct_60mas":21,"pct_migrante":41,"dependencia_econ":187,"pct_empleados":39,"pct_cuentapropia":52,"pct_agricultura":13,"pct_comercio":13,"pct_manufactura":0,"pct_construccion":0,"pct_transporte":0,"pct_alojamiento":4,"pct_sin_educacion":0,"pct_educ_superior":41,"brecha_educ":-5,"pct_sin_seguro":17,"pct_sus":62,"pct_seguro_privado":0,"brecha_seguro":0,"pct_salud_publica":32,"pct_med_tradicional":9,"pct_automedicacion":12,"pct_remedios_caseros":20,"pct_viv_desocupada":0,"pct_alquiler":28,"pct_electricidad":100,"pct_sin_electricidad":0,"pct_agua_red":76,"pct_alcantarillado":34,"pct_camara_septica":59,"pct_pozo_ciego":7,"pct_sin_desague":0,"pct_gas_red":0,"pct_gas_garrafa":72,"pct_lena_guano":72,"pct_basura_formal":100,"pct_basura_quema":0,"pct_basura_informal":0,"pct_internet":62,"pct_celular":69,"pct_televisor":59}},{"type":"Feature","geometry":{"type":"Polygon","coordinates":[[[-64.05751,-13.25709],[-64.05719,-13.25826],[-64.05831,-13.25846],[-64.05858,-13.25727],[-64.05751,-13.25709]]]},"properties":{"n":"MAGDALENA","p":67,"personas_x_ha":40,"masculinidad":123,"pct_menor20":46,"pct_60mas":13,"pct_migrante":31,"dependencia_econ":76,"pct_empleados":29,"pct_cuentapropia":41,"pct_agricultura":12,"pct_comercio":21,"pct_manufactura":15,"pct_construccion":21,"pct_transporte":0,"pct_alojamiento":6,"pct_sin_educacion":0,"pct_educ_superior":26,"brecha_educ":6,"pct_sin_seguro":18,"pct_sus":78,"pct_seguro_privado":0,"brecha_seguro":12,"pct_salud_publica":45,"pct_med_tradicional":4,"pct_automedicacion":7,"pct_remedios_caseros":29,"pct_viv_desocupada":6,"pct_alquiler":0,"pct_electricidad":100,"pct_sin_electricidad":0,"pct_agua_red":62,"pct_alcantarillado":0,"pct_camara_septica":25,"pct_pozo_ciego":75,"pct_sin_desague":0,"pct_gas_red":0,"pct_gas_garrafa":62,"pct_lena_guano":62,"pct_basura_formal":88,"pct_basura_quema":12,"pct_basura_informal":0,"pct_internet":88,"pct_celular":88,"pct_televisor":88}},{"type":"Feature","geometry":{"type":"Polygon","coordinates":[[[-64.05447,-13.2594],[-64.05325,-13.25919],[-64.05302,-13.26044],[-64.05426,-13.26066],[-64.05447,-13.2594]]]},"properties":{"n":"MAGDALENA","p":91,"personas_x_ha":46,"masculinidad":98,"pct_menor20":43,"pct_60mas":11,"pct_migrante":36,"dependencia_econ":157,"pct_empleados":37,"pct_cuentapropia":40,"pct_agricultura":17,"pct_comercio":29,"pct_manufactura":0,"pct_construccion":6,"pct_transporte":0,"pct_alojamiento":0,"pct_sin_educacion":2,"pct_educ_superior":32,"brecha_educ":4,"pct_sin_seguro":20,"pct_sus":71,"pct_seguro_privado":0,"brecha_seguro":18,"pct_salud_publica":37,"pct_med_tradicional":5,"pct_automedicacion":14,"pct_remedios_caseros":24,"pct_viv_desocupada":0,"pct_alquiler":14,"pct_electricidad":100,"pct_sin_electricidad":0,"pct_agua_red":91,"pct_alcantarillado":41,"pct_camara_septica":50,"pct_pozo_ciego":9,"pct_sin_desague":0,"pct_gas_red":0,"pct_gas_garrafa":86,"pct_lena_guano":86,"pct_basura_formal":91,"pct_basura_quema":9,"pct_basura_informal":0,"pct_internet":64,"pct_celular":59,"pct_televisor":55}},{"type":"Feature","geometry":{"type":"Polygon","coordinates":[[[-64.04989,-13.25576],[-64.05003,-13.25493],[-64.0492,-13.25416],[-64.04896,-13.25556],[-64.04989,-13.25576]]]},"properties":{"n":"MAGDALENA","p":55,"personas_x_ha":42,"masculinidad":129,"pct_menor20":62,"pct_60mas":5,"pct_migrante":20,"dependencia_econ":478,"pct_empleados":44,"pct_cuentapropia":56,"pct_agricultura":44,"pct_comercio":33,"pct_manufactura":0,"pct_construccion":22,"pct_transporte":0,"pct_alojamiento":0,"pct_sin_educacion":5,"pct_educ_superior":14,"brecha_educ":-12,"pct_sin_seguro":8,"pct_sus":88,"pct_seguro_privado":0,"brecha_seguro":-1,"pct_salud_publica":37,"pct_med_tradicional":0,"pct_automedicacion":17,"pct_remedios_caseros":36,"pct_viv_desocupada":7,"pct_alquiler":8,"pct_electricidad":100,"pct_sin_electricidad":0,"pct_agua_red":38,"pct_alcantarillado":8,"pct_camara_septica":54,"pct_pozo_ciego":38,"pct_sin_desague":0,"pct_gas_red":0,"pct_gas_garrafa":62,"pct_lena_guano":62,"pct_basura_formal":54,"pct_basura_quema":46,"pct_basura_informal":0,"pct_internet":46,"pct_celular":54,"pct_televisor":62}},{"type":"Feature","geometry":{"type":"Polygon","coordinates":[[[-64.05108,-13.26361],[-64.05118,-13.26362],[-64.05108,-13.26362],[-64.05108,-13.26372],[-64.05219,-13.26396],[-64.05237,-13.26295],[-64.05125,-13.26268],[-64.05108,-13.26361]]]},"properties":{"n":"MAGDALENA","p":62,"personas_x_ha":43,"masculinidad":107,"pct_menor20":31,"pct_60mas":24,"pct_migrante":32,"dependencia_econ":150,"pct_empleados":46,"pct_cuentapropia":46,"pct_agricultura":29,"pct_comercio":12,"pct_manufactura":4,"pct_construccion":0,"pct_transporte":0,"pct_alojamiento":0,"pct_sin_educacion":0,"pct_educ_superior":40,"brecha_educ":5,"pct_sin_seguro":17,"pct_sus":59,"pct_seguro_privado":0,"brecha_seguro":13,"pct_salud_publica":59,"pct_med_tradicional":0,"pct_automedicacion":3,"pct_remedios_caseros":6,"pct_viv_desocupada":0,"pct_alquiler":15,"pct_electricidad":100,"pct_sin_electricidad":0,"pct_agua_red":100,"pct_alcantarillado":25,"pct_camara_septica":60,"pct_pozo_ciego":5,"pct_sin_desague":10,"pct_gas_red":0,"pct_gas_garrafa":95,"pct_lena_guano":95,"pct_basura_formal":100,"pct_basura_quema":0,"pct_basura_informal":0,"pct_internet":60,"pct_celular":65,"pct_televisor":60}},{"type":"Feature","geometry":{"type":"Polygon","coordinates":[[[-64.05682,-13.25462],[-64.05702,-13.25373],[-64.0559,-13.25356],[-64.05572,-13.25444],[-64.05682,-13.25462]]]},"properties":{"n":"MAGDALENA","p":20,"personas_x_ha":16,"masculinidad":100,"pct_menor20":30,"pct_60mas":15,"pct_migrante":40,"dependencia_econ":157,"pct_empleados":57,"pct_cuentapropia":14,"pct_agricultura":43,"pct_comercio":0,"pct_manufactura":14,"pct_construccion":0,"pct_transporte":0,"pct_alojamiento":0,"pct_sin_educacion":0,"pct_educ_superior":33,"brecha_educ":20,"pct_sin_seguro":12,"pct_sus":81,"pct_seguro_privado":0,"brecha_seguro":0,"pct_salud_publica":25,"pct_med_tradicional":21,"pct_automedicacion":6,"pct_remedios_caseros":38,"pct_viv_desocupada":0,"pct_alquiler":0,"pct_electricidad":100,"pct_sin_electricidad":0,"pct_agua_red":100,"pct_alcantarillado":0,"pct_camara_septica":50,"pct_pozo_ciego":0,"pct_sin_desague":0,"pct_gas_red":0,"pct_gas_garrafa":100,"pct_lena_guano":100,"pct_basura_formal":100,"pct_basura_quema":0,"pct_basura_informal":0,"pct_internet":33,"pct_celular":100,"pct_televisor":83}},{"type":"Feature","geometry":{"type":"Polygon","coordinates":[[[-64.05508,-13.26229],[-64.05539,-13.26104],[-64.05436,-13.26083],[-64.05409,-13.26209],[-64.05508,-13.26229]]]},"properties":{"n":"MAGDALENA","p":77,"personas_x_ha":47,"masculinidad":103,"pct_menor20":19,"pct_60mas":19,"pct_migrante":34,"dependencia_econ":141,"pct_empleados":25,"pct_cuentapropia":56,"pct_agricultura":25,"pct_comercio":34,"pct_manufactura":0,"pct_construccion":3,"pct_transporte":3,"pct_alojamiento":16,"pct_sin_educacion":0,"pct_educ_superior":33,"brecha_educ":-2,"pct_sin_seguro":32,"pct_sus":43,"pct_seguro_privado":1,"brecha_seguro":-2,"pct_salud_publica":34,"pct_med_tradicional":4,"pct_automedicacion":16,"pct_remedios_caseros":23,"pct_viv_desocupada":0,"pct_alquiler":44,"pct_electricidad":97,"pct_sin_electricidad":3,"pct_agua_red":78,"pct_alcantarillado":9,"pct_camara_septica":66,"pct_pozo_ciego":22,"pct_sin_desague":3,"pct_gas_red":0,"pct_gas_garrafa":88,"pct_lena_guano":88,"pct_basura_formal":100,"pct_basura_quema":0,"pct_basura_informal":0,"pct_internet":94,"pct_celular":97,"pct_televisor":84}},{"type":"Feature","geometry":{"type":"Polygon","coordinates":[[[-64.05111,-13.26271],[-64.05103,-13.26263],[-64.04968,-13.26236],[-64.04962,-13.26241],[-64.04964,-13.26341],[-64.05094,-13.26368],[-64.05111,-13.26271]]]},"properties":{"n":"MAGDALENA","p":64,"personas_x_ha":35,"masculinidad":106,"pct_menor20":41,"pct_60mas":8,"pct_migrante":27,"dependencia_econ":113,"pct_empleados":43,"pct_cuentapropia":27,"pct_agricultura":17,"pct_comercio":17,"pct_manufactura":10,"pct_construccion":3,"pct_transporte":7,"pct_alojamiento":7,"pct_sin_educacion":0,"pct_educ_superior":28,"brecha_educ":-1,"pct_sin_seguro":19,"pct_sus":72,"pct_seguro_privado":0,"brecha_seguro":-1,"pct_salud_publica":23,"pct_med_tradicional":7,"pct_automedicacion":17,"pct_remedios_caseros":30,"pct_viv_desocupada":0,"pct_alquiler":0,"pct_electricidad":82,"pct_sin_electricidad":18,"pct_agua_red":47,"pct_alcantarillado":0,"pct_camara_septica":65,"pct_pozo_ciego":18,"pct_sin_desague":6,"pct_gas_red":0,"pct_gas_garrafa":71,"pct_lena_guano":71,"pct_basura_formal":82,"pct_basura_quema":12,"pct_basura_informal":12,"pct_internet":71,"pct_celular":82,"pct_televisor":71}},{"type":"Feature","geometry":{"type":"Polygon","coordinates":[[[-64.05005,-13.24916],[-64.05079,-13.24925],[-64.05094,-13.24836],[-64.05002,-13.24823],[-64.04989,-13.24914],[-64.05002,-13.24915],[-64.05007,-13.24899],[-64.05005,-13.24916]]]},"properties":{"n":"MAGDALENA","p":29,"personas_x_ha":29,"masculinidad":71,"pct_menor20":66,"pct_60mas":3,"pct_migrante":31,"dependencia_econ":383,"pct_empleados":50,"pct_cuentapropia":50,"pct_agricultura":0,"pct_comercio":0,"pct_manufactura":0,"pct_construccion":17,"pct_transporte":0,"pct_alojamiento":17,"pct_sin_educacion":0,"pct_educ_superior":20,"brecha_educ":-12,"pct_sin_seguro":0,"pct_sus":58,"pct_seguro_privado":0,"brecha_seguro":0,"pct_salud_publica":39,"pct_med_tradicional":1,"pct_automedicacion":4,"pct_remedios_caseros":41,"pct_viv_desocupada":0,"pct_alquiler":12,"pct_electricidad":100,"pct_sin_electricidad":0,"pct_agua_red":25,"pct_alcantarillado":12,"pct_camara_septica":12,"pct_pozo_ciego":25,"pct_sin_desague":0,"pct_gas_red":0,"pct_gas_garrafa":75,"pct_lena_guano":75,"pct_basura_formal":12,"pct_basura_quema":75,"pct_basura_informal":25,"pct_internet":75,"pct_celular":75,"pct_televisor":62}},{"type":"Feature","geometry":{"type":"Polygon","coordinates":[[[-64.05127,-13.26253],[-64.05239,-13.26277],[-64.05256,-13.26195],[-64.05139,-13.26172],[-64.05127,-13.26253]]]},"properties":{"n":"MAGDALENA","p":45,"personas_x_ha":38,"masculinidad":96,"pct_menor20":24,"pct_60mas":20,"pct_migrante":33,"dependencia_econ":95,"pct_empleados":48,"pct_cuentapropia":43,"pct_agricultura":19,"pct_comercio":38,"pct_manufactura":0,"pct_construccion":5,"pct_transporte":0,"pct_alojamiento":0,"pct_sin_educacion":0,"pct_educ_superior":60,"brecha_educ":-6,"pct_sin_seguro":27,"pct_sus":49,"pct_seguro_privado":2,"brecha_seguro":9,"pct_salud_publica":40,"pct_med_tradicional":5,"pct_automedicacion":8,"pct_remedios_caseros":18,"pct_viv_desocupada":8,"pct_alquiler":0,"pct_electricidad":100,"pct_sin_electricidad":0,"pct_agua_red":91,"pct_alcantarillado":0,"pct_camara_septica":82,"pct_pozo_ciego":18,"pct_sin_desague":0,"pct_gas_red":0,"pct_gas_garrafa":82,"pct_lena_guano":82,"pct_basura_formal":91,"pct_basura_quema":9,"pct_basura_informal":0,"pct_internet":82,"pct_celular":91,"pct_televisor":73}},{"type":"Feature","geometry":{"type":"Polygon","coordinates":[[[-64.06762,-13.26039],[-64.06615,-13.26019],[-64.06609,-13.26091],[-64.0676,-13.26108],[-64.06762,-13.26039]]]},"properties":{"n":"MAGDALENA","p":33,"personas_x_ha":25,"masculinidad":83,"pct_menor20":58,"pct_60mas":3,"pct_migrante":39,"dependencia_econ":371,"pct_empleados":29,"pct_cuentapropia":57,"pct_agricultura":29,"pct_comercio":14,"pct_manufactura":0,"pct_construccion":29,"pct_transporte":0,"pct_alojamiento":0,"pct_sin_educacion":0,"pct_educ_superior":0,"brecha_educ":-12,"pct_sin_seguro":0,"pct_sus":100,"pct_seguro_privado":0,"brecha_seguro":0,"pct_salud_publica":100,"pct_med_tradicional":0,"pct_automedicacion":0,"pct_remedios_caseros":0,"pct_viv_desocupada":0,"pct_alquiler":14,"pct_electricidad":100,"pct_sin_electricidad":0,"pct_agua_red":0,"pct_alcantarillado":0,"pct_camara_septica":100,"pct_pozo_ciego":0,"pct_sin_desague":0,"pct_gas_red":0,"pct_gas_garrafa":100,"pct_lena_guano":100,"pct_basura_formal":14,"pct_basura_quema":86,"pct_basura_informal":0,"pct_internet":29,"pct_celular":86,"pct_televisor":86}},{"type":"Feature","geometry":{"type":"Polygon","coordinates":[[[-64.04935,-13.25141],[-64.04838,-13.25128],[-64.04825,-13.25217],[-64.0492,-13.25231],[-64.04935,-13.25141]]]},"properties":{"n":"MAGDALENA","p":54,"personas_x_ha":50,"masculinidad":74,"pct_menor20":54,"pct_60mas":7,"pct_migrante":31,"dependencia_econ":117,"pct_empleados":22,"pct_cuentapropia":61,"pct_agricultura":26,"pct_comercio":30,"pct_manufactura":4,"pct_construccion":4,"pct_transporte":0,"pct_alojamiento":13,"pct_sin_educacion":16,"pct_educ_superior":12,"brecha_educ":-21,"pct_sin_seguro":14,"pct_sus":73,"pct_seguro_privado":0,"brecha_seguro":8,"pct_salud_publica":36,"pct_med_tradicional":4,"pct_automedicacion":20,"pct_remedios_caseros":30,"pct_viv_desocupada":11,"pct_alquiler":0,"pct_electricidad":100,"pct_sin_electricidad":0,"pct_agua_red":25,"pct_alcantarillado":12,"pct_camara_septica":31,"pct_pozo_ciego":44,"pct_sin_desague":6,"pct_gas_red":0,"pct_gas_garrafa":100,"pct_lena_guano":100,"pct_basura_formal":31,"pct_basura_quema":69,"pct_basura_informal":0,"pct_internet":81,"pct_celular":75,"pct_televisor":62}},{"type":"Feature","geometry":{"type":"Polygon","coordinates":[[[-64.0617,-13.26365],[-64.0631,-13.26393],[-64.06363,-13.26248],[-64.06099,-13.26243],[-64.06144,-13.26344],[-64.06145,-13.26368],[-64.06123,-13.26412],[-64.06075,-13.26449],[-64.06146,-13.26464],[-64.0617,-13.26365]]]},"properties":{"n":"MAGDALENA","p":58,"personas_x_ha":15,"masculinidad":107,"pct_menor20":50,"pct_60mas":12,"pct_migrante":34,"dependencia_econ":164,"pct_empleados":9,"pct_cuentapropia":41,"pct_agricultura":27,"pct_comercio":36,"pct_manufactura":14,"pct_construccion":9,"pct_transporte":0,"pct_alojamiento":0,"pct_sin_educacion":33,"pct_educ_superior":0,"brecha_educ":-20,"pct_sin_seguro":16,"pct_sus":84,"pct_seguro_privado":0,"brecha_seguro":3,"pct_salud_publica":69,"pct_med_tradicional":0,"pct_automedicacion":4,"pct_remedios_caseros":26,"pct_viv_desocupada":0,"pct_alquiler":0,"pct_electricidad":100,"pct_sin_electricidad":0,"pct_agua_red":50,"pct_alcantarillado":0,"pct_camara_septica":42,"pct_pozo_ciego":42,"pct_sin_desague":0,"pct_gas_red":0,"pct_gas_garrafa":58,"pct_lena_guano":58,"pct_basura_formal":42,"pct_basura_quema":58,"pct_basura_informal":0,"pct_internet":58,"pct_celular":75,"pct_televisor":67}},{"type":"Feature","geometry":{"type":"Polygon","coordinates":[[[-64.05507,-13.26244],[-64.05407,-13.26223],[-64.05389,-13.26308],[-64.05486,-13.26329],[-64.05507,-13.26244]]]},"properties":{"n":"MAGDALENA","p":93,"personas_x_ha":87,"masculinidad":127,"pct_menor20":40,"pct_60mas":11,"pct_migrante":27,"dependencia_econ":103,"pct_empleados":40,"pct_cuentapropia":40,"pct_agricultura":6,"pct_comercio":17,"pct_manufactura":0,"pct_construccion":0,"pct_transporte":3,"pct_alojamiento":26,"pct_sin_educacion":5,"pct_educ_superior":38,"brecha_educ":-20,"pct_sin_seguro":28,"pct_sus":52,"pct_seguro_privado":3,"brecha_seguro":3,"pct_salud_publica":26,"pct_med_tradicional":6,"pct_automedicacion":12,"pct_remedios_caseros":22,"pct_viv_desocupada":0,"pct_alquiler":39,"pct_electricidad":100,"pct_sin_electricidad":0,"pct_agua_red":100,"pct_alcantarillado":48,"pct_camara_septica":35,"pct_pozo_ciego":17,"pct_sin_desague":0,"pct_gas_red":0,"pct_gas_garrafa":74,"pct_lena_guano":74,"pct_basura_formal":100,"pct_basura_quema":0,"pct_basura_informal":0,"pct_internet":57,"pct_celular":57,"pct_televisor":61}},{"type":"Feature","geometry":{"type":"Polygon","coordinates":[[[-64.05378,-13.26306],[-64.05392,-13.26221],[-64.05273,-13.26198],[-64.05261,-13.26282],[-64.05378,-13.26306]]]},"properties":{"n":"MAGDALENA","p":87,"personas_x_ha":70,"masculinidad":112,"pct_menor20":44,"pct_60mas":13,"pct_migrante":49,"dependencia_econ":161,"pct_empleados":15,"pct_cuentapropia":67,"pct_agricultura":36,"pct_comercio":15,"pct_manufactura":6,"pct_construccion":6,"pct_transporte":0,"pct_alojamiento":6,"pct_sin_educacion":0,"pct_educ_superior":51,"brecha_educ":-4,"pct_sin_seguro":15,"pct_sus":71,"pct_seguro_privado":0,"brecha_seguro":10,"pct_salud_publica":31,"pct_med_tradicional":1,"pct_automedicacion":15,"pct_remedios_caseros":28,"pct_viv_desocupada":11,"pct_alquiler":24,"pct_electricidad":100,"pct_sin_electricidad":0,"pct_agua_red":94,"pct_alcantarillado":6,"pct_camara_septica":88,"pct_pozo_ciego":6,"pct_sin_desague":0,"pct_gas_red":0,"pct_gas_garrafa":88,"pct_lena_guano":88,"pct_basura_formal":100,"pct_basura_quema":0,"pct_basura_informal":0,"pct_internet":88,"pct_celular":94,"pct_televisor":88}},{"type":"Feature","geometry":{"type":"Polygon","coordinates":[[[-64.05189,-13.25751],[-64.05085,-13.25732],[-64.05069,-13.25855],[-64.05171,-13.25874],[-64.05189,-13.25751]]]},"properties":{"n":"MAGDALENA","p":57,"personas_x_ha":36,"masculinidad":84,"pct_menor20":40,"pct_60mas":16,"pct_migrante":37,"dependencia_econ":138,"pct_empleados":25,"pct_cuentapropia":38,"pct_agricultura":29,"pct_comercio":8,"pct_manufactura":8,"pct_construccion":17,"pct_transporte":12,"pct_alojamiento":4,"pct_sin_educacion":6,"pct_educ_superior":9,"brecha_educ":-23,"pct_sin_seguro":18,"pct_sus":80,"pct_seguro_privado":0,"brecha_seguro":3,"pct_salud_publica":29,"pct_med_tradicional":6,"pct_automedicacion":19,"pct_remedios_caseros":25,"pct_viv_desocupada":0,"pct_alquiler":15,"pct_electricidad":100,"pct_sin_electricidad":0,"pct_agua_red":46,"pct_alcantarillado":8,"pct_camara_septica":38,"pct_pozo_ciego":38,"pct_sin_desague":8,"pct_gas_red":8,"pct_gas_garrafa":77,"pct_lena_guano":77,"pct_basura_formal":85,"pct_basura_quema":15,"pct_basura_informal":0,"pct_internet":77,"pct_celular":77,"pct_televisor":54}},{"type":"Feature","geometry":{"type":"Polygon","coordinates":[[[-64.05721,-13.2628],[-64.05623,-13.26261],[-64.05602,-13.26353],[-64.05697,-13.26377],[-64.05721,-13.2628]]]},"properties":{"n":"MAGDALENA","p":88,"personas_x_ha":76,"masculinidad":105,"pct_menor20":32,"pct_60mas":20,"pct_migrante":28,"dependencia_econ":126,"pct_empleados":31,"pct_cuentapropia":41,"pct_agricultura":23,"pct_comercio":10,"pct_manufactura":10,"pct_construccion":8,"pct_transporte":0,"pct_alojamiento":10,"pct_sin_educacion":0,"pct_educ_superior":20,"brecha_educ":-8,"pct_sin_seguro":8,"pct_sus":78,"pct_seguro_privado":1,"brecha_seguro":-3,"pct_salud_publica":43,"pct_med_tradicional":2,"pct_automedicacion":13,"pct_remedios_caseros":19,"pct_viv_desocupada":8,"pct_alquiler":9,"pct_electricidad":100,"pct_sin_electricidad":0,"pct_agua_red":65,"pct_alcantarillado":0,"pct_camara_septica":39,"pct_pozo_ciego":61,"pct_sin_desague":0,"pct_gas_red":0,"pct_gas_garrafa":91,"pct_lena_guano":91,"pct_basura_formal":91,"pct_basura_quema":9,"pct_basura_informal":0,"pct_internet":96,"pct_celular":96,"pct_televisor":83}},{"type":"Feature","geometry":{"type":"Polygon","coordinates":[[[-64.06223,-13.26591],[-64.06246,-13.26502],[-64.06156,-13.26482],[-64.06134,-13.26572],[-64.06223,-13.26591]]]},"properties":{"n":"MAGDALENA","p":57,"personas_x_ha":56,"masculinidad":78,"pct_menor20":65,"pct_60mas":2,"pct_migrante":21,"dependencia_econ":217,"pct_empleados":22,"pct_cuentapropia":44,"pct_agricultura":6,"pct_comercio":6,"pct_manufactura":22,"pct_construccion":11,"pct_transporte":6,"pct_alojamiento":22,"pct_sin_educacion":0,"pct_educ_superior":14,"brecha_educ":6,"pct_sin_seguro":7,"pct_sus":93,"pct_seguro_privado":0,"brecha_seguro":16,"pct_salud_publica":35,"pct_med_tradicional":0,"pct_automedicacion":28,"pct_remedios_caseros":30,"pct_viv_desocupada":0,"pct_alquiler":0,"pct_electricidad":100,"pct_sin_electricidad":0,"pct_agua_red":60,"pct_alcantarillado":0,"pct_camara_septica":40,"pct_pozo_ciego":30,"pct_sin_desague":10,"pct_gas_red":0,"pct_gas_garrafa":20,"pct_lena_guano":20,"pct_basura_formal":60,"pct_basura_quema":20,"pct_basura_informal":0,"pct_internet":100,"pct_celular":100,"pct_televisor":90}},{"type":"Feature","geometry":{"type":"Polygon","coordinates":[[[-64.05811,-13.26653],[-64.05658,-13.26617],[-64.05629,-13.26748],[-64.05671,-13.26759],[-64.05687,-13.26756],[-64.05811,-13.26653]]]},"properties":{"n":"MAGDALENA","p":61,"personas_x_ha":34,"masculinidad":154,"pct_menor20":49,"pct_60mas":7,"pct_migrante":34,"dependencia_econ":110,"pct_empleados":48,"pct_cuentapropia":31,"pct_agricultura":34,"pct_comercio":7,"pct_manufactura":24,"pct_construccion":10,"pct_transporte":0,"pct_alojamiento":3,"pct_sin_educacion":6,"pct_educ_superior":13,"brecha_educ":-12,"pct_sin_seguro":3,"pct_sus":87,"pct_seguro_privado":0,"brecha_seguro":5,"pct_salud_publica":34,"pct_med_tradicional":7,"pct_automedicacion":21,"pct_remedios_caseros":24,"pct_viv_desocupada":0,"pct_alquiler":0,"pct_electricidad":100,"pct_sin_electricidad":0,"pct_agua_red":60,"pct_alcantarillado":20,"pct_camara_septica":20,"pct_pozo_ciego":50,"pct_sin_desague":0,"pct_gas_red":0,"pct_gas_garrafa":50,"pct_lena_guano":50,"pct_basura_formal":70,"pct_basura_quema":30,"pct_basura_informal":0,"pct_internet":50,"pct_celular":70,"pct_televisor":60}},{"type":"Feature","geometry":{"type":"Polygon","coordinates":[[[-64.04947,-13.25845],[-64.04733,-13.25806],[-64.0473,-13.25809],[-64.04841,-13.25979],[-64.04929,-13.25987],[-64.04947,-13.25845]]]},"properties":{"n":"MAGDALENA","p":32,"personas_x_ha":11,"masculinidad":78,"pct_menor20":47,"pct_60mas":6,"pct_migrante":28,"dependencia_econ":100,"pct_empleados":25,"pct_cuentapropia":56,"pct_agricultura":19,"pct_comercio":12,"pct_manufactura":12,"pct_construccion":0,"pct_transporte":0,"pct_alojamiento":6,"pct_sin_educacion":18,"pct_educ_superior":18,"brecha_educ":-11,"pct_sin_seguro":10,"pct_sus":84,"pct_seguro_privado":0,"brecha_seguro":10,"pct_salud_publica":37,"pct_med_tradicional":1,"pct_automedicacion":11,"pct_remedios_caseros":33,"pct_viv_desocupada":0,"pct_alquiler":12,"pct_electricidad":100,"pct_sin_electricidad":0,"pct_agua_red":38,"pct_alcantarillado":0,"pct_camara_septica":38,"pct_pozo_ciego":62,"pct_sin_desague":0,"pct_gas_red":0,"pct_gas_garrafa":88,"pct_lena_guano":88,"pct_basura_formal":62,"pct_basura_quema":38,"pct_basura_informal":0,"pct_internet":100,"pct_celular":100,"pct_televisor":100}},{"type":"Feature","geometry":{"type":"Polygon","coordinates":[[[-64.05147,-13.26017],[-64.05165,-13.25888],[-64.05066,-13.25871],[-64.05047,-13.26001],[-64.05147,-13.26017]]]},"properties":{"n":"MAGDALENA","p":65,"personas_x_ha":40,"masculinidad":76,"pct_menor20":34,"pct_60mas":17,"pct_migrante":22,"dependencia_econ":540,"pct_empleados":30,"pct_cuentapropia":40,"pct_agricultura":10,"pct_comercio":30,"pct_manufactura":0,"pct_construccion":0,"pct_transporte":0,"pct_alojamiento":0,"pct_sin_educacion":0,"pct_educ_superior":14,"brecha_educ":-12,"pct_sin_seguro":15,"pct_sus":58,"pct_seguro_privado":2,"brecha_seguro":6,"pct_salud_publica":41,"pct_med_tradicional":2,"pct_automedicacion":15,"pct_remedios_caseros":33,"pct_viv_desocupada":9,"pct_alquiler":10,"pct_electricidad":100,"pct_sin_electricidad":0,"pct_agua_red":65,"pct_alcantarillado":0,"pct_camara_septica":50,"pct_pozo_ciego":35,"pct_sin_desague":0,"pct_gas_red":0,"pct_gas_garrafa":70,"pct_lena_guano":75,"pct_basura_formal":85,"pct_basura_quema":15,"pct_basura_informal":0,"pct_internet":70,"pct_celular":85,"pct_televisor":75}},{"type":"Feature","geometry":{"type":"Polygon","coordinates":[[[-64.04936,-13.25234],[-64.05148,-13.25265],[-64.0516,-13.25183],[-64.05153,-13.25173],[-64.04955,-13.25144],[-64.04936,-13.25234]]]},"properties":{"n":"MAGDALENA","p":55,"personas_x_ha":23,"masculinidad":96,"pct_menor20":53,"pct_60mas":5,"pct_migrante":38,"dependencia_econ":152,"pct_empleados":24,"pct_cuentapropia":52,"pct_agricultura":19,"pct_comercio":14,"pct_manufactura":10,"pct_construccion":0,"pct_transporte":5,"pct_alojamiento":5,"pct_sin_educacion":0,"pct_educ_superior":27,"brecha_educ":18,"pct_sin_seguro":14,"pct_sus":65,"pct_seguro_privado":0,"brecha_seguro":-12,"pct_salud_publica":28,"pct_med_tradicional":3,"pct_automedicacion":15,"pct_remedios_caseros":30,"pct_viv_desocupada":7,"pct_alquiler":0,"pct_electricidad":100,"pct_sin_electricidad":0,"pct_agua_red":25,"pct_alcantarillado":0,"pct_camara_septica":58,"pct_pozo_ciego":25,"pct_sin_desague":0,"pct_gas_red":0,"pct_gas_garrafa":75,"pct_lena_guano":75,"pct_basura_formal":33,"pct_basura_quema":58,"pct_basura_informal":17,"pct_internet":75,"pct_celular":83,"pct_televisor":75}},{"type":"Feature","geometry":{"type":"Polygon","coordinates":[[[-64.05586,-13.25967],[-64.05556,-13.26092],[-64.05643,-13.26107],[-64.05671,-13.25989],[-64.05586,-13.25967]]]},"properties":{"n":"MAGDALENA","p":78,"personas_x_ha":57,"masculinidad":123,"pct_menor20":45,"pct_60mas":12,"pct_migrante":32,"dependencia_econ":129,"pct_empleados":41,"pct_cuentapropia":47,"pct_agricultura":21,"pct_comercio":15,"pct_manufactura":12,"pct_construccion":9,"pct_transporte":3,"pct_alojamiento":0,"pct_sin_educacion":0,"pct_educ_superior":34,"brecha_educ":2,"pct_sin_seguro":11,"pct_sus":63,"pct_seguro_privado":1,"brecha_seguro":10,"pct_salud_publica":36,"pct_med_tradicional":1,"pct_automedicacion":7,"pct_remedios_caseros":34,"pct_viv_desocupada":21,"pct_alquiler":6,"pct_electricidad":100,"pct_sin_electricidad":0,"pct_agua_red":88,"pct_alcantarillado":6,"pct_camara_septica":62,"pct_pozo_ciego":31,"pct_sin_desague":0,"pct_gas_red":0,"pct_gas_garrafa":100,"pct_lena_guano":100,"pct_basura_formal":100,"pct_basura_quema":0,"pct_basura_informal":0,"pct_internet":88,"pct_celular":94,"pct_televisor":75}},{"type":"Feature","geometry":{"type":"Polygon","coordinates":[[[-64.05799,-13.25481],[-64.0592,-13.25506],[-64.05948,-13.25414],[-64.05821,-13.25391],[-64.05799,-13.25481]]]},"properties":{"n":"MAGDALENA","p":34,"personas_x_ha":24,"masculinidad":89,"pct_menor20":41,"pct_60mas":9,"pct_migrante":18,"dependencia_econ":209,"pct_empleados":9,"pct_cuentapropia":64,"pct_agricultura":36,"pct_comercio":55,"pct_manufactura":0,"pct_construccion":0,"pct_transporte":0,"pct_alojamiento":0,"pct_sin_educacion":0,"pct_educ_superior":15,"brecha_educ":8,"pct_sin_seguro":16,"pct_sus":81,"pct_seguro_privado":3,"brecha_seguro":-2,"pct_salud_publica":85,"pct_med_tradicional":0,"pct_automedicacion":0,"pct_remedios_caseros":9,"pct_viv_desocupada":0,"pct_alquiler":0,"pct_electricidad":100,"pct_sin_electricidad":0,"pct_agua_red":100,"pct_alcantarillado":20,"pct_camara_septica":50,"pct_pozo_ciego":30,"pct_sin_desague":0,"pct_gas_red":0,"pct_gas_garrafa":50,"pct_lena_guano":50,"pct_basura_formal":60,"pct_basura_quema":40,"pct_basura_informal":0,"pct_internet":30,"pct_celular":80,"pct_televisor":80}},{"type":"Feature","geometry":{"type":"Polygon","coordinates":[[[-64.04986,-13.2482],[-64.04897,-13.24806],[-64.04881,-13.24895],[-64.04973,-13.2491],[-64.04986,-13.2482]]]},"properties":{"n":"MAGDALENA","p":25,"personas_x_ha":24,"masculinidad":67,"pct_menor20":64,"pct_60mas":0,"pct_migrante":8,"dependencia_econ":400,"pct_empleados":60,"pct_cuentapropia":20,"pct_agricultura":0,"pct_comercio":0,"pct_manufactura":0,"pct_construccion":20,"pct_transporte":0,"pct_alojamiento":20,"pct_sin_educacion":0,"pct_educ_superior":22,"brecha_educ":-17,"pct_sin_seguro":8,"pct_sus":84,"pct_seguro_privado":0,"brecha_seguro":3,"pct_salud_publica":44,"pct_med_tradicional":2,"pct_automedicacion":0,"pct_remedios_caseros":48,"pct_viv_desocupada":0,"pct_alquiler":0,"pct_electricidad":100,"pct_sin_electricidad":0,"pct_agua_red":33,"pct_alcantarillado":0,"pct_camara_septica":17,"pct_pozo_ciego":0,"pct_sin_desague":0,"pct_gas_red":0,"pct_gas_garrafa":83,"pct_lena_guano":83,"pct_basura_formal":17,"pct_basura_quema":83,"pct_basura_informal":0,"pct_internet":100,"pct_celular":100,"pct_televisor":67}},{"type":"Feature","geometry":{"type":"Polygon","coordinates":[[[-64.04933,-13.26122],[-64.05125,-13.26156],[-64.05145,-13.26034],[-64.04936,-13.26006],[-64.04924,-13.2611],[-64.04933,-13.26122]]]},"properties":{"n":"MAGDALENA","p":128,"personas_x_ha":42,"masculinidad":113,"pct_menor20":45,"pct_60mas":13,"pct_migrante":23,"dependencia_econ":154,"pct_empleados":10,"pct_cuentapropia":38,"pct_agricultura":34,"pct_comercio":8,"pct_manufactura":10,"pct_construccion":2,"pct_transporte":0,"pct_alojamiento":8,"pct_sin_educacion":3,"pct_educ_superior":17,"brecha_educ":12,"pct_sin_seguro":7,"pct_sus":74,"pct_seguro_privado":0,"brecha_seguro":1,"pct_salud_publica":37,"pct_med_tradicional":11,"pct_automedicacion":8,"pct_remedios_caseros":27,"pct_viv_desocupada":3,"pct_alquiler":4,"pct_electricidad":100,"pct_sin_electricidad":0,"pct_agua_red":31,"pct_alcantarillado":4,"pct_camara_septica":27,"pct_pozo_ciego":62,"pct_sin_desague":4,"pct_gas_red":0,"pct_gas_garrafa":73,"pct_lena_guano":73,"pct_basura_formal":62,"pct_basura_quema":38,"pct_basura_informal":0,"pct_internet":69,"pct_celular":77,"pct_televisor":50}},{"type":"Feature","geometry":{"type":"Polygon","coordinates":[[[-64.05647,-13.25692],[-64.05621,-13.25808],[-64.05702,-13.25823],[-64.0573,-13.25706],[-64.05647,-13.25692]]]},"properties":{"n":"MAGDALENA","p":65,"personas_x_ha":53,"masculinidad":103,"pct_menor20":42,"pct_60mas":9,"pct_migrante":29,"dependencia_econ":132,"pct_empleados":57,"pct_cuentapropia":25,"pct_agricultura":18,"pct_comercio":14,"pct_manufactura":29,"pct_construccion":4,"pct_transporte":0,"pct_alojamiento":4,"pct_sin_educacion":2,"pct_educ_superior":24,"brecha_educ":11,"pct_sin_seguro":6,"pct_sus":88,"pct_seguro_privado":0,"brecha_seguro":6,"pct_salud_publica":80,"pct_med_tradicional":4,"pct_automedicacion":0,"pct_remedios_caseros":9,"pct_viv_desocupada":6,"pct_alquiler":20,"pct_electricidad":100,"pct_sin_electricidad":0,"pct_agua_red":47,"pct_alcantarillado":0,"pct_camara_septica":60,"pct_pozo_ciego":33,"pct_sin_desague":7,"pct_gas_red":0,"pct_gas_garrafa":87,"pct_lena_guano":87,"pct_basura_formal":93,"pct_basura_quema":7,"pct_basura_informal":0,"pct_internet":67,"pct_celular":80,"pct_televisor":60}},{"type":"Feature","geometry":{"type":"Polygon","coordinates":[[[-64.04971,-13.24929],[-64.04876,-13.24916],[-64.04864,-13.25004],[-64.04958,-13.25016],[-64.04971,-13.24929]]]},"properties":{"n":"MAGDALENA","p":56,"personas_x_ha":54,"masculinidad":65,"pct_menor20":55,"pct_60mas":0,"pct_migrante":16,"dependencia_econ":143,"pct_empleados":39,"pct_cuentapropia":43,"pct_agricultura":22,"pct_comercio":0,"pct_manufactura":17,"pct_construccion":17,"pct_transporte":4,"pct_alojamiento":0,"pct_sin_educacion":4,"pct_educ_superior":0,"brecha_educ":-4,"pct_sin_seguro":5,"pct_sus":95,"pct_seguro_privado":0,"brecha_seguro":7,"pct_salud_publica":67,"pct_med_tradicional":2,"pct_automedicacion":8,"pct_remedios_caseros":17,"pct_viv_desocupada":0,"pct_alquiler":0,"pct_electricidad":100,"pct_sin_electricidad":0,"pct_agua_red":17,"pct_alcantarillado":8,"pct_camara_septica":17,"pct_pozo_ciego":58,"pct_sin_desague":8,"pct_gas_red":8,"pct_gas_garrafa":58,"pct_lena_guano":58,"pct_basura_formal":83,"pct_basura_quema":17,"pct_basura_informal":0,"pct_internet":92,"pct_celular":83,"pct_televisor":58}},{"type":"Feature","geometry":{"type":"Polygon","coordinates":[[[-64.05658,-13.25584],[-64.05546,-13.25563],[-64.05526,-13.25659],[-64.05636,-13.25677],[-64.05658,-13.25584]]]},"properties":{"n":"MAGDALENA","p":58,"personas_x_ha":44,"masculinidad":76,"pct_menor20":47,"pct_60mas":10,"pct_migrante":28,"dependencia_econ":176,"pct_empleados":19,"pct_cuentapropia":52,"pct_agricultura":14,"pct_comercio":10,"pct_manufactura":14,"pct_construccion":19,"pct_transporte":0,"pct_alojamiento":10,"pct_sin_educacion":3,"pct_educ_superior":16,"brecha_educ":8,"pct_sin_seguro":23,"pct_sus":51,"pct_seguro_privado":0,"brecha_seguro":11,"pct_salud_publica":45,"pct_med_tradicional":3,"pct_automedicacion":8,"pct_remedios_caseros":19,"pct_viv_desocupada":9,"pct_alquiler":20,"pct_electricidad":100,"pct_sin_electricidad":0,"pct_agua_red":80,"pct_alcantarillado":20,"pct_camara_septica":50,"pct_pozo_ciego":30,"pct_sin_desague":0,"pct_gas_red":0,"pct_gas_garrafa":100,"pct_lena_guano":100,"pct_basura_formal":90,"pct_basura_quema":10,"pct_basura_informal":0,"pct_internet":80,"pct_celular":90,"pct_televisor":80}},{"type":"Feature","geometry":{"type":"Polygon","coordinates":[[[-64.05602,-13.25827],[-64.05494,-13.25804],[-64.05467,-13.2593],[-64.05573,-13.2595],[-64.05602,-13.25827]]]},"properties":{"n":"MAGDALENA","p":74,"personas_x_ha":43,"masculinidad":106,"pct_menor20":42,"pct_60mas":12,"pct_migrante":45,"dependencia_econ":185,"pct_empleados":27,"pct_cuentapropia":46,"pct_agricultura":23,"pct_comercio":8,"pct_manufactura":4,"pct_construccion":8,"pct_transporte":8,"pct_alojamiento":15,"pct_sin_educacion":0,"pct_educ_superior":20,"brecha_educ":7,"pct_sin_seguro":14,"pct_sus":68,"pct_seguro_privado":0,"brecha_seguro":10,"pct_salud_publica":42,"pct_med_tradicional":8,"pct_automedicacion":10,"pct_remedios_caseros":17,"pct_viv_desocupada":6,"pct_alquiler":6,"pct_electricidad":100,"pct_sin_electricidad":0,"pct_agua_red":53,"pct_alcantarillado":35,"pct_camara_septica":41,"pct_pozo_ciego":24,"pct_sin_desague":0,"pct_gas_red":0,"pct_gas_garrafa":100,"pct_lena_guano":100,"pct_basura_formal":100,"pct_basura_quema":0,"pct_basura_informal":0,"pct_internet":59,"pct_celular":65,"pct_televisor":71}},{"type":"Feature","geometry":{"type":"Polygon","coordinates":[[[-64.05393,-13.26211],[-64.0542,-13.26082],[-64.05299,-13.26057],[-64.05276,-13.26185],[-64.05393,-13.26211]]]},"properties":{"n":"MAGDALENA","p":83,"personas_x_ha":43,"masculinidad":144,"pct_menor20":51,"pct_60mas":13,"pct_migrante":29,"dependencia_econ":134,"pct_empleados":20,"pct_cuentapropia":49,"pct_agricultura":17,"pct_comercio":26,"pct_manufactura":9,"pct_construccion":6,"pct_transporte":6,"pct_alojamiento":0,"pct_sin_educacion":2,"pct_educ_superior":21,"brecha_educ":5,"pct_sin_seguro":11,"pct_sus":79,"pct_seguro_privado":0,"brecha_seguro":3,"pct_salud_publica":30,"pct_med_tradicional":9,"pct_automedicacion":11,"pct_remedios_caseros":29,"pct_viv_desocupada":0,"pct_alquiler":20,"pct_electricidad":100,"pct_sin_electricidad":0,"pct_agua_red":65,"pct_alcantarillado":10,"pct_camara_septica":40,"pct_pozo_ciego":50,"pct_sin_desague":0,"pct_gas_red":0,"pct_gas_garrafa":70,"pct_lena_guano":70,"pct_basura_formal":100,"pct_basura_quema":0,"pct_basura_informal":0,"pct_internet":75,"pct_celular":85,"pct_televisor":60}},{"type":"Feature","geometry":{"type":"Polygon","coordinates":[[[-64.0562,-13.25139],[-64.05481,-13.25119],[-64.05464,-13.25208],[-64.05601,-13.25229],[-64.0562,-13.25139]]]},"properties":{"n":"MAGDALENA","p":43,"personas_x_ha":28,"masculinidad":105,"pct_menor20":44,"pct_60mas":12,"pct_migrante":9,"dependencia_econ":95,"pct_empleados":16,"pct_cuentapropia":63,"pct_agricultura":47,"pct_comercio":0,"pct_manufactura":5,"pct_construccion":16,"pct_transporte":0,"pct_alojamiento":11,"pct_sin_educacion":0,"pct_educ_superior":19,"brecha_educ":17,"pct_sin_seguro":14,"pct_sus":78,"pct_seguro_privado":0,"brecha_seguro":-5,"pct_salud_publica":57,"pct_med_tradicional":0,"pct_automedicacion":0,"pct_remedios_caseros":30,"pct_viv_desocupada":0,"pct_alquiler":10,"pct_electricidad":100,"pct_sin_electricidad":0,"pct_agua_red":20,"pct_alcantarillado":0,"pct_camara_septica":50,"pct_pozo_ciego":50,"pct_sin_desague":0,"pct_gas_red":0,"pct_gas_garrafa":70,"pct_lena_guano":70,"pct_basura_formal":50,"pct_basura_quema":50,"pct_basura_informal":0,"pct_internet":80,"pct_celular":80,"pct_televisor":80}},{"type":"Feature","geometry":{"type":"Polygon","coordinates":[[[-64.0482,-13.25319],[-64.04652,-13.25483],[-64.04654,-13.25511],[-64.04683,-13.25527],[-64.04881,-13.25556],[-64.04908,-13.25404],[-64.0482,-13.25319]]]},"properties":{"n":"MAGDALENA","p":45,"personas_x_ha":10,"masculinidad":150,"pct_menor20":51,"pct_60mas":7,"pct_migrante":27,"dependencia_econ":181,"pct_empleados":38,"pct_cuentapropia":44,"pct_agricultura":25,"pct_comercio":19,"pct_manufactura":6,"pct_construccion":12,"pct_transporte":0,"pct_alojamiento":6,"pct_sin_educacion":4,"pct_educ_superior":26,"brecha_educ":-20,"pct_sin_seguro":43,"pct_sus":55,"pct_seguro_privado":0,"brecha_seguro":17,"pct_salud_publica":77,"pct_med_tradicional":4,"pct_automedicacion":0,"pct_remedios_caseros":15,"pct_viv_desocupada":0,"pct_alquiler":0,"pct_electricidad":100,"pct_sin_electricidad":0,"pct_agua_red":82,"pct_alcantarillado":27,"pct_camara_septica":9,"pct_pozo_ciego":45,"pct_sin_desague":0,"pct_gas_red":0,"pct_gas_garrafa":64,"pct_lena_guano":64,"pct_basura_formal":64,"pct_basura_quema":36,"pct_basura_informal":0,"pct_internet":73,"pct_celular":73,"pct_televisor":73}},{"type":"Feature","geometry":{"type":"Polygon","coordinates":[[[-64.05758,-13.26143],[-64.05653,-13.26125],[-64.05626,-13.26252],[-64.05723,-13.2627],[-64.05758,-13.26143]]]},"properties":{"n":"MAGDALENA","p":103,"personas_x_ha":64,"masculinidad":98,"pct_menor20":43,"pct_60mas":9,"pct_migrante":28,"dependencia_econ":186,"pct_empleados":39,"pct_cuentapropia":39,"pct_agricultura":19,"pct_comercio":22,"pct_manufactura":11,"pct_construccion":6,"pct_transporte":8,"pct_alojamiento":3,"pct_sin_educacion":17,"pct_educ_superior":12,"brecha_educ":23,"pct_sin_seguro":21,"pct_sus":58,"pct_seguro_privado":2,"brecha_seguro":25,"pct_salud_publica":45,"pct_med_tradicional":1,"pct_automedicacion":17,"pct_remedios_caseros":18,"pct_viv_desocupada":8,"pct_alquiler":9,"pct_electricidad":100,"pct_sin_electricidad":0,"pct_agua_red":67,"pct_alcantarillado":15,"pct_camara_septica":39,"pct_pozo_ciego":30,"pct_sin_desague":6,"pct_gas_red":0,"pct_gas_garrafa":91,"pct_lena_guano":91,"pct_basura_formal":91,"pct_basura_quema":9,"pct_basura_informal":0,"pct_internet":76,"pct_celular":82,"pct_televisor":70}},{"type":"Feature","geometry":{"type":"Polygon","coordinates":[[[-64.0558,-13.26364],[-64.05494,-13.26347],[-64.05472,-13.2645],[-64.05554,-13.2647],[-64.0558,-13.26364]]]},"properties":{"n":"MAGDALENA","p":60,"personas_x_ha":52,"masculinidad":107,"pct_menor20":40,"pct_60mas":15,"pct_migrante":30,"dependencia_econ":96,"pct_empleados":48,"pct_cuentapropia":41,"pct_agricultura":19,"pct_comercio":15,"pct_manufactura":7,"pct_construccion":4,"pct_transporte":0,"pct_alojamiento":7,"pct_sin_educacion":0,"pct_educ_superior":44,"brecha_educ":0,"pct_sin_seguro":4,"pct_sus":62,"pct_seguro_privado":4,"brecha_seguro":7,"pct_salud_publica":20,"pct_med_tradicional":1,"pct_automedicacion":21,"pct_remedios_caseros":22,"pct_viv_desocupada":4,"pct_alquiler":12,"pct_electricidad":100,"pct_sin_electricidad":0,"pct_agua_red":100,"pct_alcantarillado":6,"pct_camara_septica":88,"pct_pozo_ciego":6,"pct_sin_desague":0,"pct_gas_red":0,"pct_gas_garrafa":88,"pct_lena_guano":88,"pct_basura_formal":100,"pct_basura_quema":0,"pct_basura_informal":0,"pct_internet":100,"pct_celular":100,"pct_televisor":100}},{"type":"Feature","geometry":{"type":"Polygon","coordinates":[[[-64.05879,-13.26426],[-64.05712,-13.26392],[-64.05685,-13.26498],[-64.05846,-13.26533],[-64.05879,-13.26426]]]},"properties":{"n":"MAGDALENA","p":100,"personas_x_ha":44,"masculinidad":113,"pct_menor20":35,"pct_60mas":21,"pct_migrante":33,"dependencia_econ":96,"pct_empleados":32,"pct_cuentapropia":46,"pct_agricultura":22,"pct_comercio":14,"pct_manufactura":20,"pct_construccion":4,"pct_transporte":0,"pct_alojamiento":6,"pct_sin_educacion":5,"pct_educ_superior":23,"brecha_educ":-2,"pct_sin_seguro":6,"pct_sus":74,"pct_seguro_privado":6,"brecha_seguro":4,"pct_salud_publica":30,"pct_med_tradicional":3,"pct_automedicacion":20,"pct_remedios_caseros":28,"pct_viv_desocupada":9,"pct_alquiler":0,"pct_electricidad":100,"pct_sin_electricidad":0,"pct_agua_red":46,"pct_alcantarillado":4,"pct_camara_septica":54,"pct_pozo_ciego":39,"pct_sin_desague":0,"pct_gas_red":0,"pct_gas_garrafa":79,"pct_lena_guano":79,"pct_basura_formal":93,"pct_basura_quema":4,"pct_basura_informal":0,"pct_internet":71,"pct_celular":82,"pct_televisor":79}},{"type":"Feature","geometry":{"type":"Polygon","coordinates":[[[-64.05608,-13.26247],[-64.05637,-13.26125],[-64.05554,-13.26106],[-64.05525,-13.26231],[-64.05608,-13.26247]]]},"properties":{"n":"MAGDALENA","p":62,"personas_x_ha":46,"masculinidad":82,"pct_menor20":42,"pct_60mas":18,"pct_migrante":34,"dependencia_econ":130,"pct_empleados":37,"pct_cuentapropia":44,"pct_agricultura":4,"pct_comercio":26,"pct_manufactura":0,"pct_construccion":15,"pct_transporte":0,"pct_alojamiento":0,"pct_sin_educacion":0,"pct_educ_superior":41,"brecha_educ":-9,"pct_sin_seguro":23,"pct_sus":35,"pct_seguro_privado":10,"brecha_seguro":17,"pct_salud_publica":17,"pct_med_tradicional":8,"pct_automedicacion":12,"pct_remedios_caseros":22,"pct_viv_desocupada":5,"pct_alquiler":11,"pct_electricidad":100,"pct_sin_electricidad":0,"pct_agua_red":83,"pct_alcantarillado":6,"pct_camara_septica":67,"pct_pozo_ciego":28,"pct_sin_desague":0,"pct_gas_red":0,"pct_gas_garrafa":100,"pct_lena_guano":100,"pct_basura_formal":100,"pct_basura_quema":0,"pct_basura_informal":0,"pct_internet":83,"pct_celular":94,"pct_televisor":67}},{"type":"Feature","geometry":{"type":"Polygon","coordinates":[[[-64.06705,-13.26463],[-64.06763,-13.26345],[-64.06583,-13.263],[-64.06534,-13.26435],[-64.06685,-13.26467],[-64.06705,-13.26463]]]},"properties":{"n":"MAGDALENA","p":20,"personas_x_ha":7,"masculinidad":186,"pct_menor20":50,"pct_60mas":0,"pct_migrante":5,"dependencia_econ":82,"pct_empleados":45,"pct_cuentapropia":27,"pct_agricultura":55,"pct_comercio":0,"pct_manufactura":27,"pct_construccion":9,"pct_transporte":0,"pct_alojamiento":0,"pct_sin_educacion":0,"pct_educ_superior":10,"brecha_educ":-8,"pct_sin_seguro":0,"pct_sus":100,"pct_seguro_privado":0,"brecha_seguro":0,"pct_salud_publica":77,"pct_med_tradicional":0,"pct_automedicacion":12,"pct_remedios_caseros":12,"pct_viv_desocupada":0,"pct_alquiler":0,"pct_electricidad":100,"pct_sin_electricidad":0,"pct_agua_red":0,"pct_alcantarillado":0,"pct_camara_septica":0,"pct_pozo_ciego":75,"pct_sin_desague":25,"pct_gas_red":0,"pct_gas_garrafa":0,"pct_lena_guano":0,"pct_basura_formal":0,"pct_basura_quema":100,"pct_basura_informal":0,"pct_internet":25,"pct_celular":25,"pct_televisor":50}},{"type":"Feature","geometry":{"type":"Polygon","coordinates":[[[-64.05185,-13.26586],[-64.04932,-13.2641],[-64.04966,-13.26354],[-64.05218,-13.26408],[-64.05185,-13.26586]]]},"properties":{"n":"MAGDALENA","p":32,"personas_x_ha":8,"masculinidad":78,"pct_menor20":41,"pct_60mas":19,"pct_migrante":16,"dependencia_econ":88,"pct_empleados":59,"pct_cuentapropia":35,"pct_agricultura":24,"pct_comercio":0,"pct_manufactura":6,"pct_construccion":6,"pct_transporte":0,"pct_alojamiento":0,"pct_sin_educacion":0,"pct_educ_superior":42,"brecha_educ":0,"pct_sin_seguro":16,"pct_sus":81,"pct_seguro_privado":0,"brecha_seguro":10,"pct_salud_publica":32,"pct_med_tradicional":0,"pct_automedicacion":19,"pct_remedios_caseros":26,"pct_viv_desocupada":38,"pct_alquiler":12,"pct_electricidad":100,"pct_sin_electricidad":0,"pct_agua_red":88,"pct_alcantarillado":0,"pct_camara_septica":88,"pct_pozo_ciego":12,"pct_sin_desague":0,"pct_gas_red":0,"pct_gas_garrafa":88,"pct_lena_guano":88,"pct_basura_formal":100,"pct_basura_quema":0,"pct_basura_informal":0,"pct_internet":75,"pct_celular":88,"pct_televisor":88}},{"type":"Feature","geometry":{"type":"Polygon","coordinates":[[[-64.05455,-13.26461],[-64.05362,-13.2644],[-64.05318,-13.26641],[-64.05409,-13.26672],[-64.05455,-13.26461]]]},"properties":{"n":"MAGDALENA","p":37,"personas_x_ha":15,"masculinidad":68,"pct_menor20":38,"pct_60mas":30,"pct_migrante":22,"dependencia_econ":106,"pct_empleados":28,"pct_cuentapropia":28,"pct_agricultura":28,"pct_comercio":11,"pct_manufactura":6,"pct_construccion":0,"pct_transporte":6,"pct_alojamiento":0,"pct_sin_educacion":0,"pct_educ_superior":30,"brecha_educ":-7,"pct_sin_seguro":14,"pct_sus":43,"pct_seguro_privado":5,"brecha_seguro":11,"pct_salud_publica":23,"pct_med_tradicional":4,"pct_automedicacion":16,"pct_remedios_caseros":29,"pct_viv_desocupada":12,"pct_alquiler":0,"pct_electricidad":100,"pct_sin_electricidad":0,"pct_agua_red":69,"pct_alcantarillado":8,"pct_camara_septica":46,"pct_pozo_ciego":46,"pct_sin_desague":0,"pct_gas_red":0,"pct_gas_garrafa":92,"pct_lena_guano":92,"pct_basura_formal":92,"pct_basura_quema":8,"pct_basura_informal":0,"pct_internet":77,"pct_celular":85,"pct_televisor":85}},{"type":"Feature","geometry":{"type":"Polygon","coordinates":[[[-64.0645,-13.26545],[-64.06358,-13.26526],[-64.0634,-13.26615],[-64.06427,-13.26635],[-64.0645,-13.26545]]]},"properties":{"n":"MAGDALENA","p":20,"personas_x_ha":20,"masculinidad":122,"pct_menor20":50,"pct_60mas":10,"pct_migrante":30,"dependencia_econ":122,"pct_empleados":11,"pct_cuentapropia":67,"pct_agricultura":22,"pct_comercio":0,"pct_manufactura":11,"pct_construccion":44,"pct_transporte":0,"pct_alojamiento":22,"pct_sin_educacion":20,"pct_educ_superior":20,"brecha_educ":-67,"pct_sin_seguro":5,"pct_sus":95,"pct_seguro_privado":0,"brecha_seguro":-11,"pct_salud_publica":49,"pct_med_tradicional":15,"pct_automedicacion":15,"pct_remedios_caseros":15,"pct_viv_desocupada":12,"pct_alquiler":0,"pct_electricidad":100,"pct_sin_electricidad":0,"pct_agua_red":17,"pct_alcantarillado":0,"pct_camara_septica":50,"pct_pozo_ciego":50,"pct_sin_desague":0,"pct_gas_red":0,"pct_gas_garrafa":33,"pct_lena_guano":33,"pct_basura_formal":67,"pct_basura_quema":17,"pct_basura_informal":33,"pct_internet":50,"pct_celular":83,"pct_televisor":83}},{"type":"Feature","geometry":{"type":"Polygon","coordinates":[[[-64.05702,-13.25843],[-64.05616,-13.25826],[-64.05587,-13.2595],[-64.05672,-13.25969],[-64.05702,-13.25843]]]},"properties":{"n":"MAGDALENA","p":96,"personas_x_ha":69,"masculinidad":118,"pct_menor20":44,"pct_60mas":8,"pct_migrante":14,"dependencia_econ":138,"pct_empleados":10,"pct_cuentapropia":35,"pct_agricultura":32,"pct_comercio":20,"pct_manufactura":8,"pct_construccion":8,"pct_transporte":5,"pct_alojamiento":0,"pct_sin_educacion":8,"pct_educ_superior":11,"brecha_educ":-1,"pct_sin_seguro":8,"pct_sus":82,"pct_seguro_privado":0,"brecha_seguro":11,"pct_salud_publica":48,"pct_med_tradicional":1,"pct_automedicacion":14,"pct_remedios_caseros":29,"pct_viv_desocupada":8,"pct_alquiler":0,"pct_electricidad":100,"pct_sin_electricidad":0,"pct_agua_red":76,"pct_alcantarillado":14,"pct_camara_septica":48,"pct_pozo_ciego":24,"pct_sin_desague":10,"pct_gas_red":0,"pct_gas_garrafa":86,"pct_lena_guano":86,"pct_basura_formal":95,"pct_basura_quema":5,"pct_basura_informal":0,"pct_internet":62,"pct_celular":76,"pct_televisor":76}},{"type":"Feature","geometry":{"type":"Polygon","coordinates":[[[-64.05571,-13.26485],[-64.05518,-13.26713],[-64.05612,-13.26744],[-64.05664,-13.26509],[-64.05571,-13.26485]]]},"properties":{"n":"MAGDALENA","p":100,"personas_x_ha":36,"masculinidad":82,"pct_menor20":36,"pct_60mas":15,"pct_migrante":22,"dependencia_econ":82,"pct_empleados":24,"pct_cuentapropia":60,"pct_agricultura":13,"pct_comercio":15,"pct_manufactura":9,"pct_construccion":25,"pct_transporte":2,"pct_alojamiento":9,"pct_sin_educacion":0,"pct_educ_superior":35,"brecha_educ":0,"pct_sin_seguro":7,"pct_sus":70,"pct_seguro_privado":0,"brecha_seguro":-1,"pct_salud_publica":42,"pct_med_tradicional":7,"pct_automedicacion":15,"pct_remedios_caseros":21,"pct_viv_desocupada":4,"pct_alquiler":4,"pct_electricidad":100,"pct_sin_electricidad":0,"pct_agua_red":77,"pct_alcantarillado":23,"pct_camara_septica":42,"pct_pozo_ciego":31,"pct_sin_desague":4,"pct_gas_red":0,"pct_gas_garrafa":69,"pct_lena_guano":69,"pct_basura_formal":77,"pct_basura_quema":23,"pct_basura_informal":0,"pct_internet":54,"pct_celular":69,"pct_televisor":62}},{"type":"Feature","geometry":{"type":"Polygon","coordinates":[[[-64.05905,-13.2664],[-64.06056,-13.26678],[-64.06028,-13.2679],[-64.05884,-13.26746],[-64.05905,-13.2664]]]},"properties":{"n":"MAGDALENA","p":77,"personas_x_ha":37,"masculinidad":133,"pct_menor20":53,"pct_60mas":10,"pct_migrante":13,"dependencia_econ":196,"pct_empleados":23,"pct_cuentapropia":65,"pct_agricultura":23,"pct_comercio":15,"pct_manufactura":19,"pct_construccion":15,"pct_transporte":0,"pct_alojamiento":8,"pct_sin_educacion":0,"pct_educ_superior":6,"brecha_educ":-10,"pct_sin_seguro":26,"pct_sus":73,"pct_seguro_privado":0,"brecha_seguro":24,"pct_salud_publica":29,"pct_med_tradicional":2,"pct_automedicacion":26,"pct_remedios_caseros":30,"pct_viv_desocupada":0,"pct_alquiler":6,"pct_electricidad":100,"pct_sin_electricidad":0,"pct_agua_red":12,"pct_alcantarillado":0,"pct_camara_septica":18,"pct_pozo_ciego":65,"pct_sin_desague":0,"pct_gas_red":0,"pct_gas_garrafa":59,"pct_lena_guano":59,"pct_basura_formal":41,"pct_basura_quema":53,"pct_basura_informal":0,"pct_internet":82,"pct_celular":82,"pct_televisor":88}},{"type":"Feature","geometry":{"type":"Polygon","coordinates":[[[-64.05848,-13.26637],[-64.05696,-13.26766],[-64.0574,-13.26799],[-64.05863,-13.26867],[-64.0589,-13.26642],[-64.05848,-13.26637]]]},"properties":{"n":"MAGDALENA","p":46,"personas_x_ha":16,"masculinidad":109,"pct_menor20":59,"pct_60mas":4,"pct_migrante":15,"dependencia_econ":150,"pct_empleados":39,"pct_cuentapropia":50,"pct_agricultura":33,"pct_comercio":0,"pct_manufactura":0,"pct_construccion":17,"pct_transporte":6,"pct_alojamiento":17,"pct_sin_educacion":10,"pct_educ_superior":10,"brecha_educ":-7,"pct_sin_seguro":16,"pct_sus":62,"pct_seguro_privado":7,"brecha_seguro":2,"pct_salud_publica":27,"pct_med_tradicional":12,"pct_automedicacion":12,"pct_remedios_caseros":33,"pct_viv_desocupada":10,"pct_alquiler":11,"pct_electricidad":100,"pct_sin_electricidad":0,"pct_agua_red":22,"pct_alcantarillado":11,"pct_camara_septica":22,"pct_pozo_ciego":67,"pct_sin_desague":0,"pct_gas_red":0,"pct_gas_garrafa":78,"pct_lena_guano":78,"pct_basura_formal":22,"pct_basura_quema":67,"pct_basura_informal":22,"pct_internet":78,"pct_celular":89,"pct_televisor":89}},{"type":"Feature","geometry":{"type":"Polygon","coordinates":[[[-64.05729,-13.25267],[-64.05613,-13.2525],[-64.05597,-13.25339],[-64.0571,-13.25358],[-64.05729,-13.25267]]]},"properties":{"n":"MAGDALENA","p":32,"personas_x_ha":25,"masculinidad":146,"pct_menor20":34,"pct_60mas":6,"pct_migrante":22,"dependencia_econ":88,"pct_empleados":18,"pct_cuentapropia":71,"pct_agricultura":35,"pct_comercio":0,"pct_manufactura":0,"pct_construccion":18,"pct_transporte":6,"pct_alojamiento":6,"pct_sin_educacion":0,"pct_educ_superior":23,"brecha_educ":-4,"pct_sin_seguro":38,"pct_sus":38,"pct_seguro_privado":0,"brecha_seguro":11,"pct_salud_publica":28,"pct_med_tradicional":1,"pct_automedicacion":18,"pct_remedios_caseros":38,"pct_viv_desocupada":0,"pct_alquiler":0,"pct_electricidad":100,"pct_sin_electricidad":0,"pct_agua_red":25,"pct_alcantarillado":0,"pct_camara_septica":12,"pct_pozo_ciego":25,"pct_sin_desague":0,"pct_gas_red":0,"pct_gas_garrafa":62,"pct_lena_guano":62,"pct_basura_formal":38,"pct_basura_quema":62,"pct_basura_informal":0,"pct_internet":75,"pct_celular":75,"pct_televisor":75}},{"type":"Feature","geometry":{"type":"Polygon","coordinates":[[[-64.05123,-13.2617],[-64.04942,-13.26136],[-64.04937,-13.2614],[-64.04952,-13.26222],[-64.05111,-13.2625],[-64.05123,-13.2617]]]},"properties":{"n":"MAGDALENA","p":95,"personas_x_ha":54,"masculinidad":121,"pct_menor20":44,"pct_60mas":5,"pct_migrante":26,"dependencia_econ":174,"pct_empleados":44,"pct_cuentapropia":41,"pct_agricultura":18,"pct_comercio":29,"pct_manufactura":0,"pct_construccion":15,"pct_transporte":0,"pct_alojamiento":0,"pct_sin_educacion":0,"pct_educ_superior":21,"brecha_educ":-6,"pct_sin_seguro":17,"pct_sus":67,"pct_seguro_privado":0,"brecha_seguro":18,"pct_salud_publica":35,"pct_med_tradicional":7,"pct_automedicacion":13,"pct_remedios_caseros":29,"pct_viv_desocupada":5,"pct_alquiler":0,"pct_electricidad":100,"pct_sin_electricidad":0,"pct_agua_red":75,"pct_alcantarillado":5,"pct_camara_septica":45,"pct_pozo_ciego":40,"pct_sin_desague":5,"pct_gas_red":0,"pct_gas_garrafa":75,"pct_lena_guano":75,"pct_basura_formal":95,"pct_basura_quema":5,"pct_basura_informal":0,"pct_internet":65,"pct_celular":90,"pct_televisor":70}},{"type":"Feature","geometry":{"type":"Polygon","coordinates":[[[-64.05919,-13.26171],[-64.05771,-13.26147],[-64.05739,-13.26274],[-64.059,-13.26306],[-64.05919,-13.26171]]]},"properties":{"n":"MAGDALENA","p":92,"personas_x_ha":36,"masculinidad":84,"pct_menor20":41,"pct_60mas":12,"pct_migrante":27,"dependencia_econ":207,"pct_empleados":23,"pct_cuentapropia":37,"pct_agricultura":27,"pct_comercio":7,"pct_manufactura":3,"pct_construccion":13,"pct_transporte":3,"pct_alojamiento":7,"pct_sin_educacion":4,"pct_educ_superior":24,"brecha_educ":5,"pct_sin_seguro":15,"pct_sus":75,"pct_seguro_privado":2,"brecha_seguro":10,"pct_salud_publica":37,"pct_med_tradicional":2,"pct_automedicacion":12,"pct_remedios_caseros":36,"pct_viv_desocupada":5,"pct_alquiler":11,"pct_electricidad":100,"pct_sin_electricidad":0,"pct_agua_red":32,"pct_alcantarillado":0,"pct_camara_septica":68,"pct_pozo_ciego":32,"pct_sin_desague":0,"pct_gas_red":0,"pct_gas_garrafa":58,"pct_lena_guano":58,"pct_basura_formal":84,"pct_basura_quema":16,"pct_basura_informal":0,"pct_internet":74,"pct_celular":79,"pct_televisor":74}},{"type":"Feature","geometry":{"type":"Polygon","coordinates":[[[-64.06593,-13.26089],[-64.06599,-13.26017],[-64.06359,-13.25989],[-64.06373,-13.26064],[-64.06593,-13.26089]]]},"properties":{"n":"MAGDALENA","p":23,"personas_x_ha":11,"masculinidad":156,"pct_menor20":39,"pct_60mas":0,"pct_migrante":30,"dependencia_econ":156,"pct_empleados":33,"pct_cuentapropia":56,"pct_agricultura":22,"pct_comercio":22,"pct_manufactura":22,"pct_construccion":11,"pct_transporte":0,"pct_alojamiento":0,"pct_sin_educacion":0,"pct_educ_superior":21,"brecha_educ":0,"pct_sin_seguro":13,"pct_sus":87,"pct_seguro_privado":0,"brecha_seguro":21,"pct_salud_publica":51,"pct_med_tradicional":7,"pct_automedicacion":16,"pct_remedios_caseros":18,"pct_viv_desocupada":0,"pct_alquiler":0,"pct_electricidad":100,"pct_sin_electricidad":0,"pct_agua_red":71,"pct_alcantarillado":0,"pct_camara_septica":29,"pct_pozo_ciego":71,"pct_sin_desague":0,"pct_gas_red":0,"pct_gas_garrafa":86,"pct_lena_guano":86,"pct_basura_formal":57,"pct_basura_quema":43,"pct_basura_informal":0,"pct_internet":86,"pct_celular":86,"pct_televisor":57}},{"type":"Feature","geometry":{"type":"Polygon","coordinates":[[[-64.05525,-13.25564],[-64.05394,-13.25546],[-64.0538,-13.25635],[-64.05509,-13.25654],[-64.05525,-13.25564]]]},"properties":{"n":"MAGDALENA","p":23,"personas_x_ha":16,"masculinidad":92,"pct_menor20":39,"pct_60mas":4,"pct_migrante":39,"dependencia_econ":125,"pct_empleados":75,"pct_cuentapropia":25,"pct_agricultura":0,"pct_comercio":0,"pct_manufactura":0,"pct_construccion":12,"pct_transporte":0,"pct_alojamiento":12,"pct_sin_educacion":8,"pct_educ_superior":46,"brecha_educ":-20,"pct_sin_seguro":29,"pct_sus":29,"pct_seguro_privado":0,"brecha_seguro":-32,"pct_salud_publica":16,"pct_med_tradicional":13,"pct_automedicacion":22,"pct_remedios_caseros":22,"pct_viv_desocupada":0,"pct_alquiler":40,"pct_electricidad":100,"pct_sin_electricidad":0,"pct_agua_red":80,"pct_alcantarillado":40,"pct_camara_septica":40,"pct_pozo_ciego":20,"pct_sin_desague":0,"pct_gas_red":0,"pct_gas_garrafa":80,"pct_lena_guano":80,"pct_basura_formal":100,"pct_basura_quema":0,"pct_basura_informal":0,"pct_internet":80,"pct_celular":80,"pct_televisor":80}},{"type":"Feature","geometry":{"type":"Polygon","coordinates":[[[-64.05221,-13.25518],[-64.05125,-13.25503],[-64.0511,-13.25593],[-64.05207,-13.25609],[-64.05221,-13.25518]]]},"properties":{"n":"MAGDALENA","p":36,"personas_x_ha":33,"masculinidad":100,"pct_menor20":42,"pct_60mas":3,"pct_migrante":11,"dependencia_econ":227,"pct_empleados":73,"pct_cuentapropia":9,"pct_agricultura":18,"pct_comercio":9,"pct_manufactura":0,"pct_construccion":27,"pct_transporte":0,"pct_alojamiento":0,"pct_sin_educacion":0,"pct_educ_superior":22,"brecha_educ":-33,"pct_sin_seguro":3,"pct_sus":97,"pct_seguro_privado":0,"brecha_seguro":-6,"pct_salud_publica":58,"pct_med_tradicional":0,"pct_automedicacion":10,"pct_remedios_caseros":32,"pct_viv_desocupada":0,"pct_alquiler":0,"pct_electricidad":100,"pct_sin_electricidad":0,"pct_agua_red":56,"pct_alcantarillado":0,"pct_camara_septica":33,"pct_pozo_ciego":67,"pct_sin_desague":0,"pct_gas_red":0,"pct_gas_garrafa":89,"pct_lena_guano":89,"pct_basura_formal":67,"pct_basura_quema":33,"pct_basura_informal":0,"pct_internet":44,"pct_celular":78,"pct_televisor":44}},{"type":"Feature","geometry":{"type":"Polygon","coordinates":[[[-64.05145,-13.25285],[-64.04933,-13.25252],[-64.04912,-13.25387],[-64.05082,-13.2555],[-64.05101,-13.2555],[-64.05145,-13.25285]]]},"properties":{"n":"MAGDALENA","p":81,"personas_x_ha":15,"masculinidad":88,"pct_menor20":42,"pct_60mas":6,"pct_migrante":7,"dependencia_econ":126,"pct_empleados":15,"pct_cuentapropia":41,"pct_agricultura":12,"pct_comercio":32,"pct_manufactura":9,"pct_construccion":9,"pct_transporte":0,"pct_alojamiento":9,"pct_sin_educacion":0,"pct_educ_superior":15,"brecha_educ":6,"pct_sin_seguro":12,"pct_sus":75,"pct_seguro_privado":0,"brecha_seguro":16,"pct_salud_publica":30,"pct_med_tradicional":13,"pct_automedicacion":18,"pct_remedios_caseros":29,"pct_viv_desocupada":0,"pct_alquiler":0,"pct_electricidad":100,"pct_sin_electricidad":0,"pct_agua_red":86,"pct_alcantarillado":19,"pct_camara_septica":43,"pct_pozo_ciego":38,"pct_sin_desague":0,"pct_gas_red":0,"pct_gas_garrafa":71,"pct_lena_guano":71,"pct_basura_formal":71,"pct_basura_quema":29,"pct_basura_informal":0,"pct_internet":71,"pct_celular":81,"pct_televisor":90}},{"type":"Feature","geometry":{"type":"Polygon","coordinates":[[[-64.0582,-13.24943],[-64.05856,-13.24946],[-64.0582,-13.24946],[-64.05798,-13.25043],[-64.05886,-13.25054],[-64.05984,-13.24685],[-64.05904,-13.24593],[-64.0582,-13.24943]]]},"properties":{"n":"MAGDALENA","p":24,"personas_x_ha":5,"masculinidad":85,"pct_menor20":46,"pct_60mas":12,"pct_migrante":38,"dependencia_econ":118,"pct_empleados":45,"pct_cuentapropia":45,"pct_agricultura":36,"pct_comercio":0,"pct_manufactura":18,"pct_construccion":9,"pct_transporte":0,"pct_alojamiento":0,"pct_sin_educacion":15,"pct_educ_superior":0,"brecha_educ":5,"pct_sin_seguro":29,"pct_sus":71,"pct_seguro_privado":0,"brecha_seguro":3,"pct_salud_publica":73,"pct_med_tradicional":0,"pct_automedicacion":4,"pct_remedios_caseros":15,"pct_viv_desocupada":0,"pct_alquiler":38,"pct_electricidad":100,"pct_sin_electricidad":0,"pct_agua_red":25,"pct_alcantarillado":0,"pct_camara_septica":12,"pct_pozo_ciego":25,"pct_sin_desague":62,"pct_gas_red":0,"pct_gas_garrafa":50,"pct_lena_guano":50,"pct_basura_formal":12,"pct_basura_quema":75,"pct_basura_informal":0,"pct_internet":62,"pct_celular":75,"pct_televisor":25}},{"type":"Feature","geometry":{"type":"Polygon","coordinates":[[[-64.06427,-13.26427],[-64.06399,-13.26514],[-64.06487,-13.26535],[-64.06515,-13.26447],[-64.06427,-13.26427]]]},"properties":{"n":"MAGDALENA","p":28,"personas_x_ha":27,"masculinidad":155,"pct_menor20":46,"pct_60mas":7,"pct_migrante":21,"dependencia_econ":127,"pct_empleados":27,"pct_cuentapropia":73,"pct_agricultura":64,"pct_comercio":0,"pct_manufactura":9,"pct_construccion":18,"pct_transporte":0,"pct_alojamiento":0,"pct_sin_educacion":0,"pct_educ_superior":0,"brecha_educ":-28,"pct_sin_seguro":0,"pct_sus":100,"pct_seguro_privado":0,"brecha_seguro":0,"pct_salud_publica":68,"pct_med_tradicional":5,"pct_automedicacion":0,"pct_remedios_caseros":24,"pct_viv_desocupada":44,"pct_alquiler":0,"pct_electricidad":100,"pct_sin_electricidad":0,"pct_agua_red":0,"pct_alcantarillado":0,"pct_camara_septica":100,"pct_pozo_ciego":0,"pct_sin_desague":0,"pct_gas_red":0,"pct_gas_garrafa":60,"pct_lena_guano":60,"pct_basura_formal":20,"pct_basura_quema":60,"pct_basura_informal":40,"pct_internet":60,"pct_celular":60,"pct_televisor":80}},{"type":"Feature","geometry":{"type":"Polygon","coordinates":[[[-64.05454,-13.25924],[-64.0548,-13.25801],[-64.05353,-13.25777],[-64.05329,-13.25902],[-64.05454,-13.25924]]]},"properties":{"n":"MAGDALENA","p":60,"personas_x_ha":31,"masculinidad":107,"pct_menor20":43,"pct_60mas":13,"pct_migrante":33,"dependencia_econ":131,"pct_empleados":46,"pct_cuentapropia":23,"pct_agricultura":23,"pct_comercio":15,"pct_manufactura":0,"pct_construccion":15,"pct_transporte":8,"pct_alojamiento":0,"pct_sin_educacion":0,"pct_educ_superior":32,"brecha_educ":15,"pct_sin_seguro":17,"pct_sus":44,"pct_seguro_privado":0,"brecha_seguro":19,"pct_salud_publica":36,"pct_med_tradicional":3,"pct_automedicacion":6,"pct_remedios_caseros":20,"pct_viv_desocupada":0,"pct_alquiler":12,"pct_electricidad":100,"pct_sin_electricidad":0,"pct_agua_red":81,"pct_alcantarillado":12,"pct_camara_septica":50,"pct_pozo_ciego":31,"pct_sin_desague":6,"pct_gas_red":0,"pct_gas_garrafa":75,"pct_lena_guano":75,"pct_basura_formal":75,"pct_basura_quema":25,"pct_basura_informal":0,"pct_internet":75,"pct_celular":88,"pct_televisor":81}},{"type":"Feature","geometry":{"type":"Polygon","coordinates":[[[-64.04894,-13.25374],[-64.04917,-13.2525],[-64.04824,-13.2523],[-64.04814,-13.25301],[-64.04894,-13.25374]]]},"properties":{"n":"MAGDALENA","p":16,"personas_x_ha":14,"masculinidad":129,"pct_menor20":50,"pct_60mas":0,"pct_migrante":12,"dependencia_econ":220,"pct_empleados":20,"pct_cuentapropia":20,"pct_agricultura":40,"pct_comercio":20,"pct_manufactura":0,"pct_construccion":0,"pct_transporte":0,"pct_alojamiento":0,"pct_sin_educacion":0,"pct_educ_superior":12,"brecha_educ":-20,"pct_sin_seguro":0,"pct_sus":94,"pct_seguro_privado":0,"brecha_seguro":0,"pct_salud_publica":33,"pct_med_tradicional":8,"pct_automedicacion":4,"pct_remedios_caseros":29,"pct_viv_desocupada":50,"pct_alquiler":0,"pct_electricidad":100,"pct_sin_electricidad":0,"pct_agua_red":0,"pct_alcantarillado":0,"pct_camara_septica":0,"pct_pozo_ciego":100,"pct_sin_desague":0,"pct_gas_red":0,"pct_gas_garrafa":100,"pct_lena_guano":100,"pct_basura_formal":25,"pct_basura_quema":50,"pct_basura_informal":0,"pct_internet":50,"pct_celular":50,"pct_televisor":0}},{"type":"Feature","geometry":{"type":"Polygon","coordinates":[[[-64.05011,-13.24666],[-64.04916,-13.24653],[-64.049,-13.24796],[-64.04989,-13.2481],[-64.05011,-13.24666]]]},"properties":{"n":"MAGDALENA","p":23,"personas_x_ha":14,"masculinidad":77,"pct_menor20":61,"pct_60mas":0,"pct_migrante":26,"dependencia_econ":283,"pct_empleados":50,"pct_cuentapropia":33,"pct_agricultura":17,"pct_comercio":17,"pct_manufactura":0,"pct_construccion":33,"pct_transporte":0,"pct_alojamiento":0,"pct_sin_educacion":0,"pct_educ_superior":11,"brecha_educ":-20,"pct_sin_seguro":27,"pct_sus":59,"pct_seguro_privado":0,"brecha_seguro":42,"pct_salud_publica":46,"pct_med_tradicional":0,"pct_automedicacion":0,"pct_remedios_caseros":46,"pct_viv_desocupada":0,"pct_alquiler":0,"pct_electricidad":33,"pct_sin_electricidad":50,"pct_agua_red":17,"pct_alcantarillado":0,"pct_camara_septica":33,"pct_pozo_ciego":67,"pct_sin_desague":0,"pct_gas_red":0,"pct_gas_garrafa":67,"pct_lena_guano":67,"pct_basura_formal":0,"pct_basura_quema":100,"pct_basura_informal":0,"pct_internet":83,"pct_celular":83,"pct_televisor":83}},{"type":"Feature","geometry":{"type":"Polygon","coordinates":[[[-64.05064,-13.25034],[-64.05078,-13.24943],[-64.04986,-13.2493],[-64.04972,-13.2502],[-64.05064,-13.25034]]]},"properties":{"n":"MAGDALENA","p":43,"personas_x_ha":41,"masculinidad":87,"pct_menor20":47,"pct_60mas":9,"pct_migrante":19,"dependencia_econ":330,"pct_empleados":10,"pct_cuentapropia":40,"pct_agricultura":20,"pct_comercio":20,"pct_manufactura":10,"pct_construccion":30,"pct_transporte":10,"pct_alojamiento":0,"pct_sin_educacion":4,"pct_educ_superior":46,"brecha_educ":13,"pct_sin_seguro":0,"pct_sus":65,"pct_seguro_privado":0,"brecha_seguro":0,"pct_salud_publica":30,"pct_med_tradicional":0,"pct_automedicacion":22,"pct_remedios_caseros":27,"pct_viv_desocupada":0,"pct_alquiler":0,"pct_electricidad":100,"pct_sin_electricidad":0,"pct_agua_red":11,"pct_alcantarillado":0,"pct_camara_septica":22,"pct_pozo_ciego":44,"pct_sin_desague":0,"pct_gas_red":0,"pct_gas_garrafa":100,"pct_lena_guano":100,"pct_basura_formal":44,"pct_basura_quema":56,"pct_basura_informal":0,"pct_internet":44,"pct_celular":56,"pct_televisor":56}},{"type":"Feature","geometry":{"type":"Polygon","coordinates":[[[-64.05003,-13.25575],[-64.05094,-13.25591],[-64.05097,-13.25574],[-64.05013,-13.25504],[-64.05003,-13.25575]]]},"properties":{"n":"MAGDALENA","p":18,"personas_x_ha":35,"masculinidad":125,"pct_menor20":33,"pct_60mas":22,"pct_migrante":28,"dependencia_econ":800,"pct_empleados":100,"pct_cuentapropia":0,"pct_agricultura":0,"pct_comercio":50,"pct_manufactura":0,"pct_construccion":0,"pct_transporte":0,"pct_alojamiento":0,"pct_sin_educacion":0,"pct_educ_superior":8,"brecha_educ":46,"pct_sin_seguro":0,"pct_sus":100,"pct_seguro_privado":0,"brecha_seguro":0,"pct_salud_publica":41,"pct_med_tradicional":0,"pct_automedicacion":26,"pct_remedios_caseros":33,"pct_viv_desocupada":12,"pct_alquiler":17,"pct_electricidad":100,"pct_sin_electricidad":0,"pct_agua_red":33,"pct_alcantarillado":0,"pct_camara_septica":17,"pct_pozo_ciego":83,"pct_sin_desague":0,"pct_gas_red":0,"pct_gas_garrafa":17,"pct_lena_guano":17,"pct_basura_formal":33,"pct_basura_quema":67,"pct_basura_informal":0,"pct_internet":33,"pct_celular":50,"pct_televisor":50}},{"type":"Feature","geometry":{"type":"Polygon","coordinates":[[[-64.05299,-13.26629],[-64.05339,-13.26439],[-64.05236,-13.26413],[-64.05198,-13.26599],[-64.05299,-13.26629]]]},"properties":{"n":"MAGDALENA","p":60,"personas_x_ha":24,"masculinidad":100,"pct_menor20":38,"pct_60mas":23,"pct_migrante":7,"dependencia_econ":136,"pct_empleados":24,"pct_cuentapropia":44,"pct_agricultura":20,"pct_comercio":0,"pct_manufactura":8,"pct_construccion":8,"pct_transporte":0,"pct_alojamiento":16,"pct_sin_educacion":3,"pct_educ_superior":8,"brecha_educ":-17,"pct_sin_seguro":5,"pct_sus":83,"pct_seguro_privado":0,"brecha_seguro":-3,"pct_salud_publica":87,"pct_med_tradicional":0,"pct_automedicacion":0,"pct_remedios_caseros":0,"pct_viv_desocupada":6,"pct_alquiler":0,"pct_electricidad":100,"pct_sin_electricidad":0,"pct_agua_red":75,"pct_alcantarillado":19,"pct_camara_septica":62,"pct_pozo_ciego":19,"pct_sin_desague":0,"pct_gas_red":0,"pct_gas_garrafa":69,"pct_lena_guano":69,"pct_basura_formal":81,"pct_basura_quema":19,"pct_basura_informal":0,"pct_internet":50,"pct_celular":81,"pct_televisor":81}},{"type":"Feature","geometry":{"type":"Polygon","coordinates":[[[-64.05877,-13.25072],[-64.05792,-13.25058],[-64.05774,-13.25149],[-64.05858,-13.25162],[-64.05877,-13.25072]]]},"properties":{"n":"MAGDALENA","p":37,"personas_x_ha":38,"masculinidad":85,"pct_menor20":49,"pct_60mas":8,"pct_migrante":24,"dependencia_econ":147,"pct_empleados":47,"pct_cuentapropia":40,"pct_agricultura":20,"pct_comercio":20,"pct_manufactura":27,"pct_construccion":0,"pct_transporte":0,"pct_alojamiento":20,"pct_sin_educacion":5,"pct_educ_superior":5,"brecha_educ":4,"pct_sin_seguro":3,"pct_sus":97,"pct_seguro_privado":0,"brecha_seguro":6,"pct_salud_publica":90,"pct_med_tradicional":0,"pct_automedicacion":0,"pct_remedios_caseros":2,"pct_viv_desocupada":0,"pct_alquiler":0,"pct_electricidad":100,"pct_sin_electricidad":0,"pct_agua_red":43,"pct_alcantarillado":14,"pct_camara_septica":57,"pct_pozo_ciego":29,"pct_sin_desague":0,"pct_gas_red":0,"pct_gas_garrafa":86,"pct_lena_guano":86,"pct_basura_formal":43,"pct_basura_quema":57,"pct_basura_informal":0,"pct_internet":86,"pct_celular":86,"pct_televisor":86}},{"type":"Feature","geometry":{"type":"Polygon","coordinates":[[[-64.0578,-13.26537],[-64.05683,-13.26512],[-64.05663,-13.26597],[-64.05758,-13.26622],[-64.0578,-13.26537]]]},"properties":{"n":"MAGDALENA","p":86,"personas_x_ha":80,"masculinidad":65,"pct_menor20":52,"pct_60mas":8,"pct_migrante":34,"dependencia_econ":180,"pct_empleados":30,"pct_cuentapropia":50,"pct_agricultura":17,"pct_comercio":10,"pct_manufactura":0,"pct_construccion":17,"pct_transporte":13,"pct_alojamiento":23,"pct_sin_educacion":5,"pct_educ_superior":17,"brecha_educ":-7,"pct_sin_seguro":6,"pct_sus":82,"pct_seguro_privado":0,"brecha_seguro":17,"pct_salud_publica":45,"pct_med_tradicional":5,"pct_automedicacion":6,"pct_remedios_caseros":32,"pct_viv_desocupada":10,"pct_alquiler":12,"pct_electricidad":94,"pct_sin_electricidad":6,"pct_agua_red":59,"pct_alcantarillado":0,"pct_camara_septica":29,"pct_pozo_ciego":71,"pct_sin_desague":0,"pct_gas_red":6,"pct_gas_garrafa":53,"pct_lena_guano":53,"pct_basura_formal":82,"pct_basura_quema":18,"pct_basura_informal":0,"pct_internet":94,"pct_celular":94,"pct_televisor":88}},{"type":"Feature","geometry":{"type":"Polygon","coordinates":[[[-64.05761,-13.26124],[-64.05788,-13.26019],[-64.05684,-13.25989],[-64.05656,-13.26106],[-64.05761,-13.26124]]]},"properties":{"n":"MAGDALENA","p":57,"personas_x_ha":38,"masculinidad":90,"pct_menor20":44,"pct_60mas":14,"pct_migrante":28,"dependencia_econ":93,"pct_empleados":25,"pct_cuentapropia":14,"pct_agricultura":14,"pct_comercio":46,"pct_manufactura":11,"pct_construccion":7,"pct_transporte":7,"pct_alojamiento":0,"pct_sin_educacion":0,"pct_educ_superior":27,"brecha_educ":-4,"pct_sin_seguro":26,"pct_sus":56,"pct_seguro_privado":0,"brecha_seguro":4,"pct_salud_publica":42,"pct_med_tradicional":7,"pct_automedicacion":13,"pct_remedios_caseros":22,"pct_viv_desocupada":27,"pct_alquiler":9,"pct_electricidad":100,"pct_sin_electricidad":0,"pct_agua_red":73,"pct_alcantarillado":18,"pct_camara_septica":64,"pct_pozo_ciego":18,"pct_sin_desague":0,"pct_gas_red":0,"pct_gas_garrafa":64,"pct_lena_guano":64,"pct_basura_formal":91,"pct_basura_quema":9,"pct_basura_informal":0,"pct_internet":64,"pct_celular":82,"pct_televisor":91}},{"type":"Feature","geometry":{"type":"Polygon","coordinates":[[[-64.0592,-13.25299],[-64.05846,-13.25284],[-64.05824,-13.25373],[-64.05885,-13.25387],[-64.0592,-13.25299]]]},"properties":{"n":"MAGDALENA","p":50,"personas_x_ha":65,"masculinidad":85,"pct_menor20":66,"pct_60mas":6,"pct_migrante":16,"dependencia_econ":188,"pct_empleados":12,"pct_cuentapropia":47,"pct_agricultura":24,"pct_comercio":12,"pct_manufactura":6,"pct_construccion":6,"pct_transporte":0,"pct_alojamiento":18,"pct_sin_educacion":6,"pct_educ_superior":6,"brecha_educ":-38,"pct_sin_seguro":35,"pct_sus":60,"pct_seguro_privado":0,"brecha_seguro":-4,"pct_salud_publica":37,"pct_med_tradicional":8,"pct_automedicacion":13,"pct_remedios_caseros":32,"pct_viv_desocupada":11,"pct_alquiler":14,"pct_electricidad":71,"pct_sin_electricidad":14,"pct_agua_red":0,"pct_alcantarillado":0,"pct_camara_septica":14,"pct_pozo_ciego":57,"pct_sin_desague":14,"pct_gas_red":0,"pct_gas_garrafa":57,"pct_lena_guano":57,"pct_basura_formal":29,"pct_basura_quema":71,"pct_basura_informal":0,"pct_internet":86,"pct_celular":86,"pct_televisor":57}},{"type":"Feature","geometry":{"type":"Polygon","coordinates":[[[-64.05926,-13.253],[-64.05891,-13.25388],[-64.05954,-13.254],[-64.05995,-13.25319],[-64.05926,-13.253]]]},"properties":{"n":"MAGDALENA","p":54,"personas_x_ha":72,"masculinidad":86,"pct_menor20":52,"pct_60mas":11,"pct_migrante":22,"dependencia_econ":170,"pct_empleados":30,"pct_cuentapropia":15,"pct_agricultura":35,"pct_comercio":10,"pct_manufactura":0,"pct_construccion":5,"pct_transporte":5,"pct_alojamiento":0,"pct_sin_educacion":11,"pct_educ_superior":4,"brecha_educ":-9,"pct_sin_seguro":11,"pct_sus":89,"pct_seguro_privado":0,"brecha_seguro":2,"pct_salud_publica":34,"pct_med_tradicional":9,"pct_automedicacion":11,"pct_remedios_caseros":36,"pct_viv_desocupada":0,"pct_alquiler":8,"pct_electricidad":100,"pct_sin_electricidad":0,"pct_agua_red":58,"pct_alcantarillado":0,"pct_camara_septica":8,"pct_pozo_ciego":42,"pct_sin_desague":0,"pct_gas_red":0,"pct_gas_garrafa":75,"pct_lena_guano":75,"pct_basura_formal":83,"pct_basura_quema":17,"pct_basura_informal":0,"pct_internet":83,"pct_celular":83,"pct_televisor":50}},{"type":"Feature","geometry":{"type":"Polygon","coordinates":[[[-64.04706,-13.25091],[-64.04689,-13.25183],[-64.046,-13.25101],[-64.04632,-13.24879],[-64.04742,-13.24894],[-64.04728,-13.25],[-64.04778,-13.25007],[-64.04762,-13.25099],[-64.04706,-13.25091]]]},"properties":{"n":"MAGDALENA","p":39,"personas_x_ha":10,"masculinidad":179,"pct_menor20":46,"pct_60mas":8,"pct_migrante":36,"dependencia_econ":533,"pct_empleados":50,"pct_cuentapropia":17,"pct_agricultura":50,"pct_comercio":0,"pct_manufactura":0,"pct_construccion":0,"pct_transporte":17,"pct_alojamiento":0,"pct_sin_educacion":0,"pct_educ_superior":19,"brecha_educ":-8,"pct_sin_seguro":17,"pct_sus":69,"pct_seguro_privado":0,"brecha_seguro":2,"pct_salud_publica":30,"pct_med_tradicional":5,"pct_automedicacion":15,"pct_remedios_caseros":32,"pct_viv_desocupada":0,"pct_alquiler":0,"pct_electricidad":0,"pct_sin_electricidad":75,"pct_agua_red":0,"pct_alcantarillado":0,"pct_camara_septica":33,"pct_pozo_ciego":33,"pct_sin_desague":33,"pct_gas_red":0,"pct_gas_garrafa":25,"pct_lena_guano":25,"pct_basura_formal":0,"pct_basura_quema":92,"pct_basura_informal":0,"pct_internet":17,"pct_celular":58,"pct_televisor":25}},{"type":"Feature","geometry":{"type":"Polygon","coordinates":[[[-64.0486,-13.25021],[-64.04845,-13.25111],[-64.04938,-13.25125],[-64.04951,-13.25035],[-64.0486,-13.25021]]]},"properties":{"n":"MAGDALENA","p":46,"personas_x_ha":44,"masculinidad":156,"pct_menor20":50,"pct_60mas":7,"pct_migrante":26,"dependencia_econ":171,"pct_empleados":41,"pct_cuentapropia":47,"pct_agricultura":53,"pct_comercio":6,"pct_manufactura":0,"pct_construccion":29,"pct_transporte":0,"pct_alojamiento":0,"pct_sin_educacion":9,"pct_educ_superior":4,"brecha_educ":-20,"pct_sin_seguro":11,"pct_sus":89,"pct_seguro_privado":0,"brecha_seguro":9,"pct_salud_publica":44,"pct_med_tradicional":1,"pct_automedicacion":17,"pct_remedios_caseros":31,"pct_viv_desocupada":0,"pct_alquiler":9,"pct_electricidad":100,"pct_sin_electricidad":0,"pct_agua_red":18,"pct_alcantarillado":0,"pct_camara_septica":36,"pct_pozo_ciego":27,"pct_sin_desague":0,"pct_gas_red":0,"pct_gas_garrafa":73,"pct_lena_guano":73,"pct_basura_formal":36,"pct_basura_quema":64,"pct_basura_informal":0,"pct_internet":82,"pct_celular":82,"pct_televisor":64}},{"type":"Feature","geometry":{"type":"Polygon","coordinates":[[[-63.79243,-13.23597],[-63.79137,-13.23561],[-63.79102,-13.23643],[-63.79221,-13.23688],[-63.7925,-13.23609],[-63.79243,-13.23597]]]},"properties":{"n":"OROBAYAYA","p":22,"personas_x_ha":16,"masculinidad":100,"pct_menor20":50,"pct_60mas":14,"pct_migrante":18,"dependencia_econ":340,"pct_empleados":20,"pct_cuentapropia":80,"pct_agricultura":40,"pct_comercio":60,"pct_manufactura":0,"pct_construccion":0,"pct_transporte":0,"pct_alojamiento":0,"pct_sin_educacion":0,"pct_educ_superior":0,"brecha_educ":30,"pct_sin_seguro":18,"pct_sus":82,"pct_seguro_privado":0,"brecha_seguro":0,"pct_salud_publica":30,"pct_med_tradicional":7,"pct_automedicacion":7,"pct_remedios_caseros":27,"pct_viv_desocupada":0,"pct_alquiler":0,"pct_electricidad":100,"pct_sin_electricidad":0,"pct_agua_red":0,"pct_alcantarillado":0,"pct_camara_septica":0,"pct_pozo_ciego":43,"pct_sin_desague":0,"pct_gas_red":0,"pct_gas_garrafa":71,"pct_lena_guano":71,"pct_basura_formal":0,"pct_basura_quema":100,"pct_basura_informal":0,"pct_internet":57,"pct_celular":71,"pct_televisor":43}},{"type":"Feature","geometry":{"type":"Polygon","coordinates":[[[-63.78849,-13.23667],[-63.78885,-13.23579],[-63.78797,-13.23546],[-63.78757,-13.23636],[-63.78849,-13.23667]]]},"properties":{"n":"OROBAYAYA","p":40,"personas_x_ha":36,"masculinidad":122,"pct_menor20":25,"pct_60mas":10,"pct_migrante":8,"dependencia_econ":135,"pct_empleados":12,"pct_cuentapropia":65,"pct_agricultura":47,"pct_comercio":24,"pct_manufactura":6,"pct_construccion":6,"pct_transporte":0,"pct_alojamiento":0,"pct_sin_educacion":9,"pct_educ_superior":16,"brecha_educ":-17,"pct_sin_seguro":26,"pct_sus":74,"pct_seguro_privado":0,"brecha_seguro":19,"pct_salud_publica":90,"pct_med_tradicional":0,"pct_automedicacion":0,"pct_remedios_caseros":7,"pct_viv_desocupada":0,"pct_alquiler":0,"pct_electricidad":100,"pct_sin_electricidad":0,"pct_agua_red":43,"pct_alcantarillado":43,"pct_camara_septica":0,"pct_pozo_ciego":57,"pct_sin_desague":0,"pct_gas_red":0,"pct_gas_garrafa":71,"pct_lena_guano":71,"pct_basura_formal":0,"pct_basura_quema":86,"pct_basura_informal":0,"pct_internet":0,"pct_celular":43,"pct_televisor":43}},{"type":"Feature","geometry":{"type":"Polygon","coordinates":[[[-63.78679,-13.23507],[-63.78561,-13.23466],[-63.78554,-13.2347],[-63.78542,-13.23534],[-63.7854,-13.23604],[-63.78641,-13.23606],[-63.78679,-13.23507]]]},"properties":{"n":"OROBAYAYA","p":29,"personas_x_ha":17,"masculinidad":53,"pct_menor20":41,"pct_60mas":10,"pct_migrante":3,"dependencia_econ":190,"pct_empleados":20,"pct_cuentapropia":50,"pct_agricultura":70,"pct_comercio":0,"pct_manufactura":0,"pct_construccion":0,"pct_transporte":0,"pct_alojamiento":0,"pct_sin_educacion":6,"pct_educ_superior":28,"brecha_educ":-20,"pct_sin_seguro":14,"pct_sus":59,"pct_seguro_privado":3,"brecha_seguro":9,"pct_salud_publica":32,"pct_med_tradicional":13,"pct_automedicacion":4,"pct_remedios_caseros":31,"pct_viv_desocupada":10,"pct_alquiler":12,"pct_electricidad":100,"pct_sin_electricidad":0,"pct_agua_red":0,"pct_alcantarillado":12,"pct_camara_septica":38,"pct_pozo_ciego":50,"pct_sin_desague":0,"pct_gas_red":0,"pct_gas_garrafa":62,"pct_lena_guano":62,"pct_basura_formal":0,"pct_basura_quema":88,"pct_basura_informal":25,"pct_internet":50,"pct_celular":100,"pct_televisor":75}},{"type":"Feature","geometry":{"type":"Polygon","coordinates":[[[-63.78962,-13.23387],[-63.78893,-13.23359],[-63.78854,-13.23445],[-63.78924,-13.23475],[-63.78962,-13.23387]]]},"properties":{"n":"OROBAYAYA","p":39,"personas_x_ha":45,"masculinidad":144,"pct_menor20":59,"pct_60mas":5,"pct_migrante":8,"dependencia_econ":230,"pct_empleados":0,"pct_cuentapropia":40,"pct_agricultura":30,"pct_comercio":30,"pct_manufactura":10,"pct_construccion":0,"pct_transporte":0,"pct_alojamiento":0,"pct_sin_educacion":0,"pct_educ_superior":0,"brecha_educ":-25,"pct_sin_seguro":9,"pct_sus":75,"pct_seguro_privado":0,"brecha_seguro":-10,"pct_salud_publica":28,"pct_med_tradicional":12,"pct_automedicacion":8,"pct_remedios_caseros":29,"pct_viv_desocupada":12,"pct_alquiler":0,"pct_electricidad":100,"pct_sin_electricidad":0,"pct_agua_red":0,"pct_alcantarillado":0,"pct_camara_septica":0,"pct_pozo_ciego":100,"pct_sin_desague":0,"pct_gas_red":0,"pct_gas_garrafa":29,"pct_lena_guano":29,"pct_basura_formal":0,"pct_basura_quema":100,"pct_basura_informal":0,"pct_internet":71,"pct_celular":86,"pct_televisor":86}},{"type":"Feature","geometry":{"type":"Polygon","coordinates":[[[-63.78542,-13.23457],[-63.78381,-13.234],[-63.7843,-13.23607],[-63.78524,-13.23606],[-63.78542,-13.23457]]]},"properties":{"n":"OROBAYAYA","p":35,"personas_x_ha":13,"masculinidad":75,"pct_menor20":69,"pct_60mas":11,"pct_migrante":40,"dependencia_econ":250,"pct_empleados":20,"pct_cuentapropia":40,"pct_agricultura":70,"pct_comercio":10,"pct_manufactura":0,"pct_construccion":0,"pct_transporte":0,"pct_alojamiento":0,"pct_sin_educacion":0,"pct_educ_superior":9,"brecha_educ":21,"pct_sin_seguro":29,"pct_sus":68,"pct_seguro_privado":3,"brecha_seguro":11,"pct_salud_publica":79,"pct_med_tradicional":0,"pct_automedicacion":2,"pct_remedios_caseros":10,"pct_viv_desocupada":0,"pct_alquiler":12,"pct_electricidad":100,"pct_sin_electricidad":0,"pct_agua_red":0,"pct_alcantarillado":75,"pct_camara_septica":0,"pct_pozo_ciego":0,"pct_sin_desague":25,"pct_gas_red":0,"pct_gas_garrafa":0,"pct_lena_guano":0,"pct_basura_formal":0,"pct_basura_quema":100,"pct_basura_informal":0,"pct_internet":25,"pct_celular":62,"pct_televisor":12}},{"type":"Feature","geometry":{"type":"Polygon","coordinates":[[[-63.78747,-13.23629],[-63.78786,-13.23546],[-63.78686,-13.23512],[-63.7866,-13.23603],[-63.78747,-13.23629]]]},"properties":{"n":"OROBAYAYA","p":21,"personas_x_ha":19,"masculinidad":162,"pct_menor20":48,"pct_60mas":0,"pct_migrante":19,"dependencia_econ":91,"pct_empleados":9,"pct_cuentapropia":91,"pct_agricultura":45,"pct_comercio":9,"pct_manufactura":18,"pct_construccion":9,"pct_transporte":0,"pct_alojamiento":9,"pct_sin_educacion":0,"pct_educ_superior":0,"brecha_educ":17,"pct_sin_seguro":28,"pct_sus":72,"pct_seguro_privado":0,"brecha_seguro":5,"pct_salud_publica":32,"pct_med_tradicional":0,"pct_automedicacion":34,"pct_remedios_caseros":34,"pct_viv_desocupada":0,"pct_alquiler":0,"pct_electricidad":57,"pct_sin_electricidad":0,"pct_agua_red":14,"pct_alcantarillado":0,"pct_camara_septica":14,"pct_pozo_ciego":43,"pct_sin_desague":43,"pct_gas_red":0,"pct_gas_garrafa":86,"pct_lena_guano":86,"pct_basura_formal":0,"pct_basura_quema":100,"pct_basura_informal":0,"pct_internet":0,"pct_celular":86,"pct_televisor":100}},{"type":"Feature","geometry":{"type":"Polygon","coordinates":[[[-63.78293,-13.23779],[-63.78411,-13.23685],[-63.78409,-13.2363],[-63.78358,-13.23649],[-63.78262,-13.23744],[-63.78293,-13.23779]]]},"properties":{"n":"OROBAYAYA","p":26,"personas_x_ha":24,"masculinidad":73,"pct_menor20":54,"pct_60mas":0,"pct_migrante":19,"dependencia_econ":127,"pct_empleados":9,"pct_cuentapropia":27,"pct_agricultura":82,"pct_comercio":0,"pct_manufactura":0,"pct_construccion":0,"pct_transporte":0,"pct_alojamiento":0,"pct_sin_educacion":0,"pct_educ_superior":25,"brecha_educ":-17,"pct_sin_seguro":0,"pct_sus":96,"pct_seguro_privado":0,"brecha_seguro":0,"pct_salud_publica":67,"pct_med_tradicional":3,"pct_automedicacion":5,"pct_remedios_caseros":13,"pct_viv_desocupada":0,"pct_alquiler":0,"pct_electricidad":100,"pct_sin_electricidad":0,"pct_agua_red":0,"pct_alcantarillado":0,"pct_camara_septica":0,"pct_pozo_ciego":71,"pct_sin_desague":0,"pct_gas_red":0,"pct_gas_garrafa":57,"pct_lena_guano":57,"pct_basura_formal":0,"pct_basura_quema":100,"pct_basura_informal":0,"pct_internet":43,"pct_celular":100,"pct_televisor":43}},{"type":"Feature","geometry":{"type":"Polygon","coordinates":[[[-63.79002,-13.23611],[-63.79093,-13.23641],[-63.79125,-13.23562],[-63.7904,-13.23527],[-63.79002,-13.23611]]]},"properties":{"n":"OROBAYAYA","p":22,"personas_x_ha":21,"masculinidad":83,"pct_menor20":32,"pct_60mas":14,"pct_migrante":14,"dependencia_econ":214,"pct_empleados":0,"pct_cuentapropia":100,"pct_agricultura":71,"pct_comercio":14,"pct_manufactura":0,"pct_construccion":0,"pct_transporte":0,"pct_alojamiento":14,"pct_sin_educacion":7,"pct_educ_superior":0,"brecha_educ":-6,"pct_sin_seguro":5,"pct_sus":95,"pct_seguro_privado":0,"brecha_seguro":10,"pct_salud_publica":44,"pct_med_tradicional":8,"pct_automedicacion":12,"pct_remedios_caseros":25,"pct_viv_desocupada":0,"pct_alquiler":0,"pct_electricidad":100,"pct_sin_electricidad":0,"pct_agua_red":12,"pct_alcantarillado":12,"pct_camara_septica":0,"pct_pozo_ciego":88,"pct_sin_desague":0,"pct_gas_red":0,"pct_gas_garrafa":38,"pct_lena_guano":38,"pct_basura_formal":0,"pct_basura_quema":100,"pct_basura_informal":0,"pct_internet":50,"pct_celular":62,"pct_televisor":25}},{"type":"Feature","geometry":{"type":"Polygon","coordinates":[[[-63.78984,-13.23614],[-63.78893,-13.23584],[-63.78863,-13.23669],[-63.78946,-13.23695],[-63.78955,-13.2369],[-63.78984,-13.23614]]]},"properties":{"n":"OROBAYAYA","p":20,"personas_x_ha":19,"masculinidad":67,"pct_menor20":40,"pct_60mas":10,"pct_migrante":25,"dependencia_econ":183,"pct_empleados":50,"pct_cuentapropia":17,"pct_agricultura":83,"pct_comercio":0,"pct_manufactura":0,"pct_construccion":0,"pct_transporte":0,"pct_alojamiento":0,"pct_sin_educacion":10,"pct_educ_superior":0,"brecha_educ":42,"pct_sin_seguro":31,"pct_sus":62,"pct_seguro_privado":0,"brecha_seguro":30,"pct_salud_publica":32,"pct_med_tradicional":13,"pct_automedicacion":15,"pct_remedios_caseros":26,"pct_viv_desocupada":20,"pct_alquiler":0,"pct_electricidad":100,"pct_sin_electricidad":0,"pct_agua_red":0,"pct_alcantarillado":0,"pct_camara_septica":71,"pct_pozo_ciego":14,"pct_sin_desague":0,"pct_gas_red":0,"pct_gas_garrafa":14,"pct_lena_guano":14,"pct_basura_formal":0,"pct_basura_quema":100,"pct_basura_informal":0,"pct_internet":86,"pct_celular":86,"pct_televisor":57}},{"type":"Feature","geometry":{"type":"Polygon","coordinates":[[[-63.78899,-13.23575],[-63.78988,-13.23604],[-63.79024,-13.23516],[-63.78934,-13.23485],[-63.78899,-13.23575]]]},"properties":{"n":"OROBAYAYA","p":27,"personas_x_ha":24,"masculinidad":170,"pct_menor20":30,"pct_60mas":11,"pct_migrante":7,"dependencia_econ":136,"pct_empleados":9,"pct_cuentapropia":73,"pct_agricultura":55,"pct_comercio":0,"pct_manufactura":18,"pct_construccion":0,"pct_transporte":0,"pct_alojamiento":9,"pct_sin_educacion":0,"pct_educ_superior":11,"brecha_educ":-8,"pct_sin_seguro":8,"pct_sus":88,"pct_seguro_privado":0,"brecha_seguro":12,"pct_salud_publica":48,"pct_med_tradicional":6,"pct_automedicacion":8,"pct_remedios_caseros":20,"pct_viv_desocupada":0,"pct_alquiler":0,"pct_electricidad":100,"pct_sin_electricidad":0,"pct_agua_red":0,"pct_alcantarillado":11,"pct_camara_septica":11,"pct_pozo_ciego":78,"pct_sin_desague":0,"pct_gas_red":0,"pct_gas_garrafa":22,"pct_lena_guano":22,"pct_basura_formal":0,"pct_basura_quema":100,"pct_basura_informal":0,"pct_internet":56,"pct_celular":67,"pct_televisor":33}},{"type":"Feature","geometry":{"type":"Polygon","coordinates":[[[-63.78789,-13.23539],[-63.78831,-13.23447],[-63.78736,-13.23407],[-63.78697,-13.23508],[-63.78789,-13.23539]]]},"properties":{"n":"OROBAYAYA","p":23,"personas_x_ha":18,"masculinidad":156,"pct_menor20":57,"pct_60mas":4,"pct_migrante":22,"dependencia_econ":188,"pct_empleados":12,"pct_cuentapropia":88,"pct_agricultura":50,"pct_comercio":38,"pct_manufactura":12,"pct_construccion":0,"pct_transporte":0,"pct_alojamiento":0,"pct_sin_educacion":0,"pct_educ_superior":0,"brecha_educ":-33,"pct_sin_seguro":9,"pct_sus":91,"pct_seguro_privado":0,"brecha_seguro":14,"pct_salud_publica":45,"pct_med_tradicional":4,"pct_automedicacion":2,"pct_remedios_caseros":43,"pct_viv_desocupada":0,"pct_alquiler":0,"pct_electricidad":100,"pct_sin_electricidad":0,"pct_agua_red":0,"pct_alcantarillado":0,"pct_camara_septica":29,"pct_pozo_ciego":57,"pct_sin_desague":14,"pct_gas_red":0,"pct_gas_garrafa":14,"pct_lena_guano":14,"pct_basura_formal":0,"pct_basura_quema":100,"pct_basura_informal":0,"pct_internet":29,"pct_celular":71,"pct_televisor":14}},{"type":"Feature","geometry":{"type":"Polygon","coordinates":[[[-63.78944,-13.2348],[-63.79025,-13.23509],[-63.79062,-13.23424],[-63.78977,-13.23392],[-63.78944,-13.2348]]]},"properties":{"n":"OROBAYAYA","p":26,"personas_x_ha":26,"masculinidad":136,"pct_menor20":62,"pct_60mas":8,"pct_migrante":19,"dependencia_econ":212,"pct_empleados":12,"pct_cuentapropia":88,"pct_agricultura":62,"pct_comercio":25,"pct_manufactura":0,"pct_construccion":0,"pct_transporte":0,"pct_alojamiento":0,"pct_sin_educacion":0,"pct_educ_superior":0,"brecha_educ":30,"pct_sin_seguro":0,"pct_sus":96,"pct_seguro_privado":0,"brecha_seguro":0,"pct_salud_publica":38,"pct_med_tradicional":3,"pct_automedicacion":17,"pct_remedios_caseros":38,"pct_viv_desocupada":0,"pct_alquiler":0,"pct_electricidad":100,"pct_sin_electricidad":0,"pct_agua_red":0,"pct_alcantarillado":0,"pct_camara_septica":20,"pct_pozo_ciego":80,"pct_sin_desague":0,"pct_gas_red":0,"pct_gas_garrafa":60,"pct_lena_guano":60,"pct_basura_formal":0,"pct_basura_quema":100,"pct_basura_informal":0,"pct_internet":100,"pct_celular":100,"pct_televisor":60}}]}