{"type":"FeatureCollection","features":[{"type":"Feature","geometry":{"type":"Polygon","coordinates":[[[-65.5871,-10.54045],[-65.58585,-10.53964],[-65.58595,-10.53944],[-65.58723,-10.54023],[-65.5871,-10.54045]]]},"properties":{"n":"CACHUELA ESPERANZA","p":55,"personas_x_ha":124,"masculinidad":104,"pct_menor20":49,"pct_60mas":7,"pct_migrante":13,"dependencia_econ":247,"pct_empleados":33,"pct_cuentapropia":27,"pct_agricultura":33,"pct_comercio":7,"pct_manufactura":0,"pct_construccion":7,"pct_transporte":7,"pct_alojamiento":13,"pct_sin_educacion":4,"pct_educ_superior":4,"brecha_educ":-16,"pct_sin_seguro":2,"pct_sus":98,"pct_seguro_privado":0,"brecha_seguro":4,"pct_salud_publica":39,"pct_med_tradicional":0,"pct_automedicacion":1,"pct_remedios_caseros":28,"pct_viv_desocupada":8,"pct_alquiler":0,"pct_electricidad":100,"pct_sin_electricidad":0,"pct_agua_red":100,"pct_alcantarillado":8,"pct_camara_septica":8,"pct_pozo_ciego":75,"pct_sin_desague":0,"pct_gas_red":0,"pct_gas_garrafa":83,"pct_lena_guano":83,"pct_basura_formal":0,"pct_basura_quema":100,"pct_basura_informal":0,"pct_internet":33,"pct_celular":67,"pct_televisor":58}},{"type":"Feature","geometry":{"type":"Polygon","coordinates":[[[-65.58162,-10.53652],[-65.58209,-10.53676],[-65.5822,-10.53655],[-65.58172,-10.53633],[-65.58162,-10.53652]]]},"properties":{"n":"CACHUELA ESPERANZA","p":17,"personas_x_ha":111,"masculinidad":112,"pct_menor20":59,"pct_60mas":12,"pct_migrante":41,"dependencia_econ":167,"pct_empleados":0,"pct_cuentapropia":67,"pct_agricultura":33,"pct_comercio":17,"pct_manufactura":17,"pct_construccion":0,"pct_transporte":0,"pct_alojamiento":0,"pct_sin_educacion":0,"pct_educ_superior":25,"brecha_educ":-25,"pct_sin_seguro":38,"pct_sus":62,"pct_seguro_privado":0,"brecha_seguro":0,"pct_salud_publica":100,"pct_med_tradicional":0,"pct_automedicacion":0,"pct_remedios_caseros":0,"pct_viv_desocupada":11,"pct_alquiler":0,"pct_electricidad":100,"pct_sin_electricidad":0,"pct_agua_red":100,"pct_alcantarillado":0,"pct_camara_septica":25,"pct_pozo_ciego":75,"pct_sin_desague":0,"pct_gas_red":0,"pct_gas_garrafa":100,"pct_lena_guano":100,"pct_basura_formal":0,"pct_basura_quema":100,"pct_basura_informal":0,"pct_internet":25,"pct_celular":100,"pct_televisor":50}},{"type":"Feature","geometry":{"type":"Polygon","coordinates":[[[-65.57955,-10.53795],[-65.58004,-10.53763],[-65.58031,-10.53685],[-65.5796,-10.5368],[-65.57895,-10.53626],[-65.57879,-10.53633],[-65.5784,-10.53701],[-65.57912,-10.5378],[-65.57955,-10.53795]]]},"properties":{"n":"CACHUELA ESPERANZA","p":21,"personas_x_ha":9,"masculinidad":133,"pct_menor20":52,"pct_60mas":14,"pct_migrante":19,"dependencia_econ":600,"pct_empleados":0,"pct_cuentapropia":33,"pct_agricultura":67,"pct_comercio":0,"pct_manufactura":0,"pct_construccion":0,"pct_transporte":0,"pct_alojamiento":0,"pct_sin_educacion":9,"pct_educ_superior":0,"brecha_educ":-23,"pct_sin_seguro":0,"pct_sus":100,"pct_seguro_privado":0,"brecha_seguro":0,"pct_salud_publica":55,"pct_med_tradicional":0,"pct_automedicacion":0,"pct_remedios_caseros":45,"pct_viv_desocupada":22,"pct_alquiler":0,"pct_electricidad":100,"pct_sin_electricidad":0,"pct_agua_red":60,"pct_alcantarillado":0,"pct_camara_septica":0,"pct_pozo_ciego":0,"pct_sin_desague":20,"pct_gas_red":0,"pct_gas_garrafa":80,"pct_lena_guano":80,"pct_basura_formal":0,"pct_basura_quema":100,"pct_basura_informal":0,"pct_internet":20,"pct_celular":40,"pct_televisor":40}},{"type":"Feature","geometry":{"type":"Polygon","coordinates":[[[-65.58647,-10.53923],[-65.5863,-10.53951],[-65.58703,-10.53996],[-65.5872,-10.53969],[-65.58647,-10.53923]]]},"properties":{"n":"CACHUELA ESPERANZA","p":51,"personas_x_ha":142,"masculinidad":122,"pct_menor20":37,"pct_60mas":10,"pct_migrante":8,"dependencia_econ":168,"pct_empleados":16,"pct_cuentapropia":47,"pct_agricultura":37,"pct_comercio":5,"pct_manufactura":0,"pct_construccion":5,"pct_transporte":0,"pct_alojamiento":0,"pct_sin_educacion":6,"pct_educ_superior":3,"brecha_educ":-7,"pct_sin_seguro":0,"pct_sus":100,"pct_seguro_privado":0,"brecha_seguro":0,"pct_salud_publica":44,"pct_med_tradicional":1,"pct_automedicacion":0,"pct_remedios_caseros":45,"pct_viv_desocupada":0,"pct_alquiler":0,"pct_electricidad":100,"pct_sin_electricidad":0,"pct_agua_red":100,"pct_alcantarillado":25,"pct_camara_septica":0,"pct_pozo_ciego":50,"pct_sin_desague":8,"pct_gas_red":0,"pct_gas_garrafa":92,"pct_lena_guano":92,"pct_basura_formal":0,"pct_basura_quema":92,"pct_basura_informal":0,"pct_internet":67,"pct_celular":58,"pct_televisor":58}},{"type":"Feature","geometry":{"type":"Polygon","coordinates":[[[-65.58073,-10.53605],[-65.58051,-10.53669],[-65.58079,-10.53677],[-65.58097,-10.53628],[-65.58073,-10.53605]]]},"properties":{"n":"CACHUELA ESPERANZA","p":29,"personas_x_ha":127,"masculinidad":81,"pct_menor20":38,"pct_60mas":14,"pct_migrante":66,"dependencia_econ":1350,"pct_empleados":0,"pct_cuentapropia":50,"pct_agricultura":100,"pct_comercio":0,"pct_manufactura":0,"pct_construccion":0,"pct_transporte":0,"pct_alojamiento":0,"pct_sin_educacion":6,"pct_educ_superior":0,"brecha_educ":25,"pct_sin_seguro":0,"pct_sus":97,"pct_seguro_privado":0,"brecha_seguro":0,"pct_salud_publica":26,"pct_med_tradicional":21,"pct_automedicacion":13,"pct_remedios_caseros":23,"pct_viv_desocupada":0,"pct_alquiler":0,"pct_electricidad":100,"pct_sin_electricidad":0,"pct_agua_red":100,"pct_alcantarillado":33,"pct_camara_septica":33,"pct_pozo_ciego":33,"pct_sin_desague":0,"pct_gas_red":0,"pct_gas_garrafa":100,"pct_lena_guano":100,"pct_basura_formal":0,"pct_basura_quema":33,"pct_basura_informal":0,"pct_internet":67,"pct_celular":33,"pct_televisor":67}},{"type":"Feature","geometry":{"type":"Polygon","coordinates":[[[-65.58083,-10.5379],[-65.58131,-10.53778],[-65.58123,-10.53734],[-65.58127,-10.53702],[-65.58046,-10.53681],[-65.58015,-10.53778],[-65.58062,-10.53789],[-65.5808,-10.53817],[-65.58095,-10.53806],[-65.58083,-10.5379]]]},"properties":{"n":"CACHUELA ESPERANZA","p":69,"personas_x_ha":58,"masculinidad":138,"pct_menor20":41,"pct_60mas":12,"pct_migrante":13,"dependencia_econ":109,"pct_empleados":19,"pct_cuentapropia":53,"pct_agricultura":50,"pct_comercio":12,"pct_manufactura":0,"pct_construccion":12,"pct_transporte":0,"pct_alojamiento":16,"pct_sin_educacion":18,"pct_educ_superior":0,"brecha_educ":-11,"pct_sin_seguro":18,"pct_sus":81,"pct_seguro_privado":0,"brecha_seguro":-17,"pct_salud_publica":46,"pct_med_tradicional":5,"pct_automedicacion":9,"pct_remedios_caseros":39,"pct_viv_desocupada":5,"pct_alquiler":0,"pct_electricidad":94,"pct_sin_electricidad":0,"pct_agua_red":94,"pct_alcantarillado":19,"pct_camara_septica":0,"pct_pozo_ciego":75,"pct_sin_desague":0,"pct_gas_red":0,"pct_gas_garrafa":94,"pct_lena_guano":94,"pct_basura_formal":0,"pct_basura_quema":94,"pct_basura_informal":12,"pct_internet":56,"pct_celular":62,"pct_televisor":56}},{"type":"Feature","geometry":{"type":"Polygon","coordinates":[[[-65.57918,-10.54009],[-65.57948,-10.53987],[-65.57941,-10.53962],[-65.57906,-10.53992],[-65.57918,-10.54009]]]},"properties":{"n":"CACHUELA ESPERANZA","p":63,"personas_x_ha":550,"masculinidad":152,"pct_menor20":52,"pct_60mas":3,"pct_migrante":41,"dependencia_econ":162,"pct_empleados":17,"pct_cuentapropia":46,"pct_agricultura":67,"pct_comercio":4,"pct_manufactura":0,"pct_construccion":0,"pct_transporte":4,"pct_alojamiento":0,"pct_sin_educacion":0,"pct_educ_superior":6,"brecha_educ":3,"pct_sin_seguro":10,"pct_sus":89,"pct_seguro_privado":2,"brecha_seguro":3,"pct_salud_publica":37,"pct_med_tradicional":8,"pct_automedicacion":11,"pct_remedios_caseros":22,"pct_viv_desocupada":44,"pct_alquiler":0,"pct_electricidad":94,"pct_sin_electricidad":6,"pct_agua_red":83,"pct_alcantarillado":0,"pct_camara_septica":56,"pct_pozo_ciego":39,"pct_sin_desague":6,"pct_gas_red":0,"pct_gas_garrafa":89,"pct_lena_guano":89,"pct_basura_formal":0,"pct_basura_quema":89,"pct_basura_informal":0,"pct_internet":89,"pct_celular":89,"pct_televisor":61}},{"type":"Feature","geometry":{"type":"Polygon","coordinates":[[[-65.58107,-10.53823],[-65.58133,-10.53827],[-65.58128,-10.53923],[-65.58045,-10.53918],[-65.58045,-10.53864],[-65.58107,-10.53823]]]},"properties":{"n":"CACHUELA ESPERANZA","p":16,"personas_x_ha":19,"masculinidad":78,"pct_menor20":44,"pct_60mas":0,"pct_migrante":62,"dependencia_econ":700,"pct_empleados":0,"pct_cuentapropia":50,"pct_agricultura":50,"pct_comercio":0,"pct_manufactura":0,"pct_construccion":0,"pct_transporte":0,"pct_alojamiento":0,"pct_sin_educacion":0,"pct_educ_superior":40,"brecha_educ":-25,"pct_sin_seguro":6,"pct_sus":88,"pct_seguro_privado":0,"brecha_seguro":14,"pct_salud_publica":22,"pct_med_tradicional":0,"pct_automedicacion":6,"pct_remedios_caseros":11,"pct_viv_desocupada":0,"pct_alquiler":0,"pct_electricidad":100,"pct_sin_electricidad":0,"pct_agua_red":100,"pct_alcantarillado":0,"pct_camara_septica":29,"pct_pozo_ciego":14,"pct_sin_desague":57,"pct_gas_red":0,"pct_gas_garrafa":86,"pct_lena_guano":86,"pct_basura_formal":0,"pct_basura_quema":86,"pct_basura_informal":29,"pct_internet":86,"pct_celular":100,"pct_televisor":14}},{"type":"Feature","geometry":{"type":"Polygon","coordinates":[[[-65.36295,-10.8082],[-65.36188,-10.80879],[-65.36139,-10.80799],[-65.36251,-10.80736],[-65.36295,-10.8082]]]},"properties":{"n":"GUAYARAMERIN","p":15,"personas_x_ha":10,"masculinidad":400,"pct_menor20":47,"pct_60mas":7,"pct_migrante":20,"dependencia_econ":114,"pct_empleados":14,"pct_cuentapropia":0,"pct_agricultura":14,"pct_comercio":29,"pct_manufactura":0,"pct_construccion":29,"pct_transporte":0,"pct_alojamiento":0,"pct_sin_educacion":0,"pct_educ_superior":38,"brecha_educ":0,"pct_sin_seguro":0,"pct_sus":87,"pct_seguro_privado":0,"brecha_seguro":0,"pct_salud_publica":28,"pct_med_tradicional":4,"pct_automedicacion":22,"pct_remedios_caseros":26,"pct_viv_desocupada":29,"pct_alquiler":20,"pct_electricidad":100,"pct_sin_electricidad":0,"pct_agua_red":100,"pct_alcantarillado":20,"pct_camara_septica":60,"pct_pozo_ciego":20,"pct_sin_desague":0,"pct_gas_red":0,"pct_gas_garrafa":80,"pct_lena_guano":80,"pct_basura_formal":100,"pct_basura_quema":0,"pct_basura_informal":0,"pct_internet":100,"pct_celular":100,"pct_televisor":80}},{"type":"Feature","geometry":{"type":"Polygon","coordinates":[[[-65.3641,-10.81433],[-65.36269,-10.8133],[-65.36416,-10.81253],[-65.36469,-10.81334],[-65.36482,-10.81327],[-65.36433,-10.81246],[-65.36512,-10.81207],[-65.36601,-10.81355],[-65.36555,-10.81479],[-65.36546,-10.81486],[-65.3641,-10.81433]]]},"properties":{"n":"GUAYARAMERIN","p":42,"personas_x_ha":7,"masculinidad":121,"pct_menor20":36,"pct_60mas":14,"pct_migrante":40,"dependencia_econ":133,"pct_empleados":56,"pct_cuentapropia":22,"pct_agricultura":6,"pct_comercio":22,"pct_manufactura":6,"pct_construccion":6,"pct_transporte":6,"pct_alojamiento":6,"pct_sin_educacion":4,"pct_educ_superior":63,"brecha_educ":1,"pct_sin_seguro":7,"pct_sus":57,"pct_seguro_privado":0,"brecha_seguro":3,"pct_salud_publica":35,"pct_med_tradicional":4,"pct_automedicacion":8,"pct_remedios_caseros":15,"pct_viv_desocupada":19,"pct_alquiler":23,"pct_electricidad":85,"pct_sin_electricidad":15,"pct_agua_red":69,"pct_alcantarillado":0,"pct_camara_septica":69,"pct_pozo_ciego":23,"pct_sin_desague":8,"pct_gas_red":0,"pct_gas_garrafa":92,"pct_lena_guano":92,"pct_basura_formal":100,"pct_basura_quema":0,"pct_basura_informal":0,"pct_internet":100,"pct_celular":100,"pct_televisor":54}},{"type":"Feature","geometry":{"type":"Polygon","coordinates":[[[-65.34111,-10.82655],[-65.34098,-10.8265],[-65.341,-10.82631],[-65.34088,-10.82601],[-65.34073,-10.82593],[-65.34079,-10.82574],[-65.34131,-10.8259],[-65.34111,-10.82655]]]},"properties":{"n":"GUAYARAMERIN","p":35,"personas_x_ha":129,"masculinidad":106,"pct_menor20":46,"pct_60mas":17,"pct_migrante":49,"dependencia_econ":150,"pct_empleados":64,"pct_cuentapropia":21,"pct_agricultura":29,"pct_comercio":36,"pct_manufactura":0,"pct_construccion":7,"pct_transporte":7,"pct_alojamiento":14,"pct_sin_educacion":0,"pct_educ_superior":5,"brecha_educ":-20,"pct_sin_seguro":29,"pct_sus":69,"pct_seguro_privado":0,"brecha_seguro":21,"pct_salud_publica":45,"pct_med_tradicional":0,"pct_automedicacion":17,"pct_remedios_caseros":32,"pct_viv_desocupada":9,"pct_alquiler":0,"pct_electricidad":100,"pct_sin_electricidad":0,"pct_agua_red":30,"pct_alcantarillado":0,"pct_camara_septica":20,"pct_pozo_ciego":60,"pct_sin_desague":0,"pct_gas_red":0,"pct_gas_garrafa":70,"pct_lena_guano":70,"pct_basura_formal":60,"pct_basura_quema":40,"pct_basura_informal":0,"pct_internet":70,"pct_celular":70,"pct_televisor":70}},{"type":"Feature","geometry":{"type":"Polygon","coordinates":[[[-65.36216,-10.83374],[-65.36303,-10.83333],[-65.3626,-10.83252],[-65.36174,-10.83293],[-65.36216,-10.83374]]]},"properties":{"n":"GUAYARAMERIN","p":25,"personas_x_ha":22,"masculinidad":178,"pct_menor20":28,"pct_60mas":12,"pct_migrante":60,"dependencia_econ":47,"pct_empleados":41,"pct_cuentapropia":24,"pct_agricultura":0,"pct_comercio":35,"pct_manufactura":0,"pct_construccion":0,"pct_transporte":53,"pct_alojamiento":0,"pct_sin_educacion":0,"pct_educ_superior":22,"brecha_educ":-17,"pct_sin_seguro":32,"pct_sus":64,"pct_seguro_privado":0,"brecha_seguro":15,"pct_salud_publica":20,"pct_med_tradicional":5,"pct_automedicacion":31,"pct_remedios_caseros":31,"pct_viv_desocupada":0,"pct_alquiler":14,"pct_electricidad":100,"pct_sin_electricidad":0,"pct_agua_red":100,"pct_alcantarillado":57,"pct_camara_septica":43,"pct_pozo_ciego":0,"pct_sin_desague":0,"pct_gas_red":14,"pct_gas_garrafa":57,"pct_lena_guano":57,"pct_basura_formal":100,"pct_basura_quema":0,"pct_basura_informal":0,"pct_internet":43,"pct_celular":57,"pct_televisor":57}},{"type":"Feature","geometry":{"type":"Polygon","coordinates":[[[-65.3521,-10.81859],[-65.35165,-10.81765],[-65.35068,-10.81814],[-65.35117,-10.8191],[-65.3521,-10.81859]]]},"properties":{"n":"GUAYARAMERIN","p":78,"personas_x_ha":55,"masculinidad":77,"pct_menor20":32,"pct_60mas":8,"pct_migrante":36,"dependencia_econ":127,"pct_empleados":58,"pct_cuentapropia":30,"pct_agricultura":6,"pct_comercio":30,"pct_manufactura":6,"pct_construccion":9,"pct_transporte":15,"pct_alojamiento":6,"pct_sin_educacion":4,"pct_educ_superior":33,"brecha_educ":-7,"pct_sin_seguro":14,"pct_sus":79,"pct_seguro_privado":5,"brecha_seguro":-1,"pct_salud_publica":39,"pct_med_tradicional":3,"pct_automedicacion":15,"pct_remedios_caseros":25,"pct_viv_desocupada":13,"pct_alquiler":16,"pct_electricidad":100,"pct_sin_electricidad":0,"pct_agua_red":96,"pct_alcantarillado":84,"pct_camara_septica":8,"pct_pozo_ciego":8,"pct_sin_desague":0,"pct_gas_red":20,"pct_gas_garrafa":80,"pct_lena_guano":80,"pct_basura_formal":100,"pct_basura_quema":0,"pct_basura_informal":0,"pct_internet":76,"pct_celular":80,"pct_televisor":60}},{"type":"Feature","geometry":{"type":"Polygon","coordinates":[[[-65.36528,-10.84537],[-65.36508,-10.84502],[-65.36421,-10.84545],[-65.36443,-10.84582],[-65.36528,-10.84537]]]},"properties":{"n":"GUAYARAMERIN","p":31,"personas_x_ha":60,"masculinidad":82,"pct_menor20":10,"pct_60mas":6,"pct_migrante":23,"dependencia_econ":383,"pct_empleados":33,"pct_cuentapropia":17,"pct_agricultura":33,"pct_comercio":0,"pct_manufactura":17,"pct_construccion":0,"pct_transporte":0,"pct_alojamiento":0,"pct_sin_educacion":0,"pct_educ_superior":0,"brecha_educ":-11,"pct_sin_seguro":0,"pct_sus":93,"pct_seguro_privado":0,"brecha_seguro":0,"pct_salud_publica":53,"pct_med_tradicional":2,"pct_automedicacion":20,"pct_remedios_caseros":14,"pct_viv_desocupada":7,"pct_alquiler":0,"pct_electricidad":100,"pct_sin_electricidad":0,"pct_agua_red":100,"pct_alcantarillado":25,"pct_camara_septica":25,"pct_pozo_ciego":8,"pct_sin_desague":33,"pct_gas_red":0,"pct_gas_garrafa":100,"pct_lena_guano":100,"pct_basura_formal":100,"pct_basura_quema":0,"pct_basura_informal":0,"pct_internet":50,"pct_celular":83,"pct_televisor":58}},{"type":"Feature","geometry":{"type":"Polygon","coordinates":[[[-65.35771,-10.82771],[-65.3573,-10.82686],[-65.35642,-10.8273],[-65.35685,-10.82816],[-65.35771,-10.82771]]]},"properties":{"n":"GUAYARAMERIN","p":62,"personas_x_ha":54,"masculinidad":121,"pct_menor20":37,"pct_60mas":8,"pct_migrante":42,"dependencia_econ":59,"pct_empleados":33,"pct_cuentapropia":44,"pct_agricultura":10,"pct_comercio":46,"pct_manufactura":5,"pct_construccion":0,"pct_transporte":0,"pct_alojamiento":13,"pct_sin_educacion":3,"pct_educ_superior":46,"brecha_educ":-14,"pct_sin_seguro":34,"pct_sus":55,"pct_seguro_privado":0,"brecha_seguro":-3,"pct_salud_publica":26,"pct_med_tradicional":6,"pct_automedicacion":16,"pct_remedios_caseros":22,"pct_viv_desocupada":15,"pct_alquiler":19,"pct_electricidad":100,"pct_sin_electricidad":0,"pct_agua_red":88,"pct_alcantarillado":69,"pct_camara_septica":12,"pct_pozo_ciego":6,"pct_sin_desague":12,"pct_gas_red":31,"pct_gas_garrafa":69,"pct_lena_guano":69,"pct_basura_formal":94,"pct_basura_quema":6,"pct_basura_informal":0,"pct_internet":81,"pct_celular":94,"pct_televisor":94}},{"type":"Feature","geometry":{"type":"Polygon","coordinates":[[[-65.35093,-10.83107],[-65.35181,-10.83065],[-65.35137,-10.82973],[-65.3505,-10.83018],[-65.35093,-10.83107]]]},"properties":{"n":"GUAYARAMERIN","p":78,"personas_x_ha":63,"masculinidad":105,"pct_menor20":44,"pct_60mas":5,"pct_migrante":27,"dependencia_econ":141,"pct_empleados":53,"pct_cuentapropia":41,"pct_agricultura":9,"pct_comercio":19,"pct_manufactura":6,"pct_construccion":12,"pct_transporte":22,"pct_alojamiento":9,"pct_sin_educacion":0,"pct_educ_superior":31,"brecha_educ":-14,"pct_sin_seguro":5,"pct_sus":84,"pct_seguro_privado":4,"brecha_seguro":10,"pct_salud_publica":32,"pct_med_tradicional":4,"pct_automedicacion":25,"pct_remedios_caseros":22,"pct_viv_desocupada":0,"pct_alquiler":5,"pct_electricidad":100,"pct_sin_electricidad":0,"pct_agua_red":67,"pct_alcantarillado":0,"pct_camara_septica":48,"pct_pozo_ciego":48,"pct_sin_desague":5,"pct_gas_red":0,"pct_gas_garrafa":90,"pct_lena_guano":90,"pct_basura_formal":100,"pct_basura_quema":0,"pct_basura_informal":0,"pct_internet":90,"pct_celular":86,"pct_televisor":90}},{"type":"Feature","geometry":{"type":"Polygon","coordinates":[[[-65.35914,-10.82819],[-65.35873,-10.82733],[-65.35788,-10.82772],[-65.35829,-10.82859],[-65.35914,-10.82819]]]},"properties":{"n":"GUAYARAMERIN","p":64,"personas_x_ha":56,"masculinidad":100,"pct_menor20":23,"pct_60mas":17,"pct_migrante":41,"dependencia_econ":60,"pct_empleados":20,"pct_cuentapropia":45,"pct_agricultura":5,"pct_comercio":8,"pct_manufactura":12,"pct_construccion":2,"pct_transporte":2,"pct_alojamiento":30,"pct_sin_educacion":0,"pct_educ_superior":41,"brecha_educ":13,"pct_sin_seguro":17,"pct_sus":69,"pct_seguro_privado":0,"brecha_seguro":22,"pct_salud_publica":35,"pct_med_tradicional":5,"pct_automedicacion":14,"pct_remedios_caseros":23,"pct_viv_desocupada":0,"pct_alquiler":32,"pct_electricidad":100,"pct_sin_electricidad":0,"pct_agua_red":95,"pct_alcantarillado":68,"pct_camara_septica":27,"pct_pozo_ciego":0,"pct_sin_desague":0,"pct_gas_red":27,"pct_gas_garrafa":73,"pct_lena_guano":73,"pct_basura_formal":100,"pct_basura_quema":0,"pct_basura_informal":0,"pct_internet":100,"pct_celular":100,"pct_televisor":86}},{"type":"Feature","geometry":{"type":"Polygon","coordinates":[[[-65.35234,-10.84699],[-65.35188,-10.84606],[-65.35098,-10.84651],[-65.35141,-10.84743],[-65.35234,-10.84699]]]},"properties":{"n":"GUAYARAMERIN","p":32,"personas_x_ha":25,"masculinidad":100,"pct_menor20":53,"pct_60mas":9,"pct_migrante":31,"dependencia_econ":146,"pct_empleados":31,"pct_cuentapropia":54,"pct_agricultura":8,"pct_comercio":15,"pct_manufactura":23,"pct_construccion":0,"pct_transporte":8,"pct_alojamiento":15,"pct_sin_educacion":7,"pct_educ_superior":20,"brecha_educ":10,"pct_sin_seguro":3,"pct_sus":97,"pct_seguro_privado":0,"brecha_seguro":6,"pct_salud_publica":37,"pct_med_tradicional":18,"pct_automedicacion":15,"pct_remedios_caseros":26,"pct_viv_desocupada":8,"pct_alquiler":10,"pct_electricidad":100,"pct_sin_electricidad":0,"pct_agua_red":40,"pct_alcantarillado":10,"pct_camara_septica":40,"pct_pozo_ciego":30,"pct_sin_desague":0,"pct_gas_red":0,"pct_gas_garrafa":90,"pct_lena_guano":90,"pct_basura_formal":80,"pct_basura_quema":20,"pct_basura_informal":0,"pct_internet":80,"pct_celular":80,"pct_televisor":50}},{"type":"Feature","geometry":{"type":"Polygon","coordinates":[[[-65.35537,-10.84785],[-65.35619,-10.84746],[-65.35582,-10.84661],[-65.35496,-10.84702],[-65.35537,-10.84785]]]},"properties":{"n":"GUAYARAMERIN","p":41,"personas_x_ha":37,"masculinidad":95,"pct_menor20":61,"pct_60mas":5,"pct_migrante":2,"dependencia_econ":122,"pct_empleados":44,"pct_cuentapropia":33,"pct_agricultura":22,"pct_comercio":22,"pct_manufactura":11,"pct_construccion":17,"pct_transporte":6,"pct_alojamiento":11,"pct_sin_educacion":0,"pct_educ_superior":7,"brecha_educ":-18,"pct_sin_seguro":8,"pct_sus":82,"pct_seguro_privado":0,"brecha_seguro":6,"pct_salud_publica":51,"pct_med_tradicional":4,"pct_automedicacion":16,"pct_remedios_caseros":18,"pct_viv_desocupada":21,"pct_alquiler":50,"pct_electricidad":100,"pct_sin_electricidad":0,"pct_agua_red":20,"pct_alcantarillado":40,"pct_camara_septica":30,"pct_pozo_ciego":10,"pct_sin_desague":0,"pct_gas_red":0,"pct_gas_garrafa":100,"pct_lena_guano":100,"pct_basura_formal":20,"pct_basura_quema":70,"pct_basura_informal":0,"pct_internet":50,"pct_celular":50,"pct_televisor":50}},{"type":"Feature","geometry":{"type":"Polygon","coordinates":[[[-65.34177,-10.82155],[-65.34147,-10.82244],[-65.34235,-10.82272],[-65.34262,-10.82184],[-65.34177,-10.82155]]]},"properties":{"n":"GUAYARAMERIN","p":87,"personas_x_ha":83,"masculinidad":71,"pct_menor20":52,"pct_60mas":7,"pct_migrante":29,"dependencia_econ":177,"pct_empleados":45,"pct_cuentapropia":29,"pct_agricultura":19,"pct_comercio":3,"pct_manufactura":13,"pct_construccion":0,"pct_transporte":6,"pct_alojamiento":10,"pct_sin_educacion":0,"pct_educ_superior":32,"brecha_educ":14,"pct_sin_seguro":7,"pct_sus":84,"pct_seguro_privado":0,"brecha_seguro":8,"pct_salud_publica":50,"pct_med_tradicional":1,"pct_automedicacion":15,"pct_remedios_caseros":17,"pct_viv_desocupada":8,"pct_alquiler":14,"pct_electricidad":95,"pct_sin_electricidad":5,"pct_agua_red":41,"pct_alcantarillado":18,"pct_camara_septica":32,"pct_pozo_ciego":27,"pct_sin_desague":5,"pct_gas_red":5,"pct_gas_garrafa":77,"pct_lena_guano":77,"pct_basura_formal":100,"pct_basura_quema":0,"pct_basura_informal":0,"pct_internet":45,"pct_celular":77,"pct_televisor":55}},{"type":"Feature","geometry":{"type":"Polygon","coordinates":[[[-65.35653,-10.81995],[-65.35734,-10.81951],[-65.35694,-10.81868],[-65.35609,-10.81911],[-65.35653,-10.81995]]]},"properties":{"n":"GUAYARAMERIN","p":41,"personas_x_ha":37,"masculinidad":141,"pct_menor20":49,"pct_60mas":5,"pct_migrante":56,"dependencia_econ":128,"pct_empleados":44,"pct_cuentapropia":39,"pct_agricultura":6,"pct_comercio":28,"pct_manufactura":6,"pct_construccion":0,"pct_transporte":6,"pct_alojamiento":0,"pct_sin_educacion":10,"pct_educ_superior":48,"brecha_educ":-1,"pct_sin_seguro":51,"pct_sus":49,"pct_seguro_privado":0,"brecha_seguro":7,"pct_salud_publica":37,"pct_med_tradicional":0,"pct_automedicacion":4,"pct_remedios_caseros":4,"pct_viv_desocupada":20,"pct_alquiler":50,"pct_electricidad":100,"pct_sin_electricidad":0,"pct_agua_red":100,"pct_alcantarillado":100,"pct_camara_septica":0,"pct_pozo_ciego":0,"pct_sin_desague":0,"pct_gas_red":12,"pct_gas_garrafa":88,"pct_lena_guano":88,"pct_basura_formal":100,"pct_basura_quema":0,"pct_basura_informal":0,"pct_internet":88,"pct_celular":88,"pct_televisor":62}},{"type":"Feature","geometry":{"type":"Polygon","coordinates":[[[-65.35304,-10.81809],[-65.35259,-10.81719],[-65.35172,-10.8176],[-65.35219,-10.81854],[-65.35304,-10.81809]]]},"properties":{"n":"GUAYARAMERIN","p":68,"personas_x_ha":55,"masculinidad":89,"pct_menor20":22,"pct_60mas":24,"pct_migrante":51,"dependencia_econ":65,"pct_empleados":22,"pct_cuentapropia":62,"pct_agricultura":12,"pct_comercio":57,"pct_manufactura":2,"pct_construccion":2,"pct_transporte":0,"pct_alojamiento":5,"pct_sin_educacion":2,"pct_educ_superior":37,"brecha_educ":-24,"pct_sin_seguro":35,"pct_sus":61,"pct_seguro_privado":0,"brecha_seguro":7,"pct_salud_publica":29,"pct_med_tradicional":2,"pct_automedicacion":13,"pct_remedios_caseros":32,"pct_viv_desocupada":0,"pct_alquiler":14,"pct_electricidad":100,"pct_sin_electricidad":0,"pct_agua_red":100,"pct_alcantarillado":95,"pct_camara_septica":0,"pct_pozo_ciego":0,"pct_sin_desague":5,"pct_gas_red":5,"pct_gas_garrafa":95,"pct_lena_guano":95,"pct_basura_formal":100,"pct_basura_quema":0,"pct_basura_informal":0,"pct_internet":81,"pct_celular":90,"pct_televisor":52}},{"type":"Feature","geometry":{"type":"Polygon","coordinates":[[[-65.36086,-10.80942],[-65.36048,-10.80967],[-65.36093,-10.81042],[-65.36101,-10.81043],[-65.3614,-10.8102],[-65.36086,-10.80942]]]},"properties":{"n":"GUAYARAMERIN","p":57,"personas_x_ha":98,"masculinidad":73,"pct_menor20":42,"pct_60mas":9,"pct_migrante":37,"dependencia_econ":128,"pct_empleados":40,"pct_cuentapropia":24,"pct_agricultura":4,"pct_comercio":24,"pct_manufactura":8,"pct_construccion":8,"pct_transporte":12,"pct_alojamiento":8,"pct_sin_educacion":6,"pct_educ_superior":9,"brecha_educ":14,"pct_sin_seguro":9,"pct_sus":91,"pct_seguro_privado":0,"brecha_seguro":14,"pct_salud_publica":50,"pct_med_tradicional":5,"pct_automedicacion":11,"pct_remedios_caseros":32,"pct_viv_desocupada":0,"pct_alquiler":33,"pct_electricidad":93,"pct_sin_electricidad":7,"pct_agua_red":93,"pct_alcantarillado":40,"pct_camara_septica":27,"pct_pozo_ciego":27,"pct_sin_desague":7,"pct_gas_red":0,"pct_gas_garrafa":100,"pct_lena_guano":100,"pct_basura_formal":93,"pct_basura_quema":7,"pct_basura_informal":0,"pct_internet":60,"pct_celular":73,"pct_televisor":73}},{"type":"Feature","geometry":{"type":"Polygon","coordinates":[[[-65.35689,-10.81132],[-65.35801,-10.81082],[-65.35756,-10.80993],[-65.3572,-10.81003],[-65.35659,-10.81043],[-65.35689,-10.81132]]]},"properties":{"n":"GUAYARAMERIN","p":54,"personas_x_ha":37,"masculinidad":86,"pct_menor20":44,"pct_60mas":7,"pct_migrante":39,"dependencia_econ":108,"pct_empleados":58,"pct_cuentapropia":27,"pct_agricultura":12,"pct_comercio":0,"pct_manufactura":0,"pct_construccion":12,"pct_transporte":4,"pct_alojamiento":27,"pct_sin_educacion":6,"pct_educ_superior":19,"brecha_educ":-32,"pct_sin_seguro":2,"pct_sus":93,"pct_seguro_privado":0,"brecha_seguro":-3,"pct_salud_publica":38,"pct_med_tradicional":2,"pct_automedicacion":13,"pct_remedios_caseros":19,"pct_viv_desocupada":0,"pct_alquiler":0,"pct_electricidad":100,"pct_sin_electricidad":0,"pct_agua_red":100,"pct_alcantarillado":7,"pct_camara_septica":64,"pct_pozo_ciego":14,"pct_sin_desague":0,"pct_gas_red":0,"pct_gas_garrafa":100,"pct_lena_guano":100,"pct_basura_formal":86,"pct_basura_quema":14,"pct_basura_informal":0,"pct_internet":93,"pct_celular":93,"pct_televisor":79}},{"type":"Feature","geometry":{"type":"Polygon","coordinates":[[[-65.34484,-10.83713],[-65.345,-10.83659],[-65.34593,-10.83685],[-65.34575,-10.83738],[-65.34484,-10.83713]]]},"properties":{"n":"GUAYARAMERIN","p":28,"personas_x_ha":42,"masculinidad":180,"pct_menor20":46,"pct_60mas":7,"pct_migrante":29,"dependencia_econ":93,"pct_empleados":29,"pct_cuentapropia":50,"pct_agricultura":7,"pct_comercio":0,"pct_manufactura":14,"pct_construccion":29,"pct_transporte":14,"pct_alojamiento":0,"pct_sin_educacion":0,"pct_educ_superior":29,"brecha_educ":14,"pct_sin_seguro":11,"pct_sus":89,"pct_seguro_privado":0,"brecha_seguro":-30,"pct_salud_publica":55,"pct_med_tradicional":0,"pct_automedicacion":0,"pct_remedios_caseros":33,"pct_viv_desocupada":0,"pct_alquiler":0,"pct_electricidad":100,"pct_sin_electricidad":0,"pct_agua_red":100,"pct_alcantarillado":50,"pct_camara_septica":38,"pct_pozo_ciego":0,"pct_sin_desague":0,"pct_gas_red":0,"pct_gas_garrafa":100,"pct_lena_guano":100,"pct_basura_formal":100,"pct_basura_quema":0,"pct_basura_informal":0,"pct_internet":88,"pct_celular":88,"pct_televisor":62}},{"type":"Feature","geometry":{"type":"Polygon","coordinates":[[[-65.34588,-10.83752],[-65.34575,-10.83804],[-65.34662,-10.83829],[-65.34677,-10.83779],[-65.34588,-10.83752]]]},"properties":{"n":"GUAYARAMERIN","p":59,"personas_x_ha":100,"masculinidad":97,"pct_menor20":46,"pct_60mas":5,"pct_migrante":36,"dependencia_econ":143,"pct_empleados":35,"pct_cuentapropia":4,"pct_agricultura":17,"pct_comercio":13,"pct_manufactura":13,"pct_construccion":9,"pct_transporte":4,"pct_alojamiento":4,"pct_sin_educacion":7,"pct_educ_superior":24,"brecha_educ":0,"pct_sin_seguro":7,"pct_sus":89,"pct_seguro_privado":0,"brecha_seguro":14,"pct_salud_publica":53,"pct_med_tradicional":1,"pct_automedicacion":12,"pct_remedios_caseros":20,"pct_viv_desocupada":0,"pct_alquiler":0,"pct_electricidad":100,"pct_sin_electricidad":0,"pct_agua_red":77,"pct_alcantarillado":15,"pct_camara_septica":46,"pct_pozo_ciego":31,"pct_sin_desague":0,"pct_gas_red":0,"pct_gas_garrafa":77,"pct_lena_guano":77,"pct_basura_formal":92,"pct_basura_quema":8,"pct_basura_informal":0,"pct_internet":77,"pct_celular":77,"pct_televisor":54}},{"type":"Feature","geometry":{"type":"Polygon","coordinates":[[[-65.35897,-10.84019],[-65.35813,-10.84058],[-65.35854,-10.8414],[-65.35936,-10.84101],[-65.35897,-10.84019]]]},"properties":{"n":"GUAYARAMERIN","p":107,"personas_x_ha":103,"masculinidad":91,"pct_menor20":52,"pct_60mas":4,"pct_migrante":29,"dependencia_econ":168,"pct_empleados":42,"pct_cuentapropia":40,"pct_agricultura":25,"pct_comercio":35,"pct_manufactura":8,"pct_construccion":8,"pct_transporte":5,"pct_alojamiento":0,"pct_sin_educacion":4,"pct_educ_superior":19,"brecha_educ":6,"pct_sin_seguro":14,"pct_sus":79,"pct_seguro_privado":1,"brecha_seguro":14,"pct_salud_publica":34,"pct_med_tradicional":8,"pct_automedicacion":22,"pct_remedios_caseros":25,"pct_viv_desocupada":0,"pct_alquiler":4,"pct_electricidad":100,"pct_sin_electricidad":0,"pct_agua_red":70,"pct_alcantarillado":26,"pct_camara_septica":30,"pct_pozo_ciego":37,"pct_sin_desague":4,"pct_gas_red":0,"pct_gas_garrafa":85,"pct_lena_guano":85,"pct_basura_formal":93,"pct_basura_quema":7,"pct_basura_informal":0,"pct_internet":67,"pct_celular":81,"pct_televisor":67}},{"type":"Feature","geometry":{"type":"Polygon","coordinates":[[[-65.35439,-10.83876],[-65.3535,-10.83919],[-65.35392,-10.84005],[-65.35482,-10.83962],[-65.35439,-10.83876]]]},"properties":{"n":"GUAYARAMERIN","p":35,"personas_x_ha":29,"masculinidad":133,"pct_menor20":49,"pct_60mas":3,"pct_migrante":23,"dependencia_econ":133,"pct_empleados":53,"pct_cuentapropia":20,"pct_agricultura":7,"pct_comercio":13,"pct_manufactura":13,"pct_construccion":13,"pct_transporte":7,"pct_alojamiento":13,"pct_sin_educacion":0,"pct_educ_superior":17,"brecha_educ":-15,"pct_sin_seguro":47,"pct_sus":53,"pct_seguro_privado":0,"brecha_seguro":13,"pct_salud_publica":31,"pct_med_tradicional":7,"pct_automedicacion":11,"pct_remedios_caseros":32,"pct_viv_desocupada":0,"pct_alquiler":0,"pct_electricidad":100,"pct_sin_electricidad":0,"pct_agua_red":100,"pct_alcantarillado":11,"pct_camara_septica":33,"pct_pozo_ciego":33,"pct_sin_desague":0,"pct_gas_red":0,"pct_gas_garrafa":100,"pct_lena_guano":100,"pct_basura_formal":100,"pct_basura_quema":0,"pct_basura_informal":0,"pct_internet":89,"pct_celular":78,"pct_televisor":67}},{"type":"Feature","geometry":{"type":"Polygon","coordinates":[[[-65.35766,-10.83475],[-65.35851,-10.83434],[-65.35814,-10.83353],[-65.35725,-10.83393],[-65.35766,-10.83475]]]},"properties":{"n":"GUAYARAMERIN","p":39,"personas_x_ha":36,"masculinidad":70,"pct_menor20":51,"pct_60mas":8,"pct_migrante":21,"dependencia_econ":225,"pct_empleados":8,"pct_cuentapropia":75,"pct_agricultura":17,"pct_comercio":25,"pct_manufactura":17,"pct_construccion":0,"pct_transporte":17,"pct_alojamiento":0,"pct_sin_educacion":0,"pct_educ_superior":30,"brecha_educ":-21,"pct_sin_seguro":3,"pct_sus":77,"pct_seguro_privado":0,"brecha_seguro":-4,"pct_salud_publica":67,"pct_med_tradicional":0,"pct_automedicacion":2,"pct_remedios_caseros":9,"pct_viv_desocupada":0,"pct_alquiler":27,"pct_electricidad":100,"pct_sin_electricidad":0,"pct_agua_red":100,"pct_alcantarillado":0,"pct_camara_septica":93,"pct_pozo_ciego":7,"pct_sin_desague":0,"pct_gas_red":13,"pct_gas_garrafa":87,"pct_lena_guano":87,"pct_basura_formal":93,"pct_basura_quema":7,"pct_basura_informal":0,"pct_internet":80,"pct_celular":87,"pct_televisor":67}},{"type":"Feature","geometry":{"type":"Polygon","coordinates":[[[-65.36318,-10.82857],[-65.36277,-10.82771],[-65.36185,-10.82815],[-65.36228,-10.82902],[-65.36318,-10.82857]]]},"properties":{"n":"GUAYARAMERIN","p":83,"personas_x_ha":69,"masculinidad":66,"pct_menor20":41,"pct_60mas":5,"pct_migrante":29,"dependencia_econ":148,"pct_empleados":42,"pct_cuentapropia":36,"pct_agricultura":3,"pct_comercio":30,"pct_manufactura":12,"pct_construccion":3,"pct_transporte":0,"pct_alojamiento":9,"pct_sin_educacion":2,"pct_educ_superior":26,"brecha_educ":2,"pct_sin_seguro":11,"pct_sus":83,"pct_seguro_privado":0,"brecha_seguro":8,"pct_salud_publica":59,"pct_med_tradicional":0,"pct_automedicacion":7,"pct_remedios_caseros":11,"pct_viv_desocupada":0,"pct_alquiler":6,"pct_electricidad":100,"pct_sin_electricidad":0,"pct_agua_red":94,"pct_alcantarillado":39,"pct_camara_septica":33,"pct_pozo_ciego":28,"pct_sin_desague":0,"pct_gas_red":17,"pct_gas_garrafa":83,"pct_lena_guano":83,"pct_basura_formal":100,"pct_basura_quema":0,"pct_basura_informal":0,"pct_internet":83,"pct_celular":83,"pct_televisor":61}},{"type":"Feature","geometry":{"type":"Polygon","coordinates":[[[-65.34162,-10.82367],[-65.34202,-10.82378],[-65.34231,-10.82283],[-65.34189,-10.82271],[-65.34162,-10.82367]]]},"properties":{"n":"GUAYARAMERIN","p":49,"personas_x_ha":89,"masculinidad":158,"pct_menor20":41,"pct_60mas":8,"pct_migrante":31,"dependencia_econ":96,"pct_empleados":12,"pct_cuentapropia":48,"pct_agricultura":44,"pct_comercio":4,"pct_manufactura":20,"pct_construccion":8,"pct_transporte":8,"pct_alojamiento":0,"pct_sin_educacion":3,"pct_educ_superior":24,"brecha_educ":-16,"pct_sin_seguro":14,"pct_sus":78,"pct_seguro_privado":0,"brecha_seguro":6,"pct_salud_publica":34,"pct_med_tradicional":6,"pct_automedicacion":6,"pct_remedios_caseros":23,"pct_viv_desocupada":8,"pct_alquiler":0,"pct_electricidad":92,"pct_sin_electricidad":8,"pct_agua_red":92,"pct_alcantarillado":0,"pct_camara_septica":67,"pct_pozo_ciego":8,"pct_sin_desague":8,"pct_gas_red":0,"pct_gas_garrafa":92,"pct_lena_guano":92,"pct_basura_formal":92,"pct_basura_quema":8,"pct_basura_informal":0,"pct_internet":67,"pct_celular":83,"pct_televisor":50}},{"type":"Feature","geometry":{"type":"Polygon","coordinates":[[[-65.35011,-10.82447],[-65.34969,-10.82358],[-65.34896,-10.82398],[-65.34893,-10.8242],[-65.34926,-10.82488],[-65.35011,-10.82447]]]},"properties":{"n":"GUAYARAMERIN","p":81,"personas_x_ha":72,"masculinidad":88,"pct_menor20":42,"pct_60mas":11,"pct_migrante":38,"dependencia_econ":145,"pct_empleados":39,"pct_cuentapropia":45,"pct_agricultura":3,"pct_comercio":24,"pct_manufactura":9,"pct_construccion":3,"pct_transporte":6,"pct_alojamiento":3,"pct_sin_educacion":6,"pct_educ_superior":56,"brecha_educ":-16,"pct_sin_seguro":14,"pct_sus":65,"pct_seguro_privado":0,"brecha_seguro":-6,"pct_salud_publica":29,"pct_med_tradicional":10,"pct_automedicacion":17,"pct_remedios_caseros":27,"pct_viv_desocupada":8,"pct_alquiler":18,"pct_electricidad":100,"pct_sin_electricidad":0,"pct_agua_red":95,"pct_alcantarillado":0,"pct_camara_septica":77,"pct_pozo_ciego":23,"pct_sin_desague":0,"pct_gas_red":23,"pct_gas_garrafa":68,"pct_lena_guano":68,"pct_basura_formal":100,"pct_basura_quema":0,"pct_basura_informal":0,"pct_internet":95,"pct_celular":91,"pct_televisor":77}},{"type":"Feature","geometry":{"type":"Polygon","coordinates":[[[-65.3431,-10.82796],[-65.34322,-10.82757],[-65.34145,-10.82699],[-65.34173,-10.82755],[-65.3431,-10.82796]]]},"properties":{"n":"GUAYARAMERIN","p":97,"personas_x_ha":111,"masculinidad":116,"pct_menor20":46,"pct_60mas":9,"pct_migrante":18,"dependencia_econ":149,"pct_empleados":36,"pct_cuentapropia":26,"pct_agricultura":13,"pct_comercio":23,"pct_manufactura":13,"pct_construccion":23,"pct_transporte":10,"pct_alojamiento":8,"pct_sin_educacion":9,"pct_educ_superior":26,"brecha_educ":1,"pct_sin_seguro":4,"pct_sus":95,"pct_seguro_privado":1,"brecha_seguro":4,"pct_salud_publica":51,"pct_med_tradicional":1,"pct_automedicacion":3,"pct_remedios_caseros":37,"pct_viv_desocupada":10,"pct_alquiler":22,"pct_electricidad":94,"pct_sin_electricidad":0,"pct_agua_red":67,"pct_alcantarillado":17,"pct_camara_septica":39,"pct_pozo_ciego":39,"pct_sin_desague":0,"pct_gas_red":0,"pct_gas_garrafa":94,"pct_lena_guano":94,"pct_basura_formal":72,"pct_basura_quema":17,"pct_basura_informal":11,"pct_internet":50,"pct_celular":67,"pct_televisor":56}},{"type":"Feature","geometry":{"type":"Polygon","coordinates":[[[-65.35841,-10.82621],[-65.35932,-10.82578],[-65.35889,-10.82491],[-65.358,-10.82535],[-65.35841,-10.82621]]]},"properties":{"n":"GUAYARAMERIN","p":29,"personas_x_ha":24,"masculinidad":71,"pct_menor20":34,"pct_60mas":7,"pct_migrante":45,"dependencia_econ":71,"pct_empleados":18,"pct_cuentapropia":59,"pct_agricultura":6,"pct_comercio":47,"pct_manufactura":0,"pct_construccion":0,"pct_transporte":12,"pct_alojamiento":24,"pct_sin_educacion":0,"pct_educ_superior":53,"brecha_educ":-9,"pct_sin_seguro":21,"pct_sus":52,"pct_seguro_privado":0,"brecha_seguro":7,"pct_salud_publica":30,"pct_med_tradicional":0,"pct_automedicacion":17,"pct_remedios_caseros":13,"pct_viv_desocupada":0,"pct_alquiler":0,"pct_electricidad":100,"pct_sin_electricidad":0,"pct_agua_red":100,"pct_alcantarillado":100,"pct_camara_septica":0,"pct_pozo_ciego":0,"pct_sin_desague":0,"pct_gas_red":0,"pct_gas_garrafa":100,"pct_lena_guano":100,"pct_basura_formal":100,"pct_basura_quema":0,"pct_basura_informal":0,"pct_internet":88,"pct_celular":88,"pct_televisor":88}},{"type":"Feature","geometry":{"type":"Polygon","coordinates":[[[-65.36035,-10.82291],[-65.35989,-10.82204],[-65.35902,-10.82248],[-65.35946,-10.82337],[-65.36035,-10.82291]]]},"properties":{"n":"GUAYARAMERIN","p":59,"personas_x_ha":49,"masculinidad":136,"pct_menor20":22,"pct_60mas":49,"pct_migrante":46,"dependencia_econ":189,"pct_empleados":37,"pct_cuentapropia":26,"pct_agricultura":32,"pct_comercio":16,"pct_manufactura":11,"pct_construccion":0,"pct_transporte":5,"pct_alojamiento":0,"pct_sin_educacion":4,"pct_educ_superior":18,"brecha_educ":13,"pct_sin_seguro":18,"pct_sus":42,"pct_seguro_privado":2,"brecha_seguro":13,"pct_salud_publica":35,"pct_med_tradicional":0,"pct_automedicacion":9,"pct_remedios_caseros":23,"pct_viv_desocupada":0,"pct_alquiler":21,"pct_electricidad":100,"pct_sin_electricidad":0,"pct_agua_red":100,"pct_alcantarillado":86,"pct_camara_septica":14,"pct_pozo_ciego":0,"pct_sin_desague":0,"pct_gas_red":0,"pct_gas_garrafa":100,"pct_lena_guano":100,"pct_basura_formal":100,"pct_basura_quema":0,"pct_basura_informal":0,"pct_internet":79,"pct_celular":79,"pct_televisor":64}},{"type":"Feature","geometry":{"type":"Polygon","coordinates":[[[-65.35352,-10.81919],[-65.35269,-10.81963],[-65.35309,-10.8205],[-65.35393,-10.82005],[-65.35352,-10.81919]]]},"properties":{"n":"GUAYARAMERIN","p":74,"personas_x_ha":67,"masculinidad":95,"pct_menor20":38,"pct_60mas":20,"pct_migrante":54,"dependencia_econ":143,"pct_empleados":27,"pct_cuentapropia":53,"pct_agricultura":0,"pct_comercio":63,"pct_manufactura":0,"pct_construccion":3,"pct_transporte":0,"pct_alojamiento":10,"pct_sin_educacion":4,"pct_educ_superior":40,"brecha_educ":-20,"pct_sin_seguro":38,"pct_sus":51,"pct_seguro_privado":0,"brecha_seguro":-3,"pct_salud_publica":26,"pct_med_tradicional":2,"pct_automedicacion":25,"pct_remedios_caseros":22,"pct_viv_desocupada":0,"pct_alquiler":20,"pct_electricidad":100,"pct_sin_electricidad":0,"pct_agua_red":95,"pct_alcantarillado":70,"pct_camara_septica":10,"pct_pozo_ciego":15,"pct_sin_desague":0,"pct_gas_red":20,"pct_gas_garrafa":80,"pct_lena_guano":80,"pct_basura_formal":100,"pct_basura_quema":0,"pct_basura_informal":0,"pct_internet":90,"pct_celular":90,"pct_televisor":90}},{"type":"Feature","geometry":{"type":"Polygon","coordinates":[[[-65.35395,-10.83536],[-65.35353,-10.83448],[-65.35269,-10.83488],[-65.35267,-10.83496],[-65.3531,-10.83581],[-65.35395,-10.83536]]]},"properties":{"n":"GUAYARAMERIN","p":72,"personas_x_ha":60,"masculinidad":95,"pct_menor20":43,"pct_60mas":3,"pct_migrante":31,"dependencia_econ":106,"pct_empleados":34,"pct_cuentapropia":46,"pct_agricultura":6,"pct_comercio":23,"pct_manufactura":29,"pct_construccion":14,"pct_transporte":9,"pct_alojamiento":6,"pct_sin_educacion":20,"pct_educ_superior":22,"brecha_educ":-18,"pct_sin_seguro":17,"pct_sus":70,"pct_seguro_privado":0,"brecha_seguro":-5,"pct_salud_publica":37,"pct_med_tradicional":1,"pct_automedicacion":18,"pct_remedios_caseros":29,"pct_viv_desocupada":6,"pct_alquiler":7,"pct_electricidad":100,"pct_sin_electricidad":0,"pct_agua_red":60,"pct_alcantarillado":7,"pct_camara_septica":33,"pct_pozo_ciego":40,"pct_sin_desague":7,"pct_gas_red":0,"pct_gas_garrafa":87,"pct_lena_guano":87,"pct_basura_formal":80,"pct_basura_quema":13,"pct_basura_informal":13,"pct_internet":67,"pct_celular":67,"pct_televisor":53}},{"type":"Feature","geometry":{"type":"Polygon","coordinates":[[[-65.36055,-10.83105],[-65.36013,-10.83014],[-65.35925,-10.83059],[-65.35965,-10.8314],[-65.35973,-10.83143],[-65.36055,-10.83105]]]},"properties":{"n":"GUAYARAMERIN","p":35,"personas_x_ha":30,"masculinidad":106,"pct_menor20":31,"pct_60mas":3,"pct_migrante":31,"dependencia_econ":46,"pct_empleados":42,"pct_cuentapropia":46,"pct_agricultura":17,"pct_comercio":12,"pct_manufactura":4,"pct_construccion":0,"pct_transporte":8,"pct_alojamiento":8,"pct_sin_educacion":0,"pct_educ_superior":46,"brecha_educ":42,"pct_sin_seguro":9,"pct_sus":71,"pct_seguro_privado":0,"brecha_seguro":17,"pct_salud_publica":69,"pct_med_tradicional":0,"pct_automedicacion":0,"pct_remedios_caseros":17,"pct_viv_desocupada":0,"pct_alquiler":25,"pct_electricidad":100,"pct_sin_electricidad":0,"pct_agua_red":100,"pct_alcantarillado":8,"pct_camara_septica":33,"pct_pozo_ciego":58,"pct_sin_desague":0,"pct_gas_red":0,"pct_gas_garrafa":92,"pct_lena_guano":92,"pct_basura_formal":100,"pct_basura_quema":0,"pct_basura_informal":0,"pct_internet":50,"pct_celular":92,"pct_televisor":58}},{"type":"Feature","geometry":{"type":"Polygon","coordinates":[[[-65.34962,-10.82832],[-65.34999,-10.82911],[-65.35089,-10.82866],[-65.3505,-10.82787],[-65.34962,-10.82832]]]},"properties":{"n":"GUAYARAMERIN","p":51,"personas_x_ha":47,"masculinidad":96,"pct_menor20":43,"pct_60mas":8,"pct_migrante":41,"dependencia_econ":112,"pct_empleados":50,"pct_cuentapropia":21,"pct_agricultura":0,"pct_comercio":17,"pct_manufactura":4,"pct_construccion":0,"pct_transporte":4,"pct_alojamiento":29,"pct_sin_educacion":3,"pct_educ_superior":50,"brecha_educ":13,"pct_sin_seguro":14,"pct_sus":63,"pct_seguro_privado":0,"brecha_seguro":20,"pct_salud_publica":29,"pct_med_tradicional":4,"pct_automedicacion":14,"pct_remedios_caseros":26,"pct_viv_desocupada":14,"pct_alquiler":25,"pct_electricidad":100,"pct_sin_electricidad":0,"pct_agua_red":100,"pct_alcantarillado":8,"pct_camara_septica":33,"pct_pozo_ciego":58,"pct_sin_desague":0,"pct_gas_red":0,"pct_gas_garrafa":92,"pct_lena_guano":92,"pct_basura_formal":100,"pct_basura_quema":0,"pct_basura_informal":0,"pct_internet":75,"pct_celular":83,"pct_televisor":83}},{"type":"Feature","geometry":{"type":"Polygon","coordinates":[[[-65.35028,-10.82197],[-65.35112,-10.82155],[-65.35067,-10.82071],[-65.34983,-10.82117],[-65.35028,-10.82197]]]},"properties":{"n":"GUAYARAMERIN","p":42,"personas_x_ha":38,"masculinidad":100,"pct_menor20":43,"pct_60mas":14,"pct_migrante":52,"dependencia_econ":133,"pct_empleados":28,"pct_cuentapropia":67,"pct_agricultura":11,"pct_comercio":56,"pct_manufactura":22,"pct_construccion":0,"pct_transporte":0,"pct_alojamiento":0,"pct_sin_educacion":0,"pct_educ_superior":21,"brecha_educ":-25,"pct_sin_seguro":10,"pct_sus":88,"pct_seguro_privado":0,"brecha_seguro":0,"pct_salud_publica":28,"pct_med_tradicional":7,"pct_automedicacion":10,"pct_remedios_caseros":27,"pct_viv_desocupada":0,"pct_alquiler":50,"pct_electricidad":100,"pct_sin_electricidad":0,"pct_agua_red":92,"pct_alcantarillado":58,"pct_camara_septica":42,"pct_pozo_ciego":0,"pct_sin_desague":0,"pct_gas_red":0,"pct_gas_garrafa":100,"pct_lena_guano":100,"pct_basura_formal":100,"pct_basura_quema":0,"pct_basura_informal":0,"pct_internet":100,"pct_celular":100,"pct_televisor":83}},{"type":"Feature","geometry":{"type":"Polygon","coordinates":[[[-65.36349,-10.8415],[-65.36433,-10.84109],[-65.36391,-10.84025],[-65.36307,-10.84063],[-65.36349,-10.8415]]]},"properties":{"n":"GUAYARAMERIN","p":35,"personas_x_ha":32,"masculinidad":59,"pct_menor20":34,"pct_60mas":3,"pct_migrante":37,"dependencia_econ":140,"pct_empleados":60,"pct_cuentapropia":10,"pct_agricultura":0,"pct_comercio":20,"pct_manufactura":10,"pct_construccion":0,"pct_transporte":0,"pct_alojamiento":10,"pct_sin_educacion":0,"pct_educ_superior":44,"brecha_educ":-8,"pct_sin_seguro":24,"pct_sus":57,"pct_seguro_privado":0,"brecha_seguro":2,"pct_salud_publica":49,"pct_med_tradicional":3,"pct_automedicacion":11,"pct_remedios_caseros":17,"pct_viv_desocupada":18,"pct_alquiler":11,"pct_electricidad":100,"pct_sin_electricidad":0,"pct_agua_red":67,"pct_alcantarillado":56,"pct_camara_septica":22,"pct_pozo_ciego":22,"pct_sin_desague":0,"pct_gas_red":0,"pct_gas_garrafa":100,"pct_lena_guano":100,"pct_basura_formal":89,"pct_basura_quema":11,"pct_basura_informal":0,"pct_internet":44,"pct_celular":56,"pct_televisor":33}},{"type":"Feature","geometry":{"type":"Polygon","coordinates":[[[-65.36429,-10.82337],[-65.3651,-10.82301],[-65.36493,-10.82254],[-65.36468,-10.82214],[-65.36388,-10.82251],[-65.36429,-10.82337]]]},"properties":{"n":"GUAYARAMERIN","p":56,"personas_x_ha":51,"masculinidad":107,"pct_menor20":38,"pct_60mas":14,"pct_migrante":34,"dependencia_econ":124,"pct_empleados":32,"pct_cuentapropia":48,"pct_agricultura":20,"pct_comercio":12,"pct_manufactura":16,"pct_construccion":16,"pct_transporte":4,"pct_alojamiento":8,"pct_sin_educacion":0,"pct_educ_superior":8,"brecha_educ":-3,"pct_sin_seguro":0,"pct_sus":96,"pct_seguro_privado":4,"brecha_seguro":0,"pct_salud_publica":58,"pct_med_tradicional":0,"pct_automedicacion":5,"pct_remedios_caseros":32,"pct_viv_desocupada":6,"pct_alquiler":6,"pct_electricidad":100,"pct_sin_electricidad":0,"pct_agua_red":62,"pct_alcantarillado":12,"pct_camara_septica":19,"pct_pozo_ciego":62,"pct_sin_desague":0,"pct_gas_red":6,"pct_gas_garrafa":94,"pct_lena_guano":94,"pct_basura_formal":94,"pct_basura_quema":6,"pct_basura_informal":0,"pct_internet":50,"pct_celular":88,"pct_televisor":62}},{"type":"Feature","geometry":{"type":"Polygon","coordinates":[[[-65.35796,-10.82043],[-65.35881,-10.81996],[-65.35836,-10.8191],[-65.35753,-10.81954],[-65.35796,-10.82043]]]},"properties":{"n":"GUAYARAMERIN","p":45,"personas_x_ha":38,"masculinidad":105,"pct_menor20":38,"pct_60mas":13,"pct_migrante":22,"dependencia_econ":150,"pct_empleados":33,"pct_cuentapropia":28,"pct_agricultura":11,"pct_comercio":6,"pct_manufactura":0,"pct_construccion":0,"pct_transporte":17,"pct_alojamiento":6,"pct_sin_educacion":3,"pct_educ_superior":45,"brecha_educ":8,"pct_sin_seguro":13,"pct_sus":82,"pct_seguro_privado":0,"brecha_seguro":8,"pct_salud_publica":33,"pct_med_tradicional":4,"pct_automedicacion":13,"pct_remedios_caseros":19,"pct_viv_desocupada":0,"pct_alquiler":19,"pct_electricidad":100,"pct_sin_electricidad":0,"pct_agua_red":94,"pct_alcantarillado":75,"pct_camara_septica":25,"pct_pozo_ciego":0,"pct_sin_desague":0,"pct_gas_red":12,"pct_gas_garrafa":88,"pct_lena_guano":88,"pct_basura_formal":100,"pct_basura_quema":0,"pct_basura_informal":0,"pct_internet":88,"pct_celular":88,"pct_televisor":69}},{"type":"Feature","geometry":{"type":"Polygon","coordinates":[[[-65.37544,-10.80827],[-65.37457,-10.80845],[-65.37475,-10.80935],[-65.37566,-10.80918],[-65.37544,-10.80827]]]},"properties":{"n":"GUAYARAMERIN","p":31,"personas_x_ha":30,"masculinidad":121,"pct_menor20":45,"pct_60mas":3,"pct_migrante":35,"dependencia_econ":417,"pct_empleados":67,"pct_cuentapropia":0,"pct_agricultura":33,"pct_comercio":17,"pct_manufactura":0,"pct_construccion":17,"pct_transporte":33,"pct_alojamiento":0,"pct_sin_educacion":12,"pct_educ_superior":0,"brecha_educ":-27,"pct_sin_seguro":37,"pct_sus":60,"pct_seguro_privado":0,"brecha_seguro":2,"pct_salud_publica":36,"pct_med_tradicional":13,"pct_automedicacion":16,"pct_remedios_caseros":31,"pct_viv_desocupada":0,"pct_alquiler":0,"pct_electricidad":11,"pct_sin_electricidad":89,"pct_agua_red":0,"pct_alcantarillado":0,"pct_camara_septica":0,"pct_pozo_ciego":0,"pct_sin_desague":44,"pct_gas_red":0,"pct_gas_garrafa":56,"pct_lena_guano":56,"pct_basura_formal":0,"pct_basura_quema":100,"pct_basura_informal":0,"pct_internet":33,"pct_celular":78,"pct_televisor":22}},{"type":"Feature","geometry":{"type":"Polygon","coordinates":[[[-65.34295,-10.8359],[-65.34389,-10.83617],[-65.34406,-10.83567],[-65.3431,-10.83537],[-65.34295,-10.8359]]]},"properties":{"n":"GUAYARAMERIN","p":56,"personas_x_ha":84,"masculinidad":115,"pct_menor20":50,"pct_60mas":7,"pct_migrante":21,"dependencia_econ":175,"pct_empleados":25,"pct_cuentapropia":35,"pct_agricultura":10,"pct_comercio":20,"pct_manufactura":10,"pct_construccion":40,"pct_transporte":5,"pct_alojamiento":10,"pct_sin_educacion":0,"pct_educ_superior":14,"brecha_educ":-7,"pct_sin_seguro":6,"pct_sus":94,"pct_seguro_privado":0,"brecha_seguro":-4,"pct_salud_publica":28,"pct_med_tradicional":12,"pct_automedicacion":23,"pct_remedios_caseros":23,"pct_viv_desocupada":6,"pct_alquiler":17,"pct_electricidad":100,"pct_sin_electricidad":0,"pct_agua_red":50,"pct_alcantarillado":8,"pct_camara_septica":25,"pct_pozo_ciego":67,"pct_sin_desague":0,"pct_gas_red":0,"pct_gas_garrafa":100,"pct_lena_guano":100,"pct_basura_formal":92,"pct_basura_quema":8,"pct_basura_informal":0,"pct_internet":75,"pct_celular":92,"pct_televisor":67}},{"type":"Feature","geometry":{"type":"Polygon","coordinates":[[[-65.35271,-10.83245],[-65.35236,-10.83175],[-65.35146,-10.83224],[-65.3516,-10.83252],[-65.35203,-10.83265],[-65.3524,-10.83262],[-65.35271,-10.83245]]]},"properties":{"n":"GUAYARAMERIN","p":27,"personas_x_ha":31,"masculinidad":170,"pct_menor20":37,"pct_60mas":22,"pct_migrante":33,"dependencia_econ":189,"pct_empleados":44,"pct_cuentapropia":44,"pct_agricultura":0,"pct_comercio":44,"pct_manufactura":33,"pct_construccion":11,"pct_transporte":0,"pct_alojamiento":11,"pct_sin_educacion":19,"pct_educ_superior":0,"brecha_educ":0,"pct_sin_seguro":15,"pct_sus":85,"pct_seguro_privado":0,"brecha_seguro":25,"pct_salud_publica":70,"pct_med_tradicional":0,"pct_automedicacion":0,"pct_remedios_caseros":21,"pct_viv_desocupada":0,"pct_alquiler":12,"pct_electricidad":100,"pct_sin_electricidad":0,"pct_agua_red":88,"pct_alcantarillado":0,"pct_camara_septica":38,"pct_pozo_ciego":62,"pct_sin_desague":0,"pct_gas_red":0,"pct_gas_garrafa":88,"pct_lena_guano":88,"pct_basura_formal":88,"pct_basura_quema":12,"pct_basura_informal":0,"pct_internet":88,"pct_celular":88,"pct_televisor":50}},{"type":"Feature","geometry":{"type":"Polygon","coordinates":[[[-65.3497,-10.82111],[-65.34926,-10.82027],[-65.34839,-10.82074],[-65.34803,-10.82187],[-65.34814,-10.82192],[-65.3497,-10.82111]]]},"properties":{"n":"GUAYARAMERIN","p":36,"personas_x_ha":21,"masculinidad":80,"pct_menor20":25,"pct_60mas":11,"pct_migrante":33,"dependencia_econ":45,"pct_empleados":32,"pct_cuentapropia":50,"pct_agricultura":5,"pct_comercio":41,"pct_manufactura":5,"pct_construccion":18,"pct_transporte":0,"pct_alojamiento":5,"pct_sin_educacion":0,"pct_educ_superior":24,"brecha_educ":10,"pct_sin_seguro":23,"pct_sus":43,"pct_seguro_privado":0,"brecha_seguro":-39,"pct_salud_publica":39,"pct_med_tradicional":0,"pct_automedicacion":16,"pct_remedios_caseros":22,"pct_viv_desocupada":0,"pct_alquiler":23,"pct_electricidad":100,"pct_sin_electricidad":0,"pct_agua_red":92,"pct_alcantarillado":69,"pct_camara_septica":8,"pct_pozo_ciego":8,"pct_sin_desague":15,"pct_gas_red":8,"pct_gas_garrafa":85,"pct_lena_guano":85,"pct_basura_formal":92,"pct_basura_quema":8,"pct_basura_informal":0,"pct_internet":62,"pct_celular":77,"pct_televisor":62}},{"type":"Feature","geometry":{"type":"Polygon","coordinates":[[[-65.35444,-10.81366],[-65.3541,-10.81289],[-65.35266,-10.81233],[-65.35359,-10.81408],[-65.35444,-10.81366]]]},"properties":{"n":"GUAYARAMERIN","p":101,"personas_x_ha":59,"masculinidad":84,"pct_menor20":28,"pct_60mas":24,"pct_migrante":51,"dependencia_econ":108,"pct_empleados":35,"pct_cuentapropia":52,"pct_agricultura":6,"pct_comercio":21,"pct_manufactura":4,"pct_construccion":4,"pct_transporte":2,"pct_alojamiento":21,"pct_sin_educacion":0,"pct_educ_superior":44,"brecha_educ":2,"pct_sin_seguro":16,"pct_sus":58,"pct_seguro_privado":1,"brecha_seguro":11,"pct_salud_publica":34,"pct_med_tradicional":5,"pct_automedicacion":7,"pct_remedios_caseros":17,"pct_viv_desocupada":5,"pct_alquiler":34,"pct_electricidad":100,"pct_sin_electricidad":0,"pct_agua_red":97,"pct_alcantarillado":90,"pct_camara_septica":7,"pct_pozo_ciego":3,"pct_sin_desague":0,"pct_gas_red":14,"pct_gas_garrafa":83,"pct_lena_guano":83,"pct_basura_formal":100,"pct_basura_quema":0,"pct_basura_informal":0,"pct_internet":83,"pct_celular":90,"pct_televisor":83}},{"type":"Feature","geometry":{"type":"Polygon","coordinates":[[[-65.35124,-10.82147],[-65.35202,-10.82104],[-65.35162,-10.8202],[-65.35077,-10.82063],[-65.35124,-10.82147]]]},"properties":{"n":"GUAYARAMERIN","p":97,"personas_x_ha":90,"masculinidad":80,"pct_menor20":40,"pct_60mas":10,"pct_migrante":31,"dependencia_econ":177,"pct_empleados":26,"pct_cuentapropia":49,"pct_agricultura":23,"pct_comercio":20,"pct_manufactura":3,"pct_construccion":9,"pct_transporte":6,"pct_alojamiento":3,"pct_sin_educacion":2,"pct_educ_superior":32,"brecha_educ":-5,"pct_sin_seguro":10,"pct_sus":84,"pct_seguro_privado":0,"brecha_seguro":7,"pct_salud_publica":39,"pct_med_tradicional":3,"pct_automedicacion":11,"pct_remedios_caseros":28,"pct_viv_desocupada":4,"pct_alquiler":10,"pct_electricidad":100,"pct_sin_electricidad":0,"pct_agua_red":62,"pct_alcantarillado":76,"pct_camara_septica":19,"pct_pozo_ciego":0,"pct_sin_desague":0,"pct_gas_red":5,"pct_gas_garrafa":86,"pct_lena_guano":86,"pct_basura_formal":100,"pct_basura_quema":0,"pct_basura_informal":0,"pct_internet":90,"pct_celular":95,"pct_televisor":76}},{"type":"Feature","geometry":{"type":"Polygon","coordinates":[[[-65.35663,-10.84839],[-65.35622,-10.84759],[-65.35542,-10.84796],[-65.3558,-10.84881],[-65.35663,-10.84839]]]},"properties":{"n":"GUAYARAMERIN","p":22,"personas_x_ha":22,"masculinidad":83,"pct_menor20":27,"pct_60mas":9,"pct_migrante":45,"dependencia_econ":144,"pct_empleados":22,"pct_cuentapropia":44,"pct_agricultura":33,"pct_comercio":0,"pct_manufactura":0,"pct_construccion":11,"pct_transporte":11,"pct_alojamiento":0,"pct_sin_educacion":0,"pct_educ_superior":50,"brecha_educ":12,"pct_sin_seguro":14,"pct_sus":76,"pct_seguro_privado":0,"brecha_seguro":-8,"pct_salud_publica":44,"pct_med_tradicional":7,"pct_automedicacion":20,"pct_remedios_caseros":20,"pct_viv_desocupada":33,"pct_alquiler":12,"pct_electricidad":100,"pct_sin_electricidad":0,"pct_agua_red":12,"pct_alcantarillado":25,"pct_camara_septica":12,"pct_pozo_ciego":62,"pct_sin_desague":0,"pct_gas_red":0,"pct_gas_garrafa":88,"pct_lena_guano":88,"pct_basura_formal":25,"pct_basura_quema":75,"pct_basura_informal":0,"pct_internet":100,"pct_celular":100,"pct_televisor":38}},{"type":"Feature","geometry":{"type":"Polygon","coordinates":[[[-65.36399,-10.82105],[-65.36386,-10.82085],[-65.3635,-10.82073],[-65.36281,-10.82026],[-65.36242,-10.82061],[-65.36383,-10.82109],[-65.36399,-10.82105]]]},"properties":{"n":"GUAYARAMERIN","p":27,"personas_x_ha":48,"masculinidad":125,"pct_menor20":22,"pct_60mas":4,"pct_migrante":22,"dependencia_econ":29,"pct_empleados":29,"pct_cuentapropia":67,"pct_agricultura":0,"pct_comercio":14,"pct_manufactura":10,"pct_construccion":38,"pct_transporte":5,"pct_alojamiento":14,"pct_sin_educacion":65,"pct_educ_superior":9,"brecha_educ":-6,"pct_sin_seguro":67,"pct_sus":19,"pct_seguro_privado":0,"brecha_seguro":15,"pct_salud_publica":77,"pct_med_tradicional":0,"pct_automedicacion":3,"pct_remedios_caseros":3,"pct_viv_desocupada":0,"pct_alquiler":0,"pct_electricidad":82,"pct_sin_electricidad":0,"pct_agua_red":9,"pct_alcantarillado":0,"pct_camara_septica":9,"pct_pozo_ciego":73,"pct_sin_desague":18,"pct_gas_red":0,"pct_gas_garrafa":64,"pct_lena_guano":64,"pct_basura_formal":91,"pct_basura_quema":9,"pct_basura_informal":0,"pct_internet":9,"pct_celular":45,"pct_televisor":45}},{"type":"Feature","geometry":{"type":"Polygon","coordinates":[[[-65.3709,-10.81117],[-65.37144,-10.81105],[-65.37132,-10.81022],[-65.37141,-10.81005],[-65.37164,-10.80999],[-65.37146,-10.80956],[-65.37036,-10.81014],[-65.3709,-10.81117]]]},"properties":{"n":"GUAYARAMERIN","p":39,"personas_x_ha":29,"masculinidad":225,"pct_menor20":44,"pct_60mas":3,"pct_migrante":33,"dependencia_econ":138,"pct_empleados":31,"pct_cuentapropia":44,"pct_agricultura":12,"pct_comercio":31,"pct_manufactura":12,"pct_construccion":12,"pct_transporte":12,"pct_alojamiento":19,"pct_sin_educacion":0,"pct_educ_superior":5,"brecha_educ":-10,"pct_sin_seguro":16,"pct_sus":78,"pct_seguro_privado":0,"brecha_seguro":-13,"pct_salud_publica":56,"pct_med_tradicional":0,"pct_automedicacion":4,"pct_remedios_caseros":16,"pct_viv_desocupada":7,"pct_alquiler":15,"pct_electricidad":77,"pct_sin_electricidad":15,"pct_agua_red":0,"pct_alcantarillado":0,"pct_camara_septica":8,"pct_pozo_ciego":69,"pct_sin_desague":23,"pct_gas_red":0,"pct_gas_garrafa":92,"pct_lena_guano":92,"pct_basura_formal":62,"pct_basura_quema":38,"pct_basura_informal":0,"pct_internet":100,"pct_celular":100,"pct_televisor":62}},{"type":"Feature","geometry":{"type":"Polygon","coordinates":[[[-65.34601,-10.83094],[-65.34673,-10.83111],[-65.34717,-10.82965],[-65.34642,-10.82943],[-65.34601,-10.83094]]]},"properties":{"n":"GUAYARAMERIN","p":109,"personas_x_ha":74,"masculinidad":110,"pct_menor20":35,"pct_60mas":9,"pct_migrante":28,"dependencia_econ":113,"pct_empleados":15,"pct_cuentapropia":49,"pct_agricultura":2,"pct_comercio":23,"pct_manufactura":21,"pct_construccion":2,"pct_transporte":11,"pct_alojamiento":28,"pct_sin_educacion":2,"pct_educ_superior":23,"brecha_educ":-10,"pct_sin_seguro":10,"pct_sus":86,"pct_seguro_privado":1,"brecha_seguro":7,"pct_salud_publica":60,"pct_med_tradicional":1,"pct_automedicacion":9,"pct_remedios_caseros":10,"pct_viv_desocupada":0,"pct_alquiler":8,"pct_electricidad":100,"pct_sin_electricidad":0,"pct_agua_red":79,"pct_alcantarillado":17,"pct_camara_septica":38,"pct_pozo_ciego":29,"pct_sin_desague":0,"pct_gas_red":0,"pct_gas_garrafa":96,"pct_lena_guano":96,"pct_basura_formal":100,"pct_basura_quema":0,"pct_basura_informal":0,"pct_internet":58,"pct_celular":75,"pct_televisor":71}},{"type":"Feature","geometry":{"type":"Polygon","coordinates":[[[-65.358,-10.81806],[-65.3584,-10.81891],[-65.35932,-10.81848],[-65.35884,-10.81761],[-65.358,-10.81806]]]},"properties":{"n":"GUAYARAMERIN","p":18,"personas_x_ha":15,"masculinidad":100,"pct_menor20":11,"pct_60mas":11,"pct_migrante":44,"dependencia_econ":38,"pct_empleados":85,"pct_cuentapropia":15,"pct_agricultura":0,"pct_comercio":15,"pct_manufactura":8,"pct_construccion":0,"pct_transporte":0,"pct_alojamiento":0,"pct_sin_educacion":0,"pct_educ_superior":62,"brecha_educ":11,"pct_sin_seguro":17,"pct_sus":33,"pct_seguro_privado":17,"brecha_seguro":-11,"pct_salud_publica":24,"pct_med_tradicional":8,"pct_automedicacion":8,"pct_remedios_caseros":16,"pct_viv_desocupada":24,"pct_alquiler":33,"pct_electricidad":100,"pct_sin_electricidad":0,"pct_agua_red":67,"pct_alcantarillado":100,"pct_camara_septica":0,"pct_pozo_ciego":0,"pct_sin_desague":0,"pct_gas_red":0,"pct_gas_garrafa":89,"pct_lena_guano":89,"pct_basura_formal":100,"pct_basura_quema":0,"pct_basura_informal":0,"pct_internet":89,"pct_celular":89,"pct_televisor":89}},{"type":"Feature","geometry":{"type":"Polygon","coordinates":[[[-65.37327,-10.8116],[-65.37288,-10.8109],[-65.37237,-10.811],[-65.3728,-10.81176],[-65.37327,-10.8116]]]},"properties":{"n":"GUAYARAMERIN","p":30,"personas_x_ha":58,"masculinidad":76,"pct_menor20":47,"pct_60mas":10,"pct_migrante":33,"dependencia_econ":131,"pct_empleados":54,"pct_cuentapropia":23,"pct_agricultura":0,"pct_comercio":31,"pct_manufactura":0,"pct_construccion":15,"pct_transporte":15,"pct_alojamiento":0,"pct_sin_educacion":0,"pct_educ_superior":38,"brecha_educ":-3,"pct_sin_seguro":23,"pct_sus":70,"pct_seguro_privado":0,"brecha_seguro":0,"pct_salud_publica":51,"pct_med_tradicional":0,"pct_automedicacion":24,"pct_remedios_caseros":0,"pct_viv_desocupada":31,"pct_alquiler":0,"pct_electricidad":89,"pct_sin_electricidad":11,"pct_agua_red":0,"pct_alcantarillado":0,"pct_camara_septica":33,"pct_pozo_ciego":33,"pct_sin_desague":33,"pct_gas_red":0,"pct_gas_garrafa":89,"pct_lena_guano":89,"pct_basura_formal":67,"pct_basura_quema":33,"pct_basura_informal":0,"pct_internet":89,"pct_celular":89,"pct_televisor":56}},{"type":"Feature","geometry":{"type":"Polygon","coordinates":[[[-65.36237,-10.83201],[-65.36214,-10.83154],[-65.36127,-10.83198],[-65.36148,-10.83245],[-65.36237,-10.83201]]]},"properties":{"n":"GUAYARAMERIN","p":47,"personas_x_ha":73,"masculinidad":81,"pct_menor20":47,"pct_60mas":4,"pct_migrante":36,"dependencia_econ":104,"pct_empleados":48,"pct_cuentapropia":43,"pct_agricultura":4,"pct_comercio":30,"pct_manufactura":13,"pct_construccion":0,"pct_transporte":17,"pct_alojamiento":13,"pct_sin_educacion":4,"pct_educ_superior":23,"brecha_educ":-21,"pct_sin_seguro":45,"pct_sus":43,"pct_seguro_privado":6,"brecha_seguro":-12,"pct_salud_publica":33,"pct_med_tradicional":11,"pct_automedicacion":5,"pct_remedios_caseros":11,"pct_viv_desocupada":0,"pct_alquiler":11,"pct_electricidad":100,"pct_sin_electricidad":0,"pct_agua_red":89,"pct_alcantarillado":11,"pct_camara_septica":56,"pct_pozo_ciego":22,"pct_sin_desague":11,"pct_gas_red":0,"pct_gas_garrafa":100,"pct_lena_guano":100,"pct_basura_formal":100,"pct_basura_quema":0,"pct_basura_informal":0,"pct_internet":44,"pct_celular":89,"pct_televisor":67}},{"type":"Feature","geometry":{"type":"Polygon","coordinates":[[[-65.35686,-10.81851],[-65.35641,-10.81766],[-65.3556,-10.81812],[-65.35604,-10.81897],[-65.35686,-10.81851]]]},"properties":{"n":"GUAYARAMERIN","p":38,"personas_x_ha":33,"masculinidad":65,"pct_menor20":39,"pct_60mas":11,"pct_migrante":63,"dependencia_econ":90,"pct_empleados":30,"pct_cuentapropia":35,"pct_agricultura":0,"pct_comercio":25,"pct_manufactura":10,"pct_construccion":0,"pct_transporte":0,"pct_alojamiento":25,"pct_sin_educacion":4,"pct_educ_superior":46,"brecha_educ":6,"pct_sin_seguro":46,"pct_sus":54,"pct_seguro_privado":0,"brecha_seguro":24,"pct_salud_publica":28,"pct_med_tradicional":1,"pct_automedicacion":18,"pct_remedios_caseros":18,"pct_viv_desocupada":13,"pct_alquiler":36,"pct_electricidad":91,"pct_sin_electricidad":0,"pct_agua_red":82,"pct_alcantarillado":73,"pct_camara_septica":27,"pct_pozo_ciego":0,"pct_sin_desague":0,"pct_gas_red":0,"pct_gas_garrafa":100,"pct_lena_guano":100,"pct_basura_formal":91,"pct_basura_quema":9,"pct_basura_informal":0,"pct_internet":64,"pct_celular":91,"pct_televisor":45}},{"type":"Feature","geometry":{"type":"Polygon","coordinates":[[[-65.34203,-10.83917],[-65.34188,-10.83975],[-65.34283,-10.83999],[-65.34297,-10.83944],[-65.34203,-10.83917]]]},"properties":{"n":"GUAYARAMERIN","p":33,"personas_x_ha":47,"masculinidad":94,"pct_menor20":55,"pct_60mas":3,"pct_migrante":24,"dependencia_econ":106,"pct_empleados":44,"pct_cuentapropia":31,"pct_agricultura":6,"pct_comercio":44,"pct_manufactura":0,"pct_construccion":25,"pct_transporte":0,"pct_alojamiento":12,"pct_sin_educacion":6,"pct_educ_superior":0,"brecha_educ":5,"pct_sin_seguro":3,"pct_sus":97,"pct_seguro_privado":0,"brecha_seguro":6,"pct_salud_publica":38,"pct_med_tradicional":6,"pct_automedicacion":23,"pct_remedios_caseros":33,"pct_viv_desocupada":14,"pct_alquiler":17,"pct_electricidad":83,"pct_sin_electricidad":17,"pct_agua_red":17,"pct_alcantarillado":17,"pct_camara_septica":0,"pct_pozo_ciego":50,"pct_sin_desague":17,"pct_gas_red":0,"pct_gas_garrafa":67,"pct_lena_guano":67,"pct_basura_formal":33,"pct_basura_quema":67,"pct_basura_informal":0,"pct_internet":100,"pct_celular":100,"pct_televisor":83}},{"type":"Feature","geometry":{"type":"Polygon","coordinates":[[[-65.35056,-10.81321],[-65.35009,-10.81238],[-65.34924,-10.81281],[-65.34966,-10.81365],[-65.35056,-10.81321]]]},"properties":{"n":"GUAYARAMERIN","p":48,"personas_x_ha":42,"masculinidad":66,"pct_menor20":27,"pct_60mas":17,"pct_migrante":40,"dependencia_econ":167,"pct_empleados":39,"pct_cuentapropia":61,"pct_agricultura":6,"pct_comercio":39,"pct_manufactura":6,"pct_construccion":0,"pct_transporte":0,"pct_alojamiento":11,"pct_sin_educacion":6,"pct_educ_superior":19,"brecha_educ":2,"pct_sin_seguro":15,"pct_sus":60,"pct_seguro_privado":0,"brecha_seguro":2,"pct_salud_publica":42,"pct_med_tradicional":5,"pct_automedicacion":0,"pct_remedios_caseros":5,"pct_viv_desocupada":10,"pct_alquiler":50,"pct_electricidad":100,"pct_sin_electricidad":0,"pct_agua_red":93,"pct_alcantarillado":79,"pct_camara_septica":14,"pct_pozo_ciego":7,"pct_sin_desague":0,"pct_gas_red":7,"pct_gas_garrafa":93,"pct_lena_guano":93,"pct_basura_formal":100,"pct_basura_quema":0,"pct_basura_informal":0,"pct_internet":93,"pct_celular":100,"pct_televisor":100}},{"type":"Feature","geometry":{"type":"Polygon","coordinates":[[[-65.36434,-10.83864],[-65.3639,-10.83776],[-65.36306,-10.83815],[-65.3635,-10.83903],[-65.36434,-10.83864]]]},"properties":{"n":"GUAYARAMERIN","p":33,"personas_x_ha":29,"masculinidad":94,"pct_menor20":33,"pct_60mas":9,"pct_migrante":30,"dependencia_econ":136,"pct_empleados":43,"pct_cuentapropia":7,"pct_agricultura":14,"pct_comercio":7,"pct_manufactura":21,"pct_construccion":14,"pct_transporte":0,"pct_alojamiento":0,"pct_sin_educacion":4,"pct_educ_superior":35,"brecha_educ":2,"pct_sin_seguro":3,"pct_sus":85,"pct_seguro_privado":0,"brecha_seguro":6,"pct_salud_publica":76,"pct_med_tradicional":0,"pct_automedicacion":0,"pct_remedios_caseros":0,"pct_viv_desocupada":0,"pct_alquiler":0,"pct_electricidad":100,"pct_sin_electricidad":0,"pct_agua_red":50,"pct_alcantarillado":25,"pct_camara_septica":25,"pct_pozo_ciego":50,"pct_sin_desague":0,"pct_gas_red":0,"pct_gas_garrafa":75,"pct_lena_guano":75,"pct_basura_formal":100,"pct_basura_quema":0,"pct_basura_informal":0,"pct_internet":88,"pct_celular":88,"pct_televisor":62}},{"type":"Feature","geometry":{"type":"Polygon","coordinates":[[[-65.34524,-10.83587],[-65.34614,-10.83612],[-65.34629,-10.83561],[-65.34538,-10.83532],[-65.34524,-10.83587]]]},"properties":{"n":"GUAYARAMERIN","p":40,"personas_x_ha":61,"masculinidad":100,"pct_menor20":32,"pct_60mas":15,"pct_migrante":32,"dependencia_econ":122,"pct_empleados":44,"pct_cuentapropia":39,"pct_agricultura":11,"pct_comercio":39,"pct_manufactura":6,"pct_construccion":11,"pct_transporte":6,"pct_alojamiento":17,"pct_sin_educacion":7,"pct_educ_superior":26,"brecha_educ":-14,"pct_sin_seguro":25,"pct_sus":65,"pct_seguro_privado":0,"brecha_seguro":0,"pct_salud_publica":35,"pct_med_tradicional":10,"pct_automedicacion":19,"pct_remedios_caseros":32,"pct_viv_desocupada":0,"pct_alquiler":15,"pct_electricidad":100,"pct_sin_electricidad":0,"pct_agua_red":69,"pct_alcantarillado":38,"pct_camara_septica":15,"pct_pozo_ciego":46,"pct_sin_desague":0,"pct_gas_red":0,"pct_gas_garrafa":85,"pct_lena_guano":85,"pct_basura_formal":100,"pct_basura_quema":0,"pct_basura_informal":0,"pct_internet":69,"pct_celular":77,"pct_televisor":62}},{"type":"Feature","geometry":{"type":"Polygon","coordinates":[[[-65.3595,-10.83386],[-65.35908,-10.83302],[-65.3587,-10.8332],[-65.35913,-10.83406],[-65.3595,-10.83386]]]},"properties":{"n":"GUAYARAMERIN","p":27,"personas_x_ha":54,"masculinidad":93,"pct_menor20":33,"pct_60mas":15,"pct_migrante":30,"dependencia_econ":214,"pct_empleados":14,"pct_cuentapropia":71,"pct_agricultura":14,"pct_comercio":0,"pct_manufactura":29,"pct_construccion":0,"pct_transporte":0,"pct_alojamiento":0,"pct_sin_educacion":7,"pct_educ_superior":36,"brecha_educ":43,"pct_sin_seguro":5,"pct_sus":82,"pct_seguro_privado":0,"brecha_seguro":-8,"pct_salud_publica":56,"pct_med_tradicional":0,"pct_automedicacion":2,"pct_remedios_caseros":16,"pct_viv_desocupada":8,"pct_alquiler":10,"pct_electricidad":100,"pct_sin_electricidad":0,"pct_agua_red":100,"pct_alcantarillado":10,"pct_camara_septica":60,"pct_pozo_ciego":30,"pct_sin_desague":0,"pct_gas_red":30,"pct_gas_garrafa":70,"pct_lena_guano":70,"pct_basura_formal":100,"pct_basura_quema":0,"pct_basura_informal":0,"pct_internet":40,"pct_celular":90,"pct_televisor":60}},{"type":"Feature","geometry":{"type":"Polygon","coordinates":[[[-65.34278,-10.83665],[-65.34262,-10.83716],[-65.34352,-10.83742],[-65.34368,-10.83691],[-65.34278,-10.83665]]]},"properties":{"n":"GUAYARAMERIN","p":41,"personas_x_ha":64,"masculinidad":116,"pct_menor20":54,"pct_60mas":2,"pct_migrante":22,"dependencia_econ":186,"pct_empleados":50,"pct_cuentapropia":36,"pct_agricultura":21,"pct_comercio":36,"pct_manufactura":7,"pct_construccion":21,"pct_transporte":0,"pct_alojamiento":7,"pct_sin_educacion":0,"pct_educ_superior":26,"brecha_educ":11,"pct_sin_seguro":24,"pct_sus":66,"pct_seguro_privado":0,"brecha_seguro":9,"pct_salud_publica":32,"pct_med_tradicional":4,"pct_automedicacion":17,"pct_remedios_caseros":31,"pct_viv_desocupada":23,"pct_alquiler":0,"pct_electricidad":100,"pct_sin_electricidad":0,"pct_agua_red":100,"pct_alcantarillado":20,"pct_camara_septica":80,"pct_pozo_ciego":0,"pct_sin_desague":0,"pct_gas_red":10,"pct_gas_garrafa":90,"pct_lena_guano":90,"pct_basura_formal":100,"pct_basura_quema":0,"pct_basura_informal":0,"pct_internet":70,"pct_celular":70,"pct_televisor":70}},{"type":"Feature","geometry":{"type":"Polygon","coordinates":[[[-65.34785,-10.8224],[-65.34856,-10.82251],[-65.34849,-10.82186],[-65.34792,-10.82212],[-65.34785,-10.8224]]]},"properties":{"n":"GUAYARAMERIN","p":55,"personas_x_ha":148,"masculinidad":104,"pct_menor20":38,"pct_60mas":5,"pct_migrante":36,"dependencia_econ":62,"pct_empleados":35,"pct_cuentapropia":53,"pct_agricultura":3,"pct_comercio":29,"pct_manufactura":6,"pct_construccion":3,"pct_transporte":0,"pct_alojamiento":29,"pct_sin_educacion":0,"pct_educ_superior":29,"brecha_educ":-8,"pct_sin_seguro":15,"pct_sus":73,"pct_seguro_privado":0,"brecha_seguro":14,"pct_salud_publica":29,"pct_med_tradicional":7,"pct_automedicacion":17,"pct_remedios_caseros":29,"pct_viv_desocupada":19,"pct_alquiler":9,"pct_electricidad":100,"pct_sin_electricidad":0,"pct_agua_red":100,"pct_alcantarillado":18,"pct_camara_septica":0,"pct_pozo_ciego":82,"pct_sin_desague":0,"pct_gas_red":18,"pct_gas_garrafa":82,"pct_lena_guano":82,"pct_basura_formal":100,"pct_basura_quema":0,"pct_basura_informal":0,"pct_internet":91,"pct_celular":91,"pct_televisor":82}},{"type":"Feature","geometry":{"type":"Polygon","coordinates":[[[-65.36362,-10.83198],[-65.36274,-10.83243],[-65.36317,-10.83324],[-65.36406,-10.83283],[-65.36362,-10.83198]]]},"properties":{"n":"GUAYARAMERIN","p":38,"personas_x_ha":33,"masculinidad":100,"pct_menor20":39,"pct_60mas":24,"pct_migrante":50,"dependencia_econ":111,"pct_empleados":33,"pct_cuentapropia":56,"pct_agricultura":17,"pct_comercio":17,"pct_manufactura":11,"pct_construccion":6,"pct_transporte":11,"pct_alojamiento":0,"pct_sin_educacion":0,"pct_educ_superior":17,"brecha_educ":3,"pct_sin_seguro":42,"pct_sus":58,"pct_seguro_privado":0,"brecha_seguro":0,"pct_salud_publica":32,"pct_med_tradicional":5,"pct_automedicacion":11,"pct_remedios_caseros":25,"pct_viv_desocupada":0,"pct_alquiler":11,"pct_electricidad":100,"pct_sin_electricidad":0,"pct_agua_red":100,"pct_alcantarillado":11,"pct_camara_septica":56,"pct_pozo_ciego":22,"pct_sin_desague":0,"pct_gas_red":0,"pct_gas_garrafa":78,"pct_lena_guano":78,"pct_basura_formal":78,"pct_basura_quema":22,"pct_basura_informal":0,"pct_internet":100,"pct_celular":100,"pct_televisor":67}},{"type":"Feature","geometry":{"type":"Polygon","coordinates":[[[-65.3484,-10.83617],[-65.34749,-10.83592],[-65.34734,-10.83645],[-65.34826,-10.83673],[-65.3484,-10.83617]]]},"properties":{"n":"GUAYARAMERIN","p":42,"personas_x_ha":64,"masculinidad":121,"pct_menor20":57,"pct_60mas":2,"pct_migrante":21,"dependencia_econ":215,"pct_empleados":38,"pct_cuentapropia":38,"pct_agricultura":8,"pct_comercio":23,"pct_manufactura":23,"pct_construccion":23,"pct_transporte":8,"pct_alojamiento":15,"pct_sin_educacion":6,"pct_educ_superior":35,"brecha_educ":9,"pct_sin_seguro":8,"pct_sus":68,"pct_seguro_privado":0,"brecha_seguro":14,"pct_salud_publica":41,"pct_med_tradicional":8,"pct_automedicacion":8,"pct_remedios_caseros":23,"pct_viv_desocupada":0,"pct_alquiler":0,"pct_electricidad":100,"pct_sin_electricidad":0,"pct_agua_red":100,"pct_alcantarillado":10,"pct_camara_septica":80,"pct_pozo_ciego":10,"pct_sin_desague":0,"pct_gas_red":0,"pct_gas_garrafa":100,"pct_lena_guano":100,"pct_basura_formal":100,"pct_basura_quema":0,"pct_basura_informal":0,"pct_internet":90,"pct_celular":90,"pct_televisor":70}},{"type":"Feature","geometry":{"type":"Polygon","coordinates":[[[-65.35339,-10.83353],[-65.3538,-10.83441],[-65.35468,-10.83394],[-65.35423,-10.83308],[-65.35339,-10.83353]]]},"properties":{"n":"GUAYARAMERIN","p":43,"personas_x_ha":36,"masculinidad":87,"pct_menor20":30,"pct_60mas":14,"pct_migrante":30,"dependencia_econ":78,"pct_empleados":39,"pct_cuentapropia":39,"pct_agricultura":17,"pct_comercio":22,"pct_manufactura":13,"pct_construccion":9,"pct_transporte":0,"pct_alojamiento":4,"pct_sin_educacion":4,"pct_educ_superior":25,"brecha_educ":4,"pct_sin_seguro":24,"pct_sus":56,"pct_seguro_privado":5,"brecha_seguro":-4,"pct_salud_publica":39,"pct_med_tradicional":1,"pct_automedicacion":13,"pct_remedios_caseros":25,"pct_viv_desocupada":11,"pct_alquiler":8,"pct_electricidad":100,"pct_sin_electricidad":0,"pct_agua_red":100,"pct_alcantarillado":8,"pct_camara_septica":33,"pct_pozo_ciego":58,"pct_sin_desague":0,"pct_gas_red":0,"pct_gas_garrafa":100,"pct_lena_guano":100,"pct_basura_formal":92,"pct_basura_quema":8,"pct_basura_informal":0,"pct_internet":58,"pct_celular":83,"pct_televisor":67}},{"type":"Feature","geometry":{"type":"Polygon","coordinates":[[[-65.35198,-10.82816],[-65.35286,-10.82774],[-65.35246,-10.82687],[-65.35156,-10.82732],[-65.35198,-10.82816]]]},"properties":{"n":"GUAYARAMERIN","p":90,"personas_x_ha":77,"masculinidad":131,"pct_menor20":54,"pct_60mas":4,"pct_migrante":22,"dependencia_econ":197,"pct_empleados":40,"pct_cuentapropia":30,"pct_agricultura":3,"pct_comercio":27,"pct_manufactura":3,"pct_construccion":3,"pct_transporte":17,"pct_alojamiento":3,"pct_sin_educacion":0,"pct_educ_superior":41,"brecha_educ":27,"pct_sin_seguro":12,"pct_sus":67,"pct_seguro_privado":5,"brecha_seguro":12,"pct_salud_publica":44,"pct_med_tradicional":0,"pct_automedicacion":8,"pct_remedios_caseros":27,"pct_viv_desocupada":0,"pct_alquiler":22,"pct_electricidad":94,"pct_sin_electricidad":6,"pct_agua_red":100,"pct_alcantarillado":44,"pct_camara_septica":33,"pct_pozo_ciego":17,"pct_sin_desague":6,"pct_gas_red":11,"pct_gas_garrafa":83,"pct_lena_guano":83,"pct_basura_formal":94,"pct_basura_quema":6,"pct_basura_informal":0,"pct_internet":72,"pct_celular":78,"pct_televisor":67}},{"type":"Feature","geometry":{"type":"Polygon","coordinates":[[[-65.3655,-10.83562],[-65.36507,-10.83478],[-65.36419,-10.83528],[-65.36463,-10.83609],[-65.3655,-10.83562]]]},"properties":{"n":"GUAYARAMERIN","p":89,"personas_x_ha":78,"masculinidad":107,"pct_menor20":46,"pct_60mas":6,"pct_migrante":8,"dependencia_econ":153,"pct_empleados":29,"pct_cuentapropia":32,"pct_agricultura":15,"pct_comercio":24,"pct_manufactura":6,"pct_construccion":12,"pct_transporte":21,"pct_alojamiento":3,"pct_sin_educacion":4,"pct_educ_superior":10,"brecha_educ":6,"pct_sin_seguro":24,"pct_sus":76,"pct_seguro_privado":0,"brecha_seguro":-8,"pct_salud_publica":52,"pct_med_tradicional":3,"pct_automedicacion":8,"pct_remedios_caseros":20,"pct_viv_desocupada":4,"pct_alquiler":10,"pct_electricidad":100,"pct_sin_electricidad":0,"pct_agua_red":80,"pct_alcantarillado":20,"pct_camara_septica":15,"pct_pozo_ciego":50,"pct_sin_desague":10,"pct_gas_red":0,"pct_gas_garrafa":90,"pct_lena_guano":90,"pct_basura_formal":100,"pct_basura_quema":0,"pct_basura_informal":0,"pct_internet":75,"pct_celular":75,"pct_televisor":75}},{"type":"Feature","geometry":{"type":"Polygon","coordinates":[[[-65.34465,-10.81793],[-65.34531,-10.81748],[-65.34484,-10.81669],[-65.34398,-10.81728],[-65.34373,-10.81757],[-65.34465,-10.81793]]]},"properties":{"n":"GUAYARAMERIN","p":75,"personas_x_ha":60,"masculinidad":108,"pct_menor20":49,"pct_60mas":8,"pct_migrante":24,"dependencia_econ":168,"pct_empleados":57,"pct_cuentapropia":21,"pct_agricultura":4,"pct_comercio":14,"pct_manufactura":21,"pct_construccion":14,"pct_transporte":14,"pct_alojamiento":4,"pct_sin_educacion":0,"pct_educ_superior":21,"brecha_educ":4,"pct_sin_seguro":45,"pct_sus":43,"pct_seguro_privado":8,"brecha_seguro":3,"pct_salud_publica":51,"pct_med_tradicional":0,"pct_automedicacion":12,"pct_remedios_caseros":26,"pct_viv_desocupada":11,"pct_alquiler":14,"pct_electricidad":100,"pct_sin_electricidad":0,"pct_agua_red":64,"pct_alcantarillado":36,"pct_camara_septica":57,"pct_pozo_ciego":7,"pct_sin_desague":0,"pct_gas_red":21,"pct_gas_garrafa":64,"pct_lena_guano":64,"pct_basura_formal":93,"pct_basura_quema":7,"pct_basura_informal":0,"pct_internet":50,"pct_celular":57,"pct_televisor":64}},{"type":"Feature","geometry":{"type":"Polygon","coordinates":[[[-65.3441,-10.82454],[-65.34315,-10.82423],[-65.34286,-10.82512],[-65.34389,-10.82539],[-65.3441,-10.82454]]]},"properties":{"n":"GUAYARAMERIN","p":48,"personas_x_ha":40,"masculinidad":100,"pct_menor20":46,"pct_60mas":4,"pct_migrante":2,"dependencia_econ":336,"pct_empleados":55,"pct_cuentapropia":45,"pct_agricultura":9,"pct_comercio":9,"pct_manufactura":0,"pct_construccion":9,"pct_transporte":18,"pct_alojamiento":18,"pct_sin_educacion":0,"pct_educ_superior":12,"brecha_educ":-3,"pct_sin_seguro":4,"pct_sus":84,"pct_seguro_privado":0,"brecha_seguro":0,"pct_salud_publica":75,"pct_med_tradicional":0,"pct_automedicacion":7,"pct_remedios_caseros":14,"pct_viv_desocupada":0,"pct_alquiler":44,"pct_electricidad":100,"pct_sin_electricidad":0,"pct_agua_red":100,"pct_alcantarillado":11,"pct_camara_septica":44,"pct_pozo_ciego":44,"pct_sin_desague":0,"pct_gas_red":0,"pct_gas_garrafa":89,"pct_lena_guano":89,"pct_basura_formal":100,"pct_basura_quema":0,"pct_basura_informal":0,"pct_internet":67,"pct_celular":67,"pct_televisor":44}},{"type":"Feature","geometry":{"type":"Polygon","coordinates":[[[-65.34954,-10.81864],[-65.34919,-10.81807],[-65.34892,-10.81891],[-65.34911,-10.81898],[-65.34954,-10.81864]]]},"properties":{"n":"GUAYARAMERIN","p":32,"personas_x_ha":94,"masculinidad":167,"pct_menor20":34,"pct_60mas":9,"pct_migrante":22,"dependencia_econ":88,"pct_empleados":41,"pct_cuentapropia":47,"pct_agricultura":6,"pct_comercio":12,"pct_manufactura":18,"pct_construccion":24,"pct_transporte":6,"pct_alojamiento":12,"pct_sin_educacion":0,"pct_educ_superior":33,"brecha_educ":7,"pct_sin_seguro":31,"pct_sus":44,"pct_seguro_privado":0,"brecha_seguro":50,"pct_salud_publica":16,"pct_med_tradicional":3,"pct_automedicacion":22,"pct_remedios_caseros":34,"pct_viv_desocupada":29,"pct_alquiler":33,"pct_electricidad":100,"pct_sin_electricidad":0,"pct_agua_red":100,"pct_alcantarillado":33,"pct_camara_septica":33,"pct_pozo_ciego":11,"pct_sin_desague":11,"pct_gas_red":11,"pct_gas_garrafa":89,"pct_lena_guano":89,"pct_basura_formal":100,"pct_basura_quema":0,"pct_basura_informal":0,"pct_internet":89,"pct_celular":89,"pct_televisor":78}},{"type":"Feature","geometry":{"type":"Polygon","coordinates":[[[-65.3422,-10.83146],[-65.34396,-10.83199],[-65.34414,-10.83146],[-65.34238,-10.83095],[-65.3422,-10.83146]]]},"properties":{"n":"GUAYARAMERIN","p":28,"personas_x_ha":22,"masculinidad":100,"pct_menor20":50,"pct_60mas":14,"pct_migrante":46,"dependencia_econ":238,"pct_empleados":12,"pct_cuentapropia":38,"pct_agricultura":25,"pct_comercio":12,"pct_manufactura":0,"pct_construccion":12,"pct_transporte":12,"pct_alojamiento":0,"pct_sin_educacion":7,"pct_educ_superior":13,"brecha_educ":-23,"pct_sin_seguro":7,"pct_sus":89,"pct_seguro_privado":0,"brecha_seguro":15,"pct_salud_publica":57,"pct_med_tradicional":0,"pct_automedicacion":0,"pct_remedios_caseros":18,"pct_viv_desocupada":0,"pct_alquiler":14,"pct_electricidad":86,"pct_sin_electricidad":14,"pct_agua_red":43,"pct_alcantarillado":43,"pct_camara_septica":14,"pct_pozo_ciego":29,"pct_sin_desague":14,"pct_gas_red":0,"pct_gas_garrafa":86,"pct_lena_guano":86,"pct_basura_formal":71,"pct_basura_quema":29,"pct_basura_informal":0,"pct_internet":43,"pct_celular":43,"pct_televisor":29}},{"type":"Feature","geometry":{"type":"Polygon","coordinates":[[[-65.34374,-10.817],[-65.34388,-10.8172],[-65.34477,-10.81657],[-65.34432,-10.81571],[-65.34397,-10.81592],[-65.34394,-10.81586],[-65.34427,-10.8156],[-65.34372,-10.81498],[-65.34344,-10.81534],[-65.34389,-10.81599],[-65.34404,-10.8164],[-65.34393,-10.81682],[-65.34374,-10.817]]]},"properties":{"n":"GUAYARAMERIN","p":62,"personas_x_ha":46,"masculinidad":121,"pct_menor20":32,"pct_60mas":10,"pct_migrante":16,"dependencia_econ":136,"pct_empleados":43,"pct_cuentapropia":50,"pct_agricultura":0,"pct_comercio":0,"pct_manufactura":43,"pct_construccion":14,"pct_transporte":14,"pct_alojamiento":14,"pct_sin_educacion":0,"pct_educ_superior":8,"brecha_educ":2,"pct_sin_seguro":42,"pct_sus":58,"pct_seguro_privado":0,"brecha_seguro":46,"pct_salud_publica":90,"pct_med_tradicional":0,"pct_automedicacion":0,"pct_remedios_caseros":8,"pct_viv_desocupada":16,"pct_alquiler":0,"pct_electricidad":100,"pct_sin_electricidad":0,"pct_agua_red":56,"pct_alcantarillado":12,"pct_camara_septica":6,"pct_pozo_ciego":56,"pct_sin_desague":0,"pct_gas_red":0,"pct_gas_garrafa":69,"pct_lena_guano":69,"pct_basura_formal":38,"pct_basura_quema":38,"pct_basura_informal":38,"pct_internet":38,"pct_celular":62,"pct_televisor":50}},{"type":"Feature","geometry":{"type":"Polygon","coordinates":[[[-65.36618,-10.83414],[-65.3669,-10.83376],[-65.36641,-10.83304],[-65.36571,-10.83331],[-65.36618,-10.83414]]]},"properties":{"n":"GUAYARAMERIN","p":81,"personas_x_ha":89,"masculinidad":80,"pct_menor20":57,"pct_60mas":4,"pct_migrante":10,"dependencia_econ":208,"pct_empleados":38,"pct_cuentapropia":42,"pct_agricultura":8,"pct_comercio":31,"pct_manufactura":15,"pct_construccion":12,"pct_transporte":8,"pct_alojamiento":12,"pct_sin_educacion":9,"pct_educ_superior":9,"brecha_educ":8,"pct_sin_seguro":16,"pct_sus":77,"pct_seguro_privado":0,"brecha_seguro":22,"pct_salud_publica":47,"pct_med_tradicional":16,"pct_automedicacion":4,"pct_remedios_caseros":29,"pct_viv_desocupada":0,"pct_alquiler":7,"pct_electricidad":100,"pct_sin_electricidad":0,"pct_agua_red":87,"pct_alcantarillado":20,"pct_camara_septica":27,"pct_pozo_ciego":47,"pct_sin_desague":0,"pct_gas_red":0,"pct_gas_garrafa":100,"pct_lena_guano":100,"pct_basura_formal":87,"pct_basura_quema":13,"pct_basura_informal":0,"pct_internet":80,"pct_celular":80,"pct_televisor":67}},{"type":"Feature","geometry":{"type":"Polygon","coordinates":[[[-65.35125,-10.81664],[-65.35209,-10.81623],[-65.35251,-10.81708],[-65.35168,-10.81749],[-65.35125,-10.81664]]]},"properties":{"n":"GUAYARAMERIN","p":80,"personas_x_ha":73,"masculinidad":111,"pct_menor20":26,"pct_60mas":16,"pct_migrante":52,"dependencia_econ":66,"pct_empleados":21,"pct_cuentapropia":55,"pct_agricultura":6,"pct_comercio":40,"pct_manufactura":13,"pct_construccion":2,"pct_transporte":2,"pct_alojamiento":15,"pct_sin_educacion":2,"pct_educ_superior":47,"brecha_educ":-9,"pct_sin_seguro":22,"pct_sus":71,"pct_seguro_privado":0,"brecha_seguro":12,"pct_salud_publica":31,"pct_med_tradicional":5,"pct_automedicacion":16,"pct_remedios_caseros":27,"pct_viv_desocupada":0,"pct_alquiler":12,"pct_electricidad":100,"pct_sin_electricidad":0,"pct_agua_red":100,"pct_alcantarillado":69,"pct_camara_septica":0,"pct_pozo_ciego":0,"pct_sin_desague":31,"pct_gas_red":12,"pct_gas_garrafa":88,"pct_lena_guano":88,"pct_basura_formal":100,"pct_basura_quema":0,"pct_basura_informal":0,"pct_internet":88,"pct_celular":94,"pct_televisor":75}},{"type":"Feature","geometry":{"type":"Polygon","coordinates":[[[-65.35031,-10.83797],[-65.35118,-10.83823],[-65.35135,-10.83769],[-65.35043,-10.83743],[-65.35031,-10.83797]]]},"properties":{"n":"GUAYARAMERIN","p":25,"personas_x_ha":38,"masculinidad":92,"pct_menor20":44,"pct_60mas":8,"pct_migrante":60,"dependencia_econ":108,"pct_empleados":17,"pct_cuentapropia":33,"pct_agricultura":8,"pct_comercio":42,"pct_manufactura":25,"pct_construccion":0,"pct_transporte":8,"pct_alojamiento":0,"pct_sin_educacion":0,"pct_educ_superior":21,"brecha_educ":0,"pct_sin_seguro":28,"pct_sus":64,"pct_seguro_privado":0,"brecha_seguro":-6,"pct_salud_publica":27,"pct_med_tradicional":7,"pct_automedicacion":15,"pct_remedios_caseros":35,"pct_viv_desocupada":0,"pct_alquiler":25,"pct_electricidad":100,"pct_sin_electricidad":0,"pct_agua_red":50,"pct_alcantarillado":0,"pct_camara_septica":25,"pct_pozo_ciego":75,"pct_sin_desague":0,"pct_gas_red":0,"pct_gas_garrafa":75,"pct_lena_guano":75,"pct_basura_formal":75,"pct_basura_quema":25,"pct_basura_informal":0,"pct_internet":100,"pct_celular":100,"pct_televisor":100}},{"type":"Feature","geometry":{"type":"Polygon","coordinates":[[[-65.36479,-10.82657],[-65.36562,-10.82619],[-65.3652,-10.82537],[-65.3644,-10.82574],[-65.36479,-10.82657]]]},"properties":{"n":"GUAYARAMERIN","p":65,"personas_x_ha":63,"masculinidad":91,"pct_menor20":42,"pct_60mas":9,"pct_migrante":22,"dependencia_econ":168,"pct_empleados":47,"pct_cuentapropia":37,"pct_agricultura":0,"pct_comercio":21,"pct_manufactura":5,"pct_construccion":0,"pct_transporte":0,"pct_alojamiento":16,"pct_sin_educacion":0,"pct_educ_superior":34,"brecha_educ":0,"pct_sin_seguro":8,"pct_sus":74,"pct_seguro_privado":0,"brecha_seguro":1,"pct_salud_publica":43,"pct_med_tradicional":2,"pct_automedicacion":11,"pct_remedios_caseros":21,"pct_viv_desocupada":0,"pct_alquiler":38,"pct_electricidad":100,"pct_sin_electricidad":0,"pct_agua_red":94,"pct_alcantarillado":62,"pct_camara_septica":25,"pct_pozo_ciego":12,"pct_sin_desague":0,"pct_gas_red":6,"pct_gas_garrafa":94,"pct_lena_guano":94,"pct_basura_formal":100,"pct_basura_quema":0,"pct_basura_informal":0,"pct_internet":94,"pct_celular":100,"pct_televisor":81}},{"type":"Feature","geometry":{"type":"Polygon","coordinates":[[[-65.34909,-10.83772],[-65.34815,-10.83747],[-65.34801,-10.83802],[-65.34894,-10.83826],[-65.34909,-10.83772]]]},"properties":{"n":"GUAYARAMERIN","p":21,"personas_x_ha":31,"masculinidad":91,"pct_menor20":43,"pct_60mas":10,"pct_migrante":62,"dependencia_econ":133,"pct_empleados":56,"pct_cuentapropia":44,"pct_agricultura":22,"pct_comercio":11,"pct_manufactura":0,"pct_construccion":0,"pct_transporte":11,"pct_alojamiento":11,"pct_sin_educacion":8,"pct_educ_superior":25,"brecha_educ":-23,"pct_sin_seguro":20,"pct_sus":40,"pct_seguro_privado":0,"brecha_seguro":0,"pct_salud_publica":21,"pct_med_tradicional":5,"pct_automedicacion":14,"pct_remedios_caseros":33,"pct_viv_desocupada":0,"pct_alquiler":0,"pct_electricidad":100,"pct_sin_electricidad":0,"pct_agua_red":43,"pct_alcantarillado":14,"pct_camara_septica":43,"pct_pozo_ciego":43,"pct_sin_desague":0,"pct_gas_red":0,"pct_gas_garrafa":86,"pct_lena_guano":86,"pct_basura_formal":86,"pct_basura_quema":14,"pct_basura_informal":0,"pct_internet":86,"pct_celular":86,"pct_televisor":57}},{"type":"Feature","geometry":{"type":"Polygon","coordinates":[[[-65.35731,-10.82443],[-65.35688,-10.82354],[-65.356,-10.82396],[-65.35644,-10.82485],[-65.35731,-10.82443]]]},"properties":{"n":"GUAYARAMERIN","p":27,"personas_x_ha":22,"masculinidad":93,"pct_menor20":26,"pct_60mas":22,"pct_migrante":44,"dependencia_econ":125,"pct_empleados":17,"pct_cuentapropia":67,"pct_agricultura":17,"pct_comercio":25,"pct_manufactura":0,"pct_construccion":0,"pct_transporte":0,"pct_alojamiento":25,"pct_sin_educacion":0,"pct_educ_superior":40,"brecha_educ":0,"pct_sin_seguro":22,"pct_sus":52,"pct_seguro_privado":0,"brecha_seguro":2,"pct_salud_publica":69,"pct_med_tradicional":0,"pct_automedicacion":0,"pct_remedios_caseros":3,"pct_viv_desocupada":0,"pct_alquiler":38,"pct_electricidad":100,"pct_sin_electricidad":0,"pct_agua_red":100,"pct_alcantarillado":75,"pct_camara_septica":25,"pct_pozo_ciego":0,"pct_sin_desague":0,"pct_gas_red":0,"pct_gas_garrafa":88,"pct_lena_guano":88,"pct_basura_formal":100,"pct_basura_quema":0,"pct_basura_informal":0,"pct_internet":88,"pct_celular":88,"pct_televisor":50}},{"type":"Feature","geometry":{"type":"Polygon","coordinates":[[[-65.35579,-10.82397],[-65.35581,-10.82385],[-65.35542,-10.82306],[-65.35455,-10.82351],[-65.35497,-10.82436],[-65.35579,-10.82397]]]},"properties":{"n":"GUAYARAMERIN","p":65,"personas_x_ha":56,"masculinidad":76,"pct_menor20":40,"pct_60mas":12,"pct_migrante":35,"dependencia_econ":106,"pct_empleados":19,"pct_cuentapropia":68,"pct_agricultura":3,"pct_comercio":32,"pct_manufactura":10,"pct_construccion":3,"pct_transporte":13,"pct_alojamiento":6,"pct_sin_educacion":3,"pct_educ_superior":36,"brecha_educ":1,"pct_sin_seguro":2,"pct_sus":92,"pct_seguro_privado":2,"brecha_seguro":4,"pct_salud_publica":25,"pct_med_tradicional":9,"pct_automedicacion":19,"pct_remedios_caseros":19,"pct_viv_desocupada":0,"pct_alquiler":33,"pct_electricidad":100,"pct_sin_electricidad":0,"pct_agua_red":95,"pct_alcantarillado":90,"pct_camara_septica":5,"pct_pozo_ciego":5,"pct_sin_desague":0,"pct_gas_red":14,"pct_gas_garrafa":81,"pct_lena_guano":81,"pct_basura_formal":100,"pct_basura_quema":0,"pct_basura_informal":0,"pct_internet":76,"pct_celular":86,"pct_televisor":90}},{"type":"Feature","geometry":{"type":"Polygon","coordinates":[[[-65.34215,-10.83838],[-65.34229,-10.83787],[-65.34047,-10.83737],[-65.34033,-10.83789],[-65.34215,-10.83838]]]},"properties":{"n":"GUAYARAMERIN","p":108,"personas_x_ha":89,"masculinidad":104,"pct_menor20":41,"pct_60mas":9,"pct_migrante":28,"dependencia_econ":159,"pct_empleados":51,"pct_cuentapropia":34,"pct_agricultura":0,"pct_comercio":22,"pct_manufactura":7,"pct_construccion":7,"pct_transporte":10,"pct_alojamiento":0,"pct_sin_educacion":2,"pct_educ_superior":41,"brecha_educ":4,"pct_sin_seguro":7,"pct_sus":70,"pct_seguro_privado":0,"brecha_seguro":-2,"pct_salud_publica":48,"pct_med_tradicional":2,"pct_automedicacion":13,"pct_remedios_caseros":16,"pct_viv_desocupada":0,"pct_alquiler":6,"pct_electricidad":100,"pct_sin_electricidad":0,"pct_agua_red":100,"pct_alcantarillado":11,"pct_camara_septica":78,"pct_pozo_ciego":11,"pct_sin_desague":0,"pct_gas_red":50,"pct_gas_garrafa":50,"pct_lena_guano":50,"pct_basura_formal":100,"pct_basura_quema":0,"pct_basura_informal":0,"pct_internet":83,"pct_celular":83,"pct_televisor":72}},{"type":"Feature","geometry":{"type":"Polygon","coordinates":[[[-65.36322,-10.84585],[-65.36407,-10.84543],[-65.3639,-10.84504],[-65.36304,-10.84545],[-65.36322,-10.84585]]]},"properties":{"n":"GUAYARAMERIN","p":75,"personas_x_ha":144,"masculinidad":97,"pct_menor20":43,"pct_60mas":7,"pct_migrante":12,"dependencia_econ":180,"pct_empleados":36,"pct_cuentapropia":36,"pct_agricultura":8,"pct_comercio":4,"pct_manufactura":24,"pct_construccion":8,"pct_transporte":4,"pct_alojamiento":28,"pct_sin_educacion":0,"pct_educ_superior":17,"brecha_educ":-1,"pct_sin_seguro":16,"pct_sus":81,"pct_seguro_privado":0,"brecha_seguro":-2,"pct_salud_publica":29,"pct_med_tradicional":3,"pct_automedicacion":15,"pct_remedios_caseros":34,"pct_viv_desocupada":0,"pct_alquiler":0,"pct_electricidad":100,"pct_sin_electricidad":0,"pct_agua_red":55,"pct_alcantarillado":20,"pct_camara_septica":55,"pct_pozo_ciego":25,"pct_sin_desague":0,"pct_gas_red":0,"pct_gas_garrafa":95,"pct_lena_guano":95,"pct_basura_formal":100,"pct_basura_quema":0,"pct_basura_informal":0,"pct_internet":70,"pct_celular":75,"pct_televisor":70}},{"type":"Feature","geometry":{"type":"Polygon","coordinates":[[[-65.36015,-10.82721],[-65.36035,-10.8276],[-65.36122,-10.82714],[-65.36104,-10.82676],[-65.36015,-10.82721]]]},"properties":{"n":"GUAYARAMERIN","p":51,"personas_x_ha":95,"masculinidad":82,"pct_menor20":45,"pct_60mas":6,"pct_migrante":24,"dependencia_econ":155,"pct_empleados":35,"pct_cuentapropia":45,"pct_agricultura":10,"pct_comercio":25,"pct_manufactura":0,"pct_construccion":5,"pct_transporte":10,"pct_alojamiento":25,"pct_sin_educacion":4,"pct_educ_superior":25,"brecha_educ":-6,"pct_sin_seguro":18,"pct_sus":82,"pct_seguro_privado":0,"brecha_seguro":7,"pct_salud_publica":42,"pct_med_tradicional":1,"pct_automedicacion":13,"pct_remedios_caseros":34,"pct_viv_desocupada":0,"pct_alquiler":22,"pct_electricidad":100,"pct_sin_electricidad":0,"pct_agua_red":100,"pct_alcantarillado":22,"pct_camara_septica":11,"pct_pozo_ciego":67,"pct_sin_desague":0,"pct_gas_red":22,"pct_gas_garrafa":67,"pct_lena_guano":67,"pct_basura_formal":100,"pct_basura_quema":0,"pct_basura_informal":0,"pct_internet":89,"pct_celular":89,"pct_televisor":56}},{"type":"Feature","geometry":{"type":"Polygon","coordinates":[[[-65.36641,-10.8448],[-65.36722,-10.84442],[-65.36705,-10.84407],[-65.36625,-10.84446],[-65.36641,-10.8448]]]},"properties":{"n":"GUAYARAMERIN","p":79,"personas_x_ha":188,"masculinidad":98,"pct_menor20":46,"pct_60mas":9,"pct_migrante":33,"dependencia_econ":285,"pct_empleados":20,"pct_cuentapropia":50,"pct_agricultura":10,"pct_comercio":30,"pct_manufactura":30,"pct_construccion":10,"pct_transporte":10,"pct_alojamiento":5,"pct_sin_educacion":2,"pct_educ_superior":16,"brecha_educ":5,"pct_sin_seguro":5,"pct_sus":92,"pct_seguro_privado":1,"brecha_seguro":11,"pct_salud_publica":86,"pct_med_tradicional":0,"pct_automedicacion":0,"pct_remedios_caseros":4,"pct_viv_desocupada":0,"pct_alquiler":0,"pct_electricidad":100,"pct_sin_electricidad":0,"pct_agua_red":84,"pct_alcantarillado":95,"pct_camara_septica":0,"pct_pozo_ciego":0,"pct_sin_desague":5,"pct_gas_red":11,"pct_gas_garrafa":84,"pct_lena_guano":84,"pct_basura_formal":100,"pct_basura_quema":0,"pct_basura_informal":0,"pct_internet":37,"pct_celular":68,"pct_televisor":47}},{"type":"Feature","geometry":{"type":"Polygon","coordinates":[[[-65.36339,-10.84272],[-65.36296,-10.84187],[-65.36255,-10.84206],[-65.36295,-10.84292],[-65.36339,-10.84272]]]},"properties":{"n":"GUAYARAMERIN","p":41,"personas_x_ha":73,"masculinidad":105,"pct_menor20":54,"pct_60mas":0,"pct_migrante":32,"dependencia_econ":141,"pct_empleados":41,"pct_cuentapropia":29,"pct_agricultura":29,"pct_comercio":0,"pct_manufactura":18,"pct_construccion":0,"pct_transporte":12,"pct_alojamiento":18,"pct_sin_educacion":0,"pct_educ_superior":10,"brecha_educ":11,"pct_sin_seguro":35,"pct_sus":60,"pct_seguro_privado":2,"brecha_seguro":10,"pct_salud_publica":42,"pct_med_tradicional":3,"pct_automedicacion":27,"pct_remedios_caseros":15,"pct_viv_desocupada":8,"pct_alquiler":10,"pct_electricidad":100,"pct_sin_electricidad":0,"pct_agua_red":90,"pct_alcantarillado":50,"pct_camara_septica":30,"pct_pozo_ciego":10,"pct_sin_desague":10,"pct_gas_red":0,"pct_gas_garrafa":100,"pct_lena_guano":100,"pct_basura_formal":60,"pct_basura_quema":40,"pct_basura_informal":0,"pct_internet":50,"pct_celular":70,"pct_televisor":60}},{"type":"Feature","geometry":{"type":"Polygon","coordinates":[[[-65.36304,-10.82528],[-65.36347,-10.82607],[-65.36424,-10.82569],[-65.36386,-10.82488],[-65.36304,-10.82528]]]},"properties":{"n":"GUAYARAMERIN","p":30,"personas_x_ha":29,"masculinidad":150,"pct_menor20":23,"pct_60mas":30,"pct_migrante":37,"dependencia_econ":142,"pct_empleados":0,"pct_cuentapropia":92,"pct_agricultura":0,"pct_comercio":42,"pct_manufactura":0,"pct_construccion":25,"pct_transporte":0,"pct_alojamiento":0,"pct_sin_educacion":0,"pct_educ_superior":14,"brecha_educ":9,"pct_sin_seguro":17,"pct_sus":76,"pct_seguro_privado":0,"brecha_seguro":13,"pct_salud_publica":69,"pct_med_tradicional":0,"pct_automedicacion":0,"pct_remedios_caseros":11,"pct_viv_desocupada":25,"pct_alquiler":0,"pct_electricidad":100,"pct_sin_electricidad":0,"pct_agua_red":11,"pct_alcantarillado":78,"pct_camara_septica":0,"pct_pozo_ciego":22,"pct_sin_desague":0,"pct_gas_red":0,"pct_gas_garrafa":100,"pct_lena_guano":100,"pct_basura_formal":100,"pct_basura_quema":0,"pct_basura_informal":0,"pct_internet":33,"pct_celular":78,"pct_televisor":67}},{"type":"Feature","geometry":{"type":"Polygon","coordinates":[[[-65.35108,-10.81658],[-65.3506,-10.81573],[-65.34975,-10.81623],[-65.35016,-10.81705],[-65.35108,-10.81658]]]},"properties":{"n":"GUAYARAMERIN","p":53,"personas_x_ha":43,"masculinidad":96,"pct_menor20":30,"pct_60mas":21,"pct_migrante":34,"dependencia_econ":79,"pct_empleados":10,"pct_cuentapropia":62,"pct_agricultura":0,"pct_comercio":38,"pct_manufactura":14,"pct_construccion":0,"pct_transporte":10,"pct_alojamiento":14,"pct_sin_educacion":3,"pct_educ_superior":28,"brecha_educ":11,"pct_sin_seguro":13,"pct_sus":60,"pct_seguro_privado":0,"brecha_seguro":5,"pct_salud_publica":23,"pct_med_tradicional":4,"pct_automedicacion":22,"pct_remedios_caseros":27,"pct_viv_desocupada":6,"pct_alquiler":19,"pct_electricidad":94,"pct_sin_electricidad":6,"pct_agua_red":88,"pct_alcantarillado":88,"pct_camara_septica":6,"pct_pozo_ciego":6,"pct_sin_desague":0,"pct_gas_red":0,"pct_gas_garrafa":88,"pct_lena_guano":88,"pct_basura_formal":100,"pct_basura_quema":0,"pct_basura_informal":0,"pct_internet":81,"pct_celular":88,"pct_televisor":81}},{"type":"Feature","geometry":{"type":"Polygon","coordinates":[[[-65.35271,-10.85213],[-65.35255,-10.85261],[-65.35397,-10.85303],[-65.35412,-10.85256],[-65.35271,-10.85213]]]},"properties":{"n":"GUAYARAMERIN","p":96,"personas_x_ha":107,"masculinidad":92,"pct_menor20":40,"pct_60mas":10,"pct_migrante":18,"dependencia_econ":276,"pct_empleados":32,"pct_cuentapropia":28,"pct_agricultura":28,"pct_comercio":16,"pct_manufactura":8,"pct_construccion":16,"pct_transporte":0,"pct_alojamiento":8,"pct_sin_educacion":10,"pct_educ_superior":22,"brecha_educ":-3,"pct_sin_seguro":7,"pct_sus":86,"pct_seguro_privado":0,"brecha_seguro":3,"pct_salud_publica":66,"pct_med_tradicional":0,"pct_automedicacion":17,"pct_remedios_caseros":7,"pct_viv_desocupada":0,"pct_alquiler":0,"pct_electricidad":100,"pct_sin_electricidad":0,"pct_agua_red":92,"pct_alcantarillado":12,"pct_camara_septica":58,"pct_pozo_ciego":25,"pct_sin_desague":4,"pct_gas_red":0,"pct_gas_garrafa":92,"pct_lena_guano":92,"pct_basura_formal":96,"pct_basura_quema":4,"pct_basura_informal":0,"pct_internet":58,"pct_celular":88,"pct_televisor":62}},{"type":"Feature","geometry":{"type":"Polygon","coordinates":[[[-65.35856,-10.83212],[-65.35779,-10.83252],[-65.35819,-10.83335],[-65.35904,-10.83293],[-65.3587,-10.8322],[-65.35856,-10.83212]]]},"properties":{"n":"GUAYARAMERIN","p":35,"personas_x_ha":31,"masculinidad":67,"pct_menor20":37,"pct_60mas":6,"pct_migrante":29,"dependencia_econ":145,"pct_empleados":36,"pct_cuentapropia":55,"pct_agricultura":0,"pct_comercio":45,"pct_manufactura":0,"pct_construccion":9,"pct_transporte":9,"pct_alojamiento":0,"pct_sin_educacion":0,"pct_educ_superior":29,"brecha_educ":15,"pct_sin_seguro":8,"pct_sus":65,"pct_seguro_privado":0,"brecha_seguro":-12,"pct_salud_publica":48,"pct_med_tradicional":0,"pct_automedicacion":15,"pct_remedios_caseros":18,"pct_viv_desocupada":0,"pct_alquiler":20,"pct_electricidad":100,"pct_sin_electricidad":0,"pct_agua_red":100,"pct_alcantarillado":20,"pct_camara_septica":70,"pct_pozo_ciego":0,"pct_sin_desague":0,"pct_gas_red":10,"pct_gas_garrafa":80,"pct_lena_guano":80,"pct_basura_formal":100,"pct_basura_quema":0,"pct_basura_informal":0,"pct_internet":40,"pct_celular":60,"pct_televisor":40}},{"type":"Feature","geometry":{"type":"Polygon","coordinates":[[[-65.35962,-10.83276],[-65.35921,-10.83295],[-65.35967,-10.83381],[-65.36003,-10.83361],[-65.35962,-10.83276]]]},"properties":{"n":"GUAYARAMERIN","p":42,"personas_x_ha":81,"masculinidad":83,"pct_menor20":48,"pct_60mas":10,"pct_migrante":31,"dependencia_econ":100,"pct_empleados":38,"pct_cuentapropia":57,"pct_agricultura":10,"pct_comercio":33,"pct_manufactura":10,"pct_construccion":5,"pct_transporte":10,"pct_alojamiento":19,"pct_sin_educacion":0,"pct_educ_superior":43,"brecha_educ":18,"pct_sin_seguro":14,"pct_sus":57,"pct_seguro_privado":0,"brecha_seguro":-16,"pct_salud_publica":48,"pct_med_tradicional":0,"pct_automedicacion":2,"pct_remedios_caseros":2,"pct_viv_desocupada":0,"pct_alquiler":10,"pct_electricidad":100,"pct_sin_electricidad":0,"pct_agua_red":100,"pct_alcantarillado":0,"pct_camara_septica":70,"pct_pozo_ciego":20,"pct_sin_desague":0,"pct_gas_red":0,"pct_gas_garrafa":100,"pct_lena_guano":100,"pct_basura_formal":100,"pct_basura_quema":0,"pct_basura_informal":0,"pct_internet":100,"pct_celular":100,"pct_televisor":70}},{"type":"Feature","geometry":{"type":"Polygon","coordinates":[[[-65.36696,-10.83877],[-65.36617,-10.83914],[-65.36638,-10.83964],[-65.3672,-10.83926],[-65.36696,-10.83877]]]},"properties":{"n":"GUAYARAMERIN","p":269,"personas_x_ha":452,"masculinidad":115,"pct_menor20":9,"pct_60mas":31,"pct_migrante":73,"dependencia_econ":39,"pct_empleados":36,"pct_cuentapropia":53,"pct_agricultura":19,"pct_comercio":20,"pct_manufactura":9,"pct_construccion":11,"pct_transporte":3,"pct_alojamiento":3,"pct_sin_educacion":5,"pct_educ_superior":27,"brecha_educ":-14,"pct_sin_seguro":28,"pct_sus":53,"pct_seguro_privado":3,"brecha_seguro":-12,"pct_salud_publica":30,"pct_med_tradicional":9,"pct_automedicacion":19,"pct_remedios_caseros":25,"pct_viv_desocupada":0,"pct_alquiler":20,"pct_electricidad":93,"pct_sin_electricidad":7,"pct_agua_red":47,"pct_alcantarillado":53,"pct_camara_septica":33,"pct_pozo_ciego":0,"pct_sin_desague":7,"pct_gas_red":27,"pct_gas_garrafa":60,"pct_lena_guano":60,"pct_basura_formal":93,"pct_basura_quema":7,"pct_basura_informal":0,"pct_internet":40,"pct_celular":53,"pct_televisor":40}},{"type":"Feature","geometry":{"type":"Polygon","coordinates":[[[-65.35352,-10.82165],[-65.35265,-10.82206],[-65.35308,-10.82292],[-65.35393,-10.82252],[-65.35352,-10.82165]]]},"properties":{"n":"GUAYARAMERIN","p":60,"personas_x_ha":52,"masculinidad":114,"pct_menor20":30,"pct_60mas":7,"pct_migrante":45,"dependencia_econ":94,"pct_empleados":23,"pct_cuentapropia":39,"pct_agricultura":0,"pct_comercio":65,"pct_manufactura":6,"pct_construccion":0,"pct_transporte":3,"pct_alojamiento":3,"pct_sin_educacion":0,"pct_educ_superior":24,"brecha_educ":-25,"pct_sin_seguro":7,"pct_sus":75,"pct_seguro_privado":0,"brecha_seguro":6,"pct_salud_publica":47,"pct_med_tradicional":11,"pct_automedicacion":11,"pct_remedios_caseros":13,"pct_viv_desocupada":0,"pct_alquiler":33,"pct_electricidad":100,"pct_sin_electricidad":0,"pct_agua_red":100,"pct_alcantarillado":86,"pct_camara_septica":14,"pct_pozo_ciego":0,"pct_sin_desague":0,"pct_gas_red":33,"pct_gas_garrafa":62,"pct_lena_guano":62,"pct_basura_formal":100,"pct_basura_quema":0,"pct_basura_informal":0,"pct_internet":95,"pct_celular":100,"pct_televisor":67}},{"type":"Feature","geometry":{"type":"Polygon","coordinates":[[[-65.35415,-10.81517],[-65.35459,-10.81601],[-65.3554,-10.8156],[-65.35495,-10.81476],[-65.35415,-10.81517]]]},"properties":{"n":"GUAYARAMERIN","p":54,"personas_x_ha":51,"masculinidad":64,"pct_menor20":28,"pct_60mas":22,"pct_migrante":33,"dependencia_econ":135,"pct_empleados":43,"pct_cuentapropia":57,"pct_agricultura":4,"pct_comercio":26,"pct_manufactura":0,"pct_construccion":4,"pct_transporte":0,"pct_alojamiento":13,"pct_sin_educacion":0,"pct_educ_superior":56,"brecha_educ":15,"pct_sin_seguro":15,"pct_sus":65,"pct_seguro_privado":10,"brecha_seguro":2,"pct_salud_publica":36,"pct_med_tradicional":0,"pct_automedicacion":12,"pct_remedios_caseros":14,"pct_viv_desocupada":13,"pct_alquiler":33,"pct_electricidad":100,"pct_sin_electricidad":0,"pct_agua_red":94,"pct_alcantarillado":78,"pct_camara_septica":11,"pct_pozo_ciego":6,"pct_sin_desague":0,"pct_gas_red":11,"pct_gas_garrafa":89,"pct_lena_guano":89,"pct_basura_formal":100,"pct_basura_quema":0,"pct_basura_informal":0,"pct_internet":72,"pct_celular":89,"pct_televisor":83}},{"type":"Feature","geometry":{"type":"Polygon","coordinates":[[[-65.36297,-10.82516],[-65.36377,-10.82479],[-65.36337,-10.82393],[-65.36258,-10.8243],[-65.36297,-10.82516]]]},"properties":{"n":"GUAYARAMERIN","p":39,"personas_x_ha":36,"masculinidad":117,"pct_menor20":33,"pct_60mas":21,"pct_migrante":54,"dependencia_econ":77,"pct_empleados":23,"pct_cuentapropia":55,"pct_agricultura":9,"pct_comercio":45,"pct_manufactura":9,"pct_construccion":0,"pct_transporte":14,"pct_alojamiento":5,"pct_sin_educacion":0,"pct_educ_superior":8,"brecha_educ":-1,"pct_sin_seguro":26,"pct_sus":74,"pct_seguro_privado":0,"brecha_seguro":17,"pct_salud_publica":31,"pct_med_tradicional":4,"pct_automedicacion":18,"pct_remedios_caseros":28,"pct_viv_desocupada":6,"pct_alquiler":20,"pct_electricidad":100,"pct_sin_electricidad":0,"pct_agua_red":100,"pct_alcantarillado":47,"pct_camara_septica":47,"pct_pozo_ciego":7,"pct_sin_desague":0,"pct_gas_red":7,"pct_gas_garrafa":93,"pct_lena_guano":93,"pct_basura_formal":93,"pct_basura_quema":7,"pct_basura_informal":0,"pct_internet":73,"pct_celular":87,"pct_televisor":60}},{"type":"Feature","geometry":{"type":"Polygon","coordinates":[[[-65.3634,-10.84409],[-65.36255,-10.84445],[-65.36274,-10.84483],[-65.36356,-10.84444],[-65.3634,-10.84409]]]},"properties":{"n":"GUAYARAMERIN","p":34,"personas_x_ha":72,"masculinidad":79,"pct_menor20":41,"pct_60mas":6,"pct_migrante":29,"dependencia_econ":121,"pct_empleados":57,"pct_cuentapropia":21,"pct_agricultura":14,"pct_comercio":21,"pct_manufactura":7,"pct_construccion":0,"pct_transporte":21,"pct_alojamiento":14,"pct_sin_educacion":0,"pct_educ_superior":12,"brecha_educ":26,"pct_sin_seguro":17,"pct_sus":83,"pct_seguro_privado":0,"brecha_seguro":-18,"pct_salud_publica":54,"pct_med_tradicional":4,"pct_automedicacion":8,"pct_remedios_caseros":17,"pct_viv_desocupada":0,"pct_alquiler":0,"pct_electricidad":100,"pct_sin_electricidad":0,"pct_agua_red":92,"pct_alcantarillado":23,"pct_camara_septica":54,"pct_pozo_ciego":23,"pct_sin_desague":0,"pct_gas_red":0,"pct_gas_garrafa":100,"pct_lena_guano":100,"pct_basura_formal":85,"pct_basura_quema":0,"pct_basura_informal":31,"pct_internet":77,"pct_celular":85,"pct_televisor":69}},{"type":"Feature","geometry":{"type":"Polygon","coordinates":[[[-65.35555,-10.80623],[-65.35471,-10.80651],[-65.35509,-10.8073],[-65.35585,-10.80693],[-65.35555,-10.80623]]]},"properties":{"n":"GUAYARAMERIN","p":48,"personas_x_ha":55,"masculinidad":92,"pct_menor20":42,"pct_60mas":6,"pct_migrante":19,"dependencia_econ":118,"pct_empleados":45,"pct_cuentapropia":41,"pct_agricultura":14,"pct_comercio":14,"pct_manufactura":14,"pct_construccion":0,"pct_transporte":18,"pct_alojamiento":14,"pct_sin_educacion":0,"pct_educ_superior":14,"brecha_educ":-12,"pct_sin_seguro":23,"pct_sus":69,"pct_seguro_privado":0,"brecha_seguro":31,"pct_salud_publica":35,"pct_med_tradicional":2,"pct_automedicacion":23,"pct_remedios_caseros":26,"pct_viv_desocupada":9,"pct_alquiler":20,"pct_electricidad":100,"pct_sin_electricidad":0,"pct_agua_red":100,"pct_alcantarillado":70,"pct_camara_septica":10,"pct_pozo_ciego":0,"pct_sin_desague":20,"pct_gas_red":0,"pct_gas_garrafa":80,"pct_lena_guano":80,"pct_basura_formal":100,"pct_basura_quema":0,"pct_basura_informal":0,"pct_internet":100,"pct_celular":100,"pct_televisor":70}},{"type":"Feature","geometry":{"type":"Polygon","coordinates":[[[-65.35939,-10.82351],[-65.35855,-10.82393],[-65.35896,-10.82475],[-65.35979,-10.82434],[-65.35939,-10.82351]]]},"properties":{"n":"GUAYARAMERIN","p":26,"personas_x_ha":25,"masculinidad":117,"pct_menor20":35,"pct_60mas":12,"pct_migrante":54,"dependencia_econ":225,"pct_empleados":0,"pct_cuentapropia":38,"pct_agricultura":12,"pct_comercio":25,"pct_manufactura":0,"pct_construccion":12,"pct_transporte":0,"pct_alojamiento":0,"pct_sin_educacion":0,"pct_educ_superior":53,"brecha_educ":0,"pct_sin_seguro":27,"pct_sus":23,"pct_seguro_privado":23,"brecha_seguro":19,"pct_salud_publica":48,"pct_med_tradicional":0,"pct_automedicacion":3,"pct_remedios_caseros":0,"pct_viv_desocupada":0,"pct_alquiler":56,"pct_electricidad":100,"pct_sin_electricidad":0,"pct_agua_red":100,"pct_alcantarillado":89,"pct_camara_septica":11,"pct_pozo_ciego":0,"pct_sin_desague":0,"pct_gas_red":11,"pct_gas_garrafa":78,"pct_lena_guano":78,"pct_basura_formal":100,"pct_basura_quema":0,"pct_basura_informal":0,"pct_internet":67,"pct_celular":78,"pct_televisor":67}},{"type":"Feature","geometry":{"type":"Polygon","coordinates":[[[-65.34127,-10.82469],[-65.34168,-10.82478],[-65.34198,-10.82388],[-65.34156,-10.82376],[-65.34127,-10.82469]]]},"properties":{"n":"GUAYARAMERIN","p":55,"personas_x_ha":105,"masculinidad":112,"pct_menor20":38,"pct_60mas":9,"pct_migrante":27,"dependencia_econ":86,"pct_empleados":21,"pct_cuentapropia":39,"pct_agricultura":21,"pct_comercio":21,"pct_manufactura":11,"pct_construccion":4,"pct_transporte":11,"pct_alojamiento":4,"pct_sin_educacion":6,"pct_educ_superior":9,"brecha_educ":-7,"pct_sin_seguro":2,"pct_sus":88,"pct_seguro_privado":0,"brecha_seguro":3,"pct_salud_publica":80,"pct_med_tradicional":0,"pct_automedicacion":0,"pct_remedios_caseros":0,"pct_viv_desocupada":12,"pct_alquiler":7,"pct_electricidad":100,"pct_sin_electricidad":0,"pct_agua_red":93,"pct_alcantarillado":13,"pct_camara_septica":20,"pct_pozo_ciego":67,"pct_sin_desague":0,"pct_gas_red":7,"pct_gas_garrafa":80,"pct_lena_guano":80,"pct_basura_formal":100,"pct_basura_quema":0,"pct_basura_informal":0,"pct_internet":47,"pct_celular":47,"pct_televisor":47}},{"type":"Feature","geometry":{"type":"Polygon","coordinates":[[[-65.34413,-10.81186],[-65.34481,-10.81135],[-65.3446,-10.81112],[-65.34397,-10.81171],[-65.34413,-10.81186]]]},"properties":{"n":"GUAYARAMERIN","p":46,"personas_x_ha":163,"masculinidad":70,"pct_menor20":59,"pct_60mas":4,"pct_migrante":13,"dependencia_econ":1000,"pct_empleados":25,"pct_cuentapropia":0,"pct_agricultura":25,"pct_comercio":0,"pct_manufactura":0,"pct_construccion":0,"pct_transporte":0,"pct_alojamiento":0,"pct_sin_educacion":6,"pct_educ_superior":6,"brecha_educ":34,"pct_sin_seguro":2,"pct_sus":98,"pct_seguro_privado":0,"brecha_seguro":-4,"pct_salud_publica":78,"pct_med_tradicional":0,"pct_automedicacion":9,"pct_remedios_caseros":12,"pct_viv_desocupada":0,"pct_alquiler":0,"pct_electricidad":90,"pct_sin_electricidad":0,"pct_agua_red":40,"pct_alcantarillado":0,"pct_camara_septica":10,"pct_pozo_ciego":30,"pct_sin_desague":20,"pct_gas_red":0,"pct_gas_garrafa":80,"pct_lena_guano":80,"pct_basura_formal":90,"pct_basura_quema":10,"pct_basura_informal":0,"pct_internet":30,"pct_celular":30,"pct_televisor":30}},{"type":"Feature","geometry":{"type":"Polygon","coordinates":[[[-65.35877,-10.82964],[-65.35919,-10.83052],[-65.36009,-10.83008],[-65.35966,-10.82921],[-65.35877,-10.82964]]]},"properties":{"n":"GUAYARAMERIN","p":30,"personas_x_ha":25,"masculinidad":76,"pct_menor20":60,"pct_60mas":3,"pct_migrante":73,"dependencia_econ":900,"pct_empleados":0,"pct_cuentapropia":67,"pct_agricultura":33,"pct_comercio":0,"pct_manufactura":0,"pct_construccion":0,"pct_transporte":0,"pct_alojamiento":0,"pct_sin_educacion":0,"pct_educ_superior":75,"brecha_educ":0,"pct_sin_seguro":0,"pct_sus":0,"pct_seguro_privado":13,"brecha_seguro":0,"pct_salud_publica":0,"pct_med_tradicional":0,"pct_automedicacion":0,"pct_remedios_caseros":0,"pct_viv_desocupada":0,"pct_alquiler":89,"pct_electricidad":100,"pct_sin_electricidad":0,"pct_agua_red":100,"pct_alcantarillado":78,"pct_camara_septica":22,"pct_pozo_ciego":0,"pct_sin_desague":0,"pct_gas_red":0,"pct_gas_garrafa":89,"pct_lena_guano":89,"pct_basura_formal":100,"pct_basura_quema":0,"pct_basura_informal":0,"pct_internet":89,"pct_celular":100,"pct_televisor":89}},{"type":"Feature","geometry":{"type":"Polygon","coordinates":[[[-65.3499,-10.82914],[-65.3495,-10.82839],[-65.3483,-10.82901],[-65.3482,-10.82929],[-65.34921,-10.82952],[-65.3499,-10.82914]]]},"properties":{"n":"GUAYARAMERIN","p":111,"personas_x_ha":83,"masculinidad":88,"pct_menor20":43,"pct_60mas":5,"pct_migrante":31,"dependencia_econ":104,"pct_empleados":39,"pct_cuentapropia":28,"pct_agricultura":20,"pct_comercio":26,"pct_manufactura":7,"pct_construccion":9,"pct_transporte":9,"pct_alojamiento":9,"pct_sin_educacion":0,"pct_educ_superior":21,"brecha_educ":0,"pct_sin_seguro":40,"pct_sus":52,"pct_seguro_privado":0,"brecha_seguro":13,"pct_salud_publica":36,"pct_med_tradicional":3,"pct_automedicacion":27,"pct_remedios_caseros":24,"pct_viv_desocupada":0,"pct_alquiler":17,"pct_electricidad":100,"pct_sin_electricidad":0,"pct_agua_red":70,"pct_alcantarillado":17,"pct_camara_septica":35,"pct_pozo_ciego":48,"pct_sin_desague":0,"pct_gas_red":0,"pct_gas_garrafa":91,"pct_lena_guano":91,"pct_basura_formal":100,"pct_basura_quema":0,"pct_basura_informal":0,"pct_internet":57,"pct_celular":70,"pct_televisor":70}},{"type":"Feature","geometry":{"type":"Polygon","coordinates":[[[-65.36657,-10.83742],[-65.36736,-10.83694],[-65.36699,-10.83613],[-65.36612,-10.83654],[-65.36657,-10.83742]]]},"properties":{"n":"GUAYARAMERIN","p":29,"personas_x_ha":26,"masculinidad":164,"pct_menor20":34,"pct_60mas":14,"pct_migrante":55,"dependencia_econ":190,"pct_empleados":60,"pct_cuentapropia":30,"pct_agricultura":0,"pct_comercio":20,"pct_manufactura":20,"pct_construccion":0,"pct_transporte":10,"pct_alojamiento":0,"pct_sin_educacion":11,"pct_educ_superior":32,"brecha_educ":2,"pct_sin_seguro":3,"pct_sus":72,"pct_seguro_privado":0,"brecha_seguro":6,"pct_salud_publica":21,"pct_med_tradicional":9,"pct_automedicacion":17,"pct_remedios_caseros":27,"pct_viv_desocupada":0,"pct_alquiler":0,"pct_electricidad":100,"pct_sin_electricidad":0,"pct_agua_red":100,"pct_alcantarillado":0,"pct_camara_septica":29,"pct_pozo_ciego":57,"pct_sin_desague":0,"pct_gas_red":0,"pct_gas_garrafa":100,"pct_lena_guano":100,"pct_basura_formal":14,"pct_basura_quema":57,"pct_basura_informal":0,"pct_internet":100,"pct_celular":100,"pct_televisor":86}},{"type":"Feature","geometry":{"type":"Polygon","coordinates":[[[-65.34443,-10.81562],[-65.34442,-10.81573],[-65.34486,-10.81646],[-65.34555,-10.81595],[-65.34518,-10.81515],[-65.34443,-10.81562]]]},"properties":{"n":"GUAYARAMERIN","p":79,"personas_x_ha":78,"masculinidad":126,"pct_menor20":29,"pct_60mas":23,"pct_migrante":34,"dependencia_econ":147,"pct_empleados":38,"pct_cuentapropia":41,"pct_agricultura":12,"pct_comercio":9,"pct_manufactura":16,"pct_construccion":6,"pct_transporte":6,"pct_alojamiento":12,"pct_sin_educacion":5,"pct_educ_superior":25,"brecha_educ":-16,"pct_sin_seguro":22,"pct_sus":58,"pct_seguro_privado":0,"brecha_seguro":2,"pct_salud_publica":39,"pct_med_tradicional":6,"pct_automedicacion":15,"pct_remedios_caseros":27,"pct_viv_desocupada":8,"pct_alquiler":15,"pct_electricidad":100,"pct_sin_electricidad":0,"pct_agua_red":60,"pct_alcantarillado":0,"pct_camara_septica":70,"pct_pozo_ciego":25,"pct_sin_desague":5,"pct_gas_red":0,"pct_gas_garrafa":100,"pct_lena_guano":100,"pct_basura_formal":95,"pct_basura_quema":5,"pct_basura_informal":0,"pct_internet":90,"pct_celular":95,"pct_televisor":75}},{"type":"Feature","geometry":{"type":"Polygon","coordinates":[[[-65.36057,-10.83566],[-65.36143,-10.83529],[-65.36103,-10.83444],[-65.36017,-10.83486],[-65.36057,-10.83566]]]},"properties":{"n":"GUAYARAMERIN","p":70,"personas_x_ha":64,"masculinidad":94,"pct_menor20":37,"pct_60mas":7,"pct_migrante":39,"dependencia_econ":66,"pct_empleados":15,"pct_cuentapropia":46,"pct_agricultura":12,"pct_comercio":22,"pct_manufactura":10,"pct_construccion":7,"pct_transporte":7,"pct_alojamiento":20,"pct_sin_educacion":0,"pct_educ_superior":30,"brecha_educ":-1,"pct_sin_seguro":9,"pct_sus":77,"pct_seguro_privado":2,"brecha_seguro":6,"pct_salud_publica":33,"pct_med_tradicional":9,"pct_automedicacion":17,"pct_remedios_caseros":18,"pct_viv_desocupada":5,"pct_alquiler":10,"pct_electricidad":100,"pct_sin_electricidad":0,"pct_agua_red":76,"pct_alcantarillado":10,"pct_camara_septica":62,"pct_pozo_ciego":19,"pct_sin_desague":5,"pct_gas_red":14,"pct_gas_garrafa":86,"pct_lena_guano":86,"pct_basura_formal":100,"pct_basura_quema":0,"pct_basura_informal":0,"pct_internet":86,"pct_celular":81,"pct_televisor":86}},{"type":"Feature","geometry":{"type":"Polygon","coordinates":[[[-65.35861,-10.82958],[-65.35822,-10.82875],[-65.35735,-10.82917],[-65.35777,-10.83002],[-65.35861,-10.82958]]]},"properties":{"n":"GUAYARAMERIN","p":50,"personas_x_ha":45,"masculinidad":117,"pct_menor20":42,"pct_60mas":10,"pct_migrante":18,"dependencia_econ":85,"pct_empleados":30,"pct_cuentapropia":56,"pct_agricultura":0,"pct_comercio":22,"pct_manufactura":15,"pct_construccion":4,"pct_transporte":11,"pct_alojamiento":22,"pct_sin_educacion":3,"pct_educ_superior":19,"brecha_educ":5,"pct_sin_seguro":24,"pct_sus":61,"pct_seguro_privado":0,"brecha_seguro":3,"pct_salud_publica":36,"pct_med_tradicional":0,"pct_automedicacion":21,"pct_remedios_caseros":35,"pct_viv_desocupada":0,"pct_alquiler":27,"pct_electricidad":100,"pct_sin_electricidad":0,"pct_agua_red":100,"pct_alcantarillado":73,"pct_camara_septica":18,"pct_pozo_ciego":0,"pct_sin_desague":9,"pct_gas_red":18,"pct_gas_garrafa":55,"pct_lena_guano":55,"pct_basura_formal":91,"pct_basura_quema":9,"pct_basura_informal":0,"pct_internet":73,"pct_celular":82,"pct_televisor":73}},{"type":"Feature","geometry":{"type":"Polygon","coordinates":[[[-65.34605,-10.81827],[-65.34629,-10.81747],[-65.34607,-10.81705],[-65.34545,-10.81751],[-65.3459,-10.8183],[-65.34605,-10.81827]]]},"properties":{"n":"GUAYARAMERIN","p":35,"personas_x_ha":49,"masculinidad":84,"pct_menor20":46,"pct_60mas":9,"pct_migrante":26,"dependencia_econ":169,"pct_empleados":31,"pct_cuentapropia":23,"pct_agricultura":23,"pct_comercio":23,"pct_manufactura":0,"pct_construccion":15,"pct_transporte":0,"pct_alojamiento":8,"pct_sin_educacion":0,"pct_educ_superior":21,"brecha_educ":12,"pct_sin_seguro":12,"pct_sus":79,"pct_seguro_privado":0,"brecha_seguro":-22,"pct_salud_publica":26,"pct_med_tradicional":6,"pct_automedicacion":23,"pct_remedios_caseros":31,"pct_viv_desocupada":29,"pct_alquiler":11,"pct_electricidad":89,"pct_sin_electricidad":11,"pct_agua_red":100,"pct_alcantarillado":11,"pct_camara_septica":22,"pct_pozo_ciego":67,"pct_sin_desague":0,"pct_gas_red":0,"pct_gas_garrafa":78,"pct_lena_guano":78,"pct_basura_formal":78,"pct_basura_quema":22,"pct_basura_informal":0,"pct_internet":67,"pct_celular":78,"pct_televisor":56}},{"type":"Feature","geometry":{"type":"Polygon","coordinates":[[[-65.34959,-10.82605],[-65.34873,-10.82648],[-65.34912,-10.82734],[-65.35,-10.82689],[-65.34959,-10.82605]]]},"properties":{"n":"GUAYARAMERIN","p":106,"personas_x_ha":93,"masculinidad":108,"pct_menor20":45,"pct_60mas":8,"pct_migrante":27,"dependencia_econ":136,"pct_empleados":31,"pct_cuentapropia":50,"pct_agricultura":7,"pct_comercio":21,"pct_manufactura":29,"pct_construccion":7,"pct_transporte":5,"pct_alojamiento":2,"pct_sin_educacion":0,"pct_educ_superior":16,"brecha_educ":-4,"pct_sin_seguro":20,"pct_sus":70,"pct_seguro_privado":0,"brecha_seguro":-7,"pct_salud_publica":33,"pct_med_tradicional":4,"pct_automedicacion":19,"pct_remedios_caseros":29,"pct_viv_desocupada":4,"pct_alquiler":16,"pct_electricidad":100,"pct_sin_electricidad":0,"pct_agua_red":84,"pct_alcantarillado":20,"pct_camara_septica":44,"pct_pozo_ciego":36,"pct_sin_desague":0,"pct_gas_red":8,"pct_gas_garrafa":72,"pct_lena_guano":72,"pct_basura_formal":96,"pct_basura_quema":4,"pct_basura_informal":0,"pct_internet":76,"pct_celular":80,"pct_televisor":64}},{"type":"Feature","geometry":{"type":"Polygon","coordinates":[[[-65.36076,-10.82874],[-65.35989,-10.82913],[-65.36028,-10.82995],[-65.36115,-10.82955],[-65.36076,-10.82874]]]},"properties":{"n":"GUAYARAMERIN","p":33,"personas_x_ha":31,"masculinidad":106,"pct_menor20":58,"pct_60mas":0,"pct_migrante":88,"dependencia_econ":230,"pct_empleados":100,"pct_cuentapropia":0,"pct_agricultura":0,"pct_comercio":0,"pct_manufactura":0,"pct_construccion":0,"pct_transporte":0,"pct_alojamiento":0,"pct_sin_educacion":0,"pct_educ_superior":93,"brecha_educ":0,"pct_sin_seguro":0,"pct_sus":0,"pct_seguro_privado":0,"brecha_seguro":0,"pct_salud_publica":0,"pct_med_tradicional":14,"pct_automedicacion":18,"pct_remedios_caseros":23,"pct_viv_desocupada":0,"pct_alquiler":100,"pct_electricidad":100,"pct_sin_electricidad":0,"pct_agua_red":100,"pct_alcantarillado":22,"pct_camara_septica":56,"pct_pozo_ciego":22,"pct_sin_desague":0,"pct_gas_red":0,"pct_gas_garrafa":100,"pct_lena_guano":100,"pct_basura_formal":100,"pct_basura_quema":0,"pct_basura_informal":0,"pct_internet":78,"pct_celular":89,"pct_televisor":78}},{"type":"Feature","geometry":{"type":"Polygon","coordinates":[[[-65.35871,-10.82951],[-65.35879,-10.82955],[-65.35964,-10.82913],[-65.35919,-10.82825],[-65.35832,-10.82871],[-65.35871,-10.82951]]]},"properties":{"n":"GUAYARAMERIN","p":42,"personas_x_ha":35,"masculinidad":100,"pct_menor20":45,"pct_60mas":5,"pct_migrante":45,"dependencia_econ":121,"pct_empleados":42,"pct_cuentapropia":47,"pct_agricultura":0,"pct_comercio":47,"pct_manufactura":11,"pct_construccion":0,"pct_transporte":21,"pct_alojamiento":0,"pct_sin_educacion":4,"pct_educ_superior":35,"brecha_educ":-16,"pct_sin_seguro":10,"pct_sus":83,"pct_seguro_privado":0,"brecha_seguro":10,"pct_salud_publica":27,"pct_med_tradicional":1,"pct_automedicacion":30,"pct_remedios_caseros":25,"pct_viv_desocupada":0,"pct_alquiler":9,"pct_electricidad":100,"pct_sin_electricidad":0,"pct_agua_red":91,"pct_alcantarillado":73,"pct_camara_septica":18,"pct_pozo_ciego":9,"pct_sin_desague":0,"pct_gas_red":27,"pct_gas_garrafa":73,"pct_lena_guano":73,"pct_basura_formal":100,"pct_basura_quema":0,"pct_basura_informal":0,"pct_internet":36,"pct_celular":45,"pct_televisor":45}},{"type":"Feature","geometry":{"type":"Polygon","coordinates":[[[-65.34587,-10.83089],[-65.34534,-10.8307],[-65.34577,-10.82927],[-65.34631,-10.82942],[-65.34587,-10.83089]]]},"properties":{"n":"GUAYARAMERIN","p":62,"personas_x_ha":60,"masculinidad":121,"pct_menor20":40,"pct_60mas":3,"pct_migrante":15,"dependencia_econ":122,"pct_empleados":7,"pct_cuentapropia":59,"pct_agricultura":7,"pct_comercio":33,"pct_manufactura":4,"pct_construccion":4,"pct_transporte":15,"pct_alojamiento":15,"pct_sin_educacion":0,"pct_educ_superior":14,"brecha_educ":-8,"pct_sin_seguro":7,"pct_sus":88,"pct_seguro_privado":0,"brecha_seguro":-2,"pct_salud_publica":48,"pct_med_tradicional":3,"pct_automedicacion":14,"pct_remedios_caseros":23,"pct_viv_desocupada":17,"pct_alquiler":0,"pct_electricidad":100,"pct_sin_electricidad":0,"pct_agua_red":85,"pct_alcantarillado":35,"pct_camara_septica":20,"pct_pozo_ciego":35,"pct_sin_desague":5,"pct_gas_red":15,"pct_gas_garrafa":80,"pct_lena_guano":80,"pct_basura_formal":100,"pct_basura_quema":0,"pct_basura_informal":0,"pct_internet":45,"pct_celular":60,"pct_televisor":40}},{"type":"Feature","geometry":{"type":"Polygon","coordinates":[[[-65.34201,-10.8282],[-65.3429,-10.82847],[-65.34305,-10.82806],[-65.34177,-10.82765],[-65.34201,-10.8282]]]},"properties":{"n":"GUAYARAMERIN","p":40,"personas_x_ha":63,"masculinidad":82,"pct_menor20":48,"pct_60mas":2,"pct_migrante":38,"dependencia_econ":186,"pct_empleados":50,"pct_cuentapropia":43,"pct_agricultura":14,"pct_comercio":7,"pct_manufactura":14,"pct_construccion":0,"pct_transporte":14,"pct_alojamiento":29,"pct_sin_educacion":5,"pct_educ_superior":5,"brecha_educ":-7,"pct_sin_seguro":5,"pct_sus":85,"pct_seguro_privado":10,"brecha_seguro":1,"pct_salud_publica":32,"pct_med_tradicional":8,"pct_automedicacion":23,"pct_remedios_caseros":29,"pct_viv_desocupada":0,"pct_alquiler":9,"pct_electricidad":100,"pct_sin_electricidad":0,"pct_agua_red":64,"pct_alcantarillado":0,"pct_camara_septica":27,"pct_pozo_ciego":45,"pct_sin_desague":18,"pct_gas_red":0,"pct_gas_garrafa":82,"pct_lena_guano":82,"pct_basura_formal":91,"pct_basura_quema":0,"pct_basura_informal":18,"pct_internet":100,"pct_celular":100,"pct_televisor":64}},{"type":"Feature","geometry":{"type":"Polygon","coordinates":[[[-65.3709,-10.81129],[-65.37037,-10.8114],[-65.37078,-10.81216],[-65.3713,-10.81204],[-65.3709,-10.81129]]]},"properties":{"n":"GUAYARAMERIN","p":37,"personas_x_ha":69,"masculinidad":118,"pct_menor20":54,"pct_60mas":8,"pct_migrante":30,"dependencia_econ":177,"pct_empleados":31,"pct_cuentapropia":46,"pct_agricultura":15,"pct_comercio":38,"pct_manufactura":15,"pct_construccion":8,"pct_transporte":0,"pct_alojamiento":15,"pct_sin_educacion":0,"pct_educ_superior":0,"brecha_educ":-13,"pct_sin_seguro":0,"pct_sus":97,"pct_seguro_privado":0,"brecha_seguro":0,"pct_salud_publica":37,"pct_med_tradicional":13,"pct_automedicacion":5,"pct_remedios_caseros":30,"pct_viv_desocupada":20,"pct_alquiler":0,"pct_electricidad":88,"pct_sin_electricidad":12,"pct_agua_red":38,"pct_alcantarillado":25,"pct_camara_septica":0,"pct_pozo_ciego":75,"pct_sin_desague":0,"pct_gas_red":0,"pct_gas_garrafa":100,"pct_lena_guano":100,"pct_basura_formal":88,"pct_basura_quema":12,"pct_basura_informal":0,"pct_internet":62,"pct_celular":88,"pct_televisor":75}},{"type":"Feature","geometry":{"type":"Polygon","coordinates":[[[-65.34962,-10.83631],[-65.3505,-10.83658],[-65.35067,-10.83606],[-65.34977,-10.83579],[-65.34962,-10.83631]]]},"properties":{"n":"GUAYARAMERIN","p":29,"personas_x_ha":44,"masculinidad":81,"pct_menor20":38,"pct_60mas":10,"pct_migrante":24,"dependencia_econ":189,"pct_empleados":0,"pct_cuentapropia":22,"pct_agricultura":44,"pct_comercio":0,"pct_manufactura":0,"pct_construccion":22,"pct_transporte":0,"pct_alojamiento":11,"pct_sin_educacion":6,"pct_educ_superior":19,"brecha_educ":-12,"pct_sin_seguro":0,"pct_sus":92,"pct_seguro_privado":0,"brecha_seguro":0,"pct_salud_publica":67,"pct_med_tradicional":0,"pct_automedicacion":9,"pct_remedios_caseros":15,"pct_viv_desocupada":0,"pct_alquiler":27,"pct_electricidad":91,"pct_sin_electricidad":0,"pct_agua_red":91,"pct_alcantarillado":45,"pct_camara_septica":27,"pct_pozo_ciego":18,"pct_sin_desague":0,"pct_gas_red":0,"pct_gas_garrafa":91,"pct_lena_guano":91,"pct_basura_formal":100,"pct_basura_quema":0,"pct_basura_informal":0,"pct_internet":55,"pct_celular":73,"pct_televisor":55}},{"type":"Feature","geometry":{"type":"Polygon","coordinates":[[[-65.35902,-10.82484],[-65.35942,-10.82572],[-65.36029,-10.82529],[-65.35984,-10.82444],[-65.35902,-10.82484]]]},"properties":{"n":"GUAYARAMERIN","p":35,"personas_x_ha":31,"masculinidad":106,"pct_menor20":43,"pct_60mas":6,"pct_migrante":49,"dependencia_econ":119,"pct_empleados":25,"pct_cuentapropia":38,"pct_agricultura":12,"pct_comercio":31,"pct_manufactura":6,"pct_construccion":19,"pct_transporte":0,"pct_alojamiento":0,"pct_sin_educacion":0,"pct_educ_superior":40,"brecha_educ":-11,"pct_sin_seguro":3,"pct_sus":80,"pct_seguro_privado":0,"brecha_seguro":6,"pct_salud_publica":76,"pct_med_tradicional":5,"pct_automedicacion":0,"pct_remedios_caseros":5,"pct_viv_desocupada":0,"pct_alquiler":12,"pct_electricidad":100,"pct_sin_electricidad":0,"pct_agua_red":100,"pct_alcantarillado":75,"pct_camara_septica":12,"pct_pozo_ciego":12,"pct_sin_desague":0,"pct_gas_red":0,"pct_gas_garrafa":100,"pct_lena_guano":100,"pct_basura_formal":100,"pct_basura_quema":0,"pct_basura_informal":0,"pct_internet":88,"pct_celular":100,"pct_televisor":88}},{"type":"Feature","geometry":{"type":"Polygon","coordinates":[[[-65.34757,-10.81713],[-65.34863,-10.81572],[-65.34894,-10.81561],[-65.34929,-10.81419],[-65.34922,-10.81407],[-65.34792,-10.81369],[-65.34777,-10.81374],[-65.34758,-10.8141],[-65.34285,-10.82993],[-65.34438,-10.83038],[-65.34801,-10.81856],[-65.34884,-10.81879],[-65.34916,-10.81776],[-65.34779,-10.81736],[-65.34746,-10.81749],[-65.34757,-10.81713]]]},"properties":{"n":"GUAYARAMERIN","p":15,"personas_x_ha":0,"masculinidad":114,"pct_menor20":20,"pct_60mas":7,"pct_migrante":27,"dependencia_econ":8,"pct_empleados":38,"pct_cuentapropia":31,"pct_agricultura":31,"pct_comercio":8,"pct_manufactura":0,"pct_construccion":0,"pct_transporte":8,"pct_alojamiento":0,"pct_sin_educacion":0,"pct_educ_superior":33,"brecha_educ":0,"pct_sin_seguro":15,"pct_sus":54,"pct_seguro_privado":0,"brecha_seguro":-2,"pct_salud_publica":23,"pct_med_tradicional":19,"pct_automedicacion":11,"pct_remedios_caseros":23,"pct_viv_desocupada":0,"pct_alquiler":17,"pct_electricidad":100,"pct_sin_electricidad":0,"pct_agua_red":50,"pct_alcantarillado":0,"pct_camara_septica":67,"pct_pozo_ciego":33,"pct_sin_desague":0,"pct_gas_red":17,"pct_gas_garrafa":83,"pct_lena_guano":83,"pct_basura_formal":83,"pct_basura_quema":17,"pct_basura_informal":0,"pct_internet":100,"pct_celular":100,"pct_televisor":83}},{"type":"Feature","geometry":{"type":"Polygon","coordinates":[[[-65.34245,-10.83715],[-65.34263,-10.83659],[-65.34088,-10.8361],[-65.34073,-10.83663],[-65.34245,-10.83715]]]},"properties":{"n":"GUAYARAMERIN","p":52,"personas_x_ha":41,"masculinidad":108,"pct_menor20":58,"pct_60mas":12,"pct_migrante":62,"dependencia_econ":183,"pct_empleados":44,"pct_cuentapropia":33,"pct_agricultura":6,"pct_comercio":33,"pct_manufactura":6,"pct_construccion":6,"pct_transporte":6,"pct_alojamiento":6,"pct_sin_educacion":0,"pct_educ_superior":50,"brecha_educ":9,"pct_sin_seguro":2,"pct_sus":84,"pct_seguro_privado":0,"brecha_seguro":4,"pct_salud_publica":35,"pct_med_tradicional":1,"pct_automedicacion":11,"pct_remedios_caseros":36,"pct_viv_desocupada":0,"pct_alquiler":23,"pct_electricidad":100,"pct_sin_electricidad":0,"pct_agua_red":100,"pct_alcantarillado":0,"pct_camara_septica":62,"pct_pozo_ciego":8,"pct_sin_desague":0,"pct_gas_red":62,"pct_gas_garrafa":38,"pct_lena_guano":38,"pct_basura_formal":77,"pct_basura_quema":23,"pct_basura_informal":0,"pct_internet":100,"pct_celular":100,"pct_televisor":92}},{"type":"Feature","geometry":{"type":"Polygon","coordinates":[[[-65.34724,-10.84415],[-65.34636,-10.84388],[-65.3462,-10.84447],[-65.34708,-10.84473],[-65.34724,-10.84415]]]},"properties":{"n":"GUAYARAMERIN","p":25,"personas_x_ha":37,"masculinidad":108,"pct_menor20":36,"pct_60mas":8,"pct_migrante":32,"dependencia_econ":2400,"pct_empleados":0,"pct_cuentapropia":0,"pct_agricultura":100,"pct_comercio":0,"pct_manufactura":0,"pct_construccion":0,"pct_transporte":0,"pct_alojamiento":0,"pct_sin_educacion":6,"pct_educ_superior":6,"brecha_educ":10,"pct_sin_seguro":76,"pct_sus":20,"pct_seguro_privado":4,"brecha_seguro":2,"pct_salud_publica":92,"pct_med_tradicional":0,"pct_automedicacion":4,"pct_remedios_caseros":0,"pct_viv_desocupada":0,"pct_alquiler":29,"pct_electricidad":86,"pct_sin_electricidad":0,"pct_agua_red":14,"pct_alcantarillado":29,"pct_camara_septica":57,"pct_pozo_ciego":0,"pct_sin_desague":0,"pct_gas_red":0,"pct_gas_garrafa":100,"pct_lena_guano":100,"pct_basura_formal":71,"pct_basura_quema":14,"pct_basura_informal":29,"pct_internet":14,"pct_celular":43,"pct_televisor":14}},{"type":"Feature","geometry":{"type":"Polygon","coordinates":[[[-65.34494,-10.82158],[-65.34525,-10.8207],[-65.34391,-10.82011],[-65.34348,-10.82068],[-65.34494,-10.82158]]]},"properties":{"n":"GUAYARAMERIN","p":179,"personas_x_ha":109,"masculinidad":72,"pct_menor20":45,"pct_60mas":11,"pct_migrante":17,"dependencia_econ":212,"pct_empleados":35,"pct_cuentapropia":53,"pct_agricultura":23,"pct_comercio":12,"pct_manufactura":11,"pct_construccion":7,"pct_transporte":9,"pct_alojamiento":11,"pct_sin_educacion":3,"pct_educ_superior":18,"brecha_educ":2,"pct_sin_seguro":6,"pct_sus":87,"pct_seguro_privado":0,"brecha_seguro":7,"pct_salud_publica":61,"pct_med_tradicional":0,"pct_automedicacion":16,"pct_remedios_caseros":13,"pct_viv_desocupada":3,"pct_alquiler":14,"pct_electricidad":100,"pct_sin_electricidad":0,"pct_agua_red":92,"pct_alcantarillado":14,"pct_camara_septica":38,"pct_pozo_ciego":35,"pct_sin_desague":3,"pct_gas_red":8,"pct_gas_garrafa":84,"pct_lena_guano":84,"pct_basura_formal":100,"pct_basura_quema":0,"pct_basura_informal":0,"pct_internet":68,"pct_celular":76,"pct_televisor":68}},{"type":"Feature","geometry":{"type":"Polygon","coordinates":[[[-65.35536,-10.8383],[-65.355,-10.83852],[-65.35541,-10.83932],[-65.35578,-10.83913],[-65.35536,-10.8383]]]},"properties":{"n":"GUAYARAMERIN","p":55,"personas_x_ha":111,"masculinidad":96,"pct_menor20":33,"pct_60mas":9,"pct_migrante":38,"dependencia_econ":125,"pct_empleados":58,"pct_cuentapropia":12,"pct_agricultura":38,"pct_comercio":8,"pct_manufactura":4,"pct_construccion":17,"pct_transporte":4,"pct_alojamiento":0,"pct_sin_educacion":3,"pct_educ_superior":27,"brecha_educ":9,"pct_sin_seguro":15,"pct_sus":81,"pct_seguro_privado":0,"brecha_seguro":7,"pct_salud_publica":23,"pct_med_tradicional":16,"pct_automedicacion":24,"pct_remedios_caseros":23,"pct_viv_desocupada":0,"pct_alquiler":0,"pct_electricidad":100,"pct_sin_electricidad":0,"pct_agua_red":57,"pct_alcantarillado":14,"pct_camara_septica":29,"pct_pozo_ciego":50,"pct_sin_desague":7,"pct_gas_red":0,"pct_gas_garrafa":100,"pct_lena_guano":100,"pct_basura_formal":100,"pct_basura_quema":0,"pct_basura_informal":0,"pct_internet":79,"pct_celular":79,"pct_televisor":50}},{"type":"Feature","geometry":{"type":"Polygon","coordinates":[[[-65.34971,-10.82124],[-65.34929,-10.82148],[-65.34951,-10.8225],[-65.3496,-10.8226],[-65.35045,-10.82277],[-65.34971,-10.82124]]]},"properties":{"n":"GUAYARAMERIN","p":68,"personas_x_ha":58,"masculinidad":100,"pct_menor20":43,"pct_60mas":4,"pct_migrante":35,"dependencia_econ":119,"pct_empleados":55,"pct_cuentapropia":39,"pct_agricultura":10,"pct_comercio":29,"pct_manufactura":0,"pct_construccion":6,"pct_transporte":6,"pct_alojamiento":6,"pct_sin_educacion":0,"pct_educ_superior":42,"brecha_educ":-2,"pct_sin_seguro":26,"pct_sus":37,"pct_seguro_privado":0,"brecha_seguro":18,"pct_salud_publica":23,"pct_med_tradicional":2,"pct_automedicacion":18,"pct_remedios_caseros":32,"pct_viv_desocupada":14,"pct_alquiler":6,"pct_electricidad":100,"pct_sin_electricidad":0,"pct_agua_red":94,"pct_alcantarillado":47,"pct_camara_septica":41,"pct_pozo_ciego":12,"pct_sin_desague":0,"pct_gas_red":12,"pct_gas_garrafa":76,"pct_lena_guano":76,"pct_basura_formal":100,"pct_basura_quema":0,"pct_basura_informal":0,"pct_internet":94,"pct_celular":94,"pct_televisor":88}},{"type":"Feature","geometry":{"type":"Polygon","coordinates":[[[-65.35443,-10.81111],[-65.35407,-10.81044],[-65.3532,-10.81087],[-65.35356,-10.81157],[-65.35374,-10.81133],[-65.35443,-10.81111]]]},"properties":{"n":"GUAYARAMERIN","p":34,"personas_x_ha":40,"masculinidad":79,"pct_menor20":38,"pct_60mas":21,"pct_migrante":53,"dependencia_econ":100,"pct_empleados":35,"pct_cuentapropia":47,"pct_agricultura":6,"pct_comercio":29,"pct_manufactura":0,"pct_construccion":18,"pct_transporte":6,"pct_alojamiento":12,"pct_sin_educacion":0,"pct_educ_superior":50,"brecha_educ":0,"pct_sin_seguro":18,"pct_sus":64,"pct_seguro_privado":9,"brecha_seguro":30,"pct_salud_publica":25,"pct_med_tradicional":1,"pct_automedicacion":22,"pct_remedios_caseros":16,"pct_viv_desocupada":12,"pct_alquiler":30,"pct_electricidad":100,"pct_sin_electricidad":0,"pct_agua_red":100,"pct_alcantarillado":80,"pct_camara_septica":0,"pct_pozo_ciego":10,"pct_sin_desague":0,"pct_gas_red":0,"pct_gas_garrafa":100,"pct_lena_guano":100,"pct_basura_formal":100,"pct_basura_quema":0,"pct_basura_informal":0,"pct_internet":90,"pct_celular":90,"pct_televisor":90}},{"type":"Feature","geometry":{"type":"Polygon","coordinates":[[[-65.34615,-10.83965],[-65.34532,-10.83945],[-65.34507,-10.8405],[-65.34535,-10.84057],[-65.34547,-10.84009],[-65.34615,-10.83965]]]},"properties":{"n":"GUAYARAMERIN","p":47,"personas_x_ha":78,"masculinidad":81,"pct_menor20":43,"pct_60mas":6,"pct_migrante":21,"dependencia_econ":188,"pct_empleados":38,"pct_cuentapropia":25,"pct_agricultura":6,"pct_comercio":6,"pct_manufactura":0,"pct_construccion":19,"pct_transporte":12,"pct_alojamiento":19,"pct_sin_educacion":25,"pct_educ_superior":21,"brecha_educ":6,"pct_sin_seguro":9,"pct_sus":70,"pct_seguro_privado":0,"brecha_seguro":19,"pct_salud_publica":36,"pct_med_tradicional":2,"pct_automedicacion":17,"pct_remedios_caseros":28,"pct_viv_desocupada":9,"pct_alquiler":0,"pct_electricidad":90,"pct_sin_electricidad":0,"pct_agua_red":50,"pct_alcantarillado":10,"pct_camara_septica":30,"pct_pozo_ciego":30,"pct_sin_desague":10,"pct_gas_red":0,"pct_gas_garrafa":80,"pct_lena_guano":80,"pct_basura_formal":60,"pct_basura_quema":30,"pct_basura_informal":20,"pct_internet":100,"pct_celular":100,"pct_televisor":60}},{"type":"Feature","geometry":{"type":"Polygon","coordinates":[[[-65.34741,-10.8317],[-65.34648,-10.83145],[-65.34632,-10.83197],[-65.34726,-10.83224],[-65.34741,-10.8317]]]},"properties":{"n":"GUAYARAMERIN","p":22,"personas_x_ha":33,"masculinidad":267,"pct_menor20":36,"pct_60mas":5,"pct_migrante":14,"dependencia_econ":50,"pct_empleados":60,"pct_cuentapropia":10,"pct_agricultura":0,"pct_comercio":40,"pct_manufactura":10,"pct_construccion":0,"pct_transporte":10,"pct_alojamiento":20,"pct_sin_educacion":0,"pct_educ_superior":50,"brecha_educ":17,"pct_sin_seguro":17,"pct_sus":33,"pct_seguro_privado":0,"brecha_seguro":-6,"pct_salud_publica":30,"pct_med_tradicional":0,"pct_automedicacion":15,"pct_remedios_caseros":19,"pct_viv_desocupada":20,"pct_alquiler":50,"pct_electricidad":100,"pct_sin_electricidad":0,"pct_agua_red":100,"pct_alcantarillado":0,"pct_camara_septica":50,"pct_pozo_ciego":33,"pct_sin_desague":17,"pct_gas_red":0,"pct_gas_garrafa":100,"pct_lena_guano":100,"pct_basura_formal":100,"pct_basura_quema":0,"pct_basura_informal":0,"pct_internet":100,"pct_celular":100,"pct_televisor":100}},{"type":"Feature","geometry":{"type":"Polygon","coordinates":[[[-65.36602,-10.84446],[-65.36581,-10.84407],[-65.36498,-10.8445],[-65.36518,-10.84489],[-65.36602,-10.84446]]]},"properties":{"n":"GUAYARAMERIN","p":70,"personas_x_ha":130,"masculinidad":79,"pct_menor20":39,"pct_60mas":13,"pct_migrante":24,"dependencia_econ":138,"pct_empleados":41,"pct_cuentapropia":38,"pct_agricultura":17,"pct_comercio":28,"pct_manufactura":3,"pct_construccion":3,"pct_transporte":7,"pct_alojamiento":21,"pct_sin_educacion":7,"pct_educ_superior":25,"brecha_educ":13,"pct_sin_seguro":9,"pct_sus":89,"pct_seguro_privado":0,"brecha_seguro":15,"pct_salud_publica":38,"pct_med_tradicional":1,"pct_automedicacion":8,"pct_remedios_caseros":37,"pct_viv_desocupada":0,"pct_alquiler":6,"pct_electricidad":100,"pct_sin_electricidad":0,"pct_agua_red":82,"pct_alcantarillado":100,"pct_camara_septica":0,"pct_pozo_ciego":0,"pct_sin_desague":0,"pct_gas_red":41,"pct_gas_garrafa":59,"pct_lena_guano":59,"pct_basura_formal":100,"pct_basura_quema":0,"pct_basura_informal":0,"pct_internet":82,"pct_celular":82,"pct_televisor":82}},{"type":"Feature","geometry":{"type":"Polygon","coordinates":[[[-65.34325,-10.83883],[-65.3431,-10.83938],[-65.34404,-10.8396],[-65.34417,-10.8391],[-65.34325,-10.83883]]]},"properties":{"n":"GUAYARAMERIN","p":40,"personas_x_ha":61,"masculinidad":111,"pct_menor20":45,"pct_60mas":5,"pct_migrante":25,"dependencia_econ":122,"pct_empleados":17,"pct_cuentapropia":56,"pct_agricultura":22,"pct_comercio":28,"pct_manufactura":11,"pct_construccion":6,"pct_transporte":11,"pct_alojamiento":0,"pct_sin_educacion":0,"pct_educ_superior":12,"brecha_educ":-2,"pct_sin_seguro":18,"pct_sus":70,"pct_seguro_privado":2,"brecha_seguro":3,"pct_salud_publica":27,"pct_med_tradicional":9,"pct_automedicacion":21,"pct_remedios_caseros":18,"pct_viv_desocupada":0,"pct_alquiler":0,"pct_electricidad":100,"pct_sin_electricidad":0,"pct_agua_red":86,"pct_alcantarillado":0,"pct_camara_septica":43,"pct_pozo_ciego":57,"pct_sin_desague":0,"pct_gas_red":14,"pct_gas_garrafa":86,"pct_lena_guano":86,"pct_basura_formal":100,"pct_basura_quema":0,"pct_basura_informal":0,"pct_internet":100,"pct_celular":100,"pct_televisor":57}},{"type":"Feature","geometry":{"type":"Polygon","coordinates":[[[-65.36607,-10.84457],[-65.36527,-10.84496],[-65.36541,-10.84527],[-65.36624,-10.84488],[-65.36607,-10.84457]]]},"properties":{"n":"GUAYARAMERIN","p":75,"personas_x_ha":192,"masculinidad":108,"pct_menor20":48,"pct_60mas":9,"pct_migrante":19,"dependencia_econ":236,"pct_empleados":23,"pct_cuentapropia":59,"pct_agricultura":18,"pct_comercio":5,"pct_manufactura":0,"pct_construccion":9,"pct_transporte":18,"pct_alojamiento":18,"pct_sin_educacion":0,"pct_educ_superior":28,"brecha_educ":-15,"pct_sin_seguro":24,"pct_sus":64,"pct_seguro_privado":0,"brecha_seguro":-1,"pct_salud_publica":83,"pct_med_tradicional":0,"pct_automedicacion":1,"pct_remedios_caseros":1,"pct_viv_desocupada":0,"pct_alquiler":0,"pct_electricidad":100,"pct_sin_electricidad":0,"pct_agua_red":95,"pct_alcantarillado":100,"pct_camara_septica":0,"pct_pozo_ciego":0,"pct_sin_desague":0,"pct_gas_red":15,"pct_gas_garrafa":80,"pct_lena_guano":80,"pct_basura_formal":100,"pct_basura_quema":0,"pct_basura_informal":0,"pct_internet":80,"pct_celular":85,"pct_televisor":65}},{"type":"Feature","geometry":{"type":"Polygon","coordinates":[[[-65.34211,-10.83851],[-65.34032,-10.83802],[-65.34017,-10.83856],[-65.34195,-10.83907],[-65.34211,-10.83851]]]},"properties":{"n":"GUAYARAMERIN","p":126,"personas_x_ha":98,"masculinidad":129,"pct_menor20":45,"pct_60mas":4,"pct_migrante":21,"dependencia_econ":147,"pct_empleados":57,"pct_cuentapropia":35,"pct_agricultura":8,"pct_comercio":20,"pct_manufactura":6,"pct_construccion":6,"pct_transporte":10,"pct_alojamiento":6,"pct_sin_educacion":0,"pct_educ_superior":35,"brecha_educ":8,"pct_sin_seguro":2,"pct_sus":59,"pct_seguro_privado":1,"brecha_seguro":4,"pct_salud_publica":33,"pct_med_tradicional":1,"pct_automedicacion":16,"pct_remedios_caseros":23,"pct_viv_desocupada":8,"pct_alquiler":3,"pct_electricidad":100,"pct_sin_electricidad":0,"pct_agua_red":91,"pct_alcantarillado":6,"pct_camara_septica":62,"pct_pozo_ciego":26,"pct_sin_desague":3,"pct_gas_red":26,"pct_gas_garrafa":68,"pct_lena_guano":68,"pct_basura_formal":100,"pct_basura_quema":0,"pct_basura_informal":0,"pct_internet":82,"pct_celular":91,"pct_televisor":74}},{"type":"Feature","geometry":{"type":"Polygon","coordinates":[[[-65.36562,-10.82525],[-65.3653,-10.8254],[-65.3657,-10.82617],[-65.36611,-10.82596],[-65.3658,-10.8253],[-65.36562,-10.82525]]]},"properties":{"n":"GUAYARAMERIN","p":28,"personas_x_ha":57,"masculinidad":115,"pct_menor20":32,"pct_60mas":18,"pct_migrante":43,"dependencia_econ":250,"pct_empleados":75,"pct_cuentapropia":25,"pct_agricultura":0,"pct_comercio":12,"pct_manufactura":0,"pct_construccion":38,"pct_transporte":0,"pct_alojamiento":0,"pct_sin_educacion":5,"pct_educ_superior":5,"brecha_educ":9,"pct_sin_seguro":7,"pct_sus":93,"pct_seguro_privado":0,"brecha_seguro":-1,"pct_salud_publica":32,"pct_med_tradicional":12,"pct_automedicacion":18,"pct_remedios_caseros":29,"pct_viv_desocupada":0,"pct_alquiler":0,"pct_electricidad":100,"pct_sin_electricidad":0,"pct_agua_red":100,"pct_alcantarillado":0,"pct_camara_septica":50,"pct_pozo_ciego":25,"pct_sin_desague":0,"pct_gas_red":0,"pct_gas_garrafa":88,"pct_lena_guano":88,"pct_basura_formal":88,"pct_basura_quema":12,"pct_basura_informal":0,"pct_internet":50,"pct_celular":62,"pct_televisor":75}},{"type":"Feature","geometry":{"type":"Polygon","coordinates":[[[-65.35169,-10.82244],[-65.35248,-10.82204],[-65.35202,-10.82118],[-65.35129,-10.8216],[-65.35169,-10.82244]]]},"properties":{"n":"GUAYARAMERIN","p":44,"personas_x_ha":42,"masculinidad":159,"pct_menor20":43,"pct_60mas":20,"pct_migrante":64,"dependencia_econ":153,"pct_empleados":41,"pct_cuentapropia":53,"pct_agricultura":0,"pct_comercio":35,"pct_manufactura":18,"pct_construccion":6,"pct_transporte":0,"pct_alojamiento":0,"pct_sin_educacion":0,"pct_educ_superior":50,"brecha_educ":-23,"pct_sin_seguro":19,"pct_sus":37,"pct_seguro_privado":7,"brecha_seguro":2,"pct_salud_publica":25,"pct_med_tradicional":0,"pct_automedicacion":10,"pct_remedios_caseros":31,"pct_viv_desocupada":5,"pct_alquiler":20,"pct_electricidad":100,"pct_sin_electricidad":0,"pct_agua_red":100,"pct_alcantarillado":53,"pct_camara_septica":27,"pct_pozo_ciego":13,"pct_sin_desague":0,"pct_gas_red":13,"pct_gas_garrafa":67,"pct_lena_guano":67,"pct_basura_formal":100,"pct_basura_quema":0,"pct_basura_informal":0,"pct_internet":80,"pct_celular":87,"pct_televisor":80}},{"type":"Feature","geometry":{"type":"Polygon","coordinates":[[[-65.36483,-10.84454],[-65.36397,-10.84497],[-65.36415,-10.84532],[-65.36506,-10.84491],[-65.36483,-10.84454]]]},"properties":{"n":"GUAYARAMERIN","p":56,"personas_x_ha":107,"masculinidad":87,"pct_menor20":41,"pct_60mas":9,"pct_migrante":18,"dependencia_econ":72,"pct_empleados":16,"pct_cuentapropia":56,"pct_agricultura":25,"pct_comercio":19,"pct_manufactura":9,"pct_construccion":12,"pct_transporte":6,"pct_alojamiento":3,"pct_sin_educacion":3,"pct_educ_superior":9,"brecha_educ":-2,"pct_sin_seguro":39,"pct_sus":44,"pct_seguro_privado":0,"brecha_seguro":2,"pct_salud_publica":59,"pct_med_tradicional":0,"pct_automedicacion":1,"pct_remedios_caseros":33,"pct_viv_desocupada":0,"pct_alquiler":0,"pct_electricidad":64,"pct_sin_electricidad":0,"pct_agua_red":93,"pct_alcantarillado":79,"pct_camara_septica":7,"pct_pozo_ciego":14,"pct_sin_desague":0,"pct_gas_red":0,"pct_gas_garrafa":71,"pct_lena_guano":71,"pct_basura_formal":93,"pct_basura_quema":7,"pct_basura_informal":0,"pct_internet":57,"pct_celular":71,"pct_televisor":50}},{"type":"Feature","geometry":{"type":"Polygon","coordinates":[[[-65.3691,-10.81066],[-65.36876,-10.81005],[-65.36832,-10.81042],[-65.36861,-10.81094],[-65.3691,-10.81066]]]},"properties":{"n":"GUAYARAMERIN","p":39,"personas_x_ha":83,"masculinidad":129,"pct_menor20":49,"pct_60mas":5,"pct_migrante":21,"dependencia_econ":333,"pct_empleados":0,"pct_cuentapropia":22,"pct_agricultura":11,"pct_comercio":22,"pct_manufactura":11,"pct_construccion":0,"pct_transporte":0,"pct_alojamiento":0,"pct_sin_educacion":0,"pct_educ_superior":5,"brecha_educ":18,"pct_sin_seguro":5,"pct_sus":95,"pct_seguro_privado":0,"brecha_seguro":10,"pct_salud_publica":71,"pct_med_tradicional":4,"pct_automedicacion":6,"pct_remedios_caseros":13,"pct_viv_desocupada":0,"pct_alquiler":0,"pct_electricidad":90,"pct_sin_electricidad":10,"pct_agua_red":0,"pct_alcantarillado":10,"pct_camara_septica":10,"pct_pozo_ciego":20,"pct_sin_desague":10,"pct_gas_red":0,"pct_gas_garrafa":70,"pct_lena_guano":70,"pct_basura_formal":50,"pct_basura_quema":50,"pct_basura_informal":0,"pct_internet":50,"pct_celular":60,"pct_televisor":90}},{"type":"Feature","geometry":{"type":"Polygon","coordinates":[[[-65.36175,-10.80882],[-65.36128,-10.80804],[-65.36048,-10.80854],[-65.36096,-10.8093],[-65.36175,-10.80882]]]},"properties":{"n":"GUAYARAMERIN","p":43,"personas_x_ha":41,"masculinidad":115,"pct_menor20":28,"pct_60mas":19,"pct_migrante":40,"dependencia_econ":91,"pct_empleados":18,"pct_cuentapropia":59,"pct_agricultura":18,"pct_comercio":5,"pct_manufactura":9,"pct_construccion":14,"pct_transporte":18,"pct_alojamiento":14,"pct_sin_educacion":16,"pct_educ_superior":23,"brecha_educ":14,"pct_sin_seguro":21,"pct_sus":76,"pct_seguro_privado":0,"brecha_seguro":20,"pct_salud_publica":38,"pct_med_tradicional":2,"pct_automedicacion":8,"pct_remedios_caseros":19,"pct_viv_desocupada":21,"pct_alquiler":9,"pct_electricidad":100,"pct_sin_electricidad":0,"pct_agua_red":82,"pct_alcantarillado":18,"pct_camara_septica":45,"pct_pozo_ciego":0,"pct_sin_desague":27,"pct_gas_red":0,"pct_gas_garrafa":100,"pct_lena_guano":100,"pct_basura_formal":100,"pct_basura_quema":0,"pct_basura_informal":0,"pct_internet":45,"pct_celular":55,"pct_televisor":73}},{"type":"Feature","geometry":{"type":"Polygon","coordinates":[[[-65.36331,-10.82381],[-65.36291,-10.82297],[-65.36204,-10.82339],[-65.36251,-10.82421],[-65.36331,-10.82381]]]},"properties":{"n":"GUAYARAMERIN","p":66,"personas_x_ha":60,"masculinidad":100,"pct_menor20":33,"pct_60mas":12,"pct_migrante":32,"dependencia_econ":110,"pct_empleados":32,"pct_cuentapropia":61,"pct_agricultura":6,"pct_comercio":29,"pct_manufactura":6,"pct_construccion":19,"pct_transporte":13,"pct_alojamiento":3,"pct_sin_educacion":9,"pct_educ_superior":14,"brecha_educ":-42,"pct_sin_seguro":5,"pct_sus":88,"pct_seguro_privado":2,"brecha_seguro":3,"pct_salud_publica":37,"pct_med_tradicional":2,"pct_automedicacion":16,"pct_remedios_caseros":20,"pct_viv_desocupada":6,"pct_alquiler":7,"pct_electricidad":100,"pct_sin_electricidad":0,"pct_agua_red":100,"pct_alcantarillado":64,"pct_camara_septica":21,"pct_pozo_ciego":0,"pct_sin_desague":0,"pct_gas_red":0,"pct_gas_garrafa":93,"pct_lena_guano":93,"pct_basura_formal":100,"pct_basura_quema":0,"pct_basura_informal":0,"pct_internet":64,"pct_celular":64,"pct_televisor":79}},{"type":"Feature","geometry":{"type":"Polygon","coordinates":[[[-65.34783,-10.82247],[-65.3477,-10.8229],[-65.34862,-10.82309],[-65.34855,-10.8226],[-65.34783,-10.82247]]]},"properties":{"n":"GUAYARAMERIN","p":58,"personas_x_ha":120,"masculinidad":76,"pct_menor20":43,"pct_60mas":7,"pct_migrante":29,"dependencia_econ":107,"pct_empleados":39,"pct_cuentapropia":39,"pct_agricultura":11,"pct_comercio":25,"pct_manufactura":14,"pct_construccion":7,"pct_transporte":0,"pct_alojamiento":14,"pct_sin_educacion":3,"pct_educ_superior":39,"brecha_educ":-9,"pct_sin_seguro":9,"pct_sus":90,"pct_seguro_privado":0,"brecha_seguro":6,"pct_salud_publica":55,"pct_med_tradicional":0,"pct_automedicacion":12,"pct_remedios_caseros":13,"pct_viv_desocupada":0,"pct_alquiler":14,"pct_electricidad":93,"pct_sin_electricidad":7,"pct_agua_red":64,"pct_alcantarillado":14,"pct_camara_septica":29,"pct_pozo_ciego":57,"pct_sin_desague":0,"pct_gas_red":29,"pct_gas_garrafa":64,"pct_lena_guano":64,"pct_basura_formal":93,"pct_basura_quema":7,"pct_basura_informal":0,"pct_internet":86,"pct_celular":93,"pct_televisor":79}},{"type":"Feature","geometry":{"type":"Polygon","coordinates":[[[-65.36456,-10.83388],[-65.36371,-10.83429],[-65.36416,-10.83515],[-65.36499,-10.83471],[-65.36456,-10.83388]]]},"properties":{"n":"GUAYARAMERIN","p":45,"personas_x_ha":40,"masculinidad":125,"pct_menor20":36,"pct_60mas":18,"pct_migrante":49,"dependencia_econ":137,"pct_empleados":32,"pct_cuentapropia":37,"pct_agricultura":16,"pct_comercio":11,"pct_manufactura":11,"pct_construccion":5,"pct_transporte":11,"pct_alojamiento":5,"pct_sin_educacion":3,"pct_educ_superior":24,"brecha_educ":5,"pct_sin_seguro":7,"pct_sus":93,"pct_seguro_privado":0,"brecha_seguro":3,"pct_salud_publica":42,"pct_med_tradicional":0,"pct_automedicacion":16,"pct_remedios_caseros":23,"pct_viv_desocupada":0,"pct_alquiler":0,"pct_electricidad":100,"pct_sin_electricidad":0,"pct_agua_red":100,"pct_alcantarillado":23,"pct_camara_septica":15,"pct_pozo_ciego":46,"pct_sin_desague":8,"pct_gas_red":0,"pct_gas_garrafa":100,"pct_lena_guano":100,"pct_basura_formal":92,"pct_basura_quema":8,"pct_basura_informal":0,"pct_internet":85,"pct_celular":85,"pct_televisor":77}},{"type":"Feature","geometry":{"type":"Polygon","coordinates":[[[-65.36576,-10.81158],[-65.36537,-10.81077],[-65.3647,-10.81111],[-65.36514,-10.81186],[-65.36576,-10.81158]]]},"properties":{"n":"GUAYARAMERIN","p":57,"personas_x_ha":72,"masculinidad":97,"pct_menor20":37,"pct_60mas":11,"pct_migrante":23,"dependencia_econ":155,"pct_empleados":41,"pct_cuentapropia":36,"pct_agricultura":0,"pct_comercio":9,"pct_manufactura":5,"pct_construccion":23,"pct_transporte":14,"pct_alojamiento":23,"pct_sin_educacion":8,"pct_educ_superior":11,"brecha_educ":-10,"pct_sin_seguro":32,"pct_sus":64,"pct_seguro_privado":0,"brecha_seguro":24,"pct_salud_publica":40,"pct_med_tradicional":1,"pct_automedicacion":9,"pct_remedios_caseros":26,"pct_viv_desocupada":0,"pct_alquiler":13,"pct_electricidad":87,"pct_sin_electricidad":7,"pct_agua_red":93,"pct_alcantarillado":13,"pct_camara_septica":20,"pct_pozo_ciego":67,"pct_sin_desague":0,"pct_gas_red":0,"pct_gas_garrafa":93,"pct_lena_guano":93,"pct_basura_formal":100,"pct_basura_quema":0,"pct_basura_informal":0,"pct_internet":67,"pct_celular":80,"pct_televisor":47}},{"type":"Feature","geometry":{"type":"Polygon","coordinates":[[[-65.35066,-10.80826],[-65.35151,-10.80786],[-65.35129,-10.80741],[-65.35041,-10.80781],[-65.35066,-10.80826]]]},"properties":{"n":"GUAYARAMERIN","p":33,"personas_x_ha":56,"masculinidad":106,"pct_menor20":42,"pct_60mas":6,"pct_migrante":30,"dependencia_econ":200,"pct_empleados":55,"pct_cuentapropia":18,"pct_agricultura":18,"pct_comercio":36,"pct_manufactura":0,"pct_construccion":0,"pct_transporte":9,"pct_alojamiento":9,"pct_sin_educacion":0,"pct_educ_superior":42,"brecha_educ":-22,"pct_sin_seguro":9,"pct_sus":76,"pct_seguro_privado":0,"brecha_seguro":-7,"pct_salud_publica":32,"pct_med_tradicional":5,"pct_automedicacion":14,"pct_remedios_caseros":27,"pct_viv_desocupada":35,"pct_alquiler":45,"pct_electricidad":100,"pct_sin_electricidad":0,"pct_agua_red":82,"pct_alcantarillado":64,"pct_camara_septica":27,"pct_pozo_ciego":9,"pct_sin_desague":0,"pct_gas_red":0,"pct_gas_garrafa":100,"pct_lena_guano":100,"pct_basura_formal":100,"pct_basura_quema":0,"pct_basura_informal":0,"pct_internet":73,"pct_celular":82,"pct_televisor":73}},{"type":"Feature","geometry":{"type":"Polygon","coordinates":[[[-65.36346,-10.81147],[-65.36241,-10.80985],[-65.36157,-10.81027],[-65.36255,-10.81195],[-65.36346,-10.81147]]]},"properties":{"n":"GUAYARAMERIN","p":53,"personas_x_ha":23,"masculinidad":112,"pct_menor20":36,"pct_60mas":15,"pct_migrante":25,"dependencia_econ":225,"pct_empleados":25,"pct_cuentapropia":62,"pct_agricultura":12,"pct_comercio":38,"pct_manufactura":0,"pct_construccion":19,"pct_transporte":6,"pct_alojamiento":6,"pct_sin_educacion":3,"pct_educ_superior":15,"brecha_educ":0,"pct_sin_seguro":6,"pct_sus":90,"pct_seguro_privado":0,"brecha_seguro":-5,"pct_salud_publica":41,"pct_med_tradicional":9,"pct_automedicacion":14,"pct_remedios_caseros":27,"pct_viv_desocupada":0,"pct_alquiler":31,"pct_electricidad":100,"pct_sin_electricidad":0,"pct_agua_red":62,"pct_alcantarillado":46,"pct_camara_septica":23,"pct_pozo_ciego":31,"pct_sin_desague":0,"pct_gas_red":8,"pct_gas_garrafa":92,"pct_lena_guano":92,"pct_basura_formal":100,"pct_basura_quema":0,"pct_basura_informal":0,"pct_internet":85,"pct_celular":85,"pct_televisor":69}},{"type":"Feature","geometry":{"type":"Polygon","coordinates":[[[-65.36263,-10.81909],[-65.36123,-10.81763],[-65.36083,-10.81787],[-65.3618,-10.81962],[-65.36263,-10.81909]]]},"properties":{"n":"GUAYARAMERIN","p":78,"personas_x_ha":44,"masculinidad":117,"pct_menor20":41,"pct_60mas":8,"pct_migrante":33,"dependencia_econ":152,"pct_empleados":45,"pct_cuentapropia":23,"pct_agricultura":10,"pct_comercio":6,"pct_manufactura":10,"pct_construccion":10,"pct_transporte":10,"pct_alojamiento":6,"pct_sin_educacion":2,"pct_educ_superior":41,"brecha_educ":-4,"pct_sin_seguro":9,"pct_sus":62,"pct_seguro_privado":1,"brecha_seguro":2,"pct_salud_publica":41,"pct_med_tradicional":4,"pct_automedicacion":9,"pct_remedios_caseros":20,"pct_viv_desocupada":11,"pct_alquiler":19,"pct_electricidad":90,"pct_sin_electricidad":10,"pct_agua_red":62,"pct_alcantarillado":57,"pct_camara_septica":14,"pct_pozo_ciego":29,"pct_sin_desague":0,"pct_gas_red":5,"pct_gas_garrafa":86,"pct_lena_guano":86,"pct_basura_formal":95,"pct_basura_quema":5,"pct_basura_informal":0,"pct_internet":90,"pct_celular":95,"pct_televisor":81}},{"type":"Feature","geometry":{"type":"Polygon","coordinates":[[[-65.36345,-10.82378],[-65.36425,-10.8234],[-65.36383,-10.82255],[-65.36301,-10.82293],[-65.36345,-10.82378]]]},"properties":{"n":"GUAYARAMERIN","p":79,"personas_x_ha":75,"masculinidad":88,"pct_menor20":39,"pct_60mas":15,"pct_migrante":34,"dependencia_econ":181,"pct_empleados":41,"pct_cuentapropia":41,"pct_agricultura":7,"pct_comercio":44,"pct_manufactura":7,"pct_construccion":11,"pct_transporte":0,"pct_alojamiento":0,"pct_sin_educacion":0,"pct_educ_superior":39,"brecha_educ":10,"pct_sin_seguro":5,"pct_sus":65,"pct_seguro_privado":0,"brecha_seguro":-5,"pct_salud_publica":55,"pct_med_tradicional":0,"pct_automedicacion":4,"pct_remedios_caseros":9,"pct_viv_desocupada":9,"pct_alquiler":10,"pct_electricidad":100,"pct_sin_electricidad":0,"pct_agua_red":100,"pct_alcantarillado":40,"pct_camara_septica":40,"pct_pozo_ciego":20,"pct_sin_desague":0,"pct_gas_red":10,"pct_gas_garrafa":90,"pct_lena_guano":90,"pct_basura_formal":95,"pct_basura_quema":5,"pct_basura_informal":0,"pct_internet":50,"pct_celular":55,"pct_televisor":60}},{"type":"Feature","geometry":{"type":"Polygon","coordinates":[[[-65.35064,-10.82061],[-65.35019,-10.81979],[-65.34933,-10.82024],[-65.34978,-10.82106],[-65.35064,-10.82061]]]},"properties":{"n":"GUAYARAMERIN","p":54,"personas_x_ha":47,"masculinidad":135,"pct_menor20":33,"pct_60mas":11,"pct_migrante":24,"dependencia_econ":74,"pct_empleados":39,"pct_cuentapropia":39,"pct_agricultura":19,"pct_comercio":42,"pct_manufactura":3,"pct_construccion":0,"pct_transporte":0,"pct_alojamiento":3,"pct_sin_educacion":6,"pct_educ_superior":25,"brecha_educ":10,"pct_sin_seguro":19,"pct_sus":74,"pct_seguro_privado":2,"brecha_seguro":17,"pct_salud_publica":42,"pct_med_tradicional":4,"pct_automedicacion":10,"pct_remedios_caseros":25,"pct_viv_desocupada":0,"pct_alquiler":14,"pct_electricidad":100,"pct_sin_electricidad":0,"pct_agua_red":86,"pct_alcantarillado":57,"pct_camara_septica":29,"pct_pozo_ciego":14,"pct_sin_desague":0,"pct_gas_red":0,"pct_gas_garrafa":93,"pct_lena_guano":93,"pct_basura_formal":100,"pct_basura_quema":0,"pct_basura_informal":0,"pct_internet":100,"pct_celular":100,"pct_televisor":86}},{"type":"Feature","geometry":{"type":"Polygon","coordinates":[[[-65.35788,-10.81563],[-65.35704,-10.81606],[-65.35748,-10.81695],[-65.35833,-10.81652],[-65.35788,-10.81563]]]},"properties":{"n":"GUAYARAMERIN","p":90,"personas_x_ha":77,"masculinidad":96,"pct_menor20":34,"pct_60mas":17,"pct_migrante":32,"dependencia_econ":120,"pct_empleados":20,"pct_cuentapropia":56,"pct_agricultura":5,"pct_comercio":29,"pct_manufactura":12,"pct_construccion":7,"pct_transporte":10,"pct_alojamiento":2,"pct_sin_educacion":2,"pct_educ_superior":32,"brecha_educ":-1,"pct_sin_seguro":9,"pct_sus":82,"pct_seguro_privado":0,"brecha_seguro":5,"pct_salud_publica":38,"pct_med_tradicional":5,"pct_automedicacion":8,"pct_remedios_caseros":21,"pct_viv_desocupada":4,"pct_alquiler":14,"pct_electricidad":100,"pct_sin_electricidad":0,"pct_agua_red":64,"pct_alcantarillado":91,"pct_camara_septica":5,"pct_pozo_ciego":5,"pct_sin_desague":0,"pct_gas_red":5,"pct_gas_garrafa":95,"pct_lena_guano":95,"pct_basura_formal":100,"pct_basura_quema":0,"pct_basura_informal":0,"pct_internet":64,"pct_celular":91,"pct_televisor":86}},{"type":"Feature","geometry":{"type":"Polygon","coordinates":[[[-65.35849,-10.82382],[-65.35935,-10.82343],[-65.35914,-10.823],[-65.35828,-10.82341],[-65.35849,-10.82382]]]},"properties":{"n":"GUAYARAMERIN","p":18,"personas_x_ha":33,"masculinidad":64,"pct_menor20":44,"pct_60mas":22,"pct_migrante":33,"dependencia_econ":80,"pct_empleados":40,"pct_cuentapropia":30,"pct_agricultura":10,"pct_comercio":20,"pct_manufactura":10,"pct_construccion":0,"pct_transporte":0,"pct_alojamiento":20,"pct_sin_educacion":0,"pct_educ_superior":60,"brecha_educ":0,"pct_sin_seguro":24,"pct_sus":65,"pct_seguro_privado":0,"brecha_seguro":15,"pct_salud_publica":41,"pct_med_tradicional":7,"pct_automedicacion":5,"pct_remedios_caseros":32,"pct_viv_desocupada":0,"pct_alquiler":40,"pct_electricidad":100,"pct_sin_electricidad":0,"pct_agua_red":80,"pct_alcantarillado":80,"pct_camara_septica":20,"pct_pozo_ciego":0,"pct_sin_desague":0,"pct_gas_red":0,"pct_gas_garrafa":100,"pct_lena_guano":100,"pct_basura_formal":100,"pct_basura_quema":0,"pct_basura_informal":0,"pct_internet":100,"pct_celular":100,"pct_televisor":100}},{"type":"Feature","geometry":{"type":"Polygon","coordinates":[[[-65.3546,-10.81362],[-65.35518,-10.81329],[-65.3543,-10.81296],[-65.35427,-10.81304],[-65.3546,-10.81362]]]},"properties":{"n":"GUAYARAMERIN","p":36,"personas_x_ha":105,"masculinidad":89,"pct_menor20":33,"pct_60mas":17,"pct_migrante":17,"dependencia_econ":300,"pct_empleados":56,"pct_cuentapropia":33,"pct_agricultura":22,"pct_comercio":33,"pct_manufactura":0,"pct_construccion":0,"pct_transporte":0,"pct_alojamiento":0,"pct_sin_educacion":4,"pct_educ_superior":71,"brecha_educ":3,"pct_sin_seguro":8,"pct_sus":58,"pct_seguro_privado":6,"brecha_seguro":7,"pct_salud_publica":32,"pct_med_tradicional":3,"pct_automedicacion":7,"pct_remedios_caseros":25,"pct_viv_desocupada":0,"pct_alquiler":56,"pct_electricidad":100,"pct_sin_electricidad":0,"pct_agua_red":100,"pct_alcantarillado":100,"pct_camara_septica":0,"pct_pozo_ciego":0,"pct_sin_desague":0,"pct_gas_red":0,"pct_gas_garrafa":100,"pct_lena_guano":100,"pct_basura_formal":100,"pct_basura_quema":0,"pct_basura_informal":0,"pct_internet":78,"pct_celular":78,"pct_televisor":78}},{"type":"Feature","geometry":{"type":"Polygon","coordinates":[[[-65.3564,-10.81394],[-65.3564,-10.81387],[-65.35606,-10.81363],[-65.35541,-10.81336],[-65.35462,-10.81375],[-65.35505,-10.81459],[-65.3564,-10.81394]]]},"properties":{"n":"GUAYARAMERIN","p":87,"personas_x_ha":59,"masculinidad":64,"pct_menor20":34,"pct_60mas":15,"pct_migrante":31,"dependencia_econ":95,"pct_empleados":32,"pct_cuentapropia":44,"pct_agricultura":20,"pct_comercio":12,"pct_manufactura":12,"pct_construccion":2,"pct_transporte":7,"pct_alojamiento":17,"pct_sin_educacion":0,"pct_educ_superior":35,"brecha_educ":6,"pct_sin_seguro":41,"pct_sus":50,"pct_seguro_privado":0,"brecha_seguro":-9,"pct_salud_publica":26,"pct_med_tradicional":8,"pct_automedicacion":16,"pct_remedios_caseros":18,"pct_viv_desocupada":12,"pct_alquiler":39,"pct_electricidad":100,"pct_sin_electricidad":0,"pct_agua_red":93,"pct_alcantarillado":79,"pct_camara_septica":14,"pct_pozo_ciego":4,"pct_sin_desague":4,"pct_gas_red":0,"pct_gas_garrafa":93,"pct_lena_guano":96,"pct_basura_formal":96,"pct_basura_quema":0,"pct_basura_informal":0,"pct_internet":86,"pct_celular":93,"pct_televisor":64}},{"type":"Feature","geometry":{"type":"Polygon","coordinates":[[[-65.34335,-10.83395],[-65.34159,-10.83342],[-65.34176,-10.83289],[-65.34355,-10.83342],[-65.34335,-10.83395]]]},"properties":{"n":"GUAYARAMERIN","p":108,"personas_x_ha":87,"masculinidad":93,"pct_menor20":46,"pct_60mas":7,"pct_migrante":27,"dependencia_econ":165,"pct_empleados":50,"pct_cuentapropia":32,"pct_agricultura":12,"pct_comercio":22,"pct_manufactura":8,"pct_construccion":10,"pct_transporte":2,"pct_alojamiento":2,"pct_sin_educacion":5,"pct_educ_superior":39,"brecha_educ":-6,"pct_sin_seguro":4,"pct_sus":62,"pct_seguro_privado":3,"brecha_seguro":-3,"pct_salud_publica":44,"pct_med_tradicional":2,"pct_automedicacion":14,"pct_remedios_caseros":13,"pct_viv_desocupada":3,"pct_alquiler":16,"pct_electricidad":100,"pct_sin_electricidad":0,"pct_agua_red":97,"pct_alcantarillado":3,"pct_camara_septica":87,"pct_pozo_ciego":10,"pct_sin_desague":0,"pct_gas_red":16,"pct_gas_garrafa":74,"pct_lena_guano":74,"pct_basura_formal":97,"pct_basura_quema":3,"pct_basura_informal":0,"pct_internet":84,"pct_celular":94,"pct_televisor":77}},{"type":"Feature","geometry":{"type":"Polygon","coordinates":[[[-65.35441,-10.83626],[-65.35404,-10.83548],[-65.35317,-10.83589],[-65.35354,-10.83667],[-65.35441,-10.83626]]]},"properties":{"n":"GUAYARAMERIN","p":61,"personas_x_ha":59,"masculinidad":85,"pct_menor20":33,"pct_60mas":11,"pct_migrante":26,"dependencia_econ":180,"pct_empleados":25,"pct_cuentapropia":45,"pct_agricultura":0,"pct_comercio":0,"pct_manufactura":5,"pct_construccion":20,"pct_transporte":15,"pct_alojamiento":0,"pct_sin_educacion":8,"pct_educ_superior":16,"brecha_educ":-7,"pct_sin_seguro":9,"pct_sus":79,"pct_seguro_privado":0,"brecha_seguro":4,"pct_salud_publica":57,"pct_med_tradicional":0,"pct_automedicacion":12,"pct_remedios_caseros":11,"pct_viv_desocupada":6,"pct_alquiler":18,"pct_electricidad":94,"pct_sin_electricidad":6,"pct_agua_red":82,"pct_alcantarillado":29,"pct_camara_septica":47,"pct_pozo_ciego":12,"pct_sin_desague":12,"pct_gas_red":6,"pct_gas_garrafa":88,"pct_lena_guano":88,"pct_basura_formal":82,"pct_basura_quema":18,"pct_basura_informal":0,"pct_internet":41,"pct_celular":41,"pct_televisor":59}},{"type":"Feature","geometry":{"type":"Polygon","coordinates":[[[-65.35451,-10.81378],[-65.35365,-10.8142],[-65.35408,-10.81505],[-65.35492,-10.81464],[-65.35451,-10.81378]]]},"properties":{"n":"GUAYARAMERIN","p":66,"personas_x_ha":59,"masculinidad":94,"pct_menor20":27,"pct_60mas":26,"pct_migrante":39,"dependencia_econ":83,"pct_empleados":44,"pct_cuentapropia":36,"pct_agricultura":19,"pct_comercio":22,"pct_manufactura":3,"pct_construccion":3,"pct_transporte":6,"pct_alojamiento":3,"pct_sin_educacion":2,"pct_educ_superior":51,"brecha_educ":-7,"pct_sin_seguro":21,"pct_sus":27,"pct_seguro_privado":5,"brecha_seguro":-5,"pct_salud_publica":33,"pct_med_tradicional":0,"pct_automedicacion":5,"pct_remedios_caseros":10,"pct_viv_desocupada":12,"pct_alquiler":11,"pct_electricidad":100,"pct_sin_electricidad":0,"pct_agua_red":83,"pct_alcantarillado":89,"pct_camara_septica":11,"pct_pozo_ciego":0,"pct_sin_desague":0,"pct_gas_red":17,"pct_gas_garrafa":83,"pct_lena_guano":83,"pct_basura_formal":100,"pct_basura_quema":0,"pct_basura_informal":0,"pct_internet":83,"pct_celular":94,"pct_televisor":89}},{"type":"Feature","geometry":{"type":"Polygon","coordinates":[[[-65.36107,-10.83662],[-65.3619,-10.83621],[-65.36149,-10.83541],[-65.36066,-10.8358],[-65.36107,-10.83662]]]},"properties":{"n":"GUAYARAMERIN","p":81,"personas_x_ha":76,"masculinidad":98,"pct_menor20":53,"pct_60mas":6,"pct_migrante":33,"dependencia_econ":131,"pct_empleados":40,"pct_cuentapropia":29,"pct_agricultura":20,"pct_comercio":23,"pct_manufactura":17,"pct_construccion":6,"pct_transporte":9,"pct_alojamiento":6,"pct_sin_educacion":0,"pct_educ_superior":29,"brecha_educ":-13,"pct_sin_seguro":21,"pct_sus":78,"pct_seguro_privado":0,"brecha_seguro":3,"pct_salud_publica":26,"pct_med_tradicional":12,"pct_automedicacion":23,"pct_remedios_caseros":29,"pct_viv_desocupada":5,"pct_alquiler":17,"pct_electricidad":100,"pct_sin_electricidad":0,"pct_agua_red":94,"pct_alcantarillado":6,"pct_camara_septica":50,"pct_pozo_ciego":28,"pct_sin_desague":6,"pct_gas_red":17,"pct_gas_garrafa":67,"pct_lena_guano":67,"pct_basura_formal":89,"pct_basura_quema":11,"pct_basura_informal":0,"pct_internet":78,"pct_celular":78,"pct_televisor":67}},{"type":"Feature","geometry":{"type":"Polygon","coordinates":[[[-65.36047,-10.83823],[-65.35955,-10.83864],[-65.35999,-10.83954],[-65.36089,-10.83909],[-65.36047,-10.83823]]]},"properties":{"n":"GUAYARAMERIN","p":53,"personas_x_ha":44,"masculinidad":51,"pct_menor20":43,"pct_60mas":11,"pct_migrante":30,"dependencia_econ":467,"pct_empleados":33,"pct_cuentapropia":56,"pct_agricultura":11,"pct_comercio":11,"pct_manufactura":11,"pct_construccion":0,"pct_transporte":33,"pct_alojamiento":11,"pct_sin_educacion":0,"pct_educ_superior":14,"brecha_educ":-2,"pct_sin_seguro":10,"pct_sus":90,"pct_seguro_privado":0,"brecha_seguro":3,"pct_salud_publica":50,"pct_med_tradicional":3,"pct_automedicacion":15,"pct_remedios_caseros":17,"pct_viv_desocupada":0,"pct_alquiler":18,"pct_electricidad":100,"pct_sin_electricidad":0,"pct_agua_red":100,"pct_alcantarillado":29,"pct_camara_septica":24,"pct_pozo_ciego":41,"pct_sin_desague":6,"pct_gas_red":0,"pct_gas_garrafa":100,"pct_lena_guano":100,"pct_basura_formal":94,"pct_basura_quema":6,"pct_basura_informal":0,"pct_internet":47,"pct_celular":71,"pct_televisor":59}},{"type":"Feature","geometry":{"type":"Polygon","coordinates":[[[-65.34512,-10.83232],[-65.34601,-10.83258],[-65.3462,-10.83204],[-65.34527,-10.83177],[-65.34512,-10.83232]]]},"properties":{"n":"GUAYARAMERIN","p":23,"personas_x_ha":34,"masculinidad":77,"pct_menor20":35,"pct_60mas":13,"pct_migrante":48,"dependencia_econ":69,"pct_empleados":31,"pct_cuentapropia":62,"pct_agricultura":8,"pct_comercio":54,"pct_manufactura":8,"pct_construccion":0,"pct_transporte":0,"pct_alojamiento":8,"pct_sin_educacion":0,"pct_educ_superior":36,"brecha_educ":-8,"pct_sin_seguro":19,"pct_sus":81,"pct_seguro_privado":0,"brecha_seguro":-14,"pct_salud_publica":48,"pct_med_tradicional":12,"pct_automedicacion":10,"pct_remedios_caseros":10,"pct_viv_desocupada":0,"pct_alquiler":10,"pct_electricidad":100,"pct_sin_electricidad":0,"pct_agua_red":50,"pct_alcantarillado":0,"pct_camara_septica":60,"pct_pozo_ciego":40,"pct_sin_desague":0,"pct_gas_red":30,"pct_gas_garrafa":60,"pct_lena_guano":60,"pct_basura_formal":100,"pct_basura_quema":0,"pct_basura_informal":0,"pct_internet":60,"pct_celular":70,"pct_televisor":60}},{"type":"Feature","geometry":{"type":"Polygon","coordinates":[[[-65.35005,-10.81464],[-65.34965,-10.81384],[-65.34954,-10.81385],[-65.34947,-10.81392],[-65.34954,-10.81425],[-65.34934,-10.81501],[-65.3496,-10.81502],[-65.34965,-10.81488],[-65.35005,-10.81464]]]},"properties":{"n":"GUAYARAMERIN","p":61,"personas_x_ha":116,"masculinidad":110,"pct_menor20":30,"pct_60mas":16,"pct_migrante":59,"dependencia_econ":161,"pct_empleados":52,"pct_cuentapropia":35,"pct_agricultura":13,"pct_comercio":9,"pct_manufactura":0,"pct_construccion":4,"pct_transporte":13,"pct_alojamiento":9,"pct_sin_educacion":5,"pct_educ_superior":39,"brecha_educ":-18,"pct_sin_seguro":27,"pct_sus":45,"pct_seguro_privado":7,"brecha_seguro":12,"pct_salud_publica":41,"pct_med_tradicional":2,"pct_automedicacion":6,"pct_remedios_caseros":10,"pct_viv_desocupada":25,"pct_alquiler":67,"pct_electricidad":100,"pct_sin_electricidad":0,"pct_agua_red":100,"pct_alcantarillado":83,"pct_camara_septica":8,"pct_pozo_ciego":0,"pct_sin_desague":0,"pct_gas_red":0,"pct_gas_garrafa":92,"pct_lena_guano":92,"pct_basura_formal":100,"pct_basura_quema":0,"pct_basura_informal":0,"pct_internet":92,"pct_celular":92,"pct_televisor":75}},{"type":"Feature","geometry":{"type":"Polygon","coordinates":[[[-65.35607,-10.81657],[-65.35649,-10.81745],[-65.35736,-10.81702],[-65.35694,-10.81613],[-65.35607,-10.81657]]]},"properties":{"n":"GUAYARAMERIN","p":74,"personas_x_ha":62,"masculinidad":64,"pct_menor20":20,"pct_60mas":18,"pct_migrante":43,"dependencia_econ":152,"pct_empleados":24,"pct_cuentapropia":55,"pct_agricultura":21,"pct_comercio":21,"pct_manufactura":0,"pct_construccion":0,"pct_transporte":7,"pct_alojamiento":3,"pct_sin_educacion":0,"pct_educ_superior":48,"brecha_educ":4,"pct_sin_seguro":14,"pct_sus":79,"pct_seguro_privado":3,"brecha_seguro":1,"pct_salud_publica":44,"pct_med_tradicional":4,"pct_automedicacion":5,"pct_remedios_caseros":17,"pct_viv_desocupada":0,"pct_alquiler":33,"pct_electricidad":100,"pct_sin_electricidad":0,"pct_agua_red":93,"pct_alcantarillado":78,"pct_camara_septica":11,"pct_pozo_ciego":11,"pct_sin_desague":0,"pct_gas_red":30,"pct_gas_garrafa":70,"pct_lena_guano":70,"pct_basura_formal":100,"pct_basura_quema":0,"pct_basura_informal":0,"pct_internet":70,"pct_celular":74,"pct_televisor":74}},{"type":"Feature","geometry":{"type":"Polygon","coordinates":[[[-65.36527,-10.8277],[-65.36442,-10.82809],[-65.36487,-10.82888],[-65.36566,-10.82851],[-65.36527,-10.8277]]]},"properties":{"n":"GUAYARAMERIN","p":65,"personas_x_ha":64,"masculinidad":91,"pct_menor20":43,"pct_60mas":12,"pct_migrante":26,"dependencia_econ":121,"pct_empleados":28,"pct_cuentapropia":24,"pct_agricultura":10,"pct_comercio":17,"pct_manufactura":0,"pct_construccion":21,"pct_transporte":3,"pct_alojamiento":7,"pct_sin_educacion":3,"pct_educ_superior":26,"brecha_educ":-9,"pct_sin_seguro":15,"pct_sus":85,"pct_seguro_privado":0,"brecha_seguro":12,"pct_salud_publica":47,"pct_med_tradicional":0,"pct_automedicacion":19,"pct_remedios_caseros":20,"pct_viv_desocupada":18,"pct_alquiler":14,"pct_electricidad":100,"pct_sin_electricidad":0,"pct_agua_red":71,"pct_alcantarillado":43,"pct_camara_septica":14,"pct_pozo_ciego":29,"pct_sin_desague":7,"pct_gas_red":0,"pct_gas_garrafa":93,"pct_lena_guano":93,"pct_basura_formal":100,"pct_basura_quema":0,"pct_basura_informal":0,"pct_internet":79,"pct_celular":79,"pct_televisor":71}},{"type":"Feature","geometry":{"type":"Polygon","coordinates":[[[-65.35412,-10.81028],[-65.35501,-10.80985],[-65.35454,-10.80895],[-65.35366,-10.80938],[-65.35412,-10.81028]]]},"properties":{"n":"GUAYARAMERIN","p":95,"personas_x_ha":79,"masculinidad":94,"pct_menor20":41,"pct_60mas":13,"pct_migrante":15,"dependencia_econ":206,"pct_empleados":32,"pct_cuentapropia":35,"pct_agricultura":6,"pct_comercio":29,"pct_manufactura":10,"pct_construccion":6,"pct_transporte":6,"pct_alojamiento":3,"pct_sin_educacion":0,"pct_educ_superior":42,"brecha_educ":-3,"pct_sin_seguro":2,"pct_sus":71,"pct_seguro_privado":0,"brecha_seguro":0,"pct_salud_publica":57,"pct_med_tradicional":2,"pct_automedicacion":8,"pct_remedios_caseros":7,"pct_viv_desocupada":0,"pct_alquiler":26,"pct_electricidad":100,"pct_sin_electricidad":0,"pct_agua_red":100,"pct_alcantarillado":84,"pct_camara_septica":16,"pct_pozo_ciego":0,"pct_sin_desague":0,"pct_gas_red":11,"pct_gas_garrafa":89,"pct_lena_guano":89,"pct_basura_formal":100,"pct_basura_quema":0,"pct_basura_informal":0,"pct_internet":79,"pct_celular":84,"pct_televisor":74}},{"type":"Feature","geometry":{"type":"Polygon","coordinates":[[[-65.35024,-10.81468],[-65.35108,-10.81428],[-65.35154,-10.81511],[-65.35067,-10.81557],[-65.35024,-10.81468]]]},"properties":{"n":"GUAYARAMERIN","p":73,"personas_x_ha":61,"masculinidad":103,"pct_menor20":29,"pct_60mas":18,"pct_migrante":45,"dependencia_econ":140,"pct_empleados":47,"pct_cuentapropia":50,"pct_agricultura":0,"pct_comercio":33,"pct_manufactura":3,"pct_construccion":0,"pct_transporte":13,"pct_alojamiento":13,"pct_sin_educacion":4,"pct_educ_superior":31,"brecha_educ":-8,"pct_sin_seguro":6,"pct_sus":78,"pct_seguro_privado":0,"brecha_seguro":5,"pct_salud_publica":30,"pct_med_tradicional":5,"pct_automedicacion":19,"pct_remedios_caseros":22,"pct_viv_desocupada":4,"pct_alquiler":42,"pct_electricidad":100,"pct_sin_electricidad":0,"pct_agua_red":100,"pct_alcantarillado":92,"pct_camara_septica":4,"pct_pozo_ciego":4,"pct_sin_desague":0,"pct_gas_red":4,"pct_gas_garrafa":92,"pct_lena_guano":92,"pct_basura_formal":100,"pct_basura_quema":0,"pct_basura_informal":0,"pct_internet":83,"pct_celular":83,"pct_televisor":71}},{"type":"Feature","geometry":{"type":"Polygon","coordinates":[[[-65.35588,-10.81651],[-65.35546,-10.81572],[-65.35462,-10.81617],[-65.35502,-10.81697],[-65.35588,-10.81651]]]},"properties":{"n":"GUAYARAMERIN","p":52,"personas_x_ha":48,"masculinidad":117,"pct_menor20":25,"pct_60mas":27,"pct_migrante":52,"dependencia_econ":73,"pct_empleados":27,"pct_cuentapropia":67,"pct_agricultura":3,"pct_comercio":40,"pct_manufactura":7,"pct_construccion":0,"pct_transporte":7,"pct_alojamiento":10,"pct_sin_educacion":0,"pct_educ_superior":26,"brecha_educ":-16,"pct_sin_seguro":4,"pct_sus":79,"pct_seguro_privado":0,"brecha_seguro":-1,"pct_salud_publica":46,"pct_med_tradicional":1,"pct_automedicacion":16,"pct_remedios_caseros":20,"pct_viv_desocupada":7,"pct_alquiler":22,"pct_electricidad":100,"pct_sin_electricidad":0,"pct_agua_red":61,"pct_alcantarillado":91,"pct_camara_septica":9,"pct_pozo_ciego":0,"pct_sin_desague":0,"pct_gas_red":26,"pct_gas_garrafa":70,"pct_lena_guano":70,"pct_basura_formal":100,"pct_basura_quema":0,"pct_basura_informal":0,"pct_internet":61,"pct_celular":87,"pct_televisor":78}},{"type":"Feature","geometry":{"type":"Polygon","coordinates":[[[-65.35672,-10.83067],[-65.35584,-10.83111],[-65.3563,-10.832],[-65.35716,-10.83154],[-65.35672,-10.83067]]]},"properties":{"n":"GUAYARAMERIN","p":82,"personas_x_ha":69,"masculinidad":122,"pct_menor20":34,"pct_60mas":17,"pct_migrante":44,"dependencia_econ":165,"pct_empleados":26,"pct_cuentapropia":35,"pct_agricultura":10,"pct_comercio":29,"pct_manufactura":3,"pct_construccion":6,"pct_transporte":16,"pct_alojamiento":13,"pct_sin_educacion":0,"pct_educ_superior":22,"brecha_educ":4,"pct_sin_seguro":15,"pct_sus":68,"pct_seguro_privado":0,"brecha_seguro":2,"pct_salud_publica":42,"pct_med_tradicional":0,"pct_automedicacion":18,"pct_remedios_caseros":21,"pct_viv_desocupada":0,"pct_alquiler":30,"pct_electricidad":100,"pct_sin_electricidad":0,"pct_agua_red":75,"pct_alcantarillado":45,"pct_camara_septica":20,"pct_pozo_ciego":20,"pct_sin_desague":0,"pct_gas_red":15,"pct_gas_garrafa":80,"pct_lena_guano":80,"pct_basura_formal":100,"pct_basura_quema":0,"pct_basura_informal":0,"pct_internet":75,"pct_celular":85,"pct_televisor":80}},{"type":"Feature","geometry":{"type":"Polygon","coordinates":[[[-65.36378,-10.8271],[-65.36336,-10.82628],[-65.36237,-10.82672],[-65.36282,-10.82758],[-65.36378,-10.8271]]]},"properties":{"n":"GUAYARAMERIN","p":65,"personas_x_ha":52,"masculinidad":97,"pct_menor20":52,"pct_60mas":2,"pct_migrante":12,"dependencia_econ":333,"pct_empleados":40,"pct_cuentapropia":13,"pct_agricultura":7,"pct_comercio":13,"pct_manufactura":0,"pct_construccion":13,"pct_transporte":7,"pct_alojamiento":0,"pct_sin_educacion":0,"pct_educ_superior":48,"brecha_educ":17,"pct_sin_seguro":5,"pct_sus":86,"pct_seguro_privado":0,"brecha_seguro":3,"pct_salud_publica":56,"pct_med_tradicional":1,"pct_automedicacion":8,"pct_remedios_caseros":18,"pct_viv_desocupada":7,"pct_alquiler":15,"pct_electricidad":100,"pct_sin_electricidad":0,"pct_agua_red":92,"pct_alcantarillado":69,"pct_camara_septica":31,"pct_pozo_ciego":0,"pct_sin_desague":0,"pct_gas_red":0,"pct_gas_garrafa":100,"pct_lena_guano":100,"pct_basura_formal":100,"pct_basura_quema":0,"pct_basura_informal":0,"pct_internet":77,"pct_celular":85,"pct_televisor":77}},{"type":"Feature","geometry":{"type":"Polygon","coordinates":[[[-65.35676,-10.82821],[-65.35633,-10.82734],[-65.35543,-10.82777],[-65.35586,-10.82866],[-65.35676,-10.82821]]]},"properties":{"n":"GUAYARAMERIN","p":42,"personas_x_ha":35,"masculinidad":91,"pct_menor20":19,"pct_60mas":12,"pct_migrante":45,"dependencia_econ":54,"pct_empleados":46,"pct_cuentapropia":38,"pct_agricultura":19,"pct_comercio":15,"pct_manufactura":8,"pct_construccion":15,"pct_transporte":8,"pct_alojamiento":0,"pct_sin_educacion":6,"pct_educ_superior":23,"brecha_educ":-7,"pct_sin_seguro":8,"pct_sus":78,"pct_seguro_privado":2,"brecha_seguro":-5,"pct_salud_publica":50,"pct_med_tradicional":0,"pct_automedicacion":18,"pct_remedios_caseros":19,"pct_viv_desocupada":6,"pct_alquiler":24,"pct_electricidad":100,"pct_sin_electricidad":0,"pct_agua_red":94,"pct_alcantarillado":82,"pct_camara_septica":12,"pct_pozo_ciego":0,"pct_sin_desague":6,"pct_gas_red":0,"pct_gas_garrafa":94,"pct_lena_guano":94,"pct_basura_formal":100,"pct_basura_quema":0,"pct_basura_informal":0,"pct_internet":47,"pct_celular":71,"pct_televisor":53}},{"type":"Feature","geometry":{"type":"Polygon","coordinates":[[[-65.3492,-10.83348],[-65.34935,-10.83293],[-65.34839,-10.83264],[-65.34823,-10.8332],[-65.3492,-10.83348]]]},"properties":{"n":"GUAYARAMERIN","p":85,"personas_x_ha":121,"masculinidad":118,"pct_menor20":49,"pct_60mas":12,"pct_migrante":24,"dependencia_econ":204,"pct_empleados":43,"pct_cuentapropia":43,"pct_agricultura":0,"pct_comercio":11,"pct_manufactura":4,"pct_construccion":14,"pct_transporte":21,"pct_alojamiento":11,"pct_sin_educacion":5,"pct_educ_superior":28,"brecha_educ":-3,"pct_sin_seguro":4,"pct_sus":85,"pct_seguro_privado":0,"brecha_seguro":-3,"pct_salud_publica":52,"pct_med_tradicional":7,"pct_automedicacion":6,"pct_remedios_caseros":30,"pct_viv_desocupada":0,"pct_alquiler":14,"pct_electricidad":93,"pct_sin_electricidad":7,"pct_agua_red":57,"pct_alcantarillado":21,"pct_camara_septica":43,"pct_pozo_ciego":21,"pct_sin_desague":0,"pct_gas_red":0,"pct_gas_garrafa":86,"pct_lena_guano":86,"pct_basura_formal":100,"pct_basura_quema":0,"pct_basura_informal":0,"pct_internet":64,"pct_celular":71,"pct_televisor":71}},{"type":"Feature","geometry":{"type":"Polygon","coordinates":[[[-65.36152,-10.8121],[-65.36133,-10.81221],[-65.3615,-10.81254],[-65.36234,-10.81208],[-65.36236,-10.81189],[-65.36143,-10.81034],[-65.36094,-10.8106],[-65.36111,-10.81124],[-65.36152,-10.8121]]]},"properties":{"n":"GUAYARAMERIN","p":28,"personas_x_ha":15,"masculinidad":133,"pct_menor20":43,"pct_60mas":4,"pct_migrante":21,"dependencia_econ":75,"pct_empleados":25,"pct_cuentapropia":44,"pct_agricultura":0,"pct_comercio":12,"pct_manufactura":12,"pct_construccion":25,"pct_transporte":12,"pct_alojamiento":19,"pct_sin_educacion":0,"pct_educ_superior":12,"brecha_educ":13,"pct_sin_seguro":0,"pct_sus":100,"pct_seguro_privado":0,"brecha_seguro":0,"pct_salud_publica":40,"pct_med_tradicional":3,"pct_automedicacion":7,"pct_remedios_caseros":31,"pct_viv_desocupada":21,"pct_alquiler":11,"pct_electricidad":100,"pct_sin_electricidad":0,"pct_agua_red":67,"pct_alcantarillado":22,"pct_camara_septica":56,"pct_pozo_ciego":11,"pct_sin_desague":11,"pct_gas_red":0,"pct_gas_garrafa":100,"pct_lena_guano":100,"pct_basura_formal":67,"pct_basura_quema":33,"pct_basura_informal":0,"pct_internet":89,"pct_celular":89,"pct_televisor":78}},{"type":"Feature","geometry":{"type":"Polygon","coordinates":[[[-65.35963,-10.82621],[-65.36052,-10.82579],[-65.36032,-10.82538],[-65.35946,-10.82581],[-65.35963,-10.82621]]]},"properties":{"n":"GUAYARAMERIN","p":29,"personas_x_ha":55,"masculinidad":71,"pct_menor20":34,"pct_60mas":10,"pct_migrante":28,"dependencia_econ":93,"pct_empleados":40,"pct_cuentapropia":40,"pct_agricultura":0,"pct_comercio":33,"pct_manufactura":0,"pct_construccion":7,"pct_transporte":0,"pct_alojamiento":0,"pct_sin_educacion":0,"pct_educ_superior":68,"brecha_educ":-18,"pct_sin_seguro":10,"pct_sus":55,"pct_seguro_privado":0,"brecha_seguro":-3,"pct_salud_publica":35,"pct_med_tradicional":8,"pct_automedicacion":5,"pct_remedios_caseros":28,"pct_viv_desocupada":0,"pct_alquiler":0,"pct_electricidad":100,"pct_sin_electricidad":0,"pct_agua_red":83,"pct_alcantarillado":50,"pct_camara_septica":33,"pct_pozo_ciego":17,"pct_sin_desague":0,"pct_gas_red":0,"pct_gas_garrafa":100,"pct_lena_guano":100,"pct_basura_formal":83,"pct_basura_quema":17,"pct_basura_informal":0,"pct_internet":100,"pct_celular":100,"pct_televisor":67}},{"type":"Feature","geometry":{"type":"Polygon","coordinates":[[[-65.34633,-10.82932],[-65.34694,-10.82738],[-65.34644,-10.82722],[-65.34583,-10.82914],[-65.34633,-10.82932]]]},"properties":{"n":"GUAYARAMERIN","p":115,"personas_x_ha":85,"masculinidad":85,"pct_menor20":37,"pct_60mas":12,"pct_migrante":28,"dependencia_econ":92,"pct_empleados":23,"pct_cuentapropia":53,"pct_agricultura":12,"pct_comercio":17,"pct_manufactura":13,"pct_construccion":5,"pct_transporte":12,"pct_alojamiento":12,"pct_sin_educacion":1,"pct_educ_superior":36,"brecha_educ":-5,"pct_sin_seguro":4,"pct_sus":87,"pct_seguro_privado":1,"brecha_seguro":-8,"pct_salud_publica":32,"pct_med_tradicional":10,"pct_automedicacion":14,"pct_remedios_caseros":25,"pct_viv_desocupada":9,"pct_alquiler":10,"pct_electricidad":94,"pct_sin_electricidad":6,"pct_agua_red":84,"pct_alcantarillado":10,"pct_camara_septica":58,"pct_pozo_ciego":13,"pct_sin_desague":3,"pct_gas_red":10,"pct_gas_garrafa":84,"pct_lena_guano":84,"pct_basura_formal":97,"pct_basura_quema":3,"pct_basura_informal":0,"pct_internet":84,"pct_celular":87,"pct_televisor":74}},{"type":"Feature","geometry":{"type":"Polygon","coordinates":[[[-65.35162,-10.82261],[-65.35081,-10.82304],[-65.35124,-10.8239],[-65.35208,-10.82348],[-65.35162,-10.82261]]]},"properties":{"n":"GUAYARAMERIN","p":31,"personas_x_ha":27,"masculinidad":82,"pct_menor20":23,"pct_60mas":10,"pct_migrante":45,"dependencia_econ":41,"pct_empleados":23,"pct_cuentapropia":45,"pct_agricultura":18,"pct_comercio":32,"pct_manufactura":5,"pct_construccion":0,"pct_transporte":5,"pct_alojamiento":14,"pct_sin_educacion":0,"pct_educ_superior":36,"brecha_educ":-31,"pct_sin_seguro":20,"pct_sus":77,"pct_seguro_privado":0,"brecha_seguro":-11,"pct_salud_publica":37,"pct_med_tradicional":8,"pct_automedicacion":6,"pct_remedios_caseros":18,"pct_viv_desocupada":13,"pct_alquiler":22,"pct_electricidad":100,"pct_sin_electricidad":0,"pct_agua_red":100,"pct_alcantarillado":67,"pct_camara_septica":22,"pct_pozo_ciego":11,"pct_sin_desague":0,"pct_gas_red":11,"pct_gas_garrafa":89,"pct_lena_guano":89,"pct_basura_formal":100,"pct_basura_quema":0,"pct_basura_informal":0,"pct_internet":89,"pct_celular":100,"pct_televisor":89}},{"type":"Feature","geometry":{"type":"Polygon","coordinates":[[[-65.34845,-10.83197],[-65.34752,-10.8317],[-65.34735,-10.83227],[-65.34829,-10.83254],[-65.34845,-10.83197]]]},"properties":{"n":"GUAYARAMERIN","p":39,"personas_x_ha":56,"masculinidad":144,"pct_menor20":33,"pct_60mas":15,"pct_migrante":49,"dependencia_econ":95,"pct_empleados":20,"pct_cuentapropia":55,"pct_agricultura":5,"pct_comercio":35,"pct_manufactura":15,"pct_construccion":0,"pct_transporte":0,"pct_alojamiento":15,"pct_sin_educacion":0,"pct_educ_superior":31,"brecha_educ":-12,"pct_sin_seguro":15,"pct_sus":82,"pct_seguro_privado":0,"brecha_seguro":-6,"pct_salud_publica":26,"pct_med_tradicional":12,"pct_automedicacion":24,"pct_remedios_caseros":23,"pct_viv_desocupada":0,"pct_alquiler":10,"pct_electricidad":100,"pct_sin_electricidad":0,"pct_agua_red":50,"pct_alcantarillado":0,"pct_camara_septica":80,"pct_pozo_ciego":20,"pct_sin_desague":0,"pct_gas_red":30,"pct_gas_garrafa":70,"pct_lena_guano":70,"pct_basura_formal":100,"pct_basura_quema":0,"pct_basura_informal":0,"pct_internet":100,"pct_celular":100,"pct_televisor":70}},{"type":"Feature","geometry":{"type":"Polygon","coordinates":[[[-65.34256,-10.82614],[-65.34302,-10.82627],[-65.34329,-10.82535],[-65.34284,-10.82524],[-65.34256,-10.82614]]]},"properties":{"n":"GUAYARAMERIN","p":35,"personas_x_ha":62,"masculinidad":169,"pct_menor20":43,"pct_60mas":6,"pct_migrante":17,"dependencia_econ":100,"pct_empleados":22,"pct_cuentapropia":56,"pct_agricultura":0,"pct_comercio":44,"pct_manufactura":0,"pct_construccion":0,"pct_transporte":33,"pct_alojamiento":0,"pct_sin_educacion":0,"pct_educ_superior":33,"brecha_educ":17,"pct_sin_seguro":11,"pct_sus":61,"pct_seguro_privado":6,"brecha_seguro":-8,"pct_salud_publica":51,"pct_med_tradicional":0,"pct_automedicacion":2,"pct_remedios_caseros":14,"pct_viv_desocupada":17,"pct_alquiler":0,"pct_electricidad":100,"pct_sin_electricidad":0,"pct_agua_red":80,"pct_alcantarillado":30,"pct_camara_septica":60,"pct_pozo_ciego":10,"pct_sin_desague":0,"pct_gas_red":0,"pct_gas_garrafa":90,"pct_lena_guano":90,"pct_basura_formal":100,"pct_basura_quema":0,"pct_basura_informal":0,"pct_internet":60,"pct_celular":70,"pct_televisor":50}},{"type":"Feature","geometry":{"type":"Polygon","coordinates":[[[-65.36792,-10.83559],[-65.36794,-10.8355],[-65.36754,-10.83462],[-65.36664,-10.8351],[-65.36704,-10.83601],[-65.36792,-10.83559]]]},"properties":{"n":"GUAYARAMERIN","p":28,"personas_x_ha":22,"masculinidad":87,"pct_menor20":32,"pct_60mas":4,"pct_migrante":50,"dependencia_econ":133,"pct_empleados":67,"pct_cuentapropia":33,"pct_agricultura":17,"pct_comercio":17,"pct_manufactura":0,"pct_construccion":17,"pct_transporte":17,"pct_alojamiento":8,"pct_sin_educacion":0,"pct_educ_superior":21,"brecha_educ":-1,"pct_sin_seguro":0,"pct_sus":79,"pct_seguro_privado":0,"brecha_seguro":0,"pct_salud_publica":35,"pct_med_tradicional":16,"pct_automedicacion":13,"pct_remedios_caseros":22,"pct_viv_desocupada":0,"pct_alquiler":25,"pct_electricidad":100,"pct_sin_electricidad":0,"pct_agua_red":25,"pct_alcantarillado":38,"pct_camara_septica":50,"pct_pozo_ciego":12,"pct_sin_desague":0,"pct_gas_red":0,"pct_gas_garrafa":100,"pct_lena_guano":100,"pct_basura_formal":38,"pct_basura_quema":50,"pct_basura_informal":25,"pct_internet":50,"pct_celular":50,"pct_televisor":50}},{"type":"Feature","geometry":{"type":"Polygon","coordinates":[[[-65.3551,-10.83487],[-65.35469,-10.83408],[-65.35386,-10.83455],[-65.35426,-10.8353],[-65.3551,-10.83487]]]},"properties":{"n":"GUAYARAMERIN","p":101,"personas_x_ha":97,"masculinidad":94,"pct_menor20":49,"pct_60mas":7,"pct_migrante":16,"dependencia_econ":191,"pct_empleados":64,"pct_cuentapropia":27,"pct_agricultura":15,"pct_comercio":3,"pct_manufactura":12,"pct_construccion":21,"pct_transporte":18,"pct_alojamiento":6,"pct_sin_educacion":4,"pct_educ_superior":16,"brecha_educ":-6,"pct_sin_seguro":9,"pct_sus":86,"pct_seguro_privado":0,"brecha_seguro":5,"pct_salud_publica":49,"pct_med_tradicional":3,"pct_automedicacion":15,"pct_remedios_caseros":23,"pct_viv_desocupada":0,"pct_alquiler":8,"pct_electricidad":100,"pct_sin_electricidad":0,"pct_agua_red":68,"pct_alcantarillado":8,"pct_camara_septica":24,"pct_pozo_ciego":64,"pct_sin_desague":4,"pct_gas_red":4,"pct_gas_garrafa":72,"pct_lena_guano":72,"pct_basura_formal":100,"pct_basura_quema":0,"pct_basura_informal":0,"pct_internet":84,"pct_celular":84,"pct_televisor":64}},{"type":"Feature","geometry":{"type":"Polygon","coordinates":[[[-65.36088,-10.844],[-65.36046,-10.84315],[-65.3596,-10.84359],[-65.36002,-10.84439],[-65.36088,-10.844]]]},"properties":{"n":"GUAYARAMERIN","p":36,"personas_x_ha":33,"masculinidad":112,"pct_menor20":53,"pct_60mas":0,"pct_migrante":25,"dependencia_econ":106,"pct_empleados":59,"pct_cuentapropia":41,"pct_agricultura":12,"pct_comercio":29,"pct_manufactura":0,"pct_construccion":29,"pct_transporte":6,"pct_alojamiento":0,"pct_sin_educacion":0,"pct_educ_superior":50,"brecha_educ":4,"pct_sin_seguro":40,"pct_sus":40,"pct_seguro_privado":0,"brecha_seguro":-18,"pct_salud_publica":32,"pct_med_tradicional":5,"pct_automedicacion":24,"pct_remedios_caseros":20,"pct_viv_desocupada":29,"pct_alquiler":0,"pct_electricidad":100,"pct_sin_electricidad":0,"pct_agua_red":62,"pct_alcantarillado":0,"pct_camara_septica":25,"pct_pozo_ciego":38,"pct_sin_desague":0,"pct_gas_red":0,"pct_gas_garrafa":75,"pct_lena_guano":75,"pct_basura_formal":12,"pct_basura_quema":88,"pct_basura_informal":0,"pct_internet":88,"pct_celular":88,"pct_televisor":75}},{"type":"Feature","geometry":{"type":"Polygon","coordinates":[[[-65.35148,-10.82737],[-65.35059,-10.82781],[-65.35099,-10.82865],[-65.35189,-10.82822],[-65.35148,-10.82737]]]},"properties":{"n":"GUAYARAMERIN","p":69,"personas_x_ha":60,"masculinidad":53,"pct_menor20":39,"pct_60mas":9,"pct_migrante":33,"dependencia_econ":176,"pct_empleados":52,"pct_cuentapropia":36,"pct_agricultura":4,"pct_comercio":28,"pct_manufactura":4,"pct_construccion":8,"pct_transporte":8,"pct_alojamiento":20,"pct_sin_educacion":2,"pct_educ_superior":29,"brecha_educ":-16,"pct_sin_seguro":14,"pct_sus":83,"pct_seguro_privado":0,"brecha_seguro":10,"pct_salud_publica":41,"pct_med_tradicional":1,"pct_automedicacion":13,"pct_remedios_caseros":29,"pct_viv_desocupada":0,"pct_alquiler":5,"pct_electricidad":95,"pct_sin_electricidad":5,"pct_agua_red":79,"pct_alcantarillado":16,"pct_camara_septica":37,"pct_pozo_ciego":37,"pct_sin_desague":5,"pct_gas_red":11,"pct_gas_garrafa":68,"pct_lena_guano":68,"pct_basura_formal":95,"pct_basura_quema":5,"pct_basura_informal":0,"pct_internet":68,"pct_celular":74,"pct_televisor":47}},{"type":"Feature","geometry":{"type":"Polygon","coordinates":[[[-65.34301,-10.8242],[-65.34209,-10.82393],[-65.3418,-10.82483],[-65.34273,-10.82509],[-65.34301,-10.8242]]]},"properties":{"n":"GUAYARAMERIN","p":82,"personas_x_ha":73,"masculinidad":116,"pct_menor20":50,"pct_60mas":4,"pct_migrante":21,"dependencia_econ":116,"pct_empleados":37,"pct_cuentapropia":55,"pct_agricultura":11,"pct_comercio":5,"pct_manufactura":29,"pct_construccion":3,"pct_transporte":18,"pct_alojamiento":3,"pct_sin_educacion":0,"pct_educ_superior":26,"brecha_educ":-3,"pct_sin_seguro":5,"pct_sus":82,"pct_seguro_privado":0,"brecha_seguro":4,"pct_salud_publica":33,"pct_med_tradicional":2,"pct_automedicacion":11,"pct_remedios_caseros":26,"pct_viv_desocupada":0,"pct_alquiler":6,"pct_electricidad":100,"pct_sin_electricidad":0,"pct_agua_red":67,"pct_alcantarillado":11,"pct_camara_septica":28,"pct_pozo_ciego":39,"pct_sin_desague":6,"pct_gas_red":0,"pct_gas_garrafa":89,"pct_lena_guano":89,"pct_basura_formal":100,"pct_basura_quema":0,"pct_basura_informal":0,"pct_internet":89,"pct_celular":89,"pct_televisor":72}},{"type":"Feature","geometry":{"type":"Polygon","coordinates":[[[-65.36482,-10.80973],[-65.36409,-10.81008],[-65.36454,-10.81094],[-65.36525,-10.81058],[-65.36482,-10.80973]]]},"properties":{"n":"GUAYARAMERIN","p":25,"personas_x_ha":27,"masculinidad":79,"pct_menor20":40,"pct_60mas":12,"pct_migrante":32,"dependencia_econ":79,"pct_empleados":14,"pct_cuentapropia":50,"pct_agricultura":0,"pct_comercio":7,"pct_manufactura":0,"pct_construccion":14,"pct_transporte":7,"pct_alojamiento":36,"pct_sin_educacion":6,"pct_educ_superior":38,"brecha_educ":-6,"pct_sin_seguro":12,"pct_sus":76,"pct_seguro_privado":12,"brecha_seguro":-21,"pct_salud_publica":46,"pct_med_tradicional":0,"pct_automedicacion":13,"pct_remedios_caseros":33,"pct_viv_desocupada":10,"pct_alquiler":25,"pct_electricidad":88,"pct_sin_electricidad":12,"pct_agua_red":88,"pct_alcantarillado":12,"pct_camara_septica":75,"pct_pozo_ciego":0,"pct_sin_desague":0,"pct_gas_red":0,"pct_gas_garrafa":88,"pct_lena_guano":88,"pct_basura_formal":88,"pct_basura_quema":12,"pct_basura_informal":0,"pct_internet":100,"pct_celular":100,"pct_televisor":62}},{"type":"Feature","geometry":{"type":"Polygon","coordinates":[[[-65.35666,-10.8306],[-65.35626,-10.82974],[-65.35538,-10.83019],[-65.35581,-10.83101],[-65.35666,-10.8306]]]},"properties":{"n":"GUAYARAMERIN","p":70,"personas_x_ha":62,"masculinidad":106,"pct_menor20":31,"pct_60mas":10,"pct_migrante":44,"dependencia_econ":134,"pct_empleados":55,"pct_cuentapropia":34,"pct_agricultura":3,"pct_comercio":21,"pct_manufactura":28,"pct_construccion":7,"pct_transporte":3,"pct_alojamiento":7,"pct_sin_educacion":0,"pct_educ_superior":32,"brecha_educ":-25,"pct_sin_seguro":21,"pct_sus":71,"pct_seguro_privado":2,"brecha_seguro":13,"pct_salud_publica":39,"pct_med_tradicional":5,"pct_automedicacion":13,"pct_remedios_caseros":13,"pct_viv_desocupada":17,"pct_alquiler":17,"pct_electricidad":100,"pct_sin_electricidad":0,"pct_agua_red":100,"pct_alcantarillado":72,"pct_camara_septica":11,"pct_pozo_ciego":17,"pct_sin_desague":0,"pct_gas_red":22,"pct_gas_garrafa":56,"pct_lena_guano":56,"pct_basura_formal":100,"pct_basura_quema":0,"pct_basura_informal":0,"pct_internet":83,"pct_celular":83,"pct_televisor":78}},{"type":"Feature","geometry":{"type":"Polygon","coordinates":[[[-65.34449,-10.83848],[-65.34432,-10.83902],[-65.34527,-10.8393],[-65.34541,-10.83874],[-65.34449,-10.83848]]]},"properties":{"n":"GUAYARAMERIN","p":34,"personas_x_ha":50,"masculinidad":112,"pct_menor20":50,"pct_60mas":9,"pct_migrante":15,"dependencia_econ":210,"pct_empleados":40,"pct_cuentapropia":50,"pct_agricultura":20,"pct_comercio":10,"pct_manufactura":0,"pct_construccion":10,"pct_transporte":10,"pct_alojamiento":30,"pct_sin_educacion":6,"pct_educ_superior":0,"brecha_educ":-1,"pct_sin_seguro":10,"pct_sus":90,"pct_seguro_privado":0,"brecha_seguro":8,"pct_salud_publica":48,"pct_med_tradicional":2,"pct_automedicacion":5,"pct_remedios_caseros":32,"pct_viv_desocupada":17,"pct_alquiler":0,"pct_electricidad":100,"pct_sin_electricidad":0,"pct_agua_red":100,"pct_alcantarillado":29,"pct_camara_septica":14,"pct_pozo_ciego":29,"pct_sin_desague":14,"pct_gas_red":0,"pct_gas_garrafa":86,"pct_lena_guano":86,"pct_basura_formal":86,"pct_basura_quema":14,"pct_basura_informal":0,"pct_internet":57,"pct_celular":71,"pct_televisor":57}},{"type":"Feature","geometry":{"type":"Polygon","coordinates":[[[-65.34335,-10.82704],[-65.3423,-10.82672],[-65.34218,-10.82712],[-65.34325,-10.82743],[-65.34335,-10.82704]]]},"properties":{"n":"GUAYARAMERIN","p":47,"personas_x_ha":82,"masculinidad":96,"pct_menor20":47,"pct_60mas":9,"pct_migrante":45,"dependencia_econ":159,"pct_empleados":12,"pct_cuentapropia":47,"pct_agricultura":35,"pct_comercio":6,"pct_manufactura":12,"pct_construccion":0,"pct_transporte":12,"pct_alojamiento":12,"pct_sin_educacion":12,"pct_educ_superior":17,"brecha_educ":-36,"pct_sin_seguro":5,"pct_sus":88,"pct_seguro_privado":0,"brecha_seguro":-10,"pct_salud_publica":46,"pct_med_tradicional":5,"pct_automedicacion":6,"pct_remedios_caseros":32,"pct_viv_desocupada":0,"pct_alquiler":18,"pct_electricidad":100,"pct_sin_electricidad":0,"pct_agua_red":73,"pct_alcantarillado":27,"pct_camara_septica":36,"pct_pozo_ciego":36,"pct_sin_desague":0,"pct_gas_red":0,"pct_gas_garrafa":91,"pct_lena_guano":91,"pct_basura_formal":100,"pct_basura_quema":0,"pct_basura_informal":0,"pct_internet":55,"pct_celular":73,"pct_televisor":55}},{"type":"Feature","geometry":{"type":"Polygon","coordinates":[[[-65.3632,-10.8287],[-65.36235,-10.82909],[-65.36276,-10.8299],[-65.36359,-10.82951],[-65.3632,-10.8287]]]},"properties":{"n":"GUAYARAMERIN","p":46,"personas_x_ha":43,"masculinidad":130,"pct_menor20":35,"pct_60mas":2,"pct_migrante":41,"dependencia_econ":100,"pct_empleados":57,"pct_cuentapropia":17,"pct_agricultura":0,"pct_comercio":17,"pct_manufactura":9,"pct_construccion":4,"pct_transporte":4,"pct_alojamiento":9,"pct_sin_educacion":0,"pct_educ_superior":50,"brecha_educ":6,"pct_sin_seguro":7,"pct_sus":65,"pct_seguro_privado":0,"brecha_seguro":12,"pct_salud_publica":62,"pct_med_tradicional":0,"pct_automedicacion":4,"pct_remedios_caseros":4,"pct_viv_desocupada":0,"pct_alquiler":41,"pct_electricidad":100,"pct_sin_electricidad":0,"pct_agua_red":94,"pct_alcantarillado":0,"pct_camara_septica":53,"pct_pozo_ciego":47,"pct_sin_desague":0,"pct_gas_red":6,"pct_gas_garrafa":76,"pct_lena_guano":76,"pct_basura_formal":100,"pct_basura_quema":0,"pct_basura_informal":0,"pct_internet":82,"pct_celular":82,"pct_televisor":76}},{"type":"Feature","geometry":{"type":"Polygon","coordinates":[[[-65.36474,-10.82425],[-65.36536,-10.82389],[-65.36517,-10.82344],[-65.36523,-10.82316],[-65.36518,-10.82307],[-65.36433,-10.82345],[-65.36474,-10.82425]]]},"properties":{"n":"GUAYARAMERIN","p":46,"personas_x_ha":54,"masculinidad":70,"pct_menor20":48,"pct_60mas":9,"pct_migrante":15,"dependencia_econ":360,"pct_empleados":40,"pct_cuentapropia":60,"pct_agricultura":0,"pct_comercio":40,"pct_manufactura":10,"pct_construccion":20,"pct_transporte":0,"pct_alojamiento":10,"pct_sin_educacion":12,"pct_educ_superior":8,"brecha_educ":-20,"pct_sin_seguro":16,"pct_sus":71,"pct_seguro_privado":0,"brecha_seguro":19,"pct_salud_publica":41,"pct_med_tradicional":1,"pct_automedicacion":14,"pct_remedios_caseros":30,"pct_viv_desocupada":12,"pct_alquiler":23,"pct_electricidad":100,"pct_sin_electricidad":0,"pct_agua_red":77,"pct_alcantarillado":31,"pct_camara_septica":54,"pct_pozo_ciego":15,"pct_sin_desague":0,"pct_gas_red":15,"pct_gas_garrafa":85,"pct_lena_guano":85,"pct_basura_formal":77,"pct_basura_quema":15,"pct_basura_informal":15,"pct_internet":85,"pct_celular":85,"pct_televisor":69}},{"type":"Feature","geometry":{"type":"Polygon","coordinates":[[[-65.36288,-10.8455],[-65.36203,-10.8459],[-65.36223,-10.8463],[-65.36307,-10.84587],[-65.36288,-10.8455]]]},"properties":{"n":"GUAYARAMERIN","p":92,"personas_x_ha":180,"masculinidad":88,"pct_menor20":53,"pct_60mas":4,"pct_migrante":22,"dependencia_econ":250,"pct_empleados":31,"pct_cuentapropia":23,"pct_agricultura":15,"pct_comercio":8,"pct_manufactura":12,"pct_construccion":8,"pct_transporte":15,"pct_alojamiento":4,"pct_sin_educacion":7,"pct_educ_superior":18,"brecha_educ":11,"pct_sin_seguro":16,"pct_sus":76,"pct_seguro_privado":0,"brecha_seguro":-2,"pct_salud_publica":38,"pct_med_tradicional":0,"pct_automedicacion":22,"pct_remedios_caseros":28,"pct_viv_desocupada":0,"pct_alquiler":0,"pct_electricidad":100,"pct_sin_electricidad":0,"pct_agua_red":100,"pct_alcantarillado":25,"pct_camara_septica":35,"pct_pozo_ciego":20,"pct_sin_desague":0,"pct_gas_red":0,"pct_gas_garrafa":95,"pct_lena_guano":95,"pct_basura_formal":95,"pct_basura_quema":5,"pct_basura_informal":0,"pct_internet":75,"pct_celular":80,"pct_televisor":60}},{"type":"Feature","geometry":{"type":"Polygon","coordinates":[[[-65.35619,-10.83214],[-65.35539,-10.83256],[-65.35583,-10.83337],[-65.35663,-10.83297],[-65.35619,-10.83214]]]},"properties":{"n":"GUAYARAMERIN","p":35,"personas_x_ha":33,"masculinidad":119,"pct_menor20":29,"pct_60mas":17,"pct_migrante":46,"dependencia_econ":119,"pct_empleados":44,"pct_cuentapropia":50,"pct_agricultura":6,"pct_comercio":25,"pct_manufactura":19,"pct_construccion":0,"pct_transporte":25,"pct_alojamiento":6,"pct_sin_educacion":4,"pct_educ_superior":20,"brecha_educ":13,"pct_sin_seguro":38,"pct_sus":59,"pct_seguro_privado":0,"brecha_seguro":-10,"pct_salud_publica":35,"pct_med_tradicional":2,"pct_automedicacion":5,"pct_remedios_caseros":14,"pct_viv_desocupada":0,"pct_alquiler":18,"pct_electricidad":91,"pct_sin_electricidad":0,"pct_agua_red":18,"pct_alcantarillado":0,"pct_camara_septica":9,"pct_pozo_ciego":82,"pct_sin_desague":9,"pct_gas_red":27,"pct_gas_garrafa":55,"pct_lena_guano":55,"pct_basura_formal":100,"pct_basura_quema":0,"pct_basura_informal":0,"pct_internet":73,"pct_celular":73,"pct_televisor":27}},{"type":"Feature","geometry":{"type":"Polygon","coordinates":[[[-65.34269,-10.8209],[-65.3431,-10.82104],[-65.34329,-10.82075],[-65.34264,-10.82034],[-65.34248,-10.82057],[-65.34262,-10.82029],[-65.34217,-10.82012],[-65.34178,-10.82144],[-65.34267,-10.8217],[-65.34308,-10.82106],[-65.34269,-10.8209]]]},"properties":{"n":"GUAYARAMERIN","p":83,"personas_x_ha":49,"masculinidad":80,"pct_menor20":34,"pct_60mas":8,"pct_migrante":25,"dependencia_econ":148,"pct_empleados":26,"pct_cuentapropia":42,"pct_agricultura":16,"pct_comercio":16,"pct_manufactura":13,"pct_construccion":13,"pct_transporte":10,"pct_alojamiento":10,"pct_sin_educacion":2,"pct_educ_superior":10,"brecha_educ":-9,"pct_sin_seguro":11,"pct_sus":79,"pct_seguro_privado":0,"brecha_seguro":-9,"pct_salud_publica":37,"pct_med_tradicional":6,"pct_automedicacion":12,"pct_remedios_caseros":28,"pct_viv_desocupada":0,"pct_alquiler":15,"pct_electricidad":92,"pct_sin_electricidad":4,"pct_agua_red":46,"pct_alcantarillado":19,"pct_camara_septica":31,"pct_pozo_ciego":42,"pct_sin_desague":0,"pct_gas_red":0,"pct_gas_garrafa":85,"pct_lena_guano":85,"pct_basura_formal":100,"pct_basura_quema":0,"pct_basura_informal":0,"pct_internet":58,"pct_celular":69,"pct_televisor":50}},{"type":"Feature","geometry":{"type":"Polygon","coordinates":[[[-65.34148,-10.82371],[-65.34079,-10.82349],[-65.34079,-10.8245],[-65.34118,-10.82464],[-65.34148,-10.82371]]]},"properties":{"n":"GUAYARAMERIN","p":22,"personas_x_ha":32,"masculinidad":83,"pct_menor20":45,"pct_60mas":5,"pct_migrante":9,"dependencia_econ":400,"pct_empleados":33,"pct_cuentapropia":67,"pct_agricultura":33,"pct_comercio":33,"pct_manufactura":0,"pct_construccion":0,"pct_transporte":0,"pct_alojamiento":0,"pct_sin_educacion":0,"pct_educ_superior":0,"brecha_educ":-20,"pct_sin_seguro":15,"pct_sus":85,"pct_seguro_privado":0,"brecha_seguro":-22,"pct_salud_publica":100,"pct_med_tradicional":0,"pct_automedicacion":0,"pct_remedios_caseros":0,"pct_viv_desocupada":23,"pct_alquiler":0,"pct_electricidad":100,"pct_sin_electricidad":0,"pct_agua_red":25,"pct_alcantarillado":38,"pct_camara_septica":12,"pct_pozo_ciego":38,"pct_sin_desague":0,"pct_gas_red":0,"pct_gas_garrafa":75,"pct_lena_guano":75,"pct_basura_formal":100,"pct_basura_quema":0,"pct_basura_informal":0,"pct_internet":12,"pct_celular":50,"pct_televisor":25}},{"type":"Feature","geometry":{"type":"Polygon","coordinates":[[[-65.35811,-10.83569],[-65.35894,-10.83531],[-65.35852,-10.83443],[-65.35766,-10.83483],[-65.35811,-10.83569]]]},"properties":{"n":"GUAYARAMERIN","p":83,"personas_x_ha":73,"masculinidad":124,"pct_menor20":43,"pct_60mas":11,"pct_migrante":33,"dependencia_econ":82,"pct_empleados":38,"pct_cuentapropia":44,"pct_agricultura":9,"pct_comercio":9,"pct_manufactura":9,"pct_construccion":16,"pct_transporte":11,"pct_alojamiento":13,"pct_sin_educacion":2,"pct_educ_superior":17,"brecha_educ":16,"pct_sin_seguro":11,"pct_sus":80,"pct_seguro_privado":0,"brecha_seguro":10,"pct_salud_publica":34,"pct_med_tradicional":5,"pct_automedicacion":12,"pct_remedios_caseros":33,"pct_viv_desocupada":0,"pct_alquiler":12,"pct_electricidad":100,"pct_sin_electricidad":0,"pct_agua_red":94,"pct_alcantarillado":12,"pct_camara_septica":59,"pct_pozo_ciego":24,"pct_sin_desague":0,"pct_gas_red":6,"pct_gas_garrafa":94,"pct_lena_guano":94,"pct_basura_formal":94,"pct_basura_quema":6,"pct_basura_informal":0,"pct_internet":76,"pct_celular":82,"pct_televisor":71}},{"type":"Feature","geometry":{"type":"Polygon","coordinates":[[[-65.37308,-10.80029],[-65.37269,-10.79956],[-65.37239,-10.79971],[-65.37278,-10.80045],[-65.37308,-10.80029]]]},"properties":{"n":"GUAYARAMERIN","p":69,"personas_x_ha":203,"masculinidad":103,"pct_menor20":42,"pct_60mas":12,"pct_migrante":29,"dependencia_econ":97,"pct_empleados":31,"pct_cuentapropia":37,"pct_agricultura":23,"pct_comercio":9,"pct_manufactura":3,"pct_construccion":11,"pct_transporte":14,"pct_alojamiento":14,"pct_sin_educacion":12,"pct_educ_superior":2,"brecha_educ":-4,"pct_sin_seguro":9,"pct_sus":91,"pct_seguro_privado":0,"brecha_seguro":-6,"pct_salud_publica":70,"pct_med_tradicional":0,"pct_automedicacion":7,"pct_remedios_caseros":16,"pct_viv_desocupada":0,"pct_alquiler":0,"pct_electricidad":100,"pct_sin_electricidad":0,"pct_agua_red":79,"pct_alcantarillado":29,"pct_camara_septica":71,"pct_pozo_ciego":0,"pct_sin_desague":0,"pct_gas_red":0,"pct_gas_garrafa":100,"pct_lena_guano":100,"pct_basura_formal":100,"pct_basura_quema":0,"pct_basura_informal":0,"pct_internet":64,"pct_celular":79,"pct_televisor":64}},{"type":"Feature","geometry":{"type":"Polygon","coordinates":[[[-65.37018,-10.81242],[-65.3707,-10.81228],[-65.37109,-10.81302],[-65.37032,-10.8127],[-65.37018,-10.81242]]]},"properties":{"n":"GUAYARAMERIN","p":36,"personas_x_ha":97,"masculinidad":100,"pct_menor20":42,"pct_60mas":8,"pct_migrante":39,"dependencia_econ":106,"pct_empleados":24,"pct_cuentapropia":59,"pct_agricultura":29,"pct_comercio":12,"pct_manufactura":0,"pct_construccion":18,"pct_transporte":6,"pct_alojamiento":6,"pct_sin_educacion":0,"pct_educ_superior":19,"brecha_educ":4,"pct_sin_seguro":9,"pct_sus":91,"pct_seguro_privado":0,"brecha_seguro":-6,"pct_salud_publica":67,"pct_med_tradicional":0,"pct_automedicacion":0,"pct_remedios_caseros":30,"pct_viv_desocupada":10,"pct_alquiler":0,"pct_electricidad":100,"pct_sin_electricidad":0,"pct_agua_red":0,"pct_alcantarillado":0,"pct_camara_septica":33,"pct_pozo_ciego":56,"pct_sin_desague":0,"pct_gas_red":0,"pct_gas_garrafa":56,"pct_lena_guano":56,"pct_basura_formal":100,"pct_basura_quema":0,"pct_basura_informal":0,"pct_internet":56,"pct_celular":56,"pct_televisor":44}},{"type":"Feature","geometry":{"type":"Polygon","coordinates":[[[-65.36207,-10.83144],[-65.36168,-10.83063],[-65.36082,-10.83106],[-65.36122,-10.83188],[-65.36207,-10.83144]]]},"properties":{"n":"GUAYARAMERIN","p":29,"personas_x_ha":26,"masculinidad":142,"pct_menor20":55,"pct_60mas":10,"pct_migrante":45,"dependencia_econ":125,"pct_empleados":17,"pct_cuentapropia":50,"pct_agricultura":33,"pct_comercio":8,"pct_manufactura":0,"pct_construccion":0,"pct_transporte":0,"pct_alojamiento":17,"pct_sin_educacion":0,"pct_educ_superior":31,"brecha_educ":25,"pct_sin_seguro":4,"pct_sus":88,"pct_seguro_privado":0,"brecha_seguro":7,"pct_salud_publica":64,"pct_med_tradicional":0,"pct_automedicacion":9,"pct_remedios_caseros":14,"pct_viv_desocupada":0,"pct_alquiler":86,"pct_electricidad":86,"pct_sin_electricidad":0,"pct_agua_red":86,"pct_alcantarillado":57,"pct_camara_septica":29,"pct_pozo_ciego":0,"pct_sin_desague":14,"pct_gas_red":14,"pct_gas_garrafa":86,"pct_lena_guano":86,"pct_basura_formal":86,"pct_basura_quema":14,"pct_basura_informal":0,"pct_internet":14,"pct_celular":29,"pct_televisor":29}},{"type":"Feature","geometry":{"type":"Polygon","coordinates":[[[-65.36189,-10.80995],[-65.36138,-10.80915],[-65.36097,-10.80934],[-65.36149,-10.8102],[-65.36189,-10.80995]]]},"properties":{"n":"GUAYARAMERIN","p":46,"personas_x_ha":80,"masculinidad":64,"pct_menor20":37,"pct_60mas":9,"pct_migrante":28,"dependencia_econ":100,"pct_empleados":22,"pct_cuentapropia":43,"pct_agricultura":13,"pct_comercio":0,"pct_manufactura":4,"pct_construccion":9,"pct_transporte":4,"pct_alojamiento":13,"pct_sin_educacion":3,"pct_educ_superior":21,"brecha_educ":-8,"pct_sin_seguro":4,"pct_sus":80,"pct_seguro_privado":0,"brecha_seguro":12,"pct_salud_publica":74,"pct_med_tradicional":0,"pct_automedicacion":9,"pct_remedios_caseros":10,"pct_viv_desocupada":0,"pct_alquiler":9,"pct_electricidad":91,"pct_sin_electricidad":9,"pct_agua_red":91,"pct_alcantarillado":9,"pct_camara_septica":36,"pct_pozo_ciego":45,"pct_sin_desague":0,"pct_gas_red":0,"pct_gas_garrafa":100,"pct_lena_guano":100,"pct_basura_formal":100,"pct_basura_quema":0,"pct_basura_informal":0,"pct_internet":36,"pct_celular":64,"pct_televisor":91}},{"type":"Feature","geometry":{"type":"Polygon","coordinates":[[[-65.35577,-10.82633],[-65.35538,-10.82545],[-65.35452,-10.82588],[-65.35494,-10.82673],[-65.35577,-10.82633]]]},"properties":{"n":"GUAYARAMERIN","p":80,"personas_x_ha":70,"masculinidad":90,"pct_menor20":34,"pct_60mas":8,"pct_migrante":31,"dependencia_econ":93,"pct_empleados":17,"pct_cuentapropia":61,"pct_agricultura":2,"pct_comercio":41,"pct_manufactura":5,"pct_construccion":5,"pct_transporte":2,"pct_alojamiento":10,"pct_sin_educacion":0,"pct_educ_superior":50,"brecha_educ":-6,"pct_sin_seguro":1,"pct_sus":68,"pct_seguro_privado":11,"brecha_seguro":3,"pct_salud_publica":58,"pct_med_tradicional":0,"pct_automedicacion":5,"pct_remedios_caseros":3,"pct_viv_desocupada":6,"pct_alquiler":12,"pct_electricidad":100,"pct_sin_electricidad":0,"pct_agua_red":94,"pct_alcantarillado":82,"pct_camara_septica":12,"pct_pozo_ciego":6,"pct_sin_desague":0,"pct_gas_red":35,"pct_gas_garrafa":65,"pct_lena_guano":65,"pct_basura_formal":100,"pct_basura_quema":0,"pct_basura_informal":0,"pct_internet":88,"pct_celular":88,"pct_televisor":82}},{"type":"Feature","geometry":{"type":"Polygon","coordinates":[[[-65.3576,-10.83946],[-65.3584,-10.83906],[-65.35799,-10.83827],[-65.35716,-10.83865],[-65.3576,-10.83946]]]},"properties":{"n":"GUAYARAMERIN","p":53,"personas_x_ha":52,"masculinidad":141,"pct_menor20":43,"pct_60mas":8,"pct_migrante":26,"dependencia_econ":121,"pct_empleados":38,"pct_cuentapropia":29,"pct_agricultura":12,"pct_comercio":25,"pct_manufactura":8,"pct_construccion":12,"pct_transporte":4,"pct_alojamiento":8,"pct_sin_educacion":19,"pct_educ_superior":31,"brecha_educ":-28,"pct_sin_seguro":16,"pct_sus":59,"pct_seguro_privado":0,"brecha_seguro":1,"pct_salud_publica":31,"pct_med_tradicional":0,"pct_automedicacion":17,"pct_remedios_caseros":21,"pct_viv_desocupada":0,"pct_alquiler":42,"pct_electricidad":100,"pct_sin_electricidad":0,"pct_agua_red":67,"pct_alcantarillado":0,"pct_camara_septica":83,"pct_pozo_ciego":17,"pct_sin_desague":0,"pct_gas_red":0,"pct_gas_garrafa":100,"pct_lena_guano":100,"pct_basura_formal":100,"pct_basura_quema":0,"pct_basura_informal":0,"pct_internet":58,"pct_celular":83,"pct_televisor":50}},{"type":"Feature","geometry":{"type":"Polygon","coordinates":[[[-65.35433,-10.82943],[-65.35388,-10.82855],[-65.35348,-10.82872],[-65.3539,-10.82964],[-65.35433,-10.82943]]]},"properties":{"n":"GUAYARAMERIN","p":48,"personas_x_ha":84,"masculinidad":118,"pct_menor20":40,"pct_60mas":8,"pct_migrante":35,"dependencia_econ":109,"pct_empleados":17,"pct_cuentapropia":61,"pct_agricultura":13,"pct_comercio":0,"pct_manufactura":0,"pct_construccion":0,"pct_transporte":9,"pct_alojamiento":26,"pct_sin_educacion":10,"pct_educ_superior":37,"brecha_educ":-23,"pct_sin_seguro":35,"pct_sus":44,"pct_seguro_privado":2,"brecha_seguro":-2,"pct_salud_publica":33,"pct_med_tradicional":12,"pct_automedicacion":17,"pct_remedios_caseros":19,"pct_viv_desocupada":0,"pct_alquiler":0,"pct_electricidad":100,"pct_sin_electricidad":0,"pct_agua_red":83,"pct_alcantarillado":92,"pct_camara_septica":0,"pct_pozo_ciego":8,"pct_sin_desague":0,"pct_gas_red":8,"pct_gas_garrafa":83,"pct_lena_guano":83,"pct_basura_formal":92,"pct_basura_quema":8,"pct_basura_informal":0,"pct_internet":67,"pct_celular":92,"pct_televisor":58}},{"type":"Feature","geometry":{"type":"Polygon","coordinates":[[[-65.36009,-10.83712],[-65.36045,-10.83692],[-65.35998,-10.83611],[-65.35964,-10.83629],[-65.36009,-10.83712]]]},"properties":{"n":"GUAYARAMERIN","p":62,"personas_x_ha":127,"masculinidad":130,"pct_menor20":48,"pct_60mas":5,"pct_migrante":34,"dependencia_econ":121,"pct_empleados":29,"pct_cuentapropia":54,"pct_agricultura":4,"pct_comercio":21,"pct_manufactura":14,"pct_construccion":11,"pct_transporte":7,"pct_alojamiento":18,"pct_sin_educacion":8,"pct_educ_superior":39,"brecha_educ":-19,"pct_sin_seguro":15,"pct_sus":66,"pct_seguro_privado":0,"brecha_seguro":13,"pct_salud_publica":24,"pct_med_tradicional":3,"pct_automedicacion":16,"pct_remedios_caseros":25,"pct_viv_desocupada":5,"pct_alquiler":19,"pct_electricidad":100,"pct_sin_electricidad":0,"pct_agua_red":94,"pct_alcantarillado":12,"pct_camara_septica":50,"pct_pozo_ciego":38,"pct_sin_desague":0,"pct_gas_red":0,"pct_gas_garrafa":94,"pct_lena_guano":94,"pct_basura_formal":100,"pct_basura_quema":0,"pct_basura_informal":0,"pct_internet":94,"pct_celular":94,"pct_televisor":81}},{"type":"Feature","geometry":{"type":"Polygon","coordinates":[[[-65.35819,-10.82633],[-65.35821,-10.82622],[-65.3578,-10.82545],[-65.35693,-10.82585],[-65.35738,-10.82671],[-65.35819,-10.82633]]]},"properties":{"n":"GUAYARAMERIN","p":31,"personas_x_ha":27,"masculinidad":107,"pct_menor20":29,"pct_60mas":16,"pct_migrante":29,"dependencia_econ":114,"pct_empleados":21,"pct_cuentapropia":64,"pct_agricultura":0,"pct_comercio":29,"pct_manufactura":7,"pct_construccion":14,"pct_transporte":7,"pct_alojamiento":21,"pct_sin_educacion":0,"pct_educ_superior":41,"brecha_educ":-12,"pct_sin_seguro":27,"pct_sus":70,"pct_seguro_privado":0,"brecha_seguro":-4,"pct_salud_publica":68,"pct_med_tradicional":0,"pct_automedicacion":0,"pct_remedios_caseros":12,"pct_viv_desocupada":15,"pct_alquiler":36,"pct_electricidad":100,"pct_sin_electricidad":0,"pct_agua_red":100,"pct_alcantarillado":91,"pct_camara_septica":9,"pct_pozo_ciego":0,"pct_sin_desague":0,"pct_gas_red":18,"pct_gas_garrafa":82,"pct_lena_guano":82,"pct_basura_formal":91,"pct_basura_quema":9,"pct_basura_informal":0,"pct_internet":64,"pct_celular":91,"pct_televisor":100}},{"type":"Feature","geometry":{"type":"Polygon","coordinates":[[[-65.35031,-10.80966],[-65.351,-10.80931],[-65.35057,-10.80847],[-65.34987,-10.80881],[-65.35031,-10.80966]]]},"properties":{"n":"GUAYARAMERIN","p":26,"personas_x_ha":27,"masculinidad":73,"pct_menor20":38,"pct_60mas":15,"pct_migrante":58,"dependencia_econ":189,"pct_empleados":22,"pct_cuentapropia":44,"pct_agricultura":0,"pct_comercio":33,"pct_manufactura":11,"pct_construccion":0,"pct_transporte":0,"pct_alojamiento":11,"pct_sin_educacion":0,"pct_educ_superior":50,"brecha_educ":0,"pct_sin_seguro":8,"pct_sus":64,"pct_seguro_privado":4,"brecha_seguro":2,"pct_salud_publica":30,"pct_med_tradicional":2,"pct_automedicacion":10,"pct_remedios_caseros":31,"pct_viv_desocupada":0,"pct_alquiler":38,"pct_electricidad":100,"pct_sin_electricidad":0,"pct_agua_red":100,"pct_alcantarillado":88,"pct_camara_septica":0,"pct_pozo_ciego":0,"pct_sin_desague":12,"pct_gas_red":0,"pct_gas_garrafa":100,"pct_lena_guano":100,"pct_basura_formal":100,"pct_basura_quema":0,"pct_basura_informal":0,"pct_internet":75,"pct_celular":100,"pct_televisor":88}},{"type":"Feature","geometry":{"type":"Polygon","coordinates":[[[-65.34419,-10.83559],[-65.3451,-10.83585],[-65.34527,-10.83527],[-65.34435,-10.83501],[-65.34419,-10.83559]]]},"properties":{"n":"GUAYARAMERIN","p":36,"personas_x_ha":52,"masculinidad":140,"pct_menor20":44,"pct_60mas":8,"pct_migrante":25,"dependencia_econ":150,"pct_empleados":29,"pct_cuentapropia":64,"pct_agricultura":14,"pct_comercio":0,"pct_manufactura":0,"pct_construccion":29,"pct_transporte":21,"pct_alojamiento":7,"pct_sin_educacion":0,"pct_educ_superior":5,"brecha_educ":-11,"pct_sin_seguro":3,"pct_sus":97,"pct_seguro_privado":0,"brecha_seguro":5,"pct_salud_publica":97,"pct_med_tradicional":0,"pct_automedicacion":0,"pct_remedios_caseros":0,"pct_viv_desocupada":0,"pct_alquiler":10,"pct_electricidad":100,"pct_sin_electricidad":0,"pct_agua_red":60,"pct_alcantarillado":10,"pct_camara_septica":30,"pct_pozo_ciego":0,"pct_sin_desague":0,"pct_gas_red":10,"pct_gas_garrafa":90,"pct_lena_guano":90,"pct_basura_formal":90,"pct_basura_quema":10,"pct_basura_informal":0,"pct_internet":40,"pct_celular":60,"pct_televisor":50}},{"type":"Feature","geometry":{"type":"Polygon","coordinates":[[[-65.36397,-10.82712],[-65.36439,-10.828],[-65.36478,-10.82782],[-65.36436,-10.82693],[-65.36397,-10.82712]]]},"properties":{"n":"GUAYARAMERIN","p":62,"personas_x_ha":118,"masculinidad":107,"pct_menor20":50,"pct_60mas":3,"pct_migrante":15,"dependencia_econ":148,"pct_empleados":48,"pct_cuentapropia":44,"pct_agricultura":12,"pct_comercio":16,"pct_manufactura":8,"pct_construccion":16,"pct_transporte":8,"pct_alojamiento":16,"pct_sin_educacion":0,"pct_educ_superior":22,"brecha_educ":-11,"pct_sin_seguro":15,"pct_sus":76,"pct_seguro_privado":0,"brecha_seguro":-4,"pct_salud_publica":52,"pct_med_tradicional":0,"pct_automedicacion":14,"pct_remedios_caseros":20,"pct_viv_desocupada":7,"pct_alquiler":0,"pct_electricidad":100,"pct_sin_electricidad":0,"pct_agua_red":100,"pct_alcantarillado":42,"pct_camara_septica":33,"pct_pozo_ciego":17,"pct_sin_desague":0,"pct_gas_red":8,"pct_gas_garrafa":92,"pct_lena_guano":92,"pct_basura_formal":92,"pct_basura_quema":0,"pct_basura_informal":0,"pct_internet":67,"pct_celular":83,"pct_televisor":75}},{"type":"Feature","geometry":{"type":"Polygon","coordinates":[[[-65.35624,-10.82964],[-65.3558,-10.82878],[-65.35494,-10.82921],[-65.35537,-10.83007],[-65.35624,-10.82964]]]},"properties":{"n":"GUAYARAMERIN","p":49,"personas_x_ha":43,"masculinidad":88,"pct_menor20":29,"pct_60mas":6,"pct_migrante":37,"dependencia_econ":80,"pct_empleados":36,"pct_cuentapropia":52,"pct_agricultura":8,"pct_comercio":28,"pct_manufactura":12,"pct_construccion":16,"pct_transporte":4,"pct_alojamiento":12,"pct_sin_educacion":3,"pct_educ_superior":31,"brecha_educ":-29,"pct_sin_seguro":13,"pct_sus":73,"pct_seguro_privado":0,"brecha_seguro":20,"pct_salud_publica":73,"pct_med_tradicional":0,"pct_automedicacion":0,"pct_remedios_caseros":4,"pct_viv_desocupada":0,"pct_alquiler":57,"pct_electricidad":100,"pct_sin_electricidad":0,"pct_agua_red":93,"pct_alcantarillado":93,"pct_camara_septica":0,"pct_pozo_ciego":7,"pct_sin_desague":0,"pct_gas_red":7,"pct_gas_garrafa":79,"pct_lena_guano":79,"pct_basura_formal":100,"pct_basura_quema":0,"pct_basura_informal":0,"pct_internet":7,"pct_celular":21,"pct_televisor":43}},{"type":"Feature","geometry":{"type":"Polygon","coordinates":[[[-65.35339,-10.83923],[-65.3525,-10.83965],[-65.35291,-10.84052],[-65.35379,-10.84012],[-65.35339,-10.83923]]]},"properties":{"n":"GUAYARAMERIN","p":35,"personas_x_ha":30,"masculinidad":119,"pct_menor20":49,"pct_60mas":9,"pct_migrante":3,"dependencia_econ":218,"pct_empleados":82,"pct_cuentapropia":18,"pct_agricultura":9,"pct_comercio":18,"pct_manufactura":9,"pct_construccion":9,"pct_transporte":9,"pct_alojamiento":0,"pct_sin_educacion":0,"pct_educ_superior":22,"brecha_educ":-10,"pct_sin_seguro":29,"pct_sus":37,"pct_seguro_privado":0,"brecha_seguro":-5,"pct_salud_publica":51,"pct_med_tradicional":2,"pct_automedicacion":2,"pct_remedios_caseros":5,"pct_viv_desocupada":0,"pct_alquiler":11,"pct_electricidad":100,"pct_sin_electricidad":0,"pct_agua_red":67,"pct_alcantarillado":22,"pct_camara_septica":22,"pct_pozo_ciego":33,"pct_sin_desague":0,"pct_gas_red":0,"pct_gas_garrafa":89,"pct_lena_guano":89,"pct_basura_formal":56,"pct_basura_quema":44,"pct_basura_informal":0,"pct_internet":33,"pct_celular":56,"pct_televisor":56}},{"type":"Feature","geometry":{"type":"Polygon","coordinates":[[[-65.35733,-10.83157],[-65.35775,-10.83241],[-65.35853,-10.83199],[-65.35816,-10.83116],[-65.35733,-10.83157]]]},"properties":{"n":"GUAYARAMERIN","p":66,"personas_x_ha":63,"masculinidad":74,"pct_menor20":33,"pct_60mas":14,"pct_migrante":33,"dependencia_econ":83,"pct_empleados":64,"pct_cuentapropia":31,"pct_agricultura":11,"pct_comercio":17,"pct_manufactura":17,"pct_construccion":14,"pct_transporte":8,"pct_alojamiento":11,"pct_sin_educacion":6,"pct_educ_superior":19,"brecha_educ":-7,"pct_sin_seguro":24,"pct_sus":67,"pct_seguro_privado":6,"brecha_seguro":8,"pct_salud_publica":33,"pct_med_tradicional":4,"pct_automedicacion":29,"pct_remedios_caseros":25,"pct_viv_desocupada":12,"pct_alquiler":48,"pct_electricidad":95,"pct_sin_electricidad":0,"pct_agua_red":90,"pct_alcantarillado":10,"pct_camara_septica":33,"pct_pozo_ciego":43,"pct_sin_desague":5,"pct_gas_red":19,"pct_gas_garrafa":76,"pct_lena_guano":76,"pct_basura_formal":95,"pct_basura_quema":5,"pct_basura_informal":0,"pct_internet":86,"pct_celular":90,"pct_televisor":52}},{"type":"Feature","geometry":{"type":"Polygon","coordinates":[[[-65.35735,-10.80595],[-65.35693,-10.80618],[-65.35696,-10.80638],[-65.35871,-10.80563],[-65.35861,-10.8054],[-65.35789,-10.80544],[-65.35732,-10.80581],[-65.35735,-10.80595]]]},"properties":{"n":"GUAYARAMERIN","p":18,"personas_x_ha":21,"masculinidad":80,"pct_menor20":44,"pct_60mas":11,"pct_migrante":11,"dependencia_econ":260,"pct_empleados":0,"pct_cuentapropia":20,"pct_agricultura":60,"pct_comercio":0,"pct_manufactura":0,"pct_construccion":0,"pct_transporte":0,"pct_alojamiento":0,"pct_sin_educacion":0,"pct_educ_superior":20,"brecha_educ":0,"pct_sin_seguro":29,"pct_sus":71,"pct_seguro_privado":0,"brecha_seguro":-1,"pct_salud_publica":61,"pct_med_tradicional":0,"pct_automedicacion":0,"pct_remedios_caseros":29,"pct_viv_desocupada":0,"pct_alquiler":0,"pct_electricidad":83,"pct_sin_electricidad":17,"pct_agua_red":100,"pct_alcantarillado":100,"pct_camara_septica":0,"pct_pozo_ciego":0,"pct_sin_desague":0,"pct_gas_red":0,"pct_gas_garrafa":100,"pct_lena_guano":100,"pct_basura_formal":67,"pct_basura_quema":17,"pct_basura_informal":0,"pct_internet":33,"pct_celular":50,"pct_televisor":33}},{"type":"Feature","geometry":{"type":"Polygon","coordinates":[[[-65.35682,-10.81136],[-65.35648,-10.81046],[-65.35567,-10.81083],[-65.35612,-10.81167],[-65.35682,-10.81136]]]},"properties":{"n":"GUAYARAMERIN","p":42,"personas_x_ha":43,"masculinidad":50,"pct_menor20":33,"pct_60mas":12,"pct_migrante":31,"dependencia_econ":78,"pct_empleados":43,"pct_cuentapropia":35,"pct_agricultura":0,"pct_comercio":22,"pct_manufactura":9,"pct_construccion":4,"pct_transporte":4,"pct_alojamiento":4,"pct_sin_educacion":4,"pct_educ_superior":44,"brecha_educ":-18,"pct_sin_seguro":20,"pct_sus":60,"pct_seguro_privado":0,"brecha_seguro":-7,"pct_salud_publica":30,"pct_med_tradicional":6,"pct_automedicacion":7,"pct_remedios_caseros":28,"pct_viv_desocupada":15,"pct_alquiler":10,"pct_electricidad":90,"pct_sin_electricidad":10,"pct_agua_red":100,"pct_alcantarillado":90,"pct_camara_septica":0,"pct_pozo_ciego":10,"pct_sin_desague":0,"pct_gas_red":0,"pct_gas_garrafa":90,"pct_lena_guano":90,"pct_basura_formal":80,"pct_basura_quema":20,"pct_basura_informal":0,"pct_internet":90,"pct_celular":100,"pct_televisor":80}},{"type":"Feature","geometry":{"type":"Polygon","coordinates":[[[-65.35099,-10.82368],[-65.34984,-10.82347],[-65.34978,-10.82352],[-65.35021,-10.82439],[-65.35112,-10.82396],[-65.35099,-10.82368]]]},"properties":{"n":"GUAYARAMERIN","p":24,"personas_x_ha":28,"masculinidad":71,"pct_menor20":46,"pct_60mas":8,"pct_migrante":33,"dependencia_econ":109,"pct_empleados":18,"pct_cuentapropia":64,"pct_agricultura":0,"pct_comercio":18,"pct_manufactura":9,"pct_construccion":0,"pct_transporte":27,"pct_alojamiento":0,"pct_sin_educacion":0,"pct_educ_superior":50,"brecha_educ":-29,"pct_sin_seguro":39,"pct_sus":48,"pct_seguro_privado":4,"brecha_seguro":27,"pct_salud_publica":33,"pct_med_tradicional":0,"pct_automedicacion":28,"pct_remedios_caseros":25,"pct_viv_desocupada":9,"pct_alquiler":25,"pct_electricidad":100,"pct_sin_electricidad":0,"pct_agua_red":100,"pct_alcantarillado":38,"pct_camara_septica":25,"pct_pozo_ciego":12,"pct_sin_desague":0,"pct_gas_red":0,"pct_gas_garrafa":62,"pct_lena_guano":62,"pct_basura_formal":100,"pct_basura_quema":0,"pct_basura_informal":0,"pct_internet":50,"pct_celular":62,"pct_televisor":62}},{"type":"Feature","geometry":{"type":"Polygon","coordinates":[[[-65.35921,-10.83287],[-65.36006,-10.83244],[-65.35962,-10.8316],[-65.35876,-10.83203],[-65.35921,-10.83287]]]},"properties":{"n":"GUAYARAMERIN","p":26,"personas_x_ha":23,"masculinidad":62,"pct_menor20":38,"pct_60mas":15,"pct_migrante":50,"dependencia_econ":100,"pct_empleados":54,"pct_cuentapropia":23,"pct_agricultura":0,"pct_comercio":8,"pct_manufactura":8,"pct_construccion":8,"pct_transporte":0,"pct_alojamiento":8,"pct_sin_educacion":0,"pct_educ_superior":71,"brecha_educ":4,"pct_sin_seguro":0,"pct_sus":100,"pct_seguro_privado":0,"brecha_seguro":0,"pct_salud_publica":45,"pct_med_tradicional":3,"pct_automedicacion":7,"pct_remedios_caseros":9,"pct_viv_desocupada":20,"pct_alquiler":43,"pct_electricidad":100,"pct_sin_electricidad":0,"pct_agua_red":100,"pct_alcantarillado":29,"pct_camara_septica":71,"pct_pozo_ciego":0,"pct_sin_desague":0,"pct_gas_red":0,"pct_gas_garrafa":100,"pct_lena_guano":100,"pct_basura_formal":100,"pct_basura_quema":0,"pct_basura_informal":0,"pct_internet":100,"pct_celular":100,"pct_televisor":71}},{"type":"Feature","geometry":{"type":"Polygon","coordinates":[[[-65.35376,-10.84745],[-65.35331,-10.8466],[-65.35246,-10.84704],[-65.35288,-10.84791],[-65.35376,-10.84745]]]},"properties":{"n":"GUAYARAMERIN","p":19,"personas_x_ha":16,"masculinidad":90,"pct_menor20":42,"pct_60mas":0,"pct_migrante":32,"dependencia_econ":111,"pct_empleados":44,"pct_cuentapropia":22,"pct_agricultura":56,"pct_comercio":0,"pct_manufactura":11,"pct_construccion":11,"pct_transporte":11,"pct_alojamiento":0,"pct_sin_educacion":0,"pct_educ_superior":27,"brecha_educ":0,"pct_sin_seguro":11,"pct_sus":68,"pct_seguro_privado":5,"brecha_seguro":1,"pct_salud_publica":62,"pct_med_tradicional":0,"pct_automedicacion":4,"pct_remedios_caseros":21,"pct_viv_desocupada":0,"pct_alquiler":43,"pct_electricidad":100,"pct_sin_electricidad":0,"pct_agua_red":29,"pct_alcantarillado":0,"pct_camara_septica":29,"pct_pozo_ciego":71,"pct_sin_desague":0,"pct_gas_red":0,"pct_gas_garrafa":100,"pct_lena_guano":100,"pct_basura_formal":100,"pct_basura_quema":0,"pct_basura_informal":0,"pct_internet":100,"pct_celular":100,"pct_televisor":86}},{"type":"Feature","geometry":{"type":"Polygon","coordinates":[[[-65.36371,-10.82112],[-65.36246,-10.82075],[-65.362,-10.82095],[-65.36252,-10.82184],[-65.36367,-10.82126],[-65.36374,-10.8212],[-65.36371,-10.82112]]]},"properties":{"n":"GUAYARAMERIN","p":101,"personas_x_ha":82,"masculinidad":106,"pct_menor20":45,"pct_60mas":9,"pct_migrante":27,"dependencia_econ":87,"pct_empleados":32,"pct_cuentapropia":43,"pct_agricultura":15,"pct_comercio":19,"pct_manufactura":4,"pct_construccion":13,"pct_transporte":8,"pct_alojamiento":11,"pct_sin_educacion":0,"pct_educ_superior":33,"brecha_educ":1,"pct_sin_seguro":27,"pct_sus":58,"pct_seguro_privado":1,"brecha_seguro":7,"pct_salud_publica":38,"pct_med_tradicional":1,"pct_automedicacion":21,"pct_remedios_caseros":26,"pct_viv_desocupada":8,"pct_alquiler":22,"pct_electricidad":100,"pct_sin_electricidad":0,"pct_agua_red":74,"pct_alcantarillado":43,"pct_camara_septica":17,"pct_pozo_ciego":9,"pct_sin_desague":13,"pct_gas_red":0,"pct_gas_garrafa":87,"pct_lena_guano":87,"pct_basura_formal":83,"pct_basura_quema":17,"pct_basura_informal":0,"pct_internet":61,"pct_celular":78,"pct_televisor":61}},{"type":"Feature","geometry":{"type":"Polygon","coordinates":[[[-65.35536,-10.82767],[-65.35629,-10.82726],[-65.35587,-10.82638],[-65.35496,-10.82683],[-65.35536,-10.82767]]]},"properties":{"n":"GUAYARAMERIN","p":91,"personas_x_ha":75,"masculinidad":107,"pct_menor20":38,"pct_60mas":11,"pct_migrante":36,"dependencia_econ":75,"pct_empleados":46,"pct_cuentapropia":38,"pct_agricultura":2,"pct_comercio":31,"pct_manufactura":12,"pct_construccion":19,"pct_transporte":6,"pct_alojamiento":12,"pct_sin_educacion":2,"pct_educ_superior":33,"brecha_educ":-1,"pct_sin_seguro":2,"pct_sus":82,"pct_seguro_privado":0,"brecha_seguro":4,"pct_salud_publica":49,"pct_med_tradicional":1,"pct_automedicacion":12,"pct_remedios_caseros":25,"pct_viv_desocupada":0,"pct_alquiler":21,"pct_electricidad":95,"pct_sin_electricidad":5,"pct_agua_red":89,"pct_alcantarillado":84,"pct_camara_septica":11,"pct_pozo_ciego":5,"pct_sin_desague":0,"pct_gas_red":5,"pct_gas_garrafa":89,"pct_lena_guano":89,"pct_basura_formal":95,"pct_basura_quema":5,"pct_basura_informal":0,"pct_internet":58,"pct_celular":68,"pct_televisor":68}},{"type":"Feature","geometry":{"type":"Polygon","coordinates":[[[-65.36234,-10.81939],[-65.36273,-10.81918],[-65.36313,-10.81969],[-65.36277,-10.82021],[-65.36231,-10.81953],[-65.36234,-10.81939]]]},"properties":{"n":"GUAYARAMERIN","p":23,"personas_x_ha":40,"masculinidad":92,"pct_menor20":39,"pct_60mas":13,"pct_migrante":39,"dependencia_econ":64,"pct_empleados":36,"pct_cuentapropia":43,"pct_agricultura":21,"pct_comercio":7,"pct_manufactura":0,"pct_construccion":0,"pct_transporte":14,"pct_alojamiento":21,"pct_sin_educacion":0,"pct_educ_superior":50,"brecha_educ":-29,"pct_sin_seguro":17,"pct_sus":70,"pct_seguro_privado":0,"brecha_seguro":2,"pct_salud_publica":32,"pct_med_tradicional":11,"pct_automedicacion":18,"pct_remedios_caseros":25,"pct_viv_desocupada":0,"pct_alquiler":29,"pct_electricidad":100,"pct_sin_electricidad":0,"pct_agua_red":86,"pct_alcantarillado":57,"pct_camara_septica":14,"pct_pozo_ciego":29,"pct_sin_desague":0,"pct_gas_red":0,"pct_gas_garrafa":86,"pct_lena_guano":86,"pct_basura_formal":86,"pct_basura_quema":14,"pct_basura_informal":0,"pct_internet":43,"pct_celular":43,"pct_televisor":43}},{"type":"Feature","geometry":{"type":"Polygon","coordinates":[[[-65.34603,-10.81694],[-65.34563,-10.8161],[-65.34498,-10.81655],[-65.34498,-10.81672],[-65.34539,-10.81741],[-65.34603,-10.81694]]]},"properties":{"n":"GUAYARAMERIN","p":53,"personas_x_ha":53,"masculinidad":104,"pct_menor20":38,"pct_60mas":11,"pct_migrante":19,"dependencia_econ":66,"pct_empleados":66,"pct_cuentapropia":25,"pct_agricultura":6,"pct_comercio":16,"pct_manufactura":9,"pct_construccion":9,"pct_transporte":9,"pct_alojamiento":3,"pct_sin_educacion":3,"pct_educ_superior":35,"brecha_educ":5,"pct_sin_seguro":21,"pct_sus":65,"pct_seguro_privado":0,"brecha_seguro":2,"pct_salud_publica":28,"pct_med_tradicional":12,"pct_automedicacion":19,"pct_remedios_caseros":26,"pct_viv_desocupada":16,"pct_alquiler":31,"pct_electricidad":100,"pct_sin_electricidad":0,"pct_agua_red":81,"pct_alcantarillado":0,"pct_camara_septica":38,"pct_pozo_ciego":62,"pct_sin_desague":0,"pct_gas_red":6,"pct_gas_garrafa":94,"pct_lena_guano":94,"pct_basura_formal":100,"pct_basura_quema":0,"pct_basura_informal":0,"pct_internet":81,"pct_celular":88,"pct_televisor":69}},{"type":"Feature","geometry":{"type":"Polygon","coordinates":[[[-65.35357,-10.82632],[-65.35392,-10.8272],[-65.35484,-10.82676],[-65.3544,-10.82592],[-65.35357,-10.82632]]]},"properties":{"n":"GUAYARAMERIN","p":61,"personas_x_ha":53,"masculinidad":110,"pct_menor20":39,"pct_60mas":7,"pct_migrante":34,"dependencia_econ":177,"pct_empleados":45,"pct_cuentapropia":41,"pct_agricultura":0,"pct_comercio":23,"pct_manufactura":5,"pct_construccion":14,"pct_transporte":5,"pct_alojamiento":0,"pct_sin_educacion":0,"pct_educ_superior":49,"brecha_educ":10,"pct_sin_seguro":8,"pct_sus":69,"pct_seguro_privado":0,"brecha_seguro":10,"pct_salud_publica":31,"pct_med_tradicional":5,"pct_automedicacion":28,"pct_remedios_caseros":25,"pct_viv_desocupada":26,"pct_alquiler":46,"pct_electricidad":100,"pct_sin_electricidad":0,"pct_agua_red":92,"pct_alcantarillado":77,"pct_camara_septica":8,"pct_pozo_ciego":15,"pct_sin_desague":0,"pct_gas_red":8,"pct_gas_garrafa":85,"pct_lena_guano":85,"pct_basura_formal":92,"pct_basura_quema":8,"pct_basura_informal":0,"pct_internet":85,"pct_celular":85,"pct_televisor":62}},{"type":"Feature","geometry":{"type":"Polygon","coordinates":[[[-65.36237,-10.83954],[-65.36195,-10.83873],[-65.36107,-10.83914],[-65.36148,-10.84001],[-65.36237,-10.83954]]]},"properties":{"n":"GUAYARAMERIN","p":55,"personas_x_ha":48,"masculinidad":90,"pct_menor20":47,"pct_60mas":11,"pct_migrante":51,"dependencia_econ":141,"pct_empleados":36,"pct_cuentapropia":32,"pct_agricultura":9,"pct_comercio":23,"pct_manufactura":14,"pct_construccion":5,"pct_transporte":18,"pct_alojamiento":0,"pct_sin_educacion":4,"pct_educ_superior":14,"brecha_educ":-18,"pct_sin_seguro":20,"pct_sus":75,"pct_seguro_privado":0,"brecha_seguro":16,"pct_salud_publica":33,"pct_med_tradicional":1,"pct_automedicacion":32,"pct_remedios_caseros":23,"pct_viv_desocupada":0,"pct_alquiler":8,"pct_electricidad":100,"pct_sin_electricidad":0,"pct_agua_red":100,"pct_alcantarillado":17,"pct_camara_septica":50,"pct_pozo_ciego":17,"pct_sin_desague":8,"pct_gas_red":0,"pct_gas_garrafa":83,"pct_lena_guano":83,"pct_basura_formal":75,"pct_basura_quema":25,"pct_basura_informal":0,"pct_internet":67,"pct_celular":83,"pct_televisor":58}},{"type":"Feature","geometry":{"type":"Polygon","coordinates":[[[-65.35851,-10.81902],[-65.35896,-10.81991],[-65.35982,-10.81943],[-65.3594,-10.81858],[-65.35851,-10.81902]]]},"properties":{"n":"GUAYARAMERIN","p":73,"personas_x_ha":62,"masculinidad":128,"pct_menor20":36,"pct_60mas":10,"pct_migrante":25,"dependencia_econ":109,"pct_empleados":38,"pct_cuentapropia":50,"pct_agricultura":12,"pct_comercio":29,"pct_manufactura":6,"pct_construccion":3,"pct_transporte":6,"pct_alojamiento":6,"pct_sin_educacion":2,"pct_educ_superior":45,"brecha_educ":-2,"pct_sin_seguro":27,"pct_sus":61,"pct_seguro_privado":7,"brecha_seguro":-3,"pct_salud_publica":35,"pct_med_tradicional":5,"pct_automedicacion":15,"pct_remedios_caseros":22,"pct_viv_desocupada":21,"pct_alquiler":20,"pct_electricidad":93,"pct_sin_electricidad":7,"pct_agua_red":93,"pct_alcantarillado":93,"pct_camara_septica":0,"pct_pozo_ciego":0,"pct_sin_desague":7,"pct_gas_red":7,"pct_gas_garrafa":87,"pct_lena_guano":87,"pct_basura_formal":100,"pct_basura_quema":0,"pct_basura_informal":0,"pct_internet":87,"pct_celular":100,"pct_televisor":47}},{"type":"Feature","geometry":{"type":"Polygon","coordinates":[[[-65.35444,-10.84103],[-65.35528,-10.84058],[-65.35485,-10.83971],[-65.35399,-10.84013],[-65.35444,-10.84103]]]},"properties":{"n":"GUAYARAMERIN","p":62,"personas_x_ha":52,"masculinidad":82,"pct_menor20":48,"pct_60mas":5,"pct_migrante":16,"dependencia_econ":148,"pct_empleados":36,"pct_cuentapropia":44,"pct_agricultura":28,"pct_comercio":20,"pct_manufactura":4,"pct_construccion":16,"pct_transporte":4,"pct_alojamiento":12,"pct_sin_educacion":0,"pct_educ_superior":15,"brecha_educ":14,"pct_sin_seguro":5,"pct_sus":92,"pct_seguro_privado":0,"brecha_seguro":-2,"pct_salud_publica":42,"pct_med_tradicional":2,"pct_automedicacion":17,"pct_remedios_caseros":33,"pct_viv_desocupada":0,"pct_alquiler":7,"pct_electricidad":100,"pct_sin_electricidad":0,"pct_agua_red":93,"pct_alcantarillado":7,"pct_camara_septica":14,"pct_pozo_ciego":79,"pct_sin_desague":0,"pct_gas_red":0,"pct_gas_garrafa":93,"pct_lena_guano":93,"pct_basura_formal":93,"pct_basura_quema":7,"pct_basura_informal":0,"pct_internet":93,"pct_celular":93,"pct_televisor":71}},{"type":"Feature","geometry":{"type":"Polygon","coordinates":[[[-65.3619,-10.84123],[-65.36103,-10.84165],[-65.36147,-10.84252],[-65.36235,-10.84208],[-65.3619,-10.84123]]]},"properties":{"n":"GUAYARAMERIN","p":33,"personas_x_ha":29,"masculinidad":74,"pct_menor20":58,"pct_60mas":3,"pct_migrante":15,"dependencia_econ":175,"pct_empleados":67,"pct_cuentapropia":33,"pct_agricultura":25,"pct_comercio":0,"pct_manufactura":33,"pct_construccion":8,"pct_transporte":0,"pct_alojamiento":8,"pct_sin_educacion":0,"pct_educ_superior":7,"brecha_educ":-29,"pct_sin_seguro":3,"pct_sus":69,"pct_seguro_privado":12,"brecha_seguro":-5,"pct_salud_publica":41,"pct_med_tradicional":0,"pct_automedicacion":17,"pct_remedios_caseros":23,"pct_viv_desocupada":0,"pct_alquiler":0,"pct_electricidad":100,"pct_sin_electricidad":0,"pct_agua_red":100,"pct_alcantarillado":33,"pct_camara_septica":17,"pct_pozo_ciego":33,"pct_sin_desague":0,"pct_gas_red":0,"pct_gas_garrafa":67,"pct_lena_guano":67,"pct_basura_formal":100,"pct_basura_quema":0,"pct_basura_informal":0,"pct_internet":83,"pct_celular":100,"pct_televisor":83}},{"type":"Feature","geometry":{"type":"Polygon","coordinates":[[[-65.36285,-10.82022],[-65.36356,-10.82069],[-65.36388,-10.82081],[-65.36404,-10.82101],[-65.36409,-10.82096],[-65.36408,-10.82058],[-65.36317,-10.81994],[-65.36285,-10.82022]]]},"properties":{"n":"GUAYARAMERIN","p":38,"personas_x_ha":61,"masculinidad":111,"pct_menor20":53,"pct_60mas":8,"pct_migrante":32,"dependencia_econ":171,"pct_empleados":36,"pct_cuentapropia":64,"pct_agricultura":21,"pct_comercio":21,"pct_manufactura":21,"pct_construccion":0,"pct_transporte":0,"pct_alojamiento":0,"pct_sin_educacion":0,"pct_educ_superior":11,"brecha_educ":1,"pct_sin_seguro":42,"pct_sus":47,"pct_seguro_privado":5,"brecha_seguro":6,"pct_salud_publica":55,"pct_med_tradicional":2,"pct_automedicacion":14,"pct_remedios_caseros":14,"pct_viv_desocupada":0,"pct_alquiler":0,"pct_electricidad":40,"pct_sin_electricidad":50,"pct_agua_red":0,"pct_alcantarillado":0,"pct_camara_septica":10,"pct_pozo_ciego":70,"pct_sin_desague":10,"pct_gas_red":0,"pct_gas_garrafa":80,"pct_lena_guano":80,"pct_basura_formal":50,"pct_basura_quema":40,"pct_basura_informal":0,"pct_internet":80,"pct_celular":80,"pct_televisor":80}},{"type":"Feature","geometry":{"type":"Polygon","coordinates":[[[-65.35549,-10.82532],[-65.35541,-10.82528],[-65.35504,-10.82449],[-65.35591,-10.82403],[-65.35633,-10.82488],[-65.35549,-10.82532]]]},"properties":{"n":"GUAYARAMERIN","p":43,"personas_x_ha":36,"masculinidad":126,"pct_menor20":33,"pct_60mas":12,"pct_migrante":44,"dependencia_econ":65,"pct_empleados":27,"pct_cuentapropia":42,"pct_agricultura":15,"pct_comercio":8,"pct_manufactura":12,"pct_construccion":15,"pct_transporte":12,"pct_alojamiento":12,"pct_sin_educacion":3,"pct_educ_superior":28,"brecha_educ":15,"pct_sin_seguro":17,"pct_sus":79,"pct_seguro_privado":0,"brecha_seguro":19,"pct_salud_publica":35,"pct_med_tradicional":2,"pct_automedicacion":19,"pct_remedios_caseros":39,"pct_viv_desocupada":8,"pct_alquiler":45,"pct_electricidad":100,"pct_sin_electricidad":0,"pct_agua_red":100,"pct_alcantarillado":45,"pct_camara_septica":18,"pct_pozo_ciego":36,"pct_sin_desague":0,"pct_gas_red":0,"pct_gas_garrafa":100,"pct_lena_guano":100,"pct_basura_formal":100,"pct_basura_quema":0,"pct_basura_informal":0,"pct_internet":82,"pct_celular":91,"pct_televisor":55}},{"type":"Feature","geometry":{"type":"Polygon","coordinates":[[[-65.35958,-10.83397],[-65.35918,-10.83415],[-65.3596,-10.835],[-65.35998,-10.83482],[-65.35958,-10.83397]]]},"properties":{"n":"GUAYARAMERIN","p":29,"personas_x_ha":58,"masculinidad":61,"pct_menor20":45,"pct_60mas":14,"pct_migrante":38,"dependencia_econ":107,"pct_empleados":21,"pct_cuentapropia":64,"pct_agricultura":14,"pct_comercio":36,"pct_manufactura":0,"pct_construccion":7,"pct_transporte":0,"pct_alojamiento":21,"pct_sin_educacion":6,"pct_educ_superior":12,"brecha_educ":-13,"pct_sin_seguro":10,"pct_sus":90,"pct_seguro_privado":0,"brecha_seguro":13,"pct_salud_publica":24,"pct_med_tradicional":12,"pct_automedicacion":9,"pct_remedios_caseros":24,"pct_viv_desocupada":0,"pct_alquiler":0,"pct_electricidad":89,"pct_sin_electricidad":0,"pct_agua_red":89,"pct_alcantarillado":0,"pct_camara_septica":33,"pct_pozo_ciego":56,"pct_sin_desague":0,"pct_gas_red":0,"pct_gas_garrafa":89,"pct_lena_guano":89,"pct_basura_formal":78,"pct_basura_quema":22,"pct_basura_informal":0,"pct_internet":67,"pct_celular":89,"pct_televisor":67}},{"type":"Feature","geometry":{"type":"Polygon","coordinates":[[[-65.35175,-10.82012],[-65.35211,-10.82102],[-65.35301,-10.82056],[-65.35259,-10.81967],[-65.35175,-10.82012]]]},"properties":{"n":"GUAYARAMERIN","p":94,"personas_x_ha":79,"masculinidad":114,"pct_menor20":35,"pct_60mas":9,"pct_migrante":43,"dependencia_econ":109,"pct_empleados":29,"pct_cuentapropia":47,"pct_agricultura":2,"pct_comercio":22,"pct_manufactura":7,"pct_construccion":13,"pct_transporte":2,"pct_alojamiento":18,"pct_sin_educacion":3,"pct_educ_superior":34,"brecha_educ":-4,"pct_sin_seguro":14,"pct_sus":63,"pct_seguro_privado":3,"brecha_seguro":26,"pct_salud_publica":33,"pct_med_tradicional":5,"pct_automedicacion":11,"pct_remedios_caseros":27,"pct_viv_desocupada":3,"pct_alquiler":19,"pct_electricidad":100,"pct_sin_electricidad":0,"pct_agua_red":90,"pct_alcantarillado":74,"pct_camara_septica":10,"pct_pozo_ciego":6,"pct_sin_desague":3,"pct_gas_red":0,"pct_gas_garrafa":94,"pct_lena_guano":94,"pct_basura_formal":94,"pct_basura_quema":6,"pct_basura_informal":0,"pct_internet":81,"pct_celular":90,"pct_televisor":71}},{"type":"Feature","geometry":{"type":"Polygon","coordinates":[[[-65.3534,-10.82878],[-65.35248,-10.82924],[-65.35289,-10.83011],[-65.35382,-10.82967],[-65.3534,-10.82878]]]},"properties":{"n":"GUAYARAMERIN","p":51,"personas_x_ha":41,"masculinidad":168,"pct_menor20":49,"pct_60mas":10,"pct_migrante":18,"dependencia_econ":153,"pct_empleados":42,"pct_cuentapropia":37,"pct_agricultura":5,"pct_comercio":21,"pct_manufactura":26,"pct_construccion":11,"pct_transporte":11,"pct_alojamiento":5,"pct_sin_educacion":0,"pct_educ_superior":36,"brecha_educ":2,"pct_sin_seguro":19,"pct_sus":81,"pct_seguro_privado":0,"brecha_seguro":11,"pct_salud_publica":75,"pct_med_tradicional":0,"pct_automedicacion":2,"pct_remedios_caseros":4,"pct_viv_desocupada":0,"pct_alquiler":33,"pct_electricidad":92,"pct_sin_electricidad":0,"pct_agua_red":58,"pct_alcantarillado":25,"pct_camara_septica":42,"pct_pozo_ciego":25,"pct_sin_desague":0,"pct_gas_red":0,"pct_gas_garrafa":83,"pct_lena_guano":83,"pct_basura_formal":100,"pct_basura_quema":0,"pct_basura_informal":0,"pct_internet":67,"pct_celular":92,"pct_televisor":67}},{"type":"Feature","geometry":{"type":"Polygon","coordinates":[[[-65.34141,-10.82592],[-65.34131,-10.82636],[-65.34225,-10.82662],[-65.34238,-10.8262],[-65.34141,-10.82592]]]},"properties":{"n":"GUAYARAMERIN","p":40,"personas_x_ha":72,"masculinidad":150,"pct_menor20":45,"pct_60mas":0,"pct_migrante":20,"dependencia_econ":111,"pct_empleados":47,"pct_cuentapropia":37,"pct_agricultura":32,"pct_comercio":11,"pct_manufactura":11,"pct_construccion":11,"pct_transporte":21,"pct_alojamiento":11,"pct_sin_educacion":0,"pct_educ_superior":9,"brecha_educ":12,"pct_sin_seguro":15,"pct_sus":80,"pct_seguro_privado":5,"brecha_seguro":15,"pct_salud_publica":34,"pct_med_tradicional":0,"pct_automedicacion":25,"pct_remedios_caseros":26,"pct_viv_desocupada":0,"pct_alquiler":9,"pct_electricidad":100,"pct_sin_electricidad":0,"pct_agua_red":82,"pct_alcantarillado":36,"pct_camara_septica":0,"pct_pozo_ciego":64,"pct_sin_desague":0,"pct_gas_red":0,"pct_gas_garrafa":100,"pct_lena_guano":100,"pct_basura_formal":100,"pct_basura_quema":0,"pct_basura_informal":0,"pct_internet":100,"pct_celular":100,"pct_televisor":91}},{"type":"Feature","geometry":{"type":"Polygon","coordinates":[[[-65.3643,-10.82582],[-65.3635,-10.82618],[-65.36394,-10.82698],[-65.36469,-10.8266],[-65.3643,-10.82582]]]},"properties":{"n":"GUAYARAMERIN","p":94,"personas_x_ha":97,"masculinidad":92,"pct_menor20":46,"pct_60mas":5,"pct_migrante":39,"dependencia_econ":154,"pct_empleados":41,"pct_cuentapropia":43,"pct_agricultura":3,"pct_comercio":24,"pct_manufactura":8,"pct_construccion":11,"pct_transporte":14,"pct_alojamiento":11,"pct_sin_educacion":10,"pct_educ_superior":17,"brecha_educ":-7,"pct_sin_seguro":12,"pct_sus":86,"pct_seguro_privado":1,"brecha_seguro":7,"pct_salud_publica":40,"pct_med_tradicional":6,"pct_automedicacion":22,"pct_remedios_caseros":15,"pct_viv_desocupada":9,"pct_alquiler":24,"pct_electricidad":100,"pct_sin_electricidad":0,"pct_agua_red":86,"pct_alcantarillado":71,"pct_camara_septica":10,"pct_pozo_ciego":19,"pct_sin_desague":0,"pct_gas_red":10,"pct_gas_garrafa":81,"pct_lena_guano":81,"pct_basura_formal":100,"pct_basura_quema":0,"pct_basura_informal":0,"pct_internet":90,"pct_celular":90,"pct_televisor":86}},{"type":"Feature","geometry":{"type":"Polygon","coordinates":[[[-65.35912,-10.82294],[-65.35889,-10.82256],[-65.35808,-10.82299],[-65.35828,-10.82337],[-65.35912,-10.82294]]]},"properties":{"n":"GUAYARAMERIN","p":21,"personas_x_ha":41,"masculinidad":91,"pct_menor20":33,"pct_60mas":14,"pct_migrante":43,"dependencia_econ":75,"pct_empleados":42,"pct_cuentapropia":58,"pct_agricultura":0,"pct_comercio":33,"pct_manufactura":0,"pct_construccion":0,"pct_transporte":17,"pct_alojamiento":0,"pct_sin_educacion":0,"pct_educ_superior":50,"brecha_educ":0,"pct_sin_seguro":5,"pct_sus":57,"pct_seguro_privado":0,"brecha_seguro":-9,"pct_salud_publica":29,"pct_med_tradicional":2,"pct_automedicacion":29,"pct_remedios_caseros":19,"pct_viv_desocupada":0,"pct_alquiler":71,"pct_electricidad":100,"pct_sin_electricidad":0,"pct_agua_red":100,"pct_alcantarillado":100,"pct_camara_septica":0,"pct_pozo_ciego":0,"pct_sin_desague":0,"pct_gas_red":0,"pct_gas_garrafa":100,"pct_lena_guano":100,"pct_basura_formal":100,"pct_basura_quema":0,"pct_basura_informal":0,"pct_internet":100,"pct_celular":100,"pct_televisor":86}},{"type":"Feature","geometry":{"type":"Polygon","coordinates":[[[-65.35457,-10.81131],[-65.35363,-10.81176],[-65.35408,-10.81262],[-65.35502,-10.81219],[-65.35457,-10.81131]]]},"properties":{"n":"GUAYARAMERIN","p":76,"personas_x_ha":61,"masculinidad":77,"pct_menor20":29,"pct_60mas":16,"pct_migrante":26,"dependencia_econ":85,"pct_empleados":34,"pct_cuentapropia":41,"pct_agricultura":12,"pct_comercio":15,"pct_manufactura":12,"pct_construccion":2,"pct_transporte":5,"pct_alojamiento":20,"pct_sin_educacion":0,"pct_educ_superior":39,"brecha_educ":-7,"pct_sin_seguro":8,"pct_sus":76,"pct_seguro_privado":0,"brecha_seguro":8,"pct_salud_publica":36,"pct_med_tradicional":1,"pct_automedicacion":11,"pct_remedios_caseros":26,"pct_viv_desocupada":0,"pct_alquiler":26,"pct_electricidad":100,"pct_sin_electricidad":0,"pct_agua_red":100,"pct_alcantarillado":84,"pct_camara_septica":11,"pct_pozo_ciego":5,"pct_sin_desague":0,"pct_gas_red":0,"pct_gas_garrafa":100,"pct_lena_guano":100,"pct_basura_formal":100,"pct_basura_quema":0,"pct_basura_informal":0,"pct_internet":89,"pct_celular":84,"pct_televisor":74}},{"type":"Feature","geometry":{"type":"Polygon","coordinates":[[[-65.34737,-10.83576],[-65.34753,-10.83519],[-65.34661,-10.83494],[-65.34648,-10.83548],[-65.34737,-10.83576]]]},"properties":{"n":"GUAYARAMERIN","p":18,"personas_x_ha":27,"masculinidad":100,"pct_menor20":39,"pct_60mas":6,"pct_migrante":39,"dependencia_econ":50,"pct_empleados":50,"pct_cuentapropia":42,"pct_agricultura":17,"pct_comercio":17,"pct_manufactura":0,"pct_construccion":17,"pct_transporte":17,"pct_alojamiento":8,"pct_sin_educacion":0,"pct_educ_superior":18,"brecha_educ":-29,"pct_sin_seguro":28,"pct_sus":72,"pct_seguro_privado":0,"brecha_seguro":-11,"pct_salud_publica":67,"pct_med_tradicional":0,"pct_automedicacion":0,"pct_remedios_caseros":6,"pct_viv_desocupada":0,"pct_alquiler":0,"pct_electricidad":100,"pct_sin_electricidad":0,"pct_agua_red":20,"pct_alcantarillado":0,"pct_camara_septica":80,"pct_pozo_ciego":0,"pct_sin_desague":20,"pct_gas_red":0,"pct_gas_garrafa":100,"pct_lena_guano":100,"pct_basura_formal":100,"pct_basura_quema":0,"pct_basura_informal":0,"pct_internet":40,"pct_celular":80,"pct_televisor":80}},{"type":"Feature","geometry":{"type":"Polygon","coordinates":[[[-65.37195,-10.81186],[-65.37155,-10.81116],[-65.37102,-10.81128],[-65.37144,-10.81201],[-65.37195,-10.81186]]]},"properties":{"n":"GUAYARAMERIN","p":45,"personas_x_ha":84,"masculinidad":67,"pct_menor20":58,"pct_60mas":0,"pct_migrante":20,"dependencia_econ":173,"pct_empleados":60,"pct_cuentapropia":20,"pct_agricultura":7,"pct_comercio":7,"pct_manufactura":7,"pct_construccion":13,"pct_transporte":0,"pct_alojamiento":7,"pct_sin_educacion":0,"pct_educ_superior":33,"brecha_educ":11,"pct_sin_seguro":24,"pct_sus":73,"pct_seguro_privado":0,"brecha_seguro":-4,"pct_salud_publica":49,"pct_med_tradicional":1,"pct_automedicacion":9,"pct_remedios_caseros":30,"pct_viv_desocupada":23,"pct_alquiler":0,"pct_electricidad":100,"pct_sin_electricidad":0,"pct_agua_red":10,"pct_alcantarillado":10,"pct_camara_septica":20,"pct_pozo_ciego":60,"pct_sin_desague":10,"pct_gas_red":0,"pct_gas_garrafa":100,"pct_lena_guano":100,"pct_basura_formal":100,"pct_basura_quema":0,"pct_basura_informal":0,"pct_internet":90,"pct_celular":90,"pct_televisor":80}},{"type":"Feature","geometry":{"type":"Polygon","coordinates":[[[-65.34815,-10.80861],[-65.34856,-10.80931],[-65.34765,-10.80975],[-65.34734,-10.80904],[-65.34815,-10.80861]]]},"properties":{"n":"GUAYARAMERIN","p":54,"personas_x_ha":54,"masculinidad":125,"pct_menor20":35,"pct_60mas":11,"pct_migrante":33,"dependencia_econ":112,"pct_empleados":36,"pct_cuentapropia":60,"pct_agricultura":4,"pct_comercio":44,"pct_manufactura":4,"pct_construccion":8,"pct_transporte":4,"pct_alojamiento":4,"pct_sin_educacion":9,"pct_educ_superior":29,"brecha_educ":1,"pct_sin_seguro":15,"pct_sus":74,"pct_seguro_privado":8,"brecha_seguro":19,"pct_salud_publica":27,"pct_med_tradicional":0,"pct_automedicacion":32,"pct_remedios_caseros":30,"pct_viv_desocupada":0,"pct_alquiler":67,"pct_electricidad":100,"pct_sin_electricidad":0,"pct_agua_red":100,"pct_alcantarillado":22,"pct_camara_septica":22,"pct_pozo_ciego":33,"pct_sin_desague":22,"pct_gas_red":0,"pct_gas_garrafa":83,"pct_lena_guano":83,"pct_basura_formal":100,"pct_basura_quema":0,"pct_basura_informal":0,"pct_internet":89,"pct_celular":94,"pct_televisor":83}},{"type":"Feature","geometry":{"type":"Polygon","coordinates":[[[-65.34915,-10.81022],[-65.35002,-10.80982],[-65.34963,-10.80892],[-65.34871,-10.80936],[-65.34915,-10.81022]]]},"properties":{"n":"GUAYARAMERIN","p":47,"personas_x_ha":39,"masculinidad":96,"pct_menor20":45,"pct_60mas":9,"pct_migrante":60,"dependencia_econ":161,"pct_empleados":28,"pct_cuentapropia":67,"pct_agricultura":0,"pct_comercio":39,"pct_manufactura":11,"pct_construccion":6,"pct_transporte":6,"pct_alojamiento":11,"pct_sin_educacion":0,"pct_educ_superior":56,"brecha_educ":6,"pct_sin_seguro":30,"pct_sus":57,"pct_seguro_privado":2,"brecha_seguro":1,"pct_salud_publica":30,"pct_med_tradicional":8,"pct_automedicacion":16,"pct_remedios_caseros":16,"pct_viv_desocupada":13,"pct_alquiler":53,"pct_electricidad":100,"pct_sin_electricidad":0,"pct_agua_red":94,"pct_alcantarillado":41,"pct_camara_septica":29,"pct_pozo_ciego":6,"pct_sin_desague":18,"pct_gas_red":6,"pct_gas_garrafa":88,"pct_lena_guano":88,"pct_basura_formal":100,"pct_basura_quema":0,"pct_basura_informal":0,"pct_internet":88,"pct_celular":94,"pct_televisor":82}},{"type":"Feature","geometry":{"type":"Polygon","coordinates":[[[-65.36282,-10.82766],[-65.36326,-10.82855],[-65.36426,-10.82807],[-65.36383,-10.82715],[-65.36282,-10.82766]]]},"properties":{"n":"GUAYARAMERIN","p":47,"personas_x_ha":34,"masculinidad":135,"pct_menor20":49,"pct_60mas":2,"pct_migrante":28,"dependencia_econ":142,"pct_empleados":26,"pct_cuentapropia":47,"pct_agricultura":16,"pct_comercio":11,"pct_manufactura":26,"pct_construccion":11,"pct_transporte":0,"pct_alojamiento":11,"pct_sin_educacion":4,"pct_educ_superior":30,"brecha_educ":-12,"pct_sin_seguro":2,"pct_sus":82,"pct_seguro_privado":4,"brecha_seguro":4,"pct_salud_publica":44,"pct_med_tradicional":0,"pct_automedicacion":20,"pct_remedios_caseros":21,"pct_viv_desocupada":20,"pct_alquiler":9,"pct_electricidad":91,"pct_sin_electricidad":9,"pct_agua_red":55,"pct_alcantarillado":27,"pct_camara_septica":36,"pct_pozo_ciego":27,"pct_sin_desague":9,"pct_gas_red":0,"pct_gas_garrafa":91,"pct_lena_guano":91,"pct_basura_formal":82,"pct_basura_quema":9,"pct_basura_informal":0,"pct_internet":73,"pct_celular":73,"pct_televisor":73}},{"type":"Feature","geometry":{"type":"Polygon","coordinates":[[[-65.35607,-10.80948],[-65.35646,-10.81033],[-65.35558,-10.81069],[-65.35518,-10.80989],[-65.35607,-10.80948]]]},"properties":{"n":"GUAYARAMERIN","p":38,"personas_x_ha":33,"masculinidad":81,"pct_menor20":34,"pct_60mas":11,"pct_migrante":47,"dependencia_econ":138,"pct_empleados":31,"pct_cuentapropia":56,"pct_agricultura":12,"pct_comercio":44,"pct_manufactura":12,"pct_construccion":0,"pct_transporte":0,"pct_alojamiento":0,"pct_sin_educacion":0,"pct_educ_superior":24,"brecha_educ":8,"pct_sin_seguro":3,"pct_sus":97,"pct_seguro_privado":0,"brecha_seguro":7,"pct_salud_publica":35,"pct_med_tradicional":12,"pct_automedicacion":20,"pct_remedios_caseros":25,"pct_viv_desocupada":6,"pct_alquiler":22,"pct_electricidad":100,"pct_sin_electricidad":0,"pct_agua_red":100,"pct_alcantarillado":44,"pct_camara_septica":22,"pct_pozo_ciego":11,"pct_sin_desague":11,"pct_gas_red":0,"pct_gas_garrafa":89,"pct_lena_guano":89,"pct_basura_formal":78,"pct_basura_quema":22,"pct_basura_informal":0,"pct_internet":67,"pct_celular":67,"pct_televisor":56}},{"type":"Feature","geometry":{"type":"Polygon","coordinates":[[[-65.35513,-10.8196],[-65.35555,-10.82045],[-65.35641,-10.82002],[-65.35598,-10.81916],[-65.35513,-10.8196]]]},"properties":{"n":"GUAYARAMERIN","p":27,"personas_x_ha":24,"masculinidad":59,"pct_menor20":19,"pct_60mas":4,"pct_migrante":44,"dependencia_econ":29,"pct_empleados":19,"pct_cuentapropia":52,"pct_agricultura":10,"pct_comercio":29,"pct_manufactura":0,"pct_construccion":5,"pct_transporte":0,"pct_alojamiento":19,"pct_sin_educacion":0,"pct_educ_superior":23,"brecha_educ":5,"pct_sin_seguro":12,"pct_sus":62,"pct_seguro_privado":0,"brecha_seguro":-20,"pct_salud_publica":46,"pct_med_tradicional":6,"pct_automedicacion":9,"pct_remedios_caseros":14,"pct_viv_desocupada":32,"pct_alquiler":8,"pct_electricidad":100,"pct_sin_electricidad":0,"pct_agua_red":58,"pct_alcantarillado":83,"pct_camara_septica":17,"pct_pozo_ciego":0,"pct_sin_desague":0,"pct_gas_red":0,"pct_gas_garrafa":100,"pct_lena_guano":100,"pct_basura_formal":92,"pct_basura_quema":8,"pct_basura_informal":0,"pct_internet":83,"pct_celular":92,"pct_televisor":100}},{"type":"Feature","geometry":{"type":"Polygon","coordinates":[[[-65.35242,-10.84693],[-65.35327,-10.8465],[-65.35286,-10.84559],[-65.35198,-10.84601],[-65.35242,-10.84693]]]},"properties":{"n":"GUAYARAMERIN","p":64,"personas_x_ha":54,"masculinidad":94,"pct_menor20":58,"pct_60mas":2,"pct_migrante":25,"dependencia_econ":195,"pct_empleados":52,"pct_cuentapropia":19,"pct_agricultura":10,"pct_comercio":38,"pct_manufactura":10,"pct_construccion":29,"pct_transporte":5,"pct_alojamiento":0,"pct_sin_educacion":0,"pct_educ_superior":8,"brecha_educ":1,"pct_sin_seguro":15,"pct_sus":80,"pct_seguro_privado":0,"brecha_seguro":3,"pct_salud_publica":39,"pct_med_tradicional":0,"pct_automedicacion":11,"pct_remedios_caseros":37,"pct_viv_desocupada":8,"pct_alquiler":0,"pct_electricidad":92,"pct_sin_electricidad":8,"pct_agua_red":58,"pct_alcantarillado":33,"pct_camara_septica":17,"pct_pozo_ciego":42,"pct_sin_desague":8,"pct_gas_red":0,"pct_gas_garrafa":83,"pct_lena_guano":83,"pct_basura_formal":75,"pct_basura_quema":17,"pct_basura_informal":0,"pct_internet":83,"pct_celular":83,"pct_televisor":67}},{"type":"Feature","geometry":{"type":"Polygon","coordinates":[[[-65.35304,-10.82551],[-65.35214,-10.82596],[-65.35252,-10.82674],[-65.35342,-10.82631],[-65.35304,-10.82551]]]},"properties":{"n":"GUAYARAMERIN","p":45,"personas_x_ha":40,"masculinidad":96,"pct_menor20":49,"pct_60mas":7,"pct_migrante":33,"dependencia_econ":96,"pct_empleados":26,"pct_cuentapropia":70,"pct_agricultura":4,"pct_comercio":35,"pct_manufactura":4,"pct_construccion":9,"pct_transporte":4,"pct_alojamiento":22,"pct_sin_educacion":0,"pct_educ_superior":23,"brecha_educ":-21,"pct_sin_seguro":0,"pct_sus":82,"pct_seguro_privado":0,"brecha_seguro":0,"pct_salud_publica":45,"pct_med_tradicional":1,"pct_automedicacion":2,"pct_remedios_caseros":27,"pct_viv_desocupada":0,"pct_alquiler":56,"pct_electricidad":100,"pct_sin_electricidad":0,"pct_agua_red":100,"pct_alcantarillado":67,"pct_camara_septica":11,"pct_pozo_ciego":11,"pct_sin_desague":0,"pct_gas_red":11,"pct_gas_garrafa":89,"pct_lena_guano":89,"pct_basura_formal":89,"pct_basura_quema":11,"pct_basura_informal":0,"pct_internet":89,"pct_celular":78,"pct_televisor":78}},{"type":"Feature","geometry":{"type":"Polygon","coordinates":[[[-65.35034,-10.83006],[-65.3499,-10.82926],[-65.34931,-10.82956],[-65.34913,-10.8301],[-65.35017,-10.83045],[-65.35034,-10.83006]]]},"properties":{"n":"GUAYARAMERIN","p":75,"personas_x_ha":69,"masculinidad":108,"pct_menor20":47,"pct_60mas":7,"pct_migrante":29,"dependencia_econ":135,"pct_empleados":39,"pct_cuentapropia":29,"pct_agricultura":10,"pct_comercio":26,"pct_manufactura":13,"pct_construccion":6,"pct_transporte":10,"pct_alojamiento":6,"pct_sin_educacion":0,"pct_educ_superior":12,"brecha_educ":-12,"pct_sin_seguro":7,"pct_sus":85,"pct_seguro_privado":3,"brecha_seguro":8,"pct_salud_publica":44,"pct_med_tradicional":1,"pct_automedicacion":25,"pct_remedios_caseros":23,"pct_viv_desocupada":0,"pct_alquiler":20,"pct_electricidad":100,"pct_sin_electricidad":0,"pct_agua_red":100,"pct_alcantarillado":5,"pct_camara_septica":45,"pct_pozo_ciego":20,"pct_sin_desague":5,"pct_gas_red":0,"pct_gas_garrafa":90,"pct_lena_guano":90,"pct_basura_formal":100,"pct_basura_quema":0,"pct_basura_informal":0,"pct_internet":55,"pct_celular":80,"pct_televisor":70}},{"type":"Feature","geometry":{"type":"Polygon","coordinates":[[[-65.35447,-10.81611],[-65.35406,-10.81523],[-65.35317,-10.81569],[-65.3536,-10.81653],[-65.35447,-10.81611]]]},"properties":{"n":"GUAYARAMERIN","p":75,"personas_x_ha":61,"masculinidad":97,"pct_menor20":29,"pct_60mas":15,"pct_migrante":47,"dependencia_econ":88,"pct_empleados":25,"pct_cuentapropia":65,"pct_agricultura":5,"pct_comercio":45,"pct_manufactura":0,"pct_construccion":8,"pct_transporte":2,"pct_alojamiento":20,"pct_sin_educacion":2,"pct_educ_superior":42,"brecha_educ":-11,"pct_sin_seguro":50,"pct_sus":44,"pct_seguro_privado":0,"brecha_seguro":6,"pct_salud_publica":29,"pct_med_tradicional":8,"pct_automedicacion":12,"pct_remedios_caseros":17,"pct_viv_desocupada":3,"pct_alquiler":36,"pct_electricidad":100,"pct_sin_electricidad":0,"pct_agua_red":100,"pct_alcantarillado":86,"pct_camara_septica":14,"pct_pozo_ciego":0,"pct_sin_desague":0,"pct_gas_red":4,"pct_gas_garrafa":89,"pct_lena_guano":89,"pct_basura_formal":100,"pct_basura_quema":0,"pct_basura_informal":0,"pct_internet":96,"pct_celular":96,"pct_televisor":82}},{"type":"Feature","geometry":{"type":"Polygon","coordinates":[[[-65.35707,-10.8339],[-65.35667,-10.83303],[-65.35581,-10.83348],[-65.35623,-10.83429],[-65.35707,-10.8339]]]},"properties":{"n":"GUAYARAMERIN","p":64,"personas_x_ha":58,"masculinidad":129,"pct_menor20":50,"pct_60mas":5,"pct_migrante":23,"dependencia_econ":152,"pct_empleados":64,"pct_cuentapropia":20,"pct_agricultura":16,"pct_comercio":4,"pct_manufactura":4,"pct_construccion":20,"pct_transporte":4,"pct_alojamiento":20,"pct_sin_educacion":0,"pct_educ_superior":15,"brecha_educ":3,"pct_sin_seguro":10,"pct_sus":86,"pct_seguro_privado":0,"brecha_seguro":4,"pct_salud_publica":35,"pct_med_tradicional":10,"pct_automedicacion":13,"pct_remedios_caseros":33,"pct_viv_desocupada":0,"pct_alquiler":17,"pct_electricidad":92,"pct_sin_electricidad":8,"pct_agua_red":100,"pct_alcantarillado":8,"pct_camara_septica":8,"pct_pozo_ciego":75,"pct_sin_desague":0,"pct_gas_red":0,"pct_gas_garrafa":83,"pct_lena_guano":83,"pct_basura_formal":92,"pct_basura_quema":8,"pct_basura_informal":0,"pct_internet":100,"pct_celular":92,"pct_televisor":92}},{"type":"Feature","geometry":{"type":"Polygon","coordinates":[[[-65.34457,-10.83772],[-65.3447,-10.83719],[-65.34379,-10.83694],[-65.34365,-10.83746],[-65.34457,-10.83772]]]},"properties":{"n":"GUAYARAMERIN","p":55,"personas_x_ha":88,"masculinidad":77,"pct_menor20":44,"pct_60mas":9,"pct_migrante":24,"dependencia_econ":175,"pct_empleados":30,"pct_cuentapropia":35,"pct_agricultura":25,"pct_comercio":25,"pct_manufactura":10,"pct_construccion":15,"pct_transporte":0,"pct_alojamiento":0,"pct_sin_educacion":3,"pct_educ_superior":19,"brecha_educ":0,"pct_sin_seguro":5,"pct_sus":82,"pct_seguro_privado":2,"brecha_seguro":-2,"pct_salud_publica":61,"pct_med_tradicional":0,"pct_automedicacion":9,"pct_remedios_caseros":16,"pct_viv_desocupada":7,"pct_alquiler":18,"pct_electricidad":100,"pct_sin_electricidad":0,"pct_agua_red":82,"pct_alcantarillado":0,"pct_camara_septica":45,"pct_pozo_ciego":55,"pct_sin_desague":0,"pct_gas_red":0,"pct_gas_garrafa":100,"pct_lena_guano":100,"pct_basura_formal":100,"pct_basura_quema":0,"pct_basura_informal":0,"pct_internet":91,"pct_celular":91,"pct_televisor":73}},{"type":"Feature","geometry":{"type":"Polygon","coordinates":[[[-65.35453,-10.80643],[-65.35446,-10.80625],[-65.35348,-10.80657],[-65.35233,-10.8068],[-65.35261,-10.80736],[-65.35453,-10.80643]]]},"properties":{"n":"GUAYARAMERIN","p":74,"personas_x_ha":74,"masculinidad":100,"pct_menor20":45,"pct_60mas":8,"pct_migrante":20,"dependencia_econ":135,"pct_empleados":23,"pct_cuentapropia":68,"pct_agricultura":3,"pct_comercio":35,"pct_manufactura":6,"pct_construccion":3,"pct_transporte":10,"pct_alojamiento":3,"pct_sin_educacion":0,"pct_educ_superior":20,"brecha_educ":5,"pct_sin_seguro":10,"pct_sus":88,"pct_seguro_privado":3,"brecha_seguro":2,"pct_salud_publica":35,"pct_med_tradicional":1,"pct_automedicacion":25,"pct_remedios_caseros":28,"pct_viv_desocupada":0,"pct_alquiler":6,"pct_electricidad":94,"pct_sin_electricidad":6,"pct_agua_red":94,"pct_alcantarillado":38,"pct_camara_septica":12,"pct_pozo_ciego":19,"pct_sin_desague":6,"pct_gas_red":0,"pct_gas_garrafa":100,"pct_lena_guano":100,"pct_basura_formal":94,"pct_basura_quema":0,"pct_basura_informal":0,"pct_internet":100,"pct_celular":100,"pct_televisor":94}},{"type":"Feature","geometry":{"type":"Polygon","coordinates":[[[-65.34739,-10.84351],[-65.34649,-10.84323],[-65.34633,-10.84382],[-65.34727,-10.84408],[-65.34739,-10.84351]]]},"properties":{"n":"GUAYARAMERIN","p":43,"personas_x_ha":62,"masculinidad":105,"pct_menor20":40,"pct_60mas":7,"pct_migrante":30,"dependencia_econ":105,"pct_empleados":14,"pct_cuentapropia":33,"pct_agricultura":24,"pct_comercio":5,"pct_manufactura":5,"pct_construccion":5,"pct_transporte":19,"pct_alojamiento":10,"pct_sin_educacion":0,"pct_educ_superior":15,"brecha_educ":12,"pct_sin_seguro":10,"pct_sus":90,"pct_seguro_privado":0,"brecha_seguro":10,"pct_salud_publica":47,"pct_med_tradicional":13,"pct_automedicacion":18,"pct_remedios_caseros":20,"pct_viv_desocupada":8,"pct_alquiler":0,"pct_electricidad":100,"pct_sin_electricidad":0,"pct_agua_red":0,"pct_alcantarillado":0,"pct_camara_septica":8,"pct_pozo_ciego":58,"pct_sin_desague":0,"pct_gas_red":0,"pct_gas_garrafa":100,"pct_lena_guano":100,"pct_basura_formal":75,"pct_basura_quema":25,"pct_basura_informal":0,"pct_internet":33,"pct_celular":58,"pct_televisor":50}},{"type":"Feature","geometry":{"type":"Polygon","coordinates":[[[-65.34703,-10.83359],[-65.34791,-10.83383],[-65.3481,-10.83331],[-65.34716,-10.83302],[-65.34699,-10.83351],[-65.34703,-10.83359]]]},"properties":{"n":"GUAYARAMERIN","p":23,"personas_x_ha":32,"masculinidad":92,"pct_menor20":48,"pct_60mas":4,"pct_migrante":39,"dependencia_econ":156,"pct_empleados":33,"pct_cuentapropia":44,"pct_agricultura":11,"pct_comercio":44,"pct_manufactura":0,"pct_construccion":0,"pct_transporte":0,"pct_alojamiento":11,"pct_sin_educacion":0,"pct_educ_superior":33,"brecha_educ":0,"pct_sin_seguro":10,"pct_sus":90,"pct_seguro_privado":0,"brecha_seguro":1,"pct_salud_publica":35,"pct_med_tradicional":5,"pct_automedicacion":10,"pct_remedios_caseros":32,"pct_viv_desocupada":23,"pct_alquiler":0,"pct_electricidad":86,"pct_sin_electricidad":14,"pct_agua_red":57,"pct_alcantarillado":0,"pct_camara_septica":71,"pct_pozo_ciego":0,"pct_sin_desague":29,"pct_gas_red":14,"pct_gas_garrafa":57,"pct_lena_guano":57,"pct_basura_formal":86,"pct_basura_quema":14,"pct_basura_informal":0,"pct_internet":86,"pct_celular":86,"pct_televisor":71}},{"type":"Feature","geometry":{"type":"Polygon","coordinates":[[[-65.3529,-10.82783],[-65.352,-10.82827],[-65.35243,-10.82911],[-65.35332,-10.82868],[-65.3529,-10.82783]]]},"properties":{"n":"GUAYARAMERIN","p":89,"personas_x_ha":75,"masculinidad":89,"pct_menor20":42,"pct_60mas":9,"pct_migrante":39,"dependencia_econ":124,"pct_empleados":19,"pct_cuentapropia":43,"pct_agricultura":5,"pct_comercio":27,"pct_manufactura":11,"pct_construccion":3,"pct_transporte":3,"pct_alojamiento":8,"pct_sin_educacion":0,"pct_educ_superior":38,"brecha_educ":5,"pct_sin_seguro":0,"pct_sus":73,"pct_seguro_privado":8,"brecha_seguro":0,"pct_salud_publica":63,"pct_med_tradicional":0,"pct_automedicacion":0,"pct_remedios_caseros":9,"pct_viv_desocupada":0,"pct_alquiler":6,"pct_electricidad":100,"pct_sin_electricidad":0,"pct_agua_red":94,"pct_alcantarillado":47,"pct_camara_septica":47,"pct_pozo_ciego":6,"pct_sin_desague":0,"pct_gas_red":18,"pct_gas_garrafa":82,"pct_lena_guano":82,"pct_basura_formal":100,"pct_basura_quema":0,"pct_basura_informal":0,"pct_internet":71,"pct_celular":76,"pct_televisor":65}},{"type":"Feature","geometry":{"type":"Polygon","coordinates":[[[-65.34422,-10.835],[-65.3433,-10.83472],[-65.34312,-10.83527],[-65.34405,-10.83555],[-65.34422,-10.835]]]},"properties":{"n":"GUAYARAMERIN","p":38,"personas_x_ha":55,"masculinidad":81,"pct_menor20":39,"pct_60mas":5,"pct_migrante":26,"dependencia_econ":138,"pct_empleados":62,"pct_cuentapropia":6,"pct_agricultura":12,"pct_comercio":12,"pct_manufactura":6,"pct_construccion":31,"pct_transporte":0,"pct_alojamiento":12,"pct_sin_educacion":0,"pct_educ_superior":26,"brecha_educ":-27,"pct_sin_seguro":31,"pct_sus":42,"pct_seguro_privado":0,"brecha_seguro":-10,"pct_salud_publica":31,"pct_med_tradicional":1,"pct_automedicacion":16,"pct_remedios_caseros":29,"pct_viv_desocupada":9,"pct_alquiler":20,"pct_electricidad":100,"pct_sin_electricidad":0,"pct_agua_red":80,"pct_alcantarillado":30,"pct_camara_septica":40,"pct_pozo_ciego":30,"pct_sin_desague":0,"pct_gas_red":0,"pct_gas_garrafa":100,"pct_lena_guano":100,"pct_basura_formal":100,"pct_basura_quema":0,"pct_basura_informal":0,"pct_internet":70,"pct_celular":70,"pct_televisor":40}},{"type":"Feature","geometry":{"type":"Polygon","coordinates":[[[-65.34803,-10.81192],[-65.34716,-10.81008],[-65.34526,-10.81114],[-65.34383,-10.81217],[-65.34459,-10.8136],[-65.34803,-10.81192]]]},"properties":{"n":"GUAYARAMERIN","p":68,"personas_x_ha":8,"masculinidad":79,"pct_menor20":47,"pct_60mas":9,"pct_migrante":34,"dependencia_econ":134,"pct_empleados":17,"pct_cuentapropia":69,"pct_agricultura":10,"pct_comercio":17,"pct_manufactura":10,"pct_construccion":14,"pct_transporte":7,"pct_alojamiento":3,"pct_sin_educacion":6,"pct_educ_superior":11,"brecha_educ":0,"pct_sin_seguro":3,"pct_sus":88,"pct_seguro_privado":1,"brecha_seguro":-5,"pct_salud_publica":81,"pct_med_tradicional":0,"pct_automedicacion":0,"pct_remedios_caseros":7,"pct_viv_desocupada":12,"pct_alquiler":15,"pct_electricidad":100,"pct_sin_electricidad":0,"pct_agua_red":95,"pct_alcantarillado":35,"pct_camara_septica":50,"pct_pozo_ciego":10,"pct_sin_desague":0,"pct_gas_red":10,"pct_gas_garrafa":80,"pct_lena_guano":80,"pct_basura_formal":100,"pct_basura_quema":0,"pct_basura_informal":0,"pct_internet":85,"pct_celular":85,"pct_televisor":70}},{"type":"Feature","geometry":{"type":"Polygon","coordinates":[[[-65.35936,-10.82811],[-65.36023,-10.82766],[-65.35984,-10.82681],[-65.35896,-10.82723],[-65.35936,-10.82811]]]},"properties":{"n":"GUAYARAMERIN","p":52,"personas_x_ha":45,"masculinidad":93,"pct_menor20":48,"pct_60mas":4,"pct_migrante":46,"dependencia_econ":117,"pct_empleados":21,"pct_cuentapropia":38,"pct_agricultura":4,"pct_comercio":21,"pct_manufactura":0,"pct_construccion":8,"pct_transporte":0,"pct_alojamiento":38,"pct_sin_educacion":0,"pct_educ_superior":22,"brecha_educ":-25,"pct_sin_seguro":4,"pct_sus":83,"pct_seguro_privado":0,"brecha_seguro":8,"pct_salud_publica":30,"pct_med_tradicional":6,"pct_automedicacion":22,"pct_remedios_caseros":27,"pct_viv_desocupada":0,"pct_alquiler":55,"pct_electricidad":100,"pct_sin_electricidad":0,"pct_agua_red":100,"pct_alcantarillado":73,"pct_camara_septica":18,"pct_pozo_ciego":9,"pct_sin_desague":0,"pct_gas_red":0,"pct_gas_garrafa":82,"pct_lena_guano":82,"pct_basura_formal":91,"pct_basura_quema":9,"pct_basura_informal":0,"pct_internet":82,"pct_celular":82,"pct_televisor":73}},{"type":"Feature","geometry":{"type":"Polygon","coordinates":[[[-65.34885,-10.83894],[-65.34974,-10.83919],[-65.34992,-10.83868],[-65.34899,-10.83838],[-65.34885,-10.83894]]]},"properties":{"n":"GUAYARAMERIN","p":26,"personas_x_ha":38,"masculinidad":62,"pct_menor20":46,"pct_60mas":8,"pct_migrante":58,"dependencia_econ":100,"pct_empleados":31,"pct_cuentapropia":38,"pct_agricultura":8,"pct_comercio":38,"pct_manufactura":0,"pct_construccion":0,"pct_transporte":15,"pct_alojamiento":0,"pct_sin_educacion":0,"pct_educ_superior":71,"brecha_educ":17,"pct_sin_seguro":0,"pct_sus":88,"pct_seguro_privado":0,"brecha_seguro":0,"pct_salud_publica":44,"pct_med_tradicional":9,"pct_automedicacion":9,"pct_remedios_caseros":21,"pct_viv_desocupada":0,"pct_alquiler":0,"pct_electricidad":100,"pct_sin_electricidad":0,"pct_agua_red":71,"pct_alcantarillado":0,"pct_camara_septica":29,"pct_pozo_ciego":29,"pct_sin_desague":0,"pct_gas_red":0,"pct_gas_garrafa":100,"pct_lena_guano":100,"pct_basura_formal":86,"pct_basura_quema":14,"pct_basura_informal":0,"pct_internet":86,"pct_celular":86,"pct_televisor":14}},{"type":"Feature","geometry":{"type":"Polygon","coordinates":[[[-65.36443,-10.84241],[-65.36405,-10.84258],[-65.36448,-10.84339],[-65.36482,-10.8432],[-65.36443,-10.84241]]]},"properties":{"n":"GUAYARAMERIN","p":63,"personas_x_ha":137,"masculinidad":97,"pct_menor20":59,"pct_60mas":2,"pct_migrante":19,"dependencia_econ":152,"pct_empleados":24,"pct_cuentapropia":36,"pct_agricultura":36,"pct_comercio":12,"pct_manufactura":0,"pct_construccion":8,"pct_transporte":0,"pct_alojamiento":16,"pct_sin_educacion":0,"pct_educ_superior":18,"brecha_educ":6,"pct_sin_seguro":14,"pct_sus":75,"pct_seguro_privado":0,"brecha_seguro":15,"pct_salud_publica":50,"pct_med_tradicional":0,"pct_automedicacion":21,"pct_remedios_caseros":20,"pct_viv_desocupada":0,"pct_alquiler":0,"pct_electricidad":100,"pct_sin_electricidad":0,"pct_agua_red":77,"pct_alcantarillado":0,"pct_camara_septica":15,"pct_pozo_ciego":85,"pct_sin_desague":0,"pct_gas_red":0,"pct_gas_garrafa":100,"pct_lena_guano":100,"pct_basura_formal":69,"pct_basura_quema":31,"pct_basura_informal":0,"pct_internet":54,"pct_celular":62,"pct_televisor":69}},{"type":"Feature","geometry":{"type":"Polygon","coordinates":[[[-65.35255,-10.82443],[-65.35214,-10.82358],[-65.35127,-10.82402],[-65.35162,-10.8249],[-65.35255,-10.82443]]]},"properties":{"n":"GUAYARAMERIN","p":47,"personas_x_ha":39,"masculinidad":74,"pct_menor20":32,"pct_60mas":9,"pct_migrante":40,"dependencia_econ":88,"pct_empleados":32,"pct_cuentapropia":60,"pct_agricultura":8,"pct_comercio":40,"pct_manufactura":8,"pct_construccion":0,"pct_transporte":4,"pct_alojamiento":20,"pct_sin_educacion":6,"pct_educ_superior":38,"brecha_educ":-10,"pct_sin_seguro":23,"pct_sus":77,"pct_seguro_privado":0,"brecha_seguro":11,"pct_salud_publica":26,"pct_med_tradicional":16,"pct_automedicacion":19,"pct_remedios_caseros":26,"pct_viv_desocupada":0,"pct_alquiler":8,"pct_electricidad":100,"pct_sin_electricidad":0,"pct_agua_red":75,"pct_alcantarillado":58,"pct_camara_septica":17,"pct_pozo_ciego":25,"pct_sin_desague":0,"pct_gas_red":0,"pct_gas_garrafa":100,"pct_lena_guano":100,"pct_basura_formal":100,"pct_basura_quema":0,"pct_basura_informal":0,"pct_internet":83,"pct_celular":83,"pct_televisor":50}},{"type":"Feature","geometry":{"type":"Polygon","coordinates":[[[-65.35757,-10.81709],[-65.35794,-10.81795],[-65.35877,-10.81754],[-65.35837,-10.81668],[-65.35757,-10.81709]]]},"properties":{"n":"GUAYARAMERIN","p":72,"personas_x_ha":65,"masculinidad":80,"pct_menor20":29,"pct_60mas":14,"pct_migrante":40,"dependencia_econ":125,"pct_empleados":28,"pct_cuentapropia":62,"pct_agricultura":3,"pct_comercio":28,"pct_manufactura":12,"pct_construccion":9,"pct_transporte":0,"pct_alojamiento":12,"pct_sin_educacion":2,"pct_educ_superior":33,"brecha_educ":-17,"pct_sin_seguro":28,"pct_sus":63,"pct_seguro_privado":1,"brecha_seguro":24,"pct_salud_publica":34,"pct_med_tradicional":4,"pct_automedicacion":10,"pct_remedios_caseros":26,"pct_viv_desocupada":0,"pct_alquiler":38,"pct_electricidad":100,"pct_sin_electricidad":0,"pct_agua_red":85,"pct_alcantarillado":77,"pct_camara_septica":0,"pct_pozo_ciego":4,"pct_sin_desague":19,"pct_gas_red":0,"pct_gas_garrafa":88,"pct_lena_guano":88,"pct_basura_formal":100,"pct_basura_quema":0,"pct_basura_informal":0,"pct_internet":73,"pct_celular":88,"pct_televisor":65}},{"type":"Feature","geometry":{"type":"Polygon","coordinates":[[[-65.35004,-10.83439],[-65.3502,-10.83383],[-65.34926,-10.8336],[-65.34913,-10.83415],[-65.35004,-10.83439]]]},"properties":{"n":"GUAYARAMERIN","p":68,"personas_x_ha":98,"masculinidad":84,"pct_menor20":56,"pct_60mas":4,"pct_migrante":29,"dependencia_econ":250,"pct_empleados":33,"pct_cuentapropia":50,"pct_agricultura":17,"pct_comercio":22,"pct_manufactura":6,"pct_construccion":17,"pct_transporte":6,"pct_alojamiento":11,"pct_sin_educacion":0,"pct_educ_superior":17,"brecha_educ":15,"pct_sin_seguro":13,"pct_sus":87,"pct_seguro_privado":0,"brecha_seguro":5,"pct_salud_publica":50,"pct_med_tradicional":0,"pct_automedicacion":6,"pct_remedios_caseros":27,"pct_viv_desocupada":5,"pct_alquiler":18,"pct_electricidad":94,"pct_sin_electricidad":0,"pct_agua_red":65,"pct_alcantarillado":6,"pct_camara_septica":59,"pct_pozo_ciego":24,"pct_sin_desague":6,"pct_gas_red":0,"pct_gas_garrafa":100,"pct_lena_guano":100,"pct_basura_formal":100,"pct_basura_quema":0,"pct_basura_informal":0,"pct_internet":94,"pct_celular":88,"pct_televisor":65}},{"type":"Feature","geometry":{"type":"Polygon","coordinates":[[[-65.36158,-10.84497],[-65.36199,-10.84581],[-65.36234,-10.84566],[-65.36194,-10.84482],[-65.36158,-10.84497]]]},"properties":{"n":"GUAYARAMERIN","p":39,"personas_x_ha":85,"masculinidad":39,"pct_menor20":51,"pct_60mas":0,"pct_migrante":13,"dependencia_econ":680,"pct_empleados":40,"pct_cuentapropia":60,"pct_agricultura":0,"pct_comercio":0,"pct_manufactura":60,"pct_construccion":0,"pct_transporte":0,"pct_alojamiento":20,"pct_sin_educacion":0,"pct_educ_superior":23,"brecha_educ":19,"pct_sin_seguro":15,"pct_sus":79,"pct_seguro_privado":3,"brecha_seguro":29,"pct_salud_publica":63,"pct_med_tradicional":0,"pct_automedicacion":14,"pct_remedios_caseros":16,"pct_viv_desocupada":5,"pct_alquiler":6,"pct_electricidad":94,"pct_sin_electricidad":6,"pct_agua_red":67,"pct_alcantarillado":6,"pct_camara_septica":67,"pct_pozo_ciego":28,"pct_sin_desague":0,"pct_gas_red":0,"pct_gas_garrafa":89,"pct_lena_guano":89,"pct_basura_formal":100,"pct_basura_quema":0,"pct_basura_informal":0,"pct_internet":50,"pct_celular":72,"pct_televisor":89}},{"type":"Feature","geometry":{"type":"Polygon","coordinates":[[[-65.35338,-10.84413],[-65.35243,-10.84457],[-65.35292,-10.84543],[-65.35379,-10.84501],[-65.35338,-10.84413]]]},"properties":{"n":"GUAYARAMERIN","p":55,"personas_x_ha":45,"masculinidad":139,"pct_menor20":51,"pct_60mas":9,"pct_migrante":29,"dependencia_econ":194,"pct_empleados":41,"pct_cuentapropia":24,"pct_agricultura":6,"pct_comercio":0,"pct_manufactura":6,"pct_construccion":6,"pct_transporte":6,"pct_alojamiento":29,"pct_sin_educacion":0,"pct_educ_superior":4,"brecha_educ":8,"pct_sin_seguro":11,"pct_sus":89,"pct_seguro_privado":0,"brecha_seguro":2,"pct_salud_publica":44,"pct_med_tradicional":1,"pct_automedicacion":11,"pct_remedios_caseros":43,"pct_viv_desocupada":17,"pct_alquiler":10,"pct_electricidad":100,"pct_sin_electricidad":0,"pct_agua_red":30,"pct_alcantarillado":0,"pct_camara_septica":30,"pct_pozo_ciego":50,"pct_sin_desague":10,"pct_gas_red":0,"pct_gas_garrafa":90,"pct_lena_guano":90,"pct_basura_formal":90,"pct_basura_quema":10,"pct_basura_informal":0,"pct_internet":80,"pct_celular":80,"pct_televisor":50}},{"type":"Feature","geometry":{"type":"Polygon","coordinates":[[[-65.3521,-10.81145],[-65.35201,-10.81143],[-65.35128,-10.81181],[-65.3517,-10.81262],[-65.3525,-10.81223],[-65.3521,-10.81145]]]},"properties":{"n":"GUAYARAMERIN","p":54,"personas_x_ha":52,"masculinidad":80,"pct_menor20":20,"pct_60mas":19,"pct_migrante":50,"dependencia_econ":61,"pct_empleados":30,"pct_cuentapropia":61,"pct_agricultura":6,"pct_comercio":24,"pct_manufactura":3,"pct_construccion":3,"pct_transporte":0,"pct_alojamiento":33,"pct_sin_educacion":0,"pct_educ_superior":49,"brecha_educ":5,"pct_sin_seguro":31,"pct_sus":63,"pct_seguro_privado":0,"brecha_seguro":31,"pct_salud_publica":23,"pct_med_tradicional":11,"pct_automedicacion":26,"pct_remedios_caseros":21,"pct_viv_desocupada":9,"pct_alquiler":50,"pct_electricidad":95,"pct_sin_electricidad":5,"pct_agua_red":100,"pct_alcantarillado":95,"pct_camara_septica":5,"pct_pozo_ciego":0,"pct_sin_desague":0,"pct_gas_red":5,"pct_gas_garrafa":90,"pct_lena_guano":90,"pct_basura_formal":100,"pct_basura_quema":0,"pct_basura_informal":0,"pct_internet":90,"pct_celular":90,"pct_televisor":80}},{"type":"Feature","geometry":{"type":"Polygon","coordinates":[[[-65.35251,-10.81477],[-65.35171,-10.8152],[-65.35218,-10.81604],[-65.35293,-10.81565],[-65.35251,-10.81477]]]},"properties":{"n":"GUAYARAMERIN","p":46,"personas_x_ha":43,"masculinidad":100,"pct_menor20":28,"pct_60mas":11,"pct_migrante":30,"dependencia_econ":63,"pct_empleados":26,"pct_cuentapropia":56,"pct_agricultura":4,"pct_comercio":22,"pct_manufactura":7,"pct_construccion":7,"pct_transporte":0,"pct_alojamiento":41,"pct_sin_educacion":0,"pct_educ_superior":28,"brecha_educ":-4,"pct_sin_seguro":12,"pct_sus":84,"pct_seguro_privado":0,"brecha_seguro":15,"pct_salud_publica":33,"pct_med_tradicional":10,"pct_automedicacion":10,"pct_remedios_caseros":21,"pct_viv_desocupada":0,"pct_alquiler":48,"pct_electricidad":100,"pct_sin_electricidad":0,"pct_agua_red":76,"pct_alcantarillado":86,"pct_camara_septica":10,"pct_pozo_ciego":0,"pct_sin_desague":5,"pct_gas_red":5,"pct_gas_garrafa":90,"pct_lena_guano":90,"pct_basura_formal":100,"pct_basura_quema":0,"pct_basura_informal":0,"pct_internet":67,"pct_celular":76,"pct_televisor":67}},{"type":"Feature","geometry":{"type":"Polygon","coordinates":[[[-65.356,-10.80934],[-65.35555,-10.80842],[-65.35463,-10.80887],[-65.35508,-10.80979],[-65.356,-10.80934]]]},"properties":{"n":"GUAYARAMERIN","p":92,"personas_x_ha":68,"masculinidad":96,"pct_menor20":48,"pct_60mas":12,"pct_migrante":30,"dependencia_econ":160,"pct_empleados":34,"pct_cuentapropia":57,"pct_agricultura":9,"pct_comercio":17,"pct_manufactura":17,"pct_construccion":9,"pct_transporte":11,"pct_alojamiento":6,"pct_sin_educacion":0,"pct_educ_superior":12,"brecha_educ":-8,"pct_sin_seguro":12,"pct_sus":87,"pct_seguro_privado":0,"brecha_seguro":3,"pct_salud_publica":31,"pct_med_tradicional":1,"pct_automedicacion":25,"pct_remedios_caseros":32,"pct_viv_desocupada":0,"pct_alquiler":5,"pct_electricidad":90,"pct_sin_electricidad":10,"pct_agua_red":100,"pct_alcantarillado":55,"pct_camara_septica":5,"pct_pozo_ciego":35,"pct_sin_desague":5,"pct_gas_red":0,"pct_gas_garrafa":95,"pct_lena_guano":95,"pct_basura_formal":70,"pct_basura_quema":30,"pct_basura_informal":0,"pct_internet":80,"pct_celular":100,"pct_televisor":75}},{"type":"Feature","geometry":{"type":"Polygon","coordinates":[[[-65.35911,-10.8165],[-65.35934,-10.81686],[-65.3595,-10.81681],[-65.35931,-10.81692],[-65.3591,-10.81655],[-65.35888,-10.81668],[-65.3592,-10.81731],[-65.36036,-10.81671],[-65.3597,-10.81599],[-65.35851,-10.81658],[-65.3589,-10.8174],[-65.35915,-10.81733],[-65.35883,-10.8167],[-65.35869,-10.81676],[-65.35867,-10.81671],[-65.35911,-10.8165]]]},"properties":{"n":"GUAYARAMERIN","p":75,"personas_x_ha":46,"masculinidad":103,"pct_menor20":53,"pct_60mas":5,"pct_migrante":75,"dependencia_econ":236,"pct_empleados":59,"pct_cuentapropia":27,"pct_agricultura":5,"pct_comercio":18,"pct_manufactura":0,"pct_construccion":0,"pct_transporte":0,"pct_alojamiento":0,"pct_sin_educacion":0,"pct_educ_superior":65,"brecha_educ":0,"pct_sin_seguro":1,"pct_sus":20,"pct_seguro_privado":0,"brecha_seguro":3,"pct_salud_publica":26,"pct_med_tradicional":1,"pct_automedicacion":11,"pct_remedios_caseros":16,"pct_viv_desocupada":7,"pct_alquiler":14,"pct_electricidad":100,"pct_sin_electricidad":0,"pct_agua_red":100,"pct_alcantarillado":91,"pct_camara_septica":0,"pct_pozo_ciego":5,"pct_sin_desague":5,"pct_gas_red":0,"pct_gas_garrafa":100,"pct_lena_guano":100,"pct_basura_formal":100,"pct_basura_quema":0,"pct_basura_informal":0,"pct_internet":77,"pct_celular":91,"pct_televisor":91}},{"type":"Feature","geometry":{"type":"Polygon","coordinates":[[[-65.35348,-10.81175],[-65.35303,-10.81093],[-65.35219,-10.81138],[-65.35259,-10.81218],[-65.35348,-10.81175]]]},"properties":{"n":"GUAYARAMERIN","p":41,"personas_x_ha":36,"masculinidad":141,"pct_menor20":44,"pct_60mas":22,"pct_migrante":32,"dependencia_econ":208,"pct_empleados":31,"pct_cuentapropia":54,"pct_agricultura":0,"pct_comercio":15,"pct_manufactura":15,"pct_construccion":0,"pct_transporte":8,"pct_alojamiento":15,"pct_sin_educacion":0,"pct_educ_superior":48,"brecha_educ":-9,"pct_sin_seguro":15,"pct_sus":78,"pct_seguro_privado":2,"brecha_seguro":-15,"pct_salud_publica":27,"pct_med_tradicional":4,"pct_automedicacion":13,"pct_remedios_caseros":14,"pct_viv_desocupada":13,"pct_alquiler":15,"pct_electricidad":100,"pct_sin_electricidad":0,"pct_agua_red":54,"pct_alcantarillado":85,"pct_camara_septica":15,"pct_pozo_ciego":0,"pct_sin_desague":0,"pct_gas_red":23,"pct_gas_garrafa":69,"pct_lena_guano":69,"pct_basura_formal":100,"pct_basura_quema":0,"pct_basura_informal":0,"pct_internet":77,"pct_celular":92,"pct_televisor":92}},{"type":"Feature","geometry":{"type":"Polygon","coordinates":[[[-65.36284,-10.82282],[-65.36239,-10.82201],[-65.36158,-10.82245],[-65.36195,-10.82326],[-65.36284,-10.82282]]]},"properties":{"n":"GUAYARAMERIN","p":82,"personas_x_ha":73,"masculinidad":86,"pct_menor20":51,"pct_60mas":12,"pct_migrante":51,"dependencia_econ":148,"pct_empleados":39,"pct_cuentapropia":48,"pct_agricultura":9,"pct_comercio":12,"pct_manufactura":18,"pct_construccion":3,"pct_transporte":9,"pct_alojamiento":6,"pct_sin_educacion":5,"pct_educ_superior":20,"brecha_educ":-9,"pct_sin_seguro":12,"pct_sus":79,"pct_seguro_privado":0,"brecha_seguro":2,"pct_salud_publica":41,"pct_med_tradicional":1,"pct_automedicacion":20,"pct_remedios_caseros":21,"pct_viv_desocupada":0,"pct_alquiler":22,"pct_electricidad":100,"pct_sin_electricidad":0,"pct_agua_red":100,"pct_alcantarillado":78,"pct_camara_septica":0,"pct_pozo_ciego":22,"pct_sin_desague":0,"pct_gas_red":11,"pct_gas_garrafa":78,"pct_lena_guano":78,"pct_basura_formal":100,"pct_basura_quema":0,"pct_basura_informal":0,"pct_internet":72,"pct_celular":89,"pct_televisor":67}},{"type":"Feature","geometry":{"type":"Polygon","coordinates":[[[-65.35747,-10.8372],[-65.35706,-10.83632],[-65.35616,-10.83671],[-65.35659,-10.83761],[-65.35747,-10.8372]]]},"properties":{"n":"GUAYARAMERIN","p":60,"personas_x_ha":50,"masculinidad":107,"pct_menor20":40,"pct_60mas":7,"pct_migrante":32,"dependencia_econ":131,"pct_empleados":42,"pct_cuentapropia":58,"pct_agricultura":15,"pct_comercio":12,"pct_manufactura":4,"pct_construccion":23,"pct_transporte":15,"pct_alojamiento":15,"pct_sin_educacion":0,"pct_educ_superior":8,"brecha_educ":-19,"pct_sin_seguro":19,"pct_sus":80,"pct_seguro_privado":0,"brecha_seguro":10,"pct_salud_publica":42,"pct_med_tradicional":3,"pct_automedicacion":20,"pct_remedios_caseros":17,"pct_viv_desocupada":6,"pct_alquiler":31,"pct_electricidad":100,"pct_sin_electricidad":0,"pct_agua_red":94,"pct_alcantarillado":38,"pct_camara_septica":38,"pct_pozo_ciego":19,"pct_sin_desague":0,"pct_gas_red":6,"pct_gas_garrafa":94,"pct_lena_guano":94,"pct_basura_formal":100,"pct_basura_quema":0,"pct_basura_informal":0,"pct_internet":88,"pct_celular":100,"pct_televisor":100}},{"type":"Feature","geometry":{"type":"Polygon","coordinates":[[[-65.34865,-10.81164],[-65.34953,-10.81124],[-65.34909,-10.81038],[-65.34822,-10.81082],[-65.34865,-10.81164]]]},"properties":{"n":"GUAYARAMERIN","p":30,"personas_x_ha":27,"masculinidad":76,"pct_menor20":27,"pct_60mas":23,"pct_migrante":37,"dependencia_econ":107,"pct_empleados":50,"pct_cuentapropia":43,"pct_agricultura":14,"pct_comercio":7,"pct_manufactura":0,"pct_construccion":7,"pct_transporte":7,"pct_alojamiento":0,"pct_sin_educacion":0,"pct_educ_superior":55,"brecha_educ":0,"pct_sin_seguro":7,"pct_sus":86,"pct_seguro_privado":0,"brecha_seguro":-12,"pct_salud_publica":37,"pct_med_tradicional":4,"pct_automedicacion":8,"pct_remedios_caseros":17,"pct_viv_desocupada":19,"pct_alquiler":0,"pct_electricidad":100,"pct_sin_electricidad":0,"pct_agua_red":93,"pct_alcantarillado":43,"pct_camara_septica":50,"pct_pozo_ciego":7,"pct_sin_desague":0,"pct_gas_red":0,"pct_gas_garrafa":100,"pct_lena_guano":100,"pct_basura_formal":100,"pct_basura_quema":0,"pct_basura_informal":0,"pct_internet":86,"pct_celular":86,"pct_televisor":79}},{"type":"Feature","geometry":{"type":"Polygon","coordinates":[[[-65.35105,-10.8119],[-65.35026,-10.81229],[-65.35069,-10.81312],[-65.35148,-10.81273],[-65.35105,-10.8119]]]},"properties":{"n":"GUAYARAMERIN","p":44,"personas_x_ha":43,"masculinidad":76,"pct_menor20":27,"pct_60mas":18,"pct_migrante":66,"dependencia_econ":32,"pct_empleados":0,"pct_cuentapropia":77,"pct_agricultura":16,"pct_comercio":52,"pct_manufactura":16,"pct_construccion":3,"pct_transporte":3,"pct_alojamiento":0,"pct_sin_educacion":0,"pct_educ_superior":35,"brecha_educ":-6,"pct_sin_seguro":24,"pct_sus":68,"pct_seguro_privado":2,"brecha_seguro":16,"pct_salud_publica":32,"pct_med_tradicional":3,"pct_automedicacion":11,"pct_remedios_caseros":27,"pct_viv_desocupada":25,"pct_alquiler":18,"pct_electricidad":100,"pct_sin_electricidad":0,"pct_agua_red":94,"pct_alcantarillado":100,"pct_camara_septica":0,"pct_pozo_ciego":0,"pct_sin_desague":0,"pct_gas_red":0,"pct_gas_garrafa":100,"pct_lena_guano":100,"pct_basura_formal":100,"pct_basura_quema":0,"pct_basura_informal":0,"pct_internet":94,"pct_celular":94,"pct_televisor":88}},{"type":"Feature","geometry":{"type":"Polygon","coordinates":[[[-65.34489,-10.83306],[-65.34472,-10.8336],[-65.34565,-10.83386],[-65.34581,-10.83332],[-65.34489,-10.83306]]]},"properties":{"n":"GUAYARAMERIN","p":69,"personas_x_ha":102,"masculinidad":86,"pct_menor20":54,"pct_60mas":7,"pct_migrante":28,"dependencia_econ":158,"pct_empleados":42,"pct_cuentapropia":50,"pct_agricultura":4,"pct_comercio":19,"pct_manufactura":31,"pct_construccion":12,"pct_transporte":12,"pct_alojamiento":4,"pct_sin_educacion":0,"pct_educ_superior":21,"brecha_educ":3,"pct_sin_seguro":15,"pct_sus":78,"pct_seguro_privado":1,"brecha_seguro":2,"pct_salud_publica":33,"pct_med_tradicional":1,"pct_automedicacion":19,"pct_remedios_caseros":29,"pct_viv_desocupada":0,"pct_alquiler":27,"pct_electricidad":100,"pct_sin_electricidad":0,"pct_agua_red":91,"pct_alcantarillado":0,"pct_camara_septica":55,"pct_pozo_ciego":18,"pct_sin_desague":0,"pct_gas_red":0,"pct_gas_garrafa":100,"pct_lena_guano":100,"pct_basura_formal":91,"pct_basura_quema":9,"pct_basura_informal":0,"pct_internet":91,"pct_celular":100,"pct_televisor":82}},{"type":"Feature","geometry":{"type":"Polygon","coordinates":[[[-65.36198,-10.84098],[-65.36288,-10.84053],[-65.36241,-10.83966],[-65.36152,-10.84009],[-65.36198,-10.84098]]]},"properties":{"n":"GUAYARAMERIN","p":35,"personas_x_ha":28,"masculinidad":59,"pct_menor20":43,"pct_60mas":9,"pct_migrante":46,"dependencia_econ":483,"pct_empleados":67,"pct_cuentapropia":0,"pct_agricultura":0,"pct_comercio":0,"pct_manufactura":17,"pct_construccion":0,"pct_transporte":0,"pct_alojamiento":0,"pct_sin_educacion":0,"pct_educ_superior":5,"brecha_educ":0,"pct_sin_seguro":22,"pct_sus":69,"pct_seguro_privado":0,"brecha_seguro":8,"pct_salud_publica":41,"pct_med_tradicional":2,"pct_automedicacion":3,"pct_remedios_caseros":44,"pct_viv_desocupada":0,"pct_alquiler":9,"pct_electricidad":100,"pct_sin_electricidad":0,"pct_agua_red":45,"pct_alcantarillado":27,"pct_camara_septica":45,"pct_pozo_ciego":9,"pct_sin_desague":0,"pct_gas_red":0,"pct_gas_garrafa":91,"pct_lena_guano":91,"pct_basura_formal":82,"pct_basura_quema":18,"pct_basura_informal":0,"pct_internet":91,"pct_celular":91,"pct_televisor":64}},{"type":"Feature","geometry":{"type":"Polygon","coordinates":[[[-65.35854,-10.83784],[-65.3589,-10.83764],[-65.35848,-10.8368],[-65.35811,-10.83699],[-65.35854,-10.83784]]]},"properties":{"n":"GUAYARAMERIN","p":26,"personas_x_ha":52,"masculinidad":73,"pct_menor20":42,"pct_60mas":4,"pct_migrante":42,"dependencia_econ":117,"pct_empleados":17,"pct_cuentapropia":33,"pct_agricultura":17,"pct_comercio":25,"pct_manufactura":0,"pct_construccion":17,"pct_transporte":8,"pct_alojamiento":8,"pct_sin_educacion":0,"pct_educ_superior":12,"brecha_educ":-50,"pct_sin_seguro":12,"pct_sus":50,"pct_seguro_privado":4,"brecha_seguro":12,"pct_salud_publica":42,"pct_med_tradicional":0,"pct_automedicacion":18,"pct_remedios_caseros":9,"pct_viv_desocupada":0,"pct_alquiler":14,"pct_electricidad":100,"pct_sin_electricidad":0,"pct_agua_red":100,"pct_alcantarillado":0,"pct_camara_septica":43,"pct_pozo_ciego":43,"pct_sin_desague":0,"pct_gas_red":0,"pct_gas_garrafa":100,"pct_lena_guano":100,"pct_basura_formal":100,"pct_basura_quema":0,"pct_basura_informal":0,"pct_internet":86,"pct_celular":86,"pct_televisor":86}},{"type":"Feature","geometry":{"type":"Polygon","coordinates":[[[-65.35348,-10.81413],[-65.35304,-10.81327],[-65.35218,-10.81372],[-65.35263,-10.81455],[-65.35348,-10.81413]]]},"properties":{"n":"GUAYARAMERIN","p":344,"personas_x_ha":310,"masculinidad":739,"pct_menor20":8,"pct_60mas":3,"pct_migrante":50,"dependencia_econ":97,"pct_empleados":64,"pct_cuentapropia":26,"pct_agricultura":4,"pct_comercio":11,"pct_manufactura":16,"pct_construccion":3,"pct_transporte":3,"pct_alojamiento":1,"pct_sin_educacion":0,"pct_educ_superior":37,"brecha_educ":-1,"pct_sin_seguro":14,"pct_sus":54,"pct_seguro_privado":2,"brecha_seguro":-5,"pct_salud_publica":43,"pct_med_tradicional":9,"pct_automedicacion":9,"pct_remedios_caseros":13,"pct_viv_desocupada":0,"pct_alquiler":20,"pct_electricidad":100,"pct_sin_electricidad":0,"pct_agua_red":95,"pct_alcantarillado":90,"pct_camara_septica":0,"pct_pozo_ciego":0,"pct_sin_desague":5,"pct_gas_red":5,"pct_gas_garrafa":75,"pct_lena_guano":75,"pct_basura_formal":100,"pct_basura_quema":0,"pct_basura_informal":0,"pct_internet":85,"pct_celular":90,"pct_televisor":70}},{"type":"Feature","geometry":{"type":"Polygon","coordinates":[[[-65.35525,-10.82779],[-65.3544,-10.82814],[-65.35399,-10.82729],[-65.35487,-10.82686],[-65.35529,-10.8277],[-65.35525,-10.82779]]]},"properties":{"n":"GUAYARAMERIN","p":99,"personas_x_ha":82,"masculinidad":111,"pct_menor20":43,"pct_60mas":6,"pct_migrante":31,"dependencia_econ":109,"pct_empleados":34,"pct_cuentapropia":45,"pct_agricultura":6,"pct_comercio":45,"pct_manufactura":6,"pct_construccion":4,"pct_transporte":6,"pct_alojamiento":2,"pct_sin_educacion":4,"pct_educ_superior":32,"brecha_educ":-15,"pct_sin_seguro":23,"pct_sus":58,"pct_seguro_privado":0,"brecha_seguro":-5,"pct_salud_publica":54,"pct_med_tradicional":1,"pct_automedicacion":8,"pct_remedios_caseros":11,"pct_viv_desocupada":4,"pct_alquiler":25,"pct_electricidad":100,"pct_sin_electricidad":0,"pct_agua_red":96,"pct_alcantarillado":79,"pct_camara_septica":17,"pct_pozo_ciego":0,"pct_sin_desague":4,"pct_gas_red":25,"pct_gas_garrafa":75,"pct_lena_guano":75,"pct_basura_formal":92,"pct_basura_quema":4,"pct_basura_informal":8,"pct_internet":96,"pct_celular":100,"pct_televisor":96}},{"type":"Feature","geometry":{"type":"Polygon","coordinates":[[[-65.3553,-10.83026],[-65.35441,-10.8307],[-65.35486,-10.8315],[-65.3557,-10.83108],[-65.3553,-10.83026]]]},"properties":{"n":"GUAYARAMERIN","p":40,"personas_x_ha":36,"masculinidad":122,"pct_menor20":52,"pct_60mas":2,"pct_migrante":35,"dependencia_econ":150,"pct_empleados":62,"pct_cuentapropia":38,"pct_agricultura":6,"pct_comercio":12,"pct_manufactura":0,"pct_construccion":0,"pct_transporte":25,"pct_alojamiento":6,"pct_sin_educacion":0,"pct_educ_superior":20,"brecha_educ":0,"pct_sin_seguro":8,"pct_sus":92,"pct_seguro_privado":0,"brecha_seguro":14,"pct_salud_publica":93,"pct_med_tradicional":0,"pct_automedicacion":7,"pct_remedios_caseros":0,"pct_viv_desocupada":0,"pct_alquiler":33,"pct_electricidad":100,"pct_sin_electricidad":0,"pct_agua_red":92,"pct_alcantarillado":50,"pct_camara_septica":33,"pct_pozo_ciego":17,"pct_sin_desague":0,"pct_gas_red":17,"pct_gas_garrafa":83,"pct_lena_guano":83,"pct_basura_formal":92,"pct_basura_quema":8,"pct_basura_informal":0,"pct_internet":83,"pct_celular":83,"pct_televisor":50}},{"type":"Feature","geometry":{"type":"Polygon","coordinates":[[[-65.35712,-10.8361],[-65.35797,-10.8357],[-65.35759,-10.8349],[-65.35675,-10.83528],[-65.35712,-10.8361]]]},"properties":{"n":"GUAYARAMERIN","p":83,"personas_x_ha":78,"masculinidad":113,"pct_menor20":48,"pct_60mas":11,"pct_migrante":24,"dependencia_econ":152,"pct_empleados":36,"pct_cuentapropia":48,"pct_agricultura":15,"pct_comercio":33,"pct_manufactura":15,"pct_construccion":12,"pct_transporte":6,"pct_alojamiento":9,"pct_sin_educacion":0,"pct_educ_superior":7,"brecha_educ":4,"pct_sin_seguro":40,"pct_sus":57,"pct_seguro_privado":0,"brecha_seguro":8,"pct_salud_publica":38,"pct_med_tradicional":3,"pct_automedicacion":17,"pct_remedios_caseros":26,"pct_viv_desocupada":12,"pct_alquiler":14,"pct_electricidad":100,"pct_sin_electricidad":0,"pct_agua_red":93,"pct_alcantarillado":36,"pct_camara_septica":21,"pct_pozo_ciego":43,"pct_sin_desague":0,"pct_gas_red":0,"pct_gas_garrafa":93,"pct_lena_guano":93,"pct_basura_formal":93,"pct_basura_quema":7,"pct_basura_informal":0,"pct_internet":57,"pct_celular":71,"pct_televisor":57}},{"type":"Feature","geometry":{"type":"Polygon","coordinates":[[[-65.35946,-10.83622],[-65.35902,-10.83537],[-65.35816,-10.83576],[-65.35859,-10.83664],[-65.35946,-10.83622]]]},"properties":{"n":"GUAYARAMERIN","p":37,"personas_x_ha":32,"masculinidad":95,"pct_menor20":51,"pct_60mas":5,"pct_migrante":11,"dependencia_econ":164,"pct_empleados":21,"pct_cuentapropia":7,"pct_agricultura":0,"pct_comercio":21,"pct_manufactura":7,"pct_construccion":14,"pct_transporte":21,"pct_alojamiento":14,"pct_sin_educacion":0,"pct_educ_superior":21,"brecha_educ":0,"pct_sin_seguro":3,"pct_sus":46,"pct_seguro_privado":3,"brecha_seguro":6,"pct_salud_publica":66,"pct_med_tradicional":0,"pct_automedicacion":0,"pct_remedios_caseros":7,"pct_viv_desocupada":0,"pct_alquiler":22,"pct_electricidad":100,"pct_sin_electricidad":0,"pct_agua_red":100,"pct_alcantarillado":11,"pct_camara_septica":78,"pct_pozo_ciego":0,"pct_sin_desague":0,"pct_gas_red":11,"pct_gas_garrafa":78,"pct_lena_guano":78,"pct_basura_formal":100,"pct_basura_quema":0,"pct_basura_informal":0,"pct_internet":78,"pct_celular":100,"pct_televisor":56}},{"type":"Feature","geometry":{"type":"Polygon","coordinates":[[[-65.36018,-10.83237],[-65.36103,-10.83196],[-65.36063,-10.83117],[-65.35979,-10.83152],[-65.36018,-10.83237]]]},"properties":{"n":"GUAYARAMERIN","p":50,"personas_x_ha":47,"masculinidad":92,"pct_menor20":40,"pct_60mas":4,"pct_migrante":18,"dependencia_econ":92,"pct_empleados":35,"pct_cuentapropia":54,"pct_agricultura":4,"pct_comercio":27,"pct_manufactura":0,"pct_construccion":12,"pct_transporte":8,"pct_alojamiento":19,"pct_sin_educacion":3,"pct_educ_superior":20,"brecha_educ":10,"pct_sin_seguro":24,"pct_sus":74,"pct_seguro_privado":2,"brecha_seguro":18,"pct_salud_publica":41,"pct_med_tradicional":8,"pct_automedicacion":12,"pct_remedios_caseros":14,"pct_viv_desocupada":21,"pct_alquiler":20,"pct_electricidad":100,"pct_sin_electricidad":0,"pct_agua_red":100,"pct_alcantarillado":10,"pct_camara_septica":50,"pct_pozo_ciego":30,"pct_sin_desague":10,"pct_gas_red":20,"pct_gas_garrafa":80,"pct_lena_guano":80,"pct_basura_formal":100,"pct_basura_quema":0,"pct_basura_informal":0,"pct_internet":90,"pct_celular":90,"pct_televisor":90}},{"type":"Feature","geometry":{"type":"Polygon","coordinates":[[[-65.36718,-10.82781],[-65.36663,-10.82702],[-65.36623,-10.82721],[-65.36664,-10.82807],[-65.36718,-10.82781]]]},"properties":{"n":"GUAYARAMERIN","p":60,"personas_x_ha":98,"masculinidad":114,"pct_menor20":42,"pct_60mas":8,"pct_migrante":23,"dependencia_econ":122,"pct_empleados":56,"pct_cuentapropia":33,"pct_agricultura":15,"pct_comercio":22,"pct_manufactura":7,"pct_construccion":22,"pct_transporte":7,"pct_alojamiento":11,"pct_sin_educacion":3,"pct_educ_superior":19,"brecha_educ":-14,"pct_sin_seguro":12,"pct_sus":72,"pct_seguro_privado":3,"brecha_seguro":15,"pct_salud_publica":37,"pct_med_tradicional":2,"pct_automedicacion":13,"pct_remedios_caseros":24,"pct_viv_desocupada":8,"pct_alquiler":0,"pct_electricidad":92,"pct_sin_electricidad":8,"pct_agua_red":75,"pct_alcantarillado":33,"pct_camara_septica":8,"pct_pozo_ciego":25,"pct_sin_desague":17,"pct_gas_red":8,"pct_gas_garrafa":83,"pct_lena_guano":83,"pct_basura_formal":83,"pct_basura_quema":17,"pct_basura_informal":0,"pct_internet":83,"pct_celular":92,"pct_televisor":75}},{"type":"Feature","geometry":{"type":"Polygon","coordinates":[[[-65.36751,-10.82869],[-65.3672,-10.82792],[-65.36672,-10.82815],[-65.36713,-10.82899],[-65.36744,-10.82884],[-65.36751,-10.82869]]]},"properties":{"n":"GUAYARAMERIN","p":25,"personas_x_ha":44,"masculinidad":56,"pct_menor20":16,"pct_60mas":8,"pct_migrante":36,"dependencia_econ":85,"pct_empleados":46,"pct_cuentapropia":38,"pct_agricultura":15,"pct_comercio":31,"pct_manufactura":8,"pct_construccion":23,"pct_transporte":0,"pct_alojamiento":0,"pct_sin_educacion":0,"pct_educ_superior":25,"brecha_educ":-23,"pct_sin_seguro":4,"pct_sus":91,"pct_seguro_privado":0,"brecha_seguro":12,"pct_salud_publica":55,"pct_med_tradicional":0,"pct_automedicacion":10,"pct_remedios_caseros":12,"pct_viv_desocupada":0,"pct_alquiler":22,"pct_electricidad":100,"pct_sin_electricidad":0,"pct_agua_red":100,"pct_alcantarillado":22,"pct_camara_septica":22,"pct_pozo_ciego":44,"pct_sin_desague":0,"pct_gas_red":11,"pct_gas_garrafa":78,"pct_lena_guano":78,"pct_basura_formal":89,"pct_basura_quema":11,"pct_basura_informal":0,"pct_internet":44,"pct_celular":44,"pct_televisor":56}},{"type":"Feature","geometry":{"type":"Polygon","coordinates":[[[-65.36009,-10.84686],[-65.36048,-10.84773],[-65.36133,-10.84729],[-65.36093,-10.84647],[-65.36009,-10.84686]]]},"properties":{"n":"GUAYARAMERIN","p":43,"personas_x_ha":40,"masculinidad":95,"pct_menor20":28,"pct_60mas":9,"pct_migrante":19,"dependencia_econ":126,"pct_empleados":37,"pct_cuentapropia":26,"pct_agricultura":11,"pct_comercio":26,"pct_manufactura":5,"pct_construccion":26,"pct_transporte":16,"pct_alojamiento":0,"pct_sin_educacion":3,"pct_educ_superior":31,"brecha_educ":-29,"pct_sin_seguro":25,"pct_sus":72,"pct_seguro_privado":0,"brecha_seguro":28,"pct_salud_publica":70,"pct_med_tradicional":0,"pct_automedicacion":0,"pct_remedios_caseros":9,"pct_viv_desocupada":17,"pct_alquiler":0,"pct_electricidad":100,"pct_sin_electricidad":0,"pct_agua_red":54,"pct_alcantarillado":31,"pct_camara_septica":31,"pct_pozo_ciego":23,"pct_sin_desague":0,"pct_gas_red":0,"pct_gas_garrafa":77,"pct_lena_guano":77,"pct_basura_formal":69,"pct_basura_quema":15,"pct_basura_informal":15,"pct_internet":46,"pct_celular":69,"pct_televisor":62}},{"type":"Feature","geometry":{"type":"Polygon","coordinates":[[[-65.34646,-10.82936],[-65.34718,-10.82956],[-65.34774,-10.82759],[-65.34704,-10.8274],[-65.34646,-10.82936]]]},"properties":{"n":"GUAYARAMERIN","p":51,"personas_x_ha":27,"masculinidad":89,"pct_menor20":45,"pct_60mas":18,"pct_migrante":43,"dependencia_econ":132,"pct_empleados":45,"pct_cuentapropia":50,"pct_agricultura":14,"pct_comercio":23,"pct_manufactura":14,"pct_construccion":9,"pct_transporte":0,"pct_alojamiento":5,"pct_sin_educacion":0,"pct_educ_superior":37,"brecha_educ":10,"pct_sin_seguro":14,"pct_sus":71,"pct_seguro_privado":0,"brecha_seguro":-2,"pct_salud_publica":31,"pct_med_tradicional":2,"pct_automedicacion":17,"pct_remedios_caseros":25,"pct_viv_desocupada":0,"pct_alquiler":6,"pct_electricidad":100,"pct_sin_electricidad":0,"pct_agua_red":100,"pct_alcantarillado":6,"pct_camara_septica":94,"pct_pozo_ciego":0,"pct_sin_desague":0,"pct_gas_red":0,"pct_gas_garrafa":100,"pct_lena_guano":100,"pct_basura_formal":94,"pct_basura_quema":6,"pct_basura_informal":0,"pct_internet":88,"pct_celular":88,"pct_televisor":47}},{"type":"Feature","geometry":{"type":"Polygon","coordinates":[[[-65.34379,-10.82548],[-65.34335,-10.82537],[-65.34308,-10.82631],[-65.34351,-10.82643],[-65.34379,-10.82548]]]},"properties":{"n":"GUAYARAMERIN","p":85,"personas_x_ha":150,"masculinidad":102,"pct_menor20":52,"pct_60mas":6,"pct_migrante":20,"dependencia_econ":211,"pct_empleados":48,"pct_cuentapropia":41,"pct_agricultura":7,"pct_comercio":15,"pct_manufactura":19,"pct_construccion":15,"pct_transporte":7,"pct_alojamiento":11,"pct_sin_educacion":5,"pct_educ_superior":28,"brecha_educ":-16,"pct_sin_seguro":4,"pct_sus":96,"pct_seguro_privado":0,"brecha_seguro":7,"pct_salud_publica":33,"pct_med_tradicional":10,"pct_automedicacion":11,"pct_remedios_caseros":17,"pct_viv_desocupada":0,"pct_alquiler":11,"pct_electricidad":100,"pct_sin_electricidad":0,"pct_agua_red":78,"pct_alcantarillado":17,"pct_camara_septica":78,"pct_pozo_ciego":6,"pct_sin_desague":0,"pct_gas_red":0,"pct_gas_garrafa":94,"pct_lena_guano":94,"pct_basura_formal":94,"pct_basura_quema":6,"pct_basura_informal":0,"pct_internet":72,"pct_celular":83,"pct_televisor":61}},{"type":"Feature","geometry":{"type":"Polygon","coordinates":[[[-65.37129,-10.80007],[-65.37087,-10.79927],[-65.37055,-10.79942],[-65.37099,-10.80023],[-65.37129,-10.80007]]]},"properties":{"n":"GUAYARAMERIN","p":79,"personas_x_ha":207,"masculinidad":80,"pct_menor20":52,"pct_60mas":5,"pct_migrante":25,"dependencia_econ":193,"pct_empleados":30,"pct_cuentapropia":0,"pct_agricultura":11,"pct_comercio":4,"pct_manufactura":0,"pct_construccion":22,"pct_transporte":11,"pct_alojamiento":7,"pct_sin_educacion":3,"pct_educ_superior":16,"brecha_educ":-11,"pct_sin_seguro":30,"pct_sus":65,"pct_seguro_privado":0,"brecha_seguro":-3,"pct_salud_publica":57,"pct_med_tradicional":6,"pct_automedicacion":16,"pct_remedios_caseros":17,"pct_viv_desocupada":0,"pct_alquiler":0,"pct_electricidad":93,"pct_sin_electricidad":0,"pct_agua_red":93,"pct_alcantarillado":40,"pct_camara_septica":60,"pct_pozo_ciego":0,"pct_sin_desague":0,"pct_gas_red":0,"pct_gas_garrafa":100,"pct_lena_guano":100,"pct_basura_formal":93,"pct_basura_quema":7,"pct_basura_informal":0,"pct_internet":53,"pct_celular":67,"pct_televisor":80}},{"type":"Feature","geometry":{"type":"Polygon","coordinates":[[[-65.36073,-10.83091],[-65.36158,-10.83051],[-65.36121,-10.82965],[-65.36035,-10.83009],[-65.36073,-10.83091]]]},"properties":{"n":"GUAYARAMERIN","p":34,"personas_x_ha":31,"masculinidad":70,"pct_menor20":21,"pct_60mas":21,"pct_migrante":68,"dependencia_econ":100,"pct_empleados":18,"pct_cuentapropia":59,"pct_agricultura":6,"pct_comercio":29,"pct_manufactura":6,"pct_construccion":6,"pct_transporte":0,"pct_alojamiento":18,"pct_sin_educacion":4,"pct_educ_superior":30,"brecha_educ":-2,"pct_sin_seguro":29,"pct_sus":50,"pct_seguro_privado":0,"brecha_seguro":-1,"pct_salud_publica":62,"pct_med_tradicional":2,"pct_automedicacion":10,"pct_remedios_caseros":12,"pct_viv_desocupada":0,"pct_alquiler":8,"pct_electricidad":92,"pct_sin_electricidad":0,"pct_agua_red":92,"pct_alcantarillado":8,"pct_camara_septica":46,"pct_pozo_ciego":46,"pct_sin_desague":0,"pct_gas_red":0,"pct_gas_garrafa":85,"pct_lena_guano":85,"pct_basura_formal":100,"pct_basura_quema":0,"pct_basura_informal":0,"pct_internet":85,"pct_celular":92,"pct_televisor":85}},{"type":"Feature","geometry":{"type":"Polygon","coordinates":[[[-65.36473,-10.82894],[-65.36432,-10.82815],[-65.36333,-10.82863],[-65.36378,-10.82943],[-65.36473,-10.82894]]]},"properties":{"n":"GUAYARAMERIN","p":32,"personas_x_ha":26,"masculinidad":113,"pct_menor20":41,"pct_60mas":0,"pct_migrante":34,"dependencia_econ":113,"pct_empleados":47,"pct_cuentapropia":47,"pct_agricultura":0,"pct_comercio":53,"pct_manufactura":7,"pct_construccion":7,"pct_transporte":0,"pct_alojamiento":0,"pct_sin_educacion":0,"pct_educ_superior":53,"brecha_educ":0,"pct_sin_seguro":0,"pct_sus":94,"pct_seguro_privado":0,"brecha_seguro":0,"pct_salud_publica":31,"pct_med_tradicional":0,"pct_automedicacion":20,"pct_remedios_caseros":26,"pct_viv_desocupada":0,"pct_alquiler":38,"pct_electricidad":100,"pct_sin_electricidad":0,"pct_agua_red":75,"pct_alcantarillado":0,"pct_camara_septica":25,"pct_pozo_ciego":75,"pct_sin_desague":0,"pct_gas_red":38,"pct_gas_garrafa":62,"pct_lena_guano":62,"pct_basura_formal":100,"pct_basura_quema":0,"pct_basura_informal":0,"pct_internet":88,"pct_celular":100,"pct_televisor":88}},{"type":"Feature","geometry":{"type":"Polygon","coordinates":[[[-65.34905,-10.82741],[-65.34837,-10.82601],[-65.34832,-10.82607],[-65.34792,-10.8275],[-65.34852,-10.82768],[-65.34905,-10.82741]]]},"properties":{"n":"GUAYARAMERIN","p":99,"personas_x_ha":83,"masculinidad":65,"pct_menor20":47,"pct_60mas":5,"pct_migrante":17,"dependencia_econ":182,"pct_empleados":47,"pct_cuentapropia":29,"pct_agricultura":12,"pct_comercio":15,"pct_manufactura":0,"pct_construccion":15,"pct_transporte":3,"pct_alojamiento":15,"pct_sin_educacion":0,"pct_educ_superior":29,"brecha_educ":-11,"pct_sin_seguro":6,"pct_sus":63,"pct_seguro_privado":0,"brecha_seguro":-6,"pct_salud_publica":38,"pct_med_tradicional":2,"pct_automedicacion":17,"pct_remedios_caseros":24,"pct_viv_desocupada":19,"pct_alquiler":19,"pct_electricidad":95,"pct_sin_electricidad":0,"pct_agua_red":71,"pct_alcantarillado":10,"pct_camara_septica":14,"pct_pozo_ciego":67,"pct_sin_desague":5,"pct_gas_red":5,"pct_gas_garrafa":95,"pct_lena_guano":95,"pct_basura_formal":95,"pct_basura_quema":5,"pct_basura_informal":0,"pct_internet":95,"pct_celular":95,"pct_televisor":86}},{"type":"Feature","geometry":{"type":"Polygon","coordinates":[[[-65.3427,-10.82521],[-65.34177,-10.82492],[-65.34147,-10.82581],[-65.34243,-10.82609],[-65.3427,-10.82521]]]},"properties":{"n":"GUAYARAMERIN","p":52,"personas_x_ha":46,"masculinidad":68,"pct_menor20":54,"pct_60mas":4,"pct_migrante":13,"dependencia_econ":285,"pct_empleados":38,"pct_cuentapropia":31,"pct_agricultura":0,"pct_comercio":8,"pct_manufactura":8,"pct_construccion":8,"pct_transporte":46,"pct_alojamiento":8,"pct_sin_educacion":0,"pct_educ_superior":9,"brecha_educ":2,"pct_sin_seguro":0,"pct_sus":98,"pct_seguro_privado":0,"brecha_seguro":0,"pct_salud_publica":73,"pct_med_tradicional":3,"pct_automedicacion":3,"pct_remedios_caseros":12,"pct_viv_desocupada":22,"pct_alquiler":14,"pct_electricidad":93,"pct_sin_electricidad":7,"pct_agua_red":64,"pct_alcantarillado":0,"pct_camara_septica":21,"pct_pozo_ciego":71,"pct_sin_desague":0,"pct_gas_red":0,"pct_gas_garrafa":93,"pct_lena_guano":93,"pct_basura_formal":93,"pct_basura_quema":7,"pct_basura_informal":0,"pct_internet":43,"pct_celular":71,"pct_televisor":64}},{"type":"Feature","geometry":{"type":"Polygon","coordinates":[[[-65.3653,-10.84299],[-65.36488,-10.84216],[-65.36452,-10.84233],[-65.3649,-10.84317],[-65.3653,-10.84299]]]},"properties":{"n":"GUAYARAMERIN","p":62,"personas_x_ha":127,"masculinidad":130,"pct_menor20":55,"pct_60mas":2,"pct_migrante":32,"dependencia_econ":313,"pct_empleados":80,"pct_cuentapropia":20,"pct_agricultura":0,"pct_comercio":13,"pct_manufactura":20,"pct_construccion":20,"pct_transporte":13,"pct_alojamiento":13,"pct_sin_educacion":0,"pct_educ_superior":25,"brecha_educ":-16,"pct_sin_seguro":5,"pct_sus":92,"pct_seguro_privado":0,"brecha_seguro":-5,"pct_salud_publica":55,"pct_med_tradicional":6,"pct_automedicacion":10,"pct_remedios_caseros":19,"pct_viv_desocupada":0,"pct_alquiler":7,"pct_electricidad":100,"pct_sin_electricidad":0,"pct_agua_red":43,"pct_alcantarillado":14,"pct_camara_septica":14,"pct_pozo_ciego":64,"pct_sin_desague":0,"pct_gas_red":0,"pct_gas_garrafa":86,"pct_lena_guano":86,"pct_basura_formal":79,"pct_basura_quema":21,"pct_basura_informal":0,"pct_internet":79,"pct_celular":93,"pct_televisor":64}},{"type":"Feature","geometry":{"type":"Polygon","coordinates":[[[-65.34806,-10.83735],[-65.3482,-10.83682],[-65.34731,-10.8366],[-65.34716,-10.83709],[-65.34806,-10.83735]]]},"properties":{"n":"GUAYARAMERIN","p":41,"personas_x_ha":67,"masculinidad":95,"pct_menor20":44,"pct_60mas":2,"pct_migrante":32,"dependencia_econ":141,"pct_empleados":29,"pct_cuentapropia":41,"pct_agricultura":12,"pct_comercio":6,"pct_manufactura":6,"pct_construccion":6,"pct_transporte":12,"pct_alojamiento":29,"pct_sin_educacion":4,"pct_educ_superior":39,"brecha_educ":12,"pct_sin_seguro":17,"pct_sus":68,"pct_seguro_privado":2,"brecha_seguro":15,"pct_salud_publica":52,"pct_med_tradicional":2,"pct_automedicacion":11,"pct_remedios_caseros":17,"pct_viv_desocupada":0,"pct_alquiler":25,"pct_electricidad":100,"pct_sin_electricidad":0,"pct_agua_red":92,"pct_alcantarillado":17,"pct_camara_septica":25,"pct_pozo_ciego":50,"pct_sin_desague":8,"pct_gas_red":0,"pct_gas_garrafa":100,"pct_lena_guano":100,"pct_basura_formal":100,"pct_basura_quema":0,"pct_basura_informal":0,"pct_internet":92,"pct_celular":100,"pct_televisor":58}},{"type":"Feature","geometry":{"type":"Polygon","coordinates":[[[-65.34612,-10.83623],[-65.34517,-10.83596],[-65.34503,-10.8365],[-65.34596,-10.83676],[-65.34612,-10.83623]]]},"properties":{"n":"GUAYARAMERIN","p":34,"personas_x_ha":50,"masculinidad":89,"pct_menor20":47,"pct_60mas":9,"pct_migrante":38,"dependencia_econ":127,"pct_empleados":40,"pct_cuentapropia":40,"pct_agricultura":0,"pct_comercio":27,"pct_manufactura":27,"pct_construccion":7,"pct_transporte":7,"pct_alojamiento":20,"pct_sin_educacion":0,"pct_educ_superior":22,"brecha_educ":-9,"pct_sin_seguro":3,"pct_sus":97,"pct_seguro_privado":0,"brecha_seguro":6,"pct_salud_publica":86,"pct_med_tradicional":0,"pct_automedicacion":0,"pct_remedios_caseros":0,"pct_viv_desocupada":0,"pct_alquiler":14,"pct_electricidad":100,"pct_sin_electricidad":0,"pct_agua_red":57,"pct_alcantarillado":29,"pct_camara_septica":14,"pct_pozo_ciego":43,"pct_sin_desague":0,"pct_gas_red":0,"pct_gas_garrafa":86,"pct_lena_guano":86,"pct_basura_formal":100,"pct_basura_quema":0,"pct_basura_informal":0,"pct_internet":71,"pct_celular":71,"pct_televisor":57}},{"type":"Feature","geometry":{"type":"Polygon","coordinates":[[[-65.34154,-10.82028],[-65.34185,-10.81993],[-65.34212,-10.82005],[-65.34181,-10.82101],[-65.34168,-10.82099],[-65.34181,-10.82102],[-65.34168,-10.8214],[-65.34111,-10.82122],[-65.34154,-10.82028]]]},"properties":{"n":"GUAYARAMERIN","p":33,"personas_x_ha":38,"masculinidad":106,"pct_menor20":39,"pct_60mas":15,"pct_migrante":36,"dependencia_econ":154,"pct_empleados":23,"pct_cuentapropia":69,"pct_agricultura":15,"pct_comercio":15,"pct_manufactura":0,"pct_construccion":23,"pct_transporte":23,"pct_alojamiento":8,"pct_sin_educacion":0,"pct_educ_superior":14,"brecha_educ":13,"pct_sin_seguro":9,"pct_sus":76,"pct_seguro_privado":3,"brecha_seguro":6,"pct_salud_publica":28,"pct_med_tradicional":0,"pct_automedicacion":24,"pct_remedios_caseros":28,"pct_viv_desocupada":0,"pct_alquiler":11,"pct_electricidad":100,"pct_sin_electricidad":0,"pct_agua_red":67,"pct_alcantarillado":0,"pct_camara_septica":67,"pct_pozo_ciego":33,"pct_sin_desague":0,"pct_gas_red":0,"pct_gas_garrafa":89,"pct_lena_guano":89,"pct_basura_formal":89,"pct_basura_quema":11,"pct_basura_informal":0,"pct_internet":78,"pct_celular":78,"pct_televisor":89}},{"type":"Feature","geometry":{"type":"Polygon","coordinates":[[[-65.36027,-10.81334],[-65.35864,-10.81411],[-65.35903,-10.81476],[-65.36053,-10.81399],[-65.36056,-10.81389],[-65.36027,-10.81334]]]},"properties":{"n":"GUAYARAMERIN","p":53,"personas_x_ha":33,"masculinidad":66,"pct_menor20":26,"pct_60mas":23,"pct_migrante":25,"dependencia_econ":141,"pct_empleados":27,"pct_cuentapropia":50,"pct_agricultura":14,"pct_comercio":0,"pct_manufactura":9,"pct_construccion":23,"pct_transporte":9,"pct_alojamiento":23,"pct_sin_educacion":3,"pct_educ_superior":36,"brecha_educ":-5,"pct_sin_seguro":2,"pct_sus":81,"pct_seguro_privado":2,"brecha_seguro":5,"pct_salud_publica":38,"pct_med_tradicional":1,"pct_automedicacion":18,"pct_remedios_caseros":28,"pct_viv_desocupada":9,"pct_alquiler":12,"pct_electricidad":100,"pct_sin_electricidad":0,"pct_agua_red":81,"pct_alcantarillado":0,"pct_camara_septica":44,"pct_pozo_ciego":44,"pct_sin_desague":0,"pct_gas_red":0,"pct_gas_garrafa":94,"pct_lena_guano":94,"pct_basura_formal":94,"pct_basura_quema":6,"pct_basura_informal":0,"pct_internet":100,"pct_celular":100,"pct_televisor":75}},{"type":"Feature","geometry":{"type":"Polygon","coordinates":[[[-65.35574,-10.84158],[-65.35534,-10.84078],[-65.35448,-10.84118],[-65.35493,-10.84201],[-65.35574,-10.84158]]]},"properties":{"n":"GUAYARAMERIN","p":80,"personas_x_ha":74,"masculinidad":86,"pct_menor20":52,"pct_60mas":8,"pct_migrante":25,"dependencia_econ":233,"pct_empleados":62,"pct_cuentapropia":21,"pct_agricultura":29,"pct_comercio":8,"pct_manufactura":4,"pct_construccion":21,"pct_transporte":0,"pct_alojamiento":12,"pct_sin_educacion":2,"pct_educ_superior":5,"brecha_educ":-1,"pct_sin_seguro":16,"pct_sus":82,"pct_seguro_privado":0,"brecha_seguro":6,"pct_salud_publica":35,"pct_med_tradicional":2,"pct_automedicacion":29,"pct_remedios_caseros":31,"pct_viv_desocupada":12,"pct_alquiler":5,"pct_electricidad":90,"pct_sin_electricidad":10,"pct_agua_red":19,"pct_alcantarillado":19,"pct_camara_septica":10,"pct_pozo_ciego":52,"pct_sin_desague":0,"pct_gas_red":0,"pct_gas_garrafa":86,"pct_lena_guano":86,"pct_basura_formal":86,"pct_basura_quema":14,"pct_basura_informal":0,"pct_internet":57,"pct_celular":52,"pct_televisor":33}},{"type":"Feature","geometry":{"type":"Polygon","coordinates":[[[-65.36885,-10.80874],[-65.36768,-10.80772],[-65.36763,-10.80778],[-65.36878,-10.80878],[-65.36716,-10.80961],[-65.36684,-10.80899],[-65.36675,-10.80903],[-65.36707,-10.80965],[-65.36654,-10.80993],[-65.36555,-10.80802],[-65.36681,-10.80577],[-65.36744,-10.80505],[-65.36926,-10.80852],[-65.36885,-10.80874]]]},"properties":{"n":"GUAYARAMERIN","p":40,"personas_x_ha":4,"masculinidad":90,"pct_menor20":50,"pct_60mas":10,"pct_migrante":50,"dependencia_econ":144,"pct_empleados":25,"pct_cuentapropia":44,"pct_agricultura":12,"pct_comercio":19,"pct_manufactura":6,"pct_construccion":6,"pct_transporte":0,"pct_alojamiento":19,"pct_sin_educacion":5,"pct_educ_superior":15,"brecha_educ":-23,"pct_sin_seguro":28,"pct_sus":64,"pct_seguro_privado":0,"brecha_seguro":-4,"pct_salud_publica":52,"pct_med_tradicional":3,"pct_automedicacion":16,"pct_remedios_caseros":17,"pct_viv_desocupada":8,"pct_alquiler":20,"pct_electricidad":100,"pct_sin_electricidad":0,"pct_agua_red":70,"pct_alcantarillado":50,"pct_camara_septica":40,"pct_pozo_ciego":10,"pct_sin_desague":0,"pct_gas_red":0,"pct_gas_garrafa":100,"pct_lena_guano":100,"pct_basura_formal":70,"pct_basura_quema":30,"pct_basura_informal":0,"pct_internet":90,"pct_celular":90,"pct_televisor":40}},{"type":"Feature","geometry":{"type":"Polygon","coordinates":[[[-65.36052,-10.83686],[-65.36089,-10.83666],[-65.36047,-10.83585],[-65.36009,-10.83605],[-65.36052,-10.83686]]]},"properties":{"n":"GUAYARAMERIN","p":64,"personas_x_ha":130,"masculinidad":106,"pct_menor20":45,"pct_60mas":8,"pct_migrante":36,"dependencia_econ":121,"pct_empleados":41,"pct_cuentapropia":34,"pct_agricultura":3,"pct_comercio":45,"pct_manufactura":10,"pct_construccion":14,"pct_transporte":7,"pct_alojamiento":3,"pct_sin_educacion":0,"pct_educ_superior":17,"brecha_educ":12,"pct_sin_seguro":11,"pct_sus":83,"pct_seguro_privado":0,"brecha_seguro":12,"pct_salud_publica":62,"pct_med_tradicional":0,"pct_automedicacion":10,"pct_remedios_caseros":10,"pct_viv_desocupada":0,"pct_alquiler":31,"pct_electricidad":100,"pct_sin_electricidad":0,"pct_agua_red":94,"pct_alcantarillado":31,"pct_camara_septica":56,"pct_pozo_ciego":12,"pct_sin_desague":0,"pct_gas_red":0,"pct_gas_garrafa":94,"pct_lena_guano":94,"pct_basura_formal":94,"pct_basura_quema":0,"pct_basura_informal":12,"pct_internet":81,"pct_celular":81,"pct_televisor":88}},{"type":"Feature","geometry":{"type":"Polygon","coordinates":[[[-65.34495,-10.82169],[-65.34409,-10.82121],[-65.34383,-10.82207],[-65.34475,-10.82236],[-65.34495,-10.82169]]]},"properties":{"n":"GUAYARAMERIN","p":52,"personas_x_ha":54,"masculinidad":93,"pct_menor20":50,"pct_60mas":8,"pct_migrante":37,"dependencia_econ":148,"pct_empleados":43,"pct_cuentapropia":19,"pct_agricultura":5,"pct_comercio":14,"pct_manufactura":14,"pct_construccion":33,"pct_transporte":10,"pct_alojamiento":5,"pct_sin_educacion":0,"pct_educ_superior":12,"brecha_educ":18,"pct_sin_seguro":8,"pct_sus":92,"pct_seguro_privado":0,"brecha_seguro":8,"pct_salud_publica":34,"pct_med_tradicional":1,"pct_automedicacion":21,"pct_remedios_caseros":37,"pct_viv_desocupada":7,"pct_alquiler":8,"pct_electricidad":100,"pct_sin_electricidad":0,"pct_agua_red":67,"pct_alcantarillado":0,"pct_camara_septica":33,"pct_pozo_ciego":50,"pct_sin_desague":17,"pct_gas_red":0,"pct_gas_garrafa":92,"pct_lena_guano":92,"pct_basura_formal":100,"pct_basura_quema":0,"pct_basura_informal":0,"pct_internet":75,"pct_celular":75,"pct_televisor":67}},{"type":"Feature","geometry":{"type":"Polygon","coordinates":[[[-65.34767,-10.82299],[-65.34709,-10.82497],[-65.34757,-10.82514],[-65.34818,-10.82314],[-65.34767,-10.82299]]]},"properties":{"n":"GUAYARAMERIN","p":84,"personas_x_ha":61,"masculinidad":79,"pct_menor20":36,"pct_60mas":12,"pct_migrante":44,"dependencia_econ":159,"pct_empleados":50,"pct_cuentapropia":28,"pct_agricultura":6,"pct_comercio":31,"pct_manufactura":3,"pct_construccion":9,"pct_transporte":6,"pct_alojamiento":6,"pct_sin_educacion":2,"pct_educ_superior":38,"brecha_educ":4,"pct_sin_seguro":4,"pct_sus":81,"pct_seguro_privado":0,"brecha_seguro":3,"pct_salud_publica":39,"pct_med_tradicional":2,"pct_automedicacion":12,"pct_remedios_caseros":25,"pct_viv_desocupada":15,"pct_alquiler":25,"pct_electricidad":100,"pct_sin_electricidad":0,"pct_agua_red":96,"pct_alcantarillado":8,"pct_camara_septica":62,"pct_pozo_ciego":29,"pct_sin_desague":0,"pct_gas_red":12,"pct_gas_garrafa":88,"pct_lena_guano":88,"pct_basura_formal":96,"pct_basura_quema":4,"pct_basura_informal":0,"pct_internet":83,"pct_celular":83,"pct_televisor":75}},{"type":"Feature","geometry":{"type":"Polygon","coordinates":[[[-65.34142,-10.83407],[-65.34318,-10.83457],[-65.34337,-10.83408],[-65.34158,-10.83352],[-65.34142,-10.83407]]]},"properties":{"n":"GUAYARAMERIN","p":46,"personas_x_ha":36,"masculinidad":64,"pct_menor20":52,"pct_60mas":4,"pct_migrante":35,"dependencia_econ":181,"pct_empleados":50,"pct_cuentapropia":38,"pct_agricultura":19,"pct_comercio":19,"pct_manufactura":6,"pct_construccion":19,"pct_transporte":6,"pct_alojamiento":0,"pct_sin_educacion":0,"pct_educ_superior":18,"brecha_educ":5,"pct_sin_seguro":11,"pct_sus":70,"pct_seguro_privado":0,"brecha_seguro":-18,"pct_salud_publica":85,"pct_med_tradicional":0,"pct_automedicacion":4,"pct_remedios_caseros":0,"pct_viv_desocupada":0,"pct_alquiler":55,"pct_electricidad":100,"pct_sin_electricidad":0,"pct_agua_red":73,"pct_alcantarillado":9,"pct_camara_septica":64,"pct_pozo_ciego":9,"pct_sin_desague":18,"pct_gas_red":9,"pct_gas_garrafa":91,"pct_lena_guano":91,"pct_basura_formal":100,"pct_basura_quema":0,"pct_basura_informal":0,"pct_internet":55,"pct_celular":91,"pct_televisor":82}},{"type":"Feature","geometry":{"type":"Polygon","coordinates":[[[-65.35525,-10.83014],[-65.3548,-10.82928],[-65.354,-10.82967],[-65.35395,-10.82975],[-65.35435,-10.83059],[-65.35525,-10.83014]]]},"properties":{"n":"GUAYARAMERIN","p":34,"personas_x_ha":29,"masculinidad":127,"pct_menor20":44,"pct_60mas":6,"pct_migrante":24,"dependencia_econ":100,"pct_empleados":29,"pct_cuentapropia":47,"pct_agricultura":41,"pct_comercio":18,"pct_manufactura":12,"pct_construccion":12,"pct_transporte":6,"pct_alojamiento":0,"pct_sin_educacion":0,"pct_educ_superior":11,"brecha_educ":-2,"pct_sin_seguro":21,"pct_sus":79,"pct_seguro_privado":0,"brecha_seguro":1,"pct_salud_publica":31,"pct_med_tradicional":14,"pct_automedicacion":14,"pct_remedios_caseros":29,"pct_viv_desocupada":27,"pct_alquiler":0,"pct_electricidad":100,"pct_sin_electricidad":0,"pct_agua_red":88,"pct_alcantarillado":50,"pct_camara_septica":0,"pct_pozo_ciego":38,"pct_sin_desague":0,"pct_gas_red":0,"pct_gas_garrafa":100,"pct_lena_guano":100,"pct_basura_formal":100,"pct_basura_quema":0,"pct_basura_informal":0,"pct_internet":88,"pct_celular":88,"pct_televisor":50}},{"type":"Feature","geometry":{"type":"Polygon","coordinates":[[[-65.37208,-10.81185],[-65.37263,-10.81176],[-65.37223,-10.81103],[-65.37166,-10.81114],[-65.37208,-10.81185]]]},"properties":{"n":"GUAYARAMERIN","p":59,"personas_x_ha":108,"masculinidad":103,"pct_menor20":51,"pct_60mas":7,"pct_migrante":5,"dependencia_econ":228,"pct_empleados":0,"pct_cuentapropia":61,"pct_agricultura":11,"pct_comercio":6,"pct_manufactura":0,"pct_construccion":28,"pct_transporte":17,"pct_alojamiento":0,"pct_sin_educacion":0,"pct_educ_superior":28,"brecha_educ":-13,"pct_sin_seguro":9,"pct_sus":88,"pct_seguro_privado":0,"brecha_seguro":-4,"pct_salud_publica":90,"pct_med_tradicional":0,"pct_automedicacion":0,"pct_remedios_caseros":0,"pct_viv_desocupada":0,"pct_alquiler":0,"pct_electricidad":86,"pct_sin_electricidad":14,"pct_agua_red":0,"pct_alcantarillado":0,"pct_camara_septica":7,"pct_pozo_ciego":64,"pct_sin_desague":29,"pct_gas_red":0,"pct_gas_garrafa":50,"pct_lena_guano":50,"pct_basura_formal":100,"pct_basura_quema":0,"pct_basura_informal":0,"pct_internet":14,"pct_celular":36,"pct_televisor":64}},{"type":"Feature","geometry":{"type":"Polygon","coordinates":[[[-65.36698,-10.8289],[-65.36662,-10.8282],[-65.36582,-10.82855],[-65.36622,-10.82942],[-65.36696,-10.82905],[-65.36698,-10.8289]]]},"properties":{"n":"GUAYARAMERIN","p":37,"personas_x_ha":36,"masculinidad":118,"pct_menor20":46,"pct_60mas":14,"pct_migrante":19,"dependencia_econ":200,"pct_empleados":0,"pct_cuentapropia":58,"pct_agricultura":8,"pct_comercio":25,"pct_manufactura":17,"pct_construccion":8,"pct_transporte":8,"pct_alojamiento":8,"pct_sin_educacion":0,"pct_educ_superior":14,"brecha_educ":-17,"pct_sin_seguro":11,"pct_sus":75,"pct_seguro_privado":0,"brecha_seguro":10,"pct_salud_publica":45,"pct_med_tradicional":1,"pct_automedicacion":13,"pct_remedios_caseros":21,"pct_viv_desocupada":12,"pct_alquiler":17,"pct_electricidad":100,"pct_sin_electricidad":0,"pct_agua_red":100,"pct_alcantarillado":67,"pct_camara_septica":0,"pct_pozo_ciego":33,"pct_sin_desague":0,"pct_gas_red":0,"pct_gas_garrafa":100,"pct_lena_guano":100,"pct_basura_formal":100,"pct_basura_quema":0,"pct_basura_informal":0,"pct_internet":75,"pct_celular":92,"pct_televisor":83}},{"type":"Feature","geometry":{"type":"Polygon","coordinates":[[[-65.34557,-10.83466],[-65.34542,-10.83518],[-65.34632,-10.83544],[-65.34646,-10.8349],[-65.34557,-10.83466]]]},"properties":{"n":"GUAYARAMERIN","p":45,"personas_x_ha":71,"masculinidad":88,"pct_menor20":44,"pct_60mas":11,"pct_migrante":31,"dependencia_econ":137,"pct_empleados":42,"pct_cuentapropia":32,"pct_agricultura":11,"pct_comercio":16,"pct_manufactura":5,"pct_construccion":21,"pct_transporte":5,"pct_alojamiento":21,"pct_sin_educacion":0,"pct_educ_superior":35,"brecha_educ":-11,"pct_sin_seguro":9,"pct_sus":87,"pct_seguro_privado":2,"brecha_seguro":19,"pct_salud_publica":34,"pct_med_tradicional":4,"pct_automedicacion":17,"pct_remedios_caseros":32,"pct_viv_desocupada":0,"pct_alquiler":20,"pct_electricidad":90,"pct_sin_electricidad":0,"pct_agua_red":50,"pct_alcantarillado":10,"pct_camara_septica":40,"pct_pozo_ciego":40,"pct_sin_desague":0,"pct_gas_red":10,"pct_gas_garrafa":80,"pct_lena_guano":80,"pct_basura_formal":100,"pct_basura_quema":0,"pct_basura_informal":0,"pct_internet":80,"pct_celular":80,"pct_televisor":40}},{"type":"Feature","geometry":{"type":"Polygon","coordinates":[[[-65.34438,-10.83432],[-65.34348,-10.83409],[-65.34334,-10.83461],[-65.34424,-10.83486],[-65.34438,-10.83432]]]},"properties":{"n":"GUAYARAMERIN","p":57,"personas_x_ha":89,"masculinidad":111,"pct_menor20":47,"pct_60mas":5,"pct_migrante":32,"dependencia_econ":133,"pct_empleados":29,"pct_cuentapropia":54,"pct_agricultura":8,"pct_comercio":21,"pct_manufactura":29,"pct_construccion":21,"pct_transporte":4,"pct_alojamiento":4,"pct_sin_educacion":3,"pct_educ_superior":3,"brecha_educ":8,"pct_sin_seguro":2,"pct_sus":96,"pct_seguro_privado":0,"brecha_seguro":3,"pct_salud_publica":35,"pct_med_tradicional":10,"pct_automedicacion":18,"pct_remedios_caseros":31,"pct_viv_desocupada":19,"pct_alquiler":8,"pct_electricidad":100,"pct_sin_electricidad":0,"pct_agua_red":92,"pct_alcantarillado":8,"pct_camara_septica":42,"pct_pozo_ciego":42,"pct_sin_desague":0,"pct_gas_red":17,"pct_gas_garrafa":83,"pct_lena_guano":83,"pct_basura_formal":100,"pct_basura_quema":0,"pct_basura_informal":0,"pct_internet":100,"pct_celular":100,"pct_televisor":83}},{"type":"Feature","geometry":{"type":"Polygon","coordinates":[[[-65.36469,-10.82434],[-65.36429,-10.82351],[-65.36349,-10.82388],[-65.36387,-10.82472],[-65.36469,-10.82434]]]},"properties":{"n":"GUAYARAMERIN","p":46,"personas_x_ha":45,"masculinidad":84,"pct_menor20":33,"pct_60mas":17,"pct_migrante":22,"dependencia_econ":119,"pct_empleados":52,"pct_cuentapropia":33,"pct_agricultura":0,"pct_comercio":14,"pct_manufactura":5,"pct_construccion":14,"pct_transporte":5,"pct_alojamiento":10,"pct_sin_educacion":0,"pct_educ_superior":55,"brecha_educ":0,"pct_sin_seguro":15,"pct_sus":70,"pct_seguro_privado":0,"brecha_seguro":25,"pct_salud_publica":61,"pct_med_tradicional":3,"pct_automedicacion":5,"pct_remedios_caseros":8,"pct_viv_desocupada":6,"pct_alquiler":21,"pct_electricidad":100,"pct_sin_electricidad":0,"pct_agua_red":100,"pct_alcantarillado":86,"pct_camara_septica":14,"pct_pozo_ciego":0,"pct_sin_desague":0,"pct_gas_red":7,"pct_gas_garrafa":93,"pct_lena_guano":93,"pct_basura_formal":86,"pct_basura_quema":14,"pct_basura_informal":0,"pct_internet":50,"pct_celular":57,"pct_televisor":64}},{"type":"Feature","geometry":{"type":"Polygon","coordinates":[[[-65.36327,-10.84633],[-65.36308,-10.84599],[-65.36228,-10.84638],[-65.36248,-10.84675],[-65.36327,-10.84633]]]},"properties":{"n":"GUAYARAMERIN","p":63,"personas_x_ha":139,"masculinidad":103,"pct_menor20":52,"pct_60mas":5,"pct_migrante":21,"dependencia_econ":200,"pct_empleados":52,"pct_cuentapropia":33,"pct_agricultura":10,"pct_comercio":14,"pct_manufactura":38,"pct_construccion":14,"pct_transporte":0,"pct_alojamiento":5,"pct_sin_educacion":0,"pct_educ_superior":13,"brecha_educ":23,"pct_sin_seguro":8,"pct_sus":92,"pct_seguro_privado":0,"brecha_seguro":10,"pct_salud_publica":38,"pct_med_tradicional":0,"pct_automedicacion":22,"pct_remedios_caseros":34,"pct_viv_desocupada":0,"pct_alquiler":12,"pct_electricidad":100,"pct_sin_electricidad":0,"pct_agua_red":100,"pct_alcantarillado":12,"pct_camara_septica":44,"pct_pozo_ciego":19,"pct_sin_desague":25,"pct_gas_red":0,"pct_gas_garrafa":94,"pct_lena_guano":94,"pct_basura_formal":100,"pct_basura_quema":0,"pct_basura_informal":0,"pct_internet":81,"pct_celular":81,"pct_televisor":81}},{"type":"Feature","geometry":{"type":"Polygon","coordinates":[[[-65.34334,-10.83805],[-65.34347,-10.83753],[-65.34262,-10.83728],[-65.34245,-10.83779],[-65.34334,-10.83805]]]},"properties":{"n":"GUAYARAMERIN","p":44,"personas_x_ha":73,"masculinidad":110,"pct_menor20":45,"pct_60mas":9,"pct_migrante":20,"dependencia_econ":83,"pct_empleados":62,"pct_cuentapropia":17,"pct_agricultura":0,"pct_comercio":46,"pct_manufactura":8,"pct_construccion":0,"pct_transporte":8,"pct_alojamiento":8,"pct_sin_educacion":4,"pct_educ_superior":17,"brecha_educ":-3,"pct_sin_seguro":7,"pct_sus":93,"pct_seguro_privado":0,"brecha_seguro":-5,"pct_salud_publica":89,"pct_med_tradicional":0,"pct_automedicacion":2,"pct_remedios_caseros":0,"pct_viv_desocupada":0,"pct_alquiler":0,"pct_electricidad":100,"pct_sin_electricidad":0,"pct_agua_red":88,"pct_alcantarillado":12,"pct_camara_septica":38,"pct_pozo_ciego":38,"pct_sin_desague":0,"pct_gas_red":0,"pct_gas_garrafa":88,"pct_lena_guano":88,"pct_basura_formal":100,"pct_basura_quema":0,"pct_basura_informal":0,"pct_internet":100,"pct_celular":100,"pct_televisor":75}},{"type":"Feature","geometry":{"type":"Polygon","coordinates":[[[-65.36203,-10.83854],[-65.3624,-10.83834],[-65.36198,-10.83753],[-65.36162,-10.83771],[-65.36203,-10.83854]]]},"properties":{"n":"GUAYARAMERIN","p":41,"personas_x_ha":85,"masculinidad":95,"pct_menor20":37,"pct_60mas":10,"pct_migrante":32,"dependencia_econ":116,"pct_empleados":16,"pct_cuentapropia":53,"pct_agricultura":5,"pct_comercio":32,"pct_manufactura":11,"pct_construccion":5,"pct_transporte":5,"pct_alojamiento":11,"pct_sin_educacion":0,"pct_educ_superior":23,"brecha_educ":-24,"pct_sin_seguro":31,"pct_sus":64,"pct_seguro_privado":3,"brecha_seguro":-6,"pct_salud_publica":76,"pct_med_tradicional":0,"pct_automedicacion":0,"pct_remedios_caseros":2,"pct_viv_desocupada":0,"pct_alquiler":18,"pct_electricidad":100,"pct_sin_electricidad":0,"pct_agua_red":73,"pct_alcantarillado":55,"pct_camara_septica":18,"pct_pozo_ciego":18,"pct_sin_desague":0,"pct_gas_red":0,"pct_gas_garrafa":100,"pct_lena_guano":100,"pct_basura_formal":91,"pct_basura_quema":0,"pct_basura_informal":0,"pct_internet":45,"pct_celular":45,"pct_televisor":55}},{"type":"Feature","geometry":{"type":"Polygon","coordinates":[[[-65.3435,-10.82657],[-65.34248,-10.82622],[-65.34234,-10.82662],[-65.34338,-10.82694],[-65.3435,-10.82657]]]},"properties":{"n":"GUAYARAMERIN","p":24,"personas_x_ha":43,"masculinidad":100,"pct_menor20":29,"pct_60mas":4,"pct_migrante":25,"dependencia_econ":475,"pct_empleados":25,"pct_cuentapropia":50,"pct_agricultura":50,"pct_comercio":0,"pct_manufactura":0,"pct_construccion":0,"pct_transporte":0,"pct_alojamiento":0,"pct_sin_educacion":6,"pct_educ_superior":12,"brecha_educ":40,"pct_sin_seguro":4,"pct_sus":91,"pct_seguro_privado":0,"brecha_seguro":-9,"pct_salud_publica":44,"pct_med_tradicional":5,"pct_automedicacion":14,"pct_remedios_caseros":14,"pct_viv_desocupada":0,"pct_alquiler":0,"pct_electricidad":100,"pct_sin_electricidad":0,"pct_agua_red":71,"pct_alcantarillado":43,"pct_camara_septica":0,"pct_pozo_ciego":29,"pct_sin_desague":14,"pct_gas_red":0,"pct_gas_garrafa":100,"pct_lena_guano":100,"pct_basura_formal":100,"pct_basura_quema":0,"pct_basura_informal":0,"pct_internet":71,"pct_celular":71,"pct_televisor":57}},{"type":"Feature","geometry":{"type":"Polygon","coordinates":[[[-65.37178,-10.81289],[-65.37135,-10.81214],[-65.37083,-10.81225],[-65.37124,-10.813],[-65.37178,-10.81289]]]},"properties":{"n":"GUAYARAMERIN","p":61,"personas_x_ha":113,"masculinidad":91,"pct_menor20":54,"pct_60mas":3,"pct_migrante":31,"dependencia_econ":380,"pct_empleados":10,"pct_cuentapropia":40,"pct_agricultura":40,"pct_comercio":10,"pct_manufactura":10,"pct_construccion":20,"pct_transporte":0,"pct_alojamiento":0,"pct_sin_educacion":0,"pct_educ_superior":12,"brecha_educ":45,"pct_sin_seguro":7,"pct_sus":93,"pct_seguro_privado":0,"brecha_seguro":14,"pct_salud_publica":42,"pct_med_tradicional":0,"pct_automedicacion":24,"pct_remedios_caseros":32,"pct_viv_desocupada":0,"pct_alquiler":0,"pct_electricidad":92,"pct_sin_electricidad":8,"pct_agua_red":0,"pct_alcantarillado":0,"pct_camara_septica":0,"pct_pozo_ciego":75,"pct_sin_desague":17,"pct_gas_red":0,"pct_gas_garrafa":75,"pct_lena_guano":75,"pct_basura_formal":83,"pct_basura_quema":17,"pct_basura_informal":0,"pct_internet":67,"pct_celular":92,"pct_televisor":42}},{"type":"Feature","geometry":{"type":"Polygon","coordinates":[[[-65.36432,-10.80865],[-65.36353,-10.80906],[-65.36311,-10.80824],[-65.3639,-10.80781],[-65.36432,-10.80865]]]},"properties":{"n":"GUAYARAMERIN","p":16,"personas_x_ha":15,"masculinidad":300,"pct_menor20":62,"pct_60mas":6,"pct_migrante":56,"dependencia_econ":129,"pct_empleados":14,"pct_cuentapropia":71,"pct_agricultura":14,"pct_comercio":29,"pct_manufactura":43,"pct_construccion":14,"pct_transporte":0,"pct_alojamiento":0,"pct_sin_educacion":0,"pct_educ_superior":0,"brecha_educ":-25,"pct_sin_seguro":12,"pct_sus":88,"pct_seguro_privado":0,"brecha_seguro":17,"pct_salud_publica":35,"pct_med_tradicional":13,"pct_automedicacion":0,"pct_remedios_caseros":33,"pct_viv_desocupada":29,"pct_alquiler":0,"pct_electricidad":100,"pct_sin_electricidad":0,"pct_agua_red":100,"pct_alcantarillado":25,"pct_camara_septica":75,"pct_pozo_ciego":0,"pct_sin_desague":0,"pct_gas_red":0,"pct_gas_garrafa":100,"pct_lena_guano":100,"pct_basura_formal":50,"pct_basura_quema":50,"pct_basura_informal":0,"pct_internet":75,"pct_celular":75,"pct_televisor":25}},{"type":"Feature","geometry":{"type":"Polygon","coordinates":[[[-65.37144,-10.8],[-65.37174,-10.79985],[-65.37133,-10.79906],[-65.37102,-10.79921],[-65.37144,-10.8]]]},"properties":{"n":"GUAYARAMERIN","p":49,"personas_x_ha":134,"masculinidad":96,"pct_menor20":47,"pct_60mas":2,"pct_migrante":6,"dependencia_econ":188,"pct_empleados":35,"pct_cuentapropia":24,"pct_agricultura":6,"pct_comercio":29,"pct_manufactura":12,"pct_construccion":35,"pct_transporte":6,"pct_alojamiento":0,"pct_sin_educacion":0,"pct_educ_superior":0,"brecha_educ":-6,"pct_sin_seguro":18,"pct_sus":76,"pct_seguro_privado":0,"brecha_seguro":13,"pct_salud_publica":83,"pct_med_tradicional":0,"pct_automedicacion":0,"pct_remedios_caseros":12,"pct_viv_desocupada":0,"pct_alquiler":0,"pct_electricidad":100,"pct_sin_electricidad":0,"pct_agua_red":54,"pct_alcantarillado":0,"pct_camara_septica":92,"pct_pozo_ciego":0,"pct_sin_desague":8,"pct_gas_red":0,"pct_gas_garrafa":85,"pct_lena_guano":85,"pct_basura_formal":92,"pct_basura_quema":8,"pct_basura_informal":0,"pct_internet":54,"pct_celular":69,"pct_televisor":77}},{"type":"Feature","geometry":{"type":"Polygon","coordinates":[[[-65.36148,-10.83775],[-65.36057,-10.83819],[-65.36101,-10.83903],[-65.36188,-10.83863],[-65.36148,-10.83775]]]},"properties":{"n":"GUAYARAMERIN","p":32,"personas_x_ha":27,"masculinidad":129,"pct_menor20":38,"pct_60mas":6,"pct_migrante":12,"dependencia_econ":160,"pct_empleados":0,"pct_cuentapropia":30,"pct_agricultura":20,"pct_comercio":20,"pct_manufactura":20,"pct_construccion":0,"pct_transporte":20,"pct_alojamiento":0,"pct_sin_educacion":6,"pct_educ_superior":6,"brecha_educ":-10,"pct_sin_seguro":20,"pct_sus":80,"pct_seguro_privado":0,"brecha_seguro":19,"pct_salud_publica":61,"pct_med_tradicional":0,"pct_automedicacion":0,"pct_remedios_caseros":33,"pct_viv_desocupada":22,"pct_alquiler":14,"pct_electricidad":100,"pct_sin_electricidad":0,"pct_agua_red":86,"pct_alcantarillado":71,"pct_camara_septica":14,"pct_pozo_ciego":14,"pct_sin_desague":0,"pct_gas_red":0,"pct_gas_garrafa":86,"pct_lena_guano":86,"pct_basura_formal":100,"pct_basura_quema":0,"pct_basura_informal":0,"pct_internet":14,"pct_celular":43,"pct_televisor":57}},{"type":"Feature","geometry":{"type":"Polygon","coordinates":[[[-65.36357,-10.83191],[-65.36315,-10.83104],[-65.36224,-10.83146],[-65.36268,-10.83232],[-65.36357,-10.83191]]]},"properties":{"n":"GUAYARAMERIN","p":43,"personas_x_ha":36,"masculinidad":79,"pct_menor20":16,"pct_60mas":7,"pct_migrante":28,"dependencia_econ":71,"pct_empleados":38,"pct_cuentapropia":4,"pct_agricultura":8,"pct_comercio":12,"pct_manufactura":0,"pct_construccion":12,"pct_transporte":21,"pct_alojamiento":12,"pct_sin_educacion":3,"pct_educ_superior":11,"brecha_educ":10,"pct_sin_seguro":25,"pct_sus":72,"pct_seguro_privado":0,"brecha_seguro":5,"pct_salud_publica":72,"pct_med_tradicional":0,"pct_automedicacion":4,"pct_remedios_caseros":7,"pct_viv_desocupada":0,"pct_alquiler":24,"pct_electricidad":100,"pct_sin_electricidad":0,"pct_agua_red":76,"pct_alcantarillado":59,"pct_camara_septica":29,"pct_pozo_ciego":6,"pct_sin_desague":0,"pct_gas_red":6,"pct_gas_garrafa":82,"pct_lena_guano":82,"pct_basura_formal":100,"pct_basura_quema":0,"pct_basura_informal":0,"pct_internet":47,"pct_celular":53,"pct_televisor":41}},{"type":"Feature","geometry":{"type":"Polygon","coordinates":[[[-65.36461,-10.83149],[-65.36373,-10.83191],[-65.36418,-10.8328],[-65.36507,-10.83236],[-65.36461,-10.83149]]]},"properties":{"n":"GUAYARAMERIN","p":54,"personas_x_ha":45,"masculinidad":157,"pct_menor20":35,"pct_60mas":9,"pct_migrante":11,"dependencia_econ":100,"pct_empleados":41,"pct_cuentapropia":30,"pct_agricultura":11,"pct_comercio":22,"pct_manufactura":0,"pct_construccion":15,"pct_transporte":7,"pct_alojamiento":0,"pct_sin_educacion":0,"pct_educ_superior":14,"brecha_educ":10,"pct_sin_seguro":26,"pct_sus":46,"pct_seguro_privado":0,"brecha_seguro":11,"pct_salud_publica":46,"pct_med_tradicional":7,"pct_automedicacion":13,"pct_remedios_caseros":17,"pct_viv_desocupada":7,"pct_alquiler":0,"pct_electricidad":93,"pct_sin_electricidad":0,"pct_agua_red":29,"pct_alcantarillado":7,"pct_camara_septica":79,"pct_pozo_ciego":7,"pct_sin_desague":7,"pct_gas_red":7,"pct_gas_garrafa":93,"pct_lena_guano":93,"pct_basura_formal":100,"pct_basura_quema":0,"pct_basura_informal":0,"pct_internet":71,"pct_celular":79,"pct_televisor":57}},{"type":"Feature","geometry":{"type":"Polygon","coordinates":[[[-65.34754,-10.80976],[-65.34719,-10.80915],[-65.3461,-10.80996],[-65.34641,-10.81036],[-65.34754,-10.80976]]]},"properties":{"n":"GUAYARAMERIN","p":39,"personas_x_ha":40,"masculinidad":62,"pct_menor20":44,"pct_60mas":13,"pct_migrante":41,"dependencia_econ":70,"pct_empleados":9,"pct_cuentapropia":61,"pct_agricultura":13,"pct_comercio":26,"pct_manufactura":0,"pct_construccion":9,"pct_transporte":4,"pct_alojamiento":17,"pct_sin_educacion":14,"pct_educ_superior":27,"brecha_educ":38,"pct_sin_seguro":8,"pct_sus":74,"pct_seguro_privado":0,"brecha_seguro":10,"pct_salud_publica":23,"pct_med_tradicional":2,"pct_automedicacion":20,"pct_remedios_caseros":26,"pct_viv_desocupada":12,"pct_alquiler":31,"pct_electricidad":100,"pct_sin_electricidad":0,"pct_agua_red":100,"pct_alcantarillado":54,"pct_camara_septica":23,"pct_pozo_ciego":23,"pct_sin_desague":0,"pct_gas_red":0,"pct_gas_garrafa":100,"pct_lena_guano":100,"pct_basura_formal":100,"pct_basura_quema":0,"pct_basura_informal":0,"pct_internet":77,"pct_celular":77,"pct_televisor":69}},{"type":"Feature","geometry":{"type":"Polygon","coordinates":[[[-65.34947,-10.82827],[-65.34912,-10.82753],[-65.34902,-10.82751],[-65.34868,-10.82776],[-65.34839,-10.82883],[-65.34947,-10.82827]]]},"properties":{"n":"GUAYARAMERIN","p":35,"personas_x_ha":37,"masculinidad":106,"pct_menor20":49,"pct_60mas":6,"pct_migrante":51,"dependencia_econ":400,"pct_empleados":29,"pct_cuentapropia":57,"pct_agricultura":29,"pct_comercio":14,"pct_manufactura":14,"pct_construccion":0,"pct_transporte":0,"pct_alojamiento":14,"pct_sin_educacion":0,"pct_educ_superior":16,"brecha_educ":-23,"pct_sin_seguro":24,"pct_sus":76,"pct_seguro_privado":0,"brecha_seguro":20,"pct_salud_publica":35,"pct_med_tradicional":8,"pct_automedicacion":4,"pct_remedios_caseros":15,"pct_viv_desocupada":21,"pct_alquiler":0,"pct_electricidad":100,"pct_sin_electricidad":0,"pct_agua_red":88,"pct_alcantarillado":12,"pct_camara_septica":62,"pct_pozo_ciego":25,"pct_sin_desague":0,"pct_gas_red":0,"pct_gas_garrafa":100,"pct_lena_guano":100,"pct_basura_formal":100,"pct_basura_quema":0,"pct_basura_informal":0,"pct_internet":75,"pct_celular":88,"pct_televisor":62}},{"type":"Feature","geometry":{"type":"Polygon","coordinates":[[[-65.36517,-10.815],[-65.36472,-10.8148],[-65.36411,-10.81667],[-65.36476,-10.81695],[-65.36477,-10.81671],[-65.36464,-10.81655],[-65.36441,-10.81646],[-65.36466,-10.81651],[-65.36471,-10.81635],[-65.36445,-10.81626],[-65.36472,-10.81632],[-65.36482,-10.81603],[-65.36456,-10.81591],[-65.36483,-10.81601],[-65.36517,-10.815]]]},"properties":{"n":"GUAYARAMERIN","p":39,"personas_x_ha":34,"masculinidad":105,"pct_menor20":72,"pct_60mas":0,"pct_migrante":79,"dependencia_econ":1200,"pct_empleados":100,"pct_cuentapropia":0,"pct_agricultura":0,"pct_comercio":0,"pct_manufactura":0,"pct_construccion":0,"pct_transporte":0,"pct_alojamiento":0,"pct_sin_educacion":0,"pct_educ_superior":25,"brecha_educ":25,"pct_sin_seguro":0,"pct_sus":54,"pct_seguro_privado":0,"brecha_seguro":0,"pct_salud_publica":28,"pct_med_tradicional":1,"pct_automedicacion":14,"pct_remedios_caseros":17,"pct_viv_desocupada":0,"pct_alquiler":22,"pct_electricidad":100,"pct_sin_electricidad":0,"pct_agua_red":100,"pct_alcantarillado":11,"pct_camara_septica":89,"pct_pozo_ciego":0,"pct_sin_desague":0,"pct_gas_red":0,"pct_gas_garrafa":100,"pct_lena_guano":100,"pct_basura_formal":100,"pct_basura_quema":0,"pct_basura_informal":0,"pct_internet":100,"pct_celular":100,"pct_televisor":100}},{"type":"Feature","geometry":{"type":"Polygon","coordinates":[[[-65.35825,-10.83098],[-65.35911,-10.83054],[-65.35868,-10.8297],[-65.35781,-10.83013],[-65.35825,-10.83098]]]},"properties":{"n":"GUAYARAMERIN","p":44,"personas_x_ha":39,"masculinidad":83,"pct_menor20":34,"pct_60mas":14,"pct_migrante":36,"dependencia_econ":65,"pct_empleados":31,"pct_cuentapropia":42,"pct_agricultura":4,"pct_comercio":27,"pct_manufactura":4,"pct_construccion":4,"pct_transporte":0,"pct_alojamiento":8,"pct_sin_educacion":7,"pct_educ_superior":34,"brecha_educ":-24,"pct_sin_seguro":13,"pct_sus":59,"pct_seguro_privado":0,"brecha_seguro":7,"pct_salud_publica":46,"pct_med_tradicional":0,"pct_automedicacion":5,"pct_remedios_caseros":9,"pct_viv_desocupada":18,"pct_alquiler":0,"pct_electricidad":100,"pct_sin_electricidad":0,"pct_agua_red":93,"pct_alcantarillado":71,"pct_camara_septica":21,"pct_pozo_ciego":7,"pct_sin_desague":0,"pct_gas_red":36,"pct_gas_garrafa":57,"pct_lena_guano":57,"pct_basura_formal":93,"pct_basura_quema":0,"pct_basura_informal":14,"pct_internet":64,"pct_celular":71,"pct_televisor":86}},{"type":"Feature","geometry":{"type":"Polygon","coordinates":[[[-65.35407,-10.82495],[-65.35448,-10.82578],[-65.35535,-10.82537],[-65.35493,-10.82453],[-65.35407,-10.82495]]]},"properties":{"n":"GUAYARAMERIN","p":58,"personas_x_ha":51,"masculinidad":93,"pct_menor20":43,"pct_60mas":10,"pct_migrante":43,"dependencia_econ":222,"pct_empleados":22,"pct_cuentapropia":61,"pct_agricultura":6,"pct_comercio":22,"pct_manufactura":6,"pct_construccion":0,"pct_transporte":11,"pct_alojamiento":0,"pct_sin_educacion":3,"pct_educ_superior":35,"brecha_educ":6,"pct_sin_seguro":16,"pct_sus":70,"pct_seguro_privado":2,"brecha_seguro":11,"pct_salud_publica":25,"pct_med_tradicional":13,"pct_automedicacion":8,"pct_remedios_caseros":25,"pct_viv_desocupada":20,"pct_alquiler":47,"pct_electricidad":100,"pct_sin_electricidad":0,"pct_agua_red":100,"pct_alcantarillado":100,"pct_camara_septica":0,"pct_pozo_ciego":0,"pct_sin_desague":0,"pct_gas_red":13,"pct_gas_garrafa":80,"pct_lena_guano":80,"pct_basura_formal":100,"pct_basura_quema":0,"pct_basura_informal":0,"pct_internet":100,"pct_celular":100,"pct_televisor":100}},{"type":"Feature","geometry":{"type":"Polygon","coordinates":[[[-65.35714,-10.834],[-65.35629,-10.83438],[-65.35667,-10.83516],[-65.35752,-10.83477],[-65.35714,-10.834]]]},"properties":{"n":"GUAYARAMERIN","p":70,"personas_x_ha":69,"masculinidad":133,"pct_menor20":44,"pct_60mas":10,"pct_migrante":14,"dependencia_econ":100,"pct_empleados":17,"pct_cuentapropia":69,"pct_agricultura":11,"pct_comercio":11,"pct_manufactura":3,"pct_construccion":11,"pct_transporte":9,"pct_alojamiento":23,"pct_sin_educacion":2,"pct_educ_superior":22,"brecha_educ":-5,"pct_sin_seguro":26,"pct_sus":74,"pct_seguro_privado":0,"brecha_seguro":22,"pct_salud_publica":60,"pct_med_tradicional":6,"pct_automedicacion":9,"pct_remedios_caseros":17,"pct_viv_desocupada":0,"pct_alquiler":0,"pct_electricidad":94,"pct_sin_electricidad":0,"pct_agua_red":100,"pct_alcantarillado":12,"pct_camara_septica":59,"pct_pozo_ciego":29,"pct_sin_desague":0,"pct_gas_red":18,"pct_gas_garrafa":65,"pct_lena_guano":65,"pct_basura_formal":100,"pct_basura_quema":0,"pct_basura_informal":0,"pct_internet":65,"pct_celular":76,"pct_televisor":76}},{"type":"Feature","geometry":{"type":"Polygon","coordinates":[[[-65.34368,-10.82213],[-65.34275,-10.82187],[-65.34245,-10.82278],[-65.3434,-10.82307],[-65.34368,-10.82213]]]},"properties":{"n":"GUAYARAMERIN","p":62,"personas_x_ha":53,"masculinidad":82,"pct_menor20":37,"pct_60mas":13,"pct_migrante":23,"dependencia_econ":68,"pct_empleados":41,"pct_cuentapropia":38,"pct_agricultura":14,"pct_comercio":16,"pct_manufactura":5,"pct_construccion":11,"pct_transporte":14,"pct_alojamiento":8,"pct_sin_educacion":3,"pct_educ_superior":15,"brecha_educ":-2,"pct_sin_seguro":6,"pct_sus":58,"pct_seguro_privado":6,"brecha_seguro":-5,"pct_salud_publica":38,"pct_med_tradicional":2,"pct_automedicacion":9,"pct_remedios_caseros":20,"pct_viv_desocupada":0,"pct_alquiler":25,"pct_electricidad":100,"pct_sin_electricidad":0,"pct_agua_red":95,"pct_alcantarillado":5,"pct_camara_septica":65,"pct_pozo_ciego":10,"pct_sin_desague":0,"pct_gas_red":0,"pct_gas_garrafa":95,"pct_lena_guano":95,"pct_basura_formal":95,"pct_basura_quema":5,"pct_basura_informal":0,"pct_internet":75,"pct_celular":85,"pct_televisor":80}},{"type":"Feature","geometry":{"type":"Polygon","coordinates":[[[-65.35393,-10.82492],[-65.35351,-10.82408],[-65.35269,-10.82452],[-65.35311,-10.82537],[-65.35393,-10.82492]]]},"properties":{"n":"GUAYARAMERIN","p":41,"personas_x_ha":36,"masculinidad":86,"pct_menor20":27,"pct_60mas":10,"pct_migrante":46,"dependencia_econ":71,"pct_empleados":38,"pct_cuentapropia":21,"pct_agricultura":21,"pct_comercio":17,"pct_manufactura":8,"pct_construccion":8,"pct_transporte":8,"pct_alojamiento":4,"pct_sin_educacion":0,"pct_educ_superior":43,"brecha_educ":-27,"pct_sin_seguro":0,"pct_sus":100,"pct_seguro_privado":0,"brecha_seguro":0,"pct_salud_publica":53,"pct_med_tradicional":5,"pct_automedicacion":7,"pct_remedios_caseros":24,"pct_viv_desocupada":0,"pct_alquiler":17,"pct_electricidad":100,"pct_sin_electricidad":0,"pct_agua_red":100,"pct_alcantarillado":100,"pct_camara_septica":0,"pct_pozo_ciego":0,"pct_sin_desague":0,"pct_gas_red":0,"pct_gas_garrafa":100,"pct_lena_guano":100,"pct_basura_formal":100,"pct_basura_quema":0,"pct_basura_informal":0,"pct_internet":83,"pct_celular":92,"pct_televisor":75}},{"type":"Feature","geometry":{"type":"Polygon","coordinates":[[[-65.35766,-10.83257],[-65.35679,-10.83298],[-65.3572,-10.83384],[-65.35808,-10.83342],[-65.35766,-10.83257]]]},"properties":{"n":"GUAYARAMERIN","p":55,"personas_x_ha":49,"masculinidad":120,"pct_menor20":44,"pct_60mas":7,"pct_migrante":25,"dependencia_econ":160,"pct_empleados":40,"pct_cuentapropia":35,"pct_agricultura":10,"pct_comercio":35,"pct_manufactura":0,"pct_construccion":5,"pct_transporte":10,"pct_alojamiento":5,"pct_sin_educacion":3,"pct_educ_superior":41,"brecha_educ":-17,"pct_sin_seguro":4,"pct_sus":85,"pct_seguro_privado":0,"brecha_seguro":7,"pct_salud_publica":39,"pct_med_tradicional":1,"pct_automedicacion":17,"pct_remedios_caseros":24,"pct_viv_desocupada":0,"pct_alquiler":29,"pct_electricidad":100,"pct_sin_electricidad":0,"pct_agua_red":93,"pct_alcantarillado":14,"pct_camara_septica":43,"pct_pozo_ciego":21,"pct_sin_desague":0,"pct_gas_red":0,"pct_gas_garrafa":86,"pct_lena_guano":86,"pct_basura_formal":100,"pct_basura_quema":0,"pct_basura_informal":0,"pct_internet":64,"pct_celular":79,"pct_televisor":71}},{"type":"Feature","geometry":{"type":"Polygon","coordinates":[[[-65.34143,-10.82254],[-65.34112,-10.82349],[-65.34151,-10.82362],[-65.34183,-10.82268],[-65.34143,-10.82254]]]},"properties":{"n":"GUAYARAMERIN","p":36,"personas_x_ha":69,"masculinidad":140,"pct_menor20":42,"pct_60mas":11,"pct_migrante":31,"dependencia_econ":177,"pct_empleados":23,"pct_cuentapropia":31,"pct_agricultura":23,"pct_comercio":15,"pct_manufactura":23,"pct_construccion":0,"pct_transporte":8,"pct_alojamiento":0,"pct_sin_educacion":14,"pct_educ_superior":19,"brecha_educ":-8,"pct_sin_seguro":0,"pct_sus":100,"pct_seguro_privado":0,"brecha_seguro":0,"pct_salud_publica":57,"pct_med_tradicional":2,"pct_automedicacion":13,"pct_remedios_caseros":16,"pct_viv_desocupada":9,"pct_alquiler":0,"pct_electricidad":100,"pct_sin_electricidad":0,"pct_agua_red":90,"pct_alcantarillado":30,"pct_camara_septica":30,"pct_pozo_ciego":30,"pct_sin_desague":0,"pct_gas_red":0,"pct_gas_garrafa":100,"pct_lena_guano":100,"pct_basura_formal":80,"pct_basura_quema":20,"pct_basura_informal":0,"pct_internet":50,"pct_celular":60,"pct_televisor":40}},{"type":"Feature","geometry":{"type":"Polygon","coordinates":[[[-65.36654,-10.8281],[-65.36613,-10.82726],[-65.36537,-10.82764],[-65.36575,-10.82843],[-65.36654,-10.8281]]]},"properties":{"n":"GUAYARAMERIN","p":73,"personas_x_ha":74,"masculinidad":97,"pct_menor20":49,"pct_60mas":4,"pct_migrante":23,"dependencia_econ":204,"pct_empleados":29,"pct_cuentapropia":42,"pct_agricultura":12,"pct_comercio":8,"pct_manufactura":4,"pct_construccion":8,"pct_transporte":25,"pct_alojamiento":8,"pct_sin_educacion":3,"pct_educ_superior":18,"brecha_educ":-14,"pct_sin_seguro":10,"pct_sus":74,"pct_seguro_privado":1,"brecha_seguro":3,"pct_salud_publica":35,"pct_med_tradicional":6,"pct_automedicacion":7,"pct_remedios_caseros":28,"pct_viv_desocupada":0,"pct_alquiler":6,"pct_electricidad":100,"pct_sin_electricidad":0,"pct_agua_red":82,"pct_alcantarillado":71,"pct_camara_septica":6,"pct_pozo_ciego":12,"pct_sin_desague":0,"pct_gas_red":6,"pct_gas_garrafa":88,"pct_lena_guano":88,"pct_basura_formal":100,"pct_basura_quema":0,"pct_basura_informal":0,"pct_internet":94,"pct_celular":94,"pct_televisor":82}},{"type":"Feature","geometry":{"type":"Polygon","coordinates":[[[-65.35521,-10.83261],[-65.35435,-10.83304],[-65.35483,-10.83387],[-65.35566,-10.83344],[-65.35521,-10.83261]]]},"properties":{"n":"GUAYARAMERIN","p":45,"personas_x_ha":40,"masculinidad":137,"pct_menor20":38,"pct_60mas":20,"pct_migrante":33,"dependencia_econ":132,"pct_empleados":32,"pct_cuentapropia":63,"pct_agricultura":5,"pct_comercio":21,"pct_manufactura":21,"pct_construccion":0,"pct_transporte":32,"pct_alojamiento":5,"pct_sin_educacion":0,"pct_educ_superior":7,"brecha_educ":31,"pct_sin_seguro":0,"pct_sus":98,"pct_seguro_privado":0,"brecha_seguro":0,"pct_salud_publica":45,"pct_med_tradicional":4,"pct_automedicacion":10,"pct_remedios_caseros":37,"pct_viv_desocupada":0,"pct_alquiler":0,"pct_electricidad":100,"pct_sin_electricidad":0,"pct_agua_red":100,"pct_alcantarillado":11,"pct_camara_septica":33,"pct_pozo_ciego":44,"pct_sin_desague":0,"pct_gas_red":0,"pct_gas_garrafa":100,"pct_lena_guano":100,"pct_basura_formal":100,"pct_basura_quema":0,"pct_basura_informal":0,"pct_internet":56,"pct_celular":67,"pct_televisor":56}},{"type":"Feature","geometry":{"type":"Polygon","coordinates":[[[-65.36976,-10.80901],[-65.37002,-10.80952],[-65.3709,-10.80883],[-65.3705,-10.80834],[-65.36976,-10.80901]]]},"properties":{"n":"GUAYARAMERIN","p":27,"personas_x_ha":35,"masculinidad":170,"pct_menor20":26,"pct_60mas":15,"pct_migrante":41,"dependencia_econ":108,"pct_empleados":46,"pct_cuentapropia":46,"pct_agricultura":23,"pct_comercio":31,"pct_manufactura":8,"pct_construccion":23,"pct_transporte":0,"pct_alojamiento":8,"pct_sin_educacion":5,"pct_educ_superior":20,"brecha_educ":-4,"pct_sin_seguro":63,"pct_sus":37,"pct_seguro_privado":0,"brecha_seguro":21,"pct_salud_publica":34,"pct_med_tradicional":0,"pct_automedicacion":29,"pct_remedios_caseros":32,"pct_viv_desocupada":0,"pct_alquiler":0,"pct_electricidad":75,"pct_sin_electricidad":25,"pct_agua_red":0,"pct_alcantarillado":0,"pct_camara_septica":25,"pct_pozo_ciego":25,"pct_sin_desague":25,"pct_gas_red":0,"pct_gas_garrafa":75,"pct_lena_guano":75,"pct_basura_formal":62,"pct_basura_quema":12,"pct_basura_informal":0,"pct_internet":75,"pct_celular":75,"pct_televisor":62}},{"type":"Feature","geometry":{"type":"Polygon","coordinates":[[[-65.37218,-10.79963],[-65.37184,-10.79898],[-65.37145,-10.79904],[-65.37186,-10.7998],[-65.37218,-10.79963]]]},"properties":{"n":"GUAYARAMERIN","p":45,"personas_x_ha":126,"masculinidad":67,"pct_menor20":56,"pct_60mas":4,"pct_migrante":7,"dependencia_econ":200,"pct_empleados":43,"pct_cuentapropia":43,"pct_agricultura":14,"pct_comercio":29,"pct_manufactura":14,"pct_construccion":14,"pct_transporte":7,"pct_alojamiento":21,"pct_sin_educacion":0,"pct_educ_superior":14,"brecha_educ":-11,"pct_sin_seguro":2,"pct_sus":95,"pct_seguro_privado":0,"brecha_seguro":-4,"pct_salud_publica":85,"pct_med_tradicional":0,"pct_automedicacion":8,"pct_remedios_caseros":6,"pct_viv_desocupada":0,"pct_alquiler":0,"pct_electricidad":100,"pct_sin_electricidad":0,"pct_agua_red":100,"pct_alcantarillado":33,"pct_camara_septica":25,"pct_pozo_ciego":42,"pct_sin_desague":0,"pct_gas_red":8,"pct_gas_garrafa":83,"pct_lena_guano":83,"pct_basura_formal":100,"pct_basura_quema":0,"pct_basura_informal":0,"pct_internet":58,"pct_celular":67,"pct_televisor":42}},{"type":"Feature","geometry":{"type":"Polygon","coordinates":[[[-65.3652,-10.82759],[-65.36478,-10.82674],[-65.36442,-10.82692],[-65.36481,-10.82779],[-65.3652,-10.82759]]]},"properties":{"n":"GUAYARAMERIN","p":25,"personas_x_ha":50,"masculinidad":67,"pct_menor20":20,"pct_60mas":32,"pct_migrante":16,"dependencia_econ":41,"pct_empleados":35,"pct_cuentapropia":47,"pct_agricultura":0,"pct_comercio":24,"pct_manufactura":0,"pct_construccion":6,"pct_transporte":6,"pct_alojamiento":35,"pct_sin_educacion":0,"pct_educ_superior":45,"brecha_educ":-17,"pct_sin_seguro":4,"pct_sus":71,"pct_seguro_privado":0,"brecha_seguro":-7,"pct_salud_publica":23,"pct_med_tradicional":13,"pct_automedicacion":15,"pct_remedios_caseros":19,"pct_viv_desocupada":14,"pct_alquiler":8,"pct_electricidad":92,"pct_sin_electricidad":8,"pct_agua_red":75,"pct_alcantarillado":83,"pct_camara_septica":17,"pct_pozo_ciego":0,"pct_sin_desague":0,"pct_gas_red":33,"pct_gas_garrafa":67,"pct_lena_guano":67,"pct_basura_formal":100,"pct_basura_quema":0,"pct_basura_informal":0,"pct_internet":83,"pct_celular":83,"pct_televisor":67}},{"type":"Feature","geometry":{"type":"Polygon","coordinates":[[[-65.34537,-10.8393],[-65.34627,-10.83955],[-65.34641,-10.83903],[-65.3455,-10.83879],[-65.34537,-10.8393]]]},"properties":{"n":"GUAYARAMERIN","p":39,"personas_x_ha":65,"masculinidad":95,"pct_menor20":59,"pct_60mas":3,"pct_migrante":13,"dependencia_econ":209,"pct_empleados":27,"pct_cuentapropia":45,"pct_agricultura":18,"pct_comercio":9,"pct_manufactura":36,"pct_construccion":9,"pct_transporte":9,"pct_alojamiento":0,"pct_sin_educacion":0,"pct_educ_superior":0,"brecha_educ":-7,"pct_sin_seguro":3,"pct_sus":97,"pct_seguro_privado":0,"brecha_seguro":6,"pct_salud_publica":58,"pct_med_tradicional":3,"pct_automedicacion":2,"pct_remedios_caseros":36,"pct_viv_desocupada":0,"pct_alquiler":0,"pct_electricidad":100,"pct_sin_electricidad":0,"pct_agua_red":86,"pct_alcantarillado":14,"pct_camara_septica":29,"pct_pozo_ciego":0,"pct_sin_desague":0,"pct_gas_red":0,"pct_gas_garrafa":86,"pct_lena_guano":86,"pct_basura_formal":86,"pct_basura_quema":14,"pct_basura_informal":0,"pct_internet":71,"pct_celular":86,"pct_televisor":43}},{"type":"Feature","geometry":{"type":"Polygon","coordinates":[[[-65.35152,-10.82497],[-65.35111,-10.82408],[-65.3503,-10.82448],[-65.35067,-10.82537],[-65.35152,-10.82497]]]},"properties":{"n":"GUAYARAMERIN","p":80,"personas_x_ha":69,"masculinidad":86,"pct_menor20":40,"pct_60mas":11,"pct_migrante":30,"dependencia_econ":129,"pct_empleados":23,"pct_cuentapropia":60,"pct_agricultura":6,"pct_comercio":31,"pct_manufactura":9,"pct_construccion":14,"pct_transporte":6,"pct_alojamiento":23,"pct_sin_educacion":6,"pct_educ_superior":27,"brecha_educ":-4,"pct_sin_seguro":19,"pct_sus":75,"pct_seguro_privado":1,"brecha_seguro":5,"pct_salud_publica":26,"pct_med_tradicional":3,"pct_automedicacion":19,"pct_remedios_caseros":32,"pct_viv_desocupada":0,"pct_alquiler":7,"pct_electricidad":100,"pct_sin_electricidad":0,"pct_agua_red":100,"pct_alcantarillado":21,"pct_camara_septica":57,"pct_pozo_ciego":21,"pct_sin_desague":0,"pct_gas_red":7,"pct_gas_garrafa":86,"pct_lena_guano":86,"pct_basura_formal":93,"pct_basura_quema":7,"pct_basura_informal":0,"pct_internet":86,"pct_celular":93,"pct_televisor":86}},{"type":"Feature","geometry":{"type":"Polygon","coordinates":[[[-65.36899,-10.8116],[-65.36954,-10.81146],[-65.36917,-10.81077],[-65.36864,-10.81102],[-65.36899,-10.8116]]]},"properties":{"n":"GUAYARAMERIN","p":24,"personas_x_ha":45,"masculinidad":118,"pct_menor20":38,"pct_60mas":4,"pct_migrante":12,"dependencia_econ":140,"pct_empleados":30,"pct_cuentapropia":20,"pct_agricultura":10,"pct_comercio":40,"pct_manufactura":10,"pct_construccion":10,"pct_transporte":0,"pct_alojamiento":0,"pct_sin_educacion":0,"pct_educ_superior":33,"brecha_educ":-16,"pct_sin_seguro":23,"pct_sus":64,"pct_seguro_privado":0,"brecha_seguro":27,"pct_salud_publica":26,"pct_med_tradicional":15,"pct_automedicacion":16,"pct_remedios_caseros":24,"pct_viv_desocupada":18,"pct_alquiler":0,"pct_electricidad":86,"pct_sin_electricidad":14,"pct_agua_red":0,"pct_alcantarillado":14,"pct_camara_septica":14,"pct_pozo_ciego":29,"pct_sin_desague":29,"pct_gas_red":0,"pct_gas_garrafa":100,"pct_lena_guano":100,"pct_basura_formal":100,"pct_basura_quema":0,"pct_basura_informal":0,"pct_internet":57,"pct_celular":57,"pct_televisor":43}},{"type":"Feature","geometry":{"type":"Polygon","coordinates":[[[-65.35099,-10.82641],[-65.35061,-10.82556],[-65.34972,-10.82596],[-65.35012,-10.82684],[-65.35099,-10.82641]]]},"properties":{"n":"GUAYARAMERIN","p":87,"personas_x_ha":75,"masculinidad":89,"pct_menor20":41,"pct_60mas":9,"pct_migrante":38,"dependencia_econ":156,"pct_empleados":44,"pct_cuentapropia":38,"pct_agricultura":12,"pct_comercio":21,"pct_manufactura":6,"pct_construccion":12,"pct_transporte":12,"pct_alojamiento":3,"pct_sin_educacion":0,"pct_educ_superior":23,"brecha_educ":-14,"pct_sin_seguro":7,"pct_sus":80,"pct_seguro_privado":0,"brecha_seguro":5,"pct_salud_publica":47,"pct_med_tradicional":4,"pct_automedicacion":5,"pct_remedios_caseros":21,"pct_viv_desocupada":7,"pct_alquiler":28,"pct_electricidad":100,"pct_sin_electricidad":0,"pct_agua_red":96,"pct_alcantarillado":20,"pct_camara_septica":36,"pct_pozo_ciego":40,"pct_sin_desague":0,"pct_gas_red":8,"pct_gas_garrafa":92,"pct_lena_guano":92,"pct_basura_formal":100,"pct_basura_quema":0,"pct_basura_informal":0,"pct_internet":64,"pct_celular":68,"pct_televisor":68}},{"type":"Feature","geometry":{"type":"Polygon","coordinates":[[[-65.36378,-10.84493],[-65.363,-10.84533],[-65.36279,-10.84496],[-65.36358,-10.84455],[-65.36378,-10.84493]]]},"properties":{"n":"GUAYARAMERIN","p":61,"personas_x_ha":124,"masculinidad":126,"pct_menor20":49,"pct_60mas":11,"pct_migrante":28,"dependencia_econ":152,"pct_empleados":65,"pct_cuentapropia":22,"pct_agricultura":9,"pct_comercio":26,"pct_manufactura":22,"pct_construccion":4,"pct_transporte":4,"pct_alojamiento":17,"pct_sin_educacion":0,"pct_educ_superior":7,"brecha_educ":-11,"pct_sin_seguro":11,"pct_sus":81,"pct_seguro_privado":0,"brecha_seguro":12,"pct_salud_publica":46,"pct_med_tradicional":2,"pct_automedicacion":19,"pct_remedios_caseros":17,"pct_viv_desocupada":0,"pct_alquiler":0,"pct_electricidad":100,"pct_sin_electricidad":0,"pct_agua_red":100,"pct_alcantarillado":0,"pct_camara_septica":60,"pct_pozo_ciego":40,"pct_sin_desague":0,"pct_gas_red":0,"pct_gas_garrafa":93,"pct_lena_guano":93,"pct_basura_formal":100,"pct_basura_quema":0,"pct_basura_informal":0,"pct_internet":100,"pct_celular":100,"pct_televisor":67}},{"type":"Feature","geometry":{"type":"Polygon","coordinates":[[[-65.34389,-10.8328],[-65.34374,-10.83332],[-65.34459,-10.83355],[-65.34475,-10.83303],[-65.34389,-10.8328]]]},"properties":{"n":"GUAYARAMERIN","p":24,"personas_x_ha":40,"masculinidad":71,"pct_menor20":17,"pct_60mas":21,"pct_migrante":50,"dependencia_econ":50,"pct_empleados":19,"pct_cuentapropia":62,"pct_agricultura":12,"pct_comercio":12,"pct_manufactura":12,"pct_construccion":6,"pct_transporte":12,"pct_alojamiento":19,"pct_sin_educacion":5,"pct_educ_superior":20,"brecha_educ":-21,"pct_sin_seguro":12,"pct_sus":88,"pct_seguro_privado":0,"brecha_seguro":30,"pct_salud_publica":40,"pct_med_tradicional":17,"pct_automedicacion":8,"pct_remedios_caseros":27,"pct_viv_desocupada":0,"pct_alquiler":29,"pct_electricidad":100,"pct_sin_electricidad":0,"pct_agua_red":57,"pct_alcantarillado":14,"pct_camara_septica":57,"pct_pozo_ciego":29,"pct_sin_desague":0,"pct_gas_red":29,"pct_gas_garrafa":71,"pct_lena_guano":71,"pct_basura_formal":100,"pct_basura_quema":0,"pct_basura_informal":0,"pct_internet":86,"pct_celular":86,"pct_televisor":86}},{"type":"Feature","geometry":{"type":"Polygon","coordinates":[[[-65.36041,-10.83815],[-65.36,-10.83728],[-65.35911,-10.83768],[-65.35951,-10.83856],[-65.36041,-10.83815]]]},"properties":{"n":"GUAYARAMERIN","p":24,"personas_x_ha":20,"masculinidad":71,"pct_menor20":38,"pct_60mas":8,"pct_migrante":29,"dependencia_econ":500,"pct_empleados":25,"pct_cuentapropia":75,"pct_agricultura":25,"pct_comercio":25,"pct_manufactura":25,"pct_construccion":0,"pct_transporte":25,"pct_alojamiento":0,"pct_sin_educacion":0,"pct_educ_superior":7,"brecha_educ":18,"pct_sin_seguro":4,"pct_sus":79,"pct_seguro_privado":0,"brecha_seguro":10,"pct_salud_publica":72,"pct_med_tradicional":0,"pct_automedicacion":12,"pct_remedios_caseros":0,"pct_viv_desocupada":0,"pct_alquiler":0,"pct_electricidad":83,"pct_sin_electricidad":17,"pct_agua_red":83,"pct_alcantarillado":17,"pct_camara_septica":17,"pct_pozo_ciego":50,"pct_sin_desague":17,"pct_gas_red":17,"pct_gas_garrafa":67,"pct_lena_guano":67,"pct_basura_formal":100,"pct_basura_quema":0,"pct_basura_informal":0,"pct_internet":17,"pct_celular":67,"pct_televisor":50}},{"type":"Feature","geometry":{"type":"Polygon","coordinates":[[[-65.35608,-10.83901],[-65.35692,-10.83858],[-65.35656,-10.83774],[-65.35568,-10.83814],[-65.35608,-10.83901]]]},"properties":{"n":"GUAYARAMERIN","p":47,"personas_x_ha":41,"masculinidad":74,"pct_menor20":43,"pct_60mas":9,"pct_migrante":38,"dependencia_econ":135,"pct_empleados":30,"pct_cuentapropia":35,"pct_agricultura":25,"pct_comercio":10,"pct_manufactura":15,"pct_construccion":15,"pct_transporte":10,"pct_alojamiento":0,"pct_sin_educacion":0,"pct_educ_superior":19,"brecha_educ":2,"pct_sin_seguro":17,"pct_sus":74,"pct_seguro_privado":0,"brecha_seguro":-4,"pct_salud_publica":34,"pct_med_tradicional":10,"pct_automedicacion":20,"pct_remedios_caseros":33,"pct_viv_desocupada":0,"pct_alquiler":0,"pct_electricidad":100,"pct_sin_electricidad":0,"pct_agua_red":80,"pct_alcantarillado":10,"pct_camara_septica":50,"pct_pozo_ciego":20,"pct_sin_desague":0,"pct_gas_red":0,"pct_gas_garrafa":90,"pct_lena_guano":90,"pct_basura_formal":80,"pct_basura_quema":20,"pct_basura_informal":0,"pct_internet":80,"pct_celular":80,"pct_televisor":40}},{"type":"Feature","geometry":{"type":"Polygon","coordinates":[[[-65.34441,-10.83425],[-65.34459,-10.83369],[-65.34369,-10.83343],[-65.34349,-10.83397],[-65.34441,-10.83425]]]},"properties":{"n":"GUAYARAMERIN","p":17,"personas_x_ha":25,"masculinidad":143,"pct_menor20":24,"pct_60mas":12,"pct_migrante":59,"dependencia_econ":70,"pct_empleados":40,"pct_cuentapropia":40,"pct_agricultura":30,"pct_comercio":10,"pct_manufactura":10,"pct_construccion":40,"pct_transporte":0,"pct_alojamiento":0,"pct_sin_educacion":0,"pct_educ_superior":15,"brecha_educ":-2,"pct_sin_seguro":7,"pct_sus":93,"pct_seguro_privado":0,"brecha_seguro":14,"pct_salud_publica":50,"pct_med_tradicional":7,"pct_automedicacion":13,"pct_remedios_caseros":17,"pct_viv_desocupada":0,"pct_alquiler":0,"pct_electricidad":100,"pct_sin_electricidad":0,"pct_agua_red":80,"pct_alcantarillado":0,"pct_camara_septica":60,"pct_pozo_ciego":20,"pct_sin_desague":10,"pct_gas_red":0,"pct_gas_garrafa":90,"pct_lena_guano":90,"pct_basura_formal":100,"pct_basura_quema":0,"pct_basura_informal":0,"pct_internet":80,"pct_celular":80,"pct_televisor":50}},{"type":"Feature","geometry":{"type":"Polygon","coordinates":[[[-65.34952,-10.81873],[-65.34908,-10.81905],[-65.34891,-10.81897],[-65.34842,-10.82061],[-65.35008,-10.8197],[-65.34952,-10.81873]]]},"properties":{"n":"GUAYARAMERIN","p":107,"personas_x_ha":60,"masculinidad":73,"pct_menor20":42,"pct_60mas":8,"pct_migrante":34,"dependencia_econ":161,"pct_empleados":32,"pct_cuentapropia":49,"pct_agricultura":12,"pct_comercio":27,"pct_manufactura":7,"pct_construccion":5,"pct_transporte":2,"pct_alojamiento":5,"pct_sin_educacion":8,"pct_educ_superior":32,"brecha_educ":-1,"pct_sin_seguro":5,"pct_sus":83,"pct_seguro_privado":8,"brecha_seguro":3,"pct_salud_publica":61,"pct_med_tradicional":1,"pct_automedicacion":4,"pct_remedios_caseros":20,"pct_viv_desocupada":3,"pct_alquiler":11,"pct_electricidad":100,"pct_sin_electricidad":0,"pct_agua_red":96,"pct_alcantarillado":67,"pct_camara_septica":11,"pct_pozo_ciego":19,"pct_sin_desague":4,"pct_gas_red":4,"pct_gas_garrafa":96,"pct_lena_guano":96,"pct_basura_formal":96,"pct_basura_quema":4,"pct_basura_informal":0,"pct_internet":81,"pct_celular":89,"pct_televisor":85}},{"type":"Feature","geometry":{"type":"Polygon","coordinates":[[[-65.34136,-10.82239],[-65.34161,-10.82156],[-65.34105,-10.82134],[-65.34112,-10.82186],[-65.34099,-10.82228],[-65.34136,-10.82239]]]},"properties":{"n":"GUAYARAMERIN","p":24,"personas_x_ha":48,"masculinidad":167,"pct_menor20":58,"pct_60mas":4,"pct_migrante":38,"dependencia_econ":156,"pct_empleados":22,"pct_cuentapropia":78,"pct_agricultura":22,"pct_comercio":33,"pct_manufactura":11,"pct_construccion":0,"pct_transporte":11,"pct_alojamiento":0,"pct_sin_educacion":0,"pct_educ_superior":10,"brecha_educ":-25,"pct_sin_seguro":17,"pct_sus":78,"pct_seguro_privado":0,"brecha_seguro":10,"pct_salud_publica":37,"pct_med_tradicional":2,"pct_automedicacion":27,"pct_remedios_caseros":25,"pct_viv_desocupada":22,"pct_alquiler":0,"pct_electricidad":100,"pct_sin_electricidad":0,"pct_agua_red":33,"pct_alcantarillado":0,"pct_camara_septica":33,"pct_pozo_ciego":50,"pct_sin_desague":0,"pct_gas_red":0,"pct_gas_garrafa":83,"pct_lena_guano":83,"pct_basura_formal":83,"pct_basura_quema":17,"pct_basura_informal":0,"pct_internet":50,"pct_celular":67,"pct_televisor":50}},{"type":"Feature","geometry":{"type":"Polygon","coordinates":[[[-65.36094,-10.82382],[-65.36188,-10.82335],[-65.36144,-10.82249],[-65.36051,-10.82295],[-65.36094,-10.82382]]]},"properties":{"n":"GUAYARAMERIN","p":47,"personas_x_ha":38,"masculinidad":135,"pct_menor20":38,"pct_60mas":13,"pct_migrante":32,"dependencia_econ":135,"pct_empleados":35,"pct_cuentapropia":50,"pct_agricultura":15,"pct_comercio":15,"pct_manufactura":0,"pct_construccion":5,"pct_transporte":0,"pct_alojamiento":10,"pct_sin_educacion":0,"pct_educ_superior":38,"brecha_educ":7,"pct_sin_seguro":2,"pct_sus":83,"pct_seguro_privado":0,"brecha_seguro":-5,"pct_salud_publica":40,"pct_med_tradicional":1,"pct_automedicacion":23,"pct_remedios_caseros":21,"pct_viv_desocupada":0,"pct_alquiler":27,"pct_electricidad":100,"pct_sin_electricidad":0,"pct_agua_red":73,"pct_alcantarillado":91,"pct_camara_septica":9,"pct_pozo_ciego":0,"pct_sin_desague":0,"pct_gas_red":0,"pct_gas_garrafa":100,"pct_lena_guano":100,"pct_basura_formal":91,"pct_basura_quema":9,"pct_basura_informal":0,"pct_internet":100,"pct_celular":100,"pct_televisor":73}},{"type":"Feature","geometry":{"type":"Polygon","coordinates":[[[-65.36246,-10.83732],[-65.36204,-10.8375],[-65.3625,-10.83833],[-65.36286,-10.83813],[-65.36246,-10.83732]]]},"properties":{"n":"GUAYARAMERIN","p":33,"personas_x_ha":64,"masculinidad":136,"pct_menor20":36,"pct_60mas":6,"pct_migrante":30,"dependencia_econ":129,"pct_empleados":43,"pct_cuentapropia":50,"pct_agricultura":7,"pct_comercio":29,"pct_manufactura":7,"pct_construccion":14,"pct_transporte":7,"pct_alojamiento":7,"pct_sin_educacion":0,"pct_educ_superior":20,"brecha_educ":-38,"pct_sin_seguro":13,"pct_sus":68,"pct_seguro_privado":0,"brecha_seguro":9,"pct_salud_publica":64,"pct_med_tradicional":0,"pct_automedicacion":0,"pct_remedios_caseros":18,"pct_viv_desocupada":8,"pct_alquiler":20,"pct_electricidad":100,"pct_sin_electricidad":0,"pct_agua_red":100,"pct_alcantarillado":20,"pct_camara_septica":60,"pct_pozo_ciego":10,"pct_sin_desague":0,"pct_gas_red":10,"pct_gas_garrafa":80,"pct_lena_guano":80,"pct_basura_formal":100,"pct_basura_quema":0,"pct_basura_informal":0,"pct_internet":60,"pct_celular":80,"pct_televisor":60}},{"type":"Feature","geometry":{"type":"Polygon","coordinates":[[[-65.3467,-10.83414],[-65.34686,-10.83362],[-65.34593,-10.83334],[-65.34581,-10.83391],[-65.3467,-10.83414]]]},"properties":{"n":"GUAYARAMERIN","p":46,"personas_x_ha":68,"masculinidad":142,"pct_menor20":28,"pct_60mas":11,"pct_migrante":35,"dependencia_econ":70,"pct_empleados":33,"pct_cuentapropia":48,"pct_agricultura":15,"pct_comercio":15,"pct_manufactura":0,"pct_construccion":15,"pct_transporte":15,"pct_alojamiento":0,"pct_sin_educacion":0,"pct_educ_superior":36,"brecha_educ":2,"pct_sin_seguro":2,"pct_sus":76,"pct_seguro_privado":0,"brecha_seguro":4,"pct_salud_publica":62,"pct_med_tradicional":0,"pct_automedicacion":3,"pct_remedios_caseros":27,"pct_viv_desocupada":0,"pct_alquiler":9,"pct_electricidad":100,"pct_sin_electricidad":0,"pct_agua_red":91,"pct_alcantarillado":9,"pct_camara_septica":91,"pct_pozo_ciego":0,"pct_sin_desague":0,"pct_gas_red":9,"pct_gas_garrafa":91,"pct_lena_guano":91,"pct_basura_formal":100,"pct_basura_quema":0,"pct_basura_informal":0,"pct_internet":64,"pct_celular":91,"pct_televisor":55}},{"type":"Feature","geometry":{"type":"Polygon","coordinates":[[[-65.35684,-10.80617],[-65.35649,-10.80616],[-65.35646,-10.80602],[-65.35565,-10.80622],[-65.35594,-10.80688],[-65.35685,-10.80642],[-65.35684,-10.80617]]]},"properties":{"n":"GUAYARAMERIN","p":75,"personas_x_ha":101,"masculinidad":88,"pct_menor20":41,"pct_60mas":17,"pct_migrante":36,"dependencia_econ":114,"pct_empleados":51,"pct_cuentapropia":26,"pct_agricultura":6,"pct_comercio":20,"pct_manufactura":3,"pct_construccion":14,"pct_transporte":17,"pct_alojamiento":6,"pct_sin_educacion":2,"pct_educ_superior":33,"brecha_educ":-20,"pct_sin_seguro":35,"pct_sus":37,"pct_seguro_privado":1,"brecha_seguro":2,"pct_salud_publica":36,"pct_med_tradicional":4,"pct_automedicacion":10,"pct_remedios_caseros":25,"pct_viv_desocupada":0,"pct_alquiler":17,"pct_electricidad":100,"pct_sin_electricidad":0,"pct_agua_red":100,"pct_alcantarillado":83,"pct_camara_septica":11,"pct_pozo_ciego":6,"pct_sin_desague":0,"pct_gas_red":0,"pct_gas_garrafa":100,"pct_lena_guano":100,"pct_basura_formal":100,"pct_basura_quema":0,"pct_basura_informal":0,"pct_internet":83,"pct_celular":89,"pct_televisor":78}},{"type":"Feature","geometry":{"type":"Polygon","coordinates":[[[-65.34361,-10.83331],[-65.34376,-10.83278],[-65.34195,-10.83221],[-65.3418,-10.83277],[-65.34361,-10.83331]]]},"properties":{"n":"GUAYARAMERIN","p":112,"personas_x_ha":87,"masculinidad":70,"pct_menor20":42,"pct_60mas":7,"pct_migrante":34,"dependencia_econ":136,"pct_empleados":64,"pct_cuentapropia":31,"pct_agricultura":13,"pct_comercio":18,"pct_manufactura":9,"pct_construccion":7,"pct_transporte":9,"pct_alojamiento":0,"pct_sin_educacion":0,"pct_educ_superior":45,"brecha_educ":-1,"pct_sin_seguro":2,"pct_sus":65,"pct_seguro_privado":0,"brecha_seguro":1,"pct_salud_publica":38,"pct_med_tradicional":4,"pct_automedicacion":13,"pct_remedios_caseros":19,"pct_viv_desocupada":7,"pct_alquiler":9,"pct_electricidad":100,"pct_sin_electricidad":0,"pct_agua_red":97,"pct_alcantarillado":9,"pct_camara_septica":76,"pct_pozo_ciego":12,"pct_sin_desague":3,"pct_gas_red":30,"pct_gas_garrafa":64,"pct_lena_guano":70,"pct_basura_formal":100,"pct_basura_quema":0,"pct_basura_informal":0,"pct_internet":85,"pct_celular":91,"pct_televisor":79}},{"type":"Feature","geometry":{"type":"Polygon","coordinates":[[[-65.35269,-10.80985],[-65.35311,-10.81075],[-65.35402,-10.81031],[-65.35358,-10.80943],[-65.35269,-10.80985]]]},"properties":{"n":"GUAYARAMERIN","p":110,"personas_x_ha":90,"masculinidad":124,"pct_menor20":30,"pct_60mas":16,"pct_migrante":30,"dependencia_econ":154,"pct_empleados":51,"pct_cuentapropia":34,"pct_agricultura":15,"pct_comercio":22,"pct_manufactura":5,"pct_construccion":5,"pct_transporte":7,"pct_alojamiento":5,"pct_sin_educacion":1,"pct_educ_superior":28,"brecha_educ":-13,"pct_sin_seguro":19,"pct_sus":65,"pct_seguro_privado":0,"brecha_seguro":11,"pct_salud_publica":31,"pct_med_tradicional":1,"pct_automedicacion":18,"pct_remedios_caseros":25,"pct_viv_desocupada":14,"pct_alquiler":17,"pct_electricidad":100,"pct_sin_electricidad":0,"pct_agua_red":97,"pct_alcantarillado":93,"pct_camara_septica":3,"pct_pozo_ciego":0,"pct_sin_desague":3,"pct_gas_red":3,"pct_gas_garrafa":90,"pct_lena_guano":93,"pct_basura_formal":100,"pct_basura_quema":0,"pct_basura_informal":0,"pct_internet":87,"pct_celular":87,"pct_televisor":87}},{"type":"Feature","geometry":{"type":"Polygon","coordinates":[[[-65.361,-10.82672],[-65.3608,-10.82633],[-65.35995,-10.82681],[-65.36012,-10.82714],[-65.361,-10.82672]]]},"properties":{"n":"GUAYARAMERIN","p":53,"personas_x_ha":101,"masculinidad":83,"pct_menor20":28,"pct_60mas":11,"pct_migrante":28,"dependencia_econ":112,"pct_empleados":16,"pct_cuentapropia":32,"pct_agricultura":20,"pct_comercio":12,"pct_manufactura":16,"pct_construccion":4,"pct_transporte":0,"pct_alojamiento":20,"pct_sin_educacion":0,"pct_educ_superior":26,"brecha_educ":20,"pct_sin_seguro":8,"pct_sus":73,"pct_seguro_privado":0,"brecha_seguro":1,"pct_salud_publica":19,"pct_med_tradicional":7,"pct_automedicacion":14,"pct_remedios_caseros":19,"pct_viv_desocupada":0,"pct_alquiler":25,"pct_electricidad":100,"pct_sin_electricidad":0,"pct_agua_red":92,"pct_alcantarillado":67,"pct_camara_septica":17,"pct_pozo_ciego":17,"pct_sin_desague":0,"pct_gas_red":17,"pct_gas_garrafa":83,"pct_lena_guano":83,"pct_basura_formal":100,"pct_basura_quema":0,"pct_basura_informal":0,"pct_internet":83,"pct_celular":100,"pct_televisor":75}},{"type":"Feature","geometry":{"type":"Polygon","coordinates":[[[-65.35873,-10.81199],[-65.35852,-10.81217],[-65.35736,-10.81125],[-65.35805,-10.81093],[-65.3587,-10.81177],[-65.35873,-10.81199]]]},"properties":{"n":"GUAYARAMERIN","p":49,"personas_x_ha":55,"masculinidad":113,"pct_menor20":35,"pct_60mas":12,"pct_migrante":22,"dependencia_econ":88,"pct_empleados":42,"pct_cuentapropia":31,"pct_agricultura":4,"pct_comercio":12,"pct_manufactura":0,"pct_construccion":4,"pct_transporte":8,"pct_alojamiento":8,"pct_sin_educacion":9,"pct_educ_superior":42,"brecha_educ":10,"pct_sin_seguro":10,"pct_sus":51,"pct_seguro_privado":2,"brecha_seguro":3,"pct_salud_publica":32,"pct_med_tradicional":4,"pct_automedicacion":18,"pct_remedios_caseros":19,"pct_viv_desocupada":13,"pct_alquiler":15,"pct_electricidad":100,"pct_sin_electricidad":0,"pct_agua_red":85,"pct_alcantarillado":46,"pct_camara_septica":46,"pct_pozo_ciego":8,"pct_sin_desague":0,"pct_gas_red":0,"pct_gas_garrafa":100,"pct_lena_guano":100,"pct_basura_formal":100,"pct_basura_quema":0,"pct_basura_informal":0,"pct_internet":62,"pct_celular":69,"pct_televisor":62}},{"type":"Feature","geometry":{"type":"Polygon","coordinates":[[[-65.35055,-10.82546],[-65.35014,-10.82457],[-65.34929,-10.82499],[-65.3497,-10.82588],[-65.35055,-10.82546]]]},"properties":{"n":"GUAYARAMERIN","p":105,"personas_x_ha":92,"masculinidad":114,"pct_menor20":38,"pct_60mas":10,"pct_migrante":36,"dependencia_econ":176,"pct_empleados":45,"pct_cuentapropia":39,"pct_agricultura":5,"pct_comercio":21,"pct_manufactura":11,"pct_construccion":13,"pct_transporte":8,"pct_alojamiento":13,"pct_sin_educacion":2,"pct_educ_superior":29,"brecha_educ":3,"pct_sin_seguro":6,"pct_sus":88,"pct_seguro_privado":1,"brecha_seguro":-1,"pct_salud_publica":54,"pct_med_tradicional":2,"pct_automedicacion":5,"pct_remedios_caseros":11,"pct_viv_desocupada":10,"pct_alquiler":8,"pct_electricidad":96,"pct_sin_electricidad":4,"pct_agua_red":65,"pct_alcantarillado":0,"pct_camara_septica":46,"pct_pozo_ciego":35,"pct_sin_desague":0,"pct_gas_red":15,"pct_gas_garrafa":77,"pct_lena_guano":77,"pct_basura_formal":100,"pct_basura_quema":0,"pct_basura_informal":0,"pct_internet":81,"pct_celular":88,"pct_televisor":77}},{"type":"Feature","geometry":{"type":"Polygon","coordinates":[[[-65.34609,-10.83679],[-65.34701,-10.83704],[-65.34716,-10.83654],[-65.34623,-10.83625],[-65.34609,-10.83679]]]},"properties":{"n":"GUAYARAMERIN","p":45,"personas_x_ha":70,"masculinidad":96,"pct_menor20":44,"pct_60mas":4,"pct_migrante":40,"dependencia_econ":96,"pct_empleados":48,"pct_cuentapropia":48,"pct_agricultura":17,"pct_comercio":26,"pct_manufactura":4,"pct_construccion":4,"pct_transporte":4,"pct_alojamiento":17,"pct_sin_educacion":0,"pct_educ_superior":23,"brecha_educ":-23,"pct_sin_seguro":11,"pct_sus":68,"pct_seguro_privado":0,"brecha_seguro":-4,"pct_salud_publica":35,"pct_med_tradicional":10,"pct_automedicacion":17,"pct_remedios_caseros":24,"pct_viv_desocupada":0,"pct_alquiler":7,"pct_electricidad":100,"pct_sin_electricidad":0,"pct_agua_red":93,"pct_alcantarillado":0,"pct_camara_septica":86,"pct_pozo_ciego":0,"pct_sin_desague":0,"pct_gas_red":0,"pct_gas_garrafa":86,"pct_lena_guano":86,"pct_basura_formal":100,"pct_basura_quema":0,"pct_basura_informal":0,"pct_internet":100,"pct_celular":100,"pct_televisor":79}},{"type":"Feature","geometry":{"type":"Polygon","coordinates":[[[-65.3617,-10.82808],[-65.36129,-10.82727],[-65.3604,-10.8277],[-65.36083,-10.82852],[-65.3617,-10.82808]]]},"properties":{"n":"GUAYARAMERIN","p":72,"personas_x_ha":63,"masculinidad":89,"pct_menor20":42,"pct_60mas":10,"pct_migrante":38,"dependencia_econ":125,"pct_empleados":44,"pct_cuentapropia":47,"pct_agricultura":3,"pct_comercio":31,"pct_manufactura":12,"pct_construccion":16,"pct_transporte":0,"pct_alojamiento":12,"pct_sin_educacion":2,"pct_educ_superior":21,"brecha_educ":-4,"pct_sin_seguro":24,"pct_sus":65,"pct_seguro_privado":0,"brecha_seguro":11,"pct_salud_publica":36,"pct_med_tradicional":2,"pct_automedicacion":11,"pct_remedios_caseros":22,"pct_viv_desocupada":0,"pct_alquiler":10,"pct_electricidad":100,"pct_sin_electricidad":0,"pct_agua_red":100,"pct_alcantarillado":0,"pct_camara_septica":50,"pct_pozo_ciego":50,"pct_sin_desague":0,"pct_gas_red":40,"pct_gas_garrafa":45,"pct_lena_guano":45,"pct_basura_formal":95,"pct_basura_quema":5,"pct_basura_informal":0,"pct_internet":85,"pct_celular":85,"pct_televisor":70}},{"type":"Feature","geometry":{"type":"Polygon","coordinates":[[[-65.3554,-10.80617],[-65.35538,-10.80611],[-65.35452,-10.80622],[-65.35461,-10.80642],[-65.3554,-10.80617]]]},"properties":{"n":"GUAYARAMERIN","p":19,"personas_x_ha":136,"masculinidad":27,"pct_menor20":32,"pct_60mas":11,"pct_migrante":11,"dependencia_econ":138,"pct_empleados":0,"pct_cuentapropia":75,"pct_agricultura":0,"pct_comercio":38,"pct_manufactura":0,"pct_construccion":0,"pct_transporte":50,"pct_alojamiento":12,"pct_sin_educacion":0,"pct_educ_superior":8,"brecha_educ":-33,"pct_sin_seguro":39,"pct_sus":61,"pct_seguro_privado":0,"brecha_seguro":14,"pct_salud_publica":52,"pct_med_tradicional":0,"pct_automedicacion":3,"pct_remedios_caseros":42,"pct_viv_desocupada":14,"pct_alquiler":0,"pct_electricidad":100,"pct_sin_electricidad":0,"pct_agua_red":50,"pct_alcantarillado":33,"pct_camara_septica":0,"pct_pozo_ciego":17,"pct_sin_desague":33,"pct_gas_red":0,"pct_gas_garrafa":100,"pct_lena_guano":100,"pct_basura_formal":100,"pct_basura_quema":0,"pct_basura_informal":0,"pct_internet":67,"pct_celular":100,"pct_televisor":83}},{"type":"Feature","geometry":{"type":"Polygon","coordinates":[[[-65.36226,-10.82678],[-65.3614,-10.8272],[-65.3618,-10.82805],[-65.36269,-10.82761],[-65.36226,-10.82678]]]},"properties":{"n":"GUAYARAMERIN","p":34,"personas_x_ha":30,"masculinidad":79,"pct_menor20":32,"pct_60mas":6,"pct_migrante":35,"dependencia_econ":89,"pct_empleados":33,"pct_cuentapropia":50,"pct_agricultura":6,"pct_comercio":11,"pct_manufactura":11,"pct_construccion":11,"pct_transporte":0,"pct_alojamiento":0,"pct_sin_educacion":0,"pct_educ_superior":46,"brecha_educ":-8,"pct_sin_seguro":0,"pct_sus":100,"pct_seguro_privado":0,"brecha_seguro":0,"pct_salud_publica":38,"pct_med_tradicional":1,"pct_automedicacion":17,"pct_remedios_caseros":21,"pct_viv_desocupada":15,"pct_alquiler":56,"pct_electricidad":100,"pct_sin_electricidad":0,"pct_agua_red":100,"pct_alcantarillado":22,"pct_camara_septica":67,"pct_pozo_ciego":11,"pct_sin_desague":0,"pct_gas_red":0,"pct_gas_garrafa":89,"pct_lena_guano":89,"pct_basura_formal":100,"pct_basura_quema":0,"pct_basura_informal":0,"pct_internet":78,"pct_celular":78,"pct_televisor":44}},{"type":"Feature","geometry":{"type":"Polygon","coordinates":[[[-65.3599,-10.81958],[-65.35902,-10.82002],[-65.35943,-10.82087],[-65.36034,-10.82042],[-65.3599,-10.81958]]]},"properties":{"n":"GUAYARAMERIN","p":70,"personas_x_ha":59,"masculinidad":84,"pct_menor20":40,"pct_60mas":13,"pct_migrante":29,"dependencia_econ":200,"pct_empleados":74,"pct_cuentapropia":22,"pct_agricultura":0,"pct_comercio":4,"pct_manufactura":13,"pct_construccion":4,"pct_transporte":13,"pct_alojamiento":17,"pct_sin_educacion":0,"pct_educ_superior":50,"brecha_educ":-4,"pct_sin_seguro":23,"pct_sus":38,"pct_seguro_privado":0,"brecha_seguro":3,"pct_salud_publica":46,"pct_med_tradicional":3,"pct_automedicacion":9,"pct_remedios_caseros":13,"pct_viv_desocupada":8,"pct_alquiler":25,"pct_electricidad":100,"pct_sin_electricidad":0,"pct_agua_red":100,"pct_alcantarillado":90,"pct_camara_septica":10,"pct_pozo_ciego":0,"pct_sin_desague":0,"pct_gas_red":5,"pct_gas_garrafa":75,"pct_lena_guano":75,"pct_basura_formal":100,"pct_basura_quema":0,"pct_basura_informal":0,"pct_internet":85,"pct_celular":85,"pct_televisor":65}},{"type":"Feature","geometry":{"type":"Polygon","coordinates":[[[-65.35348,-10.81902],[-65.35307,-10.81823],[-65.35225,-10.81866],[-65.35268,-10.81949],[-65.35348,-10.81902]]]},"properties":{"n":"GUAYARAMERIN","p":92,"personas_x_ha":85,"masculinidad":96,"pct_menor20":33,"pct_60mas":11,"pct_migrante":58,"dependencia_econ":71,"pct_empleados":27,"pct_cuentapropia":35,"pct_agricultura":4,"pct_comercio":59,"pct_manufactura":8,"pct_construccion":2,"pct_transporte":2,"pct_alojamiento":2,"pct_sin_educacion":2,"pct_educ_superior":32,"brecha_educ":3,"pct_sin_seguro":20,"pct_sus":65,"pct_seguro_privado":0,"brecha_seguro":1,"pct_salud_publica":27,"pct_med_tradicional":2,"pct_automedicacion":18,"pct_remedios_caseros":30,"pct_viv_desocupada":5,"pct_alquiler":15,"pct_electricidad":100,"pct_sin_electricidad":0,"pct_agua_red":100,"pct_alcantarillado":100,"pct_camara_septica":0,"pct_pozo_ciego":0,"pct_sin_desague":0,"pct_gas_red":10,"pct_gas_garrafa":90,"pct_lena_guano":90,"pct_basura_formal":100,"pct_basura_quema":0,"pct_basura_informal":0,"pct_internet":80,"pct_celular":90,"pct_televisor":90}},{"type":"Feature","geometry":{"type":"Polygon","coordinates":[[[-65.34937,-10.8176],[-65.34925,-10.81794],[-65.34963,-10.81857],[-65.35054,-10.81805],[-65.35009,-10.81723],[-65.34937,-10.8176]]]},"properties":{"n":"GUAYARAMERIN","p":98,"personas_x_ha":80,"masculinidad":88,"pct_menor20":36,"pct_60mas":12,"pct_migrante":28,"dependencia_econ":165,"pct_empleados":49,"pct_cuentapropia":35,"pct_agricultura":14,"pct_comercio":22,"pct_manufactura":8,"pct_construccion":3,"pct_transporte":16,"pct_alojamiento":3,"pct_sin_educacion":5,"pct_educ_superior":41,"brecha_educ":-12,"pct_sin_seguro":6,"pct_sus":69,"pct_seguro_privado":0,"brecha_seguro":5,"pct_salud_publica":36,"pct_med_tradicional":6,"pct_automedicacion":5,"pct_remedios_caseros":17,"pct_viv_desocupada":10,"pct_alquiler":23,"pct_electricidad":100,"pct_sin_electricidad":0,"pct_agua_red":85,"pct_alcantarillado":85,"pct_camara_septica":15,"pct_pozo_ciego":0,"pct_sin_desague":0,"pct_gas_red":19,"pct_gas_garrafa":81,"pct_lena_guano":81,"pct_basura_formal":100,"pct_basura_quema":0,"pct_basura_informal":0,"pct_internet":92,"pct_celular":92,"pct_televisor":81}},{"type":"Feature","geometry":{"type":"Polygon","coordinates":[[[-65.34691,-10.82269],[-65.3476,-10.82285],[-65.34822,-10.82094],[-65.34818,-10.82087],[-65.34749,-10.82068],[-65.34691,-10.82269]]]},"properties":{"n":"GUAYARAMERIN","p":97,"personas_x_ha":50,"masculinidad":98,"pct_menor20":34,"pct_60mas":7,"pct_migrante":33,"dependencia_econ":87,"pct_empleados":31,"pct_cuentapropia":40,"pct_agricultura":4,"pct_comercio":33,"pct_manufactura":2,"pct_construccion":15,"pct_transporte":8,"pct_alojamiento":17,"pct_sin_educacion":0,"pct_educ_superior":31,"brecha_educ":3,"pct_sin_seguro":7,"pct_sus":82,"pct_seguro_privado":1,"brecha_seguro":9,"pct_salud_publica":44,"pct_med_tradicional":2,"pct_automedicacion":14,"pct_remedios_caseros":20,"pct_viv_desocupada":13,"pct_alquiler":17,"pct_electricidad":100,"pct_sin_electricidad":0,"pct_agua_red":83,"pct_alcantarillado":30,"pct_camara_septica":30,"pct_pozo_ciego":30,"pct_sin_desague":9,"pct_gas_red":4,"pct_gas_garrafa":87,"pct_lena_guano":87,"pct_basura_formal":100,"pct_basura_quema":0,"pct_basura_informal":0,"pct_internet":70,"pct_celular":83,"pct_televisor":74}},{"type":"Feature","geometry":{"type":"Polygon","coordinates":[[[-65.357,-10.83615],[-65.35659,-10.83534],[-65.35571,-10.83577],[-65.35611,-10.83661],[-65.357,-10.83615]]]},"properties":{"n":"GUAYARAMERIN","p":68,"personas_x_ha":59,"masculinidad":70,"pct_menor20":40,"pct_60mas":13,"pct_migrante":37,"dependencia_econ":106,"pct_empleados":30,"pct_cuentapropia":36,"pct_agricultura":24,"pct_comercio":21,"pct_manufactura":3,"pct_construccion":0,"pct_transporte":3,"pct_alojamiento":15,"pct_sin_educacion":5,"pct_educ_superior":24,"brecha_educ":11,"pct_sin_seguro":3,"pct_sus":88,"pct_seguro_privado":0,"brecha_seguro":7,"pct_salud_publica":55,"pct_med_tradicional":1,"pct_automedicacion":10,"pct_remedios_caseros":13,"pct_viv_desocupada":0,"pct_alquiler":19,"pct_electricidad":100,"pct_sin_electricidad":0,"pct_agua_red":88,"pct_alcantarillado":12,"pct_camara_septica":31,"pct_pozo_ciego":56,"pct_sin_desague":0,"pct_gas_red":6,"pct_gas_garrafa":94,"pct_lena_guano":94,"pct_basura_formal":94,"pct_basura_quema":6,"pct_basura_informal":0,"pct_internet":56,"pct_celular":75,"pct_televisor":62}},{"type":"Feature","geometry":{"type":"Polygon","coordinates":[[[-65.36299,-10.83806],[-65.36385,-10.83765],[-65.36345,-10.83683],[-65.36259,-10.83724],[-65.36299,-10.83806]]]},"properties":{"n":"GUAYARAMERIN","p":59,"personas_x_ha":54,"masculinidad":79,"pct_menor20":39,"pct_60mas":10,"pct_migrante":46,"dependencia_econ":97,"pct_empleados":27,"pct_cuentapropia":47,"pct_agricultura":13,"pct_comercio":37,"pct_manufactura":10,"pct_construccion":3,"pct_transporte":0,"pct_alojamiento":20,"pct_sin_educacion":8,"pct_educ_superior":11,"brecha_educ":-15,"pct_sin_seguro":24,"pct_sus":71,"pct_seguro_privado":0,"brecha_seguro":13,"pct_salud_publica":35,"pct_med_tradicional":5,"pct_automedicacion":17,"pct_remedios_caseros":26,"pct_viv_desocupada":0,"pct_alquiler":40,"pct_electricidad":100,"pct_sin_electricidad":0,"pct_agua_red":87,"pct_alcantarillado":27,"pct_camara_septica":27,"pct_pozo_ciego":40,"pct_sin_desague":7,"pct_gas_red":7,"pct_gas_garrafa":87,"pct_lena_guano":87,"pct_basura_formal":80,"pct_basura_quema":20,"pct_basura_informal":0,"pct_internet":93,"pct_celular":93,"pct_televisor":60}},{"type":"Feature","geometry":{"type":"Polygon","coordinates":[[[-65.36221,-10.81594],[-65.36211,-10.81587],[-65.36144,-10.81625],[-65.36195,-10.81701],[-65.36237,-10.81661],[-65.36221,-10.81594]]]},"properties":{"n":"GUAYARAMERIN","p":50,"personas_x_ha":67,"masculinidad":127,"pct_menor20":32,"pct_60mas":14,"pct_migrante":26,"dependencia_econ":75,"pct_empleados":29,"pct_cuentapropia":61,"pct_agricultura":14,"pct_comercio":4,"pct_manufactura":11,"pct_construccion":18,"pct_transporte":4,"pct_alojamiento":11,"pct_sin_educacion":0,"pct_educ_superior":12,"brecha_educ":11,"pct_sin_seguro":2,"pct_sus":62,"pct_seguro_privado":12,"brecha_seguro":-5,"pct_salud_publica":43,"pct_med_tradicional":0,"pct_automedicacion":4,"pct_remedios_caseros":22,"pct_viv_desocupada":0,"pct_alquiler":0,"pct_electricidad":92,"pct_sin_electricidad":8,"pct_agua_red":50,"pct_alcantarillado":42,"pct_camara_septica":25,"pct_pozo_ciego":33,"pct_sin_desague":0,"pct_gas_red":0,"pct_gas_garrafa":100,"pct_lena_guano":100,"pct_basura_formal":100,"pct_basura_quema":0,"pct_basura_informal":0,"pct_internet":58,"pct_celular":67,"pct_televisor":75}},{"type":"Feature","geometry":{"type":"Polygon","coordinates":[[[-65.36969,-10.80913],[-65.36924,-10.80959],[-65.36965,-10.81041],[-65.37024,-10.8101],[-65.36969,-10.80913]]]},"properties":{"n":"GUAYARAMERIN","p":29,"personas_x_ha":37,"masculinidad":142,"pct_menor20":55,"pct_60mas":3,"pct_migrante":28,"dependencia_econ":81,"pct_empleados":38,"pct_cuentapropia":19,"pct_agricultura":25,"pct_comercio":25,"pct_manufactura":12,"pct_construccion":0,"pct_transporte":12,"pct_alojamiento":0,"pct_sin_educacion":0,"pct_educ_superior":47,"brecha_educ":16,"pct_sin_seguro":10,"pct_sus":76,"pct_seguro_privado":0,"brecha_seguro":-11,"pct_salud_publica":33,"pct_med_tradicional":0,"pct_automedicacion":21,"pct_remedios_caseros":30,"pct_viv_desocupada":10,"pct_alquiler":0,"pct_electricidad":100,"pct_sin_electricidad":0,"pct_agua_red":17,"pct_alcantarillado":0,"pct_camara_septica":17,"pct_pozo_ciego":83,"pct_sin_desague":0,"pct_gas_red":0,"pct_gas_garrafa":83,"pct_lena_guano":83,"pct_basura_formal":50,"pct_basura_quema":50,"pct_basura_informal":0,"pct_internet":100,"pct_celular":100,"pct_televisor":100}},{"type":"Feature","geometry":{"type":"Polygon","coordinates":[[[-65.36243,-10.84457],[-65.36203,-10.84476],[-65.36246,-10.84559],[-65.36282,-10.84539],[-65.36243,-10.84457]]]},"properties":{"n":"GUAYARAMERIN","p":49,"personas_x_ha":96,"masculinidad":113,"pct_menor20":49,"pct_60mas":6,"pct_migrante":22,"dependencia_econ":220,"pct_empleados":73,"pct_cuentapropia":13,"pct_agricultura":27,"pct_comercio":7,"pct_manufactura":0,"pct_construccion":33,"pct_transporte":13,"pct_alojamiento":0,"pct_sin_educacion":4,"pct_educ_superior":15,"brecha_educ":28,"pct_sin_seguro":13,"pct_sus":79,"pct_seguro_privado":0,"brecha_seguro":7,"pct_salud_publica":37,"pct_med_tradicional":0,"pct_automedicacion":22,"pct_remedios_caseros":32,"pct_viv_desocupada":0,"pct_alquiler":0,"pct_electricidad":88,"pct_sin_electricidad":12,"pct_agua_red":82,"pct_alcantarillado":18,"pct_camara_septica":29,"pct_pozo_ciego":47,"pct_sin_desague":0,"pct_gas_red":0,"pct_gas_garrafa":88,"pct_lena_guano":88,"pct_basura_formal":88,"pct_basura_quema":12,"pct_basura_informal":0,"pct_internet":41,"pct_celular":71,"pct_televisor":24}},{"type":"Feature","geometry":{"type":"Polygon","coordinates":[[[-65.35833,-10.81896],[-65.3579,-10.81813],[-65.35703,-10.81857],[-65.35746,-10.81942],[-65.35833,-10.81896]]]},"properties":{"n":"GUAYARAMERIN","p":61,"personas_x_ha":54,"masculinidad":110,"pct_menor20":25,"pct_60mas":21,"pct_migrante":41,"dependencia_econ":103,"pct_empleados":53,"pct_cuentapropia":30,"pct_agricultura":23,"pct_comercio":17,"pct_manufactura":0,"pct_construccion":0,"pct_transporte":3,"pct_alojamiento":3,"pct_sin_educacion":0,"pct_educ_superior":54,"brecha_educ":4,"pct_sin_seguro":26,"pct_sus":49,"pct_seguro_privado":3,"brecha_seguro":30,"pct_salud_publica":32,"pct_med_tradicional":0,"pct_automedicacion":9,"pct_remedios_caseros":18,"pct_viv_desocupada":4,"pct_alquiler":44,"pct_electricidad":100,"pct_sin_electricidad":0,"pct_agua_red":96,"pct_alcantarillado":88,"pct_camara_septica":8,"pct_pozo_ciego":0,"pct_sin_desague":0,"pct_gas_red":20,"pct_gas_garrafa":68,"pct_lena_guano":68,"pct_basura_formal":100,"pct_basura_quema":0,"pct_basura_informal":0,"pct_internet":84,"pct_celular":88,"pct_televisor":84}},{"type":"Feature","geometry":{"type":"Polygon","coordinates":[[[-65.35763,-10.83011],[-65.35726,-10.82922],[-65.35636,-10.82966],[-65.35676,-10.8305],[-65.35763,-10.83011]]]},"properties":{"n":"GUAYARAMERIN","p":62,"personas_x_ha":53,"masculinidad":94,"pct_menor20":34,"pct_60mas":18,"pct_migrante":31,"dependencia_econ":129,"pct_empleados":33,"pct_cuentapropia":25,"pct_agricultura":8,"pct_comercio":21,"pct_manufactura":21,"pct_construccion":4,"pct_transporte":8,"pct_alojamiento":8,"pct_sin_educacion":0,"pct_educ_superior":27,"brecha_educ":1,"pct_sin_seguro":16,"pct_sus":80,"pct_seguro_privado":2,"brecha_seguro":-2,"pct_salud_publica":53,"pct_med_tradicional":2,"pct_automedicacion":3,"pct_remedios_caseros":26,"pct_viv_desocupada":14,"pct_alquiler":25,"pct_electricidad":100,"pct_sin_electricidad":0,"pct_agua_red":100,"pct_alcantarillado":83,"pct_camara_septica":0,"pct_pozo_ciego":0,"pct_sin_desague":17,"pct_gas_red":0,"pct_gas_garrafa":92,"pct_lena_guano":92,"pct_basura_formal":92,"pct_basura_quema":8,"pct_basura_informal":0,"pct_internet":83,"pct_celular":83,"pct_televisor":58}},{"type":"Feature","geometry":{"type":"Polygon","coordinates":[[[-65.35023,-10.81716],[-65.35113,-10.81671],[-65.35158,-10.81754],[-65.35063,-10.81803],[-65.35023,-10.81716]]]},"properties":{"n":"GUAYARAMERIN","p":98,"personas_x_ha":79,"masculinidad":96,"pct_menor20":39,"pct_60mas":12,"pct_migrante":36,"dependencia_econ":104,"pct_empleados":34,"pct_cuentapropia":53,"pct_agricultura":6,"pct_comercio":40,"pct_manufactura":6,"pct_construccion":6,"pct_transporte":4,"pct_alojamiento":6,"pct_sin_educacion":0,"pct_educ_superior":34,"brecha_educ":-5,"pct_sin_seguro":16,"pct_sus":74,"pct_seguro_privado":3,"brecha_seguro":7,"pct_salud_publica":31,"pct_med_tradicional":1,"pct_automedicacion":27,"pct_remedios_caseros":21,"pct_viv_desocupada":10,"pct_alquiler":20,"pct_electricidad":100,"pct_sin_electricidad":0,"pct_agua_red":100,"pct_alcantarillado":88,"pct_camara_septica":8,"pct_pozo_ciego":0,"pct_sin_desague":0,"pct_gas_red":4,"pct_gas_garrafa":92,"pct_lena_guano":92,"pct_basura_formal":100,"pct_basura_quema":0,"pct_basura_informal":0,"pct_internet":96,"pct_celular":92,"pct_televisor":76}},{"type":"Feature","geometry":{"type":"Polygon","coordinates":[[[-65.35292,-10.83828],[-65.35208,-10.83872],[-65.35246,-10.83957],[-65.35336,-10.83914],[-65.35292,-10.83828]]]},"properties":{"n":"GUAYARAMERIN","p":24,"personas_x_ha":21,"masculinidad":85,"pct_menor20":54,"pct_60mas":8,"pct_migrante":17,"dependencia_econ":300,"pct_empleados":67,"pct_cuentapropia":33,"pct_agricultura":0,"pct_comercio":17,"pct_manufactura":67,"pct_construccion":0,"pct_transporte":0,"pct_alojamiento":0,"pct_sin_educacion":9,"pct_educ_superior":9,"brecha_educ":-18,"pct_sin_seguro":38,"pct_sus":58,"pct_seguro_privado":0,"brecha_seguro":-2,"pct_salud_publica":41,"pct_med_tradicional":0,"pct_automedicacion":26,"pct_remedios_caseros":30,"pct_viv_desocupada":25,"pct_alquiler":0,"pct_electricidad":100,"pct_sin_electricidad":0,"pct_agua_red":50,"pct_alcantarillado":0,"pct_camara_septica":0,"pct_pozo_ciego":100,"pct_sin_desague":0,"pct_gas_red":0,"pct_gas_garrafa":83,"pct_lena_guano":83,"pct_basura_formal":83,"pct_basura_quema":17,"pct_basura_informal":0,"pct_internet":67,"pct_celular":83,"pct_televisor":50}},{"type":"Feature","geometry":{"type":"Polygon","coordinates":[[[-65.34488,-10.8366],[-65.344,-10.83631],[-65.34383,-10.83681],[-65.3447,-10.8371],[-65.34488,-10.8366]]]},"properties":{"n":"GUAYARAMERIN","p":37,"personas_x_ha":58,"masculinidad":106,"pct_menor20":38,"pct_60mas":0,"pct_migrante":22,"dependencia_econ":147,"pct_empleados":40,"pct_cuentapropia":47,"pct_agricultura":7,"pct_comercio":33,"pct_manufactura":13,"pct_construccion":27,"pct_transporte":0,"pct_alojamiento":0,"pct_sin_educacion":4,"pct_educ_superior":39,"brecha_educ":8,"pct_sin_seguro":11,"pct_sus":76,"pct_seguro_privado":0,"brecha_seguro":-1,"pct_salud_publica":47,"pct_med_tradicional":4,"pct_automedicacion":6,"pct_remedios_caseros":24,"pct_viv_desocupada":0,"pct_alquiler":0,"pct_electricidad":100,"pct_sin_electricidad":0,"pct_agua_red":75,"pct_alcantarillado":0,"pct_camara_septica":75,"pct_pozo_ciego":12,"pct_sin_desague":12,"pct_gas_red":0,"pct_gas_garrafa":88,"pct_lena_guano":88,"pct_basura_formal":100,"pct_basura_quema":0,"pct_basura_informal":0,"pct_internet":100,"pct_celular":88,"pct_televisor":62}},{"type":"Feature","geometry":{"type":"Polygon","coordinates":[[[-65.35487,-10.83853],[-65.35452,-10.83874],[-65.35494,-10.83954],[-65.3553,-10.83936],[-65.35487,-10.83853]]]},"properties":{"n":"GUAYARAMERIN","p":40,"personas_x_ha":83,"masculinidad":122,"pct_menor20":60,"pct_60mas":10,"pct_migrante":30,"dependencia_econ":135,"pct_empleados":24,"pct_cuentapropia":53,"pct_agricultura":12,"pct_comercio":29,"pct_manufactura":18,"pct_construccion":6,"pct_transporte":12,"pct_alojamiento":18,"pct_sin_educacion":6,"pct_educ_superior":0,"brecha_educ":37,"pct_sin_seguro":8,"pct_sus":92,"pct_seguro_privado":0,"brecha_seguro":14,"pct_salud_publica":33,"pct_med_tradicional":0,"pct_automedicacion":27,"pct_remedios_caseros":28,"pct_viv_desocupada":0,"pct_alquiler":0,"pct_electricidad":100,"pct_sin_electricidad":0,"pct_agua_red":100,"pct_alcantarillado":0,"pct_camara_septica":75,"pct_pozo_ciego":25,"pct_sin_desague":0,"pct_gas_red":0,"pct_gas_garrafa":100,"pct_lena_guano":100,"pct_basura_formal":88,"pct_basura_quema":12,"pct_basura_informal":0,"pct_internet":100,"pct_celular":100,"pct_televisor":88}},{"type":"Feature","geometry":{"type":"Polygon","coordinates":[[[-65.34833,-10.83684],[-65.34821,-10.83737],[-65.34913,-10.83761],[-65.34927,-10.83712],[-65.34833,-10.83684]]]},"properties":{"n":"GUAYARAMERIN","p":39,"personas_x_ha":61,"masculinidad":117,"pct_menor20":44,"pct_60mas":8,"pct_migrante":31,"dependencia_econ":160,"pct_empleados":40,"pct_cuentapropia":47,"pct_agricultura":27,"pct_comercio":0,"pct_manufactura":7,"pct_construccion":20,"pct_transporte":13,"pct_alojamiento":7,"pct_sin_educacion":4,"pct_educ_superior":13,"brecha_educ":-21,"pct_sin_seguro":11,"pct_sus":89,"pct_seguro_privado":0,"brecha_seguro":8,"pct_salud_publica":37,"pct_med_tradicional":7,"pct_automedicacion":13,"pct_remedios_caseros":37,"pct_viv_desocupada":0,"pct_alquiler":0,"pct_electricidad":100,"pct_sin_electricidad":0,"pct_agua_red":60,"pct_alcantarillado":20,"pct_camara_septica":0,"pct_pozo_ciego":70,"pct_sin_desague":0,"pct_gas_red":0,"pct_gas_garrafa":80,"pct_lena_guano":80,"pct_basura_formal":90,"pct_basura_quema":10,"pct_basura_informal":0,"pct_internet":80,"pct_celular":90,"pct_televisor":50}},{"type":"Feature","geometry":{"type":"Polygon","coordinates":[[[-65.36918,-10.81061],[-65.36881,-10.80996],[-65.36915,-10.80965],[-65.36957,-10.8104],[-65.36918,-10.81061]]]},"properties":{"n":"GUAYARAMERIN","p":23,"personas_x_ha":50,"masculinidad":77,"pct_menor20":43,"pct_60mas":4,"pct_migrante":13,"dependencia_econ":233,"pct_empleados":50,"pct_cuentapropia":17,"pct_agricultura":50,"pct_comercio":17,"pct_manufactura":0,"pct_construccion":17,"pct_transporte":0,"pct_alojamiento":0,"pct_sin_educacion":0,"pct_educ_superior":8,"brecha_educ":5,"pct_sin_seguro":0,"pct_sus":95,"pct_seguro_privado":0,"brecha_seguro":0,"pct_salud_publica":62,"pct_med_tradicional":5,"pct_automedicacion":3,"pct_remedios_caseros":16,"pct_viv_desocupada":0,"pct_alquiler":0,"pct_electricidad":80,"pct_sin_electricidad":20,"pct_agua_red":0,"pct_alcantarillado":0,"pct_camara_septica":20,"pct_pozo_ciego":40,"pct_sin_desague":0,"pct_gas_red":0,"pct_gas_garrafa":70,"pct_lena_guano":70,"pct_basura_formal":80,"pct_basura_quema":20,"pct_basura_informal":0,"pct_internet":50,"pct_celular":50,"pct_televisor":40}},{"type":"Feature","geometry":{"type":"Polygon","coordinates":[[[-65.35156,-10.82505],[-65.35077,-10.82545],[-65.35113,-10.8263],[-65.35194,-10.82591],[-65.35156,-10.82505]]]},"properties":{"n":"GUAYARAMERIN","p":55,"personas_x_ha":53,"masculinidad":77,"pct_menor20":40,"pct_60mas":5,"pct_migrante":29,"dependencia_econ":175,"pct_empleados":70,"pct_cuentapropia":25,"pct_agricultura":0,"pct_comercio":15,"pct_manufactura":5,"pct_construccion":5,"pct_transporte":20,"pct_alojamiento":5,"pct_sin_educacion":3,"pct_educ_superior":33,"brecha_educ":-14,"pct_sin_seguro":22,"pct_sus":62,"pct_seguro_privado":0,"brecha_seguro":-2,"pct_salud_publica":50,"pct_med_tradicional":9,"pct_automedicacion":8,"pct_remedios_caseros":10,"pct_viv_desocupada":0,"pct_alquiler":67,"pct_electricidad":94,"pct_sin_electricidad":0,"pct_agua_red":78,"pct_alcantarillado":17,"pct_camara_septica":67,"pct_pozo_ciego":17,"pct_sin_desague":0,"pct_gas_red":17,"pct_gas_garrafa":67,"pct_lena_guano":67,"pct_basura_formal":100,"pct_basura_quema":0,"pct_basura_informal":0,"pct_internet":78,"pct_celular":83,"pct_televisor":72}},{"type":"Feature","geometry":{"type":"Polygon","coordinates":[[[-65.37244,-10.81275],[-65.37202,-10.812],[-65.37149,-10.81211],[-65.37192,-10.81286],[-65.37244,-10.81275]]]},"properties":{"n":"GUAYARAMERIN","p":22,"personas_x_ha":41,"masculinidad":175,"pct_menor20":41,"pct_60mas":5,"pct_migrante":41,"dependencia_econ":120,"pct_empleados":40,"pct_cuentapropia":30,"pct_agricultura":0,"pct_comercio":70,"pct_manufactura":10,"pct_construccion":0,"pct_transporte":0,"pct_alojamiento":0,"pct_sin_educacion":0,"pct_educ_superior":23,"brecha_educ":-20,"pct_sin_seguro":14,"pct_sus":86,"pct_seguro_privado":0,"brecha_seguro":-18,"pct_salud_publica":45,"pct_med_tradicional":0,"pct_automedicacion":7,"pct_remedios_caseros":34,"pct_viv_desocupada":9,"pct_alquiler":0,"pct_electricidad":80,"pct_sin_electricidad":10,"pct_agua_red":0,"pct_alcantarillado":0,"pct_camara_septica":0,"pct_pozo_ciego":30,"pct_sin_desague":70,"pct_gas_red":0,"pct_gas_garrafa":30,"pct_lena_guano":30,"pct_basura_formal":90,"pct_basura_quema":10,"pct_basura_informal":0,"pct_internet":80,"pct_celular":80,"pct_televisor":40}},{"type":"Feature","geometry":{"type":"Polygon","coordinates":[[[-65.36677,-10.84361],[-65.36601,-10.84399],[-65.36619,-10.84437],[-65.36697,-10.844],[-65.36677,-10.84361]]]},"properties":{"n":"GUAYARAMERIN","p":51,"personas_x_ha":110,"masculinidad":59,"pct_menor20":39,"pct_60mas":4,"pct_migrante":24,"dependencia_econ":117,"pct_empleados":22,"pct_cuentapropia":52,"pct_agricultura":17,"pct_comercio":30,"pct_manufactura":13,"pct_construccion":4,"pct_transporte":4,"pct_alojamiento":4,"pct_sin_educacion":0,"pct_educ_superior":17,"brecha_educ":-37,"pct_sin_seguro":4,"pct_sus":92,"pct_seguro_privado":0,"brecha_seguro":2,"pct_salud_publica":94,"pct_med_tradicional":0,"pct_automedicacion":0,"pct_remedios_caseros":0,"pct_viv_desocupada":5,"pct_alquiler":0,"pct_electricidad":100,"pct_sin_electricidad":0,"pct_agua_red":67,"pct_alcantarillado":100,"pct_camara_septica":0,"pct_pozo_ciego":0,"pct_sin_desague":0,"pct_gas_red":11,"pct_gas_garrafa":89,"pct_lena_guano":89,"pct_basura_formal":100,"pct_basura_quema":0,"pct_basura_informal":0,"pct_internet":89,"pct_celular":89,"pct_televisor":72}},{"type":"Feature","geometry":{"type":"Polygon","coordinates":[[[-65.34437,-10.83845],[-65.34341,-10.83817],[-65.34324,-10.83873],[-65.34422,-10.839],[-65.34437,-10.83845]]]},"properties":{"n":"GUAYARAMERIN","p":30,"personas_x_ha":42,"masculinidad":88,"pct_menor20":40,"pct_60mas":7,"pct_migrante":23,"dependencia_econ":76,"pct_empleados":24,"pct_cuentapropia":41,"pct_agricultura":18,"pct_comercio":29,"pct_manufactura":0,"pct_construccion":0,"pct_transporte":24,"pct_alojamiento":0,"pct_sin_educacion":0,"pct_educ_superior":22,"brecha_educ":-3,"pct_sin_seguro":3,"pct_sus":70,"pct_seguro_privado":10,"brecha_seguro":7,"pct_salud_publica":57,"pct_med_tradicional":0,"pct_automedicacion":0,"pct_remedios_caseros":26,"pct_viv_desocupada":0,"pct_alquiler":12,"pct_electricidad":100,"pct_sin_electricidad":0,"pct_agua_red":100,"pct_alcantarillado":25,"pct_camara_septica":38,"pct_pozo_ciego":25,"pct_sin_desague":0,"pct_gas_red":0,"pct_gas_garrafa":100,"pct_lena_guano":100,"pct_basura_formal":100,"pct_basura_quema":0,"pct_basura_informal":0,"pct_internet":62,"pct_celular":62,"pct_televisor":50}},{"type":"Feature","geometry":{"type":"Polygon","coordinates":[[[-65.3619,-10.81584],[-65.36116,-10.81519],[-65.35983,-10.81593],[-65.36051,-10.81664],[-65.3619,-10.81584]]]},"properties":{"n":"GUAYARAMERIN","p":126,"personas_x_ha":67,"masculinidad":97,"pct_menor20":33,"pct_60mas":13,"pct_migrante":36,"dependencia_econ":79,"pct_empleados":29,"pct_cuentapropia":37,"pct_agricultura":15,"pct_comercio":28,"pct_manufactura":6,"pct_construccion":16,"pct_transporte":1,"pct_alojamiento":10,"pct_sin_educacion":4,"pct_educ_superior":19,"brecha_educ":-3,"pct_sin_seguro":21,"pct_sus":75,"pct_seguro_privado":1,"brecha_seguro":9,"pct_salud_publica":38,"pct_med_tradicional":3,"pct_automedicacion":24,"pct_remedios_caseros":23,"pct_viv_desocupada":3,"pct_alquiler":6,"pct_electricidad":91,"pct_sin_electricidad":6,"pct_agua_red":65,"pct_alcantarillado":26,"pct_camara_septica":18,"pct_pozo_ciego":29,"pct_sin_desague":3,"pct_gas_red":0,"pct_gas_garrafa":85,"pct_lena_guano":85,"pct_basura_formal":97,"pct_basura_quema":3,"pct_basura_informal":0,"pct_internet":59,"pct_celular":68,"pct_televisor":68}},{"type":"Feature","geometry":{"type":"Polygon","coordinates":[[[-65.36056,-10.82582],[-65.35968,-10.82625],[-65.35987,-10.82665],[-65.36074,-10.82622],[-65.36056,-10.82582]]]},"properties":{"n":"GUAYARAMERIN","p":21,"personas_x_ha":40,"masculinidad":110,"pct_menor20":33,"pct_60mas":19,"pct_migrante":52,"dependencia_econ":133,"pct_empleados":67,"pct_cuentapropia":33,"pct_agricultura":0,"pct_comercio":22,"pct_manufactura":0,"pct_construccion":33,"pct_transporte":0,"pct_alojamiento":0,"pct_sin_educacion":0,"pct_educ_superior":64,"brecha_educ":0,"pct_sin_seguro":33,"pct_sus":43,"pct_seguro_privado":0,"brecha_seguro":45,"pct_salud_publica":31,"pct_med_tradicional":0,"pct_automedicacion":12,"pct_remedios_caseros":29,"pct_viv_desocupada":12,"pct_alquiler":17,"pct_electricidad":100,"pct_sin_electricidad":0,"pct_agua_red":100,"pct_alcantarillado":67,"pct_camara_septica":17,"pct_pozo_ciego":17,"pct_sin_desague":0,"pct_gas_red":17,"pct_gas_garrafa":83,"pct_lena_guano":83,"pct_basura_formal":83,"pct_basura_quema":17,"pct_basura_informal":0,"pct_internet":83,"pct_celular":83,"pct_televisor":100}},{"type":"Feature","geometry":{"type":"Polygon","coordinates":[[[-65.35046,-10.82778],[-65.35005,-10.82698],[-65.3492,-10.82739],[-65.34959,-10.82823],[-65.35046,-10.82778]]]},"properties":{"n":"GUAYARAMERIN","p":75,"personas_x_ha":68,"masculinidad":97,"pct_menor20":40,"pct_60mas":5,"pct_migrante":27,"dependencia_econ":91,"pct_empleados":37,"pct_cuentapropia":43,"pct_agricultura":11,"pct_comercio":23,"pct_manufactura":0,"pct_construccion":9,"pct_transporte":14,"pct_alojamiento":11,"pct_sin_educacion":0,"pct_educ_superior":24,"brecha_educ":-1,"pct_sin_seguro":18,"pct_sus":76,"pct_seguro_privado":5,"brecha_seguro":17,"pct_salud_publica":38,"pct_med_tradicional":4,"pct_automedicacion":15,"pct_remedios_caseros":19,"pct_viv_desocupada":16,"pct_alquiler":31,"pct_electricidad":100,"pct_sin_electricidad":0,"pct_agua_red":75,"pct_alcantarillado":19,"pct_camara_septica":50,"pct_pozo_ciego":25,"pct_sin_desague":0,"pct_gas_red":6,"pct_gas_garrafa":81,"pct_lena_guano":81,"pct_basura_formal":100,"pct_basura_quema":0,"pct_basura_informal":0,"pct_internet":81,"pct_celular":88,"pct_televisor":94}},{"type":"Feature","geometry":{"type":"Polygon","coordinates":[[[-65.36329,-10.8459],[-65.36349,-10.84628],[-65.36429,-10.84586],[-65.36408,-10.84551],[-65.36329,-10.8459]]]},"properties":{"n":"GUAYARAMERIN","p":91,"personas_x_ha":192,"masculinidad":102,"pct_menor20":42,"pct_60mas":5,"pct_migrante":30,"dependencia_econ":134,"pct_empleados":50,"pct_cuentapropia":26,"pct_agricultura":0,"pct_comercio":8,"pct_manufactura":34,"pct_construccion":21,"pct_transporte":5,"pct_alojamiento":11,"pct_sin_educacion":4,"pct_educ_superior":8,"brecha_educ":-12,"pct_sin_seguro":4,"pct_sus":85,"pct_seguro_privado":0,"brecha_seguro":2,"pct_salud_publica":40,"pct_med_tradicional":0,"pct_automedicacion":21,"pct_remedios_caseros":29,"pct_viv_desocupada":4,"pct_alquiler":5,"pct_electricidad":100,"pct_sin_electricidad":0,"pct_agua_red":82,"pct_alcantarillado":18,"pct_camara_septica":50,"pct_pozo_ciego":18,"pct_sin_desague":14,"pct_gas_red":0,"pct_gas_garrafa":100,"pct_lena_guano":100,"pct_basura_formal":95,"pct_basura_quema":5,"pct_basura_informal":0,"pct_internet":77,"pct_celular":95,"pct_televisor":73}},{"type":"Feature","geometry":{"type":"Polygon","coordinates":[[[-65.34797,-10.8298],[-65.34857,-10.82784],[-65.3479,-10.82763],[-65.34729,-10.82958],[-65.34797,-10.8298]]]},"properties":{"n":"GUAYARAMERIN","p":71,"personas_x_ha":39,"masculinidad":82,"pct_menor20":23,"pct_60mas":10,"pct_migrante":35,"dependencia_econ":92,"pct_empleados":27,"pct_cuentapropia":30,"pct_agricultura":14,"pct_comercio":38,"pct_manufactura":5,"pct_construccion":8,"pct_transporte":8,"pct_alojamiento":8,"pct_sin_educacion":2,"pct_educ_superior":18,"brecha_educ":-9,"pct_sin_seguro":15,"pct_sus":81,"pct_seguro_privado":0,"brecha_seguro":16,"pct_salud_publica":41,"pct_med_tradicional":5,"pct_automedicacion":21,"pct_remedios_caseros":20,"pct_viv_desocupada":13,"pct_alquiler":35,"pct_electricidad":100,"pct_sin_electricidad":0,"pct_agua_red":71,"pct_alcantarillado":6,"pct_camara_septica":53,"pct_pozo_ciego":18,"pct_sin_desague":12,"pct_gas_red":6,"pct_gas_garrafa":88,"pct_lena_guano":88,"pct_basura_formal":94,"pct_basura_quema":6,"pct_basura_informal":0,"pct_internet":59,"pct_celular":76,"pct_televisor":59}},{"type":"Feature","geometry":{"type":"Polygon","coordinates":[[[-65.35585,-10.8215],[-65.35545,-10.82066],[-65.35462,-10.82106],[-65.35501,-10.8219],[-65.35585,-10.8215]]]},"properties":{"n":"GUAYARAMERIN","p":74,"personas_x_ha":67,"masculinidad":100,"pct_menor20":34,"pct_60mas":16,"pct_migrante":62,"dependencia_econ":61,"pct_empleados":37,"pct_cuentapropia":41,"pct_agricultura":11,"pct_comercio":17,"pct_manufactura":15,"pct_construccion":2,"pct_transporte":4,"pct_alojamiento":4,"pct_sin_educacion":0,"pct_educ_superior":52,"brecha_educ":-12,"pct_sin_seguro":32,"pct_sus":63,"pct_seguro_privado":0,"brecha_seguro":2,"pct_salud_publica":30,"pct_med_tradicional":4,"pct_automedicacion":18,"pct_remedios_caseros":27,"pct_viv_desocupada":3,"pct_alquiler":42,"pct_electricidad":100,"pct_sin_electricidad":0,"pct_agua_red":97,"pct_alcantarillado":94,"pct_camara_septica":6,"pct_pozo_ciego":0,"pct_sin_desague":0,"pct_gas_red":3,"pct_gas_garrafa":84,"pct_lena_guano":84,"pct_basura_formal":97,"pct_basura_quema":3,"pct_basura_informal":0,"pct_internet":94,"pct_celular":97,"pct_televisor":77}},{"type":"Feature","geometry":{"type":"Polygon","coordinates":[[[-65.35328,-10.83115],[-65.35283,-10.83027],[-65.35197,-10.8307],[-65.35247,-10.8316],[-65.35328,-10.83115]]]},"properties":{"n":"GUAYARAMERIN","p":55,"personas_x_ha":46,"masculinidad":120,"pct_menor20":44,"pct_60mas":9,"pct_migrante":27,"dependencia_econ":184,"pct_empleados":63,"pct_cuentapropia":16,"pct_agricultura":26,"pct_comercio":16,"pct_manufactura":5,"pct_construccion":26,"pct_transporte":0,"pct_alojamiento":16,"pct_sin_educacion":3,"pct_educ_superior":3,"brecha_educ":12,"pct_sin_seguro":17,"pct_sus":71,"pct_seguro_privado":0,"brecha_seguro":1,"pct_salud_publica":52,"pct_med_tradicional":1,"pct_automedicacion":12,"pct_remedios_caseros":29,"pct_viv_desocupada":0,"pct_alquiler":12,"pct_electricidad":100,"pct_sin_electricidad":0,"pct_agua_red":88,"pct_alcantarillado":0,"pct_camara_septica":31,"pct_pozo_ciego":56,"pct_sin_desague":0,"pct_gas_red":6,"pct_gas_garrafa":56,"pct_lena_guano":56,"pct_basura_formal":94,"pct_basura_quema":6,"pct_basura_informal":0,"pct_internet":31,"pct_celular":69,"pct_televisor":44}},{"type":"Feature","geometry":{"type":"Polygon","coordinates":[[[-65.34534,-10.8176],[-65.34467,-10.81809],[-65.3445,-10.81884],[-65.34573,-10.81931],[-65.34595,-10.81856],[-65.34534,-10.8176]]]},"properties":{"n":"GUAYARAMERIN","p":164,"personas_x_ha":86,"masculinidad":93,"pct_menor20":46,"pct_60mas":13,"pct_migrante":30,"dependencia_econ":147,"pct_empleados":30,"pct_cuentapropia":38,"pct_agricultura":17,"pct_comercio":8,"pct_manufactura":14,"pct_construccion":9,"pct_transporte":5,"pct_alojamiento":9,"pct_sin_educacion":3,"pct_educ_superior":27,"brecha_educ":-1,"pct_sin_seguro":15,"pct_sus":67,"pct_seguro_privado":4,"brecha_seguro":2,"pct_salud_publica":45,"pct_med_tradicional":4,"pct_automedicacion":12,"pct_remedios_caseros":24,"pct_viv_desocupada":7,"pct_alquiler":15,"pct_electricidad":100,"pct_sin_electricidad":0,"pct_agua_red":62,"pct_alcantarillado":10,"pct_camara_septica":52,"pct_pozo_ciego":35,"pct_sin_desague":0,"pct_gas_red":8,"pct_gas_garrafa":90,"pct_lena_guano":90,"pct_basura_formal":95,"pct_basura_quema":2,"pct_basura_informal":0,"pct_internet":72,"pct_celular":85,"pct_televisor":78}},{"type":"Feature","geometry":{"type":"Polygon","coordinates":[[[-65.3629,-10.83577],[-65.36248,-10.8349],[-65.36165,-10.83531],[-65.36205,-10.83617],[-65.3629,-10.83577]]]},"properties":{"n":"GUAYARAMERIN","p":74,"personas_x_ha":67,"masculinidad":85,"pct_menor20":45,"pct_60mas":4,"pct_migrante":26,"dependencia_econ":124,"pct_empleados":30,"pct_cuentapropia":55,"pct_agricultura":12,"pct_comercio":39,"pct_manufactura":6,"pct_construccion":12,"pct_transporte":9,"pct_alojamiento":9,"pct_sin_educacion":0,"pct_educ_superior":29,"brecha_educ":-9,"pct_sin_seguro":14,"pct_sus":74,"pct_seguro_privado":5,"brecha_seguro":8,"pct_salud_publica":31,"pct_med_tradicional":10,"pct_automedicacion":15,"pct_remedios_caseros":24,"pct_viv_desocupada":4,"pct_alquiler":30,"pct_electricidad":100,"pct_sin_electricidad":0,"pct_agua_red":80,"pct_alcantarillado":15,"pct_camara_septica":55,"pct_pozo_ciego":30,"pct_sin_desague":0,"pct_gas_red":5,"pct_gas_garrafa":90,"pct_lena_guano":90,"pct_basura_formal":100,"pct_basura_quema":0,"pct_basura_informal":0,"pct_internet":95,"pct_celular":95,"pct_televisor":60}},{"type":"Feature","geometry":{"type":"Polygon","coordinates":[[[-65.34876,-10.82311],[-65.35087,-10.82356],[-65.35088,-10.82355],[-65.35058,-10.82293],[-65.34944,-10.82268],[-65.34919,-10.82151],[-65.3486,-10.82181],[-65.34876,-10.82311]]]},"properties":{"n":"GUAYARAMERIN","p":192,"personas_x_ha":87,"masculinidad":98,"pct_menor20":35,"pct_60mas":10,"pct_migrante":30,"dependencia_econ":122,"pct_empleados":45,"pct_cuentapropia":40,"pct_agricultura":6,"pct_comercio":28,"pct_manufactura":6,"pct_construccion":5,"pct_transporte":6,"pct_alojamiento":12,"pct_sin_educacion":3,"pct_educ_superior":30,"brecha_educ":1,"pct_sin_seguro":19,"pct_sus":58,"pct_seguro_privado":2,"brecha_seguro":13,"pct_salud_publica":38,"pct_med_tradicional":2,"pct_automedicacion":18,"pct_remedios_caseros":20,"pct_viv_desocupada":5,"pct_alquiler":15,"pct_electricidad":100,"pct_sin_electricidad":0,"pct_agua_red":85,"pct_alcantarillado":20,"pct_camara_septica":38,"pct_pozo_ciego":42,"pct_sin_desague":0,"pct_gas_red":10,"pct_gas_garrafa":85,"pct_lena_guano":85,"pct_basura_formal":98,"pct_basura_quema":2,"pct_basura_informal":0,"pct_internet":82,"pct_celular":80,"pct_televisor":62}},{"type":"Feature","geometry":{"type":"Polygon","coordinates":[[[-65.34533,-10.82059],[-65.34568,-10.81943],[-65.3445,-10.81895],[-65.34438,-10.81944],[-65.34399,-10.82003],[-65.34533,-10.82059]]]},"properties":{"n":"GUAYARAMERIN","p":131,"personas_x_ha":67,"masculinidad":85,"pct_menor20":43,"pct_60mas":9,"pct_migrante":27,"dependencia_econ":144,"pct_empleados":25,"pct_cuentapropia":54,"pct_agricultura":21,"pct_comercio":31,"pct_manufactura":10,"pct_construccion":13,"pct_transporte":4,"pct_alojamiento":12,"pct_sin_educacion":4,"pct_educ_superior":27,"brecha_educ":3,"pct_sin_seguro":20,"pct_sus":70,"pct_seguro_privado":0,"brecha_seguro":-4,"pct_salud_publica":45,"pct_med_tradicional":11,"pct_automedicacion":13,"pct_remedios_caseros":23,"pct_viv_desocupada":6,"pct_alquiler":3,"pct_electricidad":100,"pct_sin_electricidad":0,"pct_agua_red":76,"pct_alcantarillado":3,"pct_camara_septica":61,"pct_pozo_ciego":27,"pct_sin_desague":9,"pct_gas_red":0,"pct_gas_garrafa":88,"pct_lena_guano":88,"pct_basura_formal":100,"pct_basura_quema":0,"pct_basura_informal":0,"pct_internet":70,"pct_celular":73,"pct_televisor":67}},{"type":"Feature","geometry":{"type":"Polygon","coordinates":[[[-65.36279,-10.80945],[-65.3623,-10.8087],[-65.36197,-10.80887],[-65.3624,-10.80964],[-65.36279,-10.80945]]]},"properties":{"n":"GUAYARAMERIN","p":47,"personas_x_ha":103,"masculinidad":88,"pct_menor20":47,"pct_60mas":6,"pct_migrante":34,"dependencia_econ":194,"pct_empleados":56,"pct_cuentapropia":25,"pct_agricultura":25,"pct_comercio":19,"pct_manufactura":0,"pct_construccion":19,"pct_transporte":6,"pct_alojamiento":0,"pct_sin_educacion":0,"pct_educ_superior":23,"brecha_educ":8,"pct_sin_seguro":13,"pct_sus":76,"pct_seguro_privado":0,"brecha_seguro":11,"pct_salud_publica":37,"pct_med_tradicional":7,"pct_automedicacion":6,"pct_remedios_caseros":32,"pct_viv_desocupada":0,"pct_alquiler":0,"pct_electricidad":100,"pct_sin_electricidad":0,"pct_agua_red":100,"pct_alcantarillado":0,"pct_camara_septica":55,"pct_pozo_ciego":36,"pct_sin_desague":0,"pct_gas_red":0,"pct_gas_garrafa":82,"pct_lena_guano":82,"pct_basura_formal":100,"pct_basura_quema":0,"pct_basura_informal":0,"pct_internet":73,"pct_celular":73,"pct_televisor":82}},{"type":"Feature","geometry":{"type":"Polygon","coordinates":[[[-65.34559,-10.82696],[-65.34499,-10.82893],[-65.34569,-10.82915],[-65.3463,-10.82719],[-65.34559,-10.82696]]]},"properties":{"n":"GUAYARAMERIN","p":155,"personas_x_ha":82,"masculinidad":96,"pct_menor20":43,"pct_60mas":8,"pct_migrante":35,"dependencia_econ":115,"pct_empleados":33,"pct_cuentapropia":35,"pct_agricultura":11,"pct_comercio":29,"pct_manufactura":15,"pct_construccion":7,"pct_transporte":11,"pct_alojamiento":6,"pct_sin_educacion":3,"pct_educ_superior":22,"brecha_educ":14,"pct_sin_seguro":16,"pct_sus":66,"pct_seguro_privado":0,"brecha_seguro":4,"pct_salud_publica":34,"pct_med_tradicional":5,"pct_automedicacion":18,"pct_remedios_caseros":22,"pct_viv_desocupada":3,"pct_alquiler":21,"pct_electricidad":100,"pct_sin_electricidad":0,"pct_agua_red":94,"pct_alcantarillado":0,"pct_camara_septica":65,"pct_pozo_ciego":35,"pct_sin_desague":0,"pct_gas_red":15,"pct_gas_garrafa":74,"pct_lena_guano":74,"pct_basura_formal":100,"pct_basura_quema":0,"pct_basura_informal":0,"pct_internet":97,"pct_celular":100,"pct_televisor":68}},{"type":"Feature","geometry":{"type":"Polygon","coordinates":[[[-65.36789,-10.81121],[-65.36851,-10.81101],[-65.36825,-10.8105],[-65.36775,-10.81097],[-65.36789,-10.81121]]]},"properties":{"n":"GUAYARAMERIN","p":20,"personas_x_ha":58,"masculinidad":54,"pct_menor20":50,"pct_60mas":10,"pct_migrante":40,"dependencia_econ":122,"pct_empleados":22,"pct_cuentapropia":56,"pct_agricultura":33,"pct_comercio":0,"pct_manufactura":67,"pct_construccion":0,"pct_transporte":0,"pct_alojamiento":0,"pct_sin_educacion":0,"pct_educ_superior":10,"brecha_educ":0,"pct_sin_seguro":11,"pct_sus":89,"pct_seguro_privado":0,"brecha_seguro":5,"pct_salud_publica":22,"pct_med_tradicional":25,"pct_automedicacion":24,"pct_remedios_caseros":25,"pct_viv_desocupada":0,"pct_alquiler":20,"pct_electricidad":40,"pct_sin_electricidad":60,"pct_agua_red":0,"pct_alcantarillado":20,"pct_camara_septica":20,"pct_pozo_ciego":20,"pct_sin_desague":40,"pct_gas_red":0,"pct_gas_garrafa":80,"pct_lena_guano":80,"pct_basura_formal":100,"pct_basura_quema":0,"pct_basura_informal":0,"pct_internet":40,"pct_celular":60,"pct_televisor":60}},{"type":"Feature","geometry":{"type":"Polygon","coordinates":[[[-65.34963,-10.83576],[-65.34871,-10.83551],[-65.34855,-10.83605],[-65.34943,-10.83632],[-65.34963,-10.83576]]]},"properties":{"n":"GUAYARAMERIN","p":35,"personas_x_ha":51,"masculinidad":133,"pct_menor20":37,"pct_60mas":9,"pct_migrante":20,"dependencia_econ":100,"pct_empleados":19,"pct_cuentapropia":75,"pct_agricultura":12,"pct_comercio":12,"pct_manufactura":19,"pct_construccion":12,"pct_transporte":6,"pct_alojamiento":19,"pct_sin_educacion":5,"pct_educ_superior":29,"brecha_educ":-3,"pct_sin_seguro":29,"pct_sus":71,"pct_seguro_privado":0,"brecha_seguro":14,"pct_salud_publica":52,"pct_med_tradicional":0,"pct_automedicacion":17,"pct_remedios_caseros":17,"pct_viv_desocupada":7,"pct_alquiler":0,"pct_electricidad":92,"pct_sin_electricidad":8,"pct_agua_red":54,"pct_alcantarillado":0,"pct_camara_septica":15,"pct_pozo_ciego":46,"pct_sin_desague":0,"pct_gas_red":0,"pct_gas_garrafa":85,"pct_lena_guano":85,"pct_basura_formal":100,"pct_basura_quema":0,"pct_basura_informal":0,"pct_internet":62,"pct_celular":77,"pct_televisor":69}},{"type":"Feature","geometry":{"type":"Polygon","coordinates":[[[-65.35408,-10.82243],[-65.35487,-10.82201],[-65.35446,-10.82114],[-65.35363,-10.82158],[-65.35408,-10.82243]]]},"properties":{"n":"GUAYARAMERIN","p":63,"personas_x_ha":57,"masculinidad":103,"pct_menor20":33,"pct_60mas":22,"pct_migrante":35,"dependencia_econ":80,"pct_empleados":46,"pct_cuentapropia":34,"pct_agricultura":6,"pct_comercio":23,"pct_manufactura":11,"pct_construccion":3,"pct_transporte":3,"pct_alojamiento":17,"pct_sin_educacion":2,"pct_educ_superior":45,"brecha_educ":-2,"pct_sin_seguro":11,"pct_sus":56,"pct_seguro_privado":2,"brecha_seguro":9,"pct_salud_publica":29,"pct_med_tradicional":8,"pct_automedicacion":12,"pct_remedios_caseros":23,"pct_viv_desocupada":4,"pct_alquiler":11,"pct_electricidad":100,"pct_sin_electricidad":0,"pct_agua_red":100,"pct_alcantarillado":95,"pct_camara_septica":5,"pct_pozo_ciego":0,"pct_sin_desague":0,"pct_gas_red":16,"pct_gas_garrafa":84,"pct_lena_guano":84,"pct_basura_formal":95,"pct_basura_quema":5,"pct_basura_informal":0,"pct_internet":84,"pct_celular":100,"pct_televisor":100}},{"type":"Feature","geometry":{"type":"Polygon","coordinates":[[[-65.34648,-10.83896],[-65.34664,-10.8384],[-65.34569,-10.83813],[-65.34551,-10.83871],[-65.34648,-10.83896]]]},"properties":{"n":"GUAYARAMERIN","p":55,"personas_x_ha":77,"masculinidad":72,"pct_menor20":38,"pct_60mas":11,"pct_migrante":29,"dependencia_econ":224,"pct_empleados":18,"pct_cuentapropia":71,"pct_agricultura":12,"pct_comercio":35,"pct_manufactura":12,"pct_construccion":6,"pct_transporte":18,"pct_alojamiento":6,"pct_sin_educacion":18,"pct_educ_superior":12,"brecha_educ":4,"pct_sin_seguro":15,"pct_sus":65,"pct_seguro_privado":0,"brecha_seguro":5,"pct_salud_publica":51,"pct_med_tradicional":1,"pct_automedicacion":3,"pct_remedios_caseros":28,"pct_viv_desocupada":0,"pct_alquiler":0,"pct_electricidad":100,"pct_sin_electricidad":0,"pct_agua_red":53,"pct_alcantarillado":6,"pct_camara_septica":65,"pct_pozo_ciego":18,"pct_sin_desague":6,"pct_gas_red":0,"pct_gas_garrafa":94,"pct_lena_guano":94,"pct_basura_formal":100,"pct_basura_quema":0,"pct_basura_informal":0,"pct_internet":94,"pct_celular":100,"pct_televisor":71}},{"type":"Feature","geometry":{"type":"Polygon","coordinates":[[[-65.35323,-10.84885],[-65.35282,-10.8481],[-65.35199,-10.84848],[-65.35238,-10.84929],[-65.35323,-10.84885]]]},"properties":{"n":"GUAYARAMERIN","p":32,"personas_x_ha":31,"masculinidad":52,"pct_menor20":56,"pct_60mas":3,"pct_migrante":9,"dependencia_econ":146,"pct_empleados":62,"pct_cuentapropia":0,"pct_agricultura":31,"pct_comercio":15,"pct_manufactura":8,"pct_construccion":15,"pct_transporte":0,"pct_alojamiento":0,"pct_sin_educacion":0,"pct_educ_superior":36,"brecha_educ":0,"pct_sin_seguro":7,"pct_sus":93,"pct_seguro_privado":0,"brecha_seguro":-10,"pct_salud_publica":34,"pct_med_tradicional":0,"pct_automedicacion":30,"pct_remedios_caseros":33,"pct_viv_desocupada":9,"pct_alquiler":0,"pct_electricidad":100,"pct_sin_electricidad":0,"pct_agua_red":62,"pct_alcantarillado":12,"pct_camara_septica":25,"pct_pozo_ciego":50,"pct_sin_desague":0,"pct_gas_red":0,"pct_gas_garrafa":100,"pct_lena_guano":100,"pct_basura_formal":50,"pct_basura_quema":38,"pct_basura_informal":0,"pct_internet":100,"pct_celular":100,"pct_televisor":75}},{"type":"Feature","geometry":{"type":"Polygon","coordinates":[[[-65.35442,-10.82101],[-65.35398,-10.82016],[-65.35313,-10.82061],[-65.35356,-10.82145],[-65.35442,-10.82101]]]},"properties":{"n":"GUAYARAMERIN","p":74,"personas_x_ha":64,"masculinidad":80,"pct_menor20":35,"pct_60mas":8,"pct_migrante":51,"dependencia_econ":74,"pct_empleados":38,"pct_cuentapropia":45,"pct_agricultura":5,"pct_comercio":24,"pct_manufactura":2,"pct_construccion":12,"pct_transporte":5,"pct_alojamiento":12,"pct_sin_educacion":0,"pct_educ_superior":58,"brecha_educ":8,"pct_sin_seguro":14,"pct_sus":60,"pct_seguro_privado":1,"brecha_seguro":25,"pct_salud_publica":37,"pct_med_tradicional":3,"pct_automedicacion":10,"pct_remedios_caseros":16,"pct_viv_desocupada":4,"pct_alquiler":32,"pct_electricidad":100,"pct_sin_electricidad":0,"pct_agua_red":100,"pct_alcantarillado":100,"pct_camara_septica":0,"pct_pozo_ciego":0,"pct_sin_desague":0,"pct_gas_red":14,"pct_gas_garrafa":86,"pct_lena_guano":86,"pct_basura_formal":100,"pct_basura_quema":0,"pct_basura_informal":0,"pct_internet":68,"pct_celular":82,"pct_televisor":77}},{"type":"Feature","geometry":{"type":"Polygon","coordinates":[[[-65.35607,-10.83678],[-65.35515,-10.83718],[-65.35556,-10.83808],[-65.35646,-10.83766],[-65.35607,-10.83678]]]},"properties":{"n":"GUAYARAMERIN","p":61,"personas_x_ha":51,"masculinidad":103,"pct_menor20":52,"pct_60mas":5,"pct_migrante":25,"dependencia_econ":126,"pct_empleados":48,"pct_cuentapropia":30,"pct_agricultura":19,"pct_comercio":4,"pct_manufactura":19,"pct_construccion":15,"pct_transporte":19,"pct_alojamiento":4,"pct_sin_educacion":0,"pct_educ_superior":29,"brecha_educ":3,"pct_sin_seguro":7,"pct_sus":89,"pct_seguro_privado":0,"brecha_seguro":7,"pct_salud_publica":41,"pct_med_tradicional":2,"pct_automedicacion":7,"pct_remedios_caseros":37,"pct_viv_desocupada":0,"pct_alquiler":13,"pct_electricidad":100,"pct_sin_electricidad":0,"pct_agua_red":100,"pct_alcantarillado":13,"pct_camara_septica":0,"pct_pozo_ciego":60,"pct_sin_desague":7,"pct_gas_red":0,"pct_gas_garrafa":93,"pct_lena_guano":93,"pct_basura_formal":100,"pct_basura_quema":0,"pct_basura_informal":0,"pct_internet":80,"pct_celular":93,"pct_televisor":67}},{"type":"Feature","geometry":{"type":"Polygon","coordinates":[[[-65.35014,-10.81481],[-65.35058,-10.81565],[-65.34979,-10.81605],[-65.34989,-10.81558],[-65.34921,-10.81536],[-65.34929,-10.81508],[-65.34955,-10.81509],[-65.35014,-10.81481]]]},"properties":{"n":"GUAYARAMERIN","p":60,"personas_x_ha":59,"masculinidad":88,"pct_menor20":35,"pct_60mas":18,"pct_migrante":23,"dependencia_econ":107,"pct_empleados":31,"pct_cuentapropia":45,"pct_agricultura":10,"pct_comercio":38,"pct_manufactura":3,"pct_construccion":0,"pct_transporte":0,"pct_alojamiento":3,"pct_sin_educacion":2,"pct_educ_superior":28,"brecha_educ":-19,"pct_sin_seguro":21,"pct_sus":53,"pct_seguro_privado":0,"brecha_seguro":4,"pct_salud_publica":25,"pct_med_tradicional":6,"pct_automedicacion":18,"pct_remedios_caseros":27,"pct_viv_desocupada":14,"pct_alquiler":6,"pct_electricidad":100,"pct_sin_electricidad":0,"pct_agua_red":100,"pct_alcantarillado":72,"pct_camara_septica":22,"pct_pozo_ciego":6,"pct_sin_desague":0,"pct_gas_red":11,"pct_gas_garrafa":78,"pct_lena_guano":78,"pct_basura_formal":100,"pct_basura_quema":0,"pct_basura_informal":0,"pct_internet":89,"pct_celular":94,"pct_televisor":78}},{"type":"Feature","geometry":{"type":"Polygon","coordinates":[[[-65.35684,-10.81602],[-65.35646,-10.81526],[-65.35557,-10.81571],[-65.35603,-10.81648],[-65.35684,-10.81602]]]},"properties":{"n":"GUAYARAMERIN","p":83,"personas_x_ha":77,"masculinidad":93,"pct_menor20":43,"pct_60mas":17,"pct_migrante":34,"dependencia_econ":124,"pct_empleados":27,"pct_cuentapropia":62,"pct_agricultura":11,"pct_comercio":32,"pct_manufactura":5,"pct_construccion":5,"pct_transporte":3,"pct_alojamiento":32,"pct_sin_educacion":4,"pct_educ_superior":24,"brecha_educ":-8,"pct_sin_seguro":34,"pct_sus":52,"pct_seguro_privado":0,"brecha_seguro":12,"pct_salud_publica":30,"pct_med_tradicional":5,"pct_automedicacion":20,"pct_remedios_caseros":24,"pct_viv_desocupada":7,"pct_alquiler":33,"pct_electricidad":96,"pct_sin_electricidad":0,"pct_agua_red":79,"pct_alcantarillado":58,"pct_camara_septica":17,"pct_pozo_ciego":21,"pct_sin_desague":0,"pct_gas_red":0,"pct_gas_garrafa":96,"pct_lena_guano":96,"pct_basura_formal":100,"pct_basura_quema":0,"pct_basura_informal":0,"pct_internet":92,"pct_celular":92,"pct_televisor":58}},{"type":"Feature","geometry":{"type":"Polygon","coordinates":[[[-65.35302,-10.83808],[-65.35386,-10.83769],[-65.35346,-10.83686],[-65.35262,-10.83725],[-65.35302,-10.83808]]]},"properties":{"n":"GUAYARAMERIN","p":23,"personas_x_ha":22,"masculinidad":64,"pct_menor20":35,"pct_60mas":9,"pct_migrante":30,"dependencia_econ":77,"pct_empleados":38,"pct_cuentapropia":62,"pct_agricultura":15,"pct_comercio":31,"pct_manufactura":15,"pct_construccion":23,"pct_transporte":8,"pct_alojamiento":8,"pct_sin_educacion":0,"pct_educ_superior":6,"brecha_educ":3,"pct_sin_seguro":13,"pct_sus":87,"pct_seguro_privado":0,"brecha_seguro":-21,"pct_salud_publica":100,"pct_med_tradicional":0,"pct_automedicacion":0,"pct_remedios_caseros":0,"pct_viv_desocupada":25,"pct_alquiler":40,"pct_electricidad":100,"pct_sin_electricidad":0,"pct_agua_red":40,"pct_alcantarillado":20,"pct_camara_septica":60,"pct_pozo_ciego":0,"pct_sin_desague":0,"pct_gas_red":0,"pct_gas_garrafa":100,"pct_lena_guano":100,"pct_basura_formal":100,"pct_basura_quema":0,"pct_basura_informal":0,"pct_internet":100,"pct_celular":80,"pct_televisor":60}},{"type":"Feature","geometry":{"type":"Polygon","coordinates":[[[-65.34341,-10.82066],[-65.34379,-10.82004],[-65.34249,-10.81947],[-65.34223,-10.82],[-65.34341,-10.82066]]]},"properties":{"n":"GUAYARAMERIN","p":38,"personas_x_ha":34,"masculinidad":124,"pct_menor20":50,"pct_60mas":0,"pct_migrante":32,"dependencia_econ":138,"pct_empleados":69,"pct_cuentapropia":25,"pct_agricultura":0,"pct_comercio":6,"pct_manufactura":25,"pct_construccion":0,"pct_transporte":25,"pct_alojamiento":12,"pct_sin_educacion":0,"pct_educ_superior":26,"brecha_educ":9,"pct_sin_seguro":5,"pct_sus":95,"pct_seguro_privado":0,"brecha_seguro":10,"pct_salud_publica":51,"pct_med_tradicional":11,"pct_automedicacion":15,"pct_remedios_caseros":16,"pct_viv_desocupada":9,"pct_alquiler":0,"pct_electricidad":100,"pct_sin_electricidad":0,"pct_agua_red":75,"pct_alcantarillado":25,"pct_camara_septica":25,"pct_pozo_ciego":25,"pct_sin_desague":0,"pct_gas_red":0,"pct_gas_garrafa":100,"pct_lena_guano":100,"pct_basura_formal":100,"pct_basura_quema":0,"pct_basura_informal":0,"pct_internet":75,"pct_celular":75,"pct_televisor":88}},{"type":"Feature","geometry":{"type":"Polygon","coordinates":[[[-65.35567,-10.83351],[-65.3548,-10.83397],[-65.35521,-10.83481],[-65.35611,-10.83436],[-65.35567,-10.83351]]]},"properties":{"n":"GUAYARAMERIN","p":65,"personas_x_ha":57,"masculinidad":103,"pct_menor20":45,"pct_60mas":8,"pct_migrante":18,"dependencia_econ":183,"pct_empleados":35,"pct_cuentapropia":26,"pct_agricultura":17,"pct_comercio":17,"pct_manufactura":0,"pct_construccion":22,"pct_transporte":13,"pct_alojamiento":0,"pct_sin_educacion":5,"pct_educ_superior":5,"brecha_educ":13,"pct_sin_seguro":5,"pct_sus":88,"pct_seguro_privado":6,"brecha_seguro":9,"pct_salud_publica":37,"pct_med_tradicional":8,"pct_automedicacion":16,"pct_remedios_caseros":27,"pct_viv_desocupada":0,"pct_alquiler":12,"pct_electricidad":100,"pct_sin_electricidad":0,"pct_agua_red":94,"pct_alcantarillado":6,"pct_camara_septica":38,"pct_pozo_ciego":25,"pct_sin_desague":0,"pct_gas_red":0,"pct_gas_garrafa":81,"pct_lena_guano":81,"pct_basura_formal":94,"pct_basura_quema":6,"pct_basura_informal":0,"pct_internet":81,"pct_celular":81,"pct_televisor":88}},{"type":"Feature","geometry":{"type":"Polygon","coordinates":[[[-65.35548,-10.85297],[-65.35426,-10.8526],[-65.35411,-10.85308],[-65.35534,-10.85346],[-65.35548,-10.85297]]]},"properties":{"n":"GUAYARAMERIN","p":92,"personas_x_ha":117,"masculinidad":114,"pct_menor20":43,"pct_60mas":9,"pct_migrante":24,"dependencia_econ":178,"pct_empleados":44,"pct_cuentapropia":38,"pct_agricultura":22,"pct_comercio":12,"pct_manufactura":16,"pct_construccion":16,"pct_transporte":6,"pct_alojamiento":6,"pct_sin_educacion":9,"pct_educ_superior":11,"brecha_educ":-10,"pct_sin_seguro":6,"pct_sus":85,"pct_seguro_privado":0,"brecha_seguro":2,"pct_salud_publica":56,"pct_med_tradicional":11,"pct_automedicacion":2,"pct_remedios_caseros":26,"pct_viv_desocupada":0,"pct_alquiler":0,"pct_electricidad":95,"pct_sin_electricidad":5,"pct_agua_red":95,"pct_alcantarillado":14,"pct_camara_septica":86,"pct_pozo_ciego":0,"pct_sin_desague":0,"pct_gas_red":0,"pct_gas_garrafa":95,"pct_lena_guano":95,"pct_basura_formal":100,"pct_basura_quema":0,"pct_basura_informal":0,"pct_internet":81,"pct_celular":81,"pct_televisor":62}},{"type":"Feature","geometry":{"type":"Polygon","coordinates":[[[-65.34187,-10.82997],[-65.34125,-10.83173],[-65.34098,-10.83194],[-65.34064,-10.83186],[-65.3405,-10.83235],[-65.34165,-10.83264],[-65.3424,-10.83012],[-65.34187,-10.82997]]]},"properties":{"n":"GUAYARAMERIN","p":23,"personas_x_ha":10,"masculinidad":92,"pct_menor20":57,"pct_60mas":0,"pct_migrante":35,"dependencia_econ":120,"pct_empleados":30,"pct_cuentapropia":20,"pct_agricultura":10,"pct_comercio":20,"pct_manufactura":20,"pct_construccion":0,"pct_transporte":0,"pct_alojamiento":10,"pct_sin_educacion":0,"pct_educ_superior":33,"brecha_educ":5,"pct_sin_seguro":19,"pct_sus":52,"pct_seguro_privado":0,"brecha_seguro":25,"pct_salud_publica":23,"pct_med_tradicional":19,"pct_automedicacion":17,"pct_remedios_caseros":30,"pct_viv_desocupada":11,"pct_alquiler":17,"pct_electricidad":100,"pct_sin_electricidad":0,"pct_agua_red":83,"pct_alcantarillado":0,"pct_camara_septica":33,"pct_pozo_ciego":33,"pct_sin_desague":0,"pct_gas_red":0,"pct_gas_garrafa":100,"pct_lena_guano":100,"pct_basura_formal":33,"pct_basura_quema":67,"pct_basura_informal":0,"pct_internet":100,"pct_celular":100,"pct_televisor":83}},{"type":"Feature","geometry":{"type":"Polygon","coordinates":[[[-65.36513,-10.82527],[-65.36475,-10.82444],[-65.36393,-10.82482],[-65.36434,-10.82568],[-65.36513,-10.82527]]]},"properties":{"n":"GUAYARAMERIN","p":69,"personas_x_ha":66,"masculinidad":82,"pct_menor20":48,"pct_60mas":7,"pct_migrante":33,"dependencia_econ":100,"pct_empleados":35,"pct_cuentapropia":44,"pct_agricultura":6,"pct_comercio":26,"pct_manufactura":18,"pct_construccion":6,"pct_transporte":3,"pct_alojamiento":6,"pct_sin_educacion":6,"pct_educ_superior":33,"brecha_educ":3,"pct_sin_seguro":12,"pct_sus":63,"pct_seguro_privado":0,"brecha_seguro":-10,"pct_salud_publica":36,"pct_med_tradicional":7,"pct_automedicacion":16,"pct_remedios_caseros":26,"pct_viv_desocupada":0,"pct_alquiler":41,"pct_electricidad":100,"pct_sin_electricidad":0,"pct_agua_red":94,"pct_alcantarillado":76,"pct_camara_septica":24,"pct_pozo_ciego":0,"pct_sin_desague":0,"pct_gas_red":24,"pct_gas_garrafa":71,"pct_lena_guano":71,"pct_basura_formal":100,"pct_basura_quema":0,"pct_basura_informal":0,"pct_internet":88,"pct_celular":88,"pct_televisor":76}},{"type":"Feature","geometry":{"type":"Polygon","coordinates":[[[-65.34394,-10.83211],[-65.34215,-10.83158],[-65.342,-10.8321],[-65.34379,-10.83265],[-65.34394,-10.83211]]]},"properties":{"n":"GUAYARAMERIN","p":119,"personas_x_ha":95,"masculinidad":105,"pct_menor20":45,"pct_60mas":3,"pct_migrante":23,"dependencia_econ":163,"pct_empleados":35,"pct_cuentapropia":42,"pct_agricultura":14,"pct_comercio":19,"pct_manufactura":7,"pct_construccion":12,"pct_transporte":12,"pct_alojamiento":9,"pct_sin_educacion":3,"pct_educ_superior":24,"brecha_educ":4,"pct_sin_seguro":17,"pct_sus":74,"pct_seguro_privado":6,"brecha_seguro":7,"pct_salud_publica":43,"pct_med_tradicional":5,"pct_automedicacion":10,"pct_remedios_caseros":14,"pct_viv_desocupada":0,"pct_alquiler":9,"pct_electricidad":100,"pct_sin_electricidad":0,"pct_agua_red":88,"pct_alcantarillado":9,"pct_camara_septica":78,"pct_pozo_ciego":12,"pct_sin_desague":0,"pct_gas_red":31,"pct_gas_garrafa":69,"pct_lena_guano":69,"pct_basura_formal":100,"pct_basura_quema":0,"pct_basura_informal":0,"pct_internet":94,"pct_celular":91,"pct_televisor":78}},{"type":"Feature","geometry":{"type":"Polygon","coordinates":[[[-65.37069,-10.80818],[-65.37144,-10.80889],[-65.37161,-10.80868],[-65.37108,-10.80817],[-65.37381,-10.80494],[-65.37362,-10.80479],[-65.37148,-10.80736],[-65.37069,-10.80818]]]},"properties":{"n":"GUAYARAMERIN","p":58,"personas_x_ha":38,"masculinidad":123,"pct_menor20":55,"pct_60mas":2,"pct_migrante":36,"dependencia_econ":142,"pct_empleados":8,"pct_cuentapropia":58,"pct_agricultura":17,"pct_comercio":33,"pct_manufactura":8,"pct_construccion":21,"pct_transporte":4,"pct_alojamiento":12,"pct_sin_educacion":4,"pct_educ_superior":4,"brecha_educ":-4,"pct_sin_seguro":14,"pct_sus":84,"pct_seguro_privado":0,"brecha_seguro":-2,"pct_salud_publica":40,"pct_med_tradicional":1,"pct_automedicacion":25,"pct_remedios_caseros":28,"pct_viv_desocupada":5,"pct_alquiler":5,"pct_electricidad":70,"pct_sin_electricidad":30,"pct_agua_red":0,"pct_alcantarillado":0,"pct_camara_septica":20,"pct_pozo_ciego":65,"pct_sin_desague":15,"pct_gas_red":0,"pct_gas_garrafa":85,"pct_lena_guano":85,"pct_basura_formal":0,"pct_basura_quema":80,"pct_basura_informal":30,"pct_internet":35,"pct_celular":70,"pct_televisor":45}},{"type":"Feature","geometry":{"type":"Polygon","coordinates":[[[-65.35563,-10.83565],[-65.35655,-10.83523],[-65.35617,-10.83445],[-65.35524,-10.8349],[-65.35563,-10.83565]]]},"properties":{"n":"GUAYARAMERIN","p":41,"personas_x_ha":38,"masculinidad":141,"pct_menor20":37,"pct_60mas":15,"pct_migrante":39,"dependencia_econ":90,"pct_empleados":20,"pct_cuentapropia":35,"pct_agricultura":20,"pct_comercio":15,"pct_manufactura":5,"pct_construccion":15,"pct_transporte":10,"pct_alojamiento":0,"pct_sin_educacion":4,"pct_educ_superior":8,"brecha_educ":-22,"pct_sin_seguro":8,"pct_sus":86,"pct_seguro_privado":0,"brecha_seguro":2,"pct_salud_publica":37,"pct_med_tradicional":6,"pct_automedicacion":14,"pct_remedios_caseros":21,"pct_viv_desocupada":0,"pct_alquiler":7,"pct_electricidad":93,"pct_sin_electricidad":7,"pct_agua_red":100,"pct_alcantarillado":0,"pct_camara_septica":43,"pct_pozo_ciego":43,"pct_sin_desague":7,"pct_gas_red":0,"pct_gas_garrafa":79,"pct_lena_guano":79,"pct_basura_formal":100,"pct_basura_quema":0,"pct_basura_informal":0,"pct_internet":57,"pct_celular":79,"pct_televisor":57}},{"type":"Feature","geometry":{"type":"Polygon","coordinates":[[[-65.35556,-10.81796],[-65.35638,-10.81753],[-65.35597,-10.81663],[-65.3551,-10.81707],[-65.35556,-10.81796]]]},"properties":{"n":"GUAYARAMERIN","p":55,"personas_x_ha":46,"masculinidad":90,"pct_menor20":27,"pct_60mas":15,"pct_migrante":45,"dependencia_econ":83,"pct_empleados":13,"pct_cuentapropia":53,"pct_agricultura":10,"pct_comercio":13,"pct_manufactura":3,"pct_construccion":3,"pct_transporte":0,"pct_alojamiento":17,"pct_sin_educacion":2,"pct_educ_superior":27,"brecha_educ":5,"pct_sin_seguro":27,"pct_sus":62,"pct_seguro_privado":4,"brecha_seguro":-8,"pct_salud_publica":29,"pct_med_tradicional":0,"pct_automedicacion":22,"pct_remedios_caseros":30,"pct_viv_desocupada":0,"pct_alquiler":30,"pct_electricidad":100,"pct_sin_electricidad":0,"pct_agua_red":78,"pct_alcantarillado":74,"pct_camara_septica":17,"pct_pozo_ciego":9,"pct_sin_desague":0,"pct_gas_red":0,"pct_gas_garrafa":83,"pct_lena_guano":83,"pct_basura_formal":100,"pct_basura_quema":0,"pct_basura_informal":0,"pct_internet":70,"pct_celular":70,"pct_televisor":70}},{"type":"Feature","geometry":{"type":"Polygon","coordinates":[[[-65.3436,-10.83756],[-65.34345,-10.8381],[-65.34441,-10.83837],[-65.34456,-10.83783],[-65.3436,-10.83756]]]},"properties":{"n":"GUAYARAMERIN","p":32,"personas_x_ha":47,"masculinidad":113,"pct_menor20":38,"pct_60mas":12,"pct_migrante":56,"dependencia_econ":100,"pct_empleados":50,"pct_cuentapropia":44,"pct_agricultura":0,"pct_comercio":38,"pct_manufactura":6,"pct_construccion":25,"pct_transporte":25,"pct_alojamiento":0,"pct_sin_educacion":0,"pct_educ_superior":15,"brecha_educ":-6,"pct_sin_seguro":9,"pct_sus":78,"pct_seguro_privado":0,"brecha_seguro":-20,"pct_salud_publica":94,"pct_med_tradicional":0,"pct_automedicacion":3,"pct_remedios_caseros":0,"pct_viv_desocupada":0,"pct_alquiler":0,"pct_electricidad":100,"pct_sin_electricidad":0,"pct_agua_red":100,"pct_alcantarillado":0,"pct_camara_septica":44,"pct_pozo_ciego":44,"pct_sin_desague":0,"pct_gas_red":11,"pct_gas_garrafa":89,"pct_lena_guano":89,"pct_basura_formal":100,"pct_basura_quema":0,"pct_basura_informal":0,"pct_internet":89,"pct_celular":89,"pct_televisor":44}},{"type":"Feature","geometry":{"type":"Polygon","coordinates":[[[-65.3622,-10.82669],[-65.36178,-10.82585],[-65.36091,-10.8263],[-65.36133,-10.82711],[-65.3622,-10.82669]]]},"properties":{"n":"GUAYARAMERIN","p":25,"personas_x_ha":22,"masculinidad":92,"pct_menor20":36,"pct_60mas":16,"pct_migrante":36,"dependencia_econ":400,"pct_empleados":20,"pct_cuentapropia":40,"pct_agricultura":0,"pct_comercio":40,"pct_manufactura":0,"pct_construccion":0,"pct_transporte":0,"pct_alojamiento":0,"pct_sin_educacion":0,"pct_educ_superior":38,"brecha_educ":10,"pct_sin_seguro":8,"pct_sus":88,"pct_seguro_privado":0,"brecha_seguro":1,"pct_salud_publica":29,"pct_med_tradicional":0,"pct_automedicacion":19,"pct_remedios_caseros":29,"pct_viv_desocupada":22,"pct_alquiler":17,"pct_electricidad":100,"pct_sin_electricidad":0,"pct_agua_red":83,"pct_alcantarillado":67,"pct_camara_septica":17,"pct_pozo_ciego":0,"pct_sin_desague":17,"pct_gas_red":0,"pct_gas_garrafa":83,"pct_lena_guano":83,"pct_basura_formal":100,"pct_basura_quema":0,"pct_basura_informal":0,"pct_internet":50,"pct_celular":83,"pct_televisor":83}},{"type":"Feature","geometry":{"type":"Polygon","coordinates":[[[-65.34486,-10.83725],[-65.34471,-10.83777],[-65.34559,-10.83799],[-65.34573,-10.83748],[-65.34486,-10.83725]]]},"properties":{"n":"GUAYARAMERIN","p":57,"personas_x_ha":96,"masculinidad":104,"pct_menor20":35,"pct_60mas":7,"pct_migrante":19,"dependencia_econ":108,"pct_empleados":42,"pct_cuentapropia":38,"pct_agricultura":8,"pct_comercio":19,"pct_manufactura":4,"pct_construccion":23,"pct_transporte":0,"pct_alojamiento":0,"pct_sin_educacion":0,"pct_educ_superior":29,"brecha_educ":-6,"pct_sin_seguro":8,"pct_sus":60,"pct_seguro_privado":4,"brecha_seguro":7,"pct_salud_publica":38,"pct_med_tradicional":1,"pct_automedicacion":19,"pct_remedios_caseros":16,"pct_viv_desocupada":0,"pct_alquiler":7,"pct_electricidad":100,"pct_sin_electricidad":0,"pct_agua_red":93,"pct_alcantarillado":7,"pct_camara_septica":57,"pct_pozo_ciego":14,"pct_sin_desague":0,"pct_gas_red":0,"pct_gas_garrafa":86,"pct_lena_guano":86,"pct_basura_formal":100,"pct_basura_quema":0,"pct_basura_informal":0,"pct_internet":57,"pct_celular":86,"pct_televisor":64}},{"type":"Feature","geometry":{"type":"Polygon","coordinates":[[[-65.34648,-10.83482],[-65.34665,-10.83428],[-65.34576,-10.83404],[-65.34563,-10.83456],[-65.34648,-10.83482]]]},"properties":{"n":"GUAYARAMERIN","p":55,"personas_x_ha":88,"masculinidad":112,"pct_menor20":40,"pct_60mas":7,"pct_migrante":25,"dependencia_econ":125,"pct_empleados":46,"pct_cuentapropia":46,"pct_agricultura":12,"pct_comercio":29,"pct_manufactura":8,"pct_construccion":8,"pct_transporte":12,"pct_alojamiento":4,"pct_sin_educacion":3,"pct_educ_superior":6,"brecha_educ":6,"pct_sin_seguro":7,"pct_sus":69,"pct_seguro_privado":0,"brecha_seguro":7,"pct_salud_publica":42,"pct_med_tradicional":1,"pct_automedicacion":15,"pct_remedios_caseros":24,"pct_viv_desocupada":11,"pct_alquiler":7,"pct_electricidad":100,"pct_sin_electricidad":0,"pct_agua_red":67,"pct_alcantarillado":7,"pct_camara_septica":13,"pct_pozo_ciego":27,"pct_sin_desague":0,"pct_gas_red":7,"pct_gas_garrafa":87,"pct_lena_guano":87,"pct_basura_formal":100,"pct_basura_quema":0,"pct_basura_informal":0,"pct_internet":60,"pct_celular":67,"pct_televisor":73}},{"type":"Feature","geometry":{"type":"Polygon","coordinates":[[[-65.36096,-10.83434],[-65.36058,-10.83352],[-65.3597,-10.83391],[-65.36009,-10.83477],[-65.36096,-10.83434]]]},"properties":{"n":"GUAYARAMERIN","p":93,"personas_x_ha":83,"masculinidad":102,"pct_menor20":43,"pct_60mas":12,"pct_migrante":26,"dependencia_econ":179,"pct_empleados":31,"pct_cuentapropia":52,"pct_agricultura":10,"pct_comercio":14,"pct_manufactura":10,"pct_construccion":14,"pct_transporte":17,"pct_alojamiento":17,"pct_sin_educacion":2,"pct_educ_superior":22,"brecha_educ":6,"pct_sin_seguro":21,"pct_sus":77,"pct_seguro_privado":0,"brecha_seguro":-3,"pct_salud_publica":62,"pct_med_tradicional":1,"pct_automedicacion":5,"pct_remedios_caseros":16,"pct_viv_desocupada":6,"pct_alquiler":21,"pct_electricidad":100,"pct_sin_electricidad":0,"pct_agua_red":73,"pct_alcantarillado":21,"pct_camara_septica":48,"pct_pozo_ciego":12,"pct_sin_desague":12,"pct_gas_red":12,"pct_gas_garrafa":79,"pct_lena_guano":79,"pct_basura_formal":97,"pct_basura_quema":3,"pct_basura_informal":0,"pct_internet":52,"pct_celular":61,"pct_televisor":48}},{"type":"Feature","geometry":{"type":"Polygon","coordinates":[[[-65.35133,-10.82962],[-65.35091,-10.82878],[-65.35005,-10.82915],[-65.35045,-10.83007],[-65.35133,-10.82962]]]},"properties":{"n":"GUAYARAMERIN","p":36,"personas_x_ha":30,"masculinidad":80,"pct_menor20":42,"pct_60mas":6,"pct_migrante":61,"dependencia_econ":177,"pct_empleados":38,"pct_cuentapropia":54,"pct_agricultura":8,"pct_comercio":54,"pct_manufactura":8,"pct_construccion":31,"pct_transporte":0,"pct_alojamiento":0,"pct_sin_educacion":5,"pct_educ_superior":33,"brecha_educ":-6,"pct_sin_seguro":9,"pct_sus":82,"pct_seguro_privado":0,"brecha_seguro":-3,"pct_salud_publica":50,"pct_med_tradicional":0,"pct_automedicacion":11,"pct_remedios_caseros":18,"pct_viv_desocupada":0,"pct_alquiler":0,"pct_electricidad":100,"pct_sin_electricidad":0,"pct_agua_red":78,"pct_alcantarillado":11,"pct_camara_septica":44,"pct_pozo_ciego":33,"pct_sin_desague":11,"pct_gas_red":22,"pct_gas_garrafa":78,"pct_lena_guano":78,"pct_basura_formal":89,"pct_basura_quema":11,"pct_basura_informal":0,"pct_internet":56,"pct_celular":78,"pct_televisor":67}},{"type":"Feature","geometry":{"type":"Polygon","coordinates":[[[-65.35678,-10.82831],[-65.35593,-10.82872],[-65.35633,-10.82958],[-65.3572,-10.82915],[-65.35678,-10.82831]]]},"properties":{"n":"GUAYARAMERIN","p":99,"personas_x_ha":88,"masculinidad":102,"pct_menor20":42,"pct_60mas":3,"pct_migrante":30,"dependencia_econ":136,"pct_empleados":50,"pct_cuentapropia":38,"pct_agricultura":14,"pct_comercio":19,"pct_manufactura":2,"pct_construccion":12,"pct_transporte":5,"pct_alojamiento":7,"pct_sin_educacion":4,"pct_educ_superior":37,"brecha_educ":-6,"pct_sin_seguro":10,"pct_sus":79,"pct_seguro_privado":0,"brecha_seguro":4,"pct_salud_publica":34,"pct_med_tradicional":2,"pct_automedicacion":16,"pct_remedios_caseros":22,"pct_viv_desocupada":0,"pct_alquiler":14,"pct_electricidad":90,"pct_sin_electricidad":5,"pct_agua_red":95,"pct_alcantarillado":81,"pct_camara_septica":0,"pct_pozo_ciego":14,"pct_sin_desague":5,"pct_gas_red":5,"pct_gas_garrafa":81,"pct_lena_guano":81,"pct_basura_formal":95,"pct_basura_quema":5,"pct_basura_informal":0,"pct_internet":81,"pct_celular":86,"pct_televisor":71}},{"type":"Feature","geometry":{"type":"Polygon","coordinates":[[[-65.35347,-10.82863],[-65.3543,-10.82821],[-65.35387,-10.82733],[-65.35305,-10.82779],[-65.35347,-10.82863]]]},"properties":{"n":"GUAYARAMERIN","p":98,"personas_x_ha":84,"masculinidad":72,"pct_menor20":46,"pct_60mas":4,"pct_migrante":31,"dependencia_econ":79,"pct_empleados":13,"pct_cuentapropia":48,"pct_agricultura":15,"pct_comercio":12,"pct_manufactura":13,"pct_construccion":23,"pct_transporte":0,"pct_alojamiento":2,"pct_sin_educacion":0,"pct_educ_superior":40,"brecha_educ":-14,"pct_sin_seguro":11,"pct_sus":62,"pct_seguro_privado":0,"brecha_seguro":4,"pct_salud_publica":51,"pct_med_tradicional":0,"pct_automedicacion":9,"pct_remedios_caseros":11,"pct_viv_desocupada":0,"pct_alquiler":8,"pct_electricidad":100,"pct_sin_electricidad":0,"pct_agua_red":83,"pct_alcantarillado":88,"pct_camara_septica":8,"pct_pozo_ciego":0,"pct_sin_desague":4,"pct_gas_red":4,"pct_gas_garrafa":96,"pct_lena_guano":96,"pct_basura_formal":100,"pct_basura_quema":0,"pct_basura_informal":0,"pct_internet":62,"pct_celular":88,"pct_televisor":54}},{"type":"Feature","geometry":{"type":"Polygon","coordinates":[[[-65.35058,-10.82772],[-65.35143,-10.82727],[-65.35103,-10.82647],[-65.3502,-10.82688],[-65.35058,-10.82772]]]},"properties":{"n":"GUAYARAMERIN","p":95,"personas_x_ha":88,"masculinidad":94,"pct_menor20":40,"pct_60mas":14,"pct_migrante":29,"dependencia_econ":133,"pct_empleados":36,"pct_cuentapropia":38,"pct_agricultura":8,"pct_comercio":23,"pct_manufactura":18,"pct_construccion":5,"pct_transporte":5,"pct_alojamiento":3,"pct_sin_educacion":6,"pct_educ_superior":19,"brecha_educ":-7,"pct_sin_seguro":12,"pct_sus":82,"pct_seguro_privado":0,"brecha_seguro":-1,"pct_salud_publica":69,"pct_med_tradicional":2,"pct_automedicacion":3,"pct_remedios_caseros":12,"pct_viv_desocupada":7,"pct_alquiler":25,"pct_electricidad":100,"pct_sin_electricidad":0,"pct_agua_red":83,"pct_alcantarillado":29,"pct_camara_septica":38,"pct_pozo_ciego":29,"pct_sin_desague":4,"pct_gas_red":4,"pct_gas_garrafa":96,"pct_lena_guano":96,"pct_basura_formal":100,"pct_basura_quema":0,"pct_basura_informal":0,"pct_internet":42,"pct_celular":62,"pct_televisor":62}},{"type":"Feature","geometry":{"type":"Polygon","coordinates":[[[-65.35304,-10.8207],[-65.35217,-10.82112],[-65.35259,-10.82195],[-65.35345,-10.8215],[-65.35304,-10.8207]]]},"properties":{"n":"GUAYARAMERIN","p":79,"personas_x_ha":71,"masculinidad":84,"pct_menor20":38,"pct_60mas":16,"pct_migrante":37,"dependencia_econ":80,"pct_empleados":25,"pct_cuentapropia":61,"pct_agricultura":5,"pct_comercio":41,"pct_manufactura":2,"pct_construccion":0,"pct_transporte":7,"pct_alojamiento":18,"pct_sin_educacion":6,"pct_educ_superior":36,"brecha_educ":-5,"pct_sin_seguro":17,"pct_sus":66,"pct_seguro_privado":4,"brecha_seguro":10,"pct_salud_publica":46,"pct_med_tradicional":0,"pct_automedicacion":9,"pct_remedios_caseros":18,"pct_viv_desocupada":24,"pct_alquiler":10,"pct_electricidad":100,"pct_sin_electricidad":0,"pct_agua_red":95,"pct_alcantarillado":76,"pct_camara_septica":19,"pct_pozo_ciego":0,"pct_sin_desague":5,"pct_gas_red":10,"pct_gas_garrafa":81,"pct_lena_guano":81,"pct_basura_formal":100,"pct_basura_quema":0,"pct_basura_informal":0,"pct_internet":76,"pct_celular":76,"pct_televisor":81}},{"type":"Feature","geometry":{"type":"Polygon","coordinates":[[[-65.34708,-10.82728],[-65.34779,-10.82748],[-65.34838,-10.82548],[-65.34766,-10.8253],[-65.34708,-10.82728]]]},"properties":{"n":"GUAYARAMERIN","p":144,"personas_x_ha":76,"masculinidad":87,"pct_menor20":40,"pct_60mas":7,"pct_migrante":22,"dependencia_econ":127,"pct_empleados":45,"pct_cuentapropia":39,"pct_agricultura":11,"pct_comercio":27,"pct_manufactura":11,"pct_construccion":2,"pct_transporte":11,"pct_alojamiento":5,"pct_sin_educacion":1,"pct_educ_superior":18,"brecha_educ":-9,"pct_sin_seguro":9,"pct_sus":83,"pct_seguro_privado":0,"brecha_seguro":-1,"pct_salud_publica":52,"pct_med_tradicional":2,"pct_automedicacion":12,"pct_remedios_caseros":20,"pct_viv_desocupada":2,"pct_alquiler":24,"pct_electricidad":100,"pct_sin_electricidad":0,"pct_agua_red":78,"pct_alcantarillado":12,"pct_camara_septica":54,"pct_pozo_ciego":29,"pct_sin_desague":2,"pct_gas_red":10,"pct_gas_garrafa":76,"pct_lena_guano":76,"pct_basura_formal":98,"pct_basura_quema":2,"pct_basura_informal":0,"pct_internet":63,"pct_celular":76,"pct_televisor":68}},{"type":"Feature","geometry":{"type":"Polygon","coordinates":[[[-65.34071,-10.83575],[-65.34157,-10.83288],[-65.34053,-10.83254],[-65.34031,-10.83262],[-65.33906,-10.8353],[-65.34071,-10.83575]]]},"properties":{"n":"GUAYARAMERIN","p":32,"personas_x_ha":6,"masculinidad":78,"pct_menor20":53,"pct_60mas":9,"pct_migrante":16,"dependencia_econ":113,"pct_empleados":47,"pct_cuentapropia":40,"pct_agricultura":20,"pct_comercio":33,"pct_manufactura":7,"pct_construccion":7,"pct_transporte":0,"pct_alojamiento":0,"pct_sin_educacion":0,"pct_educ_superior":25,"brecha_educ":-11,"pct_sin_seguro":3,"pct_sus":97,"pct_seguro_privado":0,"brecha_seguro":-6,"pct_salud_publica":91,"pct_med_tradicional":0,"pct_automedicacion":0,"pct_remedios_caseros":9,"pct_viv_desocupada":0,"pct_alquiler":29,"pct_electricidad":100,"pct_sin_electricidad":0,"pct_agua_red":71,"pct_alcantarillado":29,"pct_camara_septica":29,"pct_pozo_ciego":43,"pct_sin_desague":0,"pct_gas_red":0,"pct_gas_garrafa":71,"pct_lena_guano":71,"pct_basura_formal":57,"pct_basura_quema":29,"pct_basura_informal":29,"pct_internet":86,"pct_celular":86,"pct_televisor":86}},{"type":"Feature","geometry":{"type":"Polygon","coordinates":[[[-65.35591,-10.8465],[-65.35636,-10.84742],[-65.35718,-10.84704],[-65.35623,-10.84516],[-65.35547,-10.84555],[-65.35589,-10.84645],[-65.35621,-10.84627],[-65.35624,-10.84634],[-65.35591,-10.8465]]]},"properties":{"n":"GUAYARAMERIN","p":25,"personas_x_ha":11,"masculinidad":108,"pct_menor20":40,"pct_60mas":8,"pct_migrante":28,"dependencia_econ":79,"pct_empleados":29,"pct_cuentapropia":21,"pct_agricultura":64,"pct_comercio":21,"pct_manufactura":7,"pct_construccion":0,"pct_transporte":0,"pct_alojamiento":0,"pct_sin_educacion":0,"pct_educ_superior":7,"brecha_educ":-38,"pct_sin_seguro":12,"pct_sus":88,"pct_seguro_privado":0,"brecha_seguro":-9,"pct_salud_publica":92,"pct_med_tradicional":0,"pct_automedicacion":0,"pct_remedios_caseros":0,"pct_viv_desocupada":14,"pct_alquiler":0,"pct_electricidad":100,"pct_sin_electricidad":0,"pct_agua_red":17,"pct_alcantarillado":0,"pct_camara_septica":17,"pct_pozo_ciego":50,"pct_sin_desague":33,"pct_gas_red":0,"pct_gas_garrafa":83,"pct_lena_guano":83,"pct_basura_formal":0,"pct_basura_quema":83,"pct_basura_informal":0,"pct_internet":83,"pct_celular":100,"pct_televisor":83}},{"type":"Feature","geometry":{"type":"Polygon","coordinates":[[[-65.36465,-10.83371],[-65.36549,-10.83329],[-65.36507,-10.83245],[-65.36422,-10.83288],[-65.36465,-10.83371]]]},"properties":{"n":"GUAYARAMERIN","p":73,"personas_x_ha":67,"masculinidad":92,"pct_menor20":49,"pct_60mas":10,"pct_migrante":16,"dependencia_econ":100,"pct_empleados":47,"pct_cuentapropia":25,"pct_agricultura":22,"pct_comercio":11,"pct_manufactura":0,"pct_construccion":19,"pct_transporte":6,"pct_alojamiento":8,"pct_sin_educacion":0,"pct_educ_superior":29,"brecha_educ":-14,"pct_sin_seguro":38,"pct_sus":54,"pct_seguro_privado":0,"brecha_seguro":1,"pct_salud_publica":46,"pct_med_tradicional":0,"pct_automedicacion":19,"pct_remedios_caseros":24,"pct_viv_desocupada":0,"pct_alquiler":5,"pct_electricidad":100,"pct_sin_electricidad":0,"pct_agua_red":86,"pct_alcantarillado":10,"pct_camara_septica":43,"pct_pozo_ciego":48,"pct_sin_desague":0,"pct_gas_red":0,"pct_gas_garrafa":90,"pct_lena_guano":90,"pct_basura_formal":100,"pct_basura_quema":0,"pct_basura_informal":0,"pct_internet":76,"pct_celular":81,"pct_televisor":62}},{"type":"Feature","geometry":{"type":"Polygon","coordinates":[[[-65.34465,-10.8138],[-65.34524,-10.81497],[-65.34762,-10.81341],[-65.3484,-10.813],[-65.34802,-10.81215],[-65.3447,-10.8137],[-65.34465,-10.8138]]]},"properties":{"n":"GUAYARAMERIN","p":166,"personas_x_ha":32,"masculinidad":100,"pct_menor20":36,"pct_60mas":18,"pct_migrante":31,"dependencia_econ":114,"pct_empleados":31,"pct_cuentapropia":48,"pct_agricultura":4,"pct_comercio":18,"pct_manufactura":6,"pct_construccion":4,"pct_transporte":10,"pct_alojamiento":12,"pct_sin_educacion":2,"pct_educ_superior":52,"brecha_educ":-5,"pct_sin_seguro":14,"pct_sus":67,"pct_seguro_privado":1,"brecha_seguro":9,"pct_salud_publica":34,"pct_med_tradicional":10,"pct_automedicacion":16,"pct_remedios_caseros":20,"pct_viv_desocupada":6,"pct_alquiler":12,"pct_electricidad":100,"pct_sin_electricidad":0,"pct_agua_red":95,"pct_alcantarillado":29,"pct_camara_septica":40,"pct_pozo_ciego":29,"pct_sin_desague":2,"pct_gas_red":0,"pct_gas_garrafa":100,"pct_lena_guano":100,"pct_basura_formal":93,"pct_basura_quema":7,"pct_basura_informal":0,"pct_internet":86,"pct_celular":90,"pct_televisor":86}},{"type":"Feature","geometry":{"type":"Polygon","coordinates":[[[-65.34404,-10.83215],[-65.3439,-10.83265],[-65.3448,-10.83294],[-65.34496,-10.83241],[-65.34404,-10.83215]]]},"properties":{"n":"GUAYARAMERIN","p":41,"personas_x_ha":63,"masculinidad":86,"pct_menor20":44,"pct_60mas":5,"pct_migrante":41,"dependencia_econ":255,"pct_empleados":27,"pct_cuentapropia":64,"pct_agricultura":18,"pct_comercio":18,"pct_manufactura":9,"pct_construccion":9,"pct_transporte":18,"pct_alojamiento":9,"pct_sin_educacion":4,"pct_educ_superior":13,"brecha_educ":9,"pct_sin_seguro":3,"pct_sus":97,"pct_seguro_privado":0,"brecha_seguro":6,"pct_salud_publica":55,"pct_med_tradicional":0,"pct_automedicacion":1,"pct_remedios_caseros":43,"pct_viv_desocupada":0,"pct_alquiler":0,"pct_electricidad":100,"pct_sin_electricidad":0,"pct_agua_red":90,"pct_alcantarillado":10,"pct_camara_septica":50,"pct_pozo_ciego":10,"pct_sin_desague":0,"pct_gas_red":10,"pct_gas_garrafa":70,"pct_lena_guano":70,"pct_basura_formal":100,"pct_basura_quema":0,"pct_basura_informal":0,"pct_internet":60,"pct_celular":60,"pct_televisor":50}},{"type":"Feature","geometry":{"type":"Polygon","coordinates":[[[-65.35273,-10.81713],[-65.35314,-10.81802],[-65.3539,-10.81762],[-65.35346,-10.81675],[-65.35273,-10.81713]]]},"properties":{"n":"GUAYARAMERIN","p":32,"personas_x_ha":31,"masculinidad":100,"pct_menor20":47,"pct_60mas":3,"pct_migrante":56,"dependencia_econ":113,"pct_empleados":7,"pct_cuentapropia":80,"pct_agricultura":0,"pct_comercio":73,"pct_manufactura":7,"pct_construccion":0,"pct_transporte":7,"pct_alojamiento":0,"pct_sin_educacion":6,"pct_educ_superior":47,"brecha_educ":-10,"pct_sin_seguro":44,"pct_sus":50,"pct_seguro_privado":6,"brecha_seguro":12,"pct_salud_publica":15,"pct_med_tradicional":15,"pct_automedicacion":13,"pct_remedios_caseros":23,"pct_viv_desocupada":0,"pct_alquiler":40,"pct_electricidad":100,"pct_sin_electricidad":0,"pct_agua_red":70,"pct_alcantarillado":90,"pct_camara_septica":10,"pct_pozo_ciego":0,"pct_sin_desague":0,"pct_gas_red":0,"pct_gas_garrafa":90,"pct_lena_guano":90,"pct_basura_formal":100,"pct_basura_quema":0,"pct_basura_informal":0,"pct_internet":60,"pct_celular":70,"pct_televisor":40}},{"type":"Feature","geometry":{"type":"Polygon","coordinates":[[[-65.37032,-10.81023],[-65.37083,-10.81118],[-65.37017,-10.81134],[-65.36971,-10.81049],[-65.37023,-10.8102],[-65.37032,-10.81023]]]},"properties":{"n":"GUAYARAMERIN","p":40,"personas_x_ha":46,"masculinidad":100,"pct_menor20":35,"pct_60mas":12,"pct_migrante":32,"dependencia_econ":186,"pct_empleados":43,"pct_cuentapropia":43,"pct_agricultura":7,"pct_comercio":21,"pct_manufactura":7,"pct_construccion":7,"pct_transporte":21,"pct_alojamiento":7,"pct_sin_educacion":4,"pct_educ_superior":15,"brecha_educ":-8,"pct_sin_seguro":31,"pct_sus":53,"pct_seguro_privado":0,"brecha_seguro":-2,"pct_salud_publica":69,"pct_med_tradicional":0,"pct_automedicacion":11,"pct_remedios_caseros":4,"pct_viv_desocupada":28,"pct_alquiler":0,"pct_electricidad":92,"pct_sin_electricidad":0,"pct_agua_red":31,"pct_alcantarillado":31,"pct_camara_septica":8,"pct_pozo_ciego":38,"pct_sin_desague":8,"pct_gas_red":0,"pct_gas_garrafa":85,"pct_lena_guano":85,"pct_basura_formal":69,"pct_basura_quema":31,"pct_basura_informal":0,"pct_internet":23,"pct_celular":69,"pct_televisor":62}},{"type":"Feature","geometry":{"type":"Polygon","coordinates":[[[-65.35845,-10.80694],[-65.35809,-10.8061],[-65.35687,-10.80656],[-65.35516,-10.80739],[-65.35609,-10.80931],[-65.35786,-10.80847],[-65.35784,-10.80836],[-65.35844,-10.80752],[-65.35823,-10.80703],[-65.35845,-10.80694]]]},"properties":{"n":"GUAYARAMERIN","p":71,"personas_x_ha":10,"masculinidad":103,"pct_menor20":45,"pct_60mas":4,"pct_migrante":18,"dependencia_econ":146,"pct_empleados":21,"pct_cuentapropia":43,"pct_agricultura":25,"pct_comercio":29,"pct_manufactura":4,"pct_construccion":7,"pct_transporte":18,"pct_alojamiento":7,"pct_sin_educacion":3,"pct_educ_superior":5,"brecha_educ":16,"pct_sin_seguro":27,"pct_sus":62,"pct_seguro_privado":0,"brecha_seguro":0,"pct_salud_publica":41,"pct_med_tradicional":9,"pct_automedicacion":11,"pct_remedios_caseros":15,"pct_viv_desocupada":26,"pct_alquiler":5,"pct_electricidad":100,"pct_sin_electricidad":0,"pct_agua_red":90,"pct_alcantarillado":55,"pct_camara_septica":5,"pct_pozo_ciego":25,"pct_sin_desague":15,"pct_gas_red":0,"pct_gas_garrafa":80,"pct_lena_guano":80,"pct_basura_formal":80,"pct_basura_quema":10,"pct_basura_informal":10,"pct_internet":65,"pct_celular":80,"pct_televisor":75}},{"type":"Feature","geometry":{"type":"Polygon","coordinates":[[[-65.36433,-10.80879],[-65.36359,-10.80919],[-65.36402,-10.81001],[-65.3648,-10.80964],[-65.36433,-10.80879]]]},"properties":{"n":"GUAYARAMERIN","p":37,"personas_x_ha":37,"masculinidad":106,"pct_menor20":43,"pct_60mas":14,"pct_migrante":46,"dependencia_econ":640,"pct_empleados":0,"pct_cuentapropia":60,"pct_agricultura":0,"pct_comercio":40,"pct_manufactura":20,"pct_construccion":0,"pct_transporte":20,"pct_alojamiento":0,"pct_sin_educacion":10,"pct_educ_superior":19,"brecha_educ":-13,"pct_sin_seguro":11,"pct_sus":89,"pct_seguro_privado":0,"brecha_seguro":10,"pct_salud_publica":49,"pct_med_tradicional":1,"pct_automedicacion":6,"pct_remedios_caseros":29,"pct_viv_desocupada":0,"pct_alquiler":12,"pct_electricidad":100,"pct_sin_electricidad":0,"pct_agua_red":75,"pct_alcantarillado":0,"pct_camara_septica":88,"pct_pozo_ciego":12,"pct_sin_desague":0,"pct_gas_red":0,"pct_gas_garrafa":100,"pct_lena_guano":100,"pct_basura_formal":88,"pct_basura_quema":12,"pct_basura_informal":0,"pct_internet":88,"pct_celular":100,"pct_televisor":88}},{"type":"Feature","geometry":{"type":"Polygon","coordinates":[[[-65.35387,-10.83202],[-65.35471,-10.83155],[-65.3543,-10.83072],[-65.35341,-10.83118],[-65.35387,-10.83202]]]},"properties":{"n":"GUAYARAMERIN","p":38,"personas_x_ha":33,"masculinidad":81,"pct_menor20":55,"pct_60mas":8,"pct_migrante":24,"dependencia_econ":124,"pct_empleados":41,"pct_cuentapropia":47,"pct_agricultura":6,"pct_comercio":29,"pct_manufactura":6,"pct_construccion":6,"pct_transporte":0,"pct_alojamiento":24,"pct_sin_educacion":0,"pct_educ_superior":24,"brecha_educ":4,"pct_sin_seguro":13,"pct_sus":68,"pct_seguro_privado":0,"brecha_seguro":8,"pct_salud_publica":51,"pct_med_tradicional":0,"pct_automedicacion":9,"pct_remedios_caseros":18,"pct_viv_desocupada":0,"pct_alquiler":25,"pct_electricidad":100,"pct_sin_electricidad":0,"pct_agua_red":62,"pct_alcantarillado":0,"pct_camara_septica":50,"pct_pozo_ciego":38,"pct_sin_desague":0,"pct_gas_red":12,"pct_gas_garrafa":75,"pct_lena_guano":75,"pct_basura_formal":88,"pct_basura_quema":12,"pct_basura_informal":0,"pct_internet":88,"pct_celular":100,"pct_televisor":62}},{"type":"Feature","geometry":{"type":"Polygon","coordinates":[[[-65.36238,-10.82193],[-65.36187,-10.82101],[-65.36104,-10.82147],[-65.36146,-10.82234],[-65.36238,-10.82193]]]},"properties":{"n":"GUAYARAMERIN","p":63,"personas_x_ha":51,"masculinidad":91,"pct_menor20":41,"pct_60mas":11,"pct_migrante":29,"dependencia_econ":110,"pct_empleados":43,"pct_cuentapropia":40,"pct_agricultura":0,"pct_comercio":43,"pct_manufactura":3,"pct_construccion":10,"pct_transporte":10,"pct_alojamiento":0,"pct_sin_educacion":0,"pct_educ_superior":32,"brecha_educ":-16,"pct_sin_seguro":27,"pct_sus":63,"pct_seguro_privado":2,"brecha_seguro":20,"pct_salud_publica":39,"pct_med_tradicional":0,"pct_automedicacion":20,"pct_remedios_caseros":24,"pct_viv_desocupada":7,"pct_alquiler":14,"pct_electricidad":100,"pct_sin_electricidad":0,"pct_agua_red":100,"pct_alcantarillado":100,"pct_camara_septica":0,"pct_pozo_ciego":0,"pct_sin_desague":0,"pct_gas_red":0,"pct_gas_garrafa":93,"pct_lena_guano":93,"pct_basura_formal":100,"pct_basura_quema":0,"pct_basura_informal":0,"pct_internet":86,"pct_celular":86,"pct_televisor":79}},{"type":"Feature","geometry":{"type":"Polygon","coordinates":[[[-65.35487,-10.82443],[-65.35445,-10.82357],[-65.35361,-10.82402],[-65.35403,-10.82485],[-65.35487,-10.82443]]]},"properties":{"n":"GUAYARAMERIN","p":41,"personas_x_ha":37,"masculinidad":95,"pct_menor20":29,"pct_60mas":20,"pct_migrante":32,"dependencia_econ":90,"pct_empleados":52,"pct_cuentapropia":33,"pct_agricultura":5,"pct_comercio":38,"pct_manufactura":10,"pct_construccion":0,"pct_transporte":0,"pct_alojamiento":0,"pct_sin_educacion":0,"pct_educ_superior":30,"brecha_educ":-13,"pct_sin_seguro":14,"pct_sus":70,"pct_seguro_privado":0,"brecha_seguro":-25,"pct_salud_publica":36,"pct_med_tradicional":3,"pct_automedicacion":16,"pct_remedios_caseros":16,"pct_viv_desocupada":5,"pct_alquiler":19,"pct_electricidad":100,"pct_sin_electricidad":0,"pct_agua_red":100,"pct_alcantarillado":81,"pct_camara_septica":12,"pct_pozo_ciego":6,"pct_sin_desague":0,"pct_gas_red":0,"pct_gas_garrafa":100,"pct_lena_guano":100,"pct_basura_formal":100,"pct_basura_quema":0,"pct_basura_informal":0,"pct_internet":94,"pct_celular":100,"pct_televisor":88}},{"type":"Feature","geometry":{"type":"Polygon","coordinates":[[[-65.35618,-10.83202],[-65.35577,-10.83119],[-65.35491,-10.83165],[-65.35534,-10.83249],[-65.35618,-10.83202]]]},"properties":{"n":"GUAYARAMERIN","p":59,"personas_x_ha":52,"masculinidad":111,"pct_menor20":49,"pct_60mas":10,"pct_migrante":25,"dependencia_econ":228,"pct_empleados":67,"pct_cuentapropia":22,"pct_agricultura":6,"pct_comercio":0,"pct_manufactura":0,"pct_construccion":17,"pct_transporte":11,"pct_alojamiento":17,"pct_sin_educacion":0,"pct_educ_superior":17,"brecha_educ":13,"pct_sin_seguro":14,"pct_sus":68,"pct_seguro_privado":3,"brecha_seguro":-8,"pct_salud_publica":27,"pct_med_tradicional":4,"pct_automedicacion":15,"pct_remedios_caseros":32,"pct_viv_desocupada":12,"pct_alquiler":31,"pct_electricidad":100,"pct_sin_electricidad":0,"pct_agua_red":92,"pct_alcantarillado":38,"pct_camara_septica":46,"pct_pozo_ciego":15,"pct_sin_desague":0,"pct_gas_red":0,"pct_gas_garrafa":100,"pct_lena_guano":100,"pct_basura_formal":100,"pct_basura_quema":0,"pct_basura_informal":0,"pct_internet":92,"pct_celular":92,"pct_televisor":69}},{"type":"Feature","geometry":{"type":"Polygon","coordinates":[[[-65.34969,-10.81866],[-65.3502,-10.81961],[-65.35108,-10.81916],[-65.35062,-10.81819],[-65.34969,-10.81866]]]},"properties":{"n":"GUAYARAMERIN","p":156,"personas_x_ha":115,"masculinidad":129,"pct_menor20":33,"pct_60mas":11,"pct_migrante":19,"dependencia_econ":92,"pct_empleados":34,"pct_cuentapropia":36,"pct_agricultura":9,"pct_comercio":25,"pct_manufactura":14,"pct_construccion":8,"pct_transporte":5,"pct_alojamiento":10,"pct_sin_educacion":3,"pct_educ_superior":19,"brecha_educ":-10,"pct_sin_seguro":10,"pct_sus":83,"pct_seguro_privado":0,"brecha_seguro":-1,"pct_salud_publica":46,"pct_med_tradicional":13,"pct_automedicacion":12,"pct_remedios_caseros":20,"pct_viv_desocupada":9,"pct_alquiler":2,"pct_electricidad":100,"pct_sin_electricidad":0,"pct_agua_red":98,"pct_alcantarillado":81,"pct_camara_septica":10,"pct_pozo_ciego":7,"pct_sin_desague":2,"pct_gas_red":5,"pct_gas_garrafa":88,"pct_lena_guano":88,"pct_basura_formal":98,"pct_basura_quema":2,"pct_basura_informal":0,"pct_internet":60,"pct_celular":67,"pct_televisor":62}},{"type":"Feature","geometry":{"type":"Polygon","coordinates":[[[-65.35266,-10.82441],[-65.35348,-10.82398],[-65.35302,-10.8231],[-65.35222,-10.82351],[-65.35266,-10.82441]]]},"properties":{"n":"GUAYARAMERIN","p":71,"personas_x_ha":63,"masculinidad":92,"pct_menor20":31,"pct_60mas":18,"pct_migrante":44,"dependencia_econ":72,"pct_empleados":38,"pct_cuentapropia":45,"pct_agricultura":10,"pct_comercio":32,"pct_manufactura":2,"pct_construccion":10,"pct_transporte":8,"pct_alojamiento":10,"pct_sin_educacion":2,"pct_educ_superior":36,"brecha_educ":-6,"pct_sin_seguro":26,"pct_sus":65,"pct_seguro_privado":0,"brecha_seguro":24,"pct_salud_publica":43,"pct_med_tradicional":5,"pct_automedicacion":11,"pct_remedios_caseros":12,"pct_viv_desocupada":4,"pct_alquiler":17,"pct_electricidad":100,"pct_sin_electricidad":0,"pct_agua_red":100,"pct_alcantarillado":94,"pct_camara_septica":6,"pct_pozo_ciego":0,"pct_sin_desague":0,"pct_gas_red":11,"pct_gas_garrafa":83,"pct_lena_guano":83,"pct_basura_formal":100,"pct_basura_quema":0,"pct_basura_informal":0,"pct_internet":72,"pct_celular":94,"pct_televisor":83}},{"type":"Feature","geometry":{"type":"Polygon","coordinates":[[[-65.37391,-10.81145],[-65.37356,-10.81076],[-65.37302,-10.81087],[-65.37343,-10.81158],[-65.37391,-10.81145]]]},"properties":{"n":"GUAYARAMERIN","p":25,"personas_x_ha":50,"masculinidad":178,"pct_menor20":48,"pct_60mas":0,"pct_migrante":24,"dependencia_econ":118,"pct_empleados":27,"pct_cuentapropia":73,"pct_agricultura":27,"pct_comercio":9,"pct_manufactura":9,"pct_construccion":36,"pct_transporte":0,"pct_alojamiento":0,"pct_sin_educacion":0,"pct_educ_superior":8,"brecha_educ":12,"pct_sin_seguro":0,"pct_sus":96,"pct_seguro_privado":0,"brecha_seguro":0,"pct_salud_publica":33,"pct_med_tradicional":0,"pct_automedicacion":10,"pct_remedios_caseros":25,"pct_viv_desocupada":0,"pct_alquiler":0,"pct_electricidad":88,"pct_sin_electricidad":12,"pct_agua_red":0,"pct_alcantarillado":0,"pct_camara_septica":0,"pct_pozo_ciego":75,"pct_sin_desague":25,"pct_gas_red":0,"pct_gas_garrafa":75,"pct_lena_guano":75,"pct_basura_formal":88,"pct_basura_quema":12,"pct_basura_informal":0,"pct_internet":62,"pct_celular":75,"pct_televisor":75}},{"type":"Feature","geometry":{"type":"Polygon","coordinates":[[[-65.36007,-10.83256],[-65.35969,-10.83276],[-65.3601,-10.83358],[-65.36049,-10.83337],[-65.36007,-10.83256]]]},"properties":{"n":"GUAYARAMERIN","p":43,"personas_x_ha":88,"masculinidad":139,"pct_menor20":35,"pct_60mas":5,"pct_migrante":42,"dependencia_econ":68,"pct_empleados":44,"pct_cuentapropia":40,"pct_agricultura":8,"pct_comercio":24,"pct_manufactura":16,"pct_construccion":8,"pct_transporte":0,"pct_alojamiento":4,"pct_sin_educacion":7,"pct_educ_superior":48,"brecha_educ":-10,"pct_sin_seguro":8,"pct_sus":75,"pct_seguro_privado":8,"brecha_seguro":4,"pct_salud_publica":26,"pct_med_tradicional":3,"pct_automedicacion":24,"pct_remedios_caseros":27,"pct_viv_desocupada":6,"pct_alquiler":8,"pct_electricidad":100,"pct_sin_electricidad":0,"pct_agua_red":62,"pct_alcantarillado":0,"pct_camara_septica":85,"pct_pozo_ciego":15,"pct_sin_desague":0,"pct_gas_red":8,"pct_gas_garrafa":85,"pct_lena_guano":85,"pct_basura_formal":100,"pct_basura_quema":0,"pct_basura_informal":0,"pct_internet":62,"pct_celular":69,"pct_televisor":77}},{"type":"Feature","geometry":{"type":"Polygon","coordinates":[[[-65.34937,-10.83715],[-65.34924,-10.83766],[-65.35015,-10.83787],[-65.35027,-10.83738],[-65.34937,-10.83715]]]},"properties":{"n":"GUAYARAMERIN","p":27,"personas_x_ha":44,"masculinidad":108,"pct_menor20":48,"pct_60mas":11,"pct_migrante":30,"dependencia_econ":145,"pct_empleados":9,"pct_cuentapropia":64,"pct_agricultura":18,"pct_comercio":18,"pct_manufactura":9,"pct_construccion":0,"pct_transporte":9,"pct_alojamiento":0,"pct_sin_educacion":0,"pct_educ_superior":36,"brecha_educ":0,"pct_sin_seguro":22,"pct_sus":78,"pct_seguro_privado":0,"brecha_seguro":-31,"pct_salud_publica":41,"pct_med_tradicional":0,"pct_automedicacion":4,"pct_remedios_caseros":41,"pct_viv_desocupada":0,"pct_alquiler":0,"pct_electricidad":100,"pct_sin_electricidad":0,"pct_agua_red":100,"pct_alcantarillado":0,"pct_camara_septica":57,"pct_pozo_ciego":0,"pct_sin_desague":0,"pct_gas_red":0,"pct_gas_garrafa":100,"pct_lena_guano":100,"pct_basura_formal":100,"pct_basura_quema":0,"pct_basura_informal":0,"pct_internet":100,"pct_celular":100,"pct_televisor":86}},{"type":"Feature","geometry":{"type":"Polygon","coordinates":[[[-65.34999,-10.83854],[-65.35011,-10.83802],[-65.34918,-10.83777],[-65.34905,-10.83829],[-65.34999,-10.83854]]]},"properties":{"n":"GUAYARAMERIN","p":27,"personas_x_ha":41,"masculinidad":80,"pct_menor20":56,"pct_60mas":0,"pct_migrante":7,"dependencia_econ":145,"pct_empleados":36,"pct_cuentapropia":36,"pct_agricultura":9,"pct_comercio":9,"pct_manufactura":27,"pct_construccion":36,"pct_transporte":0,"pct_alojamiento":18,"pct_sin_educacion":0,"pct_educ_superior":21,"brecha_educ":-4,"pct_sin_seguro":7,"pct_sus":93,"pct_seguro_privado":0,"brecha_seguro":2,"pct_salud_publica":28,"pct_med_tradicional":5,"pct_automedicacion":28,"pct_remedios_caseros":17,"pct_viv_desocupada":8,"pct_alquiler":0,"pct_electricidad":100,"pct_sin_electricidad":0,"pct_agua_red":100,"pct_alcantarillado":0,"pct_camara_septica":33,"pct_pozo_ciego":67,"pct_sin_desague":0,"pct_gas_red":0,"pct_gas_garrafa":78,"pct_lena_guano":78,"pct_basura_formal":89,"pct_basura_quema":11,"pct_basura_informal":0,"pct_internet":89,"pct_celular":89,"pct_televisor":56}},{"type":"Feature","geometry":{"type":"Polygon","coordinates":[[[-65.35399,-10.82262],[-65.35311,-10.82308],[-65.35356,-10.82391],[-65.35441,-10.82347],[-65.35399,-10.82262]]]},"properties":{"n":"GUAYARAMERIN","p":66,"personas_x_ha":56,"masculinidad":94,"pct_menor20":35,"pct_60mas":8,"pct_migrante":30,"dependencia_econ":100,"pct_empleados":27,"pct_cuentapropia":52,"pct_agricultura":9,"pct_comercio":15,"pct_manufactura":6,"pct_construccion":6,"pct_transporte":3,"pct_alojamiento":15,"pct_sin_educacion":4,"pct_educ_superior":31,"brecha_educ":-9,"pct_sin_seguro":8,"pct_sus":55,"pct_seguro_privado":6,"brecha_seguro":4,"pct_salud_publica":26,"pct_med_tradicional":7,"pct_automedicacion":18,"pct_remedios_caseros":16,"pct_viv_desocupada":25,"pct_alquiler":57,"pct_electricidad":100,"pct_sin_electricidad":0,"pct_agua_red":95,"pct_alcantarillado":90,"pct_camara_septica":5,"pct_pozo_ciego":5,"pct_sin_desague":0,"pct_gas_red":29,"pct_gas_garrafa":67,"pct_lena_guano":67,"pct_basura_formal":100,"pct_basura_quema":0,"pct_basura_informal":0,"pct_internet":76,"pct_celular":76,"pct_televisor":76}},{"type":"Feature","geometry":{"type":"Polygon","coordinates":[[[-65.36932,-10.81228],[-65.36962,-10.8124],[-65.36998,-10.81233],[-65.36958,-10.81155],[-65.36902,-10.81166],[-65.36932,-10.81228]]]},"properties":{"n":"GUAYARAMERIN","p":48,"personas_x_ha":83,"masculinidad":140,"pct_menor20":50,"pct_60mas":8,"pct_migrante":17,"dependencia_econ":147,"pct_empleados":16,"pct_cuentapropia":63,"pct_agricultura":26,"pct_comercio":26,"pct_manufactura":5,"pct_construccion":11,"pct_transporte":0,"pct_alojamiento":5,"pct_sin_educacion":4,"pct_educ_superior":13,"brecha_educ":-5,"pct_sin_seguro":15,"pct_sus":83,"pct_seguro_privado":0,"brecha_seguro":-2,"pct_salud_publica":40,"pct_med_tradicional":3,"pct_automedicacion":19,"pct_remedios_caseros":29,"pct_viv_desocupada":0,"pct_alquiler":0,"pct_electricidad":85,"pct_sin_electricidad":0,"pct_agua_red":31,"pct_alcantarillado":0,"pct_camara_septica":38,"pct_pozo_ciego":62,"pct_sin_desague":0,"pct_gas_red":0,"pct_gas_garrafa":100,"pct_lena_guano":100,"pct_basura_formal":85,"pct_basura_quema":8,"pct_basura_informal":15,"pct_internet":77,"pct_celular":77,"pct_televisor":54}},{"type":"Feature","geometry":{"type":"Polygon","coordinates":[[[-65.35631,-10.82244],[-65.3559,-10.82165],[-65.35507,-10.82207],[-65.35549,-10.82291],[-65.35631,-10.82244]]]},"properties":{"n":"GUAYARAMERIN","p":48,"personas_x_ha":44,"masculinidad":100,"pct_menor20":46,"pct_60mas":4,"pct_migrante":27,"dependencia_econ":114,"pct_empleados":41,"pct_cuentapropia":36,"pct_agricultura":5,"pct_comercio":41,"pct_manufactura":9,"pct_construccion":14,"pct_transporte":14,"pct_alojamiento":9,"pct_sin_educacion":0,"pct_educ_superior":44,"brecha_educ":-19,"pct_sin_seguro":13,"pct_sus":67,"pct_seguro_privado":7,"brecha_seguro":19,"pct_salud_publica":36,"pct_med_tradicional":1,"pct_automedicacion":21,"pct_remedios_caseros":19,"pct_viv_desocupada":9,"pct_alquiler":67,"pct_electricidad":100,"pct_sin_electricidad":0,"pct_agua_red":67,"pct_alcantarillado":100,"pct_camara_septica":0,"pct_pozo_ciego":0,"pct_sin_desague":0,"pct_gas_red":22,"pct_gas_garrafa":78,"pct_lena_guano":78,"pct_basura_formal":89,"pct_basura_quema":11,"pct_basura_informal":0,"pct_internet":89,"pct_celular":100,"pct_televisor":67}},{"type":"Feature","geometry":{"type":"Polygon","coordinates":[[[-65.36141,-10.82482],[-65.36184,-10.82568],[-65.36284,-10.8252],[-65.36242,-10.82437],[-65.36141,-10.82482]]]},"properties":{"n":"GUAYARAMERIN","p":56,"personas_x_ha":44,"masculinidad":65,"pct_menor20":50,"pct_60mas":7,"pct_migrante":32,"dependencia_econ":300,"pct_empleados":14,"pct_cuentapropia":43,"pct_agricultura":0,"pct_comercio":0,"pct_manufactura":14,"pct_construccion":14,"pct_transporte":7,"pct_alojamiento":21,"pct_sin_educacion":0,"pct_educ_superior":32,"brecha_educ":12,"pct_sin_seguro":20,"pct_sus":61,"pct_seguro_privado":0,"brecha_seguro":12,"pct_salud_publica":33,"pct_med_tradicional":5,"pct_automedicacion":14,"pct_remedios_caseros":23,"pct_viv_desocupada":0,"pct_alquiler":55,"pct_electricidad":100,"pct_sin_electricidad":0,"pct_agua_red":100,"pct_alcantarillado":64,"pct_camara_septica":27,"pct_pozo_ciego":9,"pct_sin_desague":0,"pct_gas_red":0,"pct_gas_garrafa":100,"pct_lena_guano":100,"pct_basura_formal":100,"pct_basura_quema":0,"pct_basura_informal":0,"pct_internet":73,"pct_celular":73,"pct_televisor":45}},{"type":"Feature","geometry":{"type":"Polygon","coordinates":[[[-65.3564,-10.82256],[-65.35554,-10.82302],[-65.35598,-10.82387],[-65.35682,-10.82343],[-65.3564,-10.82256]]]},"properties":{"n":"GUAYARAMERIN","p":51,"personas_x_ha":44,"masculinidad":96,"pct_menor20":45,"pct_60mas":6,"pct_migrante":18,"dependencia_econ":168,"pct_empleados":63,"pct_cuentapropia":32,"pct_agricultura":11,"pct_comercio":21,"pct_manufactura":5,"pct_construccion":11,"pct_transporte":5,"pct_alojamiento":26,"pct_sin_educacion":0,"pct_educ_superior":29,"brecha_educ":7,"pct_sin_seguro":0,"pct_sus":98,"pct_seguro_privado":0,"brecha_seguro":0,"pct_salud_publica":37,"pct_med_tradicional":3,"pct_automedicacion":23,"pct_remedios_caseros":20,"pct_viv_desocupada":0,"pct_alquiler":9,"pct_electricidad":100,"pct_sin_electricidad":0,"pct_agua_red":100,"pct_alcantarillado":36,"pct_camara_septica":9,"pct_pozo_ciego":9,"pct_sin_desague":36,"pct_gas_red":0,"pct_gas_garrafa":100,"pct_lena_guano":100,"pct_basura_formal":91,"pct_basura_quema":9,"pct_basura_informal":0,"pct_internet":82,"pct_celular":82,"pct_televisor":82}},{"type":"Feature","geometry":{"type":"Polygon","coordinates":[[[-65.35217,-10.81874],[-65.35126,-10.81918],[-65.35169,-10.82004],[-65.35255,-10.81958],[-65.35217,-10.81874]]]},"properties":{"n":"GUAYARAMERIN","p":108,"personas_x_ha":92,"masculinidad":93,"pct_menor20":33,"pct_60mas":16,"pct_migrante":36,"dependencia_econ":100,"pct_empleados":17,"pct_cuentapropia":65,"pct_agricultura":7,"pct_comercio":28,"pct_manufactura":15,"pct_construccion":6,"pct_transporte":2,"pct_alojamiento":15,"pct_sin_educacion":3,"pct_educ_superior":36,"brecha_educ":9,"pct_sin_seguro":8,"pct_sus":81,"pct_seguro_privado":0,"brecha_seguro":6,"pct_salud_publica":38,"pct_med_tradicional":3,"pct_automedicacion":14,"pct_remedios_caseros":22,"pct_viv_desocupada":5,"pct_alquiler":21,"pct_electricidad":100,"pct_sin_electricidad":0,"pct_agua_red":100,"pct_alcantarillado":68,"pct_camara_septica":29,"pct_pozo_ciego":3,"pct_sin_desague":0,"pct_gas_red":6,"pct_gas_garrafa":94,"pct_lena_guano":94,"pct_basura_formal":100,"pct_basura_quema":0,"pct_basura_informal":0,"pct_internet":88,"pct_celular":100,"pct_televisor":88}},{"type":"Feature","geometry":{"type":"Polygon","coordinates":[[[-65.34735,-10.83593],[-65.34645,-10.83562],[-65.34629,-10.83617],[-65.3472,-10.83641],[-65.34735,-10.83593]]]},"properties":{"n":"GUAYARAMERIN","p":52,"personas_x_ha":80,"masculinidad":86,"pct_menor20":50,"pct_60mas":6,"pct_migrante":21,"dependencia_econ":100,"pct_empleados":42,"pct_cuentapropia":46,"pct_agricultura":8,"pct_comercio":23,"pct_manufactura":0,"pct_construccion":8,"pct_transporte":15,"pct_alojamiento":35,"pct_sin_educacion":0,"pct_educ_superior":29,"brecha_educ":13,"pct_sin_seguro":0,"pct_sus":100,"pct_seguro_privado":0,"brecha_seguro":0,"pct_salud_publica":24,"pct_med_tradicional":15,"pct_automedicacion":18,"pct_remedios_caseros":21,"pct_viv_desocupada":0,"pct_alquiler":0,"pct_electricidad":100,"pct_sin_electricidad":0,"pct_agua_red":82,"pct_alcantarillado":27,"pct_camara_septica":9,"pct_pozo_ciego":9,"pct_sin_desague":0,"pct_gas_red":0,"pct_gas_garrafa":100,"pct_lena_guano":100,"pct_basura_formal":100,"pct_basura_quema":0,"pct_basura_informal":0,"pct_internet":91,"pct_celular":100,"pct_televisor":73}},{"type":"Feature","geometry":{"type":"Polygon","coordinates":[[[-65.349,-10.83009],[-65.34917,-10.82961],[-65.34819,-10.82938],[-65.34808,-10.82983],[-65.349,-10.83009]]]},"properties":{"n":"GUAYARAMERIN","p":32,"personas_x_ha":52,"masculinidad":146,"pct_menor20":53,"pct_60mas":6,"pct_migrante":3,"dependencia_econ":158,"pct_empleados":42,"pct_cuentapropia":33,"pct_agricultura":0,"pct_comercio":50,"pct_manufactura":0,"pct_construccion":17,"pct_transporte":0,"pct_alojamiento":0,"pct_sin_educacion":0,"pct_educ_superior":14,"brecha_educ":25,"pct_sin_seguro":17,"pct_sus":67,"pct_seguro_privado":0,"brecha_seguro":14,"pct_salud_publica":42,"pct_med_tradicional":0,"pct_automedicacion":4,"pct_remedios_caseros":42,"pct_viv_desocupada":31,"pct_alquiler":25,"pct_electricidad":100,"pct_sin_electricidad":0,"pct_agua_red":50,"pct_alcantarillado":0,"pct_camara_septica":38,"pct_pozo_ciego":25,"pct_sin_desague":12,"pct_gas_red":0,"pct_gas_garrafa":75,"pct_lena_guano":75,"pct_basura_formal":88,"pct_basura_quema":12,"pct_basura_informal":0,"pct_internet":75,"pct_celular":100,"pct_televisor":38}},{"type":"Feature","geometry":{"type":"Polygon","coordinates":[[[-65.34139,-10.82577],[-65.34167,-10.82488],[-65.34126,-10.82475],[-65.34095,-10.82566],[-65.34139,-10.82577]]]},"properties":{"n":"GUAYARAMERIN","p":40,"personas_x_ha":76,"masculinidad":111,"pct_menor20":42,"pct_60mas":5,"pct_migrante":35,"dependencia_econ":129,"pct_empleados":53,"pct_cuentapropia":35,"pct_agricultura":12,"pct_comercio":12,"pct_manufactura":18,"pct_construccion":6,"pct_transporte":0,"pct_alojamiento":29,"pct_sin_educacion":0,"pct_educ_superior":22,"brecha_educ":19,"pct_sin_seguro":3,"pct_sus":97,"pct_seguro_privado":0,"brecha_seguro":5,"pct_salud_publica":36,"pct_med_tradicional":0,"pct_automedicacion":28,"pct_remedios_caseros":28,"pct_viv_desocupada":29,"pct_alquiler":11,"pct_electricidad":89,"pct_sin_electricidad":0,"pct_agua_red":89,"pct_alcantarillado":0,"pct_camara_septica":89,"pct_pozo_ciego":0,"pct_sin_desague":0,"pct_gas_red":11,"pct_gas_garrafa":89,"pct_lena_guano":89,"pct_basura_formal":100,"pct_basura_quema":0,"pct_basura_informal":0,"pct_internet":100,"pct_celular":100,"pct_televisor":78}},{"type":"Feature","geometry":{"type":"Polygon","coordinates":[[[-65.34723,-10.83231],[-65.34629,-10.83205],[-65.34613,-10.83258],[-65.34709,-10.83284],[-65.34723,-10.83231]]]},"properties":{"n":"GUAYARAMERIN","p":36,"personas_x_ha":53,"masculinidad":71,"pct_menor20":47,"pct_60mas":3,"pct_migrante":17,"dependencia_econ":157,"pct_empleados":36,"pct_cuentapropia":29,"pct_agricultura":7,"pct_comercio":21,"pct_manufactura":0,"pct_construccion":14,"pct_transporte":7,"pct_alojamiento":0,"pct_sin_educacion":0,"pct_educ_superior":21,"brecha_educ":9,"pct_sin_seguro":11,"pct_sus":89,"pct_seguro_privado":0,"brecha_seguro":15,"pct_salud_publica":34,"pct_med_tradicional":7,"pct_automedicacion":10,"pct_remedios_caseros":28,"pct_viv_desocupada":17,"pct_alquiler":11,"pct_electricidad":100,"pct_sin_electricidad":0,"pct_agua_red":100,"pct_alcantarillado":11,"pct_camara_septica":89,"pct_pozo_ciego":0,"pct_sin_desague":0,"pct_gas_red":0,"pct_gas_garrafa":100,"pct_lena_guano":100,"pct_basura_formal":100,"pct_basura_quema":0,"pct_basura_informal":0,"pct_internet":100,"pct_celular":100,"pct_televisor":100}},{"type":"Feature","geometry":{"type":"Polygon","coordinates":[[[-65.35131,-10.83218],[-65.35042,-10.83029],[-65.35036,-10.83029],[-65.34978,-10.83199],[-65.35097,-10.83235],[-65.35131,-10.83218]]]},"properties":{"n":"GUAYARAMERIN","p":39,"personas_x_ha":20,"masculinidad":62,"pct_menor20":46,"pct_60mas":5,"pct_migrante":21,"dependencia_econ":95,"pct_empleados":50,"pct_cuentapropia":15,"pct_agricultura":5,"pct_comercio":15,"pct_manufactura":20,"pct_construccion":5,"pct_transporte":10,"pct_alojamiento":20,"pct_sin_educacion":0,"pct_educ_superior":13,"brecha_educ":-14,"pct_sin_seguro":0,"pct_sus":95,"pct_seguro_privado":0,"brecha_seguro":0,"pct_salud_publica":76,"pct_med_tradicional":0,"pct_automedicacion":0,"pct_remedios_caseros":8,"pct_viv_desocupada":0,"pct_alquiler":44,"pct_electricidad":100,"pct_sin_electricidad":0,"pct_agua_red":100,"pct_alcantarillado":33,"pct_camara_septica":56,"pct_pozo_ciego":0,"pct_sin_desague":11,"pct_gas_red":0,"pct_gas_garrafa":100,"pct_lena_guano":100,"pct_basura_formal":100,"pct_basura_quema":0,"pct_basura_informal":0,"pct_internet":78,"pct_celular":89,"pct_televisor":56}},{"type":"Feature","geometry":{"type":"Polygon","coordinates":[[[-65.35373,-10.83208],[-65.35332,-10.83126],[-65.35248,-10.83171],[-65.35291,-10.8325],[-65.35373,-10.83208]]]},"properties":{"n":"GUAYARAMERIN","p":41,"personas_x_ha":39,"masculinidad":156,"pct_menor20":37,"pct_60mas":7,"pct_migrante":37,"dependencia_econ":141,"pct_empleados":35,"pct_cuentapropia":53,"pct_agricultura":0,"pct_comercio":0,"pct_manufactura":6,"pct_construccion":6,"pct_transporte":6,"pct_alojamiento":0,"pct_sin_educacion":0,"pct_educ_superior":33,"brecha_educ":-18,"pct_sin_seguro":10,"pct_sus":70,"pct_seguro_privado":0,"brecha_seguro":-5,"pct_salud_publica":51,"pct_med_tradicional":0,"pct_automedicacion":0,"pct_remedios_caseros":12,"pct_viv_desocupada":8,"pct_alquiler":0,"pct_electricidad":100,"pct_sin_electricidad":0,"pct_agua_red":70,"pct_alcantarillado":10,"pct_camara_septica":60,"pct_pozo_ciego":20,"pct_sin_desague":0,"pct_gas_red":20,"pct_gas_garrafa":70,"pct_lena_guano":70,"pct_basura_formal":100,"pct_basura_quema":0,"pct_basura_informal":0,"pct_internet":70,"pct_celular":80,"pct_televisor":90}},{"type":"Feature","geometry":{"type":"Polygon","coordinates":[[[-65.3481,-10.81088],[-65.34776,-10.81105],[-65.34814,-10.81191],[-65.34852,-10.81169],[-65.3481,-10.81088]]]},"properties":{"n":"GUAYARAMERIN","p":47,"personas_x_ha":97,"masculinidad":74,"pct_menor20":28,"pct_60mas":21,"pct_migrante":17,"dependencia_econ":161,"pct_empleados":28,"pct_cuentapropia":50,"pct_agricultura":22,"pct_comercio":39,"pct_manufactura":0,"pct_construccion":0,"pct_transporte":0,"pct_alojamiento":11,"pct_sin_educacion":6,"pct_educ_superior":46,"brecha_educ":-17,"pct_sin_seguro":24,"pct_sus":61,"pct_seguro_privado":4,"brecha_seguro":11,"pct_salud_publica":48,"pct_med_tradicional":0,"pct_automedicacion":10,"pct_remedios_caseros":15,"pct_viv_desocupada":8,"pct_alquiler":27,"pct_electricidad":100,"pct_sin_electricidad":0,"pct_agua_red":100,"pct_alcantarillado":45,"pct_camara_septica":27,"pct_pozo_ciego":18,"pct_sin_desague":0,"pct_gas_red":0,"pct_gas_garrafa":100,"pct_lena_guano":100,"pct_basura_formal":100,"pct_basura_quema":0,"pct_basura_informal":0,"pct_internet":82,"pct_celular":82,"pct_televisor":82}},{"type":"Feature","geometry":{"type":"Polygon","coordinates":[[[-65.35184,-10.83071],[-65.35097,-10.83112],[-65.35144,-10.83211],[-65.35231,-10.83167],[-65.35184,-10.83071]]]},"properties":{"n":"GUAYARAMERIN","p":78,"personas_x_ha":59,"masculinidad":117,"pct_menor20":40,"pct_60mas":10,"pct_migrante":38,"dependencia_econ":100,"pct_empleados":63,"pct_cuentapropia":29,"pct_agricultura":0,"pct_comercio":26,"pct_manufactura":3,"pct_construccion":20,"pct_transporte":9,"pct_alojamiento":6,"pct_sin_educacion":0,"pct_educ_superior":20,"brecha_educ":5,"pct_sin_seguro":9,"pct_sus":68,"pct_seguro_privado":0,"brecha_seguro":-3,"pct_salud_publica":47,"pct_med_tradicional":2,"pct_automedicacion":9,"pct_remedios_caseros":25,"pct_viv_desocupada":4,"pct_alquiler":17,"pct_electricidad":96,"pct_sin_electricidad":4,"pct_agua_red":71,"pct_alcantarillado":21,"pct_camara_septica":38,"pct_pozo_ciego":38,"pct_sin_desague":0,"pct_gas_red":4,"pct_gas_garrafa":92,"pct_lena_guano":92,"pct_basura_formal":96,"pct_basura_quema":4,"pct_basura_informal":0,"pct_internet":75,"pct_celular":79,"pct_televisor":75}},{"type":"Feature","geometry":{"type":"Polygon","coordinates":[[[-65.34531,-10.81505],[-65.34615,-10.81692],[-65.34633,-10.81715],[-65.34745,-10.81364],[-65.34531,-10.81505]]]},"properties":{"n":"GUAYARAMERIN","p":181,"personas_x_ha":48,"masculinidad":77,"pct_menor20":41,"pct_60mas":13,"pct_migrante":40,"dependencia_econ":170,"pct_empleados":40,"pct_cuentapropia":34,"pct_agricultura":12,"pct_comercio":22,"pct_manufactura":10,"pct_construccion":6,"pct_transporte":3,"pct_alojamiento":9,"pct_sin_educacion":1,"pct_educ_superior":30,"brecha_educ":-7,"pct_sin_seguro":10,"pct_sus":81,"pct_seguro_privado":0,"brecha_seguro":6,"pct_salud_publica":34,"pct_med_tradicional":2,"pct_automedicacion":18,"pct_remedios_caseros":22,"pct_viv_desocupada":7,"pct_alquiler":19,"pct_electricidad":97,"pct_sin_electricidad":0,"pct_agua_red":89,"pct_alcantarillado":14,"pct_camara_septica":65,"pct_pozo_ciego":14,"pct_sin_desague":3,"pct_gas_red":3,"pct_gas_garrafa":97,"pct_lena_guano":97,"pct_basura_formal":100,"pct_basura_quema":0,"pct_basura_informal":0,"pct_internet":97,"pct_celular":92,"pct_televisor":92}},{"type":"Feature","geometry":{"type":"Polygon","coordinates":[[[-65.35628,-10.81175],[-65.35724,-10.81131],[-65.35843,-10.81219],[-65.35843,-10.81228],[-65.35772,-10.81295],[-65.35627,-10.81185],[-65.35628,-10.81175]]]},"properties":{"n":"GUAYARAMERIN","p":177,"personas_x_ha":83,"masculinidad":103,"pct_menor20":41,"pct_60mas":12,"pct_migrante":30,"dependencia_econ":132,"pct_empleados":33,"pct_cuentapropia":41,"pct_agricultura":8,"pct_comercio":25,"pct_manufactura":8,"pct_construccion":12,"pct_transporte":4,"pct_alojamiento":16,"pct_sin_educacion":0,"pct_educ_superior":36,"brecha_educ":-5,"pct_sin_seguro":9,"pct_sus":72,"pct_seguro_privado":1,"brecha_seguro":3,"pct_salud_publica":49,"pct_med_tradicional":0,"pct_automedicacion":10,"pct_remedios_caseros":19,"pct_viv_desocupada":10,"pct_alquiler":18,"pct_electricidad":98,"pct_sin_electricidad":0,"pct_agua_red":98,"pct_alcantarillado":55,"pct_camara_septica":36,"pct_pozo_ciego":5,"pct_sin_desague":2,"pct_gas_red":5,"pct_gas_garrafa":95,"pct_lena_guano":95,"pct_basura_formal":98,"pct_basura_quema":2,"pct_basura_informal":0,"pct_internet":64,"pct_celular":70,"pct_televisor":77}},{"type":"Feature","geometry":{"type":"Polygon","coordinates":[[[-65.36071,-10.82857],[-65.3603,-10.82774],[-65.35943,-10.82818],[-65.35983,-10.82901],[-65.36071,-10.82857]]]},"properties":{"n":"GUAYARAMERIN","p":32,"personas_x_ha":28,"masculinidad":100,"pct_menor20":44,"pct_60mas":9,"pct_migrante":53,"dependencia_econ":113,"pct_empleados":33,"pct_cuentapropia":60,"pct_agricultura":13,"pct_comercio":40,"pct_manufactura":7,"pct_construccion":0,"pct_transporte":13,"pct_alojamiento":7,"pct_sin_educacion":0,"pct_educ_superior":42,"brecha_educ":-12,"pct_sin_seguro":6,"pct_sus":84,"pct_seguro_privado":0,"brecha_seguro":12,"pct_salud_publica":25,"pct_med_tradicional":1,"pct_automedicacion":23,"pct_remedios_caseros":23,"pct_viv_desocupada":0,"pct_alquiler":55,"pct_electricidad":100,"pct_sin_electricidad":0,"pct_agua_red":91,"pct_alcantarillado":9,"pct_camara_septica":64,"pct_pozo_ciego":27,"pct_sin_desague":0,"pct_gas_red":0,"pct_gas_garrafa":91,"pct_lena_guano":91,"pct_basura_formal":100,"pct_basura_quema":0,"pct_basura_informal":0,"pct_internet":73,"pct_celular":73,"pct_televisor":64}},{"type":"Feature","geometry":{"type":"Polygon","coordinates":[[[-65.35155,-10.81284],[-65.35074,-10.81324],[-65.35116,-10.81407],[-65.35196,-10.81369],[-65.35155,-10.81284]]]},"properties":{"n":"GUAYARAMERIN","p":37,"personas_x_ha":35,"masculinidad":95,"pct_menor20":32,"pct_60mas":16,"pct_migrante":57,"dependencia_econ":84,"pct_empleados":21,"pct_cuentapropia":53,"pct_agricultura":37,"pct_comercio":16,"pct_manufactura":0,"pct_construccion":0,"pct_transporte":5,"pct_alojamiento":0,"pct_sin_educacion":0,"pct_educ_superior":60,"brecha_educ":10,"pct_sin_seguro":3,"pct_sus":74,"pct_seguro_privado":3,"brecha_seguro":6,"pct_salud_publica":74,"pct_med_tradicional":0,"pct_automedicacion":0,"pct_remedios_caseros":0,"pct_viv_desocupada":41,"pct_alquiler":44,"pct_electricidad":100,"pct_sin_electricidad":0,"pct_agua_red":89,"pct_alcantarillado":78,"pct_camara_septica":11,"pct_pozo_ciego":11,"pct_sin_desague":0,"pct_gas_red":11,"pct_gas_garrafa":89,"pct_lena_guano":89,"pct_basura_formal":100,"pct_basura_quema":0,"pct_basura_informal":0,"pct_internet":56,"pct_celular":67,"pct_televisor":67}},{"type":"Feature","geometry":{"type":"Polygon","coordinates":[[[-65.36135,-10.84003],[-65.36093,-10.83921],[-65.36009,-10.83964],[-65.36048,-10.84044],[-65.36135,-10.84003]]]},"properties":{"n":"GUAYARAMERIN","p":26,"personas_x_ha":25,"masculinidad":100,"pct_menor20":46,"pct_60mas":12,"pct_migrante":62,"dependencia_econ":140,"pct_empleados":20,"pct_cuentapropia":30,"pct_agricultura":40,"pct_comercio":40,"pct_manufactura":0,"pct_construccion":10,"pct_transporte":0,"pct_alojamiento":0,"pct_sin_educacion":7,"pct_educ_superior":0,"brecha_educ":0,"pct_sin_seguro":33,"pct_sus":67,"pct_seguro_privado":0,"brecha_seguro":6,"pct_salud_publica":27,"pct_med_tradicional":17,"pct_automedicacion":22,"pct_remedios_caseros":23,"pct_viv_desocupada":0,"pct_alquiler":50,"pct_electricidad":100,"pct_sin_electricidad":0,"pct_agua_red":100,"pct_alcantarillado":17,"pct_camara_septica":17,"pct_pozo_ciego":67,"pct_sin_desague":0,"pct_gas_red":0,"pct_gas_garrafa":67,"pct_lena_guano":67,"pct_basura_formal":100,"pct_basura_quema":0,"pct_basura_informal":0,"pct_internet":17,"pct_celular":50,"pct_televisor":67}},{"type":"Feature","geometry":{"type":"Polygon","coordinates":[[[-65.35416,-10.81269],[-65.35613,-10.81184],[-65.35763,-10.81303],[-65.35671,-10.81398],[-65.35612,-10.81353],[-65.35414,-10.81276],[-65.35416,-10.81269]]]},"properties":{"n":"GUAYARAMERIN","p":32,"personas_x_ha":7,"masculinidad":78,"pct_menor20":41,"pct_60mas":9,"pct_migrante":16,"dependencia_econ":167,"pct_empleados":42,"pct_cuentapropia":58,"pct_agricultura":0,"pct_comercio":42,"pct_manufactura":0,"pct_construccion":8,"pct_transporte":17,"pct_alojamiento":8,"pct_sin_educacion":0,"pct_educ_superior":32,"brecha_educ":-8,"pct_sin_seguro":0,"pct_sus":84,"pct_seguro_privado":0,"brecha_seguro":0,"pct_salud_publica":60,"pct_med_tradicional":2,"pct_automedicacion":2,"pct_remedios_caseros":19,"pct_viv_desocupada":0,"pct_alquiler":11,"pct_electricidad":100,"pct_sin_electricidad":0,"pct_agua_red":89,"pct_alcantarillado":89,"pct_camara_septica":11,"pct_pozo_ciego":0,"pct_sin_desague":0,"pct_gas_red":0,"pct_gas_garrafa":89,"pct_lena_guano":89,"pct_basura_formal":100,"pct_basura_quema":0,"pct_basura_informal":0,"pct_internet":89,"pct_celular":78,"pct_televisor":89}},{"type":"Feature","geometry":{"type":"Polygon","coordinates":[[[-65.35703,-10.81844],[-65.35785,-10.818],[-65.35743,-10.81717],[-65.35658,-10.8176],[-65.35703,-10.81844]]]},"properties":{"n":"GUAYARAMERIN","p":73,"personas_x_ha":65,"masculinidad":92,"pct_menor20":34,"pct_60mas":10,"pct_migrante":41,"dependencia_econ":92,"pct_empleados":24,"pct_cuentapropia":39,"pct_agricultura":11,"pct_comercio":26,"pct_manufactura":5,"pct_construccion":5,"pct_transporte":5,"pct_alojamiento":29,"pct_sin_educacion":2,"pct_educ_superior":30,"brecha_educ":0,"pct_sin_seguro":14,"pct_sus":74,"pct_seguro_privado":0,"brecha_seguro":7,"pct_salud_publica":38,"pct_med_tradicional":6,"pct_automedicacion":11,"pct_remedios_caseros":23,"pct_viv_desocupada":8,"pct_alquiler":33,"pct_electricidad":100,"pct_sin_electricidad":0,"pct_agua_red":67,"pct_alcantarillado":83,"pct_camara_septica":17,"pct_pozo_ciego":0,"pct_sin_desague":0,"pct_gas_red":11,"pct_gas_garrafa":89,"pct_lena_guano":89,"pct_basura_formal":100,"pct_basura_quema":0,"pct_basura_informal":0,"pct_internet":83,"pct_celular":83,"pct_televisor":67}},{"type":"Feature","geometry":{"type":"Polygon","coordinates":[[[-65.34795,-10.82988],[-65.34727,-10.82968],[-65.34687,-10.83116],[-65.34754,-10.83132],[-65.34795,-10.82988]]]},"properties":{"n":"GUAYARAMERIN","p":92,"personas_x_ha":69,"masculinidad":104,"pct_menor20":34,"pct_60mas":8,"pct_migrante":21,"dependencia_econ":91,"pct_empleados":26,"pct_cuentapropia":37,"pct_agricultura":9,"pct_comercio":26,"pct_manufactura":9,"pct_construccion":15,"pct_transporte":11,"pct_alojamiento":7,"pct_sin_educacion":5,"pct_educ_superior":12,"brecha_educ":16,"pct_sin_seguro":13,"pct_sus":83,"pct_seguro_privado":1,"brecha_seguro":1,"pct_salud_publica":54,"pct_med_tradicional":0,"pct_automedicacion":14,"pct_remedios_caseros":23,"pct_viv_desocupada":4,"pct_alquiler":9,"pct_electricidad":100,"pct_sin_electricidad":0,"pct_agua_red":87,"pct_alcantarillado":30,"pct_camara_septica":52,"pct_pozo_ciego":13,"pct_sin_desague":0,"pct_gas_red":13,"pct_gas_garrafa":87,"pct_lena_guano":87,"pct_basura_formal":100,"pct_basura_quema":0,"pct_basura_informal":0,"pct_internet":52,"pct_celular":74,"pct_televisor":70}},{"type":"Feature","geometry":{"type":"Polygon","coordinates":[[[-65.35237,-10.8471],[-65.35148,-10.84752],[-65.35189,-10.8484],[-65.35277,-10.84796],[-65.35237,-10.8471]]]},"properties":{"n":"GUAYARAMERIN","p":36,"personas_x_ha":30,"masculinidad":125,"pct_menor20":47,"pct_60mas":3,"pct_migrante":14,"dependencia_econ":300,"pct_empleados":44,"pct_cuentapropia":22,"pct_agricultura":0,"pct_comercio":11,"pct_manufactura":0,"pct_construccion":33,"pct_transporte":22,"pct_alojamiento":0,"pct_sin_educacion":0,"pct_educ_superior":21,"brecha_educ":7,"pct_sin_seguro":11,"pct_sus":83,"pct_seguro_privado":3,"brecha_seguro":-14,"pct_salud_publica":47,"pct_med_tradicional":0,"pct_automedicacion":16,"pct_remedios_caseros":15,"pct_viv_desocupada":18,"pct_alquiler":0,"pct_electricidad":89,"pct_sin_electricidad":11,"pct_agua_red":56,"pct_alcantarillado":11,"pct_camara_septica":22,"pct_pozo_ciego":56,"pct_sin_desague":0,"pct_gas_red":0,"pct_gas_garrafa":89,"pct_lena_guano":89,"pct_basura_formal":67,"pct_basura_quema":33,"pct_basura_informal":0,"pct_internet":89,"pct_celular":89,"pct_televisor":67}},{"type":"Feature","geometry":{"type":"Polygon","coordinates":[[[-65.34945,-10.83647],[-65.34854,-10.83619],[-65.34838,-10.83675],[-65.34928,-10.83702],[-65.34945,-10.83647]]]},"properties":{"n":"GUAYARAMERIN","p":19,"personas_x_ha":27,"masculinidad":73,"pct_menor20":37,"pct_60mas":5,"pct_migrante":37,"dependencia_econ":111,"pct_empleados":22,"pct_cuentapropia":56,"pct_agricultura":22,"pct_comercio":22,"pct_manufactura":11,"pct_construccion":0,"pct_transporte":0,"pct_alojamiento":11,"pct_sin_educacion":0,"pct_educ_superior":42,"brecha_educ":-26,"pct_sin_seguro":5,"pct_sus":95,"pct_seguro_privado":0,"brecha_seguro":12,"pct_salud_publica":38,"pct_med_tradicional":8,"pct_automedicacion":8,"pct_remedios_caseros":38,"pct_viv_desocupada":0,"pct_alquiler":14,"pct_electricidad":86,"pct_sin_electricidad":0,"pct_agua_red":86,"pct_alcantarillado":0,"pct_camara_septica":57,"pct_pozo_ciego":29,"pct_sin_desague":14,"pct_gas_red":0,"pct_gas_garrafa":100,"pct_lena_guano":100,"pct_basura_formal":100,"pct_basura_quema":0,"pct_basura_informal":0,"pct_internet":100,"pct_celular":100,"pct_televisor":86}},{"type":"Feature","geometry":{"type":"Polygon","coordinates":[[[-65.36102,-10.81501],[-65.36064,-10.81411],[-65.36056,-10.8141],[-65.35858,-10.81522],[-65.35972,-10.81584],[-65.36096,-10.81516],[-65.36102,-10.81501]]]},"properties":{"n":"GUAYARAMERIN","p":80,"personas_x_ha":30,"masculinidad":74,"pct_menor20":31,"pct_60mas":15,"pct_migrante":41,"dependencia_econ":103,"pct_empleados":38,"pct_cuentapropia":27,"pct_agricultura":14,"pct_comercio":5,"pct_manufactura":3,"pct_construccion":3,"pct_transporte":8,"pct_alojamiento":16,"pct_sin_educacion":0,"pct_educ_superior":15,"brecha_educ":-1,"pct_sin_seguro":17,"pct_sus":57,"pct_seguro_privado":3,"brecha_seguro":7,"pct_salud_publica":49,"pct_med_tradicional":0,"pct_automedicacion":6,"pct_remedios_caseros":9,"pct_viv_desocupada":5,"pct_alquiler":12,"pct_electricidad":100,"pct_sin_electricidad":0,"pct_agua_red":100,"pct_alcantarillado":19,"pct_camara_septica":62,"pct_pozo_ciego":12,"pct_sin_desague":0,"pct_gas_red":0,"pct_gas_garrafa":94,"pct_lena_guano":94,"pct_basura_formal":100,"pct_basura_quema":0,"pct_basura_informal":0,"pct_internet":75,"pct_celular":94,"pct_televisor":69}},{"type":"Feature","geometry":{"type":"Polygon","coordinates":[[[-65.35294,-10.81321],[-65.35215,-10.81358],[-65.35174,-10.81276],[-65.35256,-10.81234],[-65.35298,-10.81313],[-65.35294,-10.81321]]]},"properties":{"n":"GUAYARAMERIN","p":38,"personas_x_ha":35,"masculinidad":111,"pct_menor20":26,"pct_60mas":26,"pct_migrante":42,"dependencia_econ":124,"pct_empleados":47,"pct_cuentapropia":41,"pct_agricultura":0,"pct_comercio":24,"pct_manufactura":12,"pct_construccion":0,"pct_transporte":12,"pct_alojamiento":0,"pct_sin_educacion":0,"pct_educ_superior":36,"brecha_educ":6,"pct_sin_seguro":13,"pct_sus":45,"pct_seguro_privado":18,"brecha_seguro":14,"pct_salud_publica":33,"pct_med_tradicional":1,"pct_automedicacion":13,"pct_remedios_caseros":13,"pct_viv_desocupada":21,"pct_alquiler":45,"pct_electricidad":100,"pct_sin_electricidad":0,"pct_agua_red":100,"pct_alcantarillado":82,"pct_camara_septica":9,"pct_pozo_ciego":9,"pct_sin_desague":0,"pct_gas_red":9,"pct_gas_garrafa":82,"pct_lena_guano":82,"pct_basura_formal":100,"pct_basura_quema":0,"pct_basura_informal":0,"pct_internet":82,"pct_celular":91,"pct_televisor":82}},{"type":"Feature","geometry":{"type":"Polygon","coordinates":[[[-65.3519,-10.84364],[-65.35154,-10.84381],[-65.352,-10.84468],[-65.3523,-10.84451],[-65.3519,-10.84364]]]},"properties":{"n":"GUAYARAMERIN","p":34,"personas_x_ha":73,"masculinidad":127,"pct_menor20":38,"pct_60mas":18,"pct_migrante":50,"dependencia_econ":127,"pct_empleados":33,"pct_cuentapropia":27,"pct_agricultura":0,"pct_comercio":20,"pct_manufactura":0,"pct_construccion":7,"pct_transporte":0,"pct_alojamiento":13,"pct_sin_educacion":0,"pct_educ_superior":9,"brecha_educ":17,"pct_sin_seguro":6,"pct_sus":94,"pct_seguro_privado":0,"brecha_seguro":11,"pct_salud_publica":35,"pct_med_tradicional":0,"pct_automedicacion":24,"pct_remedios_caseros":33,"pct_viv_desocupada":10,"pct_alquiler":0,"pct_electricidad":100,"pct_sin_electricidad":0,"pct_agua_red":12,"pct_alcantarillado":0,"pct_camara_septica":0,"pct_pozo_ciego":100,"pct_sin_desague":0,"pct_gas_red":0,"pct_gas_garrafa":88,"pct_lena_guano":88,"pct_basura_formal":38,"pct_basura_quema":62,"pct_basura_informal":0,"pct_internet":62,"pct_celular":62,"pct_televisor":88}},{"type":"Feature","geometry":{"type":"Polygon","coordinates":[[[-65.35295,-10.823],[-65.35255,-10.82215],[-65.35177,-10.82253],[-65.35218,-10.8234],[-65.35295,-10.823]]]},"properties":{"n":"GUAYARAMERIN","p":80,"personas_x_ha":78,"masculinidad":142,"pct_menor20":30,"pct_60mas":15,"pct_migrante":32,"dependencia_econ":108,"pct_empleados":32,"pct_cuentapropia":50,"pct_agricultura":3,"pct_comercio":24,"pct_manufactura":5,"pct_construccion":11,"pct_transporte":5,"pct_alojamiento":26,"pct_sin_educacion":0,"pct_educ_superior":36,"brecha_educ":-16,"pct_sin_seguro":3,"pct_sus":94,"pct_seguro_privado":0,"brecha_seguro":-6,"pct_salud_publica":43,"pct_med_tradicional":10,"pct_automedicacion":16,"pct_remedios_caseros":23,"pct_viv_desocupada":14,"pct_alquiler":11,"pct_electricidad":100,"pct_sin_electricidad":0,"pct_agua_red":89,"pct_alcantarillado":78,"pct_camara_septica":22,"pct_pozo_ciego":0,"pct_sin_desague":0,"pct_gas_red":0,"pct_gas_garrafa":94,"pct_lena_guano":94,"pct_basura_formal":100,"pct_basura_quema":0,"pct_basura_informal":0,"pct_internet":94,"pct_celular":100,"pct_televisor":83}},{"type":"Feature","geometry":{"type":"Polygon","coordinates":[[[-65.35826,-10.81529],[-65.35828,-10.81515],[-65.35753,-10.81468],[-65.35654,-10.81518],[-65.35695,-10.81597],[-65.35826,-10.81529]]]},"properties":{"n":"GUAYARAMERIN","p":42,"personas_x_ha":28,"masculinidad":121,"pct_menor20":45,"pct_60mas":12,"pct_migrante":26,"dependencia_econ":147,"pct_empleados":18,"pct_cuentapropia":41,"pct_agricultura":6,"pct_comercio":24,"pct_manufactura":0,"pct_construccion":0,"pct_transporte":6,"pct_alojamiento":47,"pct_sin_educacion":13,"pct_educ_superior":26,"brecha_educ":10,"pct_sin_seguro":5,"pct_sus":82,"pct_seguro_privado":0,"brecha_seguro":-1,"pct_salud_publica":32,"pct_med_tradicional":4,"pct_automedicacion":14,"pct_remedios_caseros":20,"pct_viv_desocupada":12,"pct_alquiler":0,"pct_electricidad":100,"pct_sin_electricidad":0,"pct_agua_red":86,"pct_alcantarillado":100,"pct_camara_septica":0,"pct_pozo_ciego":0,"pct_sin_desague":0,"pct_gas_red":14,"pct_gas_garrafa":86,"pct_lena_guano":86,"pct_basura_formal":100,"pct_basura_quema":0,"pct_basura_informal":0,"pct_internet":100,"pct_celular":100,"pct_televisor":100}},{"type":"Feature","geometry":{"type":"Polygon","coordinates":[[[-65.35494,-10.81704],[-65.35452,-10.81621],[-65.35366,-10.81665],[-65.35409,-10.81749],[-65.35494,-10.81704]]]},"properties":{"n":"GUAYARAMERIN","p":39,"personas_x_ha":35,"masculinidad":86,"pct_menor20":28,"pct_60mas":21,"pct_migrante":56,"dependencia_econ":76,"pct_empleados":38,"pct_cuentapropia":33,"pct_agricultura":0,"pct_comercio":19,"pct_manufactura":5,"pct_construccion":10,"pct_transporte":0,"pct_alojamiento":10,"pct_sin_educacion":0,"pct_educ_superior":41,"brecha_educ":0,"pct_sin_seguro":44,"pct_sus":39,"pct_seguro_privado":0,"brecha_seguro":33,"pct_salud_publica":27,"pct_med_tradicional":4,"pct_automedicacion":16,"pct_remedios_caseros":22,"pct_viv_desocupada":6,"pct_alquiler":36,"pct_electricidad":100,"pct_sin_electricidad":0,"pct_agua_red":86,"pct_alcantarillado":93,"pct_camara_septica":0,"pct_pozo_ciego":7,"pct_sin_desague":0,"pct_gas_red":0,"pct_gas_garrafa":100,"pct_lena_guano":100,"pct_basura_formal":100,"pct_basura_quema":0,"pct_basura_informal":0,"pct_internet":86,"pct_celular":71,"pct_televisor":79}},{"type":"Feature","geometry":{"type":"Polygon","coordinates":[[[-65.3426,-10.81941],[-65.34387,-10.81999],[-65.34425,-10.8195],[-65.34442,-10.81894],[-65.34311,-10.81846],[-65.34258,-10.81934],[-65.3426,-10.81941]]]},"properties":{"n":"GUAYARAMERIN","p":49,"personas_x_ha":24,"masculinidad":75,"pct_menor20":39,"pct_60mas":10,"pct_migrante":29,"dependencia_econ":158,"pct_empleados":42,"pct_cuentapropia":37,"pct_agricultura":5,"pct_comercio":11,"pct_manufactura":21,"pct_construccion":5,"pct_transporte":11,"pct_alojamiento":5,"pct_sin_educacion":0,"pct_educ_superior":33,"brecha_educ":-19,"pct_sin_seguro":6,"pct_sus":78,"pct_seguro_privado":8,"brecha_seguro":6,"pct_salud_publica":27,"pct_med_tradicional":4,"pct_automedicacion":13,"pct_remedios_caseros":24,"pct_viv_desocupada":0,"pct_alquiler":0,"pct_electricidad":100,"pct_sin_electricidad":0,"pct_agua_red":93,"pct_alcantarillado":14,"pct_camara_septica":14,"pct_pozo_ciego":50,"pct_sin_desague":7,"pct_gas_red":0,"pct_gas_garrafa":100,"pct_lena_guano":100,"pct_basura_formal":79,"pct_basura_quema":21,"pct_basura_informal":0,"pct_internet":86,"pct_celular":86,"pct_televisor":43}},{"type":"Feature","geometry":{"type":"Polygon","coordinates":[[[-65.37264,-10.80053],[-65.37226,-10.79978],[-65.37193,-10.79995],[-65.37233,-10.8007],[-65.37264,-10.80053]]]},"properties":{"n":"GUAYARAMERIN","p":56,"personas_x_ha":147,"masculinidad":75,"pct_menor20":52,"pct_60mas":4,"pct_migrante":9,"dependencia_econ":250,"pct_empleados":19,"pct_cuentapropia":44,"pct_agricultura":12,"pct_comercio":31,"pct_manufactura":0,"pct_construccion":6,"pct_transporte":6,"pct_alojamiento":6,"pct_sin_educacion":7,"pct_educ_superior":29,"brecha_educ":24,"pct_sin_seguro":35,"pct_sus":65,"pct_seguro_privado":0,"brecha_seguro":-16,"pct_salud_publica":82,"pct_med_tradicional":0,"pct_automedicacion":0,"pct_remedios_caseros":12,"pct_viv_desocupada":0,"pct_alquiler":0,"pct_electricidad":100,"pct_sin_electricidad":0,"pct_agua_red":57,"pct_alcantarillado":14,"pct_camara_septica":64,"pct_pozo_ciego":21,"pct_sin_desague":0,"pct_gas_red":0,"pct_gas_garrafa":100,"pct_lena_guano":100,"pct_basura_formal":100,"pct_basura_quema":0,"pct_basura_informal":0,"pct_internet":79,"pct_celular":86,"pct_televisor":64}},{"type":"Feature","geometry":{"type":"Polygon","coordinates":[[[-65.35851,-10.81648],[-65.35842,-10.81646],[-65.358,-10.81561],[-65.35803,-10.8155],[-65.3585,-10.81529],[-65.3596,-10.8159],[-65.35851,-10.81648]]]},"properties":{"n":"GUAYARAMERIN","p":31,"personas_x_ha":25,"masculinidad":121,"pct_menor20":29,"pct_60mas":19,"pct_migrante":32,"dependencia_econ":72,"pct_empleados":39,"pct_cuentapropia":44,"pct_agricultura":22,"pct_comercio":17,"pct_manufactura":0,"pct_construccion":11,"pct_transporte":6,"pct_alojamiento":6,"pct_sin_educacion":5,"pct_educ_superior":41,"brecha_educ":-11,"pct_sin_seguro":29,"pct_sus":71,"pct_seguro_privado":0,"brecha_seguro":-18,"pct_salud_publica":39,"pct_med_tradicional":8,"pct_automedicacion":11,"pct_remedios_caseros":20,"pct_viv_desocupada":10,"pct_alquiler":0,"pct_electricidad":89,"pct_sin_electricidad":0,"pct_agua_red":89,"pct_alcantarillado":78,"pct_camara_septica":22,"pct_pozo_ciego":0,"pct_sin_desague":0,"pct_gas_red":0,"pct_gas_garrafa":100,"pct_lena_guano":100,"pct_basura_formal":100,"pct_basura_quema":0,"pct_basura_informal":0,"pct_internet":56,"pct_celular":56,"pct_televisor":78}},{"type":"Feature","geometry":{"type":"Polygon","coordinates":[[[-65.35203,-10.81611],[-65.35158,-10.81524],[-65.35075,-10.81567],[-65.35118,-10.81651],[-65.35203,-10.81611]]]},"properties":{"n":"GUAYARAMERIN","p":120,"personas_x_ha":107,"masculinidad":97,"pct_menor20":38,"pct_60mas":19,"pct_migrante":22,"dependencia_econ":146,"pct_empleados":25,"pct_cuentapropia":50,"pct_agricultura":8,"pct_comercio":25,"pct_manufactura":10,"pct_construccion":6,"pct_transporte":2,"pct_alojamiento":4,"pct_sin_educacion":3,"pct_educ_superior":32,"brecha_educ":-12,"pct_sin_seguro":4,"pct_sus":82,"pct_seguro_privado":2,"brecha_seguro":0,"pct_salud_publica":72,"pct_med_tradicional":0,"pct_automedicacion":0,"pct_remedios_caseros":4,"pct_viv_desocupada":7,"pct_alquiler":12,"pct_electricidad":100,"pct_sin_electricidad":0,"pct_agua_red":92,"pct_alcantarillado":92,"pct_camara_septica":4,"pct_pozo_ciego":4,"pct_sin_desague":0,"pct_gas_red":4,"pct_gas_garrafa":96,"pct_lena_guano":96,"pct_basura_formal":100,"pct_basura_quema":0,"pct_basura_informal":0,"pct_internet":65,"pct_celular":77,"pct_televisor":65}},{"type":"Feature","geometry":{"type":"Polygon","coordinates":[[[-65.34375,-10.81483],[-65.34283,-10.81353],[-65.34366,-10.81275],[-65.34389,-10.81283],[-65.34419,-10.81317],[-65.34511,-10.81504],[-65.34436,-10.81555],[-65.34375,-10.81483]]]},"properties":{"n":"GUAYARAMERIN","p":76,"personas_x_ha":20,"masculinidad":69,"pct_menor20":42,"pct_60mas":12,"pct_migrante":38,"dependencia_econ":162,"pct_empleados":41,"pct_cuentapropia":38,"pct_agricultura":10,"pct_comercio":10,"pct_manufactura":21,"pct_construccion":3,"pct_transporte":7,"pct_alojamiento":21,"pct_sin_educacion":2,"pct_educ_superior":15,"brecha_educ":-6,"pct_sin_seguro":16,"pct_sus":79,"pct_seguro_privado":1,"brecha_seguro":22,"pct_salud_publica":38,"pct_med_tradicional":1,"pct_automedicacion":12,"pct_remedios_caseros":24,"pct_viv_desocupada":4,"pct_alquiler":33,"pct_electricidad":90,"pct_sin_electricidad":5,"pct_agua_red":81,"pct_alcantarillado":10,"pct_camara_septica":38,"pct_pozo_ciego":29,"pct_sin_desague":24,"pct_gas_red":0,"pct_gas_garrafa":81,"pct_lena_guano":81,"pct_basura_formal":67,"pct_basura_quema":29,"pct_basura_informal":0,"pct_internet":90,"pct_celular":90,"pct_televisor":71}},{"type":"Feature","geometry":{"type":"Polygon","coordinates":[[[-65.35906,-10.81288],[-65.35881,-10.81226],[-65.35865,-10.81218],[-65.35783,-10.81298],[-65.35855,-10.814],[-65.3602,-10.8132],[-65.35995,-10.81307],[-65.35934,-10.8131],[-65.35906,-10.81288]]]},"properties":{"n":"GUAYARAMERIN","p":78,"personas_x_ha":35,"masculinidad":129,"pct_menor20":40,"pct_60mas":13,"pct_migrante":42,"dependencia_econ":83,"pct_empleados":60,"pct_cuentapropia":36,"pct_agricultura":12,"pct_comercio":7,"pct_manufactura":14,"pct_construccion":12,"pct_transporte":14,"pct_alojamiento":10,"pct_sin_educacion":0,"pct_educ_superior":42,"brecha_educ":-14,"pct_sin_seguro":21,"pct_sus":70,"pct_seguro_privado":0,"brecha_seguro":5,"pct_salud_publica":26,"pct_med_tradicional":2,"pct_automedicacion":26,"pct_remedios_caseros":24,"pct_viv_desocupada":17,"pct_alquiler":32,"pct_electricidad":91,"pct_sin_electricidad":5,"pct_agua_red":77,"pct_alcantarillado":14,"pct_camara_septica":55,"pct_pozo_ciego":27,"pct_sin_desague":0,"pct_gas_red":5,"pct_gas_garrafa":82,"pct_lena_guano":82,"pct_basura_formal":95,"pct_basura_quema":5,"pct_basura_informal":0,"pct_internet":73,"pct_celular":82,"pct_televisor":73}},{"type":"Feature","geometry":{"type":"Polygon","coordinates":[[[-65.36446,-10.81097],[-65.36347,-10.80927],[-65.3625,-10.80976],[-65.3636,-10.81145],[-65.36446,-10.81097]]]},"properties":{"n":"GUAYARAMERIN","p":69,"personas_x_ha":27,"masculinidad":103,"pct_menor20":35,"pct_60mas":6,"pct_migrante":23,"dependencia_econ":76,"pct_empleados":39,"pct_cuentapropia":48,"pct_agricultura":6,"pct_comercio":27,"pct_manufactura":9,"pct_construccion":12,"pct_transporte":0,"pct_alojamiento":15,"pct_sin_educacion":0,"pct_educ_superior":18,"brecha_educ":-4,"pct_sin_seguro":4,"pct_sus":91,"pct_seguro_privado":0,"brecha_seguro":0,"pct_salud_publica":65,"pct_med_tradicional":4,"pct_automedicacion":4,"pct_remedios_caseros":14,"pct_viv_desocupada":4,"pct_alquiler":8,"pct_electricidad":100,"pct_sin_electricidad":0,"pct_agua_red":96,"pct_alcantarillado":17,"pct_camara_septica":54,"pct_pozo_ciego":25,"pct_sin_desague":4,"pct_gas_red":0,"pct_gas_garrafa":100,"pct_lena_guano":100,"pct_basura_formal":92,"pct_basura_quema":8,"pct_basura_informal":0,"pct_internet":67,"pct_celular":88,"pct_televisor":54}},{"type":"Feature","geometry":{"type":"Polygon","coordinates":[[[-65.35478,-10.82916],[-65.35438,-10.82832],[-65.35397,-10.82851],[-65.35439,-10.82936],[-65.35478,-10.82916]]]},"properties":{"n":"GUAYARAMERIN","p":37,"personas_x_ha":71,"masculinidad":106,"pct_menor20":46,"pct_60mas":3,"pct_migrante":24,"dependencia_econ":185,"pct_empleados":62,"pct_cuentapropia":38,"pct_agricultura":15,"pct_comercio":15,"pct_manufactura":8,"pct_construccion":8,"pct_transporte":31,"pct_alojamiento":8,"pct_sin_educacion":5,"pct_educ_superior":30,"brecha_educ":30,"pct_sin_seguro":6,"pct_sus":81,"pct_seguro_privado":0,"brecha_seguro":0,"pct_salud_publica":72,"pct_med_tradicional":0,"pct_automedicacion":0,"pct_remedios_caseros":9,"pct_viv_desocupada":0,"pct_alquiler":12,"pct_electricidad":100,"pct_sin_electricidad":0,"pct_agua_red":88,"pct_alcantarillado":25,"pct_camara_septica":50,"pct_pozo_ciego":12,"pct_sin_desague":12,"pct_gas_red":0,"pct_gas_garrafa":88,"pct_lena_guano":88,"pct_basura_formal":100,"pct_basura_quema":0,"pct_basura_informal":0,"pct_internet":62,"pct_celular":75,"pct_televisor":62}},{"type":"Feature","geometry":{"type":"Polygon","coordinates":[[[-65.36572,-10.82623],[-65.36617,-10.82713],[-65.3667,-10.8269],[-65.36625,-10.82598],[-65.36572,-10.82623]]]},"properties":{"n":"GUAYARAMERIN","p":38,"personas_x_ha":52,"masculinidad":100,"pct_menor20":39,"pct_60mas":5,"pct_migrante":18,"dependencia_econ":95,"pct_empleados":26,"pct_cuentapropia":47,"pct_agricultura":16,"pct_comercio":26,"pct_manufactura":16,"pct_construccion":26,"pct_transporte":5,"pct_alojamiento":11,"pct_sin_educacion":0,"pct_educ_superior":4,"brecha_educ":3,"pct_sin_seguro":11,"pct_sus":89,"pct_seguro_privado":0,"brecha_seguro":10,"pct_salud_publica":38,"pct_med_tradicional":3,"pct_automedicacion":12,"pct_remedios_caseros":36,"pct_viv_desocupada":0,"pct_alquiler":10,"pct_electricidad":90,"pct_sin_electricidad":10,"pct_agua_red":80,"pct_alcantarillado":40,"pct_camara_septica":0,"pct_pozo_ciego":50,"pct_sin_desague":0,"pct_gas_red":0,"pct_gas_garrafa":90,"pct_lena_guano":90,"pct_basura_formal":80,"pct_basura_quema":10,"pct_basura_informal":0,"pct_internet":80,"pct_celular":80,"pct_televisor":80}},{"type":"Feature","geometry":{"type":"Polygon","coordinates":[[[-65.35915,-10.83068],[-65.3583,-10.83109],[-65.3587,-10.83191],[-65.35953,-10.83151],[-65.35915,-10.83068]]]},"properties":{"n":"GUAYARAMERIN","p":65,"personas_x_ha":61,"masculinidad":132,"pct_menor20":51,"pct_60mas":5,"pct_migrante":42,"dependencia_econ":146,"pct_empleados":50,"pct_cuentapropia":38,"pct_agricultura":0,"pct_comercio":38,"pct_manufactura":12,"pct_construccion":4,"pct_transporte":8,"pct_alojamiento":15,"pct_sin_educacion":0,"pct_educ_superior":24,"brecha_educ":-24,"pct_sin_seguro":16,"pct_sus":77,"pct_seguro_privado":0,"brecha_seguro":9,"pct_salud_publica":42,"pct_med_tradicional":0,"pct_automedicacion":10,"pct_remedios_caseros":33,"pct_viv_desocupada":6,"pct_alquiler":19,"pct_electricidad":100,"pct_sin_electricidad":0,"pct_agua_red":94,"pct_alcantarillado":6,"pct_camara_septica":56,"pct_pozo_ciego":19,"pct_sin_desague":0,"pct_gas_red":0,"pct_gas_garrafa":100,"pct_lena_guano":100,"pct_basura_formal":94,"pct_basura_quema":6,"pct_basura_informal":0,"pct_internet":94,"pct_celular":94,"pct_televisor":75}},{"type":"Feature","geometry":{"type":"Polygon","coordinates":[[[-65.36556,-10.82402],[-65.36478,-10.82429],[-65.36521,-10.82525],[-65.36594,-10.82491],[-65.36556,-10.82402]]]},"properties":{"n":"GUAYARAMERIN","p":41,"personas_x_ha":40,"masculinidad":141,"pct_menor20":41,"pct_60mas":12,"pct_migrante":24,"dependencia_econ":156,"pct_empleados":75,"pct_cuentapropia":12,"pct_agricultura":0,"pct_comercio":31,"pct_manufactura":31,"pct_construccion":25,"pct_transporte":0,"pct_alojamiento":0,"pct_sin_educacion":0,"pct_educ_superior":38,"brecha_educ":-18,"pct_sin_seguro":12,"pct_sus":88,"pct_seguro_privado":0,"brecha_seguro":11,"pct_salud_publica":34,"pct_med_tradicional":5,"pct_automedicacion":22,"pct_remedios_caseros":31,"pct_viv_desocupada":0,"pct_alquiler":14,"pct_electricidad":100,"pct_sin_electricidad":0,"pct_agua_red":86,"pct_alcantarillado":14,"pct_camara_septica":57,"pct_pozo_ciego":14,"pct_sin_desague":0,"pct_gas_red":0,"pct_gas_garrafa":100,"pct_lena_guano":100,"pct_basura_formal":57,"pct_basura_quema":43,"pct_basura_informal":0,"pct_internet":71,"pct_celular":100,"pct_televisor":71}},{"type":"Feature","geometry":{"type":"Polygon","coordinates":[[[-65.34496,-10.84045],[-65.34523,-10.83937],[-65.34431,-10.83914],[-65.34403,-10.8402],[-65.34496,-10.84045]]]},"properties":{"n":"GUAYARAMERIN","p":28,"personas_x_ha":22,"masculinidad":75,"pct_menor20":57,"pct_60mas":4,"pct_migrante":18,"dependencia_econ":155,"pct_empleados":55,"pct_cuentapropia":18,"pct_agricultura":9,"pct_comercio":0,"pct_manufactura":18,"pct_construccion":9,"pct_transporte":18,"pct_alojamiento":18,"pct_sin_educacion":0,"pct_educ_superior":8,"brecha_educ":7,"pct_sin_seguro":14,"pct_sus":79,"pct_seguro_privado":0,"brecha_seguro":4,"pct_salud_publica":77,"pct_med_tradicional":0,"pct_automedicacion":3,"pct_remedios_caseros":17,"pct_viv_desocupada":0,"pct_alquiler":12,"pct_electricidad":75,"pct_sin_electricidad":12,"pct_agua_red":75,"pct_alcantarillado":12,"pct_camara_septica":25,"pct_pozo_ciego":50,"pct_sin_desague":12,"pct_gas_red":0,"pct_gas_garrafa":88,"pct_lena_guano":88,"pct_basura_formal":62,"pct_basura_quema":38,"pct_basura_informal":0,"pct_internet":62,"pct_celular":75,"pct_televisor":62}},{"type":"Feature","geometry":{"type":"Polygon","coordinates":[[[-65.35335,-10.83344],[-65.3542,-10.83301],[-65.35379,-10.83222],[-65.35297,-10.83262],[-65.35335,-10.83344]]]},"properties":{"n":"GUAYARAMERIN","p":20,"personas_x_ha":19,"masculinidad":150,"pct_menor20":45,"pct_60mas":15,"pct_migrante":10,"dependencia_econ":300,"pct_empleados":0,"pct_cuentapropia":100,"pct_agricultura":0,"pct_comercio":0,"pct_manufactura":0,"pct_construccion":0,"pct_transporte":33,"pct_alojamiento":67,"pct_sin_educacion":0,"pct_educ_superior":0,"brecha_educ":60,"pct_sin_seguro":11,"pct_sus":89,"pct_seguro_privado":0,"brecha_seguro":20,"pct_salud_publica":56,"pct_med_tradicional":0,"pct_automedicacion":16,"pct_remedios_caseros":12,"pct_viv_desocupada":0,"pct_alquiler":14,"pct_electricidad":100,"pct_sin_electricidad":0,"pct_agua_red":86,"pct_alcantarillado":71,"pct_camara_septica":14,"pct_pozo_ciego":14,"pct_sin_desague":0,"pct_gas_red":0,"pct_gas_garrafa":71,"pct_lena_guano":71,"pct_basura_formal":29,"pct_basura_quema":71,"pct_basura_informal":0,"pct_internet":29,"pct_celular":43,"pct_televisor":14}},{"type":"Feature","geometry":{"type":"Polygon","coordinates":[[[-65.3671,-10.82919],[-65.36664,-10.82939],[-65.36702,-10.83022],[-65.36728,-10.83011],[-65.36739,-10.82982],[-65.3671,-10.82919]]]},"properties":{"n":"GUAYARAMERIN","p":18,"personas_x_ha":33,"masculinidad":80,"pct_menor20":33,"pct_60mas":11,"pct_migrante":39,"dependencia_econ":125,"pct_empleados":0,"pct_cuentapropia":100,"pct_agricultura":0,"pct_comercio":38,"pct_manufactura":25,"pct_construccion":12,"pct_transporte":12,"pct_alojamiento":0,"pct_sin_educacion":0,"pct_educ_superior":8,"brecha_educ":-9,"pct_sin_seguro":6,"pct_sus":94,"pct_seguro_privado":0,"brecha_seguro":-10,"pct_salud_publica":44,"pct_med_tradicional":0,"pct_automedicacion":19,"pct_remedios_caseros":31,"pct_viv_desocupada":0,"pct_alquiler":0,"pct_electricidad":100,"pct_sin_electricidad":0,"pct_agua_red":71,"pct_alcantarillado":29,"pct_camara_septica":29,"pct_pozo_ciego":29,"pct_sin_desague":0,"pct_gas_red":0,"pct_gas_garrafa":100,"pct_lena_guano":100,"pct_basura_formal":57,"pct_basura_quema":43,"pct_basura_informal":0,"pct_internet":86,"pct_celular":100,"pct_televisor":86}},{"type":"Feature","geometry":{"type":"Polygon","coordinates":[[[-65.34414,-10.82445],[-65.34444,-10.82347],[-65.34345,-10.82318],[-65.34317,-10.82414],[-65.34414,-10.82445]]]},"properties":{"n":"GUAYARAMERIN","p":58,"personas_x_ha":46,"masculinidad":66,"pct_menor20":47,"pct_60mas":5,"pct_migrante":22,"dependencia_econ":93,"pct_empleados":40,"pct_cuentapropia":43,"pct_agricultura":7,"pct_comercio":20,"pct_manufactura":10,"pct_construccion":3,"pct_transporte":7,"pct_alojamiento":23,"pct_sin_educacion":6,"pct_educ_superior":24,"brecha_educ":0,"pct_sin_seguro":2,"pct_sus":67,"pct_seguro_privado":0,"brecha_seguro":4,"pct_salud_publica":40,"pct_med_tradicional":9,"pct_automedicacion":5,"pct_remedios_caseros":22,"pct_viv_desocupada":0,"pct_alquiler":14,"pct_electricidad":100,"pct_sin_electricidad":0,"pct_agua_red":93,"pct_alcantarillado":7,"pct_camara_septica":36,"pct_pozo_ciego":50,"pct_sin_desague":0,"pct_gas_red":0,"pct_gas_garrafa":93,"pct_lena_guano":93,"pct_basura_formal":100,"pct_basura_quema":0,"pct_basura_informal":0,"pct_internet":100,"pct_celular":100,"pct_televisor":71}},{"type":"Feature","geometry":{"type":"Polygon","coordinates":[[[-65.36307,-10.83099],[-65.36267,-10.83009],[-65.3618,-10.83054],[-65.36221,-10.83136],[-65.36307,-10.83099]]]},"properties":{"n":"GUAYARAMERIN","p":31,"personas_x_ha":27,"masculinidad":121,"pct_menor20":39,"pct_60mas":10,"pct_migrante":32,"dependencia_econ":107,"pct_empleados":33,"pct_cuentapropia":53,"pct_agricultura":13,"pct_comercio":33,"pct_manufactura":0,"pct_construccion":7,"pct_transporte":7,"pct_alojamiento":13,"pct_sin_educacion":0,"pct_educ_superior":21,"brecha_educ":-7,"pct_sin_seguro":19,"pct_sus":74,"pct_seguro_privado":0,"brecha_seguro":9,"pct_salud_publica":41,"pct_med_tradicional":4,"pct_automedicacion":16,"pct_remedios_caseros":23,"pct_viv_desocupada":0,"pct_alquiler":0,"pct_electricidad":88,"pct_sin_electricidad":12,"pct_agua_red":62,"pct_alcantarillado":12,"pct_camara_septica":12,"pct_pozo_ciego":50,"pct_sin_desague":0,"pct_gas_red":0,"pct_gas_garrafa":88,"pct_lena_guano":88,"pct_basura_formal":100,"pct_basura_quema":0,"pct_basura_informal":0,"pct_internet":62,"pct_celular":75,"pct_televisor":75}},{"type":"Feature","geometry":{"type":"Polygon","coordinates":[[[-65.36608,-10.82948],[-65.3657,-10.82862],[-65.36494,-10.82904],[-65.36534,-10.82984],[-65.36608,-10.82948]]]},"properties":{"n":"GUAYARAMERIN","p":76,"personas_x_ha":77,"masculinidad":95,"pct_menor20":26,"pct_60mas":13,"pct_migrante":24,"dependencia_econ":179,"pct_empleados":21,"pct_cuentapropia":46,"pct_agricultura":8,"pct_comercio":12,"pct_manufactura":25,"pct_construccion":17,"pct_transporte":8,"pct_alojamiento":12,"pct_sin_educacion":4,"pct_educ_superior":18,"brecha_educ":0,"pct_sin_seguro":12,"pct_sus":76,"pct_seguro_privado":0,"brecha_seguro":-1,"pct_salud_publica":66,"pct_med_tradicional":2,"pct_automedicacion":7,"pct_remedios_caseros":12,"pct_viv_desocupada":10,"pct_alquiler":16,"pct_electricidad":95,"pct_sin_electricidad":5,"pct_agua_red":100,"pct_alcantarillado":58,"pct_camara_septica":11,"pct_pozo_ciego":21,"pct_sin_desague":5,"pct_gas_red":0,"pct_gas_garrafa":100,"pct_lena_guano":100,"pct_basura_formal":100,"pct_basura_quema":0,"pct_basura_informal":0,"pct_internet":63,"pct_celular":79,"pct_televisor":47}},{"type":"Feature","geometry":{"type":"Polygon","coordinates":[[[-65.34704,-10.83297],[-65.34608,-10.83273],[-65.34594,-10.83325],[-65.34688,-10.83352],[-65.34704,-10.83297]]]},"properties":{"n":"GUAYARAMERIN","p":44,"personas_x_ha":64,"masculinidad":91,"pct_menor20":39,"pct_60mas":7,"pct_migrante":50,"dependencia_econ":121,"pct_empleados":32,"pct_cuentapropia":53,"pct_agricultura":0,"pct_comercio":37,"pct_manufactura":5,"pct_construccion":5,"pct_transporte":0,"pct_alojamiento":5,"pct_sin_educacion":0,"pct_educ_superior":40,"brecha_educ":-1,"pct_sin_seguro":5,"pct_sus":95,"pct_seguro_privado":0,"brecha_seguro":10,"pct_salud_publica":34,"pct_med_tradicional":9,"pct_automedicacion":22,"pct_remedios_caseros":20,"pct_viv_desocupada":6,"pct_alquiler":38,"pct_electricidad":100,"pct_sin_electricidad":0,"pct_agua_red":100,"pct_alcantarillado":0,"pct_camara_septica":31,"pct_pozo_ciego":62,"pct_sin_desague":0,"pct_gas_red":38,"pct_gas_garrafa":62,"pct_lena_guano":62,"pct_basura_formal":100,"pct_basura_quema":0,"pct_basura_informal":0,"pct_internet":100,"pct_celular":100,"pct_televisor":69}},{"type":"Feature","geometry":{"type":"Polygon","coordinates":[[[-65.35341,-10.83905],[-65.35429,-10.83864],[-65.3539,-10.83785],[-65.35303,-10.83825],[-65.35341,-10.83905]]]},"properties":{"n":"GUAYARAMERIN","p":84,"personas_x_ha":79,"masculinidad":79,"pct_menor20":48,"pct_60mas":4,"pct_migrante":26,"dependencia_econ":127,"pct_empleados":30,"pct_cuentapropia":57,"pct_agricultura":8,"pct_comercio":19,"pct_manufactura":16,"pct_construccion":22,"pct_transporte":16,"pct_alojamiento":3,"pct_sin_educacion":0,"pct_educ_superior":30,"brecha_educ":-2,"pct_sin_seguro":6,"pct_sus":90,"pct_seguro_privado":2,"brecha_seguro":4,"pct_salud_publica":41,"pct_med_tradicional":0,"pct_automedicacion":11,"pct_remedios_caseros":32,"pct_viv_desocupada":0,"pct_alquiler":14,"pct_electricidad":100,"pct_sin_electricidad":0,"pct_agua_red":76,"pct_alcantarillado":14,"pct_camara_septica":29,"pct_pozo_ciego":38,"pct_sin_desague":5,"pct_gas_red":0,"pct_gas_garrafa":90,"pct_lena_guano":90,"pct_basura_formal":100,"pct_basura_quema":0,"pct_basura_informal":0,"pct_internet":76,"pct_celular":81,"pct_televisor":67}},{"type":"Feature","geometry":{"type":"Polygon","coordinates":[[[-65.34824,-10.82081],[-65.34882,-10.81886],[-65.34801,-10.81862],[-65.34796,-10.81879],[-65.34806,-10.81883],[-65.34752,-10.8206],[-65.34824,-10.82081]]]},"properties":{"n":"GUAYARAMERIN","p":54,"personas_x_ha":29,"masculinidad":80,"pct_menor20":39,"pct_60mas":2,"pct_migrante":31,"dependencia_econ":116,"pct_empleados":32,"pct_cuentapropia":60,"pct_agricultura":12,"pct_comercio":20,"pct_manufactura":16,"pct_construccion":8,"pct_transporte":16,"pct_alojamiento":4,"pct_sin_educacion":0,"pct_educ_superior":24,"brecha_educ":-21,"pct_sin_seguro":6,"pct_sus":83,"pct_seguro_privado":0,"brecha_seguro":12,"pct_salud_publica":27,"pct_med_tradicional":5,"pct_automedicacion":15,"pct_remedios_caseros":21,"pct_viv_desocupada":0,"pct_alquiler":8,"pct_electricidad":100,"pct_sin_electricidad":0,"pct_agua_red":100,"pct_alcantarillado":54,"pct_camara_septica":38,"pct_pozo_ciego":0,"pct_sin_desague":8,"pct_gas_red":8,"pct_gas_garrafa":85,"pct_lena_guano":85,"pct_basura_formal":100,"pct_basura_quema":0,"pct_basura_informal":0,"pct_internet":77,"pct_celular":85,"pct_televisor":85}},{"type":"Feature","geometry":{"type":"Polygon","coordinates":[[[-65.3514,-10.84977],[-65.35221,-10.84936],[-65.35182,-10.84855],[-65.351,-10.84894],[-65.3514,-10.84977]]]},"properties":{"n":"GUAYARAMERIN","p":30,"personas_x_ha":30,"masculinidad":114,"pct_menor20":40,"pct_60mas":3,"pct_migrante":7,"dependencia_econ":150,"pct_empleados":17,"pct_cuentapropia":58,"pct_agricultura":42,"pct_comercio":25,"pct_manufactura":0,"pct_construccion":8,"pct_transporte":0,"pct_alojamiento":17,"pct_sin_educacion":0,"pct_educ_superior":6,"brecha_educ":3,"pct_sin_seguro":31,"pct_sus":69,"pct_seguro_privado":0,"brecha_seguro":28,"pct_salud_publica":88,"pct_med_tradicional":0,"pct_automedicacion":6,"pct_remedios_caseros":6,"pct_viv_desocupada":0,"pct_alquiler":0,"pct_electricidad":86,"pct_sin_electricidad":14,"pct_agua_red":0,"pct_alcantarillado":0,"pct_camara_septica":0,"pct_pozo_ciego":14,"pct_sin_desague":0,"pct_gas_red":0,"pct_gas_garrafa":100,"pct_lena_guano":100,"pct_basura_formal":43,"pct_basura_quema":57,"pct_basura_informal":0,"pct_internet":29,"pct_celular":43,"pct_televisor":71}},{"type":"Feature","geometry":{"type":"Polygon","coordinates":[[[-65.36233,-10.8097],[-65.36187,-10.80895],[-65.36148,-10.80915],[-65.36194,-10.80993],[-65.36233,-10.8097]]]},"properties":{"n":"GUAYARAMERIN","p":52,"personas_x_ha":101,"masculinidad":93,"pct_menor20":33,"pct_60mas":12,"pct_migrante":21,"dependencia_econ":117,"pct_empleados":54,"pct_cuentapropia":29,"pct_agricultura":12,"pct_comercio":0,"pct_manufactura":4,"pct_construccion":12,"pct_transporte":0,"pct_alojamiento":21,"pct_sin_educacion":0,"pct_educ_superior":22,"brecha_educ":-6,"pct_sin_seguro":22,"pct_sus":76,"pct_seguro_privado":0,"brecha_seguro":-1,"pct_salud_publica":34,"pct_med_tradicional":3,"pct_automedicacion":18,"pct_remedios_caseros":33,"pct_viv_desocupada":24,"pct_alquiler":8,"pct_electricidad":100,"pct_sin_electricidad":0,"pct_agua_red":100,"pct_alcantarillado":8,"pct_camara_septica":46,"pct_pozo_ciego":46,"pct_sin_desague":0,"pct_gas_red":0,"pct_gas_garrafa":100,"pct_lena_guano":100,"pct_basura_formal":100,"pct_basura_quema":0,"pct_basura_informal":0,"pct_internet":92,"pct_celular":100,"pct_televisor":62}},{"type":"Feature","geometry":{"type":"Polygon","coordinates":[[[-65.35207,-10.80898],[-65.35123,-10.80937],[-65.35165,-10.81023],[-65.35247,-10.80981],[-65.35207,-10.80898]]]},"properties":{"n":"GUAYARAMERIN","p":39,"personas_x_ha":36,"masculinidad":86,"pct_menor20":28,"pct_60mas":31,"pct_migrante":31,"dependencia_econ":255,"pct_empleados":27,"pct_cuentapropia":45,"pct_agricultura":0,"pct_comercio":0,"pct_manufactura":18,"pct_construccion":0,"pct_transporte":9,"pct_alojamiento":9,"pct_sin_educacion":0,"pct_educ_superior":39,"brecha_educ":9,"pct_sin_seguro":18,"pct_sus":69,"pct_seguro_privado":3,"brecha_seguro":8,"pct_salud_publica":48,"pct_med_tradicional":4,"pct_automedicacion":7,"pct_remedios_caseros":4,"pct_viv_desocupada":7,"pct_alquiler":25,"pct_electricidad":100,"pct_sin_electricidad":0,"pct_agua_red":75,"pct_alcantarillado":92,"pct_camara_septica":8,"pct_pozo_ciego":0,"pct_sin_desague":0,"pct_gas_red":0,"pct_gas_garrafa":100,"pct_lena_guano":100,"pct_basura_formal":100,"pct_basura_quema":0,"pct_basura_informal":0,"pct_internet":92,"pct_celular":92,"pct_televisor":83}},{"type":"Feature","geometry":{"type":"Polygon","coordinates":[[[-65.3523,-10.82914],[-65.35188,-10.82829],[-65.35105,-10.8287],[-65.35144,-10.82956],[-65.3523,-10.82914]]]},"properties":{"n":"GUAYARAMERIN","p":79,"personas_x_ha":71,"masculinidad":98,"pct_menor20":42,"pct_60mas":9,"pct_migrante":25,"dependencia_econ":160,"pct_empleados":33,"pct_cuentapropia":40,"pct_agricultura":3,"pct_comercio":47,"pct_manufactura":10,"pct_construccion":3,"pct_transporte":7,"pct_alojamiento":7,"pct_sin_educacion":0,"pct_educ_superior":18,"brecha_educ":14,"pct_sin_seguro":18,"pct_sus":78,"pct_seguro_privado":0,"brecha_seguro":6,"pct_salud_publica":83,"pct_med_tradicional":0,"pct_automedicacion":2,"pct_remedios_caseros":7,"pct_viv_desocupada":0,"pct_alquiler":11,"pct_electricidad":100,"pct_sin_electricidad":0,"pct_agua_red":95,"pct_alcantarillado":5,"pct_camara_septica":47,"pct_pozo_ciego":37,"pct_sin_desague":0,"pct_gas_red":11,"pct_gas_garrafa":84,"pct_lena_guano":84,"pct_basura_formal":95,"pct_basura_quema":0,"pct_basura_informal":11,"pct_internet":42,"pct_celular":58,"pct_televisor":89}},{"type":"Feature","geometry":{"type":"Polygon","coordinates":[[[-65.36342,-10.8392],[-65.36255,-10.83958],[-65.36294,-10.84045],[-65.36381,-10.84004],[-65.36342,-10.8392]]]},"properties":{"n":"GUAYARAMERIN","p":70,"personas_x_ha":62,"masculinidad":100,"pct_menor20":46,"pct_60mas":4,"pct_migrante":26,"dependencia_econ":119,"pct_empleados":53,"pct_cuentapropia":31,"pct_agricultura":6,"pct_comercio":22,"pct_manufactura":9,"pct_construccion":12,"pct_transporte":6,"pct_alojamiento":12,"pct_sin_educacion":0,"pct_educ_superior":35,"brecha_educ":-20,"pct_sin_seguro":9,"pct_sus":81,"pct_seguro_privado":9,"brecha_seguro":11,"pct_salud_publica":29,"pct_med_tradicional":18,"pct_automedicacion":18,"pct_remedios_caseros":18,"pct_viv_desocupada":6,"pct_alquiler":19,"pct_electricidad":100,"pct_sin_electricidad":0,"pct_agua_red":88,"pct_alcantarillado":6,"pct_camara_septica":81,"pct_pozo_ciego":6,"pct_sin_desague":6,"pct_gas_red":0,"pct_gas_garrafa":81,"pct_lena_guano":81,"pct_basura_formal":88,"pct_basura_quema":12,"pct_basura_informal":0,"pct_internet":100,"pct_celular":94,"pct_televisor":88}},{"type":"Feature","geometry":{"type":"Polygon","coordinates":[[[-65.34528,-10.83516],[-65.34545,-10.83461],[-65.34455,-10.83437],[-65.34439,-10.83492],[-65.34528,-10.83516]]]},"properties":{"n":"GUAYARAMERIN","p":34,"personas_x_ha":52,"masculinidad":79,"pct_menor20":38,"pct_60mas":12,"pct_migrante":24,"dependencia_econ":127,"pct_empleados":53,"pct_cuentapropia":27,"pct_agricultura":27,"pct_comercio":13,"pct_manufactura":7,"pct_construccion":7,"pct_transporte":13,"pct_alojamiento":0,"pct_sin_educacion":0,"pct_educ_superior":24,"brecha_educ":-22,"pct_sin_seguro":6,"pct_sus":71,"pct_seguro_privado":0,"brecha_seguro":-11,"pct_salud_publica":27,"pct_med_tradicional":6,"pct_automedicacion":19,"pct_remedios_caseros":34,"pct_viv_desocupada":18,"pct_alquiler":11,"pct_electricidad":100,"pct_sin_electricidad":0,"pct_agua_red":89,"pct_alcantarillado":44,"pct_camara_septica":11,"pct_pozo_ciego":22,"pct_sin_desague":11,"pct_gas_red":0,"pct_gas_garrafa":100,"pct_lena_guano":100,"pct_basura_formal":100,"pct_basura_quema":0,"pct_basura_informal":0,"pct_internet":78,"pct_celular":78,"pct_televisor":56}},{"type":"Feature","geometry":{"type":"Polygon","coordinates":[[[-65.37138,-10.80023],[-65.37107,-10.80038],[-65.37148,-10.80115],[-65.37178,-10.80099],[-65.37138,-10.80023]]]},"properties":{"n":"GUAYARAMERIN","p":58,"personas_x_ha":162,"masculinidad":81,"pct_menor20":48,"pct_60mas":7,"pct_migrante":22,"dependencia_econ":176,"pct_empleados":33,"pct_cuentapropia":57,"pct_agricultura":10,"pct_comercio":24,"pct_manufactura":5,"pct_construccion":5,"pct_transporte":14,"pct_alojamiento":19,"pct_sin_educacion":6,"pct_educ_superior":12,"brecha_educ":-19,"pct_sin_seguro":7,"pct_sus":77,"pct_seguro_privado":0,"brecha_seguro":8,"pct_salud_publica":52,"pct_med_tradicional":0,"pct_automedicacion":10,"pct_remedios_caseros":19,"pct_viv_desocupada":0,"pct_alquiler":0,"pct_electricidad":100,"pct_sin_electricidad":0,"pct_agua_red":100,"pct_alcantarillado":8,"pct_camara_septica":85,"pct_pozo_ciego":8,"pct_sin_desague":0,"pct_gas_red":0,"pct_gas_garrafa":85,"pct_lena_guano":85,"pct_basura_formal":100,"pct_basura_quema":0,"pct_basura_informal":0,"pct_internet":77,"pct_celular":77,"pct_televisor":46}},{"type":"Feature","geometry":{"type":"Polygon","coordinates":[[[-65.34124,-10.82638],[-65.34111,-10.82678],[-65.3421,-10.82708],[-65.34221,-10.82667],[-65.34124,-10.82638]]]},"properties":{"n":"GUAYARAMERIN","p":28,"personas_x_ha":51,"masculinidad":133,"pct_menor20":50,"pct_60mas":14,"pct_migrante":36,"dependencia_econ":250,"pct_empleados":50,"pct_cuentapropia":25,"pct_agricultura":12,"pct_comercio":12,"pct_manufactura":25,"pct_construccion":25,"pct_transporte":0,"pct_alojamiento":0,"pct_sin_educacion":7,"pct_educ_superior":0,"brecha_educ":24,"pct_sin_seguro":4,"pct_sus":96,"pct_seguro_privado":0,"brecha_seguro":6,"pct_salud_publica":34,"pct_med_tradicional":1,"pct_automedicacion":31,"pct_remedios_caseros":30,"pct_viv_desocupada":10,"pct_alquiler":0,"pct_electricidad":89,"pct_sin_electricidad":11,"pct_agua_red":44,"pct_alcantarillado":0,"pct_camara_septica":0,"pct_pozo_ciego":56,"pct_sin_desague":11,"pct_gas_red":0,"pct_gas_garrafa":44,"pct_lena_guano":44,"pct_basura_formal":67,"pct_basura_quema":33,"pct_basura_informal":0,"pct_internet":44,"pct_celular":44,"pct_televisor":44}},{"type":"Feature","geometry":{"type":"Polygon","coordinates":[[[-65.34959,-10.82591],[-65.34915,-10.82508],[-65.3485,-10.82548],[-65.34841,-10.82582],[-65.3487,-10.82638],[-65.34959,-10.82591]]]},"properties":{"n":"GUAYARAMERIN","p":44,"personas_x_ha":40,"masculinidad":110,"pct_menor20":30,"pct_60mas":7,"pct_migrante":41,"dependencia_econ":58,"pct_empleados":69,"pct_cuentapropia":15,"pct_agricultura":23,"pct_comercio":15,"pct_manufactura":0,"pct_construccion":4,"pct_transporte":0,"pct_alojamiento":8,"pct_sin_educacion":0,"pct_educ_superior":52,"brecha_educ":-8,"pct_sin_seguro":10,"pct_sus":59,"pct_seguro_privado":5,"brecha_seguro":8,"pct_salud_publica":28,"pct_med_tradicional":8,"pct_automedicacion":13,"pct_remedios_caseros":18,"pct_viv_desocupada":0,"pct_alquiler":0,"pct_electricidad":100,"pct_sin_electricidad":0,"pct_agua_red":75,"pct_alcantarillado":0,"pct_camara_septica":83,"pct_pozo_ciego":17,"pct_sin_desague":0,"pct_gas_red":0,"pct_gas_garrafa":92,"pct_lena_guano":92,"pct_basura_formal":92,"pct_basura_quema":8,"pct_basura_informal":0,"pct_internet":83,"pct_celular":100,"pct_televisor":75}},{"type":"Feature","geometry":{"type":"Polygon","coordinates":[[[-65.34885,-10.83069],[-65.34839,-10.83055],[-65.34884,-10.83073],[-65.34854,-10.83166],[-65.34765,-10.83142],[-65.34807,-10.82991],[-65.349,-10.83019],[-65.34885,-10.83069]]]},"properties":{"n":"GUAYARAMERIN","p":121,"personas_x_ha":66,"masculinidad":92,"pct_menor20":45,"pct_60mas":5,"pct_migrante":29,"dependencia_econ":138,"pct_empleados":18,"pct_cuentapropia":66,"pct_agricultura":2,"pct_comercio":24,"pct_manufactura":22,"pct_construccion":14,"pct_transporte":12,"pct_alojamiento":12,"pct_sin_educacion":0,"pct_educ_superior":18,"brecha_educ":-3,"pct_sin_seguro":26,"pct_sus":65,"pct_seguro_privado":4,"brecha_seguro":13,"pct_salud_publica":36,"pct_med_tradicional":3,"pct_automedicacion":20,"pct_remedios_caseros":28,"pct_viv_desocupada":3,"pct_alquiler":9,"pct_electricidad":100,"pct_sin_electricidad":0,"pct_agua_red":94,"pct_alcantarillado":3,"pct_camara_septica":66,"pct_pozo_ciego":25,"pct_sin_desague":0,"pct_gas_red":6,"pct_gas_garrafa":78,"pct_lena_guano":78,"pct_basura_formal":100,"pct_basura_quema":0,"pct_basura_informal":0,"pct_internet":66,"pct_celular":75,"pct_televisor":75}},{"type":"Feature","geometry":{"type":"Polygon","coordinates":[[[-65.35018,-10.83052],[-65.3496,-10.83197],[-65.34868,-10.83165],[-65.34912,-10.83023],[-65.35018,-10.83052]]]},"properties":{"n":"GUAYARAMERIN","p":139,"personas_x_ha":70,"masculinidad":85,"pct_menor20":37,"pct_60mas":13,"pct_migrante":32,"dependencia_econ":118,"pct_empleados":39,"pct_cuentapropia":24,"pct_agricultura":13,"pct_comercio":19,"pct_manufactura":6,"pct_construccion":3,"pct_transporte":3,"pct_alojamiento":11,"pct_sin_educacion":1,"pct_educ_superior":27,"brecha_educ":2,"pct_sin_seguro":7,"pct_sus":89,"pct_seguro_privado":0,"brecha_seguro":3,"pct_salud_publica":58,"pct_med_tradicional":4,"pct_automedicacion":10,"pct_remedios_caseros":12,"pct_viv_desocupada":3,"pct_alquiler":6,"pct_electricidad":100,"pct_sin_electricidad":0,"pct_agua_red":82,"pct_alcantarillado":6,"pct_camara_septica":55,"pct_pozo_ciego":18,"pct_sin_desague":0,"pct_gas_red":0,"pct_gas_garrafa":100,"pct_lena_guano":100,"pct_basura_formal":100,"pct_basura_quema":0,"pct_basura_informal":0,"pct_internet":79,"pct_celular":79,"pct_televisor":48}},{"type":"Feature","geometry":{"type":"Polygon","coordinates":[[[-65.36303,-10.80834],[-65.36294,-10.8083],[-65.36238,-10.80861],[-65.36289,-10.80944],[-65.36343,-10.80912],[-65.36303,-10.80834]]]},"properties":{"n":"GUAYARAMERIN","p":28,"personas_x_ha":35,"masculinidad":87,"pct_menor20":43,"pct_60mas":4,"pct_migrante":25,"dependencia_econ":133,"pct_empleados":50,"pct_cuentapropia":25,"pct_agricultura":25,"pct_comercio":0,"pct_manufactura":8,"pct_construccion":17,"pct_transporte":8,"pct_alojamiento":0,"pct_sin_educacion":0,"pct_educ_superior":41,"brecha_educ":1,"pct_sin_seguro":11,"pct_sus":79,"pct_seguro_privado":0,"brecha_seguro":9,"pct_salud_publica":53,"pct_med_tradicional":4,"pct_automedicacion":11,"pct_remedios_caseros":9,"pct_viv_desocupada":0,"pct_alquiler":0,"pct_electricidad":100,"pct_sin_electricidad":0,"pct_agua_red":86,"pct_alcantarillado":0,"pct_camara_septica":71,"pct_pozo_ciego":29,"pct_sin_desague":0,"pct_gas_red":0,"pct_gas_garrafa":100,"pct_lena_guano":100,"pct_basura_formal":100,"pct_basura_quema":0,"pct_basura_informal":0,"pct_internet":100,"pct_celular":100,"pct_televisor":100}},{"type":"Feature","geometry":{"type":"Polygon","coordinates":[[[-65.35216,-10.83632],[-65.35257,-10.83716],[-65.35341,-10.83675],[-65.35301,-10.83593],[-65.35216,-10.83632]]]},"properties":{"n":"GUAYARAMERIN","p":56,"personas_x_ha":53,"masculinidad":115,"pct_menor20":54,"pct_60mas":2,"pct_migrante":7,"dependencia_econ":242,"pct_empleados":58,"pct_cuentapropia":17,"pct_agricultura":17,"pct_comercio":0,"pct_manufactura":8,"pct_construccion":0,"pct_transporte":17,"pct_alojamiento":8,"pct_sin_educacion":0,"pct_educ_superior":33,"brecha_educ":18,"pct_sin_seguro":0,"pct_sus":83,"pct_seguro_privado":0,"brecha_seguro":0,"pct_salud_publica":47,"pct_med_tradicional":0,"pct_automedicacion":15,"pct_remedios_caseros":30,"pct_viv_desocupada":25,"pct_alquiler":9,"pct_electricidad":91,"pct_sin_electricidad":9,"pct_agua_red":27,"pct_alcantarillado":9,"pct_camara_septica":64,"pct_pozo_ciego":18,"pct_sin_desague":0,"pct_gas_red":0,"pct_gas_garrafa":91,"pct_lena_guano":91,"pct_basura_formal":91,"pct_basura_quema":9,"pct_basura_informal":0,"pct_internet":73,"pct_celular":82,"pct_televisor":82}},{"type":"Feature","geometry":{"type":"Polygon","coordinates":[[[-65.35239,-10.82681],[-65.35154,-10.82724],[-65.35116,-10.82644],[-65.35203,-10.826],[-65.35239,-10.82681]]]},"properties":{"n":"GUAYARAMERIN","p":85,"personas_x_ha":78,"masculinidad":124,"pct_menor20":49,"pct_60mas":12,"pct_migrante":28,"dependencia_econ":143,"pct_empleados":29,"pct_cuentapropia":46,"pct_agricultura":6,"pct_comercio":14,"pct_manufactura":26,"pct_construccion":14,"pct_transporte":11,"pct_alojamiento":3,"pct_sin_educacion":2,"pct_educ_superior":30,"brecha_educ":5,"pct_sin_seguro":5,"pct_sus":86,"pct_seguro_privado":1,"brecha_seguro":4,"pct_salud_publica":55,"pct_med_tradicional":4,"pct_automedicacion":8,"pct_remedios_caseros":16,"pct_viv_desocupada":4,"pct_alquiler":5,"pct_electricidad":100,"pct_sin_electricidad":0,"pct_agua_red":85,"pct_alcantarillado":50,"pct_camara_septica":15,"pct_pozo_ciego":25,"pct_sin_desague":5,"pct_gas_red":30,"pct_gas_garrafa":65,"pct_lena_guano":65,"pct_basura_formal":100,"pct_basura_quema":0,"pct_basura_informal":0,"pct_internet":80,"pct_celular":80,"pct_televisor":65}},{"type":"Feature","geometry":{"type":"Polygon","coordinates":[[[-65.35725,-10.83148],[-65.35813,-10.83105],[-65.3577,-10.83019],[-65.35684,-10.83063],[-65.35725,-10.83148]]]},"properties":{"n":"GUAYARAMERIN","p":39,"personas_x_ha":34,"masculinidad":62,"pct_menor20":38,"pct_60mas":10,"pct_migrante":56,"dependencia_econ":144,"pct_empleados":12,"pct_cuentapropia":38,"pct_agricultura":12,"pct_comercio":19,"pct_manufactura":25,"pct_construccion":6,"pct_transporte":0,"pct_alojamiento":6,"pct_sin_educacion":0,"pct_educ_superior":38,"brecha_educ":-8,"pct_sin_seguro":17,"pct_sus":53,"pct_seguro_privado":28,"brecha_seguro":12,"pct_salud_publica":54,"pct_med_tradicional":2,"pct_automedicacion":0,"pct_remedios_caseros":0,"pct_viv_desocupada":0,"pct_alquiler":14,"pct_electricidad":100,"pct_sin_electricidad":0,"pct_agua_red":100,"pct_alcantarillado":43,"pct_camara_septica":29,"pct_pozo_ciego":14,"pct_sin_desague":14,"pct_gas_red":0,"pct_gas_garrafa":100,"pct_lena_guano":100,"pct_basura_formal":100,"pct_basura_quema":0,"pct_basura_informal":0,"pct_internet":43,"pct_celular":57,"pct_televisor":71}},{"type":"Feature","geometry":{"type":"Polygon","coordinates":[[[-65.34889,-10.83489],[-65.34872,-10.8354],[-65.34968,-10.83564],[-65.34981,-10.83514],[-65.34889,-10.83489]]]},"properties":{"n":"GUAYARAMERIN","p":42,"personas_x_ha":65,"masculinidad":100,"pct_menor20":50,"pct_60mas":12,"pct_migrante":33,"dependencia_econ":171,"pct_empleados":7,"pct_cuentapropia":57,"pct_agricultura":14,"pct_comercio":14,"pct_manufactura":0,"pct_construccion":14,"pct_transporte":14,"pct_alojamiento":0,"pct_sin_educacion":0,"pct_educ_superior":16,"brecha_educ":-3,"pct_sin_seguro":0,"pct_sus":100,"pct_seguro_privado":0,"brecha_seguro":0,"pct_salud_publica":42,"pct_med_tradicional":0,"pct_automedicacion":14,"pct_remedios_caseros":33,"pct_viv_desocupada":7,"pct_alquiler":23,"pct_electricidad":85,"pct_sin_electricidad":8,"pct_agua_red":69,"pct_alcantarillado":8,"pct_camara_septica":23,"pct_pozo_ciego":69,"pct_sin_desague":0,"pct_gas_red":0,"pct_gas_garrafa":77,"pct_lena_guano":77,"pct_basura_formal":85,"pct_basura_quema":15,"pct_basura_informal":0,"pct_internet":31,"pct_celular":54,"pct_televisor":69}},{"type":"Feature","geometry":{"type":"Polygon","coordinates":[[[-65.36886,-10.81157],[-65.36858,-10.81107],[-65.36793,-10.81131],[-65.36818,-10.81177],[-65.36886,-10.81157]]]},"properties":{"n":"GUAYARAMERIN","p":24,"personas_x_ha":49,"masculinidad":167,"pct_menor20":38,"pct_60mas":8,"pct_migrante":21,"dependencia_econ":60,"pct_empleados":20,"pct_cuentapropia":47,"pct_agricultura":0,"pct_comercio":33,"pct_manufactura":27,"pct_construccion":20,"pct_transporte":0,"pct_alojamiento":7,"pct_sin_educacion":0,"pct_educ_superior":13,"brecha_educ":-10,"pct_sin_seguro":9,"pct_sus":91,"pct_seguro_privado":0,"brecha_seguro":14,"pct_salud_publica":69,"pct_med_tradicional":3,"pct_automedicacion":3,"pct_remedios_caseros":26,"pct_viv_desocupada":25,"pct_alquiler":0,"pct_electricidad":67,"pct_sin_electricidad":22,"pct_agua_red":44,"pct_alcantarillado":0,"pct_camara_septica":56,"pct_pozo_ciego":11,"pct_sin_desague":0,"pct_gas_red":0,"pct_gas_garrafa":100,"pct_lena_guano":100,"pct_basura_formal":78,"pct_basura_quema":22,"pct_basura_informal":0,"pct_internet":56,"pct_celular":56,"pct_televisor":22}},{"type":"Feature","geometry":{"type":"Polygon","coordinates":[[[-65.34897,-10.83419],[-65.34804,-10.83393],[-65.34789,-10.83447],[-65.34881,-10.83474],[-65.34897,-10.83419]]]},"properties":{"n":"GUAYARAMERIN","p":48,"personas_x_ha":72,"masculinidad":92,"pct_menor20":50,"pct_60mas":2,"pct_migrante":19,"dependencia_econ":200,"pct_empleados":33,"pct_cuentapropia":27,"pct_agricultura":13,"pct_comercio":13,"pct_manufactura":7,"pct_construccion":20,"pct_transporte":7,"pct_alojamiento":7,"pct_sin_educacion":4,"pct_educ_superior":17,"brecha_educ":-9,"pct_sin_seguro":16,"pct_sus":75,"pct_seguro_privado":5,"brecha_seguro":17,"pct_salud_publica":40,"pct_med_tradicional":2,"pct_automedicacion":9,"pct_remedios_caseros":26,"pct_viv_desocupada":0,"pct_alquiler":20,"pct_electricidad":90,"pct_sin_electricidad":10,"pct_agua_red":70,"pct_alcantarillado":30,"pct_camara_septica":30,"pct_pozo_ciego":40,"pct_sin_desague":0,"pct_gas_red":20,"pct_gas_garrafa":70,"pct_lena_guano":70,"pct_basura_formal":100,"pct_basura_quema":0,"pct_basura_informal":0,"pct_internet":60,"pct_celular":70,"pct_televisor":60}},{"type":"Feature","geometry":{"type":"Polygon","coordinates":[[[-65.34465,-10.83784],[-65.34449,-10.83841],[-65.34543,-10.83867],[-65.34556,-10.83809],[-65.34465,-10.83784]]]},"properties":{"n":"GUAYARAMERIN","p":56,"personas_x_ha":81,"masculinidad":115,"pct_menor20":50,"pct_60mas":5,"pct_migrante":36,"dependencia_econ":229,"pct_empleados":35,"pct_cuentapropia":35,"pct_agricultura":18,"pct_comercio":18,"pct_manufactura":24,"pct_construccion":0,"pct_transporte":6,"pct_alojamiento":6,"pct_sin_educacion":0,"pct_educ_superior":28,"brecha_educ":-2,"pct_sin_seguro":14,"pct_sus":82,"pct_seguro_privado":4,"brecha_seguro":-2,"pct_salud_publica":39,"pct_med_tradicional":5,"pct_automedicacion":10,"pct_remedios_caseros":32,"pct_viv_desocupada":12,"pct_alquiler":8,"pct_electricidad":100,"pct_sin_electricidad":0,"pct_agua_red":100,"pct_alcantarillado":8,"pct_camara_septica":33,"pct_pozo_ciego":50,"pct_sin_desague":0,"pct_gas_red":0,"pct_gas_garrafa":75,"pct_lena_guano":75,"pct_basura_formal":100,"pct_basura_quema":0,"pct_basura_informal":0,"pct_internet":83,"pct_celular":100,"pct_televisor":67}},{"type":"Feature","geometry":{"type":"Polygon","coordinates":[[[-65.36241,-10.83716],[-65.36195,-10.83632],[-65.3611,-10.83673],[-65.36155,-10.83761],[-65.36241,-10.83716]]]},"properties":{"n":"GUAYARAMERIN","p":34,"personas_x_ha":29,"masculinidad":112,"pct_menor20":47,"pct_60mas":6,"pct_migrante":41,"dependencia_econ":175,"pct_empleados":42,"pct_cuentapropia":50,"pct_agricultura":0,"pct_comercio":33,"pct_manufactura":8,"pct_construccion":17,"pct_transporte":0,"pct_alojamiento":0,"pct_sin_educacion":0,"pct_educ_superior":42,"brecha_educ":0,"pct_sin_seguro":27,"pct_sus":52,"pct_seguro_privado":0,"brecha_seguro":1,"pct_salud_publica":68,"pct_med_tradicional":0,"pct_automedicacion":3,"pct_remedios_caseros":0,"pct_viv_desocupada":17,"pct_alquiler":50,"pct_electricidad":100,"pct_sin_electricidad":0,"pct_agua_red":90,"pct_alcantarillado":50,"pct_camara_septica":40,"pct_pozo_ciego":10,"pct_sin_desague":0,"pct_gas_red":0,"pct_gas_garrafa":90,"pct_lena_guano":90,"pct_basura_formal":80,"pct_basura_quema":20,"pct_basura_informal":0,"pct_internet":60,"pct_celular":90,"pct_televisor":60}},{"type":"Feature","geometry":{"type":"Polygon","coordinates":[[[-65.34754,-10.8351],[-65.34771,-10.83459],[-65.34678,-10.83436],[-65.34664,-10.83486],[-65.34754,-10.8351]]]},"properties":{"n":"GUAYARAMERIN","p":30,"personas_x_ha":47,"masculinidad":67,"pct_menor20":37,"pct_60mas":7,"pct_migrante":40,"dependencia_econ":47,"pct_empleados":0,"pct_cuentapropia":47,"pct_agricultura":5,"pct_comercio":16,"pct_manufactura":5,"pct_construccion":5,"pct_transporte":0,"pct_alojamiento":42,"pct_sin_educacion":0,"pct_educ_superior":25,"brecha_educ":-4,"pct_sin_seguro":0,"pct_sus":96,"pct_seguro_privado":0,"brecha_seguro":0,"pct_salud_publica":27,"pct_med_tradicional":14,"pct_automedicacion":15,"pct_remedios_caseros":20,"pct_viv_desocupada":0,"pct_alquiler":25,"pct_electricidad":100,"pct_sin_electricidad":0,"pct_agua_red":75,"pct_alcantarillado":12,"pct_camara_septica":50,"pct_pozo_ciego":38,"pct_sin_desague":0,"pct_gas_red":0,"pct_gas_garrafa":100,"pct_lena_guano":100,"pct_basura_formal":100,"pct_basura_quema":0,"pct_basura_informal":0,"pct_internet":75,"pct_celular":75,"pct_televisor":62}},{"type":"Feature","geometry":{"type":"Polygon","coordinates":[[[-65.3477,-10.83514],[-65.34864,-10.83539],[-65.34878,-10.8349],[-65.34786,-10.83461],[-65.3477,-10.83514]]]},"properties":{"n":"GUAYARAMERIN","p":55,"personas_x_ha":86,"masculinidad":90,"pct_menor20":49,"pct_60mas":4,"pct_migrante":29,"dependencia_econ":139,"pct_empleados":43,"pct_cuentapropia":39,"pct_agricultura":4,"pct_comercio":26,"pct_manufactura":9,"pct_construccion":13,"pct_transporte":4,"pct_alojamiento":4,"pct_sin_educacion":3,"pct_educ_superior":21,"brecha_educ":0,"pct_sin_seguro":0,"pct_sus":84,"pct_seguro_privado":0,"brecha_seguro":0,"pct_salud_publica":45,"pct_med_tradicional":9,"pct_automedicacion":17,"pct_remedios_caseros":13,"pct_viv_desocupada":0,"pct_alquiler":18,"pct_electricidad":100,"pct_sin_electricidad":0,"pct_agua_red":82,"pct_alcantarillado":27,"pct_camara_septica":64,"pct_pozo_ciego":9,"pct_sin_desague":0,"pct_gas_red":0,"pct_gas_garrafa":100,"pct_lena_guano":100,"pct_basura_formal":100,"pct_basura_quema":0,"pct_basura_informal":0,"pct_internet":91,"pct_celular":100,"pct_televisor":73}},{"type":"Feature","geometry":{"type":"Polygon","coordinates":[[[-65.35409,-10.83775],[-65.35446,-10.83856],[-65.35528,-10.83817],[-65.35491,-10.83736],[-65.35409,-10.83775]]]},"properties":{"n":"GUAYARAMERIN","p":71,"personas_x_ha":69,"masculinidad":103,"pct_menor20":45,"pct_60mas":6,"pct_migrante":23,"dependencia_econ":173,"pct_empleados":35,"pct_cuentapropia":54,"pct_agricultura":8,"pct_comercio":27,"pct_manufactura":12,"pct_construccion":19,"pct_transporte":19,"pct_alojamiento":4,"pct_sin_educacion":5,"pct_educ_superior":15,"brecha_educ":-4,"pct_sin_seguro":1,"pct_sus":96,"pct_seguro_privado":0,"brecha_seguro":3,"pct_salud_publica":43,"pct_med_tradicional":1,"pct_automedicacion":24,"pct_remedios_caseros":30,"pct_viv_desocupada":0,"pct_alquiler":24,"pct_electricidad":82,"pct_sin_electricidad":18,"pct_agua_red":76,"pct_alcantarillado":12,"pct_camara_septica":41,"pct_pozo_ciego":0,"pct_sin_desague":0,"pct_gas_red":0,"pct_gas_garrafa":82,"pct_lena_guano":82,"pct_basura_formal":82,"pct_basura_quema":18,"pct_basura_informal":0,"pct_internet":24,"pct_celular":47,"pct_televisor":41}},{"type":"Feature","geometry":{"type":"Polygon","coordinates":[[[-65.34683,-10.83768],[-65.34697,-10.83715],[-65.34608,-10.8369],[-65.34594,-10.83742],[-65.34683,-10.83768]]]},"properties":{"n":"GUAYARAMERIN","p":41,"personas_x_ha":65,"masculinidad":86,"pct_menor20":44,"pct_60mas":12,"pct_migrante":41,"dependencia_econ":242,"pct_empleados":17,"pct_cuentapropia":25,"pct_agricultura":33,"pct_comercio":42,"pct_manufactura":0,"pct_construccion":0,"pct_transporte":0,"pct_alojamiento":0,"pct_sin_educacion":4,"pct_educ_superior":17,"brecha_educ":23,"pct_sin_seguro":15,"pct_sus":80,"pct_seguro_privado":5,"brecha_seguro":2,"pct_salud_publica":45,"pct_med_tradicional":5,"pct_automedicacion":3,"pct_remedios_caseros":38,"pct_viv_desocupada":0,"pct_alquiler":10,"pct_electricidad":100,"pct_sin_electricidad":0,"pct_agua_red":70,"pct_alcantarillado":20,"pct_camara_septica":10,"pct_pozo_ciego":30,"pct_sin_desague":0,"pct_gas_red":0,"pct_gas_garrafa":100,"pct_lena_guano":100,"pct_basura_formal":100,"pct_basura_quema":0,"pct_basura_informal":0,"pct_internet":90,"pct_celular":90,"pct_televisor":80}},{"type":"Feature","geometry":{"type":"Polygon","coordinates":[[[-65.3531,-10.80828],[-65.35397,-10.80786],[-65.35355,-10.80702],[-65.35269,-10.80745],[-65.3531,-10.80828]]]},"properties":{"n":"GUAYARAMERIN","p":28,"personas_x_ha":26,"masculinidad":75,"pct_menor20":39,"pct_60mas":11,"pct_migrante":61,"dependencia_econ":211,"pct_empleados":78,"pct_cuentapropia":11,"pct_agricultura":0,"pct_comercio":22,"pct_manufactura":0,"pct_construccion":0,"pct_transporte":11,"pct_alojamiento":0,"pct_sin_educacion":6,"pct_educ_superior":44,"brecha_educ":22,"pct_sin_seguro":11,"pct_sus":43,"pct_seguro_privado":0,"brecha_seguro":10,"pct_salud_publica":25,"pct_med_tradicional":0,"pct_automedicacion":24,"pct_remedios_caseros":18,"pct_viv_desocupada":31,"pct_alquiler":38,"pct_electricidad":100,"pct_sin_electricidad":0,"pct_agua_red":100,"pct_alcantarillado":88,"pct_camara_septica":12,"pct_pozo_ciego":0,"pct_sin_desague":0,"pct_gas_red":38,"pct_gas_garrafa":62,"pct_lena_guano":62,"pct_basura_formal":100,"pct_basura_quema":0,"pct_basura_informal":0,"pct_internet":88,"pct_celular":88,"pct_televisor":75}},{"type":"Feature","geometry":{"type":"Polygon","coordinates":[[[-65.35777,-10.81312],[-65.35767,-10.81312],[-65.35681,-10.81404],[-65.35755,-10.81454],[-65.35845,-10.81409],[-65.35777,-10.81312]]]},"properties":{"n":"GUAYARAMERIN","p":107,"personas_x_ha":71,"masculinidad":91,"pct_menor20":37,"pct_60mas":16,"pct_migrante":43,"dependencia_econ":106,"pct_empleados":16,"pct_cuentapropia":58,"pct_agricultura":8,"pct_comercio":16,"pct_manufactura":8,"pct_construccion":12,"pct_transporte":2,"pct_alojamiento":10,"pct_sin_educacion":3,"pct_educ_superior":28,"brecha_educ":-3,"pct_sin_seguro":6,"pct_sus":82,"pct_seguro_privado":5,"brecha_seguro":-3,"pct_salud_publica":52,"pct_med_tradicional":2,"pct_automedicacion":14,"pct_remedios_caseros":18,"pct_viv_desocupada":4,"pct_alquiler":35,"pct_electricidad":100,"pct_sin_electricidad":0,"pct_agua_red":100,"pct_alcantarillado":65,"pct_camara_septica":23,"pct_pozo_ciego":12,"pct_sin_desague":0,"pct_gas_red":4,"pct_gas_garrafa":96,"pct_lena_guano":96,"pct_basura_formal":100,"pct_basura_quema":0,"pct_basura_informal":0,"pct_internet":69,"pct_celular":92,"pct_televisor":85}},{"type":"Feature","geometry":{"type":"Polygon","coordinates":[[[-65.34105,-10.82345],[-65.34133,-10.82253],[-65.341,-10.82242],[-65.34075,-10.82316],[-65.34076,-10.82336],[-65.34105,-10.82345]]]},"properties":{"n":"GUAYARAMERIN","p":25,"personas_x_ha":59,"masculinidad":127,"pct_menor20":48,"pct_60mas":4,"pct_migrante":20,"dependencia_econ":257,"pct_empleados":29,"pct_cuentapropia":29,"pct_agricultura":14,"pct_comercio":14,"pct_manufactura":29,"pct_construccion":29,"pct_transporte":0,"pct_alojamiento":0,"pct_sin_educacion":21,"pct_educ_superior":7,"brecha_educ":-25,"pct_sin_seguro":0,"pct_sus":100,"pct_seguro_privado":0,"brecha_seguro":0,"pct_salud_publica":100,"pct_med_tradicional":0,"pct_automedicacion":0,"pct_remedios_caseros":0,"pct_viv_desocupada":0,"pct_alquiler":0,"pct_electricidad":100,"pct_sin_electricidad":0,"pct_agua_red":29,"pct_alcantarillado":14,"pct_camara_septica":0,"pct_pozo_ciego":86,"pct_sin_desague":0,"pct_gas_red":0,"pct_gas_garrafa":57,"pct_lena_guano":57,"pct_basura_formal":43,"pct_basura_quema":57,"pct_basura_informal":0,"pct_internet":43,"pct_celular":86,"pct_televisor":57}},{"type":"Feature","geometry":{"type":"Polygon","coordinates":[[[-65.35279,-10.84548],[-65.35236,-10.8446],[-65.35199,-10.84476],[-65.3524,-10.84567],[-65.35279,-10.84548]]]},"properties":{"n":"GUAYARAMERIN","p":25,"personas_x_ha":48,"masculinidad":67,"pct_menor20":28,"pct_60mas":8,"pct_migrante":16,"dependencia_econ":118,"pct_empleados":64,"pct_cuentapropia":36,"pct_agricultura":9,"pct_comercio":27,"pct_manufactura":0,"pct_construccion":36,"pct_transporte":0,"pct_alojamiento":9,"pct_sin_educacion":0,"pct_educ_superior":12,"brecha_educ":-33,"pct_sin_seguro":9,"pct_sus":91,"pct_seguro_privado":0,"brecha_seguro":2,"pct_salud_publica":34,"pct_med_tradicional":2,"pct_automedicacion":18,"pct_remedios_caseros":31,"pct_viv_desocupada":10,"pct_alquiler":44,"pct_electricidad":100,"pct_sin_electricidad":0,"pct_agua_red":44,"pct_alcantarillado":11,"pct_camara_septica":11,"pct_pozo_ciego":78,"pct_sin_desague":0,"pct_gas_red":0,"pct_gas_garrafa":100,"pct_lena_guano":100,"pct_basura_formal":67,"pct_basura_quema":33,"pct_basura_informal":0,"pct_internet":44,"pct_celular":67,"pct_televisor":67}},{"type":"Feature","geometry":{"type":"Polygon","coordinates":[[[-65.3552,-10.83252],[-65.35475,-10.83168],[-65.35392,-10.83211],[-65.35432,-10.83295],[-65.3552,-10.83252]]]},"properties":{"n":"GUAYARAMERIN","p":61,"personas_x_ha":55,"masculinidad":79,"pct_menor20":43,"pct_60mas":15,"pct_migrante":18,"dependencia_econ":181,"pct_empleados":29,"pct_cuentapropia":43,"pct_agricultura":19,"pct_comercio":14,"pct_manufactura":0,"pct_construccion":10,"pct_transporte":5,"pct_alojamiento":0,"pct_sin_educacion":15,"pct_educ_superior":29,"brecha_educ":10,"pct_sin_seguro":0,"pct_sus":88,"pct_seguro_privado":0,"brecha_seguro":0,"pct_salud_publica":37,"pct_med_tradicional":6,"pct_automedicacion":11,"pct_remedios_caseros":28,"pct_viv_desocupada":16,"pct_alquiler":0,"pct_electricidad":100,"pct_sin_electricidad":0,"pct_agua_red":79,"pct_alcantarillado":36,"pct_camara_septica":43,"pct_pozo_ciego":21,"pct_sin_desague":0,"pct_gas_red":21,"pct_gas_garrafa":64,"pct_lena_guano":64,"pct_basura_formal":93,"pct_basura_quema":7,"pct_basura_informal":0,"pct_internet":86,"pct_celular":86,"pct_televisor":64}},{"type":"Feature","geometry":{"type":"Polygon","coordinates":[[[-65.35867,-10.83428],[-65.35907,-10.8341],[-65.35863,-10.83324],[-65.35826,-10.83346],[-65.35867,-10.83428]]]},"properties":{"n":"GUAYARAMERIN","p":54,"personas_x_ha":106,"masculinidad":93,"pct_menor20":41,"pct_60mas":15,"pct_migrante":31,"dependencia_econ":80,"pct_empleados":33,"pct_cuentapropia":53,"pct_agricultura":10,"pct_comercio":7,"pct_manufactura":23,"pct_construccion":3,"pct_transporte":7,"pct_alojamiento":17,"pct_sin_educacion":3,"pct_educ_superior":27,"brecha_educ":-16,"pct_sin_seguro":4,"pct_sus":96,"pct_seguro_privado":0,"brecha_seguro":0,"pct_salud_publica":48,"pct_med_tradicional":6,"pct_automedicacion":11,"pct_remedios_caseros":22,"pct_viv_desocupada":0,"pct_alquiler":7,"pct_electricidad":100,"pct_sin_electricidad":0,"pct_agua_red":100,"pct_alcantarillado":0,"pct_camara_septica":93,"pct_pozo_ciego":7,"pct_sin_desague":0,"pct_gas_red":7,"pct_gas_garrafa":87,"pct_lena_guano":87,"pct_basura_formal":93,"pct_basura_quema":7,"pct_basura_informal":0,"pct_internet":73,"pct_celular":73,"pct_televisor":80}},{"type":"Feature","geometry":{"type":"Polygon","coordinates":[[[-65.36251,-10.81329],[-65.36201,-10.81248],[-65.36174,-10.81259],[-65.36223,-10.81345],[-65.36251,-10.81329]]]},"properties":{"n":"GUAYARAMERIN","p":19,"personas_x_ha":52,"masculinidad":58,"pct_menor20":47,"pct_60mas":11,"pct_migrante":53,"dependencia_econ":114,"pct_empleados":71,"pct_cuentapropia":14,"pct_agricultura":0,"pct_comercio":29,"pct_manufactura":0,"pct_construccion":43,"pct_transporte":0,"pct_alojamiento":0,"pct_sin_educacion":0,"pct_educ_superior":22,"brecha_educ":-20,"pct_sin_seguro":40,"pct_sus":60,"pct_seguro_privado":0,"brecha_seguro":-11,"pct_salud_publica":35,"pct_med_tradicional":0,"pct_automedicacion":21,"pct_remedios_caseros":21,"pct_viv_desocupada":44,"pct_alquiler":0,"pct_electricidad":100,"pct_sin_electricidad":0,"pct_agua_red":60,"pct_alcantarillado":0,"pct_camara_septica":20,"pct_pozo_ciego":20,"pct_sin_desague":20,"pct_gas_red":0,"pct_gas_garrafa":80,"pct_lena_guano":80,"pct_basura_formal":20,"pct_basura_quema":80,"pct_basura_informal":0,"pct_internet":60,"pct_celular":80,"pct_televisor":20}},{"type":"Feature","geometry":{"type":"Polygon","coordinates":[[[-65.37221,-10.80076],[-65.37182,-10.8],[-65.37151,-10.80016],[-65.37191,-10.80092],[-65.37221,-10.80076]]]},"properties":{"n":"GUAYARAMERIN","p":54,"personas_x_ha":151,"masculinidad":108,"pct_menor20":43,"pct_60mas":6,"pct_migrante":22,"dependencia_econ":121,"pct_empleados":42,"pct_cuentapropia":38,"pct_agricultura":4,"pct_comercio":25,"pct_manufactura":8,"pct_construccion":21,"pct_transporte":8,"pct_alojamiento":4,"pct_sin_educacion":6,"pct_educ_superior":9,"brecha_educ":-26,"pct_sin_seguro":8,"pct_sus":92,"pct_seguro_privado":0,"brecha_seguro":7,"pct_salud_publica":54,"pct_med_tradicional":1,"pct_automedicacion":12,"pct_remedios_caseros":24,"pct_viv_desocupada":0,"pct_alquiler":7,"pct_electricidad":100,"pct_sin_electricidad":0,"pct_agua_red":100,"pct_alcantarillado":7,"pct_camara_septica":79,"pct_pozo_ciego":14,"pct_sin_desague":0,"pct_gas_red":0,"pct_gas_garrafa":93,"pct_lena_guano":93,"pct_basura_formal":100,"pct_basura_quema":0,"pct_basura_informal":0,"pct_internet":57,"pct_celular":79,"pct_televisor":86}},{"type":"Feature","geometry":{"type":"Polygon","coordinates":[[[-65.34371,-10.82203],[-65.34399,-10.82113],[-65.34345,-10.82081],[-65.34285,-10.82176],[-65.34371,-10.82203]]]},"properties":{"n":"GUAYARAMERIN","p":81,"personas_x_ha":82,"masculinidad":125,"pct_menor20":40,"pct_60mas":10,"pct_migrante":22,"dependencia_econ":126,"pct_empleados":21,"pct_cuentapropia":68,"pct_agricultura":18,"pct_comercio":24,"pct_manufactura":9,"pct_construccion":9,"pct_transporte":15,"pct_alojamiento":3,"pct_sin_educacion":0,"pct_educ_superior":15,"brecha_educ":-7,"pct_sin_seguro":8,"pct_sus":83,"pct_seguro_privado":0,"brecha_seguro":9,"pct_salud_publica":41,"pct_med_tradicional":1,"pct_automedicacion":18,"pct_remedios_caseros":21,"pct_viv_desocupada":0,"pct_alquiler":26,"pct_electricidad":100,"pct_sin_electricidad":0,"pct_agua_red":100,"pct_alcantarillado":16,"pct_camara_septica":47,"pct_pozo_ciego":26,"pct_sin_desague":0,"pct_gas_red":0,"pct_gas_garrafa":89,"pct_lena_guano":89,"pct_basura_formal":100,"pct_basura_quema":0,"pct_basura_informal":0,"pct_internet":79,"pct_celular":84,"pct_televisor":74}},{"type":"Feature","geometry":{"type":"Polygon","coordinates":[[[-65.35406,-10.82002],[-65.35486,-10.81958],[-65.35448,-10.81869],[-65.35362,-10.81915],[-65.35406,-10.82002]]]},"properties":{"n":"GUAYARAMERIN","p":73,"personas_x_ha":63,"masculinidad":92,"pct_menor20":37,"pct_60mas":7,"pct_migrante":44,"dependencia_econ":95,"pct_empleados":24,"pct_cuentapropia":59,"pct_agricultura":11,"pct_comercio":57,"pct_manufactura":3,"pct_construccion":0,"pct_transporte":0,"pct_alojamiento":3,"pct_sin_educacion":4,"pct_educ_superior":42,"brecha_educ":-12,"pct_sin_seguro":24,"pct_sus":45,"pct_seguro_privado":1,"brecha_seguro":-6,"pct_salud_publica":32,"pct_med_tradicional":4,"pct_automedicacion":20,"pct_remedios_caseros":11,"pct_viv_desocupada":0,"pct_alquiler":6,"pct_electricidad":100,"pct_sin_electricidad":0,"pct_agua_red":100,"pct_alcantarillado":67,"pct_camara_septica":11,"pct_pozo_ciego":6,"pct_sin_desague":11,"pct_gas_red":0,"pct_gas_garrafa":100,"pct_lena_guano":100,"pct_basura_formal":100,"pct_basura_quema":0,"pct_basura_informal":0,"pct_internet":56,"pct_celular":89,"pct_televisor":67}},{"type":"Feature","geometry":{"type":"Polygon","coordinates":[[[-65.35542,-10.8107],[-65.35503,-10.80995],[-65.35419,-10.81037],[-65.35453,-10.81107],[-65.35542,-10.8107]]]},"properties":{"n":"GUAYARAMERIN","p":46,"personas_x_ha":50,"masculinidad":77,"pct_menor20":35,"pct_60mas":11,"pct_migrante":37,"dependencia_econ":77,"pct_empleados":46,"pct_cuentapropia":46,"pct_agricultura":0,"pct_comercio":31,"pct_manufactura":19,"pct_construccion":8,"pct_transporte":4,"pct_alojamiento":4,"pct_sin_educacion":0,"pct_educ_superior":43,"brecha_educ":-13,"pct_sin_seguro":2,"pct_sus":72,"pct_seguro_privado":2,"brecha_seguro":-4,"pct_salud_publica":56,"pct_med_tradicional":0,"pct_automedicacion":3,"pct_remedios_caseros":21,"pct_viv_desocupada":7,"pct_alquiler":23,"pct_electricidad":100,"pct_sin_electricidad":0,"pct_agua_red":100,"pct_alcantarillado":92,"pct_camara_septica":0,"pct_pozo_ciego":0,"pct_sin_desague":8,"pct_gas_red":0,"pct_gas_garrafa":100,"pct_lena_guano":100,"pct_basura_formal":85,"pct_basura_quema":0,"pct_basura_informal":31,"pct_internet":92,"pct_celular":100,"pct_televisor":54}},{"type":"Feature","geometry":{"type":"Polygon","coordinates":[[[-65.3624,-10.8168],[-65.36138,-10.8176],[-65.36273,-10.81904],[-65.3631,-10.81873],[-65.36202,-10.81757],[-65.36264,-10.81706],[-65.3624,-10.8168]]]},"properties":{"n":"GUAYARAMERIN","p":46,"personas_x_ha":31,"masculinidad":77,"pct_menor20":30,"pct_60mas":17,"pct_migrante":24,"dependencia_econ":130,"pct_empleados":30,"pct_cuentapropia":40,"pct_agricultura":15,"pct_comercio":25,"pct_manufactura":0,"pct_construccion":15,"pct_transporte":5,"pct_alojamiento":5,"pct_sin_educacion":3,"pct_educ_superior":27,"brecha_educ":-37,"pct_sin_seguro":2,"pct_sus":72,"pct_seguro_privado":0,"brecha_seguro":-4,"pct_salud_publica":41,"pct_med_tradicional":0,"pct_automedicacion":13,"pct_remedios_caseros":18,"pct_viv_desocupada":0,"pct_alquiler":7,"pct_electricidad":100,"pct_sin_electricidad":0,"pct_agua_red":36,"pct_alcantarillado":71,"pct_camara_septica":14,"pct_pozo_ciego":14,"pct_sin_desague":0,"pct_gas_red":0,"pct_gas_garrafa":93,"pct_lena_guano":93,"pct_basura_formal":100,"pct_basura_quema":0,"pct_basura_informal":0,"pct_internet":29,"pct_celular":43,"pct_televisor":43}},{"type":"Feature","geometry":{"type":"Polygon","coordinates":[[[-65.37086,-10.80904],[-65.37007,-10.80959],[-65.37031,-10.81007],[-65.37137,-10.8095],[-65.37086,-10.80904]]]},"properties":{"n":"GUAYARAMERIN","p":29,"personas_x_ha":36,"masculinidad":123,"pct_menor20":31,"pct_60mas":7,"pct_migrante":10,"dependencia_econ":71,"pct_empleados":29,"pct_cuentapropia":6,"pct_agricultura":29,"pct_comercio":6,"pct_manufactura":0,"pct_construccion":12,"pct_transporte":6,"pct_alojamiento":12,"pct_sin_educacion":10,"pct_educ_superior":19,"brecha_educ":7,"pct_sin_seguro":4,"pct_sus":85,"pct_seguro_privado":11,"brecha_seguro":7,"pct_salud_publica":70,"pct_med_tradicional":0,"pct_automedicacion":0,"pct_remedios_caseros":22,"pct_viv_desocupada":31,"pct_alquiler":0,"pct_electricidad":67,"pct_sin_electricidad":33,"pct_agua_red":0,"pct_alcantarillado":0,"pct_camara_septica":0,"pct_pozo_ciego":89,"pct_sin_desague":0,"pct_gas_red":0,"pct_gas_garrafa":89,"pct_lena_guano":89,"pct_basura_formal":67,"pct_basura_quema":33,"pct_basura_informal":0,"pct_internet":33,"pct_celular":78,"pct_televisor":56}},{"type":"Feature","geometry":{"type":"Polygon","coordinates":[[[-65.35342,-10.84647],[-65.35428,-10.84606],[-65.35384,-10.84513],[-65.35297,-10.84554],[-65.35342,-10.84647]]]},"properties":{"n":"GUAYARAMERIN","p":26,"personas_x_ha":21,"masculinidad":136,"pct_menor20":42,"pct_60mas":19,"pct_migrante":12,"dependencia_econ":525,"pct_empleados":25,"pct_cuentapropia":25,"pct_agricultura":25,"pct_comercio":0,"pct_manufactura":25,"pct_construccion":25,"pct_transporte":0,"pct_alojamiento":0,"pct_sin_educacion":7,"pct_educ_superior":14,"brecha_educ":0,"pct_sin_seguro":0,"pct_sus":92,"pct_seguro_privado":0,"brecha_seguro":0,"pct_salud_publica":38,"pct_med_tradicional":2,"pct_automedicacion":12,"pct_remedios_caseros":18,"pct_viv_desocupada":23,"pct_alquiler":0,"pct_electricidad":100,"pct_sin_electricidad":0,"pct_agua_red":14,"pct_alcantarillado":0,"pct_camara_septica":29,"pct_pozo_ciego":29,"pct_sin_desague":14,"pct_gas_red":0,"pct_gas_garrafa":100,"pct_lena_guano":100,"pct_basura_formal":86,"pct_basura_quema":14,"pct_basura_informal":0,"pct_internet":71,"pct_celular":86,"pct_televisor":57}},{"type":"Feature","geometry":{"type":"Polygon","coordinates":[[[-65.35743,-10.81964],[-65.35658,-10.82004],[-65.357,-10.82089],[-65.35784,-10.8205],[-65.35743,-10.81964]]]},"properties":{"n":"GUAYARAMERIN","p":58,"personas_x_ha":52,"masculinidad":87,"pct_menor20":31,"pct_60mas":22,"pct_migrante":38,"dependencia_econ":164,"pct_empleados":41,"pct_cuentapropia":45,"pct_agricultura":23,"pct_comercio":23,"pct_manufactura":14,"pct_construccion":0,"pct_transporte":0,"pct_alojamiento":0,"pct_sin_educacion":0,"pct_educ_superior":32,"brecha_educ":-4,"pct_sin_seguro":16,"pct_sus":52,"pct_seguro_privado":2,"brecha_seguro":-1,"pct_salud_publica":25,"pct_med_tradicional":8,"pct_automedicacion":15,"pct_remedios_caseros":25,"pct_viv_desocupada":20,"pct_alquiler":8,"pct_electricidad":100,"pct_sin_electricidad":0,"pct_agua_red":100,"pct_alcantarillado":92,"pct_camara_septica":0,"pct_pozo_ciego":0,"pct_sin_desague":8,"pct_gas_red":0,"pct_gas_garrafa":92,"pct_lena_guano":92,"pct_basura_formal":100,"pct_basura_quema":0,"pct_basura_informal":0,"pct_internet":58,"pct_celular":58,"pct_televisor":50}},{"type":"Feature","geometry":{"type":"Polygon","coordinates":[[[-65.35098,-10.81174],[-65.35058,-10.81093],[-65.34971,-10.8113],[-65.35017,-10.81217],[-65.35098,-10.81174]]]},"properties":{"n":"GUAYARAMERIN","p":35,"personas_x_ha":32,"masculinidad":59,"pct_menor20":26,"pct_60mas":20,"pct_migrante":46,"dependencia_econ":192,"pct_empleados":8,"pct_cuentapropia":83,"pct_agricultura":33,"pct_comercio":33,"pct_manufactura":8,"pct_construccion":0,"pct_transporte":0,"pct_alojamiento":0,"pct_sin_educacion":0,"pct_educ_superior":54,"brecha_educ":-6,"pct_sin_seguro":29,"pct_sus":56,"pct_seguro_privado":15,"brecha_seguro":-7,"pct_salud_publica":27,"pct_med_tradicional":6,"pct_automedicacion":14,"pct_remedios_caseros":17,"pct_viv_desocupada":14,"pct_alquiler":9,"pct_electricidad":100,"pct_sin_electricidad":0,"pct_agua_red":100,"pct_alcantarillado":82,"pct_camara_septica":9,"pct_pozo_ciego":0,"pct_sin_desague":9,"pct_gas_red":0,"pct_gas_garrafa":100,"pct_lena_guano":100,"pct_basura_formal":100,"pct_basura_quema":0,"pct_basura_informal":0,"pct_internet":82,"pct_celular":91,"pct_televisor":91}},{"type":"Feature","geometry":{"type":"Polygon","coordinates":[[[-65.3568,-10.8258],[-65.35636,-10.82496],[-65.35549,-10.82539],[-65.35592,-10.82625],[-65.3568,-10.8258]]]},"properties":{"n":"GUAYARAMERIN","p":41,"personas_x_ha":36,"masculinidad":58,"pct_menor20":29,"pct_60mas":22,"pct_migrante":54,"dependencia_econ":116,"pct_empleados":11,"pct_cuentapropia":68,"pct_agricultura":0,"pct_comercio":53,"pct_manufactura":0,"pct_construccion":0,"pct_transporte":16,"pct_alojamiento":16,"pct_sin_educacion":3,"pct_educ_superior":50,"brecha_educ":4,"pct_sin_seguro":34,"pct_sus":51,"pct_seguro_privado":0,"brecha_seguro":-1,"pct_salud_publica":49,"pct_med_tradicional":0,"pct_automedicacion":0,"pct_remedios_caseros":0,"pct_viv_desocupada":0,"pct_alquiler":10,"pct_electricidad":80,"pct_sin_electricidad":10,"pct_agua_red":90,"pct_alcantarillado":90,"pct_camara_septica":0,"pct_pozo_ciego":0,"pct_sin_desague":10,"pct_gas_red":20,"pct_gas_garrafa":70,"pct_lena_guano":70,"pct_basura_formal":100,"pct_basura_quema":0,"pct_basura_informal":0,"pct_internet":60,"pct_celular":60,"pct_televisor":80}},{"type":"Feature","geometry":{"type":"Polygon","coordinates":[[[-65.35375,-10.85368],[-65.35388,-10.85319],[-65.35253,-10.85279],[-65.35238,-10.85329],[-65.35375,-10.85368]]]},"properties":{"n":"GUAYARAMERIN","p":56,"personas_x_ha":61,"masculinidad":107,"pct_menor20":48,"pct_60mas":2,"pct_migrante":21,"dependencia_econ":180,"pct_empleados":10,"pct_cuentapropia":10,"pct_agricultura":35,"pct_comercio":20,"pct_manufactura":5,"pct_construccion":0,"pct_transporte":10,"pct_alojamiento":0,"pct_sin_educacion":7,"pct_educ_superior":10,"brecha_educ":11,"pct_sin_seguro":11,"pct_sus":84,"pct_seguro_privado":2,"brecha_seguro":6,"pct_salud_publica":40,"pct_med_tradicional":15,"pct_automedicacion":16,"pct_remedios_caseros":23,"pct_viv_desocupada":27,"pct_alquiler":0,"pct_electricidad":100,"pct_sin_electricidad":0,"pct_agua_red":64,"pct_alcantarillado":9,"pct_camara_septica":9,"pct_pozo_ciego":82,"pct_sin_desague":0,"pct_gas_red":0,"pct_gas_garrafa":100,"pct_lena_guano":100,"pct_basura_formal":100,"pct_basura_quema":0,"pct_basura_informal":0,"pct_internet":45,"pct_celular":82,"pct_televisor":55}},{"type":"Feature","geometry":{"type":"Polygon","coordinates":[[[-65.34528,-10.83168],[-65.34619,-10.83195],[-65.34638,-10.83142],[-65.34545,-10.83113],[-65.34528,-10.83168]]]},"properties":{"n":"GUAYARAMERIN","p":25,"personas_x_ha":36,"masculinidad":67,"pct_menor20":52,"pct_60mas":4,"pct_migrante":36,"dependencia_econ":2200,"pct_empleados":0,"pct_cuentapropia":100,"pct_agricultura":0,"pct_comercio":100,"pct_manufactura":0,"pct_construccion":0,"pct_transporte":0,"pct_alojamiento":0,"pct_sin_educacion":0,"pct_educ_superior":17,"brecha_educ":-50,"pct_sin_seguro":0,"pct_sus":91,"pct_seguro_privado":0,"brecha_seguro":0,"pct_salud_publica":69,"pct_med_tradicional":0,"pct_automedicacion":0,"pct_remedios_caseros":0,"pct_viv_desocupada":11,"pct_alquiler":50,"pct_electricidad":100,"pct_sin_electricidad":0,"pct_agua_red":62,"pct_alcantarillado":12,"pct_camara_septica":62,"pct_pozo_ciego":25,"pct_sin_desague":0,"pct_gas_red":12,"pct_gas_garrafa":88,"pct_lena_guano":88,"pct_basura_formal":100,"pct_basura_quema":0,"pct_basura_informal":0,"pct_internet":25,"pct_celular":50,"pct_televisor":62}},{"type":"Feature","geometry":{"type":"Polygon","coordinates":[[[-65.37261,-10.79941],[-65.37238,-10.79897],[-65.37199,-10.79897],[-65.37232,-10.79956],[-65.37261,-10.79941]]]},"properties":{"n":"GUAYARAMERIN","p":32,"personas_x_ha":135,"masculinidad":113,"pct_menor20":53,"pct_60mas":9,"pct_migrante":38,"dependencia_econ":114,"pct_empleados":64,"pct_cuentapropia":29,"pct_agricultura":0,"pct_comercio":36,"pct_manufactura":14,"pct_construccion":14,"pct_transporte":21,"pct_alojamiento":0,"pct_sin_educacion":0,"pct_educ_superior":0,"brecha_educ":-71,"pct_sin_seguro":3,"pct_sus":97,"pct_seguro_privado":0,"brecha_seguro":-7,"pct_salud_publica":100,"pct_med_tradicional":0,"pct_automedicacion":0,"pct_remedios_caseros":0,"pct_viv_desocupada":0,"pct_alquiler":0,"pct_electricidad":100,"pct_sin_electricidad":0,"pct_agua_red":100,"pct_alcantarillado":29,"pct_camara_septica":71,"pct_pozo_ciego":0,"pct_sin_desague":0,"pct_gas_red":0,"pct_gas_garrafa":100,"pct_lena_guano":100,"pct_basura_formal":100,"pct_basura_quema":0,"pct_basura_informal":0,"pct_internet":43,"pct_celular":57,"pct_televisor":29}},{"type":"Feature","geometry":{"type":"Polygon","coordinates":[[[-65.36183,-10.80762],[-65.36134,-10.80697],[-65.36089,-10.80728],[-65.36135,-10.80792],[-65.36183,-10.80762]]]},"properties":{"n":"GUAYARAMERIN","p":36,"personas_x_ha":67,"masculinidad":80,"pct_menor20":36,"pct_60mas":11,"pct_migrante":31,"dependencia_econ":100,"pct_empleados":44,"pct_cuentapropia":33,"pct_agricultura":28,"pct_comercio":6,"pct_manufactura":0,"pct_construccion":22,"pct_transporte":11,"pct_alojamiento":6,"pct_sin_educacion":9,"pct_educ_superior":13,"brecha_educ":15,"pct_sin_seguro":11,"pct_sus":89,"pct_seguro_privado":0,"brecha_seguro":14,"pct_salud_publica":28,"pct_med_tradicional":11,"pct_automedicacion":24,"pct_remedios_caseros":28,"pct_viv_desocupada":0,"pct_alquiler":0,"pct_electricidad":62,"pct_sin_electricidad":25,"pct_agua_red":62,"pct_alcantarillado":12,"pct_camara_septica":12,"pct_pozo_ciego":25,"pct_sin_desague":0,"pct_gas_red":0,"pct_gas_garrafa":75,"pct_lena_guano":75,"pct_basura_formal":62,"pct_basura_quema":12,"pct_basura_informal":0,"pct_internet":75,"pct_celular":75,"pct_televisor":62}},{"type":"Feature","geometry":{"type":"Polygon","coordinates":[[[-65.34811,-10.83314],[-65.34822,-10.83261],[-65.34737,-10.83236],[-65.34722,-10.83286],[-65.34811,-10.83314]]]},"properties":{"n":"GUAYARAMERIN","p":79,"personas_x_ha":128,"masculinidad":108,"pct_menor20":53,"pct_60mas":9,"pct_migrante":18,"dependencia_econ":212,"pct_empleados":8,"pct_cuentapropia":76,"pct_agricultura":20,"pct_comercio":24,"pct_manufactura":8,"pct_construccion":12,"pct_transporte":16,"pct_alojamiento":8,"pct_sin_educacion":3,"pct_educ_superior":3,"brecha_educ":14,"pct_sin_seguro":31,"pct_sus":66,"pct_seguro_privado":0,"brecha_seguro":10,"pct_salud_publica":52,"pct_med_tradicional":1,"pct_automedicacion":13,"pct_remedios_caseros":25,"pct_viv_desocupada":0,"pct_alquiler":13,"pct_electricidad":100,"pct_sin_electricidad":0,"pct_agua_red":80,"pct_alcantarillado":7,"pct_camara_septica":47,"pct_pozo_ciego":27,"pct_sin_desague":7,"pct_gas_red":0,"pct_gas_garrafa":93,"pct_lena_guano":93,"pct_basura_formal":100,"pct_basura_quema":0,"pct_basura_informal":0,"pct_internet":80,"pct_celular":87,"pct_televisor":80}},{"type":"Feature","geometry":{"type":"Polygon","coordinates":[[[-65.36087,-10.81046],[-65.36041,-10.8097],[-65.36025,-10.80979],[-65.36077,-10.81052],[-65.36087,-10.81046]]]},"properties":{"n":"GUAYARAMERIN","p":25,"personas_x_ha":146,"masculinidad":79,"pct_menor20":44,"pct_60mas":4,"pct_migrante":20,"dependencia_econ":92,"pct_empleados":85,"pct_cuentapropia":8,"pct_agricultura":8,"pct_comercio":15,"pct_manufactura":31,"pct_construccion":8,"pct_transporte":15,"pct_alojamiento":0,"pct_sin_educacion":0,"pct_educ_superior":27,"brecha_educ":-6,"pct_sin_seguro":12,"pct_sus":62,"pct_seguro_privado":0,"brecha_seguro":-4,"pct_salud_publica":36,"pct_med_tradicional":0,"pct_automedicacion":17,"pct_remedios_caseros":29,"pct_viv_desocupada":0,"pct_alquiler":0,"pct_electricidad":100,"pct_sin_electricidad":0,"pct_agua_red":88,"pct_alcantarillado":0,"pct_camara_septica":0,"pct_pozo_ciego":88,"pct_sin_desague":0,"pct_gas_red":12,"pct_gas_garrafa":88,"pct_lena_guano":88,"pct_basura_formal":75,"pct_basura_quema":25,"pct_basura_informal":0,"pct_internet":88,"pct_celular":88,"pct_televisor":88}},{"type":"Feature","geometry":{"type":"Polygon","coordinates":[[[-65.35909,-10.83519],[-65.3595,-10.83502],[-65.35907,-10.83418],[-65.3587,-10.83438],[-65.35909,-10.83519]]]},"properties":{"n":"GUAYARAMERIN","p":71,"personas_x_ha":138,"masculinidad":103,"pct_menor20":38,"pct_60mas":6,"pct_migrante":20,"dependencia_econ":137,"pct_empleados":57,"pct_cuentapropia":23,"pct_agricultura":3,"pct_comercio":23,"pct_manufactura":10,"pct_construccion":13,"pct_transporte":3,"pct_alojamiento":10,"pct_sin_educacion":0,"pct_educ_superior":38,"brecha_educ":2,"pct_sin_seguro":14,"pct_sus":73,"pct_seguro_privado":0,"brecha_seguro":17,"pct_salud_publica":27,"pct_med_tradicional":1,"pct_automedicacion":18,"pct_remedios_caseros":24,"pct_viv_desocupada":5,"pct_alquiler":11,"pct_electricidad":100,"pct_sin_electricidad":0,"pct_agua_red":94,"pct_alcantarillado":6,"pct_camara_septica":39,"pct_pozo_ciego":44,"pct_sin_desague":0,"pct_gas_red":22,"pct_gas_garrafa":67,"pct_lena_guano":67,"pct_basura_formal":100,"pct_basura_quema":0,"pct_basura_informal":0,"pct_internet":94,"pct_celular":94,"pct_televisor":72}},{"type":"Feature","geometry":{"type":"Polygon","coordinates":[[[-65.36369,-10.8296],[-65.36282,-10.83],[-65.36322,-10.83088],[-65.36411,-10.83044],[-65.36369,-10.8296]]]},"properties":{"n":"GUAYARAMERIN","p":52,"personas_x_ha":44,"masculinidad":79,"pct_menor20":38,"pct_60mas":12,"pct_migrante":38,"dependencia_econ":93,"pct_empleados":11,"pct_cuentapropia":41,"pct_agricultura":26,"pct_comercio":26,"pct_manufactura":7,"pct_construccion":4,"pct_transporte":7,"pct_alojamiento":0,"pct_sin_educacion":3,"pct_educ_superior":24,"brecha_educ":-7,"pct_sin_seguro":10,"pct_sus":85,"pct_seguro_privado":2,"brecha_seguro":-9,"pct_salud_publica":30,"pct_med_tradicional":1,"pct_automedicacion":25,"pct_remedios_caseros":22,"pct_viv_desocupada":0,"pct_alquiler":10,"pct_electricidad":100,"pct_sin_electricidad":0,"pct_agua_red":100,"pct_alcantarillado":40,"pct_camara_septica":50,"pct_pozo_ciego":10,"pct_sin_desague":0,"pct_gas_red":10,"pct_gas_garrafa":90,"pct_lena_guano":90,"pct_basura_formal":90,"pct_basura_quema":10,"pct_basura_informal":0,"pct_internet":70,"pct_celular":80,"pct_televisor":80}},{"type":"Feature","geometry":{"type":"Polygon","coordinates":[[[-65.35488,-10.82914],[-65.35577,-10.82867],[-65.35535,-10.82783],[-65.35447,-10.82824],[-65.35488,-10.82914]]]},"properties":{"n":"GUAYARAMERIN","p":61,"personas_x_ha":51,"masculinidad":79,"pct_menor20":36,"pct_60mas":11,"pct_migrante":34,"dependencia_econ":135,"pct_empleados":58,"pct_cuentapropia":31,"pct_agricultura":12,"pct_comercio":19,"pct_manufactura":8,"pct_construccion":4,"pct_transporte":4,"pct_alojamiento":15,"pct_sin_educacion":0,"pct_educ_superior":41,"brecha_educ":-1,"pct_sin_seguro":2,"pct_sus":87,"pct_seguro_privado":0,"brecha_seguro":-3,"pct_salud_publica":67,"pct_med_tradicional":1,"pct_automedicacion":10,"pct_remedios_caseros":8,"pct_viv_desocupada":9,"pct_alquiler":12,"pct_electricidad":88,"pct_sin_electricidad":0,"pct_agua_red":100,"pct_alcantarillado":76,"pct_camara_septica":6,"pct_pozo_ciego":0,"pct_sin_desague":6,"pct_gas_red":12,"pct_gas_garrafa":76,"pct_lena_guano":76,"pct_basura_formal":94,"pct_basura_quema":6,"pct_basura_informal":0,"pct_internet":71,"pct_celular":82,"pct_televisor":82}},{"type":"Feature","geometry":{"type":"Polygon","coordinates":[[[-65.34623,-10.82488],[-65.34563,-10.82688],[-65.34632,-10.82708],[-65.34694,-10.82509],[-65.34623,-10.82488]]]},"properties":{"n":"GUAYARAMERIN","p":158,"personas_x_ha":85,"masculinidad":100,"pct_menor20":38,"pct_60mas":11,"pct_migrante":30,"dependencia_econ":180,"pct_empleados":32,"pct_cuentapropia":46,"pct_agricultura":21,"pct_comercio":20,"pct_manufactura":9,"pct_construccion":2,"pct_transporte":5,"pct_alojamiento":14,"pct_sin_educacion":5,"pct_educ_superior":15,"brecha_educ":-5,"pct_sin_seguro":34,"pct_sus":58,"pct_seguro_privado":3,"brecha_seguro":-6,"pct_salud_publica":51,"pct_med_tradicional":0,"pct_automedicacion":11,"pct_remedios_caseros":24,"pct_viv_desocupada":3,"pct_alquiler":9,"pct_electricidad":100,"pct_sin_electricidad":0,"pct_agua_red":72,"pct_alcantarillado":9,"pct_camara_septica":28,"pct_pozo_ciego":44,"pct_sin_desague":3,"pct_gas_red":3,"pct_gas_garrafa":88,"pct_lena_guano":88,"pct_basura_formal":94,"pct_basura_quema":6,"pct_basura_informal":0,"pct_internet":69,"pct_celular":81,"pct_televisor":81}},{"type":"Feature","geometry":{"type":"Polygon","coordinates":[[[-65.34698,-10.82725],[-65.34757,-10.82528],[-65.34703,-10.82512],[-65.34641,-10.82708],[-65.34698,-10.82725]]]},"properties":{"n":"GUAYARAMERIN","p":127,"personas_x_ha":88,"masculinidad":105,"pct_menor20":48,"pct_60mas":7,"pct_migrante":29,"dependencia_econ":127,"pct_empleados":20,"pct_cuentapropia":40,"pct_agricultura":11,"pct_comercio":11,"pct_manufactura":13,"pct_construccion":5,"pct_transporte":18,"pct_alojamiento":11,"pct_sin_educacion":0,"pct_educ_superior":22,"brecha_educ":1,"pct_sin_seguro":9,"pct_sus":81,"pct_seguro_privado":0,"brecha_seguro":2,"pct_salud_publica":40,"pct_med_tradicional":3,"pct_automedicacion":16,"pct_remedios_caseros":22,"pct_viv_desocupada":3,"pct_alquiler":12,"pct_electricidad":97,"pct_sin_electricidad":3,"pct_agua_red":78,"pct_alcantarillado":12,"pct_camara_septica":56,"pct_pozo_ciego":22,"pct_sin_desague":0,"pct_gas_red":3,"pct_gas_garrafa":84,"pct_lena_guano":84,"pct_basura_formal":100,"pct_basura_quema":0,"pct_basura_informal":0,"pct_internet":81,"pct_celular":91,"pct_televisor":62}},{"type":"Feature","geometry":{"type":"Polygon","coordinates":[[[-65.35898,-10.83775],[-65.35814,-10.83815],[-65.35854,-10.839],[-65.35938,-10.8386],[-65.35898,-10.83775]]]},"properties":{"n":"GUAYARAMERIN","p":73,"personas_x_ha":68,"masculinidad":87,"pct_menor20":48,"pct_60mas":10,"pct_migrante":26,"dependencia_econ":128,"pct_empleados":56,"pct_cuentapropia":25,"pct_agricultura":12,"pct_comercio":9,"pct_manufactura":3,"pct_construccion":16,"pct_transporte":9,"pct_alojamiento":3,"pct_sin_educacion":0,"pct_educ_superior":30,"brecha_educ":-5,"pct_sin_seguro":11,"pct_sus":58,"pct_seguro_privado":4,"brecha_seguro":13,"pct_salud_publica":64,"pct_med_tradicional":0,"pct_automedicacion":0,"pct_remedios_caseros":6,"pct_viv_desocupada":5,"pct_alquiler":25,"pct_electricidad":94,"pct_sin_electricidad":6,"pct_agua_red":75,"pct_alcantarillado":6,"pct_camara_septica":62,"pct_pozo_ciego":31,"pct_sin_desague":0,"pct_gas_red":0,"pct_gas_garrafa":100,"pct_lena_guano":100,"pct_basura_formal":100,"pct_basura_quema":0,"pct_basura_informal":0,"pct_internet":50,"pct_celular":69,"pct_televisor":75}},{"type":"Feature","geometry":{"type":"Polygon","coordinates":[[[-65.35302,-10.81083],[-65.35256,-10.80994],[-65.35171,-10.81038],[-65.35214,-10.81122],[-65.35302,-10.81083]]]},"properties":{"n":"GUAYARAMERIN","p":32,"personas_x_ha":28,"masculinidad":60,"pct_menor20":25,"pct_60mas":12,"pct_migrante":22,"dependencia_econ":129,"pct_empleados":14,"pct_cuentapropia":50,"pct_agricultura":21,"pct_comercio":43,"pct_manufactura":0,"pct_construccion":0,"pct_transporte":7,"pct_alojamiento":7,"pct_sin_educacion":8,"pct_educ_superior":42,"brecha_educ":9,"pct_sin_seguro":16,"pct_sus":74,"pct_seguro_privado":0,"brecha_seguro":1,"pct_salud_publica":42,"pct_med_tradicional":3,"pct_automedicacion":17,"pct_remedios_caseros":19,"pct_viv_desocupada":14,"pct_alquiler":11,"pct_electricidad":100,"pct_sin_electricidad":0,"pct_agua_red":100,"pct_alcantarillado":89,"pct_camara_septica":0,"pct_pozo_ciego":0,"pct_sin_desague":11,"pct_gas_red":0,"pct_gas_garrafa":100,"pct_lena_guano":100,"pct_basura_formal":100,"pct_basura_quema":0,"pct_basura_informal":0,"pct_internet":78,"pct_celular":89,"pct_televisor":89}},{"type":"Feature","geometry":{"type":"Polygon","coordinates":[[[-65.35201,-10.80882],[-65.3516,-10.80798],[-65.35071,-10.80838],[-65.35113,-10.80924],[-65.35201,-10.80882]]]},"properties":{"n":"GUAYARAMERIN","p":22,"personas_x_ha":19,"masculinidad":100,"pct_menor20":14,"pct_60mas":18,"pct_migrante":18,"dependencia_econ":62,"pct_empleados":31,"pct_cuentapropia":23,"pct_agricultura":31,"pct_comercio":0,"pct_manufactura":0,"pct_construccion":23,"pct_transporte":8,"pct_alojamiento":0,"pct_sin_educacion":0,"pct_educ_superior":50,"brecha_educ":0,"pct_sin_seguro":14,"pct_sus":29,"pct_seguro_privado":29,"brecha_seguro":8,"pct_salud_publica":21,"pct_med_tradicional":0,"pct_automedicacion":16,"pct_remedios_caseros":10,"pct_viv_desocupada":0,"pct_alquiler":0,"pct_electricidad":100,"pct_sin_electricidad":0,"pct_agua_red":88,"pct_alcantarillado":75,"pct_camara_septica":12,"pct_pozo_ciego":12,"pct_sin_desague":0,"pct_gas_red":0,"pct_gas_garrafa":88,"pct_lena_guano":88,"pct_basura_formal":100,"pct_basura_quema":0,"pct_basura_informal":0,"pct_internet":75,"pct_celular":100,"pct_televisor":100}},{"type":"Feature","geometry":{"type":"Polygon","coordinates":[[[-65.34984,-10.83505],[-65.35,-10.83448],[-65.34907,-10.83423],[-65.34891,-10.83479],[-65.34984,-10.83505]]]},"properties":{"n":"GUAYARAMERIN","p":48,"personas_x_ha":68,"masculinidad":85,"pct_menor20":48,"pct_60mas":15,"pct_migrante":23,"dependencia_econ":147,"pct_empleados":32,"pct_cuentapropia":37,"pct_agricultura":5,"pct_comercio":26,"pct_manufactura":5,"pct_construccion":16,"pct_transporte":5,"pct_alojamiento":0,"pct_sin_educacion":4,"pct_educ_superior":4,"brecha_educ":-29,"pct_sin_seguro":20,"pct_sus":80,"pct_seguro_privado":0,"brecha_seguro":15,"pct_salud_publica":89,"pct_med_tradicional":0,"pct_automedicacion":0,"pct_remedios_caseros":11,"pct_viv_desocupada":0,"pct_alquiler":25,"pct_electricidad":100,"pct_sin_electricidad":0,"pct_agua_red":42,"pct_alcantarillado":8,"pct_camara_septica":50,"pct_pozo_ciego":33,"pct_sin_desague":8,"pct_gas_red":0,"pct_gas_garrafa":83,"pct_lena_guano":83,"pct_basura_formal":75,"pct_basura_quema":25,"pct_basura_informal":0,"pct_internet":25,"pct_celular":33,"pct_televisor":75}},{"type":"Feature","geometry":{"type":"Polygon","coordinates":[[[-65.36488,-10.82667],[-65.36531,-10.82753],[-65.36609,-10.82716],[-65.36566,-10.82628],[-65.36488,-10.82667]]]},"properties":{"n":"GUAYARAMERIN","p":84,"personas_x_ha":81,"masculinidad":79,"pct_menor20":48,"pct_60mas":13,"pct_migrante":30,"dependencia_econ":156,"pct_empleados":31,"pct_cuentapropia":59,"pct_agricultura":16,"pct_comercio":25,"pct_manufactura":9,"pct_construccion":12,"pct_transporte":6,"pct_alojamiento":3,"pct_sin_educacion":0,"pct_educ_superior":23,"brecha_educ":21,"pct_sin_seguro":12,"pct_sus":78,"pct_seguro_privado":0,"brecha_seguro":8,"pct_salud_publica":58,"pct_med_tradicional":0,"pct_automedicacion":16,"pct_remedios_caseros":17,"pct_viv_desocupada":5,"pct_alquiler":15,"pct_electricidad":100,"pct_sin_electricidad":0,"pct_agua_red":75,"pct_alcantarillado":65,"pct_camara_septica":0,"pct_pozo_ciego":35,"pct_sin_desague":0,"pct_gas_red":15,"pct_gas_garrafa":80,"pct_lena_guano":80,"pct_basura_formal":100,"pct_basura_quema":0,"pct_basura_informal":0,"pct_internet":70,"pct_celular":75,"pct_televisor":50}},{"type":"Feature","geometry":{"type":"Polygon","coordinates":[[[-65.35714,-10.83167],[-65.35635,-10.8321],[-65.35676,-10.8329],[-65.35754,-10.83247],[-65.35714,-10.83167]]]},"properties":{"n":"GUAYARAMERIN","p":21,"personas_x_ha":20,"masculinidad":110,"pct_menor20":62,"pct_60mas":0,"pct_migrante":62,"dependencia_econ":null,"pct_empleados":null,"pct_cuentapropia":null,"pct_agricultura":null,"pct_comercio":null,"pct_manufactura":null,"pct_construccion":null,"pct_transporte":null,"pct_alojamiento":null,"pct_sin_educacion":0,"pct_educ_superior":25,"brecha_educ":0,"pct_sin_seguro":0,"pct_sus":100,"pct_seguro_privado":0,"brecha_seguro":0,"pct_salud_publica":81,"pct_med_tradicional":0,"pct_automedicacion":0,"pct_remedios_caseros":0,"pct_viv_desocupada":57,"pct_alquiler":0,"pct_electricidad":60,"pct_sin_electricidad":20,"pct_agua_red":40,"pct_alcantarillado":40,"pct_camara_septica":20,"pct_pozo_ciego":20,"pct_sin_desague":20,"pct_gas_red":0,"pct_gas_garrafa":80,"pct_lena_guano":80,"pct_basura_formal":100,"pct_basura_quema":0,"pct_basura_informal":0,"pct_internet":100,"pct_celular":100,"pct_televisor":60}},{"type":"Feature","geometry":{"type":"Polygon","coordinates":[[[-65.37063,-10.81216],[-65.37023,-10.81143],[-65.36969,-10.81154],[-65.3701,-10.8123],[-65.37063,-10.81216]]]},"properties":{"n":"GUAYARAMERIN","p":39,"personas_x_ha":69,"masculinidad":117,"pct_menor20":49,"pct_60mas":10,"pct_migrante":38,"dependencia_econ":117,"pct_empleados":39,"pct_cuentapropia":39,"pct_agricultura":11,"pct_comercio":22,"pct_manufactura":6,"pct_construccion":0,"pct_transporte":0,"pct_alojamiento":11,"pct_sin_educacion":0,"pct_educ_superior":25,"brecha_educ":-20,"pct_sin_seguro":8,"pct_sus":64,"pct_seguro_privado":0,"brecha_seguro":-6,"pct_salud_publica":32,"pct_med_tradicional":6,"pct_automedicacion":24,"pct_remedios_caseros":20,"pct_viv_desocupada":0,"pct_alquiler":0,"pct_electricidad":82,"pct_sin_electricidad":9,"pct_agua_red":45,"pct_alcantarillado":9,"pct_camara_septica":27,"pct_pozo_ciego":9,"pct_sin_desague":18,"pct_gas_red":0,"pct_gas_garrafa":73,"pct_lena_guano":73,"pct_basura_formal":82,"pct_basura_quema":18,"pct_basura_informal":0,"pct_internet":91,"pct_celular":100,"pct_televisor":36}},{"type":"Feature","geometry":{"type":"Polygon","coordinates":[[[-65.36045,-10.82532],[-65.36088,-10.82616],[-65.36173,-10.82573],[-65.36132,-10.8249],[-65.36045,-10.82532]]]},"properties":{"n":"GUAYARAMERIN","p":46,"personas_x_ha":40,"masculinidad":109,"pct_menor20":46,"pct_60mas":11,"pct_migrante":35,"dependencia_econ":142,"pct_empleados":53,"pct_cuentapropia":16,"pct_agricultura":16,"pct_comercio":16,"pct_manufactura":0,"pct_construccion":5,"pct_transporte":16,"pct_alojamiento":0,"pct_sin_educacion":0,"pct_educ_superior":62,"brecha_educ":13,"pct_sin_seguro":4,"pct_sus":69,"pct_seguro_privado":0,"brecha_seguro":8,"pct_salud_publica":34,"pct_med_tradicional":3,"pct_automedicacion":7,"pct_remedios_caseros":31,"pct_viv_desocupada":7,"pct_alquiler":31,"pct_electricidad":100,"pct_sin_electricidad":0,"pct_agua_red":100,"pct_alcantarillado":23,"pct_camara_septica":54,"pct_pozo_ciego":23,"pct_sin_desague":0,"pct_gas_red":8,"pct_gas_garrafa":85,"pct_lena_guano":85,"pct_basura_formal":100,"pct_basura_quema":0,"pct_basura_informal":0,"pct_internet":92,"pct_celular":100,"pct_televisor":85}},{"type":"Feature","geometry":{"type":"Polygon","coordinates":[[[-65.35406,-10.80778],[-65.35497,-10.80734],[-65.35456,-10.80656],[-65.35365,-10.80699],[-65.35406,-10.80778]]]},"properties":{"n":"GUAYARAMERIN","p":110,"personas_x_ha":101,"masculinidad":75,"pct_menor20":37,"pct_60mas":14,"pct_migrante":29,"dependencia_econ":126,"pct_empleados":38,"pct_cuentapropia":40,"pct_agricultura":13,"pct_comercio":9,"pct_manufactura":6,"pct_construccion":6,"pct_transporte":13,"pct_alojamiento":4,"pct_sin_educacion":0,"pct_educ_superior":39,"brecha_educ":-2,"pct_sin_seguro":1,"pct_sus":77,"pct_seguro_privado":3,"brecha_seguro":-2,"pct_salud_publica":35,"pct_med_tradicional":4,"pct_automedicacion":17,"pct_remedios_caseros":24,"pct_viv_desocupada":8,"pct_alquiler":17,"pct_electricidad":100,"pct_sin_electricidad":0,"pct_agua_red":100,"pct_alcantarillado":83,"pct_camara_septica":13,"pct_pozo_ciego":4,"pct_sin_desague":0,"pct_gas_red":0,"pct_gas_garrafa":100,"pct_lena_guano":100,"pct_basura_formal":100,"pct_basura_quema":0,"pct_basura_informal":0,"pct_internet":83,"pct_celular":83,"pct_televisor":74}},{"type":"Feature","geometry":{"type":"Polygon","coordinates":[[[-65.35774,-10.82781],[-65.3569,-10.82822],[-65.3573,-10.82908],[-65.35817,-10.82866],[-65.35774,-10.82781]]]},"properties":{"n":"GUAYARAMERIN","p":91,"personas_x_ha":79,"masculinidad":112,"pct_menor20":41,"pct_60mas":13,"pct_migrante":25,"dependencia_econ":200,"pct_empleados":37,"pct_cuentapropia":43,"pct_agricultura":17,"pct_comercio":23,"pct_manufactura":3,"pct_construccion":7,"pct_transporte":0,"pct_alojamiento":13,"pct_sin_educacion":2,"pct_educ_superior":29,"brecha_educ":-5,"pct_sin_seguro":20,"pct_sus":66,"pct_seguro_privado":8,"brecha_seguro":6,"pct_salud_publica":36,"pct_med_tradicional":9,"pct_automedicacion":11,"pct_remedios_caseros":20,"pct_viv_desocupada":9,"pct_alquiler":11,"pct_electricidad":95,"pct_sin_electricidad":5,"pct_agua_red":79,"pct_alcantarillado":74,"pct_camara_septica":21,"pct_pozo_ciego":5,"pct_sin_desague":0,"pct_gas_red":16,"pct_gas_garrafa":74,"pct_lena_guano":74,"pct_basura_formal":100,"pct_basura_quema":0,"pct_basura_informal":0,"pct_internet":63,"pct_celular":63,"pct_televisor":74}},{"type":"Feature","geometry":{"type":"Polygon","coordinates":[[[-65.36378,-10.82243],[-65.36335,-10.82151],[-65.3625,-10.82194],[-65.36297,-10.82285],[-65.36378,-10.82243]]]},"properties":{"n":"GUAYARAMERIN","p":30,"personas_x_ha":26,"masculinidad":88,"pct_menor20":33,"pct_60mas":13,"pct_migrante":17,"dependencia_econ":170,"pct_empleados":40,"pct_cuentapropia":50,"pct_agricultura":10,"pct_comercio":20,"pct_manufactura":20,"pct_construccion":0,"pct_transporte":0,"pct_alojamiento":0,"pct_sin_educacion":0,"pct_educ_superior":18,"brecha_educ":-2,"pct_sin_seguro":37,"pct_sus":59,"pct_seguro_privado":4,"brecha_seguro":-32,"pct_salud_publica":37,"pct_med_tradicional":6,"pct_automedicacion":15,"pct_remedios_caseros":23,"pct_viv_desocupada":0,"pct_alquiler":0,"pct_electricidad":100,"pct_sin_electricidad":0,"pct_agua_red":60,"pct_alcantarillado":60,"pct_camara_septica":0,"pct_pozo_ciego":40,"pct_sin_desague":0,"pct_gas_red":0,"pct_gas_garrafa":100,"pct_lena_guano":100,"pct_basura_formal":90,"pct_basura_quema":10,"pct_basura_informal":0,"pct_internet":60,"pct_celular":70,"pct_televisor":80}},{"type":"Feature","geometry":{"type":"Polygon","coordinates":[[[-65.3405,-10.83729],[-65.34234,-10.83779],[-65.34249,-10.83726],[-65.34063,-10.83673],[-65.3405,-10.83729]]]},"properties":{"n":"GUAYARAMERIN","p":79,"personas_x_ha":60,"masculinidad":98,"pct_menor20":42,"pct_60mas":9,"pct_migrante":22,"dependencia_econ":152,"pct_empleados":58,"pct_cuentapropia":29,"pct_agricultura":6,"pct_comercio":16,"pct_manufactura":13,"pct_construccion":6,"pct_transporte":6,"pct_alojamiento":10,"pct_sin_educacion":0,"pct_educ_superior":30,"brecha_educ":-3,"pct_sin_seguro":9,"pct_sus":91,"pct_seguro_privado":0,"brecha_seguro":3,"pct_salud_publica":69,"pct_med_tradicional":0,"pct_automedicacion":0,"pct_remedios_caseros":11,"pct_viv_desocupada":7,"pct_alquiler":4,"pct_electricidad":100,"pct_sin_electricidad":0,"pct_agua_red":96,"pct_alcantarillado":9,"pct_camara_septica":83,"pct_pozo_ciego":4,"pct_sin_desague":0,"pct_gas_red":65,"pct_gas_garrafa":35,"pct_lena_guano":35,"pct_basura_formal":100,"pct_basura_quema":0,"pct_basura_informal":0,"pct_internet":78,"pct_celular":78,"pct_televisor":74}},{"type":"Feature","geometry":{"type":"Polygon","coordinates":[[[-65.34884,-10.82413],[-65.34907,-10.8233],[-65.34831,-10.82315],[-65.34771,-10.82518],[-65.34826,-10.82533],[-65.34853,-10.82527],[-65.34913,-10.82495],[-65.34891,-10.82453],[-65.34873,-10.82463],[-65.34884,-10.82415],[-65.34854,-10.82407],[-65.34884,-10.82413]]]},"properties":{"n":"GUAYARAMERIN","p":64,"personas_x_ha":28,"masculinidad":100,"pct_menor20":42,"pct_60mas":8,"pct_migrante":47,"dependencia_econ":156,"pct_empleados":28,"pct_cuentapropia":48,"pct_agricultura":8,"pct_comercio":44,"pct_manufactura":8,"pct_construccion":12,"pct_transporte":4,"pct_alojamiento":0,"pct_sin_educacion":0,"pct_educ_superior":26,"brecha_educ":-5,"pct_sin_seguro":9,"pct_sus":77,"pct_seguro_privado":5,"brecha_seguro":0,"pct_salud_publica":50,"pct_med_tradicional":0,"pct_automedicacion":11,"pct_remedios_caseros":20,"pct_viv_desocupada":21,"pct_alquiler":12,"pct_electricidad":100,"pct_sin_electricidad":0,"pct_agua_red":100,"pct_alcantarillado":12,"pct_camara_septica":50,"pct_pozo_ciego":38,"pct_sin_desague":0,"pct_gas_red":6,"pct_gas_garrafa":94,"pct_lena_guano":94,"pct_basura_formal":94,"pct_basura_quema":0,"pct_basura_informal":0,"pct_internet":81,"pct_celular":88,"pct_televisor":69}},{"type":"Feature","geometry":{"type":"Polygon","coordinates":[[[-65.35016,-10.81459],[-65.35104,-10.81414],[-65.3506,-10.8133],[-65.34974,-10.81375],[-65.35016,-10.81459]]]},"properties":{"n":"GUAYARAMERIN","p":59,"personas_x_ha":51,"masculinidad":90,"pct_menor20":36,"pct_60mas":15,"pct_migrante":15,"dependencia_econ":157,"pct_empleados":33,"pct_cuentapropia":43,"pct_agricultura":24,"pct_comercio":10,"pct_manufactura":14,"pct_construccion":10,"pct_transporte":5,"pct_alojamiento":5,"pct_sin_educacion":3,"pct_educ_superior":34,"brecha_educ":1,"pct_sin_seguro":8,"pct_sus":73,"pct_seguro_privado":0,"brecha_seguro":2,"pct_salud_publica":64,"pct_med_tradicional":0,"pct_automedicacion":2,"pct_remedios_caseros":2,"pct_viv_desocupada":8,"pct_alquiler":29,"pct_electricidad":100,"pct_sin_electricidad":0,"pct_agua_red":100,"pct_alcantarillado":82,"pct_camara_septica":6,"pct_pozo_ciego":0,"pct_sin_desague":6,"pct_gas_red":0,"pct_gas_garrafa":88,"pct_lena_guano":88,"pct_basura_formal":100,"pct_basura_quema":0,"pct_basura_informal":0,"pct_internet":82,"pct_celular":76,"pct_televisor":71}},{"type":"Feature","geometry":{"type":"Polygon","coordinates":[[[-65.34699,-10.82493],[-65.34755,-10.82299],[-65.34687,-10.82281],[-65.34628,-10.82478],[-65.34699,-10.82493]]]},"properties":{"n":"GUAYARAMERIN","p":95,"personas_x_ha":52,"masculinidad":107,"pct_menor20":38,"pct_60mas":13,"pct_migrante":37,"dependencia_econ":114,"pct_empleados":30,"pct_cuentapropia":48,"pct_agricultura":2,"pct_comercio":32,"pct_manufactura":9,"pct_construccion":11,"pct_transporte":2,"pct_alojamiento":11,"pct_sin_educacion":5,"pct_educ_superior":19,"brecha_educ":-1,"pct_sin_seguro":27,"pct_sus":66,"pct_seguro_privado":0,"brecha_seguro":-1,"pct_salud_publica":54,"pct_med_tradicional":4,"pct_automedicacion":4,"pct_remedios_caseros":26,"pct_viv_desocupada":14,"pct_alquiler":21,"pct_electricidad":100,"pct_sin_electricidad":0,"pct_agua_red":88,"pct_alcantarillado":4,"pct_camara_septica":71,"pct_pozo_ciego":25,"pct_sin_desague":0,"pct_gas_red":0,"pct_gas_garrafa":88,"pct_lena_guano":92,"pct_basura_formal":96,"pct_basura_quema":4,"pct_basura_informal":0,"pct_internet":83,"pct_celular":83,"pct_televisor":54}},{"type":"Feature","geometry":{"type":"Polygon","coordinates":[[[-65.35723,-10.84204],[-65.35686,-10.84127],[-65.35678,-10.84125],[-65.35592,-10.84169],[-65.35634,-10.84249],[-65.35723,-10.84204]]]},"properties":{"n":"GUAYARAMERIN","p":28,"personas_x_ha":25,"masculinidad":115,"pct_menor20":54,"pct_60mas":0,"pct_migrante":32,"dependencia_econ":127,"pct_empleados":9,"pct_cuentapropia":82,"pct_agricultura":27,"pct_comercio":36,"pct_manufactura":0,"pct_construccion":0,"pct_transporte":9,"pct_alojamiento":0,"pct_sin_educacion":0,"pct_educ_superior":0,"brecha_educ":19,"pct_sin_seguro":4,"pct_sus":96,"pct_seguro_privado":0,"brecha_seguro":7,"pct_salud_publica":57,"pct_med_tradicional":0,"pct_automedicacion":5,"pct_remedios_caseros":32,"pct_viv_desocupada":0,"pct_alquiler":50,"pct_electricidad":100,"pct_sin_electricidad":0,"pct_agua_red":50,"pct_alcantarillado":0,"pct_camara_septica":50,"pct_pozo_ciego":50,"pct_sin_desague":0,"pct_gas_red":0,"pct_gas_garrafa":88,"pct_lena_guano":88,"pct_basura_formal":100,"pct_basura_quema":0,"pct_basura_informal":0,"pct_internet":62,"pct_celular":75,"pct_televisor":50}},{"type":"Feature","geometry":{"type":"Polygon","coordinates":[[[-65.34859,-10.83552],[-65.34769,-10.83523],[-65.34754,-10.83578],[-65.34844,-10.83604],[-65.34859,-10.83552]]]},"properties":{"n":"GUAYARAMERIN","p":37,"personas_x_ha":57,"masculinidad":76,"pct_menor20":35,"pct_60mas":14,"pct_migrante":27,"dependencia_econ":120,"pct_empleados":27,"pct_cuentapropia":60,"pct_agricultura":13,"pct_comercio":20,"pct_manufactura":13,"pct_construccion":13,"pct_transporte":13,"pct_alojamiento":0,"pct_sin_educacion":4,"pct_educ_superior":26,"brecha_educ":28,"pct_sin_seguro":0,"pct_sus":86,"pct_seguro_privado":0,"brecha_seguro":0,"pct_salud_publica":36,"pct_med_tradicional":0,"pct_automedicacion":21,"pct_remedios_caseros":26,"pct_viv_desocupada":0,"pct_alquiler":9,"pct_electricidad":100,"pct_sin_electricidad":0,"pct_agua_red":55,"pct_alcantarillado":27,"pct_camara_septica":9,"pct_pozo_ciego":18,"pct_sin_desague":0,"pct_gas_red":0,"pct_gas_garrafa":100,"pct_lena_guano":100,"pct_basura_formal":100,"pct_basura_quema":0,"pct_basura_informal":0,"pct_internet":82,"pct_celular":82,"pct_televisor":73}},{"type":"Feature","geometry":{"type":"Polygon","coordinates":[[[-65.35562,-10.82053],[-65.35606,-10.82138],[-65.35688,-10.82096],[-65.35647,-10.82011],[-65.35562,-10.82053]]]},"properties":{"n":"GUAYARAMERIN","p":49,"personas_x_ha":45,"masculinidad":96,"pct_menor20":27,"pct_60mas":20,"pct_migrante":57,"dependencia_econ":63,"pct_empleados":27,"pct_cuentapropia":60,"pct_agricultura":3,"pct_comercio":33,"pct_manufactura":0,"pct_construccion":3,"pct_transporte":30,"pct_alojamiento":3,"pct_sin_educacion":3,"pct_educ_superior":42,"brecha_educ":-11,"pct_sin_seguro":20,"pct_sus":55,"pct_seguro_privado":2,"brecha_seguro":1,"pct_salud_publica":27,"pct_med_tradicional":9,"pct_automedicacion":18,"pct_remedios_caseros":26,"pct_viv_desocupada":13,"pct_alquiler":8,"pct_electricidad":100,"pct_sin_electricidad":0,"pct_agua_red":100,"pct_alcantarillado":83,"pct_camara_septica":17,"pct_pozo_ciego":0,"pct_sin_desague":0,"pct_gas_red":0,"pct_gas_garrafa":100,"pct_lena_guano":100,"pct_basura_formal":100,"pct_basura_quema":0,"pct_basura_informal":0,"pct_internet":100,"pct_celular":100,"pct_televisor":92}},{"type":"Feature","geometry":{"type":"Polygon","coordinates":[[[-65.34872,-10.83902],[-65.34777,-10.83874],[-65.34761,-10.83929],[-65.34856,-10.83957],[-65.34872,-10.83902]]]},"properties":{"n":"GUAYARAMERIN","p":15,"personas_x_ha":21,"masculinidad":88,"pct_menor20":20,"pct_60mas":7,"pct_migrante":27,"dependencia_econ":86,"pct_empleados":43,"pct_cuentapropia":57,"pct_agricultura":14,"pct_comercio":29,"pct_manufactura":0,"pct_construccion":0,"pct_transporte":14,"pct_alojamiento":0,"pct_sin_educacion":0,"pct_educ_superior":50,"brecha_educ":-17,"pct_sin_seguro":0,"pct_sus":100,"pct_seguro_privado":0,"brecha_seguro":0,"pct_salud_publica":26,"pct_med_tradicional":3,"pct_automedicacion":23,"pct_remedios_caseros":15,"pct_viv_desocupada":0,"pct_alquiler":29,"pct_electricidad":100,"pct_sin_electricidad":0,"pct_agua_red":43,"pct_alcantarillado":14,"pct_camara_septica":57,"pct_pozo_ciego":29,"pct_sin_desague":0,"pct_gas_red":0,"pct_gas_garrafa":100,"pct_lena_guano":100,"pct_basura_formal":100,"pct_basura_quema":0,"pct_basura_informal":0,"pct_internet":86,"pct_celular":100,"pct_televisor":100}},{"type":"Feature","geometry":{"type":"Polygon","coordinates":[[[-65.36679,-10.81198],[-65.36644,-10.81134],[-65.36592,-10.81159],[-65.36643,-10.81263],[-65.36679,-10.81198]]]},"properties":{"n":"GUAYARAMERIN","p":23,"personas_x_ha":33,"masculinidad":109,"pct_menor20":43,"pct_60mas":0,"pct_migrante":17,"dependencia_econ":64,"pct_empleados":21,"pct_cuentapropia":50,"pct_agricultura":7,"pct_comercio":14,"pct_manufactura":7,"pct_construccion":21,"pct_transporte":0,"pct_alojamiento":21,"pct_sin_educacion":0,"pct_educ_superior":43,"brecha_educ":0,"pct_sin_seguro":17,"pct_sus":70,"pct_seguro_privado":0,"brecha_seguro":-2,"pct_salud_publica":29,"pct_med_tradicional":6,"pct_automedicacion":19,"pct_remedios_caseros":26,"pct_viv_desocupada":10,"pct_alquiler":0,"pct_electricidad":100,"pct_sin_electricidad":0,"pct_agua_red":100,"pct_alcantarillado":20,"pct_camara_septica":20,"pct_pozo_ciego":40,"pct_sin_desague":20,"pct_gas_red":0,"pct_gas_garrafa":100,"pct_lena_guano":100,"pct_basura_formal":80,"pct_basura_quema":0,"pct_basura_informal":0,"pct_internet":80,"pct_celular":100,"pct_televisor":80}},{"type":"Feature","geometry":{"type":"Polygon","coordinates":[[[-65.36589,-10.81153],[-65.36642,-10.81125],[-65.36596,-10.81046],[-65.36545,-10.81074],[-65.36589,-10.81153]]]},"properties":{"n":"GUAYARAMERIN","p":36,"personas_x_ha":52,"masculinidad":140,"pct_menor20":47,"pct_60mas":11,"pct_migrante":19,"dependencia_econ":127,"pct_empleados":20,"pct_cuentapropia":67,"pct_agricultura":20,"pct_comercio":27,"pct_manufactura":7,"pct_construccion":20,"pct_transporte":7,"pct_alojamiento":0,"pct_sin_educacion":22,"pct_educ_superior":17,"brecha_educ":11,"pct_sin_seguro":3,"pct_sus":88,"pct_seguro_privado":3,"brecha_seguro":5,"pct_salud_publica":39,"pct_med_tradicional":2,"pct_automedicacion":21,"pct_remedios_caseros":33,"pct_viv_desocupada":0,"pct_alquiler":18,"pct_electricidad":100,"pct_sin_electricidad":0,"pct_agua_red":64,"pct_alcantarillado":9,"pct_camara_septica":27,"pct_pozo_ciego":45,"pct_sin_desague":0,"pct_gas_red":0,"pct_gas_garrafa":100,"pct_lena_guano":100,"pct_basura_formal":100,"pct_basura_quema":0,"pct_basura_informal":0,"pct_internet":73,"pct_celular":73,"pct_televisor":73}},{"type":"Feature","geometry":{"type":"Polygon","coordinates":[[[-65.34507,-10.83591],[-65.34415,-10.83566],[-65.34399,-10.83619],[-65.34492,-10.83648],[-65.34507,-10.83591]]]},"properties":{"n":"GUAYARAMERIN","p":16,"personas_x_ha":24,"masculinidad":129,"pct_menor20":31,"pct_60mas":12,"pct_migrante":56,"dependencia_econ":50,"pct_empleados":40,"pct_cuentapropia":30,"pct_agricultura":30,"pct_comercio":10,"pct_manufactura":10,"pct_construccion":0,"pct_transporte":20,"pct_alojamiento":0,"pct_sin_educacion":9,"pct_educ_superior":9,"brecha_educ":29,"pct_sin_seguro":0,"pct_sus":87,"pct_seguro_privado":7,"brecha_seguro":0,"pct_salud_publica":32,"pct_med_tradicional":12,"pct_automedicacion":22,"pct_remedios_caseros":22,"pct_viv_desocupada":12,"pct_alquiler":0,"pct_electricidad":100,"pct_sin_electricidad":0,"pct_agua_red":71,"pct_alcantarillado":0,"pct_camara_septica":43,"pct_pozo_ciego":57,"pct_sin_desague":0,"pct_gas_red":0,"pct_gas_garrafa":86,"pct_lena_guano":86,"pct_basura_formal":86,"pct_basura_quema":14,"pct_basura_informal":0,"pct_internet":86,"pct_celular":86,"pct_televisor":71}},{"type":"Feature","geometry":{"type":"Polygon","coordinates":[[[-65.35549,-10.80832],[-65.35506,-10.80745],[-65.35414,-10.80792],[-65.35457,-10.80881],[-65.35549,-10.80832]]]},"properties":{"n":"GUAYARAMERIN","p":74,"personas_x_ha":59,"masculinidad":72,"pct_menor20":36,"pct_60mas":15,"pct_migrante":23,"dependencia_econ":128,"pct_empleados":28,"pct_cuentapropia":47,"pct_agricultura":12,"pct_comercio":22,"pct_manufactura":0,"pct_construccion":6,"pct_transporte":25,"pct_alojamiento":0,"pct_sin_educacion":0,"pct_educ_superior":29,"brecha_educ":-11,"pct_sin_seguro":16,"pct_sus":83,"pct_seguro_privado":0,"brecha_seguro":13,"pct_salud_publica":31,"pct_med_tradicional":1,"pct_automedicacion":12,"pct_remedios_caseros":29,"pct_viv_desocupada":5,"pct_alquiler":5,"pct_electricidad":100,"pct_sin_electricidad":0,"pct_agua_red":74,"pct_alcantarillado":53,"pct_camara_septica":11,"pct_pozo_ciego":32,"pct_sin_desague":0,"pct_gas_red":0,"pct_gas_garrafa":95,"pct_lena_guano":95,"pct_basura_formal":100,"pct_basura_quema":0,"pct_basura_informal":0,"pct_internet":89,"pct_celular":100,"pct_televisor":84}},{"type":"Feature","geometry":{"type":"Polygon","coordinates":[[[-65.35448,-10.80883],[-65.35403,-10.80797],[-65.35316,-10.80841],[-65.3536,-10.80927],[-65.35448,-10.80883]]]},"properties":{"n":"GUAYARAMERIN","p":54,"personas_x_ha":47,"masculinidad":108,"pct_menor20":37,"pct_60mas":20,"pct_migrante":20,"dependencia_econ":130,"pct_empleados":26,"pct_cuentapropia":39,"pct_agricultura":13,"pct_comercio":17,"pct_manufactura":4,"pct_construccion":22,"pct_transporte":4,"pct_alojamiento":4,"pct_sin_educacion":3,"pct_educ_superior":27,"brecha_educ":-2,"pct_sin_seguro":0,"pct_sus":91,"pct_seguro_privado":0,"brecha_seguro":0,"pct_salud_publica":35,"pct_med_tradicional":6,"pct_automedicacion":21,"pct_remedios_caseros":24,"pct_viv_desocupada":0,"pct_alquiler":7,"pct_electricidad":100,"pct_sin_electricidad":0,"pct_agua_red":100,"pct_alcantarillado":93,"pct_camara_septica":7,"pct_pozo_ciego":0,"pct_sin_desague":0,"pct_gas_red":7,"pct_gas_garrafa":87,"pct_lena_guano":87,"pct_basura_formal":100,"pct_basura_quema":0,"pct_basura_informal":0,"pct_internet":87,"pct_celular":87,"pct_televisor":73}},{"type":"Feature","geometry":{"type":"Polygon","coordinates":[[[-65.35454,-10.82094],[-65.35535,-10.82053],[-65.35496,-10.8197],[-65.35412,-10.82011],[-65.35454,-10.82094]]]},"properties":{"n":"GUAYARAMERIN","p":68,"personas_x_ha":63,"masculinidad":89,"pct_menor20":31,"pct_60mas":15,"pct_migrante":43,"dependencia_econ":62,"pct_empleados":21,"pct_cuentapropia":64,"pct_agricultura":7,"pct_comercio":52,"pct_manufactura":5,"pct_construccion":2,"pct_transporte":0,"pct_alojamiento":19,"pct_sin_educacion":0,"pct_educ_superior":43,"brecha_educ":-11,"pct_sin_seguro":34,"pct_sus":41,"pct_seguro_privado":6,"brecha_seguro":13,"pct_salud_publica":52,"pct_med_tradicional":2,"pct_automedicacion":6,"pct_remedios_caseros":15,"pct_viv_desocupada":4,"pct_alquiler":29,"pct_electricidad":95,"pct_sin_electricidad":5,"pct_agua_red":100,"pct_alcantarillado":86,"pct_camara_septica":0,"pct_pozo_ciego":10,"pct_sin_desague":5,"pct_gas_red":19,"pct_gas_garrafa":76,"pct_lena_guano":76,"pct_basura_formal":100,"pct_basura_quema":0,"pct_basura_informal":0,"pct_internet":86,"pct_celular":90,"pct_televisor":86}},{"type":"Feature","geometry":{"type":"Polygon","coordinates":[[[-65.35598,-10.81178],[-65.35551,-10.81083],[-65.35464,-10.81125],[-65.35509,-10.81216],[-65.35598,-10.81178]]]},"properties":{"n":"GUAYARAMERIN","p":43,"personas_x_ha":34,"masculinidad":87,"pct_menor20":33,"pct_60mas":7,"pct_migrante":42,"dependencia_econ":56,"pct_empleados":30,"pct_cuentapropia":22,"pct_agricultura":0,"pct_comercio":11,"pct_manufactura":0,"pct_construccion":4,"pct_transporte":4,"pct_alojamiento":11,"pct_sin_educacion":7,"pct_educ_superior":50,"brecha_educ":3,"pct_sin_seguro":15,"pct_sus":75,"pct_seguro_privado":0,"brecha_seguro":13,"pct_salud_publica":60,"pct_med_tradicional":0,"pct_automedicacion":2,"pct_remedios_caseros":2,"pct_viv_desocupada":6,"pct_alquiler":14,"pct_electricidad":100,"pct_sin_electricidad":0,"pct_agua_red":93,"pct_alcantarillado":93,"pct_camara_septica":7,"pct_pozo_ciego":0,"pct_sin_desague":0,"pct_gas_red":0,"pct_gas_garrafa":100,"pct_lena_guano":100,"pct_basura_formal":100,"pct_basura_quema":0,"pct_basura_informal":0,"pct_internet":57,"pct_celular":64,"pct_televisor":64}},{"type":"Feature","geometry":{"type":"Polygon","coordinates":[[[-65.35349,-10.81187],[-65.35279,-10.81223],[-65.35392,-10.81266],[-65.35394,-10.81264],[-65.35349,-10.81187]]]},"properties":{"n":"GUAYARAMERIN","p":44,"personas_x_ha":99,"masculinidad":91,"pct_menor20":34,"pct_60mas":25,"pct_migrante":45,"dependencia_econ":115,"pct_empleados":45,"pct_cuentapropia":45,"pct_agricultura":15,"pct_comercio":45,"pct_manufactura":0,"pct_construccion":5,"pct_transporte":0,"pct_alojamiento":0,"pct_sin_educacion":7,"pct_educ_superior":41,"brecha_educ":-5,"pct_sin_seguro":7,"pct_sus":43,"pct_seguro_privado":12,"brecha_seguro":-4,"pct_salud_publica":25,"pct_med_tradicional":2,"pct_automedicacion":12,"pct_remedios_caseros":21,"pct_viv_desocupada":0,"pct_alquiler":8,"pct_electricidad":100,"pct_sin_electricidad":0,"pct_agua_red":100,"pct_alcantarillado":92,"pct_camara_septica":0,"pct_pozo_ciego":0,"pct_sin_desague":0,"pct_gas_red":0,"pct_gas_garrafa":100,"pct_lena_guano":100,"pct_basura_formal":100,"pct_basura_quema":0,"pct_basura_informal":0,"pct_internet":83,"pct_celular":92,"pct_televisor":83}},{"type":"Feature","geometry":{"type":"Polygon","coordinates":[[[-65.34457,-10.83052],[-65.34514,-10.83069],[-65.34525,-10.83065],[-65.34565,-10.82923],[-65.345,-10.82902],[-65.34494,-10.82906],[-65.34457,-10.83052]]]},"properties":{"n":"GUAYARAMERIN","p":83,"personas_x_ha":60,"masculinidad":124,"pct_menor20":34,"pct_60mas":12,"pct_migrante":24,"dependencia_econ":69,"pct_empleados":22,"pct_cuentapropia":59,"pct_agricultura":16,"pct_comercio":12,"pct_manufactura":24,"pct_construccion":8,"pct_transporte":10,"pct_alojamiento":16,"pct_sin_educacion":7,"pct_educ_superior":22,"brecha_educ":7,"pct_sin_seguro":20,"pct_sus":77,"pct_seguro_privado":1,"brecha_seguro":3,"pct_salud_publica":38,"pct_med_tradicional":2,"pct_automedicacion":17,"pct_remedios_caseros":33,"pct_viv_desocupada":7,"pct_alquiler":19,"pct_electricidad":100,"pct_sin_electricidad":0,"pct_agua_red":62,"pct_alcantarillado":24,"pct_camara_septica":24,"pct_pozo_ciego":43,"pct_sin_desague":0,"pct_gas_red":19,"pct_gas_garrafa":71,"pct_lena_guano":71,"pct_basura_formal":100,"pct_basura_quema":0,"pct_basura_informal":0,"pct_internet":76,"pct_celular":95,"pct_televisor":71}},{"type":"Feature","geometry":{"type":"Polygon","coordinates":[[[-65.35155,-10.82011],[-65.35115,-10.81927],[-65.35028,-10.8197],[-65.35075,-10.82055],[-65.35155,-10.82011]]]},"properties":{"n":"GUAYARAMERIN","p":95,"personas_x_ha":83,"masculinidad":79,"pct_menor20":36,"pct_60mas":13,"pct_migrante":46,"dependencia_econ":86,"pct_empleados":39,"pct_cuentapropia":37,"pct_agricultura":16,"pct_comercio":31,"pct_manufactura":10,"pct_construccion":2,"pct_transporte":4,"pct_alojamiento":8,"pct_sin_educacion":2,"pct_educ_superior":47,"brecha_educ":7,"pct_sin_seguro":26,"pct_sus":57,"pct_seguro_privado":0,"brecha_seguro":4,"pct_salud_publica":41,"pct_med_tradicional":4,"pct_automedicacion":11,"pct_remedios_caseros":23,"pct_viv_desocupada":0,"pct_alquiler":38,"pct_electricidad":100,"pct_sin_electricidad":0,"pct_agua_red":92,"pct_alcantarillado":88,"pct_camara_septica":12,"pct_pozo_ciego":0,"pct_sin_desague":0,"pct_gas_red":17,"pct_gas_garrafa":83,"pct_lena_guano":83,"pct_basura_formal":100,"pct_basura_quema":0,"pct_basura_informal":0,"pct_internet":88,"pct_celular":92,"pct_televisor":79}},{"type":"Feature","geometry":{"type":"Polygon","coordinates":[[[-65.35361,-10.81901],[-65.35438,-10.8186],[-65.35397,-10.81774],[-65.35319,-10.81817],[-65.35361,-10.81901]]]},"properties":{"n":"GUAYARAMERIN","p":59,"personas_x_ha":57,"masculinidad":74,"pct_menor20":34,"pct_60mas":12,"pct_migrante":56,"dependencia_econ":74,"pct_empleados":29,"pct_cuentapropia":44,"pct_agricultura":0,"pct_comercio":44,"pct_manufactura":9,"pct_construccion":9,"pct_transporte":3,"pct_alojamiento":0,"pct_sin_educacion":0,"pct_educ_superior":49,"brecha_educ":-17,"pct_sin_seguro":36,"pct_sus":55,"pct_seguro_privado":0,"brecha_seguro":-7,"pct_salud_publica":31,"pct_med_tradicional":1,"pct_automedicacion":18,"pct_remedios_caseros":24,"pct_viv_desocupada":0,"pct_alquiler":50,"pct_electricidad":94,"pct_sin_electricidad":0,"pct_agua_red":89,"pct_alcantarillado":94,"pct_camara_septica":6,"pct_pozo_ciego":0,"pct_sin_desague":0,"pct_gas_red":11,"pct_gas_garrafa":72,"pct_lena_guano":72,"pct_basura_formal":100,"pct_basura_quema":0,"pct_basura_informal":0,"pct_internet":94,"pct_celular":94,"pct_televisor":56}},{"type":"Feature","geometry":{"type":"Polygon","coordinates":[[[-65.36097,-10.82391],[-65.36137,-10.82476],[-65.36234,-10.82429],[-65.36192,-10.82346],[-65.36097,-10.82391]]]},"properties":{"n":"GUAYARAMERIN","p":41,"personas_x_ha":34,"masculinidad":86,"pct_menor20":44,"pct_60mas":10,"pct_migrante":49,"dependencia_econ":116,"pct_empleados":47,"pct_cuentapropia":47,"pct_agricultura":0,"pct_comercio":11,"pct_manufactura":5,"pct_construccion":5,"pct_transporte":11,"pct_alojamiento":21,"pct_sin_educacion":0,"pct_educ_superior":50,"brecha_educ":3,"pct_sin_seguro":24,"pct_sus":61,"pct_seguro_privado":0,"brecha_seguro":13,"pct_salud_publica":39,"pct_med_tradicional":1,"pct_automedicacion":7,"pct_remedios_caseros":13,"pct_viv_desocupada":0,"pct_alquiler":18,"pct_electricidad":100,"pct_sin_electricidad":0,"pct_agua_red":100,"pct_alcantarillado":64,"pct_camara_septica":36,"pct_pozo_ciego":0,"pct_sin_desague":0,"pct_gas_red":0,"pct_gas_garrafa":100,"pct_lena_guano":100,"pct_basura_formal":100,"pct_basura_quema":0,"pct_basura_informal":0,"pct_internet":91,"pct_celular":91,"pct_televisor":64}},{"type":"Feature","geometry":{"type":"Polygon","coordinates":[[[-65.35003,-10.81222],[-65.34956,-10.81136],[-65.34872,-10.81179],[-65.34918,-10.81265],[-65.35003,-10.81222]]]},"properties":{"n":"GUAYARAMERIN","p":87,"personas_x_ha":74,"masculinidad":81,"pct_menor20":34,"pct_60mas":17,"pct_migrante":28,"dependencia_econ":150,"pct_empleados":32,"pct_cuentapropia":29,"pct_agricultura":15,"pct_comercio":24,"pct_manufactura":3,"pct_construccion":12,"pct_transporte":0,"pct_alojamiento":12,"pct_sin_educacion":0,"pct_educ_superior":38,"brecha_educ":-6,"pct_sin_seguro":9,"pct_sus":68,"pct_seguro_privado":0,"brecha_seguro":0,"pct_salud_publica":39,"pct_med_tradicional":2,"pct_automedicacion":17,"pct_remedios_caseros":13,"pct_viv_desocupada":4,"pct_alquiler":19,"pct_electricidad":100,"pct_sin_electricidad":0,"pct_agua_red":100,"pct_alcantarillado":90,"pct_camara_septica":10,"pct_pozo_ciego":0,"pct_sin_desague":0,"pct_gas_red":5,"pct_gas_garrafa":95,"pct_lena_guano":95,"pct_basura_formal":100,"pct_basura_quema":0,"pct_basura_informal":0,"pct_internet":90,"pct_celular":100,"pct_televisor":90}},{"type":"Feature","geometry":{"type":"Polygon","coordinates":[[[-65.35992,-10.82187],[-65.36085,-10.82138],[-65.36041,-10.82051],[-65.35948,-10.82098],[-65.35992,-10.82187]]]},"properties":{"n":"GUAYARAMERIN","p":54,"personas_x_ha":43,"masculinidad":100,"pct_menor20":43,"pct_60mas":11,"pct_migrante":31,"dependencia_econ":116,"pct_empleados":52,"pct_cuentapropia":20,"pct_agricultura":4,"pct_comercio":4,"pct_manufactura":12,"pct_construccion":16,"pct_transporte":0,"pct_alojamiento":4,"pct_sin_educacion":0,"pct_educ_superior":48,"brecha_educ":-13,"pct_sin_seguro":6,"pct_sus":59,"pct_seguro_privado":0,"brecha_seguro":-4,"pct_salud_publica":43,"pct_med_tradicional":6,"pct_automedicacion":4,"pct_remedios_caseros":9,"pct_viv_desocupada":0,"pct_alquiler":33,"pct_electricidad":100,"pct_sin_electricidad":0,"pct_agua_red":100,"pct_alcantarillado":83,"pct_camara_septica":17,"pct_pozo_ciego":0,"pct_sin_desague":0,"pct_gas_red":0,"pct_gas_garrafa":92,"pct_lena_guano":92,"pct_basura_formal":100,"pct_basura_quema":0,"pct_basura_informal":0,"pct_internet":92,"pct_celular":100,"pct_televisor":75}},{"type":"Feature","geometry":{"type":"Polygon","coordinates":[[[-65.35651,-10.81508],[-65.35743,-10.81462],[-65.35654,-10.81399],[-65.35606,-10.81422],[-65.35651,-10.81508]]]},"properties":{"n":"GUAYARAMERIN","p":75,"personas_x_ha":78,"masculinidad":168,"pct_menor20":24,"pct_60mas":17,"pct_migrante":36,"dependencia_econ":64,"pct_empleados":31,"pct_cuentapropia":42,"pct_agricultura":11,"pct_comercio":13,"pct_manufactura":7,"pct_construccion":4,"pct_transporte":2,"pct_alojamiento":2,"pct_sin_educacion":3,"pct_educ_superior":41,"brecha_educ":3,"pct_sin_seguro":30,"pct_sus":46,"pct_seguro_privado":5,"brecha_seguro":0,"pct_salud_publica":39,"pct_med_tradicional":3,"pct_automedicacion":5,"pct_remedios_caseros":11,"pct_viv_desocupada":22,"pct_alquiler":16,"pct_electricidad":100,"pct_sin_electricidad":0,"pct_agua_red":95,"pct_alcantarillado":79,"pct_camara_septica":5,"pct_pozo_ciego":11,"pct_sin_desague":5,"pct_gas_red":11,"pct_gas_garrafa":74,"pct_lena_guano":74,"pct_basura_formal":95,"pct_basura_quema":0,"pct_basura_informal":0,"pct_internet":68,"pct_celular":74,"pct_televisor":79}},{"type":"Feature","geometry":{"type":"Polygon","coordinates":[[[-65.35553,-10.81556],[-65.35637,-10.81514],[-65.35594,-10.81429],[-65.35509,-10.81471],[-65.35553,-10.81556]]]},"properties":{"n":"GUAYARAMERIN","p":80,"personas_x_ha":72,"masculinidad":95,"pct_menor20":35,"pct_60mas":15,"pct_migrante":48,"dependencia_econ":93,"pct_empleados":49,"pct_cuentapropia":37,"pct_agricultura":5,"pct_comercio":32,"pct_manufactura":2,"pct_construccion":7,"pct_transporte":0,"pct_alojamiento":2,"pct_sin_educacion":0,"pct_educ_superior":50,"brecha_educ":5,"pct_sin_seguro":24,"pct_sus":47,"pct_seguro_privado":0,"brecha_seguro":4,"pct_salud_publica":22,"pct_med_tradicional":7,"pct_automedicacion":16,"pct_remedios_caseros":19,"pct_viv_desocupada":14,"pct_alquiler":26,"pct_electricidad":100,"pct_sin_electricidad":0,"pct_agua_red":100,"pct_alcantarillado":74,"pct_camara_septica":17,"pct_pozo_ciego":9,"pct_sin_desague":0,"pct_gas_red":4,"pct_gas_garrafa":83,"pct_lena_guano":83,"pct_basura_formal":100,"pct_basura_quema":0,"pct_basura_informal":0,"pct_internet":91,"pct_celular":91,"pct_televisor":78}},{"type":"Feature","geometry":{"type":"Polygon","coordinates":[[[-65.35394,-10.81516],[-65.35312,-10.81553],[-65.35268,-10.81468],[-65.35354,-10.81425],[-65.35398,-10.81505],[-65.35394,-10.81516]]]},"properties":{"n":"GUAYARAMERIN","p":42,"personas_x_ha":35,"masculinidad":62,"pct_menor20":38,"pct_60mas":10,"pct_migrante":43,"dependencia_econ":91,"pct_empleados":18,"pct_cuentapropia":18,"pct_agricultura":5,"pct_comercio":18,"pct_manufactura":0,"pct_construccion":5,"pct_transporte":0,"pct_alojamiento":5,"pct_sin_educacion":0,"pct_educ_superior":33,"brecha_educ":15,"pct_sin_seguro":17,"pct_sus":83,"pct_seguro_privado":0,"brecha_seguro":-6,"pct_salud_publica":61,"pct_med_tradicional":3,"pct_automedicacion":5,"pct_remedios_caseros":13,"pct_viv_desocupada":17,"pct_alquiler":33,"pct_electricidad":100,"pct_sin_electricidad":0,"pct_agua_red":94,"pct_alcantarillado":83,"pct_camara_septica":6,"pct_pozo_ciego":0,"pct_sin_desague":11,"pct_gas_red":0,"pct_gas_garrafa":89,"pct_lena_guano":89,"pct_basura_formal":100,"pct_basura_quema":0,"pct_basura_informal":0,"pct_internet":94,"pct_celular":94,"pct_televisor":78}},{"type":"Feature","geometry":{"type":"Polygon","coordinates":[[[-65.35203,-10.81382],[-65.35123,-10.8142],[-65.35166,-10.81506],[-65.35245,-10.81464],[-65.35203,-10.81382]]]},"properties":{"n":"GUAYARAMERIN","p":78,"personas_x_ha":75,"masculinidad":86,"pct_menor20":27,"pct_60mas":12,"pct_migrante":40,"dependencia_econ":95,"pct_empleados":22,"pct_cuentapropia":72,"pct_agricultura":0,"pct_comercio":38,"pct_manufactura":15,"pct_construccion":2,"pct_transporte":5,"pct_alojamiento":10,"pct_sin_educacion":2,"pct_educ_superior":50,"brecha_educ":-4,"pct_sin_seguro":12,"pct_sus":78,"pct_seguro_privado":0,"brecha_seguro":4,"pct_salud_publica":43,"pct_med_tradicional":3,"pct_automedicacion":3,"pct_remedios_caseros":14,"pct_viv_desocupada":12,"pct_alquiler":15,"pct_electricidad":100,"pct_sin_electricidad":0,"pct_agua_red":100,"pct_alcantarillado":95,"pct_camara_septica":5,"pct_pozo_ciego":0,"pct_sin_desague":0,"pct_gas_red":10,"pct_gas_garrafa":85,"pct_lena_guano":85,"pct_basura_formal":100,"pct_basura_quema":0,"pct_basura_informal":0,"pct_internet":75,"pct_celular":95,"pct_televisor":85}},{"type":"Feature","geometry":{"type":"Polygon","coordinates":[[[-65.35266,-10.81702],[-65.35342,-10.81661],[-65.35298,-10.81577],[-65.35223,-10.81614],[-65.35266,-10.81702]]]},"properties":{"n":"GUAYARAMERIN","p":40,"personas_x_ha":39,"masculinidad":82,"pct_menor20":30,"pct_60mas":18,"pct_migrante":65,"dependencia_econ":60,"pct_empleados":28,"pct_cuentapropia":48,"pct_agricultura":0,"pct_comercio":68,"pct_manufactura":0,"pct_construccion":0,"pct_transporte":12,"pct_alojamiento":0,"pct_sin_educacion":4,"pct_educ_superior":29,"brecha_educ":-14,"pct_sin_seguro":33,"pct_sus":51,"pct_seguro_privado":0,"brecha_seguro":10,"pct_salud_publica":41,"pct_med_tradicional":12,"pct_automedicacion":6,"pct_remedios_caseros":18,"pct_viv_desocupada":0,"pct_alquiler":35,"pct_electricidad":100,"pct_sin_electricidad":0,"pct_agua_red":82,"pct_alcantarillado":94,"pct_camara_septica":6,"pct_pozo_ciego":0,"pct_sin_desague":0,"pct_gas_red":6,"pct_gas_garrafa":88,"pct_lena_guano":88,"pct_basura_formal":100,"pct_basura_quema":0,"pct_basura_informal":0,"pct_internet":82,"pct_celular":94,"pct_televisor":88}},{"type":"Feature","geometry":{"type":"Polygon","coordinates":[[[-65.34915,-10.83357],[-65.3482,-10.83329],[-65.34804,-10.83383],[-65.34901,-10.83413],[-65.34915,-10.83357]]]},"properties":{"n":"GUAYARAMERIN","p":47,"personas_x_ha":67,"masculinidad":81,"pct_menor20":38,"pct_60mas":9,"pct_migrante":21,"dependencia_econ":176,"pct_empleados":29,"pct_cuentapropia":35,"pct_agricultura":35,"pct_comercio":18,"pct_manufactura":0,"pct_construccion":6,"pct_transporte":6,"pct_alojamiento":0,"pct_sin_educacion":0,"pct_educ_superior":17,"brecha_educ":16,"pct_sin_seguro":13,"pct_sus":83,"pct_seguro_privado":0,"brecha_seguro":3,"pct_salud_publica":53,"pct_med_tradicional":1,"pct_automedicacion":7,"pct_remedios_caseros":32,"pct_viv_desocupada":0,"pct_alquiler":0,"pct_electricidad":100,"pct_sin_electricidad":0,"pct_agua_red":20,"pct_alcantarillado":10,"pct_camara_septica":20,"pct_pozo_ciego":50,"pct_sin_desague":0,"pct_gas_red":0,"pct_gas_garrafa":100,"pct_lena_guano":100,"pct_basura_formal":100,"pct_basura_quema":0,"pct_basura_informal":0,"pct_internet":70,"pct_celular":90,"pct_televisor":60}},{"type":"Feature","geometry":{"type":"Polygon","coordinates":[[[-65.35148,-10.845],[-65.3519,-10.84587],[-65.35232,-10.84571],[-65.35192,-10.84481],[-65.35148,-10.845]]]},"properties":{"n":"GUAYARAMERIN","p":15,"personas_x_ha":26,"masculinidad":88,"pct_menor20":53,"pct_60mas":0,"pct_migrante":33,"dependencia_econ":275,"pct_empleados":25,"pct_cuentapropia":50,"pct_agricultura":25,"pct_comercio":0,"pct_manufactura":25,"pct_construccion":0,"pct_transporte":0,"pct_alojamiento":25,"pct_sin_educacion":0,"pct_educ_superior":43,"brecha_educ":-25,"pct_sin_seguro":0,"pct_sus":80,"pct_seguro_privado":0,"brecha_seguro":0,"pct_salud_publica":35,"pct_med_tradicional":9,"pct_automedicacion":3,"pct_remedios_caseros":41,"pct_viv_desocupada":0,"pct_alquiler":40,"pct_electricidad":100,"pct_sin_electricidad":0,"pct_agua_red":40,"pct_alcantarillado":20,"pct_camara_septica":60,"pct_pozo_ciego":20,"pct_sin_desague":0,"pct_gas_red":0,"pct_gas_garrafa":100,"pct_lena_guano":100,"pct_basura_formal":100,"pct_basura_quema":0,"pct_basura_informal":0,"pct_internet":80,"pct_celular":80,"pct_televisor":60}},{"type":"Feature","geometry":{"type":"Polygon","coordinates":[[[-65.36191,-10.81705],[-65.36139,-10.81628],[-65.36059,-10.81674],[-65.3613,-10.81749],[-65.36191,-10.81705]]]},"properties":{"n":"GUAYARAMERIN","p":55,"personas_x_ha":55,"masculinidad":112,"pct_menor20":42,"pct_60mas":16,"pct_migrante":29,"dependencia_econ":104,"pct_empleados":29,"pct_cuentapropia":50,"pct_agricultura":21,"pct_comercio":8,"pct_manufactura":12,"pct_construccion":21,"pct_transporte":0,"pct_alojamiento":12,"pct_sin_educacion":0,"pct_educ_superior":20,"brecha_educ":7,"pct_sin_seguro":48,"pct_sus":52,"pct_seguro_privado":0,"brecha_seguro":13,"pct_salud_publica":56,"pct_med_tradicional":0,"pct_automedicacion":0,"pct_remedios_caseros":14,"pct_viv_desocupada":0,"pct_alquiler":0,"pct_electricidad":94,"pct_sin_electricidad":6,"pct_agua_red":71,"pct_alcantarillado":29,"pct_camara_septica":47,"pct_pozo_ciego":18,"pct_sin_desague":0,"pct_gas_red":0,"pct_gas_garrafa":94,"pct_lena_guano":94,"pct_basura_formal":94,"pct_basura_quema":6,"pct_basura_informal":0,"pct_internet":59,"pct_celular":53,"pct_televisor":76}},{"type":"Feature","geometry":{"type":"Polygon","coordinates":[[[-65.3642,-10.81235],[-65.36502,-10.81194],[-65.36455,-10.81117],[-65.36372,-10.81158],[-65.3642,-10.81235]]]},"properties":{"n":"GUAYARAMERIN","p":75,"personas_x_ha":72,"masculinidad":103,"pct_menor20":43,"pct_60mas":8,"pct_migrante":43,"dependencia_econ":200,"pct_empleados":20,"pct_cuentapropia":44,"pct_agricultura":28,"pct_comercio":12,"pct_manufactura":4,"pct_construccion":16,"pct_transporte":8,"pct_alojamiento":8,"pct_sin_educacion":2,"pct_educ_superior":11,"brecha_educ":18,"pct_sin_seguro":16,"pct_sus":64,"pct_seguro_privado":3,"brecha_seguro":11,"pct_salud_publica":46,"pct_med_tradicional":2,"pct_automedicacion":2,"pct_remedios_caseros":25,"pct_viv_desocupada":0,"pct_alquiler":11,"pct_electricidad":100,"pct_sin_electricidad":0,"pct_agua_red":68,"pct_alcantarillado":11,"pct_camara_septica":42,"pct_pozo_ciego":42,"pct_sin_desague":5,"pct_gas_red":5,"pct_gas_garrafa":89,"pct_lena_guano":89,"pct_basura_formal":100,"pct_basura_quema":0,"pct_basura_informal":0,"pct_internet":68,"pct_celular":84,"pct_televisor":79}},{"type":"Feature","geometry":{"type":"Polygon","coordinates":[[[-65.35349,-10.80931],[-65.35304,-10.80846],[-65.35218,-10.80888],[-65.35262,-10.80974],[-65.35349,-10.80931]]]},"properties":{"n":"GUAYARAMERIN","p":56,"personas_x_ha":49,"masculinidad":47,"pct_menor20":21,"pct_60mas":23,"pct_migrante":32,"dependencia_econ":107,"pct_empleados":41,"pct_cuentapropia":52,"pct_agricultura":7,"pct_comercio":19,"pct_manufactura":7,"pct_construccion":0,"pct_transporte":0,"pct_alojamiento":0,"pct_sin_educacion":0,"pct_educ_superior":51,"brecha_educ":-4,"pct_sin_seguro":14,"pct_sus":52,"pct_seguro_privado":0,"brecha_seguro":12,"pct_salud_publica":50,"pct_med_tradicional":0,"pct_automedicacion":8,"pct_remedios_caseros":5,"pct_viv_desocupada":17,"pct_alquiler":22,"pct_electricidad":100,"pct_sin_electricidad":0,"pct_agua_red":94,"pct_alcantarillado":89,"pct_camara_septica":6,"pct_pozo_ciego":6,"pct_sin_desague":0,"pct_gas_red":11,"pct_gas_garrafa":89,"pct_lena_guano":89,"pct_basura_formal":100,"pct_basura_quema":0,"pct_basura_informal":0,"pct_internet":94,"pct_celular":100,"pct_televisor":100}},{"type":"Feature","geometry":{"type":"Polygon","coordinates":[[[-65.36037,-10.82305],[-65.35954,-10.82343],[-65.35991,-10.82425],[-65.36076,-10.82386],[-65.36037,-10.82305]]]},"properties":{"n":"GUAYARAMERIN","p":89,"personas_x_ha":85,"masculinidad":85,"pct_menor20":40,"pct_60mas":12,"pct_migrante":28,"dependencia_econ":112,"pct_empleados":38,"pct_cuentapropia":35,"pct_agricultura":15,"pct_comercio":30,"pct_manufactura":2,"pct_construccion":2,"pct_transporte":0,"pct_alojamiento":15,"pct_sin_educacion":0,"pct_educ_superior":40,"brecha_educ":-16,"pct_sin_seguro":10,"pct_sus":64,"pct_seguro_privado":4,"brecha_seguro":11,"pct_salud_publica":28,"pct_med_tradicional":4,"pct_automedicacion":22,"pct_remedios_caseros":23,"pct_viv_desocupada":0,"pct_alquiler":26,"pct_electricidad":95,"pct_sin_electricidad":5,"pct_agua_red":100,"pct_alcantarillado":79,"pct_camara_septica":0,"pct_pozo_ciego":21,"pct_sin_desague":0,"pct_gas_red":5,"pct_gas_garrafa":79,"pct_lena_guano":79,"pct_basura_formal":100,"pct_basura_quema":0,"pct_basura_informal":0,"pct_internet":95,"pct_celular":95,"pct_televisor":84}},{"type":"Feature","geometry":{"type":"Polygon","coordinates":[[[-65.36619,-10.83419],[-65.36659,-10.835],[-65.36747,-10.83453],[-65.36697,-10.83379],[-65.36619,-10.83419]]]},"properties":{"n":"GUAYARAMERIN","p":67,"personas_x_ha":65,"masculinidad":116,"pct_menor20":46,"pct_60mas":6,"pct_migrante":27,"dependencia_econ":168,"pct_empleados":52,"pct_cuentapropia":36,"pct_agricultura":12,"pct_comercio":16,"pct_manufactura":0,"pct_construccion":20,"pct_transporte":8,"pct_alojamiento":24,"pct_sin_educacion":5,"pct_educ_superior":18,"brecha_educ":-11,"pct_sin_seguro":13,"pct_sus":82,"pct_seguro_privado":1,"brecha_seguro":1,"pct_salud_publica":33,"pct_med_tradicional":5,"pct_automedicacion":23,"pct_remedios_caseros":29,"pct_viv_desocupada":13,"pct_alquiler":8,"pct_electricidad":100,"pct_sin_electricidad":0,"pct_agua_red":92,"pct_alcantarillado":0,"pct_camara_septica":38,"pct_pozo_ciego":31,"pct_sin_desague":0,"pct_gas_red":0,"pct_gas_garrafa":85,"pct_lena_guano":85,"pct_basura_formal":77,"pct_basura_quema":15,"pct_basura_informal":0,"pct_internet":92,"pct_celular":92,"pct_televisor":69}},{"type":"Feature","geometry":{"type":"Polygon","coordinates":[[[-65.34862,-10.8094],[-65.34772,-10.80982],[-65.34818,-10.81073],[-65.34906,-10.81026],[-65.34862,-10.8094]]]},"properties":{"n":"GUAYARAMERIN","p":62,"personas_x_ha":50,"masculinidad":100,"pct_menor20":42,"pct_60mas":11,"pct_migrante":27,"dependencia_econ":161,"pct_empleados":26,"pct_cuentapropia":48,"pct_agricultura":9,"pct_comercio":22,"pct_manufactura":9,"pct_construccion":4,"pct_transporte":17,"pct_alojamiento":0,"pct_sin_educacion":0,"pct_educ_superior":34,"brecha_educ":-20,"pct_sin_seguro":6,"pct_sus":78,"pct_seguro_privado":0,"brecha_seguro":-4,"pct_salud_publica":30,"pct_med_tradicional":2,"pct_automedicacion":25,"pct_remedios_caseros":22,"pct_viv_desocupada":16,"pct_alquiler":0,"pct_electricidad":100,"pct_sin_electricidad":0,"pct_agua_red":83,"pct_alcantarillado":8,"pct_camara_septica":50,"pct_pozo_ciego":42,"pct_sin_desague":0,"pct_gas_red":0,"pct_gas_garrafa":92,"pct_lena_guano":92,"pct_basura_formal":100,"pct_basura_quema":0,"pct_basura_informal":0,"pct_internet":83,"pct_celular":100,"pct_televisor":83}},{"type":"Feature","geometry":{"type":"Polygon","coordinates":[[[-65.36599,-10.8342],[-65.36556,-10.8334],[-65.36468,-10.8338],[-65.36511,-10.83463],[-65.36599,-10.8342]]]},"properties":{"n":"GUAYARAMERIN","p":61,"personas_x_ha":54,"masculinidad":91,"pct_menor20":44,"pct_60mas":11,"pct_migrante":18,"dependencia_econ":126,"pct_empleados":22,"pct_cuentapropia":52,"pct_agricultura":15,"pct_comercio":15,"pct_manufactura":15,"pct_construccion":22,"pct_transporte":4,"pct_alojamiento":4,"pct_sin_educacion":6,"pct_educ_superior":26,"brecha_educ":-12,"pct_sin_seguro":20,"pct_sus":75,"pct_seguro_privado":0,"brecha_seguro":15,"pct_salud_publica":57,"pct_med_tradicional":1,"pct_automedicacion":12,"pct_remedios_caseros":26,"pct_viv_desocupada":6,"pct_alquiler":6,"pct_electricidad":100,"pct_sin_electricidad":0,"pct_agua_red":88,"pct_alcantarillado":25,"pct_camara_septica":56,"pct_pozo_ciego":19,"pct_sin_desague":0,"pct_gas_red":0,"pct_gas_garrafa":100,"pct_lena_guano":100,"pct_basura_formal":94,"pct_basura_quema":6,"pct_basura_informal":0,"pct_internet":75,"pct_celular":81,"pct_televisor":69}},{"type":"Feature","geometry":{"type":"Polygon","coordinates":[[[-65.57944,-10.99254],[-65.5804,-10.99237],[-65.58024,-10.99147],[-65.57926,-10.99165],[-65.57944,-10.99254]]]},"properties":{"n":"ROSARIO DEL YATA","p":26,"personas_x_ha":24,"masculinidad":271,"pct_menor20":38,"pct_60mas":4,"pct_migrante":23,"dependencia_econ":86,"pct_empleados":21,"pct_cuentapropia":36,"pct_agricultura":36,"pct_comercio":21,"pct_manufactura":7,"pct_construccion":0,"pct_transporte":0,"pct_alojamiento":14,"pct_sin_educacion":0,"pct_educ_superior":18,"brecha_educ":18,"pct_sin_seguro":0,"pct_sus":92,"pct_seguro_privado":8,"brecha_seguro":0,"pct_salud_publica":31,"pct_med_tradicional":0,"pct_automedicacion":31,"pct_remedios_caseros":32,"pct_viv_desocupada":13,"pct_alquiler":0,"pct_electricidad":92,"pct_sin_electricidad":0,"pct_agua_red":31,"pct_alcantarillado":0,"pct_camara_septica":8,"pct_pozo_ciego":77,"pct_sin_desague":15,"pct_gas_red":0,"pct_gas_garrafa":85,"pct_lena_guano":85,"pct_basura_formal":0,"pct_basura_quema":92,"pct_basura_informal":0,"pct_internet":77,"pct_celular":77,"pct_televisor":46}},{"type":"Feature","geometry":{"type":"Polygon","coordinates":[[[-65.58057,-10.99237],[-65.58148,-10.99222],[-65.58135,-10.99131],[-65.58041,-10.99144],[-65.58057,-10.99237]]]},"properties":{"n":"ROSARIO DEL YATA","p":42,"personas_x_ha":38,"masculinidad":75,"pct_menor20":36,"pct_60mas":7,"pct_migrante":24,"dependencia_econ":111,"pct_empleados":21,"pct_cuentapropia":53,"pct_agricultura":47,"pct_comercio":16,"pct_manufactura":11,"pct_construccion":5,"pct_transporte":5,"pct_alojamiento":5,"pct_sin_educacion":12,"pct_educ_superior":35,"brecha_educ":23,"pct_sin_seguro":10,"pct_sus":79,"pct_seguro_privado":0,"brecha_seguro":2,"pct_salud_publica":54,"pct_med_tradicional":0,"pct_automedicacion":6,"pct_remedios_caseros":9,"pct_viv_desocupada":0,"pct_alquiler":0,"pct_electricidad":100,"pct_sin_electricidad":0,"pct_agua_red":100,"pct_alcantarillado":40,"pct_camara_septica":30,"pct_pozo_ciego":30,"pct_sin_desague":0,"pct_gas_red":0,"pct_gas_garrafa":90,"pct_lena_guano":90,"pct_basura_formal":0,"pct_basura_quema":100,"pct_basura_informal":0,"pct_internet":60,"pct_celular":70,"pct_televisor":70}},{"type":"Feature","geometry":{"type":"Polygon","coordinates":[[[-65.5802,-10.99115],[-65.58003,-10.99021],[-65.57907,-10.99038],[-65.57918,-10.99129],[-65.5802,-10.99115]]]},"properties":{"n":"ROSARIO DEL YATA","p":38,"personas_x_ha":34,"masculinidad":90,"pct_menor20":50,"pct_60mas":11,"pct_migrante":37,"dependencia_econ":138,"pct_empleados":19,"pct_cuentapropia":50,"pct_agricultura":44,"pct_comercio":19,"pct_manufactura":6,"pct_construccion":0,"pct_transporte":0,"pct_alojamiento":19,"pct_sin_educacion":0,"pct_educ_superior":37,"brecha_educ":-12,"pct_sin_seguro":0,"pct_sus":97,"pct_seguro_privado":0,"brecha_seguro":0,"pct_salud_publica":92,"pct_med_tradicional":0,"pct_automedicacion":0,"pct_remedios_caseros":0,"pct_viv_desocupada":10,"pct_alquiler":0,"pct_electricidad":88,"pct_sin_electricidad":0,"pct_agua_red":62,"pct_alcantarillado":25,"pct_camara_septica":38,"pct_pozo_ciego":25,"pct_sin_desague":12,"pct_gas_red":0,"pct_gas_garrafa":88,"pct_lena_guano":88,"pct_basura_formal":38,"pct_basura_quema":62,"pct_basura_informal":0,"pct_internet":50,"pct_celular":62,"pct_televisor":50}},{"type":"Feature","geometry":{"type":"Polygon","coordinates":[[[-65.57731,-10.99395],[-65.57713,-10.99307],[-65.57624,-10.99323],[-65.57639,-10.99413],[-65.57731,-10.99395]]]},"properties":{"n":"ROSARIO DEL YATA","p":21,"personas_x_ha":20,"masculinidad":133,"pct_menor20":29,"pct_60mas":14,"pct_migrante":52,"dependencia_econ":82,"pct_empleados":18,"pct_cuentapropia":27,"pct_agricultura":64,"pct_comercio":0,"pct_manufactura":0,"pct_construccion":18,"pct_transporte":0,"pct_alojamiento":0,"pct_sin_educacion":13,"pct_educ_superior":0,"brecha_educ":7,"pct_sin_seguro":10,"pct_sus":90,"pct_seguro_privado":0,"brecha_seguro":18,"pct_salud_publica":37,"pct_med_tradicional":7,"pct_automedicacion":18,"pct_remedios_caseros":30,"pct_viv_desocupada":0,"pct_alquiler":0,"pct_electricidad":57,"pct_sin_electricidad":14,"pct_agua_red":14,"pct_alcantarillado":14,"pct_camara_septica":0,"pct_pozo_ciego":57,"pct_sin_desague":0,"pct_gas_red":0,"pct_gas_garrafa":57,"pct_lena_guano":57,"pct_basura_formal":0,"pct_basura_quema":86,"pct_basura_informal":0,"pct_internet":29,"pct_celular":43,"pct_televisor":43}},{"type":"Feature","geometry":{"type":"Polygon","coordinates":[[[-65.5811,-10.99],[-65.58128,-10.99089],[-65.58122,-10.99097],[-65.58031,-10.9911],[-65.58016,-10.99017],[-65.5811,-10.99]]]},"properties":{"n":"ROSARIO DEL YATA","p":34,"personas_x_ha":30,"masculinidad":112,"pct_menor20":41,"pct_60mas":6,"pct_migrante":0,"dependencia_econ":100,"pct_empleados":24,"pct_cuentapropia":65,"pct_agricultura":47,"pct_comercio":41,"pct_manufactura":0,"pct_construccion":6,"pct_transporte":0,"pct_alojamiento":0,"pct_sin_educacion":5,"pct_educ_superior":0,"brecha_educ":10,"pct_sin_seguro":15,"pct_sus":85,"pct_seguro_privado":0,"brecha_seguro":16,"pct_salud_publica":26,"pct_med_tradicional":0,"pct_automedicacion":22,"pct_remedios_caseros":25,"pct_viv_desocupada":0,"pct_alquiler":0,"pct_electricidad":100,"pct_sin_electricidad":0,"pct_agua_red":89,"pct_alcantarillado":0,"pct_camara_septica":67,"pct_pozo_ciego":33,"pct_sin_desague":0,"pct_gas_red":0,"pct_gas_garrafa":100,"pct_lena_guano":100,"pct_basura_formal":0,"pct_basura_quema":100,"pct_basura_informal":0,"pct_internet":78,"pct_celular":89,"pct_televisor":67}},{"type":"Feature","geometry":{"type":"Polygon","coordinates":[[[-65.57867,-10.995],[-65.57869,-10.99518],[-65.57847,-10.99591],[-65.57983,-10.99582],[-65.5797,-10.99483],[-65.57867,-10.995]]]},"properties":{"n":"ROSARIO DEL YATA","p":32,"personas_x_ha":24,"masculinidad":78,"pct_menor20":50,"pct_60mas":6,"pct_migrante":25,"dependencia_econ":256,"pct_empleados":11,"pct_cuentapropia":56,"pct_agricultura":22,"pct_comercio":11,"pct_manufactura":0,"pct_construccion":22,"pct_transporte":0,"pct_alojamiento":0,"pct_sin_educacion":12,"pct_educ_superior":6,"brecha_educ":10,"pct_sin_seguro":100,"pct_sus":0,"pct_seguro_privado":0,"brecha_seguro":0,"pct_salud_publica":100,"pct_med_tradicional":0,"pct_automedicacion":0,"pct_remedios_caseros":0,"pct_viv_desocupada":14,"pct_alquiler":0,"pct_electricidad":100,"pct_sin_electricidad":0,"pct_agua_red":83,"pct_alcantarillado":17,"pct_camara_septica":0,"pct_pozo_ciego":50,"pct_sin_desague":0,"pct_gas_red":0,"pct_gas_garrafa":100,"pct_lena_guano":100,"pct_basura_formal":0,"pct_basura_quema":100,"pct_basura_informal":0,"pct_internet":17,"pct_celular":50,"pct_televisor":33}},{"type":"Feature","geometry":{"type":"Polygon","coordinates":[[[-65.57756,-10.995],[-65.57857,-10.99487],[-65.57842,-10.99394],[-65.57743,-10.9941],[-65.57756,-10.995]]]},"properties":{"n":"ROSARIO DEL YATA","p":26,"personas_x_ha":23,"masculinidad":117,"pct_menor20":46,"pct_60mas":12,"pct_migrante":46,"dependencia_econ":92,"pct_empleados":23,"pct_cuentapropia":54,"pct_agricultura":69,"pct_comercio":0,"pct_manufactura":0,"pct_construccion":8,"pct_transporte":0,"pct_alojamiento":15,"pct_sin_educacion":0,"pct_educ_superior":36,"brecha_educ":-25,"pct_sin_seguro":8,"pct_sus":92,"pct_seguro_privado":0,"brecha_seguro":-2,"pct_salud_publica":32,"pct_med_tradicional":0,"pct_automedicacion":16,"pct_remedios_caseros":34,"pct_viv_desocupada":25,"pct_alquiler":0,"pct_electricidad":100,"pct_sin_electricidad":0,"pct_agua_red":100,"pct_alcantarillado":0,"pct_camara_septica":17,"pct_pozo_ciego":67,"pct_sin_desague":0,"pct_gas_red":0,"pct_gas_garrafa":83,"pct_lena_guano":83,"pct_basura_formal":17,"pct_basura_quema":67,"pct_basura_informal":0,"pct_internet":100,"pct_celular":100,"pct_televisor":83}},{"type":"Feature","geometry":{"type":"Polygon","coordinates":[[[-65.58071,-10.99463],[-65.58057,-10.99359],[-65.57961,-10.99373],[-65.57978,-10.99471],[-65.58071,-10.99463]]]},"properties":{"n":"ROSARIO DEL YATA","p":28,"personas_x_ha":24,"masculinidad":133,"pct_menor20":50,"pct_60mas":14,"pct_migrante":21,"dependencia_econ":56,"pct_empleados":6,"pct_cuentapropia":44,"pct_agricultura":83,"pct_comercio":6,"pct_manufactura":0,"pct_construccion":6,"pct_transporte":0,"pct_alojamiento":6,"pct_sin_educacion":7,"pct_educ_superior":0,"brecha_educ":-30,"pct_sin_seguro":0,"pct_sus":82,"pct_seguro_privado":0,"brecha_seguro":0,"pct_salud_publica":71,"pct_med_tradicional":0,"pct_automedicacion":0,"pct_remedios_caseros":26,"pct_viv_desocupada":0,"pct_alquiler":0,"pct_electricidad":100,"pct_sin_electricidad":0,"pct_agua_red":100,"pct_alcantarillado":0,"pct_camara_septica":0,"pct_pozo_ciego":100,"pct_sin_desague":0,"pct_gas_red":0,"pct_gas_garrafa":100,"pct_lena_guano":100,"pct_basura_formal":0,"pct_basura_quema":83,"pct_basura_informal":0,"pct_internet":83,"pct_celular":100,"pct_televisor":50}},{"type":"Feature","geometry":{"type":"Polygon","coordinates":[[[-65.58152,-10.99312],[-65.58148,-10.99234],[-65.58051,-10.99249],[-65.58065,-10.9935],[-65.5814,-10.9934],[-65.58152,-10.99312]]]},"properties":{"n":"ROSARIO DEL YATA","p":24,"personas_x_ha":20,"masculinidad":118,"pct_menor20":42,"pct_60mas":8,"pct_migrante":4,"dependencia_econ":100,"pct_empleados":0,"pct_cuentapropia":42,"pct_agricultura":67,"pct_comercio":0,"pct_manufactura":0,"pct_construccion":0,"pct_transporte":0,"pct_alojamiento":0,"pct_sin_educacion":0,"pct_educ_superior":0,"brecha_educ":-50,"pct_sin_seguro":0,"pct_sus":100,"pct_seguro_privado":0,"brecha_seguro":0,"pct_salud_publica":34,"pct_med_tradicional":30,"pct_automedicacion":0,"pct_remedios_caseros":34,"pct_viv_desocupada":11,"pct_alquiler":0,"pct_electricidad":100,"pct_sin_electricidad":0,"pct_agua_red":100,"pct_alcantarillado":0,"pct_camara_septica":0,"pct_pozo_ciego":71,"pct_sin_desague":0,"pct_gas_red":0,"pct_gas_garrafa":100,"pct_lena_guano":100,"pct_basura_formal":0,"pct_basura_quema":100,"pct_basura_informal":0,"pct_internet":86,"pct_celular":86,"pct_televisor":57}},{"type":"Feature","geometry":{"type":"Polygon","coordinates":[[[-65.38891,-10.79276],[-65.38978,-10.79306],[-65.39017,-10.79149],[-65.38737,-10.79035],[-65.38717,-10.79106],[-65.38921,-10.79175],[-65.38891,-10.79276]]]},"properties":{"n":"VILLA PURISIMA","p":33,"personas_x_ha":9,"masculinidad":120,"pct_menor20":42,"pct_60mas":3,"pct_migrante":24,"dependencia_econ":136,"pct_empleados":29,"pct_cuentapropia":43,"pct_agricultura":21,"pct_comercio":7,"pct_manufactura":7,"pct_construccion":21,"pct_transporte":14,"pct_alojamiento":14,"pct_sin_educacion":0,"pct_educ_superior":5,"brecha_educ":1,"pct_sin_seguro":6,"pct_sus":88,"pct_seguro_privado":3,"brecha_seguro":-13,"pct_salud_publica":84,"pct_med_tradicional":0,"pct_automedicacion":3,"pct_remedios_caseros":8,"pct_viv_desocupada":0,"pct_alquiler":0,"pct_electricidad":45,"pct_sin_electricidad":45,"pct_agua_red":0,"pct_alcantarillado":0,"pct_camara_septica":9,"pct_pozo_ciego":27,"pct_sin_desague":55,"pct_gas_red":0,"pct_gas_garrafa":45,"pct_lena_guano":45,"pct_basura_formal":18,"pct_basura_quema":82,"pct_basura_informal":0,"pct_internet":27,"pct_celular":45,"pct_televisor":18}},{"type":"Feature","geometry":{"type":"Polygon","coordinates":[[[-65.38676,-10.79222],[-65.38585,-10.79185],[-65.38566,-10.79292],[-65.38652,-10.79312],[-65.38676,-10.79222]]]},"properties":{"n":"VILLA PURISIMA","p":45,"personas_x_ha":38,"masculinidad":150,"pct_menor20":58,"pct_60mas":0,"pct_migrante":27,"dependencia_econ":650,"pct_empleados":50,"pct_cuentapropia":0,"pct_agricultura":17,"pct_comercio":0,"pct_manufactura":0,"pct_construccion":0,"pct_transporte":17,"pct_alojamiento":0,"pct_sin_educacion":0,"pct_educ_superior":5,"brecha_educ":-28,"pct_sin_seguro":5,"pct_sus":95,"pct_seguro_privado":0,"brecha_seguro":7,"pct_salud_publica":96,"pct_med_tradicional":0,"pct_automedicacion":0,"pct_remedios_caseros":4,"pct_viv_desocupada":0,"pct_alquiler":0,"pct_electricidad":86,"pct_sin_electricidad":14,"pct_agua_red":0,"pct_alcantarillado":0,"pct_camara_septica":0,"pct_pozo_ciego":0,"pct_sin_desague":14,"pct_gas_red":0,"pct_gas_garrafa":86,"pct_lena_guano":86,"pct_basura_formal":86,"pct_basura_quema":14,"pct_basura_informal":0,"pct_internet":0,"pct_celular":71,"pct_televisor":71}}]}