{"type":"FeatureCollection","features":[{"type":"Feature","geometry":{"type":"Polygon","coordinates":[[[-65.39195,-16.62621],[-65.39162,-16.6264],[-65.39124,-16.62601],[-65.39156,-16.62584],[-65.39195,-16.62621]]]},"properties":{"n":"2 DE JUNIO","p":15,"personas_x_ha":64,"masculinidad":36,"pct_menor20":73,"pct_60mas":0,"pct_migrante":53,"dependencia_econ":114,"pct_empleados":0,"pct_cuentapropia":71,"pct_agricultura":100,"pct_comercio":0,"pct_manufactura":0,"pct_construccion":0,"pct_transporte":0,"pct_alojamiento":0,"pct_sin_educacion":50,"pct_educ_superior":17,"brecha_educ":-25,"pct_sin_seguro":0,"pct_sus":100,"pct_seguro_privado":0,"brecha_seguro":0,"pct_salud_publica":68,"pct_med_tradicional":18,"pct_automedicacion":5,"pct_remedios_caseros":0,"pct_viv_desocupada":0,"pct_alquiler":0,"pct_electricidad":100,"pct_sin_electricidad":0,"pct_agua_red":40,"pct_alcantarillado":0,"pct_camara_septica":0,"pct_pozo_ciego":20,"pct_sin_desague":60,"pct_gas_red":0,"pct_gas_garrafa":80,"pct_lena_guano":80,"pct_basura_formal":0,"pct_basura_quema":80,"pct_basura_informal":0,"pct_internet":80,"pct_celular":80,"pct_televisor":80}},{"type":"Feature","geometry":{"type":"Polygon","coordinates":[[[-65.39151,-16.62646],[-65.39115,-16.62606],[-65.39071,-16.62629],[-65.39112,-16.62668],[-65.39151,-16.62646]]]},"properties":{"n":"2 DE JUNIO","p":22,"personas_x_ha":70,"masculinidad":69,"pct_menor20":55,"pct_60mas":0,"pct_migrante":55,"dependencia_econ":38,"pct_empleados":0,"pct_cuentapropia":100,"pct_agricultura":50,"pct_comercio":0,"pct_manufactura":0,"pct_construccion":0,"pct_transporte":0,"pct_alojamiento":0,"pct_sin_educacion":0,"pct_educ_superior":0,"brecha_educ":-25,"pct_sin_seguro":5,"pct_sus":95,"pct_seguro_privado":0,"brecha_seguro":-8,"pct_salud_publica":43,"pct_med_tradicional":12,"pct_automedicacion":14,"pct_remedios_caseros":31,"pct_viv_desocupada":0,"pct_alquiler":0,"pct_electricidad":100,"pct_sin_electricidad":0,"pct_agua_red":33,"pct_alcantarillado":0,"pct_camara_septica":0,"pct_pozo_ciego":0,"pct_sin_desague":100,"pct_gas_red":0,"pct_gas_garrafa":83,"pct_lena_guano":83,"pct_basura_formal":0,"pct_basura_quema":100,"pct_basura_informal":0,"pct_internet":100,"pct_celular":83,"pct_televisor":50}},{"type":"Feature","geometry":{"type":"Polygon","coordinates":[[[-65.39168,-16.62506],[-65.3912,-16.62461],[-65.39072,-16.62488],[-65.39117,-16.62533],[-65.39168,-16.62506]]]},"properties":{"n":"2 DE JUNIO","p":18,"personas_x_ha":44,"masculinidad":157,"pct_menor20":56,"pct_60mas":0,"pct_migrante":50,"dependencia_econ":500,"pct_empleados":0,"pct_cuentapropia":100,"pct_agricultura":100,"pct_comercio":0,"pct_manufactura":0,"pct_construccion":0,"pct_transporte":0,"pct_alojamiento":0,"pct_sin_educacion":44,"pct_educ_superior":0,"brecha_educ":-50,"pct_sin_seguro":11,"pct_sus":89,"pct_seguro_privado":0,"brecha_seguro":18,"pct_salud_publica":32,"pct_med_tradicional":9,"pct_automedicacion":18,"pct_remedios_caseros":30,"pct_viv_desocupada":9,"pct_alquiler":12,"pct_electricidad":100,"pct_sin_electricidad":0,"pct_agua_red":12,"pct_alcantarillado":0,"pct_camara_septica":0,"pct_pozo_ciego":12,"pct_sin_desague":88,"pct_gas_red":0,"pct_gas_garrafa":100,"pct_lena_guano":100,"pct_basura_formal":0,"pct_basura_quema":100,"pct_basura_informal":0,"pct_internet":100,"pct_celular":100,"pct_televisor":88}},{"type":"Feature","geometry":{"type":"Polygon","coordinates":[[[-65.39132,-16.62541],[-65.3916,-16.62571],[-65.39207,-16.62545],[-65.39179,-16.62515],[-65.39132,-16.62541]]]},"properties":{"n":"2 DE JUNIO","p":18,"personas_x_ha":65,"masculinidad":64,"pct_menor20":78,"pct_60mas":0,"pct_migrante":17,"dependencia_econ":200,"pct_empleados":0,"pct_cuentapropia":100,"pct_agricultura":83,"pct_comercio":17,"pct_manufactura":0,"pct_construccion":0,"pct_transporte":0,"pct_alojamiento":0,"pct_sin_educacion":50,"pct_educ_superior":0,"brecha_educ":-67,"pct_sin_seguro":6,"pct_sus":94,"pct_seguro_privado":0,"brecha_seguro":-9,"pct_salud_publica":30,"pct_med_tradicional":5,"pct_automedicacion":22,"pct_remedios_caseros":28,"pct_viv_desocupada":0,"pct_alquiler":0,"pct_electricidad":100,"pct_sin_electricidad":0,"pct_agua_red":25,"pct_alcantarillado":12,"pct_camara_septica":0,"pct_pozo_ciego":12,"pct_sin_desague":75,"pct_gas_red":0,"pct_gas_garrafa":88,"pct_lena_guano":88,"pct_basura_formal":0,"pct_basura_quema":100,"pct_basura_informal":0,"pct_internet":88,"pct_celular":88,"pct_televisor":75}},{"type":"Feature","geometry":{"type":"Polygon","coordinates":[[[-65.38973,-16.62541],[-65.39019,-16.62584],[-65.39062,-16.62561],[-65.39018,-16.62516],[-65.38973,-16.62541]]]},"properties":{"n":"2 DE JUNIO","p":21,"personas_x_ha":59,"masculinidad":50,"pct_menor20":86,"pct_60mas":0,"pct_migrante":38,"dependencia_econ":425,"pct_empleados":0,"pct_cuentapropia":75,"pct_agricultura":100,"pct_comercio":0,"pct_manufactura":0,"pct_construccion":0,"pct_transporte":0,"pct_alojamiento":0,"pct_sin_educacion":0,"pct_educ_superior":0,"brecha_educ":null,"pct_sin_seguro":0,"pct_sus":100,"pct_seguro_privado":0,"brecha_seguro":0,"pct_salud_publica":32,"pct_med_tradicional":9,"pct_automedicacion":6,"pct_remedios_caseros":23,"pct_viv_desocupada":0,"pct_alquiler":0,"pct_electricidad":100,"pct_sin_electricidad":0,"pct_agua_red":12,"pct_alcantarillado":0,"pct_camara_septica":0,"pct_pozo_ciego":0,"pct_sin_desague":100,"pct_gas_red":0,"pct_gas_garrafa":100,"pct_lena_guano":100,"pct_basura_formal":0,"pct_basura_quema":88,"pct_basura_informal":25,"pct_internet":12,"pct_celular":38,"pct_televisor":50}},{"type":"Feature","geometry":{"type":"Polygon","coordinates":[[[-65.39016,-16.62358],[-65.38918,-16.62261],[-65.38871,-16.6229],[-65.38969,-16.62382],[-65.39016,-16.62358]]]},"properties":{"n":"2 DE JUNIO","p":36,"personas_x_ha":43,"masculinidad":57,"pct_menor20":58,"pct_60mas":3,"pct_migrante":53,"dependencia_econ":125,"pct_empleados":0,"pct_cuentapropia":88,"pct_agricultura":81,"pct_comercio":0,"pct_manufactura":0,"pct_construccion":0,"pct_transporte":0,"pct_alojamiento":0,"pct_sin_educacion":6,"pct_educ_superior":6,"brecha_educ":-6,"pct_sin_seguro":3,"pct_sus":97,"pct_seguro_privado":0,"brecha_seguro":-4,"pct_salud_publica":45,"pct_med_tradicional":39,"pct_automedicacion":5,"pct_remedios_caseros":8,"pct_viv_desocupada":0,"pct_alquiler":22,"pct_electricidad":89,"pct_sin_electricidad":11,"pct_agua_red":78,"pct_alcantarillado":0,"pct_camara_septica":0,"pct_pozo_ciego":0,"pct_sin_desague":100,"pct_gas_red":0,"pct_gas_garrafa":78,"pct_lena_guano":78,"pct_basura_formal":0,"pct_basura_quema":100,"pct_basura_informal":0,"pct_internet":78,"pct_celular":89,"pct_televisor":44}},{"type":"Feature","geometry":{"type":"Polygon","coordinates":[[[-65.4394,-17.00045],[-65.43852,-16.9989],[-65.43748,-16.99953],[-65.43813,-17.00093],[-65.4394,-17.00045]]]},"properties":{"n":"40 ARROYOS","p":43,"personas_x_ha":17,"masculinidad":43,"pct_menor20":47,"pct_60mas":0,"pct_migrante":53,"dependencia_econ":105,"pct_empleados":24,"pct_cuentapropia":57,"pct_agricultura":29,"pct_comercio":38,"pct_manufactura":0,"pct_construccion":5,"pct_transporte":14,"pct_alojamiento":0,"pct_sin_educacion":4,"pct_educ_superior":13,"brecha_educ":-10,"pct_sin_seguro":7,"pct_sus":93,"pct_seguro_privado":0,"brecha_seguro":-10,"pct_salud_publica":23,"pct_med_tradicional":12,"pct_automedicacion":20,"pct_remedios_caseros":22,"pct_viv_desocupada":7,"pct_alquiler":46,"pct_electricidad":100,"pct_sin_electricidad":0,"pct_agua_red":85,"pct_alcantarillado":23,"pct_camara_septica":0,"pct_pozo_ciego":77,"pct_sin_desague":0,"pct_gas_red":31,"pct_gas_garrafa":69,"pct_lena_guano":69,"pct_basura_formal":46,"pct_basura_quema":38,"pct_basura_informal":0,"pct_internet":85,"pct_celular":92,"pct_televisor":69}},{"type":"Feature","geometry":{"type":"Polygon","coordinates":[[[-65.43454,-16.99377],[-65.43374,-16.99206],[-65.43255,-16.9926],[-65.43321,-16.99412],[-65.43263,-16.99441],[-65.43286,-16.9949],[-65.4332,-16.99482],[-65.43357,-16.99434],[-65.43454,-16.99377]]]},"properties":{"n":"40 ARROYOS","p":81,"personas_x_ha":23,"masculinidad":80,"pct_menor20":37,"pct_60mas":6,"pct_migrante":58,"dependencia_econ":80,"pct_empleados":33,"pct_cuentapropia":49,"pct_agricultura":36,"pct_comercio":18,"pct_manufactura":4,"pct_construccion":11,"pct_transporte":9,"pct_alojamiento":9,"pct_sin_educacion":2,"pct_educ_superior":23,"brecha_educ":-14,"pct_sin_seguro":19,"pct_sus":74,"pct_seguro_privado":0,"brecha_seguro":11,"pct_salud_publica":35,"pct_med_tradicional":8,"pct_automedicacion":23,"pct_remedios_caseros":21,"pct_viv_desocupada":6,"pct_alquiler":30,"pct_electricidad":100,"pct_sin_electricidad":0,"pct_agua_red":100,"pct_alcantarillado":7,"pct_camara_septica":52,"pct_pozo_ciego":41,"pct_sin_desague":0,"pct_gas_red":19,"pct_gas_garrafa":81,"pct_lena_guano":81,"pct_basura_formal":52,"pct_basura_quema":41,"pct_basura_informal":0,"pct_internet":85,"pct_celular":96,"pct_televisor":78}},{"type":"Feature","geometry":{"type":"Polygon","coordinates":[[[-65.43398,-16.99418],[-65.43352,-16.99452],[-65.43324,-16.99497],[-65.43329,-16.99531],[-65.43377,-16.99597],[-65.43463,-16.99535],[-65.43398,-16.99418]]]},"properties":{"n":"40 ARROYOS","p":38,"personas_x_ha":23,"masculinidad":90,"pct_menor20":50,"pct_60mas":3,"pct_migrante":29,"dependencia_econ":280,"pct_empleados":40,"pct_cuentapropia":40,"pct_agricultura":40,"pct_comercio":0,"pct_manufactura":0,"pct_construccion":20,"pct_transporte":20,"pct_alojamiento":0,"pct_sin_educacion":38,"pct_educ_superior":5,"brecha_educ":-6,"pct_sin_seguro":3,"pct_sus":97,"pct_seguro_privado":0,"brecha_seguro":6,"pct_salud_publica":92,"pct_med_tradicional":0,"pct_automedicacion":0,"pct_remedios_caseros":0,"pct_viv_desocupada":11,"pct_alquiler":75,"pct_electricidad":94,"pct_sin_electricidad":6,"pct_agua_red":56,"pct_alcantarillado":6,"pct_camara_septica":6,"pct_pozo_ciego":75,"pct_sin_desague":0,"pct_gas_red":25,"pct_gas_garrafa":69,"pct_lena_guano":69,"pct_basura_formal":50,"pct_basura_quema":44,"pct_basura_informal":12,"pct_internet":69,"pct_celular":88,"pct_televisor":56}},{"type":"Feature","geometry":{"type":"Polygon","coordinates":[[[-65.43572,-16.99281],[-65.43525,-16.99191],[-65.43412,-16.99239],[-65.43463,-16.99344],[-65.43572,-16.99281]]]},"properties":{"n":"40 ARROYOS","p":18,"personas_x_ha":11,"masculinidad":80,"pct_menor20":61,"pct_60mas":0,"pct_migrante":22,"dependencia_econ":100,"pct_empleados":0,"pct_cuentapropia":78,"pct_agricultura":33,"pct_comercio":33,"pct_manufactura":0,"pct_construccion":0,"pct_transporte":11,"pct_alojamiento":0,"pct_sin_educacion":11,"pct_educ_superior":0,"brecha_educ":-20,"pct_sin_seguro":6,"pct_sus":94,"pct_seguro_privado":0,"brecha_seguro":12,"pct_salud_publica":100,"pct_med_tradicional":0,"pct_automedicacion":0,"pct_remedios_caseros":0,"pct_viv_desocupada":25,"pct_alquiler":0,"pct_electricidad":100,"pct_sin_electricidad":0,"pct_agua_red":75,"pct_alcantarillado":50,"pct_camara_septica":25,"pct_pozo_ciego":25,"pct_sin_desague":0,"pct_gas_red":0,"pct_gas_garrafa":100,"pct_lena_guano":100,"pct_basura_formal":50,"pct_basura_quema":50,"pct_basura_informal":0,"pct_internet":100,"pct_celular":100,"pct_televisor":100}},{"type":"Feature","geometry":{"type":"Polygon","coordinates":[[[-65.4371,-16.99534],[-65.43684,-16.99487],[-65.43562,-16.99559],[-65.43577,-16.99588],[-65.43586,-16.9959],[-65.4371,-16.99534]]]},"properties":{"n":"40 ARROYOS","p":51,"personas_x_ha":67,"masculinidad":122,"pct_menor20":41,"pct_60mas":0,"pct_migrante":61,"dependencia_econ":100,"pct_empleados":36,"pct_cuentapropia":56,"pct_agricultura":8,"pct_comercio":20,"pct_manufactura":4,"pct_construccion":12,"pct_transporte":24,"pct_alojamiento":12,"pct_sin_educacion":6,"pct_educ_superior":23,"brecha_educ":1,"pct_sin_seguro":10,"pct_sus":84,"pct_seguro_privado":0,"brecha_seguro":2,"pct_salud_publica":25,"pct_med_tradicional":14,"pct_automedicacion":31,"pct_remedios_caseros":20,"pct_viv_desocupada":6,"pct_alquiler":40,"pct_electricidad":100,"pct_sin_electricidad":0,"pct_agua_red":93,"pct_alcantarillado":13,"pct_camara_septica":27,"pct_pozo_ciego":53,"pct_sin_desague":7,"pct_gas_red":47,"pct_gas_garrafa":53,"pct_lena_guano":53,"pct_basura_formal":87,"pct_basura_quema":13,"pct_basura_informal":0,"pct_internet":93,"pct_celular":93,"pct_televisor":87}},{"type":"Feature","geometry":{"type":"Polygon","coordinates":[[[-65.4383,-17.0015],[-65.43743,-17.00165],[-65.43688,-17.00188],[-65.43755,-17.00287],[-65.43871,-17.00217],[-65.4383,-17.0015]]]},"properties":{"n":"40 ARROYOS","p":22,"personas_x_ha":13,"masculinidad":120,"pct_menor20":27,"pct_60mas":9,"pct_migrante":68,"dependencia_econ":67,"pct_empleados":8,"pct_cuentapropia":50,"pct_agricultura":8,"pct_comercio":8,"pct_manufactura":8,"pct_construccion":0,"pct_transporte":17,"pct_alojamiento":0,"pct_sin_educacion":0,"pct_educ_superior":33,"brecha_educ":-6,"pct_sin_seguro":10,"pct_sus":75,"pct_seguro_privado":0,"brecha_seguro":-4,"pct_salud_publica":34,"pct_med_tradicional":6,"pct_automedicacion":26,"pct_remedios_caseros":24,"pct_viv_desocupada":17,"pct_alquiler":10,"pct_electricidad":100,"pct_sin_electricidad":0,"pct_agua_red":90,"pct_alcantarillado":0,"pct_camara_septica":50,"pct_pozo_ciego":50,"pct_sin_desague":0,"pct_gas_red":0,"pct_gas_garrafa":100,"pct_lena_guano":100,"pct_basura_formal":10,"pct_basura_quema":90,"pct_basura_informal":0,"pct_internet":70,"pct_celular":100,"pct_televisor":60}},{"type":"Feature","geometry":{"type":"Polygon","coordinates":[[[-65.43917,-16.99559],[-65.43758,-16.99644],[-65.43722,-16.99542],[-65.43869,-16.99472],[-65.43917,-16.99559]]]},"properties":{"n":"40 ARROYOS","p":69,"personas_x_ha":33,"masculinidad":123,"pct_menor20":42,"pct_60mas":3,"pct_migrante":42,"dependencia_econ":64,"pct_empleados":31,"pct_cuentapropia":60,"pct_agricultura":33,"pct_comercio":10,"pct_manufactura":0,"pct_construccion":12,"pct_transporte":12,"pct_alojamiento":7,"pct_sin_educacion":0,"pct_educ_superior":10,"brecha_educ":3,"pct_sin_seguro":15,"pct_sus":82,"pct_seguro_privado":0,"brecha_seguro":-4,"pct_salud_publica":32,"pct_med_tradicional":8,"pct_automedicacion":22,"pct_remedios_caseros":25,"pct_viv_desocupada":6,"pct_alquiler":29,"pct_electricidad":94,"pct_sin_electricidad":0,"pct_agua_red":94,"pct_alcantarillado":24,"pct_camara_septica":41,"pct_pozo_ciego":35,"pct_sin_desague":0,"pct_gas_red":41,"pct_gas_garrafa":59,"pct_lena_guano":59,"pct_basura_formal":100,"pct_basura_quema":0,"pct_basura_informal":0,"pct_internet":88,"pct_celular":100,"pct_televisor":94}},{"type":"Feature","geometry":{"type":"Polygon","coordinates":[[[-65.43744,-16.99329],[-65.43805,-16.99405],[-65.43687,-16.99476],[-65.43639,-16.99387],[-65.43744,-16.99329]]]},"properties":{"n":"40 ARROYOS","p":21,"personas_x_ha":14,"masculinidad":110,"pct_menor20":38,"pct_60mas":0,"pct_migrante":48,"dependencia_econ":62,"pct_empleados":31,"pct_cuentapropia":69,"pct_agricultura":0,"pct_comercio":38,"pct_manufactura":0,"pct_construccion":8,"pct_transporte":0,"pct_alojamiento":8,"pct_sin_educacion":7,"pct_educ_superior":20,"brecha_educ":-4,"pct_sin_seguro":0,"pct_sus":94,"pct_seguro_privado":0,"brecha_seguro":0,"pct_salud_publica":27,"pct_med_tradicional":15,"pct_automedicacion":24,"pct_remedios_caseros":24,"pct_viv_desocupada":0,"pct_alquiler":14,"pct_electricidad":86,"pct_sin_electricidad":14,"pct_agua_red":86,"pct_alcantarillado":0,"pct_camara_septica":43,"pct_pozo_ciego":43,"pct_sin_desague":14,"pct_gas_red":29,"pct_gas_garrafa":71,"pct_lena_guano":71,"pct_basura_formal":71,"pct_basura_quema":29,"pct_basura_informal":0,"pct_internet":71,"pct_celular":86,"pct_televisor":86}},{"type":"Feature","geometry":{"type":"Polygon","coordinates":[[[-65.43685,-17.00184],[-65.4374,-17.00162],[-65.43822,-17.00144],[-65.43824,-17.00136],[-65.43614,-16.99704],[-65.43606,-16.99703],[-65.43468,-16.99812],[-65.43685,-17.00184]]]},"properties":{"n":"40 ARROYOS","p":42,"personas_x_ha":5,"masculinidad":110,"pct_menor20":31,"pct_60mas":2,"pct_migrante":52,"dependencia_econ":68,"pct_empleados":48,"pct_cuentapropia":44,"pct_agricultura":20,"pct_comercio":8,"pct_manufactura":0,"pct_construccion":24,"pct_transporte":20,"pct_alojamiento":8,"pct_sin_educacion":0,"pct_educ_superior":21,"brecha_educ":-23,"pct_sin_seguro":20,"pct_sus":73,"pct_seguro_privado":5,"brecha_seguro":27,"pct_salud_publica":36,"pct_med_tradicional":2,"pct_automedicacion":28,"pct_remedios_caseros":20,"pct_viv_desocupada":0,"pct_alquiler":0,"pct_electricidad":100,"pct_sin_electricidad":0,"pct_agua_red":80,"pct_alcantarillado":10,"pct_camara_septica":0,"pct_pozo_ciego":90,"pct_sin_desague":0,"pct_gas_red":30,"pct_gas_garrafa":70,"pct_lena_guano":70,"pct_basura_formal":10,"pct_basura_quema":70,"pct_basura_informal":0,"pct_internet":90,"pct_celular":90,"pct_televisor":80}},{"type":"Feature","geometry":{"type":"Polygon","coordinates":[[[-65.43586,-16.99601],[-65.43621,-16.99682],[-65.43734,-16.99616],[-65.43709,-16.99544],[-65.43586,-16.99601]]]},"properties":{"n":"40 ARROYOS","p":38,"personas_x_ha":30,"masculinidad":111,"pct_menor20":42,"pct_60mas":5,"pct_migrante":42,"dependencia_econ":138,"pct_empleados":31,"pct_cuentapropia":62,"pct_agricultura":6,"pct_comercio":31,"pct_manufactura":0,"pct_construccion":12,"pct_transporte":12,"pct_alojamiento":6,"pct_sin_educacion":0,"pct_educ_superior":12,"brecha_educ":8,"pct_sin_seguro":5,"pct_sus":89,"pct_seguro_privado":0,"brecha_seguro":0,"pct_salud_publica":30,"pct_med_tradicional":8,"pct_automedicacion":24,"pct_remedios_caseros":24,"pct_viv_desocupada":20,"pct_alquiler":17,"pct_electricidad":100,"pct_sin_electricidad":0,"pct_agua_red":92,"pct_alcantarillado":17,"pct_camara_septica":8,"pct_pozo_ciego":75,"pct_sin_desague":0,"pct_gas_red":33,"pct_gas_garrafa":58,"pct_lena_guano":58,"pct_basura_formal":83,"pct_basura_quema":17,"pct_basura_informal":0,"pct_internet":58,"pct_celular":83,"pct_televisor":42}},{"type":"Feature","geometry":{"type":"Polygon","coordinates":[[[-65.43779,-16.99724],[-65.43738,-16.99625],[-65.43622,-16.99692],[-65.43679,-16.99808],[-65.43777,-16.99742],[-65.43779,-16.99724]]]},"properties":{"n":"40 ARROYOS","p":23,"personas_x_ha":12,"masculinidad":92,"pct_menor20":26,"pct_60mas":4,"pct_migrante":57,"dependencia_econ":77,"pct_empleados":46,"pct_cuentapropia":54,"pct_agricultura":15,"pct_comercio":0,"pct_manufactura":0,"pct_construccion":15,"pct_transporte":15,"pct_alojamiento":0,"pct_sin_educacion":6,"pct_educ_superior":53,"brecha_educ":1,"pct_sin_seguro":9,"pct_sus":61,"pct_seguro_privado":0,"brecha_seguro":18,"pct_salud_publica":65,"pct_med_tradicional":0,"pct_automedicacion":4,"pct_remedios_caseros":0,"pct_viv_desocupada":0,"pct_alquiler":17,"pct_electricidad":100,"pct_sin_electricidad":0,"pct_agua_red":67,"pct_alcantarillado":0,"pct_camara_septica":67,"pct_pozo_ciego":33,"pct_sin_desague":0,"pct_gas_red":0,"pct_gas_garrafa":100,"pct_lena_guano":100,"pct_basura_formal":100,"pct_basura_quema":0,"pct_basura_informal":0,"pct_internet":83,"pct_celular":100,"pct_televisor":67}},{"type":"Feature","geometry":{"type":"Polygon","coordinates":[[[-65.43469,-16.99799],[-65.43374,-16.99648],[-65.43533,-16.99537],[-65.43608,-16.99693],[-65.43469,-16.99799]]]},"properties":{"n":"40 ARROYOS","p":24,"personas_x_ha":6,"masculinidad":118,"pct_menor20":29,"pct_60mas":17,"pct_migrante":54,"dependencia_econ":85,"pct_empleados":31,"pct_cuentapropia":69,"pct_agricultura":38,"pct_comercio":8,"pct_manufactura":0,"pct_construccion":0,"pct_transporte":23,"pct_alojamiento":0,"pct_sin_educacion":0,"pct_educ_superior":59,"brecha_educ":10,"pct_sin_seguro":4,"pct_sus":58,"pct_seguro_privado":0,"brecha_seguro":8,"pct_salud_publica":19,"pct_med_tradicional":10,"pct_automedicacion":18,"pct_remedios_caseros":16,"pct_viv_desocupada":0,"pct_alquiler":0,"pct_electricidad":100,"pct_sin_electricidad":0,"pct_agua_red":100,"pct_alcantarillado":0,"pct_camara_septica":62,"pct_pozo_ciego":38,"pct_sin_desague":0,"pct_gas_red":12,"pct_gas_garrafa":88,"pct_lena_guano":88,"pct_basura_formal":88,"pct_basura_quema":12,"pct_basura_informal":0,"pct_internet":88,"pct_celular":88,"pct_televisor":100}},{"type":"Feature","geometry":{"type":"Polygon","coordinates":[[[-65.4334,-16.99125],[-65.43372,-16.99191],[-65.43311,-16.99218],[-65.43281,-16.99152],[-65.4334,-16.99125]]]},"properties":{"n":"40 ARROYOS","p":35,"personas_x_ha":61,"masculinidad":94,"pct_menor20":46,"pct_60mas":6,"pct_migrante":60,"dependencia_econ":106,"pct_empleados":41,"pct_cuentapropia":53,"pct_agricultura":24,"pct_comercio":18,"pct_manufactura":0,"pct_construccion":18,"pct_transporte":6,"pct_alojamiento":12,"pct_sin_educacion":0,"pct_educ_superior":15,"brecha_educ":4,"pct_sin_seguro":6,"pct_sus":94,"pct_seguro_privado":0,"brecha_seguro":0,"pct_salud_publica":30,"pct_med_tradicional":13,"pct_automedicacion":26,"pct_remedios_caseros":19,"pct_viv_desocupada":0,"pct_alquiler":44,"pct_electricidad":100,"pct_sin_electricidad":0,"pct_agua_red":67,"pct_alcantarillado":0,"pct_camara_septica":33,"pct_pozo_ciego":67,"pct_sin_desague":0,"pct_gas_red":0,"pct_gas_garrafa":100,"pct_lena_guano":100,"pct_basura_formal":89,"pct_basura_quema":11,"pct_basura_informal":0,"pct_internet":78,"pct_celular":89,"pct_televisor":67}},{"type":"Feature","geometry":{"type":"Polygon","coordinates":[[[-65.43854,-16.99469],[-65.43824,-16.99406],[-65.43693,-16.99483],[-65.43719,-16.99533],[-65.43854,-16.99469]]]},"properties":{"n":"40 ARROYOS","p":46,"personas_x_ha":41,"masculinidad":92,"pct_menor20":48,"pct_60mas":0,"pct_migrante":46,"dependencia_econ":92,"pct_empleados":21,"pct_cuentapropia":58,"pct_agricultura":33,"pct_comercio":25,"pct_manufactura":0,"pct_construccion":4,"pct_transporte":29,"pct_alojamiento":4,"pct_sin_educacion":0,"pct_educ_superior":12,"brecha_educ":19,"pct_sin_seguro":11,"pct_sus":74,"pct_seguro_privado":0,"brecha_seguro":-3,"pct_salud_publica":68,"pct_med_tradicional":5,"pct_automedicacion":8,"pct_remedios_caseros":11,"pct_viv_desocupada":0,"pct_alquiler":7,"pct_electricidad":100,"pct_sin_electricidad":0,"pct_agua_red":100,"pct_alcantarillado":0,"pct_camara_septica":7,"pct_pozo_ciego":93,"pct_sin_desague":0,"pct_gas_red":27,"pct_gas_garrafa":73,"pct_lena_guano":73,"pct_basura_formal":100,"pct_basura_quema":0,"pct_basura_informal":0,"pct_internet":87,"pct_celular":93,"pct_televisor":80}},{"type":"Feature","geometry":{"type":"Polygon","coordinates":[[[-65.55292,-16.81985],[-65.55321,-16.82057],[-65.55231,-16.82073],[-65.55207,-16.82009],[-65.55292,-16.81985]]]},"properties":{"n":"ALTO SAN PEDRO","p":25,"personas_x_ha":33,"masculinidad":127,"pct_menor20":36,"pct_60mas":4,"pct_migrante":28,"dependencia_econ":56,"pct_empleados":50,"pct_cuentapropia":44,"pct_agricultura":75,"pct_comercio":12,"pct_manufactura":6,"pct_construccion":0,"pct_transporte":0,"pct_alojamiento":6,"pct_sin_educacion":0,"pct_educ_superior":6,"brecha_educ":8,"pct_sin_seguro":21,"pct_sus":79,"pct_seguro_privado":0,"brecha_seguro":22,"pct_salud_publica":26,"pct_med_tradicional":14,"pct_automedicacion":21,"pct_remedios_caseros":21,"pct_viv_desocupada":0,"pct_alquiler":0,"pct_electricidad":100,"pct_sin_electricidad":0,"pct_agua_red":14,"pct_alcantarillado":29,"pct_camara_septica":0,"pct_pozo_ciego":57,"pct_sin_desague":14,"pct_gas_red":0,"pct_gas_garrafa":100,"pct_lena_guano":100,"pct_basura_formal":86,"pct_basura_quema":0,"pct_basura_informal":0,"pct_internet":57,"pct_celular":86,"pct_televisor":57}},{"type":"Feature","geometry":{"type":"Polygon","coordinates":[[[-65.55204,-16.82002],[-65.55192,-16.81973],[-65.55271,-16.81936],[-65.55289,-16.81978],[-65.55204,-16.82002]]]},"properties":{"n":"ALTO SAN PEDRO","p":34,"personas_x_ha":85,"masculinidad":89,"pct_menor20":53,"pct_60mas":3,"pct_migrante":41,"dependencia_econ":112,"pct_empleados":0,"pct_cuentapropia":75,"pct_agricultura":81,"pct_comercio":0,"pct_manufactura":0,"pct_construccion":6,"pct_transporte":0,"pct_alojamiento":12,"pct_sin_educacion":19,"pct_educ_superior":0,"brecha_educ":-41,"pct_sin_seguro":0,"pct_sus":100,"pct_seguro_privado":0,"brecha_seguro":0,"pct_salud_publica":51,"pct_med_tradicional":12,"pct_automedicacion":19,"pct_remedios_caseros":15,"pct_viv_desocupada":11,"pct_alquiler":0,"pct_electricidad":100,"pct_sin_electricidad":0,"pct_agua_red":100,"pct_alcantarillado":0,"pct_camara_septica":62,"pct_pozo_ciego":38,"pct_sin_desague":0,"pct_gas_red":12,"pct_gas_garrafa":88,"pct_lena_guano":88,"pct_basura_formal":38,"pct_basura_quema":62,"pct_basura_informal":0,"pct_internet":62,"pct_celular":100,"pct_televisor":88}},{"type":"Feature","geometry":{"type":"Polygon","coordinates":[[[-65.55391,-16.8224],[-65.55328,-16.82077],[-65.55062,-16.82122],[-65.55083,-16.82186],[-65.5527,-16.82157],[-65.55315,-16.82267],[-65.55391,-16.8224]]]},"properties":{"n":"ALTO SAN PEDRO","p":29,"personas_x_ha":9,"masculinidad":107,"pct_menor20":34,"pct_60mas":10,"pct_migrante":41,"dependencia_econ":45,"pct_empleados":15,"pct_cuentapropia":65,"pct_agricultura":75,"pct_comercio":10,"pct_manufactura":5,"pct_construccion":5,"pct_transporte":5,"pct_alojamiento":0,"pct_sin_educacion":21,"pct_educ_superior":0,"brecha_educ":-19,"pct_sin_seguro":18,"pct_sus":82,"pct_seguro_privado":0,"brecha_seguro":-7,"pct_salud_publica":33,"pct_med_tradicional":0,"pct_automedicacion":30,"pct_remedios_caseros":35,"pct_viv_desocupada":23,"pct_alquiler":0,"pct_electricidad":100,"pct_sin_electricidad":0,"pct_agua_red":100,"pct_alcantarillado":10,"pct_camara_septica":20,"pct_pozo_ciego":20,"pct_sin_desague":30,"pct_gas_red":0,"pct_gas_garrafa":100,"pct_lena_guano":100,"pct_basura_formal":10,"pct_basura_quema":90,"pct_basura_informal":0,"pct_internet":40,"pct_celular":90,"pct_televisor":40}},{"type":"Feature","geometry":{"type":"Polygon","coordinates":[[[-65.55231,-16.81827],[-65.55175,-16.81698],[-65.55094,-16.81735],[-65.55153,-16.81867],[-65.55231,-16.81827]]]},"properties":{"n":"ALTO SAN PEDRO","p":33,"personas_x_ha":22,"masculinidad":136,"pct_menor20":36,"pct_60mas":3,"pct_migrante":55,"dependencia_econ":106,"pct_empleados":12,"pct_cuentapropia":50,"pct_agricultura":56,"pct_comercio":19,"pct_manufactura":6,"pct_construccion":6,"pct_transporte":0,"pct_alojamiento":12,"pct_sin_educacion":0,"pct_educ_superior":19,"brecha_educ":-19,"pct_sin_seguro":21,"pct_sus":79,"pct_seguro_privado":0,"brecha_seguro":12,"pct_salud_publica":32,"pct_med_tradicional":12,"pct_automedicacion":27,"pct_remedios_caseros":17,"pct_viv_desocupada":9,"pct_alquiler":10,"pct_electricidad":80,"pct_sin_electricidad":20,"pct_agua_red":90,"pct_alcantarillado":10,"pct_camara_septica":40,"pct_pozo_ciego":50,"pct_sin_desague":0,"pct_gas_red":0,"pct_gas_garrafa":80,"pct_lena_guano":80,"pct_basura_formal":0,"pct_basura_quema":100,"pct_basura_informal":0,"pct_internet":100,"pct_celular":100,"pct_televisor":30}},{"type":"Feature","geometry":{"type":"Polygon","coordinates":[[[-65.54512,-17.0205],[-65.54476,-17.02046],[-65.54423,-17.02014],[-65.5441,-17.02034],[-65.54459,-17.02065],[-65.54512,-17.02065],[-65.54512,-17.0205]]]},"properties":{"n":"AVISPAS","p":20,"personas_x_ha":74,"masculinidad":54,"pct_menor20":45,"pct_60mas":0,"pct_migrante":55,"dependencia_econ":150,"pct_empleados":38,"pct_cuentapropia":62,"pct_agricultura":62,"pct_comercio":38,"pct_manufactura":0,"pct_construccion":0,"pct_transporte":0,"pct_alojamiento":0,"pct_sin_educacion":9,"pct_educ_superior":0,"brecha_educ":-4,"pct_sin_seguro":0,"pct_sus":100,"pct_seguro_privado":0,"brecha_seguro":0,"pct_salud_publica":33,"pct_med_tradicional":10,"pct_automedicacion":20,"pct_remedios_caseros":28,"pct_viv_desocupada":0,"pct_alquiler":0,"pct_electricidad":86,"pct_sin_electricidad":14,"pct_agua_red":57,"pct_alcantarillado":0,"pct_camara_septica":14,"pct_pozo_ciego":71,"pct_sin_desague":14,"pct_gas_red":0,"pct_gas_garrafa":71,"pct_lena_guano":71,"pct_basura_formal":0,"pct_basura_quema":100,"pct_basura_informal":0,"pct_internet":86,"pct_celular":100,"pct_televisor":43}},{"type":"Feature","geometry":{"type":"Polygon","coordinates":[[[-65.54353,-17.01738],[-65.54319,-17.01747],[-65.54384,-17.01957],[-65.54392,-17.01959],[-65.54424,-17.01948],[-65.54353,-17.01738]]]},"properties":{"n":"AVISPAS","p":69,"personas_x_ha":68,"masculinidad":92,"pct_menor20":45,"pct_60mas":1,"pct_migrante":64,"dependencia_econ":176,"pct_empleados":0,"pct_cuentapropia":88,"pct_agricultura":76,"pct_comercio":12,"pct_manufactura":0,"pct_construccion":4,"pct_transporte":4,"pct_alojamiento":4,"pct_sin_educacion":5,"pct_educ_superior":0,"brecha_educ":0,"pct_sin_seguro":7,"pct_sus":88,"pct_seguro_privado":0,"brecha_seguro":4,"pct_salud_publica":35,"pct_med_tradicional":6,"pct_automedicacion":19,"pct_remedios_caseros":22,"pct_viv_desocupada":4,"pct_alquiler":9,"pct_electricidad":91,"pct_sin_electricidad":4,"pct_agua_red":96,"pct_alcantarillado":4,"pct_camara_septica":26,"pct_pozo_ciego":65,"pct_sin_desague":4,"pct_gas_red":0,"pct_gas_garrafa":100,"pct_lena_guano":100,"pct_basura_formal":4,"pct_basura_quema":96,"pct_basura_informal":0,"pct_internet":78,"pct_celular":91,"pct_televisor":74}},{"type":"Feature","geometry":{"type":"Polygon","coordinates":[[[-65.54405,-17.01545],[-65.54286,-17.01593],[-65.54269,-17.01552],[-65.5429,-17.01497],[-65.54318,-17.01502],[-65.54335,-17.01542],[-65.54393,-17.01517],[-65.54405,-17.01545]]]},"properties":{"n":"AVISPAS","p":36,"personas_x_ha":47,"masculinidad":112,"pct_menor20":36,"pct_60mas":3,"pct_migrante":44,"dependencia_econ":80,"pct_empleados":5,"pct_cuentapropia":75,"pct_agricultura":90,"pct_comercio":0,"pct_manufactura":0,"pct_construccion":0,"pct_transporte":5,"pct_alojamiento":0,"pct_sin_educacion":0,"pct_educ_superior":0,"brecha_educ":0,"pct_sin_seguro":39,"pct_sus":56,"pct_seguro_privado":0,"brecha_seguro":7,"pct_salud_publica":52,"pct_med_tradicional":6,"pct_automedicacion":14,"pct_remedios_caseros":17,"pct_viv_desocupada":8,"pct_alquiler":0,"pct_electricidad":92,"pct_sin_electricidad":8,"pct_agua_red":92,"pct_alcantarillado":0,"pct_camara_septica":8,"pct_pozo_ciego":92,"pct_sin_desague":0,"pct_gas_red":0,"pct_gas_garrafa":100,"pct_lena_guano":100,"pct_basura_formal":0,"pct_basura_quema":100,"pct_basura_informal":0,"pct_internet":75,"pct_celular":100,"pct_televisor":67}},{"type":"Feature","geometry":{"type":"Polygon","coordinates":[[[-65.54661,-17.01478],[-65.54511,-17.01526],[-65.54527,-17.01586],[-65.54676,-17.01543],[-65.54661,-17.01478]]]},"properties":{"n":"AVISPAS","p":29,"personas_x_ha":24,"masculinidad":93,"pct_menor20":28,"pct_60mas":10,"pct_migrante":62,"dependencia_econ":222,"pct_empleados":11,"pct_cuentapropia":78,"pct_agricultura":78,"pct_comercio":0,"pct_manufactura":0,"pct_construccion":22,"pct_transporte":0,"pct_alojamiento":0,"pct_sin_educacion":9,"pct_educ_superior":0,"brecha_educ":-21,"pct_sin_seguro":7,"pct_sus":93,"pct_seguro_privado":0,"brecha_seguro":0,"pct_salud_publica":35,"pct_med_tradicional":3,"pct_automedicacion":26,"pct_remedios_caseros":32,"pct_viv_desocupada":0,"pct_alquiler":11,"pct_electricidad":100,"pct_sin_electricidad":0,"pct_agua_red":100,"pct_alcantarillado":0,"pct_camara_septica":0,"pct_pozo_ciego":100,"pct_sin_desague":0,"pct_gas_red":0,"pct_gas_garrafa":100,"pct_lena_guano":100,"pct_basura_formal":0,"pct_basura_quema":100,"pct_basura_informal":0,"pct_internet":89,"pct_celular":100,"pct_televisor":67}},{"type":"Feature","geometry":{"type":"Polygon","coordinates":[[[-65.54438,-17.01951],[-65.54457,-17.02025],[-65.54477,-17.02035],[-65.54501,-17.02034],[-65.54476,-17.01949],[-65.54438,-17.01951]]]},"properties":{"n":"AVISPAS","p":32,"personas_x_ha":78,"masculinidad":78,"pct_menor20":41,"pct_60mas":0,"pct_migrante":72,"dependencia_econ":52,"pct_empleados":43,"pct_cuentapropia":0,"pct_agricultura":76,"pct_comercio":10,"pct_manufactura":0,"pct_construccion":10,"pct_transporte":0,"pct_alojamiento":5,"pct_sin_educacion":0,"pct_educ_superior":10,"brecha_educ":-3,"pct_sin_seguro":6,"pct_sus":94,"pct_seguro_privado":0,"brecha_seguro":14,"pct_salud_publica":26,"pct_med_tradicional":2,"pct_automedicacion":29,"pct_remedios_caseros":30,"pct_viv_desocupada":33,"pct_alquiler":0,"pct_electricidad":100,"pct_sin_electricidad":0,"pct_agua_red":88,"pct_alcantarillado":0,"pct_camara_septica":0,"pct_pozo_ciego":100,"pct_sin_desague":0,"pct_gas_red":0,"pct_gas_garrafa":100,"pct_lena_guano":100,"pct_basura_formal":0,"pct_basura_quema":88,"pct_basura_informal":25,"pct_internet":100,"pct_celular":100,"pct_televisor":62}},{"type":"Feature","geometry":{"type":"Polygon","coordinates":[[[-65.54247,-17.01531],[-65.54097,-17.01592],[-65.5413,-17.01665],[-65.54278,-17.01604],[-65.54247,-17.01531]]]},"properties":{"n":"AVISPAS","p":32,"personas_x_ha":21,"masculinidad":113,"pct_menor20":38,"pct_60mas":6,"pct_migrante":47,"dependencia_econ":100,"pct_empleados":12,"pct_cuentapropia":75,"pct_agricultura":75,"pct_comercio":6,"pct_manufactura":6,"pct_construccion":0,"pct_transporte":6,"pct_alojamiento":6,"pct_sin_educacion":15,"pct_educ_superior":20,"brecha_educ":-12,"pct_sin_seguro":25,"pct_sus":75,"pct_seguro_privado":0,"brecha_seguro":35,"pct_salud_publica":34,"pct_med_tradicional":4,"pct_automedicacion":23,"pct_remedios_caseros":26,"pct_viv_desocupada":0,"pct_alquiler":0,"pct_electricidad":90,"pct_sin_electricidad":10,"pct_agua_red":100,"pct_alcantarillado":0,"pct_camara_septica":20,"pct_pozo_ciego":80,"pct_sin_desague":0,"pct_gas_red":0,"pct_gas_garrafa":100,"pct_lena_guano":100,"pct_basura_formal":0,"pct_basura_quema":90,"pct_basura_informal":0,"pct_internet":70,"pct_celular":90,"pct_televisor":80}},{"type":"Feature","geometry":{"type":"Polygon","coordinates":[[[-65.54363,-17.01733],[-65.54399,-17.01722],[-65.54469,-17.01926],[-65.54466,-17.01937],[-65.54433,-17.0194],[-65.54363,-17.01733]]]},"properties":{"n":"AVISPAS","p":84,"personas_x_ha":83,"masculinidad":105,"pct_menor20":39,"pct_60mas":6,"pct_migrante":43,"dependencia_econ":147,"pct_empleados":9,"pct_cuentapropia":82,"pct_agricultura":79,"pct_comercio":6,"pct_manufactura":3,"pct_construccion":6,"pct_transporte":0,"pct_alojamiento":0,"pct_sin_educacion":2,"pct_educ_superior":23,"brecha_educ":5,"pct_sin_seguro":2,"pct_sus":98,"pct_seguro_privado":0,"brecha_seguro":0,"pct_salud_publica":34,"pct_med_tradicional":3,"pct_automedicacion":29,"pct_remedios_caseros":22,"pct_viv_desocupada":14,"pct_alquiler":4,"pct_electricidad":96,"pct_sin_electricidad":4,"pct_agua_red":96,"pct_alcantarillado":4,"pct_camara_septica":0,"pct_pozo_ciego":96,"pct_sin_desague":0,"pct_gas_red":0,"pct_gas_garrafa":96,"pct_lena_guano":96,"pct_basura_formal":0,"pct_basura_quema":92,"pct_basura_informal":0,"pct_internet":85,"pct_celular":96,"pct_televisor":65}},{"type":"Feature","geometry":{"type":"Polygon","coordinates":[[[-65.54499,-17.01574],[-65.54488,-17.01541],[-65.54362,-17.01591],[-65.54396,-17.0169],[-65.54444,-17.0167],[-65.54449,-17.01595],[-65.54499,-17.01574]]]},"properties":{"n":"AVISPAS","p":70,"personas_x_ha":63,"masculinidad":112,"pct_menor20":34,"pct_60mas":11,"pct_migrante":54,"dependencia_econ":133,"pct_empleados":10,"pct_cuentapropia":57,"pct_agricultura":70,"pct_comercio":10,"pct_manufactura":0,"pct_construccion":0,"pct_transporte":7,"pct_alojamiento":0,"pct_sin_educacion":9,"pct_educ_superior":24,"brecha_educ":1,"pct_sin_seguro":3,"pct_sus":94,"pct_seguro_privado":0,"brecha_seguro":6,"pct_salud_publica":26,"pct_med_tradicional":7,"pct_automedicacion":17,"pct_remedios_caseros":26,"pct_viv_desocupada":0,"pct_alquiler":0,"pct_electricidad":100,"pct_sin_electricidad":0,"pct_agua_red":67,"pct_alcantarillado":0,"pct_camara_septica":0,"pct_pozo_ciego":94,"pct_sin_desague":0,"pct_gas_red":0,"pct_gas_garrafa":100,"pct_lena_guano":100,"pct_basura_formal":6,"pct_basura_quema":89,"pct_basura_informal":11,"pct_internet":61,"pct_celular":72,"pct_televisor":78}},{"type":"Feature","geometry":{"type":"Polygon","coordinates":[[[-65.54433,-17.01541],[-65.54602,-17.01473],[-65.54691,-17.01452],[-65.54665,-17.01334],[-65.54556,-17.01264],[-65.54521,-17.01272],[-65.54532,-17.01438],[-65.54414,-17.01498],[-65.54433,-17.01541]]]},"properties":{"n":"AVISPAS","p":39,"personas_x_ha":10,"masculinidad":144,"pct_menor20":41,"pct_60mas":10,"pct_migrante":51,"dependencia_econ":117,"pct_empleados":6,"pct_cuentapropia":56,"pct_agricultura":67,"pct_comercio":6,"pct_manufactura":6,"pct_construccion":0,"pct_transporte":6,"pct_alojamiento":0,"pct_sin_educacion":17,"pct_educ_superior":8,"brecha_educ":-10,"pct_sin_seguro":8,"pct_sus":89,"pct_seguro_privado":0,"brecha_seguro":14,"pct_salud_publica":32,"pct_med_tradicional":3,"pct_automedicacion":26,"pct_remedios_caseros":30,"pct_viv_desocupada":24,"pct_alquiler":0,"pct_electricidad":100,"pct_sin_electricidad":0,"pct_agua_red":42,"pct_alcantarillado":0,"pct_camara_septica":8,"pct_pozo_ciego":92,"pct_sin_desague":0,"pct_gas_red":0,"pct_gas_garrafa":92,"pct_lena_guano":92,"pct_basura_formal":8,"pct_basura_quema":83,"pct_basura_informal":0,"pct_internet":100,"pct_celular":92,"pct_televisor":83}},{"type":"Feature","geometry":{"type":"Polygon","coordinates":[[[-65.54361,-17.01722],[-65.54393,-17.01711],[-65.54354,-17.01598],[-65.54343,-17.01593],[-65.54314,-17.01607],[-65.54361,-17.01722]]]},"properties":{"n":"AVISPAS","p":33,"personas_x_ha":57,"masculinidad":74,"pct_menor20":55,"pct_60mas":6,"pct_migrante":52,"dependencia_econ":175,"pct_empleados":33,"pct_cuentapropia":50,"pct_agricultura":67,"pct_comercio":0,"pct_manufactura":8,"pct_construccion":0,"pct_transporte":0,"pct_alojamiento":8,"pct_sin_educacion":0,"pct_educ_superior":18,"brecha_educ":4,"pct_sin_seguro":30,"pct_sus":48,"pct_seguro_privado":0,"brecha_seguro":22,"pct_salud_publica":26,"pct_med_tradicional":8,"pct_automedicacion":24,"pct_remedios_caseros":23,"pct_viv_desocupada":12,"pct_alquiler":7,"pct_electricidad":79,"pct_sin_electricidad":21,"pct_agua_red":100,"pct_alcantarillado":0,"pct_camara_septica":21,"pct_pozo_ciego":79,"pct_sin_desague":0,"pct_gas_red":0,"pct_gas_garrafa":79,"pct_lena_guano":79,"pct_basura_formal":0,"pct_basura_quema":93,"pct_basura_informal":0,"pct_internet":86,"pct_celular":93,"pct_televisor":50}},{"type":"Feature","geometry":{"type":"Polygon","coordinates":[[[-65.54373,-17.0196],[-65.54377,-17.01949],[-65.5431,-17.01751],[-65.54278,-17.0176],[-65.54275,-17.01772],[-65.54341,-17.01964],[-65.54373,-17.0196]]]},"properties":{"n":"AVISPAS","p":52,"personas_x_ha":53,"masculinidad":136,"pct_menor20":44,"pct_60mas":8,"pct_migrante":60,"dependencia_econ":93,"pct_empleados":15,"pct_cuentapropia":67,"pct_agricultura":85,"pct_comercio":4,"pct_manufactura":0,"pct_construccion":0,"pct_transporte":7,"pct_alojamiento":0,"pct_sin_educacion":6,"pct_educ_superior":21,"brecha_educ":-20,"pct_sin_seguro":4,"pct_sus":96,"pct_seguro_privado":0,"brecha_seguro":-10,"pct_salud_publica":31,"pct_med_tradicional":6,"pct_automedicacion":28,"pct_remedios_caseros":25,"pct_viv_desocupada":0,"pct_alquiler":5,"pct_electricidad":90,"pct_sin_electricidad":5,"pct_agua_red":100,"pct_alcantarillado":0,"pct_camara_septica":0,"pct_pozo_ciego":100,"pct_sin_desague":0,"pct_gas_red":0,"pct_gas_garrafa":95,"pct_lena_guano":95,"pct_basura_formal":5,"pct_basura_quema":95,"pct_basura_informal":0,"pct_internet":95,"pct_celular":100,"pct_televisor":55}},{"type":"Feature","geometry":{"type":"Polygon","coordinates":[[[-65.47185,-16.84821],[-65.47177,-16.84782],[-65.47081,-16.84808],[-65.47088,-16.84854],[-65.47185,-16.84821]]]},"properties":{"n":"BOMBORAZAMA","p":16,"personas_x_ha":31,"masculinidad":129,"pct_menor20":69,"pct_60mas":19,"pct_migrante":69,"dependencia_econ":300,"pct_empleados":0,"pct_cuentapropia":25,"pct_agricultura":100,"pct_comercio":0,"pct_manufactura":0,"pct_construccion":0,"pct_transporte":0,"pct_alojamiento":0,"pct_sin_educacion":20,"pct_educ_superior":0,"brecha_educ":-50,"pct_sin_seguro":0,"pct_sus":100,"pct_seguro_privado":0,"brecha_seguro":0,"pct_salud_publica":59,"pct_med_tradicional":0,"pct_automedicacion":4,"pct_remedios_caseros":37,"pct_viv_desocupada":18,"pct_alquiler":0,"pct_electricidad":100,"pct_sin_electricidad":0,"pct_agua_red":50,"pct_alcantarillado":0,"pct_camara_septica":0,"pct_pozo_ciego":83,"pct_sin_desague":17,"pct_gas_red":0,"pct_gas_garrafa":100,"pct_lena_guano":100,"pct_basura_formal":0,"pct_basura_quema":100,"pct_basura_informal":0,"pct_internet":83,"pct_celular":100,"pct_televisor":67}},{"type":"Feature","geometry":{"type":"Polygon","coordinates":[[[-65.43681,-16.86897],[-65.43634,-16.86779],[-65.43554,-16.86808],[-65.43607,-16.86933],[-65.43681,-16.86897]]]},"properties":{"n":"BUENA VISTA","p":41,"personas_x_ha":31,"masculinidad":105,"pct_menor20":46,"pct_60mas":5,"pct_migrante":41,"dependencia_econ":150,"pct_empleados":12,"pct_cuentapropia":56,"pct_agricultura":81,"pct_comercio":0,"pct_manufactura":0,"pct_construccion":6,"pct_transporte":0,"pct_alojamiento":0,"pct_sin_educacion":59,"pct_educ_superior":14,"brecha_educ":-6,"pct_sin_seguro":10,"pct_sus":90,"pct_seguro_privado":0,"brecha_seguro":0,"pct_salud_publica":30,"pct_med_tradicional":9,"pct_automedicacion":18,"pct_remedios_caseros":24,"pct_viv_desocupada":0,"pct_alquiler":0,"pct_electricidad":92,"pct_sin_electricidad":8,"pct_agua_red":46,"pct_alcantarillado":15,"pct_camara_septica":8,"pct_pozo_ciego":54,"pct_sin_desague":23,"pct_gas_red":0,"pct_gas_garrafa":85,"pct_lena_guano":85,"pct_basura_formal":0,"pct_basura_quema":100,"pct_basura_informal":0,"pct_internet":62,"pct_celular":77,"pct_televisor":54}},{"type":"Feature","geometry":{"type":"Polygon","coordinates":[[[-65.44024,-16.86521],[-65.44075,-16.86508],[-65.44104,-16.86583],[-65.44016,-16.86615],[-65.4397,-16.86504],[-65.44008,-16.86488],[-65.44024,-16.86521]]]},"properties":{"n":"BUENA VISTA","p":22,"personas_x_ha":20,"masculinidad":83,"pct_menor20":50,"pct_60mas":5,"pct_migrante":55,"dependencia_econ":120,"pct_empleados":0,"pct_cuentapropia":80,"pct_agricultura":50,"pct_comercio":10,"pct_manufactura":10,"pct_construccion":0,"pct_transporte":0,"pct_alojamiento":0,"pct_sin_educacion":0,"pct_educ_superior":9,"brecha_educ":-30,"pct_sin_seguro":0,"pct_sus":100,"pct_seguro_privado":0,"brecha_seguro":0,"pct_salud_publica":39,"pct_med_tradicional":7,"pct_automedicacion":21,"pct_remedios_caseros":21,"pct_viv_desocupada":15,"pct_alquiler":0,"pct_electricidad":100,"pct_sin_electricidad":0,"pct_agua_red":100,"pct_alcantarillado":0,"pct_camara_septica":62,"pct_pozo_ciego":38,"pct_sin_desague":0,"pct_gas_red":0,"pct_gas_garrafa":100,"pct_lena_guano":100,"pct_basura_formal":0,"pct_basura_quema":75,"pct_basura_informal":0,"pct_internet":12,"pct_celular":88,"pct_televisor":100}},{"type":"Feature","geometry":{"type":"Polygon","coordinates":[[[-65.43652,-16.86642],[-65.43964,-16.86517],[-65.44007,-16.86619],[-65.43639,-16.86757],[-65.43599,-16.86657],[-65.4365,-16.86637],[-65.43652,-16.86642]]]},"properties":{"n":"BUENA VISTA","p":66,"personas_x_ha":13,"masculinidad":106,"pct_menor20":42,"pct_60mas":3,"pct_migrante":27,"dependencia_econ":78,"pct_empleados":3,"pct_cuentapropia":46,"pct_agricultura":81,"pct_comercio":5,"pct_manufactura":0,"pct_construccion":3,"pct_transporte":3,"pct_alojamiento":0,"pct_sin_educacion":2,"pct_educ_superior":10,"brecha_educ":-15,"pct_sin_seguro":2,"pct_sus":98,"pct_seguro_privado":0,"brecha_seguro":3,"pct_salud_publica":49,"pct_med_tradicional":9,"pct_automedicacion":19,"pct_remedios_caseros":20,"pct_viv_desocupada":0,"pct_alquiler":0,"pct_electricidad":100,"pct_sin_electricidad":0,"pct_agua_red":63,"pct_alcantarillado":11,"pct_camara_septica":5,"pct_pozo_ciego":53,"pct_sin_desague":32,"pct_gas_red":0,"pct_gas_garrafa":100,"pct_lena_guano":100,"pct_basura_formal":0,"pct_basura_quema":95,"pct_basura_informal":11,"pct_internet":53,"pct_celular":84,"pct_televisor":47}},{"type":"Feature","geometry":{"type":"Polygon","coordinates":[[[-65.43626,-16.86758],[-65.43577,-16.86641],[-65.43455,-16.8669],[-65.43497,-16.86806],[-65.43626,-16.86758]]]},"properties":{"n":"BUENA VISTA","p":41,"personas_x_ha":20,"masculinidad":71,"pct_menor20":44,"pct_60mas":10,"pct_migrante":73,"dependencia_econ":128,"pct_empleados":17,"pct_cuentapropia":67,"pct_agricultura":39,"pct_comercio":28,"pct_manufactura":6,"pct_construccion":0,"pct_transporte":6,"pct_alojamiento":0,"pct_sin_educacion":9,"pct_educ_superior":22,"brecha_educ":-26,"pct_sin_seguro":2,"pct_sus":98,"pct_seguro_privado":0,"brecha_seguro":6,"pct_salud_publica":28,"pct_med_tradicional":12,"pct_automedicacion":20,"pct_remedios_caseros":23,"pct_viv_desocupada":6,"pct_alquiler":0,"pct_electricidad":92,"pct_sin_electricidad":8,"pct_agua_red":54,"pct_alcantarillado":8,"pct_camara_septica":8,"pct_pozo_ciego":77,"pct_sin_desague":0,"pct_gas_red":0,"pct_gas_garrafa":100,"pct_lena_guano":100,"pct_basura_formal":0,"pct_basura_quema":100,"pct_basura_informal":0,"pct_internet":69,"pct_celular":85,"pct_televisor":54}},{"type":"Feature","geometry":{"type":"Polygon","coordinates":[[[-65.43732,-16.86738],[-65.43778,-16.86848],[-65.43686,-16.86888],[-65.43642,-16.86773],[-65.43732,-16.86738]]]},"properties":{"n":"BUENA VISTA","p":43,"personas_x_ha":31,"masculinidad":169,"pct_menor20":33,"pct_60mas":9,"pct_migrante":47,"dependencia_econ":95,"pct_empleados":14,"pct_cuentapropia":82,"pct_agricultura":73,"pct_comercio":0,"pct_manufactura":0,"pct_construccion":5,"pct_transporte":14,"pct_alojamiento":0,"pct_sin_educacion":7,"pct_educ_superior":14,"brecha_educ":-16,"pct_sin_seguro":0,"pct_sus":93,"pct_seguro_privado":0,"brecha_seguro":0,"pct_salud_publica":28,"pct_med_tradicional":16,"pct_automedicacion":21,"pct_remedios_caseros":19,"pct_viv_desocupada":0,"pct_alquiler":0,"pct_electricidad":100,"pct_sin_electricidad":0,"pct_agua_red":67,"pct_alcantarillado":11,"pct_camara_septica":22,"pct_pozo_ciego":56,"pct_sin_desague":11,"pct_gas_red":0,"pct_gas_garrafa":100,"pct_lena_guano":100,"pct_basura_formal":0,"pct_basura_quema":94,"pct_basura_informal":11,"pct_internet":78,"pct_celular":83,"pct_televisor":67}},{"type":"Feature","geometry":{"type":"Polygon","coordinates":[[[-65.65769,-17.02788],[-65.65793,-17.02731],[-65.65793,-17.02677],[-65.65816,-17.02656],[-65.65875,-17.02625],[-65.65909,-17.02682],[-65.65828,-17.02717],[-65.6582,-17.02765],[-65.65786,-17.02802],[-65.65769,-17.02788]]]},"properties":{"n":"CAMPO VIA","p":24,"personas_x_ha":22,"masculinidad":60,"pct_menor20":46,"pct_60mas":8,"pct_migrante":25,"dependencia_econ":200,"pct_empleados":25,"pct_cuentapropia":75,"pct_agricultura":38,"pct_comercio":38,"pct_manufactura":0,"pct_construccion":0,"pct_transporte":0,"pct_alojamiento":12,"pct_sin_educacion":8,"pct_educ_superior":0,"brecha_educ":-78,"pct_sin_seguro":12,"pct_sus":88,"pct_seguro_privado":0,"brecha_seguro":16,"pct_salud_publica":43,"pct_med_tradicional":17,"pct_automedicacion":17,"pct_remedios_caseros":15,"pct_viv_desocupada":0,"pct_alquiler":27,"pct_electricidad":100,"pct_sin_electricidad":0,"pct_agua_red":73,"pct_alcantarillado":0,"pct_camara_septica":18,"pct_pozo_ciego":82,"pct_sin_desague":0,"pct_gas_red":0,"pct_gas_garrafa":100,"pct_lena_guano":100,"pct_basura_formal":0,"pct_basura_quema":91,"pct_basura_informal":18,"pct_internet":55,"pct_celular":91,"pct_televisor":64}},{"type":"Feature","geometry":{"type":"Polygon","coordinates":[[[-65.65834,-17.03197],[-65.65815,-17.03122],[-65.65778,-17.03028],[-65.65715,-17.03054],[-65.65756,-17.03154],[-65.6579,-17.03214],[-65.65834,-17.03197]]]},"properties":{"n":"CAMPO VIA","p":30,"personas_x_ha":22,"masculinidad":114,"pct_menor20":40,"pct_60mas":3,"pct_migrante":53,"dependencia_econ":88,"pct_empleados":6,"pct_cuentapropia":69,"pct_agricultura":62,"pct_comercio":12,"pct_manufactura":0,"pct_construccion":6,"pct_transporte":0,"pct_alojamiento":0,"pct_sin_educacion":0,"pct_educ_superior":11,"brecha_educ":-15,"pct_sin_seguro":3,"pct_sus":93,"pct_seguro_privado":0,"brecha_seguro":-7,"pct_salud_publica":32,"pct_med_tradicional":20,"pct_automedicacion":10,"pct_remedios_caseros":29,"pct_viv_desocupada":0,"pct_alquiler":8,"pct_electricidad":100,"pct_sin_electricidad":0,"pct_agua_red":85,"pct_alcantarillado":0,"pct_camara_septica":31,"pct_pozo_ciego":69,"pct_sin_desague":0,"pct_gas_red":0,"pct_gas_garrafa":92,"pct_lena_guano":92,"pct_basura_formal":0,"pct_basura_quema":77,"pct_basura_informal":0,"pct_internet":54,"pct_celular":100,"pct_televisor":69}},{"type":"Feature","geometry":{"type":"Polygon","coordinates":[[[-65.6576,-17.02983],[-65.65784,-17.03023],[-65.65812,-17.03012],[-65.65819,-17.03022],[-65.65821,-17.03036],[-65.65812,-17.03016],[-65.65785,-17.03026],[-65.65814,-17.03085],[-65.65864,-17.03048],[-65.65853,-17.03012],[-65.6581,-17.02975],[-65.65794,-17.0298],[-65.65716,-17.02924],[-65.65704,-17.02941],[-65.65741,-17.02984],[-65.65751,-17.0299],[-65.6576,-17.02983]]]},"properties":{"n":"CAMPO VIA","p":42,"personas_x_ha":43,"masculinidad":62,"pct_menor20":45,"pct_60mas":7,"pct_migrante":57,"dependencia_econ":110,"pct_empleados":30,"pct_cuentapropia":55,"pct_agricultura":55,"pct_comercio":5,"pct_manufactura":5,"pct_construccion":0,"pct_transporte":5,"pct_alojamiento":10,"pct_sin_educacion":13,"pct_educ_superior":17,"brecha_educ":-13,"pct_sin_seguro":13,"pct_sus":77,"pct_seguro_privado":0,"brecha_seguro":-9,"pct_salud_publica":35,"pct_med_tradicional":8,"pct_automedicacion":24,"pct_remedios_caseros":27,"pct_viv_desocupada":7,"pct_alquiler":5,"pct_electricidad":100,"pct_sin_electricidad":0,"pct_agua_red":95,"pct_alcantarillado":37,"pct_camara_septica":0,"pct_pozo_ciego":63,"pct_sin_desague":0,"pct_gas_red":0,"pct_gas_garrafa":95,"pct_lena_guano":95,"pct_basura_formal":0,"pct_basura_quema":95,"pct_basura_informal":11,"pct_internet":84,"pct_celular":79,"pct_televisor":74}},{"type":"Feature","geometry":{"type":"Polygon","coordinates":[[[-65.6579,-17.02663],[-65.65755,-17.02607],[-65.6581,-17.0256],[-65.65867,-17.02619],[-65.6579,-17.02663]]]},"properties":{"n":"CAMPO VIA","p":22,"personas_x_ha":30,"masculinidad":175,"pct_menor20":55,"pct_60mas":9,"pct_migrante":55,"dependencia_econ":100,"pct_empleados":0,"pct_cuentapropia":64,"pct_agricultura":64,"pct_comercio":9,"pct_manufactura":0,"pct_construccion":9,"pct_transporte":9,"pct_alojamiento":0,"pct_sin_educacion":9,"pct_educ_superior":0,"brecha_educ":27,"pct_sin_seguro":5,"pct_sus":95,"pct_seguro_privado":0,"brecha_seguro":7,"pct_salud_publica":40,"pct_med_tradicional":0,"pct_automedicacion":36,"pct_remedios_caseros":22,"pct_viv_desocupada":11,"pct_alquiler":14,"pct_electricidad":100,"pct_sin_electricidad":0,"pct_agua_red":100,"pct_alcantarillado":0,"pct_camara_septica":0,"pct_pozo_ciego":100,"pct_sin_desague":0,"pct_gas_red":0,"pct_gas_garrafa":86,"pct_lena_guano":86,"pct_basura_formal":0,"pct_basura_quema":71,"pct_basura_informal":29,"pct_internet":86,"pct_celular":100,"pct_televisor":57}},{"type":"Feature","geometry":{"type":"Polygon","coordinates":[[[-65.65544,-17.0264],[-65.65482,-17.02601],[-65.65537,-17.02571],[-65.6564,-17.02708],[-65.65634,-17.02712],[-65.65596,-17.02693],[-65.65544,-17.0264]]]},"properties":{"n":"CAMPO VIA","p":21,"personas_x_ha":28,"masculinidad":91,"pct_menor20":52,"pct_60mas":0,"pct_migrante":52,"dependencia_econ":217,"pct_empleados":50,"pct_cuentapropia":33,"pct_agricultura":50,"pct_comercio":0,"pct_manufactura":0,"pct_construccion":0,"pct_transporte":0,"pct_alojamiento":0,"pct_sin_educacion":20,"pct_educ_superior":30,"brecha_educ":0,"pct_sin_seguro":0,"pct_sus":94,"pct_seguro_privado":0,"brecha_seguro":0,"pct_salud_publica":30,"pct_med_tradicional":14,"pct_automedicacion":25,"pct_remedios_caseros":24,"pct_viv_desocupada":9,"pct_alquiler":22,"pct_electricidad":100,"pct_sin_electricidad":0,"pct_agua_red":78,"pct_alcantarillado":11,"pct_camara_septica":0,"pct_pozo_ciego":89,"pct_sin_desague":0,"pct_gas_red":0,"pct_gas_garrafa":100,"pct_lena_guano":100,"pct_basura_formal":0,"pct_basura_quema":100,"pct_basura_informal":0,"pct_internet":89,"pct_celular":89,"pct_televisor":56}},{"type":"Feature","geometry":{"type":"Polygon","coordinates":[[[-65.65539,-17.02431],[-65.65501,-17.02452],[-65.65543,-17.02502],[-65.65576,-17.02527],[-65.6561,-17.02491],[-65.65574,-17.02472],[-65.65539,-17.02431]]]},"properties":{"n":"CAMPO VIA","p":39,"personas_x_ha":73,"masculinidad":50,"pct_menor20":41,"pct_60mas":8,"pct_migrante":67,"dependencia_econ":227,"pct_empleados":0,"pct_cuentapropia":82,"pct_agricultura":73,"pct_comercio":18,"pct_manufactura":0,"pct_construccion":0,"pct_transporte":0,"pct_alojamiento":0,"pct_sin_educacion":13,"pct_educ_superior":0,"brecha_educ":20,"pct_sin_seguro":0,"pct_sus":100,"pct_seguro_privado":0,"brecha_seguro":0,"pct_salud_publica":97,"pct_med_tradicional":0,"pct_automedicacion":0,"pct_remedios_caseros":0,"pct_viv_desocupada":0,"pct_alquiler":0,"pct_electricidad":89,"pct_sin_electricidad":11,"pct_agua_red":11,"pct_alcantarillado":0,"pct_camara_septica":0,"pct_pozo_ciego":89,"pct_sin_desague":11,"pct_gas_red":0,"pct_gas_garrafa":100,"pct_lena_guano":100,"pct_basura_formal":0,"pct_basura_quema":100,"pct_basura_informal":0,"pct_internet":67,"pct_celular":89,"pct_televisor":78}},{"type":"Feature","geometry":{"type":"Polygon","coordinates":[[[-65.65736,-17.02991],[-65.65706,-17.02956],[-65.65697,-17.02994],[-65.65713,-17.03047],[-65.65774,-17.03021],[-65.65767,-17.03007],[-65.65736,-17.02991]]]},"properties":{"n":"CAMPO VIA","p":17,"personas_x_ha":40,"masculinidad":70,"pct_menor20":47,"pct_60mas":0,"pct_migrante":53,"dependencia_econ":55,"pct_empleados":9,"pct_cuentapropia":55,"pct_agricultura":45,"pct_comercio":9,"pct_manufactura":9,"pct_construccion":0,"pct_transporte":9,"pct_alojamiento":0,"pct_sin_educacion":10,"pct_educ_superior":30,"brecha_educ":-50,"pct_sin_seguro":7,"pct_sus":93,"pct_seguro_privado":0,"brecha_seguro":-11,"pct_salud_publica":20,"pct_med_tradicional":17,"pct_automedicacion":18,"pct_remedios_caseros":20,"pct_viv_desocupada":0,"pct_alquiler":0,"pct_electricidad":100,"pct_sin_electricidad":0,"pct_agua_red":100,"pct_alcantarillado":67,"pct_camara_septica":0,"pct_pozo_ciego":33,"pct_sin_desague":0,"pct_gas_red":0,"pct_gas_garrafa":100,"pct_lena_guano":100,"pct_basura_formal":0,"pct_basura_quema":67,"pct_basura_informal":0,"pct_internet":50,"pct_celular":50,"pct_televisor":50}},{"type":"Feature","geometry":{"type":"Polygon","coordinates":[[[-65.65892,-17.03172],[-65.65889,-17.03181],[-65.65851,-17.03199],[-65.65816,-17.03101],[-65.65841,-17.03085],[-65.65892,-17.03172]]]},"properties":{"n":"CAMPO VIA","p":21,"personas_x_ha":42,"masculinidad":62,"pct_menor20":48,"pct_60mas":5,"pct_migrante":52,"dependencia_econ":110,"pct_empleados":20,"pct_cuentapropia":70,"pct_agricultura":40,"pct_comercio":10,"pct_manufactura":10,"pct_construccion":0,"pct_transporte":10,"pct_alojamiento":10,"pct_sin_educacion":18,"pct_educ_superior":18,"brecha_educ":-47,"pct_sin_seguro":0,"pct_sus":76,"pct_seguro_privado":0,"brecha_seguro":0,"pct_salud_publica":27,"pct_med_tradicional":14,"pct_automedicacion":23,"pct_remedios_caseros":24,"pct_viv_desocupada":0,"pct_alquiler":0,"pct_electricidad":89,"pct_sin_electricidad":11,"pct_agua_red":44,"pct_alcantarillado":0,"pct_camara_septica":0,"pct_pozo_ciego":89,"pct_sin_desague":11,"pct_gas_red":0,"pct_gas_garrafa":89,"pct_lena_guano":89,"pct_basura_formal":0,"pct_basura_quema":78,"pct_basura_informal":22,"pct_internet":78,"pct_celular":67,"pct_televisor":78}},{"type":"Feature","geometry":{"type":"Polygon","coordinates":[[[-65.65709,-17.02614],[-65.65618,-17.025],[-65.65583,-17.02531],[-65.65622,-17.02592],[-65.65675,-17.02652],[-65.6569,-17.02638],[-65.65676,-17.02654],[-65.65704,-17.0268],[-65.65716,-17.02676],[-65.65718,-17.02666],[-65.65711,-17.02621],[-65.65704,-17.02626],[-65.65709,-17.02614]]]},"properties":{"n":"CAMPO VIA","p":39,"personas_x_ha":35,"masculinidad":144,"pct_menor20":59,"pct_60mas":5,"pct_migrante":74,"dependencia_econ":129,"pct_empleados":12,"pct_cuentapropia":88,"pct_agricultura":65,"pct_comercio":18,"pct_manufactura":0,"pct_construccion":0,"pct_transporte":12,"pct_alojamiento":6,"pct_sin_educacion":11,"pct_educ_superior":6,"brecha_educ":-22,"pct_sin_seguro":13,"pct_sus":84,"pct_seguro_privado":0,"brecha_seguro":23,"pct_salud_publica":24,"pct_med_tradicional":14,"pct_automedicacion":23,"pct_remedios_caseros":21,"pct_viv_desocupada":13,"pct_alquiler":18,"pct_electricidad":100,"pct_sin_electricidad":0,"pct_agua_red":94,"pct_alcantarillado":6,"pct_camara_septica":53,"pct_pozo_ciego":24,"pct_sin_desague":12,"pct_gas_red":0,"pct_gas_garrafa":100,"pct_lena_guano":100,"pct_basura_formal":0,"pct_basura_quema":94,"pct_basura_informal":12,"pct_internet":94,"pct_celular":94,"pct_televisor":65}},{"type":"Feature","geometry":{"type":"Polygon","coordinates":[[[-65.65597,-17.02638],[-65.65547,-17.02571],[-65.65573,-17.02544],[-65.65695,-17.02702],[-65.65676,-17.02715],[-65.65597,-17.02638]]]},"properties":{"n":"CAMPO VIA","p":30,"personas_x_ha":35,"masculinidad":58,"pct_menor20":70,"pct_60mas":3,"pct_migrante":47,"dependencia_econ":150,"pct_empleados":0,"pct_cuentapropia":83,"pct_agricultura":92,"pct_comercio":8,"pct_manufactura":0,"pct_construccion":0,"pct_transporte":0,"pct_alojamiento":0,"pct_sin_educacion":10,"pct_educ_superior":10,"brecha_educ":-24,"pct_sin_seguro":0,"pct_sus":100,"pct_seguro_privado":0,"brecha_seguro":0,"pct_salud_publica":30,"pct_med_tradicional":10,"pct_automedicacion":26,"pct_remedios_caseros":16,"pct_viv_desocupada":0,"pct_alquiler":23,"pct_electricidad":100,"pct_sin_electricidad":0,"pct_agua_red":100,"pct_alcantarillado":0,"pct_camara_septica":0,"pct_pozo_ciego":92,"pct_sin_desague":8,"pct_gas_red":0,"pct_gas_garrafa":100,"pct_lena_guano":100,"pct_basura_formal":0,"pct_basura_quema":100,"pct_basura_informal":0,"pct_internet":92,"pct_celular":92,"pct_televisor":46}},{"type":"Feature","geometry":{"type":"Polygon","coordinates":[[[-65.60496,-16.98742],[-65.60485,-16.98699],[-65.60501,-16.98623],[-65.6045,-16.98623],[-65.60446,-16.98643],[-65.60422,-16.98675],[-65.60438,-16.98766],[-65.60464,-16.98761],[-65.60496,-16.98742]]]},"properties":{"n":"CAPIGUARA","p":16,"personas_x_ha":17,"masculinidad":45,"pct_menor20":50,"pct_60mas":0,"pct_migrante":56,"dependencia_econ":78,"pct_empleados":11,"pct_cuentapropia":78,"pct_agricultura":89,"pct_comercio":11,"pct_manufactura":0,"pct_construccion":0,"pct_transporte":0,"pct_alojamiento":0,"pct_sin_educacion":0,"pct_educ_superior":38,"brecha_educ":-7,"pct_sin_seguro":0,"pct_sus":100,"pct_seguro_privado":0,"brecha_seguro":0,"pct_salud_publica":21,"pct_med_tradicional":21,"pct_automedicacion":15,"pct_remedios_caseros":20,"pct_viv_desocupada":10,"pct_alquiler":12,"pct_electricidad":100,"pct_sin_electricidad":0,"pct_agua_red":100,"pct_alcantarillado":0,"pct_camara_septica":0,"pct_pozo_ciego":100,"pct_sin_desague":0,"pct_gas_red":0,"pct_gas_garrafa":100,"pct_lena_guano":100,"pct_basura_formal":12,"pct_basura_quema":88,"pct_basura_informal":0,"pct_internet":62,"pct_celular":75,"pct_televisor":25}},{"type":"Feature","geometry":{"type":"Polygon","coordinates":[[[-65.60436,-16.98873],[-65.60419,-16.98956],[-65.60424,-16.98977],[-65.6044,-16.98992],[-65.60449,-16.98988],[-65.60473,-16.98869],[-65.60531,-16.98813],[-65.60515,-16.98796],[-65.60436,-16.98873]]]},"properties":{"n":"CAPIGUARA","p":30,"personas_x_ha":40,"masculinidad":43,"pct_menor20":67,"pct_60mas":0,"pct_migrante":60,"dependencia_econ":67,"pct_empleados":33,"pct_cuentapropia":28,"pct_agricultura":72,"pct_comercio":6,"pct_manufactura":6,"pct_construccion":0,"pct_transporte":0,"pct_alojamiento":11,"pct_sin_educacion":0,"pct_educ_superior":9,"brecha_educ":-47,"pct_sin_seguro":7,"pct_sus":93,"pct_seguro_privado":0,"brecha_seguro":6,"pct_salud_publica":23,"pct_med_tradicional":14,"pct_automedicacion":15,"pct_remedios_caseros":17,"pct_viv_desocupada":6,"pct_alquiler":35,"pct_electricidad":100,"pct_sin_electricidad":0,"pct_agua_red":59,"pct_alcantarillado":18,"pct_camara_septica":0,"pct_pozo_ciego":76,"pct_sin_desague":0,"pct_gas_red":0,"pct_gas_garrafa":100,"pct_lena_guano":100,"pct_basura_formal":0,"pct_basura_quema":94,"pct_basura_informal":0,"pct_internet":88,"pct_celular":94,"pct_televisor":65}},{"type":"Feature","geometry":{"type":"Polygon","coordinates":[[[-65.60138,-16.99023],[-65.603,-16.98853],[-65.60337,-16.98902],[-65.60188,-16.99061],[-65.60138,-16.99023]]]},"properties":{"n":"CAPIGUARA","p":38,"personas_x_ha":23,"masculinidad":100,"pct_menor20":66,"pct_60mas":0,"pct_migrante":71,"dependencia_econ":208,"pct_empleados":25,"pct_cuentapropia":50,"pct_agricultura":83,"pct_comercio":0,"pct_manufactura":0,"pct_construccion":8,"pct_transporte":0,"pct_alojamiento":0,"pct_sin_educacion":0,"pct_educ_superior":23,"brecha_educ":3,"pct_sin_seguro":11,"pct_sus":89,"pct_seguro_privado":0,"brecha_seguro":-11,"pct_salud_publica":33,"pct_med_tradicional":12,"pct_automedicacion":18,"pct_remedios_caseros":19,"pct_viv_desocupada":0,"pct_alquiler":8,"pct_electricidad":85,"pct_sin_electricidad":0,"pct_agua_red":92,"pct_alcantarillado":0,"pct_camara_septica":15,"pct_pozo_ciego":85,"pct_sin_desague":0,"pct_gas_red":0,"pct_gas_garrafa":100,"pct_lena_guano":100,"pct_basura_formal":8,"pct_basura_quema":85,"pct_basura_informal":15,"pct_internet":77,"pct_celular":100,"pct_televisor":85}},{"type":"Feature","geometry":{"type":"Polygon","coordinates":[[[-65.60271,-16.99115],[-65.60198,-16.99069],[-65.60287,-16.98971],[-65.60356,-16.99017],[-65.60271,-16.99115]]]},"properties":{"n":"CAPIGUARA","p":31,"personas_x_ha":24,"masculinidad":72,"pct_menor20":74,"pct_60mas":0,"pct_migrante":65,"dependencia_econ":158,"pct_empleados":17,"pct_cuentapropia":83,"pct_agricultura":67,"pct_comercio":0,"pct_manufactura":0,"pct_construccion":0,"pct_transporte":0,"pct_alojamiento":25,"pct_sin_educacion":0,"pct_educ_superior":0,"brecha_educ":-43,"pct_sin_seguro":3,"pct_sus":97,"pct_seguro_privado":0,"brecha_seguro":-6,"pct_salud_publica":30,"pct_med_tradicional":17,"pct_automedicacion":20,"pct_remedios_caseros":24,"pct_viv_desocupada":0,"pct_alquiler":0,"pct_electricidad":87,"pct_sin_electricidad":0,"pct_agua_red":100,"pct_alcantarillado":7,"pct_camara_septica":0,"pct_pozo_ciego":73,"pct_sin_desague":13,"pct_gas_red":0,"pct_gas_garrafa":93,"pct_lena_guano":93,"pct_basura_formal":0,"pct_basura_quema":100,"pct_basura_informal":0,"pct_internet":93,"pct_celular":93,"pct_televisor":80}},{"type":"Feature","geometry":{"type":"Polygon","coordinates":[[[-65.60344,-16.99112],[-65.60311,-16.99084],[-65.60365,-16.99021],[-65.60393,-16.9903],[-65.60378,-16.9912],[-65.60344,-16.99112]]]},"properties":{"n":"CAPIGUARA","p":24,"personas_x_ha":44,"masculinidad":100,"pct_menor20":67,"pct_60mas":0,"pct_migrante":62,"dependencia_econ":118,"pct_empleados":18,"pct_cuentapropia":27,"pct_agricultura":64,"pct_comercio":18,"pct_manufactura":0,"pct_construccion":0,"pct_transporte":0,"pct_alojamiento":9,"pct_sin_educacion":22,"pct_educ_superior":33,"brecha_educ":33,"pct_sin_seguro":12,"pct_sus":88,"pct_seguro_privado":0,"brecha_seguro":8,"pct_salud_publica":21,"pct_med_tradicional":9,"pct_automedicacion":18,"pct_remedios_caseros":22,"pct_viv_desocupada":0,"pct_alquiler":8,"pct_electricidad":92,"pct_sin_electricidad":8,"pct_agua_red":58,"pct_alcantarillado":0,"pct_camara_septica":0,"pct_pozo_ciego":83,"pct_sin_desague":17,"pct_gas_red":0,"pct_gas_garrafa":92,"pct_lena_guano":92,"pct_basura_formal":33,"pct_basura_quema":67,"pct_basura_informal":0,"pct_internet":75,"pct_celular":92,"pct_televisor":67}},{"type":"Feature","geometry":{"type":"Polygon","coordinates":[[[-65.60375,-16.98687],[-65.60372,-16.98725],[-65.60252,-16.98838],[-65.6027,-16.98861],[-65.60418,-16.98723],[-65.60417,-16.98704],[-65.60401,-16.98675],[-65.60375,-16.98687]]]},"properties":{"n":"CAPIGUARA","p":41,"personas_x_ha":48,"masculinidad":71,"pct_menor20":68,"pct_60mas":2,"pct_migrante":59,"dependencia_econ":179,"pct_empleados":21,"pct_cuentapropia":71,"pct_agricultura":86,"pct_comercio":7,"pct_manufactura":0,"pct_construccion":0,"pct_transporte":0,"pct_alojamiento":7,"pct_sin_educacion":0,"pct_educ_superior":8,"brecha_educ":3,"pct_sin_seguro":10,"pct_sus":90,"pct_seguro_privado":0,"brecha_seguro":-8,"pct_salud_publica":33,"pct_med_tradicional":6,"pct_automedicacion":31,"pct_remedios_caseros":20,"pct_viv_desocupada":10,"pct_alquiler":0,"pct_electricidad":84,"pct_sin_electricidad":16,"pct_agua_red":100,"pct_alcantarillado":5,"pct_camara_septica":0,"pct_pozo_ciego":89,"pct_sin_desague":5,"pct_gas_red":0,"pct_gas_garrafa":95,"pct_lena_guano":95,"pct_basura_formal":0,"pct_basura_quema":89,"pct_basura_informal":0,"pct_internet":89,"pct_celular":100,"pct_televisor":79}},{"type":"Feature","geometry":{"type":"Polygon","coordinates":[[[-65.60443,-16.98852],[-65.60439,-16.98771],[-65.60459,-16.98768],[-65.60461,-16.98786],[-65.60524,-16.9873],[-65.60545,-16.98751],[-65.60443,-16.98852]]]},"properties":{"n":"CAPIGUARA","p":16,"personas_x_ha":29,"masculinidad":45,"pct_menor20":56,"pct_60mas":0,"pct_migrante":56,"dependencia_econ":167,"pct_empleados":17,"pct_cuentapropia":83,"pct_agricultura":67,"pct_comercio":0,"pct_manufactura":0,"pct_construccion":17,"pct_transporte":0,"pct_alojamiento":17,"pct_sin_educacion":0,"pct_educ_superior":0,"brecha_educ":-17,"pct_sin_seguro":0,"pct_sus":100,"pct_seguro_privado":0,"brecha_seguro":0,"pct_salud_publica":27,"pct_med_tradicional":17,"pct_automedicacion":23,"pct_remedios_caseros":20,"pct_viv_desocupada":9,"pct_alquiler":20,"pct_electricidad":80,"pct_sin_electricidad":20,"pct_agua_red":80,"pct_alcantarillado":30,"pct_camara_septica":0,"pct_pozo_ciego":70,"pct_sin_desague":0,"pct_gas_red":0,"pct_gas_garrafa":100,"pct_lena_guano":100,"pct_basura_formal":0,"pct_basura_quema":70,"pct_basura_informal":60,"pct_internet":90,"pct_celular":90,"pct_televisor":60}},{"type":"Feature","geometry":{"type":"Polygon","coordinates":[[[-65.60342,-16.99],[-65.60395,-16.99022],[-65.60408,-16.98982],[-65.60401,-16.98961],[-65.60363,-16.98936],[-65.60343,-16.98909],[-65.60296,-16.98967],[-65.60342,-16.99]]]},"properties":{"n":"CAPIGUARA","p":31,"personas_x_ha":39,"masculinidad":82,"pct_menor20":68,"pct_60mas":3,"pct_migrante":39,"dependencia_econ":158,"pct_empleados":0,"pct_cuentapropia":75,"pct_agricultura":33,"pct_comercio":8,"pct_manufactura":8,"pct_construccion":8,"pct_transporte":8,"pct_alojamiento":17,"pct_sin_educacion":9,"pct_educ_superior":18,"brecha_educ":39,"pct_sin_seguro":0,"pct_sus":100,"pct_seguro_privado":0,"brecha_seguro":0,"pct_salud_publica":44,"pct_med_tradicional":14,"pct_automedicacion":17,"pct_remedios_caseros":20,"pct_viv_desocupada":0,"pct_alquiler":8,"pct_electricidad":100,"pct_sin_electricidad":0,"pct_agua_red":100,"pct_alcantarillado":8,"pct_camara_septica":0,"pct_pozo_ciego":92,"pct_sin_desague":0,"pct_gas_red":0,"pct_gas_garrafa":100,"pct_lena_guano":100,"pct_basura_formal":0,"pct_basura_quema":100,"pct_basura_informal":0,"pct_internet":92,"pct_celular":100,"pct_televisor":67}},{"type":"Feature","geometry":{"type":"Polygon","coordinates":[[[-65.60433,-16.98807],[-65.60346,-16.98892],[-65.60306,-16.98849],[-65.60306,-16.98841],[-65.60417,-16.98732],[-65.60423,-16.98736],[-65.60433,-16.98807]]]},"properties":{"n":"CAPIGUARA","p":30,"personas_x_ha":27,"masculinidad":50,"pct_menor20":53,"pct_60mas":0,"pct_migrante":63,"dependencia_econ":173,"pct_empleados":9,"pct_cuentapropia":55,"pct_agricultura":64,"pct_comercio":18,"pct_manufactura":0,"pct_construccion":0,"pct_transporte":9,"pct_alojamiento":9,"pct_sin_educacion":0,"pct_educ_superior":7,"brecha_educ":-20,"pct_sin_seguro":3,"pct_sus":97,"pct_seguro_privado":0,"brecha_seguro":-5,"pct_salud_publica":27,"pct_med_tradicional":12,"pct_automedicacion":17,"pct_remedios_caseros":20,"pct_viv_desocupada":7,"pct_alquiler":17,"pct_electricidad":83,"pct_sin_electricidad":8,"pct_agua_red":58,"pct_alcantarillado":8,"pct_camara_septica":0,"pct_pozo_ciego":67,"pct_sin_desague":8,"pct_gas_red":0,"pct_gas_garrafa":100,"pct_lena_guano":100,"pct_basura_formal":8,"pct_basura_quema":83,"pct_basura_informal":0,"pct_internet":83,"pct_celular":83,"pct_televisor":58}},{"type":"Feature","geometry":{"type":"Polygon","coordinates":[[[-65.60398,-16.99047],[-65.60389,-16.9912],[-65.60443,-16.99122],[-65.60486,-16.99067],[-65.60398,-16.99047]]]},"properties":{"n":"CAPIGUARA","p":40,"personas_x_ha":67,"masculinidad":82,"pct_menor20":48,"pct_60mas":5,"pct_migrante":48,"dependencia_econ":131,"pct_empleados":6,"pct_cuentapropia":56,"pct_agricultura":69,"pct_comercio":6,"pct_manufactura":6,"pct_construccion":19,"pct_transporte":0,"pct_alojamiento":0,"pct_sin_educacion":5,"pct_educ_superior":0,"brecha_educ":-10,"pct_sin_seguro":16,"pct_sus":84,"pct_seguro_privado":0,"brecha_seguro":15,"pct_salud_publica":25,"pct_med_tradicional":12,"pct_automedicacion":17,"pct_remedios_caseros":19,"pct_viv_desocupada":0,"pct_alquiler":0,"pct_electricidad":95,"pct_sin_electricidad":0,"pct_agua_red":70,"pct_alcantarillado":15,"pct_camara_septica":0,"pct_pozo_ciego":75,"pct_sin_desague":5,"pct_gas_red":0,"pct_gas_garrafa":100,"pct_lena_guano":100,"pct_basura_formal":15,"pct_basura_quema":75,"pct_basura_informal":0,"pct_internet":90,"pct_celular":90,"pct_televisor":70}},{"type":"Feature","geometry":{"type":"Polygon","coordinates":[[[-65.60336,-16.99242],[-65.60191,-16.99149],[-65.60224,-16.99102],[-65.60273,-16.99136],[-65.60282,-16.99158],[-65.60368,-16.99206],[-65.60352,-16.99241],[-65.60336,-16.99242]]]},"properties":{"n":"CAPIGUARA","p":36,"personas_x_ha":35,"masculinidad":140,"pct_menor20":50,"pct_60mas":0,"pct_migrante":75,"dependencia_econ":112,"pct_empleados":18,"pct_cuentapropia":47,"pct_agricultura":71,"pct_comercio":6,"pct_manufactura":6,"pct_construccion":6,"pct_transporte":0,"pct_alojamiento":0,"pct_sin_educacion":0,"pct_educ_superior":6,"brecha_educ":-31,"pct_sin_seguro":6,"pct_sus":91,"pct_seguro_privado":0,"brecha_seguro":10,"pct_salud_publica":25,"pct_med_tradicional":14,"pct_automedicacion":17,"pct_remedios_caseros":20,"pct_viv_desocupada":0,"pct_alquiler":19,"pct_electricidad":62,"pct_sin_electricidad":24,"pct_agua_red":71,"pct_alcantarillado":0,"pct_camara_septica":0,"pct_pozo_ciego":86,"pct_sin_desague":14,"pct_gas_red":0,"pct_gas_garrafa":86,"pct_lena_guano":86,"pct_basura_formal":0,"pct_basura_quema":100,"pct_basura_informal":0,"pct_internet":71,"pct_celular":86,"pct_televisor":52}},{"type":"Feature","geometry":{"type":"Polygon","coordinates":[[[-65.53608,-16.65092],[-65.5359,-16.65043],[-65.53509,-16.65066],[-65.53534,-16.65216],[-65.53608,-16.652],[-65.53593,-16.65148],[-65.5359,-16.65097],[-65.53608,-16.65092]]]},"properties":{"n":"CAPINOTA","p":16,"personas_x_ha":12,"masculinidad":129,"pct_menor20":31,"pct_60mas":6,"pct_migrante":69,"dependencia_econ":45,"pct_empleados":27,"pct_cuentapropia":45,"pct_agricultura":55,"pct_comercio":0,"pct_manufactura":0,"pct_construccion":0,"pct_transporte":9,"pct_alojamiento":0,"pct_sin_educacion":8,"pct_educ_superior":17,"brecha_educ":17,"pct_sin_seguro":27,"pct_sus":33,"pct_seguro_privado":0,"brecha_seguro":17,"pct_salud_publica":18,"pct_med_tradicional":18,"pct_automedicacion":22,"pct_remedios_caseros":26,"pct_viv_desocupada":20,"pct_alquiler":11,"pct_electricidad":89,"pct_sin_electricidad":11,"pct_agua_red":11,"pct_alcantarillado":22,"pct_camara_septica":0,"pct_pozo_ciego":44,"pct_sin_desague":33,"pct_gas_red":0,"pct_gas_garrafa":89,"pct_lena_guano":89,"pct_basura_formal":0,"pct_basura_quema":100,"pct_basura_informal":0,"pct_internet":67,"pct_celular":100,"pct_televisor":67}},{"type":"Feature","geometry":{"type":"Polygon","coordinates":[[[-65.53364,-16.65109],[-65.53356,-16.65078],[-65.53323,-16.65086],[-65.53312,-16.65038],[-65.53397,-16.65015],[-65.53416,-16.65097],[-65.53364,-16.65109]]]},"properties":{"n":"CAPINOTA","p":23,"personas_x_ha":31,"masculinidad":77,"pct_menor20":70,"pct_60mas":0,"pct_migrante":61,"dependencia_econ":283,"pct_empleados":0,"pct_cuentapropia":33,"pct_agricultura":100,"pct_comercio":0,"pct_manufactura":0,"pct_construccion":0,"pct_transporte":0,"pct_alojamiento":0,"pct_sin_educacion":0,"pct_educ_superior":0,"brecha_educ":-10,"pct_sin_seguro":4,"pct_sus":91,"pct_seguro_privado":0,"brecha_seguro":10,"pct_salud_publica":35,"pct_med_tradicional":3,"pct_automedicacion":31,"pct_remedios_caseros":21,"pct_viv_desocupada":0,"pct_alquiler":17,"pct_electricidad":83,"pct_sin_electricidad":17,"pct_agua_red":0,"pct_alcantarillado":0,"pct_camara_septica":0,"pct_pozo_ciego":83,"pct_sin_desague":17,"pct_gas_red":0,"pct_gas_garrafa":83,"pct_lena_guano":83,"pct_basura_formal":0,"pct_basura_quema":100,"pct_basura_informal":0,"pct_internet":83,"pct_celular":100,"pct_televisor":67}},{"type":"Feature","geometry":{"type":"Polygon","coordinates":[[[-65.40065,-16.91282],[-65.40062,-16.91206],[-65.39966,-16.91224],[-65.39943,-16.91308],[-65.39929,-16.91428],[-65.39937,-16.91435],[-65.40193,-16.91445],[-65.40194,-16.91268],[-65.40032,-16.91295],[-65.4003,-16.91288],[-65.40065,-16.91282]]]},"properties":{"n":"CHIPIRIRI","p":96,"personas_x_ha":17,"masculinidad":85,"pct_menor20":32,"pct_60mas":8,"pct_migrante":70,"dependencia_econ":62,"pct_empleados":48,"pct_cuentapropia":29,"pct_agricultura":21,"pct_comercio":10,"pct_manufactura":2,"pct_construccion":3,"pct_transporte":0,"pct_alojamiento":2,"pct_sin_educacion":6,"pct_educ_superior":59,"brecha_educ":-6,"pct_sin_seguro":10,"pct_sus":58,"pct_seguro_privado":4,"brecha_seguro":13,"pct_salud_publica":28,"pct_med_tradicional":6,"pct_automedicacion":20,"pct_remedios_caseros":21,"pct_viv_desocupada":0,"pct_alquiler":23,"pct_electricidad":93,"pct_sin_electricidad":7,"pct_agua_red":40,"pct_alcantarillado":3,"pct_camara_septica":33,"pct_pozo_ciego":60,"pct_sin_desague":0,"pct_gas_red":13,"pct_gas_garrafa":70,"pct_lena_guano":70,"pct_basura_formal":30,"pct_basura_quema":70,"pct_basura_informal":0,"pct_internet":80,"pct_celular":90,"pct_televisor":63}},{"type":"Feature","geometry":{"type":"Polygon","coordinates":[[[-65.39888,-16.91433],[-65.39785,-16.91424],[-65.39793,-16.91347],[-65.399,-16.91355],[-65.39888,-16.91433]]]},"properties":{"n":"CHIPIRIRI","p":29,"personas_x_ha":30,"masculinidad":93,"pct_menor20":38,"pct_60mas":17,"pct_migrante":31,"dependencia_econ":383,"pct_empleados":17,"pct_cuentapropia":67,"pct_agricultura":17,"pct_comercio":33,"pct_manufactura":17,"pct_construccion":0,"pct_transporte":33,"pct_alojamiento":0,"pct_sin_educacion":11,"pct_educ_superior":17,"brecha_educ":-22,"pct_sin_seguro":7,"pct_sus":90,"pct_seguro_privado":0,"brecha_seguro":0,"pct_salud_publica":38,"pct_med_tradicional":11,"pct_automedicacion":25,"pct_remedios_caseros":18,"pct_viv_desocupada":0,"pct_alquiler":9,"pct_electricidad":100,"pct_sin_electricidad":0,"pct_agua_red":73,"pct_alcantarillado":18,"pct_camara_septica":27,"pct_pozo_ciego":45,"pct_sin_desague":9,"pct_gas_red":91,"pct_gas_garrafa":9,"pct_lena_guano":9,"pct_basura_formal":36,"pct_basura_quema":64,"pct_basura_informal":0,"pct_internet":82,"pct_celular":91,"pct_televisor":64}},{"type":"Feature","geometry":{"type":"Polygon","coordinates":[[[-65.39987,-16.91131],[-65.39968,-16.91209],[-65.40066,-16.91192],[-65.40067,-16.91136],[-65.4007,-16.91192],[-65.40116,-16.91185],[-65.40115,-16.91169],[-65.40119,-16.91184],[-65.40202,-16.91169],[-65.40204,-16.91111],[-65.40173,-16.90834],[-65.40162,-16.90837],[-65.40053,-16.90997],[-65.39987,-16.91131]]]},"properties":{"n":"CHIPIRIRI","p":38,"personas_x_ha":7,"masculinidad":90,"pct_menor20":53,"pct_60mas":8,"pct_migrante":58,"dependencia_econ":192,"pct_empleados":8,"pct_cuentapropia":62,"pct_agricultura":62,"pct_comercio":0,"pct_manufactura":0,"pct_construccion":0,"pct_transporte":15,"pct_alojamiento":0,"pct_sin_educacion":6,"pct_educ_superior":11,"brecha_educ":20,"pct_sin_seguro":5,"pct_sus":84,"pct_seguro_privado":0,"brecha_seguro":11,"pct_salud_publica":36,"pct_med_tradicional":3,"pct_automedicacion":31,"pct_remedios_caseros":23,"pct_viv_desocupada":17,"pct_alquiler":8,"pct_electricidad":83,"pct_sin_electricidad":17,"pct_agua_red":8,"pct_alcantarillado":0,"pct_camara_septica":17,"pct_pozo_ciego":50,"pct_sin_desague":33,"pct_gas_red":17,"pct_gas_garrafa":83,"pct_lena_guano":83,"pct_basura_formal":33,"pct_basura_quema":67,"pct_basura_informal":0,"pct_internet":92,"pct_celular":100,"pct_televisor":67}},{"type":"Feature","geometry":{"type":"Polygon","coordinates":[[[-65.38965,-16.92077],[-65.38881,-16.92053],[-65.38856,-16.92094],[-65.38936,-16.92119],[-65.38965,-16.92077]]]},"properties":{"n":"CHIPIRIRI","p":18,"personas_x_ha":36,"masculinidad":80,"pct_menor20":44,"pct_60mas":0,"pct_migrante":50,"dependencia_econ":80,"pct_empleados":10,"pct_cuentapropia":90,"pct_agricultura":30,"pct_comercio":10,"pct_manufactura":0,"pct_construccion":10,"pct_transporte":10,"pct_alojamiento":30,"pct_sin_educacion":9,"pct_educ_superior":9,"brecha_educ":-32,"pct_sin_seguro":0,"pct_sus":100,"pct_seguro_privado":0,"brecha_seguro":0,"pct_salud_publica":25,"pct_med_tradicional":5,"pct_automedicacion":18,"pct_remedios_caseros":28,"pct_viv_desocupada":0,"pct_alquiler":0,"pct_electricidad":88,"pct_sin_electricidad":0,"pct_agua_red":88,"pct_alcantarillado":0,"pct_camara_septica":0,"pct_pozo_ciego":100,"pct_sin_desague":0,"pct_gas_red":88,"pct_gas_garrafa":12,"pct_lena_guano":12,"pct_basura_formal":38,"pct_basura_quema":62,"pct_basura_informal":0,"pct_internet":88,"pct_celular":88,"pct_televisor":38}},{"type":"Feature","geometry":{"type":"Polygon","coordinates":[[[-65.39705,-16.9264],[-65.39689,-16.92731],[-65.39682,-16.92735],[-65.39553,-16.92653],[-65.39599,-16.92577],[-65.39705,-16.9264]]]},"properties":{"n":"CHIPIRIRI","p":15,"personas_x_ha":10,"masculinidad":88,"pct_menor20":40,"pct_60mas":0,"pct_migrante":60,"dependencia_econ":150,"pct_empleados":67,"pct_cuentapropia":33,"pct_agricultura":50,"pct_comercio":0,"pct_manufactura":17,"pct_construccion":17,"pct_transporte":0,"pct_alojamiento":0,"pct_sin_educacion":11,"pct_educ_superior":33,"brecha_educ":17,"pct_sin_seguro":7,"pct_sus":93,"pct_seguro_privado":0,"brecha_seguro":14,"pct_salud_publica":24,"pct_med_tradicional":22,"pct_automedicacion":15,"pct_remedios_caseros":20,"pct_viv_desocupada":10,"pct_alquiler":17,"pct_electricidad":100,"pct_sin_electricidad":0,"pct_agua_red":83,"pct_alcantarillado":0,"pct_camara_septica":67,"pct_pozo_ciego":33,"pct_sin_desague":0,"pct_gas_red":50,"pct_gas_garrafa":50,"pct_lena_guano":50,"pct_basura_formal":17,"pct_basura_quema":83,"pct_basura_informal":0,"pct_internet":83,"pct_celular":83,"pct_televisor":50}},{"type":"Feature","geometry":{"type":"Polygon","coordinates":[[[-65.39907,-16.91533],[-65.39914,-16.91453],[-65.39962,-16.91451],[-65.39964,-16.91531],[-65.39907,-16.91533]]]},"properties":{"n":"CHIPIRIRI","p":17,"personas_x_ha":31,"masculinidad":112,"pct_menor20":59,"pct_60mas":12,"pct_migrante":41,"dependencia_econ":143,"pct_empleados":29,"pct_cuentapropia":57,"pct_agricultura":29,"pct_comercio":29,"pct_manufactura":14,"pct_construccion":0,"pct_transporte":0,"pct_alojamiento":29,"pct_sin_educacion":0,"pct_educ_superior":0,"brecha_educ":0,"pct_sin_seguro":0,"pct_sus":88,"pct_seguro_privado":0,"brecha_seguro":0,"pct_salud_publica":25,"pct_med_tradicional":20,"pct_automedicacion":4,"pct_remedios_caseros":31,"pct_viv_desocupada":14,"pct_alquiler":50,"pct_electricidad":100,"pct_sin_electricidad":0,"pct_agua_red":100,"pct_alcantarillado":0,"pct_camara_septica":100,"pct_pozo_ciego":0,"pct_sin_desague":0,"pct_gas_red":25,"pct_gas_garrafa":75,"pct_lena_guano":75,"pct_basura_formal":0,"pct_basura_quema":100,"pct_basura_informal":0,"pct_internet":100,"pct_celular":100,"pct_televisor":100}},{"type":"Feature","geometry":{"type":"Polygon","coordinates":[[[-65.39821,-16.92076],[-65.39848,-16.91919],[-65.39938,-16.9193],[-65.3984,-16.92076],[-65.39821,-16.92076]]]},"properties":{"n":"CHIPIRIRI","p":19,"personas_x_ha":18,"masculinidad":111,"pct_menor20":63,"pct_60mas":0,"pct_migrante":53,"dependencia_econ":375,"pct_empleados":25,"pct_cuentapropia":75,"pct_agricultura":25,"pct_comercio":25,"pct_manufactura":0,"pct_construccion":0,"pct_transporte":25,"pct_alojamiento":0,"pct_sin_educacion":0,"pct_educ_superior":14,"brecha_educ":-17,"pct_sin_seguro":5,"pct_sus":95,"pct_seguro_privado":0,"brecha_seguro":10,"pct_salud_publica":31,"pct_med_tradicional":2,"pct_automedicacion":33,"pct_remedios_caseros":29,"pct_viv_desocupada":11,"pct_alquiler":33,"pct_electricidad":100,"pct_sin_electricidad":0,"pct_agua_red":100,"pct_alcantarillado":17,"pct_camara_septica":50,"pct_pozo_ciego":33,"pct_sin_desague":0,"pct_gas_red":33,"pct_gas_garrafa":67,"pct_lena_guano":67,"pct_basura_formal":17,"pct_basura_quema":83,"pct_basura_informal":0,"pct_internet":83,"pct_celular":83,"pct_televisor":50}},{"type":"Feature","geometry":{"type":"Polygon","coordinates":[[[-65.39622,-16.91888],[-65.39639,-16.91781],[-65.39569,-16.91768],[-65.39576,-16.91677],[-65.3938,-16.91714],[-65.39374,-16.91742],[-65.39368,-16.91728],[-65.39375,-16.91714],[-65.39205,-16.91746],[-65.38863,-16.92271],[-65.39456,-16.92655],[-65.39607,-16.92431],[-65.39523,-16.92381],[-65.39609,-16.92429],[-65.39687,-16.9231],[-65.39574,-16.92267],[-65.39688,-16.92307],[-65.39775,-16.92184],[-65.39781,-16.92164],[-65.39816,-16.91915],[-65.39729,-16.91905],[-65.39685,-16.9197],[-65.39725,-16.91904],[-65.39624,-16.91892],[-65.39547,-16.92004],[-65.39622,-16.91888]]]},"properties":{"n":"CHIPIRIRI","p":52,"personas_x_ha":1,"masculinidad":100,"pct_menor20":52,"pct_60mas":6,"pct_migrante":71,"dependencia_econ":160,"pct_empleados":35,"pct_cuentapropia":40,"pct_agricultura":65,"pct_comercio":10,"pct_manufactura":5,"pct_construccion":0,"pct_transporte":5,"pct_alojamiento":5,"pct_sin_educacion":4,"pct_educ_superior":23,"brecha_educ":-15,"pct_sin_seguro":31,"pct_sus":69,"pct_seguro_privado":0,"brecha_seguro":15,"pct_salud_publica":30,"pct_med_tradicional":18,"pct_automedicacion":26,"pct_remedios_caseros":22,"pct_viv_desocupada":19,"pct_alquiler":7,"pct_electricidad":86,"pct_sin_electricidad":7,"pct_agua_red":43,"pct_alcantarillado":21,"pct_camara_septica":7,"pct_pozo_ciego":64,"pct_sin_desague":7,"pct_gas_red":7,"pct_gas_garrafa":86,"pct_lena_guano":86,"pct_basura_formal":14,"pct_basura_quema":86,"pct_basura_informal":0,"pct_internet":79,"pct_celular":86,"pct_televisor":64}},{"type":"Feature","geometry":{"type":"Polygon","coordinates":[[[-65.40031,-16.91575],[-65.40025,-16.91452],[-65.40116,-16.91455],[-65.40119,-16.91547],[-65.40113,-16.91563],[-65.40031,-16.91575]]]},"properties":{"n":"CHIPIRIRI","p":23,"personas_x_ha":18,"masculinidad":77,"pct_menor20":48,"pct_60mas":4,"pct_migrante":78,"dependencia_econ":188,"pct_empleados":25,"pct_cuentapropia":75,"pct_agricultura":38,"pct_comercio":0,"pct_manufactura":0,"pct_construccion":12,"pct_transporte":25,"pct_alojamiento":12,"pct_sin_educacion":0,"pct_educ_superior":54,"brecha_educ":2,"pct_sin_seguro":9,"pct_sus":87,"pct_seguro_privado":0,"brecha_seguro":2,"pct_salud_publica":45,"pct_med_tradicional":12,"pct_automedicacion":7,"pct_remedios_caseros":7,"pct_viv_desocupada":0,"pct_alquiler":30,"pct_electricidad":100,"pct_sin_electricidad":0,"pct_agua_red":100,"pct_alcantarillado":20,"pct_camara_septica":40,"pct_pozo_ciego":30,"pct_sin_desague":10,"pct_gas_red":30,"pct_gas_garrafa":60,"pct_lena_guano":60,"pct_basura_formal":60,"pct_basura_quema":40,"pct_basura_informal":0,"pct_internet":90,"pct_celular":90,"pct_televisor":60}},{"type":"Feature","geometry":{"type":"Polygon","coordinates":[[[-65.39305,-16.91563],[-65.39226,-16.91542],[-65.39201,-16.91579],[-65.39203,-16.91585],[-65.39279,-16.91606],[-65.39305,-16.91563]]]},"properties":{"n":"CHIPIRIRI","p":37,"personas_x_ha":77,"masculinidad":76,"pct_menor20":54,"pct_60mas":8,"pct_migrante":46,"dependencia_econ":131,"pct_empleados":38,"pct_cuentapropia":56,"pct_agricultura":31,"pct_comercio":31,"pct_manufactura":6,"pct_construccion":0,"pct_transporte":6,"pct_alojamiento":12,"pct_sin_educacion":0,"pct_educ_superior":18,"brecha_educ":-8,"pct_sin_seguro":3,"pct_sus":92,"pct_seguro_privado":0,"brecha_seguro":-5,"pct_salud_publica":45,"pct_med_tradicional":14,"pct_automedicacion":19,"pct_remedios_caseros":22,"pct_viv_desocupada":0,"pct_alquiler":18,"pct_electricidad":100,"pct_sin_electricidad":0,"pct_agua_red":91,"pct_alcantarillado":18,"pct_camara_septica":82,"pct_pozo_ciego":0,"pct_sin_desague":0,"pct_gas_red":0,"pct_gas_garrafa":100,"pct_lena_guano":100,"pct_basura_formal":9,"pct_basura_quema":91,"pct_basura_informal":0,"pct_internet":91,"pct_celular":91,"pct_televisor":64}},{"type":"Feature","geometry":{"type":"Polygon","coordinates":[[[-65.40198,-16.91948],[-65.40148,-16.91944],[-65.40163,-16.91856],[-65.40212,-16.91864],[-65.40198,-16.91948]]]},"properties":{"n":"CHIPIRIRI","p":19,"personas_x_ha":36,"masculinidad":58,"pct_menor20":47,"pct_60mas":0,"pct_migrante":21,"dependencia_econ":171,"pct_empleados":14,"pct_cuentapropia":71,"pct_agricultura":29,"pct_comercio":29,"pct_manufactura":0,"pct_construccion":0,"pct_transporte":0,"pct_alojamiento":29,"pct_sin_educacion":0,"pct_educ_superior":20,"brecha_educ":20,"pct_sin_seguro":5,"pct_sus":95,"pct_seguro_privado":0,"brecha_seguro":-8,"pct_salud_publica":56,"pct_med_tradicional":3,"pct_automedicacion":21,"pct_remedios_caseros":21,"pct_viv_desocupada":14,"pct_alquiler":0,"pct_electricidad":100,"pct_sin_electricidad":0,"pct_agua_red":100,"pct_alcantarillado":0,"pct_camara_septica":40,"pct_pozo_ciego":20,"pct_sin_desague":0,"pct_gas_red":0,"pct_gas_garrafa":100,"pct_lena_guano":100,"pct_basura_formal":20,"pct_basura_quema":80,"pct_basura_informal":0,"pct_internet":100,"pct_celular":100,"pct_televisor":100}},{"type":"Feature","geometry":{"type":"Polygon","coordinates":[[[-65.39061,-16.91791],[-65.39036,-16.91829],[-65.39118,-16.91853],[-65.39146,-16.9181],[-65.39061,-16.91791]]]},"properties":{"n":"CHIPIRIRI","p":34,"personas_x_ha":69,"masculinidad":62,"pct_menor20":65,"pct_60mas":0,"pct_migrante":35,"dependencia_econ":325,"pct_empleados":38,"pct_cuentapropia":62,"pct_agricultura":62,"pct_comercio":0,"pct_manufactura":12,"pct_construccion":0,"pct_transporte":25,"pct_alojamiento":0,"pct_sin_educacion":0,"pct_educ_superior":15,"brecha_educ":-5,"pct_sin_seguro":6,"pct_sus":94,"pct_seguro_privado":0,"brecha_seguro":3,"pct_salud_publica":33,"pct_med_tradicional":16,"pct_automedicacion":19,"pct_remedios_caseros":26,"pct_viv_desocupada":6,"pct_alquiler":0,"pct_electricidad":100,"pct_sin_electricidad":0,"pct_agua_red":90,"pct_alcantarillado":30,"pct_camara_septica":30,"pct_pozo_ciego":40,"pct_sin_desague":0,"pct_gas_red":80,"pct_gas_garrafa":20,"pct_lena_guano":20,"pct_basura_formal":40,"pct_basura_quema":60,"pct_basura_informal":0,"pct_internet":100,"pct_celular":100,"pct_televisor":80}},{"type":"Feature","geometry":{"type":"Polygon","coordinates":[[[-65.40019,-16.91536],[-65.40021,-16.91581],[-65.39895,-16.91597],[-65.39905,-16.91536],[-65.40019,-16.91536]]]},"properties":{"n":"CHIPIRIRI","p":20,"personas_x_ha":26,"masculinidad":67,"pct_menor20":20,"pct_60mas":10,"pct_migrante":65,"dependencia_econ":25,"pct_empleados":38,"pct_cuentapropia":31,"pct_agricultura":25,"pct_comercio":19,"pct_manufactura":0,"pct_construccion":6,"pct_transporte":6,"pct_alojamiento":31,"pct_sin_educacion":24,"pct_educ_superior":35,"brecha_educ":-17,"pct_sin_seguro":0,"pct_sus":85,"pct_seguro_privado":0,"brecha_seguro":0,"pct_salud_publica":28,"pct_med_tradicional":7,"pct_automedicacion":23,"pct_remedios_caseros":25,"pct_viv_desocupada":10,"pct_alquiler":44,"pct_electricidad":100,"pct_sin_electricidad":0,"pct_agua_red":44,"pct_alcantarillado":0,"pct_camara_septica":56,"pct_pozo_ciego":33,"pct_sin_desague":11,"pct_gas_red":33,"pct_gas_garrafa":67,"pct_lena_guano":67,"pct_basura_formal":0,"pct_basura_quema":100,"pct_basura_informal":0,"pct_internet":100,"pct_celular":100,"pct_televisor":44}},{"type":"Feature","geometry":{"type":"Polygon","coordinates":[[[-65.39363,-16.915],[-65.39437,-16.9141],[-65.39437,-16.91442],[-65.39442,-16.91405],[-65.39527,-16.91408],[-65.39551,-16.91258],[-65.39635,-16.91268],[-65.39594,-16.91578],[-65.3953,-16.91573],[-65.39591,-16.91583],[-65.39582,-16.91652],[-65.39562,-16.91646],[-65.39363,-16.915]]]},"properties":{"n":"CHIPIRIRI","p":31,"personas_x_ha":5,"masculinidad":82,"pct_menor20":55,"pct_60mas":0,"pct_migrante":61,"dependencia_econ":100,"pct_empleados":27,"pct_cuentapropia":60,"pct_agricultura":47,"pct_comercio":13,"pct_manufactura":13,"pct_construccion":13,"pct_transporte":13,"pct_alojamiento":0,"pct_sin_educacion":0,"pct_educ_superior":8,"brecha_educ":-24,"pct_sin_seguro":3,"pct_sus":93,"pct_seguro_privado":3,"brecha_seguro":-6,"pct_salud_publica":30,"pct_med_tradicional":7,"pct_automedicacion":20,"pct_remedios_caseros":30,"pct_viv_desocupada":20,"pct_alquiler":0,"pct_electricidad":100,"pct_sin_electricidad":0,"pct_agua_red":36,"pct_alcantarillado":18,"pct_camara_septica":18,"pct_pozo_ciego":55,"pct_sin_desague":0,"pct_gas_red":0,"pct_gas_garrafa":91,"pct_lena_guano":91,"pct_basura_formal":18,"pct_basura_quema":73,"pct_basura_informal":18,"pct_internet":91,"pct_celular":91,"pct_televisor":64}},{"type":"Feature","geometry":{"type":"Polygon","coordinates":[[[-65.39957,-16.91827],[-65.3986,-16.91812],[-65.39846,-16.91901],[-65.39936,-16.91916],[-65.39957,-16.91827]]]},"properties":{"n":"CHIPIRIRI","p":33,"personas_x_ha":33,"masculinidad":94,"pct_menor20":33,"pct_60mas":9,"pct_migrante":36,"dependencia_econ":120,"pct_empleados":13,"pct_cuentapropia":60,"pct_agricultura":73,"pct_comercio":20,"pct_manufactura":0,"pct_construccion":0,"pct_transporte":0,"pct_alojamiento":7,"pct_sin_educacion":18,"pct_educ_superior":27,"brecha_educ":9,"pct_sin_seguro":0,"pct_sus":100,"pct_seguro_privado":0,"brecha_seguro":0,"pct_salud_publica":31,"pct_med_tradicional":10,"pct_automedicacion":20,"pct_remedios_caseros":30,"pct_viv_desocupada":0,"pct_alquiler":17,"pct_electricidad":92,"pct_sin_electricidad":0,"pct_agua_red":58,"pct_alcantarillado":8,"pct_camara_septica":67,"pct_pozo_ciego":17,"pct_sin_desague":8,"pct_gas_red":42,"pct_gas_garrafa":42,"pct_lena_guano":42,"pct_basura_formal":50,"pct_basura_quema":50,"pct_basura_informal":0,"pct_internet":33,"pct_celular":67,"pct_televisor":50}},{"type":"Feature","geometry":{"type":"Polygon","coordinates":[[[-65.39747,-16.91622],[-65.39761,-16.91533],[-65.39687,-16.91541],[-65.3968,-16.91635],[-65.39747,-16.91622]]]},"properties":{"n":"CHIPIRIRI","p":34,"personas_x_ha":45,"masculinidad":100,"pct_menor20":35,"pct_60mas":9,"pct_migrante":59,"dependencia_econ":70,"pct_empleados":30,"pct_cuentapropia":65,"pct_agricultura":30,"pct_comercio":20,"pct_manufactura":5,"pct_construccion":0,"pct_transporte":10,"pct_alojamiento":5,"pct_sin_educacion":4,"pct_educ_superior":35,"brecha_educ":-22,"pct_sin_seguro":0,"pct_sus":88,"pct_seguro_privado":0,"brecha_seguro":0,"pct_salud_publica":28,"pct_med_tradicional":13,"pct_automedicacion":24,"pct_remedios_caseros":25,"pct_viv_desocupada":0,"pct_alquiler":23,"pct_electricidad":100,"pct_sin_electricidad":0,"pct_agua_red":69,"pct_alcantarillado":0,"pct_camara_septica":62,"pct_pozo_ciego":38,"pct_sin_desague":0,"pct_gas_red":31,"pct_gas_garrafa":69,"pct_lena_guano":69,"pct_basura_formal":23,"pct_basura_quema":77,"pct_basura_informal":0,"pct_internet":92,"pct_celular":100,"pct_televisor":31}},{"type":"Feature","geometry":{"type":"Polygon","coordinates":[[[-65.40207,-16.91256],[-65.40315,-16.91234],[-65.40305,-16.91163],[-65.40211,-16.91181],[-65.40207,-16.91256]]]},"properties":{"n":"CHIPIRIRI","p":20,"personas_x_ha":22,"masculinidad":67,"pct_menor20":40,"pct_60mas":10,"pct_migrante":55,"dependencia_econ":67,"pct_empleados":17,"pct_cuentapropia":67,"pct_agricultura":50,"pct_comercio":8,"pct_manufactura":0,"pct_construccion":17,"pct_transporte":8,"pct_alojamiento":8,"pct_sin_educacion":0,"pct_educ_superior":17,"brecha_educ":6,"pct_sin_seguro":0,"pct_sus":100,"pct_seguro_privado":0,"brecha_seguro":0,"pct_salud_publica":33,"pct_med_tradicional":3,"pct_automedicacion":30,"pct_remedios_caseros":23,"pct_viv_desocupada":0,"pct_alquiler":0,"pct_electricidad":100,"pct_sin_electricidad":0,"pct_agua_red":17,"pct_alcantarillado":0,"pct_camara_septica":33,"pct_pozo_ciego":67,"pct_sin_desague":0,"pct_gas_red":50,"pct_gas_garrafa":50,"pct_lena_guano":50,"pct_basura_formal":0,"pct_basura_quema":83,"pct_basura_informal":0,"pct_internet":83,"pct_celular":83,"pct_televisor":50}},{"type":"Feature","geometry":{"type":"Polygon","coordinates":[[[-65.39773,-16.91531],[-65.39874,-16.91536],[-65.39873,-16.91604],[-65.39758,-16.91626],[-65.39773,-16.91531]]]},"properties":{"n":"CHIPIRIRI","p":39,"personas_x_ha":37,"masculinidad":77,"pct_menor20":38,"pct_60mas":8,"pct_migrante":67,"dependencia_econ":62,"pct_empleados":12,"pct_cuentapropia":71,"pct_agricultura":12,"pct_comercio":67,"pct_manufactura":4,"pct_construccion":8,"pct_transporte":0,"pct_alojamiento":4,"pct_sin_educacion":4,"pct_educ_superior":20,"brecha_educ":2,"pct_sin_seguro":3,"pct_sus":97,"pct_seguro_privado":0,"brecha_seguro":-5,"pct_salud_publica":42,"pct_med_tradicional":6,"pct_automedicacion":17,"pct_remedios_caseros":18,"pct_viv_desocupada":5,"pct_alquiler":23,"pct_electricidad":100,"pct_sin_electricidad":0,"pct_agua_red":62,"pct_alcantarillado":8,"pct_camara_septica":77,"pct_pozo_ciego":15,"pct_sin_desague":0,"pct_gas_red":23,"pct_gas_garrafa":69,"pct_lena_guano":69,"pct_basura_formal":62,"pct_basura_quema":38,"pct_basura_informal":0,"pct_internet":92,"pct_celular":100,"pct_televisor":69}},{"type":"Feature","geometry":{"type":"Polygon","coordinates":[[[-65.39496,-16.92618],[-65.39541,-16.92646],[-65.39589,-16.9257],[-65.39545,-16.92542],[-65.39496,-16.92618]]]},"properties":{"n":"CHIPIRIRI","p":15,"personas_x_ha":27,"masculinidad":25,"pct_menor20":47,"pct_60mas":0,"pct_migrante":80,"dependencia_econ":75,"pct_empleados":25,"pct_cuentapropia":38,"pct_agricultura":25,"pct_comercio":25,"pct_manufactura":0,"pct_construccion":25,"pct_transporte":0,"pct_alojamiento":12,"pct_sin_educacion":0,"pct_educ_superior":12,"brecha_educ":17,"pct_sin_seguro":0,"pct_sus":79,"pct_seguro_privado":0,"brecha_seguro":0,"pct_salud_publica":36,"pct_med_tradicional":8,"pct_automedicacion":5,"pct_remedios_caseros":15,"pct_viv_desocupada":30,"pct_alquiler":29,"pct_electricidad":100,"pct_sin_electricidad":0,"pct_agua_red":57,"pct_alcantarillado":14,"pct_camara_septica":14,"pct_pozo_ciego":57,"pct_sin_desague":0,"pct_gas_red":29,"pct_gas_garrafa":71,"pct_lena_guano":71,"pct_basura_formal":14,"pct_basura_quema":86,"pct_basura_informal":0,"pct_internet":100,"pct_celular":100,"pct_televisor":57}},{"type":"Feature","geometry":{"type":"Polygon","coordinates":[[[-65.39881,-16.91496],[-65.39843,-16.91481],[-65.39777,-16.91517],[-65.39778,-16.91525],[-65.39877,-16.91528],[-65.39881,-16.91496]]]},"properties":{"n":"CHIPIRIRI","p":19,"personas_x_ha":49,"masculinidad":58,"pct_menor20":32,"pct_60mas":5,"pct_migrante":63,"dependencia_econ":73,"pct_empleados":18,"pct_cuentapropia":64,"pct_agricultura":36,"pct_comercio":18,"pct_manufactura":0,"pct_construccion":0,"pct_transporte":0,"pct_alojamiento":18,"pct_sin_educacion":0,"pct_educ_superior":57,"brecha_educ":-2,"pct_sin_seguro":16,"pct_sus":84,"pct_seguro_privado":0,"brecha_seguro":20,"pct_salud_publica":34,"pct_med_tradicional":8,"pct_automedicacion":30,"pct_remedios_caseros":17,"pct_viv_desocupada":0,"pct_alquiler":25,"pct_electricidad":100,"pct_sin_electricidad":0,"pct_agua_red":75,"pct_alcantarillado":12,"pct_camara_septica":62,"pct_pozo_ciego":25,"pct_sin_desague":0,"pct_gas_red":25,"pct_gas_garrafa":75,"pct_lena_guano":75,"pct_basura_formal":62,"pct_basura_quema":38,"pct_basura_informal":0,"pct_internet":100,"pct_celular":100,"pct_televisor":75}},{"type":"Feature","geometry":{"type":"Polygon","coordinates":[[[-65.40089,-16.90892],[-65.39716,-16.90935],[-65.39991,-16.90898],[-65.40091,-16.9089],[-65.40169,-16.9078],[-65.40155,-16.90595],[-65.40143,-16.9059],[-65.39895,-16.90642],[-65.39866,-16.90637],[-65.39566,-16.9045],[-65.39447,-16.90725],[-65.39435,-16.90866],[-65.39453,-16.90982],[-65.39472,-16.91019],[-65.39528,-16.91092],[-65.39719,-16.9127],[-65.3991,-16.91288],[-65.39928,-16.91193],[-65.39967,-16.91092],[-65.40089,-16.90892]]]},"properties":{"n":"CHIPIRIRI","p":76,"personas_x_ha":2,"masculinidad":90,"pct_menor20":38,"pct_60mas":8,"pct_migrante":41,"dependencia_econ":65,"pct_empleados":17,"pct_cuentapropia":67,"pct_agricultura":72,"pct_comercio":9,"pct_manufactura":4,"pct_construccion":4,"pct_transporte":4,"pct_alojamiento":0,"pct_sin_educacion":8,"pct_educ_superior":18,"brecha_educ":6,"pct_sin_seguro":5,"pct_sus":87,"pct_seguro_privado":0,"brecha_seguro":11,"pct_salud_publica":44,"pct_med_tradicional":6,"pct_automedicacion":21,"pct_remedios_caseros":21,"pct_viv_desocupada":14,"pct_alquiler":13,"pct_electricidad":91,"pct_sin_electricidad":4,"pct_agua_red":52,"pct_alcantarillado":4,"pct_camara_septica":17,"pct_pozo_ciego":74,"pct_sin_desague":4,"pct_gas_red":9,"pct_gas_garrafa":91,"pct_lena_guano":91,"pct_basura_formal":9,"pct_basura_quema":91,"pct_basura_informal":0,"pct_internet":83,"pct_celular":87,"pct_televisor":61}},{"type":"Feature","geometry":{"type":"Polygon","coordinates":[[[-65.40195,-16.91505],[-65.40193,-16.91456],[-65.40127,-16.91455],[-65.40126,-16.91506],[-65.40195,-16.91505]]]},"properties":{"n":"CHIPIRIRI","p":28,"personas_x_ha":69,"masculinidad":100,"pct_menor20":46,"pct_60mas":7,"pct_migrante":68,"dependencia_econ":180,"pct_empleados":30,"pct_cuentapropia":60,"pct_agricultura":10,"pct_comercio":30,"pct_manufactura":0,"pct_construccion":10,"pct_transporte":0,"pct_alojamiento":10,"pct_sin_educacion":0,"pct_educ_superior":53,"brecha_educ":-9,"pct_sin_seguro":36,"pct_sus":50,"pct_seguro_privado":0,"brecha_seguro":0,"pct_salud_publica":27,"pct_med_tradicional":12,"pct_automedicacion":18,"pct_remedios_caseros":20,"pct_viv_desocupada":0,"pct_alquiler":50,"pct_electricidad":100,"pct_sin_electricidad":0,"pct_agua_red":100,"pct_alcantarillado":12,"pct_camara_septica":25,"pct_pozo_ciego":38,"pct_sin_desague":25,"pct_gas_red":38,"pct_gas_garrafa":62,"pct_lena_guano":62,"pct_basura_formal":62,"pct_basura_quema":38,"pct_basura_informal":0,"pct_internet":62,"pct_celular":100,"pct_televisor":62}},{"type":"Feature","geometry":{"type":"Polygon","coordinates":[[[-65.39688,-16.92618],[-65.39714,-16.92505],[-65.39663,-16.92478],[-65.39606,-16.92568],[-65.39688,-16.92618]]]},"properties":{"n":"CHIPIRIRI","p":26,"personas_x_ha":26,"masculinidad":53,"pct_menor20":54,"pct_60mas":4,"pct_migrante":46,"dependencia_econ":136,"pct_empleados":27,"pct_cuentapropia":73,"pct_agricultura":45,"pct_comercio":27,"pct_manufactura":0,"pct_construccion":9,"pct_transporte":0,"pct_alojamiento":0,"pct_sin_educacion":0,"pct_educ_superior":38,"brecha_educ":2,"pct_sin_seguro":15,"pct_sus":85,"pct_seguro_privado":0,"brecha_seguro":10,"pct_salud_publica":26,"pct_med_tradicional":4,"pct_automedicacion":27,"pct_remedios_caseros":18,"pct_viv_desocupada":15,"pct_alquiler":17,"pct_electricidad":100,"pct_sin_electricidad":0,"pct_agua_red":0,"pct_alcantarillado":0,"pct_camara_septica":67,"pct_pozo_ciego":33,"pct_sin_desague":0,"pct_gas_red":0,"pct_gas_garrafa":100,"pct_lena_guano":100,"pct_basura_formal":17,"pct_basura_quema":67,"pct_basura_informal":33,"pct_internet":100,"pct_celular":100,"pct_televisor":83}},{"type":"Feature","geometry":{"type":"Polygon","coordinates":[[[-65.40208,-16.91557],[-65.40211,-16.91349],[-65.40281,-16.91335],[-65.40287,-16.91554],[-65.40208,-16.91557]]]},"properties":{"n":"CHIPIRIRI","p":48,"personas_x_ha":26,"masculinidad":118,"pct_menor20":44,"pct_60mas":2,"pct_migrante":33,"dependencia_econ":100,"pct_empleados":21,"pct_cuentapropia":71,"pct_agricultura":62,"pct_comercio":21,"pct_manufactura":0,"pct_construccion":0,"pct_transporte":4,"pct_alojamiento":0,"pct_sin_educacion":0,"pct_educ_superior":22,"brecha_educ":-5,"pct_sin_seguro":6,"pct_sus":92,"pct_seguro_privado":0,"brecha_seguro":-5,"pct_salud_publica":37,"pct_med_tradicional":12,"pct_automedicacion":19,"pct_remedios_caseros":23,"pct_viv_desocupada":0,"pct_alquiler":20,"pct_electricidad":100,"pct_sin_electricidad":0,"pct_agua_red":100,"pct_alcantarillado":0,"pct_camara_septica":27,"pct_pozo_ciego":67,"pct_sin_desague":7,"pct_gas_red":47,"pct_gas_garrafa":47,"pct_lena_guano":47,"pct_basura_formal":60,"pct_basura_quema":40,"pct_basura_informal":0,"pct_internet":87,"pct_celular":87,"pct_televisor":60}},{"type":"Feature","geometry":{"type":"Polygon","coordinates":[[[-65.38893,-16.92041],[-65.38974,-16.92065],[-65.39003,-16.92022],[-65.38922,-16.92001],[-65.38893,-16.92041]]]},"properties":{"n":"CHIPIRIRI","p":33,"personas_x_ha":69,"masculinidad":65,"pct_menor20":55,"pct_60mas":6,"pct_migrante":58,"dependencia_econ":371,"pct_empleados":57,"pct_cuentapropia":43,"pct_agricultura":29,"pct_comercio":14,"pct_manufactura":14,"pct_construccion":14,"pct_transporte":0,"pct_alojamiento":0,"pct_sin_educacion":6,"pct_educ_superior":38,"brecha_educ":10,"pct_sin_seguro":0,"pct_sus":100,"pct_seguro_privado":0,"brecha_seguro":0,"pct_salud_publica":29,"pct_med_tradicional":21,"pct_automedicacion":27,"pct_remedios_caseros":20,"pct_viv_desocupada":0,"pct_alquiler":20,"pct_electricidad":90,"pct_sin_electricidad":0,"pct_agua_red":70,"pct_alcantarillado":20,"pct_camara_septica":20,"pct_pozo_ciego":60,"pct_sin_desague":0,"pct_gas_red":50,"pct_gas_garrafa":50,"pct_lena_guano":50,"pct_basura_formal":10,"pct_basura_quema":80,"pct_basura_informal":20,"pct_internet":90,"pct_celular":90,"pct_televisor":50}},{"type":"Feature","geometry":{"type":"Polygon","coordinates":[[[-65.40034,-16.9198],[-65.40051,-16.91947],[-65.40125,-16.91958],[-65.40111,-16.92044],[-65.40105,-16.92049],[-65.40005,-16.92032],[-65.40033,-16.91981],[-65.4007,-16.91989],[-65.40034,-16.9198]]]},"properties":{"n":"CHIPIRIRI","p":35,"personas_x_ha":35,"masculinidad":67,"pct_menor20":54,"pct_60mas":0,"pct_migrante":63,"dependencia_econ":169,"pct_empleados":31,"pct_cuentapropia":69,"pct_agricultura":38,"pct_comercio":15,"pct_manufactura":0,"pct_construccion":8,"pct_transporte":8,"pct_alojamiento":0,"pct_sin_educacion":12,"pct_educ_superior":18,"brecha_educ":-3,"pct_sin_seguro":0,"pct_sus":89,"pct_seguro_privado":0,"brecha_seguro":0,"pct_salud_publica":36,"pct_med_tradicional":0,"pct_automedicacion":28,"pct_remedios_caseros":27,"pct_viv_desocupada":38,"pct_alquiler":0,"pct_electricidad":100,"pct_sin_electricidad":0,"pct_agua_red":10,"pct_alcantarillado":10,"pct_camara_septica":30,"pct_pozo_ciego":50,"pct_sin_desague":0,"pct_gas_red":0,"pct_gas_garrafa":90,"pct_lena_guano":90,"pct_basura_formal":70,"pct_basura_quema":30,"pct_basura_informal":0,"pct_internet":80,"pct_celular":90,"pct_televisor":70}},{"type":"Feature","geometry":{"type":"Polygon","coordinates":[[[-65.40409,-16.91312],[-65.4021,-16.91335],[-65.40209,-16.91266],[-65.40408,-16.91229],[-65.40414,-16.91265],[-65.40409,-16.91312]]]},"properties":{"n":"CHIPIRIRI","p":42,"personas_x_ha":23,"masculinidad":75,"pct_menor20":40,"pct_60mas":2,"pct_migrante":40,"dependencia_econ":133,"pct_empleados":22,"pct_cuentapropia":72,"pct_agricultura":39,"pct_comercio":11,"pct_manufactura":6,"pct_construccion":11,"pct_transporte":11,"pct_alojamiento":6,"pct_sin_educacion":4,"pct_educ_superior":8,"brecha_educ":-25,"pct_sin_seguro":7,"pct_sus":90,"pct_seguro_privado":0,"brecha_seguro":7,"pct_salud_publica":50,"pct_med_tradicional":0,"pct_automedicacion":23,"pct_remedios_caseros":19,"pct_viv_desocupada":0,"pct_alquiler":15,"pct_electricidad":100,"pct_sin_electricidad":0,"pct_agua_red":38,"pct_alcantarillado":15,"pct_camara_septica":62,"pct_pozo_ciego":23,"pct_sin_desague":0,"pct_gas_red":38,"pct_gas_garrafa":62,"pct_lena_guano":62,"pct_basura_formal":15,"pct_basura_quema":77,"pct_basura_informal":15,"pct_internet":92,"pct_celular":100,"pct_televisor":85}},{"type":"Feature","geometry":{"type":"Polygon","coordinates":[[[-65.39109,-16.91862],[-65.39029,-16.91841],[-65.38998,-16.91886],[-65.39079,-16.91906],[-65.39109,-16.91862]]]},"properties":{"n":"CHIPIRIRI","p":18,"personas_x_ha":36,"masculinidad":80,"pct_menor20":67,"pct_60mas":0,"pct_migrante":33,"dependencia_econ":157,"pct_empleados":14,"pct_cuentapropia":57,"pct_agricultura":71,"pct_comercio":14,"pct_manufactura":0,"pct_construccion":0,"pct_transporte":0,"pct_alojamiento":0,"pct_sin_educacion":14,"pct_educ_superior":0,"brecha_educ":10,"pct_sin_seguro":0,"pct_sus":78,"pct_seguro_privado":0,"brecha_seguro":0,"pct_salud_publica":21,"pct_med_tradicional":16,"pct_automedicacion":19,"pct_remedios_caseros":19,"pct_viv_desocupada":0,"pct_alquiler":0,"pct_electricidad":86,"pct_sin_electricidad":0,"pct_agua_red":57,"pct_alcantarillado":29,"pct_camara_septica":0,"pct_pozo_ciego":71,"pct_sin_desague":0,"pct_gas_red":29,"pct_gas_garrafa":71,"pct_lena_guano":71,"pct_basura_formal":86,"pct_basura_quema":14,"pct_basura_informal":0,"pct_internet":86,"pct_celular":86,"pct_televisor":43}},{"type":"Feature","geometry":{"type":"Polygon","coordinates":[[[-65.3934,-16.91508],[-65.39265,-16.91489],[-65.39234,-16.91531],[-65.39316,-16.9155],[-65.3934,-16.91508]]]},"properties":{"n":"CHIPIRIRI","p":20,"personas_x_ha":44,"masculinidad":82,"pct_menor20":55,"pct_60mas":0,"pct_migrante":45,"dependencia_econ":100,"pct_empleados":20,"pct_cuentapropia":60,"pct_agricultura":70,"pct_comercio":0,"pct_manufactura":0,"pct_construccion":0,"pct_transporte":0,"pct_alojamiento":0,"pct_sin_educacion":0,"pct_educ_superior":11,"brecha_educ":80,"pct_sin_seguro":5,"pct_sus":95,"pct_seguro_privado":0,"brecha_seguro":-9,"pct_salud_publica":32,"pct_med_tradicional":2,"pct_automedicacion":25,"pct_remedios_caseros":30,"pct_viv_desocupada":0,"pct_alquiler":11,"pct_electricidad":100,"pct_sin_electricidad":0,"pct_agua_red":100,"pct_alcantarillado":22,"pct_camara_septica":44,"pct_pozo_ciego":33,"pct_sin_desague":0,"pct_gas_red":0,"pct_gas_garrafa":100,"pct_lena_guano":100,"pct_basura_formal":11,"pct_basura_quema":89,"pct_basura_informal":0,"pct_internet":100,"pct_celular":100,"pct_televisor":67}},{"type":"Feature","geometry":{"type":"Polygon","coordinates":[[[-65.40001,-16.92193],[-65.40074,-16.92057],[-65.40105,-16.92061],[-65.40077,-16.922],[-65.40059,-16.9223],[-65.40001,-16.92193]]]},"properties":{"n":"CHIPIRIRI","p":18,"personas_x_ha":17,"masculinidad":64,"pct_menor20":33,"pct_60mas":0,"pct_migrante":50,"dependencia_econ":31,"pct_empleados":31,"pct_cuentapropia":54,"pct_agricultura":31,"pct_comercio":15,"pct_manufactura":8,"pct_construccion":8,"pct_transporte":0,"pct_alojamiento":8,"pct_sin_educacion":0,"pct_educ_superior":42,"brecha_educ":0,"pct_sin_seguro":0,"pct_sus":75,"pct_seguro_privado":0,"brecha_seguro":0,"pct_salud_publica":37,"pct_med_tradicional":0,"pct_automedicacion":24,"pct_remedios_caseros":29,"pct_viv_desocupada":0,"pct_alquiler":0,"pct_electricidad":100,"pct_sin_electricidad":0,"pct_agua_red":22,"pct_alcantarillado":11,"pct_camara_septica":11,"pct_pozo_ciego":67,"pct_sin_desague":11,"pct_gas_red":56,"pct_gas_garrafa":44,"pct_lena_guano":44,"pct_basura_formal":44,"pct_basura_quema":44,"pct_basura_informal":0,"pct_internet":44,"pct_celular":56,"pct_televisor":56}},{"type":"Feature","geometry":{"type":"Polygon","coordinates":[[[-65.42681,-16.73653],[-65.426,-16.73711],[-65.42659,-16.73765],[-65.42747,-16.73701],[-65.42681,-16.73653]]]},"properties":{"n":"CINCO ESQUINAS SANTIVAÑEZ A","p":20,"personas_x_ha":19,"masculinidad":33,"pct_menor20":55,"pct_60mas":5,"pct_migrante":55,"dependencia_econ":100,"pct_empleados":20,"pct_cuentapropia":70,"pct_agricultura":60,"pct_comercio":10,"pct_manufactura":0,"pct_construccion":0,"pct_transporte":0,"pct_alojamiento":0,"pct_sin_educacion":0,"pct_educ_superior":44,"brecha_educ":-55,"pct_sin_seguro":21,"pct_sus":58,"pct_seguro_privado":0,"brecha_seguro":5,"pct_salud_publica":45,"pct_med_tradicional":10,"pct_automedicacion":10,"pct_remedios_caseros":25,"pct_viv_desocupada":11,"pct_alquiler":20,"pct_electricidad":100,"pct_sin_electricidad":0,"pct_agua_red":80,"pct_alcantarillado":20,"pct_camara_septica":40,"pct_pozo_ciego":20,"pct_sin_desague":20,"pct_gas_red":0,"pct_gas_garrafa":100,"pct_lena_guano":100,"pct_basura_formal":0,"pct_basura_quema":100,"pct_basura_informal":0,"pct_internet":80,"pct_celular":100,"pct_televisor":60}},{"type":"Feature","geometry":{"type":"Polygon","coordinates":[[[-65.4243,-16.7335],[-65.42414,-16.73333],[-65.42312,-16.73268],[-65.42301,-16.73377],[-65.42372,-16.73427],[-65.4243,-16.7335]]]},"properties":{"n":"CINCO ESQUINAS SANTIVAÑEZ A","p":30,"personas_x_ha":22,"masculinidad":76,"pct_menor20":57,"pct_60mas":0,"pct_migrante":60,"dependencia_econ":131,"pct_empleados":0,"pct_cuentapropia":62,"pct_agricultura":77,"pct_comercio":8,"pct_manufactura":0,"pct_construccion":0,"pct_transporte":0,"pct_alojamiento":15,"pct_sin_educacion":0,"pct_educ_superior":7,"brecha_educ":7,"pct_sin_seguro":3,"pct_sus":97,"pct_seguro_privado":0,"brecha_seguro":8,"pct_salud_publica":24,"pct_med_tradicional":11,"pct_automedicacion":25,"pct_remedios_caseros":28,"pct_viv_desocupada":0,"pct_alquiler":0,"pct_electricidad":80,"pct_sin_electricidad":20,"pct_agua_red":80,"pct_alcantarillado":0,"pct_camara_septica":20,"pct_pozo_ciego":50,"pct_sin_desague":0,"pct_gas_red":0,"pct_gas_garrafa":100,"pct_lena_guano":100,"pct_basura_formal":0,"pct_basura_quema":100,"pct_basura_informal":0,"pct_internet":100,"pct_celular":100,"pct_televisor":60}},{"type":"Feature","geometry":{"type":"Polygon","coordinates":[[[-65.42417,-16.73625],[-65.42518,-16.7355],[-65.42528,-16.7355],[-65.42603,-16.736],[-65.42507,-16.73715],[-65.42417,-16.73625]]]},"properties":{"n":"CINCO ESQUINAS SANTIVAÑEZ A","p":24,"personas_x_ha":13,"masculinidad":118,"pct_menor20":50,"pct_60mas":0,"pct_migrante":92,"dependencia_econ":118,"pct_empleados":36,"pct_cuentapropia":45,"pct_agricultura":64,"pct_comercio":9,"pct_manufactura":9,"pct_construccion":9,"pct_transporte":0,"pct_alojamiento":0,"pct_sin_educacion":0,"pct_educ_superior":23,"brecha_educ":-22,"pct_sin_seguro":0,"pct_sus":100,"pct_seguro_privado":0,"brecha_seguro":0,"pct_salud_publica":23,"pct_med_tradicional":20,"pct_automedicacion":31,"pct_remedios_caseros":25,"pct_viv_desocupada":6,"pct_alquiler":11,"pct_electricidad":89,"pct_sin_electricidad":11,"pct_agua_red":78,"pct_alcantarillado":0,"pct_camara_septica":22,"pct_pozo_ciego":56,"pct_sin_desague":0,"pct_gas_red":0,"pct_gas_garrafa":100,"pct_lena_guano":100,"pct_basura_formal":0,"pct_basura_quema":100,"pct_basura_informal":0,"pct_internet":89,"pct_celular":100,"pct_televisor":44}},{"type":"Feature","geometry":{"type":"Polygon","coordinates":[[[-65.42795,-16.73604],[-65.42751,-16.73577],[-65.42695,-16.73651],[-65.42831,-16.7374],[-65.4285,-16.73694],[-65.42775,-16.73647],[-65.42795,-16.73604]]]},"properties":{"n":"CINCO ESQUINAS SANTIVAÑEZ A","p":58,"personas_x_ha":49,"masculinidad":81,"pct_menor20":64,"pct_60mas":2,"pct_migrante":64,"dependencia_econ":142,"pct_empleados":0,"pct_cuentapropia":67,"pct_agricultura":88,"pct_comercio":4,"pct_manufactura":0,"pct_construccion":0,"pct_transporte":0,"pct_alojamiento":0,"pct_sin_educacion":23,"pct_educ_superior":23,"brecha_educ":5,"pct_sin_seguro":0,"pct_sus":100,"pct_seguro_privado":0,"brecha_seguro":0,"pct_salud_publica":30,"pct_med_tradicional":5,"pct_automedicacion":17,"pct_remedios_caseros":27,"pct_viv_desocupada":12,"pct_alquiler":0,"pct_electricidad":100,"pct_sin_electricidad":0,"pct_agua_red":67,"pct_alcantarillado":8,"pct_camara_septica":17,"pct_pozo_ciego":42,"pct_sin_desague":8,"pct_gas_red":0,"pct_gas_garrafa":100,"pct_lena_guano":100,"pct_basura_formal":0,"pct_basura_quema":92,"pct_basura_informal":0,"pct_internet":83,"pct_celular":83,"pct_televisor":67}},{"type":"Feature","geometry":{"type":"Polygon","coordinates":[[[-65.42216,-16.73329],[-65.42187,-16.73371],[-65.42104,-16.73317],[-65.42039,-16.7326],[-65.4204,-16.73228],[-65.42054,-16.73215],[-65.42216,-16.73329]]]},"properties":{"n":"CINCO ESQUINAS SANTIVAÑEZ A","p":19,"personas_x_ha":16,"masculinidad":90,"pct_menor20":58,"pct_60mas":0,"pct_migrante":58,"dependencia_econ":375,"pct_empleados":0,"pct_cuentapropia":75,"pct_agricultura":50,"pct_comercio":25,"pct_manufactura":0,"pct_construccion":25,"pct_transporte":0,"pct_alojamiento":0,"pct_sin_educacion":0,"pct_educ_superior":12,"brecha_educ":0,"pct_sin_seguro":0,"pct_sus":100,"pct_seguro_privado":0,"brecha_seguro":0,"pct_salud_publica":30,"pct_med_tradicional":6,"pct_automedicacion":17,"pct_remedios_caseros":22,"pct_viv_desocupada":0,"pct_alquiler":14,"pct_electricidad":100,"pct_sin_electricidad":0,"pct_agua_red":14,"pct_alcantarillado":0,"pct_camara_septica":14,"pct_pozo_ciego":57,"pct_sin_desague":14,"pct_gas_red":0,"pct_gas_garrafa":100,"pct_lena_guano":100,"pct_basura_formal":0,"pct_basura_quema":100,"pct_basura_informal":0,"pct_internet":86,"pct_celular":100,"pct_televisor":86}},{"type":"Feature","geometry":{"type":"Polygon","coordinates":[[[-65.42509,-16.73402],[-65.42435,-16.73353],[-65.42379,-16.73434],[-65.42452,-16.73483],[-65.42509,-16.73402]]]},"properties":{"n":"CINCO ESQUINAS SANTIVAÑEZ A","p":39,"personas_x_ha":37,"masculinidad":70,"pct_menor20":46,"pct_60mas":0,"pct_migrante":77,"dependencia_econ":81,"pct_empleados":0,"pct_cuentapropia":57,"pct_agricultura":95,"pct_comercio":0,"pct_manufactura":0,"pct_construccion":0,"pct_transporte":0,"pct_alojamiento":5,"pct_sin_educacion":0,"pct_educ_superior":0,"brecha_educ":21,"pct_sin_seguro":8,"pct_sus":92,"pct_seguro_privado":0,"brecha_seguro":-2,"pct_salud_publica":36,"pct_med_tradicional":15,"pct_automedicacion":20,"pct_remedios_caseros":21,"pct_viv_desocupada":5,"pct_alquiler":14,"pct_electricidad":79,"pct_sin_electricidad":21,"pct_agua_red":29,"pct_alcantarillado":29,"pct_camara_septica":7,"pct_pozo_ciego":29,"pct_sin_desague":14,"pct_gas_red":0,"pct_gas_garrafa":100,"pct_lena_guano":100,"pct_basura_formal":0,"pct_basura_quema":100,"pct_basura_informal":0,"pct_internet":64,"pct_celular":79,"pct_televisor":21}},{"type":"Feature","geometry":{"type":"Polygon","coordinates":[[[-65.42584,-16.73714],[-65.42671,-16.73649],[-65.42607,-16.73603],[-65.4254,-16.73683],[-65.42584,-16.73714]]]},"properties":{"n":"CINCO ESQUINAS SANTIVAÑEZ A","p":19,"personas_x_ha":23,"masculinidad":58,"pct_menor20":63,"pct_60mas":0,"pct_migrante":58,"dependencia_econ":171,"pct_empleados":0,"pct_cuentapropia":29,"pct_agricultura":100,"pct_comercio":0,"pct_manufactura":0,"pct_construccion":0,"pct_transporte":0,"pct_alojamiento":0,"pct_sin_educacion":0,"pct_educ_superior":12,"brecha_educ":0,"pct_sin_seguro":0,"pct_sus":58,"pct_seguro_privado":0,"brecha_seguro":0,"pct_salud_publica":37,"pct_med_tradicional":12,"pct_automedicacion":22,"pct_remedios_caseros":20,"pct_viv_desocupada":11,"pct_alquiler":0,"pct_electricidad":100,"pct_sin_electricidad":0,"pct_agua_red":100,"pct_alcantarillado":0,"pct_camara_septica":0,"pct_pozo_ciego":80,"pct_sin_desague":0,"pct_gas_red":0,"pct_gas_garrafa":100,"pct_lena_guano":100,"pct_basura_formal":0,"pct_basura_quema":80,"pct_basura_informal":0,"pct_internet":80,"pct_celular":80,"pct_televisor":40}},{"type":"Feature","geometry":{"type":"Polygon","coordinates":[[[-65.42515,-16.73406],[-65.42456,-16.73485],[-65.42525,-16.73531],[-65.42559,-16.73478],[-65.42563,-16.73442],[-65.42515,-16.73406]]]},"properties":{"n":"CINCO ESQUINAS SANTIVAÑEZ A","p":35,"personas_x_ha":40,"masculinidad":169,"pct_menor20":54,"pct_60mas":6,"pct_migrante":74,"dependencia_econ":94,"pct_empleados":0,"pct_cuentapropia":83,"pct_agricultura":72,"pct_comercio":6,"pct_manufactura":0,"pct_construccion":11,"pct_transporte":0,"pct_alojamiento":0,"pct_sin_educacion":11,"pct_educ_superior":6,"brecha_educ":-12,"pct_sin_seguro":6,"pct_sus":94,"pct_seguro_privado":0,"brecha_seguro":-3,"pct_salud_publica":26,"pct_med_tradicional":15,"pct_automedicacion":25,"pct_remedios_caseros":26,"pct_viv_desocupada":0,"pct_alquiler":7,"pct_electricidad":100,"pct_sin_electricidad":0,"pct_agua_red":93,"pct_alcantarillado":7,"pct_camara_septica":7,"pct_pozo_ciego":79,"pct_sin_desague":0,"pct_gas_red":0,"pct_gas_garrafa":100,"pct_lena_guano":100,"pct_basura_formal":7,"pct_basura_quema":93,"pct_basura_informal":0,"pct_internet":86,"pct_celular":86,"pct_televisor":50}},{"type":"Feature","geometry":{"type":"Polygon","coordinates":[[[-65.42656,-16.73897],[-65.42577,-16.73836],[-65.42751,-16.73704],[-65.4282,-16.73749],[-65.42656,-16.73897]]]},"properties":{"n":"CINCO ESQUINAS SANTIVAÑEZ A","p":19,"personas_x_ha":8,"masculinidad":138,"pct_menor20":53,"pct_60mas":5,"pct_migrante":79,"dependencia_econ":50,"pct_empleados":17,"pct_cuentapropia":67,"pct_agricultura":75,"pct_comercio":8,"pct_manufactura":0,"pct_construccion":0,"pct_transporte":0,"pct_alojamiento":0,"pct_sin_educacion":12,"pct_educ_superior":0,"brecha_educ":0,"pct_sin_seguro":0,"pct_sus":100,"pct_seguro_privado":0,"brecha_seguro":0,"pct_salud_publica":31,"pct_med_tradicional":18,"pct_automedicacion":5,"pct_remedios_caseros":29,"pct_viv_desocupada":0,"pct_alquiler":0,"pct_electricidad":14,"pct_sin_electricidad":71,"pct_agua_red":14,"pct_alcantarillado":0,"pct_camara_septica":0,"pct_pozo_ciego":29,"pct_sin_desague":71,"pct_gas_red":0,"pct_gas_garrafa":100,"pct_lena_guano":100,"pct_basura_formal":0,"pct_basura_quema":100,"pct_basura_informal":0,"pct_internet":86,"pct_celular":86,"pct_televisor":0}},{"type":"Feature","geometry":{"type":"Polygon","coordinates":[[[-65.51749,-16.82377],[-65.518,-16.8244],[-65.51757,-16.82473],[-65.51709,-16.82404],[-65.51749,-16.82377]]]},"properties":{"n":"COLORADOS DE BOLIVIA","p":29,"personas_x_ha":58,"masculinidad":61,"pct_menor20":55,"pct_60mas":3,"pct_migrante":48,"dependencia_econ":222,"pct_empleados":0,"pct_cuentapropia":89,"pct_agricultura":56,"pct_comercio":11,"pct_manufactura":0,"pct_construccion":0,"pct_transporte":0,"pct_alojamiento":0,"pct_sin_educacion":0,"pct_educ_superior":0,"brecha_educ":-10,"pct_sin_seguro":7,"pct_sus":93,"pct_seguro_privado":0,"brecha_seguro":3,"pct_salud_publica":33,"pct_med_tradicional":6,"pct_automedicacion":28,"pct_remedios_caseros":22,"pct_viv_desocupada":0,"pct_alquiler":0,"pct_electricidad":100,"pct_sin_electricidad":0,"pct_agua_red":12,"pct_alcantarillado":0,"pct_camara_septica":12,"pct_pozo_ciego":88,"pct_sin_desague":0,"pct_gas_red":0,"pct_gas_garrafa":100,"pct_lena_guano":100,"pct_basura_formal":0,"pct_basura_quema":100,"pct_basura_informal":0,"pct_internet":88,"pct_celular":88,"pct_televisor":75}},{"type":"Feature","geometry":{"type":"Polygon","coordinates":[[[-65.51745,-16.82367],[-65.5173,-16.82345],[-65.51734,-16.8215],[-65.51696,-16.82143],[-65.51673,-16.823],[-65.51676,-16.8235],[-65.517,-16.82397],[-65.51745,-16.82367]]]},"properties":{"n":"COLORADOS DE BOLIVIA","p":48,"personas_x_ha":34,"masculinidad":85,"pct_menor20":44,"pct_60mas":2,"pct_migrante":35,"dependencia_econ":63,"pct_empleados":19,"pct_cuentapropia":67,"pct_agricultura":67,"pct_comercio":0,"pct_manufactura":7,"pct_construccion":0,"pct_transporte":7,"pct_alojamiento":0,"pct_sin_educacion":7,"pct_educ_superior":15,"brecha_educ":-10,"pct_sin_seguro":0,"pct_sus":100,"pct_seguro_privado":0,"brecha_seguro":0,"pct_salud_publica":30,"pct_med_tradicional":11,"pct_automedicacion":22,"pct_remedios_caseros":21,"pct_viv_desocupada":26,"pct_alquiler":7,"pct_electricidad":93,"pct_sin_electricidad":7,"pct_agua_red":29,"pct_alcantarillado":14,"pct_camara_septica":21,"pct_pozo_ciego":43,"pct_sin_desague":21,"pct_gas_red":0,"pct_gas_garrafa":86,"pct_lena_guano":86,"pct_basura_formal":14,"pct_basura_quema":79,"pct_basura_informal":14,"pct_internet":64,"pct_celular":79,"pct_televisor":64}},{"type":"Feature","geometry":{"type":"Polygon","coordinates":[[[-65.51669,-16.8223],[-65.51563,-16.82206],[-65.51594,-16.82338],[-65.51649,-16.82464],[-65.51713,-16.82434],[-65.51672,-16.82373],[-65.51667,-16.82353],[-65.51662,-16.82304],[-65.51669,-16.8223]]]},"properties":{"n":"COLORADOS DE BOLIVIA","p":57,"personas_x_ha":26,"masculinidad":138,"pct_menor20":44,"pct_60mas":4,"pct_migrante":49,"dependencia_econ":112,"pct_empleados":4,"pct_cuentapropia":81,"pct_agricultura":62,"pct_comercio":12,"pct_manufactura":0,"pct_construccion":4,"pct_transporte":4,"pct_alojamiento":15,"pct_sin_educacion":3,"pct_educ_superior":23,"brecha_educ":4,"pct_sin_seguro":9,"pct_sus":85,"pct_seguro_privado":0,"brecha_seguro":0,"pct_salud_publica":37,"pct_med_tradicional":1,"pct_automedicacion":32,"pct_remedios_caseros":26,"pct_viv_desocupada":0,"pct_alquiler":13,"pct_electricidad":87,"pct_sin_electricidad":13,"pct_agua_red":67,"pct_alcantarillado":0,"pct_camara_septica":0,"pct_pozo_ciego":93,"pct_sin_desague":7,"pct_gas_red":0,"pct_gas_garrafa":100,"pct_lena_guano":100,"pct_basura_formal":7,"pct_basura_quema":93,"pct_basura_informal":0,"pct_internet":60,"pct_celular":73,"pct_televisor":80}},{"type":"Feature","geometry":{"type":"Polygon","coordinates":[[[-65.51674,-16.8251],[-65.51627,-16.82431],[-65.51593,-16.82444],[-65.5164,-16.8254],[-65.51683,-16.82542],[-65.51727,-16.82603],[-65.51811,-16.82545],[-65.51786,-16.82525],[-65.51721,-16.82441],[-65.51654,-16.82474],[-65.51674,-16.8251]]]},"properties":{"n":"COLORADOS DE BOLIVIA","p":55,"personas_x_ha":27,"masculinidad":72,"pct_menor20":53,"pct_60mas":0,"pct_migrante":40,"dependencia_econ":120,"pct_empleados":24,"pct_cuentapropia":72,"pct_agricultura":68,"pct_comercio":8,"pct_manufactura":0,"pct_construccion":0,"pct_transporte":12,"pct_alojamiento":0,"pct_sin_educacion":0,"pct_educ_superior":4,"brecha_educ":-2,"pct_sin_seguro":4,"pct_sus":96,"pct_seguro_privado":0,"brecha_seguro":1,"pct_salud_publica":30,"pct_med_tradicional":8,"pct_automedicacion":21,"pct_remedios_caseros":26,"pct_viv_desocupada":0,"pct_alquiler":7,"pct_electricidad":86,"pct_sin_electricidad":7,"pct_agua_red":7,"pct_alcantarillado":0,"pct_camara_septica":0,"pct_pozo_ciego":100,"pct_sin_desague":0,"pct_gas_red":0,"pct_gas_garrafa":100,"pct_lena_guano":100,"pct_basura_formal":7,"pct_basura_quema":57,"pct_basura_informal":71,"pct_internet":93,"pct_celular":93,"pct_televisor":71}},{"type":"Feature","geometry":{"type":"Polygon","coordinates":[[[-65.51861,-16.82511],[-65.51807,-16.82448],[-65.51765,-16.8248],[-65.51796,-16.82518],[-65.51841,-16.82551],[-65.51868,-16.82534],[-65.51861,-16.82511]]]},"properties":{"n":"COLORADOS DE BOLIVIA","p":35,"personas_x_ha":58,"masculinidad":84,"pct_menor20":51,"pct_60mas":11,"pct_migrante":29,"dependencia_econ":106,"pct_empleados":24,"pct_cuentapropia":41,"pct_agricultura":65,"pct_comercio":12,"pct_manufactura":0,"pct_construccion":6,"pct_transporte":0,"pct_alojamiento":0,"pct_sin_educacion":12,"pct_educ_superior":12,"brecha_educ":-6,"pct_sin_seguro":3,"pct_sus":86,"pct_seguro_privado":9,"brecha_seguro":-5,"pct_salud_publica":22,"pct_med_tradicional":13,"pct_automedicacion":20,"pct_remedios_caseros":21,"pct_viv_desocupada":0,"pct_alquiler":8,"pct_electricidad":100,"pct_sin_electricidad":0,"pct_agua_red":77,"pct_alcantarillado":8,"pct_camara_septica":8,"pct_pozo_ciego":62,"pct_sin_desague":8,"pct_gas_red":0,"pct_gas_garrafa":100,"pct_lena_guano":100,"pct_basura_formal":46,"pct_basura_quema":38,"pct_basura_informal":0,"pct_internet":69,"pct_celular":85,"pct_televisor":69}},{"type":"Feature","geometry":{"type":"Polygon","coordinates":[[[-65.51847,-16.82331],[-65.51942,-16.82445],[-65.51868,-16.82503],[-65.51813,-16.82439],[-65.5186,-16.82402],[-65.51811,-16.82437],[-65.51777,-16.82396],[-65.51847,-16.82331]]]},"properties":{"n":"COLORADOS DE BOLIVIA","p":38,"personas_x_ha":23,"masculinidad":81,"pct_menor20":53,"pct_60mas":3,"pct_migrante":32,"dependencia_econ":153,"pct_empleados":7,"pct_cuentapropia":73,"pct_agricultura":27,"pct_comercio":47,"pct_manufactura":0,"pct_construccion":13,"pct_transporte":7,"pct_alojamiento":0,"pct_sin_educacion":0,"pct_educ_superior":6,"brecha_educ":-5,"pct_sin_seguro":0,"pct_sus":100,"pct_seguro_privado":0,"brecha_seguro":0,"pct_salud_publica":26,"pct_med_tradicional":17,"pct_automedicacion":22,"pct_remedios_caseros":23,"pct_viv_desocupada":0,"pct_alquiler":9,"pct_electricidad":91,"pct_sin_electricidad":9,"pct_agua_red":45,"pct_alcantarillado":0,"pct_camara_septica":0,"pct_pozo_ciego":82,"pct_sin_desague":18,"pct_gas_red":0,"pct_gas_garrafa":82,"pct_lena_guano":82,"pct_basura_formal":9,"pct_basura_quema":91,"pct_basura_informal":0,"pct_internet":55,"pct_celular":91,"pct_televisor":55}},{"type":"Feature","geometry":{"type":"Polygon","coordinates":[[[-65.51676,-16.82216],[-65.51687,-16.8213],[-65.51703,-16.82001],[-65.51656,-16.82002],[-65.51509,-16.82101],[-65.51481,-16.82175],[-65.51676,-16.82216]]]},"properties":{"n":"COLORADOS DE BOLIVIA","p":28,"personas_x_ha":8,"masculinidad":115,"pct_menor20":43,"pct_60mas":21,"pct_migrante":36,"dependencia_econ":87,"pct_empleados":20,"pct_cuentapropia":53,"pct_agricultura":93,"pct_comercio":7,"pct_manufactura":0,"pct_construccion":0,"pct_transporte":0,"pct_alojamiento":0,"pct_sin_educacion":6,"pct_educ_superior":6,"brecha_educ":-13,"pct_sin_seguro":21,"pct_sus":79,"pct_seguro_privado":0,"brecha_seguro":11,"pct_salud_publica":21,"pct_med_tradicional":17,"pct_automedicacion":26,"pct_remedios_caseros":21,"pct_viv_desocupada":24,"pct_alquiler":25,"pct_electricidad":100,"pct_sin_electricidad":0,"pct_agua_red":0,"pct_alcantarillado":0,"pct_camara_septica":8,"pct_pozo_ciego":92,"pct_sin_desague":0,"pct_gas_red":0,"pct_gas_garrafa":100,"pct_lena_guano":100,"pct_basura_formal":0,"pct_basura_quema":100,"pct_basura_informal":0,"pct_internet":75,"pct_celular":83,"pct_televisor":67}},{"type":"Feature","geometry":{"type":"Polygon","coordinates":[[[-65.51566,-16.82262],[-65.51554,-16.822],[-65.51504,-16.8219],[-65.51388,-16.82264],[-65.51411,-16.82301],[-65.51566,-16.82262]]]},"properties":{"n":"COLORADOS DE BOLIVIA","p":22,"personas_x_ha":16,"masculinidad":144,"pct_menor20":41,"pct_60mas":0,"pct_migrante":18,"dependencia_econ":83,"pct_empleados":0,"pct_cuentapropia":83,"pct_agricultura":92,"pct_comercio":0,"pct_manufactura":0,"pct_construccion":0,"pct_transporte":8,"pct_alojamiento":0,"pct_sin_educacion":0,"pct_educ_superior":23,"brecha_educ":14,"pct_sin_seguro":0,"pct_sus":81,"pct_seguro_privado":0,"brecha_seguro":0,"pct_salud_publica":34,"pct_med_tradicional":10,"pct_automedicacion":17,"pct_remedios_caseros":27,"pct_viv_desocupada":0,"pct_alquiler":11,"pct_electricidad":78,"pct_sin_electricidad":22,"pct_agua_red":0,"pct_alcantarillado":0,"pct_camara_septica":11,"pct_pozo_ciego":67,"pct_sin_desague":22,"pct_gas_red":0,"pct_gas_garrafa":100,"pct_lena_guano":100,"pct_basura_formal":0,"pct_basura_quema":100,"pct_basura_informal":0,"pct_internet":11,"pct_celular":78,"pct_televisor":56}},{"type":"Feature","geometry":{"type":"Polygon","coordinates":[[[-65.51737,-16.82138],[-65.51767,-16.82059],[-65.51821,-16.82003],[-65.51796,-16.81969],[-65.51709,-16.82037],[-65.51696,-16.82132],[-65.51737,-16.82138]]]},"properties":{"n":"COLORADOS DE BOLIVIA","p":28,"personas_x_ha":26,"masculinidad":75,"pct_menor20":50,"pct_60mas":7,"pct_migrante":32,"dependencia_econ":100,"pct_empleados":7,"pct_cuentapropia":93,"pct_agricultura":64,"pct_comercio":7,"pct_manufactura":7,"pct_construccion":0,"pct_transporte":7,"pct_alojamiento":7,"pct_sin_educacion":14,"pct_educ_superior":14,"brecha_educ":0,"pct_sin_seguro":4,"pct_sus":96,"pct_seguro_privado":0,"brecha_seguro":8,"pct_salud_publica":24,"pct_med_tradicional":8,"pct_automedicacion":27,"pct_remedios_caseros":17,"pct_viv_desocupada":9,"pct_alquiler":0,"pct_electricidad":90,"pct_sin_electricidad":0,"pct_agua_red":20,"pct_alcantarillado":0,"pct_camara_septica":0,"pct_pozo_ciego":60,"pct_sin_desague":40,"pct_gas_red":0,"pct_gas_garrafa":90,"pct_lena_guano":90,"pct_basura_formal":0,"pct_basura_quema":80,"pct_basura_informal":0,"pct_internet":70,"pct_celular":80,"pct_televisor":70}},{"type":"Feature","geometry":{"type":"Polygon","coordinates":[[[-65.43457,-16.96558],[-65.43416,-16.96525],[-65.43467,-16.96464],[-65.43491,-16.96527],[-65.43457,-16.96558]]]},"properties":{"n":"COPACABANA BAJO","p":30,"personas_x_ha":69,"masculinidad":76,"pct_menor20":63,"pct_60mas":0,"pct_migrante":50,"dependencia_econ":173,"pct_empleados":9,"pct_cuentapropia":73,"pct_agricultura":45,"pct_comercio":0,"pct_manufactura":0,"pct_construccion":0,"pct_transporte":18,"pct_alojamiento":9,"pct_sin_educacion":0,"pct_educ_superior":18,"brecha_educ":-4,"pct_sin_seguro":3,"pct_sus":97,"pct_seguro_privado":0,"brecha_seguro":8,"pct_salud_publica":100,"pct_med_tradicional":0,"pct_automedicacion":0,"pct_remedios_caseros":0,"pct_viv_desocupada":0,"pct_alquiler":33,"pct_electricidad":92,"pct_sin_electricidad":8,"pct_agua_red":100,"pct_alcantarillado":0,"pct_camara_septica":17,"pct_pozo_ciego":75,"pct_sin_desague":0,"pct_gas_red":0,"pct_gas_garrafa":83,"pct_lena_guano":83,"pct_basura_formal":0,"pct_basura_quema":100,"pct_basura_informal":0,"pct_internet":92,"pct_celular":100,"pct_televisor":58}},{"type":"Feature","geometry":{"type":"Polygon","coordinates":[[[-65.43308,-16.96551],[-65.43351,-16.96492],[-65.43397,-16.96526],[-65.43356,-16.96584],[-65.43308,-16.96551]]]},"properties":{"n":"COPACABANA BAJO","p":23,"personas_x_ha":46,"masculinidad":44,"pct_menor20":52,"pct_60mas":0,"pct_migrante":70,"dependencia_econ":92,"pct_empleados":58,"pct_cuentapropia":33,"pct_agricultura":67,"pct_comercio":8,"pct_manufactura":0,"pct_construccion":8,"pct_transporte":8,"pct_alojamiento":8,"pct_sin_educacion":0,"pct_educ_superior":0,"brecha_educ":-30,"pct_sin_seguro":0,"pct_sus":96,"pct_seguro_privado":0,"brecha_seguro":0,"pct_salud_publica":30,"pct_med_tradicional":11,"pct_automedicacion":19,"pct_remedios_caseros":23,"pct_viv_desocupada":0,"pct_alquiler":42,"pct_electricidad":92,"pct_sin_electricidad":8,"pct_agua_red":75,"pct_alcantarillado":8,"pct_camara_septica":8,"pct_pozo_ciego":67,"pct_sin_desague":17,"pct_gas_red":0,"pct_gas_garrafa":75,"pct_lena_guano":75,"pct_basura_formal":8,"pct_basura_quema":92,"pct_basura_informal":0,"pct_internet":83,"pct_celular":92,"pct_televisor":75}},{"type":"Feature","geometry":{"type":"Polygon","coordinates":[[[-65.43452,-16.96452],[-65.43408,-16.96422],[-65.43361,-16.96485],[-65.43406,-16.96516],[-65.43452,-16.96452]]]},"properties":{"n":"COPACABANA BAJO","p":19,"personas_x_ha":36,"masculinidad":138,"pct_menor20":42,"pct_60mas":5,"pct_migrante":21,"dependencia_econ":267,"pct_empleados":0,"pct_cuentapropia":33,"pct_agricultura":67,"pct_comercio":0,"pct_manufactura":0,"pct_construccion":0,"pct_transporte":0,"pct_alojamiento":0,"pct_sin_educacion":0,"pct_educ_superior":17,"brecha_educ":33,"pct_sin_seguro":9,"pct_sus":91,"pct_seguro_privado":0,"brecha_seguro":20,"pct_salud_publica":39,"pct_med_tradicional":2,"pct_automedicacion":22,"pct_remedios_caseros":33,"pct_viv_desocupada":0,"pct_alquiler":27,"pct_electricidad":87,"pct_sin_electricidad":13,"pct_agua_red":93,"pct_alcantarillado":60,"pct_camara_septica":7,"pct_pozo_ciego":0,"pct_sin_desague":33,"pct_gas_red":0,"pct_gas_garrafa":93,"pct_lena_guano":93,"pct_basura_formal":7,"pct_basura_quema":93,"pct_basura_informal":0,"pct_internet":67,"pct_celular":73,"pct_televisor":33}},{"type":"Feature","geometry":{"type":"Polygon","coordinates":[[[-65.43405,-16.96623],[-65.43363,-16.96591],[-65.4341,-16.96531],[-65.43452,-16.96567],[-65.43405,-16.96623]]]},"properties":{"n":"COPACABANA BAJO","p":33,"personas_x_ha":66,"masculinidad":83,"pct_menor20":58,"pct_60mas":0,"pct_migrante":58,"dependencia_econ":154,"pct_empleados":15,"pct_cuentapropia":31,"pct_agricultura":62,"pct_comercio":0,"pct_manufactura":0,"pct_construccion":0,"pct_transporte":8,"pct_alojamiento":0,"pct_sin_educacion":0,"pct_educ_superior":29,"brecha_educ":0,"pct_sin_seguro":12,"pct_sus":88,"pct_seguro_privado":0,"brecha_seguro":14,"pct_salud_publica":40,"pct_med_tradicional":4,"pct_automedicacion":31,"pct_remedios_caseros":24,"pct_viv_desocupada":0,"pct_alquiler":47,"pct_electricidad":94,"pct_sin_electricidad":6,"pct_agua_red":12,"pct_alcantarillado":6,"pct_camara_septica":0,"pct_pozo_ciego":35,"pct_sin_desague":59,"pct_gas_red":0,"pct_gas_garrafa":82,"pct_lena_guano":82,"pct_basura_formal":0,"pct_basura_quema":100,"pct_basura_informal":0,"pct_internet":71,"pct_celular":82,"pct_televisor":35}},{"type":"Feature","geometry":{"type":"Polygon","coordinates":[[[-65.43488,-16.96541],[-65.43495,-16.96541],[-65.43525,-16.96582],[-65.43454,-16.96663],[-65.43417,-16.96628],[-65.43488,-16.96541]]]},"properties":{"n":"COPACABANA BAJO","p":34,"personas_x_ha":46,"masculinidad":79,"pct_menor20":50,"pct_60mas":3,"pct_migrante":82,"dependencia_econ":162,"pct_empleados":8,"pct_cuentapropia":85,"pct_agricultura":92,"pct_comercio":0,"pct_manufactura":0,"pct_construccion":0,"pct_transporte":0,"pct_alojamiento":0,"pct_sin_educacion":12,"pct_educ_superior":12,"brecha_educ":5,"pct_sin_seguro":15,"pct_sus":82,"pct_seguro_privado":0,"brecha_seguro":23,"pct_salud_publica":29,"pct_med_tradicional":4,"pct_automedicacion":19,"pct_remedios_caseros":36,"pct_viv_desocupada":0,"pct_alquiler":32,"pct_electricidad":95,"pct_sin_electricidad":5,"pct_agua_red":100,"pct_alcantarillado":5,"pct_camara_septica":11,"pct_pozo_ciego":26,"pct_sin_desague":58,"pct_gas_red":0,"pct_gas_garrafa":95,"pct_lena_guano":95,"pct_basura_formal":5,"pct_basura_quema":84,"pct_basura_informal":11,"pct_internet":79,"pct_celular":84,"pct_televisor":47}},{"type":"Feature","geometry":{"type":"Polygon","coordinates":[[[-65.43474,-16.96661],[-65.43534,-16.96587],[-65.43578,-16.96619],[-65.43524,-16.96687],[-65.43474,-16.96661]]]},"properties":{"n":"COPACABANA BAJO","p":26,"personas_x_ha":42,"masculinidad":73,"pct_menor20":42,"pct_60mas":8,"pct_migrante":73,"dependencia_econ":100,"pct_empleados":8,"pct_cuentapropia":62,"pct_agricultura":69,"pct_comercio":15,"pct_manufactura":8,"pct_construccion":0,"pct_transporte":0,"pct_alojamiento":0,"pct_sin_educacion":13,"pct_educ_superior":0,"brecha_educ":30,"pct_sin_seguro":8,"pct_sus":92,"pct_seguro_privado":0,"brecha_seguro":2,"pct_salud_publica":32,"pct_med_tradicional":11,"pct_automedicacion":23,"pct_remedios_caseros":18,"pct_viv_desocupada":6,"pct_alquiler":33,"pct_electricidad":80,"pct_sin_electricidad":20,"pct_agua_red":67,"pct_alcantarillado":20,"pct_camara_septica":13,"pct_pozo_ciego":20,"pct_sin_desague":47,"pct_gas_red":0,"pct_gas_garrafa":80,"pct_lena_guano":80,"pct_basura_formal":0,"pct_basura_quema":93,"pct_basura_informal":0,"pct_internet":53,"pct_celular":87,"pct_televisor":47}},{"type":"Feature","geometry":{"type":"Polygon","coordinates":[[[-65.52412,-16.82986],[-65.52374,-16.82887],[-65.5231,-16.8291],[-65.52334,-16.82979],[-65.5228,-16.83015],[-65.52291,-16.83044],[-65.52412,-16.82986]]]},"properties":{"n":"ETERAZAMA","p":60,"personas_x_ha":51,"masculinidad":122,"pct_menor20":57,"pct_60mas":5,"pct_migrante":47,"dependencia_econ":136,"pct_empleados":4,"pct_cuentapropia":80,"pct_agricultura":52,"pct_comercio":36,"pct_manufactura":4,"pct_construccion":0,"pct_transporte":0,"pct_alojamiento":4,"pct_sin_educacion":0,"pct_educ_superior":4,"brecha_educ":-10,"pct_sin_seguro":20,"pct_sus":80,"pct_seguro_privado":0,"brecha_seguro":-10,"pct_salud_publica":29,"pct_med_tradicional":11,"pct_automedicacion":21,"pct_remedios_caseros":19,"pct_viv_desocupada":0,"pct_alquiler":33,"pct_electricidad":94,"pct_sin_electricidad":0,"pct_agua_red":33,"pct_alcantarillado":22,"pct_camara_septica":6,"pct_pozo_ciego":61,"pct_sin_desague":11,"pct_gas_red":0,"pct_gas_garrafa":94,"pct_lena_guano":94,"pct_basura_formal":28,"pct_basura_quema":61,"pct_basura_informal":0,"pct_internet":78,"pct_celular":94,"pct_televisor":72}},{"type":"Feature","geometry":{"type":"Polygon","coordinates":[[[-65.51398,-16.83833],[-65.5131,-16.83818],[-65.51295,-16.83772],[-65.51367,-16.83746],[-65.51402,-16.83822],[-65.51398,-16.83833]]]},"properties":{"n":"ETERAZAMA","p":20,"personas_x_ha":29,"masculinidad":150,"pct_menor20":55,"pct_60mas":0,"pct_migrante":45,"dependencia_econ":54,"pct_empleados":23,"pct_cuentapropia":69,"pct_agricultura":38,"pct_comercio":23,"pct_manufactura":8,"pct_construccion":8,"pct_transporte":0,"pct_alojamiento":8,"pct_sin_educacion":0,"pct_educ_superior":25,"brecha_educ":17,"pct_sin_seguro":10,"pct_sus":90,"pct_seguro_privado":0,"brecha_seguro":-4,"pct_salud_publica":58,"pct_med_tradicional":0,"pct_automedicacion":19,"pct_remedios_caseros":16,"pct_viv_desocupada":0,"pct_alquiler":11,"pct_electricidad":100,"pct_sin_electricidad":0,"pct_agua_red":100,"pct_alcantarillado":22,"pct_camara_septica":33,"pct_pozo_ciego":22,"pct_sin_desague":11,"pct_gas_red":0,"pct_gas_garrafa":100,"pct_lena_guano":100,"pct_basura_formal":44,"pct_basura_quema":56,"pct_basura_informal":0,"pct_internet":89,"pct_celular":100,"pct_televisor":56}},{"type":"Feature","geometry":{"type":"Polygon","coordinates":[[[-65.52006,-16.83599],[-65.52022,-16.83638],[-65.52005,-16.836],[-65.51971,-16.83617],[-65.52008,-16.83713],[-65.52101,-16.83673],[-65.5206,-16.83578],[-65.52006,-16.83599]]]},"properties":{"n":"ETERAZAMA","p":32,"personas_x_ha":26,"masculinidad":33,"pct_menor20":50,"pct_60mas":6,"pct_migrante":47,"dependencia_econ":113,"pct_empleados":20,"pct_cuentapropia":40,"pct_agricultura":73,"pct_comercio":0,"pct_manufactura":7,"pct_construccion":7,"pct_transporte":0,"pct_alojamiento":13,"pct_sin_educacion":0,"pct_educ_superior":31,"brecha_educ":-46,"pct_sin_seguro":3,"pct_sus":97,"pct_seguro_privado":0,"brecha_seguro":-4,"pct_salud_publica":32,"pct_med_tradicional":10,"pct_automedicacion":28,"pct_remedios_caseros":21,"pct_viv_desocupada":0,"pct_alquiler":8,"pct_electricidad":100,"pct_sin_electricidad":0,"pct_agua_red":75,"pct_alcantarillado":83,"pct_camara_septica":0,"pct_pozo_ciego":0,"pct_sin_desague":17,"pct_gas_red":17,"pct_gas_garrafa":83,"pct_lena_guano":83,"pct_basura_formal":100,"pct_basura_quema":0,"pct_basura_informal":0,"pct_internet":100,"pct_celular":100,"pct_televisor":75}},{"type":"Feature","geometry":{"type":"Polygon","coordinates":[[[-65.52143,-16.83536],[-65.52072,-16.83569],[-65.52114,-16.83667],[-65.52191,-16.83636],[-65.52143,-16.83536]]]},"properties":{"n":"ETERAZAMA","p":26,"personas_x_ha":25,"masculinidad":117,"pct_menor20":42,"pct_60mas":4,"pct_migrante":65,"dependencia_econ":62,"pct_empleados":31,"pct_cuentapropia":44,"pct_agricultura":19,"pct_comercio":25,"pct_manufactura":31,"pct_construccion":6,"pct_transporte":12,"pct_alojamiento":0,"pct_sin_educacion":7,"pct_educ_superior":7,"brecha_educ":-44,"pct_sin_seguro":58,"pct_sus":42,"pct_seguro_privado":0,"brecha_seguro":-32,"pct_salud_publica":40,"pct_med_tradicional":14,"pct_automedicacion":22,"pct_remedios_caseros":10,"pct_viv_desocupada":8,"pct_alquiler":30,"pct_electricidad":100,"pct_sin_electricidad":0,"pct_agua_red":50,"pct_alcantarillado":100,"pct_camara_septica":0,"pct_pozo_ciego":0,"pct_sin_desague":0,"pct_gas_red":0,"pct_gas_garrafa":100,"pct_lena_guano":100,"pct_basura_formal":90,"pct_basura_quema":10,"pct_basura_informal":0,"pct_internet":100,"pct_celular":100,"pct_televisor":70}},{"type":"Feature","geometry":{"type":"Polygon","coordinates":[[[-65.52164,-16.83296],[-65.5215,-16.83301],[-65.52167,-16.83338],[-65.52189,-16.83329],[-65.52184,-16.83316],[-65.52173,-16.83319],[-65.52164,-16.83296]]]},"properties":{"n":"ETERAZAMA","p":30,"personas_x_ha":342,"masculinidad":88,"pct_menor20":23,"pct_60mas":10,"pct_migrante":63,"dependencia_econ":30,"pct_empleados":30,"pct_cuentapropia":52,"pct_agricultura":22,"pct_comercio":22,"pct_manufactura":4,"pct_construccion":13,"pct_transporte":4,"pct_alojamiento":35,"pct_sin_educacion":17,"pct_educ_superior":17,"brecha_educ":-48,"pct_sin_seguro":13,"pct_sus":87,"pct_seguro_privado":0,"brecha_seguro":2,"pct_salud_publica":23,"pct_med_tradicional":19,"pct_automedicacion":27,"pct_remedios_caseros":25,"pct_viv_desocupada":6,"pct_alquiler":19,"pct_electricidad":100,"pct_sin_electricidad":0,"pct_agua_red":69,"pct_alcantarillado":88,"pct_camara_septica":0,"pct_pozo_ciego":0,"pct_sin_desague":12,"pct_gas_red":0,"pct_gas_garrafa":100,"pct_lena_guano":100,"pct_basura_formal":100,"pct_basura_quema":0,"pct_basura_informal":0,"pct_internet":88,"pct_celular":94,"pct_televisor":56}},{"type":"Feature","geometry":{"type":"Polygon","coordinates":[[[-65.52178,-16.83029],[-65.52168,-16.8301],[-65.52203,-16.82994],[-65.52212,-16.83013],[-65.52178,-16.83029]]]},"properties":{"n":"ETERAZAMA","p":21,"personas_x_ha":222,"masculinidad":91,"pct_menor20":71,"pct_60mas":5,"pct_migrante":33,"dependencia_econ":200,"pct_empleados":14,"pct_cuentapropia":43,"pct_agricultura":57,"pct_comercio":43,"pct_manufactura":0,"pct_construccion":0,"pct_transporte":0,"pct_alojamiento":0,"pct_sin_educacion":0,"pct_educ_superior":0,"brecha_educ":0,"pct_sin_seguro":38,"pct_sus":62,"pct_seguro_privado":0,"brecha_seguro":23,"pct_salud_publica":26,"pct_med_tradicional":23,"pct_automedicacion":27,"pct_remedios_caseros":14,"pct_viv_desocupada":12,"pct_alquiler":17,"pct_electricidad":100,"pct_sin_electricidad":0,"pct_agua_red":83,"pct_alcantarillado":50,"pct_camara_septica":17,"pct_pozo_ciego":0,"pct_sin_desague":33,"pct_gas_red":33,"pct_gas_garrafa":67,"pct_lena_guano":67,"pct_basura_formal":100,"pct_basura_quema":0,"pct_basura_informal":0,"pct_internet":83,"pct_celular":100,"pct_televisor":67}},{"type":"Feature","geometry":{"type":"Polygon","coordinates":[[[-65.53212,-16.82725],[-65.53128,-16.82745],[-65.53217,-16.82959],[-65.53268,-16.82892],[-65.53212,-16.82725]]]},"properties":{"n":"ETERAZAMA","p":43,"personas_x_ha":22,"masculinidad":65,"pct_menor20":33,"pct_60mas":0,"pct_migrante":86,"dependencia_econ":34,"pct_empleados":47,"pct_cuentapropia":50,"pct_agricultura":16,"pct_comercio":53,"pct_manufactura":0,"pct_construccion":3,"pct_transporte":0,"pct_alojamiento":9,"pct_sin_educacion":6,"pct_educ_superior":23,"brecha_educ":-31,"pct_sin_seguro":20,"pct_sus":73,"pct_seguro_privado":0,"brecha_seguro":-3,"pct_salud_publica":22,"pct_med_tradicional":12,"pct_automedicacion":17,"pct_remedios_caseros":17,"pct_viv_desocupada":0,"pct_alquiler":6,"pct_electricidad":81,"pct_sin_electricidad":19,"pct_agua_red":56,"pct_alcantarillado":31,"pct_camara_septica":6,"pct_pozo_ciego":44,"pct_sin_desague":19,"pct_gas_red":0,"pct_gas_garrafa":88,"pct_lena_guano":88,"pct_basura_formal":62,"pct_basura_quema":25,"pct_basura_informal":0,"pct_internet":62,"pct_celular":69,"pct_televisor":44}},{"type":"Feature","geometry":{"type":"Polygon","coordinates":[[[-65.52006,-16.82761],[-65.51991,-16.82721],[-65.51928,-16.82742],[-65.51944,-16.82786],[-65.52006,-16.82761]]]},"properties":{"n":"ETERAZAMA","p":19,"personas_x_ha":53,"masculinidad":58,"pct_menor20":47,"pct_60mas":0,"pct_migrante":53,"dependencia_econ":64,"pct_empleados":0,"pct_cuentapropia":55,"pct_agricultura":36,"pct_comercio":18,"pct_manufactura":0,"pct_construccion":0,"pct_transporte":18,"pct_alojamiento":0,"pct_sin_educacion":0,"pct_educ_superior":10,"brecha_educ":-20,"pct_sin_seguro":11,"pct_sus":83,"pct_seguro_privado":0,"brecha_seguro":33,"pct_salud_publica":37,"pct_med_tradicional":2,"pct_automedicacion":22,"pct_remedios_caseros":15,"pct_viv_desocupada":0,"pct_alquiler":0,"pct_electricidad":100,"pct_sin_electricidad":0,"pct_agua_red":75,"pct_alcantarillado":38,"pct_camara_septica":0,"pct_pozo_ciego":62,"pct_sin_desague":0,"pct_gas_red":0,"pct_gas_garrafa":100,"pct_lena_guano":100,"pct_basura_formal":50,"pct_basura_quema":50,"pct_basura_informal":0,"pct_internet":100,"pct_celular":100,"pct_televisor":88}},{"type":"Feature","geometry":{"type":"Polygon","coordinates":[[[-65.52248,-16.83378],[-65.52194,-16.83401],[-65.52282,-16.83601],[-65.52329,-16.83579],[-65.52248,-16.83378]]]},"properties":{"n":"ETERAZAMA","p":24,"personas_x_ha":16,"masculinidad":118,"pct_menor20":46,"pct_60mas":4,"pct_migrante":46,"dependencia_econ":71,"pct_empleados":0,"pct_cuentapropia":43,"pct_agricultura":43,"pct_comercio":21,"pct_manufactura":0,"pct_construccion":0,"pct_transporte":14,"pct_alojamiento":14,"pct_sin_educacion":7,"pct_educ_superior":21,"brecha_educ":27,"pct_sin_seguro":12,"pct_sus":71,"pct_seguro_privado":0,"brecha_seguro":23,"pct_salud_publica":21,"pct_med_tradicional":15,"pct_automedicacion":23,"pct_remedios_caseros":22,"pct_viv_desocupada":0,"pct_alquiler":50,"pct_electricidad":75,"pct_sin_electricidad":25,"pct_agua_red":88,"pct_alcantarillado":62,"pct_camara_septica":0,"pct_pozo_ciego":25,"pct_sin_desague":12,"pct_gas_red":0,"pct_gas_garrafa":100,"pct_lena_guano":100,"pct_basura_formal":25,"pct_basura_quema":75,"pct_basura_informal":0,"pct_internet":100,"pct_celular":100,"pct_televisor":75}},{"type":"Feature","geometry":{"type":"Polygon","coordinates":[[[-65.51953,-16.83606],[-65.51924,-16.83522],[-65.51899,-16.83533],[-65.51869,-16.8362],[-65.51871,-16.8364],[-65.51953,-16.83606]]]},"properties":{"n":"ETERAZAMA","p":18,"personas_x_ha":27,"masculinidad":80,"pct_menor20":44,"pct_60mas":6,"pct_migrante":61,"dependencia_econ":125,"pct_empleados":50,"pct_cuentapropia":38,"pct_agricultura":0,"pct_comercio":62,"pct_manufactura":0,"pct_construccion":0,"pct_transporte":0,"pct_alojamiento":0,"pct_sin_educacion":10,"pct_educ_superior":30,"brecha_educ":8,"pct_sin_seguro":11,"pct_sus":67,"pct_seguro_privado":0,"brecha_seguro":3,"pct_salud_publica":24,"pct_med_tradicional":15,"pct_automedicacion":13,"pct_remedios_caseros":22,"pct_viv_desocupada":0,"pct_alquiler":38,"pct_electricidad":100,"pct_sin_electricidad":0,"pct_agua_red":50,"pct_alcantarillado":62,"pct_camara_septica":25,"pct_pozo_ciego":12,"pct_sin_desague":0,"pct_gas_red":25,"pct_gas_garrafa":75,"pct_lena_guano":75,"pct_basura_formal":100,"pct_basura_quema":0,"pct_basura_informal":0,"pct_internet":75,"pct_celular":75,"pct_televisor":50}},{"type":"Feature","geometry":{"type":"Polygon","coordinates":[[[-65.52085,-16.8355],[-65.52067,-16.8356],[-65.5203,-16.83473],[-65.52054,-16.83463],[-65.52085,-16.8355]]]},"properties":{"n":"ETERAZAMA","p":23,"personas_x_ha":82,"masculinidad":156,"pct_menor20":39,"pct_60mas":0,"pct_migrante":61,"dependencia_econ":64,"pct_empleados":14,"pct_cuentapropia":64,"pct_agricultura":14,"pct_comercio":29,"pct_manufactura":14,"pct_construccion":7,"pct_transporte":0,"pct_alojamiento":36,"pct_sin_educacion":0,"pct_educ_superior":14,"brecha_educ":14,"pct_sin_seguro":22,"pct_sus":74,"pct_seguro_privado":0,"brecha_seguro":17,"pct_salud_publica":24,"pct_med_tradicional":6,"pct_automedicacion":24,"pct_remedios_caseros":27,"pct_viv_desocupada":0,"pct_alquiler":30,"pct_electricidad":100,"pct_sin_electricidad":0,"pct_agua_red":40,"pct_alcantarillado":100,"pct_camara_septica":0,"pct_pozo_ciego":0,"pct_sin_desague":0,"pct_gas_red":20,"pct_gas_garrafa":80,"pct_lena_guano":80,"pct_basura_formal":90,"pct_basura_quema":10,"pct_basura_informal":0,"pct_internet":80,"pct_celular":100,"pct_televisor":50}},{"type":"Feature","geometry":{"type":"Polygon","coordinates":[[[-65.52979,-16.82628],[-65.52946,-16.82542],[-65.52765,-16.8255],[-65.52805,-16.82678],[-65.52979,-16.82628]]]},"properties":{"n":"ETERAZAMA","p":29,"personas_x_ha":12,"masculinidad":142,"pct_menor20":48,"pct_60mas":0,"pct_migrante":48,"dependencia_econ":222,"pct_empleados":11,"pct_cuentapropia":56,"pct_agricultura":56,"pct_comercio":11,"pct_manufactura":0,"pct_construccion":22,"pct_transporte":11,"pct_alojamiento":0,"pct_sin_educacion":0,"pct_educ_superior":13,"brecha_educ":-21,"pct_sin_seguro":7,"pct_sus":82,"pct_seguro_privado":0,"brecha_seguro":-3,"pct_salud_publica":24,"pct_med_tradicional":9,"pct_automedicacion":29,"pct_remedios_caseros":26,"pct_viv_desocupada":0,"pct_alquiler":11,"pct_electricidad":78,"pct_sin_electricidad":22,"pct_agua_red":56,"pct_alcantarillado":0,"pct_camara_septica":11,"pct_pozo_ciego":56,"pct_sin_desague":33,"pct_gas_red":0,"pct_gas_garrafa":89,"pct_lena_guano":89,"pct_basura_formal":11,"pct_basura_quema":89,"pct_basura_informal":0,"pct_internet":100,"pct_celular":100,"pct_televisor":56}},{"type":"Feature","geometry":{"type":"Polygon","coordinates":[[[-65.52308,-16.83269],[-65.52274,-16.8328],[-65.52262,-16.83243],[-65.52222,-16.83257],[-65.52255,-16.83358],[-65.52336,-16.83326],[-65.52308,-16.83269]]]},"properties":{"n":"ETERAZAMA","p":30,"personas_x_ha":36,"masculinidad":88,"pct_menor20":47,"pct_60mas":3,"pct_migrante":63,"dependencia_econ":114,"pct_empleados":36,"pct_cuentapropia":50,"pct_agricultura":29,"pct_comercio":7,"pct_manufactura":7,"pct_construccion":14,"pct_transporte":0,"pct_alojamiento":7,"pct_sin_educacion":0,"pct_educ_superior":35,"brecha_educ":0,"pct_sin_seguro":10,"pct_sus":83,"pct_seguro_privado":0,"brecha_seguro":-5,"pct_salud_publica":22,"pct_med_tradicional":11,"pct_automedicacion":25,"pct_remedios_caseros":28,"pct_viv_desocupada":0,"pct_alquiler":27,"pct_electricidad":100,"pct_sin_electricidad":0,"pct_agua_red":91,"pct_alcantarillado":82,"pct_camara_septica":18,"pct_pozo_ciego":0,"pct_sin_desague":0,"pct_gas_red":27,"pct_gas_garrafa":73,"pct_lena_guano":73,"pct_basura_formal":91,"pct_basura_quema":9,"pct_basura_informal":0,"pct_internet":100,"pct_celular":100,"pct_televisor":82}},{"type":"Feature","geometry":{"type":"Polygon","coordinates":[[[-65.51969,-16.83487],[-65.51945,-16.83421],[-65.51942,-16.83414],[-65.51941,-16.83414],[-65.51968,-16.83487],[-65.51929,-16.83503],[-65.51882,-16.83375],[-65.51952,-16.83341],[-65.52012,-16.83466],[-65.51969,-16.83487]]]},"properties":{"n":"ETERAZAMA","p":79,"personas_x_ha":57,"masculinidad":84,"pct_menor20":47,"pct_60mas":3,"pct_migrante":56,"dependencia_econ":132,"pct_empleados":29,"pct_cuentapropia":53,"pct_agricultura":47,"pct_comercio":18,"pct_manufactura":6,"pct_construccion":6,"pct_transporte":3,"pct_alojamiento":6,"pct_sin_educacion":2,"pct_educ_superior":23,"brecha_educ":-4,"pct_sin_seguro":11,"pct_sus":78,"pct_seguro_privado":0,"brecha_seguro":5,"pct_salud_publica":30,"pct_med_tradicional":9,"pct_automedicacion":24,"pct_remedios_caseros":17,"pct_viv_desocupada":3,"pct_alquiler":34,"pct_electricidad":100,"pct_sin_electricidad":0,"pct_agua_red":97,"pct_alcantarillado":80,"pct_camara_septica":6,"pct_pozo_ciego":14,"pct_sin_desague":0,"pct_gas_red":34,"pct_gas_garrafa":66,"pct_lena_guano":66,"pct_basura_formal":91,"pct_basura_quema":9,"pct_basura_informal":0,"pct_internet":86,"pct_celular":91,"pct_televisor":77}},{"type":"Feature","geometry":{"type":"Polygon","coordinates":[[[-65.53029,-16.82764],[-65.52945,-16.82782],[-65.52984,-16.82889],[-65.53068,-16.82868],[-65.53029,-16.82764]]]},"properties":{"n":"ETERAZAMA","p":25,"personas_x_ha":21,"masculinidad":92,"pct_menor20":40,"pct_60mas":0,"pct_migrante":68,"dependencia_econ":67,"pct_empleados":13,"pct_cuentapropia":73,"pct_agricultura":40,"pct_comercio":33,"pct_manufactura":7,"pct_construccion":0,"pct_transporte":7,"pct_alojamiento":13,"pct_sin_educacion":7,"pct_educ_superior":13,"brecha_educ":9,"pct_sin_seguro":24,"pct_sus":76,"pct_seguro_privado":0,"brecha_seguro":34,"pct_salud_publica":17,"pct_med_tradicional":21,"pct_automedicacion":22,"pct_remedios_caseros":22,"pct_viv_desocupada":0,"pct_alquiler":40,"pct_electricidad":100,"pct_sin_electricidad":0,"pct_agua_red":60,"pct_alcantarillado":0,"pct_camara_septica":0,"pct_pozo_ciego":90,"pct_sin_desague":10,"pct_gas_red":10,"pct_gas_garrafa":90,"pct_lena_guano":90,"pct_basura_formal":80,"pct_basura_quema":20,"pct_basura_informal":0,"pct_internet":90,"pct_celular":90,"pct_televisor":90}},{"type":"Feature","geometry":{"type":"Polygon","coordinates":[[[-65.51666,-16.83429],[-65.51701,-16.83524],[-65.51625,-16.83555],[-65.51588,-16.83462],[-65.51666,-16.83429]]]},"properties":{"n":"ETERAZAMA","p":32,"personas_x_ha":31,"masculinidad":146,"pct_menor20":34,"pct_60mas":16,"pct_migrante":66,"dependencia_econ":88,"pct_empleados":44,"pct_cuentapropia":31,"pct_agricultura":19,"pct_comercio":38,"pct_manufactura":19,"pct_construccion":0,"pct_transporte":6,"pct_alojamiento":6,"pct_sin_educacion":5,"pct_educ_superior":14,"brecha_educ":15,"pct_sin_seguro":0,"pct_sus":100,"pct_seguro_privado":0,"brecha_seguro":0,"pct_salud_publica":40,"pct_med_tradicional":12,"pct_automedicacion":19,"pct_remedios_caseros":22,"pct_viv_desocupada":9,"pct_alquiler":30,"pct_electricidad":100,"pct_sin_electricidad":0,"pct_agua_red":90,"pct_alcantarillado":20,"pct_camara_septica":10,"pct_pozo_ciego":70,"pct_sin_desague":0,"pct_gas_red":30,"pct_gas_garrafa":70,"pct_lena_guano":70,"pct_basura_formal":10,"pct_basura_quema":90,"pct_basura_informal":0,"pct_internet":70,"pct_celular":80,"pct_televisor":40}},{"type":"Feature","geometry":{"type":"Polygon","coordinates":[[[-65.51831,-16.83603],[-65.51817,-16.83567],[-65.51739,-16.836],[-65.51777,-16.83694],[-65.51796,-16.83675],[-65.51831,-16.83603]]]},"properties":{"n":"ETERAZAMA","p":35,"personas_x_ha":47,"masculinidad":94,"pct_menor20":54,"pct_60mas":6,"pct_migrante":46,"dependencia_econ":106,"pct_empleados":41,"pct_cuentapropia":53,"pct_agricultura":47,"pct_comercio":35,"pct_manufactura":0,"pct_construccion":0,"pct_transporte":6,"pct_alojamiento":0,"pct_sin_educacion":0,"pct_educ_superior":12,"brecha_educ":-13,"pct_sin_seguro":3,"pct_sus":97,"pct_seguro_privado":0,"brecha_seguro":6,"pct_salud_publica":56,"pct_med_tradicional":7,"pct_automedicacion":11,"pct_remedios_caseros":16,"pct_viv_desocupada":0,"pct_alquiler":10,"pct_electricidad":100,"pct_sin_electricidad":0,"pct_agua_red":80,"pct_alcantarillado":10,"pct_camara_septica":10,"pct_pozo_ciego":60,"pct_sin_desague":20,"pct_gas_red":20,"pct_gas_garrafa":80,"pct_lena_guano":80,"pct_basura_formal":20,"pct_basura_quema":80,"pct_basura_informal":0,"pct_internet":80,"pct_celular":100,"pct_televisor":80}},{"type":"Feature","geometry":{"type":"Polygon","coordinates":[[[-65.5175,-16.83385],[-65.51724,-16.83316],[-65.51647,-16.83347],[-65.51673,-16.83416],[-65.5175,-16.83385]]]},"properties":{"n":"ETERAZAMA","p":43,"personas_x_ha":59,"masculinidad":139,"pct_menor20":40,"pct_60mas":5,"pct_migrante":72,"dependencia_econ":72,"pct_empleados":8,"pct_cuentapropia":72,"pct_agricultura":16,"pct_comercio":28,"pct_manufactura":16,"pct_construccion":0,"pct_transporte":16,"pct_alojamiento":12,"pct_sin_educacion":15,"pct_educ_superior":31,"brecha_educ":-31,"pct_sin_seguro":0,"pct_sus":100,"pct_seguro_privado":0,"brecha_seguro":0,"pct_salud_publica":24,"pct_med_tradicional":9,"pct_automedicacion":28,"pct_remedios_caseros":20,"pct_viv_desocupada":0,"pct_alquiler":29,"pct_electricidad":93,"pct_sin_electricidad":0,"pct_agua_red":93,"pct_alcantarillado":93,"pct_camara_septica":0,"pct_pozo_ciego":0,"pct_sin_desague":7,"pct_gas_red":36,"pct_gas_garrafa":50,"pct_lena_guano":50,"pct_basura_formal":79,"pct_basura_quema":0,"pct_basura_informal":0,"pct_internet":79,"pct_celular":86,"pct_televisor":71}},{"type":"Feature","geometry":{"type":"Polygon","coordinates":[[[-65.52141,-16.82645],[-65.52179,-16.82753],[-65.5212,-16.82773],[-65.52071,-16.82643],[-65.52124,-16.82628],[-65.52141,-16.82645]]]},"properties":{"n":"ETERAZAMA","p":26,"personas_x_ha":25,"masculinidad":100,"pct_menor20":54,"pct_60mas":0,"pct_migrante":42,"dependencia_econ":39,"pct_empleados":6,"pct_cuentapropia":67,"pct_agricultura":61,"pct_comercio":17,"pct_manufactura":0,"pct_construccion":0,"pct_transporte":6,"pct_alojamiento":6,"pct_sin_educacion":38,"pct_educ_superior":0,"brecha_educ":-21,"pct_sin_seguro":24,"pct_sus":76,"pct_seguro_privado":0,"brecha_seguro":2,"pct_salud_publica":26,"pct_med_tradicional":5,"pct_automedicacion":21,"pct_remedios_caseros":23,"pct_viv_desocupada":21,"pct_alquiler":22,"pct_electricidad":100,"pct_sin_electricidad":0,"pct_agua_red":56,"pct_alcantarillado":67,"pct_camara_septica":0,"pct_pozo_ciego":11,"pct_sin_desague":11,"pct_gas_red":0,"pct_gas_garrafa":100,"pct_lena_guano":100,"pct_basura_formal":11,"pct_basura_quema":89,"pct_basura_informal":0,"pct_internet":89,"pct_celular":89,"pct_televisor":67}},{"type":"Feature","geometry":{"type":"Polygon","coordinates":[[[-65.51753,-16.82924],[-65.51717,-16.82843],[-65.5167,-16.82859],[-65.51705,-16.82944],[-65.51753,-16.82924]]]},"properties":{"n":"ETERAZAMA","p":51,"personas_x_ha":89,"masculinidad":82,"pct_menor20":53,"pct_60mas":0,"pct_migrante":55,"dependencia_econ":143,"pct_empleados":33,"pct_cuentapropia":52,"pct_agricultura":57,"pct_comercio":19,"pct_manufactura":0,"pct_construccion":5,"pct_transporte":0,"pct_alojamiento":5,"pct_sin_educacion":0,"pct_educ_superior":24,"brecha_educ":-18,"pct_sin_seguro":37,"pct_sus":59,"pct_seguro_privado":0,"brecha_seguro":11,"pct_salud_publica":26,"pct_med_tradicional":6,"pct_automedicacion":24,"pct_remedios_caseros":25,"pct_viv_desocupada":5,"pct_alquiler":47,"pct_electricidad":100,"pct_sin_electricidad":0,"pct_agua_red":100,"pct_alcantarillado":47,"pct_camara_septica":5,"pct_pozo_ciego":32,"pct_sin_desague":16,"pct_gas_red":37,"pct_gas_garrafa":63,"pct_lena_guano":63,"pct_basura_formal":74,"pct_basura_quema":21,"pct_basura_informal":11,"pct_internet":89,"pct_celular":89,"pct_televisor":47}},{"type":"Feature","geometry":{"type":"Polygon","coordinates":[[[-65.52514,-16.8269],[-65.52588,-16.82904],[-65.52663,-16.8287],[-65.52592,-16.82659],[-65.52514,-16.8269]]]},"properties":{"n":"ETERAZAMA","p":40,"personas_x_ha":18,"masculinidad":167,"pct_menor20":48,"pct_60mas":5,"pct_migrante":42,"dependencia_econ":82,"pct_empleados":9,"pct_cuentapropia":77,"pct_agricultura":50,"pct_comercio":14,"pct_manufactura":23,"pct_construccion":0,"pct_transporte":9,"pct_alojamiento":0,"pct_sin_educacion":14,"pct_educ_superior":14,"brecha_educ":-19,"pct_sin_seguro":37,"pct_sus":63,"pct_seguro_privado":0,"brecha_seguro":50,"pct_salud_publica":22,"pct_med_tradicional":3,"pct_automedicacion":34,"pct_remedios_caseros":33,"pct_viv_desocupada":0,"pct_alquiler":0,"pct_electricidad":100,"pct_sin_electricidad":0,"pct_agua_red":80,"pct_alcantarillado":10,"pct_camara_septica":40,"pct_pozo_ciego":30,"pct_sin_desague":20,"pct_gas_red":0,"pct_gas_garrafa":90,"pct_lena_guano":90,"pct_basura_formal":50,"pct_basura_quema":50,"pct_basura_informal":0,"pct_internet":70,"pct_celular":90,"pct_televisor":80}},{"type":"Feature","geometry":{"type":"Polygon","coordinates":[[[-65.52,-16.82946],[-65.52046,-16.83067],[-65.52123,-16.83032],[-65.52074,-16.82913],[-65.52,-16.82946]]]},"properties":{"n":"ETERAZAMA","p":78,"personas_x_ha":62,"masculinidad":90,"pct_menor20":37,"pct_60mas":8,"pct_migrante":64,"dependencia_econ":47,"pct_empleados":32,"pct_cuentapropia":58,"pct_agricultura":25,"pct_comercio":19,"pct_manufactura":9,"pct_construccion":4,"pct_transporte":2,"pct_alojamiento":21,"pct_sin_educacion":2,"pct_educ_superior":30,"brecha_educ":-17,"pct_sin_seguro":17,"pct_sus":82,"pct_seguro_privado":1,"brecha_seguro":15,"pct_salud_publica":22,"pct_med_tradicional":10,"pct_automedicacion":22,"pct_remedios_caseros":23,"pct_viv_desocupada":0,"pct_alquiler":36,"pct_electricidad":97,"pct_sin_electricidad":0,"pct_agua_red":86,"pct_alcantarillado":75,"pct_camara_septica":0,"pct_pozo_ciego":3,"pct_sin_desague":22,"pct_gas_red":19,"pct_gas_garrafa":72,"pct_lena_guano":72,"pct_basura_formal":94,"pct_basura_quema":6,"pct_basura_informal":0,"pct_internet":81,"pct_celular":92,"pct_televisor":72}},{"type":"Feature","geometry":{"type":"Polygon","coordinates":[[[-65.51897,-16.82975],[-65.51859,-16.82892],[-65.51952,-16.82852],[-65.51982,-16.82936],[-65.51897,-16.82975]]]},"properties":{"n":"ETERAZAMA","p":43,"personas_x_ha":40,"masculinidad":115,"pct_menor20":30,"pct_60mas":2,"pct_migrante":72,"dependencia_econ":72,"pct_empleados":28,"pct_cuentapropia":56,"pct_agricultura":44,"pct_comercio":16,"pct_manufactura":0,"pct_construccion":4,"pct_transporte":4,"pct_alojamiento":24,"pct_sin_educacion":10,"pct_educ_superior":10,"brecha_educ":-23,"pct_sin_seguro":12,"pct_sus":86,"pct_seguro_privado":0,"brecha_seguro":12,"pct_salud_publica":26,"pct_med_tradicional":12,"pct_automedicacion":31,"pct_remedios_caseros":20,"pct_viv_desocupada":0,"pct_alquiler":41,"pct_electricidad":100,"pct_sin_electricidad":0,"pct_agua_red":82,"pct_alcantarillado":71,"pct_camara_septica":18,"pct_pozo_ciego":12,"pct_sin_desague":0,"pct_gas_red":29,"pct_gas_garrafa":71,"pct_lena_guano":71,"pct_basura_formal":82,"pct_basura_quema":6,"pct_basura_informal":0,"pct_internet":82,"pct_celular":88,"pct_televisor":59}},{"type":"Feature","geometry":{"type":"Polygon","coordinates":[[[-65.52538,-16.83065],[-65.525,-16.82966],[-65.52429,-16.82998],[-65.52465,-16.83097],[-65.52538,-16.83065]]]},"properties":{"n":"ETERAZAMA","p":30,"personas_x_ha":29,"masculinidad":173,"pct_menor20":40,"pct_60mas":3,"pct_migrante":57,"dependencia_econ":173,"pct_empleados":27,"pct_cuentapropia":55,"pct_agricultura":9,"pct_comercio":9,"pct_manufactura":0,"pct_construccion":36,"pct_transporte":18,"pct_alojamiento":0,"pct_sin_educacion":0,"pct_educ_superior":0,"brecha_educ":-29,"pct_sin_seguro":10,"pct_sus":87,"pct_seguro_privado":0,"brecha_seguro":1,"pct_salud_publica":36,"pct_med_tradicional":3,"pct_automedicacion":20,"pct_remedios_caseros":20,"pct_viv_desocupada":0,"pct_alquiler":22,"pct_electricidad":89,"pct_sin_electricidad":11,"pct_agua_red":56,"pct_alcantarillado":11,"pct_camara_septica":11,"pct_pozo_ciego":56,"pct_sin_desague":22,"pct_gas_red":0,"pct_gas_garrafa":78,"pct_lena_guano":78,"pct_basura_formal":22,"pct_basura_quema":67,"pct_basura_informal":0,"pct_internet":56,"pct_celular":78,"pct_televisor":56}},{"type":"Feature","geometry":{"type":"Polygon","coordinates":[[[-65.51734,-16.83061],[-65.51656,-16.83097],[-65.51691,-16.83184],[-65.51766,-16.83152],[-65.51734,-16.83061]]]},"properties":{"n":"ETERAZAMA","p":44,"personas_x_ha":46,"masculinidad":83,"pct_menor20":36,"pct_60mas":0,"pct_migrante":52,"dependencia_econ":132,"pct_empleados":21,"pct_cuentapropia":63,"pct_agricultura":37,"pct_comercio":11,"pct_manufactura":5,"pct_construccion":5,"pct_transporte":16,"pct_alojamiento":16,"pct_sin_educacion":0,"pct_educ_superior":24,"brecha_educ":-2,"pct_sin_seguro":21,"pct_sus":74,"pct_seguro_privado":0,"brecha_seguro":38,"pct_salud_publica":28,"pct_med_tradicional":8,"pct_automedicacion":28,"pct_remedios_caseros":28,"pct_viv_desocupada":0,"pct_alquiler":33,"pct_electricidad":100,"pct_sin_electricidad":0,"pct_agua_red":56,"pct_alcantarillado":6,"pct_camara_septica":22,"pct_pozo_ciego":72,"pct_sin_desague":0,"pct_gas_red":17,"pct_gas_garrafa":78,"pct_lena_guano":78,"pct_basura_formal":100,"pct_basura_quema":0,"pct_basura_informal":0,"pct_internet":61,"pct_celular":94,"pct_televisor":72}},{"type":"Feature","geometry":{"type":"Polygon","coordinates":[[[-65.52194,-16.82747],[-65.52157,-16.82658],[-65.52254,-16.82629],[-65.52278,-16.82716],[-65.52194,-16.82747]]]},"properties":{"n":"ETERAZAMA","p":27,"personas_x_ha":25,"masculinidad":69,"pct_menor20":48,"pct_60mas":0,"pct_migrante":63,"dependencia_econ":125,"pct_empleados":17,"pct_cuentapropia":75,"pct_agricultura":58,"pct_comercio":17,"pct_manufactura":0,"pct_construccion":0,"pct_transporte":0,"pct_alojamiento":8,"pct_sin_educacion":0,"pct_educ_superior":27,"brecha_educ":10,"pct_sin_seguro":11,"pct_sus":89,"pct_seguro_privado":0,"brecha_seguro":-3,"pct_salud_publica":28,"pct_med_tradicional":8,"pct_automedicacion":19,"pct_remedios_caseros":24,"pct_viv_desocupada":0,"pct_alquiler":0,"pct_electricidad":80,"pct_sin_electricidad":20,"pct_agua_red":50,"pct_alcantarillado":30,"pct_camara_septica":0,"pct_pozo_ciego":30,"pct_sin_desague":40,"pct_gas_red":20,"pct_gas_garrafa":70,"pct_lena_guano":70,"pct_basura_formal":40,"pct_basura_quema":60,"pct_basura_informal":0,"pct_internet":90,"pct_celular":90,"pct_televisor":60}},{"type":"Feature","geometry":{"type":"Polygon","coordinates":[[[-65.51897,-16.83795],[-65.51822,-16.83822],[-65.51863,-16.83923],[-65.51933,-16.83891],[-65.51897,-16.83795]]]},"properties":{"n":"ETERAZAMA","p":44,"personas_x_ha":43,"masculinidad":159,"pct_menor20":48,"pct_60mas":2,"pct_migrante":41,"dependencia_econ":105,"pct_empleados":19,"pct_cuentapropia":67,"pct_agricultura":33,"pct_comercio":19,"pct_manufactura":5,"pct_construccion":14,"pct_transporte":10,"pct_alojamiento":5,"pct_sin_educacion":4,"pct_educ_superior":12,"brecha_educ":19,"pct_sin_seguro":5,"pct_sus":84,"pct_seguro_privado":0,"brecha_seguro":8,"pct_salud_publica":21,"pct_med_tradicional":14,"pct_automedicacion":22,"pct_remedios_caseros":21,"pct_viv_desocupada":0,"pct_alquiler":11,"pct_electricidad":84,"pct_sin_electricidad":16,"pct_agua_red":47,"pct_alcantarillado":21,"pct_camara_septica":0,"pct_pozo_ciego":58,"pct_sin_desague":16,"pct_gas_red":16,"pct_gas_garrafa":74,"pct_lena_guano":74,"pct_basura_formal":63,"pct_basura_quema":32,"pct_basura_informal":0,"pct_internet":95,"pct_celular":95,"pct_televisor":53}},{"type":"Feature","geometry":{"type":"Polygon","coordinates":[[[-65.52901,-16.82929],[-65.52973,-16.82905],[-65.53009,-16.83006],[-65.52937,-16.83037],[-65.52901,-16.82929]]]},"properties":{"n":"ETERAZAMA","p":20,"personas_x_ha":19,"masculinidad":82,"pct_menor20":55,"pct_60mas":0,"pct_migrante":55,"dependencia_econ":300,"pct_empleados":20,"pct_cuentapropia":80,"pct_agricultura":60,"pct_comercio":20,"pct_manufactura":0,"pct_construccion":0,"pct_transporte":20,"pct_alojamiento":0,"pct_sin_educacion":0,"pct_educ_superior":33,"brecha_educ":-35,"pct_sin_seguro":0,"pct_sus":100,"pct_seguro_privado":0,"brecha_seguro":0,"pct_salud_publica":37,"pct_med_tradicional":9,"pct_automedicacion":15,"pct_remedios_caseros":31,"pct_viv_desocupada":0,"pct_alquiler":14,"pct_electricidad":86,"pct_sin_electricidad":14,"pct_agua_red":14,"pct_alcantarillado":0,"pct_camara_septica":0,"pct_pozo_ciego":86,"pct_sin_desague":14,"pct_gas_red":0,"pct_gas_garrafa":86,"pct_lena_guano":86,"pct_basura_formal":29,"pct_basura_quema":71,"pct_basura_informal":0,"pct_internet":86,"pct_celular":86,"pct_televisor":29}},{"type":"Feature","geometry":{"type":"Polygon","coordinates":[[[-65.51849,-16.82899],[-65.51773,-16.82931],[-65.51792,-16.82973],[-65.51867,-16.8294],[-65.51849,-16.82899]]]},"properties":{"n":"ETERAZAMA","p":44,"personas_x_ha":94,"masculinidad":83,"pct_menor20":43,"pct_60mas":5,"pct_migrante":55,"dependencia_econ":57,"pct_empleados":18,"pct_cuentapropia":57,"pct_agricultura":29,"pct_comercio":36,"pct_manufactura":4,"pct_construccion":0,"pct_transporte":14,"pct_alojamiento":4,"pct_sin_educacion":8,"pct_educ_superior":38,"brecha_educ":-33,"pct_sin_seguro":7,"pct_sus":93,"pct_seguro_privado":0,"brecha_seguro":6,"pct_salud_publica":27,"pct_med_tradicional":10,"pct_automedicacion":23,"pct_remedios_caseros":23,"pct_viv_desocupada":0,"pct_alquiler":16,"pct_electricidad":100,"pct_sin_electricidad":0,"pct_agua_red":84,"pct_alcantarillado":100,"pct_camara_septica":0,"pct_pozo_ciego":0,"pct_sin_desague":0,"pct_gas_red":47,"pct_gas_garrafa":53,"pct_lena_guano":53,"pct_basura_formal":95,"pct_basura_quema":5,"pct_basura_informal":0,"pct_internet":79,"pct_celular":84,"pct_televisor":58}},{"type":"Feature","geometry":{"type":"Polygon","coordinates":[[[-65.52856,-16.82711],[-65.52861,-16.82672],[-65.52981,-16.82637],[-65.53012,-16.82735],[-65.52875,-16.8277],[-65.52856,-16.82711]]]},"properties":{"n":"ETERAZAMA","p":15,"personas_x_ha":9,"masculinidad":150,"pct_menor20":60,"pct_60mas":0,"pct_migrante":67,"dependencia_econ":200,"pct_empleados":40,"pct_cuentapropia":60,"pct_agricultura":20,"pct_comercio":40,"pct_manufactura":20,"pct_construccion":0,"pct_transporte":20,"pct_alojamiento":0,"pct_sin_educacion":12,"pct_educ_superior":0,"brecha_educ":-27,"pct_sin_seguro":27,"pct_sus":73,"pct_seguro_privado":0,"brecha_seguro":-11,"pct_salud_publica":35,"pct_med_tradicional":0,"pct_automedicacion":28,"pct_remedios_caseros":32,"pct_viv_desocupada":0,"pct_alquiler":0,"pct_electricidad":88,"pct_sin_electricidad":12,"pct_agua_red":62,"pct_alcantarillado":0,"pct_camara_septica":0,"pct_pozo_ciego":88,"pct_sin_desague":12,"pct_gas_red":12,"pct_gas_garrafa":75,"pct_lena_guano":75,"pct_basura_formal":12,"pct_basura_quema":88,"pct_basura_informal":0,"pct_internet":88,"pct_celular":88,"pct_televisor":75}},{"type":"Feature","geometry":{"type":"Polygon","coordinates":[[[-65.53309,-16.82558],[-65.53261,-16.82627],[-65.53287,-16.8268],[-65.53402,-16.82611],[-65.53411,-16.82579],[-65.53416,-16.82582],[-65.53408,-16.8261],[-65.53455,-16.82587],[-65.53483,-16.8255],[-65.5344,-16.82524],[-65.53327,-16.82545],[-65.53309,-16.82558]]]},"properties":{"n":"ETERAZAMA","p":19,"personas_x_ha":10,"masculinidad":46,"pct_menor20":11,"pct_60mas":0,"pct_migrante":79,"dependencia_econ":12,"pct_empleados":35,"pct_cuentapropia":41,"pct_agricultura":35,"pct_comercio":24,"pct_manufactura":6,"pct_construccion":6,"pct_transporte":0,"pct_alojamiento":12,"pct_sin_educacion":6,"pct_educ_superior":6,"brecha_educ":-12,"pct_sin_seguro":33,"pct_sus":50,"pct_seguro_privado":6,"brecha_seguro":9,"pct_salud_publica":47,"pct_med_tradicional":3,"pct_automedicacion":24,"pct_remedios_caseros":12,"pct_viv_desocupada":0,"pct_alquiler":50,"pct_electricidad":100,"pct_sin_electricidad":0,"pct_agua_red":38,"pct_alcantarillado":38,"pct_camara_septica":25,"pct_pozo_ciego":25,"pct_sin_desague":12,"pct_gas_red":0,"pct_gas_garrafa":100,"pct_lena_guano":100,"pct_basura_formal":25,"pct_basura_quema":75,"pct_basura_informal":0,"pct_internet":88,"pct_celular":88,"pct_televisor":62}},{"type":"Feature","geometry":{"type":"Polygon","coordinates":[[[-65.51801,-16.83386],[-65.51846,-16.83539],[-65.51822,-16.83549],[-65.51766,-16.83399],[-65.51801,-16.83386]]]},"properties":{"n":"ETERAZAMA","p":24,"personas_x_ha":40,"masculinidad":140,"pct_menor20":46,"pct_60mas":4,"pct_migrante":75,"dependencia_econ":33,"pct_empleados":6,"pct_cuentapropia":94,"pct_agricultura":28,"pct_comercio":22,"pct_manufactura":0,"pct_construccion":6,"pct_transporte":0,"pct_alojamiento":39,"pct_sin_educacion":0,"pct_educ_superior":14,"brecha_educ":14,"pct_sin_seguro":8,"pct_sus":92,"pct_seguro_privado":0,"brecha_seguro":14,"pct_salud_publica":26,"pct_med_tradicional":9,"pct_automedicacion":25,"pct_remedios_caseros":22,"pct_viv_desocupada":0,"pct_alquiler":22,"pct_electricidad":100,"pct_sin_electricidad":0,"pct_agua_red":89,"pct_alcantarillado":67,"pct_camara_septica":0,"pct_pozo_ciego":33,"pct_sin_desague":0,"pct_gas_red":0,"pct_gas_garrafa":89,"pct_lena_guano":89,"pct_basura_formal":67,"pct_basura_quema":33,"pct_basura_informal":0,"pct_internet":89,"pct_celular":100,"pct_televisor":56}},{"type":"Feature","geometry":{"type":"Polygon","coordinates":[[[-65.52142,-16.82832],[-65.52125,-16.82783],[-65.52184,-16.82763],[-65.52199,-16.82809],[-65.52142,-16.82832]]]},"properties":{"n":"ETERAZAMA","p":25,"personas_x_ha":64,"masculinidad":67,"pct_menor20":44,"pct_60mas":4,"pct_migrante":68,"dependencia_econ":108,"pct_empleados":17,"pct_cuentapropia":75,"pct_agricultura":67,"pct_comercio":8,"pct_manufactura":8,"pct_construccion":0,"pct_transporte":8,"pct_alojamiento":8,"pct_sin_educacion":7,"pct_educ_superior":7,"brecha_educ":40,"pct_sin_seguro":0,"pct_sus":96,"pct_seguro_privado":0,"brecha_seguro":0,"pct_salud_publica":21,"pct_med_tradicional":3,"pct_automedicacion":33,"pct_remedios_caseros":24,"pct_viv_desocupada":10,"pct_alquiler":11,"pct_electricidad":78,"pct_sin_electricidad":22,"pct_agua_red":78,"pct_alcantarillado":89,"pct_camara_septica":0,"pct_pozo_ciego":0,"pct_sin_desague":11,"pct_gas_red":22,"pct_gas_garrafa":67,"pct_lena_guano":67,"pct_basura_formal":67,"pct_basura_quema":33,"pct_basura_informal":0,"pct_internet":56,"pct_celular":78,"pct_televisor":44}},{"type":"Feature","geometry":{"type":"Polygon","coordinates":[[[-65.5123,-16.83601],[-65.51266,-16.83696],[-65.51337,-16.83667],[-65.51303,-16.83575],[-65.5123,-16.83601]]]},"properties":{"n":"ETERAZAMA","p":28,"personas_x_ha":31,"masculinidad":250,"pct_menor20":39,"pct_60mas":11,"pct_migrante":64,"dependencia_econ":65,"pct_empleados":35,"pct_cuentapropia":65,"pct_agricultura":53,"pct_comercio":12,"pct_manufactura":0,"pct_construccion":6,"pct_transporte":0,"pct_alojamiento":18,"pct_sin_educacion":0,"pct_educ_superior":16,"brecha_educ":16,"pct_sin_seguro":22,"pct_sus":78,"pct_seguro_privado":0,"brecha_seguro":32,"pct_salud_publica":38,"pct_med_tradicional":0,"pct_automedicacion":18,"pct_remedios_caseros":45,"pct_viv_desocupada":0,"pct_alquiler":12,"pct_electricidad":76,"pct_sin_electricidad":18,"pct_agua_red":94,"pct_alcantarillado":0,"pct_camara_septica":0,"pct_pozo_ciego":65,"pct_sin_desague":35,"pct_gas_red":0,"pct_gas_garrafa":82,"pct_lena_guano":82,"pct_basura_formal":6,"pct_basura_quema":94,"pct_basura_informal":0,"pct_internet":88,"pct_celular":100,"pct_televisor":35}},{"type":"Feature","geometry":{"type":"Polygon","coordinates":[[[-65.52097,-16.83444],[-65.52059,-16.83461],[-65.52096,-16.83547],[-65.52135,-16.83525],[-65.52097,-16.83444]]]},"properties":{"n":"ETERAZAMA","p":40,"personas_x_ha":79,"masculinidad":74,"pct_menor20":45,"pct_60mas":8,"pct_migrante":60,"dependencia_econ":117,"pct_empleados":11,"pct_cuentapropia":56,"pct_agricultura":39,"pct_comercio":22,"pct_manufactura":0,"pct_construccion":6,"pct_transporte":0,"pct_alojamiento":6,"pct_sin_educacion":5,"pct_educ_superior":18,"brecha_educ":-48,"pct_sin_seguro":13,"pct_sus":87,"pct_seguro_privado":0,"brecha_seguro":8,"pct_salud_publica":33,"pct_med_tradicional":9,"pct_automedicacion":20,"pct_remedios_caseros":17,"pct_viv_desocupada":0,"pct_alquiler":47,"pct_electricidad":100,"pct_sin_electricidad":0,"pct_agua_red":53,"pct_alcantarillado":100,"pct_camara_septica":0,"pct_pozo_ciego":0,"pct_sin_desague":0,"pct_gas_red":20,"pct_gas_garrafa":73,"pct_lena_guano":80,"pct_basura_formal":100,"pct_basura_quema":0,"pct_basura_informal":0,"pct_internet":47,"pct_celular":67,"pct_televisor":60}},{"type":"Feature","geometry":{"type":"Polygon","coordinates":[[[-65.52191,-16.83218],[-65.5216,-16.83128],[-65.52088,-16.83162],[-65.52125,-16.83248],[-65.52191,-16.83218]]]},"properties":{"n":"ETERAZAMA","p":70,"personas_x_ha":80,"masculinidad":71,"pct_menor20":40,"pct_60mas":11,"pct_migrante":67,"dependencia_econ":82,"pct_empleados":11,"pct_cuentapropia":79,"pct_agricultura":11,"pct_comercio":24,"pct_manufactura":5,"pct_construccion":13,"pct_transporte":5,"pct_alojamiento":21,"pct_sin_educacion":5,"pct_educ_superior":24,"brecha_educ":-20,"pct_sin_seguro":9,"pct_sus":87,"pct_seguro_privado":0,"brecha_seguro":-3,"pct_salud_publica":26,"pct_med_tradicional":8,"pct_automedicacion":25,"pct_remedios_caseros":21,"pct_viv_desocupada":4,"pct_alquiler":28,"pct_electricidad":100,"pct_sin_electricidad":0,"pct_agua_red":100,"pct_alcantarillado":100,"pct_camara_septica":0,"pct_pozo_ciego":0,"pct_sin_desague":0,"pct_gas_red":8,"pct_gas_garrafa":92,"pct_lena_guano":92,"pct_basura_formal":100,"pct_basura_quema":0,"pct_basura_informal":0,"pct_internet":64,"pct_celular":88,"pct_televisor":64}},{"type":"Feature","geometry":{"type":"Polygon","coordinates":[[[-65.52149,-16.84025],[-65.52237,-16.83988],[-65.52273,-16.84083],[-65.52183,-16.84118],[-65.52149,-16.84025]]]},"properties":{"n":"ETERAZAMA","p":20,"personas_x_ha":17,"masculinidad":67,"pct_menor20":50,"pct_60mas":5,"pct_migrante":55,"dependencia_econ":54,"pct_empleados":23,"pct_cuentapropia":69,"pct_agricultura":38,"pct_comercio":31,"pct_manufactura":8,"pct_construccion":8,"pct_transporte":15,"pct_alojamiento":0,"pct_sin_educacion":0,"pct_educ_superior":20,"brecha_educ":-8,"pct_sin_seguro":10,"pct_sus":75,"pct_seguro_privado":0,"brecha_seguro":-17,"pct_salud_publica":36,"pct_med_tradicional":0,"pct_automedicacion":26,"pct_remedios_caseros":29,"pct_viv_desocupada":11,"pct_alquiler":14,"pct_electricidad":86,"pct_sin_electricidad":14,"pct_agua_red":0,"pct_alcantarillado":14,"pct_camara_septica":14,"pct_pozo_ciego":14,"pct_sin_desague":57,"pct_gas_red":29,"pct_gas_garrafa":71,"pct_lena_guano":71,"pct_basura_formal":43,"pct_basura_quema":57,"pct_basura_informal":0,"pct_internet":71,"pct_celular":100,"pct_televisor":43}},{"type":"Feature","geometry":{"type":"Polygon","coordinates":[[[-65.51647,-16.83105],[-65.51607,-16.83121],[-65.51639,-16.83202],[-65.51672,-16.8319],[-65.51676,-16.83181],[-65.51647,-16.83105]]]},"properties":{"n":"ETERAZAMA","p":28,"personas_x_ha":61,"masculinidad":87,"pct_menor20":71,"pct_60mas":0,"pct_migrante":39,"dependencia_econ":367,"pct_empleados":50,"pct_cuentapropia":50,"pct_agricultura":50,"pct_comercio":33,"pct_manufactura":0,"pct_construccion":0,"pct_transporte":0,"pct_alojamiento":0,"pct_sin_educacion":12,"pct_educ_superior":0,"brecha_educ":7,"pct_sin_seguro":7,"pct_sus":93,"pct_seguro_privado":0,"brecha_seguro":15,"pct_salud_publica":33,"pct_med_tradicional":8,"pct_automedicacion":24,"pct_remedios_caseros":24,"pct_viv_desocupada":0,"pct_alquiler":14,"pct_electricidad":100,"pct_sin_electricidad":0,"pct_agua_red":43,"pct_alcantarillado":14,"pct_camara_septica":14,"pct_pozo_ciego":71,"pct_sin_desague":0,"pct_gas_red":29,"pct_gas_garrafa":71,"pct_lena_guano":71,"pct_basura_formal":86,"pct_basura_quema":14,"pct_basura_informal":0,"pct_internet":86,"pct_celular":100,"pct_televisor":71}},{"type":"Feature","geometry":{"type":"Polygon","coordinates":[[[-65.51829,-16.8324],[-65.51807,-16.83187],[-65.5187,-16.83162],[-65.51894,-16.83214],[-65.51829,-16.8324]]]},"properties":{"n":"ETERAZAMA","p":19,"personas_x_ha":40,"masculinidad":111,"pct_menor20":26,"pct_60mas":16,"pct_migrante":84,"dependencia_econ":46,"pct_empleados":15,"pct_cuentapropia":85,"pct_agricultura":31,"pct_comercio":38,"pct_manufactura":0,"pct_construccion":0,"pct_transporte":8,"pct_alojamiento":0,"pct_sin_educacion":7,"pct_educ_superior":36,"brecha_educ":-29,"pct_sin_seguro":11,"pct_sus":47,"pct_seguro_privado":5,"brecha_seguro":-1,"pct_salud_publica":25,"pct_med_tradicional":10,"pct_automedicacion":18,"pct_remedios_caseros":20,"pct_viv_desocupada":0,"pct_alquiler":25,"pct_electricidad":100,"pct_sin_electricidad":0,"pct_agua_red":75,"pct_alcantarillado":100,"pct_camara_septica":0,"pct_pozo_ciego":0,"pct_sin_desague":0,"pct_gas_red":25,"pct_gas_garrafa":75,"pct_lena_guano":75,"pct_basura_formal":100,"pct_basura_quema":0,"pct_basura_informal":0,"pct_internet":100,"pct_celular":100,"pct_televisor":100}},{"type":"Feature","geometry":{"type":"Polygon","coordinates":[[[-65.52022,-16.83463],[-65.52048,-16.83449],[-65.52003,-16.83321],[-65.51964,-16.83338],[-65.52022,-16.83463]]]},"properties":{"n":"ETERAZAMA","p":77,"personas_x_ha":132,"masculinidad":103,"pct_menor20":49,"pct_60mas":3,"pct_migrante":58,"dependencia_econ":117,"pct_empleados":20,"pct_cuentapropia":71,"pct_agricultura":43,"pct_comercio":20,"pct_manufactura":0,"pct_construccion":3,"pct_transporte":9,"pct_alojamiento":17,"pct_sin_educacion":0,"pct_educ_superior":24,"brecha_educ":-2,"pct_sin_seguro":17,"pct_sus":76,"pct_seguro_privado":0,"brecha_seguro":3,"pct_salud_publica":26,"pct_med_tradicional":11,"pct_automedicacion":27,"pct_remedios_caseros":21,"pct_viv_desocupada":3,"pct_alquiler":45,"pct_electricidad":100,"pct_sin_electricidad":0,"pct_agua_red":86,"pct_alcantarillado":100,"pct_camara_septica":0,"pct_pozo_ciego":0,"pct_sin_desague":0,"pct_gas_red":31,"pct_gas_garrafa":69,"pct_lena_guano":69,"pct_basura_formal":100,"pct_basura_quema":0,"pct_basura_informal":0,"pct_internet":93,"pct_celular":97,"pct_televisor":76}},{"type":"Feature","geometry":{"type":"Polygon","coordinates":[[[-65.52472,-16.82834],[-65.52507,-16.82941],[-65.52579,-16.82907],[-65.52542,-16.82809],[-65.52472,-16.82834]]]},"properties":{"n":"ETERAZAMA","p":23,"personas_x_ha":23,"masculinidad":77,"pct_menor20":22,"pct_60mas":9,"pct_migrante":74,"dependencia_econ":28,"pct_empleados":44,"pct_cuentapropia":33,"pct_agricultura":11,"pct_comercio":39,"pct_manufactura":0,"pct_construccion":0,"pct_transporte":0,"pct_alojamiento":39,"pct_sin_educacion":0,"pct_educ_superior":33,"brecha_educ":-18,"pct_sin_seguro":13,"pct_sus":87,"pct_seguro_privado":0,"brecha_seguro":12,"pct_salud_publica":29,"pct_med_tradicional":7,"pct_automedicacion":25,"pct_remedios_caseros":26,"pct_viv_desocupada":11,"pct_alquiler":55,"pct_electricidad":91,"pct_sin_electricidad":0,"pct_agua_red":100,"pct_alcantarillado":27,"pct_camara_septica":55,"pct_pozo_ciego":9,"pct_sin_desague":0,"pct_gas_red":0,"pct_gas_garrafa":100,"pct_lena_guano":100,"pct_basura_formal":64,"pct_basura_quema":36,"pct_basura_informal":0,"pct_internet":82,"pct_celular":82,"pct_televisor":73}},{"type":"Feature","geometry":{"type":"Polygon","coordinates":[[[-65.51394,-16.83226],[-65.51358,-16.83146],[-65.51267,-16.83176],[-65.5131,-16.83279],[-65.51394,-16.83226]]]},"properties":{"n":"ETERAZAMA","p":28,"personas_x_ha":23,"masculinidad":115,"pct_menor20":57,"pct_60mas":4,"pct_migrante":64,"dependencia_econ":145,"pct_empleados":9,"pct_cuentapropia":55,"pct_agricultura":45,"pct_comercio":18,"pct_manufactura":9,"pct_construccion":18,"pct_transporte":0,"pct_alojamiento":0,"pct_sin_educacion":0,"pct_educ_superior":0,"brecha_educ":7,"pct_sin_seguro":0,"pct_sus":100,"pct_seguro_privado":0,"brecha_seguro":0,"pct_salud_publica":30,"pct_med_tradicional":9,"pct_automedicacion":20,"pct_remedios_caseros":24,"pct_viv_desocupada":11,"pct_alquiler":25,"pct_electricidad":62,"pct_sin_electricidad":38,"pct_agua_red":75,"pct_alcantarillado":12,"pct_camara_septica":0,"pct_pozo_ciego":50,"pct_sin_desague":38,"pct_gas_red":0,"pct_gas_garrafa":88,"pct_lena_guano":88,"pct_basura_formal":50,"pct_basura_quema":38,"pct_basura_informal":25,"pct_internet":75,"pct_celular":75,"pct_televisor":38}},{"type":"Feature","geometry":{"type":"Polygon","coordinates":[[[-65.52452,-16.83103],[-65.52414,-16.83007],[-65.52349,-16.83034],[-65.52384,-16.83129],[-65.52452,-16.83103]]]},"properties":{"n":"ETERAZAMA","p":25,"personas_x_ha":28,"masculinidad":47,"pct_menor20":48,"pct_60mas":0,"pct_migrante":52,"dependencia_econ":127,"pct_empleados":9,"pct_cuentapropia":91,"pct_agricultura":18,"pct_comercio":45,"pct_manufactura":9,"pct_construccion":9,"pct_transporte":9,"pct_alojamiento":0,"pct_sin_educacion":0,"pct_educ_superior":38,"brecha_educ":0,"pct_sin_seguro":8,"pct_sus":92,"pct_seguro_privado":0,"brecha_seguro":25,"pct_salud_publica":34,"pct_med_tradicional":2,"pct_automedicacion":16,"pct_remedios_caseros":20,"pct_viv_desocupada":0,"pct_alquiler":45,"pct_electricidad":91,"pct_sin_electricidad":9,"pct_agua_red":55,"pct_alcantarillado":9,"pct_camara_septica":0,"pct_pozo_ciego":82,"pct_sin_desague":9,"pct_gas_red":9,"pct_gas_garrafa":91,"pct_lena_guano":91,"pct_basura_formal":91,"pct_basura_quema":9,"pct_basura_informal":0,"pct_internet":91,"pct_celular":100,"pct_televisor":36}},{"type":"Feature","geometry":{"type":"Polygon","coordinates":[[[-65.51727,-16.83045],[-65.5168,-16.83001],[-65.51647,-16.82986],[-65.51613,-16.83],[-65.51651,-16.83083],[-65.51727,-16.83045]]]},"properties":{"n":"ETERAZAMA","p":32,"personas_x_ha":44,"masculinidad":167,"pct_menor20":38,"pct_60mas":9,"pct_migrante":72,"dependencia_econ":113,"pct_empleados":13,"pct_cuentapropia":60,"pct_agricultura":53,"pct_comercio":40,"pct_manufactura":0,"pct_construccion":0,"pct_transporte":0,"pct_alojamiento":7,"pct_sin_educacion":17,"pct_educ_superior":13,"brecha_educ":-12,"pct_sin_seguro":29,"pct_sus":68,"pct_seguro_privado":0,"brecha_seguro":7,"pct_salud_publica":25,"pct_med_tradicional":13,"pct_automedicacion":27,"pct_remedios_caseros":16,"pct_viv_desocupada":0,"pct_alquiler":40,"pct_electricidad":100,"pct_sin_electricidad":0,"pct_agua_red":33,"pct_alcantarillado":13,"pct_camara_septica":47,"pct_pozo_ciego":27,"pct_sin_desague":13,"pct_gas_red":0,"pct_gas_garrafa":93,"pct_lena_guano":93,"pct_basura_formal":93,"pct_basura_quema":7,"pct_basura_informal":0,"pct_internet":60,"pct_celular":80,"pct_televisor":47}},{"type":"Feature","geometry":{"type":"Polygon","coordinates":[[[-65.5281,-16.82963],[-65.52883,-16.82936],[-65.52924,-16.83047],[-65.52849,-16.83076],[-65.5281,-16.82963]]]},"properties":{"n":"ETERAZAMA","p":25,"personas_x_ha":22,"masculinidad":79,"pct_menor20":32,"pct_60mas":4,"pct_migrante":64,"dependencia_econ":47,"pct_empleados":24,"pct_cuentapropia":65,"pct_agricultura":47,"pct_comercio":18,"pct_manufactura":12,"pct_construccion":6,"pct_transporte":6,"pct_alojamiento":6,"pct_sin_educacion":0,"pct_educ_superior":12,"brecha_educ":-8,"pct_sin_seguro":12,"pct_sus":80,"pct_seguro_privado":0,"brecha_seguro":27,"pct_salud_publica":30,"pct_med_tradicional":12,"pct_automedicacion":21,"pct_remedios_caseros":22,"pct_viv_desocupada":6,"pct_alquiler":0,"pct_electricidad":86,"pct_sin_electricidad":14,"pct_agua_red":21,"pct_alcantarillado":14,"pct_camara_septica":21,"pct_pozo_ciego":57,"pct_sin_desague":7,"pct_gas_red":36,"pct_gas_garrafa":57,"pct_lena_guano":57,"pct_basura_formal":57,"pct_basura_quema":43,"pct_basura_informal":0,"pct_internet":71,"pct_celular":86,"pct_televisor":50}},{"type":"Feature","geometry":{"type":"Polygon","coordinates":[[[-65.5171,-16.83522],[-65.51786,-16.83487],[-65.51753,-16.83395],[-65.51676,-16.83427],[-65.5171,-16.83522]]]},"properties":{"n":"ETERAZAMA","p":48,"personas_x_ha":48,"masculinidad":85,"pct_menor20":46,"pct_60mas":10,"pct_migrante":75,"dependencia_econ":114,"pct_empleados":36,"pct_cuentapropia":50,"pct_agricultura":18,"pct_comercio":14,"pct_manufactura":9,"pct_construccion":14,"pct_transporte":5,"pct_alojamiento":23,"pct_sin_educacion":12,"pct_educ_superior":12,"brecha_educ":3,"pct_sin_seguro":28,"pct_sus":72,"pct_seguro_privado":0,"brecha_seguro":2,"pct_salud_publica":30,"pct_med_tradicional":6,"pct_automedicacion":21,"pct_remedios_caseros":25,"pct_viv_desocupada":7,"pct_alquiler":67,"pct_electricidad":100,"pct_sin_electricidad":0,"pct_agua_red":92,"pct_alcantarillado":75,"pct_camara_septica":8,"pct_pozo_ciego":17,"pct_sin_desague":0,"pct_gas_red":33,"pct_gas_garrafa":67,"pct_lena_guano":67,"pct_basura_formal":92,"pct_basura_quema":8,"pct_basura_informal":0,"pct_internet":75,"pct_celular":92,"pct_televisor":42}},{"type":"Feature","geometry":{"type":"Polygon","coordinates":[[[-65.52199,-16.83632],[-65.52154,-16.83533],[-65.52227,-16.83503],[-65.52272,-16.83602],[-65.52199,-16.83632]]]},"properties":{"n":"ETERAZAMA","p":30,"personas_x_ha":29,"masculinidad":76,"pct_menor20":37,"pct_60mas":0,"pct_migrante":70,"dependencia_econ":58,"pct_empleados":21,"pct_cuentapropia":63,"pct_agricultura":32,"pct_comercio":11,"pct_manufactura":21,"pct_construccion":5,"pct_transporte":0,"pct_alojamiento":16,"pct_sin_educacion":0,"pct_educ_superior":37,"brecha_educ":-7,"pct_sin_seguro":14,"pct_sus":69,"pct_seguro_privado":0,"brecha_seguro":5,"pct_salud_publica":26,"pct_med_tradicional":13,"pct_automedicacion":15,"pct_remedios_caseros":20,"pct_viv_desocupada":0,"pct_alquiler":17,"pct_electricidad":83,"pct_sin_electricidad":0,"pct_agua_red":58,"pct_alcantarillado":83,"pct_camara_septica":0,"pct_pozo_ciego":0,"pct_sin_desague":17,"pct_gas_red":0,"pct_gas_garrafa":100,"pct_lena_guano":100,"pct_basura_formal":67,"pct_basura_quema":25,"pct_basura_informal":0,"pct_internet":75,"pct_celular":83,"pct_televisor":58}},{"type":"Feature","geometry":{"type":"Polygon","coordinates":[[[-65.52059,-16.83832],[-65.52048,-16.83795],[-65.52027,-16.83806],[-65.52027,-16.83805],[-65.52048,-16.83795],[-65.52026,-16.8374],[-65.51909,-16.83787],[-65.51944,-16.83877],[-65.51952,-16.8388],[-65.52059,-16.83832]]]},"properties":{"n":"ETERAZAMA","p":45,"personas_x_ha":30,"masculinidad":88,"pct_menor20":36,"pct_60mas":11,"pct_migrante":42,"dependencia_econ":50,"pct_empleados":27,"pct_cuentapropia":53,"pct_agricultura":43,"pct_comercio":33,"pct_manufactura":3,"pct_construccion":0,"pct_transporte":3,"pct_alojamiento":0,"pct_sin_educacion":13,"pct_educ_superior":17,"brecha_educ":-1,"pct_sin_seguro":20,"pct_sus":78,"pct_seguro_privado":0,"brecha_seguro":16,"pct_salud_publica":29,"pct_med_tradicional":12,"pct_automedicacion":24,"pct_remedios_caseros":25,"pct_viv_desocupada":0,"pct_alquiler":0,"pct_electricidad":100,"pct_sin_electricidad":0,"pct_agua_red":60,"pct_alcantarillado":0,"pct_camara_septica":20,"pct_pozo_ciego":53,"pct_sin_desague":20,"pct_gas_red":20,"pct_gas_garrafa":80,"pct_lena_guano":80,"pct_basura_formal":40,"pct_basura_quema":53,"pct_basura_informal":0,"pct_internet":67,"pct_celular":80,"pct_televisor":53}},{"type":"Feature","geometry":{"type":"Polygon","coordinates":[[[-65.51392,-16.83242],[-65.51318,-16.83288],[-65.51339,-16.83343],[-65.51422,-16.83301],[-65.51392,-16.83242]]]},"properties":{"n":"ETERAZAMA","p":38,"personas_x_ha":54,"masculinidad":124,"pct_menor20":37,"pct_60mas":3,"pct_migrante":58,"dependencia_econ":52,"pct_empleados":24,"pct_cuentapropia":72,"pct_agricultura":52,"pct_comercio":12,"pct_manufactura":24,"pct_construccion":0,"pct_transporte":4,"pct_alojamiento":4,"pct_sin_educacion":0,"pct_educ_superior":24,"brecha_educ":-29,"pct_sin_seguro":18,"pct_sus":82,"pct_seguro_privado":0,"brecha_seguro":12,"pct_salud_publica":28,"pct_med_tradicional":3,"pct_automedicacion":25,"pct_remedios_caseros":26,"pct_viv_desocupada":0,"pct_alquiler":8,"pct_electricidad":77,"pct_sin_electricidad":23,"pct_agua_red":62,"pct_alcantarillado":15,"pct_camara_septica":31,"pct_pozo_ciego":38,"pct_sin_desague":15,"pct_gas_red":0,"pct_gas_garrafa":92,"pct_lena_guano":92,"pct_basura_formal":77,"pct_basura_quema":15,"pct_basura_informal":0,"pct_internet":77,"pct_celular":85,"pct_televisor":69}},{"type":"Feature","geometry":{"type":"Polygon","coordinates":[[[-65.5313,-16.83051],[-65.53057,-16.83123],[-65.52986,-16.82902],[-65.5307,-16.82885],[-65.5313,-16.83051]]]},"properties":{"n":"ETERAZAMA","p":31,"personas_x_ha":14,"masculinidad":72,"pct_menor20":48,"pct_60mas":0,"pct_migrante":58,"dependencia_econ":107,"pct_empleados":27,"pct_cuentapropia":60,"pct_agricultura":27,"pct_comercio":33,"pct_manufactura":0,"pct_construccion":13,"pct_transporte":0,"pct_alojamiento":7,"pct_sin_educacion":0,"pct_educ_superior":6,"brecha_educ":-11,"pct_sin_seguro":10,"pct_sus":84,"pct_seguro_privado":0,"brecha_seguro":-3,"pct_salud_publica":40,"pct_med_tradicional":3,"pct_automedicacion":24,"pct_remedios_caseros":16,"pct_viv_desocupada":9,"pct_alquiler":10,"pct_electricidad":80,"pct_sin_electricidad":20,"pct_agua_red":40,"pct_alcantarillado":0,"pct_camara_septica":40,"pct_pozo_ciego":40,"pct_sin_desague":20,"pct_gas_red":0,"pct_gas_garrafa":100,"pct_lena_guano":100,"pct_basura_formal":50,"pct_basura_quema":50,"pct_basura_informal":0,"pct_internet":80,"pct_celular":70,"pct_televisor":60}},{"type":"Feature","geometry":{"type":"Polygon","coordinates":[[[-65.5173,-16.83603],[-65.51655,-16.83636],[-65.51694,-16.83752],[-65.51766,-16.83695],[-65.5173,-16.83603]]]},"properties":{"n":"ETERAZAMA","p":18,"personas_x_ha":16,"masculinidad":100,"pct_menor20":28,"pct_60mas":0,"pct_migrante":56,"dependencia_econ":31,"pct_empleados":31,"pct_cuentapropia":46,"pct_agricultura":23,"pct_comercio":8,"pct_manufactura":0,"pct_construccion":46,"pct_transporte":0,"pct_alojamiento":8,"pct_sin_educacion":0,"pct_educ_superior":15,"brecha_educ":-55,"pct_sin_seguro":33,"pct_sus":47,"pct_seguro_privado":0,"brecha_seguro":9,"pct_salud_publica":46,"pct_med_tradicional":7,"pct_automedicacion":14,"pct_remedios_caseros":18,"pct_viv_desocupada":0,"pct_alquiler":33,"pct_electricidad":89,"pct_sin_electricidad":11,"pct_agua_red":33,"pct_alcantarillado":0,"pct_camara_septica":11,"pct_pozo_ciego":0,"pct_sin_desague":89,"pct_gas_red":0,"pct_gas_garrafa":78,"pct_lena_guano":78,"pct_basura_formal":22,"pct_basura_quema":78,"pct_basura_informal":0,"pct_internet":22,"pct_celular":67,"pct_televisor":22}},{"type":"Feature","geometry":{"type":"Polygon","coordinates":[[[-65.52169,-16.83023],[-65.52163,-16.83012],[-65.52129,-16.83028],[-65.52134,-16.8304],[-65.52169,-16.83023]]]},"properties":{"n":"ETERAZAMA","p":40,"personas_x_ha":697,"masculinidad":67,"pct_menor20":55,"pct_60mas":5,"pct_migrante":65,"dependencia_econ":135,"pct_empleados":47,"pct_cuentapropia":41,"pct_agricultura":18,"pct_comercio":12,"pct_manufactura":0,"pct_construccion":0,"pct_transporte":0,"pct_alojamiento":47,"pct_sin_educacion":0,"pct_educ_superior":17,"brecha_educ":30,"pct_sin_seguro":5,"pct_sus":85,"pct_seguro_privado":0,"brecha_seguro":-8,"pct_salud_publica":21,"pct_med_tradicional":16,"pct_automedicacion":21,"pct_remedios_caseros":20,"pct_viv_desocupada":12,"pct_alquiler":8,"pct_electricidad":92,"pct_sin_electricidad":8,"pct_agua_red":69,"pct_alcantarillado":38,"pct_camara_septica":0,"pct_pozo_ciego":0,"pct_sin_desague":62,"pct_gas_red":0,"pct_gas_garrafa":85,"pct_lena_guano":85,"pct_basura_formal":92,"pct_basura_quema":8,"pct_basura_informal":0,"pct_internet":85,"pct_celular":100,"pct_televisor":62}},{"type":"Feature","geometry":{"type":"Polygon","coordinates":[[[-65.52085,-16.83075],[-65.52077,-16.83058],[-65.52124,-16.83037],[-65.52132,-16.83054],[-65.52085,-16.83075]]]},"properties":{"n":"ETERAZAMA","p":37,"personas_x_ha":324,"masculinidad":54,"pct_menor20":51,"pct_60mas":5,"pct_migrante":51,"dependencia_econ":85,"pct_empleados":15,"pct_cuentapropia":55,"pct_agricultura":20,"pct_comercio":45,"pct_manufactura":25,"pct_construccion":0,"pct_transporte":0,"pct_alojamiento":0,"pct_sin_educacion":0,"pct_educ_superior":28,"brecha_educ":-18,"pct_sin_seguro":6,"pct_sus":94,"pct_seguro_privado":0,"brecha_seguro":-8,"pct_salud_publica":25,"pct_med_tradicional":13,"pct_automedicacion":18,"pct_remedios_caseros":22,"pct_viv_desocupada":0,"pct_alquiler":20,"pct_electricidad":100,"pct_sin_electricidad":0,"pct_agua_red":67,"pct_alcantarillado":53,"pct_camara_septica":0,"pct_pozo_ciego":0,"pct_sin_desague":47,"pct_gas_red":7,"pct_gas_garrafa":60,"pct_lena_guano":60,"pct_basura_formal":100,"pct_basura_quema":0,"pct_basura_informal":0,"pct_internet":67,"pct_celular":80,"pct_televisor":47}},{"type":"Feature","geometry":{"type":"Polygon","coordinates":[[[-65.51859,-16.83534],[-65.51815,-16.83383],[-65.51864,-16.83368],[-65.51871,-16.83372],[-65.5192,-16.83509],[-65.51859,-16.83534]]]},"properties":{"n":"ETERAZAMA","p":32,"personas_x_ha":29,"masculinidad":129,"pct_menor20":41,"pct_60mas":3,"pct_migrante":44,"dependencia_econ":78,"pct_empleados":22,"pct_cuentapropia":56,"pct_agricultura":50,"pct_comercio":0,"pct_manufactura":6,"pct_construccion":0,"pct_transporte":17,"pct_alojamiento":0,"pct_sin_educacion":5,"pct_educ_superior":20,"brecha_educ":-30,"pct_sin_seguro":25,"pct_sus":72,"pct_seguro_privado":0,"brecha_seguro":32,"pct_salud_publica":30,"pct_med_tradicional":5,"pct_automedicacion":16,"pct_remedios_caseros":25,"pct_viv_desocupada":0,"pct_alquiler":8,"pct_electricidad":100,"pct_sin_electricidad":0,"pct_agua_red":17,"pct_alcantarillado":75,"pct_camara_septica":8,"pct_pozo_ciego":17,"pct_sin_desague":0,"pct_gas_red":33,"pct_gas_garrafa":67,"pct_lena_guano":67,"pct_basura_formal":67,"pct_basura_quema":25,"pct_basura_informal":0,"pct_internet":92,"pct_celular":92,"pct_televisor":75}},{"type":"Feature","geometry":{"type":"Polygon","coordinates":[[[-65.51997,-16.83717],[-65.51958,-16.8362],[-65.51868,-16.8366],[-65.51902,-16.83757],[-65.51997,-16.83717]]]},"properties":{"n":"ETERAZAMA","p":52,"personas_x_ha":41,"masculinidad":93,"pct_menor20":50,"pct_60mas":0,"pct_migrante":58,"dependencia_econ":86,"pct_empleados":25,"pct_cuentapropia":61,"pct_agricultura":21,"pct_comercio":39,"pct_manufactura":11,"pct_construccion":11,"pct_transporte":0,"pct_alojamiento":11,"pct_sin_educacion":0,"pct_educ_superior":38,"brecha_educ":-18,"pct_sin_seguro":16,"pct_sus":67,"pct_seguro_privado":0,"brecha_seguro":16,"pct_salud_publica":29,"pct_med_tradicional":10,"pct_automedicacion":15,"pct_remedios_caseros":28,"pct_viv_desocupada":0,"pct_alquiler":38,"pct_electricidad":100,"pct_sin_electricidad":0,"pct_agua_red":75,"pct_alcantarillado":44,"pct_camara_septica":0,"pct_pozo_ciego":56,"pct_sin_desague":0,"pct_gas_red":12,"pct_gas_garrafa":88,"pct_lena_guano":88,"pct_basura_formal":50,"pct_basura_quema":50,"pct_basura_informal":0,"pct_internet":100,"pct_celular":100,"pct_televisor":44}},{"type":"Feature","geometry":{"type":"Polygon","coordinates":[[[-65.52133,-16.83056],[-65.52152,-16.83101],[-65.52072,-16.83135],[-65.52054,-16.8309],[-65.52133,-16.83056]]]},"properties":{"n":"ETERAZAMA","p":88,"personas_x_ha":177,"masculinidad":83,"pct_menor20":32,"pct_60mas":12,"pct_migrante":68,"dependencia_econ":49,"pct_empleados":8,"pct_cuentapropia":75,"pct_agricultura":12,"pct_comercio":54,"pct_manufactura":12,"pct_construccion":3,"pct_transporte":2,"pct_alojamiento":5,"pct_sin_educacion":10,"pct_educ_superior":22,"brecha_educ":-35,"pct_sin_seguro":10,"pct_sus":90,"pct_seguro_privado":0,"brecha_seguro":0,"pct_salud_publica":27,"pct_med_tradicional":14,"pct_automedicacion":25,"pct_remedios_caseros":19,"pct_viv_desocupada":0,"pct_alquiler":24,"pct_electricidad":100,"pct_sin_electricidad":0,"pct_agua_red":84,"pct_alcantarillado":68,"pct_camara_septica":0,"pct_pozo_ciego":0,"pct_sin_desague":32,"pct_gas_red":5,"pct_gas_garrafa":86,"pct_lena_guano":86,"pct_basura_formal":97,"pct_basura_quema":0,"pct_basura_informal":0,"pct_internet":78,"pct_celular":100,"pct_televisor":68}},{"type":"Feature","geometry":{"type":"Polygon","coordinates":[[[-65.51949,-16.84094],[-65.51919,-16.84011],[-65.51971,-16.83991],[-65.52001,-16.84068],[-65.51949,-16.84094]]]},"properties":{"n":"ETERAZAMA","p":30,"personas_x_ha":52,"masculinidad":58,"pct_menor20":57,"pct_60mas":3,"pct_migrante":47,"dependencia_econ":150,"pct_empleados":42,"pct_cuentapropia":33,"pct_agricultura":75,"pct_comercio":8,"pct_manufactura":0,"pct_construccion":0,"pct_transporte":0,"pct_alojamiento":17,"pct_sin_educacion":14,"pct_educ_superior":14,"brecha_educ":0,"pct_sin_seguro":7,"pct_sus":93,"pct_seguro_privado":0,"brecha_seguro":18,"pct_salud_publica":26,"pct_med_tradicional":9,"pct_automedicacion":19,"pct_remedios_caseros":22,"pct_viv_desocupada":8,"pct_alquiler":0,"pct_electricidad":82,"pct_sin_electricidad":18,"pct_agua_red":55,"pct_alcantarillado":0,"pct_camara_septica":0,"pct_pozo_ciego":82,"pct_sin_desague":18,"pct_gas_red":18,"pct_gas_garrafa":64,"pct_lena_guano":64,"pct_basura_formal":45,"pct_basura_quema":55,"pct_basura_informal":0,"pct_internet":55,"pct_celular":91,"pct_televisor":45}},{"type":"Feature","geometry":{"type":"Polygon","coordinates":[[[-65.52585,-16.8345],[-65.52518,-16.83261],[-65.52456,-16.83286],[-65.52525,-16.83481],[-65.52585,-16.8345]]]},"properties":{"n":"ETERAZAMA","p":31,"personas_x_ha":18,"masculinidad":121,"pct_menor20":52,"pct_60mas":6,"pct_migrante":58,"dependencia_econ":82,"pct_empleados":6,"pct_cuentapropia":94,"pct_agricultura":59,"pct_comercio":6,"pct_manufactura":6,"pct_construccion":6,"pct_transporte":0,"pct_alojamiento":0,"pct_sin_educacion":6,"pct_educ_superior":19,"brecha_educ":-25,"pct_sin_seguro":7,"pct_sus":90,"pct_seguro_privado":0,"brecha_seguro":12,"pct_salud_publica":28,"pct_med_tradicional":13,"pct_automedicacion":16,"pct_remedios_caseros":22,"pct_viv_desocupada":6,"pct_alquiler":13,"pct_electricidad":73,"pct_sin_electricidad":27,"pct_agua_red":33,"pct_alcantarillado":7,"pct_camara_septica":13,"pct_pozo_ciego":47,"pct_sin_desague":33,"pct_gas_red":0,"pct_gas_garrafa":80,"pct_lena_guano":80,"pct_basura_formal":33,"pct_basura_quema":33,"pct_basura_informal":0,"pct_internet":60,"pct_celular":87,"pct_televisor":67}},{"type":"Feature","geometry":{"type":"Polygon","coordinates":[[[-65.52448,-16.82939],[-65.5244,-16.82939],[-65.52401,-16.82832],[-65.52394,-16.82767],[-65.52429,-16.82754],[-65.52456,-16.82813],[-65.52499,-16.82947],[-65.52461,-16.82965],[-65.52448,-16.82939]]]},"properties":{"n":"ETERAZAMA","p":21,"personas_x_ha":16,"masculinidad":91,"pct_menor20":24,"pct_60mas":14,"pct_migrante":57,"dependencia_econ":40,"pct_empleados":13,"pct_cuentapropia":80,"pct_agricultura":40,"pct_comercio":27,"pct_manufactura":7,"pct_construccion":13,"pct_transporte":0,"pct_alojamiento":0,"pct_sin_educacion":12,"pct_educ_superior":6,"brecha_educ":-35,"pct_sin_seguro":20,"pct_sus":80,"pct_seguro_privado":0,"brecha_seguro":24,"pct_salud_publica":56,"pct_med_tradicional":6,"pct_automedicacion":6,"pct_remedios_caseros":19,"pct_viv_desocupada":15,"pct_alquiler":22,"pct_electricidad":100,"pct_sin_electricidad":0,"pct_agua_red":78,"pct_alcantarillado":33,"pct_camara_septica":33,"pct_pozo_ciego":33,"pct_sin_desague":0,"pct_gas_red":11,"pct_gas_garrafa":89,"pct_lena_guano":89,"pct_basura_formal":44,"pct_basura_quema":56,"pct_basura_informal":0,"pct_internet":33,"pct_celular":44,"pct_televisor":22}},{"type":"Feature","geometry":{"type":"Polygon","coordinates":[[[-65.52149,-16.82949],[-65.52167,-16.83005],[-65.52191,-16.82994],[-65.52148,-16.82875],[-65.52081,-16.82906],[-65.52127,-16.83023],[-65.52161,-16.83008],[-65.52157,-16.82999],[-65.52143,-16.83004],[-65.52125,-16.82959],[-65.52149,-16.82949]]]},"properties":{"n":"ETERAZAMA","p":103,"personas_x_ha":113,"masculinidad":91,"pct_menor20":37,"pct_60mas":10,"pct_migrante":56,"dependencia_econ":59,"pct_empleados":22,"pct_cuentapropia":60,"pct_agricultura":30,"pct_comercio":25,"pct_manufactura":13,"pct_construccion":3,"pct_transporte":5,"pct_alojamiento":13,"pct_sin_educacion":2,"pct_educ_superior":17,"brecha_educ":-5,"pct_sin_seguro":10,"pct_sus":87,"pct_seguro_privado":0,"brecha_seguro":6,"pct_salud_publica":25,"pct_med_tradicional":9,"pct_automedicacion":26,"pct_remedios_caseros":19,"pct_viv_desocupada":7,"pct_alquiler":32,"pct_electricidad":95,"pct_sin_electricidad":3,"pct_agua_red":79,"pct_alcantarillado":74,"pct_camara_septica":3,"pct_pozo_ciego":0,"pct_sin_desague":24,"pct_gas_red":16,"pct_gas_garrafa":76,"pct_lena_guano":76,"pct_basura_formal":92,"pct_basura_quema":8,"pct_basura_informal":0,"pct_internet":76,"pct_celular":97,"pct_televisor":68}},{"type":"Feature","geometry":{"type":"Polygon","coordinates":[[[-65.51252,-16.83699],[-65.51191,-16.8353],[-65.51179,-16.83517],[-65.51032,-16.83568],[-65.51094,-16.83612],[-65.51168,-16.83722],[-65.51186,-16.83723],[-65.51252,-16.83699]]]},"properties":{"n":"ETERAZAMA","p":22,"personas_x_ha":8,"masculinidad":100,"pct_menor20":32,"pct_60mas":0,"pct_migrante":64,"dependencia_econ":69,"pct_empleados":23,"pct_cuentapropia":62,"pct_agricultura":23,"pct_comercio":54,"pct_manufactura":0,"pct_construccion":0,"pct_transporte":8,"pct_alojamiento":8,"pct_sin_educacion":0,"pct_educ_superior":7,"brecha_educ":-30,"pct_sin_seguro":5,"pct_sus":95,"pct_seguro_privado":0,"brecha_seguro":10,"pct_salud_publica":72,"pct_med_tradicional":0,"pct_automedicacion":28,"pct_remedios_caseros":0,"pct_viv_desocupada":0,"pct_alquiler":25,"pct_electricidad":100,"pct_sin_electricidad":0,"pct_agua_red":62,"pct_alcantarillado":12,"pct_camara_septica":12,"pct_pozo_ciego":75,"pct_sin_desague":0,"pct_gas_red":0,"pct_gas_garrafa":100,"pct_lena_guano":100,"pct_basura_formal":50,"pct_basura_quema":50,"pct_basura_informal":0,"pct_internet":75,"pct_celular":100,"pct_televisor":88}},{"type":"Feature","geometry":{"type":"Polygon","coordinates":[[[-65.51888,-16.82979],[-65.5187,-16.82945],[-65.51797,-16.8298],[-65.51815,-16.83013],[-65.51888,-16.82979]]]},"properties":{"n":"ETERAZAMA","p":38,"personas_x_ha":99,"masculinidad":100,"pct_menor20":58,"pct_60mas":3,"pct_migrante":58,"dependencia_econ":125,"pct_empleados":0,"pct_cuentapropia":88,"pct_agricultura":25,"pct_comercio":12,"pct_manufactura":38,"pct_construccion":0,"pct_transporte":6,"pct_alojamiento":6,"pct_sin_educacion":6,"pct_educ_superior":6,"brecha_educ":-1,"pct_sin_seguro":6,"pct_sus":94,"pct_seguro_privado":0,"brecha_seguro":0,"pct_salud_publica":32,"pct_med_tradicional":3,"pct_automedicacion":26,"pct_remedios_caseros":19,"pct_viv_desocupada":6,"pct_alquiler":18,"pct_electricidad":100,"pct_sin_electricidad":0,"pct_agua_red":59,"pct_alcantarillado":100,"pct_camara_septica":0,"pct_pozo_ciego":0,"pct_sin_desague":0,"pct_gas_red":24,"pct_gas_garrafa":76,"pct_lena_guano":76,"pct_basura_formal":88,"pct_basura_quema":0,"pct_basura_informal":24,"pct_internet":88,"pct_celular":88,"pct_televisor":71}},{"type":"Feature","geometry":{"type":"Polygon","coordinates":[[[-65.53049,-16.83132],[-65.53016,-16.83022],[-65.52943,-16.83048],[-65.52996,-16.83183],[-65.53049,-16.83132]]]},"properties":{"n":"ETERAZAMA","p":23,"personas_x_ha":19,"masculinidad":77,"pct_menor20":61,"pct_60mas":0,"pct_migrante":48,"dependencia_econ":667,"pct_empleados":0,"pct_cuentapropia":33,"pct_agricultura":100,"pct_comercio":0,"pct_manufactura":0,"pct_construccion":0,"pct_transporte":0,"pct_alojamiento":0,"pct_sin_educacion":0,"pct_educ_superior":11,"brecha_educ":-30,"pct_sin_seguro":0,"pct_sus":100,"pct_seguro_privado":0,"brecha_seguro":0,"pct_salud_publica":28,"pct_med_tradicional":13,"pct_automedicacion":13,"pct_remedios_caseros":19,"pct_viv_desocupada":42,"pct_alquiler":14,"pct_electricidad":71,"pct_sin_electricidad":29,"pct_agua_red":29,"pct_alcantarillado":14,"pct_camara_septica":14,"pct_pozo_ciego":14,"pct_sin_desague":57,"pct_gas_red":14,"pct_gas_garrafa":86,"pct_lena_guano":86,"pct_basura_formal":43,"pct_basura_quema":57,"pct_basura_informal":0,"pct_internet":86,"pct_celular":86,"pct_televisor":29}},{"type":"Feature","geometry":{"type":"Polygon","coordinates":[[[-65.51568,-16.83118],[-65.51539,-16.83036],[-65.51474,-16.83064],[-65.51506,-16.83147],[-65.51568,-16.83118]]]},"properties":{"n":"ETERAZAMA","p":18,"personas_x_ha":24,"masculinidad":80,"pct_menor20":39,"pct_60mas":0,"pct_migrante":44,"dependencia_econ":80,"pct_empleados":40,"pct_cuentapropia":40,"pct_agricultura":60,"pct_comercio":0,"pct_manufactura":0,"pct_construccion":10,"pct_transporte":10,"pct_alojamiento":0,"pct_sin_educacion":9,"pct_educ_superior":18,"brecha_educ":-7,"pct_sin_seguro":22,"pct_sus":78,"pct_seguro_privado":0,"brecha_seguro":5,"pct_salud_publica":24,"pct_med_tradicional":12,"pct_automedicacion":15,"pct_remedios_caseros":29,"pct_viv_desocupada":14,"pct_alquiler":60,"pct_electricidad":80,"pct_sin_electricidad":20,"pct_agua_red":40,"pct_alcantarillado":0,"pct_camara_septica":20,"pct_pozo_ciego":40,"pct_sin_desague":40,"pct_gas_red":0,"pct_gas_garrafa":80,"pct_lena_guano":80,"pct_basura_formal":80,"pct_basura_quema":20,"pct_basura_informal":0,"pct_internet":80,"pct_celular":100,"pct_televisor":40}},{"type":"Feature","geometry":{"type":"Polygon","coordinates":[[[-65.51591,-16.83333],[-65.51546,-16.83249],[-65.51444,-16.83302],[-65.51469,-16.83358],[-65.51491,-16.83373],[-65.51591,-16.83333]]]},"properties":{"n":"ETERAZAMA","p":40,"personas_x_ha":32,"masculinidad":122,"pct_menor20":40,"pct_60mas":2,"pct_migrante":57,"dependencia_econ":52,"pct_empleados":20,"pct_cuentapropia":56,"pct_agricultura":16,"pct_comercio":16,"pct_manufactura":4,"pct_construccion":0,"pct_transporte":8,"pct_alojamiento":16,"pct_sin_educacion":0,"pct_educ_superior":30,"brecha_educ":15,"pct_sin_seguro":3,"pct_sus":95,"pct_seguro_privado":0,"brecha_seguro":5,"pct_salud_publica":31,"pct_med_tradicional":7,"pct_automedicacion":27,"pct_remedios_caseros":26,"pct_viv_desocupada":6,"pct_alquiler":60,"pct_electricidad":100,"pct_sin_electricidad":0,"pct_agua_red":93,"pct_alcantarillado":7,"pct_camara_septica":53,"pct_pozo_ciego":27,"pct_sin_desague":7,"pct_gas_red":0,"pct_gas_garrafa":93,"pct_lena_guano":93,"pct_basura_formal":80,"pct_basura_quema":20,"pct_basura_informal":0,"pct_internet":33,"pct_celular":60,"pct_televisor":53}},{"type":"Feature","geometry":{"type":"Polygon","coordinates":[[[-65.52168,-16.83341],[-65.52191,-16.83394],[-65.52208,-16.83386],[-65.52185,-16.83343],[-65.52193,-16.83339],[-65.5219,-16.83332],[-65.52168,-16.83341]]]},"properties":{"n":"ETERAZAMA","p":63,"personas_x_ha":553,"masculinidad":75,"pct_menor20":49,"pct_60mas":5,"pct_migrante":54,"dependencia_econ":97,"pct_empleados":19,"pct_cuentapropia":78,"pct_agricultura":28,"pct_comercio":16,"pct_manufactura":0,"pct_construccion":3,"pct_transporte":0,"pct_alojamiento":44,"pct_sin_educacion":0,"pct_educ_superior":30,"brecha_educ":14,"pct_sin_seguro":18,"pct_sus":76,"pct_seguro_privado":0,"brecha_seguro":-5,"pct_salud_publica":26,"pct_med_tradicional":10,"pct_automedicacion":26,"pct_remedios_caseros":25,"pct_viv_desocupada":4,"pct_alquiler":12,"pct_electricidad":100,"pct_sin_electricidad":0,"pct_agua_red":84,"pct_alcantarillado":84,"pct_camara_septica":0,"pct_pozo_ciego":0,"pct_sin_desague":16,"pct_gas_red":0,"pct_gas_garrafa":100,"pct_lena_guano":100,"pct_basura_formal":96,"pct_basura_quema":4,"pct_basura_informal":0,"pct_internet":100,"pct_celular":100,"pct_televisor":64}},{"type":"Feature","geometry":{"type":"Polygon","coordinates":[[[-65.51937,-16.83905],[-65.51869,-16.83938],[-65.51876,-16.83953],[-65.51907,-16.83978],[-65.51915,-16.84001],[-65.51967,-16.8398],[-65.51937,-16.83905]]]},"properties":{"n":"ETERAZAMA","p":41,"personas_x_ha":66,"masculinidad":95,"pct_menor20":51,"pct_60mas":2,"pct_migrante":51,"dependencia_econ":128,"pct_empleados":28,"pct_cuentapropia":56,"pct_agricultura":33,"pct_comercio":17,"pct_manufactura":6,"pct_construccion":17,"pct_transporte":6,"pct_alojamiento":6,"pct_sin_educacion":10,"pct_educ_superior":20,"brecha_educ":5,"pct_sin_seguro":24,"pct_sus":76,"pct_seguro_privado":0,"brecha_seguro":30,"pct_salud_publica":26,"pct_med_tradicional":11,"pct_automedicacion":18,"pct_remedios_caseros":25,"pct_viv_desocupada":0,"pct_alquiler":25,"pct_electricidad":100,"pct_sin_electricidad":0,"pct_agua_red":25,"pct_alcantarillado":38,"pct_camara_septica":0,"pct_pozo_ciego":50,"pct_sin_desague":6,"pct_gas_red":19,"pct_gas_garrafa":81,"pct_lena_guano":81,"pct_basura_formal":56,"pct_basura_quema":44,"pct_basura_informal":0,"pct_internet":81,"pct_celular":88,"pct_televisor":81}},{"type":"Feature","geometry":{"type":"Polygon","coordinates":[[[-65.52842,-16.82812],[-65.52767,-16.82838],[-65.52805,-16.82947],[-65.5288,-16.82919],[-65.52842,-16.82812]]]},"properties":{"n":"ETERAZAMA","p":34,"personas_x_ha":31,"masculinidad":89,"pct_menor20":41,"pct_60mas":0,"pct_migrante":68,"dependencia_econ":48,"pct_empleados":30,"pct_cuentapropia":43,"pct_agricultura":35,"pct_comercio":17,"pct_manufactura":4,"pct_construccion":22,"pct_transporte":0,"pct_alojamiento":9,"pct_sin_educacion":18,"pct_educ_superior":18,"brecha_educ":-40,"pct_sin_seguro":18,"pct_sus":74,"pct_seguro_privado":0,"brecha_seguro":-10,"pct_salud_publica":19,"pct_med_tradicional":14,"pct_automedicacion":29,"pct_remedios_caseros":22,"pct_viv_desocupada":7,"pct_alquiler":33,"pct_electricidad":83,"pct_sin_electricidad":17,"pct_agua_red":92,"pct_alcantarillado":8,"pct_camara_septica":0,"pct_pozo_ciego":83,"pct_sin_desague":8,"pct_gas_red":42,"pct_gas_garrafa":50,"pct_lena_guano":50,"pct_basura_formal":58,"pct_basura_quema":33,"pct_basura_informal":0,"pct_internet":83,"pct_celular":83,"pct_televisor":50}},{"type":"Feature","geometry":{"type":"Polygon","coordinates":[[[-65.52757,-16.83123],[-65.5268,-16.83153],[-65.52639,-16.83039],[-65.52713,-16.83008],[-65.52757,-16.83123]]]},"properties":{"n":"ETERAZAMA","p":25,"personas_x_ha":20,"masculinidad":79,"pct_menor20":60,"pct_60mas":0,"pct_migrante":44,"dependencia_econ":56,"pct_empleados":6,"pct_cuentapropia":81,"pct_agricultura":50,"pct_comercio":38,"pct_manufactura":6,"pct_construccion":0,"pct_transporte":6,"pct_alojamiento":0,"pct_sin_educacion":0,"pct_educ_superior":14,"brecha_educ":0,"pct_sin_seguro":12,"pct_sus":88,"pct_seguro_privado":0,"brecha_seguro":-6,"pct_salud_publica":23,"pct_med_tradicional":13,"pct_automedicacion":17,"pct_remedios_caseros":24,"pct_viv_desocupada":0,"pct_alquiler":38,"pct_electricidad":100,"pct_sin_electricidad":0,"pct_agua_red":50,"pct_alcantarillado":0,"pct_camara_septica":12,"pct_pozo_ciego":75,"pct_sin_desague":0,"pct_gas_red":0,"pct_gas_garrafa":100,"pct_lena_guano":100,"pct_basura_formal":25,"pct_basura_quema":75,"pct_basura_informal":0,"pct_internet":100,"pct_celular":100,"pct_televisor":75}},{"type":"Feature","geometry":{"type":"Polygon","coordinates":[[[-65.52147,-16.82845],[-65.52197,-16.82981],[-65.52205,-16.82977],[-65.52242,-16.83059],[-65.52264,-16.83048],[-65.52231,-16.82933],[-65.5224,-16.82918],[-65.52207,-16.82822],[-65.52147,-16.82845]]]},"properties":{"n":"ETERAZAMA","p":69,"personas_x_ha":49,"masculinidad":123,"pct_menor20":32,"pct_60mas":12,"pct_migrante":55,"dependencia_econ":56,"pct_empleados":26,"pct_cuentapropia":53,"pct_agricultura":58,"pct_comercio":9,"pct_manufactura":5,"pct_construccion":5,"pct_transporte":12,"pct_alojamiento":5,"pct_sin_educacion":6,"pct_educ_superior":9,"brecha_educ":-24,"pct_sin_seguro":14,"pct_sus":86,"pct_seguro_privado":0,"brecha_seguro":-6,"pct_salud_publica":26,"pct_med_tradicional":8,"pct_automedicacion":23,"pct_remedios_caseros":18,"pct_viv_desocupada":3,"pct_alquiler":27,"pct_electricidad":100,"pct_sin_electricidad":0,"pct_agua_red":58,"pct_alcantarillado":67,"pct_camara_septica":3,"pct_pozo_ciego":24,"pct_sin_desague":3,"pct_gas_red":27,"pct_gas_garrafa":70,"pct_lena_guano":70,"pct_basura_formal":88,"pct_basura_quema":12,"pct_basura_informal":0,"pct_internet":79,"pct_celular":97,"pct_televisor":67}},{"type":"Feature","geometry":{"type":"Polygon","coordinates":[[[-65.5244,-16.82945],[-65.5245,-16.82968],[-65.52418,-16.82985],[-65.52366,-16.82844],[-65.52396,-16.82836],[-65.52433,-16.82945],[-65.5244,-16.82945]]]},"properties":{"n":"ETERAZAMA","p":21,"personas_x_ha":40,"masculinidad":110,"pct_menor20":38,"pct_60mas":10,"pct_migrante":62,"dependencia_econ":62,"pct_empleados":15,"pct_cuentapropia":77,"pct_agricultura":54,"pct_comercio":8,"pct_manufactura":23,"pct_construccion":0,"pct_transporte":0,"pct_alojamiento":8,"pct_sin_educacion":0,"pct_educ_superior":8,"brecha_educ":10,"pct_sin_seguro":33,"pct_sus":67,"pct_seguro_privado":0,"brecha_seguro":25,"pct_salud_publica":35,"pct_med_tradicional":11,"pct_automedicacion":28,"pct_remedios_caseros":19,"pct_viv_desocupada":22,"pct_alquiler":43,"pct_electricidad":71,"pct_sin_electricidad":0,"pct_agua_red":57,"pct_alcantarillado":0,"pct_camara_septica":14,"pct_pozo_ciego":86,"pct_sin_desague":0,"pct_gas_red":0,"pct_gas_garrafa":86,"pct_lena_guano":86,"pct_basura_formal":29,"pct_basura_quema":71,"pct_basura_informal":0,"pct_internet":100,"pct_celular":100,"pct_televisor":86}},{"type":"Feature","geometry":{"type":"Polygon","coordinates":[[[-65.51988,-16.82952],[-65.51907,-16.82986],[-65.51904,-16.82994],[-65.51975,-16.83148],[-65.52054,-16.83112],[-65.51988,-16.82952]]]},"properties":{"n":"ETERAZAMA","p":133,"personas_x_ha":71,"masculinidad":90,"pct_menor20":35,"pct_60mas":7,"pct_migrante":54,"dependencia_econ":45,"pct_empleados":13,"pct_cuentapropia":55,"pct_agricultura":36,"pct_comercio":30,"pct_manufactura":2,"pct_construccion":2,"pct_transporte":5,"pct_alojamiento":8,"pct_sin_educacion":3,"pct_educ_superior":21,"brecha_educ":2,"pct_sin_seguro":19,"pct_sus":74,"pct_seguro_privado":1,"brecha_seguro":-3,"pct_salud_publica":24,"pct_med_tradicional":11,"pct_automedicacion":24,"pct_remedios_caseros":21,"pct_viv_desocupada":2,"pct_alquiler":22,"pct_electricidad":100,"pct_sin_electricidad":0,"pct_agua_red":78,"pct_alcantarillado":74,"pct_camara_septica":2,"pct_pozo_ciego":2,"pct_sin_desague":22,"pct_gas_red":15,"pct_gas_garrafa":80,"pct_lena_guano":80,"pct_basura_formal":94,"pct_basura_quema":4,"pct_basura_informal":4,"pct_internet":74,"pct_celular":85,"pct_televisor":70}},{"type":"Feature","geometry":{"type":"Polygon","coordinates":[[[-65.52151,-16.83295],[-65.5218,-16.83285],[-65.52214,-16.83384],[-65.52244,-16.8337],[-65.52199,-16.83228],[-65.52132,-16.83257],[-65.52151,-16.83295]]]},"properties":{"n":"ETERAZAMA","p":78,"personas_x_ha":94,"masculinidad":111,"pct_menor20":35,"pct_60mas":15,"pct_migrante":59,"dependencia_econ":43,"pct_empleados":9,"pct_cuentapropia":70,"pct_agricultura":38,"pct_comercio":28,"pct_manufactura":8,"pct_construccion":4,"pct_transporte":4,"pct_alojamiento":11,"pct_sin_educacion":6,"pct_educ_superior":22,"brecha_educ":-16,"pct_sin_seguro":13,"pct_sus":80,"pct_seguro_privado":0,"brecha_seguro":9,"pct_salud_publica":30,"pct_med_tradicional":14,"pct_automedicacion":17,"pct_remedios_caseros":21,"pct_viv_desocupada":2,"pct_alquiler":16,"pct_electricidad":100,"pct_sin_electricidad":0,"pct_agua_red":8,"pct_alcantarillado":54,"pct_camara_septica":0,"pct_pozo_ciego":0,"pct_sin_desague":46,"pct_gas_red":8,"pct_gas_garrafa":89,"pct_lena_guano":89,"pct_basura_formal":100,"pct_basura_quema":0,"pct_basura_informal":0,"pct_internet":86,"pct_celular":92,"pct_televisor":68}},{"type":"Feature","geometry":{"type":"Polygon","coordinates":[[[-65.52708,-16.82994],[-65.52548,-16.83059],[-65.52511,-16.82959],[-65.52664,-16.8289],[-65.52708,-16.82994]]]},"properties":{"n":"ETERAZAMA","p":46,"personas_x_ha":20,"masculinidad":109,"pct_menor20":43,"pct_60mas":4,"pct_migrante":52,"dependencia_econ":77,"pct_empleados":4,"pct_cuentapropia":73,"pct_agricultura":50,"pct_comercio":19,"pct_manufactura":8,"pct_construccion":4,"pct_transporte":0,"pct_alojamiento":8,"pct_sin_educacion":7,"pct_educ_superior":19,"brecha_educ":-32,"pct_sin_seguro":24,"pct_sus":76,"pct_seguro_privado":0,"brecha_seguro":2,"pct_salud_publica":51,"pct_med_tradicional":4,"pct_automedicacion":18,"pct_remedios_caseros":16,"pct_viv_desocupada":0,"pct_alquiler":27,"pct_electricidad":87,"pct_sin_electricidad":13,"pct_agua_red":33,"pct_alcantarillado":0,"pct_camara_septica":13,"pct_pozo_ciego":60,"pct_sin_desague":20,"pct_gas_red":13,"pct_gas_garrafa":73,"pct_lena_guano":73,"pct_basura_formal":27,"pct_basura_quema":73,"pct_basura_informal":0,"pct_internet":20,"pct_celular":60,"pct_televisor":33}},{"type":"Feature","geometry":{"type":"Polygon","coordinates":[[[-65.51899,-16.831],[-65.51936,-16.83084],[-65.51893,-16.82993],[-65.51857,-16.83008],[-65.51899,-16.831]]]},"properties":{"n":"ETERAZAMA","p":59,"personas_x_ha":125,"masculinidad":74,"pct_menor20":39,"pct_60mas":10,"pct_migrante":75,"dependencia_econ":79,"pct_empleados":18,"pct_cuentapropia":61,"pct_agricultura":18,"pct_comercio":42,"pct_manufactura":3,"pct_construccion":0,"pct_transporte":6,"pct_alojamiento":9,"pct_sin_educacion":11,"pct_educ_superior":19,"brecha_educ":-13,"pct_sin_seguro":10,"pct_sus":83,"pct_seguro_privado":0,"brecha_seguro":3,"pct_salud_publica":51,"pct_med_tradicional":1,"pct_automedicacion":21,"pct_remedios_caseros":16,"pct_viv_desocupada":0,"pct_alquiler":18,"pct_electricidad":100,"pct_sin_electricidad":0,"pct_agua_red":100,"pct_alcantarillado":95,"pct_camara_septica":0,"pct_pozo_ciego":0,"pct_sin_desague":5,"pct_gas_red":50,"pct_gas_garrafa":45,"pct_lena_guano":45,"pct_basura_formal":95,"pct_basura_quema":0,"pct_basura_informal":9,"pct_internet":77,"pct_celular":91,"pct_televisor":68}},{"type":"Feature","geometry":{"type":"Polygon","coordinates":[[[-65.51907,-16.83246],[-65.51947,-16.8333],[-65.51877,-16.83362],[-65.5184,-16.83276],[-65.51907,-16.83246]]]},"properties":{"n":"ETERAZAMA","p":69,"personas_x_ha":82,"masculinidad":82,"pct_menor20":46,"pct_60mas":6,"pct_migrante":77,"dependencia_econ":64,"pct_empleados":38,"pct_cuentapropia":62,"pct_agricultura":36,"pct_comercio":24,"pct_manufactura":5,"pct_construccion":5,"pct_transporte":0,"pct_alojamiento":2,"pct_sin_educacion":5,"pct_educ_superior":5,"brecha_educ":0,"pct_sin_seguro":25,"pct_sus":73,"pct_seguro_privado":0,"brecha_seguro":-4,"pct_salud_publica":20,"pct_med_tradicional":16,"pct_automedicacion":25,"pct_remedios_caseros":27,"pct_viv_desocupada":0,"pct_alquiler":77,"pct_electricidad":100,"pct_sin_electricidad":0,"pct_agua_red":81,"pct_alcantarillado":85,"pct_camara_septica":12,"pct_pozo_ciego":0,"pct_sin_desague":4,"pct_gas_red":19,"pct_gas_garrafa":69,"pct_lena_guano":69,"pct_basura_formal":96,"pct_basura_quema":0,"pct_basura_informal":8,"pct_internet":65,"pct_celular":85,"pct_televisor":31}},{"type":"Feature","geometry":{"type":"Polygon","coordinates":[[[-65.52773,-16.8312],[-65.52724,-16.83],[-65.52797,-16.82968],[-65.52841,-16.83085],[-65.52773,-16.8312]]]},"properties":{"n":"ETERAZAMA","p":33,"personas_x_ha":27,"masculinidad":83,"pct_menor20":45,"pct_60mas":0,"pct_migrante":67,"dependencia_econ":100,"pct_empleados":12,"pct_cuentapropia":75,"pct_agricultura":38,"pct_comercio":31,"pct_manufactura":0,"pct_construccion":12,"pct_transporte":0,"pct_alojamiento":0,"pct_sin_educacion":11,"pct_educ_superior":16,"brecha_educ":23,"pct_sin_seguro":19,"pct_sus":81,"pct_seguro_privado":0,"brecha_seguro":6,"pct_salud_publica":38,"pct_med_tradicional":16,"pct_automedicacion":10,"pct_remedios_caseros":18,"pct_viv_desocupada":0,"pct_alquiler":7,"pct_electricidad":53,"pct_sin_electricidad":40,"pct_agua_red":60,"pct_alcantarillado":13,"pct_camara_septica":0,"pct_pozo_ciego":40,"pct_sin_desague":47,"pct_gas_red":13,"pct_gas_garrafa":53,"pct_lena_guano":53,"pct_basura_formal":33,"pct_basura_quema":60,"pct_basura_informal":0,"pct_internet":60,"pct_celular":73,"pct_televisor":53}},{"type":"Feature","geometry":{"type":"Polygon","coordinates":[[[-65.52032,-16.82827],[-65.52066,-16.82901],[-65.51996,-16.82931],[-65.51967,-16.82849],[-65.52032,-16.82827]]]},"properties":{"n":"ETERAZAMA","p":18,"personas_x_ha":24,"masculinidad":125,"pct_menor20":22,"pct_60mas":17,"pct_migrante":61,"dependencia_econ":38,"pct_empleados":8,"pct_cuentapropia":85,"pct_agricultura":38,"pct_comercio":23,"pct_manufactura":0,"pct_construccion":0,"pct_transporte":31,"pct_alojamiento":0,"pct_sin_educacion":0,"pct_educ_superior":20,"brecha_educ":-4,"pct_sin_seguro":18,"pct_sus":82,"pct_seguro_privado":0,"brecha_seguro":10,"pct_salud_publica":22,"pct_med_tradicional":16,"pct_automedicacion":24,"pct_remedios_caseros":22,"pct_viv_desocupada":0,"pct_alquiler":27,"pct_electricidad":100,"pct_sin_electricidad":0,"pct_agua_red":9,"pct_alcantarillado":100,"pct_camara_septica":0,"pct_pozo_ciego":0,"pct_sin_desague":0,"pct_gas_red":0,"pct_gas_garrafa":100,"pct_lena_guano":100,"pct_basura_formal":27,"pct_basura_quema":36,"pct_basura_informal":0,"pct_internet":73,"pct_celular":91,"pct_televisor":73}},{"type":"Feature","geometry":{"type":"Polygon","coordinates":[[[-65.52204,-16.83212],[-65.5227,-16.83185],[-65.52262,-16.83156],[-65.52195,-16.83178],[-65.52204,-16.83212]]]},"properties":{"n":"ETERAZAMA","p":25,"personas_x_ha":89,"masculinidad":108,"pct_menor20":28,"pct_60mas":8,"pct_migrante":56,"dependencia_econ":32,"pct_empleados":26,"pct_cuentapropia":63,"pct_agricultura":26,"pct_comercio":32,"pct_manufactura":11,"pct_construccion":16,"pct_transporte":0,"pct_alojamiento":0,"pct_sin_educacion":6,"pct_educ_superior":17,"brecha_educ":-62,"pct_sin_seguro":36,"pct_sus":60,"pct_seguro_privado":0,"brecha_seguro":5,"pct_salud_publica":33,"pct_med_tradicional":3,"pct_automedicacion":21,"pct_remedios_caseros":27,"pct_viv_desocupada":7,"pct_alquiler":8,"pct_electricidad":92,"pct_sin_electricidad":8,"pct_agua_red":77,"pct_alcantarillado":77,"pct_camara_septica":0,"pct_pozo_ciego":0,"pct_sin_desague":23,"pct_gas_red":23,"pct_gas_garrafa":77,"pct_lena_guano":77,"pct_basura_formal":100,"pct_basura_quema":0,"pct_basura_informal":0,"pct_internet":85,"pct_celular":85,"pct_televisor":77}},{"type":"Feature","geometry":{"type":"Polygon","coordinates":[[[-65.52057,-16.83447],[-65.52011,-16.83318],[-65.52035,-16.83305],[-65.52095,-16.83429],[-65.52057,-16.83447]]]},"properties":{"n":"ETERAZAMA","p":44,"personas_x_ha":76,"masculinidad":132,"pct_menor20":23,"pct_60mas":11,"pct_migrante":80,"dependencia_econ":42,"pct_empleados":55,"pct_cuentapropia":42,"pct_agricultura":23,"pct_comercio":0,"pct_manufactura":0,"pct_construccion":3,"pct_transporte":6,"pct_alojamiento":16,"pct_sin_educacion":3,"pct_educ_superior":47,"brecha_educ":-14,"pct_sin_seguro":5,"pct_sus":64,"pct_seguro_privado":0,"brecha_seguro":8,"pct_salud_publica":22,"pct_med_tradicional":8,"pct_automedicacion":22,"pct_remedios_caseros":22,"pct_viv_desocupada":0,"pct_alquiler":53,"pct_electricidad":100,"pct_sin_electricidad":0,"pct_agua_red":33,"pct_alcantarillado":100,"pct_camara_septica":0,"pct_pozo_ciego":0,"pct_sin_desague":0,"pct_gas_red":7,"pct_gas_garrafa":93,"pct_lena_guano":93,"pct_basura_formal":100,"pct_basura_quema":0,"pct_basura_informal":0,"pct_internet":67,"pct_celular":100,"pct_televisor":80}},{"type":"Feature","geometry":{"type":"Polygon","coordinates":[[[-65.52305,-16.83465],[-65.52434,-16.83411],[-65.52473,-16.83515],[-65.52341,-16.83569],[-65.52305,-16.83465]]]},"properties":{"n":"ETERAZAMA","p":28,"personas_x_ha":15,"masculinidad":47,"pct_menor20":68,"pct_60mas":7,"pct_migrante":36,"dependencia_econ":180,"pct_empleados":40,"pct_cuentapropia":50,"pct_agricultura":50,"pct_comercio":20,"pct_manufactura":0,"pct_construccion":0,"pct_transporte":0,"pct_alojamiento":0,"pct_sin_educacion":11,"pct_educ_superior":33,"brecha_educ":-7,"pct_sin_seguro":4,"pct_sus":78,"pct_seguro_privado":0,"brecha_seguro":11,"pct_salud_publica":17,"pct_med_tradicional":0,"pct_automedicacion":16,"pct_remedios_caseros":29,"pct_viv_desocupada":10,"pct_alquiler":33,"pct_electricidad":100,"pct_sin_electricidad":0,"pct_agua_red":44,"pct_alcantarillado":22,"pct_camara_septica":0,"pct_pozo_ciego":56,"pct_sin_desague":22,"pct_gas_red":0,"pct_gas_garrafa":100,"pct_lena_guano":100,"pct_basura_formal":33,"pct_basura_quema":67,"pct_basura_informal":0,"pct_internet":89,"pct_celular":89,"pct_televisor":89}},{"type":"Feature","geometry":{"type":"Polygon","coordinates":[[[-65.52,-16.83586],[-65.51968,-16.83503],[-65.51935,-16.83518],[-65.51967,-16.83601],[-65.52,-16.83586]]]},"properties":{"n":"ETERAZAMA","p":35,"personas_x_ha":92,"masculinidad":67,"pct_menor20":46,"pct_60mas":0,"pct_migrante":60,"dependencia_econ":59,"pct_empleados":27,"pct_cuentapropia":55,"pct_agricultura":45,"pct_comercio":23,"pct_manufactura":0,"pct_construccion":0,"pct_transporte":9,"pct_alojamiento":14,"pct_sin_educacion":0,"pct_educ_superior":0,"brecha_educ":-24,"pct_sin_seguro":15,"pct_sus":85,"pct_seguro_privado":0,"brecha_seguro":-25,"pct_salud_publica":20,"pct_med_tradicional":13,"pct_automedicacion":19,"pct_remedios_caseros":18,"pct_viv_desocupada":6,"pct_alquiler":43,"pct_electricidad":100,"pct_sin_electricidad":0,"pct_agua_red":100,"pct_alcantarillado":93,"pct_camara_septica":0,"pct_pozo_ciego":0,"pct_sin_desague":7,"pct_gas_red":7,"pct_gas_garrafa":86,"pct_lena_guano":86,"pct_basura_formal":100,"pct_basura_quema":0,"pct_basura_informal":0,"pct_internet":100,"pct_celular":93,"pct_televisor":57}},{"type":"Feature","geometry":{"type":"Polygon","coordinates":[[[-65.52193,-16.83884],[-65.5216,-16.83801],[-65.5208,-16.83833],[-65.52098,-16.83883],[-65.52124,-16.83871],[-65.52124,-16.83872],[-65.52098,-16.83883],[-65.52112,-16.83918],[-65.52193,-16.83884]]]},"properties":{"n":"ETERAZAMA","p":38,"personas_x_ha":39,"masculinidad":65,"pct_menor20":45,"pct_60mas":8,"pct_migrante":61,"dependencia_econ":85,"pct_empleados":35,"pct_cuentapropia":40,"pct_agricultura":50,"pct_comercio":10,"pct_manufactura":0,"pct_construccion":0,"pct_transporte":15,"pct_alojamiento":20,"pct_sin_educacion":5,"pct_educ_superior":27,"brecha_educ":33,"pct_sin_seguro":14,"pct_sus":86,"pct_seguro_privado":0,"brecha_seguro":0,"pct_salud_publica":25,"pct_med_tradicional":8,"pct_automedicacion":27,"pct_remedios_caseros":31,"pct_viv_desocupada":0,"pct_alquiler":50,"pct_electricidad":94,"pct_sin_electricidad":0,"pct_agua_red":69,"pct_alcantarillado":62,"pct_camara_septica":25,"pct_pozo_ciego":6,"pct_sin_desague":6,"pct_gas_red":31,"pct_gas_garrafa":69,"pct_lena_guano":69,"pct_basura_formal":50,"pct_basura_quema":50,"pct_basura_informal":0,"pct_internet":81,"pct_celular":75,"pct_televisor":50}},{"type":"Feature","geometry":{"type":"Polygon","coordinates":[[[-65.52037,-16.82802],[-65.51997,-16.827],[-65.51922,-16.82723],[-65.51905,-16.82674],[-65.52054,-16.82632],[-65.52107,-16.82779],[-65.52037,-16.82802]]]},"properties":{"n":"ETERAZAMA","p":29,"personas_x_ha":15,"masculinidad":107,"pct_menor20":48,"pct_60mas":0,"pct_migrante":34,"dependencia_econ":61,"pct_empleados":0,"pct_cuentapropia":67,"pct_agricultura":94,"pct_comercio":0,"pct_manufactura":6,"pct_construccion":0,"pct_transporte":0,"pct_alojamiento":0,"pct_sin_educacion":13,"pct_educ_superior":0,"brecha_educ":6,"pct_sin_seguro":0,"pct_sus":100,"pct_seguro_privado":0,"brecha_seguro":0,"pct_salud_publica":25,"pct_med_tradicional":13,"pct_automedicacion":17,"pct_remedios_caseros":17,"pct_viv_desocupada":12,"pct_alquiler":0,"pct_electricidad":100,"pct_sin_electricidad":0,"pct_agua_red":89,"pct_alcantarillado":0,"pct_camara_septica":11,"pct_pozo_ciego":89,"pct_sin_desague":0,"pct_gas_red":11,"pct_gas_garrafa":89,"pct_lena_guano":89,"pct_basura_formal":44,"pct_basura_quema":56,"pct_basura_informal":0,"pct_internet":78,"pct_celular":78,"pct_televisor":78}},{"type":"Feature","geometry":{"type":"Polygon","coordinates":[[[-65.52142,-16.83056],[-65.52158,-16.83096],[-65.52233,-16.83061],[-65.52214,-16.83018],[-65.52142,-16.83056]]]},"properties":{"n":"ETERAZAMA","p":72,"personas_x_ha":161,"masculinidad":106,"pct_menor20":25,"pct_60mas":8,"pct_migrante":68,"dependencia_econ":67,"pct_empleados":24,"pct_cuentapropia":64,"pct_agricultura":24,"pct_comercio":33,"pct_manufactura":12,"pct_construccion":2,"pct_transporte":2,"pct_alojamiento":14,"pct_sin_educacion":6,"pct_educ_superior":26,"brecha_educ":1,"pct_sin_seguro":19,"pct_sus":77,"pct_seguro_privado":0,"brecha_seguro":20,"pct_salud_publica":26,"pct_med_tradicional":9,"pct_automedicacion":23,"pct_remedios_caseros":20,"pct_viv_desocupada":4,"pct_alquiler":40,"pct_electricidad":100,"pct_sin_electricidad":0,"pct_agua_red":76,"pct_alcantarillado":80,"pct_camara_septica":0,"pct_pozo_ciego":0,"pct_sin_desague":20,"pct_gas_red":28,"pct_gas_garrafa":68,"pct_lena_guano":68,"pct_basura_formal":96,"pct_basura_quema":0,"pct_basura_informal":8,"pct_internet":72,"pct_celular":88,"pct_televisor":68}},{"type":"Feature","geometry":{"type":"Polygon","coordinates":[[[-65.51727,-16.82829],[-65.51915,-16.82748],[-65.51948,-16.82838],[-65.51767,-16.82917],[-65.51741,-16.82872],[-65.51764,-16.82864],[-65.51741,-16.8287],[-65.51727,-16.82829]]]},"properties":{"n":"ETERAZAMA","p":19,"personas_x_ha":8,"masculinidad":111,"pct_menor20":37,"pct_60mas":16,"pct_migrante":79,"dependencia_econ":46,"pct_empleados":0,"pct_cuentapropia":85,"pct_agricultura":69,"pct_comercio":23,"pct_manufactura":0,"pct_construccion":0,"pct_transporte":8,"pct_alojamiento":0,"pct_sin_educacion":8,"pct_educ_superior":0,"brecha_educ":-46,"pct_sin_seguro":37,"pct_sus":63,"pct_seguro_privado":0,"brecha_seguro":-36,"pct_salud_publica":27,"pct_med_tradicional":10,"pct_automedicacion":22,"pct_remedios_caseros":19,"pct_viv_desocupada":0,"pct_alquiler":11,"pct_electricidad":89,"pct_sin_electricidad":11,"pct_agua_red":67,"pct_alcantarillado":44,"pct_camara_septica":0,"pct_pozo_ciego":44,"pct_sin_desague":11,"pct_gas_red":22,"pct_gas_garrafa":67,"pct_lena_guano":67,"pct_basura_formal":78,"pct_basura_quema":22,"pct_basura_informal":0,"pct_internet":56,"pct_celular":100,"pct_televisor":56}},{"type":"Feature","geometry":{"type":"Polygon","coordinates":[[[-65.52791,-16.82955],[-65.5276,-16.8286],[-65.52732,-16.82854],[-65.52681,-16.82878],[-65.5272,-16.82985],[-65.52791,-16.82955]]]},"properties":{"n":"ETERAZAMA","p":29,"personas_x_ha":27,"masculinidad":164,"pct_menor20":45,"pct_60mas":7,"pct_migrante":66,"dependencia_econ":100,"pct_empleados":14,"pct_cuentapropia":79,"pct_agricultura":21,"pct_comercio":29,"pct_manufactura":0,"pct_construccion":0,"pct_transporte":14,"pct_alojamiento":14,"pct_sin_educacion":0,"pct_educ_superior":25,"brecha_educ":30,"pct_sin_seguro":18,"pct_sus":68,"pct_seguro_privado":0,"brecha_seguro":12,"pct_salud_publica":25,"pct_med_tradicional":8,"pct_automedicacion":20,"pct_remedios_caseros":30,"pct_viv_desocupada":9,"pct_alquiler":30,"pct_electricidad":100,"pct_sin_electricidad":0,"pct_agua_red":60,"pct_alcantarillado":0,"pct_camara_septica":40,"pct_pozo_ciego":60,"pct_sin_desague":0,"pct_gas_red":30,"pct_gas_garrafa":70,"pct_lena_guano":70,"pct_basura_formal":90,"pct_basura_quema":10,"pct_basura_informal":0,"pct_internet":90,"pct_celular":100,"pct_televisor":70}},{"type":"Feature","geometry":{"type":"Polygon","coordinates":[[[-65.52142,-16.82864],[-65.52112,-16.8279],[-65.52046,-16.82814],[-65.52074,-16.82893],[-65.52142,-16.82864]]]},"properties":{"n":"ETERAZAMA","p":29,"personas_x_ha":40,"masculinidad":81,"pct_menor20":38,"pct_60mas":3,"pct_migrante":34,"dependencia_econ":81,"pct_empleados":12,"pct_cuentapropia":81,"pct_agricultura":31,"pct_comercio":31,"pct_manufactura":0,"pct_construccion":6,"pct_transporte":0,"pct_alojamiento":0,"pct_sin_educacion":0,"pct_educ_superior":53,"brecha_educ":-6,"pct_sin_seguro":14,"pct_sus":86,"pct_seguro_privado":0,"brecha_seguro":3,"pct_salud_publica":35,"pct_med_tradicional":7,"pct_automedicacion":16,"pct_remedios_caseros":25,"pct_viv_desocupada":0,"pct_alquiler":17,"pct_electricidad":92,"pct_sin_electricidad":8,"pct_agua_red":58,"pct_alcantarillado":58,"pct_camara_septica":0,"pct_pozo_ciego":25,"pct_sin_desague":17,"pct_gas_red":25,"pct_gas_garrafa":75,"pct_lena_guano":75,"pct_basura_formal":58,"pct_basura_quema":33,"pct_basura_informal":0,"pct_internet":83,"pct_celular":83,"pct_televisor":58}},{"type":"Feature","geometry":{"type":"Polygon","coordinates":[[[-65.518,-16.83018],[-65.5176,-16.82937],[-65.51707,-16.8296],[-65.5172,-16.82994],[-65.51753,-16.83038],[-65.518,-16.83018]]]},"properties":{"n":"ETERAZAMA","p":20,"personas_x_ha":32,"masculinidad":122,"pct_menor20":45,"pct_60mas":5,"pct_migrante":50,"dependencia_econ":100,"pct_empleados":0,"pct_cuentapropia":80,"pct_agricultura":70,"pct_comercio":10,"pct_manufactura":0,"pct_construccion":0,"pct_transporte":20,"pct_alojamiento":0,"pct_sin_educacion":9,"pct_educ_superior":9,"brecha_educ":-50,"pct_sin_seguro":5,"pct_sus":90,"pct_seguro_privado":0,"brecha_seguro":9,"pct_salud_publica":26,"pct_med_tradicional":6,"pct_automedicacion":18,"pct_remedios_caseros":15,"pct_viv_desocupada":0,"pct_alquiler":0,"pct_electricidad":100,"pct_sin_electricidad":0,"pct_agua_red":78,"pct_alcantarillado":78,"pct_camara_septica":11,"pct_pozo_ciego":11,"pct_sin_desague":0,"pct_gas_red":22,"pct_gas_garrafa":78,"pct_lena_guano":78,"pct_basura_formal":78,"pct_basura_quema":22,"pct_basura_informal":0,"pct_internet":67,"pct_celular":89,"pct_televisor":89}},{"type":"Feature","geometry":{"type":"Polygon","coordinates":[[[-65.51459,-16.82939],[-65.51424,-16.82964],[-65.51465,-16.8305],[-65.515,-16.83033],[-65.51471,-16.82972],[-65.51494,-16.82923],[-65.51456,-16.82836],[-65.51428,-16.82849],[-65.5146,-16.82924],[-65.51459,-16.82939]]]},"properties":{"n":"ETERAZAMA","p":36,"personas_x_ha":40,"masculinidad":89,"pct_menor20":56,"pct_60mas":0,"pct_migrante":42,"dependencia_econ":177,"pct_empleados":15,"pct_cuentapropia":85,"pct_agricultura":38,"pct_comercio":23,"pct_manufactura":15,"pct_construccion":8,"pct_transporte":8,"pct_alojamiento":8,"pct_sin_educacion":0,"pct_educ_superior":19,"brecha_educ":-23,"pct_sin_seguro":11,"pct_sus":89,"pct_seguro_privado":0,"brecha_seguro":12,"pct_salud_publica":22,"pct_med_tradicional":14,"pct_automedicacion":23,"pct_remedios_caseros":22,"pct_viv_desocupada":0,"pct_alquiler":18,"pct_electricidad":100,"pct_sin_electricidad":0,"pct_agua_red":64,"pct_alcantarillado":18,"pct_camara_septica":9,"pct_pozo_ciego":45,"pct_sin_desague":18,"pct_gas_red":0,"pct_gas_garrafa":91,"pct_lena_guano":91,"pct_basura_formal":45,"pct_basura_quema":55,"pct_basura_informal":0,"pct_internet":82,"pct_celular":91,"pct_televisor":36}},{"type":"Feature","geometry":{"type":"Polygon","coordinates":[[[-65.53164,-16.82869],[-65.53084,-16.82876],[-65.53144,-16.8304],[-65.53204,-16.82977],[-65.53164,-16.82869]]]},"properties":{"n":"ETERAZAMA","p":18,"personas_x_ha":13,"masculinidad":157,"pct_menor20":33,"pct_60mas":0,"pct_migrante":56,"dependencia_econ":38,"pct_empleados":0,"pct_cuentapropia":77,"pct_agricultura":69,"pct_comercio":8,"pct_manufactura":0,"pct_construccion":8,"pct_transporte":8,"pct_alojamiento":0,"pct_sin_educacion":0,"pct_educ_superior":8,"brecha_educ":12,"pct_sin_seguro":0,"pct_sus":100,"pct_seguro_privado":0,"brecha_seguro":0,"pct_salud_publica":27,"pct_med_tradicional":9,"pct_automedicacion":27,"pct_remedios_caseros":20,"pct_viv_desocupada":0,"pct_alquiler":20,"pct_electricidad":60,"pct_sin_electricidad":40,"pct_agua_red":80,"pct_alcantarillado":0,"pct_camara_septica":30,"pct_pozo_ciego":20,"pct_sin_desague":50,"pct_gas_red":0,"pct_gas_garrafa":80,"pct_lena_guano":80,"pct_basura_formal":70,"pct_basura_quema":30,"pct_basura_informal":0,"pct_internet":90,"pct_celular":100,"pct_televisor":50}},{"type":"Feature","geometry":{"type":"Polygon","coordinates":[[[-65.51982,-16.83175],[-65.51956,-16.83126],[-65.51879,-16.8316],[-65.51902,-16.83212],[-65.51982,-16.83175]]]},"properties":{"n":"ETERAZAMA","p":32,"personas_x_ha":55,"masculinidad":88,"pct_menor20":19,"pct_60mas":3,"pct_migrante":81,"dependencia_econ":39,"pct_empleados":22,"pct_cuentapropia":74,"pct_agricultura":17,"pct_comercio":26,"pct_manufactura":4,"pct_construccion":9,"pct_transporte":4,"pct_alojamiento":13,"pct_sin_educacion":0,"pct_educ_superior":32,"brecha_educ":-13,"pct_sin_seguro":45,"pct_sus":42,"pct_seguro_privado":3,"brecha_seguro":3,"pct_salud_publica":21,"pct_med_tradicional":10,"pct_automedicacion":26,"pct_remedios_caseros":24,"pct_viv_desocupada":0,"pct_alquiler":43,"pct_electricidad":100,"pct_sin_electricidad":0,"pct_agua_red":29,"pct_alcantarillado":100,"pct_camara_septica":0,"pct_pozo_ciego":0,"pct_sin_desague":0,"pct_gas_red":21,"pct_gas_garrafa":57,"pct_lena_guano":57,"pct_basura_formal":100,"pct_basura_quema":0,"pct_basura_informal":0,"pct_internet":100,"pct_celular":100,"pct_televisor":57}},{"type":"Feature","geometry":{"type":"Polygon","coordinates":[[[-65.52371,-16.83949],[-65.5234,-16.83857],[-65.52421,-16.83825],[-65.52338,-16.83615],[-65.52127,-16.83699],[-65.52278,-16.84062],[-65.52294,-16.84055],[-65.52371,-16.83949]]]},"properties":{"n":"ETERAZAMA","p":58,"personas_x_ha":7,"masculinidad":87,"pct_menor20":43,"pct_60mas":0,"pct_migrante":34,"dependencia_econ":54,"pct_empleados":3,"pct_cuentapropia":43,"pct_agricultura":30,"pct_comercio":27,"pct_manufactura":5,"pct_construccion":0,"pct_transporte":3,"pct_alojamiento":30,"pct_sin_educacion":3,"pct_educ_superior":32,"brecha_educ":16,"pct_sin_seguro":35,"pct_sus":65,"pct_seguro_privado":0,"brecha_seguro":13,"pct_salud_publica":28,"pct_med_tradicional":14,"pct_automedicacion":31,"pct_remedios_caseros":19,"pct_viv_desocupada":14,"pct_alquiler":16,"pct_electricidad":89,"pct_sin_electricidad":11,"pct_agua_red":79,"pct_alcantarillado":74,"pct_camara_septica":0,"pct_pozo_ciego":11,"pct_sin_desague":16,"pct_gas_red":26,"pct_gas_garrafa":63,"pct_lena_guano":63,"pct_basura_formal":95,"pct_basura_quema":5,"pct_basura_informal":0,"pct_internet":58,"pct_celular":100,"pct_televisor":53}},{"type":"Feature","geometry":{"type":"Polygon","coordinates":[[[-65.5186,-16.83117],[-65.51816,-16.83028],[-65.51847,-16.83012],[-65.51892,-16.83103],[-65.5186,-16.83117]]]},"properties":{"n":"ETERAZAMA","p":55,"personas_x_ha":125,"masculinidad":90,"pct_menor20":38,"pct_60mas":18,"pct_migrante":42,"dependencia_econ":104,"pct_empleados":32,"pct_cuentapropia":52,"pct_agricultura":32,"pct_comercio":28,"pct_manufactura":16,"pct_construccion":4,"pct_transporte":0,"pct_alojamiento":8,"pct_sin_educacion":9,"pct_educ_superior":12,"brecha_educ":2,"pct_sin_seguro":23,"pct_sus":77,"pct_seguro_privado":0,"brecha_seguro":4,"pct_salud_publica":37,"pct_med_tradicional":8,"pct_automedicacion":18,"pct_remedios_caseros":24,"pct_viv_desocupada":0,"pct_alquiler":45,"pct_electricidad":100,"pct_sin_electricidad":0,"pct_agua_red":59,"pct_alcantarillado":95,"pct_camara_septica":5,"pct_pozo_ciego":0,"pct_sin_desague":0,"pct_gas_red":9,"pct_gas_garrafa":91,"pct_lena_guano":91,"pct_basura_formal":100,"pct_basura_quema":0,"pct_basura_informal":0,"pct_internet":41,"pct_celular":59,"pct_televisor":50}},{"type":"Feature","geometry":{"type":"Polygon","coordinates":[[[-65.51805,-16.83148],[-65.51852,-16.83129],[-65.51805,-16.83027],[-65.51756,-16.83048],[-65.51795,-16.83152],[-65.51804,-16.83148],[-65.51807,-16.83122],[-65.51838,-16.83109],[-65.51807,-16.83122],[-65.51805,-16.83148]]]},"properties":{"n":"ETERAZAMA","p":54,"personas_x_ha":72,"masculinidad":86,"pct_menor20":50,"pct_60mas":2,"pct_migrante":57,"dependencia_econ":108,"pct_empleados":35,"pct_cuentapropia":50,"pct_agricultura":31,"pct_comercio":31,"pct_manufactura":4,"pct_construccion":4,"pct_transporte":15,"pct_alojamiento":0,"pct_sin_educacion":4,"pct_educ_superior":33,"brecha_educ":-24,"pct_sin_seguro":19,"pct_sus":65,"pct_seguro_privado":0,"brecha_seguro":3,"pct_salud_publica":19,"pct_med_tradicional":11,"pct_automedicacion":25,"pct_remedios_caseros":23,"pct_viv_desocupada":0,"pct_alquiler":38,"pct_electricidad":88,"pct_sin_electricidad":6,"pct_agua_red":94,"pct_alcantarillado":69,"pct_camara_septica":6,"pct_pozo_ciego":12,"pct_sin_desague":12,"pct_gas_red":19,"pct_gas_garrafa":69,"pct_lena_guano":69,"pct_basura_formal":100,"pct_basura_quema":0,"pct_basura_informal":0,"pct_internet":62,"pct_celular":81,"pct_televisor":50}},{"type":"Feature","geometry":{"type":"Polygon","coordinates":[[[-65.51624,-16.832],[-65.51593,-16.83125],[-65.51517,-16.83154],[-65.51555,-16.83232],[-65.51624,-16.832]]]},"properties":{"n":"ETERAZAMA","p":74,"personas_x_ha":89,"masculinidad":85,"pct_menor20":54,"pct_60mas":8,"pct_migrante":51,"dependencia_econ":155,"pct_empleados":24,"pct_cuentapropia":66,"pct_agricultura":34,"pct_comercio":10,"pct_manufactura":0,"pct_construccion":17,"pct_transporte":7,"pct_alojamiento":10,"pct_sin_educacion":8,"pct_educ_superior":14,"brecha_educ":-35,"pct_sin_seguro":16,"pct_sus":82,"pct_seguro_privado":0,"brecha_seguro":8,"pct_salud_publica":28,"pct_med_tradicional":9,"pct_automedicacion":28,"pct_remedios_caseros":25,"pct_viv_desocupada":0,"pct_alquiler":26,"pct_electricidad":100,"pct_sin_electricidad":0,"pct_agua_red":30,"pct_alcantarillado":13,"pct_camara_septica":26,"pct_pozo_ciego":43,"pct_sin_desague":13,"pct_gas_red":0,"pct_gas_garrafa":96,"pct_lena_guano":96,"pct_basura_formal":87,"pct_basura_quema":9,"pct_basura_informal":0,"pct_internet":74,"pct_celular":87,"pct_televisor":61}},{"type":"Feature","geometry":{"type":"Polygon","coordinates":[[[-65.52425,-16.83131],[-65.52437,-16.83155],[-65.52422,-16.83133],[-65.5239,-16.83146],[-65.52435,-16.8327],[-65.52508,-16.83238],[-65.52464,-16.83117],[-65.52425,-16.83131]]]},"properties":{"n":"ETERAZAMA","p":58,"personas_x_ha":47,"masculinidad":93,"pct_menor20":40,"pct_60mas":7,"pct_migrante":52,"dependencia_econ":76,"pct_empleados":10,"pct_cuentapropia":67,"pct_agricultura":48,"pct_comercio":19,"pct_manufactura":5,"pct_construccion":5,"pct_transporte":0,"pct_alojamiento":19,"pct_sin_educacion":0,"pct_educ_superior":14,"brecha_educ":27,"pct_sin_seguro":3,"pct_sus":86,"pct_seguro_privado":11,"brecha_seguro":-5,"pct_salud_publica":24,"pct_med_tradicional":10,"pct_automedicacion":18,"pct_remedios_caseros":21,"pct_viv_desocupada":0,"pct_alquiler":21,"pct_electricidad":89,"pct_sin_electricidad":11,"pct_agua_red":26,"pct_alcantarillado":21,"pct_camara_septica":16,"pct_pozo_ciego":42,"pct_sin_desague":16,"pct_gas_red":0,"pct_gas_garrafa":89,"pct_lena_guano":89,"pct_basura_formal":53,"pct_basura_quema":47,"pct_basura_informal":0,"pct_internet":74,"pct_celular":89,"pct_televisor":68}},{"type":"Feature","geometry":{"type":"Polygon","coordinates":[[[-65.51658,-16.83421],[-65.51642,-16.8336],[-65.51565,-16.83387],[-65.51585,-16.83449],[-65.51658,-16.83421]]]},"properties":{"n":"ETERAZAMA","p":40,"personas_x_ha":65,"masculinidad":111,"pct_menor20":42,"pct_60mas":2,"pct_migrante":68,"dependencia_econ":60,"pct_empleados":16,"pct_cuentapropia":64,"pct_agricultura":12,"pct_comercio":24,"pct_manufactura":12,"pct_construccion":0,"pct_transporte":8,"pct_alojamiento":16,"pct_sin_educacion":0,"pct_educ_superior":26,"brecha_educ":-12,"pct_sin_seguro":21,"pct_sus":77,"pct_seguro_privado":0,"brecha_seguro":-3,"pct_salud_publica":28,"pct_med_tradicional":5,"pct_automedicacion":23,"pct_remedios_caseros":25,"pct_viv_desocupada":0,"pct_alquiler":60,"pct_electricidad":100,"pct_sin_electricidad":0,"pct_agua_red":93,"pct_alcantarillado":80,"pct_camara_septica":20,"pct_pozo_ciego":0,"pct_sin_desague":0,"pct_gas_red":0,"pct_gas_garrafa":80,"pct_lena_guano":80,"pct_basura_formal":93,"pct_basura_quema":7,"pct_basura_informal":0,"pct_internet":87,"pct_celular":100,"pct_televisor":40}},{"type":"Feature","geometry":{"type":"Polygon","coordinates":[[[-65.52145,-16.84013],[-65.52114,-16.83933],[-65.522,-16.83895],[-65.52233,-16.83979],[-65.52145,-16.84013]]]},"properties":{"n":"ETERAZAMA","p":42,"personas_x_ha":41,"masculinidad":121,"pct_menor20":38,"pct_60mas":0,"pct_migrante":48,"dependencia_econ":110,"pct_empleados":25,"pct_cuentapropia":65,"pct_agricultura":25,"pct_comercio":25,"pct_manufactura":20,"pct_construccion":0,"pct_transporte":10,"pct_alojamiento":5,"pct_sin_educacion":4,"pct_educ_superior":23,"brecha_educ":-26,"pct_sin_seguro":7,"pct_sus":93,"pct_seguro_privado":0,"brecha_seguro":13,"pct_salud_publica":26,"pct_med_tradicional":10,"pct_automedicacion":25,"pct_remedios_caseros":19,"pct_viv_desocupada":14,"pct_alquiler":12,"pct_electricidad":100,"pct_sin_electricidad":0,"pct_agua_red":12,"pct_alcantarillado":59,"pct_camara_septica":0,"pct_pozo_ciego":41,"pct_sin_desague":0,"pct_gas_red":59,"pct_gas_garrafa":41,"pct_lena_guano":41,"pct_basura_formal":71,"pct_basura_quema":29,"pct_basura_informal":0,"pct_internet":76,"pct_celular":82,"pct_televisor":65}},{"type":"Feature","geometry":{"type":"Polygon","coordinates":[[[-65.52064,-16.84174],[-65.52024,-16.84093],[-65.51952,-16.83893],[-65.52068,-16.8384],[-65.52102,-16.83929],[-65.52061,-16.83947],[-65.52062,-16.83947],[-65.52102,-16.83929],[-65.52137,-16.84025],[-65.521,-16.84038],[-65.52087,-16.84004],[-65.52099,-16.84039],[-65.52138,-16.84025],[-65.52176,-16.8412],[-65.52064,-16.84174]]]},"properties":{"n":"ETERAZAMA","p":67,"personas_x_ha":15,"masculinidad":81,"pct_menor20":54,"pct_60mas":6,"pct_migrante":52,"dependencia_econ":81,"pct_empleados":35,"pct_cuentapropia":57,"pct_agricultura":30,"pct_comercio":30,"pct_manufactura":8,"pct_construccion":0,"pct_transporte":5,"pct_alojamiento":11,"pct_sin_educacion":6,"pct_educ_superior":38,"brecha_educ":-6,"pct_sin_seguro":7,"pct_sus":90,"pct_seguro_privado":0,"brecha_seguro":11,"pct_salud_publica":28,"pct_med_tradicional":10,"pct_automedicacion":24,"pct_remedios_caseros":22,"pct_viv_desocupada":0,"pct_alquiler":16,"pct_electricidad":95,"pct_sin_electricidad":5,"pct_agua_red":53,"pct_alcantarillado":5,"pct_camara_septica":16,"pct_pozo_ciego":37,"pct_sin_desague":11,"pct_gas_red":42,"pct_gas_garrafa":53,"pct_lena_guano":53,"pct_basura_formal":47,"pct_basura_quema":42,"pct_basura_informal":11,"pct_internet":95,"pct_celular":95,"pct_televisor":68}},{"type":"Feature","geometry":{"type":"Polygon","coordinates":[[[-65.51941,-16.83094],[-65.51863,-16.83127],[-65.51874,-16.83152],[-65.51953,-16.83118],[-65.51941,-16.83094]]]},"properties":{"n":"ETERAZAMA","p":24,"personas_x_ha":88,"masculinidad":60,"pct_menor20":46,"pct_60mas":0,"pct_migrante":54,"dependencia_econ":140,"pct_empleados":20,"pct_cuentapropia":80,"pct_agricultura":0,"pct_comercio":50,"pct_manufactura":10,"pct_construccion":0,"pct_transporte":0,"pct_alojamiento":0,"pct_sin_educacion":0,"pct_educ_superior":46,"brecha_educ":28,"pct_sin_seguro":4,"pct_sus":96,"pct_seguro_privado":0,"brecha_seguro":-7,"pct_salud_publica":25,"pct_med_tradicional":4,"pct_automedicacion":28,"pct_remedios_caseros":23,"pct_viv_desocupada":0,"pct_alquiler":33,"pct_electricidad":83,"pct_sin_electricidad":17,"pct_agua_red":100,"pct_alcantarillado":100,"pct_camara_septica":0,"pct_pozo_ciego":0,"pct_sin_desague":0,"pct_gas_red":33,"pct_gas_garrafa":67,"pct_lena_guano":67,"pct_basura_formal":100,"pct_basura_quema":0,"pct_basura_informal":0,"pct_internet":100,"pct_celular":100,"pct_televisor":67}},{"type":"Feature","geometry":{"type":"Polygon","coordinates":[[[-65.51505,-16.83162],[-65.5141,-16.83225],[-65.51436,-16.83291],[-65.51543,-16.8324],[-65.51505,-16.83162]]]},"properties":{"n":"ETERAZAMA","p":28,"personas_x_ha":25,"masculinidad":180,"pct_menor20":25,"pct_60mas":4,"pct_migrante":64,"dependencia_econ":56,"pct_empleados":33,"pct_cuentapropia":33,"pct_agricultura":22,"pct_comercio":6,"pct_manufactura":11,"pct_construccion":11,"pct_transporte":6,"pct_alojamiento":6,"pct_sin_educacion":5,"pct_educ_superior":43,"brecha_educ":8,"pct_sin_seguro":14,"pct_sus":79,"pct_seguro_privado":0,"brecha_seguro":7,"pct_salud_publica":28,"pct_med_tradicional":11,"pct_automedicacion":16,"pct_remedios_caseros":26,"pct_viv_desocupada":0,"pct_alquiler":29,"pct_electricidad":93,"pct_sin_electricidad":0,"pct_agua_red":7,"pct_alcantarillado":7,"pct_camara_septica":14,"pct_pozo_ciego":64,"pct_sin_desague":14,"pct_gas_red":0,"pct_gas_garrafa":100,"pct_lena_guano":100,"pct_basura_formal":71,"pct_basura_quema":29,"pct_basura_informal":0,"pct_internet":71,"pct_celular":100,"pct_televisor":71}},{"type":"Feature","geometry":{"type":"Polygon","coordinates":[[[-65.52193,-16.83173],[-65.52252,-16.83154],[-65.52262,-16.8314],[-65.52269,-16.83079],[-65.52172,-16.83129],[-65.52193,-16.83173]]]},"properties":{"n":"ETERAZAMA","p":43,"personas_x_ha":71,"masculinidad":79,"pct_menor20":44,"pct_60mas":14,"pct_migrante":72,"dependencia_econ":39,"pct_empleados":23,"pct_cuentapropia":71,"pct_agricultura":6,"pct_comercio":39,"pct_manufactura":0,"pct_construccion":0,"pct_transporte":3,"pct_alojamiento":42,"pct_sin_educacion":0,"pct_educ_superior":22,"brecha_educ":10,"pct_sin_seguro":23,"pct_sus":72,"pct_seguro_privado":2,"brecha_seguro":5,"pct_salud_publica":25,"pct_med_tradicional":9,"pct_automedicacion":20,"pct_remedios_caseros":27,"pct_viv_desocupada":0,"pct_alquiler":38,"pct_electricidad":94,"pct_sin_electricidad":0,"pct_agua_red":19,"pct_alcantarillado":81,"pct_camara_septica":0,"pct_pozo_ciego":6,"pct_sin_desague":0,"pct_gas_red":12,"pct_gas_garrafa":81,"pct_lena_guano":81,"pct_basura_formal":100,"pct_basura_quema":0,"pct_basura_informal":0,"pct_internet":75,"pct_celular":100,"pct_televisor":81}},{"type":"Feature","geometry":{"type":"Polygon","coordinates":[[[-65.51691,-16.83195],[-65.51723,-16.83283],[-65.51758,-16.83271],[-65.51741,-16.83228],[-65.51759,-16.83271],[-65.51786,-16.8326],[-65.51778,-16.83239],[-65.51787,-16.8326],[-65.51803,-16.83253],[-65.51767,-16.83162],[-65.51691,-16.83195]]]},"properties":{"n":"ETERAZAMA","p":40,"personas_x_ha":41,"masculinidad":74,"pct_menor20":40,"pct_60mas":0,"pct_migrante":48,"dependencia_econ":67,"pct_empleados":8,"pct_cuentapropia":75,"pct_agricultura":46,"pct_comercio":21,"pct_manufactura":4,"pct_construccion":0,"pct_transporte":8,"pct_alojamiento":17,"pct_sin_educacion":0,"pct_educ_superior":4,"brecha_educ":0,"pct_sin_seguro":22,"pct_sus":75,"pct_seguro_privado":0,"brecha_seguro":22,"pct_salud_publica":26,"pct_med_tradicional":10,"pct_automedicacion":19,"pct_remedios_caseros":20,"pct_viv_desocupada":0,"pct_alquiler":25,"pct_electricidad":94,"pct_sin_electricidad":6,"pct_agua_red":69,"pct_alcantarillado":62,"pct_camara_septica":6,"pct_pozo_ciego":25,"pct_sin_desague":6,"pct_gas_red":6,"pct_gas_garrafa":94,"pct_lena_guano":94,"pct_basura_formal":100,"pct_basura_quema":0,"pct_basura_informal":0,"pct_internet":100,"pct_celular":100,"pct_televisor":62}},{"type":"Feature","geometry":{"type":"Polygon","coordinates":[[[-65.52031,-16.8329],[-65.51994,-16.83208],[-65.51918,-16.83241],[-65.5196,-16.83329],[-65.52031,-16.8329]]]},"properties":{"n":"ETERAZAMA","p":43,"personas_x_ha":46,"masculinidad":95,"pct_menor20":28,"pct_60mas":19,"pct_migrante":65,"dependencia_econ":43,"pct_empleados":13,"pct_cuentapropia":63,"pct_agricultura":17,"pct_comercio":37,"pct_manufactura":3,"pct_construccion":3,"pct_transporte":3,"pct_alojamiento":10,"pct_sin_educacion":12,"pct_educ_superior":34,"brecha_educ":-12,"pct_sin_seguro":23,"pct_sus":74,"pct_seguro_privado":0,"brecha_seguro":10,"pct_salud_publica":38,"pct_med_tradicional":15,"pct_automedicacion":21,"pct_remedios_caseros":20,"pct_viv_desocupada":7,"pct_alquiler":23,"pct_electricidad":100,"pct_sin_electricidad":0,"pct_agua_red":69,"pct_alcantarillado":85,"pct_camara_septica":15,"pct_pozo_ciego":0,"pct_sin_desague":0,"pct_gas_red":38,"pct_gas_garrafa":38,"pct_lena_guano":38,"pct_basura_formal":100,"pct_basura_quema":0,"pct_basura_informal":0,"pct_internet":92,"pct_celular":92,"pct_televisor":69}},{"type":"Feature","geometry":{"type":"Polygon","coordinates":[[[-65.52083,-16.83076],[-65.52075,-16.83059],[-65.52047,-16.83071],[-65.52054,-16.83088],[-65.52083,-16.83076]]]},"properties":{"n":"ETERAZAMA","p":16,"personas_x_ha":236,"masculinidad":78,"pct_menor20":12,"pct_60mas":12,"pct_migrante":69,"dependencia_econ":0,"pct_empleados":25,"pct_cuentapropia":75,"pct_agricultura":12,"pct_comercio":25,"pct_manufactura":25,"pct_construccion":0,"pct_transporte":0,"pct_alojamiento":25,"pct_sin_educacion":0,"pct_educ_superior":27,"brecha_educ":-56,"pct_sin_seguro":13,"pct_sus":80,"pct_seguro_privado":7,"brecha_seguro":2,"pct_salud_publica":27,"pct_med_tradicional":2,"pct_automedicacion":25,"pct_remedios_caseros":17,"pct_viv_desocupada":0,"pct_alquiler":23,"pct_electricidad":92,"pct_sin_electricidad":8,"pct_agua_red":38,"pct_alcantarillado":31,"pct_camara_septica":0,"pct_pozo_ciego":0,"pct_sin_desague":69,"pct_gas_red":0,"pct_gas_garrafa":85,"pct_lena_guano":85,"pct_basura_formal":100,"pct_basura_quema":0,"pct_basura_informal":0,"pct_internet":85,"pct_celular":92,"pct_televisor":77}},{"type":"Feature","geometry":{"type":"Polygon","coordinates":[[[-65.5293,-16.82786],[-65.52859,-16.82806],[-65.52899,-16.82913],[-65.52967,-16.82889],[-65.5293,-16.82786]]]},"properties":{"n":"ETERAZAMA","p":25,"personas_x_ha":25,"masculinidad":108,"pct_menor20":36,"pct_60mas":4,"pct_migrante":68,"dependencia_econ":67,"pct_empleados":47,"pct_cuentapropia":47,"pct_agricultura":27,"pct_comercio":27,"pct_manufactura":0,"pct_construccion":13,"pct_transporte":7,"pct_alojamiento":7,"pct_sin_educacion":0,"pct_educ_superior":24,"brecha_educ":-33,"pct_sin_seguro":4,"pct_sus":96,"pct_seguro_privado":0,"brecha_seguro":8,"pct_salud_publica":24,"pct_med_tradicional":3,"pct_automedicacion":24,"pct_remedios_caseros":26,"pct_viv_desocupada":0,"pct_alquiler":33,"pct_electricidad":100,"pct_sin_electricidad":0,"pct_agua_red":0,"pct_alcantarillado":0,"pct_camara_septica":25,"pct_pozo_ciego":75,"pct_sin_desague":0,"pct_gas_red":0,"pct_gas_garrafa":100,"pct_lena_guano":100,"pct_basura_formal":58,"pct_basura_quema":42,"pct_basura_informal":0,"pct_internet":75,"pct_celular":100,"pct_televisor":75}},{"type":"Feature","geometry":{"type":"Polygon","coordinates":[[[-65.52041,-16.83149],[-65.5203,-16.83126],[-65.51977,-16.83151],[-65.51986,-16.83172],[-65.52041,-16.83149]]]},"properties":{"n":"ETERAZAMA","p":26,"personas_x_ha":154,"masculinidad":73,"pct_menor20":31,"pct_60mas":35,"pct_migrante":88,"dependencia_econ":44,"pct_empleados":11,"pct_cuentapropia":83,"pct_agricultura":0,"pct_comercio":78,"pct_manufactura":0,"pct_construccion":0,"pct_transporte":6,"pct_alojamiento":0,"pct_sin_educacion":6,"pct_educ_superior":33,"brecha_educ":-8,"pct_sin_seguro":27,"pct_sus":62,"pct_seguro_privado":0,"brecha_seguro":-31,"pct_salud_publica":21,"pct_med_tradicional":12,"pct_automedicacion":21,"pct_remedios_caseros":21,"pct_viv_desocupada":0,"pct_alquiler":0,"pct_electricidad":100,"pct_sin_electricidad":0,"pct_agua_red":85,"pct_alcantarillado":69,"pct_camara_septica":0,"pct_pozo_ciego":0,"pct_sin_desague":31,"pct_gas_red":0,"pct_gas_garrafa":77,"pct_lena_guano":77,"pct_basura_formal":100,"pct_basura_quema":0,"pct_basura_informal":0,"pct_internet":77,"pct_celular":92,"pct_televisor":85}},{"type":"Feature","geometry":{"type":"Polygon","coordinates":[[[-65.52221,-16.83492],[-65.52186,-16.83409],[-65.52112,-16.83437],[-65.52146,-16.8352],[-65.52221,-16.83492]]]},"properties":{"n":"ETERAZAMA","p":75,"personas_x_ha":84,"masculinidad":97,"pct_menor20":40,"pct_60mas":5,"pct_migrante":71,"dependencia_econ":97,"pct_empleados":25,"pct_cuentapropia":50,"pct_agricultura":11,"pct_comercio":28,"pct_manufactura":6,"pct_construccion":6,"pct_transporte":3,"pct_alojamiento":3,"pct_sin_educacion":7,"pct_educ_superior":45,"brecha_educ":-30,"pct_sin_seguro":16,"pct_sus":64,"pct_seguro_privado":0,"brecha_seguro":15,"pct_salud_publica":19,"pct_med_tradicional":16,"pct_automedicacion":24,"pct_remedios_caseros":20,"pct_viv_desocupada":0,"pct_alquiler":31,"pct_electricidad":100,"pct_sin_electricidad":0,"pct_agua_red":96,"pct_alcantarillado":88,"pct_camara_septica":0,"pct_pozo_ciego":4,"pct_sin_desague":8,"pct_gas_red":31,"pct_gas_garrafa":69,"pct_lena_guano":69,"pct_basura_formal":81,"pct_basura_quema":19,"pct_basura_informal":0,"pct_internet":81,"pct_celular":88,"pct_televisor":73}},{"type":"Feature","geometry":{"type":"Polygon","coordinates":[[[-65.53213,-16.83681],[-65.53029,-16.83174],[-65.52998,-16.83203],[-65.53176,-16.83694],[-65.53213,-16.83681]]]},"properties":{"n":"ETERAZAMA","p":64,"personas_x_ha":27,"masculinidad":78,"pct_menor20":45,"pct_60mas":5,"pct_migrante":55,"dependencia_econ":178,"pct_empleados":4,"pct_cuentapropia":87,"pct_agricultura":65,"pct_comercio":9,"pct_manufactura":9,"pct_construccion":4,"pct_transporte":0,"pct_alojamiento":4,"pct_sin_educacion":3,"pct_educ_superior":3,"brecha_educ":21,"pct_sin_seguro":6,"pct_sus":94,"pct_seguro_privado":0,"brecha_seguro":2,"pct_salud_publica":34,"pct_med_tradicional":9,"pct_automedicacion":24,"pct_remedios_caseros":27,"pct_viv_desocupada":0,"pct_alquiler":4,"pct_electricidad":58,"pct_sin_electricidad":42,"pct_agua_red":15,"pct_alcantarillado":0,"pct_camara_septica":8,"pct_pozo_ciego":46,"pct_sin_desague":46,"pct_gas_red":0,"pct_gas_garrafa":69,"pct_lena_guano":69,"pct_basura_formal":46,"pct_basura_quema":35,"pct_basura_informal":0,"pct_internet":65,"pct_celular":73,"pct_televisor":38}},{"type":"Feature","geometry":{"type":"Polygon","coordinates":[[[-65.51717,-16.83534],[-65.51738,-16.83586],[-65.51813,-16.83554],[-65.51789,-16.83497],[-65.51717,-16.83534]]]},"properties":{"n":"ETERAZAMA","p":36,"personas_x_ha":63,"masculinidad":71,"pct_menor20":50,"pct_60mas":0,"pct_migrante":64,"dependencia_econ":125,"pct_empleados":38,"pct_cuentapropia":56,"pct_agricultura":38,"pct_comercio":6,"pct_manufactura":12,"pct_construccion":6,"pct_transporte":12,"pct_alojamiento":19,"pct_sin_educacion":5,"pct_educ_superior":10,"brecha_educ":37,"pct_sin_seguro":14,"pct_sus":86,"pct_seguro_privado":0,"brecha_seguro":-12,"pct_salud_publica":34,"pct_med_tradicional":6,"pct_automedicacion":26,"pct_remedios_caseros":16,"pct_viv_desocupada":0,"pct_alquiler":60,"pct_electricidad":100,"pct_sin_electricidad":0,"pct_agua_red":40,"pct_alcantarillado":30,"pct_camara_septica":0,"pct_pozo_ciego":60,"pct_sin_desague":0,"pct_gas_red":0,"pct_gas_garrafa":100,"pct_lena_guano":100,"pct_basura_formal":50,"pct_basura_quema":50,"pct_basura_informal":0,"pct_internet":100,"pct_celular":100,"pct_televisor":80}},{"type":"Feature","geometry":{"type":"Polygon","coordinates":[[[-65.52175,-16.83037],[-65.5217,-16.83026],[-65.52134,-16.83042],[-65.52139,-16.83054],[-65.52175,-16.83037]]]},"properties":{"n":"ETERAZAMA","p":35,"personas_x_ha":597,"masculinidad":106,"pct_menor20":49,"pct_60mas":3,"pct_migrante":83,"dependencia_econ":84,"pct_empleados":26,"pct_cuentapropia":58,"pct_agricultura":11,"pct_comercio":21,"pct_manufactura":32,"pct_construccion":0,"pct_transporte":5,"pct_alojamiento":11,"pct_sin_educacion":6,"pct_educ_superior":28,"brecha_educ":11,"pct_sin_seguro":26,"pct_sus":59,"pct_seguro_privado":6,"brecha_seguro":18,"pct_salud_publica":29,"pct_med_tradicional":6,"pct_automedicacion":25,"pct_remedios_caseros":21,"pct_viv_desocupada":0,"pct_alquiler":50,"pct_electricidad":100,"pct_sin_electricidad":0,"pct_agua_red":75,"pct_alcantarillado":38,"pct_camara_septica":12,"pct_pozo_ciego":0,"pct_sin_desague":50,"pct_gas_red":6,"pct_gas_garrafa":88,"pct_lena_guano":88,"pct_basura_formal":100,"pct_basura_quema":0,"pct_basura_informal":0,"pct_internet":94,"pct_celular":94,"pct_televisor":56}},{"type":"Feature","geometry":{"type":"Polygon","coordinates":[[[-65.51603,-16.83331],[-65.51558,-16.83243],[-65.51631,-16.83214],[-65.51662,-16.83305],[-65.51603,-16.83331]]]},"properties":{"n":"ETERAZAMA","p":45,"personas_x_ha":54,"masculinidad":165,"pct_menor20":44,"pct_60mas":2,"pct_migrante":84,"dependencia_econ":95,"pct_empleados":32,"pct_cuentapropia":64,"pct_agricultura":23,"pct_comercio":45,"pct_manufactura":0,"pct_construccion":9,"pct_transporte":5,"pct_alojamiento":9,"pct_sin_educacion":4,"pct_educ_superior":31,"brecha_educ":2,"pct_sin_seguro":20,"pct_sus":78,"pct_seguro_privado":0,"brecha_seguro":11,"pct_salud_publica":20,"pct_med_tradicional":12,"pct_automedicacion":26,"pct_remedios_caseros":21,"pct_viv_desocupada":6,"pct_alquiler":46,"pct_electricidad":100,"pct_sin_electricidad":0,"pct_agua_red":69,"pct_alcantarillado":31,"pct_camara_septica":23,"pct_pozo_ciego":38,"pct_sin_desague":0,"pct_gas_red":8,"pct_gas_garrafa":92,"pct_lena_guano":92,"pct_basura_formal":77,"pct_basura_quema":23,"pct_basura_informal":0,"pct_internet":92,"pct_celular":100,"pct_televisor":77}},{"type":"Feature","geometry":{"type":"Polygon","coordinates":[[[-65.51296,-16.83563],[-65.51274,-16.83486],[-65.51267,-16.83482],[-65.512,-16.83507],[-65.51224,-16.83584],[-65.51296,-16.83563]]]},"properties":{"n":"ETERAZAMA","p":16,"personas_x_ha":20,"masculinidad":129,"pct_menor20":25,"pct_60mas":6,"pct_migrante":56,"dependencia_econ":60,"pct_empleados":20,"pct_cuentapropia":70,"pct_agricultura":40,"pct_comercio":50,"pct_manufactura":10,"pct_construccion":0,"pct_transporte":0,"pct_alojamiento":0,"pct_sin_educacion":8,"pct_educ_superior":15,"brecha_educ":10,"pct_sin_seguro":25,"pct_sus":75,"pct_seguro_privado":0,"brecha_seguro":19,"pct_salud_publica":25,"pct_med_tradicional":9,"pct_automedicacion":22,"pct_remedios_caseros":22,"pct_viv_desocupada":0,"pct_alquiler":33,"pct_electricidad":78,"pct_sin_electricidad":22,"pct_agua_red":56,"pct_alcantarillado":11,"pct_camara_septica":33,"pct_pozo_ciego":11,"pct_sin_desague":44,"pct_gas_red":0,"pct_gas_garrafa":78,"pct_lena_guano":78,"pct_basura_formal":33,"pct_basura_quema":67,"pct_basura_informal":0,"pct_internet":78,"pct_celular":100,"pct_televisor":67}},{"type":"Feature","geometry":{"type":"Polygon","coordinates":[[[-65.641,-16.72993],[-65.6395,-16.72748],[-65.63859,-16.72794],[-65.64009,-16.73032],[-65.641,-16.72993]]]},"properties":{"n":"ISINUTA","p":28,"personas_x_ha":8,"masculinidad":87,"pct_menor20":32,"pct_60mas":11,"pct_migrante":46,"dependencia_econ":250,"pct_empleados":25,"pct_cuentapropia":75,"pct_agricultura":38,"pct_comercio":12,"pct_manufactura":0,"pct_construccion":12,"pct_transporte":0,"pct_alojamiento":25,"pct_sin_educacion":11,"pct_educ_superior":5,"brecha_educ":-11,"pct_sin_seguro":4,"pct_sus":89,"pct_seguro_privado":0,"brecha_seguro":-7,"pct_salud_publica":30,"pct_med_tradicional":4,"pct_automedicacion":16,"pct_remedios_caseros":22,"pct_viv_desocupada":8,"pct_alquiler":36,"pct_electricidad":100,"pct_sin_electricidad":0,"pct_agua_red":64,"pct_alcantarillado":45,"pct_camara_septica":9,"pct_pozo_ciego":45,"pct_sin_desague":0,"pct_gas_red":0,"pct_gas_garrafa":91,"pct_lena_guano":91,"pct_basura_formal":55,"pct_basura_quema":45,"pct_basura_informal":0,"pct_internet":45,"pct_celular":82,"pct_televisor":64}},{"type":"Feature","geometry":{"type":"Polygon","coordinates":[[[-65.64443,-16.73305],[-65.64282,-16.73354],[-65.64306,-16.73397],[-65.64468,-16.73349],[-65.64443,-16.73305]]]},"properties":{"n":"ISINUTA","p":21,"personas_x_ha":21,"masculinidad":62,"pct_menor20":43,"pct_60mas":5,"pct_migrante":29,"dependencia_econ":133,"pct_empleados":22,"pct_cuentapropia":44,"pct_agricultura":56,"pct_comercio":33,"pct_manufactura":0,"pct_construccion":0,"pct_transporte":11,"pct_alojamiento":0,"pct_sin_educacion":0,"pct_educ_superior":8,"brecha_educ":-6,"pct_sin_seguro":5,"pct_sus":95,"pct_seguro_privado":0,"brecha_seguro":-8,"pct_salud_publica":40,"pct_med_tradicional":2,"pct_automedicacion":15,"pct_remedios_caseros":17,"pct_viv_desocupada":0,"pct_alquiler":0,"pct_electricidad":100,"pct_sin_electricidad":0,"pct_agua_red":43,"pct_alcantarillado":57,"pct_camara_septica":0,"pct_pozo_ciego":14,"pct_sin_desague":29,"pct_gas_red":0,"pct_gas_garrafa":100,"pct_lena_guano":100,"pct_basura_formal":100,"pct_basura_quema":0,"pct_basura_informal":0,"pct_internet":86,"pct_celular":100,"pct_televisor":86}},{"type":"Feature","geometry":{"type":"Polygon","coordinates":[[[-65.63373,-16.73449],[-65.63407,-16.73545],[-65.63472,-16.73521],[-65.63434,-16.73426],[-65.63373,-16.73449]]]},"properties":{"n":"ISINUTA","p":32,"personas_x_ha":39,"masculinidad":100,"pct_menor20":44,"pct_60mas":0,"pct_migrante":59,"dependencia_econ":68,"pct_empleados":16,"pct_cuentapropia":74,"pct_agricultura":42,"pct_comercio":16,"pct_manufactura":0,"pct_construccion":5,"pct_transporte":5,"pct_alojamiento":5,"pct_sin_educacion":0,"pct_educ_superior":10,"brecha_educ":5,"pct_sin_seguro":0,"pct_sus":100,"pct_seguro_privado":0,"brecha_seguro":0,"pct_salud_publica":28,"pct_med_tradicional":17,"pct_automedicacion":24,"pct_remedios_caseros":18,"pct_viv_desocupada":0,"pct_alquiler":46,"pct_electricidad":100,"pct_sin_electricidad":0,"pct_agua_red":46,"pct_alcantarillado":62,"pct_camara_septica":0,"pct_pozo_ciego":38,"pct_sin_desague":0,"pct_gas_red":0,"pct_gas_garrafa":100,"pct_lena_guano":100,"pct_basura_formal":100,"pct_basura_quema":0,"pct_basura_informal":0,"pct_internet":92,"pct_celular":92,"pct_televisor":85}},{"type":"Feature","geometry":{"type":"Polygon","coordinates":[[[-65.64145,-16.73085],[-65.64166,-16.73141],[-65.64258,-16.73104],[-65.64235,-16.73055],[-65.64145,-16.73085]]]},"properties":{"n":"ISINUTA","p":34,"personas_x_ha":50,"masculinidad":209,"pct_menor20":53,"pct_60mas":3,"pct_migrante":53,"dependencia_econ":100,"pct_empleados":19,"pct_cuentapropia":75,"pct_agricultura":44,"pct_comercio":25,"pct_manufactura":19,"pct_construccion":0,"pct_transporte":0,"pct_alojamiento":0,"pct_sin_educacion":12,"pct_educ_superior":24,"brecha_educ":3,"pct_sin_seguro":10,"pct_sus":90,"pct_seguro_privado":0,"brecha_seguro":-13,"pct_salud_publica":25,"pct_med_tradicional":13,"pct_automedicacion":24,"pct_remedios_caseros":21,"pct_viv_desocupada":0,"pct_alquiler":17,"pct_electricidad":100,"pct_sin_electricidad":0,"pct_agua_red":92,"pct_alcantarillado":92,"pct_camara_septica":0,"pct_pozo_ciego":0,"pct_sin_desague":8,"pct_gas_red":0,"pct_gas_garrafa":100,"pct_lena_guano":100,"pct_basura_formal":100,"pct_basura_quema":0,"pct_basura_informal":0,"pct_internet":92,"pct_celular":100,"pct_televisor":75}},{"type":"Feature","geometry":{"type":"Polygon","coordinates":[[[-65.63886,-16.73166],[-65.63949,-16.73141],[-65.63952,-16.73104],[-65.63931,-16.73072],[-65.63851,-16.73097],[-65.63886,-16.73166]]]},"properties":{"n":"ISINUTA","p":17,"personas_x_ha":23,"masculinidad":112,"pct_menor20":53,"pct_60mas":0,"pct_migrante":41,"dependencia_econ":112,"pct_empleados":38,"pct_cuentapropia":38,"pct_agricultura":62,"pct_comercio":0,"pct_manufactura":0,"pct_construccion":12,"pct_transporte":0,"pct_alojamiento":0,"pct_sin_educacion":0,"pct_educ_superior":25,"brecha_educ":-25,"pct_sin_seguro":12,"pct_sus":59,"pct_seguro_privado":0,"brecha_seguro":22,"pct_salud_publica":27,"pct_med_tradicional":19,"pct_automedicacion":27,"pct_remedios_caseros":17,"pct_viv_desocupada":0,"pct_alquiler":14,"pct_electricidad":100,"pct_sin_electricidad":0,"pct_agua_red":14,"pct_alcantarillado":29,"pct_camara_septica":14,"pct_pozo_ciego":57,"pct_sin_desague":0,"pct_gas_red":0,"pct_gas_garrafa":100,"pct_lena_guano":100,"pct_basura_formal":86,"pct_basura_quema":0,"pct_basura_informal":0,"pct_internet":86,"pct_celular":100,"pct_televisor":71}},{"type":"Feature","geometry":{"type":"Polygon","coordinates":[[[-65.6423,-16.732],[-65.64288,-16.73181],[-65.6428,-16.73159],[-65.64221,-16.73178],[-65.6423,-16.732]]]},"properties":{"n":"ISINUTA","p":38,"personas_x_ha":222,"masculinidad":111,"pct_menor20":42,"pct_60mas":11,"pct_migrante":74,"dependencia_econ":100,"pct_empleados":11,"pct_cuentapropia":68,"pct_agricultura":32,"pct_comercio":16,"pct_manufactura":16,"pct_construccion":5,"pct_transporte":11,"pct_alojamiento":11,"pct_sin_educacion":9,"pct_educ_superior":0,"brecha_educ":-2,"pct_sin_seguro":14,"pct_sus":86,"pct_seguro_privado":0,"brecha_seguro":4,"pct_salud_publica":51,"pct_med_tradicional":7,"pct_automedicacion":22,"pct_remedios_caseros":15,"pct_viv_desocupada":26,"pct_alquiler":12,"pct_electricidad":75,"pct_sin_electricidad":25,"pct_agua_red":62,"pct_alcantarillado":69,"pct_camara_septica":0,"pct_pozo_ciego":0,"pct_sin_desague":31,"pct_gas_red":0,"pct_gas_garrafa":100,"pct_lena_guano":100,"pct_basura_formal":100,"pct_basura_quema":0,"pct_basura_informal":0,"pct_internet":56,"pct_celular":94,"pct_televisor":44}},{"type":"Feature","geometry":{"type":"Polygon","coordinates":[[[-65.64346,-16.72998],[-65.64299,-16.72925],[-65.64232,-16.72964],[-65.64275,-16.73027],[-65.64339,-16.73007],[-65.64346,-16.72998]]]},"properties":{"n":"ISINUTA","p":32,"personas_x_ha":42,"masculinidad":100,"pct_menor20":28,"pct_60mas":12,"pct_migrante":62,"dependencia_econ":78,"pct_empleados":22,"pct_cuentapropia":72,"pct_agricultura":50,"pct_comercio":17,"pct_manufactura":0,"pct_construccion":6,"pct_transporte":11,"pct_alojamiento":6,"pct_sin_educacion":9,"pct_educ_superior":9,"brecha_educ":-4,"pct_sin_seguro":25,"pct_sus":69,"pct_seguro_privado":0,"brecha_seguro":-12,"pct_salud_publica":39,"pct_med_tradicional":7,"pct_automedicacion":10,"pct_remedios_caseros":26,"pct_viv_desocupada":5,"pct_alquiler":27,"pct_electricidad":100,"pct_sin_electricidad":0,"pct_agua_red":67,"pct_alcantarillado":33,"pct_camara_septica":0,"pct_pozo_ciego":47,"pct_sin_desague":20,"pct_gas_red":0,"pct_gas_garrafa":93,"pct_lena_guano":93,"pct_basura_formal":100,"pct_basura_quema":0,"pct_basura_informal":0,"pct_internet":60,"pct_celular":80,"pct_televisor":53}},{"type":"Feature","geometry":{"type":"Polygon","coordinates":[[[-65.64012,-16.73202],[-65.64027,-16.73238],[-65.64086,-16.73218],[-65.64075,-16.73188],[-65.64066,-16.73183],[-65.64012,-16.73202]]]},"properties":{"n":"ISINUTA","p":24,"personas_x_ha":83,"masculinidad":140,"pct_menor20":42,"pct_60mas":0,"pct_migrante":38,"dependencia_econ":118,"pct_empleados":36,"pct_cuentapropia":64,"pct_agricultura":9,"pct_comercio":45,"pct_manufactura":0,"pct_construccion":18,"pct_transporte":9,"pct_alojamiento":9,"pct_sin_educacion":7,"pct_educ_superior":21,"brecha_educ":-29,"pct_sin_seguro":0,"pct_sus":100,"pct_seguro_privado":0,"brecha_seguro":0,"pct_salud_publica":81,"pct_med_tradicional":0,"pct_automedicacion":0,"pct_remedios_caseros":15,"pct_viv_desocupada":0,"pct_alquiler":0,"pct_electricidad":100,"pct_sin_electricidad":0,"pct_agua_red":100,"pct_alcantarillado":75,"pct_camara_septica":12,"pct_pozo_ciego":0,"pct_sin_desague":12,"pct_gas_red":0,"pct_gas_garrafa":88,"pct_lena_guano":88,"pct_basura_formal":100,"pct_basura_quema":0,"pct_basura_informal":0,"pct_internet":25,"pct_celular":62,"pct_televisor":62}},{"type":"Feature","geometry":{"type":"Polygon","coordinates":[[[-65.6407,-16.72711],[-65.64138,-16.72674],[-65.64117,-16.72642],[-65.64047,-16.72678],[-65.6407,-16.72711]]]},"properties":{"n":"ISINUTA","p":16,"personas_x_ha":44,"masculinidad":60,"pct_menor20":44,"pct_60mas":6,"pct_migrante":62,"dependencia_econ":275,"pct_empleados":25,"pct_cuentapropia":50,"pct_agricultura":75,"pct_comercio":25,"pct_manufactura":0,"pct_construccion":0,"pct_transporte":0,"pct_alojamiento":0,"pct_sin_educacion":12,"pct_educ_superior":12,"brecha_educ":0,"pct_sin_seguro":13,"pct_sus":87,"pct_seguro_privado":0,"brecha_seguro":6,"pct_salud_publica":44,"pct_med_tradicional":0,"pct_automedicacion":15,"pct_remedios_caseros":26,"pct_viv_desocupada":0,"pct_alquiler":14,"pct_electricidad":100,"pct_sin_electricidad":0,"pct_agua_red":43,"pct_alcantarillado":14,"pct_camara_septica":14,"pct_pozo_ciego":43,"pct_sin_desague":29,"pct_gas_red":0,"pct_gas_garrafa":71,"pct_lena_guano":71,"pct_basura_formal":100,"pct_basura_quema":0,"pct_basura_informal":0,"pct_internet":57,"pct_celular":71,"pct_televisor":14}},{"type":"Feature","geometry":{"type":"Polygon","coordinates":[[[-65.64183,-16.72889],[-65.64226,-16.72952],[-65.64294,-16.72911],[-65.64248,-16.72842],[-65.64187,-16.72877],[-65.64183,-16.72889]]]},"properties":{"n":"ISINUTA","p":41,"personas_x_ha":52,"masculinidad":105,"pct_menor20":61,"pct_60mas":0,"pct_migrante":37,"dependencia_econ":116,"pct_empleados":32,"pct_cuentapropia":37,"pct_agricultura":58,"pct_comercio":16,"pct_manufactura":5,"pct_construccion":0,"pct_transporte":0,"pct_alojamiento":5,"pct_sin_educacion":6,"pct_educ_superior":12,"brecha_educ":-32,"pct_sin_seguro":5,"pct_sus":95,"pct_seguro_privado":0,"brecha_seguro":-1,"pct_salud_publica":29,"pct_med_tradicional":4,"pct_automedicacion":24,"pct_remedios_caseros":22,"pct_viv_desocupada":6,"pct_alquiler":9,"pct_electricidad":100,"pct_sin_electricidad":0,"pct_agua_red":91,"pct_alcantarillado":0,"pct_camara_septica":18,"pct_pozo_ciego":82,"pct_sin_desague":0,"pct_gas_red":0,"pct_gas_garrafa":100,"pct_lena_guano":100,"pct_basura_formal":100,"pct_basura_quema":0,"pct_basura_informal":0,"pct_internet":91,"pct_celular":91,"pct_televisor":64}},{"type":"Feature","geometry":{"type":"Polygon","coordinates":[[[-65.64572,-16.73243],[-65.64393,-16.73309],[-65.64363,-16.73251],[-65.64541,-16.73185],[-65.64572,-16.73243]]]},"properties":{"n":"ISINUTA","p":32,"personas_x_ha":20,"masculinidad":129,"pct_menor20":47,"pct_60mas":9,"pct_migrante":44,"dependencia_econ":129,"pct_empleados":7,"pct_cuentapropia":86,"pct_agricultura":43,"pct_comercio":50,"pct_manufactura":0,"pct_construccion":0,"pct_transporte":0,"pct_alojamiento":7,"pct_sin_educacion":12,"pct_educ_superior":18,"brecha_educ":-15,"pct_sin_seguro":3,"pct_sus":97,"pct_seguro_privado":0,"brecha_seguro":6,"pct_salud_publica":30,"pct_med_tradicional":11,"pct_automedicacion":26,"pct_remedios_caseros":23,"pct_viv_desocupada":0,"pct_alquiler":0,"pct_electricidad":100,"pct_sin_electricidad":0,"pct_agua_red":82,"pct_alcantarillado":73,"pct_camara_septica":9,"pct_pozo_ciego":18,"pct_sin_desague":0,"pct_gas_red":0,"pct_gas_garrafa":100,"pct_lena_guano":100,"pct_basura_formal":91,"pct_basura_quema":9,"pct_basura_informal":0,"pct_internet":64,"pct_celular":73,"pct_televisor":82}},{"type":"Feature","geometry":{"type":"Polygon","coordinates":[[[-65.64125,-16.73004],[-65.64149,-16.73071],[-65.64256,-16.73029],[-65.64221,-16.72969],[-65.64125,-16.73004]]]},"properties":{"n":"ISINUTA","p":24,"personas_x_ha":26,"masculinidad":85,"pct_menor20":58,"pct_60mas":0,"pct_migrante":29,"dependencia_econ":140,"pct_empleados":10,"pct_cuentapropia":70,"pct_agricultura":40,"pct_comercio":20,"pct_manufactura":10,"pct_construccion":0,"pct_transporte":10,"pct_alojamiento":0,"pct_sin_educacion":0,"pct_educ_superior":27,"brecha_educ":0,"pct_sin_seguro":4,"pct_sus":65,"pct_seguro_privado":0,"brecha_seguro":9,"pct_salud_publica":48,"pct_med_tradicional":7,"pct_automedicacion":23,"pct_remedios_caseros":11,"pct_viv_desocupada":0,"pct_alquiler":25,"pct_electricidad":75,"pct_sin_electricidad":12,"pct_agua_red":12,"pct_alcantarillado":0,"pct_camara_septica":50,"pct_pozo_ciego":50,"pct_sin_desague":0,"pct_gas_red":0,"pct_gas_garrafa":100,"pct_lena_guano":100,"pct_basura_formal":100,"pct_basura_quema":0,"pct_basura_informal":0,"pct_internet":88,"pct_celular":100,"pct_televisor":75}},{"type":"Feature","geometry":{"type":"Polygon","coordinates":[[[-65.64099,-16.73222],[-65.64127,-16.73292],[-65.64205,-16.73264],[-65.64177,-16.73194],[-65.64099,-16.73222]]]},"properties":{"n":"ISINUTA","p":37,"personas_x_ha":46,"masculinidad":85,"pct_menor20":24,"pct_60mas":3,"pct_migrante":57,"dependencia_econ":29,"pct_empleados":0,"pct_cuentapropia":71,"pct_agricultura":18,"pct_comercio":61,"pct_manufactura":0,"pct_construccion":4,"pct_transporte":4,"pct_alojamiento":4,"pct_sin_educacion":0,"pct_educ_superior":30,"brecha_educ":6,"pct_sin_seguro":33,"pct_sus":64,"pct_seguro_privado":3,"brecha_seguro":4,"pct_salud_publica":24,"pct_med_tradicional":14,"pct_automedicacion":18,"pct_remedios_caseros":22,"pct_viv_desocupada":25,"pct_alquiler":6,"pct_electricidad":100,"pct_sin_electricidad":0,"pct_agua_red":65,"pct_alcantarillado":71,"pct_camara_septica":0,"pct_pozo_ciego":0,"pct_sin_desague":29,"pct_gas_red":0,"pct_gas_garrafa":94,"pct_lena_guano":94,"pct_basura_formal":100,"pct_basura_quema":0,"pct_basura_informal":0,"pct_internet":94,"pct_celular":94,"pct_televisor":71}},{"type":"Feature","geometry":{"type":"Polygon","coordinates":[[[-65.63588,-16.73113],[-65.63715,-16.73301],[-65.63642,-16.73335],[-65.63527,-16.73156],[-65.63588,-16.73113]]]},"properties":{"n":"ISINUTA","p":22,"personas_x_ha":11,"masculinidad":175,"pct_menor20":45,"pct_60mas":14,"pct_migrante":41,"dependencia_econ":214,"pct_empleados":14,"pct_cuentapropia":71,"pct_agricultura":0,"pct_comercio":43,"pct_manufactura":0,"pct_construccion":0,"pct_transporte":29,"pct_alojamiento":0,"pct_sin_educacion":0,"pct_educ_superior":23,"brecha_educ":-28,"pct_sin_seguro":36,"pct_sus":55,"pct_seguro_privado":0,"brecha_seguro":-2,"pct_salud_publica":33,"pct_med_tradicional":8,"pct_automedicacion":41,"pct_remedios_caseros":10,"pct_viv_desocupada":0,"pct_alquiler":11,"pct_electricidad":100,"pct_sin_electricidad":0,"pct_agua_red":78,"pct_alcantarillado":11,"pct_camara_septica":56,"pct_pozo_ciego":22,"pct_sin_desague":11,"pct_gas_red":0,"pct_gas_garrafa":100,"pct_lena_guano":100,"pct_basura_formal":56,"pct_basura_quema":44,"pct_basura_informal":0,"pct_internet":78,"pct_celular":89,"pct_televisor":78}},{"type":"Feature","geometry":{"type":"Polygon","coordinates":[[[-65.64214,-16.7316],[-65.64219,-16.73171],[-65.64277,-16.73152],[-65.64273,-16.7314],[-65.64214,-16.7316]]]},"properties":{"n":"ISINUTA","p":30,"personas_x_ha":334,"masculinidad":131,"pct_menor20":63,"pct_60mas":3,"pct_migrante":30,"dependencia_econ":150,"pct_empleados":42,"pct_cuentapropia":58,"pct_agricultura":42,"pct_comercio":25,"pct_manufactura":0,"pct_construccion":0,"pct_transporte":8,"pct_alojamiento":8,"pct_sin_educacion":17,"pct_educ_superior":17,"brecha_educ":0,"pct_sin_seguro":0,"pct_sus":100,"pct_seguro_privado":0,"brecha_seguro":0,"pct_salud_publica":33,"pct_med_tradicional":15,"pct_automedicacion":33,"pct_remedios_caseros":13,"pct_viv_desocupada":7,"pct_alquiler":20,"pct_electricidad":90,"pct_sin_electricidad":10,"pct_agua_red":90,"pct_alcantarillado":40,"pct_camara_septica":0,"pct_pozo_ciego":0,"pct_sin_desague":60,"pct_gas_red":0,"pct_gas_garrafa":100,"pct_lena_guano":100,"pct_basura_formal":100,"pct_basura_quema":0,"pct_basura_informal":0,"pct_internet":80,"pct_celular":90,"pct_televisor":50}},{"type":"Feature","geometry":{"type":"Polygon","coordinates":[[[-65.64029,-16.7286],[-65.6412,-16.72991],[-65.64211,-16.72957],[-65.64116,-16.72809],[-65.64029,-16.7286]]]},"properties":{"n":"ISINUTA","p":16,"personas_x_ha":8,"masculinidad":60,"pct_menor20":56,"pct_60mas":0,"pct_migrante":12,"dependencia_econ":167,"pct_empleados":0,"pct_cuentapropia":83,"pct_agricultura":33,"pct_comercio":50,"pct_manufactura":0,"pct_construccion":0,"pct_transporte":0,"pct_alojamiento":0,"pct_sin_educacion":0,"pct_educ_superior":29,"brecha_educ":0,"pct_sin_seguro":38,"pct_sus":62,"pct_seguro_privado":0,"brecha_seguro":-33,"pct_salud_publica":36,"pct_med_tradicional":7,"pct_automedicacion":20,"pct_remedios_caseros":29,"pct_viv_desocupada":0,"pct_alquiler":14,"pct_electricidad":86,"pct_sin_electricidad":14,"pct_agua_red":43,"pct_alcantarillado":57,"pct_camara_septica":14,"pct_pozo_ciego":29,"pct_sin_desague":0,"pct_gas_red":0,"pct_gas_garrafa":100,"pct_lena_guano":100,"pct_basura_formal":86,"pct_basura_quema":14,"pct_basura_informal":0,"pct_internet":71,"pct_celular":86,"pct_televisor":57}},{"type":"Feature","geometry":{"type":"Polygon","coordinates":[[[-65.63489,-16.73562],[-65.63429,-16.73581],[-65.63464,-16.73665],[-65.63522,-16.73645],[-65.63489,-16.73562]]]},"properties":{"n":"ISINUTA","p":35,"personas_x_ha":51,"masculinidad":67,"pct_menor20":57,"pct_60mas":6,"pct_migrante":54,"dependencia_econ":106,"pct_empleados":6,"pct_cuentapropia":71,"pct_agricultura":82,"pct_comercio":6,"pct_manufactura":6,"pct_construccion":6,"pct_transporte":0,"pct_alojamiento":0,"pct_sin_educacion":24,"pct_educ_superior":12,"brecha_educ":-14,"pct_sin_seguro":3,"pct_sus":97,"pct_seguro_privado":0,"brecha_seguro":7,"pct_salud_publica":29,"pct_med_tradicional":19,"pct_automedicacion":11,"pct_remedios_caseros":22,"pct_viv_desocupada":0,"pct_alquiler":0,"pct_electricidad":100,"pct_sin_electricidad":0,"pct_agua_red":56,"pct_alcantarillado":11,"pct_camara_septica":0,"pct_pozo_ciego":78,"pct_sin_desague":0,"pct_gas_red":0,"pct_gas_garrafa":89,"pct_lena_guano":89,"pct_basura_formal":78,"pct_basura_quema":11,"pct_basura_informal":0,"pct_internet":89,"pct_celular":89,"pct_televisor":67}},{"type":"Feature","geometry":{"type":"Polygon","coordinates":[[[-65.64174,-16.73186],[-65.64162,-16.73154],[-65.64082,-16.73184],[-65.64098,-16.73213],[-65.64174,-16.73186]]]},"properties":{"n":"ISINUTA","p":21,"personas_x_ha":56,"masculinidad":75,"pct_menor20":43,"pct_60mas":14,"pct_migrante":57,"dependencia_econ":91,"pct_empleados":0,"pct_cuentapropia":91,"pct_agricultura":45,"pct_comercio":0,"pct_manufactura":0,"pct_construccion":0,"pct_transporte":9,"pct_alojamiento":36,"pct_sin_educacion":0,"pct_educ_superior":8,"brecha_educ":12,"pct_sin_seguro":14,"pct_sus":86,"pct_seguro_privado":0,"brecha_seguro":14,"pct_salud_publica":31,"pct_med_tradicional":7,"pct_automedicacion":29,"pct_remedios_caseros":16,"pct_viv_desocupada":12,"pct_alquiler":14,"pct_electricidad":100,"pct_sin_electricidad":0,"pct_agua_red":71,"pct_alcantarillado":100,"pct_camara_septica":0,"pct_pozo_ciego":0,"pct_sin_desague":0,"pct_gas_red":0,"pct_gas_garrafa":100,"pct_lena_guano":100,"pct_basura_formal":100,"pct_basura_quema":0,"pct_basura_informal":0,"pct_internet":71,"pct_celular":100,"pct_televisor":57}},{"type":"Feature","geometry":{"type":"Polygon","coordinates":[[[-65.6353,-16.73391],[-65.63443,-16.73423],[-65.63488,-16.73533],[-65.63579,-16.73498],[-65.6353,-16.73391]]]},"properties":{"n":"ISINUTA","p":27,"personas_x_ha":20,"masculinidad":200,"pct_menor20":44,"pct_60mas":0,"pct_migrante":52,"dependencia_econ":125,"pct_empleados":33,"pct_cuentapropia":67,"pct_agricultura":25,"pct_comercio":8,"pct_manufactura":17,"pct_construccion":25,"pct_transporte":0,"pct_alojamiento":8,"pct_sin_educacion":7,"pct_educ_superior":13,"brecha_educ":17,"pct_sin_seguro":8,"pct_sus":92,"pct_seguro_privado":0,"brecha_seguro":12,"pct_salud_publica":34,"pct_med_tradicional":7,"pct_automedicacion":15,"pct_remedios_caseros":20,"pct_viv_desocupada":0,"pct_alquiler":22,"pct_electricidad":89,"pct_sin_electricidad":11,"pct_agua_red":11,"pct_alcantarillado":22,"pct_camara_septica":0,"pct_pozo_ciego":78,"pct_sin_desague":0,"pct_gas_red":0,"pct_gas_garrafa":100,"pct_lena_guano":100,"pct_basura_formal":78,"pct_basura_quema":22,"pct_basura_informal":0,"pct_internet":78,"pct_celular":67,"pct_televisor":33}},{"type":"Feature","geometry":{"type":"Polygon","coordinates":[[[-65.6445,-16.73302],[-65.64476,-16.73346],[-65.64547,-16.73312],[-65.64527,-16.73272],[-65.6445,-16.73302]]]},"properties":{"n":"ISINUTA","p":15,"personas_x_ha":33,"masculinidad":400,"pct_menor20":53,"pct_60mas":0,"pct_migrante":33,"dependencia_econ":114,"pct_empleados":0,"pct_cuentapropia":71,"pct_agricultura":29,"pct_comercio":29,"pct_manufactura":14,"pct_construccion":0,"pct_transporte":0,"pct_alojamiento":0,"pct_sin_educacion":0,"pct_educ_superior":14,"brecha_educ":25,"pct_sin_seguro":0,"pct_sus":100,"pct_seguro_privado":0,"brecha_seguro":0,"pct_salud_publica":26,"pct_med_tradicional":17,"pct_automedicacion":19,"pct_remedios_caseros":23,"pct_viv_desocupada":0,"pct_alquiler":17,"pct_electricidad":100,"pct_sin_electricidad":0,"pct_agua_red":67,"pct_alcantarillado":33,"pct_camara_septica":50,"pct_pozo_ciego":0,"pct_sin_desague":17,"pct_gas_red":0,"pct_gas_garrafa":100,"pct_lena_guano":100,"pct_basura_formal":100,"pct_basura_quema":0,"pct_basura_informal":0,"pct_internet":50,"pct_celular":67,"pct_televisor":50}},{"type":"Feature","geometry":{"type":"Polygon","coordinates":[[[-65.63969,-16.73343],[-65.63975,-16.73327],[-65.63919,-16.7324],[-65.63841,-16.73266],[-65.63895,-16.73365],[-65.63969,-16.73343]]]},"properties":{"n":"ISINUTA","p":19,"personas_x_ha":16,"masculinidad":138,"pct_menor20":16,"pct_60mas":5,"pct_migrante":53,"dependencia_econ":19,"pct_empleados":12,"pct_cuentapropia":75,"pct_agricultura":31,"pct_comercio":31,"pct_manufactura":6,"pct_construccion":0,"pct_transporte":0,"pct_alojamiento":6,"pct_sin_educacion":0,"pct_educ_superior":25,"brecha_educ":-17,"pct_sin_seguro":5,"pct_sus":74,"pct_seguro_privado":0,"brecha_seguro":9,"pct_salud_publica":56,"pct_med_tradicional":0,"pct_automedicacion":16,"pct_remedios_caseros":12,"pct_viv_desocupada":14,"pct_alquiler":0,"pct_electricidad":100,"pct_sin_electricidad":0,"pct_agua_red":27,"pct_alcantarillado":55,"pct_camara_septica":27,"pct_pozo_ciego":9,"pct_sin_desague":0,"pct_gas_red":0,"pct_gas_garrafa":100,"pct_lena_guano":100,"pct_basura_formal":100,"pct_basura_quema":0,"pct_basura_informal":0,"pct_internet":9,"pct_celular":100,"pct_televisor":64}},{"type":"Feature","geometry":{"type":"Polygon","coordinates":[[[-65.63723,-16.73543],[-65.63695,-16.73464],[-65.63595,-16.73511],[-65.63635,-16.73602],[-65.63723,-16.73543]]]},"properties":{"n":"ISINUTA","p":38,"personas_x_ha":33,"masculinidad":153,"pct_menor20":50,"pct_60mas":5,"pct_migrante":66,"dependencia_econ":94,"pct_empleados":22,"pct_cuentapropia":72,"pct_agricultura":44,"pct_comercio":11,"pct_manufactura":22,"pct_construccion":0,"pct_transporte":0,"pct_alojamiento":0,"pct_sin_educacion":28,"pct_educ_superior":0,"brecha_educ":-3,"pct_sin_seguro":23,"pct_sus":77,"pct_seguro_privado":0,"brecha_seguro":-10,"pct_salud_publica":32,"pct_med_tradicional":15,"pct_automedicacion":28,"pct_remedios_caseros":14,"pct_viv_desocupada":0,"pct_alquiler":40,"pct_electricidad":100,"pct_sin_electricidad":0,"pct_agua_red":100,"pct_alcantarillado":10,"pct_camara_septica":10,"pct_pozo_ciego":40,"pct_sin_desague":30,"pct_gas_red":0,"pct_gas_garrafa":100,"pct_lena_guano":100,"pct_basura_formal":80,"pct_basura_quema":20,"pct_basura_informal":0,"pct_internet":80,"pct_celular":90,"pct_televisor":50}},{"type":"Feature","geometry":{"type":"Polygon","coordinates":[[[-65.63885,-16.72975],[-65.63949,-16.7295],[-65.63855,-16.72796],[-65.63783,-16.72832],[-65.63885,-16.72975]]]},"properties":{"n":"ISINUTA","p":21,"personas_x_ha":13,"masculinidad":162,"pct_menor20":52,"pct_60mas":0,"pct_migrante":57,"dependencia_econ":250,"pct_empleados":33,"pct_cuentapropia":67,"pct_agricultura":83,"pct_comercio":0,"pct_manufactura":17,"pct_construccion":0,"pct_transporte":0,"pct_alojamiento":0,"pct_sin_educacion":0,"pct_educ_superior":0,"brecha_educ":-52,"pct_sin_seguro":5,"pct_sus":95,"pct_seguro_privado":0,"brecha_seguro":8,"pct_salud_publica":49,"pct_med_tradicional":5,"pct_automedicacion":22,"pct_remedios_caseros":22,"pct_viv_desocupada":29,"pct_alquiler":0,"pct_electricidad":80,"pct_sin_electricidad":20,"pct_agua_red":100,"pct_alcantarillado":0,"pct_camara_septica":0,"pct_pozo_ciego":80,"pct_sin_desague":20,"pct_gas_red":0,"pct_gas_garrafa":100,"pct_lena_guano":100,"pct_basura_formal":60,"pct_basura_quema":40,"pct_basura_informal":0,"pct_internet":100,"pct_celular":100,"pct_televisor":60}},{"type":"Feature","geometry":{"type":"Polygon","coordinates":[[[-65.64185,-16.73191],[-65.64217,-16.7318],[-65.64226,-16.73202],[-65.64193,-16.73213],[-65.64185,-16.73191]]]},"properties":{"n":"ISINUTA","p":18,"personas_x_ha":188,"masculinidad":80,"pct_menor20":39,"pct_60mas":6,"pct_migrante":50,"dependencia_econ":80,"pct_empleados":10,"pct_cuentapropia":70,"pct_agricultura":10,"pct_comercio":50,"pct_manufactura":10,"pct_construccion":10,"pct_transporte":0,"pct_alojamiento":10,"pct_sin_educacion":9,"pct_educ_superior":27,"brecha_educ":13,"pct_sin_seguro":22,"pct_sus":72,"pct_seguro_privado":0,"brecha_seguro":5,"pct_salud_publica":26,"pct_med_tradicional":18,"pct_automedicacion":21,"pct_remedios_caseros":23,"pct_viv_desocupada":25,"pct_alquiler":20,"pct_electricidad":80,"pct_sin_electricidad":20,"pct_agua_red":90,"pct_alcantarillado":40,"pct_camara_septica":0,"pct_pozo_ciego":0,"pct_sin_desague":60,"pct_gas_red":0,"pct_gas_garrafa":90,"pct_lena_guano":90,"pct_basura_formal":100,"pct_basura_quema":0,"pct_basura_informal":0,"pct_internet":70,"pct_celular":90,"pct_televisor":60}},{"type":"Feature","geometry":{"type":"Polygon","coordinates":[[[-65.63275,-16.73492],[-65.63291,-16.73522],[-65.63323,-16.73521],[-65.63347,-16.73579],[-65.63402,-16.73559],[-65.63362,-16.73456],[-65.63275,-16.73492]]]},"properties":{"n":"ISINUTA","p":124,"personas_x_ha":134,"masculinidad":195,"pct_menor20":31,"pct_60mas":3,"pct_migrante":67,"dependencia_econ":31,"pct_empleados":10,"pct_cuentapropia":75,"pct_agricultura":77,"pct_comercio":11,"pct_manufactura":1,"pct_construccion":5,"pct_transporte":1,"pct_alojamiento":1,"pct_sin_educacion":3,"pct_educ_superior":6,"brecha_educ":-24,"pct_sin_seguro":15,"pct_sus":85,"pct_seguro_privado":0,"brecha_seguro":-1,"pct_salud_publica":59,"pct_med_tradicional":8,"pct_automedicacion":10,"pct_remedios_caseros":15,"pct_viv_desocupada":7,"pct_alquiler":0,"pct_electricidad":91,"pct_sin_electricidad":9,"pct_agua_red":73,"pct_alcantarillado":18,"pct_camara_septica":0,"pct_pozo_ciego":73,"pct_sin_desague":9,"pct_gas_red":0,"pct_gas_garrafa":73,"pct_lena_guano":73,"pct_basura_formal":73,"pct_basura_quema":18,"pct_basura_informal":0,"pct_internet":73,"pct_celular":82,"pct_televisor":55}},{"type":"Feature","geometry":{"type":"Polygon","coordinates":[[[-65.64077,-16.73169],[-65.64157,-16.73144],[-65.64138,-16.73088],[-65.64057,-16.73115],[-65.64077,-16.73169]]]},"properties":{"n":"ISINUTA","p":33,"personas_x_ha":55,"masculinidad":50,"pct_menor20":39,"pct_60mas":12,"pct_migrante":39,"dependencia_econ":83,"pct_empleados":0,"pct_cuentapropia":56,"pct_agricultura":33,"pct_comercio":28,"pct_manufactura":0,"pct_construccion":11,"pct_transporte":6,"pct_alojamiento":11,"pct_sin_educacion":5,"pct_educ_superior":20,"brecha_educ":-38,"pct_sin_seguro":18,"pct_sus":82,"pct_seguro_privado":0,"brecha_seguro":3,"pct_salud_publica":41,"pct_med_tradicional":13,"pct_automedicacion":17,"pct_remedios_caseros":20,"pct_viv_desocupada":0,"pct_alquiler":8,"pct_electricidad":100,"pct_sin_electricidad":0,"pct_agua_red":92,"pct_alcantarillado":67,"pct_camara_septica":8,"pct_pozo_ciego":17,"pct_sin_desague":8,"pct_gas_red":0,"pct_gas_garrafa":100,"pct_lena_guano":100,"pct_basura_formal":100,"pct_basura_quema":0,"pct_basura_informal":0,"pct_internet":75,"pct_celular":83,"pct_televisor":58}},{"type":"Feature","geometry":{"type":"Polygon","coordinates":[[[-65.64214,-16.73171],[-65.6421,-16.73162],[-65.64179,-16.73173],[-65.64183,-16.73183],[-65.64214,-16.73171]]]},"properties":{"n":"ISINUTA","p":16,"personas_x_ha":395,"masculinidad":167,"pct_menor20":31,"pct_60mas":0,"pct_migrante":50,"dependencia_econ":23,"pct_empleados":15,"pct_cuentapropia":85,"pct_agricultura":46,"pct_comercio":31,"pct_manufactura":0,"pct_construccion":8,"pct_transporte":8,"pct_alojamiento":8,"pct_sin_educacion":9,"pct_educ_superior":27,"brecha_educ":-23,"pct_sin_seguro":12,"pct_sus":88,"pct_seguro_privado":0,"brecha_seguro":-7,"pct_salud_publica":35,"pct_med_tradicional":5,"pct_automedicacion":30,"pct_remedios_caseros":23,"pct_viv_desocupada":0,"pct_alquiler":11,"pct_electricidad":89,"pct_sin_electricidad":11,"pct_agua_red":89,"pct_alcantarillado":22,"pct_camara_septica":0,"pct_pozo_ciego":0,"pct_sin_desague":78,"pct_gas_red":0,"pct_gas_garrafa":100,"pct_lena_guano":100,"pct_basura_formal":100,"pct_basura_quema":0,"pct_basura_informal":0,"pct_internet":78,"pct_celular":89,"pct_televisor":33}},{"type":"Feature","geometry":{"type":"Polygon","coordinates":[[[-65.64151,-16.73386],[-65.64124,-16.73318],[-65.64008,-16.73356],[-65.64045,-16.73428],[-65.64151,-16.73386]]]},"properties":{"n":"ISINUTA","p":18,"personas_x_ha":17,"masculinidad":50,"pct_menor20":22,"pct_60mas":0,"pct_migrante":67,"dependencia_econ":12,"pct_empleados":25,"pct_cuentapropia":56,"pct_agricultura":12,"pct_comercio":50,"pct_manufactura":0,"pct_construccion":0,"pct_transporte":6,"pct_alojamiento":6,"pct_sin_educacion":0,"pct_educ_superior":43,"brecha_educ":-20,"pct_sin_seguro":18,"pct_sus":82,"pct_seguro_privado":0,"brecha_seguro":24,"pct_salud_publica":27,"pct_med_tradicional":8,"pct_automedicacion":14,"pct_remedios_caseros":16,"pct_viv_desocupada":0,"pct_alquiler":11,"pct_electricidad":100,"pct_sin_electricidad":0,"pct_agua_red":33,"pct_alcantarillado":100,"pct_camara_septica":0,"pct_pozo_ciego":0,"pct_sin_desague":0,"pct_gas_red":0,"pct_gas_garrafa":100,"pct_lena_guano":100,"pct_basura_formal":100,"pct_basura_quema":0,"pct_basura_informal":0,"pct_internet":56,"pct_celular":67,"pct_televisor":33}},{"type":"Feature","geometry":{"type":"Polygon","coordinates":[[[-65.6436,-16.7332],[-65.6428,-16.73347],[-65.64252,-16.73286],[-65.64329,-16.73258],[-65.6436,-16.7332]]]},"properties":{"n":"ISINUTA","p":30,"personas_x_ha":45,"masculinidad":150,"pct_menor20":27,"pct_60mas":10,"pct_migrante":70,"dependencia_econ":67,"pct_empleados":22,"pct_cuentapropia":61,"pct_agricultura":28,"pct_comercio":17,"pct_manufactura":0,"pct_construccion":22,"pct_transporte":11,"pct_alojamiento":0,"pct_sin_educacion":23,"pct_educ_superior":27,"brecha_educ":-28,"pct_sin_seguro":13,"pct_sus":87,"pct_seguro_privado":0,"brecha_seguro":-6,"pct_salud_publica":36,"pct_med_tradicional":11,"pct_automedicacion":20,"pct_remedios_caseros":17,"pct_viv_desocupada":0,"pct_alquiler":33,"pct_electricidad":100,"pct_sin_electricidad":0,"pct_agua_red":56,"pct_alcantarillado":89,"pct_camara_septica":0,"pct_pozo_ciego":0,"pct_sin_desague":11,"pct_gas_red":0,"pct_gas_garrafa":78,"pct_lena_guano":78,"pct_basura_formal":89,"pct_basura_quema":0,"pct_basura_informal":0,"pct_internet":100,"pct_celular":100,"pct_televisor":56}},{"type":"Feature","geometry":{"type":"Polygon","coordinates":[[[-65.64173,-16.72869],[-65.64239,-16.72834],[-65.64197,-16.72765],[-65.64133,-16.72801],[-65.64173,-16.72869]]]},"properties":{"n":"ISINUTA","p":44,"personas_x_ha":59,"masculinidad":144,"pct_menor20":57,"pct_60mas":2,"pct_migrante":61,"dependencia_econ":207,"pct_empleados":29,"pct_cuentapropia":57,"pct_agricultura":57,"pct_comercio":14,"pct_manufactura":0,"pct_construccion":0,"pct_transporte":0,"pct_alojamiento":21,"pct_sin_educacion":5,"pct_educ_superior":5,"brecha_educ":-20,"pct_sin_seguro":7,"pct_sus":93,"pct_seguro_privado":0,"brecha_seguro":2,"pct_salud_publica":32,"pct_med_tradicional":3,"pct_automedicacion":27,"pct_remedios_caseros":31,"pct_viv_desocupada":7,"pct_alquiler":0,"pct_electricidad":100,"pct_sin_electricidad":0,"pct_agua_red":100,"pct_alcantarillado":0,"pct_camara_septica":77,"pct_pozo_ciego":15,"pct_sin_desague":8,"pct_gas_red":0,"pct_gas_garrafa":100,"pct_lena_guano":100,"pct_basura_formal":100,"pct_basura_quema":0,"pct_basura_informal":0,"pct_internet":85,"pct_celular":92,"pct_televisor":62}},{"type":"Feature","geometry":{"type":"Polygon","coordinates":[[[-65.63877,-16.73357],[-65.6383,-16.73267],[-65.63744,-16.73304],[-65.63795,-16.73387],[-65.63877,-16.73357]]]},"properties":{"n":"ISINUTA","p":27,"personas_x_ha":25,"masculinidad":93,"pct_menor20":33,"pct_60mas":4,"pct_migrante":70,"dependencia_econ":42,"pct_empleados":47,"pct_cuentapropia":5,"pct_agricultura":26,"pct_comercio":42,"pct_manufactura":26,"pct_construccion":0,"pct_transporte":0,"pct_alojamiento":5,"pct_sin_educacion":11,"pct_educ_superior":6,"brecha_educ":-12,"pct_sin_seguro":8,"pct_sus":92,"pct_seguro_privado":0,"brecha_seguro":15,"pct_salud_publica":25,"pct_med_tradicional":9,"pct_automedicacion":19,"pct_remedios_caseros":22,"pct_viv_desocupada":0,"pct_alquiler":12,"pct_electricidad":100,"pct_sin_electricidad":0,"pct_agua_red":25,"pct_alcantarillado":38,"pct_camara_septica":0,"pct_pozo_ciego":62,"pct_sin_desague":0,"pct_gas_red":0,"pct_gas_garrafa":88,"pct_lena_guano":88,"pct_basura_formal":100,"pct_basura_quema":0,"pct_basura_informal":0,"pct_internet":62,"pct_celular":88,"pct_televisor":50}},{"type":"Feature","geometry":{"type":"Polygon","coordinates":[[[-65.64348,-16.73133],[-65.64288,-16.73158],[-65.64318,-16.73231],[-65.64463,-16.73182],[-65.64359,-16.73012],[-65.64276,-16.73039],[-65.64348,-16.73133]]]},"properties":{"n":"ISINUTA","p":51,"personas_x_ha":20,"masculinidad":65,"pct_menor20":45,"pct_60mas":8,"pct_migrante":49,"dependencia_econ":122,"pct_empleados":26,"pct_cuentapropia":52,"pct_agricultura":13,"pct_comercio":39,"pct_manufactura":0,"pct_construccion":0,"pct_transporte":4,"pct_alojamiento":13,"pct_sin_educacion":7,"pct_educ_superior":32,"brecha_educ":-11,"pct_sin_seguro":6,"pct_sus":72,"pct_seguro_privado":0,"brecha_seguro":7,"pct_salud_publica":47,"pct_med_tradicional":7,"pct_automedicacion":14,"pct_remedios_caseros":14,"pct_viv_desocupada":6,"pct_alquiler":16,"pct_electricidad":100,"pct_sin_electricidad":0,"pct_agua_red":100,"pct_alcantarillado":84,"pct_camara_septica":5,"pct_pozo_ciego":5,"pct_sin_desague":5,"pct_gas_red":0,"pct_gas_garrafa":95,"pct_lena_guano":95,"pct_basura_formal":100,"pct_basura_quema":0,"pct_basura_informal":0,"pct_internet":68,"pct_celular":84,"pct_televisor":58}},{"type":"Feature","geometry":{"type":"Polygon","coordinates":[[[-65.64154,-16.73367],[-65.64134,-16.7332],[-65.64245,-16.73283],[-65.64271,-16.73347],[-65.64216,-16.73367],[-65.64208,-16.73347],[-65.64154,-16.73367]]]},"properties":{"n":"ISINUTA","p":44,"personas_x_ha":53,"masculinidad":110,"pct_menor20":45,"pct_60mas":11,"pct_migrante":68,"dependencia_econ":132,"pct_empleados":26,"pct_cuentapropia":53,"pct_agricultura":37,"pct_comercio":21,"pct_manufactura":0,"pct_construccion":0,"pct_transporte":0,"pct_alojamiento":26,"pct_sin_educacion":4,"pct_educ_superior":25,"brecha_educ":-12,"pct_sin_seguro":11,"pct_sus":89,"pct_seguro_privado":0,"brecha_seguro":4,"pct_salud_publica":31,"pct_med_tradicional":4,"pct_automedicacion":31,"pct_remedios_caseros":25,"pct_viv_desocupada":0,"pct_alquiler":46,"pct_electricidad":100,"pct_sin_electricidad":0,"pct_agua_red":69,"pct_alcantarillado":77,"pct_camara_septica":8,"pct_pozo_ciego":15,"pct_sin_desague":0,"pct_gas_red":0,"pct_gas_garrafa":100,"pct_lena_guano":100,"pct_basura_formal":92,"pct_basura_quema":8,"pct_basura_informal":0,"pct_internet":77,"pct_celular":92,"pct_televisor":54}},{"type":"Feature","geometry":{"type":"Polygon","coordinates":[[[-65.64289,-16.73183],[-65.64194,-16.73216],[-65.64213,-16.73263],[-65.64306,-16.73234],[-65.64289,-16.73183]]]},"properties":{"n":"ISINUTA","p":48,"personas_x_ha":75,"masculinidad":92,"pct_menor20":40,"pct_60mas":12,"pct_migrante":65,"dependencia_econ":71,"pct_empleados":25,"pct_cuentapropia":64,"pct_agricultura":11,"pct_comercio":21,"pct_manufactura":11,"pct_construccion":7,"pct_transporte":11,"pct_alojamiento":29,"pct_sin_educacion":10,"pct_educ_superior":23,"brecha_educ":3,"pct_sin_seguro":7,"pct_sus":93,"pct_seguro_privado":0,"brecha_seguro":6,"pct_salud_publica":35,"pct_med_tradicional":9,"pct_automedicacion":20,"pct_remedios_caseros":22,"pct_viv_desocupada":0,"pct_alquiler":24,"pct_electricidad":100,"pct_sin_electricidad":0,"pct_agua_red":100,"pct_alcantarillado":81,"pct_camara_septica":0,"pct_pozo_ciego":0,"pct_sin_desague":19,"pct_gas_red":0,"pct_gas_garrafa":100,"pct_lena_guano":100,"pct_basura_formal":95,"pct_basura_quema":5,"pct_basura_informal":0,"pct_internet":67,"pct_celular":90,"pct_televisor":57}},{"type":"Feature","geometry":{"type":"Polygon","coordinates":[[[-65.64032,-16.73122],[-65.63893,-16.73178],[-65.63924,-16.73225],[-65.64066,-16.73177],[-65.6405,-16.73126],[-65.64032,-16.73122]]]},"properties":{"n":"ISINUTA","p":15,"personas_x_ha":14,"masculinidad":200,"pct_menor20":40,"pct_60mas":0,"pct_migrante":67,"dependencia_econ":50,"pct_empleados":0,"pct_cuentapropia":90,"pct_agricultura":10,"pct_comercio":40,"pct_manufactura":20,"pct_construccion":0,"pct_transporte":10,"pct_alojamiento":10,"pct_sin_educacion":0,"pct_educ_superior":22,"brecha_educ":-33,"pct_sin_seguro":20,"pct_sus":73,"pct_seguro_privado":7,"brecha_seguro":30,"pct_salud_publica":19,"pct_med_tradicional":0,"pct_automedicacion":37,"pct_remedios_caseros":37,"pct_viv_desocupada":0,"pct_alquiler":0,"pct_electricidad":100,"pct_sin_electricidad":0,"pct_agua_red":100,"pct_alcantarillado":50,"pct_camara_septica":17,"pct_pozo_ciego":33,"pct_sin_desague":0,"pct_gas_red":0,"pct_gas_garrafa":100,"pct_lena_guano":100,"pct_basura_formal":83,"pct_basura_quema":17,"pct_basura_informal":0,"pct_internet":100,"pct_celular":100,"pct_televisor":83}},{"type":"Feature","geometry":{"type":"Polygon","coordinates":[[[-65.64113,-16.73289],[-65.6409,-16.73228],[-65.63957,-16.73271],[-65.63996,-16.73332],[-65.64113,-16.73289]]]},"properties":{"n":"ISINUTA","p":51,"personas_x_ha":46,"masculinidad":76,"pct_menor20":55,"pct_60mas":0,"pct_migrante":45,"dependencia_econ":143,"pct_empleados":19,"pct_cuentapropia":76,"pct_agricultura":24,"pct_comercio":19,"pct_manufactura":0,"pct_construccion":0,"pct_transporte":10,"pct_alojamiento":29,"pct_sin_educacion":13,"pct_educ_superior":22,"brecha_educ":15,"pct_sin_seguro":6,"pct_sus":84,"pct_seguro_privado":0,"brecha_seguro":-3,"pct_salud_publica":33,"pct_med_tradicional":10,"pct_automedicacion":22,"pct_remedios_caseros":25,"pct_viv_desocupada":16,"pct_alquiler":31,"pct_electricidad":100,"pct_sin_electricidad":0,"pct_agua_red":88,"pct_alcantarillado":94,"pct_camara_septica":0,"pct_pozo_ciego":6,"pct_sin_desague":0,"pct_gas_red":0,"pct_gas_garrafa":94,"pct_lena_guano":94,"pct_basura_formal":100,"pct_basura_quema":0,"pct_basura_informal":0,"pct_internet":88,"pct_celular":100,"pct_televisor":62}},{"type":"Feature","geometry":{"type":"Polygon","coordinates":[[[-65.635,-16.73556],[-65.63534,-16.73641],[-65.63624,-16.73608],[-65.6359,-16.73522],[-65.635,-16.73556]]]},"properties":{"n":"ISINUTA","p":19,"personas_x_ha":18,"masculinidad":73,"pct_menor20":53,"pct_60mas":0,"pct_migrante":26,"dependencia_econ":138,"pct_empleados":50,"pct_cuentapropia":12,"pct_agricultura":75,"pct_comercio":0,"pct_manufactura":0,"pct_construccion":12,"pct_transporte":0,"pct_alojamiento":0,"pct_sin_educacion":11,"pct_educ_superior":0,"brecha_educ":-33,"pct_sin_seguro":0,"pct_sus":100,"pct_seguro_privado":0,"brecha_seguro":0,"pct_salud_publica":40,"pct_med_tradicional":0,"pct_automedicacion":29,"pct_remedios_caseros":31,"pct_viv_desocupada":0,"pct_alquiler":25,"pct_electricidad":100,"pct_sin_electricidad":0,"pct_agua_red":75,"pct_alcantarillado":12,"pct_camara_septica":38,"pct_pozo_ciego":38,"pct_sin_desague":12,"pct_gas_red":0,"pct_gas_garrafa":100,"pct_lena_guano":100,"pct_basura_formal":100,"pct_basura_quema":0,"pct_basura_informal":0,"pct_internet":100,"pct_celular":100,"pct_televisor":88}},{"type":"Feature","geometry":{"type":"Polygon","coordinates":[[[-65.64124,-16.7279],[-65.64076,-16.72719],[-65.64138,-16.72683],[-65.64147,-16.72686],[-65.6419,-16.72752],[-65.64124,-16.7279]]]},"properties":{"n":"ISINUTA","p":40,"personas_x_ha":51,"masculinidad":54,"pct_menor20":55,"pct_60mas":5,"pct_migrante":55,"dependencia_econ":150,"pct_empleados":6,"pct_cuentapropia":56,"pct_agricultura":75,"pct_comercio":0,"pct_manufactura":0,"pct_construccion":0,"pct_transporte":0,"pct_alojamiento":6,"pct_sin_educacion":11,"pct_educ_superior":17,"brecha_educ":-11,"pct_sin_seguro":25,"pct_sus":70,"pct_seguro_privado":0,"brecha_seguro":5,"pct_salud_publica":23,"pct_med_tradicional":9,"pct_automedicacion":19,"pct_remedios_caseros":20,"pct_viv_desocupada":5,"pct_alquiler":7,"pct_electricidad":86,"pct_sin_electricidad":14,"pct_agua_red":86,"pct_alcantarillado":0,"pct_camara_septica":14,"pct_pozo_ciego":71,"pct_sin_desague":14,"pct_gas_red":0,"pct_gas_garrafa":86,"pct_lena_guano":86,"pct_basura_formal":93,"pct_basura_quema":7,"pct_basura_informal":0,"pct_internet":64,"pct_celular":86,"pct_televisor":57}},{"type":"Feature","geometry":{"type":"Polygon","coordinates":[[[-65.51983,-16.58117],[-65.51863,-16.57908],[-65.51825,-16.57924],[-65.51944,-16.58132],[-65.51983,-16.58117]]]},"properties":{"n":"ISMAEL MONTES","p":27,"personas_x_ha":23,"masculinidad":108,"pct_menor20":48,"pct_60mas":15,"pct_migrante":67,"dependencia_econ":286,"pct_empleados":0,"pct_cuentapropia":71,"pct_agricultura":86,"pct_comercio":0,"pct_manufactura":0,"pct_construccion":0,"pct_transporte":0,"pct_alojamiento":0,"pct_sin_educacion":0,"pct_educ_superior":7,"brecha_educ":-30,"pct_sin_seguro":0,"pct_sus":100,"pct_seguro_privado":0,"brecha_seguro":0,"pct_salud_publica":26,"pct_med_tradicional":18,"pct_automedicacion":17,"pct_remedios_caseros":26,"pct_viv_desocupada":0,"pct_alquiler":14,"pct_electricidad":86,"pct_sin_electricidad":14,"pct_agua_red":0,"pct_alcantarillado":0,"pct_camara_septica":0,"pct_pozo_ciego":57,"pct_sin_desague":29,"pct_gas_red":0,"pct_gas_garrafa":71,"pct_lena_guano":71,"pct_basura_formal":0,"pct_basura_quema":100,"pct_basura_informal":0,"pct_internet":71,"pct_celular":86,"pct_televisor":43}},{"type":"Feature","geometry":{"type":"Polygon","coordinates":[[[-65.51884,-16.5826],[-65.51925,-16.58326],[-65.51997,-16.583],[-65.51959,-16.58234],[-65.51884,-16.5826]]]},"properties":{"n":"ISMAEL MONTES","p":31,"personas_x_ha":45,"masculinidad":138,"pct_menor20":58,"pct_60mas":6,"pct_migrante":68,"dependencia_econ":61,"pct_empleados":33,"pct_cuentapropia":50,"pct_agricultura":61,"pct_comercio":11,"pct_manufactura":0,"pct_construccion":11,"pct_transporte":0,"pct_alojamiento":6,"pct_sin_educacion":31,"pct_educ_superior":0,"brecha_educ":-5,"pct_sin_seguro":3,"pct_sus":97,"pct_seguro_privado":0,"brecha_seguro":6,"pct_salud_publica":29,"pct_med_tradicional":12,"pct_automedicacion":23,"pct_remedios_caseros":28,"pct_viv_desocupada":6,"pct_alquiler":22,"pct_electricidad":100,"pct_sin_electricidad":0,"pct_agua_red":11,"pct_alcantarillado":0,"pct_camara_septica":0,"pct_pozo_ciego":67,"pct_sin_desague":33,"pct_gas_red":0,"pct_gas_garrafa":100,"pct_lena_guano":100,"pct_basura_formal":0,"pct_basura_quema":100,"pct_basura_informal":0,"pct_internet":78,"pct_celular":78,"pct_televisor":44}},{"type":"Feature","geometry":{"type":"Polygon","coordinates":[[[-65.51764,-16.58477],[-65.51726,-16.5841],[-65.51816,-16.58376],[-65.51851,-16.5844],[-65.51764,-16.58477]]]},"properties":{"n":"ISMAEL MONTES","p":44,"personas_x_ha":52,"masculinidad":57,"pct_menor20":61,"pct_60mas":2,"pct_migrante":80,"dependencia_econ":100,"pct_empleados":14,"pct_cuentapropia":77,"pct_agricultura":86,"pct_comercio":5,"pct_manufactura":0,"pct_construccion":0,"pct_transporte":0,"pct_alojamiento":0,"pct_sin_educacion":0,"pct_educ_superior":0,"brecha_educ":16,"pct_sin_seguro":2,"pct_sus":98,"pct_seguro_privado":0,"brecha_seguro":-4,"pct_salud_publica":29,"pct_med_tradicional":11,"pct_automedicacion":24,"pct_remedios_caseros":29,"pct_viv_desocupada":12,"pct_alquiler":0,"pct_electricidad":100,"pct_sin_electricidad":0,"pct_agua_red":0,"pct_alcantarillado":0,"pct_camara_septica":0,"pct_pozo_ciego":42,"pct_sin_desague":42,"pct_gas_red":0,"pct_gas_garrafa":100,"pct_lena_guano":100,"pct_basura_formal":0,"pct_basura_quema":100,"pct_basura_informal":0,"pct_internet":92,"pct_celular":100,"pct_televisor":83}},{"type":"Feature","geometry":{"type":"Polygon","coordinates":[[[-65.51841,-16.58398],[-65.51778,-16.58301],[-65.51875,-16.58264],[-65.51932,-16.58363],[-65.51841,-16.58398]]]},"properties":{"n":"ISMAEL MONTES","p":21,"personas_x_ha":16,"masculinidad":162,"pct_menor20":43,"pct_60mas":0,"pct_migrante":86,"dependencia_econ":24,"pct_empleados":12,"pct_cuentapropia":82,"pct_agricultura":65,"pct_comercio":6,"pct_manufactura":0,"pct_construccion":0,"pct_transporte":0,"pct_alojamiento":0,"pct_sin_educacion":8,"pct_educ_superior":8,"brecha_educ":-36,"pct_sin_seguro":5,"pct_sus":90,"pct_seguro_privado":5,"brecha_seguro":8,"pct_salud_publica":20,"pct_med_tradicional":15,"pct_automedicacion":25,"pct_remedios_caseros":25,"pct_viv_desocupada":10,"pct_alquiler":14,"pct_electricidad":100,"pct_sin_electricidad":0,"pct_agua_red":0,"pct_alcantarillado":0,"pct_camara_septica":0,"pct_pozo_ciego":86,"pct_sin_desague":14,"pct_gas_red":0,"pct_gas_garrafa":71,"pct_lena_guano":71,"pct_basura_formal":0,"pct_basura_quema":100,"pct_basura_informal":0,"pct_internet":86,"pct_celular":86,"pct_televisor":57}},{"type":"Feature","geometry":{"type":"Polygon","coordinates":[[[-65.52145,-16.58342],[-65.52232,-16.58311],[-65.52187,-16.58233],[-65.521,-16.58271],[-65.52145,-16.58342]]]},"properties":{"n":"ISMAEL MONTES","p":33,"personas_x_ha":35,"masculinidad":94,"pct_menor20":39,"pct_60mas":6,"pct_migrante":88,"dependencia_econ":136,"pct_empleados":71,"pct_cuentapropia":14,"pct_agricultura":21,"pct_comercio":7,"pct_manufactura":0,"pct_construccion":0,"pct_transporte":0,"pct_alojamiento":0,"pct_sin_educacion":10,"pct_educ_superior":65,"brecha_educ":-15,"pct_sin_seguro":6,"pct_sus":55,"pct_seguro_privado":0,"brecha_seguro":-12,"pct_salud_publica":21,"pct_med_tradicional":3,"pct_automedicacion":18,"pct_remedios_caseros":24,"pct_viv_desocupada":0,"pct_alquiler":7,"pct_electricidad":100,"pct_sin_electricidad":0,"pct_agua_red":0,"pct_alcantarillado":7,"pct_camara_septica":7,"pct_pozo_ciego":36,"pct_sin_desague":36,"pct_gas_red":0,"pct_gas_garrafa":79,"pct_lena_guano":79,"pct_basura_formal":0,"pct_basura_quema":64,"pct_basura_informal":71,"pct_internet":86,"pct_celular":86,"pct_televisor":50}},{"type":"Feature","geometry":{"type":"Polygon","coordinates":[[[-65.52052,-16.58006],[-65.51953,-16.57844],[-65.51864,-16.57882],[-65.5196,-16.58042],[-65.52052,-16.58006]]]},"properties":{"n":"ISMAEL MONTES","p":18,"personas_x_ha":8,"masculinidad":157,"pct_menor20":50,"pct_60mas":0,"pct_migrante":56,"dependencia_econ":64,"pct_empleados":18,"pct_cuentapropia":82,"pct_agricultura":91,"pct_comercio":9,"pct_manufactura":0,"pct_construccion":0,"pct_transporte":0,"pct_alojamiento":0,"pct_sin_educacion":11,"pct_educ_superior":0,"brecha_educ":-25,"pct_sin_seguro":0,"pct_sus":94,"pct_seguro_privado":0,"brecha_seguro":0,"pct_salud_publica":25,"pct_med_tradicional":17,"pct_automedicacion":25,"pct_remedios_caseros":14,"pct_viv_desocupada":12,"pct_alquiler":0,"pct_electricidad":100,"pct_sin_electricidad":0,"pct_agua_red":0,"pct_alcantarillado":0,"pct_camara_septica":40,"pct_pozo_ciego":40,"pct_sin_desague":0,"pct_gas_red":0,"pct_gas_garrafa":100,"pct_lena_guano":100,"pct_basura_formal":0,"pct_basura_quema":100,"pct_basura_informal":0,"pct_internet":80,"pct_celular":100,"pct_televisor":60}},{"type":"Feature","geometry":{"type":"Polygon","coordinates":[[[-65.51807,-16.58368],[-65.51769,-16.58305],[-65.51681,-16.58339],[-65.51721,-16.58401],[-65.51807,-16.58368]]]},"properties":{"n":"ISMAEL MONTES","p":60,"personas_x_ha":73,"masculinidad":114,"pct_menor20":60,"pct_60mas":0,"pct_migrante":62,"dependencia_econ":114,"pct_empleados":4,"pct_cuentapropia":82,"pct_agricultura":86,"pct_comercio":0,"pct_manufactura":0,"pct_construccion":4,"pct_transporte":0,"pct_alojamiento":0,"pct_sin_educacion":4,"pct_educ_superior":38,"brecha_educ":0,"pct_sin_seguro":3,"pct_sus":97,"pct_seguro_privado":0,"brecha_seguro":7,"pct_salud_publica":41,"pct_med_tradicional":3,"pct_automedicacion":31,"pct_remedios_caseros":16,"pct_viv_desocupada":7,"pct_alquiler":0,"pct_electricidad":86,"pct_sin_electricidad":7,"pct_agua_red":0,"pct_alcantarillado":7,"pct_camara_septica":0,"pct_pozo_ciego":29,"pct_sin_desague":64,"pct_gas_red":0,"pct_gas_garrafa":93,"pct_lena_guano":93,"pct_basura_formal":0,"pct_basura_quema":100,"pct_basura_informal":0,"pct_internet":93,"pct_celular":93,"pct_televisor":71}},{"type":"Feature","geometry":{"type":"Polygon","coordinates":[[[-65.52249,-16.58544],[-65.52132,-16.58349],[-65.5207,-16.58371],[-65.5217,-16.58581],[-65.52249,-16.58544]]]},"properties":{"n":"ISMAEL MONTES","p":24,"personas_x_ha":11,"masculinidad":100,"pct_menor20":38,"pct_60mas":4,"pct_migrante":4,"dependencia_econ":64,"pct_empleados":7,"pct_cuentapropia":86,"pct_agricultura":79,"pct_comercio":7,"pct_manufactura":0,"pct_construccion":0,"pct_transporte":0,"pct_alojamiento":0,"pct_sin_educacion":0,"pct_educ_superior":7,"brecha_educ":38,"pct_sin_seguro":4,"pct_sus":96,"pct_seguro_privado":0,"brecha_seguro":-8,"pct_salud_publica":38,"pct_med_tradicional":2,"pct_automedicacion":13,"pct_remedios_caseros":26,"pct_viv_desocupada":7,"pct_alquiler":10,"pct_electricidad":100,"pct_sin_electricidad":0,"pct_agua_red":0,"pct_alcantarillado":10,"pct_camara_septica":0,"pct_pozo_ciego":90,"pct_sin_desague":0,"pct_gas_red":0,"pct_gas_garrafa":100,"pct_lena_guano":100,"pct_basura_formal":0,"pct_basura_quema":100,"pct_basura_informal":0,"pct_internet":80,"pct_celular":90,"pct_televisor":60}},{"type":"Feature","geometry":{"type":"Polygon","coordinates":[[[-65.51965,-16.58051],[-65.52026,-16.58145],[-65.52113,-16.58105],[-65.52057,-16.58015],[-65.51965,-16.58051]]]},"properties":{"n":"ISMAEL MONTES","p":25,"personas_x_ha":20,"masculinidad":79,"pct_menor20":48,"pct_60mas":8,"pct_migrante":64,"dependencia_econ":150,"pct_empleados":0,"pct_cuentapropia":60,"pct_agricultura":90,"pct_comercio":0,"pct_manufactura":0,"pct_construccion":0,"pct_transporte":0,"pct_alojamiento":0,"pct_sin_educacion":14,"pct_educ_superior":21,"brecha_educ":0,"pct_sin_seguro":8,"pct_sus":92,"pct_seguro_privado":0,"brecha_seguro":18,"pct_salud_publica":100,"pct_med_tradicional":0,"pct_automedicacion":0,"pct_remedios_caseros":0,"pct_viv_desocupada":14,"pct_alquiler":0,"pct_electricidad":100,"pct_sin_electricidad":0,"pct_agua_red":0,"pct_alcantarillado":0,"pct_camara_septica":0,"pct_pozo_ciego":100,"pct_sin_desague":0,"pct_gas_red":0,"pct_gas_garrafa":100,"pct_lena_guano":100,"pct_basura_formal":0,"pct_basura_quema":83,"pct_basura_informal":0,"pct_internet":50,"pct_celular":67,"pct_televisor":67}},{"type":"Feature","geometry":{"type":"Polygon","coordinates":[[[-65.57103,-17.00129],[-65.57085,-17.00124],[-65.57071,-17.00052],[-65.57114,-17.00036],[-65.57137,-17.00166],[-65.57113,-17.00176],[-65.57103,-17.00129]]]},"properties":{"n":"JATUN PAMPA","p":23,"personas_x_ha":40,"masculinidad":77,"pct_menor20":57,"pct_60mas":4,"pct_migrante":48,"dependencia_econ":35,"pct_empleados":35,"pct_cuentapropia":24,"pct_agricultura":76,"pct_comercio":12,"pct_manufactura":0,"pct_construccion":0,"pct_transporte":0,"pct_alojamiento":6,"pct_sin_educacion":8,"pct_educ_superior":8,"brecha_educ":-50,"pct_sin_seguro":4,"pct_sus":96,"pct_seguro_privado":0,"brecha_seguro":10,"pct_salud_publica":30,"pct_med_tradicional":12,"pct_automedicacion":16,"pct_remedios_caseros":26,"pct_viv_desocupada":0,"pct_alquiler":18,"pct_electricidad":100,"pct_sin_electricidad":0,"pct_agua_red":55,"pct_alcantarillado":0,"pct_camara_septica":9,"pct_pozo_ciego":82,"pct_sin_desague":9,"pct_gas_red":0,"pct_gas_garrafa":100,"pct_lena_guano":100,"pct_basura_formal":0,"pct_basura_quema":100,"pct_basura_informal":0,"pct_internet":91,"pct_celular":91,"pct_televisor":82}},{"type":"Feature","geometry":{"type":"Polygon","coordinates":[[[-65.57338,-17.00219],[-65.57319,-17.00106],[-65.57218,-17.00152],[-65.57253,-17.00227],[-65.57338,-17.00219]]]},"properties":{"n":"JATUN PAMPA","p":15,"personas_x_ha":13,"masculinidad":88,"pct_menor20":47,"pct_60mas":0,"pct_migrante":27,"dependencia_econ":88,"pct_empleados":12,"pct_cuentapropia":62,"pct_agricultura":62,"pct_comercio":0,"pct_manufactura":25,"pct_construccion":0,"pct_transporte":12,"pct_alojamiento":0,"pct_sin_educacion":0,"pct_educ_superior":0,"brecha_educ":27,"pct_sin_seguro":0,"pct_sus":100,"pct_seguro_privado":0,"brecha_seguro":0,"pct_salud_publica":25,"pct_med_tradicional":5,"pct_automedicacion":26,"pct_remedios_caseros":25,"pct_viv_desocupada":0,"pct_alquiler":33,"pct_electricidad":100,"pct_sin_electricidad":0,"pct_agua_red":17,"pct_alcantarillado":0,"pct_camara_septica":0,"pct_pozo_ciego":100,"pct_sin_desague":0,"pct_gas_red":0,"pct_gas_garrafa":83,"pct_lena_guano":83,"pct_basura_formal":0,"pct_basura_quema":100,"pct_basura_informal":0,"pct_internet":100,"pct_celular":100,"pct_televisor":83}},{"type":"Feature","geometry":{"type":"Polygon","coordinates":[[[-65.57156,-17.00158],[-65.57275,-17.00108],[-65.57241,-16.99964],[-65.57127,-17.00005],[-65.57119,-17.00022],[-65.57141,-17.00148],[-65.57156,-17.00158]]]},"properties":{"n":"JATUN PAMPA","p":42,"personas_x_ha":17,"masculinidad":91,"pct_menor20":64,"pct_60mas":2,"pct_migrante":50,"dependencia_econ":156,"pct_empleados":31,"pct_cuentapropia":50,"pct_agricultura":38,"pct_comercio":19,"pct_manufactura":0,"pct_construccion":6,"pct_transporte":0,"pct_alojamiento":12,"pct_sin_educacion":7,"pct_educ_superior":21,"brecha_educ":-36,"pct_sin_seguro":7,"pct_sus":93,"pct_seguro_privado":0,"brecha_seguro":-5,"pct_salud_publica":21,"pct_med_tradicional":17,"pct_automedicacion":17,"pct_remedios_caseros":23,"pct_viv_desocupada":0,"pct_alquiler":7,"pct_electricidad":100,"pct_sin_electricidad":0,"pct_agua_red":47,"pct_alcantarillado":7,"pct_camara_septica":0,"pct_pozo_ciego":93,"pct_sin_desague":0,"pct_gas_red":0,"pct_gas_garrafa":100,"pct_lena_guano":100,"pct_basura_formal":0,"pct_basura_quema":100,"pct_basura_informal":0,"pct_internet":100,"pct_celular":100,"pct_televisor":73}},{"type":"Feature","geometry":{"type":"Polygon","coordinates":[[[-65.46798,-16.57508],[-65.46735,-16.5753],[-65.46698,-16.57437],[-65.46757,-16.57412],[-65.46798,-16.57508]]]},"properties":{"n":"LIBERACION","p":15,"personas_x_ha":18,"masculinidad":67,"pct_menor20":47,"pct_60mas":0,"pct_migrante":73,"dependencia_econ":50,"pct_empleados":0,"pct_cuentapropia":90,"pct_agricultura":80,"pct_comercio":10,"pct_manufactura":0,"pct_construccion":0,"pct_transporte":0,"pct_alojamiento":0,"pct_sin_educacion":11,"pct_educ_superior":11,"brecha_educ":-55,"pct_sin_seguro":7,"pct_sus":93,"pct_seguro_privado":0,"brecha_seguro":17,"pct_salud_publica":24,"pct_med_tradicional":7,"pct_automedicacion":25,"pct_remedios_caseros":24,"pct_viv_desocupada":0,"pct_alquiler":0,"pct_electricidad":100,"pct_sin_electricidad":0,"pct_agua_red":0,"pct_alcantarillado":0,"pct_camara_septica":0,"pct_pozo_ciego":43,"pct_sin_desague":43,"pct_gas_red":0,"pct_gas_garrafa":100,"pct_lena_guano":100,"pct_basura_formal":0,"pct_basura_quema":100,"pct_basura_informal":0,"pct_internet":100,"pct_celular":100,"pct_televisor":57}},{"type":"Feature","geometry":{"type":"Polygon","coordinates":[[[-65.46713,-16.57312],[-65.46654,-16.57334],[-65.46696,-16.57426],[-65.46754,-16.57403],[-65.46713,-16.57312]]]},"properties":{"n":"LIBERACION","p":30,"personas_x_ha":39,"masculinidad":100,"pct_menor20":53,"pct_60mas":0,"pct_migrante":83,"dependencia_econ":88,"pct_empleados":0,"pct_cuentapropia":100,"pct_agricultura":94,"pct_comercio":0,"pct_manufactura":0,"pct_construccion":0,"pct_transporte":6,"pct_alojamiento":0,"pct_sin_educacion":7,"pct_educ_superior":0,"brecha_educ":-14,"pct_sin_seguro":0,"pct_sus":100,"pct_seguro_privado":0,"brecha_seguro":0,"pct_salud_publica":23,"pct_med_tradicional":11,"pct_automedicacion":27,"pct_remedios_caseros":23,"pct_viv_desocupada":0,"pct_alquiler":8,"pct_electricidad":83,"pct_sin_electricidad":17,"pct_agua_red":0,"pct_alcantarillado":0,"pct_camara_septica":0,"pct_pozo_ciego":50,"pct_sin_desague":33,"pct_gas_red":0,"pct_gas_garrafa":92,"pct_lena_guano":92,"pct_basura_formal":0,"pct_basura_quema":100,"pct_basura_informal":0,"pct_internet":100,"pct_celular":100,"pct_televisor":50}},{"type":"Feature","geometry":{"type":"Polygon","coordinates":[[[-65.468,-16.57517],[-65.46835,-16.57616],[-65.46774,-16.57636],[-65.46742,-16.57541],[-65.468,-16.57517]]]},"properties":{"n":"LIBERACION","p":22,"personas_x_ha":28,"masculinidad":100,"pct_menor20":55,"pct_60mas":9,"pct_migrante":68,"dependencia_econ":120,"pct_empleados":10,"pct_cuentapropia":80,"pct_agricultura":70,"pct_comercio":20,"pct_manufactura":0,"pct_construccion":10,"pct_transporte":0,"pct_alojamiento":0,"pct_sin_educacion":10,"pct_educ_superior":0,"brecha_educ":-57,"pct_sin_seguro":5,"pct_sus":95,"pct_seguro_privado":0,"brecha_seguro":-10,"pct_salud_publica":32,"pct_med_tradicional":9,"pct_automedicacion":22,"pct_remedios_caseros":29,"pct_viv_desocupada":18,"pct_alquiler":0,"pct_electricidad":100,"pct_sin_electricidad":0,"pct_agua_red":0,"pct_alcantarillado":14,"pct_camara_septica":0,"pct_pozo_ciego":71,"pct_sin_desague":14,"pct_gas_red":0,"pct_gas_garrafa":86,"pct_lena_guano":86,"pct_basura_formal":0,"pct_basura_quema":86,"pct_basura_informal":0,"pct_internet":57,"pct_celular":100,"pct_televisor":29}},{"type":"Feature","geometry":{"type":"Polygon","coordinates":[[[-65.46919,-16.57685],[-65.46909,-16.57663],[-65.46851,-16.57677],[-65.46837,-16.57636],[-65.46774,-16.57649],[-65.46799,-16.57721],[-65.46919,-16.57685]]]},"properties":{"n":"LIBERACION","p":24,"personas_x_ha":32,"masculinidad":140,"pct_menor20":75,"pct_60mas":0,"pct_migrante":50,"dependencia_econ":167,"pct_empleados":22,"pct_cuentapropia":67,"pct_agricultura":100,"pct_comercio":0,"pct_manufactura":0,"pct_construccion":0,"pct_transporte":0,"pct_alojamiento":0,"pct_sin_educacion":17,"pct_educ_superior":17,"brecha_educ":-33,"pct_sin_seguro":8,"pct_sus":92,"pct_seguro_privado":0,"brecha_seguro":14,"pct_salud_publica":27,"pct_med_tradicional":4,"pct_automedicacion":31,"pct_remedios_caseros":21,"pct_viv_desocupada":0,"pct_alquiler":0,"pct_electricidad":100,"pct_sin_electricidad":0,"pct_agua_red":17,"pct_alcantarillado":0,"pct_camara_septica":0,"pct_pozo_ciego":83,"pct_sin_desague":17,"pct_gas_red":0,"pct_gas_garrafa":83,"pct_lena_guano":83,"pct_basura_formal":0,"pct_basura_quema":100,"pct_basura_informal":0,"pct_internet":83,"pct_celular":100,"pct_televisor":67}},{"type":"Feature","geometry":{"type":"Polygon","coordinates":[[[-65.68438,-16.69512],[-65.68394,-16.69478],[-65.6842,-16.6944],[-65.68541,-16.69558],[-65.68476,-16.69625],[-65.68416,-16.69577],[-65.68438,-16.69512]]]},"properties":{"n":"LIMO DEL ISIBORO","p":17,"personas_x_ha":12,"masculinidad":89,"pct_menor20":59,"pct_60mas":0,"pct_migrante":47,"dependencia_econ":100,"pct_empleados":12,"pct_cuentapropia":75,"pct_agricultura":75,"pct_comercio":12,"pct_manufactura":12,"pct_construccion":0,"pct_transporte":0,"pct_alojamiento":0,"pct_sin_educacion":0,"pct_educ_superior":0,"brecha_educ":-33,"pct_sin_seguro":0,"pct_sus":100,"pct_seguro_privado":0,"brecha_seguro":0,"pct_salud_publica":17,"pct_med_tradicional":19,"pct_automedicacion":17,"pct_remedios_caseros":20,"pct_viv_desocupada":0,"pct_alquiler":33,"pct_electricidad":67,"pct_sin_electricidad":0,"pct_agua_red":33,"pct_alcantarillado":0,"pct_camara_septica":0,"pct_pozo_ciego":0,"pct_sin_desague":67,"pct_gas_red":0,"pct_gas_garrafa":67,"pct_lena_guano":67,"pct_basura_formal":33,"pct_basura_quema":67,"pct_basura_informal":0,"pct_internet":100,"pct_celular":100,"pct_televisor":67}},{"type":"Feature","geometry":{"type":"Polygon","coordinates":[[[-65.68302,-16.69556],[-65.68278,-16.69666],[-65.68174,-16.69638],[-65.68203,-16.69529],[-65.68237,-16.69534],[-65.6822,-16.69581],[-65.6824,-16.69535],[-65.68302,-16.69556]]]},"properties":{"n":"LIMO DEL ISIBORO","p":38,"personas_x_ha":27,"masculinidad":124,"pct_menor20":47,"pct_60mas":8,"pct_migrante":21,"dependencia_econ":90,"pct_empleados":15,"pct_cuentapropia":75,"pct_agricultura":40,"pct_comercio":30,"pct_manufactura":5,"pct_construccion":15,"pct_transporte":5,"pct_alojamiento":0,"pct_sin_educacion":0,"pct_educ_superior":5,"brecha_educ":-31,"pct_sin_seguro":3,"pct_sus":89,"pct_seguro_privado":8,"brecha_seguro":-6,"pct_salud_publica":26,"pct_med_tradicional":9,"pct_automedicacion":18,"pct_remedios_caseros":24,"pct_viv_desocupada":9,"pct_alquiler":0,"pct_electricidad":94,"pct_sin_electricidad":0,"pct_agua_red":41,"pct_alcantarillado":59,"pct_camara_septica":0,"pct_pozo_ciego":29,"pct_sin_desague":6,"pct_gas_red":0,"pct_gas_garrafa":94,"pct_lena_guano":94,"pct_basura_formal":0,"pct_basura_quema":100,"pct_basura_informal":0,"pct_internet":88,"pct_celular":88,"pct_televisor":47}},{"type":"Feature","geometry":{"type":"Polygon","coordinates":[[[-65.68583,-16.69259],[-65.68516,-16.69217],[-65.6845,-16.69325],[-65.68506,-16.69357],[-65.68537,-16.69312],[-65.68546,-16.69317],[-65.68583,-16.69259]]]},"properties":{"n":"LIMO DEL ISIBORO","p":21,"personas_x_ha":19,"masculinidad":75,"pct_menor20":33,"pct_60mas":10,"pct_migrante":62,"dependencia_econ":75,"pct_empleados":8,"pct_cuentapropia":75,"pct_agricultura":75,"pct_comercio":17,"pct_manufactura":8,"pct_construccion":0,"pct_transporte":0,"pct_alojamiento":0,"pct_sin_educacion":14,"pct_educ_superior":29,"brecha_educ":4,"pct_sin_seguro":10,"pct_sus":90,"pct_seguro_privado":0,"brecha_seguro":22,"pct_salud_publica":28,"pct_med_tradicional":16,"pct_automedicacion":21,"pct_remedios_caseros":24,"pct_viv_desocupada":17,"pct_alquiler":0,"pct_electricidad":100,"pct_sin_electricidad":0,"pct_agua_red":100,"pct_alcantarillado":0,"pct_camara_septica":0,"pct_pozo_ciego":100,"pct_sin_desague":0,"pct_gas_red":0,"pct_gas_garrafa":100,"pct_lena_guano":100,"pct_basura_formal":0,"pct_basura_quema":100,"pct_basura_informal":0,"pct_internet":89,"pct_celular":100,"pct_televisor":89}},{"type":"Feature","geometry":{"type":"Polygon","coordinates":[[[-65.6832,-16.69562],[-65.68365,-16.69581],[-65.6834,-16.69684],[-65.68296,-16.69672],[-65.6832,-16.69562]]]},"properties":{"n":"LIMO DEL ISIBORO","p":19,"personas_x_ha":30,"masculinidad":171,"pct_menor20":37,"pct_60mas":16,"pct_migrante":47,"dependencia_econ":58,"pct_empleados":17,"pct_cuentapropia":67,"pct_agricultura":67,"pct_comercio":17,"pct_manufactura":0,"pct_construccion":8,"pct_transporte":0,"pct_alojamiento":0,"pct_sin_educacion":8,"pct_educ_superior":31,"brecha_educ":-15,"pct_sin_seguro":0,"pct_sus":100,"pct_seguro_privado":0,"brecha_seguro":0,"pct_salud_publica":32,"pct_med_tradicional":9,"pct_automedicacion":11,"pct_remedios_caseros":32,"pct_viv_desocupada":0,"pct_alquiler":0,"pct_electricidad":75,"pct_sin_electricidad":25,"pct_agua_red":0,"pct_alcantarillado":12,"pct_camara_septica":12,"pct_pozo_ciego":62,"pct_sin_desague":0,"pct_gas_red":0,"pct_gas_garrafa":88,"pct_lena_guano":88,"pct_basura_formal":0,"pct_basura_quema":100,"pct_basura_informal":0,"pct_internet":75,"pct_celular":100,"pct_televisor":62}},{"type":"Feature","geometry":{"type":"Polygon","coordinates":[[[-65.68321,-16.69555],[-65.68382,-16.6958],[-65.68412,-16.69507],[-65.68361,-16.69481],[-65.68321,-16.69555]]]},"properties":{"n":"LIMO DEL ISIBORO","p":25,"personas_x_ha":42,"masculinidad":150,"pct_menor20":40,"pct_60mas":0,"pct_migrante":52,"dependencia_econ":56,"pct_empleados":12,"pct_cuentapropia":75,"pct_agricultura":38,"pct_comercio":38,"pct_manufactura":6,"pct_construccion":6,"pct_transporte":6,"pct_alojamiento":6,"pct_sin_educacion":6,"pct_educ_superior":6,"brecha_educ":0,"pct_sin_seguro":12,"pct_sus":84,"pct_seguro_privado":4,"brecha_seguro":20,"pct_salud_publica":25,"pct_med_tradicional":22,"pct_automedicacion":7,"pct_remedios_caseros":28,"pct_viv_desocupada":10,"pct_alquiler":0,"pct_electricidad":100,"pct_sin_electricidad":0,"pct_agua_red":0,"pct_alcantarillado":12,"pct_camara_septica":25,"pct_pozo_ciego":62,"pct_sin_desague":0,"pct_gas_red":0,"pct_gas_garrafa":100,"pct_lena_guano":100,"pct_basura_formal":0,"pct_basura_quema":100,"pct_basura_informal":0,"pct_internet":75,"pct_celular":75,"pct_televisor":62}},{"type":"Feature","geometry":{"type":"Polygon","coordinates":[[[-65.6854,-16.69619],[-65.68541,-16.69632],[-65.68613,-16.69692],[-65.68702,-16.69603],[-65.6874,-16.69634],[-65.6864,-16.69748],[-65.68497,-16.69624],[-65.68551,-16.69566],[-65.68567,-16.69586],[-65.6854,-16.69619]]]},"properties":{"n":"LIMO DEL ISIBORO","p":84,"personas_x_ha":57,"masculinidad":95,"pct_menor20":62,"pct_60mas":2,"pct_migrante":17,"dependencia_econ":159,"pct_empleados":6,"pct_cuentapropia":62,"pct_agricultura":94,"pct_comercio":3,"pct_manufactura":3,"pct_construccion":0,"pct_transporte":0,"pct_alojamiento":0,"pct_sin_educacion":12,"pct_educ_superior":0,"brecha_educ":20,"pct_sin_seguro":19,"pct_sus":81,"pct_seguro_privado":0,"brecha_seguro":-13,"pct_salud_publica":34,"pct_med_tradicional":14,"pct_automedicacion":15,"pct_remedios_caseros":17,"pct_viv_desocupada":4,"pct_alquiler":0,"pct_electricidad":100,"pct_sin_electricidad":0,"pct_agua_red":59,"pct_alcantarillado":5,"pct_camara_septica":5,"pct_pozo_ciego":82,"pct_sin_desague":0,"pct_gas_red":0,"pct_gas_garrafa":91,"pct_lena_guano":91,"pct_basura_formal":0,"pct_basura_quema":100,"pct_basura_informal":0,"pct_internet":77,"pct_celular":91,"pct_televisor":45}},{"type":"Feature","geometry":{"type":"Polygon","coordinates":[[[-65.68307,-16.69548],[-65.68237,-16.6952],[-65.68307,-16.69405],[-65.68364,-16.6944],[-65.68307,-16.69548]]]},"properties":{"n":"LIMO DEL ISIBORO","p":26,"personas_x_ha":24,"masculinidad":136,"pct_menor20":27,"pct_60mas":4,"pct_migrante":62,"dependencia_econ":32,"pct_empleados":26,"pct_cuentapropia":53,"pct_agricultura":63,"pct_comercio":5,"pct_manufactura":5,"pct_construccion":5,"pct_transporte":16,"pct_alojamiento":0,"pct_sin_educacion":0,"pct_educ_superior":17,"brecha_educ":0,"pct_sin_seguro":0,"pct_sus":100,"pct_seguro_privado":0,"brecha_seguro":0,"pct_salud_publica":32,"pct_med_tradicional":12,"pct_automedicacion":13,"pct_remedios_caseros":25,"pct_viv_desocupada":11,"pct_alquiler":0,"pct_electricidad":88,"pct_sin_electricidad":12,"pct_agua_red":44,"pct_alcantarillado":19,"pct_camara_septica":0,"pct_pozo_ciego":75,"pct_sin_desague":0,"pct_gas_red":0,"pct_gas_garrafa":88,"pct_lena_guano":88,"pct_basura_formal":0,"pct_basura_quema":100,"pct_basura_informal":0,"pct_internet":62,"pct_celular":88,"pct_televisor":50}},{"type":"Feature","geometry":{"type":"Polygon","coordinates":[[[-65.68502,-16.69365],[-65.68452,-16.69457],[-65.68399,-16.69414],[-65.68446,-16.69333],[-65.68502,-16.69365]]]},"properties":{"n":"LIMO DEL ISIBORO","p":25,"personas_x_ha":32,"masculinidad":67,"pct_menor20":52,"pct_60mas":4,"pct_migrante":32,"dependencia_econ":79,"pct_empleados":0,"pct_cuentapropia":79,"pct_agricultura":64,"pct_comercio":0,"pct_manufactura":0,"pct_construccion":0,"pct_transporte":0,"pct_alojamiento":0,"pct_sin_educacion":0,"pct_educ_superior":25,"brecha_educ":22,"pct_sin_seguro":0,"pct_sus":96,"pct_seguro_privado":4,"brecha_seguro":0,"pct_salud_publica":25,"pct_med_tradicional":12,"pct_automedicacion":21,"pct_remedios_caseros":25,"pct_viv_desocupada":0,"pct_alquiler":0,"pct_electricidad":100,"pct_sin_electricidad":0,"pct_agua_red":83,"pct_alcantarillado":0,"pct_camara_septica":0,"pct_pozo_ciego":100,"pct_sin_desague":0,"pct_gas_red":0,"pct_gas_garrafa":83,"pct_lena_guano":83,"pct_basura_formal":0,"pct_basura_quema":100,"pct_basura_informal":0,"pct_internet":83,"pct_celular":100,"pct_televisor":50}},{"type":"Feature","geometry":{"type":"Polygon","coordinates":[[[-65.68519,-16.69179],[-65.68486,-16.69163],[-65.68389,-16.69331],[-65.68419,-16.69348],[-65.68519,-16.69179]]]},"properties":{"n":"LIMO DEL ISIBORO","p":19,"personas_x_ha":22,"masculinidad":73,"pct_menor20":47,"pct_60mas":11,"pct_migrante":26,"dependencia_econ":90,"pct_empleados":0,"pct_cuentapropia":90,"pct_agricultura":60,"pct_comercio":10,"pct_manufactura":10,"pct_construccion":0,"pct_transporte":10,"pct_alojamiento":0,"pct_sin_educacion":10,"pct_educ_superior":0,"brecha_educ":20,"pct_sin_seguro":5,"pct_sus":95,"pct_seguro_privado":0,"brecha_seguro":12,"pct_salud_publica":29,"pct_med_tradicional":13,"pct_automedicacion":14,"pct_remedios_caseros":27,"pct_viv_desocupada":10,"pct_alquiler":25,"pct_electricidad":88,"pct_sin_electricidad":0,"pct_agua_red":12,"pct_alcantarillado":12,"pct_camara_septica":12,"pct_pozo_ciego":75,"pct_sin_desague":0,"pct_gas_red":0,"pct_gas_garrafa":100,"pct_lena_guano":100,"pct_basura_formal":0,"pct_basura_quema":100,"pct_basura_informal":0,"pct_internet":88,"pct_celular":88,"pct_televisor":50}},{"type":"Feature","geometry":{"type":"Polygon","coordinates":[[[-65.68565,-16.69571],[-65.68581,-16.69553],[-65.68677,-16.6962],[-65.68698,-16.69598],[-65.68596,-16.69516],[-65.68555,-16.69562],[-65.68565,-16.69571]]]},"properties":{"n":"LIMO DEL ISIBORO","p":17,"personas_x_ha":30,"masculinidad":143,"pct_menor20":53,"pct_60mas":0,"pct_migrante":41,"dependencia_econ":55,"pct_empleados":9,"pct_cuentapropia":64,"pct_agricultura":73,"pct_comercio":9,"pct_manufactura":0,"pct_construccion":0,"pct_transporte":0,"pct_alojamiento":0,"pct_sin_educacion":0,"pct_educ_superior":11,"brecha_educ":-30,"pct_sin_seguro":12,"pct_sus":82,"pct_seguro_privado":6,"brecha_seguro":-4,"pct_salud_publica":34,"pct_med_tradicional":2,"pct_automedicacion":6,"pct_remedios_caseros":23,"pct_viv_desocupada":0,"pct_alquiler":0,"pct_electricidad":100,"pct_sin_electricidad":0,"pct_agua_red":50,"pct_alcantarillado":0,"pct_camara_septica":12,"pct_pozo_ciego":62,"pct_sin_desague":25,"pct_gas_red":0,"pct_gas_garrafa":88,"pct_lena_guano":88,"pct_basura_formal":0,"pct_basura_quema":88,"pct_basura_informal":0,"pct_internet":62,"pct_celular":75,"pct_televisor":50}},{"type":"Feature","geometry":{"type":"Polygon","coordinates":[[[-65.4236,-16.69898],[-65.42296,-16.69851],[-65.42343,-16.69789],[-65.42406,-16.69834],[-65.4236,-16.69898]]]},"properties":{"n":"MARCELO QUIROGA SANTA CRUZ","p":23,"personas_x_ha":32,"masculinidad":109,"pct_menor20":52,"pct_60mas":4,"pct_migrante":61,"dependencia_econ":283,"pct_empleados":0,"pct_cuentapropia":100,"pct_agricultura":100,"pct_comercio":0,"pct_manufactura":0,"pct_construccion":0,"pct_transporte":0,"pct_alojamiento":0,"pct_sin_educacion":18,"pct_educ_superior":0,"brecha_educ":100,"pct_sin_seguro":0,"pct_sus":100,"pct_seguro_privado":0,"brecha_seguro":0,"pct_salud_publica":34,"pct_med_tradicional":3,"pct_automedicacion":25,"pct_remedios_caseros":23,"pct_viv_desocupada":19,"pct_alquiler":20,"pct_electricidad":100,"pct_sin_electricidad":0,"pct_agua_red":80,"pct_alcantarillado":0,"pct_camara_septica":0,"pct_pozo_ciego":40,"pct_sin_desague":60,"pct_gas_red":0,"pct_gas_garrafa":100,"pct_lena_guano":100,"pct_basura_formal":0,"pct_basura_quema":100,"pct_basura_informal":0,"pct_internet":80,"pct_celular":80,"pct_televisor":50}},{"type":"Feature","geometry":{"type":"Polygon","coordinates":[[[-65.42435,-16.69953],[-65.42367,-16.69903],[-65.42416,-16.69839],[-65.42488,-16.69889],[-65.42435,-16.69953]]]},"properties":{"n":"MARCELO QUIROGA SANTA CRUZ","p":28,"personas_x_ha":34,"masculinidad":87,"pct_menor20":57,"pct_60mas":7,"pct_migrante":64,"dependencia_econ":211,"pct_empleados":11,"pct_cuentapropia":44,"pct_agricultura":67,"pct_comercio":0,"pct_manufactura":11,"pct_construccion":22,"pct_transporte":0,"pct_alojamiento":0,"pct_sin_educacion":7,"pct_educ_superior":0,"brecha_educ":7,"pct_sin_seguro":22,"pct_sus":78,"pct_seguro_privado":0,"brecha_seguro":5,"pct_salud_publica":37,"pct_med_tradicional":12,"pct_automedicacion":5,"pct_remedios_caseros":38,"pct_viv_desocupada":15,"pct_alquiler":0,"pct_electricidad":100,"pct_sin_electricidad":0,"pct_agua_red":38,"pct_alcantarillado":0,"pct_camara_septica":0,"pct_pozo_ciego":25,"pct_sin_desague":62,"pct_gas_red":0,"pct_gas_garrafa":100,"pct_lena_guano":100,"pct_basura_formal":0,"pct_basura_quema":100,"pct_basura_informal":0,"pct_internet":88,"pct_celular":100,"pct_televisor":62}},{"type":"Feature","geometry":{"type":"Polygon","coordinates":[[[-65.42593,-16.70085],[-65.42527,-16.70038],[-65.42473,-16.701],[-65.42541,-16.70153],[-65.42593,-16.70085]]]},"properties":{"n":"MARCELO QUIROGA SANTA CRUZ","p":21,"personas_x_ha":25,"masculinidad":320,"pct_menor20":52,"pct_60mas":0,"pct_migrante":62,"dependencia_econ":133,"pct_empleados":33,"pct_cuentapropia":33,"pct_agricultura":78,"pct_comercio":0,"pct_manufactura":11,"pct_construccion":0,"pct_transporte":0,"pct_alojamiento":11,"pct_sin_educacion":0,"pct_educ_superior":10,"brecha_educ":-8,"pct_sin_seguro":10,"pct_sus":90,"pct_seguro_privado":0,"brecha_seguro":12,"pct_salud_publica":36,"pct_med_tradicional":5,"pct_automedicacion":14,"pct_remedios_caseros":33,"pct_viv_desocupada":0,"pct_alquiler":0,"pct_electricidad":100,"pct_sin_electricidad":0,"pct_agua_red":40,"pct_alcantarillado":0,"pct_camara_septica":0,"pct_pozo_ciego":80,"pct_sin_desague":20,"pct_gas_red":0,"pct_gas_garrafa":100,"pct_lena_guano":100,"pct_basura_formal":0,"pct_basura_quema":100,"pct_basura_informal":0,"pct_internet":80,"pct_celular":100,"pct_televisor":40}},{"type":"Feature","geometry":{"type":"Polygon","coordinates":[[[-65.42489,-16.69992],[-65.42442,-16.69957],[-65.42494,-16.69894],[-65.42541,-16.69926],[-65.42489,-16.69992]]]},"properties":{"n":"MARCELO QUIROGA SANTA CRUZ","p":29,"personas_x_ha":51,"masculinidad":142,"pct_menor20":41,"pct_60mas":0,"pct_migrante":86,"dependencia_econ":164,"pct_empleados":0,"pct_cuentapropia":82,"pct_agricultura":91,"pct_comercio":9,"pct_manufactura":0,"pct_construccion":0,"pct_transporte":0,"pct_alojamiento":0,"pct_sin_educacion":0,"pct_educ_superior":12,"brecha_educ":17,"pct_sin_seguro":21,"pct_sus":76,"pct_seguro_privado":0,"brecha_seguro":-36,"pct_salud_publica":31,"pct_med_tradicional":14,"pct_automedicacion":24,"pct_remedios_caseros":16,"pct_viv_desocupada":7,"pct_alquiler":20,"pct_electricidad":100,"pct_sin_electricidad":0,"pct_agua_red":20,"pct_alcantarillado":0,"pct_camara_septica":0,"pct_pozo_ciego":10,"pct_sin_desague":30,"pct_gas_red":0,"pct_gas_garrafa":100,"pct_lena_guano":100,"pct_basura_formal":0,"pct_basura_quema":90,"pct_basura_informal":0,"pct_internet":90,"pct_celular":100,"pct_televisor":80}},{"type":"Feature","geometry":{"type":"Polygon","coordinates":[[[-65.42554,-16.70041],[-65.42596,-16.7007],[-65.42646,-16.69999],[-65.42603,-16.69973],[-65.42554,-16.70041]]]},"properties":{"n":"MARCELO QUIROGA SANTA CRUZ","p":16,"personas_x_ha":31,"masculinidad":60,"pct_menor20":50,"pct_60mas":0,"pct_migrante":31,"dependencia_econ":88,"pct_empleados":0,"pct_cuentapropia":62,"pct_agricultura":100,"pct_comercio":0,"pct_manufactura":0,"pct_construccion":0,"pct_transporte":0,"pct_alojamiento":0,"pct_sin_educacion":0,"pct_educ_superior":12,"brecha_educ":0,"pct_sin_seguro":7,"pct_sus":93,"pct_seguro_privado":0,"brecha_seguro":20,"pct_salud_publica":21,"pct_med_tradicional":21,"pct_automedicacion":13,"pct_remedios_caseros":26,"pct_viv_desocupada":0,"pct_alquiler":11,"pct_electricidad":100,"pct_sin_electricidad":0,"pct_agua_red":0,"pct_alcantarillado":0,"pct_camara_septica":0,"pct_pozo_ciego":22,"pct_sin_desague":78,"pct_gas_red":0,"pct_gas_garrafa":89,"pct_lena_guano":89,"pct_basura_formal":0,"pct_basura_quema":100,"pct_basura_informal":0,"pct_internet":67,"pct_celular":89,"pct_televisor":44}},{"type":"Feature","geometry":{"type":"Polygon","coordinates":[[[-65.42629,-16.69977],[-65.42654,-16.69996],[-65.42707,-16.69926],[-65.42682,-16.69907],[-65.42629,-16.69977]]]},"properties":{"n":"MARCELO QUIROGA SANTA CRUZ","p":21,"personas_x_ha":64,"masculinidad":162,"pct_menor20":33,"pct_60mas":10,"pct_migrante":57,"dependencia_econ":25,"pct_empleados":0,"pct_cuentapropia":88,"pct_agricultura":88,"pct_comercio":0,"pct_manufactura":6,"pct_construccion":0,"pct_transporte":0,"pct_alojamiento":0,"pct_sin_educacion":0,"pct_educ_superior":0,"brecha_educ":-4,"pct_sin_seguro":10,"pct_sus":90,"pct_seguro_privado":0,"brecha_seguro":17,"pct_salud_publica":60,"pct_med_tradicional":14,"pct_automedicacion":11,"pct_remedios_caseros":14,"pct_viv_desocupada":0,"pct_alquiler":0,"pct_electricidad":100,"pct_sin_electricidad":0,"pct_agua_red":17,"pct_alcantarillado":0,"pct_camara_septica":0,"pct_pozo_ciego":0,"pct_sin_desague":83,"pct_gas_red":0,"pct_gas_garrafa":100,"pct_lena_guano":100,"pct_basura_formal":0,"pct_basura_quema":100,"pct_basura_informal":0,"pct_internet":17,"pct_celular":33,"pct_televisor":0}},{"type":"Feature","geometry":{"type":"Polygon","coordinates":[[[-65.54682,-16.71421],[-65.54676,-16.71376],[-65.54608,-16.71383],[-65.5459,-16.71265],[-65.54549,-16.7127],[-65.54573,-16.7143],[-65.54682,-16.71421]]]},"properties":{"n":"MARISCAL SUCRE BAJO","p":17,"personas_x_ha":15,"masculinidad":70,"pct_menor20":47,"pct_60mas":18,"pct_migrante":53,"dependencia_econ":143,"pct_empleados":14,"pct_cuentapropia":86,"pct_agricultura":100,"pct_comercio":0,"pct_manufactura":0,"pct_construccion":0,"pct_transporte":0,"pct_alojamiento":0,"pct_sin_educacion":0,"pct_educ_superior":0,"brecha_educ":-20,"pct_sin_seguro":6,"pct_sus":94,"pct_seguro_privado":0,"brecha_seguro":-10,"pct_salud_publica":20,"pct_med_tradicional":16,"pct_automedicacion":18,"pct_remedios_caseros":20,"pct_viv_desocupada":0,"pct_alquiler":0,"pct_electricidad":100,"pct_sin_electricidad":0,"pct_agua_red":0,"pct_alcantarillado":17,"pct_camara_septica":0,"pct_pozo_ciego":0,"pct_sin_desague":83,"pct_gas_red":0,"pct_gas_garrafa":100,"pct_lena_guano":100,"pct_basura_formal":0,"pct_basura_quema":100,"pct_basura_informal":0,"pct_internet":67,"pct_celular":83,"pct_televisor":50}},{"type":"Feature","geometry":{"type":"Polygon","coordinates":[[[-65.54561,-16.7143],[-65.54507,-16.71431],[-65.54523,-16.71538],[-65.54577,-16.7153],[-65.54561,-16.7143]]]},"properties":{"n":"MARISCAL SUCRE BAJO","p":17,"personas_x_ha":26,"masculinidad":42,"pct_menor20":41,"pct_60mas":0,"pct_migrante":59,"dependencia_econ":150,"pct_empleados":50,"pct_cuentapropia":0,"pct_agricultura":83,"pct_comercio":0,"pct_manufactura":0,"pct_construccion":17,"pct_transporte":0,"pct_alojamiento":0,"pct_sin_educacion":0,"pct_educ_superior":11,"brecha_educ":0,"pct_sin_seguro":40,"pct_sus":60,"pct_seguro_privado":0,"brecha_seguro":30,"pct_salud_publica":65,"pct_med_tradicional":0,"pct_automedicacion":4,"pct_remedios_caseros":19,"pct_viv_desocupada":0,"pct_alquiler":0,"pct_electricidad":83,"pct_sin_electricidad":0,"pct_agua_red":33,"pct_alcantarillado":50,"pct_camara_septica":0,"pct_pozo_ciego":33,"pct_sin_desague":17,"pct_gas_red":0,"pct_gas_garrafa":100,"pct_lena_guano":100,"pct_basura_formal":0,"pct_basura_quema":100,"pct_basura_informal":0,"pct_internet":67,"pct_celular":83,"pct_televisor":50}},{"type":"Feature","geometry":{"type":"Polygon","coordinates":[[[-65.57845,-16.81022],[-65.57842,-16.81035],[-65.57989,-16.81247],[-65.58106,-16.81173],[-65.58106,-16.81164],[-65.57935,-16.80962],[-65.57924,-16.80962],[-65.57845,-16.81022]]]},"properties":{"n":"MAYOR JORDAN","p":41,"personas_x_ha":10,"masculinidad":116,"pct_menor20":46,"pct_60mas":5,"pct_migrante":46,"dependencia_econ":null,"pct_empleados":null,"pct_cuentapropia":null,"pct_agricultura":null,"pct_comercio":null,"pct_manufactura":null,"pct_construccion":null,"pct_transporte":null,"pct_alojamiento":null,"pct_sin_educacion":5,"pct_educ_superior":20,"brecha_educ":0,"pct_sin_seguro":0,"pct_sus":91,"pct_seguro_privado":0,"brecha_seguro":0,"pct_salud_publica":65,"pct_med_tradicional":4,"pct_automedicacion":6,"pct_remedios_caseros":15,"pct_viv_desocupada":0,"pct_alquiler":7,"pct_electricidad":100,"pct_sin_electricidad":0,"pct_agua_red":93,"pct_alcantarillado":14,"pct_camara_septica":43,"pct_pozo_ciego":43,"pct_sin_desague":0,"pct_gas_red":0,"pct_gas_garrafa":100,"pct_lena_guano":100,"pct_basura_formal":71,"pct_basura_quema":21,"pct_basura_informal":0,"pct_internet":7,"pct_celular":71,"pct_televisor":79}},{"type":"Feature","geometry":{"type":"Polygon","coordinates":[[[-65.58087,-16.80969],[-65.58013,-16.80888],[-65.58085,-16.80827],[-65.58157,-16.80911],[-65.58087,-16.80969]]]},"properties":{"n":"MAYOR JORDAN","p":33,"personas_x_ha":27,"masculinidad":57,"pct_menor20":39,"pct_60mas":9,"pct_migrante":42,"dependencia_econ":50,"pct_empleados":9,"pct_cuentapropia":77,"pct_agricultura":59,"pct_comercio":9,"pct_manufactura":5,"pct_construccion":5,"pct_transporte":0,"pct_alojamiento":9,"pct_sin_educacion":14,"pct_educ_superior":5,"brecha_educ":-36,"pct_sin_seguro":19,"pct_sus":78,"pct_seguro_privado":0,"brecha_seguro":-3,"pct_salud_publica":38,"pct_med_tradicional":5,"pct_automedicacion":17,"pct_remedios_caseros":27,"pct_viv_desocupada":5,"pct_alquiler":24,"pct_electricidad":88,"pct_sin_electricidad":12,"pct_agua_red":35,"pct_alcantarillado":35,"pct_camara_septica":12,"pct_pozo_ciego":47,"pct_sin_desague":6,"pct_gas_red":0,"pct_gas_garrafa":100,"pct_lena_guano":100,"pct_basura_formal":35,"pct_basura_quema":53,"pct_basura_informal":12,"pct_internet":65,"pct_celular":59,"pct_televisor":59}},{"type":"Feature","geometry":{"type":"Polygon","coordinates":[[[-65.5838,-16.80356],[-65.5843,-16.80121],[-65.58367,-16.80105],[-65.58318,-16.80336],[-65.5838,-16.80356]]]},"properties":{"n":"MAYOR JORDAN","p":15,"personas_x_ha":8,"masculinidad":150,"pct_menor20":40,"pct_60mas":13,"pct_migrante":60,"dependencia_econ":200,"pct_empleados":40,"pct_cuentapropia":60,"pct_agricultura":40,"pct_comercio":20,"pct_manufactura":20,"pct_construccion":0,"pct_transporte":0,"pct_alojamiento":0,"pct_sin_educacion":10,"pct_educ_superior":0,"brecha_educ":-50,"pct_sin_seguro":0,"pct_sus":100,"pct_seguro_privado":0,"brecha_seguro":0,"pct_salud_publica":39,"pct_med_tradicional":3,"pct_automedicacion":29,"pct_remedios_caseros":29,"pct_viv_desocupada":0,"pct_alquiler":0,"pct_electricidad":100,"pct_sin_electricidad":0,"pct_agua_red":0,"pct_alcantarillado":0,"pct_camara_septica":0,"pct_pozo_ciego":80,"pct_sin_desague":20,"pct_gas_red":20,"pct_gas_garrafa":80,"pct_lena_guano":80,"pct_basura_formal":40,"pct_basura_quema":40,"pct_basura_informal":40,"pct_internet":80,"pct_celular":80,"pct_televisor":60}},{"type":"Feature","geometry":{"type":"Polygon","coordinates":[[[-65.58231,-16.80853],[-65.58158,-16.80765],[-65.58094,-16.80822],[-65.58164,-16.80907],[-65.58231,-16.80853]]]},"properties":{"n":"MAYOR JORDAN","p":23,"personas_x_ha":20,"masculinidad":64,"pct_menor20":48,"pct_60mas":17,"pct_migrante":52,"dependencia_econ":53,"pct_empleados":13,"pct_cuentapropia":73,"pct_agricultura":47,"pct_comercio":13,"pct_manufactura":20,"pct_construccion":0,"pct_transporte":0,"pct_alojamiento":13,"pct_sin_educacion":0,"pct_educ_superior":0,"brecha_educ":-29,"pct_sin_seguro":9,"pct_sus":91,"pct_seguro_privado":0,"brecha_seguro":22,"pct_salud_publica":64,"pct_med_tradicional":12,"pct_automedicacion":9,"pct_remedios_caseros":15,"pct_viv_desocupada":17,"pct_alquiler":33,"pct_electricidad":89,"pct_sin_electricidad":11,"pct_agua_red":89,"pct_alcantarillado":0,"pct_camara_septica":11,"pct_pozo_ciego":67,"pct_sin_desague":22,"pct_gas_red":0,"pct_gas_garrafa":89,"pct_lena_guano":89,"pct_basura_formal":44,"pct_basura_quema":44,"pct_basura_informal":0,"pct_internet":67,"pct_celular":78,"pct_televisor":11}},{"type":"Feature","geometry":{"type":"Polygon","coordinates":[[[-65.58126,-16.80758],[-65.58082,-16.80718],[-65.57845,-16.80926],[-65.57877,-16.8097],[-65.5804,-16.8084],[-65.58126,-16.80758]]]},"properties":{"n":"MAYOR JORDAN","p":17,"personas_x_ha":7,"masculinidad":70,"pct_menor20":41,"pct_60mas":0,"pct_migrante":53,"dependencia_econ":55,"pct_empleados":18,"pct_cuentapropia":82,"pct_agricultura":45,"pct_comercio":0,"pct_manufactura":0,"pct_construccion":9,"pct_transporte":9,"pct_alojamiento":27,"pct_sin_educacion":0,"pct_educ_superior":20,"brecha_educ":-40,"pct_sin_seguro":18,"pct_sus":82,"pct_seguro_privado":0,"brecha_seguro":-6,"pct_salud_publica":28,"pct_med_tradicional":9,"pct_automedicacion":23,"pct_remedios_caseros":32,"pct_viv_desocupada":0,"pct_alquiler":33,"pct_electricidad":100,"pct_sin_electricidad":0,"pct_agua_red":67,"pct_alcantarillado":0,"pct_camara_septica":0,"pct_pozo_ciego":50,"pct_sin_desague":50,"pct_gas_red":0,"pct_gas_garrafa":100,"pct_lena_guano":100,"pct_basura_formal":50,"pct_basura_quema":33,"pct_basura_informal":0,"pct_internet":83,"pct_celular":100,"pct_televisor":67}},{"type":"Feature","geometry":{"type":"Polygon","coordinates":[[[-65.58143,-16.81061],[-65.58006,-16.80896],[-65.57944,-16.80946],[-65.58079,-16.81116],[-65.58143,-16.81061]]]},"properties":{"n":"MAYOR JORDAN","p":39,"personas_x_ha":18,"masculinidad":95,"pct_menor20":51,"pct_60mas":10,"pct_migrante":44,"dependencia_econ":150,"pct_empleados":7,"pct_cuentapropia":79,"pct_agricultura":57,"pct_comercio":0,"pct_manufactura":14,"pct_construccion":14,"pct_transporte":7,"pct_alojamiento":7,"pct_sin_educacion":22,"pct_educ_superior":17,"brecha_educ":-33,"pct_sin_seguro":9,"pct_sus":91,"pct_seguro_privado":0,"brecha_seguro":9,"pct_salud_publica":30,"pct_med_tradicional":8,"pct_automedicacion":21,"pct_remedios_caseros":24,"pct_viv_desocupada":0,"pct_alquiler":7,"pct_electricidad":100,"pct_sin_electricidad":0,"pct_agua_red":64,"pct_alcantarillado":14,"pct_camara_septica":7,"pct_pozo_ciego":79,"pct_sin_desague":0,"pct_gas_red":0,"pct_gas_garrafa":93,"pct_lena_guano":93,"pct_basura_formal":57,"pct_basura_quema":43,"pct_basura_informal":0,"pct_internet":79,"pct_celular":86,"pct_televisor":50}},{"type":"Feature","geometry":{"type":"Polygon","coordinates":[[[-65.58242,-16.80994],[-65.58292,-16.81052],[-65.58352,-16.81001],[-65.58353,-16.80993],[-65.58305,-16.80942],[-65.58242,-16.80994]]]},"properties":{"n":"MAYOR JORDAN","p":22,"personas_x_ha":29,"masculinidad":120,"pct_menor20":68,"pct_60mas":0,"pct_migrante":14,"dependencia_econ":450,"pct_empleados":0,"pct_cuentapropia":75,"pct_agricultura":100,"pct_comercio":0,"pct_manufactura":0,"pct_construccion":0,"pct_transporte":0,"pct_alojamiento":0,"pct_sin_educacion":0,"pct_educ_superior":0,"brecha_educ":-50,"pct_sin_seguro":18,"pct_sus":82,"pct_seguro_privado":0,"brecha_seguro":-3,"pct_salud_publica":96,"pct_med_tradicional":0,"pct_automedicacion":0,"pct_remedios_caseros":0,"pct_viv_desocupada":18,"pct_alquiler":0,"pct_electricidad":100,"pct_sin_electricidad":0,"pct_agua_red":33,"pct_alcantarillado":17,"pct_camara_septica":0,"pct_pozo_ciego":83,"pct_sin_desague":0,"pct_gas_red":0,"pct_gas_garrafa":100,"pct_lena_guano":100,"pct_basura_formal":67,"pct_basura_quema":17,"pct_basura_informal":33,"pct_internet":0,"pct_celular":50,"pct_televisor":33}},{"type":"Feature","geometry":{"type":"Polygon","coordinates":[[[-65.58994,-16.80255],[-65.59042,-16.80308],[-65.59087,-16.80269],[-65.59088,-16.8026],[-65.5904,-16.80211],[-65.58994,-16.80255]]]},"properties":{"n":"MAYOR JORDAN","p":23,"personas_x_ha":40,"masculinidad":53,"pct_menor20":57,"pct_60mas":9,"pct_migrante":43,"dependencia_econ":144,"pct_empleados":11,"pct_cuentapropia":22,"pct_agricultura":89,"pct_comercio":0,"pct_manufactura":0,"pct_construccion":0,"pct_transporte":0,"pct_alojamiento":0,"pct_sin_educacion":30,"pct_educ_superior":10,"brecha_educ":-25,"pct_sin_seguro":0,"pct_sus":95,"pct_seguro_privado":5,"brecha_seguro":0,"pct_salud_publica":69,"pct_med_tradicional":3,"pct_automedicacion":9,"pct_remedios_caseros":9,"pct_viv_desocupada":0,"pct_alquiler":0,"pct_electricidad":100,"pct_sin_electricidad":0,"pct_agua_red":0,"pct_alcantarillado":11,"pct_camara_septica":0,"pct_pozo_ciego":89,"pct_sin_desague":0,"pct_gas_red":0,"pct_gas_garrafa":100,"pct_lena_guano":100,"pct_basura_formal":100,"pct_basura_quema":0,"pct_basura_informal":0,"pct_internet":0,"pct_celular":22,"pct_televisor":22}},{"type":"Feature","geometry":{"type":"Polygon","coordinates":[[[-65.58667,-16.80271],[-65.58506,-16.80101],[-65.58474,-16.80083],[-65.58475,-16.80024],[-65.58512,-16.80026],[-65.58695,-16.80249],[-65.58667,-16.80271]]]},"properties":{"n":"MAYOR JORDAN","p":17,"personas_x_ha":10,"masculinidad":55,"pct_menor20":35,"pct_60mas":0,"pct_migrante":47,"dependencia_econ":112,"pct_empleados":0,"pct_cuentapropia":75,"pct_agricultura":62,"pct_comercio":0,"pct_manufactura":0,"pct_construccion":0,"pct_transporte":25,"pct_alojamiento":0,"pct_sin_educacion":18,"pct_educ_superior":9,"brecha_educ":-23,"pct_sin_seguro":27,"pct_sus":73,"pct_seguro_privado":0,"brecha_seguro":20,"pct_salud_publica":30,"pct_med_tradicional":30,"pct_automedicacion":15,"pct_remedios_caseros":11,"pct_viv_desocupada":45,"pct_alquiler":0,"pct_electricidad":100,"pct_sin_electricidad":0,"pct_agua_red":67,"pct_alcantarillado":17,"pct_camara_septica":0,"pct_pozo_ciego":83,"pct_sin_desague":0,"pct_gas_red":0,"pct_gas_garrafa":100,"pct_lena_guano":100,"pct_basura_formal":50,"pct_basura_quema":33,"pct_basura_informal":0,"pct_internet":83,"pct_celular":83,"pct_televisor":83}},{"type":"Feature","geometry":{"type":"Polygon","coordinates":[[[-65.59037,-16.80198],[-65.58996,-16.80149],[-65.59046,-16.80112],[-65.59087,-16.80162],[-65.59037,-16.80198]]]},"properties":{"n":"MAYOR JORDAN","p":16,"personas_x_ha":31,"masculinidad":129,"pct_menor20":69,"pct_60mas":0,"pct_migrante":44,"dependencia_econ":129,"pct_empleados":14,"pct_cuentapropia":71,"pct_agricultura":71,"pct_comercio":0,"pct_manufactura":0,"pct_construccion":14,"pct_transporte":0,"pct_alojamiento":0,"pct_sin_educacion":20,"pct_educ_superior":0,"brecha_educ":-50,"pct_sin_seguro":0,"pct_sus":100,"pct_seguro_privado":0,"brecha_seguro":0,"pct_salud_publica":33,"pct_med_tradicional":4,"pct_automedicacion":21,"pct_remedios_caseros":21,"pct_viv_desocupada":8,"pct_alquiler":0,"pct_electricidad":100,"pct_sin_electricidad":0,"pct_agua_red":0,"pct_alcantarillado":0,"pct_camara_septica":0,"pct_pozo_ciego":75,"pct_sin_desague":12,"pct_gas_red":0,"pct_gas_garrafa":88,"pct_lena_guano":88,"pct_basura_formal":12,"pct_basura_quema":75,"pct_basura_informal":0,"pct_internet":75,"pct_celular":100,"pct_televisor":100}},{"type":"Feature","geometry":{"type":"Polygon","coordinates":[[[-65.58232,-16.80983],[-65.583,-16.80932],[-65.58243,-16.80862],[-65.58173,-16.80914],[-65.58232,-16.80983]]]},"properties":{"n":"MAYOR JORDAN","p":39,"personas_x_ha":40,"masculinidad":70,"pct_menor20":64,"pct_60mas":5,"pct_migrante":54,"dependencia_econ":117,"pct_empleados":6,"pct_cuentapropia":61,"pct_agricultura":83,"pct_comercio":6,"pct_manufactura":0,"pct_construccion":6,"pct_transporte":0,"pct_alojamiento":0,"pct_sin_educacion":0,"pct_educ_superior":7,"brecha_educ":-50,"pct_sin_seguro":13,"pct_sus":87,"pct_seguro_privado":0,"brecha_seguro":21,"pct_salud_publica":27,"pct_med_tradicional":10,"pct_automedicacion":21,"pct_remedios_caseros":19,"pct_viv_desocupada":6,"pct_alquiler":13,"pct_electricidad":93,"pct_sin_electricidad":7,"pct_agua_red":13,"pct_alcantarillado":33,"pct_camara_septica":7,"pct_pozo_ciego":53,"pct_sin_desague":7,"pct_gas_red":0,"pct_gas_garrafa":100,"pct_lena_guano":100,"pct_basura_formal":27,"pct_basura_quema":73,"pct_basura_informal":0,"pct_internet":73,"pct_celular":87,"pct_televisor":47}},{"type":"Feature","geometry":{"type":"Polygon","coordinates":[[[-65.58279,-16.81063],[-65.58235,-16.81004],[-65.58165,-16.8106],[-65.58216,-16.81115],[-65.58279,-16.81063]]]},"properties":{"n":"MAYOR JORDAN","p":31,"personas_x_ha":37,"masculinidad":94,"pct_menor20":74,"pct_60mas":3,"pct_migrante":45,"dependencia_econ":288,"pct_empleados":25,"pct_cuentapropia":50,"pct_agricultura":62,"pct_comercio":0,"pct_manufactura":12,"pct_construccion":0,"pct_transporte":0,"pct_alojamiento":0,"pct_sin_educacion":20,"pct_educ_superior":10,"brecha_educ":-12,"pct_sin_seguro":6,"pct_sus":94,"pct_seguro_privado":0,"brecha_seguro":0,"pct_salud_publica":26,"pct_med_tradicional":8,"pct_automedicacion":21,"pct_remedios_caseros":20,"pct_viv_desocupada":0,"pct_alquiler":18,"pct_electricidad":91,"pct_sin_electricidad":9,"pct_agua_red":0,"pct_alcantarillado":0,"pct_camara_septica":0,"pct_pozo_ciego":100,"pct_sin_desague":0,"pct_gas_red":0,"pct_gas_garrafa":100,"pct_lena_guano":100,"pct_basura_formal":45,"pct_basura_quema":55,"pct_basura_informal":0,"pct_internet":100,"pct_celular":100,"pct_televisor":45}},{"type":"Feature","geometry":{"type":"Polygon","coordinates":[[[-65.58131,-16.81179],[-65.58199,-16.81127],[-65.58154,-16.81073],[-65.58088,-16.81122],[-65.58131,-16.81179]]]},"properties":{"n":"MAYOR JORDAN","p":26,"personas_x_ha":35,"masculinidad":62,"pct_menor20":50,"pct_60mas":0,"pct_migrante":65,"dependencia_econ":86,"pct_empleados":7,"pct_cuentapropia":71,"pct_agricultura":64,"pct_comercio":0,"pct_manufactura":0,"pct_construccion":14,"pct_transporte":7,"pct_alojamiento":14,"pct_sin_educacion":7,"pct_educ_superior":21,"brecha_educ":0,"pct_sin_seguro":8,"pct_sus":85,"pct_seguro_privado":8,"brecha_seguro":20,"pct_salud_publica":24,"pct_med_tradicional":10,"pct_automedicacion":18,"pct_remedios_caseros":14,"pct_viv_desocupada":6,"pct_alquiler":0,"pct_electricidad":100,"pct_sin_electricidad":0,"pct_agua_red":0,"pct_alcantarillado":20,"pct_camara_septica":0,"pct_pozo_ciego":80,"pct_sin_desague":0,"pct_gas_red":0,"pct_gas_garrafa":90,"pct_lena_guano":90,"pct_basura_formal":70,"pct_basura_quema":30,"pct_basura_informal":0,"pct_internet":70,"pct_celular":90,"pct_televisor":60}},{"type":"Feature","geometry":{"type":"Polygon","coordinates":[[[-65.33875,-16.65015],[-65.33776,-16.65],[-65.33769,-16.65095],[-65.33866,-16.65103],[-65.33875,-16.65015]]]},"properties":{"n":"NORTE GALILEA","p":15,"personas_x_ha":14,"masculinidad":200,"pct_menor20":40,"pct_60mas":0,"pct_migrante":53,"dependencia_econ":67,"pct_empleados":11,"pct_cuentapropia":89,"pct_agricultura":78,"pct_comercio":11,"pct_manufactura":0,"pct_construccion":0,"pct_transporte":0,"pct_alojamiento":0,"pct_sin_educacion":0,"pct_educ_superior":11,"brecha_educ":-5,"pct_sin_seguro":0,"pct_sus":100,"pct_seguro_privado":0,"brecha_seguro":0,"pct_salud_publica":24,"pct_med_tradicional":20,"pct_automedicacion":22,"pct_remedios_caseros":26,"pct_viv_desocupada":0,"pct_alquiler":0,"pct_electricidad":46,"pct_sin_electricidad":54,"pct_agua_red":0,"pct_alcantarillado":0,"pct_camara_septica":0,"pct_pozo_ciego":15,"pct_sin_desague":77,"pct_gas_red":0,"pct_gas_garrafa":77,"pct_lena_guano":77,"pct_basura_formal":0,"pct_basura_quema":92,"pct_basura_informal":0,"pct_internet":77,"pct_celular":85,"pct_televisor":23}},{"type":"Feature","geometry":{"type":"Polygon","coordinates":[[[-65.34082,-16.65242],[-65.34069,-16.65327],[-65.33969,-16.65313],[-65.33977,-16.65228],[-65.34082,-16.65242]]]},"properties":{"n":"NORTE GALILEA","p":17,"personas_x_ha":16,"masculinidad":240,"pct_menor20":88,"pct_60mas":0,"pct_migrante":18,"dependencia_econ":183,"pct_empleados":0,"pct_cuentapropia":67,"pct_agricultura":83,"pct_comercio":0,"pct_manufactura":0,"pct_construccion":0,"pct_transporte":17,"pct_alojamiento":0,"pct_sin_educacion":33,"pct_educ_superior":0,"brecha_educ":-100,"pct_sin_seguro":24,"pct_sus":76,"pct_seguro_privado":0,"brecha_seguro":5,"pct_salud_publica":18,"pct_med_tradicional":16,"pct_automedicacion":21,"pct_remedios_caseros":22,"pct_viv_desocupada":27,"pct_alquiler":12,"pct_electricidad":50,"pct_sin_electricidad":50,"pct_agua_red":0,"pct_alcantarillado":25,"pct_camara_septica":0,"pct_pozo_ciego":12,"pct_sin_desague":62,"pct_gas_red":0,"pct_gas_garrafa":75,"pct_lena_guano":75,"pct_basura_formal":0,"pct_basura_quema":100,"pct_basura_informal":0,"pct_internet":75,"pct_celular":75,"pct_televisor":25}},{"type":"Feature","geometry":{"type":"Polygon","coordinates":[[[-65.33993,-16.65431],[-65.33925,-16.65399],[-65.33933,-16.65318],[-65.33998,-16.65326],[-65.33993,-16.65431]]]},"properties":{"n":"NORTE GALILEA","p":17,"personas_x_ha":23,"masculinidad":31,"pct_menor20":71,"pct_60mas":6,"pct_migrante":35,"dependencia_econ":240,"pct_empleados":0,"pct_cuentapropia":20,"pct_agricultura":100,"pct_comercio":0,"pct_manufactura":0,"pct_construccion":0,"pct_transporte":0,"pct_alojamiento":0,"pct_sin_educacion":0,"pct_educ_superior":0,"brecha_educ":-25,"pct_sin_seguro":0,"pct_sus":100,"pct_seguro_privado":0,"brecha_seguro":0,"pct_salud_publica":27,"pct_med_tradicional":23,"pct_automedicacion":25,"pct_remedios_caseros":15,"pct_viv_desocupada":17,"pct_alquiler":0,"pct_electricidad":100,"pct_sin_electricidad":0,"pct_agua_red":100,"pct_alcantarillado":10,"pct_camara_septica":0,"pct_pozo_ciego":90,"pct_sin_desague":0,"pct_gas_red":0,"pct_gas_garrafa":100,"pct_lena_guano":100,"pct_basura_formal":0,"pct_basura_quema":100,"pct_basura_informal":0,"pct_internet":80,"pct_celular":80,"pct_televisor":80}},{"type":"Feature","geometry":{"type":"Polygon","coordinates":[[[-65.33816,-16.65581],[-65.33858,-16.65497],[-65.33757,-16.65453],[-65.33719,-16.65535],[-65.33816,-16.65581]]]},"properties":{"n":"NORTE GALILEA","p":23,"personas_x_ha":19,"masculinidad":77,"pct_menor20":61,"pct_60mas":4,"pct_migrante":52,"dependencia_econ":53,"pct_empleados":20,"pct_cuentapropia":60,"pct_agricultura":93,"pct_comercio":0,"pct_manufactura":0,"pct_construccion":0,"pct_transporte":0,"pct_alojamiento":0,"pct_sin_educacion":0,"pct_educ_superior":0,"brecha_educ":-50,"pct_sin_seguro":0,"pct_sus":100,"pct_seguro_privado":0,"brecha_seguro":0,"pct_salud_publica":28,"pct_med_tradicional":5,"pct_automedicacion":22,"pct_remedios_caseros":22,"pct_viv_desocupada":0,"pct_alquiler":13,"pct_electricidad":80,"pct_sin_electricidad":20,"pct_agua_red":7,"pct_alcantarillado":0,"pct_camara_septica":0,"pct_pozo_ciego":33,"pct_sin_desague":53,"pct_gas_red":0,"pct_gas_garrafa":80,"pct_lena_guano":80,"pct_basura_formal":0,"pct_basura_quema":93,"pct_basura_informal":0,"pct_internet":73,"pct_celular":80,"pct_televisor":33}},{"type":"Feature","geometry":{"type":"Polygon","coordinates":[[[-65.33936,-16.65745],[-65.33929,-16.65649],[-65.33842,-16.65612],[-65.33836,-16.65617],[-65.33843,-16.65741],[-65.33936,-16.65745]]]},"properties":{"n":"NORTE GALILEA","p":15,"personas_x_ha":12,"masculinidad":36,"pct_menor20":60,"pct_60mas":0,"pct_migrante":73,"dependencia_econ":150,"pct_empleados":0,"pct_cuentapropia":83,"pct_agricultura":33,"pct_comercio":33,"pct_manufactura":0,"pct_construccion":0,"pct_transporte":0,"pct_alojamiento":17,"pct_sin_educacion":0,"pct_educ_superior":17,"brecha_educ":25,"pct_sin_seguro":0,"pct_sus":100,"pct_seguro_privado":0,"brecha_seguro":0,"pct_salud_publica":33,"pct_med_tradicional":3,"pct_automedicacion":10,"pct_remedios_caseros":38,"pct_viv_desocupada":14,"pct_alquiler":20,"pct_electricidad":80,"pct_sin_electricidad":0,"pct_agua_red":40,"pct_alcantarillado":0,"pct_camara_septica":0,"pct_pozo_ciego":80,"pct_sin_desague":20,"pct_gas_red":0,"pct_gas_garrafa":100,"pct_lena_guano":100,"pct_basura_formal":0,"pct_basura_quema":100,"pct_basura_informal":0,"pct_internet":100,"pct_celular":100,"pct_televisor":80}},{"type":"Feature","geometry":{"type":"Polygon","coordinates":[[[-65.33987,-16.65441],[-65.33916,-16.6541],[-65.33878,-16.65493],[-65.33951,-16.65524],[-65.33989,-16.6545],[-65.33987,-16.65441]]]},"properties":{"n":"NORTE GALILEA","p":27,"personas_x_ha":31,"masculinidad":69,"pct_menor20":70,"pct_60mas":4,"pct_migrante":48,"dependencia_econ":350,"pct_empleados":50,"pct_cuentapropia":50,"pct_agricultura":83,"pct_comercio":17,"pct_manufactura":0,"pct_construccion":0,"pct_transporte":0,"pct_alojamiento":0,"pct_sin_educacion":0,"pct_educ_superior":12,"brecha_educ":67,"pct_sin_seguro":4,"pct_sus":89,"pct_seguro_privado":0,"brecha_seguro":9,"pct_salud_publica":23,"pct_med_tradicional":22,"pct_automedicacion":20,"pct_remedios_caseros":21,"pct_viv_desocupada":5,"pct_alquiler":0,"pct_electricidad":93,"pct_sin_electricidad":7,"pct_agua_red":57,"pct_alcantarillado":0,"pct_camara_septica":43,"pct_pozo_ciego":50,"pct_sin_desague":7,"pct_gas_red":0,"pct_gas_garrafa":100,"pct_lena_guano":100,"pct_basura_formal":0,"pct_basura_quema":93,"pct_basura_informal":0,"pct_internet":93,"pct_celular":93,"pct_televisor":50}},{"type":"Feature","geometry":{"type":"Polygon","coordinates":[[[-65.33858,-16.65306],[-65.33758,-16.65301],[-65.33762,-16.65216],[-65.3386,-16.65221],[-65.33858,-16.65306]]]},"properties":{"n":"NORTE GALILEA","p":15,"personas_x_ha":15,"masculinidad":200,"pct_menor20":53,"pct_60mas":0,"pct_migrante":47,"dependencia_econ":88,"pct_empleados":0,"pct_cuentapropia":75,"pct_agricultura":88,"pct_comercio":0,"pct_manufactura":0,"pct_construccion":0,"pct_transporte":0,"pct_alojamiento":0,"pct_sin_educacion":0,"pct_educ_superior":0,"brecha_educ":-8,"pct_sin_seguro":7,"pct_sus":93,"pct_seguro_privado":0,"brecha_seguro":11,"pct_salud_publica":34,"pct_med_tradicional":11,"pct_automedicacion":25,"pct_remedios_caseros":25,"pct_viv_desocupada":0,"pct_alquiler":0,"pct_electricidad":88,"pct_sin_electricidad":12,"pct_agua_red":25,"pct_alcantarillado":0,"pct_camara_septica":0,"pct_pozo_ciego":88,"pct_sin_desague":12,"pct_gas_red":0,"pct_gas_garrafa":88,"pct_lena_guano":88,"pct_basura_formal":0,"pct_basura_quema":88,"pct_basura_informal":0,"pct_internet":88,"pct_celular":88,"pct_televisor":38}},{"type":"Feature","geometry":{"type":"Polygon","coordinates":[[[-65.34088,-16.65491],[-65.34048,-16.65571],[-65.34148,-16.65611],[-65.34184,-16.65537],[-65.34088,-16.65491]]]},"properties":{"n":"NORTE GALILEA","p":21,"personas_x_ha":19,"masculinidad":62,"pct_menor20":52,"pct_60mas":5,"pct_migrante":29,"dependencia_econ":200,"pct_empleados":0,"pct_cuentapropia":100,"pct_agricultura":86,"pct_comercio":0,"pct_manufactura":0,"pct_construccion":0,"pct_transporte":0,"pct_alojamiento":0,"pct_sin_educacion":0,"pct_educ_superior":10,"brecha_educ":0,"pct_sin_seguro":5,"pct_sus":95,"pct_seguro_privado":0,"brecha_seguro":12,"pct_salud_publica":29,"pct_med_tradicional":7,"pct_automedicacion":30,"pct_remedios_caseros":20,"pct_viv_desocupada":9,"pct_alquiler":0,"pct_electricidad":62,"pct_sin_electricidad":38,"pct_agua_red":88,"pct_alcantarillado":0,"pct_camara_septica":0,"pct_pozo_ciego":50,"pct_sin_desague":50,"pct_gas_red":0,"pct_gas_garrafa":88,"pct_lena_guano":88,"pct_basura_formal":0,"pct_basura_quema":88,"pct_basura_informal":0,"pct_internet":88,"pct_celular":88,"pct_televisor":62}},{"type":"Feature","geometry":{"type":"Polygon","coordinates":[[[-65.34031,-16.65578],[-65.33957,-16.65542],[-65.33918,-16.65618],[-65.33994,-16.65654],[-65.34031,-16.65578]]]},"properties":{"n":"NORTE GALILEA","p":36,"personas_x_ha":41,"masculinidad":71,"pct_menor20":61,"pct_60mas":11,"pct_migrante":53,"dependencia_econ":100,"pct_empleados":0,"pct_cuentapropia":83,"pct_agricultura":83,"pct_comercio":11,"pct_manufactura":0,"pct_construccion":0,"pct_transporte":0,"pct_alojamiento":0,"pct_sin_educacion":29,"pct_educ_superior":0,"brecha_educ":-29,"pct_sin_seguro":3,"pct_sus":97,"pct_seguro_privado":0,"brecha_seguro":7,"pct_salud_publica":23,"pct_med_tradicional":10,"pct_automedicacion":19,"pct_remedios_caseros":21,"pct_viv_desocupada":0,"pct_alquiler":12,"pct_electricidad":100,"pct_sin_electricidad":0,"pct_agua_red":6,"pct_alcantarillado":6,"pct_camara_septica":6,"pct_pozo_ciego":65,"pct_sin_desague":18,"pct_gas_red":0,"pct_gas_garrafa":94,"pct_lena_guano":94,"pct_basura_formal":6,"pct_basura_quema":76,"pct_basura_informal":12,"pct_internet":71,"pct_celular":94,"pct_televisor":41}},{"type":"Feature","geometry":{"type":"Polygon","coordinates":[[[-65.33994,-16.64936],[-65.339,-16.64923],[-65.3389,-16.64982],[-65.33986,-16.64997],[-65.33994,-16.64936]]]},"properties":{"n":"NORTE GALILEA","p":20,"personas_x_ha":29,"masculinidad":43,"pct_menor20":60,"pct_60mas":5,"pct_migrante":80,"dependencia_econ":122,"pct_empleados":11,"pct_cuentapropia":78,"pct_agricultura":44,"pct_comercio":22,"pct_manufactura":11,"pct_construccion":0,"pct_transporte":11,"pct_alojamiento":0,"pct_sin_educacion":22,"pct_educ_superior":0,"brecha_educ":-67,"pct_sin_seguro":5,"pct_sus":95,"pct_seguro_privado":0,"brecha_seguro":17,"pct_salud_publica":45,"pct_med_tradicional":5,"pct_automedicacion":11,"pct_remedios_caseros":27,"pct_viv_desocupada":0,"pct_alquiler":14,"pct_electricidad":43,"pct_sin_electricidad":57,"pct_agua_red":0,"pct_alcantarillado":0,"pct_camara_septica":0,"pct_pozo_ciego":71,"pct_sin_desague":29,"pct_gas_red":0,"pct_gas_garrafa":100,"pct_lena_guano":100,"pct_basura_formal":0,"pct_basura_quema":100,"pct_basura_informal":0,"pct_internet":57,"pct_celular":57,"pct_televisor":0}},{"type":"Feature","geometry":{"type":"Polygon","coordinates":[[[-65.34193,-16.6565],[-65.3412,-16.65617],[-65.34089,-16.65701],[-65.34155,-16.65731],[-65.34193,-16.6565]]]},"properties":{"n":"NORTE GALILEA","p":17,"personas_x_ha":21,"masculinidad":467,"pct_menor20":71,"pct_60mas":0,"pct_migrante":35,"dependencia_econ":240,"pct_empleados":0,"pct_cuentapropia":80,"pct_agricultura":80,"pct_comercio":20,"pct_manufactura":0,"pct_construccion":0,"pct_transporte":0,"pct_alojamiento":0,"pct_sin_educacion":0,"pct_educ_superior":0,"brecha_educ":25,"pct_sin_seguro":6,"pct_sus":94,"pct_seguro_privado":0,"brecha_seguro":7,"pct_salud_publica":36,"pct_med_tradicional":26,"pct_automedicacion":11,"pct_remedios_caseros":26,"pct_viv_desocupada":27,"pct_alquiler":11,"pct_electricidad":67,"pct_sin_electricidad":33,"pct_agua_red":56,"pct_alcantarillado":11,"pct_camara_septica":0,"pct_pozo_ciego":56,"pct_sin_desague":33,"pct_gas_red":0,"pct_gas_garrafa":100,"pct_lena_guano":100,"pct_basura_formal":0,"pct_basura_quema":100,"pct_basura_informal":0,"pct_internet":44,"pct_celular":56,"pct_televisor":22}},{"type":"Feature","geometry":{"type":"Polygon","coordinates":[[[-65.82493,-16.5632],[-65.82562,-16.56372],[-65.82569,-16.56372],[-65.82605,-16.56327],[-65.82531,-16.56271],[-65.82493,-16.5632]]]},"properties":{"n":"NUEVA AROMA","p":23,"personas_x_ha":33,"masculinidad":92,"pct_menor20":65,"pct_60mas":4,"pct_migrante":48,"dependencia_econ":283,"pct_empleados":0,"pct_cuentapropia":83,"pct_agricultura":83,"pct_comercio":17,"pct_manufactura":0,"pct_construccion":0,"pct_transporte":0,"pct_alojamiento":0,"pct_sin_educacion":12,"pct_educ_superior":12,"brecha_educ":-83,"pct_sin_seguro":4,"pct_sus":96,"pct_seguro_privado":0,"brecha_seguro":-8,"pct_salud_publica":32,"pct_med_tradicional":7,"pct_automedicacion":19,"pct_remedios_caseros":23,"pct_viv_desocupada":27,"pct_alquiler":22,"pct_electricidad":100,"pct_sin_electricidad":0,"pct_agua_red":33,"pct_alcantarillado":0,"pct_camara_septica":0,"pct_pozo_ciego":78,"pct_sin_desague":22,"pct_gas_red":0,"pct_gas_garrafa":100,"pct_lena_guano":100,"pct_basura_formal":11,"pct_basura_quema":89,"pct_basura_informal":0,"pct_internet":89,"pct_celular":100,"pct_televisor":67}},{"type":"Feature","geometry":{"type":"Polygon","coordinates":[[[-65.8264,-16.56013],[-65.82582,-16.56077],[-65.82637,-16.56119],[-65.82687,-16.56054],[-65.8264,-16.56013]]]},"properties":{"n":"NUEVA AROMA","p":20,"personas_x_ha":29,"masculinidad":67,"pct_menor20":35,"pct_60mas":5,"pct_migrante":65,"dependencia_econ":54,"pct_empleados":8,"pct_cuentapropia":69,"pct_agricultura":38,"pct_comercio":15,"pct_manufactura":15,"pct_construccion":0,"pct_transporte":0,"pct_alojamiento":8,"pct_sin_educacion":31,"pct_educ_superior":15,"brecha_educ":-22,"pct_sin_seguro":5,"pct_sus":95,"pct_seguro_privado":0,"brecha_seguro":-8,"pct_salud_publica":21,"pct_med_tradicional":17,"pct_automedicacion":18,"pct_remedios_caseros":21,"pct_viv_desocupada":0,"pct_alquiler":14,"pct_electricidad":86,"pct_sin_electricidad":0,"pct_agua_red":29,"pct_alcantarillado":0,"pct_camara_septica":0,"pct_pozo_ciego":71,"pct_sin_desague":0,"pct_gas_red":0,"pct_gas_garrafa":100,"pct_lena_guano":100,"pct_basura_formal":0,"pct_basura_quema":100,"pct_basura_informal":0,"pct_internet":29,"pct_celular":100,"pct_televisor":43}},{"type":"Feature","geometry":{"type":"Polygon","coordinates":[[[-65.82541,-16.5626],[-65.82613,-16.56312],[-65.82667,-16.56247],[-65.82595,-16.56191],[-65.82541,-16.5626]]]},"properties":{"n":"NUEVA AROMA","p":19,"personas_x_ha":20,"masculinidad":111,"pct_menor20":53,"pct_60mas":0,"pct_migrante":89,"dependencia_econ":111,"pct_empleados":78,"pct_cuentapropia":11,"pct_agricultura":11,"pct_comercio":0,"pct_manufactura":0,"pct_construccion":0,"pct_transporte":0,"pct_alojamiento":22,"pct_sin_educacion":0,"pct_educ_superior":78,"brecha_educ":0,"pct_sin_seguro":0,"pct_sus":47,"pct_seguro_privado":0,"brecha_seguro":0,"pct_salud_publica":20,"pct_med_tradicional":16,"pct_automedicacion":17,"pct_remedios_caseros":24,"pct_viv_desocupada":0,"pct_alquiler":17,"pct_electricidad":100,"pct_sin_electricidad":0,"pct_agua_red":17,"pct_alcantarillado":33,"pct_camara_septica":17,"pct_pozo_ciego":33,"pct_sin_desague":0,"pct_gas_red":0,"pct_gas_garrafa":100,"pct_lena_guano":100,"pct_basura_formal":0,"pct_basura_quema":100,"pct_basura_informal":0,"pct_internet":83,"pct_celular":100,"pct_televisor":33}},{"type":"Feature","geometry":{"type":"Polygon","coordinates":[[[-65.82332,-16.56022],[-65.82287,-16.56064],[-65.82329,-16.561],[-65.8237,-16.56057],[-65.82332,-16.56022]]]},"properties":{"n":"NUEVA AROMA","p":15,"personas_x_ha":36,"masculinidad":150,"pct_menor20":60,"pct_60mas":0,"pct_migrante":53,"dependencia_econ":100,"pct_empleados":0,"pct_cuentapropia":100,"pct_agricultura":71,"pct_comercio":0,"pct_manufactura":0,"pct_construccion":0,"pct_transporte":0,"pct_alojamiento":29,"pct_sin_educacion":14,"pct_educ_superior":0,"brecha_educ":-17,"pct_sin_seguro":0,"pct_sus":100,"pct_seguro_privado":0,"brecha_seguro":0,"pct_salud_publica":32,"pct_med_tradicional":5,"pct_automedicacion":30,"pct_remedios_caseros":32,"pct_viv_desocupada":0,"pct_alquiler":0,"pct_electricidad":100,"pct_sin_electricidad":0,"pct_agua_red":14,"pct_alcantarillado":43,"pct_camara_septica":14,"pct_pozo_ciego":43,"pct_sin_desague":0,"pct_gas_red":0,"pct_gas_garrafa":100,"pct_lena_guano":100,"pct_basura_formal":0,"pct_basura_quema":100,"pct_basura_informal":0,"pct_internet":57,"pct_celular":71,"pct_televisor":43}},{"type":"Feature","geometry":{"type":"Polygon","coordinates":[[[-65.82527,-16.56254],[-65.82585,-16.56186],[-65.82533,-16.56144],[-65.82476,-16.56214],[-65.82527,-16.56254]]]},"properties":{"n":"NUEVA AROMA","p":24,"personas_x_ha":33,"masculinidad":60,"pct_menor20":42,"pct_60mas":12,"pct_migrante":54,"dependencia_econ":100,"pct_empleados":8,"pct_cuentapropia":75,"pct_agricultura":33,"pct_comercio":25,"pct_manufactura":0,"pct_construccion":0,"pct_transporte":25,"pct_alojamiento":17,"pct_sin_educacion":7,"pct_educ_superior":21,"brecha_educ":0,"pct_sin_seguro":17,"pct_sus":83,"pct_seguro_privado":0,"brecha_seguro":9,"pct_salud_publica":29,"pct_med_tradicional":16,"pct_automedicacion":26,"pct_remedios_caseros":21,"pct_viv_desocupada":8,"pct_alquiler":0,"pct_electricidad":100,"pct_sin_electricidad":0,"pct_agua_red":67,"pct_alcantarillado":0,"pct_camara_septica":11,"pct_pozo_ciego":78,"pct_sin_desague":0,"pct_gas_red":0,"pct_gas_garrafa":100,"pct_lena_guano":100,"pct_basura_formal":0,"pct_basura_quema":89,"pct_basura_informal":22,"pct_internet":100,"pct_celular":100,"pct_televisor":78}},{"type":"Feature","geometry":{"type":"Polygon","coordinates":[[[-65.82759,-16.55973],[-65.82705,-16.56036],[-65.82644,-16.55996],[-65.82704,-16.55928],[-65.82759,-16.55973]]]},"properties":{"n":"NUEVA AROMA","p":22,"personas_x_ha":28,"masculinidad":175,"pct_menor20":50,"pct_60mas":0,"pct_migrante":50,"dependencia_econ":144,"pct_empleados":0,"pct_cuentapropia":56,"pct_agricultura":44,"pct_comercio":11,"pct_manufactura":0,"pct_construccion":0,"pct_transporte":0,"pct_alojamiento":0,"pct_sin_educacion":0,"pct_educ_superior":33,"brecha_educ":-11,"pct_sin_seguro":14,"pct_sus":86,"pct_seguro_privado":0,"brecha_seguro":2,"pct_salud_publica":35,"pct_med_tradicional":19,"pct_automedicacion":16,"pct_remedios_caseros":25,"pct_viv_desocupada":0,"pct_alquiler":0,"pct_electricidad":73,"pct_sin_electricidad":27,"pct_agua_red":36,"pct_alcantarillado":0,"pct_camara_septica":9,"pct_pozo_ciego":91,"pct_sin_desague":0,"pct_gas_red":0,"pct_gas_garrafa":91,"pct_lena_guano":91,"pct_basura_formal":0,"pct_basura_quema":91,"pct_basura_informal":0,"pct_internet":36,"pct_celular":91,"pct_televisor":73}},{"type":"Feature","geometry":{"type":"Polygon","coordinates":[[[-65.82342,-16.56106],[-65.82386,-16.56141],[-65.82423,-16.56092],[-65.82379,-16.56063],[-65.82342,-16.56106]]]},"properties":{"n":"NUEVA AROMA","p":21,"personas_x_ha":54,"masculinidad":62,"pct_menor20":52,"pct_60mas":0,"pct_migrante":52,"dependencia_econ":50,"pct_empleados":14,"pct_cuentapropia":57,"pct_agricultura":64,"pct_comercio":0,"pct_manufactura":0,"pct_construccion":0,"pct_transporte":0,"pct_alojamiento":0,"pct_sin_educacion":0,"pct_educ_superior":70,"brecha_educ":-50,"pct_sin_seguro":5,"pct_sus":86,"pct_seguro_privado":0,"brecha_seguro":12,"pct_salud_publica":44,"pct_med_tradicional":5,"pct_automedicacion":15,"pct_remedios_caseros":18,"pct_viv_desocupada":0,"pct_alquiler":0,"pct_electricidad":90,"pct_sin_electricidad":10,"pct_agua_red":90,"pct_alcantarillado":10,"pct_camara_septica":0,"pct_pozo_ciego":90,"pct_sin_desague":0,"pct_gas_red":0,"pct_gas_garrafa":90,"pct_lena_guano":90,"pct_basura_formal":0,"pct_basura_quema":100,"pct_basura_informal":0,"pct_internet":80,"pct_celular":80,"pct_televisor":30}},{"type":"Feature","geometry":{"type":"Polygon","coordinates":[[[-65.8272,-16.56179],[-65.82774,-16.56116],[-65.82704,-16.56058],[-65.82652,-16.56129],[-65.8272,-16.56179]]]},"properties":{"n":"NUEVA AROMA","p":41,"personas_x_ha":44,"masculinidad":71,"pct_menor20":66,"pct_60mas":2,"pct_migrante":54,"dependencia_econ":173,"pct_empleados":7,"pct_cuentapropia":60,"pct_agricultura":53,"pct_comercio":13,"pct_manufactura":0,"pct_construccion":0,"pct_transporte":13,"pct_alojamiento":7,"pct_sin_educacion":0,"pct_educ_superior":14,"brecha_educ":-14,"pct_sin_seguro":20,"pct_sus":70,"pct_seguro_privado":0,"brecha_seguro":16,"pct_salud_publica":58,"pct_med_tradicional":2,"pct_automedicacion":25,"pct_remedios_caseros":8,"pct_viv_desocupada":5,"pct_alquiler":0,"pct_electricidad":100,"pct_sin_electricidad":0,"pct_agua_red":71,"pct_alcantarillado":12,"pct_camara_septica":24,"pct_pozo_ciego":59,"pct_sin_desague":0,"pct_gas_red":0,"pct_gas_garrafa":100,"pct_lena_guano":100,"pct_basura_formal":6,"pct_basura_quema":94,"pct_basura_informal":0,"pct_internet":82,"pct_celular":88,"pct_televisor":76}},{"type":"Feature","geometry":{"type":"Polygon","coordinates":[[[-65.82323,-16.56134],[-65.82394,-16.56225],[-65.82427,-16.56187],[-65.82334,-16.56114],[-65.82323,-16.56134]]]},"properties":{"n":"NUEVA AROMA","p":17,"personas_x_ha":33,"masculinidad":89,"pct_menor20":53,"pct_60mas":6,"pct_migrante":71,"dependencia_econ":70,"pct_empleados":10,"pct_cuentapropia":80,"pct_agricultura":90,"pct_comercio":0,"pct_manufactura":0,"pct_construccion":0,"pct_transporte":0,"pct_alojamiento":0,"pct_sin_educacion":0,"pct_educ_superior":25,"brecha_educ":-7,"pct_sin_seguro":24,"pct_sus":47,"pct_seguro_privado":0,"brecha_seguro":3,"pct_salud_publica":22,"pct_med_tradicional":3,"pct_automedicacion":25,"pct_remedios_caseros":25,"pct_viv_desocupada":0,"pct_alquiler":0,"pct_electricidad":100,"pct_sin_electricidad":0,"pct_agua_red":100,"pct_alcantarillado":0,"pct_camara_septica":0,"pct_pozo_ciego":100,"pct_sin_desague":0,"pct_gas_red":0,"pct_gas_garrafa":100,"pct_lena_guano":100,"pct_basura_formal":0,"pct_basura_quema":100,"pct_basura_informal":0,"pct_internet":100,"pct_celular":100,"pct_televisor":67}},{"type":"Feature","geometry":{"type":"Polygon","coordinates":[[[-65.82727,-16.56293],[-65.8268,-16.56256],[-65.82624,-16.56327],[-65.82673,-16.56362],[-65.82727,-16.56293]]]},"properties":{"n":"NUEVA AROMA","p":26,"personas_x_ha":40,"masculinidad":62,"pct_menor20":58,"pct_60mas":0,"pct_migrante":42,"dependencia_econ":136,"pct_empleados":9,"pct_cuentapropia":73,"pct_agricultura":82,"pct_comercio":0,"pct_manufactura":0,"pct_construccion":0,"pct_transporte":9,"pct_alojamiento":0,"pct_sin_educacion":8,"pct_educ_superior":25,"brecha_educ":-62,"pct_sin_seguro":0,"pct_sus":100,"pct_seguro_privado":0,"brecha_seguro":0,"pct_salud_publica":23,"pct_med_tradicional":9,"pct_automedicacion":19,"pct_remedios_caseros":24,"pct_viv_desocupada":11,"pct_alquiler":17,"pct_electricidad":100,"pct_sin_electricidad":0,"pct_agua_red":33,"pct_alcantarillado":17,"pct_camara_septica":8,"pct_pozo_ciego":67,"pct_sin_desague":0,"pct_gas_red":0,"pct_gas_garrafa":100,"pct_lena_guano":100,"pct_basura_formal":0,"pct_basura_quema":100,"pct_basura_informal":0,"pct_internet":58,"pct_celular":75,"pct_televisor":33}},{"type":"Feature","geometry":{"type":"Polygon","coordinates":[[[-65.82748,-16.56293],[-65.82794,-16.56327],[-65.8283,-16.56277],[-65.82788,-16.56245],[-65.82748,-16.56293]]]},"properties":{"n":"NUEVA AROMA","p":17,"personas_x_ha":40,"masculinidad":70,"pct_menor20":76,"pct_60mas":0,"pct_migrante":24,"dependencia_econ":300,"pct_empleados":0,"pct_cuentapropia":75,"pct_agricultura":50,"pct_comercio":0,"pct_manufactura":0,"pct_construccion":0,"pct_transporte":0,"pct_alojamiento":0,"pct_sin_educacion":0,"pct_educ_superior":25,"brecha_educ":0,"pct_sin_seguro":0,"pct_sus":88,"pct_seguro_privado":0,"brecha_seguro":0,"pct_salud_publica":21,"pct_med_tradicional":10,"pct_automedicacion":15,"pct_remedios_caseros":13,"pct_viv_desocupada":0,"pct_alquiler":0,"pct_electricidad":100,"pct_sin_electricidad":0,"pct_agua_red":12,"pct_alcantarillado":12,"pct_camara_septica":0,"pct_pozo_ciego":88,"pct_sin_desague":0,"pct_gas_red":0,"pct_gas_garrafa":100,"pct_lena_guano":100,"pct_basura_formal":0,"pct_basura_quema":100,"pct_basura_informal":0,"pct_internet":75,"pct_celular":88,"pct_televisor":75}},{"type":"Feature","geometry":{"type":"Polygon","coordinates":[[[-65.82509,-16.56003],[-65.82554,-16.5604],[-65.82602,-16.55976],[-65.82555,-16.55944],[-65.82509,-16.56003]]]},"properties":{"n":"NUEVA AROMA","p":20,"personas_x_ha":36,"masculinidad":82,"pct_menor20":20,"pct_60mas":15,"pct_migrante":75,"dependencia_econ":43,"pct_empleados":0,"pct_cuentapropia":57,"pct_agricultura":36,"pct_comercio":21,"pct_manufactura":0,"pct_construccion":0,"pct_transporte":7,"pct_alojamiento":7,"pct_sin_educacion":12,"pct_educ_superior":56,"brecha_educ":-19,"pct_sin_seguro":15,"pct_sus":70,"pct_seguro_privado":0,"brecha_seguro":13,"pct_salud_publica":28,"pct_med_tradicional":4,"pct_automedicacion":19,"pct_remedios_caseros":26,"pct_viv_desocupada":0,"pct_alquiler":0,"pct_electricidad":100,"pct_sin_electricidad":0,"pct_agua_red":67,"pct_alcantarillado":0,"pct_camara_septica":11,"pct_pozo_ciego":89,"pct_sin_desague":0,"pct_gas_red":0,"pct_gas_garrafa":100,"pct_lena_guano":100,"pct_basura_formal":0,"pct_basura_quema":100,"pct_basura_informal":0,"pct_internet":78,"pct_celular":100,"pct_televisor":56}},{"type":"Feature","geometry":{"type":"Polygon","coordinates":[[[-65.82077,-16.5648],[-65.82142,-16.56505],[-65.82228,-16.56434],[-65.82154,-16.56407],[-65.82077,-16.5648]]]},"properties":{"n":"NUEVA AROMA","p":18,"personas_x_ha":20,"masculinidad":100,"pct_menor20":56,"pct_60mas":17,"pct_migrante":61,"dependencia_econ":200,"pct_empleados":0,"pct_cuentapropia":67,"pct_agricultura":50,"pct_comercio":0,"pct_manufactura":17,"pct_construccion":0,"pct_transporte":0,"pct_alojamiento":0,"pct_sin_educacion":44,"pct_educ_superior":0,"brecha_educ":-80,"pct_sin_seguro":28,"pct_sus":72,"pct_seguro_privado":0,"brecha_seguro":11,"pct_salud_publica":100,"pct_med_tradicional":0,"pct_automedicacion":0,"pct_remedios_caseros":0,"pct_viv_desocupada":0,"pct_alquiler":14,"pct_electricidad":71,"pct_sin_electricidad":29,"pct_agua_red":100,"pct_alcantarillado":0,"pct_camara_septica":0,"pct_pozo_ciego":71,"pct_sin_desague":14,"pct_gas_red":0,"pct_gas_garrafa":100,"pct_lena_guano":100,"pct_basura_formal":0,"pct_basura_quema":100,"pct_basura_informal":0,"pct_internet":0,"pct_celular":14,"pct_televisor":0}},{"type":"Feature","geometry":{"type":"Polygon","coordinates":[[[-65.82136,-16.56375],[-65.82192,-16.56326],[-65.82112,-16.56295],[-65.82053,-16.56337],[-65.82136,-16.56375]]]},"properties":{"n":"NUEVA AROMA","p":25,"personas_x_ha":33,"masculinidad":150,"pct_menor20":56,"pct_60mas":0,"pct_migrante":56,"dependencia_econ":300,"pct_empleados":17,"pct_cuentapropia":50,"pct_agricultura":50,"pct_comercio":33,"pct_manufactura":0,"pct_construccion":17,"pct_transporte":0,"pct_alojamiento":0,"pct_sin_educacion":0,"pct_educ_superior":10,"brecha_educ":-60,"pct_sin_seguro":4,"pct_sus":92,"pct_seguro_privado":0,"brecha_seguro":7,"pct_salud_publica":31,"pct_med_tradicional":0,"pct_automedicacion":30,"pct_remedios_caseros":25,"pct_viv_desocupada":11,"pct_alquiler":29,"pct_electricidad":100,"pct_sin_electricidad":0,"pct_agua_red":71,"pct_alcantarillado":0,"pct_camara_septica":0,"pct_pozo_ciego":86,"pct_sin_desague":14,"pct_gas_red":0,"pct_gas_garrafa":100,"pct_lena_guano":100,"pct_basura_formal":0,"pct_basura_quema":100,"pct_basura_informal":0,"pct_internet":86,"pct_celular":100,"pct_televisor":43}},{"type":"Feature","geometry":{"type":"Polygon","coordinates":[[[-65.82659,-16.55899],[-65.82618,-16.55868],[-65.82564,-16.55936],[-65.82604,-16.55967],[-65.82659,-16.55899]]]},"properties":{"n":"NUEVA AROMA","p":22,"personas_x_ha":40,"masculinidad":57,"pct_menor20":50,"pct_60mas":0,"pct_migrante":68,"dependencia_econ":267,"pct_empleados":17,"pct_cuentapropia":50,"pct_agricultura":17,"pct_comercio":50,"pct_manufactura":17,"pct_construccion":0,"pct_transporte":0,"pct_alojamiento":17,"pct_sin_educacion":8,"pct_educ_superior":25,"brecha_educ":-22,"pct_sin_seguro":32,"pct_sus":68,"pct_seguro_privado":0,"brecha_seguro":9,"pct_salud_publica":22,"pct_med_tradicional":10,"pct_automedicacion":25,"pct_remedios_caseros":19,"pct_viv_desocupada":0,"pct_alquiler":50,"pct_electricidad":100,"pct_sin_electricidad":0,"pct_agua_red":100,"pct_alcantarillado":0,"pct_camara_septica":0,"pct_pozo_ciego":75,"pct_sin_desague":25,"pct_gas_red":0,"pct_gas_garrafa":75,"pct_lena_guano":75,"pct_basura_formal":0,"pct_basura_quema":100,"pct_basura_informal":0,"pct_internet":100,"pct_celular":100,"pct_televisor":0}},{"type":"Feature","geometry":{"type":"Polygon","coordinates":[[[-65.82336,-16.56011],[-65.82381,-16.56046],[-65.82438,-16.55964],[-65.824,-16.55934],[-65.82336,-16.56011]]]},"properties":{"n":"NUEVA AROMA","p":24,"personas_x_ha":37,"masculinidad":118,"pct_menor20":58,"pct_60mas":0,"pct_migrante":46,"dependencia_econ":300,"pct_empleados":0,"pct_cuentapropia":83,"pct_agricultura":100,"pct_comercio":0,"pct_manufactura":0,"pct_construccion":0,"pct_transporte":0,"pct_alojamiento":0,"pct_sin_educacion":8,"pct_educ_superior":0,"brecha_educ":-22,"pct_sin_seguro":4,"pct_sus":96,"pct_seguro_privado":0,"brecha_seguro":-9,"pct_salud_publica":33,"pct_med_tradicional":5,"pct_automedicacion":21,"pct_remedios_caseros":17,"pct_viv_desocupada":0,"pct_alquiler":10,"pct_electricidad":90,"pct_sin_electricidad":10,"pct_agua_red":70,"pct_alcantarillado":10,"pct_camara_septica":0,"pct_pozo_ciego":90,"pct_sin_desague":0,"pct_gas_red":0,"pct_gas_garrafa":100,"pct_lena_guano":100,"pct_basura_formal":0,"pct_basura_quema":80,"pct_basura_informal":20,"pct_internet":40,"pct_celular":70,"pct_televisor":40}},{"type":"Feature","geometry":{"type":"Polygon","coordinates":[[[-65.82786,-16.5634],[-65.82737,-16.56301],[-65.82685,-16.56369],[-65.8274,-16.56396],[-65.82786,-16.5634]]]},"properties":{"n":"NUEVA AROMA","p":15,"personas_x_ha":25,"masculinidad":36,"pct_menor20":67,"pct_60mas":0,"pct_migrante":60,"dependencia_econ":275,"pct_empleados":25,"pct_cuentapropia":75,"pct_agricultura":25,"pct_comercio":25,"pct_manufactura":0,"pct_construccion":0,"pct_transporte":0,"pct_alojamiento":0,"pct_sin_educacion":0,"pct_educ_superior":0,"brecha_educ":-50,"pct_sin_seguro":20,"pct_sus":73,"pct_seguro_privado":7,"brecha_seguro":41,"pct_salud_publica":38,"pct_med_tradicional":5,"pct_automedicacion":18,"pct_remedios_caseros":26,"pct_viv_desocupada":0,"pct_alquiler":0,"pct_electricidad":75,"pct_sin_electricidad":25,"pct_agua_red":0,"pct_alcantarillado":0,"pct_camara_septica":25,"pct_pozo_ciego":50,"pct_sin_desague":25,"pct_gas_red":0,"pct_gas_garrafa":100,"pct_lena_guano":100,"pct_basura_formal":0,"pct_basura_quema":100,"pct_basura_informal":0,"pct_internet":75,"pct_celular":100,"pct_televisor":50}},{"type":"Feature","geometry":{"type":"Polygon","coordinates":[[[-65.8247,-16.56131],[-65.82431,-16.56098],[-65.82395,-16.56149],[-65.82432,-16.56175],[-65.8247,-16.56131]]]},"properties":{"n":"NUEVA AROMA","p":22,"personas_x_ha":60,"masculinidad":120,"pct_menor20":27,"pct_60mas":14,"pct_migrante":82,"dependencia_econ":47,"pct_empleados":20,"pct_cuentapropia":80,"pct_agricultura":20,"pct_comercio":40,"pct_manufactura":7,"pct_construccion":13,"pct_transporte":7,"pct_alojamiento":7,"pct_sin_educacion":0,"pct_educ_superior":44,"brecha_educ":8,"pct_sin_seguro":9,"pct_sus":91,"pct_seguro_privado":0,"brecha_seguro":17,"pct_salud_publica":27,"pct_med_tradicional":7,"pct_automedicacion":21,"pct_remedios_caseros":19,"pct_viv_desocupada":0,"pct_alquiler":22,"pct_electricidad":100,"pct_sin_electricidad":0,"pct_agua_red":56,"pct_alcantarillado":11,"pct_camara_septica":22,"pct_pozo_ciego":67,"pct_sin_desague":0,"pct_gas_red":0,"pct_gas_garrafa":100,"pct_lena_guano":100,"pct_basura_formal":0,"pct_basura_quema":100,"pct_basura_informal":0,"pct_internet":89,"pct_celular":89,"pct_televisor":67}},{"type":"Feature","geometry":{"type":"Polygon","coordinates":[[[-65.82408,-16.55927],[-65.82448,-16.55956],[-65.82496,-16.55899],[-65.82453,-16.55869],[-65.82408,-16.55927]]]},"properties":{"n":"NUEVA AROMA","p":29,"personas_x_ha":63,"masculinidad":71,"pct_menor20":66,"pct_60mas":10,"pct_migrante":48,"dependencia_econ":142,"pct_empleados":0,"pct_cuentapropia":58,"pct_agricultura":67,"pct_comercio":17,"pct_manufactura":0,"pct_construccion":0,"pct_transporte":0,"pct_alojamiento":8,"pct_sin_educacion":20,"pct_educ_superior":0,"brecha_educ":-42,"pct_sin_seguro":3,"pct_sus":97,"pct_seguro_privado":0,"brecha_seguro":8,"pct_salud_publica":32,"pct_med_tradicional":2,"pct_automedicacion":32,"pct_remedios_caseros":16,"pct_viv_desocupada":0,"pct_alquiler":0,"pct_electricidad":100,"pct_sin_electricidad":0,"pct_agua_red":88,"pct_alcantarillado":12,"pct_camara_septica":0,"pct_pozo_ciego":62,"pct_sin_desague":0,"pct_gas_red":0,"pct_gas_garrafa":100,"pct_lena_guano":100,"pct_basura_formal":0,"pct_basura_quema":94,"pct_basura_informal":0,"pct_internet":81,"pct_celular":94,"pct_televisor":81}},{"type":"Feature","geometry":{"type":"Polygon","coordinates":[[[-65.8278,-16.56224],[-65.82845,-16.56134],[-65.82796,-16.56105],[-65.82732,-16.56186],[-65.8278,-16.56224]]]},"properties":{"n":"NUEVA AROMA","p":25,"personas_x_ha":31,"masculinidad":79,"pct_menor20":80,"pct_60mas":0,"pct_migrante":12,"dependencia_econ":300,"pct_empleados":0,"pct_cuentapropia":67,"pct_agricultura":83,"pct_comercio":0,"pct_manufactura":0,"pct_construccion":0,"pct_transporte":0,"pct_alojamiento":0,"pct_sin_educacion":0,"pct_educ_superior":0,"brecha_educ":-50,"pct_sin_seguro":0,"pct_sus":100,"pct_seguro_privado":0,"brecha_seguro":0,"pct_salud_publica":25,"pct_med_tradicional":9,"pct_automedicacion":23,"pct_remedios_caseros":19,"pct_viv_desocupada":25,"pct_alquiler":0,"pct_electricidad":83,"pct_sin_electricidad":0,"pct_agua_red":67,"pct_alcantarillado":0,"pct_camara_septica":0,"pct_pozo_ciego":50,"pct_sin_desague":33,"pct_gas_red":0,"pct_gas_garrafa":100,"pct_lena_guano":100,"pct_basura_formal":0,"pct_basura_quema":100,"pct_basura_informal":0,"pct_internet":83,"pct_celular":100,"pct_televisor":67}},{"type":"Feature","geometry":{"type":"Polygon","coordinates":[[[-65.34561,-16.70084],[-65.34442,-16.70081],[-65.3444,-16.7017],[-65.34556,-16.70174],[-65.34561,-16.70084]]]},"properties":{"n":"NUEVA GALILEA","p":22,"personas_x_ha":17,"masculinidad":120,"pct_menor20":55,"pct_60mas":5,"pct_migrante":73,"dependencia_econ":110,"pct_empleados":10,"pct_cuentapropia":90,"pct_agricultura":90,"pct_comercio":10,"pct_manufactura":0,"pct_construccion":0,"pct_transporte":0,"pct_alojamiento":0,"pct_sin_educacion":11,"pct_educ_superior":11,"brecha_educ":-15,"pct_sin_seguro":29,"pct_sus":71,"pct_seguro_privado":0,"brecha_seguro":-8,"pct_salud_publica":31,"pct_med_tradicional":10,"pct_automedicacion":17,"pct_remedios_caseros":17,"pct_viv_desocupada":0,"pct_alquiler":0,"pct_electricidad":88,"pct_sin_electricidad":12,"pct_agua_red":0,"pct_alcantarillado":12,"pct_camara_septica":0,"pct_pozo_ciego":25,"pct_sin_desague":50,"pct_gas_red":0,"pct_gas_garrafa":88,"pct_lena_guano":88,"pct_basura_formal":0,"pct_basura_quema":100,"pct_basura_informal":0,"pct_internet":25,"pct_celular":75,"pct_televisor":38}},{"type":"Feature","geometry":{"type":"Polygon","coordinates":[[[-65.34561,-16.70073],[-65.34443,-16.70074],[-65.34439,-16.69996],[-65.34558,-16.69991],[-65.34561,-16.70073]]]},"properties":{"n":"NUEVA GALILEA","p":34,"personas_x_ha":28,"masculinidad":100,"pct_menor20":62,"pct_60mas":3,"pct_migrante":71,"dependencia_econ":143,"pct_empleados":7,"pct_cuentapropia":79,"pct_agricultura":86,"pct_comercio":7,"pct_manufactura":7,"pct_construccion":0,"pct_transporte":0,"pct_alojamiento":0,"pct_sin_educacion":0,"pct_educ_superior":0,"brecha_educ":-7,"pct_sin_seguro":3,"pct_sus":97,"pct_seguro_privado":0,"brecha_seguro":-6,"pct_salud_publica":24,"pct_med_tradicional":12,"pct_automedicacion":9,"pct_remedios_caseros":31,"pct_viv_desocupada":11,"pct_alquiler":0,"pct_electricidad":89,"pct_sin_electricidad":11,"pct_agua_red":11,"pct_alcantarillado":11,"pct_camara_septica":0,"pct_pozo_ciego":44,"pct_sin_desague":33,"pct_gas_red":0,"pct_gas_garrafa":100,"pct_lena_guano":100,"pct_basura_formal":0,"pct_basura_quema":100,"pct_basura_informal":0,"pct_internet":56,"pct_celular":78,"pct_televisor":33}},{"type":"Feature","geometry":{"type":"Polygon","coordinates":[[[-65.54142,-16.68355],[-65.54124,-16.68277],[-65.54064,-16.68288],[-65.54088,-16.68368],[-65.54142,-16.68355]]]},"properties":{"n":"NUEVA QUILLACOLLO","p":26,"personas_x_ha":46,"masculinidad":73,"pct_menor20":54,"pct_60mas":8,"pct_migrante":46,"dependencia_econ":100,"pct_empleados":8,"pct_cuentapropia":77,"pct_agricultura":23,"pct_comercio":23,"pct_manufactura":8,"pct_construccion":0,"pct_transporte":8,"pct_alojamiento":0,"pct_sin_educacion":15,"pct_educ_superior":15,"brecha_educ":22,"pct_sin_seguro":8,"pct_sus":92,"pct_seguro_privado":0,"brecha_seguro":18,"pct_salud_publica":22,"pct_med_tradicional":18,"pct_automedicacion":14,"pct_remedios_caseros":26,"pct_viv_desocupada":0,"pct_alquiler":0,"pct_electricidad":93,"pct_sin_electricidad":7,"pct_agua_red":7,"pct_alcantarillado":14,"pct_camara_septica":7,"pct_pozo_ciego":29,"pct_sin_desague":7,"pct_gas_red":0,"pct_gas_garrafa":86,"pct_lena_guano":86,"pct_basura_formal":0,"pct_basura_quema":86,"pct_basura_informal":14,"pct_internet":71,"pct_celular":86,"pct_televisor":64}},{"type":"Feature","geometry":{"type":"Polygon","coordinates":[[[-65.54202,-16.68253],[-65.54146,-16.68004],[-65.5408,-16.68012],[-65.54138,-16.68266],[-65.54202,-16.68253]]]},"properties":{"n":"NUEVA QUILLACOLLO","p":42,"personas_x_ha":21,"masculinidad":40,"pct_menor20":43,"pct_60mas":7,"pct_migrante":60,"dependencia_econ":75,"pct_empleados":17,"pct_cuentapropia":58,"pct_agricultura":83,"pct_comercio":8,"pct_manufactura":0,"pct_construccion":4,"pct_transporte":0,"pct_alojamiento":0,"pct_sin_educacion":25,"pct_educ_superior":21,"brecha_educ":-19,"pct_sin_seguro":43,"pct_sus":52,"pct_seguro_privado":0,"brecha_seguro":-13,"pct_salud_publica":22,"pct_med_tradicional":19,"pct_automedicacion":19,"pct_remedios_caseros":27,"pct_viv_desocupada":0,"pct_alquiler":5,"pct_electricidad":100,"pct_sin_electricidad":0,"pct_agua_red":11,"pct_alcantarillado":0,"pct_camara_septica":21,"pct_pozo_ciego":79,"pct_sin_desague":0,"pct_gas_red":0,"pct_gas_garrafa":79,"pct_lena_guano":79,"pct_basura_formal":0,"pct_basura_quema":95,"pct_basura_informal":0,"pct_internet":68,"pct_celular":95,"pct_televisor":68}},{"type":"Feature","geometry":{"type":"Polygon","coordinates":[[[-65.54244,-16.68434],[-65.54224,-16.68347],[-65.54163,-16.68361],[-65.54183,-16.68444],[-65.54244,-16.68434]]]},"properties":{"n":"NUEVA QUILLACOLLO","p":17,"personas_x_ha":26,"masculinidad":31,"pct_menor20":71,"pct_60mas":0,"pct_migrante":65,"dependencia_econ":55,"pct_empleados":9,"pct_cuentapropia":55,"pct_agricultura":64,"pct_comercio":9,"pct_manufactura":9,"pct_construccion":0,"pct_transporte":0,"pct_alojamiento":18,"pct_sin_educacion":0,"pct_educ_superior":17,"brecha_educ":0,"pct_sin_seguro":6,"pct_sus":94,"pct_seguro_privado":0,"brecha_seguro":-8,"pct_salud_publica":41,"pct_med_tradicional":7,"pct_automedicacion":2,"pct_remedios_caseros":32,"pct_viv_desocupada":0,"pct_alquiler":11,"pct_electricidad":100,"pct_sin_electricidad":0,"pct_agua_red":11,"pct_alcantarillado":0,"pct_camara_septica":0,"pct_pozo_ciego":100,"pct_sin_desague":0,"pct_gas_red":0,"pct_gas_garrafa":100,"pct_lena_guano":100,"pct_basura_formal":0,"pct_basura_quema":100,"pct_basura_informal":0,"pct_internet":22,"pct_celular":89,"pct_televisor":67}},{"type":"Feature","geometry":{"type":"Polygon","coordinates":[[[-65.54297,-16.6852],[-65.54394,-16.68507],[-65.54383,-16.68423],[-65.54285,-16.68439],[-65.54297,-16.6852]]]},"properties":{"n":"NUEVA QUILLACOLLO","p":15,"personas_x_ha":15,"masculinidad":88,"pct_menor20":67,"pct_60mas":0,"pct_migrante":47,"dependencia_econ":275,"pct_empleados":0,"pct_cuentapropia":50,"pct_agricultura":75,"pct_comercio":0,"pct_manufactura":0,"pct_construccion":0,"pct_transporte":0,"pct_alojamiento":0,"pct_sin_educacion":0,"pct_educ_superior":0,"brecha_educ":0,"pct_sin_seguro":0,"pct_sus":100,"pct_seguro_privado":0,"brecha_seguro":0,"pct_salud_publica":15,"pct_med_tradicional":0,"pct_automedicacion":36,"pct_remedios_caseros":31,"pct_viv_desocupada":0,"pct_alquiler":0,"pct_electricidad":67,"pct_sin_electricidad":0,"pct_agua_red":33,"pct_alcantarillado":0,"pct_camara_septica":0,"pct_pozo_ciego":67,"pct_sin_desague":33,"pct_gas_red":0,"pct_gas_garrafa":100,"pct_lena_guano":100,"pct_basura_formal":0,"pct_basura_quema":100,"pct_basura_informal":0,"pct_internet":83,"pct_celular":100,"pct_televisor":50}},{"type":"Feature","geometry":{"type":"Polygon","coordinates":[[[-65.53955,-16.68404],[-65.53859,-16.68422],[-65.53876,-16.68491],[-65.54034,-16.68467],[-65.54019,-16.68391],[-65.5396,-16.68402],[-65.53966,-16.68443],[-65.53955,-16.68404]]]},"properties":{"n":"NUEVA QUILLACOLLO","p":26,"personas_x_ha":19,"masculinidad":86,"pct_menor20":62,"pct_60mas":4,"pct_migrante":58,"dependencia_econ":117,"pct_empleados":25,"pct_cuentapropia":75,"pct_agricultura":67,"pct_comercio":0,"pct_manufactura":8,"pct_construccion":17,"pct_transporte":0,"pct_alojamiento":8,"pct_sin_educacion":10,"pct_educ_superior":10,"brecha_educ":14,"pct_sin_seguro":8,"pct_sus":92,"pct_seguro_privado":0,"brecha_seguro":1,"pct_salud_publica":25,"pct_med_tradicional":9,"pct_automedicacion":26,"pct_remedios_caseros":22,"pct_viv_desocupada":0,"pct_alquiler":12,"pct_electricidad":88,"pct_sin_electricidad":12,"pct_agua_red":12,"pct_alcantarillado":0,"pct_camara_septica":12,"pct_pozo_ciego":62,"pct_sin_desague":12,"pct_gas_red":0,"pct_gas_garrafa":75,"pct_lena_guano":75,"pct_basura_formal":12,"pct_basura_quema":75,"pct_basura_informal":0,"pct_internet":62,"pct_celular":88,"pct_televisor":50}},{"type":"Feature","geometry":{"type":"Polygon","coordinates":[[[-65.54013,-16.68278],[-65.54003,-16.68192],[-65.53972,-16.68196],[-65.53944,-16.68211],[-65.53948,-16.68243],[-65.53942,-16.68212],[-65.53882,-16.68224],[-65.53892,-16.6827],[-65.53956,-16.68269],[-65.54013,-16.68278]]]},"properties":{"n":"NUEVA QUILLACOLLO","p":18,"personas_x_ha":19,"masculinidad":100,"pct_menor20":50,"pct_60mas":0,"pct_migrante":83,"dependencia_econ":125,"pct_empleados":62,"pct_cuentapropia":25,"pct_agricultura":0,"pct_comercio":0,"pct_manufactura":12,"pct_construccion":0,"pct_transporte":0,"pct_alojamiento":0,"pct_sin_educacion":0,"pct_educ_superior":78,"brecha_educ":0,"pct_sin_seguro":0,"pct_sus":50,"pct_seguro_privado":0,"brecha_seguro":0,"pct_salud_publica":19,"pct_med_tradicional":13,"pct_automedicacion":17,"pct_remedios_caseros":21,"pct_viv_desocupada":0,"pct_alquiler":10,"pct_electricidad":100,"pct_sin_electricidad":0,"pct_agua_red":60,"pct_alcantarillado":0,"pct_camara_septica":20,"pct_pozo_ciego":50,"pct_sin_desague":30,"pct_gas_red":0,"pct_gas_garrafa":70,"pct_lena_guano":70,"pct_basura_formal":0,"pct_basura_quema":90,"pct_basura_informal":0,"pct_internet":90,"pct_celular":100,"pct_televisor":80}},{"type":"Feature","geometry":{"type":"Polygon","coordinates":[[[-65.54164,-16.68446],[-65.54145,-16.68362],[-65.54092,-16.68374],[-65.54109,-16.68446],[-65.54123,-16.68453],[-65.54164,-16.68446]]]},"properties":{"n":"NUEVA QUILLACOLLO","p":18,"personas_x_ha":33,"masculinidad":80,"pct_menor20":44,"pct_60mas":11,"pct_migrante":67,"dependencia_econ":50,"pct_empleados":0,"pct_cuentapropia":75,"pct_agricultura":67,"pct_comercio":25,"pct_manufactura":0,"pct_construccion":0,"pct_transporte":0,"pct_alojamiento":8,"pct_sin_educacion":20,"pct_educ_superior":20,"brecha_educ":0,"pct_sin_seguro":0,"pct_sus":100,"pct_seguro_privado":0,"brecha_seguro":0,"pct_salud_publica":26,"pct_med_tradicional":3,"pct_automedicacion":20,"pct_remedios_caseros":26,"pct_viv_desocupada":0,"pct_alquiler":0,"pct_electricidad":100,"pct_sin_electricidad":0,"pct_agua_red":25,"pct_alcantarillado":0,"pct_camara_septica":0,"pct_pozo_ciego":88,"pct_sin_desague":0,"pct_gas_red":0,"pct_gas_garrafa":100,"pct_lena_guano":100,"pct_basura_formal":0,"pct_basura_quema":100,"pct_basura_informal":0,"pct_internet":100,"pct_celular":100,"pct_televisor":75}},{"type":"Feature","geometry":{"type":"Polygon","coordinates":[[[-65.54042,-16.68465],[-65.54103,-16.68456],[-65.54085,-16.68377],[-65.54025,-16.68389],[-65.54042,-16.68465]]]},"properties":{"n":"NUEVA QUILLACOLLO","p":31,"personas_x_ha":54,"masculinidad":107,"pct_menor20":68,"pct_60mas":0,"pct_migrante":39,"dependencia_econ":158,"pct_empleados":17,"pct_cuentapropia":50,"pct_agricultura":75,"pct_comercio":8,"pct_manufactura":0,"pct_construccion":8,"pct_transporte":0,"pct_alojamiento":8,"pct_sin_educacion":18,"pct_educ_superior":9,"brecha_educ":18,"pct_sin_seguro":26,"pct_sus":71,"pct_seguro_privado":3,"brecha_seguro":-2,"pct_salud_publica":24,"pct_med_tradicional":9,"pct_automedicacion":17,"pct_remedios_caseros":21,"pct_viv_desocupada":0,"pct_alquiler":20,"pct_electricidad":100,"pct_sin_electricidad":0,"pct_agua_red":20,"pct_alcantarillado":10,"pct_camara_septica":0,"pct_pozo_ciego":60,"pct_sin_desague":0,"pct_gas_red":0,"pct_gas_garrafa":100,"pct_lena_guano":100,"pct_basura_formal":0,"pct_basura_quema":90,"pct_basura_informal":0,"pct_internet":90,"pct_celular":100,"pct_televisor":50}},{"type":"Feature","geometry":{"type":"Polygon","coordinates":[[[-65.5429,-16.68521],[-65.54276,-16.68441],[-65.54184,-16.68453],[-65.54197,-16.68532],[-65.5429,-16.68521]]]},"properties":{"n":"NUEVA QUILLACOLLO","p":21,"personas_x_ha":24,"masculinidad":75,"pct_menor20":48,"pct_60mas":5,"pct_migrante":71,"dependencia_econ":133,"pct_empleados":11,"pct_cuentapropia":78,"pct_agricultura":56,"pct_comercio":22,"pct_manufactura":0,"pct_construccion":0,"pct_transporte":0,"pct_alojamiento":11,"pct_sin_educacion":0,"pct_educ_superior":27,"brecha_educ":7,"pct_sin_seguro":0,"pct_sus":100,"pct_seguro_privado":0,"brecha_seguro":0,"pct_salud_publica":30,"pct_med_tradicional":22,"pct_automedicacion":5,"pct_remedios_caseros":25,"pct_viv_desocupada":6,"pct_alquiler":0,"pct_electricidad":100,"pct_sin_electricidad":0,"pct_agua_red":27,"pct_alcantarillado":0,"pct_camara_septica":18,"pct_pozo_ciego":82,"pct_sin_desague":0,"pct_gas_red":0,"pct_gas_garrafa":91,"pct_lena_guano":91,"pct_basura_formal":0,"pct_basura_quema":91,"pct_basura_informal":0,"pct_internet":82,"pct_celular":100,"pct_televisor":82}},{"type":"Feature","geometry":{"type":"Polygon","coordinates":[[[-65.67848,-16.56295],[-65.67756,-16.56262],[-65.67734,-16.56316],[-65.67828,-16.56348],[-65.67848,-16.56295]]]},"properties":{"n":"NUEVA TACOPAYA","p":25,"personas_x_ha":37,"masculinidad":92,"pct_menor20":68,"pct_60mas":0,"pct_migrante":36,"dependencia_econ":525,"pct_empleados":25,"pct_cuentapropia":50,"pct_agricultura":75,"pct_comercio":25,"pct_manufactura":0,"pct_construccion":0,"pct_transporte":0,"pct_alojamiento":0,"pct_sin_educacion":0,"pct_educ_superior":0,"brecha_educ":13,"pct_sin_seguro":20,"pct_sus":80,"pct_seguro_privado":0,"brecha_seguro":10,"pct_salud_publica":25,"pct_med_tradicional":13,"pct_automedicacion":19,"pct_remedios_caseros":22,"pct_viv_desocupada":7,"pct_alquiler":0,"pct_electricidad":85,"pct_sin_electricidad":15,"pct_agua_red":0,"pct_alcantarillado":8,"pct_camara_septica":8,"pct_pozo_ciego":54,"pct_sin_desague":31,"pct_gas_red":0,"pct_gas_garrafa":85,"pct_lena_guano":85,"pct_basura_formal":15,"pct_basura_quema":85,"pct_basura_informal":0,"pct_internet":69,"pct_celular":85,"pct_televisor":46}},{"type":"Feature","geometry":{"type":"Polygon","coordinates":[[[-65.67013,-16.56644],[-65.67088,-16.56669],[-65.67061,-16.56744],[-65.66985,-16.56717],[-65.67013,-16.56644]]]},"properties":{"n":"NUEVA TACOPAYA","p":16,"personas_x_ha":21,"masculinidad":167,"pct_menor20":56,"pct_60mas":0,"pct_migrante":44,"dependencia_econ":129,"pct_empleados":14,"pct_cuentapropia":86,"pct_agricultura":43,"pct_comercio":14,"pct_manufactura":14,"pct_construccion":0,"pct_transporte":14,"pct_alojamiento":0,"pct_sin_educacion":0,"pct_educ_superior":0,"brecha_educ":-17,"pct_sin_seguro":12,"pct_sus":88,"pct_seguro_privado":0,"brecha_seguro":-7,"pct_salud_publica":62,"pct_med_tradicional":8,"pct_automedicacion":0,"pct_remedios_caseros":19,"pct_viv_desocupada":25,"pct_alquiler":17,"pct_electricidad":83,"pct_sin_electricidad":17,"pct_agua_red":0,"pct_alcantarillado":0,"pct_camara_septica":17,"pct_pozo_ciego":67,"pct_sin_desague":17,"pct_gas_red":0,"pct_gas_garrafa":100,"pct_lena_guano":100,"pct_basura_formal":0,"pct_basura_quema":100,"pct_basura_informal":0,"pct_internet":67,"pct_celular":83,"pct_televisor":67}},{"type":"Feature","geometry":{"type":"Polygon","coordinates":[[[-65.6785,-16.56804],[-65.67799,-16.56787],[-65.67767,-16.56874],[-65.6782,-16.56891],[-65.6785,-16.56804]]]},"properties":{"n":"NUEVA TACOPAYA","p":24,"personas_x_ha":40,"masculinidad":85,"pct_menor20":38,"pct_60mas":0,"pct_migrante":71,"dependencia_econ":60,"pct_empleados":7,"pct_cuentapropia":93,"pct_agricultura":67,"pct_comercio":13,"pct_manufactura":7,"pct_construccion":0,"pct_transporte":0,"pct_alojamiento":7,"pct_sin_educacion":7,"pct_educ_superior":7,"brecha_educ":-34,"pct_sin_seguro":4,"pct_sus":96,"pct_seguro_privado":0,"brecha_seguro":-8,"pct_salud_publica":24,"pct_med_tradicional":18,"pct_automedicacion":20,"pct_remedios_caseros":23,"pct_viv_desocupada":0,"pct_alquiler":0,"pct_electricidad":92,"pct_sin_electricidad":8,"pct_agua_red":46,"pct_alcantarillado":23,"pct_camara_septica":8,"pct_pozo_ciego":38,"pct_sin_desague":8,"pct_gas_red":0,"pct_gas_garrafa":85,"pct_lena_guano":85,"pct_basura_formal":15,"pct_basura_quema":85,"pct_basura_informal":0,"pct_internet":69,"pct_celular":77,"pct_televisor":38}},{"type":"Feature","geometry":{"type":"Polygon","coordinates":[[[-65.67752,-16.56881],[-65.67664,-16.56851],[-65.6763,-16.56937],[-65.67721,-16.56967],[-65.67752,-16.56881]]]},"properties":{"n":"NUEVA TACOPAYA","p":16,"personas_x_ha":16,"masculinidad":129,"pct_menor20":44,"pct_60mas":6,"pct_migrante":69,"dependencia_econ":78,"pct_empleados":0,"pct_cuentapropia":100,"pct_agricultura":100,"pct_comercio":0,"pct_manufactura":0,"pct_construccion":0,"pct_transporte":0,"pct_alojamiento":0,"pct_sin_educacion":22,"pct_educ_superior":0,"brecha_educ":0,"pct_sin_seguro":0,"pct_sus":100,"pct_seguro_privado":0,"brecha_seguro":0,"pct_salud_publica":23,"pct_med_tradicional":0,"pct_automedicacion":46,"pct_remedios_caseros":8,"pct_viv_desocupada":0,"pct_alquiler":22,"pct_electricidad":67,"pct_sin_electricidad":22,"pct_agua_red":0,"pct_alcantarillado":0,"pct_camara_septica":0,"pct_pozo_ciego":78,"pct_sin_desague":22,"pct_gas_red":0,"pct_gas_garrafa":67,"pct_lena_guano":67,"pct_basura_formal":0,"pct_basura_quema":100,"pct_basura_informal":0,"pct_internet":78,"pct_celular":78,"pct_televisor":56}},{"type":"Feature","geometry":{"type":"Polygon","coordinates":[[[-65.67783,-16.56786],[-65.67593,-16.56718],[-65.67562,-16.56797],[-65.67563,-16.56803],[-65.67753,-16.56869],[-65.67783,-16.56786]]]},"properties":{"n":"NUEVA TACOPAYA","p":55,"personas_x_ha":25,"masculinidad":129,"pct_menor20":53,"pct_60mas":4,"pct_migrante":58,"dependencia_econ":200,"pct_empleados":17,"pct_cuentapropia":67,"pct_agricultura":50,"pct_comercio":11,"pct_manufactura":11,"pct_construccion":0,"pct_transporte":6,"pct_alojamiento":0,"pct_sin_educacion":12,"pct_educ_superior":15,"brecha_educ":-38,"pct_sin_seguro":13,"pct_sus":79,"pct_seguro_privado":2,"brecha_seguro":8,"pct_salud_publica":32,"pct_med_tradicional":6,"pct_automedicacion":23,"pct_remedios_caseros":21,"pct_viv_desocupada":9,"pct_alquiler":9,"pct_electricidad":100,"pct_sin_electricidad":0,"pct_agua_red":14,"pct_alcantarillado":5,"pct_camara_septica":18,"pct_pozo_ciego":59,"pct_sin_desague":18,"pct_gas_red":0,"pct_gas_garrafa":100,"pct_lena_guano":100,"pct_basura_formal":23,"pct_basura_quema":68,"pct_basura_informal":9,"pct_internet":77,"pct_celular":95,"pct_televisor":77}},{"type":"Feature","geometry":{"type":"Polygon","coordinates":[[[-65.67607,-16.56603],[-65.67439,-16.5655],[-65.6747,-16.56452],[-65.67636,-16.56507],[-65.6764,-16.56516],[-65.67607,-16.56603]]]},"properties":{"n":"NUEVA TACOPAYA","p":20,"personas_x_ha":9,"masculinidad":33,"pct_menor20":70,"pct_60mas":0,"pct_migrante":50,"dependencia_econ":233,"pct_empleados":17,"pct_cuentapropia":67,"pct_agricultura":50,"pct_comercio":0,"pct_manufactura":17,"pct_construccion":0,"pct_transporte":0,"pct_alojamiento":17,"pct_sin_educacion":0,"pct_educ_superior":0,"brecha_educ":0,"pct_sin_seguro":5,"pct_sus":95,"pct_seguro_privado":0,"brecha_seguro":-7,"pct_salud_publica":24,"pct_med_tradicional":15,"pct_automedicacion":20,"pct_remedios_caseros":15,"pct_viv_desocupada":0,"pct_alquiler":0,"pct_electricidad":70,"pct_sin_electricidad":30,"pct_agua_red":10,"pct_alcantarillado":0,"pct_camara_septica":0,"pct_pozo_ciego":30,"pct_sin_desague":70,"pct_gas_red":0,"pct_gas_garrafa":50,"pct_lena_guano":60,"pct_basura_formal":0,"pct_basura_quema":90,"pct_basura_informal":0,"pct_internet":50,"pct_celular":50,"pct_televisor":50}},{"type":"Feature","geometry":{"type":"Polygon","coordinates":[[[-65.67461,-16.57002],[-65.67388,-16.56979],[-65.67357,-16.57071],[-65.67433,-16.57095],[-65.67461,-16.57002]]]},"properties":{"n":"NUEVA TACOPAYA","p":22,"personas_x_ha":24,"masculinidad":57,"pct_menor20":59,"pct_60mas":0,"pct_migrante":64,"dependencia_econ":214,"pct_empleados":14,"pct_cuentapropia":86,"pct_agricultura":57,"pct_comercio":14,"pct_manufactura":0,"pct_construccion":0,"pct_transporte":14,"pct_alojamiento":14,"pct_sin_educacion":0,"pct_educ_superior":0,"brecha_educ":5,"pct_sin_seguro":32,"pct_sus":68,"pct_seguro_privado":0,"brecha_seguro":-11,"pct_salud_publica":42,"pct_med_tradicional":8,"pct_automedicacion":19,"pct_remedios_caseros":17,"pct_viv_desocupada":0,"pct_alquiler":11,"pct_electricidad":78,"pct_sin_electricidad":11,"pct_agua_red":0,"pct_alcantarillado":11,"pct_camara_septica":0,"pct_pozo_ciego":78,"pct_sin_desague":0,"pct_gas_red":0,"pct_gas_garrafa":100,"pct_lena_guano":100,"pct_basura_formal":0,"pct_basura_quema":100,"pct_basura_informal":0,"pct_internet":100,"pct_celular":100,"pct_televisor":67}},{"type":"Feature","geometry":{"type":"Polygon","coordinates":[[[-65.67641,-16.56499],[-65.67572,-16.56476],[-65.67607,-16.56386],[-65.6767,-16.56409],[-65.67675,-16.56417],[-65.67649,-16.56494],[-65.67641,-16.56499]]]},"properties":{"n":"NUEVA TACOPAYA","p":22,"personas_x_ha":26,"masculinidad":100,"pct_menor20":55,"pct_60mas":0,"pct_migrante":55,"dependencia_econ":120,"pct_empleados":0,"pct_cuentapropia":80,"pct_agricultura":50,"pct_comercio":50,"pct_manufactura":0,"pct_construccion":0,"pct_transporte":0,"pct_alojamiento":0,"pct_sin_educacion":0,"pct_educ_superior":0,"brecha_educ":-20,"pct_sin_seguro":5,"pct_sus":95,"pct_seguro_privado":0,"brecha_seguro":9,"pct_salud_publica":42,"pct_med_tradicional":0,"pct_automedicacion":30,"pct_remedios_caseros":28,"pct_viv_desocupada":0,"pct_alquiler":11,"pct_electricidad":78,"pct_sin_electricidad":22,"pct_agua_red":0,"pct_alcantarillado":0,"pct_camara_septica":11,"pct_pozo_ciego":11,"pct_sin_desague":78,"pct_gas_red":0,"pct_gas_garrafa":89,"pct_lena_guano":89,"pct_basura_formal":0,"pct_basura_quema":100,"pct_basura_informal":0,"pct_internet":100,"pct_celular":100,"pct_televisor":56}},{"type":"Feature","geometry":{"type":"Polygon","coordinates":[[[-65.67648,-16.56845],[-65.67557,-16.56815],[-65.67524,-16.56903],[-65.67616,-16.56933],[-65.67648,-16.56845]]]},"properties":{"n":"NUEVA TACOPAYA","p":18,"personas_x_ha":17,"masculinidad":80,"pct_menor20":67,"pct_60mas":0,"pct_migrante":67,"dependencia_econ":240,"pct_empleados":0,"pct_cuentapropia":100,"pct_agricultura":20,"pct_comercio":80,"pct_manufactura":0,"pct_construccion":0,"pct_transporte":0,"pct_alojamiento":0,"pct_sin_educacion":0,"pct_educ_superior":17,"brecha_educ":-33,"pct_sin_seguro":0,"pct_sus":100,"pct_seguro_privado":0,"brecha_seguro":0,"pct_salud_publica":27,"pct_med_tradicional":2,"pct_automedicacion":23,"pct_remedios_caseros":11,"pct_viv_desocupada":0,"pct_alquiler":25,"pct_electricidad":100,"pct_sin_electricidad":0,"pct_agua_red":12,"pct_alcantarillado":0,"pct_camara_septica":12,"pct_pozo_ciego":75,"pct_sin_desague":0,"pct_gas_red":0,"pct_gas_garrafa":100,"pct_lena_guano":100,"pct_basura_formal":0,"pct_basura_quema":75,"pct_basura_informal":25,"pct_internet":88,"pct_celular":100,"pct_televisor":75}},{"type":"Feature","geometry":{"type":"Polygon","coordinates":[[[-65.67607,-16.56616],[-65.67577,-16.567],[-65.67493,-16.56676],[-65.67524,-16.56588],[-65.67607,-16.56616]]]},"properties":{"n":"NUEVA TACOPAYA","p":24,"personas_x_ha":25,"masculinidad":118,"pct_menor20":46,"pct_60mas":0,"pct_migrante":88,"dependencia_econ":71,"pct_empleados":43,"pct_cuentapropia":57,"pct_agricultura":21,"pct_comercio":14,"pct_manufactura":7,"pct_construccion":7,"pct_transporte":7,"pct_alojamiento":43,"pct_sin_educacion":0,"pct_educ_superior":0,"brecha_educ":5,"pct_sin_seguro":4,"pct_sus":88,"pct_seguro_privado":0,"brecha_seguro":8,"pct_salud_publica":58,"pct_med_tradicional":3,"pct_automedicacion":25,"pct_remedios_caseros":6,"pct_viv_desocupada":13,"pct_alquiler":30,"pct_electricidad":100,"pct_sin_electricidad":0,"pct_agua_red":20,"pct_alcantarillado":0,"pct_camara_septica":10,"pct_pozo_ciego":60,"pct_sin_desague":30,"pct_gas_red":0,"pct_gas_garrafa":90,"pct_lena_guano":90,"pct_basura_formal":30,"pct_basura_quema":60,"pct_basura_informal":20,"pct_internet":60,"pct_celular":90,"pct_televisor":40}},{"type":"Feature","geometry":{"type":"Polygon","coordinates":[[[-65.67834,-16.56364],[-65.67888,-16.56383],[-65.67861,-16.56464],[-65.67805,-16.56445],[-65.67834,-16.56364]]]},"properties":{"n":"NUEVA TACOPAYA","p":41,"personas_x_ha":70,"masculinidad":86,"pct_menor20":49,"pct_60mas":0,"pct_migrante":71,"dependencia_econ":156,"pct_empleados":12,"pct_cuentapropia":56,"pct_agricultura":56,"pct_comercio":12,"pct_manufactura":12,"pct_construccion":0,"pct_transporte":6,"pct_alojamiento":0,"pct_sin_educacion":5,"pct_educ_superior":5,"brecha_educ":15,"pct_sin_seguro":15,"pct_sus":76,"pct_seguro_privado":10,"brecha_seguro":-8,"pct_salud_publica":36,"pct_med_tradicional":6,"pct_automedicacion":15,"pct_remedios_caseros":15,"pct_viv_desocupada":0,"pct_alquiler":21,"pct_electricidad":100,"pct_sin_electricidad":0,"pct_agua_red":0,"pct_alcantarillado":7,"pct_camara_septica":0,"pct_pozo_ciego":43,"pct_sin_desague":29,"pct_gas_red":0,"pct_gas_garrafa":100,"pct_lena_guano":100,"pct_basura_formal":0,"pct_basura_quema":100,"pct_basura_informal":0,"pct_internet":57,"pct_celular":93,"pct_televisor":43}},{"type":"Feature","geometry":{"type":"Polygon","coordinates":[[[-65.67685,-16.56737],[-65.67716,-16.5665],[-65.67625,-16.5662],[-65.67593,-16.56708],[-65.67685,-16.56737]]]},"properties":{"n":"NUEVA TACOPAYA","p":40,"personas_x_ha":37,"masculinidad":100,"pct_menor20":57,"pct_60mas":0,"pct_migrante":45,"dependencia_econ":186,"pct_empleados":21,"pct_cuentapropia":71,"pct_agricultura":29,"pct_comercio":14,"pct_manufactura":14,"pct_construccion":7,"pct_transporte":7,"pct_alojamiento":0,"pct_sin_educacion":0,"pct_educ_superior":41,"brecha_educ":-4,"pct_sin_seguro":2,"pct_sus":95,"pct_seguro_privado":0,"brecha_seguro":5,"pct_salud_publica":41,"pct_med_tradicional":9,"pct_automedicacion":22,"pct_remedios_caseros":20,"pct_viv_desocupada":5,"pct_alquiler":0,"pct_electricidad":100,"pct_sin_electricidad":0,"pct_agua_red":13,"pct_alcantarillado":7,"pct_camara_septica":13,"pct_pozo_ciego":67,"pct_sin_desague":7,"pct_gas_red":0,"pct_gas_garrafa":100,"pct_lena_guano":100,"pct_basura_formal":13,"pct_basura_quema":87,"pct_basura_informal":0,"pct_internet":100,"pct_celular":100,"pct_televisor":33}},{"type":"Feature","geometry":{"type":"Polygon","coordinates":[[[-65.67569,-16.56712],[-65.67487,-16.56687],[-65.67458,-16.56775],[-65.67537,-16.568],[-65.67569,-16.56712]]]},"properties":{"n":"NUEVA TACOPAYA","p":25,"personas_x_ha":27,"masculinidad":56,"pct_menor20":40,"pct_60mas":8,"pct_migrante":60,"dependencia_econ":92,"pct_empleados":8,"pct_cuentapropia":77,"pct_agricultura":31,"pct_comercio":31,"pct_manufactura":8,"pct_construccion":0,"pct_transporte":0,"pct_alojamiento":15,"pct_sin_educacion":20,"pct_educ_superior":13,"brecha_educ":-25,"pct_sin_seguro":20,"pct_sus":80,"pct_seguro_privado":0,"brecha_seguro":-14,"pct_salud_publica":29,"pct_med_tradicional":6,"pct_automedicacion":27,"pct_remedios_caseros":29,"pct_viv_desocupada":0,"pct_alquiler":8,"pct_electricidad":92,"pct_sin_electricidad":8,"pct_agua_red":54,"pct_alcantarillado":31,"pct_camara_septica":8,"pct_pozo_ciego":46,"pct_sin_desague":8,"pct_gas_red":0,"pct_gas_garrafa":77,"pct_lena_guano":77,"pct_basura_formal":23,"pct_basura_quema":62,"pct_basura_informal":31,"pct_internet":77,"pct_celular":92,"pct_televisor":69}},{"type":"Feature","geometry":{"type":"Polygon","coordinates":[[[-65.67185,-16.56688],[-65.67216,-16.56606],[-65.67142,-16.5658],[-65.67108,-16.56662],[-65.67185,-16.56688]]]},"properties":{"n":"NUEVA TACOPAYA","p":19,"personas_x_ha":22,"masculinidad":90,"pct_menor20":63,"pct_60mas":0,"pct_migrante":63,"dependencia_econ":280,"pct_empleados":0,"pct_cuentapropia":60,"pct_agricultura":60,"pct_comercio":20,"pct_manufactura":0,"pct_construccion":0,"pct_transporte":0,"pct_alojamiento":0,"pct_sin_educacion":29,"pct_educ_superior":0,"brecha_educ":-75,"pct_sin_seguro":0,"pct_sus":100,"pct_seguro_privado":0,"brecha_seguro":0,"pct_salud_publica":26,"pct_med_tradicional":13,"pct_automedicacion":25,"pct_remedios_caseros":16,"pct_viv_desocupada":0,"pct_alquiler":0,"pct_electricidad":100,"pct_sin_electricidad":0,"pct_agua_red":17,"pct_alcantarillado":67,"pct_camara_septica":0,"pct_pozo_ciego":17,"pct_sin_desague":0,"pct_gas_red":0,"pct_gas_garrafa":83,"pct_lena_guano":83,"pct_basura_formal":0,"pct_basura_quema":83,"pct_basura_informal":33,"pct_internet":17,"pct_celular":17,"pct_televisor":0}},{"type":"Feature","geometry":{"type":"Polygon","coordinates":[[[-65.67823,-16.5636],[-65.6773,-16.56327],[-65.67697,-16.56408],[-65.67794,-16.56441],[-65.67823,-16.5636]]]},"properties":{"n":"NUEVA TACOPAYA","p":26,"personas_x_ha":25,"masculinidad":62,"pct_menor20":65,"pct_60mas":4,"pct_migrante":77,"dependencia_econ":136,"pct_empleados":9,"pct_cuentapropia":55,"pct_agricultura":55,"pct_comercio":9,"pct_manufactura":9,"pct_construccion":0,"pct_transporte":0,"pct_alojamiento":18,"pct_sin_educacion":20,"pct_educ_superior":0,"brecha_educ":-24,"pct_sin_seguro":0,"pct_sus":83,"pct_seguro_privado":17,"brecha_seguro":0,"pct_salud_publica":31,"pct_med_tradicional":10,"pct_automedicacion":24,"pct_remedios_caseros":14,"pct_viv_desocupada":0,"pct_alquiler":29,"pct_electricidad":100,"pct_sin_electricidad":0,"pct_agua_red":0,"pct_alcantarillado":0,"pct_camara_septica":0,"pct_pozo_ciego":43,"pct_sin_desague":57,"pct_gas_red":0,"pct_gas_garrafa":100,"pct_lena_guano":100,"pct_basura_formal":0,"pct_basura_quema":100,"pct_basura_informal":0,"pct_internet":86,"pct_celular":71,"pct_televisor":71}},{"type":"Feature","geometry":{"type":"Polygon","coordinates":[[[-65.67575,-16.57045],[-65.67482,-16.57015],[-65.67452,-16.571],[-65.67546,-16.5713],[-65.67575,-16.57045]]]},"properties":{"n":"NUEVA TACOPAYA","p":15,"personas_x_ha":14,"masculinidad":150,"pct_menor20":60,"pct_60mas":0,"pct_migrante":80,"dependencia_econ":150,"pct_empleados":50,"pct_cuentapropia":50,"pct_agricultura":17,"pct_comercio":17,"pct_manufactura":0,"pct_construccion":17,"pct_transporte":17,"pct_alojamiento":0,"pct_sin_educacion":0,"pct_educ_superior":33,"brecha_educ":0,"pct_sin_seguro":7,"pct_sus":60,"pct_seguro_privado":0,"brecha_seguro":11,"pct_salud_publica":19,"pct_med_tradicional":6,"pct_automedicacion":23,"pct_remedios_caseros":21,"pct_viv_desocupada":0,"pct_alquiler":43,"pct_electricidad":86,"pct_sin_electricidad":14,"pct_agua_red":0,"pct_alcantarillado":29,"pct_camara_septica":14,"pct_pozo_ciego":43,"pct_sin_desague":14,"pct_gas_red":0,"pct_gas_garrafa":100,"pct_lena_guano":100,"pct_basura_formal":14,"pct_basura_quema":86,"pct_basura_informal":0,"pct_internet":71,"pct_celular":71,"pct_televisor":43}},{"type":"Feature","geometry":{"type":"Polygon","coordinates":[[[-65.67246,-16.5649],[-65.67167,-16.56467],[-65.67196,-16.5638],[-65.67277,-16.56404],[-65.67246,-16.5649]]]},"properties":{"n":"NUEVA TACOPAYA","p":44,"personas_x_ha":49,"masculinidad":57,"pct_menor20":43,"pct_60mas":0,"pct_migrante":41,"dependencia_econ":175,"pct_empleados":25,"pct_cuentapropia":56,"pct_agricultura":69,"pct_comercio":6,"pct_manufactura":0,"pct_construccion":12,"pct_transporte":0,"pct_alojamiento":6,"pct_sin_educacion":0,"pct_educ_superior":8,"brecha_educ":-11,"pct_sin_seguro":12,"pct_sus":84,"pct_seguro_privado":2,"brecha_seguro":11,"pct_salud_publica":27,"pct_med_tradicional":6,"pct_automedicacion":24,"pct_remedios_caseros":12,"pct_viv_desocupada":0,"pct_alquiler":11,"pct_electricidad":0,"pct_sin_electricidad":95,"pct_agua_red":0,"pct_alcantarillado":5,"pct_camara_septica":0,"pct_pozo_ciego":32,"pct_sin_desague":63,"pct_gas_red":5,"pct_gas_garrafa":84,"pct_lena_guano":84,"pct_basura_formal":0,"pct_basura_quema":100,"pct_basura_informal":0,"pct_internet":79,"pct_celular":95,"pct_televisor":26}},{"type":"Feature","geometry":{"type":"Polygon","coordinates":[[[-65.68052,-16.57076],[-65.68081,-16.56988],[-65.68007,-16.56961],[-65.67973,-16.57051],[-65.68052,-16.57076]]]},"properties":{"n":"NUEVA TACOPAYA","p":15,"personas_x_ha":17,"masculinidad":50,"pct_menor20":60,"pct_60mas":0,"pct_migrante":73,"dependencia_econ":275,"pct_empleados":25,"pct_cuentapropia":75,"pct_agricultura":75,"pct_comercio":25,"pct_manufactura":0,"pct_construccion":0,"pct_transporte":0,"pct_alojamiento":0,"pct_sin_educacion":0,"pct_educ_superior":0,"brecha_educ":-60,"pct_sin_seguro":7,"pct_sus":87,"pct_seguro_privado":0,"brecha_seguro":20,"pct_salud_publica":56,"pct_med_tradicional":0,"pct_automedicacion":26,"pct_remedios_caseros":11,"pct_viv_desocupada":0,"pct_alquiler":0,"pct_electricidad":86,"pct_sin_electricidad":14,"pct_agua_red":43,"pct_alcantarillado":0,"pct_camara_septica":14,"pct_pozo_ciego":57,"pct_sin_desague":29,"pct_gas_red":0,"pct_gas_garrafa":86,"pct_lena_guano":86,"pct_basura_formal":0,"pct_basura_quema":100,"pct_basura_informal":0,"pct_internet":71,"pct_celular":100,"pct_televisor":71}},{"type":"Feature","geometry":{"type":"Polygon","coordinates":[[[-65.67938,-16.56833],[-65.67862,-16.56806],[-65.67833,-16.56897],[-65.67907,-16.56921],[-65.67938,-16.56833]]]},"properties":{"n":"NUEVA TACOPAYA","p":22,"personas_x_ha":24,"masculinidad":120,"pct_menor20":64,"pct_60mas":0,"pct_migrante":59,"dependencia_econ":267,"pct_empleados":17,"pct_cuentapropia":33,"pct_agricultura":50,"pct_comercio":0,"pct_manufactura":17,"pct_construccion":0,"pct_transporte":0,"pct_alojamiento":0,"pct_sin_educacion":11,"pct_educ_superior":22,"brecha_educ":-50,"pct_sin_seguro":27,"pct_sus":64,"pct_seguro_privado":0,"brecha_seguro":-5,"pct_salud_publica":30,"pct_med_tradicional":13,"pct_automedicacion":17,"pct_remedios_caseros":19,"pct_viv_desocupada":0,"pct_alquiler":0,"pct_electricidad":82,"pct_sin_electricidad":18,"pct_agua_red":9,"pct_alcantarillado":0,"pct_camara_septica":27,"pct_pozo_ciego":64,"pct_sin_desague":9,"pct_gas_red":0,"pct_gas_garrafa":82,"pct_lena_guano":82,"pct_basura_formal":0,"pct_basura_quema":100,"pct_basura_informal":0,"pct_internet":91,"pct_celular":100,"pct_televisor":64}},{"type":"Feature","geometry":{"type":"Polygon","coordinates":[[[-65.66852,-16.56813],[-65.66821,-16.56902],[-65.669,-16.56927],[-65.66931,-16.56836],[-65.66852,-16.56813]]]},"properties":{"n":"NUEVA TACOPAYA","p":26,"personas_x_ha":28,"masculinidad":86,"pct_menor20":50,"pct_60mas":0,"pct_migrante":81,"dependencia_econ":136,"pct_empleados":9,"pct_cuentapropia":73,"pct_agricultura":73,"pct_comercio":9,"pct_manufactura":0,"pct_construccion":9,"pct_transporte":0,"pct_alojamiento":0,"pct_sin_educacion":0,"pct_educ_superior":14,"brecha_educ":-43,"pct_sin_seguro":4,"pct_sus":96,"pct_seguro_privado":0,"brecha_seguro":-8,"pct_salud_publica":24,"pct_med_tradicional":25,"pct_automedicacion":13,"pct_remedios_caseros":34,"pct_viv_desocupada":0,"pct_alquiler":0,"pct_electricidad":14,"pct_sin_electricidad":86,"pct_agua_red":0,"pct_alcantarillado":0,"pct_camara_septica":0,"pct_pozo_ciego":0,"pct_sin_desague":100,"pct_gas_red":0,"pct_gas_garrafa":43,"pct_lena_guano":43,"pct_basura_formal":0,"pct_basura_quema":100,"pct_basura_informal":0,"pct_internet":57,"pct_celular":86,"pct_televisor":7}},{"type":"Feature","geometry":{"type":"Polygon","coordinates":[[[-65.67962,-16.57049],[-65.67993,-16.56956],[-65.67825,-16.56904],[-65.67795,-16.56994],[-65.67962,-16.57049]]]},"properties":{"n":"NUEVA TACOPAYA","p":15,"personas_x_ha":7,"masculinidad":150,"pct_menor20":40,"pct_60mas":7,"pct_migrante":67,"dependencia_econ":50,"pct_empleados":0,"pct_cuentapropia":90,"pct_agricultura":60,"pct_comercio":10,"pct_manufactura":0,"pct_construccion":10,"pct_transporte":0,"pct_alojamiento":0,"pct_sin_educacion":0,"pct_educ_superior":20,"brecha_educ":25,"pct_sin_seguro":0,"pct_sus":100,"pct_seguro_privado":0,"brecha_seguro":0,"pct_salud_publica":25,"pct_med_tradicional":8,"pct_automedicacion":19,"pct_remedios_caseros":31,"pct_viv_desocupada":0,"pct_alquiler":0,"pct_electricidad":75,"pct_sin_electricidad":25,"pct_agua_red":12,"pct_alcantarillado":0,"pct_camara_septica":0,"pct_pozo_ciego":50,"pct_sin_desague":50,"pct_gas_red":0,"pct_gas_garrafa":88,"pct_lena_guano":88,"pct_basura_formal":12,"pct_basura_quema":88,"pct_basura_informal":0,"pct_internet":75,"pct_celular":100,"pct_televisor":38}},{"type":"Feature","geometry":{"type":"Polygon","coordinates":[[[-65.67612,-16.56943],[-65.67521,-16.56915],[-65.67488,-16.57007],[-65.67578,-16.57036],[-65.67612,-16.56943]]]},"properties":{"n":"NUEVA TACOPAYA","p":25,"personas_x_ha":23,"masculinidad":92,"pct_menor20":48,"pct_60mas":4,"pct_migrante":44,"dependencia_econ":67,"pct_empleados":13,"pct_cuentapropia":80,"pct_agricultura":80,"pct_comercio":0,"pct_manufactura":13,"pct_construccion":7,"pct_transporte":0,"pct_alojamiento":0,"pct_sin_educacion":14,"pct_educ_superior":0,"brecha_educ":25,"pct_sin_seguro":32,"pct_sus":68,"pct_seguro_privado":0,"brecha_seguro":19,"pct_salud_publica":60,"pct_med_tradicional":10,"pct_automedicacion":14,"pct_remedios_caseros":5,"pct_viv_desocupada":0,"pct_alquiler":9,"pct_electricidad":91,"pct_sin_electricidad":9,"pct_agua_red":9,"pct_alcantarillado":0,"pct_camara_septica":9,"pct_pozo_ciego":73,"pct_sin_desague":18,"pct_gas_red":0,"pct_gas_garrafa":64,"pct_lena_guano":64,"pct_basura_formal":0,"pct_basura_quema":100,"pct_basura_informal":0,"pct_internet":91,"pct_celular":91,"pct_televisor":18}},{"type":"Feature","geometry":{"type":"Polygon","coordinates":[[[-65.67357,-16.56755],[-65.67276,-16.56727],[-65.67249,-16.56815],[-65.67326,-16.56841],[-65.67357,-16.56755]]]},"properties":{"n":"NUEVA TACOPAYA","p":24,"personas_x_ha":27,"masculinidad":50,"pct_menor20":67,"pct_60mas":4,"pct_migrante":58,"dependencia_econ":118,"pct_empleados":18,"pct_cuentapropia":73,"pct_agricultura":73,"pct_comercio":9,"pct_manufactura":0,"pct_construccion":18,"pct_transporte":0,"pct_alojamiento":0,"pct_sin_educacion":12,"pct_educ_superior":25,"brecha_educ":17,"pct_sin_seguro":4,"pct_sus":96,"pct_seguro_privado":0,"brecha_seguro":12,"pct_salud_publica":15,"pct_med_tradicional":18,"pct_automedicacion":21,"pct_remedios_caseros":26,"pct_viv_desocupada":0,"pct_alquiler":0,"pct_electricidad":92,"pct_sin_electricidad":0,"pct_agua_red":8,"pct_alcantarillado":0,"pct_camara_septica":0,"pct_pozo_ciego":75,"pct_sin_desague":25,"pct_gas_red":0,"pct_gas_garrafa":100,"pct_lena_guano":100,"pct_basura_formal":0,"pct_basura_quema":100,"pct_basura_informal":0,"pct_internet":100,"pct_celular":100,"pct_televisor":67}},{"type":"Feature","geometry":{"type":"Polygon","coordinates":[[[-65.6745,-16.56773],[-65.67369,-16.56749],[-65.67398,-16.56659],[-65.6748,-16.56686],[-65.6745,-16.56773]]]},"properties":{"n":"NUEVA TACOPAYA","p":18,"personas_x_ha":19,"masculinidad":100,"pct_menor20":56,"pct_60mas":0,"pct_migrante":50,"dependencia_econ":100,"pct_empleados":11,"pct_cuentapropia":67,"pct_agricultura":89,"pct_comercio":0,"pct_manufactura":0,"pct_construccion":0,"pct_transporte":0,"pct_alojamiento":11,"pct_sin_educacion":0,"pct_educ_superior":0,"brecha_educ":-25,"pct_sin_seguro":11,"pct_sus":89,"pct_seguro_privado":0,"brecha_seguro":-22,"pct_salud_publica":59,"pct_med_tradicional":4,"pct_automedicacion":4,"pct_remedios_caseros":26,"pct_viv_desocupada":0,"pct_alquiler":0,"pct_electricidad":83,"pct_sin_electricidad":17,"pct_agua_red":33,"pct_alcantarillado":0,"pct_camara_septica":17,"pct_pozo_ciego":50,"pct_sin_desague":33,"pct_gas_red":0,"pct_gas_garrafa":83,"pct_lena_guano":83,"pct_basura_formal":0,"pct_basura_quema":100,"pct_basura_informal":0,"pct_internet":67,"pct_celular":83,"pct_televisor":67}},{"type":"Feature","geometry":{"type":"Polygon","coordinates":[[[-65.66942,-16.5684],[-65.6702,-16.56865],[-65.6699,-16.56955],[-65.6691,-16.5693],[-65.66942,-16.5684]]]},"properties":{"n":"NUEVA TACOPAYA","p":22,"personas_x_ha":23,"masculinidad":120,"pct_menor20":50,"pct_60mas":0,"pct_migrante":59,"dependencia_econ":133,"pct_empleados":0,"pct_cuentapropia":33,"pct_agricultura":89,"pct_comercio":0,"pct_manufactura":0,"pct_construccion":0,"pct_transporte":11,"pct_alojamiento":0,"pct_sin_educacion":0,"pct_educ_superior":0,"brecha_educ":-40,"pct_sin_seguro":5,"pct_sus":95,"pct_seguro_privado":0,"brecha_seguro":8,"pct_salud_publica":36,"pct_med_tradicional":23,"pct_automedicacion":2,"pct_remedios_caseros":25,"pct_viv_desocupada":17,"pct_alquiler":0,"pct_electricidad":10,"pct_sin_electricidad":50,"pct_agua_red":0,"pct_alcantarillado":0,"pct_camara_septica":0,"pct_pozo_ciego":0,"pct_sin_desague":100,"pct_gas_red":0,"pct_gas_garrafa":40,"pct_lena_guano":40,"pct_basura_formal":0,"pct_basura_quema":100,"pct_basura_informal":0,"pct_internet":30,"pct_celular":30,"pct_televisor":20}},{"type":"Feature","geometry":{"type":"Polygon","coordinates":[[[-65.6737,-16.5643],[-65.67288,-16.56406],[-65.67257,-16.56493],[-65.67337,-16.56517],[-65.6737,-16.5643]]]},"properties":{"n":"NUEVA TACOPAYA","p":26,"personas_x_ha":28,"masculinidad":136,"pct_menor20":38,"pct_60mas":0,"pct_migrante":54,"dependencia_econ":62,"pct_empleados":44,"pct_cuentapropia":50,"pct_agricultura":75,"pct_comercio":19,"pct_manufactura":0,"pct_construccion":6,"pct_transporte":0,"pct_alojamiento":0,"pct_sin_educacion":19,"pct_educ_superior":6,"brecha_educ":-7,"pct_sin_seguro":64,"pct_sus":36,"pct_seguro_privado":0,"brecha_seguro":17,"pct_salud_publica":34,"pct_med_tradicional":20,"pct_automedicacion":22,"pct_remedios_caseros":18,"pct_viv_desocupada":30,"pct_alquiler":0,"pct_electricidad":14,"pct_sin_electricidad":71,"pct_agua_red":0,"pct_alcantarillado":0,"pct_camara_septica":7,"pct_pozo_ciego":14,"pct_sin_desague":64,"pct_gas_red":0,"pct_gas_garrafa":86,"pct_lena_guano":93,"pct_basura_formal":7,"pct_basura_quema":93,"pct_basura_informal":0,"pct_internet":43,"pct_celular":57,"pct_televisor":43}},{"type":"Feature","geometry":{"type":"Polygon","coordinates":[[[-65.67528,-16.56807],[-65.67454,-16.56786],[-65.67424,-16.56872],[-65.67501,-16.56896],[-65.67528,-16.56807]]]},"properties":{"n":"NUEVA TACOPAYA","p":30,"personas_x_ha":34,"masculinidad":76,"pct_menor20":50,"pct_60mas":0,"pct_migrante":63,"dependencia_econ":173,"pct_empleados":0,"pct_cuentapropia":82,"pct_agricultura":55,"pct_comercio":0,"pct_manufactura":27,"pct_construccion":0,"pct_transporte":0,"pct_alojamiento":0,"pct_sin_educacion":0,"pct_educ_superior":25,"brecha_educ":-16,"pct_sin_seguro":20,"pct_sus":80,"pct_seguro_privado":0,"brecha_seguro":5,"pct_salud_publica":34,"pct_med_tradicional":7,"pct_automedicacion":25,"pct_remedios_caseros":26,"pct_viv_desocupada":15,"pct_alquiler":0,"pct_electricidad":100,"pct_sin_electricidad":0,"pct_agua_red":18,"pct_alcantarillado":18,"pct_camara_septica":0,"pct_pozo_ciego":55,"pct_sin_desague":27,"pct_gas_red":0,"pct_gas_garrafa":91,"pct_lena_guano":91,"pct_basura_formal":18,"pct_basura_quema":64,"pct_basura_informal":0,"pct_internet":64,"pct_celular":82,"pct_televisor":82}},{"type":"Feature","geometry":{"type":"Polygon","coordinates":[[[-65.4575,-17.01358],[-65.45837,-17.01322],[-65.45778,-17.01226],[-65.45743,-17.01203],[-65.45683,-17.01183],[-65.45675,-17.01187],[-65.4575,-17.01358]]]},"properties":{"n":"PARACTITO","p":15,"personas_x_ha":9,"masculinidad":36,"pct_menor20":47,"pct_60mas":0,"pct_migrante":60,"dependencia_econ":150,"pct_empleados":17,"pct_cuentapropia":33,"pct_agricultura":33,"pct_comercio":0,"pct_manufactura":17,"pct_construccion":17,"pct_transporte":0,"pct_alojamiento":0,"pct_sin_educacion":0,"pct_educ_superior":12,"brecha_educ":-20,"pct_sin_seguro":13,"pct_sus":87,"pct_seguro_privado":0,"brecha_seguro":16,"pct_salud_publica":26,"pct_med_tradicional":2,"pct_automedicacion":30,"pct_remedios_caseros":35,"pct_viv_desocupada":8,"pct_alquiler":43,"pct_electricidad":100,"pct_sin_electricidad":0,"pct_agua_red":86,"pct_alcantarillado":57,"pct_camara_septica":0,"pct_pozo_ciego":43,"pct_sin_desague":0,"pct_gas_red":14,"pct_gas_garrafa":57,"pct_lena_guano":57,"pct_basura_formal":86,"pct_basura_quema":14,"pct_basura_informal":0,"pct_internet":86,"pct_celular":86,"pct_televisor":71}},{"type":"Feature","geometry":{"type":"Polygon","coordinates":[[[-65.4596,-17.01309],[-65.45958,-17.01424],[-65.4591,-17.01442],[-65.45854,-17.01327],[-65.45946,-17.01287],[-65.4596,-17.01309]]]},"properties":{"n":"PARACTITO","p":21,"personas_x_ha":17,"masculinidad":62,"pct_menor20":57,"pct_60mas":5,"pct_migrante":52,"dependencia_econ":91,"pct_empleados":55,"pct_cuentapropia":27,"pct_agricultura":18,"pct_comercio":36,"pct_manufactura":0,"pct_construccion":9,"pct_transporte":0,"pct_alojamiento":9,"pct_sin_educacion":0,"pct_educ_superior":22,"brecha_educ":10,"pct_sin_seguro":0,"pct_sus":95,"pct_seguro_privado":0,"brecha_seguro":0,"pct_salud_publica":22,"pct_med_tradicional":7,"pct_automedicacion":28,"pct_remedios_caseros":17,"pct_viv_desocupada":7,"pct_alquiler":0,"pct_electricidad":100,"pct_sin_electricidad":0,"pct_agua_red":50,"pct_alcantarillado":12,"pct_camara_septica":25,"pct_pozo_ciego":50,"pct_sin_desague":0,"pct_gas_red":0,"pct_gas_garrafa":100,"pct_lena_guano":100,"pct_basura_formal":62,"pct_basura_quema":25,"pct_basura_informal":0,"pct_internet":88,"pct_celular":88,"pct_televisor":75}},{"type":"Feature","geometry":{"type":"Polygon","coordinates":[[[-65.459,-17.01441],[-65.45867,-17.01389],[-65.45721,-17.01454],[-65.45785,-17.01485],[-65.459,-17.01441]]]},"properties":{"n":"PARACTITO","p":23,"personas_x_ha":23,"masculinidad":109,"pct_menor20":43,"pct_60mas":4,"pct_migrante":39,"dependencia_econ":92,"pct_empleados":42,"pct_cuentapropia":17,"pct_agricultura":17,"pct_comercio":42,"pct_manufactura":0,"pct_construccion":0,"pct_transporte":8,"pct_alojamiento":33,"pct_sin_educacion":0,"pct_educ_superior":0,"brecha_educ":-33,"pct_sin_seguro":4,"pct_sus":96,"pct_seguro_privado":0,"brecha_seguro":8,"pct_salud_publica":33,"pct_med_tradicional":0,"pct_automedicacion":33,"pct_remedios_caseros":32,"pct_viv_desocupada":40,"pct_alquiler":50,"pct_electricidad":100,"pct_sin_electricidad":0,"pct_agua_red":83,"pct_alcantarillado":17,"pct_camara_septica":17,"pct_pozo_ciego":67,"pct_sin_desague":0,"pct_gas_red":0,"pct_gas_garrafa":100,"pct_lena_guano":100,"pct_basura_formal":100,"pct_basura_quema":0,"pct_basura_informal":0,"pct_internet":83,"pct_celular":83,"pct_televisor":67}},{"type":"Feature","geometry":{"type":"Polygon","coordinates":[[[-65.45634,-17.01242],[-65.45629,-17.01231],[-65.45552,-17.01267],[-65.45559,-17.01285],[-65.4559,-17.0127],[-65.45587,-17.01263],[-65.45634,-17.01242]]]},"properties":{"n":"PARACTITO","p":22,"personas_x_ha":150,"masculinidad":175,"pct_menor20":32,"pct_60mas":14,"pct_migrante":64,"dependencia_econ":47,"pct_empleados":27,"pct_cuentapropia":53,"pct_agricultura":7,"pct_comercio":33,"pct_manufactura":7,"pct_construccion":13,"pct_transporte":0,"pct_alojamiento":27,"pct_sin_educacion":6,"pct_educ_superior":0,"brecha_educ":-50,"pct_sin_seguro":14,"pct_sus":86,"pct_seguro_privado":0,"brecha_seguro":2,"pct_salud_publica":25,"pct_med_tradicional":21,"pct_automedicacion":25,"pct_remedios_caseros":22,"pct_viv_desocupada":0,"pct_alquiler":12,"pct_electricidad":100,"pct_sin_electricidad":0,"pct_agua_red":100,"pct_alcantarillado":100,"pct_camara_septica":0,"pct_pozo_ciego":0,"pct_sin_desague":0,"pct_gas_red":12,"pct_gas_garrafa":88,"pct_lena_guano":88,"pct_basura_formal":50,"pct_basura_quema":0,"pct_basura_informal":100,"pct_internet":88,"pct_celular":100,"pct_televisor":75}},{"type":"Feature","geometry":{"type":"Polygon","coordinates":[[[-65.45654,-17.01539],[-65.45752,-17.01595],[-65.45768,-17.01595],[-65.45844,-17.0157],[-65.45834,-17.01553],[-65.45614,-17.01432],[-65.45654,-17.01539]]]},"properties":{"n":"PARACTITO","p":64,"personas_x_ha":35,"masculinidad":83,"pct_menor20":34,"pct_60mas":6,"pct_migrante":55,"dependencia_econ":70,"pct_empleados":11,"pct_cuentapropia":73,"pct_agricultura":32,"pct_comercio":22,"pct_manufactura":0,"pct_construccion":5,"pct_transporte":11,"pct_alojamiento":8,"pct_sin_educacion":5,"pct_educ_superior":21,"brecha_educ":-10,"pct_sin_seguro":42,"pct_sus":55,"pct_seguro_privado":2,"brecha_seguro":-11,"pct_salud_publica":29,"pct_med_tradicional":10,"pct_automedicacion":18,"pct_remedios_caseros":24,"pct_viv_desocupada":6,"pct_alquiler":36,"pct_electricidad":100,"pct_sin_electricidad":0,"pct_agua_red":46,"pct_alcantarillado":82,"pct_camara_septica":7,"pct_pozo_ciego":11,"pct_sin_desague":0,"pct_gas_red":36,"pct_gas_garrafa":57,"pct_lena_guano":57,"pct_basura_formal":96,"pct_basura_quema":4,"pct_basura_informal":0,"pct_internet":61,"pct_celular":86,"pct_televisor":79}},{"type":"Feature","geometry":{"type":"Polygon","coordinates":[[[-65.45742,-17.01363],[-65.45689,-17.01242],[-65.45565,-17.01301],[-65.45608,-17.01386],[-65.45645,-17.01408],[-65.45742,-17.01363]]]},"properties":{"n":"PARACTITO","p":124,"personas_x_ha":60,"masculinidad":107,"pct_menor20":36,"pct_60mas":8,"pct_migrante":53,"dependencia_econ":145,"pct_empleados":22,"pct_cuentapropia":61,"pct_agricultura":27,"pct_comercio":33,"pct_manufactura":0,"pct_construccion":4,"pct_transporte":10,"pct_alojamiento":10,"pct_sin_educacion":3,"pct_educ_superior":15,"brecha_educ":-8,"pct_sin_seguro":14,"pct_sus":84,"pct_seguro_privado":0,"brecha_seguro":4,"pct_salud_publica":36,"pct_med_tradicional":9,"pct_automedicacion":20,"pct_remedios_caseros":22,"pct_viv_desocupada":4,"pct_alquiler":17,"pct_electricidad":100,"pct_sin_electricidad":0,"pct_agua_red":100,"pct_alcantarillado":71,"pct_camara_septica":7,"pct_pozo_ciego":7,"pct_sin_desague":15,"pct_gas_red":20,"pct_gas_garrafa":76,"pct_lena_guano":76,"pct_basura_formal":68,"pct_basura_quema":7,"pct_basura_informal":49,"pct_internet":71,"pct_celular":83,"pct_televisor":63}},{"type":"Feature","geometry":{"type":"Polygon","coordinates":[[[-65.45187,-17.01425],[-65.45054,-17.01243],[-65.44978,-17.01177],[-65.45034,-17.01115],[-65.4559,-17.01411],[-65.4561,-17.01463],[-65.45397,-17.01569],[-65.4538,-17.01562],[-65.45367,-17.01522],[-65.45345,-17.01493],[-65.45316,-17.01485],[-65.45281,-17.01496],[-65.45208,-17.01426],[-65.45187,-17.01425]]]},"properties":{"n":"PARACTITO","p":63,"personas_x_ha":5,"masculinidad":152,"pct_menor20":16,"pct_60mas":14,"pct_migrante":73,"dependencia_econ":32,"pct_empleados":19,"pct_cuentapropia":60,"pct_agricultura":32,"pct_comercio":17,"pct_manufactura":6,"pct_construccion":6,"pct_transporte":9,"pct_alojamiento":2,"pct_sin_educacion":4,"pct_educ_superior":35,"brecha_educ":-10,"pct_sin_seguro":25,"pct_sus":62,"pct_seguro_privado":0,"brecha_seguro":15,"pct_salud_publica":37,"pct_med_tradicional":10,"pct_automedicacion":14,"pct_remedios_caseros":13,"pct_viv_desocupada":11,"pct_alquiler":32,"pct_electricidad":94,"pct_sin_electricidad":6,"pct_agua_red":58,"pct_alcantarillado":32,"pct_camara_septica":29,"pct_pozo_ciego":26,"pct_sin_desague":13,"pct_gas_red":3,"pct_gas_garrafa":84,"pct_lena_guano":84,"pct_basura_formal":32,"pct_basura_quema":65,"pct_basura_informal":0,"pct_internet":32,"pct_celular":61,"pct_televisor":42}},{"type":"Feature","geometry":{"type":"Polygon","coordinates":[[[-65.45758,-17.01369],[-65.45781,-17.01419],[-65.45867,-17.01379],[-65.45838,-17.01334],[-65.45758,-17.01369]]]},"properties":{"n":"PARACTITO","p":19,"personas_x_ha":32,"masculinidad":73,"pct_menor20":42,"pct_60mas":0,"pct_migrante":53,"dependencia_econ":125,"pct_empleados":25,"pct_cuentapropia":75,"pct_agricultura":50,"pct_comercio":38,"pct_manufactura":0,"pct_construccion":0,"pct_transporte":0,"pct_alojamiento":12,"pct_sin_educacion":0,"pct_educ_superior":40,"brecha_educ":-8,"pct_sin_seguro":28,"pct_sus":67,"pct_seguro_privado":0,"brecha_seguro":18,"pct_salud_publica":29,"pct_med_tradicional":0,"pct_automedicacion":24,"pct_remedios_caseros":25,"pct_viv_desocupada":18,"pct_alquiler":50,"pct_electricidad":100,"pct_sin_electricidad":0,"pct_agua_red":0,"pct_alcantarillado":17,"pct_camara_septica":50,"pct_pozo_ciego":17,"pct_sin_desague":0,"pct_gas_red":17,"pct_gas_garrafa":83,"pct_lena_guano":83,"pct_basura_formal":67,"pct_basura_quema":33,"pct_basura_informal":0,"pct_internet":83,"pct_celular":100,"pct_televisor":83}},{"type":"Feature","geometry":{"type":"Polygon","coordinates":[[[-65.45579,-17.01605],[-65.45654,-17.01622],[-65.4567,-17.01617],[-65.45609,-17.01472],[-65.45537,-17.01506],[-65.45579,-17.01605]]]},"properties":{"n":"PARACTITO","p":49,"personas_x_ha":37,"masculinidad":81,"pct_menor20":35,"pct_60mas":10,"pct_migrante":59,"dependencia_econ":96,"pct_empleados":32,"pct_cuentapropia":52,"pct_agricultura":20,"pct_comercio":48,"pct_manufactura":4,"pct_construccion":0,"pct_transporte":12,"pct_alojamiento":0,"pct_sin_educacion":6,"pct_educ_superior":44,"brecha_educ":1,"pct_sin_seguro":27,"pct_sus":67,"pct_seguro_privado":0,"brecha_seguro":34,"pct_salud_publica":24,"pct_med_tradicional":11,"pct_automedicacion":28,"pct_remedios_caseros":20,"pct_viv_desocupada":0,"pct_alquiler":8,"pct_electricidad":100,"pct_sin_electricidad":0,"pct_agua_red":69,"pct_alcantarillado":46,"pct_camara_septica":31,"pct_pozo_ciego":15,"pct_sin_desague":8,"pct_gas_red":15,"pct_gas_garrafa":85,"pct_lena_guano":85,"pct_basura_formal":100,"pct_basura_quema":0,"pct_basura_informal":0,"pct_internet":85,"pct_celular":85,"pct_televisor":85}},{"type":"Feature","geometry":{"type":"Polygon","coordinates":[[[-65.45715,-17.0145],[-65.45775,-17.01423],[-65.45749,-17.01375],[-65.45666,-17.01411],[-65.45678,-17.0143],[-65.45715,-17.0145]]]},"properties":{"n":"PARACTITO","p":31,"personas_x_ha":56,"masculinidad":107,"pct_menor20":29,"pct_60mas":6,"pct_migrante":32,"dependencia_econ":82,"pct_empleados":41,"pct_cuentapropia":47,"pct_agricultura":47,"pct_comercio":12,"pct_manufactura":0,"pct_construccion":12,"pct_transporte":12,"pct_alojamiento":6,"pct_sin_educacion":9,"pct_educ_superior":14,"brecha_educ":-18,"pct_sin_seguro":10,"pct_sus":90,"pct_seguro_privado":0,"brecha_seguro":-7,"pct_salud_publica":27,"pct_med_tradicional":11,"pct_automedicacion":26,"pct_remedios_caseros":26,"pct_viv_desocupada":0,"pct_alquiler":60,"pct_electricidad":93,"pct_sin_electricidad":0,"pct_agua_red":80,"pct_alcantarillado":100,"pct_camara_septica":0,"pct_pozo_ciego":0,"pct_sin_desague":0,"pct_gas_red":13,"pct_gas_garrafa":73,"pct_lena_guano":73,"pct_basura_formal":100,"pct_basura_quema":0,"pct_basura_informal":0,"pct_internet":100,"pct_celular":100,"pct_televisor":73}},{"type":"Feature","geometry":{"type":"Polygon","coordinates":[[[-65.45572,-17.01367],[-65.45484,-17.01143],[-65.45462,-17.0112],[-65.4507,-17.00957],[-65.45036,-17.01088],[-65.45565,-17.01377],[-65.45572,-17.01367]]]},"properties":{"n":"PARACTITO","p":69,"personas_x_ha":7,"masculinidad":109,"pct_menor20":43,"pct_60mas":4,"pct_migrante":75,"dependencia_econ":64,"pct_empleados":19,"pct_cuentapropia":62,"pct_agricultura":21,"pct_comercio":38,"pct_manufactura":0,"pct_construccion":14,"pct_transporte":5,"pct_alojamiento":10,"pct_sin_educacion":0,"pct_educ_superior":38,"brecha_educ":-9,"pct_sin_seguro":28,"pct_sus":71,"pct_seguro_privado":0,"brecha_seguro":30,"pct_salud_publica":28,"pct_med_tradicional":9,"pct_automedicacion":22,"pct_remedios_caseros":25,"pct_viv_desocupada":0,"pct_alquiler":42,"pct_electricidad":100,"pct_sin_electricidad":0,"pct_agua_red":89,"pct_alcantarillado":74,"pct_camara_septica":16,"pct_pozo_ciego":11,"pct_sin_desague":0,"pct_gas_red":21,"pct_gas_garrafa":63,"pct_lena_guano":63,"pct_basura_formal":58,"pct_basura_quema":21,"pct_basura_informal":11,"pct_internet":89,"pct_celular":95,"pct_televisor":63}},{"type":"Feature","geometry":{"type":"Polygon","coordinates":[[[-65.45565,-17.01297],[-65.45643,-17.01259],[-65.45639,-17.01251],[-65.4556,-17.01288],[-65.45565,-17.01297]]]},"properties":{"n":"PARACTITO","p":37,"personas_x_ha":389,"masculinidad":76,"pct_menor20":43,"pct_60mas":14,"pct_migrante":62,"dependencia_econ":76,"pct_empleados":24,"pct_cuentapropia":62,"pct_agricultura":5,"pct_comercio":43,"pct_manufactura":0,"pct_construccion":5,"pct_transporte":10,"pct_alojamiento":24,"pct_sin_educacion":9,"pct_educ_superior":17,"brecha_educ":-10,"pct_sin_seguro":14,"pct_sus":70,"pct_seguro_privado":0,"brecha_seguro":9,"pct_salud_publica":29,"pct_med_tradicional":12,"pct_automedicacion":27,"pct_remedios_caseros":21,"pct_viv_desocupada":6,"pct_alquiler":13,"pct_electricidad":93,"pct_sin_electricidad":0,"pct_agua_red":87,"pct_alcantarillado":87,"pct_camara_septica":0,"pct_pozo_ciego":0,"pct_sin_desague":13,"pct_gas_red":7,"pct_gas_garrafa":93,"pct_lena_guano":93,"pct_basura_formal":13,"pct_basura_quema":7,"pct_basura_informal":80,"pct_internet":73,"pct_celular":93,"pct_televisor":53}},{"type":"Feature","geometry":{"type":"Polygon","coordinates":[[[-65.45943,-17.01509],[-65.45881,-17.0154],[-65.45795,-17.01493],[-65.45906,-17.01448],[-65.45943,-17.01509]]]},"properties":{"n":"PARACTITO","p":15,"personas_x_ha":18,"masculinidad":114,"pct_menor20":27,"pct_60mas":13,"pct_migrante":60,"dependencia_econ":36,"pct_empleados":0,"pct_cuentapropia":91,"pct_agricultura":36,"pct_comercio":18,"pct_manufactura":9,"pct_construccion":0,"pct_transporte":9,"pct_alojamiento":9,"pct_sin_educacion":9,"pct_educ_superior":9,"brecha_educ":43,"pct_sin_seguro":14,"pct_sus":86,"pct_seguro_privado":0,"brecha_seguro":-4,"pct_salud_publica":29,"pct_med_tradicional":21,"pct_automedicacion":12,"pct_remedios_caseros":26,"pct_viv_desocupada":0,"pct_alquiler":55,"pct_electricidad":100,"pct_sin_electricidad":0,"pct_agua_red":45,"pct_alcantarillado":64,"pct_camara_septica":9,"pct_pozo_ciego":27,"pct_sin_desague":0,"pct_gas_red":0,"pct_gas_garrafa":100,"pct_lena_guano":100,"pct_basura_formal":91,"pct_basura_quema":0,"pct_basura_informal":18,"pct_internet":55,"pct_celular":91,"pct_televisor":82}},{"type":"Feature","geometry":{"type":"Polygon","coordinates":[[[-65.4538,-17.01759],[-65.45545,-17.01959],[-65.45764,-17.01849],[-65.45683,-17.01643],[-65.45401,-17.0158],[-65.45386,-17.01591],[-65.4538,-17.01759]]]},"properties":{"n":"PARACTITO","p":15,"personas_x_ha":1,"masculinidad":36,"pct_menor20":27,"pct_60mas":20,"pct_migrante":73,"dependencia_econ":88,"pct_empleados":25,"pct_cuentapropia":62,"pct_agricultura":62,"pct_comercio":0,"pct_manufactura":0,"pct_construccion":0,"pct_transporte":0,"pct_alojamiento":0,"pct_sin_educacion":9,"pct_educ_superior":9,"brecha_educ":8,"pct_sin_seguro":15,"pct_sus":85,"pct_seguro_privado":0,"brecha_seguro":14,"pct_salud_publica":39,"pct_med_tradicional":6,"pct_automedicacion":16,"pct_remedios_caseros":19,"pct_viv_desocupada":0,"pct_alquiler":0,"pct_electricidad":71,"pct_sin_electricidad":29,"pct_agua_red":71,"pct_alcantarillado":14,"pct_camara_septica":29,"pct_pozo_ciego":43,"pct_sin_desague":0,"pct_gas_red":29,"pct_gas_garrafa":57,"pct_lena_guano":57,"pct_basura_formal":71,"pct_basura_quema":29,"pct_basura_informal":0,"pct_internet":57,"pct_celular":57,"pct_televisor":29}},{"type":"Feature","geometry":{"type":"Polygon","coordinates":[[[-65.45672,-17.01205],[-65.45645,-17.01146],[-65.45522,-17.01203],[-65.45549,-17.01263],[-65.45672,-17.01205]]]},"properties":{"n":"PARACTITO","p":73,"personas_x_ha":70,"masculinidad":78,"pct_menor20":29,"pct_60mas":15,"pct_migrante":67,"dependencia_econ":70,"pct_empleados":23,"pct_cuentapropia":72,"pct_agricultura":26,"pct_comercio":26,"pct_manufactura":5,"pct_construccion":2,"pct_transporte":14,"pct_alojamiento":5,"pct_sin_educacion":15,"pct_educ_superior":22,"brecha_educ":-33,"pct_sin_seguro":25,"pct_sus":66,"pct_seguro_privado":0,"brecha_seguro":12,"pct_salud_publica":27,"pct_med_tradicional":9,"pct_automedicacion":26,"pct_remedios_caseros":22,"pct_viv_desocupada":2,"pct_alquiler":6,"pct_electricidad":100,"pct_sin_electricidad":0,"pct_agua_red":94,"pct_alcantarillado":97,"pct_camara_septica":0,"pct_pozo_ciego":0,"pct_sin_desague":3,"pct_gas_red":21,"pct_gas_garrafa":79,"pct_lena_guano":79,"pct_basura_formal":3,"pct_basura_quema":0,"pct_basura_informal":182,"pct_internet":67,"pct_celular":82,"pct_televisor":82}},{"type":"Feature","geometry":{"type":"Polygon","coordinates":[[[-65.26209,-16.85828],[-65.26146,-16.85787],[-65.26097,-16.85865],[-65.26154,-16.859],[-65.26209,-16.85828]]]},"properties":{"n":"PARAISO B","p":20,"personas_x_ha":26,"masculinidad":82,"pct_menor20":55,"pct_60mas":0,"pct_migrante":80,"dependencia_econ":150,"pct_empleados":25,"pct_cuentapropia":62,"pct_agricultura":88,"pct_comercio":12,"pct_manufactura":0,"pct_construccion":0,"pct_transporte":0,"pct_alojamiento":0,"pct_sin_educacion":0,"pct_educ_superior":11,"brecha_educ":0,"pct_sin_seguro":0,"pct_sus":100,"pct_seguro_privado":0,"brecha_seguro":0,"pct_salud_publica":35,"pct_med_tradicional":2,"pct_automedicacion":30,"pct_remedios_caseros":20,"pct_viv_desocupada":0,"pct_alquiler":0,"pct_electricidad":67,"pct_sin_electricidad":33,"pct_agua_red":0,"pct_alcantarillado":0,"pct_camara_septica":0,"pct_pozo_ciego":50,"pct_sin_desague":50,"pct_gas_red":0,"pct_gas_garrafa":100,"pct_lena_guano":100,"pct_basura_formal":0,"pct_basura_quema":100,"pct_basura_informal":0,"pct_internet":83,"pct_celular":100,"pct_televisor":50}},{"type":"Feature","geometry":{"type":"Polygon","coordinates":[[[-65.26133,-16.85779],[-65.26058,-16.85734],[-65.26011,-16.85811],[-65.2608,-16.85855],[-65.26133,-16.85779]]]},"properties":{"n":"PARAISO B","p":37,"personas_x_ha":41,"masculinidad":131,"pct_menor20":54,"pct_60mas":14,"pct_migrante":54,"dependencia_econ":208,"pct_empleados":17,"pct_cuentapropia":67,"pct_agricultura":50,"pct_comercio":17,"pct_manufactura":0,"pct_construccion":0,"pct_transporte":8,"pct_alojamiento":8,"pct_sin_educacion":24,"pct_educ_superior":0,"brecha_educ":-7,"pct_sin_seguro":11,"pct_sus":89,"pct_seguro_privado":0,"brecha_seguro":-3,"pct_salud_publica":32,"pct_med_tradicional":1,"pct_automedicacion":29,"pct_remedios_caseros":23,"pct_viv_desocupada":11,"pct_alquiler":14,"pct_electricidad":86,"pct_sin_electricidad":14,"pct_agua_red":71,"pct_alcantarillado":0,"pct_camara_septica":0,"pct_pozo_ciego":100,"pct_sin_desague":0,"pct_gas_red":0,"pct_gas_garrafa":93,"pct_lena_guano":93,"pct_basura_formal":0,"pct_basura_quema":100,"pct_basura_informal":0,"pct_internet":79,"pct_celular":79,"pct_televisor":79}},{"type":"Feature","geometry":{"type":"Polygon","coordinates":[[[-65.25964,-16.8603],[-65.26014,-16.85956],[-65.25945,-16.8591],[-65.25899,-16.85988],[-65.25964,-16.8603]]]},"properties":{"n":"PARAISO B","p":62,"personas_x_ha":73,"masculinidad":107,"pct_menor20":60,"pct_60mas":2,"pct_migrante":52,"dependencia_econ":157,"pct_empleados":22,"pct_cuentapropia":48,"pct_agricultura":83,"pct_comercio":0,"pct_manufactura":0,"pct_construccion":0,"pct_transporte":0,"pct_alojamiento":0,"pct_sin_educacion":0,"pct_educ_superior":0,"brecha_educ":-26,"pct_sin_seguro":2,"pct_sus":96,"pct_seguro_privado":0,"brecha_seguro":3,"pct_salud_publica":31,"pct_med_tradicional":12,"pct_automedicacion":23,"pct_remedios_caseros":22,"pct_viv_desocupada":7,"pct_alquiler":0,"pct_electricidad":96,"pct_sin_electricidad":4,"pct_agua_red":92,"pct_alcantarillado":25,"pct_camara_septica":25,"pct_pozo_ciego":46,"pct_sin_desague":4,"pct_gas_red":0,"pct_gas_garrafa":92,"pct_lena_guano":92,"pct_basura_formal":0,"pct_basura_quema":96,"pct_basura_informal":0,"pct_internet":71,"pct_celular":88,"pct_televisor":54}},{"type":"Feature","geometry":{"type":"Polygon","coordinates":[[[-65.26003,-16.85823],[-65.25954,-16.859],[-65.26022,-16.85943],[-65.26071,-16.85865],[-65.26003,-16.85823]]]},"properties":{"n":"PARAISO B","p":33,"personas_x_ha":37,"masculinidad":83,"pct_menor20":48,"pct_60mas":3,"pct_migrante":58,"dependencia_econ":65,"pct_empleados":5,"pct_cuentapropia":80,"pct_agricultura":85,"pct_comercio":0,"pct_manufactura":0,"pct_construccion":0,"pct_transporte":0,"pct_alojamiento":0,"pct_sin_educacion":16,"pct_educ_superior":11,"brecha_educ":-22,"pct_sin_seguro":3,"pct_sus":97,"pct_seguro_privado":0,"brecha_seguro":7,"pct_salud_publica":48,"pct_med_tradicional":0,"pct_automedicacion":21,"pct_remedios_caseros":23,"pct_viv_desocupada":10,"pct_alquiler":0,"pct_electricidad":100,"pct_sin_electricidad":0,"pct_agua_red":80,"pct_alcantarillado":7,"pct_camara_septica":0,"pct_pozo_ciego":93,"pct_sin_desague":0,"pct_gas_red":0,"pct_gas_garrafa":93,"pct_lena_guano":93,"pct_basura_formal":0,"pct_basura_quema":100,"pct_basura_informal":0,"pct_internet":73,"pct_celular":93,"pct_televisor":60}},{"type":"Feature","geometry":{"type":"Polygon","coordinates":[[[-65.43324,-16.6527],[-65.43371,-16.65353],[-65.43457,-16.65308],[-65.4341,-16.65226],[-65.43324,-16.6527]]]},"properties":{"n":"PRIMERO DE MAYO","p":15,"personas_x_ha":14,"masculinidad":150,"pct_menor20":53,"pct_60mas":0,"pct_migrante":73,"dependencia_econ":275,"pct_empleados":0,"pct_cuentapropia":25,"pct_agricultura":75,"pct_comercio":0,"pct_manufactura":0,"pct_construccion":0,"pct_transporte":0,"pct_alojamiento":0,"pct_sin_educacion":14,"pct_educ_superior":14,"brecha_educ":-42,"pct_sin_seguro":7,"pct_sus":86,"pct_seguro_privado":0,"brecha_seguro":12,"pct_salud_publica":32,"pct_med_tradicional":8,"pct_automedicacion":10,"pct_remedios_caseros":30,"pct_viv_desocupada":0,"pct_alquiler":20,"pct_electricidad":70,"pct_sin_electricidad":30,"pct_agua_red":0,"pct_alcantarillado":0,"pct_camara_septica":0,"pct_pozo_ciego":50,"pct_sin_desague":20,"pct_gas_red":0,"pct_gas_garrafa":100,"pct_lena_guano":100,"pct_basura_formal":0,"pct_basura_quema":90,"pct_basura_informal":0,"pct_internet":90,"pct_celular":90,"pct_televisor":50}},{"type":"Feature","geometry":{"type":"Polygon","coordinates":[[[-65.43386,-16.65008],[-65.43316,-16.65043],[-65.43361,-16.65122],[-65.43448,-16.65079],[-65.43386,-16.65008]]]},"properties":{"n":"PRIMERO DE MAYO","p":29,"personas_x_ha":29,"masculinidad":93,"pct_menor20":52,"pct_60mas":0,"pct_migrante":45,"dependencia_econ":123,"pct_empleados":8,"pct_cuentapropia":62,"pct_agricultura":77,"pct_comercio":8,"pct_manufactura":0,"pct_construccion":0,"pct_transporte":0,"pct_alojamiento":8,"pct_sin_educacion":0,"pct_educ_superior":14,"brecha_educ":-43,"pct_sin_seguro":3,"pct_sus":97,"pct_seguro_privado":0,"brecha_seguro":7,"pct_salud_publica":44,"pct_med_tradicional":2,"pct_automedicacion":37,"pct_remedios_caseros":11,"pct_viv_desocupada":0,"pct_alquiler":40,"pct_electricidad":70,"pct_sin_electricidad":30,"pct_agua_red":0,"pct_alcantarillado":0,"pct_camara_septica":0,"pct_pozo_ciego":50,"pct_sin_desague":10,"pct_gas_red":0,"pct_gas_garrafa":100,"pct_lena_guano":100,"pct_basura_formal":0,"pct_basura_quema":100,"pct_basura_informal":0,"pct_internet":90,"pct_celular":90,"pct_televisor":70}},{"type":"Feature","geometry":{"type":"Polygon","coordinates":[[[-65.43195,-16.6483],[-65.43154,-16.64784],[-65.43073,-16.64827],[-65.43101,-16.64879],[-65.43195,-16.6483]]]},"properties":{"n":"PRIMERO DE MAYO","p":21,"personas_x_ha":29,"masculinidad":162,"pct_menor20":57,"pct_60mas":10,"pct_migrante":76,"dependencia_econ":91,"pct_empleados":9,"pct_cuentapropia":55,"pct_agricultura":73,"pct_comercio":9,"pct_manufactura":0,"pct_construccion":9,"pct_transporte":0,"pct_alojamiento":0,"pct_sin_educacion":0,"pct_educ_superior":22,"brecha_educ":0,"pct_sin_seguro":0,"pct_sus":70,"pct_seguro_privado":0,"brecha_seguro":0,"pct_salud_publica":23,"pct_med_tradicional":21,"pct_automedicacion":27,"pct_remedios_caseros":15,"pct_viv_desocupada":0,"pct_alquiler":0,"pct_electricidad":100,"pct_sin_electricidad":0,"pct_agua_red":100,"pct_alcantarillado":14,"pct_camara_septica":29,"pct_pozo_ciego":43,"pct_sin_desague":14,"pct_gas_red":0,"pct_gas_garrafa":86,"pct_lena_guano":86,"pct_basura_formal":0,"pct_basura_quema":100,"pct_basura_informal":0,"pct_internet":86,"pct_celular":86,"pct_televisor":71}},{"type":"Feature","geometry":{"type":"Polygon","coordinates":[[[-65.42807,-16.64834],[-65.42759,-16.64752],[-65.42675,-16.6479],[-65.42751,-16.64865],[-65.42807,-16.64834]]]},"properties":{"n":"PRIMERO DE MAYO","p":33,"personas_x_ha":35,"masculinidad":230,"pct_menor20":64,"pct_60mas":3,"pct_migrante":73,"dependencia_econ":175,"pct_empleados":0,"pct_cuentapropia":92,"pct_agricultura":92,"pct_comercio":8,"pct_manufactura":0,"pct_construccion":0,"pct_transporte":0,"pct_alojamiento":0,"pct_sin_educacion":0,"pct_educ_superior":14,"brecha_educ":4,"pct_sin_seguro":21,"pct_sus":79,"pct_seguro_privado":0,"brecha_seguro":16,"pct_salud_publica":29,"pct_med_tradicional":18,"pct_automedicacion":22,"pct_remedios_caseros":23,"pct_viv_desocupada":0,"pct_alquiler":0,"pct_electricidad":100,"pct_sin_electricidad":0,"pct_agua_red":67,"pct_alcantarillado":8,"pct_camara_septica":0,"pct_pozo_ciego":92,"pct_sin_desague":0,"pct_gas_red":0,"pct_gas_garrafa":100,"pct_lena_guano":100,"pct_basura_formal":0,"pct_basura_quema":92,"pct_basura_informal":0,"pct_internet":67,"pct_celular":92,"pct_televisor":58}},{"type":"Feature","geometry":{"type":"Polygon","coordinates":[[[-65.42859,-16.64926],[-65.42812,-16.64844],[-65.42758,-16.64874],[-65.42826,-16.6494],[-65.42859,-16.64926]]]},"properties":{"n":"PRIMERO DE MAYO","p":15,"personas_x_ha":28,"masculinidad":50,"pct_menor20":73,"pct_60mas":0,"pct_migrante":13,"dependencia_econ":400,"pct_empleados":0,"pct_cuentapropia":33,"pct_agricultura":100,"pct_comercio":0,"pct_manufactura":0,"pct_construccion":0,"pct_transporte":0,"pct_alojamiento":0,"pct_sin_educacion":0,"pct_educ_superior":0,"brecha_educ":null,"pct_sin_seguro":0,"pct_sus":100,"pct_seguro_privado":0,"brecha_seguro":0,"pct_salud_publica":36,"pct_med_tradicional":5,"pct_automedicacion":17,"pct_remedios_caseros":24,"pct_viv_desocupada":0,"pct_alquiler":0,"pct_electricidad":100,"pct_sin_electricidad":0,"pct_agua_red":0,"pct_alcantarillado":0,"pct_camara_septica":0,"pct_pozo_ciego":60,"pct_sin_desague":0,"pct_gas_red":0,"pct_gas_garrafa":100,"pct_lena_guano":100,"pct_basura_formal":0,"pct_basura_quema":100,"pct_basura_informal":0,"pct_internet":80,"pct_celular":100,"pct_televisor":60}},{"type":"Feature","geometry":{"type":"Polygon","coordinates":[[[-65.43143,-16.64726],[-65.43126,-16.64786],[-65.43062,-16.64817],[-65.43044,-16.64788],[-65.4306,-16.64818],[-65.42972,-16.64865],[-65.42874,-16.64699],[-65.43043,-16.64613],[-65.43143,-16.64726]]]},"properties":{"n":"PRIMERO DE MAYO","p":25,"personas_x_ha":5,"masculinidad":47,"pct_menor20":52,"pct_60mas":8,"pct_migrante":68,"dependencia_econ":92,"pct_empleados":46,"pct_cuentapropia":54,"pct_agricultura":46,"pct_comercio":8,"pct_manufactura":0,"pct_construccion":0,"pct_transporte":0,"pct_alojamiento":8,"pct_sin_educacion":8,"pct_educ_superior":50,"brecha_educ":6,"pct_sin_seguro":8,"pct_sus":68,"pct_seguro_privado":0,"brecha_seguro":7,"pct_salud_publica":30,"pct_med_tradicional":7,"pct_automedicacion":18,"pct_remedios_caseros":20,"pct_viv_desocupada":0,"pct_alquiler":0,"pct_electricidad":91,"pct_sin_electricidad":9,"pct_agua_red":73,"pct_alcantarillado":0,"pct_camara_septica":36,"pct_pozo_ciego":55,"pct_sin_desague":0,"pct_gas_red":0,"pct_gas_garrafa":100,"pct_lena_guano":100,"pct_basura_formal":0,"pct_basura_quema":100,"pct_basura_informal":0,"pct_internet":91,"pct_celular":100,"pct_televisor":64}},{"type":"Feature","geometry":{"type":"Polygon","coordinates":[[[-65.42903,-16.64788],[-65.42854,-16.64706],[-65.42767,-16.64748],[-65.42817,-16.64832],[-65.42903,-16.64788]]]},"properties":{"n":"PRIMERO DE MAYO","p":28,"personas_x_ha":25,"masculinidad":47,"pct_menor20":50,"pct_60mas":4,"pct_migrante":43,"dependencia_econ":87,"pct_empleados":0,"pct_cuentapropia":67,"pct_agricultura":40,"pct_comercio":13,"pct_manufactura":7,"pct_construccion":0,"pct_transporte":0,"pct_alojamiento":33,"pct_sin_educacion":7,"pct_educ_superior":27,"brecha_educ":25,"pct_sin_seguro":7,"pct_sus":93,"pct_seguro_privado":0,"brecha_seguro":-11,"pct_salud_publica":66,"pct_med_tradicional":2,"pct_automedicacion":22,"pct_remedios_caseros":5,"pct_viv_desocupada":0,"pct_alquiler":25,"pct_electricidad":100,"pct_sin_electricidad":0,"pct_agua_red":0,"pct_alcantarillado":0,"pct_camara_septica":8,"pct_pozo_ciego":83,"pct_sin_desague":0,"pct_gas_red":0,"pct_gas_garrafa":100,"pct_lena_guano":100,"pct_basura_formal":0,"pct_basura_quema":100,"pct_basura_informal":0,"pct_internet":58,"pct_celular":83,"pct_televisor":67}},{"type":"Feature","geometry":{"type":"Polygon","coordinates":[[[-65.43074,-16.65045],[-65.43159,-16.65],[-65.43109,-16.64919],[-65.43027,-16.64962],[-65.43074,-16.65045]]]},"properties":{"n":"PRIMERO DE MAYO","p":19,"personas_x_ha":18,"masculinidad":138,"pct_menor20":32,"pct_60mas":5,"pct_migrante":42,"dependencia_econ":850,"pct_empleados":0,"pct_cuentapropia":50,"pct_agricultura":100,"pct_comercio":0,"pct_manufactura":0,"pct_construccion":0,"pct_transporte":0,"pct_alojamiento":0,"pct_sin_educacion":0,"pct_educ_superior":0,"brecha_educ":-5,"pct_sin_seguro":0,"pct_sus":100,"pct_seguro_privado":0,"brecha_seguro":0,"pct_salud_publica":57,"pct_med_tradicional":0,"pct_automedicacion":0,"pct_remedios_caseros":43,"pct_viv_desocupada":0,"pct_alquiler":22,"pct_electricidad":100,"pct_sin_electricidad":0,"pct_agua_red":78,"pct_alcantarillado":11,"pct_camara_septica":0,"pct_pozo_ciego":67,"pct_sin_desague":22,"pct_gas_red":0,"pct_gas_garrafa":100,"pct_lena_guano":100,"pct_basura_formal":0,"pct_basura_quema":100,"pct_basura_informal":0,"pct_internet":67,"pct_celular":78,"pct_televisor":67}},{"type":"Feature","geometry":{"type":"Polygon","coordinates":[[[-65.42871,-16.6492],[-65.42957,-16.64876],[-65.42908,-16.64796],[-65.42823,-16.64841],[-65.42871,-16.6492]]]},"properties":{"n":"PRIMERO DE MAYO","p":22,"personas_x_ha":21,"masculinidad":69,"pct_menor20":41,"pct_60mas":9,"pct_migrante":55,"dependencia_econ":57,"pct_empleados":0,"pct_cuentapropia":71,"pct_agricultura":71,"pct_comercio":14,"pct_manufactura":0,"pct_construccion":0,"pct_transporte":0,"pct_alojamiento":14,"pct_sin_educacion":29,"pct_educ_superior":7,"brecha_educ":-14,"pct_sin_seguro":14,"pct_sus":86,"pct_seguro_privado":0,"brecha_seguro":15,"pct_salud_publica":26,"pct_med_tradicional":12,"pct_automedicacion":24,"pct_remedios_caseros":24,"pct_viv_desocupada":0,"pct_alquiler":10,"pct_electricidad":100,"pct_sin_electricidad":0,"pct_agua_red":100,"pct_alcantarillado":0,"pct_camara_septica":10,"pct_pozo_ciego":80,"pct_sin_desague":10,"pct_gas_red":0,"pct_gas_garrafa":90,"pct_lena_guano":90,"pct_basura_formal":0,"pct_basura_quema":100,"pct_basura_informal":0,"pct_internet":80,"pct_celular":90,"pct_televisor":40}},{"type":"Feature","geometry":{"type":"Polygon","coordinates":[[[-65.43452,-16.65087],[-65.43371,-16.6513],[-65.4341,-16.65213],[-65.43498,-16.65168],[-65.43452,-16.65087]]]},"properties":{"n":"PRIMERO DE MAYO","p":30,"personas_x_ha":28,"masculinidad":88,"pct_menor20":47,"pct_60mas":3,"pct_migrante":27,"dependencia_econ":127,"pct_empleados":9,"pct_cuentapropia":55,"pct_agricultura":91,"pct_comercio":0,"pct_manufactura":0,"pct_construccion":0,"pct_transporte":0,"pct_alojamiento":0,"pct_sin_educacion":13,"pct_educ_superior":0,"brecha_educ":-50,"pct_sin_seguro":12,"pct_sus":84,"pct_seguro_privado":4,"brecha_seguro":11,"pct_salud_publica":34,"pct_med_tradicional":12,"pct_automedicacion":16,"pct_remedios_caseros":22,"pct_viv_desocupada":0,"pct_alquiler":12,"pct_electricidad":88,"pct_sin_electricidad":12,"pct_agua_red":31,"pct_alcantarillado":12,"pct_camara_septica":0,"pct_pozo_ciego":88,"pct_sin_desague":0,"pct_gas_red":0,"pct_gas_garrafa":100,"pct_lena_guano":100,"pct_basura_formal":0,"pct_basura_quema":81,"pct_basura_informal":12,"pct_internet":81,"pct_celular":88,"pct_televisor":31}},{"type":"Feature","geometry":{"type":"Polygon","coordinates":[[[-65.43078,-16.65054],[-65.43126,-16.65131],[-65.43211,-16.65085],[-65.43163,-16.65008],[-65.43078,-16.65054]]]},"properties":{"n":"PRIMERO DE MAYO","p":41,"personas_x_ha":39,"masculinidad":86,"pct_menor20":54,"pct_60mas":5,"pct_migrante":37,"dependencia_econ":200,"pct_empleados":15,"pct_cuentapropia":62,"pct_agricultura":85,"pct_comercio":0,"pct_manufactura":0,"pct_construccion":0,"pct_transporte":8,"pct_alojamiento":8,"pct_sin_educacion":6,"pct_educ_superior":22,"brecha_educ":-3,"pct_sin_seguro":0,"pct_sus":100,"pct_seguro_privado":0,"brecha_seguro":0,"pct_salud_publica":31,"pct_med_tradicional":2,"pct_automedicacion":14,"pct_remedios_caseros":30,"pct_viv_desocupada":0,"pct_alquiler":8,"pct_electricidad":92,"pct_sin_electricidad":8,"pct_agua_red":85,"pct_alcantarillado":0,"pct_camara_septica":0,"pct_pozo_ciego":92,"pct_sin_desague":8,"pct_gas_red":0,"pct_gas_garrafa":92,"pct_lena_guano":92,"pct_basura_formal":0,"pct_basura_quema":100,"pct_basura_informal":0,"pct_internet":69,"pct_celular":85,"pct_televisor":54}},{"type":"Feature","geometry":{"type":"Polygon","coordinates":[[[-65.43376,-16.65001],[-65.43316,-16.64928],[-65.43266,-16.64953],[-65.43313,-16.65035],[-65.43376,-16.65001]]]},"properties":{"n":"PRIMERO DE MAYO","p":17,"personas_x_ha":24,"masculinidad":89,"pct_menor20":53,"pct_60mas":0,"pct_migrante":53,"dependencia_econ":183,"pct_empleados":17,"pct_cuentapropia":83,"pct_agricultura":83,"pct_comercio":17,"pct_manufactura":0,"pct_construccion":0,"pct_transporte":0,"pct_alojamiento":0,"pct_sin_educacion":0,"pct_educ_superior":0,"brecha_educ":15,"pct_sin_seguro":6,"pct_sus":94,"pct_seguro_privado":0,"brecha_seguro":12,"pct_salud_publica":35,"pct_med_tradicional":2,"pct_automedicacion":29,"pct_remedios_caseros":33,"pct_viv_desocupada":0,"pct_alquiler":0,"pct_electricidad":71,"pct_sin_electricidad":0,"pct_agua_red":14,"pct_alcantarillado":0,"pct_camara_septica":0,"pct_pozo_ciego":86,"pct_sin_desague":0,"pct_gas_red":0,"pct_gas_garrafa":100,"pct_lena_guano":100,"pct_basura_formal":0,"pct_basura_quema":100,"pct_basura_informal":0,"pct_internet":100,"pct_celular":86,"pct_televisor":71}},{"type":"Feature","geometry":{"type":"Polygon","coordinates":[[[-65.42872,-16.64929],[-65.42913,-16.65004],[-65.42921,-16.65007],[-65.43007,-16.64964],[-65.42961,-16.64882],[-65.42872,-16.64929]]]},"properties":{"n":"PRIMERO DE MAYO","p":36,"personas_x_ha":32,"masculinidad":112,"pct_menor20":58,"pct_60mas":6,"pct_migrante":64,"dependencia_econ":71,"pct_empleados":5,"pct_cuentapropia":71,"pct_agricultura":52,"pct_comercio":14,"pct_manufactura":0,"pct_construccion":5,"pct_transporte":5,"pct_alojamiento":14,"pct_sin_educacion":12,"pct_educ_superior":25,"brecha_educ":-6,"pct_sin_seguro":11,"pct_sus":89,"pct_seguro_privado":0,"brecha_seguro":-12,"pct_salud_publica":22,"pct_med_tradicional":13,"pct_automedicacion":22,"pct_remedios_caseros":20,"pct_viv_desocupada":0,"pct_alquiler":21,"pct_electricidad":100,"pct_sin_electricidad":0,"pct_agua_red":79,"pct_alcantarillado":0,"pct_camara_septica":43,"pct_pozo_ciego":50,"pct_sin_desague":7,"pct_gas_red":0,"pct_gas_garrafa":100,"pct_lena_guano":100,"pct_basura_formal":0,"pct_basura_quema":100,"pct_basura_informal":0,"pct_internet":79,"pct_celular":93,"pct_televisor":57}},{"type":"Feature","geometry":{"type":"Polygon","coordinates":[[[-65.43465,-16.65303],[-65.43549,-16.65259],[-65.43503,-16.65176],[-65.43418,-16.65222],[-65.43465,-16.65303]]]},"properties":{"n":"PRIMERO DE MAYO","p":25,"personas_x_ha":23,"masculinidad":67,"pct_menor20":64,"pct_60mas":0,"pct_migrante":76,"dependencia_econ":212,"pct_empleados":0,"pct_cuentapropia":75,"pct_agricultura":75,"pct_comercio":0,"pct_manufactura":12,"pct_construccion":0,"pct_transporte":0,"pct_alojamiento":0,"pct_sin_educacion":11,"pct_educ_superior":0,"brecha_educ":43,"pct_sin_seguro":4,"pct_sus":96,"pct_seguro_privado":0,"brecha_seguro":-7,"pct_salud_publica":32,"pct_med_tradicional":9,"pct_automedicacion":24,"pct_remedios_caseros":18,"pct_viv_desocupada":0,"pct_alquiler":11,"pct_electricidad":44,"pct_sin_electricidad":44,"pct_agua_red":0,"pct_alcantarillado":0,"pct_camara_septica":0,"pct_pozo_ciego":56,"pct_sin_desague":44,"pct_gas_red":0,"pct_gas_garrafa":67,"pct_lena_guano":67,"pct_basura_formal":0,"pct_basura_quema":100,"pct_basura_informal":0,"pct_internet":67,"pct_celular":89,"pct_televisor":22}},{"type":"Feature","geometry":{"type":"Polygon","coordinates":[[[-65.902,-17.02023],[-65.9021,-17.01972],[-65.90252,-17.01981],[-65.90242,-17.02029],[-65.902,-17.02023]]]},"properties":{"n":"PUCAMAYU","p":16,"personas_x_ha":59,"masculinidad":129,"pct_menor20":69,"pct_60mas":0,"pct_migrante":44,"dependencia_econ":167,"pct_empleados":0,"pct_cuentapropia":67,"pct_agricultura":100,"pct_comercio":0,"pct_manufactura":0,"pct_construccion":0,"pct_transporte":0,"pct_alojamiento":0,"pct_sin_educacion":0,"pct_educ_superior":20,"brecha_educ":-25,"pct_sin_seguro":0,"pct_sus":100,"pct_seguro_privado":0,"brecha_seguro":0,"pct_salud_publica":27,"pct_med_tradicional":8,"pct_automedicacion":22,"pct_remedios_caseros":18,"pct_viv_desocupada":0,"pct_alquiler":0,"pct_electricidad":100,"pct_sin_electricidad":0,"pct_agua_red":62,"pct_alcantarillado":0,"pct_camara_septica":0,"pct_pozo_ciego":88,"pct_sin_desague":12,"pct_gas_red":0,"pct_gas_garrafa":100,"pct_lena_guano":100,"pct_basura_formal":0,"pct_basura_quema":62,"pct_basura_informal":25,"pct_internet":100,"pct_celular":100,"pct_televisor":88}},{"type":"Feature","geometry":{"type":"Polygon","coordinates":[[[-65.90367,-17.01905],[-65.90287,-17.01878],[-65.9028,-17.01902],[-65.90332,-17.01918],[-65.90314,-17.01986],[-65.90343,-17.01995],[-65.90367,-17.01905]]]},"properties":{"n":"PUCAMAYU","p":26,"personas_x_ha":51,"masculinidad":86,"pct_menor20":73,"pct_60mas":0,"pct_migrante":50,"dependencia_econ":136,"pct_empleados":0,"pct_cuentapropia":64,"pct_agricultura":100,"pct_comercio":0,"pct_manufactura":0,"pct_construccion":0,"pct_transporte":0,"pct_alojamiento":0,"pct_sin_educacion":67,"pct_educ_superior":0,"brecha_educ":-30,"pct_sin_seguro":4,"pct_sus":96,"pct_seguro_privado":0,"brecha_seguro":8,"pct_salud_publica":27,"pct_med_tradicional":17,"pct_automedicacion":20,"pct_remedios_caseros":25,"pct_viv_desocupada":15,"pct_alquiler":0,"pct_electricidad":100,"pct_sin_electricidad":0,"pct_agua_red":50,"pct_alcantarillado":0,"pct_camara_septica":0,"pct_pozo_ciego":90,"pct_sin_desague":0,"pct_gas_red":0,"pct_gas_garrafa":80,"pct_lena_guano":80,"pct_basura_formal":0,"pct_basura_quema":100,"pct_basura_informal":0,"pct_internet":60,"pct_celular":100,"pct_televisor":80}},{"type":"Feature","geometry":{"type":"Polygon","coordinates":[[[-65.90063,-17.02113],[-65.90087,-17.01994],[-65.90052,-17.01983],[-65.90029,-17.02082],[-65.89998,-17.02115],[-65.90034,-17.0214],[-65.90047,-17.02135],[-65.90063,-17.02113]]]},"properties":{"n":"PUCAMAYU","p":20,"personas_x_ha":27,"masculinidad":122,"pct_menor20":80,"pct_60mas":0,"pct_migrante":75,"dependencia_econ":186,"pct_empleados":0,"pct_cuentapropia":71,"pct_agricultura":100,"pct_comercio":0,"pct_manufactura":0,"pct_construccion":0,"pct_transporte":0,"pct_alojamiento":0,"pct_sin_educacion":0,"pct_educ_superior":0,"brecha_educ":-100,"pct_sin_seguro":5,"pct_sus":95,"pct_seguro_privado":0,"brecha_seguro":-11,"pct_salud_publica":29,"pct_med_tradicional":8,"pct_automedicacion":15,"pct_remedios_caseros":19,"pct_viv_desocupada":6,"pct_alquiler":0,"pct_electricidad":100,"pct_sin_electricidad":0,"pct_agua_red":62,"pct_alcantarillado":25,"pct_camara_septica":0,"pct_pozo_ciego":75,"pct_sin_desague":0,"pct_gas_red":0,"pct_gas_garrafa":100,"pct_lena_guano":100,"pct_basura_formal":0,"pct_basura_quema":100,"pct_basura_informal":0,"pct_internet":100,"pct_celular":100,"pct_televisor":88}},{"type":"Feature","geometry":{"type":"Polygon","coordinates":[[[-65.90324,-17.01923],[-65.90279,-17.0191],[-65.90264,-17.01974],[-65.90305,-17.01986],[-65.90324,-17.01923]]]},"properties":{"n":"PUCAMAYU","p":19,"personas_x_ha":52,"masculinidad":46,"pct_menor20":63,"pct_60mas":5,"pct_migrante":68,"dependencia_econ":220,"pct_empleados":0,"pct_cuentapropia":40,"pct_agricultura":100,"pct_comercio":0,"pct_manufactura":0,"pct_construccion":0,"pct_transporte":0,"pct_alojamiento":0,"pct_sin_educacion":20,"pct_educ_superior":0,"brecha_educ":null,"pct_sin_seguro":0,"pct_sus":100,"pct_seguro_privado":0,"brecha_seguro":0,"pct_salud_publica":20,"pct_med_tradicional":21,"pct_automedicacion":11,"pct_remedios_caseros":22,"pct_viv_desocupada":0,"pct_alquiler":0,"pct_electricidad":100,"pct_sin_electricidad":0,"pct_agua_red":55,"pct_alcantarillado":9,"pct_camara_septica":0,"pct_pozo_ciego":91,"pct_sin_desague":0,"pct_gas_red":0,"pct_gas_garrafa":100,"pct_lena_guano":100,"pct_basura_formal":0,"pct_basura_quema":100,"pct_basura_informal":0,"pct_internet":64,"pct_celular":100,"pct_televisor":91}},{"type":"Feature","geometry":{"type":"Polygon","coordinates":[[[-65.90238,-17.02074],[-65.90256,-17.02078],[-65.90273,-17.02041],[-65.90301,-17.02019],[-65.90305,-17.01994],[-65.9026,-17.01984],[-65.90238,-17.02074]]]},"properties":{"n":"PUCAMAYU","p":18,"personas_x_ha":48,"masculinidad":50,"pct_menor20":78,"pct_60mas":11,"pct_migrante":56,"dependencia_econ":200,"pct_empleados":0,"pct_cuentapropia":67,"pct_agricultura":100,"pct_comercio":0,"pct_manufactura":0,"pct_construccion":0,"pct_transporte":0,"pct_alojamiento":0,"pct_sin_educacion":20,"pct_educ_superior":0,"brecha_educ":null,"pct_sin_seguro":6,"pct_sus":94,"pct_seguro_privado":0,"brecha_seguro":-8,"pct_salud_publica":29,"pct_med_tradicional":17,"pct_automedicacion":14,"pct_remedios_caseros":16,"pct_viv_desocupada":0,"pct_alquiler":0,"pct_electricidad":100,"pct_sin_electricidad":0,"pct_agua_red":0,"pct_alcantarillado":0,"pct_camara_septica":0,"pct_pozo_ciego":83,"pct_sin_desague":0,"pct_gas_red":0,"pct_gas_garrafa":100,"pct_lena_guano":100,"pct_basura_formal":0,"pct_basura_quema":100,"pct_basura_informal":0,"pct_internet":83,"pct_celular":83,"pct_televisor":67}},{"type":"Feature","geometry":{"type":"Polygon","coordinates":[[[-65.90258,-17.0197],[-65.90274,-17.01909],[-65.90229,-17.01893],[-65.90212,-17.01958],[-65.90258,-17.0197]]]},"properties":{"n":"PUCAMAYU","p":15,"personas_x_ha":39,"masculinidad":25,"pct_menor20":53,"pct_60mas":13,"pct_migrante":33,"dependencia_econ":650,"pct_empleados":0,"pct_cuentapropia":100,"pct_agricultura":100,"pct_comercio":0,"pct_manufactura":0,"pct_construccion":0,"pct_transporte":0,"pct_alojamiento":0,"pct_sin_educacion":43,"pct_educ_superior":0,"brecha_educ":null,"pct_sin_seguro":0,"pct_sus":100,"pct_seguro_privado":0,"brecha_seguro":0,"pct_salud_publica":34,"pct_med_tradicional":5,"pct_automedicacion":32,"pct_remedios_caseros":11,"pct_viv_desocupada":18,"pct_alquiler":12,"pct_electricidad":100,"pct_sin_electricidad":0,"pct_agua_red":75,"pct_alcantarillado":0,"pct_camara_septica":0,"pct_pozo_ciego":75,"pct_sin_desague":12,"pct_gas_red":0,"pct_gas_garrafa":88,"pct_lena_guano":88,"pct_basura_formal":0,"pct_basura_quema":88,"pct_basura_informal":0,"pct_internet":75,"pct_celular":88,"pct_televisor":75}},{"type":"Feature","geometry":{"type":"Polygon","coordinates":[[[-65.90094,-17.01997],[-65.90071,-17.02099],[-65.9012,-17.021],[-65.9014,-17.0201],[-65.90094,-17.01997]]]},"properties":{"n":"PUCAMAYU","p":15,"personas_x_ha":27,"masculinidad":114,"pct_menor20":60,"pct_60mas":0,"pct_migrante":60,"dependencia_econ":200,"pct_empleados":0,"pct_cuentapropia":100,"pct_agricultura":100,"pct_comercio":0,"pct_manufactura":0,"pct_construccion":0,"pct_transporte":0,"pct_alojamiento":0,"pct_sin_educacion":0,"pct_educ_superior":0,"brecha_educ":50,"pct_sin_seguro":7,"pct_sus":93,"pct_seguro_privado":0,"brecha_seguro":12,"pct_salud_publica":28,"pct_med_tradicional":19,"pct_automedicacion":12,"pct_remedios_caseros":30,"pct_viv_desocupada":0,"pct_alquiler":29,"pct_electricidad":100,"pct_sin_electricidad":0,"pct_agua_red":71,"pct_alcantarillado":0,"pct_camara_septica":0,"pct_pozo_ciego":100,"pct_sin_desague":0,"pct_gas_red":0,"pct_gas_garrafa":86,"pct_lena_guano":86,"pct_basura_formal":0,"pct_basura_quema":100,"pct_basura_informal":0,"pct_internet":43,"pct_celular":100,"pct_televisor":29}},{"type":"Feature","geometry":{"type":"Polygon","coordinates":[[[-65.64745,-17.01079],[-65.64718,-17.01051],[-65.64797,-17.01004],[-65.64879,-17.00931],[-65.64867,-17.00878],[-65.64913,-17.00871],[-65.64941,-17.00949],[-65.64745,-17.01079]]]},"properties":{"n":"PUEBLO CRISTAL MAYU","p":42,"personas_x_ha":30,"masculinidad":83,"pct_menor20":57,"pct_60mas":10,"pct_migrante":60,"dependencia_econ":200,"pct_empleados":7,"pct_cuentapropia":93,"pct_agricultura":64,"pct_comercio":14,"pct_manufactura":7,"pct_construccion":0,"pct_transporte":7,"pct_alojamiento":0,"pct_sin_educacion":15,"pct_educ_superior":25,"brecha_educ":-8,"pct_sin_seguro":2,"pct_sus":90,"pct_seguro_privado":0,"brecha_seguro":5,"pct_salud_publica":30,"pct_med_tradicional":13,"pct_automedicacion":18,"pct_remedios_caseros":18,"pct_viv_desocupada":0,"pct_alquiler":12,"pct_electricidad":100,"pct_sin_electricidad":0,"pct_agua_red":50,"pct_alcantarillado":6,"pct_camara_septica":0,"pct_pozo_ciego":88,"pct_sin_desague":6,"pct_gas_red":0,"pct_gas_garrafa":100,"pct_lena_guano":100,"pct_basura_formal":0,"pct_basura_quema":56,"pct_basura_informal":62,"pct_internet":56,"pct_celular":56,"pct_televisor":69}},{"type":"Feature","geometry":{"type":"Polygon","coordinates":[[[-65.64669,-17.00981],[-65.64705,-17.01046],[-65.64762,-17.01015],[-65.64724,-17.00956],[-65.64669,-17.00981]]]},"properties":{"n":"PUEBLO CRISTAL MAYU","p":20,"personas_x_ha":38,"masculinidad":67,"pct_menor20":65,"pct_60mas":5,"pct_migrante":45,"dependencia_econ":null,"pct_empleados":null,"pct_cuentapropia":null,"pct_agricultura":null,"pct_comercio":null,"pct_manufactura":null,"pct_construccion":null,"pct_transporte":null,"pct_alojamiento":null,"pct_sin_educacion":14,"pct_educ_superior":0,"brecha_educ":null,"pct_sin_seguro":25,"pct_sus":70,"pct_seguro_privado":0,"brecha_seguro":0,"pct_salud_publica":39,"pct_med_tradicional":7,"pct_automedicacion":24,"pct_remedios_caseros":26,"pct_viv_desocupada":9,"pct_alquiler":22,"pct_electricidad":100,"pct_sin_electricidad":0,"pct_agua_red":89,"pct_alcantarillado":0,"pct_camara_septica":0,"pct_pozo_ciego":100,"pct_sin_desague":0,"pct_gas_red":0,"pct_gas_garrafa":100,"pct_lena_guano":100,"pct_basura_formal":0,"pct_basura_quema":89,"pct_basura_informal":0,"pct_internet":89,"pct_celular":100,"pct_televisor":78}},{"type":"Feature","geometry":{"type":"Polygon","coordinates":[[[-65.64646,-17.01078],[-65.6461,-17.0101],[-65.64556,-17.01037],[-65.64604,-17.01124],[-65.64646,-17.01078]]]},"properties":{"n":"PUEBLO CRISTAL MAYU","p":19,"personas_x_ha":32,"masculinidad":138,"pct_menor20":63,"pct_60mas":5,"pct_migrante":47,"dependencia_econ":467,"pct_empleados":0,"pct_cuentapropia":100,"pct_agricultura":67,"pct_comercio":33,"pct_manufactura":0,"pct_construccion":0,"pct_transporte":0,"pct_alojamiento":0,"pct_sin_educacion":0,"pct_educ_superior":0,"brecha_educ":-60,"pct_sin_seguro":0,"pct_sus":94,"pct_seguro_privado":0,"brecha_seguro":0,"pct_salud_publica":32,"pct_med_tradicional":2,"pct_automedicacion":34,"pct_remedios_caseros":30,"pct_viv_desocupada":0,"pct_alquiler":11,"pct_electricidad":100,"pct_sin_electricidad":0,"pct_agua_red":100,"pct_alcantarillado":0,"pct_camara_septica":0,"pct_pozo_ciego":100,"pct_sin_desague":0,"pct_gas_red":0,"pct_gas_garrafa":100,"pct_lena_guano":100,"pct_basura_formal":0,"pct_basura_quema":100,"pct_basura_informal":0,"pct_internet":89,"pct_celular":100,"pct_televisor":67}},{"type":"Feature","geometry":{"type":"Polygon","coordinates":[[[-65.64811,-17.00981],[-65.64771,-17.0093],[-65.64731,-17.00956],[-65.64767,-17.01014],[-65.64811,-17.00981]]]},"properties":{"n":"PUEBLO CRISTAL MAYU","p":22,"personas_x_ha":54,"masculinidad":83,"pct_menor20":64,"pct_60mas":0,"pct_migrante":59,"dependencia_econ":175,"pct_empleados":50,"pct_cuentapropia":38,"pct_agricultura":75,"pct_comercio":0,"pct_manufactura":0,"pct_construccion":0,"pct_transporte":0,"pct_alojamiento":12,"pct_sin_educacion":0,"pct_educ_superior":12,"brecha_educ":7,"pct_sin_seguro":0,"pct_sus":100,"pct_seguro_privado":0,"brecha_seguro":0,"pct_salud_publica":30,"pct_med_tradicional":10,"pct_automedicacion":21,"pct_remedios_caseros":27,"pct_viv_desocupada":0,"pct_alquiler":22,"pct_electricidad":100,"pct_sin_electricidad":0,"pct_agua_red":33,"pct_alcantarillado":0,"pct_camara_septica":44,"pct_pozo_ciego":56,"pct_sin_desague":0,"pct_gas_red":0,"pct_gas_garrafa":100,"pct_lena_guano":100,"pct_basura_formal":0,"pct_basura_quema":100,"pct_basura_informal":0,"pct_internet":100,"pct_celular":100,"pct_televisor":78}},{"type":"Feature","geometry":{"type":"Polygon","coordinates":[[[-65.64308,-17.00579],[-65.64209,-17.00599],[-65.64179,-17.00575],[-65.64126,-17.0044],[-65.64156,-17.0041],[-65.64187,-17.00433],[-65.64243,-17.0052],[-65.64317,-17.0057],[-65.64308,-17.00579]]]},"properties":{"n":"PUEBLO CRISTAL MAYU","p":59,"personas_x_ha":33,"masculinidad":69,"pct_menor20":53,"pct_60mas":3,"pct_migrante":39,"dependencia_econ":132,"pct_empleados":20,"pct_cuentapropia":60,"pct_agricultura":36,"pct_comercio":24,"pct_manufactura":4,"pct_construccion":12,"pct_transporte":0,"pct_alojamiento":4,"pct_sin_educacion":0,"pct_educ_superior":20,"brecha_educ":-12,"pct_sin_seguro":44,"pct_sus":42,"pct_seguro_privado":0,"brecha_seguro":3,"pct_salud_publica":29,"pct_med_tradicional":12,"pct_automedicacion":19,"pct_remedios_caseros":22,"pct_viv_desocupada":10,"pct_alquiler":16,"pct_electricidad":95,"pct_sin_electricidad":5,"pct_agua_red":58,"pct_alcantarillado":11,"pct_camara_septica":0,"pct_pozo_ciego":79,"pct_sin_desague":5,"pct_gas_red":0,"pct_gas_garrafa":100,"pct_lena_guano":100,"pct_basura_formal":0,"pct_basura_quema":74,"pct_basura_informal":32,"pct_internet":68,"pct_celular":89,"pct_televisor":68}},{"type":"Feature","geometry":{"type":"Polygon","coordinates":[[[-65.64663,-17.00984],[-65.64701,-17.01051],[-65.64652,-17.01074],[-65.64615,-17.01008],[-65.64663,-17.00984]]]},"properties":{"n":"PUEBLO CRISTAL MAYU","p":20,"personas_x_ha":41,"masculinidad":100,"pct_menor20":60,"pct_60mas":0,"pct_migrante":35,"dependencia_econ":233,"pct_empleados":0,"pct_cuentapropia":100,"pct_agricultura":50,"pct_comercio":17,"pct_manufactura":17,"pct_construccion":0,"pct_transporte":0,"pct_alojamiento":0,"pct_sin_educacion":0,"pct_educ_superior":12,"brecha_educ":-40,"pct_sin_seguro":0,"pct_sus":100,"pct_seguro_privado":0,"brecha_seguro":0,"pct_salud_publica":25,"pct_med_tradicional":21,"pct_automedicacion":24,"pct_remedios_caseros":20,"pct_viv_desocupada":17,"pct_alquiler":0,"pct_electricidad":100,"pct_sin_electricidad":0,"pct_agua_red":10,"pct_alcantarillado":0,"pct_camara_septica":0,"pct_pozo_ciego":80,"pct_sin_desague":10,"pct_gas_red":0,"pct_gas_garrafa":100,"pct_lena_guano":100,"pct_basura_formal":0,"pct_basura_quema":80,"pct_basura_informal":20,"pct_internet":80,"pct_celular":100,"pct_televisor":90}},{"type":"Feature","geometry":{"type":"Polygon","coordinates":[[[-65.6482,-17.00898],[-65.64775,-17.00927],[-65.64816,-17.00976],[-65.64856,-17.00939],[-65.6482,-17.00898]]]},"properties":{"n":"PUEBLO CRISTAL MAYU","p":18,"personas_x_ha":47,"masculinidad":64,"pct_menor20":67,"pct_60mas":6,"pct_migrante":67,"dependencia_econ":100,"pct_empleados":22,"pct_cuentapropia":67,"pct_agricultura":89,"pct_comercio":0,"pct_manufactura":0,"pct_construccion":11,"pct_transporte":0,"pct_alojamiento":0,"pct_sin_educacion":14,"pct_educ_superior":0,"brecha_educ":-17,"pct_sin_seguro":0,"pct_sus":100,"pct_seguro_privado":0,"brecha_seguro":0,"pct_salud_publica":23,"pct_med_tradicional":18,"pct_automedicacion":23,"pct_remedios_caseros":11,"pct_viv_desocupada":0,"pct_alquiler":22,"pct_electricidad":89,"pct_sin_electricidad":11,"pct_agua_red":89,"pct_alcantarillado":0,"pct_camara_septica":0,"pct_pozo_ciego":89,"pct_sin_desague":11,"pct_gas_red":0,"pct_gas_garrafa":89,"pct_lena_guano":89,"pct_basura_formal":0,"pct_basura_quema":89,"pct_basura_informal":0,"pct_internet":89,"pct_celular":89,"pct_televisor":67}},{"type":"Feature","geometry":{"type":"Polygon","coordinates":[[[-65.64361,-17.00639],[-65.64293,-17.00632],[-65.64261,-17.0064],[-65.64325,-17.00673],[-65.64364,-17.00645],[-65.64361,-17.00639]]]},"properties":{"n":"PUEBLO CRISTAL MAYU","p":36,"personas_x_ha":123,"masculinidad":80,"pct_menor20":50,"pct_60mas":0,"pct_migrante":31,"dependencia_econ":127,"pct_empleados":13,"pct_cuentapropia":80,"pct_agricultura":73,"pct_comercio":13,"pct_manufactura":0,"pct_construccion":0,"pct_transporte":0,"pct_alojamiento":7,"pct_sin_educacion":6,"pct_educ_superior":6,"brecha_educ":-1,"pct_sin_seguro":16,"pct_sus":84,"pct_seguro_privado":0,"brecha_seguro":14,"pct_salud_publica":36,"pct_med_tradicional":2,"pct_automedicacion":23,"pct_remedios_caseros":28,"pct_viv_desocupada":6,"pct_alquiler":6,"pct_electricidad":100,"pct_sin_electricidad":0,"pct_agua_red":19,"pct_alcantarillado":0,"pct_camara_septica":19,"pct_pozo_ciego":81,"pct_sin_desague":0,"pct_gas_red":0,"pct_gas_garrafa":100,"pct_lena_guano":100,"pct_basura_formal":6,"pct_basura_quema":50,"pct_basura_informal":50,"pct_internet":81,"pct_celular":100,"pct_televisor":62}},{"type":"Feature","geometry":{"type":"Polygon","coordinates":[[[-65.64482,-17.00654],[-65.64503,-17.00618],[-65.64542,-17.00626],[-65.64536,-17.00675],[-65.64475,-17.007],[-65.64505,-17.00784],[-65.64432,-17.00811],[-65.64379,-17.0069],[-65.6438,-17.00651],[-65.64482,-17.00654]]]},"properties":{"n":"PUEBLO CRISTAL MAYU","p":23,"personas_x_ha":12,"masculinidad":64,"pct_menor20":30,"pct_60mas":22,"pct_migrante":61,"dependencia_econ":83,"pct_empleados":33,"pct_cuentapropia":50,"pct_agricultura":42,"pct_comercio":33,"pct_manufactura":0,"pct_construccion":0,"pct_transporte":0,"pct_alojamiento":0,"pct_sin_educacion":7,"pct_educ_superior":20,"brecha_educ":-30,"pct_sin_seguro":5,"pct_sus":55,"pct_seguro_privado":0,"brecha_seguro":12,"pct_salud_publica":22,"pct_med_tradicional":12,"pct_automedicacion":22,"pct_remedios_caseros":23,"pct_viv_desocupada":0,"pct_alquiler":8,"pct_electricidad":92,"pct_sin_electricidad":8,"pct_agua_red":92,"pct_alcantarillado":15,"pct_camara_septica":8,"pct_pozo_ciego":38,"pct_sin_desague":23,"pct_gas_red":0,"pct_gas_garrafa":100,"pct_lena_guano":100,"pct_basura_formal":0,"pct_basura_quema":85,"pct_basura_informal":0,"pct_internet":69,"pct_celular":77,"pct_televisor":54}},{"type":"Feature","geometry":{"type":"Polygon","coordinates":[[[-65.6437,-17.00631],[-65.64318,-17.00584],[-65.643,-17.00595],[-65.64325,-17.00623],[-65.64364,-17.00636],[-65.6437,-17.00631]]]},"properties":{"n":"PUEBLO CRISTAL MAYU","p":21,"personas_x_ha":124,"masculinidad":75,"pct_menor20":62,"pct_60mas":5,"pct_migrante":33,"dependencia_econ":162,"pct_empleados":12,"pct_cuentapropia":88,"pct_agricultura":38,"pct_comercio":0,"pct_manufactura":12,"pct_construccion":12,"pct_transporte":12,"pct_alojamiento":0,"pct_sin_educacion":0,"pct_educ_superior":33,"brecha_educ":5,"pct_sin_seguro":14,"pct_sus":86,"pct_seguro_privado":0,"brecha_seguro":14,"pct_salud_publica":29,"pct_med_tradicional":23,"pct_automedicacion":25,"pct_remedios_caseros":9,"pct_viv_desocupada":0,"pct_alquiler":11,"pct_electricidad":100,"pct_sin_electricidad":0,"pct_agua_red":44,"pct_alcantarillado":22,"pct_camara_septica":22,"pct_pozo_ciego":56,"pct_sin_desague":0,"pct_gas_red":0,"pct_gas_garrafa":89,"pct_lena_guano":89,"pct_basura_formal":0,"pct_basura_quema":67,"pct_basura_informal":22,"pct_internet":89,"pct_celular":89,"pct_televisor":44}},{"type":"Feature","geometry":{"type":"Polygon","coordinates":[[[-65.64436,-17.009],[-65.64392,-17.00787],[-65.64359,-17.00742],[-65.64325,-17.0071],[-65.64254,-17.00669],[-65.64222,-17.00659],[-65.64209,-17.00685],[-65.64292,-17.00734],[-65.64359,-17.00833],[-65.64395,-17.00922],[-65.64436,-17.009]]]},"properties":{"n":"PUEBLO CRISTAL MAYU","p":27,"personas_x_ha":16,"masculinidad":80,"pct_menor20":41,"pct_60mas":15,"pct_migrante":48,"dependencia_econ":170,"pct_empleados":30,"pct_cuentapropia":70,"pct_agricultura":30,"pct_comercio":20,"pct_manufactura":10,"pct_construccion":10,"pct_transporte":20,"pct_alojamiento":0,"pct_sin_educacion":12,"pct_educ_superior":0,"brecha_educ":-25,"pct_sin_seguro":12,"pct_sus":88,"pct_seguro_privado":0,"brecha_seguro":27,"pct_salud_publica":28,"pct_med_tradicional":18,"pct_automedicacion":22,"pct_remedios_caseros":24,"pct_viv_desocupada":14,"pct_alquiler":31,"pct_electricidad":100,"pct_sin_electricidad":0,"pct_agua_red":92,"pct_alcantarillado":8,"pct_camara_septica":0,"pct_pozo_ciego":92,"pct_sin_desague":0,"pct_gas_red":0,"pct_gas_garrafa":100,"pct_lena_guano":100,"pct_basura_formal":0,"pct_basura_quema":92,"pct_basura_informal":15,"pct_internet":85,"pct_celular":100,"pct_televisor":69}},{"type":"Feature","geometry":{"type":"Polygon","coordinates":[[[-65.64424,-17.00602],[-65.64383,-17.0064],[-65.64335,-17.00585],[-65.64376,-17.0055],[-65.64424,-17.00602]]]},"properties":{"n":"PUEBLO CRISTAL MAYU","p":21,"personas_x_ha":45,"masculinidad":75,"pct_menor20":62,"pct_60mas":0,"pct_migrante":90,"dependencia_econ":162,"pct_empleados":75,"pct_cuentapropia":25,"pct_agricultura":0,"pct_comercio":12,"pct_manufactura":0,"pct_construccion":0,"pct_transporte":0,"pct_alojamiento":25,"pct_sin_educacion":0,"pct_educ_superior":75,"brecha_educ":0,"pct_sin_seguro":14,"pct_sus":38,"pct_seguro_privado":0,"brecha_seguro":-6,"pct_salud_publica":14,"pct_med_tradicional":10,"pct_automedicacion":20,"pct_remedios_caseros":23,"pct_viv_desocupada":0,"pct_alquiler":14,"pct_electricidad":100,"pct_sin_electricidad":0,"pct_agua_red":100,"pct_alcantarillado":14,"pct_camara_septica":57,"pct_pozo_ciego":29,"pct_sin_desague":0,"pct_gas_red":0,"pct_gas_garrafa":100,"pct_lena_guano":100,"pct_basura_formal":0,"pct_basura_quema":71,"pct_basura_informal":29,"pct_internet":71,"pct_celular":71,"pct_televisor":57}},{"type":"Feature","geometry":{"type":"Polygon","coordinates":[[[-65.30715,-16.74999],[-65.30635,-16.74806],[-65.3064,-16.7468],[-65.30599,-16.74677],[-65.30596,-16.74741],[-65.30609,-16.7484],[-65.30679,-16.75017],[-65.30715,-16.74999]]]},"properties":{"n":"PUERTO SAN FRANCISCO","p":64,"personas_x_ha":41,"masculinidad":94,"pct_menor20":53,"pct_60mas":2,"pct_migrante":31,"dependencia_econ":178,"pct_empleados":30,"pct_cuentapropia":39,"pct_agricultura":43,"pct_comercio":4,"pct_manufactura":0,"pct_construccion":4,"pct_transporte":4,"pct_alojamiento":9,"pct_sin_educacion":3,"pct_educ_superior":3,"brecha_educ":-20,"pct_sin_seguro":15,"pct_sus":85,"pct_seguro_privado":0,"brecha_seguro":-15,"pct_salud_publica":31,"pct_med_tradicional":7,"pct_automedicacion":27,"pct_remedios_caseros":22,"pct_viv_desocupada":0,"pct_alquiler":19,"pct_electricidad":94,"pct_sin_electricidad":6,"pct_agua_red":19,"pct_alcantarillado":25,"pct_camara_septica":19,"pct_pozo_ciego":44,"pct_sin_desague":6,"pct_gas_red":0,"pct_gas_garrafa":94,"pct_lena_guano":94,"pct_basura_formal":6,"pct_basura_quema":88,"pct_basura_informal":0,"pct_internet":62,"pct_celular":75,"pct_televisor":50}},{"type":"Feature","geometry":{"type":"Polygon","coordinates":[[[-65.30949,-16.74961],[-65.30867,-16.74896],[-65.30816,-16.74935],[-65.30881,-16.75049],[-65.30888,-16.7505],[-65.30949,-16.74961]]]},"properties":{"n":"PUERTO SAN FRANCISCO","p":33,"personas_x_ha":27,"masculinidad":94,"pct_menor20":42,"pct_60mas":6,"pct_migrante":48,"dependencia_econ":200,"pct_empleados":27,"pct_cuentapropia":45,"pct_agricultura":55,"pct_comercio":9,"pct_manufactura":9,"pct_construccion":0,"pct_transporte":0,"pct_alojamiento":18,"pct_sin_educacion":0,"pct_educ_superior":21,"brecha_educ":23,"pct_sin_seguro":12,"pct_sus":79,"pct_seguro_privado":0,"brecha_seguro":25,"pct_salud_publica":23,"pct_med_tradicional":6,"pct_automedicacion":26,"pct_remedios_caseros":33,"pct_viv_desocupada":0,"pct_alquiler":9,"pct_electricidad":73,"pct_sin_electricidad":27,"pct_agua_red":18,"pct_alcantarillado":9,"pct_camara_septica":18,"pct_pozo_ciego":36,"pct_sin_desague":36,"pct_gas_red":0,"pct_gas_garrafa":91,"pct_lena_guano":91,"pct_basura_formal":9,"pct_basura_quema":82,"pct_basura_informal":0,"pct_internet":55,"pct_celular":73,"pct_televisor":55}},{"type":"Feature","geometry":{"type":"Polygon","coordinates":[[[-65.308,-16.7475],[-65.30743,-16.7477],[-65.30732,-16.74729],[-65.30731,-16.74687],[-65.30779,-16.74694],[-65.308,-16.7475]]]},"properties":{"n":"PUERTO SAN FRANCISCO","p":17,"personas_x_ha":35,"masculinidad":42,"pct_menor20":41,"pct_60mas":12,"pct_migrante":29,"dependencia_econ":240,"pct_empleados":40,"pct_cuentapropia":60,"pct_agricultura":60,"pct_comercio":20,"pct_manufactura":0,"pct_construccion":0,"pct_transporte":0,"pct_alojamiento":0,"pct_sin_educacion":0,"pct_educ_superior":10,"brecha_educ":-14,"pct_sin_seguro":0,"pct_sus":100,"pct_seguro_privado":0,"brecha_seguro":0,"pct_salud_publica":40,"pct_med_tradicional":7,"pct_automedicacion":12,"pct_remedios_caseros":29,"pct_viv_desocupada":20,"pct_alquiler":14,"pct_electricidad":86,"pct_sin_electricidad":14,"pct_agua_red":29,"pct_alcantarillado":0,"pct_camara_septica":43,"pct_pozo_ciego":29,"pct_sin_desague":29,"pct_gas_red":0,"pct_gas_garrafa":100,"pct_lena_guano":100,"pct_basura_formal":0,"pct_basura_quema":100,"pct_basura_informal":0,"pct_internet":86,"pct_celular":86,"pct_televisor":71}},{"type":"Feature","geometry":{"type":"Polygon","coordinates":[[[-65.30755,-16.75051],[-65.30838,-16.74992],[-65.3081,-16.74944],[-65.30729,-16.75003],[-65.30755,-16.75051]]]},"properties":{"n":"PUERTO SAN FRANCISCO","p":40,"personas_x_ha":61,"masculinidad":111,"pct_menor20":45,"pct_60mas":8,"pct_migrante":30,"dependencia_econ":208,"pct_empleados":8,"pct_cuentapropia":85,"pct_agricultura":69,"pct_comercio":23,"pct_manufactura":0,"pct_construccion":8,"pct_transporte":0,"pct_alojamiento":0,"pct_sin_educacion":9,"pct_educ_superior":5,"brecha_educ":0,"pct_sin_seguro":10,"pct_sus":90,"pct_seguro_privado":0,"brecha_seguro":19,"pct_salud_publica":26,"pct_med_tradicional":14,"pct_automedicacion":22,"pct_remedios_caseros":22,"pct_viv_desocupada":0,"pct_alquiler":0,"pct_electricidad":82,"pct_sin_electricidad":18,"pct_agua_red":27,"pct_alcantarillado":0,"pct_camara_septica":82,"pct_pozo_ciego":9,"pct_sin_desague":9,"pct_gas_red":0,"pct_gas_garrafa":100,"pct_lena_guano":100,"pct_basura_formal":0,"pct_basura_quema":91,"pct_basura_informal":0,"pct_internet":91,"pct_celular":100,"pct_televisor":73}},{"type":"Feature","geometry":{"type":"Polygon","coordinates":[[[-65.30742,-16.74799],[-65.30722,-16.7473],[-65.30722,-16.74686],[-65.30649,-16.7468],[-65.30642,-16.74784],[-65.30657,-16.74833],[-65.30742,-16.74799]]]},"properties":{"n":"PUERTO SAN FRANCISCO","p":43,"personas_x_ha":32,"masculinidad":79,"pct_menor20":47,"pct_60mas":0,"pct_migrante":65,"dependencia_econ":95,"pct_empleados":0,"pct_cuentapropia":77,"pct_agricultura":45,"pct_comercio":27,"pct_manufactura":9,"pct_construccion":0,"pct_transporte":0,"pct_alojamiento":14,"pct_sin_educacion":4,"pct_educ_superior":8,"brecha_educ":-27,"pct_sin_seguro":2,"pct_sus":98,"pct_seguro_privado":0,"brecha_seguro":5,"pct_salud_publica":28,"pct_med_tradicional":10,"pct_automedicacion":26,"pct_remedios_caseros":23,"pct_viv_desocupada":8,"pct_alquiler":20,"pct_electricidad":87,"pct_sin_electricidad":13,"pct_agua_red":47,"pct_alcantarillado":7,"pct_camara_septica":73,"pct_pozo_ciego":13,"pct_sin_desague":7,"pct_gas_red":0,"pct_gas_garrafa":100,"pct_lena_guano":100,"pct_basura_formal":7,"pct_basura_quema":87,"pct_basura_informal":0,"pct_internet":67,"pct_celular":80,"pct_televisor":40}},{"type":"Feature","geometry":{"type":"Polygon","coordinates":[[[-65.30955,-16.74884],[-65.30899,-16.74818],[-65.30855,-16.74838],[-65.30886,-16.74886],[-65.30917,-16.74912],[-65.31267,-16.75117],[-65.31293,-16.75145],[-65.31402,-16.75319],[-65.31466,-16.75243],[-65.31198,-16.75021],[-65.30955,-16.74884]]]},"properties":{"n":"PUERTO SAN FRANCISCO","p":40,"personas_x_ha":10,"masculinidad":150,"pct_menor20":40,"pct_60mas":10,"pct_migrante":57,"dependencia_econ":86,"pct_empleados":19,"pct_cuentapropia":48,"pct_agricultura":67,"pct_comercio":5,"pct_manufactura":0,"pct_construccion":14,"pct_transporte":5,"pct_alojamiento":0,"pct_sin_educacion":4,"pct_educ_superior":4,"brecha_educ":48,"pct_sin_seguro":15,"pct_sus":82,"pct_seguro_privado":0,"brecha_seguro":-27,"pct_salud_publica":31,"pct_med_tradicional":10,"pct_automedicacion":19,"pct_remedios_caseros":26,"pct_viv_desocupada":6,"pct_alquiler":20,"pct_electricidad":93,"pct_sin_electricidad":0,"pct_agua_red":13,"pct_alcantarillado":27,"pct_camara_septica":20,"pct_pozo_ciego":40,"pct_sin_desague":13,"pct_gas_red":0,"pct_gas_garrafa":93,"pct_lena_guano":93,"pct_basura_formal":0,"pct_basura_quema":93,"pct_basura_informal":0,"pct_internet":47,"pct_celular":80,"pct_televisor":60}},{"type":"Feature","geometry":{"type":"Polygon","coordinates":[[[-65.31276,-16.75155],[-65.31225,-16.75111],[-65.31073,-16.75023],[-65.30929,-16.75197],[-65.30912,-16.75284],[-65.30935,-16.75318],[-65.30957,-16.75331],[-65.31128,-16.75405],[-65.31343,-16.75471],[-65.31415,-16.75363],[-65.31276,-16.75155]]]},"properties":{"n":"PUERTO SAN FRANCISCO","p":33,"personas_x_ha":2,"masculinidad":175,"pct_menor20":45,"pct_60mas":9,"pct_migrante":76,"dependencia_econ":65,"pct_empleados":30,"pct_cuentapropia":55,"pct_agricultura":55,"pct_comercio":0,"pct_manufactura":10,"pct_construccion":0,"pct_transporte":20,"pct_alojamiento":5,"pct_sin_educacion":0,"pct_educ_superior":16,"brecha_educ":-19,"pct_sin_seguro":6,"pct_sus":91,"pct_seguro_privado":0,"brecha_seguro":-4,"pct_salud_publica":25,"pct_med_tradicional":15,"pct_automedicacion":26,"pct_remedios_caseros":26,"pct_viv_desocupada":0,"pct_alquiler":0,"pct_electricidad":70,"pct_sin_electricidad":0,"pct_agua_red":40,"pct_alcantarillado":0,"pct_camara_septica":50,"pct_pozo_ciego":20,"pct_sin_desague":20,"pct_gas_red":0,"pct_gas_garrafa":90,"pct_lena_guano":90,"pct_basura_formal":10,"pct_basura_quema":90,"pct_basura_informal":0,"pct_internet":90,"pct_celular":100,"pct_televisor":40}},{"type":"Feature","geometry":{"type":"Polygon","coordinates":[[[-65.31017,-16.75072],[-65.30921,-16.75014],[-65.30892,-16.75061],[-65.30978,-16.75115],[-65.31017,-16.75072]]]},"properties":{"n":"PUERTO SAN FRANCISCO","p":38,"personas_x_ha":50,"masculinidad":153,"pct_menor20":50,"pct_60mas":5,"pct_migrante":45,"dependencia_econ":322,"pct_empleados":11,"pct_cuentapropia":78,"pct_agricultura":44,"pct_comercio":22,"pct_manufactura":0,"pct_construccion":11,"pct_transporte":0,"pct_alojamiento":22,"pct_sin_educacion":0,"pct_educ_superior":16,"brecha_educ":7,"pct_sin_seguro":3,"pct_sus":95,"pct_seguro_privado":0,"brecha_seguro":5,"pct_salud_publica":37,"pct_med_tradicional":7,"pct_automedicacion":16,"pct_remedios_caseros":29,"pct_viv_desocupada":0,"pct_alquiler":0,"pct_electricidad":50,"pct_sin_electricidad":40,"pct_agua_red":30,"pct_alcantarillado":30,"pct_camara_septica":10,"pct_pozo_ciego":0,"pct_sin_desague":60,"pct_gas_red":0,"pct_gas_garrafa":80,"pct_lena_guano":80,"pct_basura_formal":0,"pct_basura_quema":70,"pct_basura_informal":20,"pct_internet":80,"pct_celular":100,"pct_televisor":50}},{"type":"Feature","geometry":{"type":"Polygon","coordinates":[[[-65.30856,-16.75117],[-65.30931,-16.75174],[-65.30974,-16.75121],[-65.30887,-16.75071],[-65.30856,-16.75117]]]},"properties":{"n":"PUERTO SAN FRANCISCO","p":48,"personas_x_ha":68,"masculinidad":78,"pct_menor20":54,"pct_60mas":10,"pct_migrante":50,"dependencia_econ":153,"pct_empleados":0,"pct_cuentapropia":68,"pct_agricultura":79,"pct_comercio":5,"pct_manufactura":0,"pct_construccion":5,"pct_transporte":0,"pct_alojamiento":0,"pct_sin_educacion":9,"pct_educ_superior":0,"brecha_educ":-42,"pct_sin_seguro":4,"pct_sus":88,"pct_seguro_privado":0,"brecha_seguro":10,"pct_salud_publica":24,"pct_med_tradicional":9,"pct_automedicacion":17,"pct_remedios_caseros":20,"pct_viv_desocupada":0,"pct_alquiler":0,"pct_electricidad":86,"pct_sin_electricidad":7,"pct_agua_red":36,"pct_alcantarillado":14,"pct_camara_septica":29,"pct_pozo_ciego":36,"pct_sin_desague":21,"pct_gas_red":0,"pct_gas_garrafa":93,"pct_lena_guano":93,"pct_basura_formal":0,"pct_basura_quema":93,"pct_basura_informal":0,"pct_internet":71,"pct_celular":79,"pct_televisor":64}},{"type":"Feature","geometry":{"type":"Polygon","coordinates":[[[-65.30958,-16.74965],[-65.31054,-16.75011],[-65.31056,-16.75021],[-65.31026,-16.75063],[-65.30925,-16.75008],[-65.30958,-16.74965]]]},"properties":{"n":"PUERTO SAN FRANCISCO","p":22,"personas_x_ha":27,"masculinidad":100,"pct_menor20":55,"pct_60mas":0,"pct_migrante":55,"dependencia_econ":214,"pct_empleados":0,"pct_cuentapropia":71,"pct_agricultura":71,"pct_comercio":14,"pct_manufactura":0,"pct_construccion":14,"pct_transporte":0,"pct_alojamiento":0,"pct_sin_educacion":10,"pct_educ_superior":10,"brecha_educ":-40,"pct_sin_seguro":5,"pct_sus":95,"pct_seguro_privado":0,"brecha_seguro":9,"pct_salud_publica":36,"pct_med_tradicional":2,"pct_automedicacion":36,"pct_remedios_caseros":21,"pct_viv_desocupada":8,"pct_alquiler":0,"pct_electricidad":100,"pct_sin_electricidad":0,"pct_agua_red":14,"pct_alcantarillado":14,"pct_camara_septica":57,"pct_pozo_ciego":29,"pct_sin_desague":0,"pct_gas_red":0,"pct_gas_garrafa":100,"pct_lena_guano":100,"pct_basura_formal":14,"pct_basura_quema":86,"pct_basura_informal":0,"pct_internet":43,"pct_celular":71,"pct_televisor":71}},{"type":"Feature","geometry":{"type":"Polygon","coordinates":[[[-65.30806,-16.74935],[-65.30776,-16.74875],[-65.3069,-16.74909],[-65.30726,-16.74989],[-65.30806,-16.74935]]]},"properties":{"n":"PUERTO SAN FRANCISCO","p":26,"personas_x_ha":30,"masculinidad":136,"pct_menor20":38,"pct_60mas":4,"pct_migrante":46,"dependencia_econ":53,"pct_empleados":29,"pct_cuentapropia":29,"pct_agricultura":41,"pct_comercio":18,"pct_manufactura":0,"pct_construccion":0,"pct_transporte":0,"pct_alojamiento":18,"pct_sin_educacion":12,"pct_educ_superior":6,"brecha_educ":-31,"pct_sin_seguro":4,"pct_sus":96,"pct_seguro_privado":0,"brecha_seguro":7,"pct_salud_publica":34,"pct_med_tradicional":8,"pct_automedicacion":19,"pct_remedios_caseros":22,"pct_viv_desocupada":10,"pct_alquiler":0,"pct_electricidad":100,"pct_sin_electricidad":0,"pct_agua_red":44,"pct_alcantarillado":11,"pct_camara_septica":67,"pct_pozo_ciego":11,"pct_sin_desague":11,"pct_gas_red":0,"pct_gas_garrafa":100,"pct_lena_guano":100,"pct_basura_formal":0,"pct_basura_quema":100,"pct_basura_informal":0,"pct_internet":100,"pct_celular":100,"pct_televisor":100}},{"type":"Feature","geometry":{"type":"Polygon","coordinates":[[[-65.3088,-16.7507],[-65.30844,-16.75],[-65.3077,-16.75059],[-65.30773,-16.75072],[-65.30828,-16.75128],[-65.30838,-16.75128],[-65.3088,-16.7507]]]},"properties":{"n":"PUERTO SAN FRANCISCO","p":50,"personas_x_ha":53,"masculinidad":67,"pct_menor20":52,"pct_60mas":0,"pct_migrante":58,"dependencia_econ":150,"pct_empleados":10,"pct_cuentapropia":60,"pct_agricultura":75,"pct_comercio":5,"pct_manufactura":5,"pct_construccion":5,"pct_transporte":0,"pct_alojamiento":5,"pct_sin_educacion":4,"pct_educ_superior":4,"brecha_educ":22,"pct_sin_seguro":44,"pct_sus":56,"pct_seguro_privado":0,"brecha_seguro":27,"pct_salud_publica":27,"pct_med_tradicional":8,"pct_automedicacion":17,"pct_remedios_caseros":28,"pct_viv_desocupada":0,"pct_alquiler":8,"pct_electricidad":75,"pct_sin_electricidad":8,"pct_agua_red":33,"pct_alcantarillado":0,"pct_camara_septica":67,"pct_pozo_ciego":25,"pct_sin_desague":8,"pct_gas_red":0,"pct_gas_garrafa":100,"pct_lena_guano":100,"pct_basura_formal":0,"pct_basura_quema":100,"pct_basura_informal":0,"pct_internet":75,"pct_celular":92,"pct_televisor":67}},{"type":"Feature","geometry":{"type":"Polygon","coordinates":[[[-65.30894,-16.74815],[-65.30817,-16.74621],[-65.30859,-16.74518],[-65.30812,-16.74506],[-65.30737,-16.74639],[-65.30735,-16.74681],[-65.30787,-16.74681],[-65.30851,-16.74834],[-65.30894,-16.74815]]]},"properties":{"n":"PUERTO SAN FRANCISCO","p":37,"personas_x_ha":16,"masculinidad":95,"pct_menor20":32,"pct_60mas":14,"pct_migrante":57,"dependencia_econ":118,"pct_empleados":0,"pct_cuentapropia":59,"pct_agricultura":71,"pct_comercio":12,"pct_manufactura":6,"pct_construccion":0,"pct_transporte":12,"pct_alojamiento":0,"pct_sin_educacion":4,"pct_educ_superior":4,"brecha_educ":-34,"pct_sin_seguro":3,"pct_sus":97,"pct_seguro_privado":0,"brecha_seguro":6,"pct_salud_publica":30,"pct_med_tradicional":12,"pct_automedicacion":23,"pct_remedios_caseros":26,"pct_viv_desocupada":20,"pct_alquiler":0,"pct_electricidad":100,"pct_sin_electricidad":0,"pct_agua_red":0,"pct_alcantarillado":0,"pct_camara_septica":64,"pct_pozo_ciego":18,"pct_sin_desague":18,"pct_gas_red":0,"pct_gas_garrafa":100,"pct_lena_guano":100,"pct_basura_formal":0,"pct_basura_quema":73,"pct_basura_informal":18,"pct_internet":82,"pct_celular":100,"pct_televisor":73}},{"type":"Feature","geometry":{"type":"Polygon","coordinates":[[[-65.27685,-16.90134],[-65.27734,-16.90013],[-65.27594,-16.89914],[-65.27568,-16.90007],[-65.27678,-16.90134],[-65.27685,-16.90134]]]},"properties":{"n":"PUERTO TODOS SANTOS","p":18,"personas_x_ha":8,"masculinidad":125,"pct_menor20":33,"pct_60mas":6,"pct_migrante":50,"dependencia_econ":70,"pct_empleados":10,"pct_cuentapropia":80,"pct_agricultura":50,"pct_comercio":50,"pct_manufactura":0,"pct_construccion":0,"pct_transporte":0,"pct_alojamiento":0,"pct_sin_educacion":9,"pct_educ_superior":45,"brecha_educ":-13,"pct_sin_seguro":18,"pct_sus":76,"pct_seguro_privado":0,"brecha_seguro":10,"pct_salud_publica":24,"pct_med_tradicional":10,"pct_automedicacion":24,"pct_remedios_caseros":17,"pct_viv_desocupada":0,"pct_alquiler":0,"pct_electricidad":67,"pct_sin_electricidad":33,"pct_agua_red":67,"pct_alcantarillado":0,"pct_camara_septica":67,"pct_pozo_ciego":33,"pct_sin_desague":0,"pct_gas_red":0,"pct_gas_garrafa":100,"pct_lena_guano":100,"pct_basura_formal":0,"pct_basura_quema":100,"pct_basura_informal":0,"pct_internet":83,"pct_celular":83,"pct_televisor":17}},{"type":"Feature","geometry":{"type":"Polygon","coordinates":[[[-65.27396,-16.89635],[-65.27332,-16.8956],[-65.27307,-16.89583],[-65.27371,-16.89658],[-65.27396,-16.89635]]]},"properties":{"n":"PUERTO TODOS SANTOS","p":20,"personas_x_ha":49,"masculinidad":82,"pct_menor20":60,"pct_60mas":5,"pct_migrante":50,"dependencia_econ":100,"pct_empleados":30,"pct_cuentapropia":60,"pct_agricultura":90,"pct_comercio":0,"pct_manufactura":0,"pct_construccion":0,"pct_transporte":0,"pct_alojamiento":0,"pct_sin_educacion":38,"pct_educ_superior":0,"brecha_educ":-47,"pct_sin_seguro":5,"pct_sus":95,"pct_seguro_privado":0,"brecha_seguro":-9,"pct_salud_publica":30,"pct_med_tradicional":2,"pct_automedicacion":33,"pct_remedios_caseros":26,"pct_viv_desocupada":0,"pct_alquiler":33,"pct_electricidad":100,"pct_sin_electricidad":0,"pct_agua_red":67,"pct_alcantarillado":17,"pct_camara_septica":0,"pct_pozo_ciego":83,"pct_sin_desague":0,"pct_gas_red":0,"pct_gas_garrafa":100,"pct_lena_guano":100,"pct_basura_formal":0,"pct_basura_quema":100,"pct_basura_informal":0,"pct_internet":83,"pct_celular":83,"pct_televisor":33}},{"type":"Feature","geometry":{"type":"Polygon","coordinates":[[[-65.27321,-16.89697],[-65.27265,-16.89636],[-65.27296,-16.89591],[-65.27361,-16.89662],[-65.27321,-16.89697]]]},"properties":{"n":"PUERTO TODOS SANTOS","p":51,"personas_x_ha":86,"masculinidad":96,"pct_menor20":43,"pct_60mas":2,"pct_migrante":76,"dependencia_econ":56,"pct_empleados":9,"pct_cuentapropia":84,"pct_agricultura":34,"pct_comercio":31,"pct_manufactura":0,"pct_construccion":3,"pct_transporte":3,"pct_alojamiento":16,"pct_sin_educacion":23,"pct_educ_superior":3,"brecha_educ":-23,"pct_sin_seguro":12,"pct_sus":86,"pct_seguro_privado":0,"brecha_seguro":-1,"pct_salud_publica":23,"pct_med_tradicional":13,"pct_automedicacion":23,"pct_remedios_caseros":19,"pct_viv_desocupada":0,"pct_alquiler":31,"pct_electricidad":100,"pct_sin_electricidad":0,"pct_agua_red":100,"pct_alcantarillado":15,"pct_camara_septica":8,"pct_pozo_ciego":77,"pct_sin_desague":0,"pct_gas_red":0,"pct_gas_garrafa":100,"pct_lena_guano":100,"pct_basura_formal":0,"pct_basura_quema":92,"pct_basura_informal":0,"pct_internet":77,"pct_celular":77,"pct_televisor":77}},{"type":"Feature","geometry":{"type":"Polygon","coordinates":[[[-65.27339,-16.89849],[-65.27312,-16.89872],[-65.2724,-16.89784],[-65.27306,-16.89726],[-65.27414,-16.89851],[-65.27399,-16.8987],[-65.27414,-16.89851],[-65.27445,-16.89891],[-65.27405,-16.89936],[-65.27339,-16.89849]]]},"properties":{"n":"PUERTO TODOS SANTOS","p":47,"personas_x_ha":24,"masculinidad":74,"pct_menor20":45,"pct_60mas":2,"pct_migrante":70,"dependencia_econ":81,"pct_empleados":42,"pct_cuentapropia":50,"pct_agricultura":19,"pct_comercio":15,"pct_manufactura":4,"pct_construccion":4,"pct_transporte":4,"pct_alojamiento":0,"pct_sin_educacion":0,"pct_educ_superior":52,"brecha_educ":-7,"pct_sin_seguro":0,"pct_sus":72,"pct_seguro_privado":0,"brecha_seguro":0,"pct_salud_publica":20,"pct_med_tradicional":12,"pct_automedicacion":19,"pct_remedios_caseros":18,"pct_viv_desocupada":0,"pct_alquiler":5,"pct_electricidad":100,"pct_sin_electricidad":0,"pct_agua_red":37,"pct_alcantarillado":0,"pct_camara_septica":79,"pct_pozo_ciego":21,"pct_sin_desague":0,"pct_gas_red":0,"pct_gas_garrafa":95,"pct_lena_guano":95,"pct_basura_formal":5,"pct_basura_quema":74,"pct_basura_informal":32,"pct_internet":84,"pct_celular":95,"pct_televisor":74}},{"type":"Feature","geometry":{"type":"Polygon","coordinates":[[[-65.27045,-16.89515],[-65.26897,-16.89365],[-65.26936,-16.89311],[-65.27087,-16.89468],[-65.27045,-16.89515]]]},"properties":{"n":"PUERTO TODOS SANTOS","p":20,"personas_x_ha":12,"masculinidad":82,"pct_menor20":50,"pct_60mas":5,"pct_migrante":60,"dependencia_econ":100,"pct_empleados":30,"pct_cuentapropia":60,"pct_agricultura":80,"pct_comercio":10,"pct_manufactura":0,"pct_construccion":0,"pct_transporte":10,"pct_alojamiento":0,"pct_sin_educacion":0,"pct_educ_superior":0,"brecha_educ":-60,"pct_sin_seguro":20,"pct_sus":80,"pct_seguro_privado":0,"brecha_seguro":24,"pct_salud_publica":20,"pct_med_tradicional":22,"pct_automedicacion":23,"pct_remedios_caseros":22,"pct_viv_desocupada":10,"pct_alquiler":12,"pct_electricidad":100,"pct_sin_electricidad":0,"pct_agua_red":88,"pct_alcantarillado":12,"pct_camara_septica":75,"pct_pozo_ciego":12,"pct_sin_desague":0,"pct_gas_red":0,"pct_gas_garrafa":100,"pct_lena_guano":100,"pct_basura_formal":0,"pct_basura_quema":100,"pct_basura_informal":0,"pct_internet":100,"pct_celular":88,"pct_televisor":62}},{"type":"Feature","geometry":{"type":"Polygon","coordinates":[[[-65.27052,-16.89531],[-65.26964,-16.89638],[-65.27055,-16.89698],[-65.27123,-16.89614],[-65.27052,-16.89531]]]},"properties":{"n":"PUERTO TODOS SANTOS","p":18,"personas_x_ha":11,"masculinidad":100,"pct_menor20":61,"pct_60mas":0,"pct_migrante":78,"dependencia_econ":50,"pct_empleados":33,"pct_cuentapropia":33,"pct_agricultura":83,"pct_comercio":17,"pct_manufactura":0,"pct_construccion":0,"pct_transporte":0,"pct_alojamiento":0,"pct_sin_educacion":0,"pct_educ_superior":0,"brecha_educ":-75,"pct_sin_seguro":11,"pct_sus":89,"pct_seguro_privado":0,"brecha_seguro":0,"pct_salud_publica":24,"pct_med_tradicional":6,"pct_automedicacion":33,"pct_remedios_caseros":20,"pct_viv_desocupada":20,"pct_alquiler":33,"pct_electricidad":100,"pct_sin_electricidad":0,"pct_agua_red":33,"pct_alcantarillado":0,"pct_camara_septica":0,"pct_pozo_ciego":67,"pct_sin_desague":33,"pct_gas_red":0,"pct_gas_garrafa":100,"pct_lena_guano":100,"pct_basura_formal":0,"pct_basura_quema":100,"pct_basura_informal":0,"pct_internet":67,"pct_celular":67,"pct_televisor":67}},{"type":"Feature","geometry":{"type":"Polygon","coordinates":[[[-65.27058,-16.8952],[-65.27131,-16.89608],[-65.27166,-16.89558],[-65.27096,-16.89478],[-65.27058,-16.8952]]]},"properties":{"n":"PUERTO TODOS SANTOS","p":38,"personas_x_ha":48,"masculinidad":100,"pct_menor20":63,"pct_60mas":3,"pct_migrante":53,"dependencia_econ":171,"pct_empleados":36,"pct_cuentapropia":57,"pct_agricultura":93,"pct_comercio":0,"pct_manufactura":0,"pct_construccion":7,"pct_transporte":0,"pct_alojamiento":0,"pct_sin_educacion":0,"pct_educ_superior":7,"brecha_educ":-38,"pct_sin_seguro":6,"pct_sus":92,"pct_seguro_privado":0,"brecha_seguro":11,"pct_salud_publica":31,"pct_med_tradicional":10,"pct_automedicacion":31,"pct_remedios_caseros":21,"pct_viv_desocupada":0,"pct_alquiler":54,"pct_electricidad":92,"pct_sin_electricidad":8,"pct_agua_red":69,"pct_alcantarillado":0,"pct_camara_septica":0,"pct_pozo_ciego":92,"pct_sin_desague":8,"pct_gas_red":0,"pct_gas_garrafa":85,"pct_lena_guano":85,"pct_basura_formal":0,"pct_basura_quema":100,"pct_basura_informal":0,"pct_internet":77,"pct_celular":77,"pct_televisor":77}},{"type":"Feature","geometry":{"type":"Polygon","coordinates":[[[-65.27191,-16.89547],[-65.27227,-16.8951],[-65.2729,-16.89582],[-65.27257,-16.89624],[-65.27191,-16.89547]]]},"properties":{"n":"PUERTO TODOS SANTOS","p":27,"personas_x_ha":42,"masculinidad":69,"pct_menor20":52,"pct_60mas":0,"pct_migrante":44,"dependencia_econ":145,"pct_empleados":9,"pct_cuentapropia":82,"pct_agricultura":45,"pct_comercio":9,"pct_manufactura":0,"pct_construccion":0,"pct_transporte":0,"pct_alojamiento":36,"pct_sin_educacion":0,"pct_educ_superior":23,"brecha_educ":-5,"pct_sin_seguro":15,"pct_sus":85,"pct_seguro_privado":0,"brecha_seguro":6,"pct_salud_publica":24,"pct_med_tradicional":6,"pct_automedicacion":27,"pct_remedios_caseros":24,"pct_viv_desocupada":0,"pct_alquiler":44,"pct_electricidad":89,"pct_sin_electricidad":0,"pct_agua_red":89,"pct_alcantarillado":11,"pct_camara_septica":22,"pct_pozo_ciego":67,"pct_sin_desague":0,"pct_gas_red":0,"pct_gas_garrafa":100,"pct_lena_guano":100,"pct_basura_formal":0,"pct_basura_quema":89,"pct_basura_informal":22,"pct_internet":78,"pct_celular":78,"pct_televisor":67}},{"type":"Feature","geometry":{"type":"Polygon","coordinates":[[[-65.27297,-16.89714],[-65.27247,-16.89657],[-65.27213,-16.89702],[-65.27252,-16.89753],[-65.27297,-16.89714]]]},"properties":{"n":"PUERTO TODOS SANTOS","p":30,"personas_x_ha":60,"masculinidad":114,"pct_menor20":60,"pct_60mas":7,"pct_migrante":33,"dependencia_econ":150,"pct_empleados":8,"pct_cuentapropia":92,"pct_agricultura":67,"pct_comercio":17,"pct_manufactura":8,"pct_construccion":0,"pct_transporte":8,"pct_alojamiento":0,"pct_sin_educacion":8,"pct_educ_superior":8,"brecha_educ":-38,"pct_sin_seguro":10,"pct_sus":90,"pct_seguro_privado":0,"brecha_seguro":5,"pct_salud_publica":23,"pct_med_tradicional":15,"pct_automedicacion":21,"pct_remedios_caseros":23,"pct_viv_desocupada":0,"pct_alquiler":11,"pct_electricidad":100,"pct_sin_electricidad":0,"pct_agua_red":11,"pct_alcantarillado":11,"pct_camara_septica":22,"pct_pozo_ciego":67,"pct_sin_desague":0,"pct_gas_red":0,"pct_gas_garrafa":100,"pct_lena_guano":100,"pct_basura_formal":0,"pct_basura_quema":100,"pct_basura_informal":0,"pct_internet":100,"pct_celular":100,"pct_televisor":89}},{"type":"Feature","geometry":{"type":"Polygon","coordinates":[[[-65.27078,-16.89731],[-65.27149,-16.89638],[-65.272,-16.89699],[-65.27146,-16.89779],[-65.27078,-16.89731]]]},"properties":{"n":"PUERTO TODOS SANTOS","p":26,"personas_x_ha":26,"masculinidad":62,"pct_menor20":54,"pct_60mas":0,"pct_migrante":31,"dependencia_econ":100,"pct_empleados":15,"pct_cuentapropia":54,"pct_agricultura":62,"pct_comercio":8,"pct_manufactura":0,"pct_construccion":8,"pct_transporte":0,"pct_alojamiento":0,"pct_sin_educacion":0,"pct_educ_superior":0,"brecha_educ":0,"pct_sin_seguro":4,"pct_sus":96,"pct_seguro_privado":0,"brecha_seguro":10,"pct_salud_publica":32,"pct_med_tradicional":1,"pct_automedicacion":29,"pct_remedios_caseros":19,"pct_viv_desocupada":0,"pct_alquiler":12,"pct_electricidad":100,"pct_sin_electricidad":0,"pct_agua_red":88,"pct_alcantarillado":12,"pct_camara_septica":0,"pct_pozo_ciego":62,"pct_sin_desague":12,"pct_gas_red":0,"pct_gas_garrafa":100,"pct_lena_guano":100,"pct_basura_formal":0,"pct_basura_quema":100,"pct_basura_informal":0,"pct_internet":88,"pct_celular":88,"pct_televisor":62}},{"type":"Feature","geometry":{"type":"Polygon","coordinates":[[[-65.27247,-16.89759],[-65.27205,-16.8971],[-65.27122,-16.89822],[-65.2719,-16.89877],[-65.27251,-16.8981],[-65.27225,-16.89776],[-65.27247,-16.89759]]]},"properties":{"n":"PUERTO TODOS SANTOS","p":32,"personas_x_ha":24,"masculinidad":191,"pct_menor20":44,"pct_60mas":9,"pct_migrante":59,"dependencia_econ":78,"pct_empleados":50,"pct_cuentapropia":44,"pct_agricultura":94,"pct_comercio":0,"pct_manufactura":0,"pct_construccion":0,"pct_transporte":0,"pct_alojamiento":6,"pct_sin_educacion":17,"pct_educ_superior":6,"brecha_educ":-8,"pct_sin_seguro":6,"pct_sus":91,"pct_seguro_privado":0,"brecha_seguro":-4,"pct_salud_publica":24,"pct_med_tradicional":22,"pct_automedicacion":24,"pct_remedios_caseros":23,"pct_viv_desocupada":0,"pct_alquiler":17,"pct_electricidad":100,"pct_sin_electricidad":0,"pct_agua_red":92,"pct_alcantarillado":0,"pct_camara_septica":0,"pct_pozo_ciego":92,"pct_sin_desague":8,"pct_gas_red":0,"pct_gas_garrafa":100,"pct_lena_guano":100,"pct_basura_formal":0,"pct_basura_quema":100,"pct_basura_informal":0,"pct_internet":92,"pct_celular":100,"pct_televisor":67}},{"type":"Feature","geometry":{"type":"Polygon","coordinates":[[[-65.27493,-16.89831],[-65.27456,-16.89873],[-65.27393,-16.89792],[-65.27429,-16.89746],[-65.27493,-16.89831]]]},"properties":{"n":"PUERTO TODOS SANTOS","p":27,"personas_x_ha":37,"masculinidad":69,"pct_menor20":52,"pct_60mas":7,"pct_migrante":37,"dependencia_econ":108,"pct_empleados":0,"pct_cuentapropia":92,"pct_agricultura":69,"pct_comercio":23,"pct_manufactura":0,"pct_construccion":0,"pct_transporte":0,"pct_alojamiento":0,"pct_sin_educacion":0,"pct_educ_superior":29,"brecha_educ":35,"pct_sin_seguro":4,"pct_sus":96,"pct_seguro_privado":0,"brecha_seguro":-6,"pct_salud_publica":38,"pct_med_tradicional":8,"pct_automedicacion":25,"pct_remedios_caseros":15,"pct_viv_desocupada":10,"pct_alquiler":0,"pct_electricidad":89,"pct_sin_electricidad":0,"pct_agua_red":78,"pct_alcantarillado":0,"pct_camara_septica":0,"pct_pozo_ciego":89,"pct_sin_desague":11,"pct_gas_red":0,"pct_gas_garrafa":100,"pct_lena_guano":100,"pct_basura_formal":0,"pct_basura_quema":100,"pct_basura_informal":0,"pct_internet":78,"pct_celular":100,"pct_televisor":100}},{"type":"Feature","geometry":{"type":"Polygon","coordinates":[[[-65.27556,-16.8999],[-65.27466,-16.89886],[-65.275,-16.89838],[-65.27545,-16.89891],[-65.27583,-16.89902],[-65.27556,-16.8999]]]},"properties":{"n":"PUERTO TODOS SANTOS","p":17,"personas_x_ha":18,"masculinidad":112,"pct_menor20":47,"pct_60mas":6,"pct_migrante":53,"dependencia_econ":89,"pct_empleados":11,"pct_cuentapropia":89,"pct_agricultura":56,"pct_comercio":33,"pct_manufactura":0,"pct_construccion":0,"pct_transporte":0,"pct_alojamiento":0,"pct_sin_educacion":0,"pct_educ_superior":50,"brecha_educ":8,"pct_sin_seguro":0,"pct_sus":100,"pct_seguro_privado":0,"brecha_seguro":0,"pct_salud_publica":50,"pct_med_tradicional":6,"pct_automedicacion":6,"pct_remedios_caseros":9,"pct_viv_desocupada":0,"pct_alquiler":43,"pct_electricidad":100,"pct_sin_electricidad":0,"pct_agua_red":86,"pct_alcantarillado":29,"pct_camara_septica":43,"pct_pozo_ciego":29,"pct_sin_desague":0,"pct_gas_red":0,"pct_gas_garrafa":100,"pct_lena_guano":100,"pct_basura_formal":0,"pct_basura_quema":86,"pct_basura_informal":0,"pct_internet":86,"pct_celular":86,"pct_televisor":86}},{"type":"Feature","geometry":{"type":"Polygon","coordinates":[[[-65.27533,-16.89779],[-65.27405,-16.89644],[-65.27378,-16.89665],[-65.27504,-16.89823],[-65.27533,-16.89779]]]},"properties":{"n":"PUERTO TODOS SANTOS","p":39,"personas_x_ha":38,"masculinidad":129,"pct_menor20":54,"pct_60mas":3,"pct_migrante":56,"dependencia_econ":62,"pct_empleados":0,"pct_cuentapropia":67,"pct_agricultura":67,"pct_comercio":12,"pct_manufactura":4,"pct_construccion":0,"pct_transporte":4,"pct_alojamiento":4,"pct_sin_educacion":0,"pct_educ_superior":0,"brecha_educ":10,"pct_sin_seguro":3,"pct_sus":97,"pct_seguro_privado":0,"brecha_seguro":-6,"pct_salud_publica":24,"pct_med_tradicional":13,"pct_automedicacion":18,"pct_remedios_caseros":18,"pct_viv_desocupada":0,"pct_alquiler":0,"pct_electricidad":100,"pct_sin_electricidad":0,"pct_agua_red":14,"pct_alcantarillado":29,"pct_camara_septica":0,"pct_pozo_ciego":64,"pct_sin_desague":7,"pct_gas_red":0,"pct_gas_garrafa":100,"pct_lena_guano":100,"pct_basura_formal":0,"pct_basura_quema":100,"pct_basura_informal":0,"pct_internet":71,"pct_celular":79,"pct_televisor":71}},{"type":"Feature","geometry":{"type":"Polygon","coordinates":[[[-65.26957,-16.89225],[-65.2713,-16.89404],[-65.27097,-16.89451],[-65.26933,-16.89282],[-65.26957,-16.89225]]]},"properties":{"n":"PUERTO TODOS SANTOS","p":43,"personas_x_ha":26,"masculinidad":95,"pct_menor20":47,"pct_60mas":2,"pct_migrante":53,"dependencia_econ":126,"pct_empleados":32,"pct_cuentapropia":63,"pct_agricultura":63,"pct_comercio":5,"pct_manufactura":11,"pct_construccion":11,"pct_transporte":0,"pct_alojamiento":0,"pct_sin_educacion":12,"pct_educ_superior":8,"brecha_educ":-17,"pct_sin_seguro":7,"pct_sus":93,"pct_seguro_privado":0,"brecha_seguro":5,"pct_salud_publica":29,"pct_med_tradicional":19,"pct_automedicacion":26,"pct_remedios_caseros":21,"pct_viv_desocupada":13,"pct_alquiler":31,"pct_electricidad":92,"pct_sin_electricidad":8,"pct_agua_red":23,"pct_alcantarillado":8,"pct_camara_septica":46,"pct_pozo_ciego":46,"pct_sin_desague":0,"pct_gas_red":0,"pct_gas_garrafa":100,"pct_lena_guano":100,"pct_basura_formal":8,"pct_basura_quema":92,"pct_basura_informal":0,"pct_internet":85,"pct_celular":92,"pct_televisor":69}},{"type":"Feature","geometry":{"type":"Polygon","coordinates":[[[-65.27208,-16.89693],[-65.27137,-16.89615],[-65.27165,-16.89572],[-65.27177,-16.89571],[-65.27243,-16.89648],[-65.27208,-16.89693]]]},"properties":{"n":"PUERTO TODOS SANTOS","p":55,"personas_x_ha":74,"masculinidad":72,"pct_menor20":55,"pct_60mas":0,"pct_migrante":60,"dependencia_econ":96,"pct_empleados":61,"pct_cuentapropia":39,"pct_agricultura":82,"pct_comercio":7,"pct_manufactura":4,"pct_construccion":0,"pct_transporte":0,"pct_alojamiento":4,"pct_sin_educacion":0,"pct_educ_superior":11,"brecha_educ":1,"pct_sin_seguro":2,"pct_sus":98,"pct_seguro_privado":0,"brecha_seguro":-3,"pct_salud_publica":34,"pct_med_tradicional":1,"pct_automedicacion":37,"pct_remedios_caseros":15,"pct_viv_desocupada":0,"pct_alquiler":43,"pct_electricidad":93,"pct_sin_electricidad":0,"pct_agua_red":71,"pct_alcantarillado":0,"pct_camara_septica":0,"pct_pozo_ciego":79,"pct_sin_desague":14,"pct_gas_red":0,"pct_gas_garrafa":100,"pct_lena_guano":100,"pct_basura_formal":0,"pct_basura_quema":93,"pct_basura_informal":0,"pct_internet":79,"pct_celular":93,"pct_televisor":64}},{"type":"Feature","geometry":{"type":"Polygon","coordinates":[[[-65.27368,-16.89672],[-65.27328,-16.89709],[-65.27387,-16.89784],[-65.27422,-16.89738],[-65.27368,-16.89672]]]},"properties":{"n":"PUERTO TODOS SANTOS","p":34,"personas_x_ha":57,"masculinidad":89,"pct_menor20":50,"pct_60mas":6,"pct_migrante":44,"dependencia_econ":62,"pct_empleados":5,"pct_cuentapropia":71,"pct_agricultura":81,"pct_comercio":10,"pct_manufactura":0,"pct_construccion":0,"pct_transporte":0,"pct_alojamiento":5,"pct_sin_educacion":5,"pct_educ_superior":5,"brecha_educ":-37,"pct_sin_seguro":12,"pct_sus":88,"pct_seguro_privado":0,"brecha_seguro":13,"pct_salud_publica":32,"pct_med_tradicional":12,"pct_automedicacion":34,"pct_remedios_caseros":18,"pct_viv_desocupada":7,"pct_alquiler":8,"pct_electricidad":100,"pct_sin_electricidad":0,"pct_agua_red":92,"pct_alcantarillado":17,"pct_camara_septica":0,"pct_pozo_ciego":83,"pct_sin_desague":0,"pct_gas_red":0,"pct_gas_garrafa":92,"pct_lena_guano":92,"pct_basura_formal":0,"pct_basura_quema":100,"pct_basura_informal":0,"pct_internet":75,"pct_celular":83,"pct_televisor":67}},{"type":"Feature","geometry":{"type":"Polygon","coordinates":[[[-65.26959,-16.89628],[-65.2685,-16.89542],[-65.2694,-16.89419],[-65.27041,-16.89522],[-65.26959,-16.89628]]]},"properties":{"n":"PUERTO TODOS SANTOS","p":27,"personas_x_ha":11,"masculinidad":50,"pct_menor20":63,"pct_60mas":0,"pct_migrante":33,"dependencia_econ":145,"pct_empleados":73,"pct_cuentapropia":27,"pct_agricultura":100,"pct_comercio":0,"pct_manufactura":0,"pct_construccion":0,"pct_transporte":0,"pct_alojamiento":0,"pct_sin_educacion":0,"pct_educ_superior":0,"brecha_educ":17,"pct_sin_seguro":0,"pct_sus":100,"pct_seguro_privado":0,"brecha_seguro":0,"pct_salud_publica":84,"pct_med_tradicional":6,"pct_automedicacion":3,"pct_remedios_caseros":0,"pct_viv_desocupada":0,"pct_alquiler":0,"pct_electricidad":100,"pct_sin_electricidad":0,"pct_agua_red":50,"pct_alcantarillado":0,"pct_camara_septica":12,"pct_pozo_ciego":88,"pct_sin_desague":0,"pct_gas_red":0,"pct_gas_garrafa":100,"pct_lena_guano":100,"pct_basura_formal":0,"pct_basura_quema":100,"pct_basura_informal":0,"pct_internet":88,"pct_celular":88,"pct_televisor":75}},{"type":"Feature","geometry":{"type":"Polygon","coordinates":[[[-65.27218,-16.895],[-65.27141,-16.89417],[-65.27134,-16.89417],[-65.27108,-16.89455],[-65.27181,-16.89542],[-65.27218,-16.895]]]},"properties":{"n":"PUERTO TODOS SANTOS","p":27,"personas_x_ha":35,"masculinidad":69,"pct_menor20":44,"pct_60mas":7,"pct_migrante":85,"dependencia_econ":69,"pct_empleados":6,"pct_cuentapropia":88,"pct_agricultura":75,"pct_comercio":25,"pct_manufactura":0,"pct_construccion":0,"pct_transporte":0,"pct_alojamiento":0,"pct_sin_educacion":18,"pct_educ_superior":6,"brecha_educ":-18,"pct_sin_seguro":0,"pct_sus":100,"pct_seguro_privado":0,"brecha_seguro":0,"pct_salud_publica":24,"pct_med_tradicional":18,"pct_automedicacion":27,"pct_remedios_caseros":16,"pct_viv_desocupada":14,"pct_alquiler":33,"pct_electricidad":92,"pct_sin_electricidad":8,"pct_agua_red":92,"pct_alcantarillado":0,"pct_camara_septica":0,"pct_pozo_ciego":100,"pct_sin_desague":0,"pct_gas_red":0,"pct_gas_garrafa":92,"pct_lena_guano":92,"pct_basura_formal":0,"pct_basura_quema":100,"pct_basura_informal":0,"pct_internet":92,"pct_celular":92,"pct_televisor":58}},{"type":"Feature","geometry":{"type":"Polygon","coordinates":[[[-65.56814,-16.81023],[-65.56842,-16.81102],[-65.56895,-16.81084],[-65.56869,-16.81007],[-65.56814,-16.81023]]]},"properties":{"n":"SAMUZABETY","p":21,"personas_x_ha":37,"masculinidad":40,"pct_menor20":62,"pct_60mas":0,"pct_migrante":57,"dependencia_econ":133,"pct_empleados":11,"pct_cuentapropia":78,"pct_agricultura":56,"pct_comercio":0,"pct_manufactura":0,"pct_construccion":0,"pct_transporte":0,"pct_alojamiento":22,"pct_sin_educacion":0,"pct_educ_superior":12,"brecha_educ":-43,"pct_sin_seguro":0,"pct_sus":100,"pct_seguro_privado":0,"brecha_seguro":0,"pct_salud_publica":75,"pct_med_tradicional":0,"pct_automedicacion":11,"pct_remedios_caseros":11,"pct_viv_desocupada":9,"pct_alquiler":25,"pct_electricidad":100,"pct_sin_electricidad":0,"pct_agua_red":12,"pct_alcantarillado":50,"pct_camara_septica":0,"pct_pozo_ciego":50,"pct_sin_desague":0,"pct_gas_red":0,"pct_gas_garrafa":100,"pct_lena_guano":100,"pct_basura_formal":25,"pct_basura_quema":62,"pct_basura_informal":0,"pct_internet":88,"pct_celular":100,"pct_televisor":62}},{"type":"Feature","geometry":{"type":"Polygon","coordinates":[[[-65.56939,-16.81164],[-65.57017,-16.81138],[-65.56984,-16.81061],[-65.56912,-16.81091],[-65.56939,-16.81164]]]},"properties":{"n":"SAMUZABETY","p":23,"personas_x_ha":29,"masculinidad":188,"pct_menor20":48,"pct_60mas":9,"pct_migrante":48,"dependencia_econ":64,"pct_empleados":0,"pct_cuentapropia":64,"pct_agricultura":86,"pct_comercio":7,"pct_manufactura":0,"pct_construccion":0,"pct_transporte":0,"pct_alojamiento":0,"pct_sin_educacion":0,"pct_educ_superior":0,"brecha_educ":-7,"pct_sin_seguro":9,"pct_sus":91,"pct_seguro_privado":0,"brecha_seguro":-6,"pct_salud_publica":19,"pct_med_tradicional":11,"pct_automedicacion":20,"pct_remedios_caseros":15,"pct_viv_desocupada":7,"pct_alquiler":0,"pct_electricidad":85,"pct_sin_electricidad":0,"pct_agua_red":54,"pct_alcantarillado":100,"pct_camara_septica":0,"pct_pozo_ciego":0,"pct_sin_desague":0,"pct_gas_red":0,"pct_gas_garrafa":100,"pct_lena_guano":100,"pct_basura_formal":69,"pct_basura_quema":31,"pct_basura_informal":0,"pct_internet":62,"pct_celular":85,"pct_televisor":46}},{"type":"Feature","geometry":{"type":"Polygon","coordinates":[[[-65.56992,-16.81059],[-65.57025,-16.81137],[-65.57105,-16.81108],[-65.57094,-16.8106],[-65.57046,-16.81078],[-65.57023,-16.81052],[-65.56992,-16.81059]]]},"properties":{"n":"SAMUZABETY","p":24,"personas_x_ha":36,"masculinidad":60,"pct_menor20":58,"pct_60mas":0,"pct_migrante":58,"dependencia_econ":167,"pct_empleados":44,"pct_cuentapropia":22,"pct_agricultura":0,"pct_comercio":56,"pct_manufactura":11,"pct_construccion":0,"pct_transporte":22,"pct_alojamiento":0,"pct_sin_educacion":0,"pct_educ_superior":60,"brecha_educ":8,"pct_sin_seguro":0,"pct_sus":83,"pct_seguro_privado":0,"brecha_seguro":0,"pct_salud_publica":21,"pct_med_tradicional":11,"pct_automedicacion":20,"pct_remedios_caseros":24,"pct_viv_desocupada":0,"pct_alquiler":0,"pct_electricidad":71,"pct_sin_electricidad":29,"pct_agua_red":86,"pct_alcantarillado":43,"pct_camara_septica":29,"pct_pozo_ciego":14,"pct_sin_desague":14,"pct_gas_red":0,"pct_gas_garrafa":71,"pct_lena_guano":71,"pct_basura_formal":29,"pct_basura_quema":71,"pct_basura_informal":0,"pct_internet":86,"pct_celular":86,"pct_televisor":86}},{"type":"Feature","geometry":{"type":"Polygon","coordinates":[[[-65.57413,-16.81523],[-65.57457,-16.8158],[-65.57527,-16.81535],[-65.57413,-16.81523]]]},"properties":{"n":"SAMUZABETY","p":26,"personas_x_ha":70,"masculinidad":62,"pct_menor20":50,"pct_60mas":0,"pct_migrante":42,"dependencia_econ":108,"pct_empleados":0,"pct_cuentapropia":42,"pct_agricultura":67,"pct_comercio":0,"pct_manufactura":0,"pct_construccion":0,"pct_transporte":0,"pct_alojamiento":8,"pct_sin_educacion":0,"pct_educ_superior":36,"brecha_educ":-38,"pct_sin_seguro":22,"pct_sus":65,"pct_seguro_privado":0,"brecha_seguro":-14,"pct_salud_publica":24,"pct_med_tradicional":8,"pct_automedicacion":25,"pct_remedios_caseros":20,"pct_viv_desocupada":0,"pct_alquiler":25,"pct_electricidad":100,"pct_sin_electricidad":0,"pct_agua_red":17,"pct_alcantarillado":75,"pct_camara_septica":0,"pct_pozo_ciego":25,"pct_sin_desague":0,"pct_gas_red":0,"pct_gas_garrafa":83,"pct_lena_guano":83,"pct_basura_formal":67,"pct_basura_quema":33,"pct_basura_informal":0,"pct_internet":100,"pct_celular":100,"pct_televisor":58}},{"type":"Feature","geometry":{"type":"Polygon","coordinates":[[[-65.57011,-16.81523],[-65.57063,-16.81593],[-65.57139,-16.81538],[-65.5708,-16.81462],[-65.57011,-16.81523]]]},"properties":{"n":"SAMUZABETY","p":50,"personas_x_ha":48,"masculinidad":85,"pct_menor20":36,"pct_60mas":10,"pct_migrante":36,"dependencia_econ":56,"pct_empleados":6,"pct_cuentapropia":59,"pct_agricultura":47,"pct_comercio":19,"pct_manufactura":3,"pct_construccion":0,"pct_transporte":3,"pct_alojamiento":9,"pct_sin_educacion":16,"pct_educ_superior":38,"brecha_educ":3,"pct_sin_seguro":6,"pct_sus":88,"pct_seguro_privado":0,"brecha_seguro":5,"pct_salud_publica":21,"pct_med_tradicional":10,"pct_automedicacion":21,"pct_remedios_caseros":24,"pct_viv_desocupada":0,"pct_alquiler":26,"pct_electricidad":95,"pct_sin_electricidad":0,"pct_agua_red":79,"pct_alcantarillado":89,"pct_camara_septica":11,"pct_pozo_ciego":0,"pct_sin_desague":0,"pct_gas_red":0,"pct_gas_garrafa":95,"pct_lena_guano":95,"pct_basura_formal":84,"pct_basura_quema":16,"pct_basura_informal":0,"pct_internet":89,"pct_celular":95,"pct_televisor":47}},{"type":"Feature","geometry":{"type":"Polygon","coordinates":[[[-65.57378,-16.81642],[-65.57319,-16.81573],[-65.57386,-16.8152],[-65.57395,-16.8152],[-65.5745,-16.81589],[-65.57378,-16.81642]]]},"properties":{"n":"SAMUZABETY","p":31,"personas_x_ha":31,"masculinidad":72,"pct_menor20":42,"pct_60mas":6,"pct_migrante":39,"dependencia_econ":107,"pct_empleados":13,"pct_cuentapropia":73,"pct_agricultura":67,"pct_comercio":13,"pct_manufactura":7,"pct_construccion":0,"pct_transporte":7,"pct_alojamiento":7,"pct_sin_educacion":21,"pct_educ_superior":32,"brecha_educ":-26,"pct_sin_seguro":0,"pct_sus":100,"pct_seguro_privado":0,"brecha_seguro":0,"pct_salud_publica":25,"pct_med_tradicional":18,"pct_automedicacion":20,"pct_remedios_caseros":25,"pct_viv_desocupada":14,"pct_alquiler":0,"pct_electricidad":100,"pct_sin_electricidad":0,"pct_agua_red":80,"pct_alcantarillado":80,"pct_camara_septica":0,"pct_pozo_ciego":10,"pct_sin_desague":10,"pct_gas_red":0,"pct_gas_garrafa":100,"pct_lena_guano":100,"pct_basura_formal":100,"pct_basura_quema":0,"pct_basura_informal":0,"pct_internet":70,"pct_celular":90,"pct_televisor":80}},{"type":"Feature","geometry":{"type":"Polygon","coordinates":[[[-65.57027,-16.81146],[-65.57053,-16.81217],[-65.57128,-16.81192],[-65.57108,-16.81121],[-65.57027,-16.81146]]]},"properties":{"n":"SAMUZABETY","p":21,"personas_x_ha":29,"masculinidad":133,"pct_menor20":57,"pct_60mas":0,"pct_migrante":57,"dependencia_econ":200,"pct_empleados":29,"pct_cuentapropia":29,"pct_agricultura":14,"pct_comercio":14,"pct_manufactura":0,"pct_construccion":29,"pct_transporte":0,"pct_alojamiento":0,"pct_sin_educacion":11,"pct_educ_superior":22,"brecha_educ":15,"pct_sin_seguro":33,"pct_sus":67,"pct_seguro_privado":0,"brecha_seguro":19,"pct_salud_publica":21,"pct_med_tradicional":13,"pct_automedicacion":26,"pct_remedios_caseros":20,"pct_viv_desocupada":0,"pct_alquiler":38,"pct_electricidad":100,"pct_sin_electricidad":0,"pct_agua_red":25,"pct_alcantarillado":75,"pct_camara_septica":12,"pct_pozo_ciego":12,"pct_sin_desague":0,"pct_gas_red":0,"pct_gas_garrafa":100,"pct_lena_guano":100,"pct_basura_formal":50,"pct_basura_quema":50,"pct_basura_informal":0,"pct_internet":62,"pct_celular":75,"pct_televisor":38}},{"type":"Feature","geometry":{"type":"Polygon","coordinates":[[[-65.57386,-16.81508],[-65.57306,-16.81563],[-65.57248,-16.8149],[-65.57322,-16.81434],[-65.57386,-16.81508]]]},"properties":{"n":"SAMUZABETY","p":36,"personas_x_ha":33,"masculinidad":157,"pct_menor20":42,"pct_60mas":6,"pct_migrante":50,"dependencia_econ":64,"pct_empleados":23,"pct_cuentapropia":68,"pct_agricultura":68,"pct_comercio":9,"pct_manufactura":0,"pct_construccion":5,"pct_transporte":5,"pct_alojamiento":5,"pct_sin_educacion":0,"pct_educ_superior":14,"brecha_educ":5,"pct_sin_seguro":3,"pct_sus":94,"pct_seguro_privado":3,"brecha_seguro":-7,"pct_salud_publica":25,"pct_med_tradicional":20,"pct_automedicacion":23,"pct_remedios_caseros":23,"pct_viv_desocupada":11,"pct_alquiler":29,"pct_electricidad":100,"pct_sin_electricidad":0,"pct_agua_red":21,"pct_alcantarillado":86,"pct_camara_septica":0,"pct_pozo_ciego":14,"pct_sin_desague":0,"pct_gas_red":0,"pct_gas_garrafa":100,"pct_lena_guano":100,"pct_basura_formal":71,"pct_basura_quema":21,"pct_basura_informal":0,"pct_internet":100,"pct_celular":100,"pct_televisor":43}},{"type":"Feature","geometry":{"type":"Polygon","coordinates":[[[-65.57114,-16.81436],[-65.57164,-16.81404],[-65.57219,-16.81475],[-65.57148,-16.8153],[-65.57092,-16.81462],[-65.57114,-16.81436]]]},"properties":{"n":"SAMUZABETY","p":45,"personas_x_ha":44,"masculinidad":80,"pct_menor20":44,"pct_60mas":7,"pct_migrante":58,"dependencia_econ":175,"pct_empleados":19,"pct_cuentapropia":69,"pct_agricultura":50,"pct_comercio":12,"pct_manufactura":12,"pct_construccion":12,"pct_transporte":6,"pct_alojamiento":6,"pct_sin_educacion":4,"pct_educ_superior":4,"brecha_educ":-34,"pct_sin_seguro":48,"pct_sus":50,"pct_seguro_privado":0,"brecha_seguro":18,"pct_salud_publica":25,"pct_med_tradicional":17,"pct_automedicacion":23,"pct_remedios_caseros":17,"pct_viv_desocupada":0,"pct_alquiler":42,"pct_electricidad":75,"pct_sin_electricidad":17,"pct_agua_red":8,"pct_alcantarillado":92,"pct_camara_septica":0,"pct_pozo_ciego":0,"pct_sin_desague":8,"pct_gas_red":0,"pct_gas_garrafa":92,"pct_lena_guano":92,"pct_basura_formal":92,"pct_basura_quema":8,"pct_basura_informal":0,"pct_internet":83,"pct_celular":100,"pct_televisor":75}},{"type":"Feature","geometry":{"type":"Polygon","coordinates":[[[-65.56946,-16.81176],[-65.56974,-16.81246],[-65.57047,-16.81222],[-65.57021,-16.81152],[-65.56946,-16.81176]]]},"properties":{"n":"SAMUZABETY","p":41,"personas_x_ha":57,"masculinidad":128,"pct_menor20":61,"pct_60mas":2,"pct_migrante":56,"dependencia_econ":95,"pct_empleados":14,"pct_cuentapropia":81,"pct_agricultura":95,"pct_comercio":5,"pct_manufactura":0,"pct_construccion":0,"pct_transporte":0,"pct_alojamiento":0,"pct_sin_educacion":0,"pct_educ_superior":12,"brecha_educ":-37,"pct_sin_seguro":7,"pct_sus":93,"pct_seguro_privado":0,"brecha_seguro":-7,"pct_salud_publica":33,"pct_med_tradicional":10,"pct_automedicacion":20,"pct_remedios_caseros":28,"pct_viv_desocupada":0,"pct_alquiler":33,"pct_electricidad":100,"pct_sin_electricidad":0,"pct_agua_red":53,"pct_alcantarillado":100,"pct_camara_septica":0,"pct_pozo_ciego":0,"pct_sin_desague":0,"pct_gas_red":0,"pct_gas_garrafa":93,"pct_lena_guano":93,"pct_basura_formal":73,"pct_basura_quema":27,"pct_basura_informal":0,"pct_internet":87,"pct_celular":100,"pct_televisor":47}},{"type":"Feature","geometry":{"type":"Polygon","coordinates":[[[-65.57026,-16.81238],[-65.5703,-16.8128],[-65.57023,-16.81238],[-65.56977,-16.81256],[-65.5702,-16.81367],[-65.57085,-16.81316],[-65.57051,-16.81231],[-65.57026,-16.81238]]]},"properties":{"n":"SAMUZABETY","p":41,"personas_x_ha":41,"masculinidad":116,"pct_menor20":54,"pct_60mas":0,"pct_migrante":66,"dependencia_econ":71,"pct_empleados":0,"pct_cuentapropia":92,"pct_agricultura":71,"pct_comercio":8,"pct_manufactura":8,"pct_construccion":0,"pct_transporte":4,"pct_alojamiento":4,"pct_sin_educacion":0,"pct_educ_superior":25,"brecha_educ":20,"pct_sin_seguro":5,"pct_sus":85,"pct_seguro_privado":0,"brecha_seguro":10,"pct_salud_publica":18,"pct_med_tradicional":18,"pct_automedicacion":21,"pct_remedios_caseros":19,"pct_viv_desocupada":5,"pct_alquiler":22,"pct_electricidad":100,"pct_sin_electricidad":0,"pct_agua_red":61,"pct_alcantarillado":89,"pct_camara_septica":6,"pct_pozo_ciego":6,"pct_sin_desague":0,"pct_gas_red":0,"pct_gas_garrafa":89,"pct_lena_guano":89,"pct_basura_formal":78,"pct_basura_quema":17,"pct_basura_informal":0,"pct_internet":89,"pct_celular":100,"pct_televisor":72}},{"type":"Feature","geometry":{"type":"Polygon","coordinates":[[[-65.5703,-16.8162],[-65.56915,-16.81643],[-65.56901,-16.81586],[-65.56966,-16.81508],[-65.56996,-16.8151],[-65.57043,-16.81602],[-65.5703,-16.8162]]]},"properties":{"n":"SAMUZABETY","p":19,"personas_x_ha":13,"masculinidad":111,"pct_menor20":32,"pct_60mas":16,"pct_migrante":95,"dependencia_econ":36,"pct_empleados":36,"pct_cuentapropia":43,"pct_agricultura":86,"pct_comercio":0,"pct_manufactura":7,"pct_construccion":7,"pct_transporte":0,"pct_alojamiento":0,"pct_sin_educacion":15,"pct_educ_superior":0,"brecha_educ":2,"pct_sin_seguro":6,"pct_sus":94,"pct_seguro_privado":0,"brecha_seguro":-11,"pct_salud_publica":28,"pct_med_tradicional":11,"pct_automedicacion":23,"pct_remedios_caseros":20,"pct_viv_desocupada":0,"pct_alquiler":29,"pct_electricidad":100,"pct_sin_electricidad":0,"pct_agua_red":71,"pct_alcantarillado":71,"pct_camara_septica":0,"pct_pozo_ciego":29,"pct_sin_desague":0,"pct_gas_red":0,"pct_gas_garrafa":100,"pct_lena_guano":100,"pct_basura_formal":71,"pct_basura_quema":29,"pct_basura_informal":0,"pct_internet":86,"pct_celular":86,"pct_televisor":71}},{"type":"Feature","geometry":{"type":"Polygon","coordinates":[[[-65.57099,-16.81607],[-65.5716,-16.81682],[-65.57093,-16.81731],[-65.57039,-16.81691],[-65.57033,-16.81649],[-65.57099,-16.81607]]]},"properties":{"n":"SAMUZABETY","p":31,"personas_x_ha":29,"masculinidad":94,"pct_menor20":48,"pct_60mas":0,"pct_migrante":48,"dependencia_econ":107,"pct_empleados":0,"pct_cuentapropia":80,"pct_agricultura":67,"pct_comercio":7,"pct_manufactura":0,"pct_construccion":0,"pct_transporte":13,"pct_alojamiento":0,"pct_sin_educacion":19,"pct_educ_superior":19,"brecha_educ":-24,"pct_sin_seguro":6,"pct_sus":94,"pct_seguro_privado":0,"brecha_seguro":13,"pct_salud_publica":31,"pct_med_tradicional":4,"pct_automedicacion":30,"pct_remedios_caseros":28,"pct_viv_desocupada":0,"pct_alquiler":0,"pct_electricidad":100,"pct_sin_electricidad":0,"pct_agua_red":17,"pct_alcantarillado":17,"pct_camara_septica":0,"pct_pozo_ciego":0,"pct_sin_desague":83,"pct_gas_red":0,"pct_gas_garrafa":100,"pct_lena_guano":100,"pct_basura_formal":100,"pct_basura_quema":0,"pct_basura_informal":0,"pct_internet":50,"pct_celular":83,"pct_televisor":67}},{"type":"Feature","geometry":{"type":"Polygon","coordinates":[[[-65.57331,-16.81429],[-65.57394,-16.81502],[-65.57452,-16.81454],[-65.57388,-16.81385],[-65.57331,-16.81429]]]},"properties":{"n":"SAMUZABETY","p":40,"personas_x_ha":48,"masculinidad":135,"pct_menor20":48,"pct_60mas":0,"pct_migrante":52,"dependencia_econ":74,"pct_empleados":30,"pct_cuentapropia":52,"pct_agricultura":65,"pct_comercio":17,"pct_manufactura":4,"pct_construccion":0,"pct_transporte":4,"pct_alojamiento":0,"pct_sin_educacion":10,"pct_educ_superior":24,"brecha_educ":-43,"pct_sin_seguro":8,"pct_sus":90,"pct_seguro_privado":0,"brecha_seguro":3,"pct_salud_publica":28,"pct_med_tradicional":17,"pct_automedicacion":20,"pct_remedios_caseros":19,"pct_viv_desocupada":0,"pct_alquiler":21,"pct_electricidad":100,"pct_sin_electricidad":0,"pct_agua_red":36,"pct_alcantarillado":86,"pct_camara_septica":7,"pct_pozo_ciego":7,"pct_sin_desague":0,"pct_gas_red":0,"pct_gas_garrafa":100,"pct_lena_guano":100,"pct_basura_formal":79,"pct_basura_quema":14,"pct_basura_informal":0,"pct_internet":79,"pct_celular":86,"pct_televisor":64}},{"type":"Feature","geometry":{"type":"Polygon","coordinates":[[[-65.575,-16.81791],[-65.57544,-16.8186],[-65.57608,-16.81818],[-65.57578,-16.81743],[-65.575,-16.81791]]]},"properties":{"n":"SAMUZABETY","p":25,"personas_x_ha":31,"masculinidad":67,"pct_menor20":68,"pct_60mas":0,"pct_migrante":56,"dependencia_econ":257,"pct_empleados":57,"pct_cuentapropia":29,"pct_agricultura":43,"pct_comercio":29,"pct_manufactura":0,"pct_construccion":0,"pct_transporte":0,"pct_alojamiento":0,"pct_sin_educacion":0,"pct_educ_superior":50,"brecha_educ":0,"pct_sin_seguro":0,"pct_sus":80,"pct_seguro_privado":0,"brecha_seguro":0,"pct_salud_publica":28,"pct_med_tradicional":16,"pct_automedicacion":20,"pct_remedios_caseros":21,"pct_viv_desocupada":0,"pct_alquiler":14,"pct_electricidad":100,"pct_sin_electricidad":0,"pct_agua_red":86,"pct_alcantarillado":86,"pct_camara_septica":0,"pct_pozo_ciego":14,"pct_sin_desague":0,"pct_gas_red":0,"pct_gas_garrafa":100,"pct_lena_guano":100,"pct_basura_formal":43,"pct_basura_quema":57,"pct_basura_informal":0,"pct_internet":86,"pct_celular":100,"pct_televisor":71}},{"type":"Feature","geometry":{"type":"Polygon","coordinates":[[[-65.57107,-16.81602],[-65.57166,-16.81675],[-65.57217,-16.81636],[-65.57159,-16.81562],[-65.57107,-16.81602]]]},"properties":{"n":"SAMUZABETY","p":35,"personas_x_ha":49,"masculinidad":84,"pct_menor20":34,"pct_60mas":14,"pct_migrante":60,"dependencia_econ":67,"pct_empleados":10,"pct_cuentapropia":86,"pct_agricultura":33,"pct_comercio":14,"pct_manufactura":0,"pct_construccion":0,"pct_transporte":14,"pct_alojamiento":29,"pct_sin_educacion":17,"pct_educ_superior":9,"brecha_educ":5,"pct_sin_seguro":12,"pct_sus":82,"pct_seguro_privado":3,"brecha_seguro":3,"pct_salud_publica":32,"pct_med_tradicional":3,"pct_automedicacion":20,"pct_remedios_caseros":24,"pct_viv_desocupada":0,"pct_alquiler":7,"pct_electricidad":100,"pct_sin_electricidad":0,"pct_agua_red":33,"pct_alcantarillado":73,"pct_camara_septica":0,"pct_pozo_ciego":0,"pct_sin_desague":27,"pct_gas_red":0,"pct_gas_garrafa":100,"pct_lena_guano":100,"pct_basura_formal":87,"pct_basura_quema":0,"pct_basura_informal":0,"pct_internet":67,"pct_celular":87,"pct_televisor":67}},{"type":"Feature","geometry":{"type":"Polygon","coordinates":[[[-65.57104,-16.81312],[-65.57165,-16.81275],[-65.57208,-16.81293],[-65.57239,-16.81333],[-65.57163,-16.81386],[-65.57104,-16.81312]]]},"properties":{"n":"SAMUZABETY","p":30,"personas_x_ha":31,"masculinidad":76,"pct_menor20":47,"pct_60mas":10,"pct_migrante":47,"dependencia_econ":114,"pct_empleados":7,"pct_cuentapropia":79,"pct_agricultura":50,"pct_comercio":14,"pct_manufactura":7,"pct_construccion":7,"pct_transporte":7,"pct_alojamiento":14,"pct_sin_educacion":19,"pct_educ_superior":31,"brecha_educ":-8,"pct_sin_seguro":7,"pct_sus":93,"pct_seguro_privado":0,"brecha_seguro":2,"pct_salud_publica":22,"pct_med_tradicional":16,"pct_automedicacion":19,"pct_remedios_caseros":16,"pct_viv_desocupada":0,"pct_alquiler":0,"pct_electricidad":100,"pct_sin_electricidad":0,"pct_agua_red":50,"pct_alcantarillado":71,"pct_camara_septica":0,"pct_pozo_ciego":29,"pct_sin_desague":0,"pct_gas_red":0,"pct_gas_garrafa":100,"pct_lena_guano":100,"pct_basura_formal":79,"pct_basura_quema":21,"pct_basura_informal":0,"pct_internet":93,"pct_celular":93,"pct_televisor":71}},{"type":"Feature","geometry":{"type":"Polygon","coordinates":[[[-65.57581,-16.81726],[-65.57651,-16.81679],[-65.57618,-16.81602],[-65.57547,-16.81643],[-65.57581,-16.81726]]]},"properties":{"n":"SAMUZABETY","p":44,"personas_x_ha":50,"masculinidad":83,"pct_menor20":43,"pct_60mas":2,"pct_migrante":59,"dependencia_econ":83,"pct_empleados":8,"pct_cuentapropia":83,"pct_agricultura":62,"pct_comercio":17,"pct_manufactura":4,"pct_construccion":4,"pct_transporte":0,"pct_alojamiento":4,"pct_sin_educacion":8,"pct_educ_superior":12,"brecha_educ":-22,"pct_sin_seguro":9,"pct_sus":91,"pct_seguro_privado":0,"brecha_seguro":20,"pct_salud_publica":29,"pct_med_tradicional":22,"pct_automedicacion":18,"pct_remedios_caseros":23,"pct_viv_desocupada":0,"pct_alquiler":38,"pct_electricidad":100,"pct_sin_electricidad":0,"pct_agua_red":38,"pct_alcantarillado":56,"pct_camara_septica":12,"pct_pozo_ciego":31,"pct_sin_desague":0,"pct_gas_red":0,"pct_gas_garrafa":100,"pct_lena_guano":100,"pct_basura_formal":81,"pct_basura_quema":19,"pct_basura_informal":0,"pct_internet":81,"pct_celular":88,"pct_televisor":50}},{"type":"Feature","geometry":{"type":"Polygon","coordinates":[[[-65.56856,-16.81671],[-65.56858,-16.81703],[-65.5695,-16.81699],[-65.57029,-16.81684],[-65.57023,-16.81648],[-65.56909,-16.8167],[-65.56856,-16.81671]]]},"properties":{"n":"SAMUZABETY","p":16,"personas_x_ha":24,"masculinidad":100,"pct_menor20":56,"pct_60mas":0,"pct_migrante":56,"dependencia_econ":60,"pct_empleados":0,"pct_cuentapropia":90,"pct_agricultura":50,"pct_comercio":40,"pct_manufactura":0,"pct_construccion":0,"pct_transporte":0,"pct_alojamiento":0,"pct_sin_educacion":0,"pct_educ_superior":12,"brecha_educ":25,"pct_sin_seguro":38,"pct_sus":62,"pct_seguro_privado":0,"brecha_seguro":0,"pct_salud_publica":25,"pct_med_tradicional":14,"pct_automedicacion":27,"pct_remedios_caseros":27,"pct_viv_desocupada":0,"pct_alquiler":0,"pct_electricidad":100,"pct_sin_electricidad":0,"pct_agua_red":83,"pct_alcantarillado":100,"pct_camara_septica":0,"pct_pozo_ciego":0,"pct_sin_desague":0,"pct_gas_red":0,"pct_gas_garrafa":100,"pct_lena_guano":100,"pct_basura_formal":100,"pct_basura_quema":0,"pct_basura_informal":0,"pct_internet":33,"pct_celular":50,"pct_televisor":67}},{"type":"Feature","geometry":{"type":"Polygon","coordinates":[[[-65.57482,-16.81771],[-65.57524,-16.81767],[-65.5757,-16.81735],[-65.57512,-16.81662],[-65.57438,-16.8172],[-65.57482,-16.81771]]]},"properties":{"n":"SAMUZABETY","p":27,"personas_x_ha":28,"masculinidad":50,"pct_menor20":59,"pct_60mas":0,"pct_migrante":52,"dependencia_econ":189,"pct_empleados":33,"pct_cuentapropia":56,"pct_agricultura":44,"pct_comercio":22,"pct_manufactura":0,"pct_construccion":0,"pct_transporte":0,"pct_alojamiento":0,"pct_sin_educacion":0,"pct_educ_superior":27,"brecha_educ":-14,"pct_sin_seguro":0,"pct_sus":81,"pct_seguro_privado":0,"brecha_seguro":0,"pct_salud_publica":37,"pct_med_tradicional":3,"pct_automedicacion":15,"pct_remedios_caseros":23,"pct_viv_desocupada":0,"pct_alquiler":0,"pct_electricidad":100,"pct_sin_electricidad":0,"pct_agua_red":62,"pct_alcantarillado":62,"pct_camara_septica":0,"pct_pozo_ciego":38,"pct_sin_desague":0,"pct_gas_red":0,"pct_gas_garrafa":100,"pct_lena_guano":100,"pct_basura_formal":88,"pct_basura_quema":12,"pct_basura_informal":0,"pct_internet":100,"pct_celular":100,"pct_televisor":75}},{"type":"Feature","geometry":{"type":"Polygon","coordinates":[[[-65.57356,-16.81705],[-65.57341,-16.81668],[-65.57367,-16.81647],[-65.57309,-16.81582],[-65.57231,-16.81632],[-65.57255,-16.81674],[-65.57225,-16.81709],[-65.5727,-16.81791],[-65.57292,-16.81783],[-65.5728,-16.81758],[-65.57289,-16.8173],[-65.57356,-16.81705]]]},"properties":{"n":"SAMUZABETY","p":43,"personas_x_ha":24,"masculinidad":79,"pct_menor20":53,"pct_60mas":2,"pct_migrante":42,"dependencia_econ":100,"pct_empleados":38,"pct_cuentapropia":24,"pct_agricultura":43,"pct_comercio":0,"pct_manufactura":5,"pct_construccion":5,"pct_transporte":5,"pct_alojamiento":0,"pct_sin_educacion":10,"pct_educ_superior":38,"brecha_educ":8,"pct_sin_seguro":3,"pct_sus":66,"pct_seguro_privado":0,"brecha_seguro":-5,"pct_salud_publica":25,"pct_med_tradicional":9,"pct_automedicacion":20,"pct_remedios_caseros":25,"pct_viv_desocupada":0,"pct_alquiler":7,"pct_electricidad":100,"pct_sin_electricidad":0,"pct_agua_red":93,"pct_alcantarillado":57,"pct_camara_septica":14,"pct_pozo_ciego":29,"pct_sin_desague":0,"pct_gas_red":0,"pct_gas_garrafa":93,"pct_lena_guano":93,"pct_basura_formal":57,"pct_basura_quema":43,"pct_basura_informal":0,"pct_internet":64,"pct_celular":86,"pct_televisor":64}},{"type":"Feature","geometry":{"type":"Polygon","coordinates":[[[-65.56942,-16.80953],[-65.56947,-16.80969],[-65.56879,-16.80994],[-65.56873,-16.80978],[-65.56942,-16.80953]]]},"properties":{"n":"SAMUZABETY","p":16,"personas_x_ha":105,"masculinidad":33,"pct_menor20":62,"pct_60mas":0,"pct_migrante":50,"dependencia_econ":129,"pct_empleados":0,"pct_cuentapropia":100,"pct_agricultura":86,"pct_comercio":14,"pct_manufactura":0,"pct_construccion":0,"pct_transporte":0,"pct_alojamiento":0,"pct_sin_educacion":14,"pct_educ_superior":0,"brecha_educ":67,"pct_sin_seguro":6,"pct_sus":94,"pct_seguro_privado":0,"brecha_seguro":-8,"pct_salud_publica":31,"pct_med_tradicional":13,"pct_automedicacion":27,"pct_remedios_caseros":25,"pct_viv_desocupada":0,"pct_alquiler":29,"pct_electricidad":100,"pct_sin_electricidad":0,"pct_agua_red":86,"pct_alcantarillado":100,"pct_camara_septica":0,"pct_pozo_ciego":0,"pct_sin_desague":0,"pct_gas_red":0,"pct_gas_garrafa":100,"pct_lena_guano":100,"pct_basura_formal":29,"pct_basura_quema":43,"pct_basura_informal":0,"pct_internet":71,"pct_celular":86,"pct_televisor":43}},{"type":"Feature","geometry":{"type":"Polygon","coordinates":[[[-65.57234,-16.81744],[-65.57214,-16.81709],[-65.57249,-16.81673],[-65.57228,-16.81646],[-65.57112,-16.81728],[-65.57163,-16.81825],[-65.57242,-16.81779],[-65.57234,-16.81744]]]},"properties":{"n":"SAMUZABETY","p":35,"personas_x_ha":22,"masculinidad":94,"pct_menor20":66,"pct_60mas":3,"pct_migrante":74,"dependencia_econ":119,"pct_empleados":25,"pct_cuentapropia":56,"pct_agricultura":62,"pct_comercio":6,"pct_manufactura":6,"pct_construccion":19,"pct_transporte":6,"pct_alojamiento":0,"pct_sin_educacion":0,"pct_educ_superior":17,"brecha_educ":-23,"pct_sin_seguro":9,"pct_sus":91,"pct_seguro_privado":0,"brecha_seguro":18,"pct_salud_publica":30,"pct_med_tradicional":18,"pct_automedicacion":17,"pct_remedios_caseros":22,"pct_viv_desocupada":6,"pct_alquiler":25,"pct_electricidad":81,"pct_sin_electricidad":19,"pct_agua_red":19,"pct_alcantarillado":31,"pct_camara_septica":0,"pct_pozo_ciego":50,"pct_sin_desague":19,"pct_gas_red":0,"pct_gas_garrafa":88,"pct_lena_guano":88,"pct_basura_formal":50,"pct_basura_quema":44,"pct_basura_informal":12,"pct_internet":62,"pct_celular":81,"pct_televisor":44}},{"type":"Feature","geometry":{"type":"Polygon","coordinates":[[[-65.57603,-16.81526],[-65.57464,-16.81463],[-65.57399,-16.8151],[-65.57486,-16.81524],[-65.5754,-16.81523],[-65.57594,-16.81553],[-65.57603,-16.81526]]]},"properties":{"n":"SAMUZABETY","p":35,"personas_x_ha":43,"masculinidad":84,"pct_menor20":29,"pct_60mas":6,"pct_migrante":60,"dependencia_econ":119,"pct_empleados":25,"pct_cuentapropia":38,"pct_agricultura":56,"pct_comercio":0,"pct_manufactura":6,"pct_construccion":6,"pct_transporte":12,"pct_alojamiento":12,"pct_sin_educacion":8,"pct_educ_superior":4,"brecha_educ":-8,"pct_sin_seguro":6,"pct_sus":94,"pct_seguro_privado":0,"brecha_seguro":12,"pct_salud_publica":30,"pct_med_tradicional":7,"pct_automedicacion":23,"pct_remedios_caseros":16,"pct_viv_desocupada":0,"pct_alquiler":21,"pct_electricidad":100,"pct_sin_electricidad":0,"pct_agua_red":0,"pct_alcantarillado":79,"pct_camara_septica":21,"pct_pozo_ciego":0,"pct_sin_desague":0,"pct_gas_red":0,"pct_gas_garrafa":93,"pct_lena_guano":93,"pct_basura_formal":50,"pct_basura_quema":50,"pct_basura_informal":0,"pct_internet":71,"pct_celular":86,"pct_televisor":64}},{"type":"Feature","geometry":{"type":"Polygon","coordinates":[[[-65.57651,-16.81886],[-65.57723,-16.81848],[-65.5769,-16.81768],[-65.57621,-16.81817],[-65.57651,-16.81886]]]},"properties":{"n":"SAMUZABETY","p":30,"personas_x_ha":37,"masculinidad":150,"pct_menor20":70,"pct_60mas":3,"pct_migrante":47,"dependencia_econ":275,"pct_empleados":0,"pct_cuentapropia":75,"pct_agricultura":50,"pct_comercio":38,"pct_manufactura":0,"pct_construccion":0,"pct_transporte":12,"pct_alojamiento":0,"pct_sin_educacion":11,"pct_educ_superior":11,"brecha_educ":-10,"pct_sin_seguro":10,"pct_sus":90,"pct_seguro_privado":0,"brecha_seguro":17,"pct_salud_publica":24,"pct_med_tradicional":9,"pct_automedicacion":20,"pct_remedios_caseros":21,"pct_viv_desocupada":0,"pct_alquiler":27,"pct_electricidad":91,"pct_sin_electricidad":9,"pct_agua_red":82,"pct_alcantarillado":73,"pct_camara_septica":9,"pct_pozo_ciego":18,"pct_sin_desague":0,"pct_gas_red":0,"pct_gas_garrafa":100,"pct_lena_guano":100,"pct_basura_formal":27,"pct_basura_quema":64,"pct_basura_informal":18,"pct_internet":91,"pct_celular":100,"pct_televisor":55}},{"type":"Feature","geometry":{"type":"Polygon","coordinates":[[[-65.57687,-16.8176],[-65.57618,-16.8181],[-65.57586,-16.81734],[-65.57654,-16.81686],[-65.57687,-16.8176]]]},"properties":{"n":"SAMUZABETY","p":30,"personas_x_ha":37,"masculinidad":58,"pct_menor20":63,"pct_60mas":3,"pct_migrante":43,"dependencia_econ":200,"pct_empleados":40,"pct_cuentapropia":40,"pct_agricultura":30,"pct_comercio":20,"pct_manufactura":10,"pct_construccion":0,"pct_transporte":0,"pct_alojamiento":0,"pct_sin_educacion":15,"pct_educ_superior":15,"brecha_educ":14,"pct_sin_seguro":3,"pct_sus":97,"pct_seguro_privado":0,"brecha_seguro":-5,"pct_salud_publica":25,"pct_med_tradicional":18,"pct_automedicacion":18,"pct_remedios_caseros":20,"pct_viv_desocupada":13,"pct_alquiler":30,"pct_electricidad":100,"pct_sin_electricidad":0,"pct_agua_red":70,"pct_alcantarillado":70,"pct_camara_septica":0,"pct_pozo_ciego":20,"pct_sin_desague":10,"pct_gas_red":0,"pct_gas_garrafa":100,"pct_lena_guano":100,"pct_basura_formal":70,"pct_basura_quema":30,"pct_basura_informal":0,"pct_internet":90,"pct_celular":90,"pct_televisor":90}},{"type":"Feature","geometry":{"type":"Polygon","coordinates":[[[-65.56871,-16.80974],[-65.5694,-16.80949],[-65.5692,-16.80897],[-65.56852,-16.80923],[-65.56871,-16.80974]]]},"properties":{"n":"SAMUZABETY","p":24,"personas_x_ha":49,"masculinidad":60,"pct_menor20":67,"pct_60mas":0,"pct_migrante":50,"dependencia_econ":167,"pct_empleados":22,"pct_cuentapropia":67,"pct_agricultura":56,"pct_comercio":11,"pct_manufactura":11,"pct_construccion":0,"pct_transporte":0,"pct_alojamiento":0,"pct_sin_educacion":0,"pct_educ_superior":0,"brecha_educ":-25,"pct_sin_seguro":17,"pct_sus":83,"pct_seguro_privado":0,"brecha_seguro":9,"pct_salud_publica":23,"pct_med_tradicional":6,"pct_automedicacion":20,"pct_remedios_caseros":26,"pct_viv_desocupada":0,"pct_alquiler":0,"pct_electricidad":100,"pct_sin_electricidad":0,"pct_agua_red":11,"pct_alcantarillado":78,"pct_camara_septica":11,"pct_pozo_ciego":11,"pct_sin_desague":0,"pct_gas_red":0,"pct_gas_garrafa":100,"pct_lena_guano":100,"pct_basura_formal":78,"pct_basura_quema":22,"pct_basura_informal":0,"pct_internet":100,"pct_celular":100,"pct_televisor":100}},{"type":"Feature","geometry":{"type":"Polygon","coordinates":[[[-65.57154,-16.81392],[-65.571,-16.81326],[-65.5709,-16.81325],[-65.57026,-16.81373],[-65.5708,-16.81447],[-65.57154,-16.81392]]]},"properties":{"n":"SAMUZABETY","p":42,"personas_x_ha":42,"masculinidad":110,"pct_menor20":50,"pct_60mas":2,"pct_migrante":79,"dependencia_econ":68,"pct_empleados":16,"pct_cuentapropia":80,"pct_agricultura":52,"pct_comercio":28,"pct_manufactura":0,"pct_construccion":0,"pct_transporte":4,"pct_alojamiento":16,"pct_sin_educacion":19,"pct_educ_superior":0,"brecha_educ":15,"pct_sin_seguro":10,"pct_sus":90,"pct_seguro_privado":0,"brecha_seguro":9,"pct_salud_publica":27,"pct_med_tradicional":8,"pct_automedicacion":28,"pct_remedios_caseros":24,"pct_viv_desocupada":0,"pct_alquiler":36,"pct_electricidad":100,"pct_sin_electricidad":0,"pct_agua_red":0,"pct_alcantarillado":93,"pct_camara_septica":0,"pct_pozo_ciego":7,"pct_sin_desague":0,"pct_gas_red":0,"pct_gas_garrafa":93,"pct_lena_guano":93,"pct_basura_formal":100,"pct_basura_quema":0,"pct_basura_informal":0,"pct_internet":93,"pct_celular":100,"pct_televisor":71}},{"type":"Feature","geometry":{"type":"Polygon","coordinates":[[[-65.57384,-16.81653],[-65.57456,-16.81596],[-65.57507,-16.81657],[-65.57435,-16.81712],[-65.57384,-16.81653]]]},"properties":{"n":"SAMUZABETY","p":41,"personas_x_ha":47,"masculinidad":32,"pct_menor20":51,"pct_60mas":5,"pct_migrante":59,"dependencia_econ":356,"pct_empleados":0,"pct_cuentapropia":67,"pct_agricultura":67,"pct_comercio":0,"pct_manufactura":22,"pct_construccion":0,"pct_transporte":0,"pct_alojamiento":0,"pct_sin_educacion":25,"pct_educ_superior":15,"brecha_educ":14,"pct_sin_seguro":2,"pct_sus":95,"pct_seguro_privado":0,"brecha_seguro":-3,"pct_salud_publica":26,"pct_med_tradicional":10,"pct_automedicacion":25,"pct_remedios_caseros":26,"pct_viv_desocupada":0,"pct_alquiler":19,"pct_electricidad":94,"pct_sin_electricidad":6,"pct_agua_red":81,"pct_alcantarillado":50,"pct_camara_septica":0,"pct_pozo_ciego":38,"pct_sin_desague":12,"pct_gas_red":0,"pct_gas_garrafa":94,"pct_lena_guano":94,"pct_basura_formal":81,"pct_basura_quema":12,"pct_basura_informal":0,"pct_internet":88,"pct_celular":88,"pct_televisor":56}},{"type":"Feature","geometry":{"type":"Polygon","coordinates":[[[-65.56808,-16.81123],[-65.56831,-16.81197],[-65.56866,-16.81187],[-65.56839,-16.81112],[-65.56808,-16.81123]]]},"properties":{"n":"SAMUZABETY","p":19,"personas_x_ha":59,"masculinidad":90,"pct_menor20":58,"pct_60mas":0,"pct_migrante":63,"dependencia_econ":217,"pct_empleados":17,"pct_cuentapropia":83,"pct_agricultura":83,"pct_comercio":0,"pct_manufactura":0,"pct_construccion":17,"pct_transporte":0,"pct_alojamiento":0,"pct_sin_educacion":0,"pct_educ_superior":0,"brecha_educ":-7,"pct_sin_seguro":5,"pct_sus":95,"pct_seguro_privado":0,"brecha_seguro":-10,"pct_salud_publica":31,"pct_med_tradicional":5,"pct_automedicacion":26,"pct_remedios_caseros":22,"pct_viv_desocupada":0,"pct_alquiler":50,"pct_electricidad":100,"pct_sin_electricidad":0,"pct_agua_red":50,"pct_alcantarillado":0,"pct_camara_septica":17,"pct_pozo_ciego":67,"pct_sin_desague":17,"pct_gas_red":0,"pct_gas_garrafa":100,"pct_lena_guano":100,"pct_basura_formal":33,"pct_basura_quema":67,"pct_basura_informal":0,"pct_internet":83,"pct_celular":100,"pct_televisor":67}},{"type":"Feature","geometry":{"type":"Polygon","coordinates":[[[-65.57614,-16.81594],[-65.57543,-16.81634],[-65.5751,-16.81554],[-65.57542,-16.81534],[-65.57553,-16.81535],[-65.57586,-16.81553],[-65.57616,-16.81585],[-65.57614,-16.81594]]]},"properties":{"n":"SAMUZABETY","p":32,"personas_x_ha":43,"masculinidad":88,"pct_menor20":53,"pct_60mas":3,"pct_migrante":72,"dependencia_econ":45,"pct_empleados":0,"pct_cuentapropia":86,"pct_agricultura":77,"pct_comercio":9,"pct_manufactura":0,"pct_construccion":5,"pct_transporte":5,"pct_alojamiento":0,"pct_sin_educacion":12,"pct_educ_superior":18,"brecha_educ":3,"pct_sin_seguro":19,"pct_sus":81,"pct_seguro_privado":0,"brecha_seguro":2,"pct_salud_publica":30,"pct_med_tradicional":8,"pct_automedicacion":19,"pct_remedios_caseros":27,"pct_viv_desocupada":0,"pct_alquiler":18,"pct_electricidad":100,"pct_sin_electricidad":0,"pct_agua_red":91,"pct_alcantarillado":73,"pct_camara_septica":9,"pct_pozo_ciego":9,"pct_sin_desague":9,"pct_gas_red":0,"pct_gas_garrafa":100,"pct_lena_guano":100,"pct_basura_formal":91,"pct_basura_quema":9,"pct_basura_informal":0,"pct_internet":82,"pct_celular":82,"pct_televisor":45}},{"type":"Feature","geometry":{"type":"Polygon","coordinates":[[[-65.57367,-16.81364],[-65.57307,-16.813],[-65.57255,-16.81332],[-65.57313,-16.81405],[-65.57367,-16.81364]]]},"properties":{"n":"SAMUZABETY","p":25,"personas_x_ha":35,"masculinidad":108,"pct_menor20":32,"pct_60mas":0,"pct_migrante":48,"dependencia_econ":56,"pct_empleados":25,"pct_cuentapropia":69,"pct_agricultura":50,"pct_comercio":19,"pct_manufactura":0,"pct_construccion":6,"pct_transporte":0,"pct_alojamiento":6,"pct_sin_educacion":6,"pct_educ_superior":0,"brecha_educ":8,"pct_sin_seguro":0,"pct_sus":100,"pct_seguro_privado":0,"brecha_seguro":0,"pct_salud_publica":26,"pct_med_tradicional":17,"pct_automedicacion":25,"pct_remedios_caseros":26,"pct_viv_desocupada":0,"pct_alquiler":10,"pct_electricidad":100,"pct_sin_electricidad":0,"pct_agua_red":70,"pct_alcantarillado":90,"pct_camara_septica":0,"pct_pozo_ciego":10,"pct_sin_desague":0,"pct_gas_red":0,"pct_gas_garrafa":100,"pct_lena_guano":100,"pct_basura_formal":70,"pct_basura_quema":30,"pct_basura_informal":0,"pct_internet":100,"pct_celular":100,"pct_televisor":60}},{"type":"Feature","geometry":{"type":"Polygon","coordinates":[[[-65.57784,-16.81707],[-65.57763,-16.81666],[-65.57766,-16.81659],[-65.57824,-16.81625],[-65.57853,-16.81688],[-65.57784,-16.81707]]]},"properties":{"n":"SAMUZABETY","p":26,"personas_x_ha":49,"masculinidad":117,"pct_menor20":50,"pct_60mas":0,"pct_migrante":62,"dependencia_econ":86,"pct_empleados":0,"pct_cuentapropia":71,"pct_agricultura":71,"pct_comercio":7,"pct_manufactura":7,"pct_construccion":0,"pct_transporte":14,"pct_alojamiento":0,"pct_sin_educacion":0,"pct_educ_superior":0,"brecha_educ":-30,"pct_sin_seguro":4,"pct_sus":88,"pct_seguro_privado":8,"brecha_seguro":-9,"pct_salud_publica":15,"pct_med_tradicional":17,"pct_automedicacion":17,"pct_remedios_caseros":17,"pct_viv_desocupada":0,"pct_alquiler":20,"pct_electricidad":80,"pct_sin_electricidad":20,"pct_agua_red":90,"pct_alcantarillado":20,"pct_camara_septica":10,"pct_pozo_ciego":50,"pct_sin_desague":20,"pct_gas_red":0,"pct_gas_garrafa":90,"pct_lena_guano":90,"pct_basura_formal":30,"pct_basura_quema":60,"pct_basura_informal":0,"pct_internet":70,"pct_celular":80,"pct_televisor":60}},{"type":"Feature","geometry":{"type":"Polygon","coordinates":[[[-65.57171,-16.81395],[-65.5723,-16.81467],[-65.57303,-16.81412],[-65.57243,-16.81342],[-65.57171,-16.81395]]]},"properties":{"n":"SAMUZABETY","p":47,"personas_x_ha":47,"masculinidad":62,"pct_menor20":43,"pct_60mas":4,"pct_migrante":55,"dependencia_econ":64,"pct_empleados":25,"pct_cuentapropia":61,"pct_agricultura":46,"pct_comercio":21,"pct_manufactura":0,"pct_construccion":4,"pct_transporte":4,"pct_alojamiento":11,"pct_sin_educacion":4,"pct_educ_superior":41,"brecha_educ":16,"pct_sin_seguro":7,"pct_sus":93,"pct_seguro_privado":0,"brecha_seguro":7,"pct_salud_publica":23,"pct_med_tradicional":13,"pct_automedicacion":25,"pct_remedios_caseros":23,"pct_viv_desocupada":0,"pct_alquiler":0,"pct_electricidad":100,"pct_sin_electricidad":0,"pct_agua_red":31,"pct_alcantarillado":88,"pct_camara_septica":0,"pct_pozo_ciego":12,"pct_sin_desague":0,"pct_gas_red":0,"pct_gas_garrafa":100,"pct_lena_guano":100,"pct_basura_formal":94,"pct_basura_quema":6,"pct_basura_informal":0,"pct_internet":56,"pct_celular":75,"pct_televisor":62}},{"type":"Feature","geometry":{"type":"Polygon","coordinates":[[[-65.32806,-16.7639],[-65.32828,-16.76425],[-65.32906,-16.76367],[-65.32884,-16.7633],[-65.32806,-16.7639]]]},"properties":{"n":"SAN FRANCISCO","p":25,"personas_x_ha":52,"masculinidad":79,"pct_menor20":64,"pct_60mas":8,"pct_migrante":52,"dependencia_econ":92,"pct_empleados":15,"pct_cuentapropia":62,"pct_agricultura":85,"pct_comercio":0,"pct_manufactura":0,"pct_construccion":15,"pct_transporte":0,"pct_alojamiento":0,"pct_sin_educacion":22,"pct_educ_superior":0,"brecha_educ":-67,"pct_sin_seguro":4,"pct_sus":96,"pct_seguro_privado":0,"brecha_seguro":9,"pct_salud_publica":35,"pct_med_tradicional":5,"pct_automedicacion":24,"pct_remedios_caseros":32,"pct_viv_desocupada":0,"pct_alquiler":10,"pct_electricidad":100,"pct_sin_electricidad":0,"pct_agua_red":10,"pct_alcantarillado":60,"pct_camara_septica":0,"pct_pozo_ciego":20,"pct_sin_desague":10,"pct_gas_red":0,"pct_gas_garrafa":90,"pct_lena_guano":90,"pct_basura_formal":0,"pct_basura_quema":80,"pct_basura_informal":0,"pct_internet":60,"pct_celular":70,"pct_televisor":40}},{"type":"Feature","geometry":{"type":"Polygon","coordinates":[[[-65.33425,-16.76678],[-65.33494,-16.76715],[-65.33522,-16.76669],[-65.33455,-16.7663],[-65.33425,-16.76678]]]},"properties":{"n":"SAN FRANCISCO","p":16,"personas_x_ha":31,"masculinidad":78,"pct_menor20":31,"pct_60mas":6,"pct_migrante":100,"dependencia_econ":33,"pct_empleados":67,"pct_cuentapropia":25,"pct_agricultura":8,"pct_comercio":0,"pct_manufactura":8,"pct_construccion":0,"pct_transporte":0,"pct_alojamiento":0,"pct_sin_educacion":0,"pct_educ_superior":91,"brecha_educ":-14,"pct_sin_seguro":19,"pct_sus":25,"pct_seguro_privado":0,"brecha_seguro":43,"pct_salud_publica":18,"pct_med_tradicional":9,"pct_automedicacion":16,"pct_remedios_caseros":22,"pct_viv_desocupada":0,"pct_alquiler":0,"pct_electricidad":100,"pct_sin_electricidad":0,"pct_agua_red":50,"pct_alcantarillado":88,"pct_camara_septica":12,"pct_pozo_ciego":0,"pct_sin_desague":0,"pct_gas_red":0,"pct_gas_garrafa":75,"pct_lena_guano":75,"pct_basura_formal":62,"pct_basura_quema":38,"pct_basura_informal":0,"pct_internet":100,"pct_celular":100,"pct_televisor":50}},{"type":"Feature","geometry":{"type":"Polygon","coordinates":[[[-65.3291,-16.76376],[-65.3283,-16.76434],[-65.32848,-16.76461],[-65.32927,-16.764],[-65.3291,-16.76376]]]},"properties":{"n":"SAN FRANCISCO","p":17,"personas_x_ha":47,"masculinidad":55,"pct_menor20":71,"pct_60mas":6,"pct_migrante":71,"dependencia_econ":143,"pct_empleados":0,"pct_cuentapropia":100,"pct_agricultura":43,"pct_comercio":14,"pct_manufactura":0,"pct_construccion":14,"pct_transporte":14,"pct_alojamiento":14,"pct_sin_educacion":0,"pct_educ_superior":0,"brecha_educ":-33,"pct_sin_seguro":0,"pct_sus":100,"pct_seguro_privado":0,"brecha_seguro":0,"pct_salud_publica":22,"pct_med_tradicional":21,"pct_automedicacion":22,"pct_remedios_caseros":22,"pct_viv_desocupada":0,"pct_alquiler":40,"pct_electricidad":100,"pct_sin_electricidad":0,"pct_agua_red":60,"pct_alcantarillado":100,"pct_camara_septica":0,"pct_pozo_ciego":0,"pct_sin_desague":0,"pct_gas_red":0,"pct_gas_garrafa":100,"pct_lena_guano":100,"pct_basura_formal":20,"pct_basura_quema":80,"pct_basura_informal":0,"pct_internet":80,"pct_celular":100,"pct_televisor":40}},{"type":"Feature","geometry":{"type":"Polygon","coordinates":[[[-65.33398,-16.76687],[-65.33314,-16.76642],[-65.333,-16.7666],[-65.33259,-16.7668],[-65.33331,-16.76719],[-65.33398,-16.76687]]]},"properties":{"n":"SAN FRANCISCO","p":22,"personas_x_ha":37,"masculinidad":57,"pct_menor20":36,"pct_60mas":14,"pct_migrante":50,"dependencia_econ":38,"pct_empleados":31,"pct_cuentapropia":50,"pct_agricultura":44,"pct_comercio":19,"pct_manufactura":0,"pct_construccion":0,"pct_transporte":0,"pct_alojamiento":12,"pct_sin_educacion":0,"pct_educ_superior":33,"brecha_educ":11,"pct_sin_seguro":9,"pct_sus":77,"pct_seguro_privado":0,"brecha_seguro":5,"pct_salud_publica":21,"pct_med_tradicional":12,"pct_automedicacion":22,"pct_remedios_caseros":23,"pct_viv_desocupada":0,"pct_alquiler":10,"pct_electricidad":100,"pct_sin_electricidad":0,"pct_agua_red":90,"pct_alcantarillado":90,"pct_camara_septica":0,"pct_pozo_ciego":10,"pct_sin_desague":0,"pct_gas_red":0,"pct_gas_garrafa":90,"pct_lena_guano":90,"pct_basura_formal":90,"pct_basura_quema":10,"pct_basura_informal":0,"pct_internet":90,"pct_celular":90,"pct_televisor":70}},{"type":"Feature","geometry":{"type":"Polygon","coordinates":[[[-65.33327,-16.76419],[-65.33276,-16.76388],[-65.33125,-16.76509],[-65.3316,-16.76536],[-65.33301,-16.7661],[-65.33358,-16.76519],[-65.33276,-16.76473],[-65.33327,-16.76419]]]},"properties":{"n":"SAN FRANCISCO","p":26,"personas_x_ha":9,"masculinidad":73,"pct_menor20":42,"pct_60mas":8,"pct_migrante":50,"dependencia_econ":73,"pct_empleados":47,"pct_cuentapropia":53,"pct_agricultura":40,"pct_comercio":27,"pct_manufactura":0,"pct_construccion":0,"pct_transporte":0,"pct_alojamiento":27,"pct_sin_educacion":12,"pct_educ_superior":25,"brecha_educ":-16,"pct_sin_seguro":0,"pct_sus":81,"pct_seguro_privado":0,"brecha_seguro":0,"pct_salud_publica":25,"pct_med_tradicional":12,"pct_automedicacion":16,"pct_remedios_caseros":24,"pct_viv_desocupada":9,"pct_alquiler":0,"pct_electricidad":89,"pct_sin_electricidad":0,"pct_agua_red":33,"pct_alcantarillado":67,"pct_camara_septica":0,"pct_pozo_ciego":22,"pct_sin_desague":11,"pct_gas_red":0,"pct_gas_garrafa":100,"pct_lena_guano":100,"pct_basura_formal":33,"pct_basura_quema":44,"pct_basura_informal":0,"pct_internet":78,"pct_celular":89,"pct_televisor":89}},{"type":"Feature","geometry":{"type":"Polygon","coordinates":[[[-65.32917,-16.7636],[-65.32894,-16.7633],[-65.32896,-16.76321],[-65.32971,-16.76268],[-65.3298,-16.76272],[-65.32997,-16.763],[-65.32917,-16.7636]]]},"properties":{"n":"SAN FRANCISCO","p":22,"personas_x_ha":42,"masculinidad":69,"pct_menor20":50,"pct_60mas":9,"pct_migrante":32,"dependencia_econ":200,"pct_empleados":29,"pct_cuentapropia":57,"pct_agricultura":43,"pct_comercio":0,"pct_manufactura":0,"pct_construccion":0,"pct_transporte":14,"pct_alojamiento":0,"pct_sin_educacion":10,"pct_educ_superior":10,"brecha_educ":-44,"pct_sin_seguro":5,"pct_sus":95,"pct_seguro_privado":0,"brecha_seguro":-8,"pct_salud_publica":26,"pct_med_tradicional":7,"pct_automedicacion":26,"pct_remedios_caseros":26,"pct_viv_desocupada":0,"pct_alquiler":10,"pct_electricidad":100,"pct_sin_electricidad":0,"pct_agua_red":40,"pct_alcantarillado":80,"pct_camara_septica":10,"pct_pozo_ciego":10,"pct_sin_desague":0,"pct_gas_red":0,"pct_gas_garrafa":100,"pct_lena_guano":100,"pct_basura_formal":20,"pct_basura_quema":70,"pct_basura_informal":0,"pct_internet":50,"pct_celular":80,"pct_televisor":50}},{"type":"Feature","geometry":{"type":"Polygon","coordinates":[[[-65.33444,-16.76777],[-65.33481,-16.7673],[-65.33408,-16.76691],[-65.33339,-16.76724],[-65.33444,-16.76777]]]},"properties":{"n":"SAN FRANCISCO","p":47,"personas_x_ha":65,"masculinidad":81,"pct_menor20":40,"pct_60mas":6,"pct_migrante":47,"dependencia_econ":96,"pct_empleados":17,"pct_cuentapropia":75,"pct_agricultura":58,"pct_comercio":21,"pct_manufactura":4,"pct_construccion":8,"pct_transporte":0,"pct_alojamiento":4,"pct_sin_educacion":4,"pct_educ_superior":14,"brecha_educ":14,"pct_sin_seguro":2,"pct_sus":93,"pct_seguro_privado":0,"brecha_seguro":5,"pct_salud_publica":25,"pct_med_tradicional":11,"pct_automedicacion":23,"pct_remedios_caseros":17,"pct_viv_desocupada":4,"pct_alquiler":33,"pct_electricidad":100,"pct_sin_electricidad":0,"pct_agua_red":44,"pct_alcantarillado":83,"pct_camara_septica":6,"pct_pozo_ciego":11,"pct_sin_desague":0,"pct_gas_red":0,"pct_gas_garrafa":89,"pct_lena_guano":89,"pct_basura_formal":83,"pct_basura_quema":6,"pct_basura_informal":0,"pct_internet":78,"pct_celular":89,"pct_televisor":78}},{"type":"Feature","geometry":{"type":"Polygon","coordinates":[[[-65.33612,-16.76657],[-65.3353,-16.76615],[-65.33508,-16.76651],[-65.33611,-16.76708],[-65.33612,-16.76657]]]},"properties":{"n":"SAN FRANCISCO","p":23,"personas_x_ha":40,"masculinidad":64,"pct_menor20":48,"pct_60mas":13,"pct_migrante":30,"dependencia_econ":75,"pct_empleados":8,"pct_cuentapropia":75,"pct_agricultura":67,"pct_comercio":8,"pct_manufactura":0,"pct_construccion":8,"pct_transporte":0,"pct_alojamiento":8,"pct_sin_educacion":8,"pct_educ_superior":15,"brecha_educ":3,"pct_sin_seguro":0,"pct_sus":100,"pct_seguro_privado":0,"brecha_seguro":0,"pct_salud_publica":26,"pct_med_tradicional":12,"pct_automedicacion":25,"pct_remedios_caseros":20,"pct_viv_desocupada":0,"pct_alquiler":0,"pct_electricidad":91,"pct_sin_electricidad":9,"pct_agua_red":27,"pct_alcantarillado":82,"pct_camara_septica":0,"pct_pozo_ciego":18,"pct_sin_desague":0,"pct_gas_red":0,"pct_gas_garrafa":82,"pct_lena_guano":82,"pct_basura_formal":82,"pct_basura_quema":18,"pct_basura_informal":0,"pct_internet":91,"pct_celular":91,"pct_televisor":55}},{"type":"Feature","geometry":{"type":"Polygon","coordinates":[[[-65.33493,-16.76737],[-65.33459,-16.76786],[-65.33547,-16.76836],[-65.33588,-16.76815],[-65.33592,-16.76807],[-65.33574,-16.76788],[-65.33493,-16.76737]]]},"properties":{"n":"SAN FRANCISCO","p":41,"personas_x_ha":52,"masculinidad":173,"pct_menor20":54,"pct_60mas":2,"pct_migrante":34,"dependencia_econ":116,"pct_empleados":5,"pct_cuentapropia":74,"pct_agricultura":42,"pct_comercio":5,"pct_manufactura":5,"pct_construccion":5,"pct_transporte":5,"pct_alojamiento":21,"pct_sin_educacion":0,"pct_educ_superior":0,"brecha_educ":22,"pct_sin_seguro":2,"pct_sus":98,"pct_seguro_privado":0,"brecha_seguro":4,"pct_salud_publica":34,"pct_med_tradicional":7,"pct_automedicacion":29,"pct_remedios_caseros":24,"pct_viv_desocupada":0,"pct_alquiler":27,"pct_electricidad":100,"pct_sin_electricidad":0,"pct_agua_red":27,"pct_alcantarillado":93,"pct_camara_septica":0,"pct_pozo_ciego":0,"pct_sin_desague":7,"pct_gas_red":0,"pct_gas_garrafa":93,"pct_lena_guano":93,"pct_basura_formal":67,"pct_basura_quema":27,"pct_basura_informal":0,"pct_internet":93,"pct_celular":100,"pct_televisor":53}},{"type":"Feature","geometry":{"type":"Polygon","coordinates":[[[-65.33603,-16.76562],[-65.33564,-16.76542],[-65.33531,-16.76601],[-65.33567,-16.7662],[-65.33603,-16.76562]]]},"properties":{"n":"SAN FRANCISCO","p":18,"personas_x_ha":53,"masculinidad":80,"pct_menor20":67,"pct_60mas":0,"pct_migrante":39,"dependencia_econ":157,"pct_empleados":0,"pct_cuentapropia":100,"pct_agricultura":57,"pct_comercio":0,"pct_manufactura":0,"pct_construccion":0,"pct_transporte":29,"pct_alojamiento":14,"pct_sin_educacion":14,"pct_educ_superior":0,"brecha_educ":-8,"pct_sin_seguro":0,"pct_sus":100,"pct_seguro_privado":0,"brecha_seguro":0,"pct_salud_publica":28,"pct_med_tradicional":0,"pct_automedicacion":24,"pct_remedios_caseros":22,"pct_viv_desocupada":0,"pct_alquiler":0,"pct_electricidad":100,"pct_sin_electricidad":0,"pct_agua_red":60,"pct_alcantarillado":100,"pct_camara_septica":0,"pct_pozo_ciego":0,"pct_sin_desague":0,"pct_gas_red":0,"pct_gas_garrafa":100,"pct_lena_guano":100,"pct_basura_formal":40,"pct_basura_quema":40,"pct_basura_informal":40,"pct_internet":40,"pct_celular":100,"pct_televisor":40}},{"type":"Feature","geometry":{"type":"Polygon","coordinates":[[[-65.33671,-16.76894],[-65.33762,-16.77082],[-65.33957,-16.77012],[-65.34021,-16.76952],[-65.33887,-16.76813],[-65.33668,-16.7656],[-65.33639,-16.76618],[-65.33625,-16.76671],[-65.33625,-16.76798],[-65.3367,-16.7689],[-65.3374,-16.76859],[-65.33671,-16.76894]]]},"properties":{"n":"SAN FRANCISCO","p":39,"personas_x_ha":3,"masculinidad":77,"pct_menor20":62,"pct_60mas":5,"pct_migrante":59,"dependencia_econ":290,"pct_empleados":0,"pct_cuentapropia":70,"pct_agricultura":70,"pct_comercio":10,"pct_manufactura":10,"pct_construccion":0,"pct_transporte":0,"pct_alojamiento":10,"pct_sin_educacion":12,"pct_educ_superior":6,"brecha_educ":-7,"pct_sin_seguro":3,"pct_sus":97,"pct_seguro_privado":0,"brecha_seguro":-5,"pct_salud_publica":21,"pct_med_tradicional":19,"pct_automedicacion":20,"pct_remedios_caseros":21,"pct_viv_desocupada":6,"pct_alquiler":14,"pct_electricidad":100,"pct_sin_electricidad":0,"pct_agua_red":14,"pct_alcantarillado":0,"pct_camara_septica":0,"pct_pozo_ciego":50,"pct_sin_desague":36,"pct_gas_red":0,"pct_gas_garrafa":93,"pct_lena_guano":93,"pct_basura_formal":7,"pct_basura_quema":93,"pct_basura_informal":0,"pct_internet":71,"pct_celular":71,"pct_televisor":43}},{"type":"Feature","geometry":{"type":"Polygon","coordinates":[[[-65.33503,-16.76496],[-65.33562,-16.76527],[-65.33614,-16.76443],[-65.33588,-16.76424],[-65.33505,-16.76487],[-65.33503,-16.76496]]]},"properties":{"n":"SAN FRANCISCO","p":41,"personas_x_ha":64,"masculinidad":86,"pct_menor20":59,"pct_60mas":0,"pct_migrante":24,"dependencia_econ":173,"pct_empleados":13,"pct_cuentapropia":47,"pct_agricultura":80,"pct_comercio":0,"pct_manufactura":0,"pct_construccion":7,"pct_transporte":0,"pct_alojamiento":13,"pct_sin_educacion":35,"pct_educ_superior":0,"brecha_educ":-7,"pct_sin_seguro":2,"pct_sus":98,"pct_seguro_privado":0,"brecha_seguro":-5,"pct_salud_publica":43,"pct_med_tradicional":6,"pct_automedicacion":22,"pct_remedios_caseros":26,"pct_viv_desocupada":6,"pct_alquiler":0,"pct_electricidad":100,"pct_sin_electricidad":0,"pct_agua_red":75,"pct_alcantarillado":75,"pct_camara_septica":0,"pct_pozo_ciego":25,"pct_sin_desague":0,"pct_gas_red":0,"pct_gas_garrafa":100,"pct_lena_guano":100,"pct_basura_formal":50,"pct_basura_quema":50,"pct_basura_informal":0,"pct_internet":83,"pct_celular":100,"pct_televisor":50}},{"type":"Feature","geometry":{"type":"Polygon","coordinates":[[[-65.33507,-16.7651],[-65.33465,-16.76488],[-65.33431,-16.76547],[-65.33473,-16.7657],[-65.33507,-16.7651]]]},"properties":{"n":"SAN FRANCISCO","p":21,"personas_x_ha":54,"masculinidad":91,"pct_menor20":43,"pct_60mas":0,"pct_migrante":48,"dependencia_econ":110,"pct_empleados":30,"pct_cuentapropia":70,"pct_agricultura":80,"pct_comercio":0,"pct_manufactura":10,"pct_construccion":0,"pct_transporte":0,"pct_alojamiento":0,"pct_sin_educacion":8,"pct_educ_superior":17,"brecha_educ":-37,"pct_sin_seguro":0,"pct_sus":100,"pct_seguro_privado":0,"brecha_seguro":0,"pct_salud_publica":36,"pct_med_tradicional":9,"pct_automedicacion":28,"pct_remedios_caseros":26,"pct_viv_desocupada":9,"pct_alquiler":11,"pct_electricidad":78,"pct_sin_electricidad":22,"pct_agua_red":67,"pct_alcantarillado":67,"pct_camara_septica":0,"pct_pozo_ciego":33,"pct_sin_desague":0,"pct_gas_red":0,"pct_gas_garrafa":100,"pct_lena_guano":100,"pct_basura_formal":22,"pct_basura_quema":78,"pct_basura_informal":0,"pct_internet":56,"pct_celular":67,"pct_televisor":44}},{"type":"Feature","geometry":{"type":"Polygon","coordinates":[[[-65.32585,-16.76658],[-65.32536,-16.76593],[-65.32589,-16.76557],[-65.32639,-16.76621],[-65.32585,-16.76658]]]},"properties":{"n":"SAN FRANCISCO","p":19,"personas_x_ha":31,"masculinidad":73,"pct_menor20":63,"pct_60mas":0,"pct_migrante":21,"dependencia_econ":138,"pct_empleados":12,"pct_cuentapropia":62,"pct_agricultura":75,"pct_comercio":12,"pct_manufactura":0,"pct_construccion":0,"pct_transporte":0,"pct_alojamiento":0,"pct_sin_educacion":0,"pct_educ_superior":0,"brecha_educ":-7,"pct_sin_seguro":5,"pct_sus":95,"pct_seguro_privado":0,"brecha_seguro":-9,"pct_salud_publica":32,"pct_med_tradicional":0,"pct_automedicacion":32,"pct_remedios_caseros":18,"pct_viv_desocupada":0,"pct_alquiler":0,"pct_electricidad":100,"pct_sin_electricidad":0,"pct_agua_red":100,"pct_alcantarillado":100,"pct_camara_septica":0,"pct_pozo_ciego":0,"pct_sin_desague":0,"pct_gas_red":0,"pct_gas_garrafa":100,"pct_lena_guano":100,"pct_basura_formal":0,"pct_basura_quema":100,"pct_basura_informal":0,"pct_internet":100,"pct_celular":100,"pct_televisor":60}},{"type":"Feature","geometry":{"type":"Polygon","coordinates":[[[-65.33467,-16.76581],[-65.33424,-16.76559],[-65.3337,-16.76649],[-65.33414,-16.76673],[-65.33467,-16.76581]]]},"properties":{"n":"SAN FRANCISCO","p":45,"personas_x_ha":73,"masculinidad":105,"pct_menor20":47,"pct_60mas":9,"pct_migrante":64,"dependencia_econ":91,"pct_empleados":22,"pct_cuentapropia":52,"pct_agricultura":57,"pct_comercio":4,"pct_manufactura":4,"pct_construccion":0,"pct_transporte":4,"pct_alojamiento":0,"pct_sin_educacion":4,"pct_educ_superior":33,"brecha_educ":31,"pct_sin_seguro":5,"pct_sus":93,"pct_seguro_privado":2,"brecha_seguro":0,"pct_salud_publica":28,"pct_med_tradicional":11,"pct_automedicacion":24,"pct_remedios_caseros":25,"pct_viv_desocupada":9,"pct_alquiler":13,"pct_electricidad":100,"pct_sin_electricidad":0,"pct_agua_red":67,"pct_alcantarillado":87,"pct_camara_septica":0,"pct_pozo_ciego":13,"pct_sin_desague":0,"pct_gas_red":0,"pct_gas_garrafa":100,"pct_lena_guano":100,"pct_basura_formal":53,"pct_basura_quema":33,"pct_basura_informal":13,"pct_internet":87,"pct_celular":100,"pct_televisor":53}},{"type":"Feature","geometry":{"type":"Polygon","coordinates":[[[-65.3294,-16.76407],[-65.33017,-16.76546],[-65.3307,-16.76577],[-65.33081,-16.76579],[-65.33138,-16.76548],[-65.33095,-16.76503],[-65.33021,-16.76356],[-65.33013,-16.76352],[-65.3294,-16.76407]]]},"properties":{"n":"SAN FRANCISCO","p":41,"personas_x_ha":17,"masculinidad":86,"pct_menor20":66,"pct_60mas":0,"pct_migrante":29,"dependencia_econ":193,"pct_empleados":7,"pct_cuentapropia":93,"pct_agricultura":43,"pct_comercio":29,"pct_manufactura":0,"pct_construccion":7,"pct_transporte":0,"pct_alojamiento":7,"pct_sin_educacion":0,"pct_educ_superior":7,"brecha_educ":27,"pct_sin_seguro":5,"pct_sus":95,"pct_seguro_privado":0,"brecha_seguro":1,"pct_salud_publica":29,"pct_med_tradicional":16,"pct_automedicacion":19,"pct_remedios_caseros":23,"pct_viv_desocupada":0,"pct_alquiler":7,"pct_electricidad":93,"pct_sin_electricidad":7,"pct_agua_red":36,"pct_alcantarillado":64,"pct_camara_septica":21,"pct_pozo_ciego":14,"pct_sin_desague":0,"pct_gas_red":0,"pct_gas_garrafa":100,"pct_lena_guano":100,"pct_basura_formal":71,"pct_basura_quema":29,"pct_basura_informal":0,"pct_internet":100,"pct_celular":100,"pct_televisor":71}},{"type":"Feature","geometry":{"type":"Polygon","coordinates":[[[-65.33149,-16.76556],[-65.33086,-16.76587],[-65.33245,-16.76673],[-65.33291,-16.76654],[-65.33307,-16.76639],[-65.33149,-16.76556]]]},"properties":{"n":"SAN FRANCISCO","p":20,"personas_x_ha":16,"masculinidad":122,"pct_menor20":45,"pct_60mas":20,"pct_migrante":55,"dependencia_econ":43,"pct_empleados":29,"pct_cuentapropia":71,"pct_agricultura":71,"pct_comercio":21,"pct_manufactura":7,"pct_construccion":0,"pct_transporte":0,"pct_alojamiento":0,"pct_sin_educacion":15,"pct_educ_superior":8,"brecha_educ":-10,"pct_sin_seguro":5,"pct_sus":95,"pct_seguro_privado":0,"brecha_seguro":-11,"pct_salud_publica":25,"pct_med_tradicional":20,"pct_automedicacion":12,"pct_remedios_caseros":31,"pct_viv_desocupada":0,"pct_alquiler":0,"pct_electricidad":91,"pct_sin_electricidad":0,"pct_agua_red":82,"pct_alcantarillado":100,"pct_camara_septica":0,"pct_pozo_ciego":0,"pct_sin_desague":0,"pct_gas_red":0,"pct_gas_garrafa":82,"pct_lena_guano":91,"pct_basura_formal":45,"pct_basura_quema":55,"pct_basura_informal":0,"pct_internet":45,"pct_celular":91,"pct_televisor":45}},{"type":"Feature","geometry":{"type":"Polygon","coordinates":[[[-65.33608,-16.76553],[-65.33648,-16.76486],[-65.33619,-16.7645],[-65.3357,-16.76532],[-65.33608,-16.76553]]]},"properties":{"n":"SAN FRANCISCO","p":21,"personas_x_ha":47,"masculinidad":110,"pct_menor20":57,"pct_60mas":5,"pct_migrante":38,"dependencia_econ":91,"pct_empleados":18,"pct_cuentapropia":55,"pct_agricultura":55,"pct_comercio":27,"pct_manufactura":0,"pct_construccion":0,"pct_transporte":0,"pct_alojamiento":18,"pct_sin_educacion":0,"pct_educ_superior":22,"brecha_educ":-55,"pct_sin_seguro":0,"pct_sus":100,"pct_seguro_privado":0,"brecha_seguro":0,"pct_salud_publica":17,"pct_med_tradicional":13,"pct_automedicacion":23,"pct_remedios_caseros":24,"pct_viv_desocupada":0,"pct_alquiler":0,"pct_electricidad":83,"pct_sin_electricidad":17,"pct_agua_red":17,"pct_alcantarillado":100,"pct_camara_septica":0,"pct_pozo_ciego":0,"pct_sin_desague":0,"pct_gas_red":0,"pct_gas_garrafa":100,"pct_lena_guano":100,"pct_basura_formal":67,"pct_basura_quema":33,"pct_basura_informal":0,"pct_internet":50,"pct_celular":83,"pct_televisor":17}},{"type":"Feature","geometry":{"type":"Polygon","coordinates":[[[-65.33367,-16.76627],[-65.33413,-16.7655],[-65.33371,-16.76526],[-65.33358,-16.76546],[-65.33383,-16.76563],[-65.33357,-16.76548],[-65.33348,-16.76562],[-65.33373,-16.7658],[-65.33347,-16.76564],[-65.33316,-16.76611],[-65.33317,-16.7662],[-65.33331,-16.76628],[-65.3333,-16.76616],[-65.33331,-16.76629],[-65.33357,-16.76644],[-65.33367,-16.76627],[-65.33351,-16.76617],[-65.3335,-16.76613],[-65.33367,-16.76627]]]},"properties":{"n":"SAN FRANCISCO","p":72,"personas_x_ha":115,"masculinidad":71,"pct_menor20":46,"pct_60mas":4,"pct_migrante":31,"dependencia_econ":125,"pct_empleados":22,"pct_cuentapropia":75,"pct_agricultura":44,"pct_comercio":22,"pct_manufactura":9,"pct_construccion":0,"pct_transporte":0,"pct_alojamiento":6,"pct_sin_educacion":10,"pct_educ_superior":20,"brecha_educ":-5,"pct_sin_seguro":12,"pct_sus":81,"pct_seguro_privado":0,"brecha_seguro":1,"pct_salud_publica":30,"pct_med_tradicional":14,"pct_automedicacion":17,"pct_remedios_caseros":14,"pct_viv_desocupada":2,"pct_alquiler":10,"pct_electricidad":87,"pct_sin_electricidad":13,"pct_agua_red":65,"pct_alcantarillado":61,"pct_camara_septica":0,"pct_pozo_ciego":23,"pct_sin_desague":13,"pct_gas_red":0,"pct_gas_garrafa":97,"pct_lena_guano":97,"pct_basura_formal":61,"pct_basura_quema":32,"pct_basura_informal":0,"pct_internet":81,"pct_celular":84,"pct_televisor":45}},{"type":"Feature","geometry":{"type":"Polygon","coordinates":[[[-65.3301,-16.77056],[-65.3332,-16.76927],[-65.3318,-16.76848],[-65.32985,-16.76951],[-65.3301,-16.77056]]]},"properties":{"n":"SAN FRANCISCO","p":15,"personas_x_ha":4,"masculinidad":36,"pct_menor20":73,"pct_60mas":0,"pct_migrante":53,"dependencia_econ":200,"pct_empleados":20,"pct_cuentapropia":40,"pct_agricultura":20,"pct_comercio":60,"pct_manufactura":0,"pct_construccion":0,"pct_transporte":0,"pct_alojamiento":0,"pct_sin_educacion":0,"pct_educ_superior":50,"brecha_educ":-20,"pct_sin_seguro":0,"pct_sus":67,"pct_seguro_privado":0,"brecha_seguro":0,"pct_salud_publica":21,"pct_med_tradicional":6,"pct_automedicacion":30,"pct_remedios_caseros":28,"pct_viv_desocupada":0,"pct_alquiler":12,"pct_electricidad":100,"pct_sin_electricidad":0,"pct_agua_red":12,"pct_alcantarillado":62,"pct_camara_septica":0,"pct_pozo_ciego":0,"pct_sin_desague":38,"pct_gas_red":0,"pct_gas_garrafa":50,"pct_lena_guano":50,"pct_basura_formal":0,"pct_basura_quema":100,"pct_basura_informal":0,"pct_internet":88,"pct_celular":88,"pct_televisor":38}},{"type":"Feature","geometry":{"type":"Polygon","coordinates":[[[-65.33316,-16.76722],[-65.33243,-16.76684],[-65.33168,-16.76726],[-65.33239,-16.76766],[-65.33316,-16.76722]]]},"properties":{"n":"SAN FRANCISCO","p":29,"personas_x_ha":40,"masculinidad":93,"pct_menor20":62,"pct_60mas":0,"pct_migrante":41,"dependencia_econ":222,"pct_empleados":33,"pct_cuentapropia":67,"pct_agricultura":44,"pct_comercio":11,"pct_manufactura":0,"pct_construccion":0,"pct_transporte":0,"pct_alojamiento":11,"pct_sin_educacion":0,"pct_educ_superior":42,"brecha_educ":-12,"pct_sin_seguro":0,"pct_sus":66,"pct_seguro_privado":0,"brecha_seguro":0,"pct_salud_publica":25,"pct_med_tradicional":16,"pct_automedicacion":14,"pct_remedios_caseros":18,"pct_viv_desocupada":8,"pct_alquiler":0,"pct_electricidad":100,"pct_sin_electricidad":0,"pct_agua_red":89,"pct_alcantarillado":89,"pct_camara_septica":0,"pct_pozo_ciego":11,"pct_sin_desague":0,"pct_gas_red":0,"pct_gas_garrafa":100,"pct_lena_guano":100,"pct_basura_formal":33,"pct_basura_quema":67,"pct_basura_informal":0,"pct_internet":100,"pct_celular":100,"pct_televisor":78}},{"type":"Feature","geometry":{"type":"Polygon","coordinates":[[[-65.32581,-16.76661],[-65.32532,-16.76596],[-65.32503,-16.76615],[-65.32553,-16.7668],[-65.32581,-16.76661]]]},"properties":{"n":"SAN FRANCISCO","p":17,"personas_x_ha":52,"masculinidad":55,"pct_menor20":59,"pct_60mas":0,"pct_migrante":35,"dependencia_econ":143,"pct_empleados":43,"pct_cuentapropia":57,"pct_agricultura":86,"pct_comercio":0,"pct_manufactura":0,"pct_construccion":0,"pct_transporte":0,"pct_alojamiento":0,"pct_sin_educacion":0,"pct_educ_superior":0,"brecha_educ":42,"pct_sin_seguro":6,"pct_sus":88,"pct_seguro_privado":0,"brecha_seguro":-9,"pct_salud_publica":27,"pct_med_tradicional":5,"pct_automedicacion":28,"pct_remedios_caseros":27,"pct_viv_desocupada":0,"pct_alquiler":29,"pct_electricidad":86,"pct_sin_electricidad":14,"pct_agua_red":86,"pct_alcantarillado":71,"pct_camara_septica":0,"pct_pozo_ciego":14,"pct_sin_desague":14,"pct_gas_red":0,"pct_gas_garrafa":86,"pct_lena_guano":86,"pct_basura_formal":0,"pct_basura_quema":100,"pct_basura_informal":0,"pct_internet":71,"pct_celular":71,"pct_televisor":0}},{"type":"Feature","geometry":{"type":"Polygon","coordinates":[[[-65.62797,-16.6779],[-65.62785,-16.67692],[-65.62883,-16.6768],[-65.62896,-16.67778],[-65.62797,-16.6779]]]},"properties":{"n":"SAN GABRIEL","p":41,"personas_x_ha":34,"masculinidad":95,"pct_menor20":59,"pct_60mas":0,"pct_migrante":66,"dependencia_econ":167,"pct_empleados":7,"pct_cuentapropia":47,"pct_agricultura":47,"pct_comercio":13,"pct_manufactura":0,"pct_construccion":0,"pct_transporte":7,"pct_alojamiento":13,"pct_sin_educacion":12,"pct_educ_superior":29,"brecha_educ":-21,"pct_sin_seguro":12,"pct_sus":88,"pct_seguro_privado":0,"brecha_seguro":-5,"pct_salud_publica":50,"pct_med_tradicional":14,"pct_automedicacion":11,"pct_remedios_caseros":14,"pct_viv_desocupada":20,"pct_alquiler":14,"pct_electricidad":100,"pct_sin_electricidad":0,"pct_agua_red":29,"pct_alcantarillado":93,"pct_camara_septica":7,"pct_pozo_ciego":0,"pct_sin_desague":0,"pct_gas_red":0,"pct_gas_garrafa":100,"pct_lena_guano":100,"pct_basura_formal":93,"pct_basura_quema":7,"pct_basura_informal":0,"pct_internet":64,"pct_celular":71,"pct_televisor":64}},{"type":"Feature","geometry":{"type":"Polygon","coordinates":[[[-65.62611,-16.67942],[-65.62796,-16.67892],[-65.62798,-16.67892],[-65.62799,-16.67921],[-65.62775,-16.67975],[-65.62699,-16.68012],[-65.62774,-16.67976],[-65.62748,-16.68043],[-65.62722,-16.68048],[-65.62602,-16.68121],[-65.62571,-16.68091],[-65.62558,-16.68032],[-65.62611,-16.67942]]]},"properties":{"n":"SAN GABRIEL","p":32,"personas_x_ha":9,"masculinidad":100,"pct_menor20":47,"pct_60mas":3,"pct_migrante":75,"dependencia_econ":129,"pct_empleados":7,"pct_cuentapropia":79,"pct_agricultura":50,"pct_comercio":21,"pct_manufactura":0,"pct_construccion":21,"pct_transporte":0,"pct_alojamiento":7,"pct_sin_educacion":0,"pct_educ_superior":0,"brecha_educ":-15,"pct_sin_seguro":13,"pct_sus":87,"pct_seguro_privado":0,"brecha_seguro":25,"pct_salud_publica":35,"pct_med_tradicional":6,"pct_automedicacion":30,"pct_remedios_caseros":29,"pct_viv_desocupada":0,"pct_alquiler":0,"pct_electricidad":91,"pct_sin_electricidad":0,"pct_agua_red":0,"pct_alcantarillado":0,"pct_camara_septica":0,"pct_pozo_ciego":100,"pct_sin_desague":0,"pct_gas_red":0,"pct_gas_garrafa":100,"pct_lena_guano":100,"pct_basura_formal":9,"pct_basura_quema":91,"pct_basura_informal":0,"pct_internet":82,"pct_celular":82,"pct_televisor":73}},{"type":"Feature","geometry":{"type":"Polygon","coordinates":[[[-65.62447,-16.67094],[-65.62514,-16.67157],[-65.62582,-16.67087],[-65.62514,-16.67021],[-65.62447,-16.67094]]]},"properties":{"n":"SAN GABRIEL","p":30,"personas_x_ha":27,"masculinidad":100,"pct_menor20":27,"pct_60mas":10,"pct_migrante":53,"dependencia_econ":88,"pct_empleados":12,"pct_cuentapropia":62,"pct_agricultura":25,"pct_comercio":38,"pct_manufactura":6,"pct_construccion":6,"pct_transporte":0,"pct_alojamiento":6,"pct_sin_educacion":9,"pct_educ_superior":0,"brecha_educ":9,"pct_sin_seguro":55,"pct_sus":38,"pct_seguro_privado":3,"brecha_seguro":18,"pct_salud_publica":26,"pct_med_tradicional":8,"pct_automedicacion":26,"pct_remedios_caseros":22,"pct_viv_desocupada":12,"pct_alquiler":33,"pct_electricidad":93,"pct_sin_electricidad":7,"pct_agua_red":47,"pct_alcantarillado":93,"pct_camara_septica":0,"pct_pozo_ciego":7,"pct_sin_desague":0,"pct_gas_red":0,"pct_gas_garrafa":93,"pct_lena_guano":93,"pct_basura_formal":93,"pct_basura_quema":7,"pct_basura_informal":0,"pct_internet":67,"pct_celular":80,"pct_televisor":60}},{"type":"Feature","geometry":{"type":"Polygon","coordinates":[[[-65.62883,-16.67585],[-65.62943,-16.67576],[-65.62984,-16.67631],[-65.62986,-16.6766],[-65.62891,-16.67673],[-65.62883,-16.67585]]]},"properties":{"n":"SAN GABRIEL","p":31,"personas_x_ha":34,"masculinidad":107,"pct_menor20":55,"pct_60mas":0,"pct_migrante":81,"dependencia_econ":138,"pct_empleados":38,"pct_cuentapropia":38,"pct_agricultura":92,"pct_comercio":0,"pct_manufactura":8,"pct_construccion":0,"pct_transporte":0,"pct_alojamiento":0,"pct_sin_educacion":0,"pct_educ_superior":7,"brecha_educ":-28,"pct_sin_seguro":30,"pct_sus":70,"pct_seguro_privado":0,"brecha_seguro":29,"pct_salud_publica":59,"pct_med_tradicional":5,"pct_automedicacion":9,"pct_remedios_caseros":9,"pct_viv_desocupada":8,"pct_alquiler":40,"pct_electricidad":100,"pct_sin_electricidad":0,"pct_agua_red":60,"pct_alcantarillado":80,"pct_camara_septica":10,"pct_pozo_ciego":10,"pct_sin_desague":0,"pct_gas_red":0,"pct_gas_garrafa":90,"pct_lena_guano":90,"pct_basura_formal":70,"pct_basura_quema":20,"pct_basura_informal":0,"pct_internet":100,"pct_celular":100,"pct_televisor":70}},{"type":"Feature","geometry":{"type":"Polygon","coordinates":[[[-65.62582,-16.67622],[-65.62527,-16.67542],[-65.62628,-16.67519],[-65.62644,-16.67609],[-65.62582,-16.67622]]]},"properties":{"n":"SAN GABRIEL","p":20,"personas_x_ha":22,"masculinidad":82,"pct_menor20":40,"pct_60mas":0,"pct_migrante":40,"dependencia_econ":100,"pct_empleados":20,"pct_cuentapropia":70,"pct_agricultura":50,"pct_comercio":20,"pct_manufactura":0,"pct_construccion":10,"pct_transporte":0,"pct_alojamiento":20,"pct_sin_educacion":0,"pct_educ_superior":8,"brecha_educ":9,"pct_sin_seguro":10,"pct_sus":90,"pct_seguro_privado":0,"brecha_seguro":2,"pct_salud_publica":33,"pct_med_tradicional":16,"pct_automedicacion":21,"pct_remedios_caseros":18,"pct_viv_desocupada":0,"pct_alquiler":17,"pct_electricidad":83,"pct_sin_electricidad":17,"pct_agua_red":33,"pct_alcantarillado":83,"pct_camara_septica":17,"pct_pozo_ciego":0,"pct_sin_desague":0,"pct_gas_red":0,"pct_gas_garrafa":83,"pct_lena_guano":83,"pct_basura_formal":67,"pct_basura_quema":33,"pct_basura_informal":0,"pct_internet":100,"pct_celular":100,"pct_televisor":67}},{"type":"Feature","geometry":{"type":"Polygon","coordinates":[[[-65.62641,-16.67315],[-65.62581,-16.67247],[-65.62514,-16.67314],[-65.6256,-16.67363],[-65.62641,-16.67315]]]},"properties":{"n":"SAN GABRIEL","p":39,"personas_x_ha":45,"masculinidad":105,"pct_menor20":41,"pct_60mas":13,"pct_migrante":54,"dependencia_econ":77,"pct_empleados":18,"pct_cuentapropia":64,"pct_agricultura":9,"pct_comercio":32,"pct_manufactura":9,"pct_construccion":5,"pct_transporte":14,"pct_alojamiento":23,"pct_sin_educacion":4,"pct_educ_superior":25,"brecha_educ":-6,"pct_sin_seguro":13,"pct_sus":85,"pct_seguro_privado":0,"brecha_seguro":4,"pct_salud_publica":31,"pct_med_tradicional":12,"pct_automedicacion":24,"pct_remedios_caseros":17,"pct_viv_desocupada":0,"pct_alquiler":33,"pct_electricidad":100,"pct_sin_electricidad":0,"pct_agua_red":73,"pct_alcantarillado":100,"pct_camara_septica":0,"pct_pozo_ciego":0,"pct_sin_desague":0,"pct_gas_red":0,"pct_gas_garrafa":93,"pct_lena_guano":93,"pct_basura_formal":100,"pct_basura_quema":0,"pct_basura_informal":0,"pct_internet":67,"pct_celular":87,"pct_televisor":73}},{"type":"Feature","geometry":{"type":"Polygon","coordinates":[[[-65.62498,-16.67922],[-65.62414,-16.67948],[-65.62425,-16.67985],[-65.62502,-16.67962],[-65.62498,-16.67922]]]},"properties":{"n":"SAN GABRIEL","p":15,"personas_x_ha":38,"masculinidad":50,"pct_menor20":47,"pct_60mas":0,"pct_migrante":67,"dependencia_econ":88,"pct_empleados":12,"pct_cuentapropia":62,"pct_agricultura":62,"pct_comercio":12,"pct_manufactura":0,"pct_construccion":0,"pct_transporte":0,"pct_alojamiento":12,"pct_sin_educacion":0,"pct_educ_superior":25,"brecha_educ":50,"pct_sin_seguro":33,"pct_sus":67,"pct_seguro_privado":0,"brecha_seguro":-20,"pct_salud_publica":24,"pct_med_tradicional":9,"pct_automedicacion":24,"pct_remedios_caseros":22,"pct_viv_desocupada":0,"pct_alquiler":0,"pct_electricidad":75,"pct_sin_electricidad":25,"pct_agua_red":25,"pct_alcantarillado":50,"pct_camara_septica":25,"pct_pozo_ciego":25,"pct_sin_desague":0,"pct_gas_red":0,"pct_gas_garrafa":100,"pct_lena_guano":100,"pct_basura_formal":100,"pct_basura_quema":0,"pct_basura_informal":0,"pct_internet":75,"pct_celular":100,"pct_televisor":75}},{"type":"Feature","geometry":{"type":"Polygon","coordinates":[[[-65.63036,-16.68604],[-65.62929,-16.68663],[-65.62968,-16.68865],[-65.63084,-16.688],[-65.63036,-16.68604]]]},"properties":{"n":"SAN GABRIEL","p":18,"personas_x_ha":6,"masculinidad":38,"pct_menor20":50,"pct_60mas":0,"pct_migrante":33,"dependencia_econ":157,"pct_empleados":0,"pct_cuentapropia":57,"pct_agricultura":29,"pct_comercio":14,"pct_manufactura":0,"pct_construccion":14,"pct_transporte":0,"pct_alojamiento":14,"pct_sin_educacion":11,"pct_educ_superior":11,"brecha_educ":0,"pct_sin_seguro":0,"pct_sus":100,"pct_seguro_privado":0,"brecha_seguro":0,"pct_salud_publica":85,"pct_med_tradicional":0,"pct_automedicacion":10,"pct_remedios_caseros":5,"pct_viv_desocupada":0,"pct_alquiler":0,"pct_electricidad":100,"pct_sin_electricidad":0,"pct_agua_red":0,"pct_alcantarillado":0,"pct_camara_septica":0,"pct_pozo_ciego":71,"pct_sin_desague":29,"pct_gas_red":0,"pct_gas_garrafa":86,"pct_lena_guano":86,"pct_basura_formal":14,"pct_basura_quema":86,"pct_basura_informal":0,"pct_internet":14,"pct_celular":100,"pct_televisor":71}},{"type":"Feature","geometry":{"type":"Polygon","coordinates":[[[-65.62655,-16.6717],[-65.62588,-16.67094],[-65.62519,-16.67162],[-65.62594,-16.67233],[-65.62655,-16.6717]]]},"properties":{"n":"SAN GABRIEL","p":60,"personas_x_ha":53,"masculinidad":62,"pct_menor20":45,"pct_60mas":2,"pct_migrante":80,"dependencia_econ":107,"pct_empleados":17,"pct_cuentapropia":52,"pct_agricultura":28,"pct_comercio":17,"pct_manufactura":0,"pct_construccion":17,"pct_transporte":3,"pct_alojamiento":28,"pct_sin_educacion":0,"pct_educ_superior":11,"brecha_educ":-7,"pct_sin_seguro":10,"pct_sus":88,"pct_seguro_privado":0,"brecha_seguro":12,"pct_salud_publica":31,"pct_med_tradicional":9,"pct_automedicacion":21,"pct_remedios_caseros":25,"pct_viv_desocupada":0,"pct_alquiler":48,"pct_electricidad":100,"pct_sin_electricidad":0,"pct_agua_red":62,"pct_alcantarillado":95,"pct_camara_septica":0,"pct_pozo_ciego":0,"pct_sin_desague":5,"pct_gas_red":0,"pct_gas_garrafa":95,"pct_lena_guano":95,"pct_basura_formal":100,"pct_basura_quema":0,"pct_basura_informal":0,"pct_internet":95,"pct_celular":95,"pct_televisor":71}},{"type":"Feature","geometry":{"type":"Polygon","coordinates":[[[-65.62775,-16.6779],[-65.62763,-16.67692],[-65.62608,-16.67706],[-65.62627,-16.67806],[-65.62775,-16.6779]]]},"properties":{"n":"SAN GABRIEL","p":20,"personas_x_ha":11,"masculinidad":186,"pct_menor20":35,"pct_60mas":15,"pct_migrante":60,"dependencia_econ":54,"pct_empleados":0,"pct_cuentapropia":77,"pct_agricultura":46,"pct_comercio":0,"pct_manufactura":0,"pct_construccion":31,"pct_transporte":0,"pct_alojamiento":15,"pct_sin_educacion":8,"pct_educ_superior":31,"brecha_educ":8,"pct_sin_seguro":50,"pct_sus":50,"pct_seguro_privado":0,"brecha_seguro":33,"pct_salud_publica":29,"pct_med_tradicional":12,"pct_automedicacion":22,"pct_remedios_caseros":31,"pct_viv_desocupada":0,"pct_alquiler":14,"pct_electricidad":100,"pct_sin_electricidad":0,"pct_agua_red":57,"pct_alcantarillado":100,"pct_camara_septica":0,"pct_pozo_ciego":0,"pct_sin_desague":0,"pct_gas_red":0,"pct_gas_garrafa":100,"pct_lena_guano":100,"pct_basura_formal":100,"pct_basura_quema":0,"pct_basura_informal":0,"pct_internet":71,"pct_celular":100,"pct_televisor":57}},{"type":"Feature","geometry":{"type":"Polygon","coordinates":[[[-65.62211,-16.67032],[-65.62245,-16.67091],[-65.62272,-16.67095],[-65.62345,-16.67027],[-65.62284,-16.66964],[-65.62211,-16.67032]]]},"properties":{"n":"SAN GABRIEL","p":35,"personas_x_ha":31,"masculinidad":94,"pct_menor20":63,"pct_60mas":0,"pct_migrante":46,"dependencia_econ":133,"pct_empleados":33,"pct_cuentapropia":47,"pct_agricultura":13,"pct_comercio":40,"pct_manufactura":20,"pct_construccion":7,"pct_transporte":7,"pct_alojamiento":7,"pct_sin_educacion":0,"pct_educ_superior":0,"brecha_educ":-25,"pct_sin_seguro":23,"pct_sus":77,"pct_seguro_privado":0,"brecha_seguro":1,"pct_salud_publica":26,"pct_med_tradicional":16,"pct_automedicacion":19,"pct_remedios_caseros":22,"pct_viv_desocupada":8,"pct_alquiler":20,"pct_electricidad":100,"pct_sin_electricidad":0,"pct_agua_red":40,"pct_alcantarillado":70,"pct_camara_septica":20,"pct_pozo_ciego":10,"pct_sin_desague":0,"pct_gas_red":0,"pct_gas_garrafa":100,"pct_lena_guano":100,"pct_basura_formal":90,"pct_basura_quema":10,"pct_basura_informal":0,"pct_internet":70,"pct_celular":80,"pct_televisor":80}},{"type":"Feature","geometry":{"type":"Polygon","coordinates":[[[-65.62339,-16.66844],[-65.62233,-16.66749],[-65.62253,-16.66717],[-65.62283,-16.66689],[-65.62396,-16.66788],[-65.62339,-16.66844]]]},"properties":{"n":"SAN GABRIEL","p":20,"personas_x_ha":15,"masculinidad":54,"pct_menor20":40,"pct_60mas":5,"pct_migrante":30,"dependencia_econ":100,"pct_empleados":10,"pct_cuentapropia":70,"pct_agricultura":60,"pct_comercio":20,"pct_manufactura":10,"pct_construccion":0,"pct_transporte":0,"pct_alojamiento":10,"pct_sin_educacion":0,"pct_educ_superior":8,"brecha_educ":-9,"pct_sin_seguro":0,"pct_sus":100,"pct_seguro_privado":0,"brecha_seguro":0,"pct_salud_publica":35,"pct_med_tradicional":7,"pct_automedicacion":12,"pct_remedios_caseros":14,"pct_viv_desocupada":15,"pct_alquiler":11,"pct_electricidad":89,"pct_sin_electricidad":11,"pct_agua_red":44,"pct_alcantarillado":67,"pct_camara_septica":0,"pct_pozo_ciego":11,"pct_sin_desague":22,"pct_gas_red":0,"pct_gas_garrafa":89,"pct_lena_guano":89,"pct_basura_formal":78,"pct_basura_quema":22,"pct_basura_informal":0,"pct_internet":100,"pct_celular":100,"pct_televisor":78}},{"type":"Feature","geometry":{"type":"Polygon","coordinates":[[[-65.62098,-16.66812],[-65.62023,-16.66759],[-65.62109,-16.66711],[-65.62146,-16.66736],[-65.62188,-16.66752],[-65.62098,-16.66812]]]},"properties":{"n":"SAN GABRIEL","p":21,"personas_x_ha":22,"masculinidad":91,"pct_menor20":52,"pct_60mas":0,"pct_migrante":52,"dependencia_econ":162,"pct_empleados":25,"pct_cuentapropia":62,"pct_agricultura":50,"pct_comercio":12,"pct_manufactura":12,"pct_construccion":12,"pct_transporte":12,"pct_alojamiento":0,"pct_sin_educacion":0,"pct_educ_superior":10,"brecha_educ":8,"pct_sin_seguro":16,"pct_sus":84,"pct_seguro_privado":0,"brecha_seguro":12,"pct_salud_publica":25,"pct_med_tradicional":11,"pct_automedicacion":22,"pct_remedios_caseros":19,"pct_viv_desocupada":20,"pct_alquiler":12,"pct_electricidad":100,"pct_sin_electricidad":0,"pct_agua_red":12,"pct_alcantarillado":38,"pct_camara_septica":0,"pct_pozo_ciego":62,"pct_sin_desague":0,"pct_gas_red":0,"pct_gas_garrafa":88,"pct_lena_guano":88,"pct_basura_formal":25,"pct_basura_quema":75,"pct_basura_informal":0,"pct_internet":100,"pct_celular":100,"pct_televisor":88}},{"type":"Feature","geometry":{"type":"Polygon","coordinates":[[[-65.62843,-16.67456],[-65.6276,-16.6748],[-65.62783,-16.67554],[-65.6283,-16.6758],[-65.62869,-16.67572],[-65.62843,-16.67456]]]},"properties":{"n":"SAN GABRIEL","p":58,"personas_x_ha":54,"masculinidad":93,"pct_menor20":43,"pct_60mas":3,"pct_migrante":67,"dependencia_econ":61,"pct_empleados":25,"pct_cuentapropia":44,"pct_agricultura":14,"pct_comercio":22,"pct_manufactura":14,"pct_construccion":6,"pct_transporte":6,"pct_alojamiento":8,"pct_sin_educacion":9,"pct_educ_superior":31,"brecha_educ":-22,"pct_sin_seguro":18,"pct_sus":77,"pct_seguro_privado":0,"brecha_seguro":22,"pct_salud_publica":28,"pct_med_tradicional":10,"pct_automedicacion":22,"pct_remedios_caseros":17,"pct_viv_desocupada":0,"pct_alquiler":60,"pct_electricidad":100,"pct_sin_electricidad":0,"pct_agua_red":64,"pct_alcantarillado":100,"pct_camara_septica":0,"pct_pozo_ciego":0,"pct_sin_desague":0,"pct_gas_red":0,"pct_gas_garrafa":88,"pct_lena_guano":88,"pct_basura_formal":96,"pct_basura_quema":4,"pct_basura_informal":0,"pct_internet":72,"pct_celular":92,"pct_televisor":64}},{"type":"Feature","geometry":{"type":"Polygon","coordinates":[[[-65.62592,-16.67077],[-65.62655,-16.67009],[-65.62596,-16.66953],[-65.62583,-16.66952],[-65.62523,-16.67014],[-65.62592,-16.67077]]]},"properties":{"n":"SAN GABRIEL","p":20,"personas_x_ha":19,"masculinidad":150,"pct_menor20":20,"pct_60mas":5,"pct_migrante":40,"dependencia_econ":67,"pct_empleados":42,"pct_cuentapropia":42,"pct_agricultura":50,"pct_comercio":17,"pct_manufactura":8,"pct_construccion":0,"pct_transporte":8,"pct_alojamiento":8,"pct_sin_educacion":6,"pct_educ_superior":6,"brecha_educ":-13,"pct_sin_seguro":15,"pct_sus":85,"pct_seguro_privado":0,"brecha_seguro":25,"pct_salud_publica":49,"pct_med_tradicional":5,"pct_automedicacion":14,"pct_remedios_caseros":24,"pct_viv_desocupada":6,"pct_alquiler":42,"pct_electricidad":100,"pct_sin_electricidad":0,"pct_agua_red":92,"pct_alcantarillado":83,"pct_camara_septica":0,"pct_pozo_ciego":17,"pct_sin_desague":0,"pct_gas_red":0,"pct_gas_garrafa":83,"pct_lena_guano":83,"pct_basura_formal":100,"pct_basura_quema":0,"pct_basura_informal":0,"pct_internet":67,"pct_celular":75,"pct_televisor":50}},{"type":"Feature","geometry":{"type":"Polygon","coordinates":[[[-65.62347,-16.66851],[-65.62403,-16.66902],[-65.62474,-16.66838],[-65.62412,-16.66786],[-65.62347,-16.66851]]]},"properties":{"n":"SAN GABRIEL","p":31,"personas_x_ha":35,"masculinidad":94,"pct_menor20":55,"pct_60mas":0,"pct_migrante":74,"dependencia_econ":138,"pct_empleados":46,"pct_cuentapropia":46,"pct_agricultura":69,"pct_comercio":8,"pct_manufactura":0,"pct_construccion":0,"pct_transporte":15,"pct_alojamiento":0,"pct_sin_educacion":13,"pct_educ_superior":0,"brecha_educ":-11,"pct_sin_seguro":10,"pct_sus":90,"pct_seguro_privado":0,"brecha_seguro":20,"pct_salud_publica":52,"pct_med_tradicional":5,"pct_automedicacion":25,"pct_remedios_caseros":18,"pct_viv_desocupada":0,"pct_alquiler":22,"pct_electricidad":89,"pct_sin_electricidad":11,"pct_agua_red":0,"pct_alcantarillado":78,"pct_camara_septica":0,"pct_pozo_ciego":11,"pct_sin_desague":11,"pct_gas_red":0,"pct_gas_garrafa":89,"pct_lena_guano":89,"pct_basura_formal":78,"pct_basura_quema":22,"pct_basura_informal":0,"pct_internet":56,"pct_celular":100,"pct_televisor":44}},{"type":"Feature","geometry":{"type":"Polygon","coordinates":[[[-65.62628,-16.67474],[-65.62641,-16.67511],[-65.62699,-16.67493],[-65.62662,-16.67416],[-65.62621,-16.67435],[-65.62628,-16.67473],[-65.62674,-16.67452],[-65.62628,-16.67474]]]},"properties":{"n":"SAN GABRIEL","p":36,"personas_x_ha":67,"masculinidad":112,"pct_menor20":42,"pct_60mas":8,"pct_migrante":81,"dependencia_econ":71,"pct_empleados":33,"pct_cuentapropia":67,"pct_agricultura":38,"pct_comercio":10,"pct_manufactura":0,"pct_construccion":19,"pct_transporte":5,"pct_alojamiento":14,"pct_sin_educacion":5,"pct_educ_superior":10,"brecha_educ":-3,"pct_sin_seguro":3,"pct_sus":97,"pct_seguro_privado":0,"brecha_seguro":6,"pct_salud_publica":38,"pct_med_tradicional":2,"pct_automedicacion":27,"pct_remedios_caseros":22,"pct_viv_desocupada":0,"pct_alquiler":62,"pct_electricidad":100,"pct_sin_electricidad":0,"pct_agua_red":94,"pct_alcantarillado":100,"pct_camara_septica":0,"pct_pozo_ciego":0,"pct_sin_desague":0,"pct_gas_red":0,"pct_gas_garrafa":94,"pct_lena_guano":94,"pct_basura_formal":100,"pct_basura_quema":0,"pct_basura_informal":0,"pct_internet":81,"pct_celular":100,"pct_televisor":50}},{"type":"Feature","geometry":{"type":"Polygon","coordinates":[[[-65.62472,-16.66965],[-65.62414,-16.6691],[-65.62483,-16.66847],[-65.62537,-16.66899],[-65.62472,-16.66965]]]},"properties":{"n":"SAN GABRIEL","p":21,"personas_x_ha":24,"masculinidad":62,"pct_menor20":62,"pct_60mas":0,"pct_migrante":57,"dependencia_econ":250,"pct_empleados":0,"pct_cuentapropia":83,"pct_agricultura":50,"pct_comercio":17,"pct_manufactura":17,"pct_construccion":0,"pct_transporte":0,"pct_alojamiento":17,"pct_sin_educacion":0,"pct_educ_superior":25,"brecha_educ":13,"pct_sin_seguro":14,"pct_sus":86,"pct_seguro_privado":0,"brecha_seguro":17,"pct_salud_publica":26,"pct_med_tradicional":12,"pct_automedicacion":26,"pct_remedios_caseros":27,"pct_viv_desocupada":0,"pct_alquiler":20,"pct_electricidad":100,"pct_sin_electricidad":0,"pct_agua_red":0,"pct_alcantarillado":100,"pct_camara_septica":0,"pct_pozo_ciego":0,"pct_sin_desague":0,"pct_gas_red":0,"pct_gas_garrafa":100,"pct_lena_guano":100,"pct_basura_formal":80,"pct_basura_quema":20,"pct_basura_informal":0,"pct_internet":80,"pct_celular":80,"pct_televisor":100}},{"type":"Feature","geometry":{"type":"Polygon","coordinates":[[[-65.62743,-16.68132],[-65.62785,-16.68102],[-65.62737,-16.68051],[-65.62721,-16.68054],[-65.62603,-16.68125],[-65.62635,-16.68192],[-65.62773,-16.68262],[-65.62837,-16.68228],[-65.62792,-16.68109],[-65.62786,-16.68103],[-65.62743,-16.68132]]]},"properties":{"n":"SAN GABRIEL","p":42,"personas_x_ha":12,"masculinidad":110,"pct_menor20":48,"pct_60mas":0,"pct_migrante":45,"dependencia_econ":91,"pct_empleados":0,"pct_cuentapropia":91,"pct_agricultura":68,"pct_comercio":23,"pct_manufactura":5,"pct_construccion":0,"pct_transporte":5,"pct_alojamiento":0,"pct_sin_educacion":5,"pct_educ_superior":14,"brecha_educ":32,"pct_sin_seguro":10,"pct_sus":88,"pct_seguro_privado":0,"brecha_seguro":9,"pct_salud_publica":25,"pct_med_tradicional":11,"pct_automedicacion":27,"pct_remedios_caseros":25,"pct_viv_desocupada":0,"pct_alquiler":7,"pct_electricidad":93,"pct_sin_electricidad":0,"pct_agua_red":0,"pct_alcantarillado":7,"pct_camara_septica":7,"pct_pozo_ciego":67,"pct_sin_desague":20,"pct_gas_red":0,"pct_gas_garrafa":100,"pct_lena_guano":100,"pct_basura_formal":13,"pct_basura_quema":87,"pct_basura_informal":0,"pct_internet":87,"pct_celular":87,"pct_televisor":60}},{"type":"Feature","geometry":{"type":"Polygon","coordinates":[[[-65.62872,-16.67588],[-65.62774,-16.67598],[-65.62783,-16.67681],[-65.62881,-16.67675],[-65.62872,-16.67588]]]},"properties":{"n":"SAN GABRIEL","p":48,"personas_x_ha":47,"masculinidad":85,"pct_menor20":52,"pct_60mas":10,"pct_migrante":58,"dependencia_econ":124,"pct_empleados":19,"pct_cuentapropia":71,"pct_agricultura":57,"pct_comercio":14,"pct_manufactura":10,"pct_construccion":5,"pct_transporte":0,"pct_alojamiento":0,"pct_sin_educacion":12,"pct_educ_superior":8,"brecha_educ":-8,"pct_sin_seguro":11,"pct_sus":83,"pct_seguro_privado":0,"brecha_seguro":7,"pct_salud_publica":36,"pct_med_tradicional":23,"pct_automedicacion":15,"pct_remedios_caseros":12,"pct_viv_desocupada":5,"pct_alquiler":20,"pct_electricidad":100,"pct_sin_electricidad":0,"pct_agua_red":47,"pct_alcantarillado":80,"pct_camara_septica":0,"pct_pozo_ciego":13,"pct_sin_desague":7,"pct_gas_red":0,"pct_gas_garrafa":87,"pct_lena_guano":87,"pct_basura_formal":87,"pct_basura_quema":13,"pct_basura_informal":0,"pct_internet":53,"pct_celular":87,"pct_televisor":80}},{"type":"Feature","geometry":{"type":"Polygon","coordinates":[[[-65.62662,-16.67408],[-65.62613,-16.6734],[-65.62565,-16.67366],[-65.6262,-16.67429],[-65.62662,-16.67408]]]},"properties":{"n":"SAN GABRIEL","p":47,"personas_x_ha":95,"masculinidad":62,"pct_menor20":47,"pct_60mas":4,"pct_migrante":45,"dependencia_econ":119,"pct_empleados":10,"pct_cuentapropia":71,"pct_agricultura":62,"pct_comercio":0,"pct_manufactura":0,"pct_construccion":0,"pct_transporte":10,"pct_alojamiento":24,"pct_sin_educacion":8,"pct_educ_superior":0,"brecha_educ":-10,"pct_sin_seguro":15,"pct_sus":85,"pct_seguro_privado":0,"brecha_seguro":21,"pct_salud_publica":25,"pct_med_tradicional":8,"pct_automedicacion":23,"pct_remedios_caseros":18,"pct_viv_desocupada":0,"pct_alquiler":20,"pct_electricidad":100,"pct_sin_electricidad":0,"pct_agua_red":35,"pct_alcantarillado":100,"pct_camara_septica":0,"pct_pozo_ciego":0,"pct_sin_desague":0,"pct_gas_red":0,"pct_gas_garrafa":95,"pct_lena_guano":95,"pct_basura_formal":95,"pct_basura_quema":5,"pct_basura_informal":0,"pct_internet":85,"pct_celular":90,"pct_televisor":70}},{"type":"Feature","geometry":{"type":"Polygon","coordinates":[[[-65.62737,-16.67485],[-65.627,-16.67398],[-65.62671,-16.67413],[-65.62707,-16.67493],[-65.62737,-16.67485]]]},"properties":{"n":"SAN GABRIEL","p":45,"personas_x_ha":130,"masculinidad":105,"pct_menor20":36,"pct_60mas":2,"pct_migrante":78,"dependencia_econ":55,"pct_empleados":38,"pct_cuentapropia":55,"pct_agricultura":24,"pct_comercio":34,"pct_manufactura":0,"pct_construccion":3,"pct_transporte":0,"pct_alojamiento":10,"pct_sin_educacion":0,"pct_educ_superior":28,"brecha_educ":16,"pct_sin_seguro":7,"pct_sus":82,"pct_seguro_privado":0,"brecha_seguro":13,"pct_salud_publica":28,"pct_med_tradicional":8,"pct_automedicacion":27,"pct_remedios_caseros":21,"pct_viv_desocupada":4,"pct_alquiler":63,"pct_electricidad":100,"pct_sin_electricidad":0,"pct_agua_red":79,"pct_alcantarillado":100,"pct_camara_septica":0,"pct_pozo_ciego":0,"pct_sin_desague":0,"pct_gas_red":0,"pct_gas_garrafa":95,"pct_lena_guano":95,"pct_basura_formal":95,"pct_basura_quema":5,"pct_basura_informal":0,"pct_internet":84,"pct_celular":95,"pct_televisor":68}},{"type":"Feature","geometry":{"type":"Polygon","coordinates":[[[-65.62893,-16.68528],[-65.62692,-16.68645],[-65.62707,-16.68719],[-65.62908,-16.68607],[-65.62893,-16.68528]]]},"properties":{"n":"SAN GABRIEL","p":35,"personas_x_ha":17,"masculinidad":84,"pct_menor20":46,"pct_60mas":0,"pct_migrante":54,"dependencia_econ":84,"pct_empleados":21,"pct_cuentapropia":58,"pct_agricultura":53,"pct_comercio":5,"pct_manufactura":5,"pct_construccion":5,"pct_transporte":0,"pct_alojamiento":11,"pct_sin_educacion":10,"pct_educ_superior":5,"brecha_educ":-12,"pct_sin_seguro":0,"pct_sus":100,"pct_seguro_privado":0,"brecha_seguro":0,"pct_salud_publica":29,"pct_med_tradicional":10,"pct_automedicacion":27,"pct_remedios_caseros":29,"pct_viv_desocupada":0,"pct_alquiler":0,"pct_electricidad":50,"pct_sin_electricidad":25,"pct_agua_red":0,"pct_alcantarillado":0,"pct_camara_septica":8,"pct_pozo_ciego":75,"pct_sin_desague":17,"pct_gas_red":0,"pct_gas_garrafa":83,"pct_lena_guano":83,"pct_basura_formal":8,"pct_basura_quema":92,"pct_basura_informal":0,"pct_internet":83,"pct_celular":83,"pct_televisor":33}},{"type":"Feature","geometry":{"type":"Polygon","coordinates":[[[-65.62889,-16.67319],[-65.62858,-16.67256],[-65.62783,-16.67328],[-65.62818,-16.67387],[-65.62889,-16.67319]]]},"properties":{"n":"SAN GABRIEL","p":21,"personas_x_ha":26,"masculinidad":62,"pct_menor20":24,"pct_60mas":5,"pct_migrante":43,"dependencia_econ":40,"pct_empleados":0,"pct_cuentapropia":87,"pct_agricultura":20,"pct_comercio":40,"pct_manufactura":0,"pct_construccion":13,"pct_transporte":7,"pct_alojamiento":0,"pct_sin_educacion":6,"pct_educ_superior":0,"brecha_educ":6,"pct_sin_seguro":0,"pct_sus":100,"pct_seguro_privado":0,"brecha_seguro":0,"pct_salud_publica":57,"pct_med_tradicional":8,"pct_automedicacion":11,"pct_remedios_caseros":16,"pct_viv_desocupada":0,"pct_alquiler":18,"pct_electricidad":100,"pct_sin_electricidad":0,"pct_agua_red":18,"pct_alcantarillado":64,"pct_camara_septica":0,"pct_pozo_ciego":27,"pct_sin_desague":9,"pct_gas_red":0,"pct_gas_garrafa":100,"pct_lena_guano":100,"pct_basura_formal":64,"pct_basura_quema":36,"pct_basura_informal":0,"pct_internet":27,"pct_celular":73,"pct_televisor":45}},{"type":"Feature","geometry":{"type":"Polygon","coordinates":[[[-65.62786,-16.67882],[-65.62652,-16.67922],[-65.62628,-16.67813],[-65.62776,-16.67798],[-65.62786,-16.67882]]]},"properties":{"n":"SAN GABRIEL","p":37,"personas_x_ha":22,"masculinidad":68,"pct_menor20":49,"pct_60mas":3,"pct_migrante":49,"dependencia_econ":85,"pct_empleados":20,"pct_cuentapropia":60,"pct_agricultura":40,"pct_comercio":45,"pct_manufactura":5,"pct_construccion":0,"pct_transporte":0,"pct_alojamiento":0,"pct_sin_educacion":0,"pct_educ_superior":32,"brecha_educ":-24,"pct_sin_seguro":3,"pct_sus":95,"pct_seguro_privado":0,"brecha_seguro":-5,"pct_salud_publica":29,"pct_med_tradicional":13,"pct_automedicacion":18,"pct_remedios_caseros":21,"pct_viv_desocupada":0,"pct_alquiler":6,"pct_electricidad":100,"pct_sin_electricidad":0,"pct_agua_red":56,"pct_alcantarillado":75,"pct_camara_septica":6,"pct_pozo_ciego":12,"pct_sin_desague":6,"pct_gas_red":0,"pct_gas_garrafa":100,"pct_lena_guano":100,"pct_basura_formal":81,"pct_basura_quema":19,"pct_basura_informal":0,"pct_internet":88,"pct_celular":100,"pct_televisor":81}},{"type":"Feature","geometry":{"type":"Polygon","coordinates":[[[-65.62406,-16.66919],[-65.62333,-16.66988],[-65.6244,-16.67088],[-65.62507,-16.67016],[-65.62406,-16.66919]]]},"properties":{"n":"SAN GABRIEL","p":37,"personas_x_ha":22,"masculinidad":95,"pct_menor20":46,"pct_60mas":3,"pct_migrante":35,"dependencia_econ":85,"pct_empleados":10,"pct_cuentapropia":70,"pct_agricultura":20,"pct_comercio":30,"pct_manufactura":20,"pct_construccion":5,"pct_transporte":0,"pct_alojamiento":10,"pct_sin_educacion":0,"pct_educ_superior":9,"brecha_educ":-5,"pct_sin_seguro":11,"pct_sus":84,"pct_seguro_privado":0,"brecha_seguro":22,"pct_salud_publica":27,"pct_med_tradicional":11,"pct_automedicacion":20,"pct_remedios_caseros":22,"pct_viv_desocupada":0,"pct_alquiler":0,"pct_electricidad":100,"pct_sin_electricidad":0,"pct_agua_red":0,"pct_alcantarillado":45,"pct_camara_septica":27,"pct_pozo_ciego":18,"pct_sin_desague":9,"pct_gas_red":0,"pct_gas_garrafa":100,"pct_lena_guano":100,"pct_basura_formal":91,"pct_basura_quema":9,"pct_basura_informal":0,"pct_internet":64,"pct_celular":82,"pct_televisor":64}},{"type":"Feature","geometry":{"type":"Polygon","coordinates":[[[-65.62488,-16.67549],[-65.6235,-16.67584],[-65.62309,-16.67515],[-65.62443,-16.67475],[-65.62488,-16.67549]]]},"properties":{"n":"SAN GABRIEL","p":21,"personas_x_ha":16,"masculinidad":50,"pct_menor20":43,"pct_60mas":5,"pct_migrante":29,"dependencia_econ":162,"pct_empleados":50,"pct_cuentapropia":38,"pct_agricultura":38,"pct_comercio":25,"pct_manufactura":25,"pct_construccion":0,"pct_transporte":0,"pct_alojamiento":0,"pct_sin_educacion":33,"pct_educ_superior":0,"brecha_educ":-36,"pct_sin_seguro":0,"pct_sus":95,"pct_seguro_privado":5,"brecha_seguro":0,"pct_salud_publica":23,"pct_med_tradicional":8,"pct_automedicacion":26,"pct_remedios_caseros":29,"pct_viv_desocupada":20,"pct_alquiler":14,"pct_electricidad":86,"pct_sin_electricidad":14,"pct_agua_red":14,"pct_alcantarillado":57,"pct_camara_septica":0,"pct_pozo_ciego":29,"pct_sin_desague":14,"pct_gas_red":0,"pct_gas_garrafa":71,"pct_lena_guano":71,"pct_basura_formal":86,"pct_basura_quema":14,"pct_basura_informal":0,"pct_internet":86,"pct_celular":86,"pct_televisor":57}},{"type":"Feature","geometry":{"type":"Polygon","coordinates":[[[-65.6287,-16.68403],[-65.62892,-16.68523],[-65.62819,-16.68564],[-65.62792,-16.68313],[-65.62781,-16.68274],[-65.6284,-16.68244],[-65.6287,-16.68403],[-65.62832,-16.68413],[-65.62844,-16.68412],[-65.6287,-16.68403]]]},"properties":{"n":"SAN GABRIEL","p":32,"personas_x_ha":14,"masculinidad":68,"pct_menor20":44,"pct_60mas":0,"pct_migrante":56,"dependencia_econ":100,"pct_empleados":6,"pct_cuentapropia":94,"pct_agricultura":62,"pct_comercio":31,"pct_manufactura":0,"pct_construccion":0,"pct_transporte":6,"pct_alojamiento":0,"pct_sin_educacion":17,"pct_educ_superior":6,"brecha_educ":-16,"pct_sin_seguro":9,"pct_sus":91,"pct_seguro_privado":0,"brecha_seguro":-3,"pct_salud_publica":44,"pct_med_tradicional":7,"pct_automedicacion":25,"pct_remedios_caseros":20,"pct_viv_desocupada":7,"pct_alquiler":0,"pct_electricidad":92,"pct_sin_electricidad":8,"pct_agua_red":0,"pct_alcantarillado":0,"pct_camara_septica":0,"pct_pozo_ciego":92,"pct_sin_desague":8,"pct_gas_red":0,"pct_gas_garrafa":85,"pct_lena_guano":85,"pct_basura_formal":15,"pct_basura_quema":77,"pct_basura_informal":0,"pct_internet":46,"pct_celular":100,"pct_televisor":54}},{"type":"Feature","geometry":{"type":"Polygon","coordinates":[[[-65.62574,-16.67244],[-65.62506,-16.67178],[-65.62436,-16.67244],[-65.62509,-16.67309],[-65.62574,-16.67244]]]},"properties":{"n":"SAN GABRIEL","p":51,"personas_x_ha":47,"masculinidad":89,"pct_menor20":41,"pct_60mas":2,"pct_migrante":69,"dependencia_econ":63,"pct_empleados":3,"pct_cuentapropia":40,"pct_agricultura":27,"pct_comercio":7,"pct_manufactura":17,"pct_construccion":0,"pct_transporte":0,"pct_alojamiento":0,"pct_sin_educacion":7,"pct_educ_superior":7,"brecha_educ":-9,"pct_sin_seguro":9,"pct_sus":72,"pct_seguro_privado":7,"brecha_seguro":10,"pct_salud_publica":23,"pct_med_tradicional":14,"pct_automedicacion":21,"pct_remedios_caseros":25,"pct_viv_desocupada":4,"pct_alquiler":41,"pct_electricidad":100,"pct_sin_electricidad":0,"pct_agua_red":45,"pct_alcantarillado":82,"pct_camara_septica":0,"pct_pozo_ciego":14,"pct_sin_desague":0,"pct_gas_red":0,"pct_gas_garrafa":100,"pct_lena_guano":100,"pct_basura_formal":100,"pct_basura_quema":0,"pct_basura_informal":0,"pct_internet":64,"pct_celular":82,"pct_televisor":64}},{"type":"Feature","geometry":{"type":"Polygon","coordinates":[[[-65.61962,-16.66694],[-65.62038,-16.66651],[-65.62099,-16.66705],[-65.62017,-16.66755],[-65.61962,-16.66694]]]},"properties":{"n":"SAN GABRIEL","p":25,"personas_x_ha":29,"masculinidad":67,"pct_menor20":60,"pct_60mas":0,"pct_migrante":52,"dependencia_econ":400,"pct_empleados":0,"pct_cuentapropia":80,"pct_agricultura":40,"pct_comercio":0,"pct_manufactura":0,"pct_construccion":0,"pct_transporte":40,"pct_alojamiento":0,"pct_sin_educacion":10,"pct_educ_superior":10,"brecha_educ":-50,"pct_sin_seguro":0,"pct_sus":100,"pct_seguro_privado":0,"brecha_seguro":0,"pct_salud_publica":29,"pct_med_tradicional":13,"pct_automedicacion":27,"pct_remedios_caseros":18,"pct_viv_desocupada":0,"pct_alquiler":0,"pct_electricidad":100,"pct_sin_electricidad":0,"pct_agua_red":43,"pct_alcantarillado":57,"pct_camara_septica":14,"pct_pozo_ciego":29,"pct_sin_desague":0,"pct_gas_red":0,"pct_gas_garrafa":100,"pct_lena_guano":100,"pct_basura_formal":71,"pct_basura_quema":0,"pct_basura_informal":57,"pct_internet":86,"pct_celular":100,"pct_televisor":100}},{"type":"Feature","geometry":{"type":"Polygon","coordinates":[[[-65.62648,-16.67324],[-65.62617,-16.67338],[-65.62668,-16.67407],[-65.62697,-16.67392],[-65.62648,-16.67324]]]},"properties":{"n":"SAN GABRIEL","p":38,"personas_x_ha":114,"masculinidad":90,"pct_menor20":39,"pct_60mas":3,"pct_migrante":68,"dependencia_econ":106,"pct_empleados":6,"pct_cuentapropia":72,"pct_agricultura":11,"pct_comercio":39,"pct_manufactura":0,"pct_construccion":11,"pct_transporte":6,"pct_alojamiento":33,"pct_sin_educacion":5,"pct_educ_superior":23,"brecha_educ":-23,"pct_sin_seguro":19,"pct_sus":81,"pct_seguro_privado":0,"brecha_seguro":-4,"pct_salud_publica":28,"pct_med_tradicional":6,"pct_automedicacion":26,"pct_remedios_caseros":24,"pct_viv_desocupada":0,"pct_alquiler":15,"pct_electricidad":100,"pct_sin_electricidad":0,"pct_agua_red":77,"pct_alcantarillado":100,"pct_camara_septica":0,"pct_pozo_ciego":0,"pct_sin_desague":0,"pct_gas_red":0,"pct_gas_garrafa":100,"pct_lena_guano":100,"pct_basura_formal":100,"pct_basura_quema":0,"pct_basura_informal":0,"pct_internet":77,"pct_celular":85,"pct_televisor":92}},{"type":"Feature","geometry":{"type":"Polygon","coordinates":[[[-65.6291,-16.68611],[-65.62708,-16.68723],[-65.628,-16.6909],[-65.62994,-16.69027],[-65.6291,-16.68611]]]},"properties":{"n":"SAN GABRIEL","p":41,"personas_x_ha":4,"masculinidad":128,"pct_menor20":39,"pct_60mas":5,"pct_migrante":59,"dependencia_econ":64,"pct_empleados":12,"pct_cuentapropia":64,"pct_agricultura":60,"pct_comercio":8,"pct_manufactura":4,"pct_construccion":8,"pct_transporte":4,"pct_alojamiento":4,"pct_sin_educacion":0,"pct_educ_superior":16,"brecha_educ":12,"pct_sin_seguro":2,"pct_sus":98,"pct_seguro_privado":0,"brecha_seguro":5,"pct_salud_publica":29,"pct_med_tradicional":4,"pct_automedicacion":29,"pct_remedios_caseros":21,"pct_viv_desocupada":0,"pct_alquiler":7,"pct_electricidad":93,"pct_sin_electricidad":7,"pct_agua_red":0,"pct_alcantarillado":0,"pct_camara_septica":21,"pct_pozo_ciego":50,"pct_sin_desague":14,"pct_gas_red":0,"pct_gas_garrafa":100,"pct_lena_guano":100,"pct_basura_formal":0,"pct_basura_quema":100,"pct_basura_informal":0,"pct_internet":79,"pct_celular":86,"pct_televisor":64}},{"type":"Feature","geometry":{"type":"Polygon","coordinates":[[[-65.62907,-16.67852],[-65.62895,-16.67785],[-65.62797,-16.67797],[-65.62805,-16.67882],[-65.62907,-16.67852]]]},"properties":{"n":"SAN GABRIEL","p":35,"personas_x_ha":36,"masculinidad":59,"pct_menor20":40,"pct_60mas":0,"pct_migrante":51,"dependencia_econ":75,"pct_empleados":15,"pct_cuentapropia":55,"pct_agricultura":65,"pct_comercio":0,"pct_manufactura":20,"pct_construccion":0,"pct_transporte":0,"pct_alojamiento":0,"pct_sin_educacion":5,"pct_educ_superior":9,"brecha_educ":-16,"pct_sin_seguro":9,"pct_sus":85,"pct_seguro_privado":0,"brecha_seguro":0,"pct_salud_publica":30,"pct_med_tradicional":16,"pct_automedicacion":16,"pct_remedios_caseros":22,"pct_viv_desocupada":5,"pct_alquiler":12,"pct_electricidad":100,"pct_sin_electricidad":0,"pct_agua_red":41,"pct_alcantarillado":94,"pct_camara_septica":0,"pct_pozo_ciego":6,"pct_sin_desague":0,"pct_gas_red":0,"pct_gas_garrafa":100,"pct_lena_guano":100,"pct_basura_formal":94,"pct_basura_quema":0,"pct_basura_informal":12,"pct_internet":94,"pct_celular":100,"pct_televisor":88}},{"type":"Feature","geometry":{"type":"Polygon","coordinates":[[[-65.62295,-16.66668],[-65.62226,-16.66743],[-65.62172,-16.66729],[-65.6211,-16.66692],[-65.62053,-16.66641],[-65.62296,-16.66496],[-65.62331,-16.66526],[-65.62297,-16.66608],[-65.62295,-16.66668]]]},"properties":{"n":"SAN GABRIEL","p":15,"personas_x_ha":4,"masculinidad":88,"pct_menor20":47,"pct_60mas":7,"pct_migrante":67,"dependencia_econ":88,"pct_empleados":0,"pct_cuentapropia":38,"pct_agricultura":38,"pct_comercio":0,"pct_manufactura":12,"pct_construccion":0,"pct_transporte":0,"pct_alojamiento":0,"pct_sin_educacion":0,"pct_educ_superior":0,"brecha_educ":33,"pct_sin_seguro":0,"pct_sus":100,"pct_seguro_privado":0,"brecha_seguro":0,"pct_salud_publica":26,"pct_med_tradicional":9,"pct_automedicacion":11,"pct_remedios_caseros":20,"pct_viv_desocupada":0,"pct_alquiler":0,"pct_electricidad":67,"pct_sin_electricidad":33,"pct_agua_red":0,"pct_alcantarillado":83,"pct_camara_septica":0,"pct_pozo_ciego":0,"pct_sin_desague":0,"pct_gas_red":0,"pct_gas_garrafa":100,"pct_lena_guano":100,"pct_basura_formal":67,"pct_basura_quema":33,"pct_basura_informal":0,"pct_internet":50,"pct_celular":100,"pct_televisor":67}},{"type":"Feature","geometry":{"type":"Polygon","coordinates":[[[-65.62434,-16.67107],[-65.62367,-16.67171],[-65.62432,-16.6724],[-65.62502,-16.67174],[-65.62434,-16.67107]]]},"properties":{"n":"SAN GABRIEL","p":31,"personas_x_ha":28,"masculinidad":107,"pct_menor20":35,"pct_60mas":3,"pct_migrante":77,"dependencia_econ":94,"pct_empleados":12,"pct_cuentapropia":56,"pct_agricultura":38,"pct_comercio":31,"pct_manufactura":12,"pct_construccion":0,"pct_transporte":0,"pct_alojamiento":6,"pct_sin_educacion":0,"pct_educ_superior":25,"brecha_educ":-30,"pct_sin_seguro":21,"pct_sus":75,"pct_seguro_privado":4,"brecha_seguro":0,"pct_salud_publica":26,"pct_med_tradicional":12,"pct_automedicacion":22,"pct_remedios_caseros":24,"pct_viv_desocupada":0,"pct_alquiler":14,"pct_electricidad":100,"pct_sin_electricidad":0,"pct_agua_red":71,"pct_alcantarillado":93,"pct_camara_septica":0,"pct_pozo_ciego":7,"pct_sin_desague":0,"pct_gas_red":0,"pct_gas_garrafa":100,"pct_lena_guano":100,"pct_basura_formal":93,"pct_basura_quema":0,"pct_basura_informal":0,"pct_internet":93,"pct_celular":100,"pct_televisor":79}},{"type":"Feature","geometry":{"type":"Polygon","coordinates":[[[-65.62481,-16.67488],[-65.62447,-16.6743],[-65.62483,-16.67411],[-65.62521,-16.67466],[-65.62481,-16.67488]]]},"properties":{"n":"SAN GABRIEL","p":21,"personas_x_ha":59,"masculinidad":91,"pct_menor20":33,"pct_60mas":5,"pct_migrante":71,"dependencia_econ":82,"pct_empleados":9,"pct_cuentapropia":64,"pct_agricultura":27,"pct_comercio":18,"pct_manufactura":0,"pct_construccion":9,"pct_transporte":0,"pct_alojamiento":9,"pct_sin_educacion":23,"pct_educ_superior":31,"brecha_educ":-5,"pct_sin_seguro":95,"pct_sus":0,"pct_seguro_privado":0,"brecha_seguro":10,"pct_salud_publica":27,"pct_med_tradicional":19,"pct_automedicacion":18,"pct_remedios_caseros":18,"pct_viv_desocupada":14,"pct_alquiler":50,"pct_electricidad":100,"pct_sin_electricidad":0,"pct_agua_red":0,"pct_alcantarillado":100,"pct_camara_septica":0,"pct_pozo_ciego":0,"pct_sin_desague":0,"pct_gas_red":0,"pct_gas_garrafa":100,"pct_lena_guano":100,"pct_basura_formal":100,"pct_basura_quema":0,"pct_basura_informal":0,"pct_internet":50,"pct_celular":67,"pct_televisor":83}},{"type":"Feature","geometry":{"type":"Polygon","coordinates":[[[-65.62777,-16.67311],[-65.62674,-16.6717],[-65.62765,-16.6708],[-65.62897,-16.67201],[-65.62777,-16.67311]]]},"properties":{"n":"SAN GABRIEL","p":20,"personas_x_ha":7,"masculinidad":67,"pct_menor20":25,"pct_60mas":10,"pct_migrante":85,"dependencia_econ":122,"pct_empleados":33,"pct_cuentapropia":67,"pct_agricultura":0,"pct_comercio":22,"pct_manufactura":22,"pct_construccion":0,"pct_transporte":0,"pct_alojamiento":11,"pct_sin_educacion":20,"pct_educ_superior":40,"brecha_educ":-17,"pct_sin_seguro":21,"pct_sus":16,"pct_seguro_privado":47,"brecha_seguro":-33,"pct_salud_publica":17,"pct_med_tradicional":15,"pct_automedicacion":23,"pct_remedios_caseros":25,"pct_viv_desocupada":0,"pct_alquiler":33,"pct_electricidad":100,"pct_sin_electricidad":0,"pct_agua_red":75,"pct_alcantarillado":83,"pct_camara_septica":0,"pct_pozo_ciego":8,"pct_sin_desague":8,"pct_gas_red":0,"pct_gas_garrafa":92,"pct_lena_guano":92,"pct_basura_formal":92,"pct_basura_quema":8,"pct_basura_informal":0,"pct_internet":75,"pct_celular":83,"pct_televisor":50}},{"type":"Feature","geometry":{"type":"Polygon","coordinates":[[[-65.6219,-16.68011],[-65.62404,-16.67951],[-65.62414,-16.67988],[-65.62202,-16.68047],[-65.6219,-16.68011]]]},"properties":{"n":"SAN GABRIEL","p":23,"personas_x_ha":23,"masculinidad":92,"pct_menor20":57,"pct_60mas":0,"pct_migrante":48,"dependencia_econ":188,"pct_empleados":25,"pct_cuentapropia":62,"pct_agricultura":38,"pct_comercio":12,"pct_manufactura":12,"pct_construccion":25,"pct_transporte":0,"pct_alojamiento":12,"pct_sin_educacion":0,"pct_educ_superior":10,"brecha_educ":-42,"pct_sin_seguro":9,"pct_sus":91,"pct_seguro_privado":0,"brecha_seguro":18,"pct_salud_publica":64,"pct_med_tradicional":0,"pct_automedicacion":15,"pct_remedios_caseros":21,"pct_viv_desocupada":0,"pct_alquiler":14,"pct_electricidad":71,"pct_sin_electricidad":0,"pct_agua_red":0,"pct_alcantarillado":43,"pct_camara_septica":0,"pct_pozo_ciego":57,"pct_sin_desague":0,"pct_gas_red":0,"pct_gas_garrafa":100,"pct_lena_guano":100,"pct_basura_formal":100,"pct_basura_quema":0,"pct_basura_informal":0,"pct_internet":100,"pct_celular":100,"pct_televisor":71}},{"type":"Feature","geometry":{"type":"Polygon","coordinates":[[[-65.62356,-16.67033],[-65.62286,-16.67097],[-65.6236,-16.67169],[-65.62425,-16.67103],[-65.62356,-16.67033]]]},"properties":{"n":"SAN GABRIEL","p":44,"personas_x_ha":37,"masculinidad":83,"pct_menor20":27,"pct_60mas":9,"pct_migrante":41,"dependencia_econ":29,"pct_empleados":9,"pct_cuentapropia":79,"pct_agricultura":38,"pct_comercio":35,"pct_manufactura":0,"pct_construccion":9,"pct_transporte":6,"pct_alojamiento":6,"pct_sin_educacion":15,"pct_educ_superior":3,"brecha_educ":-28,"pct_sin_seguro":2,"pct_sus":95,"pct_seguro_privado":0,"brecha_seguro":5,"pct_salud_publica":23,"pct_med_tradicional":14,"pct_automedicacion":17,"pct_remedios_caseros":22,"pct_viv_desocupada":5,"pct_alquiler":6,"pct_electricidad":94,"pct_sin_electricidad":6,"pct_agua_red":19,"pct_alcantarillado":100,"pct_camara_septica":0,"pct_pozo_ciego":0,"pct_sin_desague":0,"pct_gas_red":0,"pct_gas_garrafa":100,"pct_lena_guano":100,"pct_basura_formal":100,"pct_basura_quema":0,"pct_basura_informal":0,"pct_internet":50,"pct_celular":88,"pct_televisor":56}},{"type":"Feature","geometry":{"type":"Polygon","coordinates":[[[-65.62059,-16.66528],[-65.61788,-16.6644],[-65.61698,-16.66494],[-65.61756,-16.66531],[-65.61857,-16.66563],[-65.61866,-16.66541],[-65.61876,-16.66535],[-65.61857,-16.66563],[-65.61948,-16.66594],[-65.6195,-16.66588],[-65.61953,-16.66584],[-65.6204,-16.6653],[-65.61948,-16.66594],[-65.62003,-16.66611],[-65.62037,-16.66588],[-65.62059,-16.66528]]]},"properties":{"n":"SAN GABRIEL","p":45,"personas_x_ha":13,"masculinidad":125,"pct_menor20":51,"pct_60mas":0,"pct_migrante":56,"dependencia_econ":200,"pct_empleados":20,"pct_cuentapropia":47,"pct_agricultura":73,"pct_comercio":7,"pct_manufactura":7,"pct_construccion":13,"pct_transporte":0,"pct_alojamiento":0,"pct_sin_educacion":5,"pct_educ_superior":0,"brecha_educ":-7,"pct_sin_seguro":9,"pct_sus":91,"pct_seguro_privado":0,"brecha_seguro":7,"pct_salud_publica":33,"pct_med_tradicional":9,"pct_automedicacion":16,"pct_remedios_caseros":19,"pct_viv_desocupada":6,"pct_alquiler":8,"pct_electricidad":100,"pct_sin_electricidad":0,"pct_agua_red":8,"pct_alcantarillado":15,"pct_camara_septica":0,"pct_pozo_ciego":62,"pct_sin_desague":23,"pct_gas_red":0,"pct_gas_garrafa":100,"pct_lena_guano":100,"pct_basura_formal":100,"pct_basura_quema":0,"pct_basura_informal":0,"pct_internet":100,"pct_celular":100,"pct_televisor":85}},{"type":"Feature","geometry":{"type":"Polygon","coordinates":[[[-65.62667,-16.67178],[-65.62605,-16.67241],[-65.62674,-16.67322],[-65.62712,-16.67382],[-65.62769,-16.67328],[-65.62667,-16.67178]]]},"properties":{"n":"SAN GABRIEL","p":52,"personas_x_ha":31,"masculinidad":49,"pct_menor20":37,"pct_60mas":15,"pct_migrante":71,"dependencia_econ":53,"pct_empleados":12,"pct_cuentapropia":56,"pct_agricultura":9,"pct_comercio":38,"pct_manufactura":9,"pct_construccion":0,"pct_transporte":6,"pct_alojamiento":24,"pct_sin_educacion":6,"pct_educ_superior":12,"brecha_educ":-8,"pct_sin_seguro":12,"pct_sus":88,"pct_seguro_privado":0,"brecha_seguro":-9,"pct_salud_publica":20,"pct_med_tradicional":13,"pct_automedicacion":22,"pct_remedios_caseros":22,"pct_viv_desocupada":3,"pct_alquiler":9,"pct_electricidad":100,"pct_sin_electricidad":0,"pct_agua_red":35,"pct_alcantarillado":91,"pct_camara_septica":4,"pct_pozo_ciego":0,"pct_sin_desague":4,"pct_gas_red":0,"pct_gas_garrafa":100,"pct_lena_guano":100,"pct_basura_formal":91,"pct_basura_quema":4,"pct_basura_informal":0,"pct_internet":61,"pct_celular":78,"pct_televisor":52}},{"type":"Feature","geometry":{"type":"Polygon","coordinates":[[[-65.62918,-16.6785],[-65.62907,-16.67783],[-65.63003,-16.67775],[-65.63009,-16.67824],[-65.62918,-16.6785]]]},"properties":{"n":"SAN GABRIEL","p":16,"personas_x_ha":23,"masculinidad":167,"pct_menor20":50,"pct_60mas":0,"pct_migrante":69,"dependencia_econ":100,"pct_empleados":0,"pct_cuentapropia":62,"pct_agricultura":88,"pct_comercio":0,"pct_manufactura":0,"pct_construccion":0,"pct_transporte":0,"pct_alojamiento":0,"pct_sin_educacion":11,"pct_educ_superior":11,"brecha_educ":17,"pct_sin_seguro":0,"pct_sus":100,"pct_seguro_privado":0,"brecha_seguro":0,"pct_salud_publica":36,"pct_med_tradicional":7,"pct_automedicacion":9,"pct_remedios_caseros":22,"pct_viv_desocupada":12,"pct_alquiler":0,"pct_electricidad":100,"pct_sin_electricidad":0,"pct_agua_red":60,"pct_alcantarillado":100,"pct_camara_septica":0,"pct_pozo_ciego":0,"pct_sin_desague":0,"pct_gas_red":0,"pct_gas_garrafa":100,"pct_lena_guano":100,"pct_basura_formal":100,"pct_basura_quema":0,"pct_basura_informal":0,"pct_internet":60,"pct_celular":60,"pct_televisor":60}},{"type":"Feature","geometry":{"type":"Polygon","coordinates":[[[-65.62892,-16.67676],[-65.62904,-16.67777],[-65.62998,-16.67768],[-65.62986,-16.67663],[-65.62892,-16.67676]]]},"properties":{"n":"SAN GABRIEL","p":48,"personas_x_ha":40,"masculinidad":118,"pct_menor20":50,"pct_60mas":0,"pct_migrante":62,"dependencia_econ":124,"pct_empleados":38,"pct_cuentapropia":52,"pct_agricultura":52,"pct_comercio":24,"pct_manufactura":5,"pct_construccion":10,"pct_transporte":5,"pct_alojamiento":0,"pct_sin_educacion":0,"pct_educ_superior":0,"brecha_educ":3,"pct_sin_seguro":2,"pct_sus":85,"pct_seguro_privado":13,"brecha_seguro":4,"pct_salud_publica":26,"pct_med_tradicional":12,"pct_automedicacion":19,"pct_remedios_caseros":20,"pct_viv_desocupada":5,"pct_alquiler":0,"pct_electricidad":100,"pct_sin_electricidad":0,"pct_agua_red":20,"pct_alcantarillado":100,"pct_camara_septica":0,"pct_pozo_ciego":0,"pct_sin_desague":0,"pct_gas_red":0,"pct_gas_garrafa":93,"pct_lena_guano":93,"pct_basura_formal":67,"pct_basura_quema":33,"pct_basura_informal":0,"pct_internet":60,"pct_celular":87,"pct_televisor":67}},{"type":"Feature","geometry":{"type":"Polygon","coordinates":[[[-65.62443,-16.67385],[-65.62507,-16.67319],[-65.62554,-16.67364],[-65.62465,-16.67415],[-65.62443,-16.67385]]]},"properties":{"n":"SAN GABRIEL","p":32,"personas_x_ha":53,"masculinidad":129,"pct_menor20":34,"pct_60mas":3,"pct_migrante":53,"dependencia_econ":63,"pct_empleados":0,"pct_cuentapropia":68,"pct_agricultura":37,"pct_comercio":5,"pct_manufactura":11,"pct_construccion":5,"pct_transporte":16,"pct_alojamiento":11,"pct_sin_educacion":0,"pct_educ_superior":24,"brecha_educ":-5,"pct_sin_seguro":13,"pct_sus":87,"pct_seguro_privado":0,"brecha_seguro":-4,"pct_salud_publica":68,"pct_med_tradicional":7,"pct_automedicacion":10,"pct_remedios_caseros":7,"pct_viv_desocupada":0,"pct_alquiler":15,"pct_electricidad":100,"pct_sin_electricidad":0,"pct_agua_red":77,"pct_alcantarillado":100,"pct_camara_septica":0,"pct_pozo_ciego":0,"pct_sin_desague":0,"pct_gas_red":0,"pct_gas_garrafa":100,"pct_lena_guano":100,"pct_basura_formal":100,"pct_basura_quema":0,"pct_basura_informal":0,"pct_internet":62,"pct_celular":85,"pct_televisor":69}},{"type":"Feature","geometry":{"type":"Polygon","coordinates":[[[-65.62395,-16.66913],[-65.62341,-16.66858],[-65.62333,-16.66858],[-65.623,-16.66883],[-65.62294,-16.66947],[-65.62328,-16.66979],[-65.62395,-16.66913]]]},"properties":{"n":"SAN GABRIEL","p":22,"personas_x_ha":25,"masculinidad":100,"pct_menor20":45,"pct_60mas":5,"pct_migrante":68,"dependencia_econ":83,"pct_empleados":0,"pct_cuentapropia":92,"pct_agricultura":50,"pct_comercio":33,"pct_manufactura":0,"pct_construccion":0,"pct_transporte":17,"pct_alojamiento":0,"pct_sin_educacion":0,"pct_educ_superior":7,"brecha_educ":46,"pct_sin_seguro":14,"pct_sus":86,"pct_seguro_privado":0,"brecha_seguro":27,"pct_salud_publica":32,"pct_med_tradicional":7,"pct_automedicacion":22,"pct_remedios_caseros":19,"pct_viv_desocupada":18,"pct_alquiler":33,"pct_electricidad":100,"pct_sin_electricidad":0,"pct_agua_red":17,"pct_alcantarillado":83,"pct_camara_septica":0,"pct_pozo_ciego":0,"pct_sin_desague":17,"pct_gas_red":0,"pct_gas_garrafa":100,"pct_lena_guano":100,"pct_basura_formal":100,"pct_basura_quema":0,"pct_basura_informal":0,"pct_internet":83,"pct_celular":83,"pct_televisor":67}},{"type":"Feature","geometry":{"type":"Polygon","coordinates":[[[-65.62878,-16.68089],[-65.6281,-16.68133],[-65.62851,-16.68264],[-65.62951,-16.68209],[-65.62878,-16.68089]]]},"properties":{"n":"SAN GABRIEL","p":21,"personas_x_ha":13,"masculinidad":91,"pct_menor20":52,"pct_60mas":5,"pct_migrante":67,"dependencia_econ":91,"pct_empleados":18,"pct_cuentapropia":82,"pct_agricultura":55,"pct_comercio":9,"pct_manufactura":0,"pct_construccion":9,"pct_transporte":9,"pct_alojamiento":9,"pct_sin_educacion":0,"pct_educ_superior":9,"brecha_educ":-3,"pct_sin_seguro":0,"pct_sus":100,"pct_seguro_privado":0,"brecha_seguro":0,"pct_salud_publica":26,"pct_med_tradicional":19,"pct_automedicacion":26,"pct_remedios_caseros":26,"pct_viv_desocupada":30,"pct_alquiler":0,"pct_electricidad":100,"pct_sin_electricidad":0,"pct_agua_red":0,"pct_alcantarillado":0,"pct_camara_septica":0,"pct_pozo_ciego":86,"pct_sin_desague":14,"pct_gas_red":0,"pct_gas_garrafa":100,"pct_lena_guano":100,"pct_basura_formal":0,"pct_basura_quema":100,"pct_basura_informal":0,"pct_internet":86,"pct_celular":100,"pct_televisor":71}},{"type":"Feature","geometry":{"type":"Polygon","coordinates":[[[-65.62398,-16.67325],[-65.62425,-16.67369],[-65.62438,-16.67375],[-65.62503,-16.67314],[-65.62433,-16.67252],[-65.62381,-16.67298],[-65.62397,-16.67325],[-65.62425,-16.67305],[-65.62398,-16.67325]]]},"properties":{"n":"SAN GABRIEL","p":30,"personas_x_ha":32,"masculinidad":88,"pct_menor20":23,"pct_60mas":0,"pct_migrante":83,"dependencia_econ":93,"pct_empleados":20,"pct_cuentapropia":60,"pct_agricultura":40,"pct_comercio":7,"pct_manufactura":13,"pct_construccion":7,"pct_transporte":7,"pct_alojamiento":13,"pct_sin_educacion":13,"pct_educ_superior":9,"brecha_educ":-6,"pct_sin_seguro":7,"pct_sus":93,"pct_seguro_privado":0,"brecha_seguro":14,"pct_salud_publica":42,"pct_med_tradicional":11,"pct_automedicacion":14,"pct_remedios_caseros":18,"pct_viv_desocupada":12,"pct_alquiler":21,"pct_electricidad":100,"pct_sin_electricidad":0,"pct_agua_red":36,"pct_alcantarillado":71,"pct_camara_septica":0,"pct_pozo_ciego":29,"pct_sin_desague":0,"pct_gas_red":0,"pct_gas_garrafa":93,"pct_lena_guano":93,"pct_basura_formal":71,"pct_basura_quema":29,"pct_basura_informal":0,"pct_internet":79,"pct_celular":93,"pct_televisor":57}},{"type":"Feature","geometry":{"type":"Polygon","coordinates":[[[-65.46758,-16.81142],[-65.46753,-16.81069],[-65.46655,-16.81064],[-65.46665,-16.81144],[-65.46758,-16.81142]]]},"properties":{"n":"SAN JOSE","p":18,"personas_x_ha":21,"masculinidad":125,"pct_menor20":28,"pct_60mas":17,"pct_migrante":67,"dependencia_econ":29,"pct_empleados":7,"pct_cuentapropia":86,"pct_agricultura":57,"pct_comercio":21,"pct_manufactura":7,"pct_construccion":7,"pct_transporte":0,"pct_alojamiento":0,"pct_sin_educacion":8,"pct_educ_superior":8,"brecha_educ":-10,"pct_sin_seguro":6,"pct_sus":89,"pct_seguro_privado":0,"brecha_seguro":10,"pct_salud_publica":29,"pct_med_tradicional":18,"pct_automedicacion":19,"pct_remedios_caseros":19,"pct_viv_desocupada":10,"pct_alquiler":0,"pct_electricidad":86,"pct_sin_electricidad":14,"pct_agua_red":0,"pct_alcantarillado":0,"pct_camara_septica":0,"pct_pozo_ciego":71,"pct_sin_desague":29,"pct_gas_red":0,"pct_gas_garrafa":100,"pct_lena_guano":100,"pct_basura_formal":0,"pct_basura_quema":100,"pct_basura_informal":0,"pct_internet":57,"pct_celular":100,"pct_televisor":71}},{"type":"Feature","geometry":{"type":"Polygon","coordinates":[[[-65.46579,-16.81144],[-65.46651,-16.81145],[-65.46642,-16.81063],[-65.46569,-16.8106],[-65.46569,-16.81135],[-65.46579,-16.81144]]]},"properties":{"n":"SAN JOSE","p":40,"personas_x_ha":53,"masculinidad":90,"pct_menor20":42,"pct_60mas":2,"pct_migrante":72,"dependencia_econ":111,"pct_empleados":11,"pct_cuentapropia":79,"pct_agricultura":47,"pct_comercio":26,"pct_manufactura":5,"pct_construccion":5,"pct_transporte":0,"pct_alojamiento":5,"pct_sin_educacion":9,"pct_educ_superior":9,"brecha_educ":2,"pct_sin_seguro":8,"pct_sus":90,"pct_seguro_privado":0,"brecha_seguro":17,"pct_salud_publica":32,"pct_med_tradicional":6,"pct_automedicacion":26,"pct_remedios_caseros":28,"pct_viv_desocupada":0,"pct_alquiler":38,"pct_electricidad":100,"pct_sin_electricidad":0,"pct_agua_red":81,"pct_alcantarillado":12,"pct_camara_septica":6,"pct_pozo_ciego":75,"pct_sin_desague":0,"pct_gas_red":0,"pct_gas_garrafa":94,"pct_lena_guano":94,"pct_basura_formal":0,"pct_basura_quema":100,"pct_basura_informal":0,"pct_internet":94,"pct_celular":94,"pct_televisor":69}},{"type":"Feature","geometry":{"type":"Polygon","coordinates":[[[-65.46701,-16.80878],[-65.46749,-16.80878],[-65.4675,-16.80959],[-65.46644,-16.80963],[-65.46635,-16.80881],[-65.46701,-16.80885],[-65.46704,-16.80924],[-65.46701,-16.80878]]]},"properties":{"n":"SAN JOSE","p":25,"personas_x_ha":24,"masculinidad":92,"pct_menor20":28,"pct_60mas":0,"pct_migrante":52,"dependencia_econ":31,"pct_empleados":0,"pct_cuentapropia":62,"pct_agricultura":88,"pct_comercio":12,"pct_manufactura":0,"pct_construccion":0,"pct_transporte":0,"pct_alojamiento":0,"pct_sin_educacion":0,"pct_educ_superior":6,"brecha_educ":12,"pct_sin_seguro":0,"pct_sus":100,"pct_seguro_privado":0,"brecha_seguro":0,"pct_salud_publica":44,"pct_med_tradicional":16,"pct_automedicacion":7,"pct_remedios_caseros":21,"pct_viv_desocupada":0,"pct_alquiler":22,"pct_electricidad":89,"pct_sin_electricidad":11,"pct_agua_red":78,"pct_alcantarillado":0,"pct_camara_septica":0,"pct_pozo_ciego":89,"pct_sin_desague":11,"pct_gas_red":0,"pct_gas_garrafa":100,"pct_lena_guano":100,"pct_basura_formal":0,"pct_basura_quema":100,"pct_basura_informal":0,"pct_internet":22,"pct_celular":78,"pct_televisor":89}},{"type":"Feature","geometry":{"type":"Polygon","coordinates":[[[-65.46455,-16.81053],[-65.46449,-16.81136],[-65.46559,-16.81143],[-65.46559,-16.81059],[-65.46455,-16.81053]]]},"properties":{"n":"SAN JOSE","p":19,"personas_x_ha":18,"masculinidad":111,"pct_menor20":53,"pct_60mas":0,"pct_migrante":53,"dependencia_econ":73,"pct_empleados":9,"pct_cuentapropia":91,"pct_agricultura":82,"pct_comercio":0,"pct_manufactura":0,"pct_construccion":0,"pct_transporte":0,"pct_alojamiento":0,"pct_sin_educacion":0,"pct_educ_superior":30,"brecha_educ":-8,"pct_sin_seguro":0,"pct_sus":95,"pct_seguro_privado":0,"brecha_seguro":0,"pct_salud_publica":27,"pct_med_tradicional":7,"pct_automedicacion":25,"pct_remedios_caseros":25,"pct_viv_desocupada":11,"pct_alquiler":0,"pct_electricidad":100,"pct_sin_electricidad":0,"pct_agua_red":100,"pct_alcantarillado":14,"pct_camara_septica":0,"pct_pozo_ciego":86,"pct_sin_desague":0,"pct_gas_red":0,"pct_gas_garrafa":100,"pct_lena_guano":100,"pct_basura_formal":0,"pct_basura_quema":100,"pct_basura_informal":0,"pct_internet":86,"pct_celular":86,"pct_televisor":86}},{"type":"Feature","geometry":{"type":"Polygon","coordinates":[[[-65.46634,-16.80971],[-65.4656,-16.80969],[-65.4656,-16.80978],[-65.46431,-16.80989],[-65.46428,-16.8104],[-65.46641,-16.8105],[-65.46634,-16.80971]]]},"properties":{"n":"SAN JOSE","p":20,"personas_x_ha":12,"masculinidad":67,"pct_menor20":45,"pct_60mas":0,"pct_migrante":90,"dependencia_econ":100,"pct_empleados":90,"pct_cuentapropia":0,"pct_agricultura":0,"pct_comercio":0,"pct_manufactura":0,"pct_construccion":0,"pct_transporte":0,"pct_alojamiento":0,"pct_sin_educacion":0,"pct_educ_superior":91,"brecha_educ":0,"pct_sin_seguro":0,"pct_sus":5,"pct_seguro_privado":0,"brecha_seguro":0,"pct_salud_publica":17,"pct_med_tradicional":9,"pct_automedicacion":16,"pct_remedios_caseros":19,"pct_viv_desocupada":0,"pct_alquiler":0,"pct_electricidad":100,"pct_sin_electricidad":0,"pct_agua_red":88,"pct_alcantarillado":0,"pct_camara_septica":38,"pct_pozo_ciego":0,"pct_sin_desague":62,"pct_gas_red":0,"pct_gas_garrafa":100,"pct_lena_guano":100,"pct_basura_formal":0,"pct_basura_quema":100,"pct_basura_informal":0,"pct_internet":50,"pct_celular":75,"pct_televisor":75}},{"type":"Feature","geometry":{"type":"Polygon","coordinates":[[[-65.4676,-16.81152],[-65.4667,-16.81153],[-65.46678,-16.81232],[-65.46764,-16.81228],[-65.4676,-16.81152]]]},"properties":{"n":"SAN JOSE","p":52,"personas_x_ha":63,"masculinidad":68,"pct_menor20":60,"pct_60mas":4,"pct_migrante":52,"dependencia_econ":126,"pct_empleados":4,"pct_cuentapropia":74,"pct_agricultura":61,"pct_comercio":17,"pct_manufactura":4,"pct_construccion":0,"pct_transporte":4,"pct_alojamiento":0,"pct_sin_educacion":4,"pct_educ_superior":9,"brecha_educ":-28,"pct_sin_seguro":2,"pct_sus":98,"pct_seguro_privado":0,"brecha_seguro":-3,"pct_salud_publica":31,"pct_med_tradicional":10,"pct_automedicacion":28,"pct_remedios_caseros":19,"pct_viv_desocupada":6,"pct_alquiler":20,"pct_electricidad":100,"pct_sin_electricidad":0,"pct_agua_red":67,"pct_alcantarillado":13,"pct_camara_septica":7,"pct_pozo_ciego":67,"pct_sin_desague":7,"pct_gas_red":0,"pct_gas_garrafa":93,"pct_lena_guano":93,"pct_basura_formal":7,"pct_basura_quema":93,"pct_basura_informal":0,"pct_internet":93,"pct_celular":80,"pct_televisor":80}},{"type":"Feature","geometry":{"type":"Polygon","coordinates":[[[-65.46613,-16.81227],[-65.4666,-16.81225],[-65.46651,-16.8115],[-65.46568,-16.81152],[-65.46569,-16.81188],[-65.46608,-16.81186],[-65.46613,-16.81227]]]},"properties":{"n":"SAN JOSE","p":18,"personas_x_ha":31,"masculinidad":50,"pct_menor20":44,"pct_60mas":17,"pct_migrante":78,"dependencia_econ":100,"pct_empleados":0,"pct_cuentapropia":100,"pct_agricultura":33,"pct_comercio":56,"pct_manufactura":11,"pct_construccion":0,"pct_transporte":0,"pct_alojamiento":0,"pct_sin_educacion":10,"pct_educ_superior":10,"brecha_educ":17,"pct_sin_seguro":11,"pct_sus":83,"pct_seguro_privado":0,"brecha_seguro":-17,"pct_salud_publica":23,"pct_med_tradicional":2,"pct_automedicacion":26,"pct_remedios_caseros":25,"pct_viv_desocupada":22,"pct_alquiler":17,"pct_electricidad":100,"pct_sin_electricidad":0,"pct_agua_red":17,"pct_alcantarillado":0,"pct_camara_septica":33,"pct_pozo_ciego":67,"pct_sin_desague":0,"pct_gas_red":0,"pct_gas_garrafa":100,"pct_lena_guano":100,"pct_basura_formal":0,"pct_basura_quema":83,"pct_basura_informal":0,"pct_internet":100,"pct_celular":100,"pct_televisor":67}},{"type":"Feature","geometry":{"type":"Polygon","coordinates":[[[-65.85281,-16.52676],[-65.85306,-16.52614],[-65.85308,-16.52561],[-65.85292,-16.5248],[-65.85268,-16.5247],[-65.85195,-16.52636],[-65.85281,-16.52676]]]},"properties":{"n":"SAN JUAN DE ICOYA","p":15,"personas_x_ha":9,"masculinidad":200,"pct_menor20":13,"pct_60mas":0,"pct_migrante":60,"dependencia_econ":15,"pct_empleados":23,"pct_cuentapropia":46,"pct_agricultura":92,"pct_comercio":0,"pct_manufactura":0,"pct_construccion":0,"pct_transporte":0,"pct_alojamiento":0,"pct_sin_educacion":23,"pct_educ_superior":0,"brecha_educ":3,"pct_sin_seguro":60,"pct_sus":40,"pct_seguro_privado":0,"brecha_seguro":0,"pct_salud_publica":67,"pct_med_tradicional":5,"pct_automedicacion":10,"pct_remedios_caseros":0,"pct_viv_desocupada":0,"pct_alquiler":0,"pct_electricidad":89,"pct_sin_electricidad":11,"pct_agua_red":78,"pct_alcantarillado":11,"pct_camara_septica":0,"pct_pozo_ciego":56,"pct_sin_desague":33,"pct_gas_red":0,"pct_gas_garrafa":78,"pct_lena_guano":78,"pct_basura_formal":0,"pct_basura_quema":100,"pct_basura_informal":0,"pct_internet":56,"pct_celular":89,"pct_televisor":33}},{"type":"Feature","geometry":{"type":"Polygon","coordinates":[[[-65.85223,-16.52774],[-65.85138,-16.52718],[-65.85088,-16.52793],[-65.85172,-16.52844],[-65.85223,-16.52774]]]},"properties":{"n":"SAN JUAN DE ICOYA","p":18,"personas_x_ha":17,"masculinidad":64,"pct_menor20":61,"pct_60mas":6,"pct_migrante":50,"dependencia_econ":125,"pct_empleados":0,"pct_cuentapropia":100,"pct_agricultura":75,"pct_comercio":12,"pct_manufactura":0,"pct_construccion":0,"pct_transporte":0,"pct_alojamiento":0,"pct_sin_educacion":14,"pct_educ_superior":0,"brecha_educ":-8,"pct_sin_seguro":0,"pct_sus":100,"pct_seguro_privado":0,"brecha_seguro":0,"pct_salud_publica":46,"pct_med_tradicional":3,"pct_automedicacion":21,"pct_remedios_caseros":23,"pct_viv_desocupada":0,"pct_alquiler":0,"pct_electricidad":100,"pct_sin_electricidad":0,"pct_agua_red":86,"pct_alcantarillado":0,"pct_camara_septica":14,"pct_pozo_ciego":86,"pct_sin_desague":0,"pct_gas_red":0,"pct_gas_garrafa":100,"pct_lena_guano":100,"pct_basura_formal":0,"pct_basura_quema":100,"pct_basura_informal":0,"pct_internet":86,"pct_celular":100,"pct_televisor":14}},{"type":"Feature","geometry":{"type":"Polygon","coordinates":[[[-65.85103,-16.53131],[-65.85034,-16.53073],[-65.85038,-16.53063],[-65.85084,-16.53007],[-65.85158,-16.53064],[-65.85103,-16.53131]]]},"properties":{"n":"SAN JUAN DE ICOYA","p":27,"personas_x_ha":29,"masculinidad":108,"pct_menor20":44,"pct_60mas":4,"pct_migrante":56,"dependencia_econ":69,"pct_empleados":6,"pct_cuentapropia":81,"pct_agricultura":56,"pct_comercio":19,"pct_manufactura":0,"pct_construccion":0,"pct_transporte":0,"pct_alojamiento":6,"pct_sin_educacion":0,"pct_educ_superior":27,"brecha_educ":4,"pct_sin_seguro":4,"pct_sus":93,"pct_seguro_privado":0,"brecha_seguro":7,"pct_salud_publica":36,"pct_med_tradicional":13,"pct_automedicacion":21,"pct_remedios_caseros":12,"pct_viv_desocupada":0,"pct_alquiler":0,"pct_electricidad":100,"pct_sin_electricidad":0,"pct_agua_red":78,"pct_alcantarillado":0,"pct_camara_septica":22,"pct_pozo_ciego":78,"pct_sin_desague":0,"pct_gas_red":0,"pct_gas_garrafa":100,"pct_lena_guano":100,"pct_basura_formal":0,"pct_basura_quema":89,"pct_basura_informal":0,"pct_internet":89,"pct_celular":89,"pct_televisor":78}},{"type":"Feature","geometry":{"type":"Polygon","coordinates":[[[-65.85213,-16.52986],[-65.85135,-16.52936],[-65.85087,-16.53],[-65.85163,-16.53055],[-65.85213,-16.52986]]]},"properties":{"n":"SAN JUAN DE ICOYA","p":17,"personas_x_ha":19,"masculinidad":42,"pct_menor20":47,"pct_60mas":12,"pct_migrante":35,"dependencia_econ":240,"pct_empleados":40,"pct_cuentapropia":60,"pct_agricultura":60,"pct_comercio":20,"pct_manufactura":0,"pct_construccion":0,"pct_transporte":0,"pct_alojamiento":0,"pct_sin_educacion":0,"pct_educ_superior":0,"brecha_educ":-33,"pct_sin_seguro":12,"pct_sus":88,"pct_seguro_privado":0,"brecha_seguro":12,"pct_salud_publica":30,"pct_med_tradicional":8,"pct_automedicacion":19,"pct_remedios_caseros":28,"pct_viv_desocupada":0,"pct_alquiler":12,"pct_electricidad":100,"pct_sin_electricidad":0,"pct_agua_red":62,"pct_alcantarillado":12,"pct_camara_septica":0,"pct_pozo_ciego":50,"pct_sin_desague":38,"pct_gas_red":0,"pct_gas_garrafa":88,"pct_lena_guano":88,"pct_basura_formal":0,"pct_basura_quema":100,"pct_basura_informal":0,"pct_internet":38,"pct_celular":88,"pct_televisor":25}},{"type":"Feature","geometry":{"type":"Polygon","coordinates":[[[-65.85025,-16.53077],[-65.84995,-16.53093],[-65.84881,-16.53125],[-65.8478,-16.53206],[-65.84974,-16.53287],[-65.85101,-16.53139],[-65.85025,-16.53077]]]},"properties":{"n":"SAN JUAN DE ICOYA","p":20,"personas_x_ha":5,"masculinidad":67,"pct_menor20":40,"pct_60mas":5,"pct_migrante":70,"dependencia_econ":100,"pct_empleados":20,"pct_cuentapropia":70,"pct_agricultura":70,"pct_comercio":20,"pct_manufactura":0,"pct_construccion":0,"pct_transporte":0,"pct_alojamiento":0,"pct_sin_educacion":8,"pct_educ_superior":0,"brecha_educ":31,"pct_sin_seguro":15,"pct_sus":85,"pct_seguro_privado":0,"brecha_seguro":17,"pct_salud_publica":25,"pct_med_tradicional":9,"pct_automedicacion":22,"pct_remedios_caseros":28,"pct_viv_desocupada":0,"pct_alquiler":10,"pct_electricidad":100,"pct_sin_electricidad":0,"pct_agua_red":60,"pct_alcantarillado":0,"pct_camara_septica":20,"pct_pozo_ciego":60,"pct_sin_desague":20,"pct_gas_red":0,"pct_gas_garrafa":100,"pct_lena_guano":100,"pct_basura_formal":0,"pct_basura_quema":100,"pct_basura_informal":0,"pct_internet":60,"pct_celular":90,"pct_televisor":50}},{"type":"Feature","geometry":{"type":"Polygon","coordinates":[[[-65.85107,-16.52736],[-65.85074,-16.52727],[-65.85053,-16.52727],[-65.85106,-16.52738],[-65.85075,-16.52787],[-65.84997,-16.5274],[-65.85048,-16.52665],[-65.85124,-16.5271],[-65.85107,-16.52736]]]},"properties":{"n":"SAN JUAN DE ICOYA","p":28,"personas_x_ha":29,"masculinidad":133,"pct_menor20":50,"pct_60mas":4,"pct_migrante":46,"dependencia_econ":100,"pct_empleados":7,"pct_cuentapropia":79,"pct_agricultura":86,"pct_comercio":7,"pct_manufactura":0,"pct_construccion":0,"pct_transporte":0,"pct_alojamiento":0,"pct_sin_educacion":0,"pct_educ_superior":0,"brecha_educ":8,"pct_sin_seguro":4,"pct_sus":96,"pct_seguro_privado":0,"brecha_seguro":7,"pct_salud_publica":28,"pct_med_tradicional":22,"pct_automedicacion":26,"pct_remedios_caseros":24,"pct_viv_desocupada":29,"pct_alquiler":0,"pct_electricidad":90,"pct_sin_electricidad":10,"pct_agua_red":0,"pct_alcantarillado":10,"pct_camara_septica":0,"pct_pozo_ciego":80,"pct_sin_desague":10,"pct_gas_red":0,"pct_gas_garrafa":100,"pct_lena_guano":100,"pct_basura_formal":0,"pct_basura_quema":100,"pct_basura_informal":0,"pct_internet":80,"pct_celular":80,"pct_televisor":40}},{"type":"Feature","geometry":{"type":"Polygon","coordinates":[[[-65.85295,-16.5268],[-65.85334,-16.52703],[-65.85352,-16.52667],[-65.85337,-16.52705],[-65.85385,-16.52732],[-65.85419,-16.52674],[-65.85386,-16.52655],[-65.8542,-16.52672],[-65.85447,-16.52655],[-65.85504,-16.5257],[-65.85323,-16.52486],[-65.85318,-16.52625],[-65.85295,-16.5268]]]},"properties":{"n":"SAN JUAN DE ICOYA","p":23,"personas_x_ha":7,"masculinidad":188,"pct_menor20":61,"pct_60mas":9,"pct_migrante":26,"dependencia_econ":175,"pct_empleados":25,"pct_cuentapropia":62,"pct_agricultura":62,"pct_comercio":12,"pct_manufactura":0,"pct_construccion":0,"pct_transporte":0,"pct_alojamiento":12,"pct_sin_educacion":0,"pct_educ_superior":38,"brecha_educ":25,"pct_sin_seguro":0,"pct_sus":74,"pct_seguro_privado":0,"brecha_seguro":0,"pct_salud_publica":33,"pct_med_tradicional":5,"pct_automedicacion":15,"pct_remedios_caseros":20,"pct_viv_desocupada":20,"pct_alquiler":0,"pct_electricidad":88,"pct_sin_electricidad":12,"pct_agua_red":50,"pct_alcantarillado":0,"pct_camara_septica":0,"pct_pozo_ciego":75,"pct_sin_desague":25,"pct_gas_red":0,"pct_gas_garrafa":88,"pct_lena_guano":88,"pct_basura_formal":0,"pct_basura_quema":100,"pct_basura_informal":0,"pct_internet":88,"pct_celular":100,"pct_televisor":100}},{"type":"Feature","geometry":{"type":"Polygon","coordinates":[[[-65.85026,-16.53052],[-65.84967,-16.5301],[-65.85032,-16.52919],[-65.85008,-16.52904],[-65.84881,-16.5306],[-65.84922,-16.53094],[-65.85,-16.53077],[-65.85026,-16.53052]]]},"properties":{"n":"SAN JUAN DE ICOYA","p":27,"personas_x_ha":19,"masculinidad":42,"pct_menor20":44,"pct_60mas":4,"pct_migrante":37,"dependencia_econ":100,"pct_empleados":8,"pct_cuentapropia":77,"pct_agricultura":77,"pct_comercio":8,"pct_manufactura":0,"pct_construccion":0,"pct_transporte":0,"pct_alojamiento":0,"pct_sin_educacion":12,"pct_educ_superior":31,"brecha_educ":-7,"pct_sin_seguro":12,"pct_sus":81,"pct_seguro_privado":4,"brecha_seguro":1,"pct_salud_publica":29,"pct_med_tradicional":16,"pct_automedicacion":13,"pct_remedios_caseros":22,"pct_viv_desocupada":0,"pct_alquiler":0,"pct_electricidad":100,"pct_sin_electricidad":0,"pct_agua_red":75,"pct_alcantarillado":0,"pct_camara_septica":33,"pct_pozo_ciego":67,"pct_sin_desague":0,"pct_gas_red":0,"pct_gas_garrafa":92,"pct_lena_guano":92,"pct_basura_formal":0,"pct_basura_quema":92,"pct_basura_informal":0,"pct_internet":83,"pct_celular":100,"pct_televisor":25}},{"type":"Feature","geometry":{"type":"Polygon","coordinates":[[[-65.8503,-16.53041],[-65.85168,-16.52851],[-65.85081,-16.528],[-65.85025,-16.52889],[-65.85053,-16.52905],[-65.84981,-16.53007],[-65.8503,-16.53041]]]},"properties":{"n":"SAN JUAN DE ICOYA","p":40,"personas_x_ha":18,"masculinidad":90,"pct_menor20":52,"pct_60mas":8,"pct_migrante":48,"dependencia_econ":100,"pct_empleados":10,"pct_cuentapropia":70,"pct_agricultura":75,"pct_comercio":0,"pct_manufactura":5,"pct_construccion":0,"pct_transporte":0,"pct_alojamiento":0,"pct_sin_educacion":10,"pct_educ_superior":15,"brecha_educ":-40,"pct_sin_seguro":3,"pct_sus":92,"pct_seguro_privado":0,"brecha_seguro":6,"pct_salud_publica":25,"pct_med_tradicional":12,"pct_automedicacion":19,"pct_remedios_caseros":23,"pct_viv_desocupada":0,"pct_alquiler":6,"pct_electricidad":100,"pct_sin_electricidad":0,"pct_agua_red":61,"pct_alcantarillado":6,"pct_camara_septica":11,"pct_pozo_ciego":61,"pct_sin_desague":0,"pct_gas_red":0,"pct_gas_garrafa":100,"pct_lena_guano":100,"pct_basura_formal":0,"pct_basura_quema":100,"pct_basura_informal":0,"pct_internet":89,"pct_celular":94,"pct_televisor":72}},{"type":"Feature","geometry":{"type":"Polygon","coordinates":[[[-65.39869,-16.95554],[-65.3989,-16.95567],[-65.39869,-16.95554],[-65.39844,-16.9559],[-65.3988,-16.95615],[-65.39944,-16.95522],[-65.39908,-16.95499],[-65.39869,-16.95554]]]},"properties":{"n":"SAN LORENZO","p":27,"personas_x_ha":47,"masculinidad":80,"pct_menor20":52,"pct_60mas":7,"pct_migrante":37,"dependencia_econ":145,"pct_empleados":45,"pct_cuentapropia":55,"pct_agricultura":18,"pct_comercio":9,"pct_manufactura":9,"pct_construccion":0,"pct_transporte":0,"pct_alojamiento":0,"pct_sin_educacion":14,"pct_educ_superior":14,"brecha_educ":27,"pct_sin_seguro":7,"pct_sus":93,"pct_seguro_privado":0,"brecha_seguro":17,"pct_salud_publica":33,"pct_med_tradicional":9,"pct_automedicacion":29,"pct_remedios_caseros":22,"pct_viv_desocupada":10,"pct_alquiler":0,"pct_electricidad":100,"pct_sin_electricidad":0,"pct_agua_red":43,"pct_alcantarillado":71,"pct_camara_septica":14,"pct_pozo_ciego":0,"pct_sin_desague":14,"pct_gas_red":0,"pct_gas_garrafa":100,"pct_lena_guano":100,"pct_basura_formal":100,"pct_basura_quema":0,"pct_basura_informal":0,"pct_internet":57,"pct_celular":86,"pct_televisor":86}},{"type":"Feature","geometry":{"type":"Polygon","coordinates":[[[-65.40382,-16.95017],[-65.40308,-16.95132],[-65.40286,-16.95064],[-65.40307,-16.95033],[-65.40284,-16.95059],[-65.40274,-16.95023],[-65.40241,-16.94999],[-65.40317,-16.94869],[-65.40382,-16.95017]]]},"properties":{"n":"SAN LORENZO","p":25,"personas_x_ha":12,"masculinidad":108,"pct_menor20":44,"pct_60mas":4,"pct_migrante":56,"dependencia_econ":56,"pct_empleados":38,"pct_cuentapropia":56,"pct_agricultura":12,"pct_comercio":6,"pct_manufactura":6,"pct_construccion":12,"pct_transporte":6,"pct_alojamiento":0,"pct_sin_educacion":7,"pct_educ_superior":14,"brecha_educ":-17,"pct_sin_seguro":20,"pct_sus":80,"pct_seguro_privado":0,"brecha_seguro":-10,"pct_salud_publica":30,"pct_med_tradicional":11,"pct_automedicacion":31,"pct_remedios_caseros":19,"pct_viv_desocupada":20,"pct_alquiler":14,"pct_electricidad":100,"pct_sin_electricidad":0,"pct_agua_red":86,"pct_alcantarillado":86,"pct_camara_septica":0,"pct_pozo_ciego":0,"pct_sin_desague":14,"pct_gas_red":0,"pct_gas_garrafa":100,"pct_lena_guano":100,"pct_basura_formal":0,"pct_basura_quema":100,"pct_basura_informal":0,"pct_internet":100,"pct_celular":100,"pct_televisor":57}},{"type":"Feature","geometry":{"type":"Polygon","coordinates":[[[-65.40193,-16.95621],[-65.4031,-16.95551],[-65.40331,-16.9562],[-65.40282,-16.957],[-65.40265,-16.95689],[-65.40258,-16.95647],[-65.40262,-16.95692],[-65.40281,-16.95703],[-65.4027,-16.95753],[-65.4027,-16.95813],[-65.40201,-16.95879],[-65.40151,-16.95822],[-65.40069,-16.95756],[-65.40136,-16.9567],[-65.40193,-16.95621]]]},"properties":{"n":"SAN LORENZO","p":63,"personas_x_ha":13,"masculinidad":54,"pct_menor20":48,"pct_60mas":10,"pct_migrante":41,"dependencia_econ":125,"pct_empleados":14,"pct_cuentapropia":71,"pct_agricultura":21,"pct_comercio":21,"pct_manufactura":18,"pct_construccion":4,"pct_transporte":4,"pct_alojamiento":7,"pct_sin_educacion":18,"pct_educ_superior":27,"brecha_educ":-14,"pct_sin_seguro":2,"pct_sus":94,"pct_seguro_privado":2,"brecha_seguro":-2,"pct_salud_publica":30,"pct_med_tradicional":15,"pct_automedicacion":20,"pct_remedios_caseros":23,"pct_viv_desocupada":0,"pct_alquiler":5,"pct_electricidad":90,"pct_sin_electricidad":5,"pct_agua_red":80,"pct_alcantarillado":65,"pct_camara_septica":10,"pct_pozo_ciego":15,"pct_sin_desague":10,"pct_gas_red":0,"pct_gas_garrafa":100,"pct_lena_guano":100,"pct_basura_formal":90,"pct_basura_quema":10,"pct_basura_informal":0,"pct_internet":80,"pct_celular":95,"pct_televisor":50}},{"type":"Feature","geometry":{"type":"Polygon","coordinates":[[[-65.40278,-16.95064],[-65.40266,-16.95025],[-65.40234,-16.95007],[-65.40175,-16.95102],[-65.40187,-16.95137],[-65.40219,-16.95099],[-65.4019,-16.95144],[-65.40203,-16.95185],[-65.40278,-16.95064]]]},"properties":{"n":"SAN LORENZO","p":18,"personas_x_ha":17,"masculinidad":80,"pct_menor20":22,"pct_60mas":22,"pct_migrante":50,"dependencia_econ":50,"pct_empleados":50,"pct_cuentapropia":50,"pct_agricultura":42,"pct_comercio":17,"pct_manufactura":0,"pct_construccion":0,"pct_transporte":8,"pct_alojamiento":8,"pct_sin_educacion":20,"pct_educ_superior":27,"brecha_educ":-28,"pct_sin_seguro":0,"pct_sus":67,"pct_seguro_privado":0,"brecha_seguro":0,"pct_salud_publica":27,"pct_med_tradicional":9,"pct_automedicacion":12,"pct_remedios_caseros":20,"pct_viv_desocupada":0,"pct_alquiler":0,"pct_electricidad":100,"pct_sin_electricidad":0,"pct_agua_red":100,"pct_alcantarillado":100,"pct_camara_septica":0,"pct_pozo_ciego":0,"pct_sin_desague":0,"pct_gas_red":0,"pct_gas_garrafa":100,"pct_lena_guano":100,"pct_basura_formal":25,"pct_basura_quema":75,"pct_basura_informal":0,"pct_internet":75,"pct_celular":100,"pct_televisor":62}},{"type":"Feature","geometry":{"type":"Polygon","coordinates":[[[-65.39879,-16.95045],[-65.40073,-16.94825],[-65.40177,-16.95151],[-65.40089,-16.95284],[-65.40071,-16.95297],[-65.40051,-16.95302],[-65.39981,-16.95248],[-65.40041,-16.95167],[-65.4008,-16.95059],[-65.40065,-16.95034],[-65.40047,-16.95025],[-65.40066,-16.9506],[-65.4003,-16.95169],[-65.39744,-16.95519],[-65.39572,-16.95386],[-65.39523,-16.95324],[-65.39697,-16.95077],[-65.39765,-16.94995],[-65.39866,-16.9508],[-65.39879,-16.95045]]]},"properties":{"n":"SAN LORENZO","p":28,"personas_x_ha":1,"masculinidad":211,"pct_menor20":46,"pct_60mas":0,"pct_migrante":64,"dependencia_econ":59,"pct_empleados":24,"pct_cuentapropia":65,"pct_agricultura":12,"pct_comercio":18,"pct_manufactura":12,"pct_construccion":12,"pct_transporte":12,"pct_alojamiento":6,"pct_sin_educacion":14,"pct_educ_superior":0,"brecha_educ":25,"pct_sin_seguro":8,"pct_sus":68,"pct_seguro_privado":0,"brecha_seguro":12,"pct_salud_publica":32,"pct_med_tradicional":15,"pct_automedicacion":23,"pct_remedios_caseros":21,"pct_viv_desocupada":0,"pct_alquiler":20,"pct_electricidad":90,"pct_sin_electricidad":0,"pct_agua_red":60,"pct_alcantarillado":80,"pct_camara_septica":10,"pct_pozo_ciego":0,"pct_sin_desague":10,"pct_gas_red":0,"pct_gas_garrafa":90,"pct_lena_guano":90,"pct_basura_formal":100,"pct_basura_quema":0,"pct_basura_informal":0,"pct_internet":80,"pct_celular":80,"pct_televisor":80}},{"type":"Feature","geometry":{"type":"Polygon","coordinates":[[[-65.40275,-16.958],[-65.40284,-16.95713],[-65.40334,-16.95634],[-65.40366,-16.95788],[-65.40271,-16.95868],[-65.40251,-16.95847],[-65.40274,-16.95826],[-65.40275,-16.95807],[-65.40323,-16.95756],[-65.40321,-16.95733],[-65.40319,-16.95754],[-65.40275,-16.958]]]},"properties":{"n":"SAN LORENZO","p":60,"personas_x_ha":40,"masculinidad":94,"pct_menor20":43,"pct_60mas":13,"pct_migrante":47,"dependencia_econ":103,"pct_empleados":28,"pct_cuentapropia":59,"pct_agricultura":34,"pct_comercio":10,"pct_manufactura":3,"pct_construccion":7,"pct_transporte":17,"pct_alojamiento":3,"pct_sin_educacion":15,"pct_educ_superior":12,"brecha_educ":2,"pct_sin_seguro":3,"pct_sus":95,"pct_seguro_privado":0,"brecha_seguro":7,"pct_salud_publica":24,"pct_med_tradicional":11,"pct_automedicacion":29,"pct_remedios_caseros":16,"pct_viv_desocupada":4,"pct_alquiler":0,"pct_electricidad":95,"pct_sin_electricidad":5,"pct_agua_red":90,"pct_alcantarillado":80,"pct_camara_septica":10,"pct_pozo_ciego":10,"pct_sin_desague":0,"pct_gas_red":0,"pct_gas_garrafa":90,"pct_lena_guano":90,"pct_basura_formal":90,"pct_basura_quema":5,"pct_basura_informal":10,"pct_internet":70,"pct_celular":85,"pct_televisor":55}},{"type":"Feature","geometry":{"type":"Polygon","coordinates":[[[-65.40192,-16.95526],[-65.40183,-16.95499],[-65.40146,-16.95476],[-65.40056,-16.95608],[-65.40116,-16.9565],[-65.40192,-16.95526]]]},"properties":{"n":"SAN LORENZO","p":17,"personas_x_ha":13,"masculinidad":112,"pct_menor20":47,"pct_60mas":6,"pct_migrante":53,"dependencia_econ":143,"pct_empleados":86,"pct_cuentapropia":14,"pct_agricultura":0,"pct_comercio":0,"pct_manufactura":14,"pct_construccion":0,"pct_transporte":14,"pct_alojamiento":14,"pct_sin_educacion":0,"pct_educ_superior":44,"brecha_educ":-25,"pct_sin_seguro":41,"pct_sus":53,"pct_seguro_privado":0,"brecha_seguro":-17,"pct_salud_publica":22,"pct_med_tradicional":15,"pct_automedicacion":22,"pct_remedios_caseros":21,"pct_viv_desocupada":0,"pct_alquiler":17,"pct_electricidad":83,"pct_sin_electricidad":17,"pct_agua_red":67,"pct_alcantarillado":83,"pct_camara_septica":17,"pct_pozo_ciego":0,"pct_sin_desague":0,"pct_gas_red":0,"pct_gas_garrafa":83,"pct_lena_guano":83,"pct_basura_formal":17,"pct_basura_quema":83,"pct_basura_informal":0,"pct_internet":100,"pct_celular":100,"pct_televisor":67}},{"type":"Feature","geometry":{"type":"Polygon","coordinates":[[[-65.399,-16.95482],[-65.39965,-16.95397],[-65.39931,-16.95375],[-65.39872,-16.95458],[-65.399,-16.95482]]]},"properties":{"n":"SAN LORENZO","p":27,"personas_x_ha":53,"masculinidad":200,"pct_menor20":48,"pct_60mas":0,"pct_migrante":67,"dependencia_econ":108,"pct_empleados":46,"pct_cuentapropia":38,"pct_agricultura":8,"pct_comercio":54,"pct_manufactura":0,"pct_construccion":31,"pct_transporte":0,"pct_alojamiento":0,"pct_sin_educacion":0,"pct_educ_superior":7,"brecha_educ":-29,"pct_sin_seguro":7,"pct_sus":93,"pct_seguro_privado":0,"brecha_seguro":11,"pct_salud_publica":32,"pct_med_tradicional":5,"pct_automedicacion":26,"pct_remedios_caseros":29,"pct_viv_desocupada":0,"pct_alquiler":29,"pct_electricidad":100,"pct_sin_electricidad":0,"pct_agua_red":71,"pct_alcantarillado":86,"pct_camara_septica":14,"pct_pozo_ciego":0,"pct_sin_desague":0,"pct_gas_red":0,"pct_gas_garrafa":100,"pct_lena_guano":100,"pct_basura_formal":86,"pct_basura_quema":14,"pct_basura_informal":0,"pct_internet":100,"pct_celular":100,"pct_televisor":100}},{"type":"Feature","geometry":{"type":"Polygon","coordinates":[[[-65.39944,-16.95363],[-65.39975,-16.95383],[-65.40023,-16.95307],[-65.39991,-16.9529],[-65.39944,-16.95363]]]},"properties":{"n":"SAN LORENZO","p":18,"personas_x_ha":47,"masculinidad":157,"pct_menor20":39,"pct_60mas":11,"pct_migrante":28,"dependencia_econ":80,"pct_empleados":40,"pct_cuentapropia":30,"pct_agricultura":50,"pct_comercio":0,"pct_manufactura":0,"pct_construccion":30,"pct_transporte":0,"pct_alojamiento":0,"pct_sin_educacion":0,"pct_educ_superior":9,"brecha_educ":-11,"pct_sin_seguro":11,"pct_sus":72,"pct_seguro_privado":0,"brecha_seguro":18,"pct_salud_publica":30,"pct_med_tradicional":11,"pct_automedicacion":26,"pct_remedios_caseros":17,"pct_viv_desocupada":0,"pct_alquiler":17,"pct_electricidad":100,"pct_sin_electricidad":0,"pct_agua_red":100,"pct_alcantarillado":100,"pct_camara_septica":0,"pct_pozo_ciego":0,"pct_sin_desague":0,"pct_gas_red":0,"pct_gas_garrafa":100,"pct_lena_guano":100,"pct_basura_formal":100,"pct_basura_quema":0,"pct_basura_informal":0,"pct_internet":100,"pct_celular":100,"pct_televisor":100}},{"type":"Feature","geometry":{"type":"Polygon","coordinates":[[[-65.40008,-16.95424],[-65.39974,-16.95403],[-65.39916,-16.95492],[-65.39949,-16.95509],[-65.40008,-16.95424]]]},"properties":{"n":"SAN LORENZO","p":24,"personas_x_ha":48,"masculinidad":140,"pct_menor20":42,"pct_60mas":0,"pct_migrante":50,"dependencia_econ":60,"pct_empleados":53,"pct_cuentapropia":47,"pct_agricultura":13,"pct_comercio":40,"pct_manufactura":33,"pct_construccion":7,"pct_transporte":0,"pct_alojamiento":0,"pct_sin_educacion":7,"pct_educ_superior":7,"brecha_educ":8,"pct_sin_seguro":17,"pct_sus":75,"pct_seguro_privado":0,"brecha_seguro":29,"pct_salud_publica":31,"pct_med_tradicional":5,"pct_automedicacion":27,"pct_remedios_caseros":25,"pct_viv_desocupada":11,"pct_alquiler":43,"pct_electricidad":100,"pct_sin_electricidad":0,"pct_agua_red":57,"pct_alcantarillado":100,"pct_camara_septica":0,"pct_pozo_ciego":0,"pct_sin_desague":0,"pct_gas_red":0,"pct_gas_garrafa":100,"pct_lena_guano":100,"pct_basura_formal":86,"pct_basura_quema":14,"pct_basura_informal":0,"pct_internet":86,"pct_celular":100,"pct_televisor":86}},{"type":"Feature","geometry":{"type":"Polygon","coordinates":[[[-65.40273,-16.94753],[-65.40121,-16.9491],[-65.40176,-16.95087],[-65.40319,-16.94851],[-65.40324,-16.94784],[-65.40273,-16.94753]]]},"properties":{"n":"SAN LORENZO","p":32,"personas_x_ha":8,"masculinidad":88,"pct_menor20":41,"pct_60mas":16,"pct_migrante":47,"dependencia_econ":60,"pct_empleados":15,"pct_cuentapropia":75,"pct_agricultura":70,"pct_comercio":0,"pct_manufactura":5,"pct_construccion":0,"pct_transporte":5,"pct_alojamiento":10,"pct_sin_educacion":0,"pct_educ_superior":26,"brecha_educ":-4,"pct_sin_seguro":3,"pct_sus":91,"pct_seguro_privado":0,"brecha_seguro":7,"pct_salud_publica":42,"pct_med_tradicional":4,"pct_automedicacion":5,"pct_remedios_caseros":36,"pct_viv_desocupada":18,"pct_alquiler":10,"pct_electricidad":100,"pct_sin_electricidad":0,"pct_agua_red":60,"pct_alcantarillado":100,"pct_camara_septica":0,"pct_pozo_ciego":0,"pct_sin_desague":0,"pct_gas_red":0,"pct_gas_garrafa":100,"pct_lena_guano":100,"pct_basura_formal":0,"pct_basura_quema":40,"pct_basura_informal":100,"pct_internet":80,"pct_celular":100,"pct_televisor":70}},{"type":"Feature","geometry":{"type":"Polygon","coordinates":[[[-65.37691,-16.92135],[-65.37629,-16.92006],[-65.37578,-16.92045],[-65.37648,-16.92142],[-65.37672,-16.92158],[-65.37691,-16.92135]]]},"properties":{"n":"SAN MIGUEL","p":18,"personas_x_ha":20,"masculinidad":100,"pct_menor20":50,"pct_60mas":6,"pct_migrante":56,"dependencia_econ":100,"pct_empleados":11,"pct_cuentapropia":78,"pct_agricultura":56,"pct_comercio":11,"pct_manufactura":11,"pct_construccion":11,"pct_transporte":0,"pct_alojamiento":0,"pct_sin_educacion":0,"pct_educ_superior":0,"brecha_educ":17,"pct_sin_seguro":12,"pct_sus":88,"pct_seguro_privado":0,"brecha_seguro":-22,"pct_salud_publica":40,"pct_med_tradicional":2,"pct_automedicacion":28,"pct_remedios_caseros":9,"pct_viv_desocupada":0,"pct_alquiler":22,"pct_electricidad":100,"pct_sin_electricidad":0,"pct_agua_red":11,"pct_alcantarillado":22,"pct_camara_septica":0,"pct_pozo_ciego":67,"pct_sin_desague":0,"pct_gas_red":0,"pct_gas_garrafa":89,"pct_lena_guano":89,"pct_basura_formal":0,"pct_basura_quema":100,"pct_basura_informal":0,"pct_internet":78,"pct_celular":100,"pct_televisor":56}},{"type":"Feature","geometry":{"type":"Polygon","coordinates":[[[-65.37741,-16.91929],[-65.37754,-16.91939],[-65.37666,-16.92036],[-65.37643,-16.91988],[-65.37741,-16.91929]]]},"properties":{"n":"SAN MIGUEL","p":17,"personas_x_ha":34,"masculinidad":89,"pct_menor20":12,"pct_60mas":35,"pct_migrante":35,"dependencia_econ":112,"pct_empleados":0,"pct_cuentapropia":50,"pct_agricultura":62,"pct_comercio":0,"pct_manufactura":0,"pct_construccion":12,"pct_transporte":0,"pct_alojamiento":0,"pct_sin_educacion":7,"pct_educ_superior":13,"brecha_educ":-21,"pct_sin_seguro":12,"pct_sus":88,"pct_seguro_privado":0,"brecha_seguro":-22,"pct_salud_publica":38,"pct_med_tradicional":13,"pct_automedicacion":22,"pct_remedios_caseros":18,"pct_viv_desocupada":11,"pct_alquiler":14,"pct_electricidad":100,"pct_sin_electricidad":0,"pct_agua_red":0,"pct_alcantarillado":0,"pct_camara_septica":14,"pct_pozo_ciego":71,"pct_sin_desague":0,"pct_gas_red":0,"pct_gas_garrafa":100,"pct_lena_guano":100,"pct_basura_formal":0,"pct_basura_quema":71,"pct_basura_informal":57,"pct_internet":29,"pct_celular":43,"pct_televisor":57}},{"type":"Feature","geometry":{"type":"Polygon","coordinates":[[[-65.44183,-16.52725],[-65.44184,-16.5274],[-65.44193,-16.52751],[-65.44183,-16.52725],[-65.44159,-16.52754],[-65.44207,-16.52798],[-65.44275,-16.52725],[-65.44331,-16.52693],[-65.44294,-16.52615],[-65.44302,-16.52611],[-65.44295,-16.52596],[-65.44183,-16.52725]]]},"properties":{"n":"SAN MIGUELITO","p":43,"personas_x_ha":26,"masculinidad":65,"pct_menor20":63,"pct_60mas":5,"pct_migrante":33,"dependencia_econ":367,"pct_empleados":22,"pct_cuentapropia":22,"pct_agricultura":67,"pct_comercio":0,"pct_manufactura":0,"pct_construccion":0,"pct_transporte":0,"pct_alojamiento":0,"pct_sin_educacion":6,"pct_educ_superior":12,"brecha_educ":-41,"pct_sin_seguro":6,"pct_sus":94,"pct_seguro_privado":0,"brecha_seguro":17,"pct_salud_publica":37,"pct_med_tradicional":34,"pct_automedicacion":0,"pct_remedios_caseros":29,"pct_viv_desocupada":0,"pct_alquiler":0,"pct_electricidad":100,"pct_sin_electricidad":0,"pct_agua_red":0,"pct_alcantarillado":0,"pct_camara_septica":0,"pct_pozo_ciego":100,"pct_sin_desague":0,"pct_gas_red":0,"pct_gas_garrafa":86,"pct_lena_guano":86,"pct_basura_formal":0,"pct_basura_quema":100,"pct_basura_informal":0,"pct_internet":71,"pct_celular":71,"pct_televisor":43}},{"type":"Feature","geometry":{"type":"Polygon","coordinates":[[[-65.4415,-16.52746],[-65.44106,-16.52706],[-65.44225,-16.52584],[-65.44258,-16.52614],[-65.4415,-16.52746]]]},"properties":{"n":"SAN MIGUELITO","p":29,"personas_x_ha":27,"masculinidad":93,"pct_menor20":52,"pct_60mas":0,"pct_migrante":34,"dependencia_econ":100,"pct_empleados":0,"pct_cuentapropia":85,"pct_agricultura":100,"pct_comercio":0,"pct_manufactura":0,"pct_construccion":0,"pct_transporte":0,"pct_alojamiento":0,"pct_sin_educacion":8,"pct_educ_superior":0,"brecha_educ":38,"pct_sin_seguro":0,"pct_sus":100,"pct_seguro_privado":0,"brecha_seguro":0,"pct_salud_publica":44,"pct_med_tradicional":27,"pct_automedicacion":0,"pct_remedios_caseros":27,"pct_viv_desocupada":11,"pct_alquiler":0,"pct_electricidad":100,"pct_sin_electricidad":0,"pct_agua_red":0,"pct_alcantarillado":0,"pct_camara_septica":62,"pct_pozo_ciego":38,"pct_sin_desague":0,"pct_gas_red":0,"pct_gas_garrafa":88,"pct_lena_guano":88,"pct_basura_formal":0,"pct_basura_quema":100,"pct_basura_informal":0,"pct_internet":38,"pct_celular":62,"pct_televisor":12}},{"type":"Feature","geometry":{"type":"Polygon","coordinates":[[[-65.44434,-16.52493],[-65.44453,-16.52513],[-65.44465,-16.52542],[-65.44453,-16.52566],[-65.44464,-16.52542],[-65.44453,-16.52514],[-65.44434,-16.52494],[-65.44387,-16.52531],[-65.44448,-16.52618],[-65.44514,-16.52593],[-65.44512,-16.52574],[-65.44515,-16.52593],[-65.44574,-16.52574],[-65.44571,-16.52545],[-65.44574,-16.52574],[-65.44604,-16.52564],[-65.44608,-16.52494],[-65.44522,-16.52457],[-65.44508,-16.52438],[-65.44434,-16.52493]]]},"properties":{"n":"SAN MIGUELITO","p":36,"personas_x_ha":13,"masculinidad":112,"pct_menor20":56,"pct_60mas":8,"pct_migrante":31,"dependencia_econ":125,"pct_empleados":0,"pct_cuentapropia":75,"pct_agricultura":100,"pct_comercio":0,"pct_manufactura":0,"pct_construccion":0,"pct_transporte":0,"pct_alojamiento":0,"pct_sin_educacion":0,"pct_educ_superior":0,"brecha_educ":15,"pct_sin_seguro":0,"pct_sus":97,"pct_seguro_privado":0,"brecha_seguro":0,"pct_salud_publica":31,"pct_med_tradicional":24,"pct_automedicacion":1,"pct_remedios_caseros":29,"pct_viv_desocupada":0,"pct_alquiler":0,"pct_electricidad":71,"pct_sin_electricidad":29,"pct_agua_red":0,"pct_alcantarillado":0,"pct_camara_septica":14,"pct_pozo_ciego":57,"pct_sin_desague":29,"pct_gas_red":0,"pct_gas_garrafa":57,"pct_lena_guano":57,"pct_basura_formal":0,"pct_basura_quema":100,"pct_basura_informal":0,"pct_internet":14,"pct_celular":57,"pct_televisor":43}},{"type":"Feature","geometry":{"type":"Polygon","coordinates":[[[-65.75423,-16.49768],[-65.75463,-16.497],[-65.75528,-16.49733],[-65.7549,-16.49802],[-65.75423,-16.49768]]]},"properties":{"n":"SAN RAFAEL","p":18,"personas_x_ha":24,"masculinidad":100,"pct_menor20":72,"pct_60mas":0,"pct_migrante":61,"dependencia_econ":500,"pct_empleados":0,"pct_cuentapropia":100,"pct_agricultura":67,"pct_comercio":0,"pct_manufactura":33,"pct_construccion":0,"pct_transporte":0,"pct_alojamiento":0,"pct_sin_educacion":0,"pct_educ_superior":0,"brecha_educ":-100,"pct_sin_seguro":0,"pct_sus":100,"pct_seguro_privado":0,"brecha_seguro":0,"pct_salud_publica":35,"pct_med_tradicional":14,"pct_automedicacion":33,"pct_remedios_caseros":16,"pct_viv_desocupada":33,"pct_alquiler":0,"pct_electricidad":100,"pct_sin_electricidad":0,"pct_agua_red":60,"pct_alcantarillado":0,"pct_camara_septica":0,"pct_pozo_ciego":60,"pct_sin_desague":40,"pct_gas_red":0,"pct_gas_garrafa":100,"pct_lena_guano":100,"pct_basura_formal":0,"pct_basura_quema":100,"pct_basura_informal":0,"pct_internet":100,"pct_celular":100,"pct_televisor":80}},{"type":"Feature","geometry":{"type":"Polygon","coordinates":[[[-65.75536,-16.49725],[-65.75584,-16.49645],[-65.75516,-16.49606],[-65.7547,-16.49686],[-65.75536,-16.49725]]]},"properties":{"n":"SAN RAFAEL","p":23,"personas_x_ha":26,"masculinidad":156,"pct_menor20":48,"pct_60mas":0,"pct_migrante":65,"dependencia_econ":156,"pct_empleados":0,"pct_cuentapropia":56,"pct_agricultura":67,"pct_comercio":11,"pct_manufactura":11,"pct_construccion":0,"pct_transporte":0,"pct_alojamiento":0,"pct_sin_educacion":7,"pct_educ_superior":14,"brecha_educ":-29,"pct_sin_seguro":0,"pct_sus":100,"pct_seguro_privado":0,"brecha_seguro":0,"pct_salud_publica":40,"pct_med_tradicional":10,"pct_automedicacion":28,"pct_remedios_caseros":12,"pct_viv_desocupada":0,"pct_alquiler":0,"pct_electricidad":83,"pct_sin_electricidad":17,"pct_agua_red":0,"pct_alcantarillado":0,"pct_camara_septica":0,"pct_pozo_ciego":83,"pct_sin_desague":0,"pct_gas_red":0,"pct_gas_garrafa":100,"pct_lena_guano":100,"pct_basura_formal":0,"pct_basura_quema":100,"pct_basura_informal":0,"pct_internet":67,"pct_celular":100,"pct_televisor":83}},{"type":"Feature","geometry":{"type":"Polygon","coordinates":[[[-65.75622,-16.49581],[-65.7556,-16.49542],[-65.75522,-16.49597],[-65.75589,-16.49636],[-65.75622,-16.49581]]]},"properties":{"n":"SAN RAFAEL","p":25,"personas_x_ha":40,"masculinidad":127,"pct_menor20":60,"pct_60mas":0,"pct_migrante":44,"dependencia_econ":140,"pct_empleados":0,"pct_cuentapropia":100,"pct_agricultura":70,"pct_comercio":20,"pct_manufactura":0,"pct_construccion":0,"pct_transporte":0,"pct_alojamiento":0,"pct_sin_educacion":0,"pct_educ_superior":9,"brecha_educ":-25,"pct_sin_seguro":21,"pct_sus":79,"pct_seguro_privado":0,"brecha_seguro":-12,"pct_salud_publica":35,"pct_med_tradicional":7,"pct_automedicacion":25,"pct_remedios_caseros":24,"pct_viv_desocupada":12,"pct_alquiler":0,"pct_electricidad":100,"pct_sin_electricidad":0,"pct_agua_red":0,"pct_alcantarillado":17,"pct_camara_septica":0,"pct_pozo_ciego":83,"pct_sin_desague":0,"pct_gas_red":0,"pct_gas_garrafa":67,"pct_lena_guano":67,"pct_basura_formal":0,"pct_basura_quema":100,"pct_basura_informal":0,"pct_internet":83,"pct_celular":83,"pct_televisor":17}},{"type":"Feature","geometry":{"type":"Polygon","coordinates":[[[-65.75629,-16.49569],[-65.75664,-16.49506],[-65.75604,-16.49472],[-65.75565,-16.49536],[-65.75629,-16.49569]]]},"properties":{"n":"SAN RAFAEL","p":33,"personas_x_ha":51,"masculinidad":43,"pct_menor20":52,"pct_60mas":3,"pct_migrante":58,"dependencia_econ":175,"pct_empleados":0,"pct_cuentapropia":67,"pct_agricultura":75,"pct_comercio":8,"pct_manufactura":0,"pct_construccion":0,"pct_transporte":0,"pct_alojamiento":0,"pct_sin_educacion":19,"pct_educ_superior":6,"brecha_educ":-44,"pct_sin_seguro":0,"pct_sus":100,"pct_seguro_privado":0,"brecha_seguro":0,"pct_salud_publica":50,"pct_med_tradicional":8,"pct_automedicacion":20,"pct_remedios_caseros":17,"pct_viv_desocupada":0,"pct_alquiler":0,"pct_electricidad":92,"pct_sin_electricidad":8,"pct_agua_red":77,"pct_alcantarillado":0,"pct_camara_septica":0,"pct_pozo_ciego":77,"pct_sin_desague":8,"pct_gas_red":0,"pct_gas_garrafa":100,"pct_lena_guano":100,"pct_basura_formal":0,"pct_basura_quema":100,"pct_basura_informal":0,"pct_internet":77,"pct_celular":92,"pct_televisor":38}},{"type":"Feature","geometry":{"type":"Polygon","coordinates":[[[-65.75589,-16.49683],[-65.75557,-16.49739],[-65.75624,-16.49774],[-65.75651,-16.49719],[-65.75589,-16.49683]]]},"properties":{"n":"SAN RAFAEL","p":18,"personas_x_ha":31,"masculinidad":100,"pct_menor20":56,"pct_60mas":6,"pct_migrante":67,"dependencia_econ":167,"pct_empleados":0,"pct_cuentapropia":33,"pct_agricultura":100,"pct_comercio":0,"pct_manufactura":0,"pct_construccion":0,"pct_transporte":0,"pct_alojamiento":0,"pct_sin_educacion":0,"pct_educ_superior":14,"brecha_educ":60,"pct_sin_seguro":0,"pct_sus":100,"pct_seguro_privado":0,"brecha_seguro":0,"pct_salud_publica":30,"pct_med_tradicional":5,"pct_automedicacion":30,"pct_remedios_caseros":30,"pct_viv_desocupada":18,"pct_alquiler":0,"pct_electricidad":100,"pct_sin_electricidad":0,"pct_agua_red":0,"pct_alcantarillado":14,"pct_camara_septica":0,"pct_pozo_ciego":86,"pct_sin_desague":0,"pct_gas_red":0,"pct_gas_garrafa":100,"pct_lena_guano":100,"pct_basura_formal":0,"pct_basura_quema":100,"pct_basura_informal":0,"pct_internet":71,"pct_celular":100,"pct_televisor":71}},{"type":"Feature","geometry":{"type":"Polygon","coordinates":[[[-65.75483,-16.49814],[-65.75417,-16.49776],[-65.75376,-16.49843],[-65.75443,-16.49882],[-65.75483,-16.49814]]]},"properties":{"n":"SAN RAFAEL","p":25,"personas_x_ha":34,"masculinidad":92,"pct_menor20":68,"pct_60mas":0,"pct_migrante":44,"dependencia_econ":1150,"pct_empleados":0,"pct_cuentapropia":100,"pct_agricultura":0,"pct_comercio":0,"pct_manufactura":0,"pct_construccion":50,"pct_transporte":0,"pct_alojamiento":50,"pct_sin_educacion":12,"pct_educ_superior":0,"brecha_educ":-43,"pct_sin_seguro":8,"pct_sus":92,"pct_seguro_privado":0,"brecha_seguro":17,"pct_salud_publica":37,"pct_med_tradicional":8,"pct_automedicacion":22,"pct_remedios_caseros":29,"pct_viv_desocupada":0,"pct_alquiler":0,"pct_electricidad":86,"pct_sin_electricidad":14,"pct_agua_red":0,"pct_alcantarillado":0,"pct_camara_septica":0,"pct_pozo_ciego":71,"pct_sin_desague":0,"pct_gas_red":0,"pct_gas_garrafa":100,"pct_lena_guano":100,"pct_basura_formal":0,"pct_basura_quema":100,"pct_basura_informal":0,"pct_internet":71,"pct_celular":86,"pct_televisor":29}},{"type":"Feature","geometry":{"type":"Polygon","coordinates":[[[-65.7555,-16.49746],[-65.75507,-16.49813],[-65.75573,-16.49854],[-65.75613,-16.49785],[-65.7555,-16.49746]]]},"properties":{"n":"SAN RAFAEL","p":30,"personas_x_ha":40,"masculinidad":114,"pct_menor20":63,"pct_60mas":0,"pct_migrante":57,"dependencia_econ":262,"pct_empleados":0,"pct_cuentapropia":25,"pct_agricultura":100,"pct_comercio":0,"pct_manufactura":0,"pct_construccion":0,"pct_transporte":0,"pct_alojamiento":0,"pct_sin_educacion":0,"pct_educ_superior":0,"brecha_educ":-30,"pct_sin_seguro":3,"pct_sus":97,"pct_seguro_privado":0,"brecha_seguro":6,"pct_salud_publica":32,"pct_med_tradicional":11,"pct_automedicacion":18,"pct_remedios_caseros":32,"pct_viv_desocupada":0,"pct_alquiler":0,"pct_electricidad":100,"pct_sin_electricidad":0,"pct_agua_red":0,"pct_alcantarillado":22,"pct_camara_septica":0,"pct_pozo_ciego":0,"pct_sin_desague":11,"pct_gas_red":0,"pct_gas_garrafa":100,"pct_lena_guano":100,"pct_basura_formal":0,"pct_basura_quema":100,"pct_basura_informal":0,"pct_internet":67,"pct_celular":78,"pct_televisor":56}},{"type":"Feature","geometry":{"type":"Polygon","coordinates":[[[-65.75711,-16.49614],[-65.75746,-16.49552],[-65.7569,-16.49516],[-65.75651,-16.49581],[-65.75711,-16.49614]]]},"properties":{"n":"SAN RAFAEL","p":22,"personas_x_ha":36,"masculinidad":120,"pct_menor20":41,"pct_60mas":5,"pct_migrante":86,"dependencia_econ":83,"pct_empleados":8,"pct_cuentapropia":83,"pct_agricultura":83,"pct_comercio":0,"pct_manufactura":17,"pct_construccion":0,"pct_transporte":0,"pct_alojamiento":0,"pct_sin_educacion":7,"pct_educ_superior":0,"brecha_educ":-29,"pct_sin_seguro":5,"pct_sus":95,"pct_seguro_privado":0,"brecha_seguro":8,"pct_salud_publica":73,"pct_med_tradicional":0,"pct_automedicacion":17,"pct_remedios_caseros":10,"pct_viv_desocupada":14,"pct_alquiler":0,"pct_electricidad":100,"pct_sin_electricidad":0,"pct_agua_red":0,"pct_alcantarillado":0,"pct_camara_septica":0,"pct_pozo_ciego":100,"pct_sin_desague":0,"pct_gas_red":0,"pct_gas_garrafa":100,"pct_lena_guano":100,"pct_basura_formal":0,"pct_basura_quema":100,"pct_basura_informal":0,"pct_internet":0,"pct_celular":100,"pct_televisor":100}},{"type":"Feature","geometry":{"type":"Polygon","coordinates":[[[-65.48772,-16.6816],[-65.48757,-16.68239],[-65.48824,-16.68247],[-65.48836,-16.68167],[-65.48772,-16.6816]]]},"properties":{"n":"SAN SALVADOR","p":22,"personas_x_ha":34,"masculinidad":100,"pct_menor20":45,"pct_60mas":5,"pct_migrante":55,"dependencia_econ":144,"pct_empleados":0,"pct_cuentapropia":22,"pct_agricultura":78,"pct_comercio":11,"pct_manufactura":11,"pct_construccion":0,"pct_transporte":0,"pct_alojamiento":0,"pct_sin_educacion":0,"pct_educ_superior":0,"brecha_educ":-11,"pct_sin_seguro":5,"pct_sus":95,"pct_seguro_privado":0,"brecha_seguro":-9,"pct_salud_publica":32,"pct_med_tradicional":6,"pct_automedicacion":17,"pct_remedios_caseros":23,"pct_viv_desocupada":0,"pct_alquiler":0,"pct_electricidad":71,"pct_sin_electricidad":14,"pct_agua_red":0,"pct_alcantarillado":0,"pct_camara_septica":0,"pct_pozo_ciego":43,"pct_sin_desague":14,"pct_gas_red":0,"pct_gas_garrafa":86,"pct_lena_guano":86,"pct_basura_formal":0,"pct_basura_quema":100,"pct_basura_informal":0,"pct_internet":71,"pct_celular":86,"pct_televisor":57}},{"type":"Feature","geometry":{"type":"Polygon","coordinates":[[[-65.48592,-16.68148],[-65.48658,-16.68166],[-65.48665,-16.68175],[-65.48616,-16.68288],[-65.48594,-16.68275],[-65.48579,-16.68238],[-65.48592,-16.68148]]]},"properties":{"n":"SAN SALVADOR","p":22,"personas_x_ha":24,"masculinidad":100,"pct_menor20":50,"pct_60mas":0,"pct_migrante":50,"dependencia_econ":100,"pct_empleados":27,"pct_cuentapropia":36,"pct_agricultura":73,"pct_comercio":0,"pct_manufactura":9,"pct_construccion":0,"pct_transporte":0,"pct_alojamiento":9,"pct_sin_educacion":0,"pct_educ_superior":27,"brecha_educ":-33,"pct_sin_seguro":27,"pct_sus":50,"pct_seguro_privado":0,"brecha_seguro":-18,"pct_salud_publica":24,"pct_med_tradicional":5,"pct_automedicacion":18,"pct_remedios_caseros":23,"pct_viv_desocupada":0,"pct_alquiler":0,"pct_electricidad":100,"pct_sin_electricidad":0,"pct_agua_red":60,"pct_alcantarillado":0,"pct_camara_septica":20,"pct_pozo_ciego":80,"pct_sin_desague":0,"pct_gas_red":0,"pct_gas_garrafa":100,"pct_lena_guano":100,"pct_basura_formal":0,"pct_basura_quema":100,"pct_basura_informal":0,"pct_internet":80,"pct_celular":80,"pct_televisor":20}},{"type":"Feature","geometry":{"type":"Polygon","coordinates":[[[-65.4876,-16.6816],[-65.48687,-16.6815],[-65.48666,-16.68224],[-65.48742,-16.68237],[-65.4876,-16.6816]]]},"properties":{"n":"SAN SALVADOR","p":31,"personas_x_ha":44,"masculinidad":121,"pct_menor20":58,"pct_60mas":6,"pct_migrante":32,"dependencia_econ":107,"pct_empleados":0,"pct_cuentapropia":67,"pct_agricultura":87,"pct_comercio":7,"pct_manufactura":0,"pct_construccion":0,"pct_transporte":0,"pct_alojamiento":0,"pct_sin_educacion":7,"pct_educ_superior":0,"brecha_educ":-23,"pct_sin_seguro":16,"pct_sus":84,"pct_seguro_privado":0,"brecha_seguro":3,"pct_salud_publica":31,"pct_med_tradicional":8,"pct_automedicacion":22,"pct_remedios_caseros":23,"pct_viv_desocupada":27,"pct_alquiler":0,"pct_electricidad":88,"pct_sin_electricidad":0,"pct_agua_red":25,"pct_alcantarillado":0,"pct_camara_septica":25,"pct_pozo_ciego":62,"pct_sin_desague":12,"pct_gas_red":0,"pct_gas_garrafa":88,"pct_lena_guano":88,"pct_basura_formal":0,"pct_basura_quema":100,"pct_basura_informal":0,"pct_internet":75,"pct_celular":88,"pct_televisor":38}},{"type":"Feature","geometry":{"type":"Polygon","coordinates":[[[-65.48707,-16.68063],[-65.48688,-16.68145],[-65.48759,-16.68152],[-65.48778,-16.68074],[-65.48707,-16.68063]]]},"properties":{"n":"SAN SALVADOR","p":18,"personas_x_ha":25,"masculinidad":100,"pct_menor20":39,"pct_60mas":11,"pct_migrante":0,"dependencia_econ":80,"pct_empleados":0,"pct_cuentapropia":100,"pct_agricultura":60,"pct_comercio":30,"pct_manufactura":0,"pct_construccion":0,"pct_transporte":10,"pct_alojamiento":0,"pct_sin_educacion":0,"pct_educ_superior":9,"brecha_educ":7,"pct_sin_seguro":39,"pct_sus":0,"pct_seguro_privado":61,"brecha_seguro":11,"pct_salud_publica":60,"pct_med_tradicional":0,"pct_automedicacion":0,"pct_remedios_caseros":30,"pct_viv_desocupada":10,"pct_alquiler":0,"pct_electricidad":100,"pct_sin_electricidad":0,"pct_agua_red":60,"pct_alcantarillado":0,"pct_camara_septica":0,"pct_pozo_ciego":100,"pct_sin_desague":0,"pct_gas_red":0,"pct_gas_garrafa":100,"pct_lena_guano":100,"pct_basura_formal":0,"pct_basura_quema":100,"pct_basura_informal":0,"pct_internet":100,"pct_celular":100,"pct_televisor":60}},{"type":"Feature","geometry":{"type":"Polygon","coordinates":[[[-65.39873,-16.94555],[-65.39897,-16.94526],[-65.39873,-16.94554],[-65.39859,-16.94503],[-65.39935,-16.94429],[-65.39948,-16.94429],[-65.39976,-16.94522],[-65.39973,-16.94531],[-65.39894,-16.94619],[-65.39873,-16.94555]]]},"properties":{"n":"SANTA ELENA","p":38,"personas_x_ha":26,"masculinidad":73,"pct_menor20":47,"pct_60mas":5,"pct_migrante":26,"dependencia_econ":73,"pct_empleados":27,"pct_cuentapropia":64,"pct_agricultura":23,"pct_comercio":45,"pct_manufactura":5,"pct_construccion":9,"pct_transporte":0,"pct_alojamiento":5,"pct_sin_educacion":0,"pct_educ_superior":33,"brecha_educ":-8,"pct_sin_seguro":0,"pct_sus":76,"pct_seguro_privado":0,"brecha_seguro":0,"pct_salud_publica":27,"pct_med_tradicional":13,"pct_automedicacion":24,"pct_remedios_caseros":23,"pct_viv_desocupada":8,"pct_alquiler":10,"pct_electricidad":90,"pct_sin_electricidad":10,"pct_agua_red":80,"pct_alcantarillado":0,"pct_camara_septica":40,"pct_pozo_ciego":60,"pct_sin_desague":0,"pct_gas_red":0,"pct_gas_garrafa":100,"pct_lena_guano":100,"pct_basura_formal":30,"pct_basura_quema":70,"pct_basura_informal":0,"pct_internet":90,"pct_celular":90,"pct_televisor":50}},{"type":"Feature","geometry":{"type":"Polygon","coordinates":[[[-65.39947,-16.94156],[-65.40042,-16.93991],[-65.39965,-16.93944],[-65.3986,-16.94106],[-65.39864,-16.94122],[-65.39889,-16.94122],[-65.39865,-16.94123],[-65.39873,-16.9415],[-65.39895,-16.94149],[-65.39873,-16.94151],[-65.39885,-16.94191],[-65.39904,-16.94178],[-65.39886,-16.94192],[-65.39899,-16.94237],[-65.39908,-16.94236],[-65.39946,-16.94157],[-65.39933,-16.94144],[-65.39947,-16.94156]]]},"properties":{"n":"SANTA ELENA","p":20,"personas_x_ha":7,"masculinidad":150,"pct_menor20":40,"pct_60mas":10,"pct_migrante":55,"dependencia_econ":100,"pct_empleados":40,"pct_cuentapropia":40,"pct_agricultura":60,"pct_comercio":10,"pct_manufactura":10,"pct_construccion":0,"pct_transporte":20,"pct_alojamiento":0,"pct_sin_educacion":8,"pct_educ_superior":31,"brecha_educ":-12,"pct_sin_seguro":5,"pct_sus":85,"pct_seguro_privado":0,"brecha_seguro":8,"pct_salud_publica":22,"pct_med_tradicional":6,"pct_automedicacion":28,"pct_remedios_caseros":28,"pct_viv_desocupada":0,"pct_alquiler":0,"pct_electricidad":100,"pct_sin_electricidad":0,"pct_agua_red":100,"pct_alcantarillado":0,"pct_camara_septica":57,"pct_pozo_ciego":43,"pct_sin_desague":0,"pct_gas_red":0,"pct_gas_garrafa":100,"pct_lena_guano":100,"pct_basura_formal":14,"pct_basura_quema":86,"pct_basura_informal":0,"pct_internet":86,"pct_celular":100,"pct_televisor":57}},{"type":"Feature","geometry":{"type":"Polygon","coordinates":[[[-65.40031,-16.94218],[-65.40152,-16.94272],[-65.40139,-16.94346],[-65.4,-16.94282],[-65.40031,-16.94218]]]},"properties":{"n":"SANTA ELENA","p":34,"personas_x_ha":27,"masculinidad":55,"pct_menor20":38,"pct_60mas":9,"pct_migrante":65,"dependencia_econ":100,"pct_empleados":12,"pct_cuentapropia":82,"pct_agricultura":35,"pct_comercio":29,"pct_manufactura":12,"pct_construccion":0,"pct_transporte":12,"pct_alojamiento":12,"pct_sin_educacion":13,"pct_educ_superior":22,"brecha_educ":-2,"pct_sin_seguro":6,"pct_sus":94,"pct_seguro_privado":0,"brecha_seguro":4,"pct_salud_publica":24,"pct_med_tradicional":16,"pct_automedicacion":25,"pct_remedios_caseros":22,"pct_viv_desocupada":8,"pct_alquiler":0,"pct_electricidad":100,"pct_sin_electricidad":0,"pct_agua_red":42,"pct_alcantarillado":0,"pct_camara_septica":50,"pct_pozo_ciego":50,"pct_sin_desague":0,"pct_gas_red":17,"pct_gas_garrafa":83,"pct_lena_guano":83,"pct_basura_formal":100,"pct_basura_quema":0,"pct_basura_informal":0,"pct_internet":100,"pct_celular":100,"pct_televisor":100}},{"type":"Feature","geometry":{"type":"Polygon","coordinates":[[[-65.40149,-16.94355],[-65.40182,-16.94364],[-65.40223,-16.94261],[-65.40175,-16.9423],[-65.40149,-16.94355]]]},"properties":{"n":"SANTA ELENA","p":39,"personas_x_ha":60,"masculinidad":117,"pct_menor20":46,"pct_60mas":3,"pct_migrante":64,"dependencia_econ":225,"pct_empleados":17,"pct_cuentapropia":75,"pct_agricultura":83,"pct_comercio":0,"pct_manufactura":0,"pct_construccion":0,"pct_transporte":8,"pct_alojamiento":0,"pct_sin_educacion":0,"pct_educ_superior":5,"brecha_educ":-55,"pct_sin_seguro":3,"pct_sus":77,"pct_seguro_privado":0,"brecha_seguro":5,"pct_salud_publica":24,"pct_med_tradicional":15,"pct_automedicacion":27,"pct_remedios_caseros":26,"pct_viv_desocupada":8,"pct_alquiler":20,"pct_electricidad":100,"pct_sin_electricidad":0,"pct_agua_red":100,"pct_alcantarillado":0,"pct_camara_septica":100,"pct_pozo_ciego":0,"pct_sin_desague":0,"pct_gas_red":0,"pct_gas_garrafa":100,"pct_lena_guano":100,"pct_basura_formal":70,"pct_basura_quema":30,"pct_basura_informal":0,"pct_internet":20,"pct_celular":100,"pct_televisor":80}},{"type":"Feature","geometry":{"type":"Polygon","coordinates":[[[-65.40116,-16.94567],[-65.40114,-16.94468],[-65.40029,-16.94637],[-65.40033,-16.94648],[-65.40049,-16.94658],[-65.40064,-16.94636],[-65.4005,-16.94658],[-65.40055,-16.94661],[-65.40116,-16.94567]]]},"properties":{"n":"SANTA ELENA","p":45,"personas_x_ha":60,"masculinidad":55,"pct_menor20":38,"pct_60mas":2,"pct_migrante":36,"dependencia_econ":88,"pct_empleados":25,"pct_cuentapropia":38,"pct_agricultura":67,"pct_comercio":4,"pct_manufactura":4,"pct_construccion":0,"pct_transporte":0,"pct_alojamiento":0,"pct_sin_educacion":14,"pct_educ_superior":43,"brecha_educ":-11,"pct_sin_seguro":0,"pct_sus":81,"pct_seguro_privado":0,"brecha_seguro":0,"pct_salud_publica":53,"pct_med_tradicional":14,"pct_automedicacion":10,"pct_remedios_caseros":17,"pct_viv_desocupada":8,"pct_alquiler":0,"pct_electricidad":100,"pct_sin_electricidad":0,"pct_agua_red":50,"pct_alcantarillado":0,"pct_camara_septica":33,"pct_pozo_ciego":67,"pct_sin_desague":0,"pct_gas_red":42,"pct_gas_garrafa":58,"pct_lena_guano":58,"pct_basura_formal":67,"pct_basura_quema":33,"pct_basura_informal":0,"pct_internet":75,"pct_celular":100,"pct_televisor":75}},{"type":"Feature","geometry":{"type":"Polygon","coordinates":[[[-65.40031,-16.94605],[-65.40108,-16.94464],[-65.40047,-16.94434],[-65.40009,-16.94511],[-65.40031,-16.94605]]]},"properties":{"n":"SANTA ELENA","p":38,"personas_x_ha":38,"masculinidad":90,"pct_menor20":42,"pct_60mas":5,"pct_migrante":37,"dependencia_econ":90,"pct_empleados":25,"pct_cuentapropia":65,"pct_agricultura":65,"pct_comercio":10,"pct_manufactura":5,"pct_construccion":5,"pct_transporte":10,"pct_alojamiento":0,"pct_sin_educacion":36,"pct_educ_superior":5,"brecha_educ":-9,"pct_sin_seguro":11,"pct_sus":81,"pct_seguro_privado":3,"brecha_seguro":1,"pct_salud_publica":83,"pct_med_tradicional":0,"pct_automedicacion":10,"pct_remedios_caseros":0,"pct_viv_desocupada":14,"pct_alquiler":13,"pct_electricidad":100,"pct_sin_electricidad":0,"pct_agua_red":33,"pct_alcantarillado":0,"pct_camara_septica":27,"pct_pozo_ciego":67,"pct_sin_desague":7,"pct_gas_red":47,"pct_gas_garrafa":53,"pct_lena_guano":53,"pct_basura_formal":87,"pct_basura_quema":7,"pct_basura_informal":0,"pct_internet":47,"pct_celular":73,"pct_televisor":73}},{"type":"Feature","geometry":{"type":"Polygon","coordinates":[[[-65.47365,-16.87402],[-65.47351,-16.87328],[-65.47302,-16.87348],[-65.47251,-16.87434],[-65.47318,-16.87484],[-65.47365,-16.87402]]]},"properties":{"n":"SANTA ROSA","p":25,"personas_x_ha":21,"masculinidad":47,"pct_menor20":44,"pct_60mas":8,"pct_migrante":60,"dependencia_econ":150,"pct_empleados":30,"pct_cuentapropia":70,"pct_agricultura":80,"pct_comercio":0,"pct_manufactura":10,"pct_construccion":0,"pct_transporte":0,"pct_alojamiento":0,"pct_sin_educacion":14,"pct_educ_superior":0,"brecha_educ":10,"pct_sin_seguro":16,"pct_sus":80,"pct_seguro_privado":0,"brecha_seguro":32,"pct_salud_publica":92,"pct_med_tradicional":0,"pct_automedicacion":4,"pct_remedios_caseros":0,"pct_viv_desocupada":0,"pct_alquiler":18,"pct_electricidad":100,"pct_sin_electricidad":0,"pct_agua_red":36,"pct_alcantarillado":9,"pct_camara_septica":9,"pct_pozo_ciego":73,"pct_sin_desague":9,"pct_gas_red":0,"pct_gas_garrafa":100,"pct_lena_guano":100,"pct_basura_formal":0,"pct_basura_quema":100,"pct_basura_informal":0,"pct_internet":64,"pct_celular":82,"pct_televisor":73}},{"type":"Feature","geometry":{"type":"Polygon","coordinates":[[[-65.47349,-16.87315],[-65.47335,-16.87267],[-65.47321,-16.87282],[-65.47316,-16.87279],[-65.47332,-16.87262],[-65.47133,-16.87087],[-65.47095,-16.87157],[-65.47303,-16.87339],[-65.47349,-16.87315]]]},"properties":{"n":"SANTA ROSA","p":52,"personas_x_ha":20,"masculinidad":160,"pct_menor20":46,"pct_60mas":13,"pct_migrante":69,"dependencia_econ":79,"pct_empleados":7,"pct_cuentapropia":76,"pct_agricultura":48,"pct_comercio":24,"pct_manufactura":7,"pct_construccion":3,"pct_transporte":3,"pct_alojamiento":3,"pct_sin_educacion":3,"pct_educ_superior":23,"brecha_educ":-26,"pct_sin_seguro":6,"pct_sus":92,"pct_seguro_privado":0,"brecha_seguro":-7,"pct_salud_publica":31,"pct_med_tradicional":11,"pct_automedicacion":24,"pct_remedios_caseros":24,"pct_viv_desocupada":6,"pct_alquiler":29,"pct_electricidad":94,"pct_sin_electricidad":6,"pct_agua_red":41,"pct_alcantarillado":0,"pct_camara_septica":6,"pct_pozo_ciego":76,"pct_sin_desague":12,"pct_gas_red":0,"pct_gas_garrafa":94,"pct_lena_guano":94,"pct_basura_formal":0,"pct_basura_quema":94,"pct_basura_informal":0,"pct_internet":47,"pct_celular":53,"pct_televisor":65}},{"type":"Feature","geometry":{"type":"Polygon","coordinates":[[[-65.47211,-16.87326],[-65.47232,-16.8734],[-65.47208,-16.87331],[-65.47182,-16.87378],[-65.47243,-16.87425],[-65.47292,-16.87345],[-65.47228,-16.87295],[-65.47211,-16.87326]]]},"properties":{"n":"SANTA ROSA","p":32,"personas_x_ha":37,"masculinidad":100,"pct_menor20":50,"pct_60mas":0,"pct_migrante":47,"dependencia_econ":78,"pct_empleados":22,"pct_cuentapropia":61,"pct_agricultura":89,"pct_comercio":0,"pct_manufactura":6,"pct_construccion":0,"pct_transporte":0,"pct_alojamiento":6,"pct_sin_educacion":12,"pct_educ_superior":12,"brecha_educ":-38,"pct_sin_seguro":3,"pct_sus":94,"pct_seguro_privado":0,"brecha_seguro":6,"pct_salud_publica":25,"pct_med_tradicional":5,"pct_automedicacion":22,"pct_remedios_caseros":25,"pct_viv_desocupada":0,"pct_alquiler":12,"pct_electricidad":100,"pct_sin_electricidad":0,"pct_agua_red":12,"pct_alcantarillado":0,"pct_camara_septica":0,"pct_pozo_ciego":88,"pct_sin_desague":12,"pct_gas_red":0,"pct_gas_garrafa":100,"pct_lena_guano":100,"pct_basura_formal":0,"pct_basura_quema":88,"pct_basura_informal":0,"pct_internet":88,"pct_celular":100,"pct_televisor":75}},{"type":"Feature","geometry":{"type":"Polygon","coordinates":[[[-65.47651,-16.87357],[-65.47538,-16.87301],[-65.47489,-16.87385],[-65.47592,-16.87468],[-65.47651,-16.87357]]]},"properties":{"n":"SANTA ROSA","p":16,"personas_x_ha":10,"masculinidad":60,"pct_menor20":31,"pct_60mas":0,"pct_migrante":62,"dependencia_econ":114,"pct_empleados":29,"pct_cuentapropia":71,"pct_agricultura":43,"pct_comercio":0,"pct_manufactura":0,"pct_construccion":0,"pct_transporte":0,"pct_alojamiento":0,"pct_sin_educacion":0,"pct_educ_superior":36,"brecha_educ":-25,"pct_sin_seguro":13,"pct_sus":67,"pct_seguro_privado":0,"brecha_seguro":10,"pct_salud_publica":22,"pct_med_tradicional":22,"pct_automedicacion":24,"pct_remedios_caseros":22,"pct_viv_desocupada":38,"pct_alquiler":20,"pct_electricidad":100,"pct_sin_electricidad":0,"pct_agua_red":80,"pct_alcantarillado":0,"pct_camara_septica":0,"pct_pozo_ciego":100,"pct_sin_desague":0,"pct_gas_red":0,"pct_gas_garrafa":100,"pct_lena_guano":100,"pct_basura_formal":0,"pct_basura_quema":100,"pct_basura_informal":0,"pct_internet":100,"pct_celular":100,"pct_televisor":80}},{"type":"Feature","geometry":{"type":"Polygon","coordinates":[[[-65.47329,-16.87098],[-65.47414,-16.86942],[-65.47348,-16.86889],[-65.47301,-16.8697],[-65.47329,-16.87098]]]},"properties":{"n":"SANTA ROSA","p":24,"personas_x_ha":17,"masculinidad":118,"pct_menor20":58,"pct_60mas":0,"pct_migrante":50,"dependencia_econ":300,"pct_empleados":0,"pct_cuentapropia":83,"pct_agricultura":33,"pct_comercio":0,"pct_manufactura":17,"pct_construccion":17,"pct_transporte":0,"pct_alojamiento":17,"pct_sin_educacion":10,"pct_educ_superior":10,"brecha_educ":-67,"pct_sin_seguro":12,"pct_sus":88,"pct_seguro_privado":0,"brecha_seguro":23,"pct_salud_publica":24,"pct_med_tradicional":10,"pct_automedicacion":22,"pct_remedios_caseros":24,"pct_viv_desocupada":40,"pct_alquiler":0,"pct_electricidad":100,"pct_sin_electricidad":0,"pct_agua_red":17,"pct_alcantarillado":0,"pct_camara_septica":0,"pct_pozo_ciego":83,"pct_sin_desague":0,"pct_gas_red":0,"pct_gas_garrafa":100,"pct_lena_guano":100,"pct_basura_formal":0,"pct_basura_quema":100,"pct_basura_informal":0,"pct_internet":83,"pct_celular":83,"pct_televisor":67}},{"type":"Feature","geometry":{"type":"Polygon","coordinates":[[[-65.47296,-16.86798],[-65.47269,-16.86803],[-65.4726,-16.86752],[-65.47305,-16.86733],[-65.47363,-16.86848],[-65.47298,-16.86957],[-65.47276,-16.86841],[-65.47305,-16.8683],[-65.47296,-16.86798]]]},"properties":{"n":"SANTA ROSA","p":27,"personas_x_ha":21,"masculinidad":42,"pct_menor20":52,"pct_60mas":7,"pct_migrante":52,"dependencia_econ":238,"pct_empleados":0,"pct_cuentapropia":75,"pct_agricultura":62,"pct_comercio":12,"pct_manufactura":0,"pct_construccion":0,"pct_transporte":0,"pct_alojamiento":0,"pct_sin_educacion":8,"pct_educ_superior":31,"brecha_educ":-67,"pct_sin_seguro":0,"pct_sus":96,"pct_seguro_privado":0,"brecha_seguro":0,"pct_salud_publica":27,"pct_med_tradicional":6,"pct_automedicacion":26,"pct_remedios_caseros":23,"pct_viv_desocupada":12,"pct_alquiler":8,"pct_electricidad":100,"pct_sin_electricidad":0,"pct_agua_red":85,"pct_alcantarillado":0,"pct_camara_septica":23,"pct_pozo_ciego":69,"pct_sin_desague":8,"pct_gas_red":0,"pct_gas_garrafa":100,"pct_lena_guano":100,"pct_basura_formal":0,"pct_basura_quema":100,"pct_basura_informal":0,"pct_internet":62,"pct_celular":69,"pct_televisor":62}},{"type":"Feature","geometry":{"type":"Polygon","coordinates":[[[-65.47509,-16.87518],[-65.47479,-16.87491],[-65.47484,-16.87483],[-65.47518,-16.87504],[-65.47548,-16.87449],[-65.47367,-16.87293],[-65.47397,-16.87543],[-65.47462,-16.87597],[-65.47509,-16.87518]]]},"properties":{"n":"SANTA ROSA","p":33,"personas_x_ha":10,"masculinidad":106,"pct_menor20":45,"pct_60mas":0,"pct_migrante":33,"dependencia_econ":74,"pct_empleados":26,"pct_cuentapropia":58,"pct_agricultura":37,"pct_comercio":16,"pct_manufactura":0,"pct_construccion":0,"pct_transporte":11,"pct_alojamiento":0,"pct_sin_educacion":6,"pct_educ_superior":33,"brecha_educ":11,"pct_sin_seguro":3,"pct_sus":79,"pct_seguro_privado":0,"brecha_seguro":6,"pct_salud_publica":24,"pct_med_tradicional":15,"pct_automedicacion":14,"pct_remedios_caseros":16,"pct_viv_desocupada":0,"pct_alquiler":22,"pct_electricidad":100,"pct_sin_electricidad":0,"pct_agua_red":56,"pct_alcantarillado":0,"pct_camara_septica":33,"pct_pozo_ciego":67,"pct_sin_desague":0,"pct_gas_red":0,"pct_gas_garrafa":100,"pct_lena_guano":100,"pct_basura_formal":0,"pct_basura_quema":100,"pct_basura_informal":0,"pct_internet":89,"pct_celular":100,"pct_televisor":89}},{"type":"Feature","geometry":{"type":"Polygon","coordinates":[[[-65.4742,-16.87319],[-65.47466,-16.87242],[-65.47532,-16.87296],[-65.47483,-16.87375],[-65.4742,-16.87319]]]},"properties":{"n":"SANTA ROSA","p":29,"personas_x_ha":32,"masculinidad":81,"pct_menor20":48,"pct_60mas":7,"pct_migrante":38,"dependencia_econ":81,"pct_empleados":19,"pct_cuentapropia":81,"pct_agricultura":81,"pct_comercio":6,"pct_manufactura":0,"pct_construccion":0,"pct_transporte":0,"pct_alojamiento":12,"pct_sin_educacion":6,"pct_educ_superior":25,"brecha_educ":-16,"pct_sin_seguro":3,"pct_sus":86,"pct_seguro_privado":0,"brecha_seguro":8,"pct_salud_publica":28,"pct_med_tradicional":14,"pct_automedicacion":20,"pct_remedios_caseros":28,"pct_viv_desocupada":15,"pct_alquiler":9,"pct_electricidad":82,"pct_sin_electricidad":0,"pct_agua_red":36,"pct_alcantarillado":0,"pct_camara_septica":0,"pct_pozo_ciego":100,"pct_sin_desague":0,"pct_gas_red":0,"pct_gas_garrafa":100,"pct_lena_guano":100,"pct_basura_formal":9,"pct_basura_quema":91,"pct_basura_informal":0,"pct_internet":91,"pct_celular":100,"pct_televisor":82}},{"type":"Feature","geometry":{"type":"Polygon","coordinates":[[[-65.47218,-16.8714],[-65.47293,-16.87013],[-65.47279,-16.86935],[-65.47237,-16.86936],[-65.47134,-16.87066],[-65.47218,-16.8714]]]},"properties":{"n":"SANTA ROSA","p":62,"personas_x_ha":30,"masculinidad":68,"pct_menor20":56,"pct_60mas":10,"pct_migrante":63,"dependencia_econ":158,"pct_empleados":12,"pct_cuentapropia":67,"pct_agricultura":67,"pct_comercio":25,"pct_manufactura":4,"pct_construccion":0,"pct_transporte":0,"pct_alojamiento":0,"pct_sin_educacion":10,"pct_educ_superior":3,"brecha_educ":-26,"pct_sin_seguro":3,"pct_sus":92,"pct_seguro_privado":0,"brecha_seguro":-5,"pct_salud_publica":34,"pct_med_tradicional":1,"pct_automedicacion":30,"pct_remedios_caseros":22,"pct_viv_desocupada":0,"pct_alquiler":13,"pct_electricidad":87,"pct_sin_electricidad":7,"pct_agua_red":20,"pct_alcantarillado":0,"pct_camara_septica":0,"pct_pozo_ciego":93,"pct_sin_desague":7,"pct_gas_red":0,"pct_gas_garrafa":93,"pct_lena_guano":93,"pct_basura_formal":0,"pct_basura_quema":93,"pct_basura_informal":0,"pct_internet":47,"pct_celular":87,"pct_televisor":60}},{"type":"Feature","geometry":{"type":"Polygon","coordinates":[[[-65.47414,-16.87311],[-65.47358,-16.87267],[-65.47352,-16.8724],[-65.4737,-16.8723],[-65.47397,-16.87181],[-65.47459,-16.87234],[-65.47414,-16.87311]]]},"properties":{"n":"SANTA ROSA","p":33,"personas_x_ha":38,"masculinidad":74,"pct_menor20":48,"pct_60mas":9,"pct_migrante":52,"dependencia_econ":83,"pct_empleados":11,"pct_cuentapropia":78,"pct_agricultura":56,"pct_comercio":17,"pct_manufactura":0,"pct_construccion":0,"pct_transporte":6,"pct_alojamiento":17,"pct_sin_educacion":0,"pct_educ_superior":24,"brecha_educ":29,"pct_sin_seguro":9,"pct_sus":91,"pct_seguro_privado":0,"brecha_seguro":9,"pct_salud_publica":28,"pct_med_tradicional":15,"pct_automedicacion":13,"pct_remedios_caseros":19,"pct_viv_desocupada":21,"pct_alquiler":0,"pct_electricidad":100,"pct_sin_electricidad":0,"pct_agua_red":18,"pct_alcantarillado":9,"pct_camara_septica":27,"pct_pozo_ciego":27,"pct_sin_desague":27,"pct_gas_red":0,"pct_gas_garrafa":100,"pct_lena_guano":100,"pct_basura_formal":0,"pct_basura_quema":100,"pct_basura_informal":0,"pct_internet":73,"pct_celular":91,"pct_televisor":64}},{"type":"Feature","geometry":{"type":"Polygon","coordinates":[[[-65.47334,-16.87237],[-65.47316,-16.87153],[-65.47303,-16.87156],[-65.47299,-16.8715],[-65.47315,-16.87147],[-65.47291,-16.87032],[-65.47224,-16.87148],[-65.47327,-16.87242],[-65.47334,-16.87237]]]},"properties":{"n":"SANTA ROSA","p":45,"personas_x_ha":38,"masculinidad":80,"pct_menor20":44,"pct_60mas":11,"pct_migrante":56,"dependencia_econ":114,"pct_empleados":10,"pct_cuentapropia":62,"pct_agricultura":71,"pct_comercio":5,"pct_manufactura":5,"pct_construccion":0,"pct_transporte":5,"pct_alojamiento":5,"pct_sin_educacion":12,"pct_educ_superior":20,"brecha_educ":-4,"pct_sin_seguro":2,"pct_sus":87,"pct_seguro_privado":0,"brecha_seguro":-4,"pct_salud_publica":32,"pct_med_tradicional":14,"pct_automedicacion":17,"pct_remedios_caseros":23,"pct_viv_desocupada":12,"pct_alquiler":26,"pct_electricidad":95,"pct_sin_electricidad":5,"pct_agua_red":47,"pct_alcantarillado":5,"pct_camara_septica":11,"pct_pozo_ciego":74,"pct_sin_desague":11,"pct_gas_red":0,"pct_gas_garrafa":95,"pct_lena_guano":95,"pct_basura_formal":0,"pct_basura_quema":89,"pct_basura_informal":0,"pct_internet":58,"pct_celular":84,"pct_televisor":58}},{"type":"Feature","geometry":{"type":"Polygon","coordinates":[[[-65.47439,-16.87084],[-65.47375,-16.8703],[-65.47328,-16.87115],[-65.47351,-16.8723],[-65.47368,-16.8722],[-65.47439,-16.87084]]]},"properties":{"n":"SANTA ROSA","p":33,"personas_x_ha":24,"masculinidad":120,"pct_menor20":33,"pct_60mas":9,"pct_migrante":42,"dependencia_econ":106,"pct_empleados":0,"pct_cuentapropia":94,"pct_agricultura":62,"pct_comercio":0,"pct_manufactura":19,"pct_construccion":0,"pct_transporte":0,"pct_alojamiento":6,"pct_sin_educacion":4,"pct_educ_superior":13,"brecha_educ":14,"pct_sin_seguro":12,"pct_sus":88,"pct_seguro_privado":0,"brecha_seguro":-2,"pct_salud_publica":52,"pct_med_tradicional":5,"pct_automedicacion":17,"pct_remedios_caseros":11,"pct_viv_desocupada":20,"pct_alquiler":8,"pct_electricidad":92,"pct_sin_electricidad":0,"pct_agua_red":58,"pct_alcantarillado":8,"pct_camara_septica":0,"pct_pozo_ciego":75,"pct_sin_desague":17,"pct_gas_red":0,"pct_gas_garrafa":92,"pct_lena_guano":92,"pct_basura_formal":8,"pct_basura_quema":92,"pct_basura_informal":0,"pct_internet":58,"pct_celular":83,"pct_televisor":67}},{"type":"Feature","geometry":{"type":"Polygon","coordinates":[[[-65.25452,-16.708],[-65.25431,-16.70745],[-65.2521,-16.70757],[-65.25232,-16.70821],[-65.25452,-16.708]]]},"properties":{"n":"SANTIVAÑEZ","p":86,"personas_x_ha":55,"masculinidad":105,"pct_menor20":55,"pct_60mas":3,"pct_migrante":56,"dependencia_econ":129,"pct_empleados":9,"pct_cuentapropia":53,"pct_agricultura":76,"pct_comercio":6,"pct_manufactura":3,"pct_construccion":0,"pct_transporte":0,"pct_alojamiento":0,"pct_sin_educacion":8,"pct_educ_superior":6,"brecha_educ":5,"pct_sin_seguro":3,"pct_sus":96,"pct_seguro_privado":0,"brecha_seguro":5,"pct_salud_publica":31,"pct_med_tradicional":14,"pct_automedicacion":11,"pct_remedios_caseros":21,"pct_viv_desocupada":10,"pct_alquiler":8,"pct_electricidad":81,"pct_sin_electricidad":19,"pct_agua_red":12,"pct_alcantarillado":12,"pct_camara_septica":4,"pct_pozo_ciego":54,"pct_sin_desague":31,"pct_gas_red":0,"pct_gas_garrafa":96,"pct_lena_guano":96,"pct_basura_formal":0,"pct_basura_quema":96,"pct_basura_informal":8,"pct_internet":62,"pct_celular":96,"pct_televisor":46}},{"type":"Feature","geometry":{"type":"Polygon","coordinates":[[[-65.25344,-16.70816],[-65.25239,-16.70826],[-65.25269,-16.70914],[-65.25374,-16.70896],[-65.25344,-16.70816]]]},"properties":{"n":"SANTIVAÑEZ","p":32,"personas_x_ha":28,"masculinidad":129,"pct_menor20":47,"pct_60mas":6,"pct_migrante":66,"dependencia_econ":146,"pct_empleados":15,"pct_cuentapropia":85,"pct_agricultura":62,"pct_comercio":0,"pct_manufactura":8,"pct_construccion":0,"pct_transporte":0,"pct_alojamiento":0,"pct_sin_educacion":18,"pct_educ_superior":18,"brecha_educ":7,"pct_sin_seguro":0,"pct_sus":87,"pct_seguro_privado":0,"brecha_seguro":0,"pct_salud_publica":58,"pct_med_tradicional":8,"pct_automedicacion":15,"pct_remedios_caseros":8,"pct_viv_desocupada":12,"pct_alquiler":0,"pct_electricidad":92,"pct_sin_electricidad":8,"pct_agua_red":23,"pct_alcantarillado":8,"pct_camara_septica":15,"pct_pozo_ciego":54,"pct_sin_desague":15,"pct_gas_red":0,"pct_gas_garrafa":100,"pct_lena_guano":100,"pct_basura_formal":0,"pct_basura_quema":100,"pct_basura_informal":0,"pct_internet":77,"pct_celular":77,"pct_televisor":46}},{"type":"Feature","geometry":{"type":"Polygon","coordinates":[[[-65.25459,-16.7081],[-65.25353,-16.70813],[-65.25379,-16.70894],[-65.25491,-16.7089],[-65.25459,-16.7081]]]},"properties":{"n":"SANTIVAÑEZ","p":22,"personas_x_ha":20,"masculinidad":120,"pct_menor20":41,"pct_60mas":0,"pct_migrante":82,"dependencia_econ":47,"pct_empleados":27,"pct_cuentapropia":53,"pct_agricultura":80,"pct_comercio":13,"pct_manufactura":0,"pct_construccion":0,"pct_transporte":0,"pct_alojamiento":0,"pct_sin_educacion":15,"pct_educ_superior":0,"brecha_educ":12,"pct_sin_seguro":0,"pct_sus":100,"pct_seguro_privado":0,"brecha_seguro":0,"pct_salud_publica":21,"pct_med_tradicional":16,"pct_automedicacion":19,"pct_remedios_caseros":14,"pct_viv_desocupada":6,"pct_alquiler":0,"pct_electricidad":92,"pct_sin_electricidad":0,"pct_agua_red":33,"pct_alcantarillado":8,"pct_camara_septica":33,"pct_pozo_ciego":33,"pct_sin_desague":25,"pct_gas_red":0,"pct_gas_garrafa":92,"pct_lena_guano":92,"pct_basura_formal":0,"pct_basura_quema":92,"pct_basura_informal":0,"pct_internet":58,"pct_celular":83,"pct_televisor":67}},{"type":"Feature","geometry":{"type":"Polygon","coordinates":[[[-65.88696,-16.43587],[-65.88761,-16.43537],[-65.88711,-16.43484],[-65.8865,-16.43533],[-65.88696,-16.43587]]]},"properties":{"n":"SINDICATO ICHOA","p":37,"personas_x_ha":51,"masculinidad":61,"pct_menor20":41,"pct_60mas":0,"pct_migrante":76,"dependencia_econ":76,"pct_empleados":5,"pct_cuentapropia":57,"pct_agricultura":67,"pct_comercio":19,"pct_manufactura":0,"pct_construccion":0,"pct_transporte":5,"pct_alojamiento":5,"pct_sin_educacion":5,"pct_educ_superior":5,"brecha_educ":15,"pct_sin_seguro":11,"pct_sus":89,"pct_seguro_privado":0,"brecha_seguro":-6,"pct_salud_publica":14,"pct_med_tradicional":16,"pct_automedicacion":15,"pct_remedios_caseros":17,"pct_viv_desocupada":21,"pct_alquiler":7,"pct_electricidad":93,"pct_sin_electricidad":7,"pct_agua_red":0,"pct_alcantarillado":0,"pct_camara_septica":0,"pct_pozo_ciego":93,"pct_sin_desague":7,"pct_gas_red":0,"pct_gas_garrafa":100,"pct_lena_guano":100,"pct_basura_formal":0,"pct_basura_quema":93,"pct_basura_informal":0,"pct_internet":67,"pct_celular":87,"pct_televisor":73}},{"type":"Feature","geometry":{"type":"Polygon","coordinates":[[[-65.88829,-16.43493],[-65.88778,-16.4354],[-65.88814,-16.43577],[-65.88875,-16.43526],[-65.88859,-16.43504],[-65.88829,-16.43493]]]},"properties":{"n":"SINDICATO ICHOA","p":40,"personas_x_ha":79,"masculinidad":111,"pct_menor20":40,"pct_60mas":12,"pct_migrante":65,"dependencia_econ":67,"pct_empleados":8,"pct_cuentapropia":67,"pct_agricultura":79,"pct_comercio":8,"pct_manufactura":0,"pct_construccion":0,"pct_transporte":0,"pct_alojamiento":0,"pct_sin_educacion":12,"pct_educ_superior":16,"brecha_educ":-13,"pct_sin_seguro":2,"pct_sus":90,"pct_seguro_privado":0,"brecha_seguro":5,"pct_salud_publica":26,"pct_med_tradicional":15,"pct_automedicacion":13,"pct_remedios_caseros":20,"pct_viv_desocupada":0,"pct_alquiler":0,"pct_electricidad":88,"pct_sin_electricidad":0,"pct_agua_red":12,"pct_alcantarillado":12,"pct_camara_septica":0,"pct_pozo_ciego":38,"pct_sin_desague":0,"pct_gas_red":0,"pct_gas_garrafa":50,"pct_lena_guano":50,"pct_basura_formal":12,"pct_basura_quema":88,"pct_basura_informal":0,"pct_internet":62,"pct_celular":88,"pct_televisor":38}},{"type":"Feature","geometry":{"type":"Polygon","coordinates":[[[-65.88805,-16.43585],[-65.88769,-16.43546],[-65.88732,-16.43577],[-65.8875,-16.43602],[-65.88729,-16.43579],[-65.88708,-16.43597],[-65.88748,-16.43635],[-65.88805,-16.43585]]]},"properties":{"n":"SINDICATO ICHOA","p":29,"personas_x_ha":58,"masculinidad":164,"pct_menor20":48,"pct_60mas":0,"pct_migrante":62,"dependencia_econ":123,"pct_empleados":0,"pct_cuentapropia":46,"pct_agricultura":100,"pct_comercio":0,"pct_manufactura":0,"pct_construccion":0,"pct_transporte":0,"pct_alojamiento":0,"pct_sin_educacion":20,"pct_educ_superior":0,"brecha_educ":-33,"pct_sin_seguro":38,"pct_sus":62,"pct_seguro_privado":0,"brecha_seguro":-12,"pct_salud_publica":25,"pct_med_tradicional":9,"pct_automedicacion":21,"pct_remedios_caseros":17,"pct_viv_desocupada":27,"pct_alquiler":0,"pct_electricidad":100,"pct_sin_electricidad":0,"pct_agua_red":0,"pct_alcantarillado":29,"pct_camara_septica":14,"pct_pozo_ciego":43,"pct_sin_desague":0,"pct_gas_red":0,"pct_gas_garrafa":86,"pct_lena_guano":86,"pct_basura_formal":0,"pct_basura_quema":100,"pct_basura_informal":0,"pct_internet":57,"pct_celular":86,"pct_televisor":43}},{"type":"Feature","geometry":{"type":"Polygon","coordinates":[[[-65.88811,-16.43496],[-65.88761,-16.43443],[-65.8872,-16.43476],[-65.88771,-16.4353],[-65.88811,-16.43496]]]},"properties":{"n":"SINDICATO ICHOA","p":38,"personas_x_ha":83,"masculinidad":124,"pct_menor20":50,"pct_60mas":0,"pct_migrante":55,"dependencia_econ":100,"pct_empleados":11,"pct_cuentapropia":89,"pct_agricultura":89,"pct_comercio":5,"pct_manufactura":5,"pct_construccion":0,"pct_transporte":0,"pct_alojamiento":0,"pct_sin_educacion":5,"pct_educ_superior":5,"brecha_educ":-45,"pct_sin_seguro":0,"pct_sus":100,"pct_seguro_privado":0,"brecha_seguro":0,"pct_salud_publica":28,"pct_med_tradicional":4,"pct_automedicacion":9,"pct_remedios_caseros":27,"pct_viv_desocupada":15,"pct_alquiler":0,"pct_electricidad":100,"pct_sin_electricidad":0,"pct_agua_red":0,"pct_alcantarillado":10,"pct_camara_septica":0,"pct_pozo_ciego":90,"pct_sin_desague":0,"pct_gas_red":0,"pct_gas_garrafa":80,"pct_lena_guano":80,"pct_basura_formal":0,"pct_basura_quema":100,"pct_basura_informal":0,"pct_internet":70,"pct_celular":80,"pct_televisor":60}},{"type":"Feature","geometry":{"type":"Polygon","coordinates":[[[-65.88411,-16.43603],[-65.88521,-16.43651],[-65.88537,-16.43617],[-65.88512,-16.43606],[-65.88514,-16.43621],[-65.8851,-16.43607],[-65.885,-16.43622],[-65.88509,-16.43605],[-65.88494,-16.43598],[-65.88504,-16.43583],[-65.885,-16.43596],[-65.88542,-16.43611],[-65.88575,-16.43581],[-65.88568,-16.43572],[-65.88576,-16.4358],[-65.8861,-16.4355],[-65.88599,-16.4354],[-65.88602,-16.43533],[-65.8862,-16.43541],[-65.88638,-16.43525],[-65.88629,-16.43515],[-65.88641,-16.43523],[-65.88657,-16.4351],[-65.88646,-16.43495],[-65.88529,-16.43535],[-65.88497,-16.43525],[-65.88439,-16.43545],[-65.88411,-16.43603]]]},"properties":{"n":"SINDICATO ICHOA","p":41,"personas_x_ha":21,"masculinidad":95,"pct_menor20":46,"pct_60mas":7,"pct_migrante":63,"dependencia_econ":141,"pct_empleados":12,"pct_cuentapropia":65,"pct_agricultura":71,"pct_comercio":6,"pct_manufactura":0,"pct_construccion":0,"pct_transporte":0,"pct_alojamiento":0,"pct_sin_educacion":9,"pct_educ_superior":14,"brecha_educ":-55,"pct_sin_seguro":7,"pct_sus":85,"pct_seguro_privado":0,"brecha_seguro":5,"pct_salud_publica":22,"pct_med_tradicional":18,"pct_automedicacion":18,"pct_remedios_caseros":22,"pct_viv_desocupada":29,"pct_alquiler":8,"pct_electricidad":83,"pct_sin_electricidad":8,"pct_agua_red":42,"pct_alcantarillado":0,"pct_camara_septica":17,"pct_pozo_ciego":83,"pct_sin_desague":0,"pct_gas_red":0,"pct_gas_garrafa":75,"pct_lena_guano":75,"pct_basura_formal":8,"pct_basura_quema":92,"pct_basura_informal":0,"pct_internet":83,"pct_celular":83,"pct_televisor":67}},{"type":"Feature","geometry":{"type":"Polygon","coordinates":[[[-65.88597,-16.43922],[-65.88613,-16.43912],[-65.88601,-16.43903],[-65.88616,-16.4391],[-65.88658,-16.43871],[-65.88649,-16.43863],[-65.88661,-16.43869],[-65.88672,-16.43858],[-65.88612,-16.43833],[-65.88574,-16.43873],[-65.88592,-16.43878],[-65.88604,-16.43889],[-65.88573,-16.43875],[-65.88568,-16.4388],[-65.88577,-16.43891],[-65.88566,-16.43881],[-65.88557,-16.4389],[-65.88566,-16.43901],[-65.88555,-16.43891],[-65.8855,-16.43897],[-65.88597,-16.43922]]]},"properties":{"n":"SINDICATO ICHOA","p":23,"personas_x_ha":36,"masculinidad":92,"pct_menor20":48,"pct_60mas":0,"pct_migrante":52,"dependencia_econ":109,"pct_empleados":0,"pct_cuentapropia":91,"pct_agricultura":73,"pct_comercio":0,"pct_manufactura":0,"pct_construccion":0,"pct_transporte":0,"pct_alojamiento":0,"pct_sin_educacion":8,"pct_educ_superior":25,"brecha_educ":-88,"pct_sin_seguro":13,"pct_sus":87,"pct_seguro_privado":0,"brecha_seguro":10,"pct_salud_publica":27,"pct_med_tradicional":21,"pct_automedicacion":18,"pct_remedios_caseros":17,"pct_viv_desocupada":0,"pct_alquiler":0,"pct_electricidad":57,"pct_sin_electricidad":29,"pct_agua_red":86,"pct_alcantarillado":0,"pct_camara_septica":0,"pct_pozo_ciego":0,"pct_sin_desague":71,"pct_gas_red":0,"pct_gas_garrafa":86,"pct_lena_guano":86,"pct_basura_formal":0,"pct_basura_quema":71,"pct_basura_informal":29,"pct_internet":100,"pct_celular":100,"pct_televisor":86}},{"type":"Feature","geometry":{"type":"Polygon","coordinates":[[[-65.88582,-16.43798],[-65.886,-16.43775],[-65.88592,-16.43759],[-65.88602,-16.43774],[-65.88625,-16.43752],[-65.88619,-16.43744],[-65.88626,-16.4375],[-65.88633,-16.43744],[-65.88627,-16.43738],[-65.88635,-16.43742],[-65.88647,-16.43731],[-65.88639,-16.43722],[-65.88649,-16.4373],[-65.88659,-16.4372],[-65.8862,-16.43677],[-65.88558,-16.43733],[-65.88559,-16.43761],[-65.8857,-16.43744],[-65.88566,-16.43758],[-65.88572,-16.43764],[-65.88563,-16.43761],[-65.88558,-16.43781],[-65.88582,-16.43798]]]},"properties":{"n":"SINDICATO ICHOA","p":44,"personas_x_ha":61,"masculinidad":100,"pct_menor20":45,"pct_60mas":2,"pct_migrante":57,"dependencia_econ":100,"pct_empleados":5,"pct_cuentapropia":82,"pct_agricultura":86,"pct_comercio":0,"pct_manufactura":5,"pct_construccion":0,"pct_transporte":0,"pct_alojamiento":5,"pct_sin_educacion":4,"pct_educ_superior":12,"brecha_educ":-21,"pct_sin_seguro":65,"pct_sus":33,"pct_seguro_privado":0,"brecha_seguro":-12,"pct_salud_publica":25,"pct_med_tradicional":15,"pct_automedicacion":19,"pct_remedios_caseros":24,"pct_viv_desocupada":0,"pct_alquiler":0,"pct_electricidad":100,"pct_sin_electricidad":0,"pct_agua_red":100,"pct_alcantarillado":8,"pct_camara_septica":0,"pct_pozo_ciego":42,"pct_sin_desague":0,"pct_gas_red":0,"pct_gas_garrafa":75,"pct_lena_guano":75,"pct_basura_formal":0,"pct_basura_quema":100,"pct_basura_informal":0,"pct_internet":83,"pct_celular":83,"pct_televisor":83}},{"type":"Feature","geometry":{"type":"Polygon","coordinates":[[[-65.80237,-16.45987],[-65.80305,-16.45953],[-65.80276,-16.459],[-65.80208,-16.4593],[-65.80237,-16.45987]]]},"properties":{"n":"SINDICATO INDEPENDENCIA","p":36,"personas_x_ha":62,"masculinidad":177,"pct_menor20":61,"pct_60mas":0,"pct_migrante":61,"dependencia_econ":3500,"pct_empleados":0,"pct_cuentapropia":100,"pct_agricultura":100,"pct_comercio":0,"pct_manufactura":0,"pct_construccion":0,"pct_transporte":0,"pct_alojamiento":0,"pct_sin_educacion":67,"pct_educ_superior":0,"brecha_educ":-33,"pct_sin_seguro":3,"pct_sus":97,"pct_seguro_privado":0,"brecha_seguro":4,"pct_salud_publica":89,"pct_med_tradicional":3,"pct_automedicacion":3,"pct_remedios_caseros":3,"pct_viv_desocupada":0,"pct_alquiler":0,"pct_electricidad":89,"pct_sin_electricidad":0,"pct_agua_red":0,"pct_alcantarillado":33,"pct_camara_septica":0,"pct_pozo_ciego":67,"pct_sin_desague":0,"pct_gas_red":0,"pct_gas_garrafa":89,"pct_lena_guano":89,"pct_basura_formal":0,"pct_basura_quema":100,"pct_basura_informal":0,"pct_internet":11,"pct_celular":56,"pct_televisor":11}},{"type":"Feature","geometry":{"type":"Polygon","coordinates":[[[-65.80165,-16.46275],[-65.80142,-16.46232],[-65.79976,-16.4629],[-65.79998,-16.46339],[-65.8001,-16.46343],[-65.80165,-16.46275]]]},"properties":{"n":"SINDICATO INDEPENDENCIA","p":31,"personas_x_ha":27,"masculinidad":94,"pct_menor20":26,"pct_60mas":6,"pct_migrante":65,"dependencia_econ":19,"pct_empleados":0,"pct_cuentapropia":77,"pct_agricultura":96,"pct_comercio":4,"pct_manufactura":0,"pct_construccion":0,"pct_transporte":0,"pct_alojamiento":0,"pct_sin_educacion":20,"pct_educ_superior":0,"brecha_educ":-67,"pct_sin_seguro":3,"pct_sus":97,"pct_seguro_privado":0,"brecha_seguro":7,"pct_salud_publica":57,"pct_med_tradicional":6,"pct_automedicacion":6,"pct_remedios_caseros":14,"pct_viv_desocupada":0,"pct_alquiler":0,"pct_electricidad":100,"pct_sin_electricidad":0,"pct_agua_red":6,"pct_alcantarillado":25,"pct_camara_septica":19,"pct_pozo_ciego":44,"pct_sin_desague":12,"pct_gas_red":0,"pct_gas_garrafa":100,"pct_lena_guano":100,"pct_basura_formal":0,"pct_basura_quema":88,"pct_basura_informal":0,"pct_internet":38,"pct_celular":75,"pct_televisor":50}},{"type":"Feature","geometry":{"type":"Polygon","coordinates":[[[-65.7994,-16.45854],[-65.79886,-16.45881],[-65.79932,-16.45953],[-65.79972,-16.45978],[-65.80013,-16.4599],[-65.7994,-16.45854]]]},"properties":{"n":"SINDICATO INDEPENDENCIA","p":48,"personas_x_ha":55,"masculinidad":92,"pct_menor20":56,"pct_60mas":4,"pct_migrante":27,"dependencia_econ":333,"pct_empleados":0,"pct_cuentapropia":33,"pct_agricultura":56,"pct_comercio":0,"pct_manufactura":0,"pct_construccion":0,"pct_transporte":0,"pct_alojamiento":0,"pct_sin_educacion":5,"pct_educ_superior":0,"brecha_educ":-38,"pct_sin_seguro":0,"pct_sus":100,"pct_seguro_privado":0,"brecha_seguro":0,"pct_salud_publica":52,"pct_med_tradicional":3,"pct_automedicacion":4,"pct_remedios_caseros":30,"pct_viv_desocupada":0,"pct_alquiler":0,"pct_electricidad":92,"pct_sin_electricidad":8,"pct_agua_red":8,"pct_alcantarillado":8,"pct_camara_septica":0,"pct_pozo_ciego":54,"pct_sin_desague":31,"pct_gas_red":0,"pct_gas_garrafa":100,"pct_lena_guano":100,"pct_basura_formal":0,"pct_basura_quema":100,"pct_basura_informal":0,"pct_internet":77,"pct_celular":69,"pct_televisor":46}},{"type":"Feature","geometry":{"type":"Polygon","coordinates":[[[-65.8007,-16.46243],[-65.80103,-16.46228],[-65.80039,-16.46109],[-65.80006,-16.46128],[-65.8007,-16.46243]]]},"properties":{"n":"SINDICATO INDEPENDENCIA","p":43,"personas_x_ha":74,"masculinidad":105,"pct_menor20":60,"pct_60mas":2,"pct_migrante":63,"dependencia_econ":79,"pct_empleados":0,"pct_cuentapropia":88,"pct_agricultura":88,"pct_comercio":8,"pct_manufactura":4,"pct_construccion":0,"pct_transporte":0,"pct_alojamiento":0,"pct_sin_educacion":12,"pct_educ_superior":6,"brecha_educ":-3,"pct_sin_seguro":0,"pct_sus":100,"pct_seguro_privado":0,"brecha_seguro":0,"pct_salud_publica":41,"pct_med_tradicional":13,"pct_automedicacion":9,"pct_remedios_caseros":29,"pct_viv_desocupada":0,"pct_alquiler":0,"pct_electricidad":100,"pct_sin_electricidad":0,"pct_agua_red":19,"pct_alcantarillado":6,"pct_camara_septica":0,"pct_pozo_ciego":81,"pct_sin_desague":6,"pct_gas_red":0,"pct_gas_garrafa":88,"pct_lena_guano":88,"pct_basura_formal":0,"pct_basura_quema":100,"pct_basura_informal":0,"pct_internet":88,"pct_celular":94,"pct_televisor":44}},{"type":"Feature","geometry":{"type":"Polygon","coordinates":[[[-65.79863,-16.45893],[-65.79998,-16.46114],[-65.80053,-16.46086],[-65.80012,-16.46012],[-65.79995,-16.46016],[-65.8001,-16.46007],[-65.80005,-16.45999],[-65.79932,-16.45963],[-65.7988,-16.45883],[-65.79863,-16.45893]]]},"properties":{"n":"SINDICATO INDEPENDENCIA","p":32,"personas_x_ha":24,"masculinidad":191,"pct_menor20":34,"pct_60mas":3,"pct_migrante":56,"dependencia_econ":82,"pct_empleados":6,"pct_cuentapropia":88,"pct_agricultura":88,"pct_comercio":0,"pct_manufactura":6,"pct_construccion":0,"pct_transporte":0,"pct_alojamiento":0,"pct_sin_educacion":10,"pct_educ_superior":10,"brecha_educ":-3,"pct_sin_seguro":0,"pct_sus":90,"pct_seguro_privado":0,"brecha_seguro":0,"pct_salud_publica":25,"pct_med_tradicional":13,"pct_automedicacion":23,"pct_remedios_caseros":19,"pct_viv_desocupada":7,"pct_alquiler":0,"pct_electricidad":100,"pct_sin_electricidad":0,"pct_agua_red":15,"pct_alcantarillado":8,"pct_camara_septica":8,"pct_pozo_ciego":85,"pct_sin_desague":0,"pct_gas_red":0,"pct_gas_garrafa":100,"pct_lena_guano":100,"pct_basura_formal":0,"pct_basura_quema":92,"pct_basura_informal":0,"pct_internet":77,"pct_celular":92,"pct_televisor":46}},{"type":"Feature","geometry":{"type":"Polygon","coordinates":[[[-65.80031,-16.45998],[-65.80085,-16.45969],[-65.8004,-16.45889],[-65.79988,-16.45915],[-65.80031,-16.45998]]]},"properties":{"n":"SINDICATO INDEPENDENCIA","p":53,"personas_x_ha":79,"masculinidad":104,"pct_menor20":55,"pct_60mas":6,"pct_migrante":62,"dependencia_econ":165,"pct_empleados":5,"pct_cuentapropia":70,"pct_agricultura":90,"pct_comercio":0,"pct_manufactura":5,"pct_construccion":0,"pct_transporte":0,"pct_alojamiento":0,"pct_sin_educacion":12,"pct_educ_superior":4,"brecha_educ":20,"pct_sin_seguro":4,"pct_sus":96,"pct_seguro_privado":0,"brecha_seguro":0,"pct_salud_publica":56,"pct_med_tradicional":12,"pct_automedicacion":10,"pct_remedios_caseros":7,"pct_viv_desocupada":0,"pct_alquiler":0,"pct_electricidad":100,"pct_sin_electricidad":0,"pct_agua_red":0,"pct_alcantarillado":0,"pct_camara_septica":0,"pct_pozo_ciego":86,"pct_sin_desague":14,"pct_gas_red":0,"pct_gas_garrafa":100,"pct_lena_guano":100,"pct_basura_formal":0,"pct_basura_quema":100,"pct_basura_informal":0,"pct_internet":86,"pct_celular":100,"pct_televisor":57}},{"type":"Feature","geometry":{"type":"Polygon","coordinates":[[[-65.80233,-16.46075],[-65.80204,-16.46024],[-65.80148,-16.46052],[-65.80177,-16.46105],[-65.80233,-16.46075]]]},"properties":{"n":"SINDICATO INDEPENDENCIA","p":19,"personas_x_ha":41,"masculinidad":90,"pct_menor20":53,"pct_60mas":0,"pct_migrante":63,"dependencia_econ":111,"pct_empleados":0,"pct_cuentapropia":67,"pct_agricultura":67,"pct_comercio":11,"pct_manufactura":0,"pct_construccion":0,"pct_transporte":0,"pct_alojamiento":22,"pct_sin_educacion":0,"pct_educ_superior":0,"brecha_educ":20,"pct_sin_seguro":5,"pct_sus":95,"pct_seguro_privado":0,"brecha_seguro":11,"pct_salud_publica":41,"pct_med_tradicional":4,"pct_automedicacion":26,"pct_remedios_caseros":26,"pct_viv_desocupada":0,"pct_alquiler":20,"pct_electricidad":100,"pct_sin_electricidad":0,"pct_agua_red":20,"pct_alcantarillado":0,"pct_camara_septica":0,"pct_pozo_ciego":80,"pct_sin_desague":20,"pct_gas_red":0,"pct_gas_garrafa":80,"pct_lena_guano":80,"pct_basura_formal":0,"pct_basura_quema":100,"pct_basura_informal":0,"pct_internet":100,"pct_celular":100,"pct_televisor":20}},{"type":"Feature","geometry":{"type":"Polygon","coordinates":[[[-65.80377,-16.46043],[-65.80321,-16.45962],[-65.80217,-16.46015],[-65.80244,-16.46068],[-65.80312,-16.46033],[-65.80316,-16.46039],[-65.803,-16.46049],[-65.80324,-16.46081],[-65.80377,-16.46043]]]},"properties":{"n":"SINDICATO INDEPENDENCIA","p":46,"personas_x_ha":38,"masculinidad":130,"pct_menor20":43,"pct_60mas":0,"pct_migrante":67,"dependencia_econ":55,"pct_empleados":17,"pct_cuentapropia":83,"pct_agricultura":90,"pct_comercio":3,"pct_manufactura":0,"pct_construccion":7,"pct_transporte":0,"pct_alojamiento":0,"pct_sin_educacion":7,"pct_educ_superior":7,"brecha_educ":-17,"pct_sin_seguro":11,"pct_sus":89,"pct_seguro_privado":0,"brecha_seguro":2,"pct_salud_publica":30,"pct_med_tradicional":14,"pct_automedicacion":16,"pct_remedios_caseros":18,"pct_viv_desocupada":0,"pct_alquiler":0,"pct_electricidad":87,"pct_sin_electricidad":13,"pct_agua_red":40,"pct_alcantarillado":13,"pct_camara_septica":0,"pct_pozo_ciego":60,"pct_sin_desague":27,"pct_gas_red":0,"pct_gas_garrafa":93,"pct_lena_guano":93,"pct_basura_formal":0,"pct_basura_quema":100,"pct_basura_informal":0,"pct_internet":73,"pct_celular":87,"pct_televisor":33}},{"type":"Feature","geometry":{"type":"Polygon","coordinates":[[[-65.79972,-16.46433],[-65.80072,-16.46458],[-65.80172,-16.46397],[-65.80139,-16.46365],[-65.80094,-16.4637],[-65.80079,-16.46346],[-65.79958,-16.46399],[-65.79972,-16.46433]]]},"properties":{"n":"SINDICATO INDEPENDENCIA","p":32,"personas_x_ha":20,"masculinidad":68,"pct_menor20":38,"pct_60mas":12,"pct_migrante":9,"dependencia_econ":52,"pct_empleados":5,"pct_cuentapropia":81,"pct_agricultura":90,"pct_comercio":5,"pct_manufactura":0,"pct_construccion":0,"pct_transporte":0,"pct_alojamiento":0,"pct_sin_educacion":5,"pct_educ_superior":10,"brecha_educ":-50,"pct_sin_seguro":0,"pct_sus":93,"pct_seguro_privado":7,"brecha_seguro":0,"pct_salud_publica":30,"pct_med_tradicional":6,"pct_automedicacion":14,"pct_remedios_caseros":16,"pct_viv_desocupada":0,"pct_alquiler":0,"pct_electricidad":89,"pct_sin_electricidad":11,"pct_agua_red":0,"pct_alcantarillado":0,"pct_camara_septica":0,"pct_pozo_ciego":100,"pct_sin_desague":0,"pct_gas_red":0,"pct_gas_garrafa":67,"pct_lena_guano":67,"pct_basura_formal":0,"pct_basura_quema":100,"pct_basura_informal":0,"pct_internet":11,"pct_celular":56,"pct_televisor":44}},{"type":"Feature","geometry":{"type":"Polygon","coordinates":[[[-65.80112,-16.46224],[-65.80128,-16.46212],[-65.80061,-16.46097],[-65.80047,-16.46106],[-65.80112,-16.46224]]]},"properties":{"n":"SINDICATO INDEPENDENCIA","p":27,"personas_x_ha":81,"masculinidad":93,"pct_menor20":59,"pct_60mas":0,"pct_migrante":56,"dependencia_econ":145,"pct_empleados":0,"pct_cuentapropia":100,"pct_agricultura":45,"pct_comercio":9,"pct_manufactura":9,"pct_construccion":0,"pct_transporte":0,"pct_alojamiento":0,"pct_sin_educacion":0,"pct_educ_superior":9,"brecha_educ":-33,"pct_sin_seguro":4,"pct_sus":96,"pct_seguro_privado":0,"brecha_seguro":8,"pct_salud_publica":32,"pct_med_tradicional":6,"pct_automedicacion":20,"pct_remedios_caseros":21,"pct_viv_desocupada":14,"pct_alquiler":0,"pct_electricidad":100,"pct_sin_electricidad":0,"pct_agua_red":17,"pct_alcantarillado":50,"pct_camara_septica":0,"pct_pozo_ciego":50,"pct_sin_desague":0,"pct_gas_red":0,"pct_gas_garrafa":100,"pct_lena_guano":100,"pct_basura_formal":0,"pct_basura_quema":100,"pct_basura_informal":0,"pct_internet":83,"pct_celular":83,"pct_televisor":67}},{"type":"Feature","geometry":{"type":"Polygon","coordinates":[[[-65.79858,-16.45897],[-65.79844,-16.45907],[-65.79935,-16.4615],[-65.7999,-16.46119],[-65.79858,-16.45897]]]},"properties":{"n":"SINDICATO INDEPENDENCIA","p":22,"personas_x_ha":17,"masculinidad":120,"pct_menor20":45,"pct_60mas":0,"pct_migrante":77,"dependencia_econ":83,"pct_empleados":0,"pct_cuentapropia":83,"pct_agricultura":83,"pct_comercio":0,"pct_manufactura":0,"pct_construccion":0,"pct_transporte":0,"pct_alojamiento":0,"pct_sin_educacion":0,"pct_educ_superior":0,"brecha_educ":3,"pct_sin_seguro":0,"pct_sus":100,"pct_seguro_privado":0,"brecha_seguro":0,"pct_salud_publica":32,"pct_med_tradicional":19,"pct_automedicacion":13,"pct_remedios_caseros":31,"pct_viv_desocupada":0,"pct_alquiler":11,"pct_electricidad":89,"pct_sin_electricidad":11,"pct_agua_red":67,"pct_alcantarillado":0,"pct_camara_septica":0,"pct_pozo_ciego":78,"pct_sin_desague":22,"pct_gas_red":0,"pct_gas_garrafa":100,"pct_lena_guano":100,"pct_basura_formal":0,"pct_basura_quema":100,"pct_basura_informal":0,"pct_internet":100,"pct_celular":100,"pct_televisor":67}},{"type":"Feature","geometry":{"type":"Polygon","coordinates":[[[-65.79939,-16.46377],[-65.79992,-16.46352],[-65.79966,-16.46299],[-65.79915,-16.46319],[-65.79939,-16.46377]]]},"properties":{"n":"SINDICATO INDEPENDENCIA","p":21,"personas_x_ha":50,"masculinidad":50,"pct_menor20":29,"pct_60mas":5,"pct_migrante":90,"dependencia_econ":31,"pct_empleados":6,"pct_cuentapropia":6,"pct_agricultura":38,"pct_comercio":0,"pct_manufactura":0,"pct_construccion":0,"pct_transporte":0,"pct_alojamiento":0,"pct_sin_educacion":87,"pct_educ_superior":0,"brecha_educ":-6,"pct_sin_seguro":0,"pct_sus":100,"pct_seguro_privado":0,"brecha_seguro":0,"pct_salud_publica":24,"pct_med_tradicional":13,"pct_automedicacion":13,"pct_remedios_caseros":13,"pct_viv_desocupada":0,"pct_alquiler":0,"pct_electricidad":100,"pct_sin_electricidad":0,"pct_agua_red":0,"pct_alcantarillado":0,"pct_camara_septica":0,"pct_pozo_ciego":86,"pct_sin_desague":14,"pct_gas_red":0,"pct_gas_garrafa":100,"pct_lena_guano":100,"pct_basura_formal":0,"pct_basura_quema":100,"pct_basura_informal":0,"pct_internet":71,"pct_celular":86,"pct_televisor":43}},{"type":"Feature","geometry":{"type":"Polygon","coordinates":[[[-65.80089,-16.46342],[-65.80099,-16.46363],[-65.80144,-16.46356],[-65.80187,-16.46394],[-65.80221,-16.4641],[-65.8029,-16.4638],[-65.80229,-16.46277],[-65.8016,-16.46309],[-65.80174,-16.46335],[-65.8019,-16.46329],[-65.80184,-16.46314],[-65.80194,-16.4631],[-65.80198,-16.46319],[-65.8021,-16.46317],[-65.80199,-16.46321],[-65.80207,-16.46337],[-65.80234,-16.46325],[-65.80256,-16.46368],[-65.80251,-16.46371],[-65.80239,-16.46347],[-65.80193,-16.4637],[-65.80175,-16.46363],[-65.80148,-16.46314],[-65.80089,-16.46342]]]},"properties":{"n":"SINDICATO INDEPENDENCIA","p":36,"personas_x_ha":29,"masculinidad":227,"pct_menor20":36,"pct_60mas":6,"pct_migrante":72,"dependencia_econ":52,"pct_empleados":13,"pct_cuentapropia":70,"pct_agricultura":65,"pct_comercio":4,"pct_manufactura":4,"pct_construccion":0,"pct_transporte":0,"pct_alojamiento":4,"pct_sin_educacion":4,"pct_educ_superior":25,"brecha_educ":0,"pct_sin_seguro":3,"pct_sus":88,"pct_seguro_privado":3,"brecha_seguro":4,"pct_salud_publica":75,"pct_med_tradicional":0,"pct_automedicacion":3,"pct_remedios_caseros":3,"pct_viv_desocupada":0,"pct_alquiler":0,"pct_electricidad":100,"pct_sin_electricidad":0,"pct_agua_red":17,"pct_alcantarillado":58,"pct_camara_septica":8,"pct_pozo_ciego":8,"pct_sin_desague":17,"pct_gas_red":0,"pct_gas_garrafa":92,"pct_lena_guano":92,"pct_basura_formal":33,"pct_basura_quema":50,"pct_basura_informal":0,"pct_internet":8,"pct_celular":25,"pct_televisor":25}},{"type":"Feature","geometry":{"type":"Polygon","coordinates":[[[-65.26527,-16.81196],[-65.26582,-16.81198],[-65.26575,-16.81283],[-65.2652,-16.81278],[-65.26527,-16.81196]]]},"properties":{"n":"TOCOPILLA","p":23,"personas_x_ha":41,"masculinidad":28,"pct_menor20":57,"pct_60mas":4,"pct_migrante":52,"dependencia_econ":229,"pct_empleados":14,"pct_cuentapropia":71,"pct_agricultura":57,"pct_comercio":29,"pct_manufactura":14,"pct_construccion":0,"pct_transporte":0,"pct_alojamiento":0,"pct_sin_educacion":20,"pct_educ_superior":0,"brecha_educ":-71,"pct_sin_seguro":0,"pct_sus":100,"pct_seguro_privado":0,"brecha_seguro":0,"pct_salud_publica":34,"pct_med_tradicional":7,"pct_automedicacion":21,"pct_remedios_caseros":24,"pct_viv_desocupada":0,"pct_alquiler":20,"pct_electricidad":100,"pct_sin_electricidad":0,"pct_agua_red":20,"pct_alcantarillado":0,"pct_camara_septica":0,"pct_pozo_ciego":100,"pct_sin_desague":0,"pct_gas_red":0,"pct_gas_garrafa":100,"pct_lena_guano":100,"pct_basura_formal":0,"pct_basura_quema":100,"pct_basura_informal":0,"pct_internet":80,"pct_celular":80,"pct_televisor":80}},{"type":"Feature","geometry":{"type":"Polygon","coordinates":[[[-65.26579,-16.81384],[-65.26691,-16.81389],[-65.26688,-16.81465],[-65.26573,-16.8146],[-65.26579,-16.81384]]]},"properties":{"n":"TOCOPILLA","p":34,"personas_x_ha":33,"masculinidad":89,"pct_menor20":53,"pct_60mas":12,"pct_migrante":56,"dependencia_econ":112,"pct_empleados":19,"pct_cuentapropia":44,"pct_agricultura":62,"pct_comercio":6,"pct_manufactura":6,"pct_construccion":0,"pct_transporte":0,"pct_alojamiento":6,"pct_sin_educacion":18,"pct_educ_superior":12,"brecha_educ":-23,"pct_sin_seguro":6,"pct_sus":88,"pct_seguro_privado":0,"brecha_seguro":13,"pct_salud_publica":29,"pct_med_tradicional":4,"pct_automedicacion":29,"pct_remedios_caseros":25,"pct_viv_desocupada":8,"pct_alquiler":20,"pct_electricidad":90,"pct_sin_electricidad":10,"pct_agua_red":80,"pct_alcantarillado":0,"pct_camara_septica":0,"pct_pozo_ciego":90,"pct_sin_desague":10,"pct_gas_red":0,"pct_gas_garrafa":100,"pct_lena_guano":100,"pct_basura_formal":0,"pct_basura_quema":90,"pct_basura_informal":0,"pct_internet":60,"pct_celular":80,"pct_televisor":40}},{"type":"Feature","geometry":{"type":"Polygon","coordinates":[[[-65.26593,-16.81198],[-65.26706,-16.81202],[-65.26702,-16.81286],[-65.26585,-16.81284],[-65.26593,-16.81198]]]},"properties":{"n":"TOCOPILLA","p":23,"personas_x_ha":19,"masculinidad":77,"pct_menor20":57,"pct_60mas":4,"pct_migrante":43,"dependencia_econ":77,"pct_empleados":54,"pct_cuentapropia":31,"pct_agricultura":46,"pct_comercio":15,"pct_manufactura":0,"pct_construccion":0,"pct_transporte":0,"pct_alojamiento":15,"pct_sin_educacion":18,"pct_educ_superior":9,"brecha_educ":4,"pct_sin_seguro":4,"pct_sus":96,"pct_seguro_privado":0,"brecha_seguro":-8,"pct_salud_publica":30,"pct_med_tradicional":9,"pct_automedicacion":27,"pct_remedios_caseros":29,"pct_viv_desocupada":16,"pct_alquiler":20,"pct_electricidad":100,"pct_sin_electricidad":0,"pct_agua_red":30,"pct_alcantarillado":0,"pct_camara_septica":0,"pct_pozo_ciego":100,"pct_sin_desague":0,"pct_gas_red":0,"pct_gas_garrafa":100,"pct_lena_guano":100,"pct_basura_formal":10,"pct_basura_quema":70,"pct_basura_informal":20,"pct_internet":60,"pct_celular":90,"pct_televisor":60}},{"type":"Feature","geometry":{"type":"Polygon","coordinates":[[[-65.26629,-16.80833],[-65.26634,-16.80754],[-65.26747,-16.8076],[-65.26741,-16.80838],[-65.26629,-16.80833]]]},"properties":{"n":"TOCOPILLA","p":18,"personas_x_ha":17,"masculinidad":80,"pct_menor20":44,"pct_60mas":17,"pct_migrante":83,"dependencia_econ":100,"pct_empleados":11,"pct_cuentapropia":89,"pct_agricultura":56,"pct_comercio":0,"pct_manufactura":0,"pct_construccion":0,"pct_transporte":11,"pct_alojamiento":0,"pct_sin_educacion":18,"pct_educ_superior":9,"brecha_educ":-27,"pct_sin_seguro":11,"pct_sus":89,"pct_seguro_privado":0,"brecha_seguro":25,"pct_salud_publica":58,"pct_med_tradicional":10,"pct_automedicacion":6,"pct_remedios_caseros":19,"pct_viv_desocupada":53,"pct_alquiler":0,"pct_electricidad":100,"pct_sin_electricidad":0,"pct_agua_red":83,"pct_alcantarillado":0,"pct_camara_septica":0,"pct_pozo_ciego":83,"pct_sin_desague":17,"pct_gas_red":0,"pct_gas_garrafa":100,"pct_lena_guano":100,"pct_basura_formal":0,"pct_basura_quema":100,"pct_basura_informal":0,"pct_internet":83,"pct_celular":83,"pct_televisor":33}},{"type":"Feature","geometry":{"type":"Polygon","coordinates":[[[-65.26796,-16.81033],[-65.26853,-16.8104],[-65.26845,-16.81114],[-65.26735,-16.81106],[-65.26741,-16.81028],[-65.26786,-16.81032],[-65.26785,-16.81049],[-65.26795,-16.8105],[-65.26796,-16.81033]]]},"properties":{"n":"TOCOPILLA","p":21,"personas_x_ha":21,"masculinidad":75,"pct_menor20":43,"pct_60mas":10,"pct_migrante":33,"dependencia_econ":80,"pct_empleados":0,"pct_cuentapropia":70,"pct_agricultura":50,"pct_comercio":20,"pct_manufactura":0,"pct_construccion":10,"pct_transporte":0,"pct_alojamiento":0,"pct_sin_educacion":0,"pct_educ_superior":18,"brecha_educ":-43,"pct_sin_seguro":11,"pct_sus":89,"pct_seguro_privado":0,"brecha_seguro":3,"pct_salud_publica":50,"pct_med_tradicional":6,"pct_automedicacion":14,"pct_remedios_caseros":14,"pct_viv_desocupada":0,"pct_alquiler":9,"pct_electricidad":91,"pct_sin_electricidad":9,"pct_agua_red":0,"pct_alcantarillado":27,"pct_camara_septica":18,"pct_pozo_ciego":45,"pct_sin_desague":9,"pct_gas_red":0,"pct_gas_garrafa":100,"pct_lena_guano":100,"pct_basura_formal":18,"pct_basura_quema":73,"pct_basura_informal":0,"pct_internet":36,"pct_celular":64,"pct_televisor":55}},{"type":"Feature","geometry":{"type":"Polygon","coordinates":[[[-65.26591,-16.81114],[-65.26531,-16.81112],[-65.26526,-16.81189],[-65.26586,-16.8119],[-65.26591,-16.81114]]]},"properties":{"n":"TOCOPILLA","p":19,"personas_x_ha":34,"masculinidad":90,"pct_menor20":37,"pct_60mas":0,"pct_migrante":16,"dependencia_econ":45,"pct_empleados":0,"pct_cuentapropia":64,"pct_agricultura":64,"pct_comercio":36,"pct_manufactura":0,"pct_construccion":0,"pct_transporte":0,"pct_alojamiento":0,"pct_sin_educacion":0,"pct_educ_superior":25,"brecha_educ":-14,"pct_sin_seguro":0,"pct_sus":100,"pct_seguro_privado":0,"brecha_seguro":0,"pct_salud_publica":42,"pct_med_tradicional":9,"pct_automedicacion":19,"pct_remedios_caseros":26,"pct_viv_desocupada":29,"pct_alquiler":0,"pct_electricidad":100,"pct_sin_electricidad":0,"pct_agua_red":90,"pct_alcantarillado":30,"pct_camara_septica":0,"pct_pozo_ciego":60,"pct_sin_desague":0,"pct_gas_red":0,"pct_gas_garrafa":100,"pct_lena_guano":100,"pct_basura_formal":0,"pct_basura_quema":100,"pct_basura_informal":0,"pct_internet":90,"pct_celular":100,"pct_televisor":50}},{"type":"Feature","geometry":{"type":"Polygon","coordinates":[[[-65.26606,-16.80934],[-65.26553,-16.80933],[-65.26547,-16.81009],[-65.266,-16.81011],[-65.26606,-16.80934]]]},"properties":{"n":"TOCOPILLA","p":18,"personas_x_ha":36,"masculinidad":80,"pct_menor20":61,"pct_60mas":6,"pct_migrante":44,"dependencia_econ":80,"pct_empleados":20,"pct_cuentapropia":50,"pct_agricultura":80,"pct_comercio":0,"pct_manufactura":0,"pct_construccion":0,"pct_transporte":10,"pct_alojamiento":0,"pct_sin_educacion":29,"pct_educ_superior":0,"brecha_educ":8,"pct_sin_seguro":11,"pct_sus":89,"pct_seguro_privado":0,"brecha_seguro":3,"pct_salud_publica":30,"pct_med_tradicional":9,"pct_automedicacion":28,"pct_remedios_caseros":16,"pct_viv_desocupada":18,"pct_alquiler":0,"pct_electricidad":100,"pct_sin_electricidad":0,"pct_agua_red":29,"pct_alcantarillado":0,"pct_camara_septica":14,"pct_pozo_ciego":57,"pct_sin_desague":14,"pct_gas_red":0,"pct_gas_garrafa":86,"pct_lena_guano":86,"pct_basura_formal":0,"pct_basura_quema":86,"pct_basura_informal":0,"pct_internet":86,"pct_celular":100,"pct_televisor":57}},{"type":"Feature","geometry":{"type":"Polygon","coordinates":[[[-65.2652,-16.81288],[-65.26574,-16.81291],[-65.26568,-16.81371],[-65.26512,-16.8137],[-65.2652,-16.81288]]]},"properties":{"n":"TOCOPILLA","p":23,"personas_x_ha":42,"masculinidad":53,"pct_menor20":65,"pct_60mas":0,"pct_migrante":48,"dependencia_econ":475,"pct_empleados":0,"pct_cuentapropia":25,"pct_agricultura":50,"pct_comercio":25,"pct_manufactura":0,"pct_construccion":0,"pct_transporte":0,"pct_alojamiento":0,"pct_sin_educacion":0,"pct_educ_superior":0,"brecha_educ":83,"pct_sin_seguro":0,"pct_sus":100,"pct_seguro_privado":0,"brecha_seguro":0,"pct_salud_publica":23,"pct_med_tradicional":15,"pct_automedicacion":14,"pct_remedios_caseros":19,"pct_viv_desocupada":0,"pct_alquiler":0,"pct_electricidad":100,"pct_sin_electricidad":0,"pct_agua_red":83,"pct_alcantarillado":0,"pct_camara_septica":0,"pct_pozo_ciego":83,"pct_sin_desague":17,"pct_gas_red":0,"pct_gas_garrafa":83,"pct_lena_guano":83,"pct_basura_formal":0,"pct_basura_quema":100,"pct_basura_informal":0,"pct_internet":100,"pct_celular":100,"pct_televisor":50}},{"type":"Feature","geometry":{"type":"Polygon","coordinates":[[[-65.26624,-16.80841],[-65.26738,-16.80846],[-65.26734,-16.80927],[-65.26619,-16.80922],[-65.26624,-16.80841]]]},"properties":{"n":"TOCOPILLA","p":32,"personas_x_ha":28,"masculinidad":100,"pct_menor20":59,"pct_60mas":0,"pct_migrante":59,"dependencia_econ":88,"pct_empleados":6,"pct_cuentapropia":24,"pct_agricultura":88,"pct_comercio":12,"pct_manufactura":0,"pct_construccion":0,"pct_transporte":0,"pct_alojamiento":0,"pct_sin_educacion":0,"pct_educ_superior":0,"brecha_educ":-14,"pct_sin_seguro":19,"pct_sus":81,"pct_seguro_privado":0,"brecha_seguro":-12,"pct_salud_publica":36,"pct_med_tradicional":0,"pct_automedicacion":24,"pct_remedios_caseros":28,"pct_viv_desocupada":28,"pct_alquiler":8,"pct_electricidad":92,"pct_sin_electricidad":8,"pct_agua_red":58,"pct_alcantarillado":8,"pct_camara_septica":0,"pct_pozo_ciego":92,"pct_sin_desague":0,"pct_gas_red":0,"pct_gas_garrafa":92,"pct_lena_guano":92,"pct_basura_formal":0,"pct_basura_quema":83,"pct_basura_informal":33,"pct_internet":67,"pct_celular":75,"pct_televisor":58}},{"type":"Feature","geometry":{"type":"Polygon","coordinates":[[[-65.2661,-16.81021],[-65.26722,-16.81027],[-65.26718,-16.81098],[-65.26605,-16.81092],[-65.2661,-16.81021]]]},"properties":{"n":"TOCOPILLA","p":25,"personas_x_ha":26,"masculinidad":92,"pct_menor20":60,"pct_60mas":0,"pct_migrante":52,"dependencia_econ":108,"pct_empleados":25,"pct_cuentapropia":50,"pct_agricultura":58,"pct_comercio":17,"pct_manufactura":0,"pct_construccion":8,"pct_transporte":0,"pct_alojamiento":17,"pct_sin_educacion":9,"pct_educ_superior":9,"brecha_educ":23,"pct_sin_seguro":0,"pct_sus":100,"pct_seguro_privado":0,"brecha_seguro":0,"pct_salud_publica":26,"pct_med_tradicional":11,"pct_automedicacion":24,"pct_remedios_caseros":21,"pct_viv_desocupada":0,"pct_alquiler":0,"pct_electricidad":90,"pct_sin_electricidad":10,"pct_agua_red":60,"pct_alcantarillado":10,"pct_camara_septica":0,"pct_pozo_ciego":90,"pct_sin_desague":0,"pct_gas_red":0,"pct_gas_garrafa":80,"pct_lena_guano":80,"pct_basura_formal":0,"pct_basura_quema":100,"pct_basura_informal":0,"pct_internet":80,"pct_celular":90,"pct_televisor":50}},{"type":"Feature","geometry":{"type":"Polygon","coordinates":[[[-65.2673,-16.8094],[-65.26619,-16.80932],[-65.26612,-16.8101],[-65.26725,-16.81017],[-65.2673,-16.8094]]]},"properties":{"n":"TOCOPILLA","p":33,"personas_x_ha":31,"masculinidad":106,"pct_menor20":61,"pct_60mas":3,"pct_migrante":33,"dependencia_econ":121,"pct_empleados":29,"pct_cuentapropia":36,"pct_agricultura":57,"pct_comercio":7,"pct_manufactura":0,"pct_construccion":0,"pct_transporte":7,"pct_alojamiento":0,"pct_sin_educacion":15,"pct_educ_superior":0,"brecha_educ":-17,"pct_sin_seguro":20,"pct_sus":80,"pct_seguro_privado":0,"brecha_seguro":16,"pct_salud_publica":26,"pct_med_tradicional":5,"pct_automedicacion":25,"pct_remedios_caseros":26,"pct_viv_desocupada":7,"pct_alquiler":25,"pct_electricidad":92,"pct_sin_electricidad":8,"pct_agua_red":17,"pct_alcantarillado":0,"pct_camara_septica":0,"pct_pozo_ciego":83,"pct_sin_desague":17,"pct_gas_red":0,"pct_gas_garrafa":83,"pct_lena_guano":83,"pct_basura_formal":0,"pct_basura_quema":92,"pct_basura_informal":0,"pct_internet":75,"pct_celular":100,"pct_televisor":50}},{"type":"Feature","geometry":{"type":"Polygon","coordinates":[[[-65.2652,-16.81113],[-65.26515,-16.81186],[-65.26445,-16.81184],[-65.2645,-16.8111],[-65.2652,-16.81113]]]},"properties":{"n":"TOCOPILLA","p":18,"personas_x_ha":28,"masculinidad":200,"pct_menor20":61,"pct_60mas":0,"pct_migrante":50,"dependencia_econ":125,"pct_empleados":0,"pct_cuentapropia":88,"pct_agricultura":88,"pct_comercio":0,"pct_manufactura":0,"pct_construccion":0,"pct_transporte":0,"pct_alojamiento":0,"pct_sin_educacion":0,"pct_educ_superior":0,"brecha_educ":14,"pct_sin_seguro":18,"pct_sus":82,"pct_seguro_privado":0,"brecha_seguro":-24,"pct_salud_publica":26,"pct_med_tradicional":22,"pct_automedicacion":25,"pct_remedios_caseros":26,"pct_viv_desocupada":58,"pct_alquiler":0,"pct_electricidad":100,"pct_sin_electricidad":0,"pct_agua_red":100,"pct_alcantarillado":0,"pct_camara_septica":0,"pct_pozo_ciego":100,"pct_sin_desague":0,"pct_gas_red":0,"pct_gas_garrafa":100,"pct_lena_guano":100,"pct_basura_formal":0,"pct_basura_quema":100,"pct_basura_informal":0,"pct_internet":100,"pct_celular":100,"pct_televisor":80}},{"type":"Feature","geometry":{"type":"Polygon","coordinates":[[[-65.7313,-16.52574],[-65.73205,-16.52553],[-65.73231,-16.52613],[-65.73155,-16.52653],[-65.7313,-16.52574]]]},"properties":{"n":"UNCIA","p":23,"personas_x_ha":31,"masculinidad":109,"pct_menor20":65,"pct_60mas":0,"pct_migrante":26,"dependencia_econ":200,"pct_empleados":14,"pct_cuentapropia":86,"pct_agricultura":43,"pct_comercio":29,"pct_manufactura":0,"pct_construccion":0,"pct_transporte":0,"pct_alojamiento":14,"pct_sin_educacion":25,"pct_educ_superior":38,"brecha_educ":-27,"pct_sin_seguro":5,"pct_sus":95,"pct_seguro_privado":0,"brecha_seguro":-10,"pct_salud_publica":36,"pct_med_tradicional":0,"pct_automedicacion":21,"pct_remedios_caseros":38,"pct_viv_desocupada":0,"pct_alquiler":0,"pct_electricidad":100,"pct_sin_electricidad":0,"pct_agua_red":88,"pct_alcantarillado":25,"pct_camara_septica":12,"pct_pozo_ciego":62,"pct_sin_desague":0,"pct_gas_red":0,"pct_gas_garrafa":100,"pct_lena_guano":100,"pct_basura_formal":0,"pct_basura_quema":100,"pct_basura_informal":0,"pct_internet":75,"pct_celular":75,"pct_televisor":62}},{"type":"Feature","geometry":{"type":"Polygon","coordinates":[[[-65.73033,-16.52606],[-65.72949,-16.52629],[-65.72985,-16.52709],[-65.73061,-16.52687],[-65.73033,-16.52606]]]},"properties":{"n":"UNCIA","p":23,"personas_x_ha":25,"masculinidad":92,"pct_menor20":48,"pct_60mas":0,"pct_migrante":83,"dependencia_econ":83,"pct_empleados":17,"pct_cuentapropia":75,"pct_agricultura":83,"pct_comercio":0,"pct_manufactura":0,"pct_construccion":0,"pct_transporte":0,"pct_alojamiento":8,"pct_sin_educacion":0,"pct_educ_superior":36,"brecha_educ":-25,"pct_sin_seguro":0,"pct_sus":100,"pct_seguro_privado":0,"brecha_seguro":0,"pct_salud_publica":28,"pct_med_tradicional":8,"pct_automedicacion":25,"pct_remedios_caseros":28,"pct_viv_desocupada":0,"pct_alquiler":0,"pct_electricidad":100,"pct_sin_electricidad":0,"pct_agua_red":100,"pct_alcantarillado":0,"pct_camara_septica":0,"pct_pozo_ciego":73,"pct_sin_desague":27,"pct_gas_red":0,"pct_gas_garrafa":100,"pct_lena_guano":100,"pct_basura_formal":0,"pct_basura_quema":100,"pct_basura_informal":0,"pct_internet":100,"pct_celular":100,"pct_televisor":64}},{"type":"Feature","geometry":{"type":"Polygon","coordinates":[[[-65.73279,-16.52736],[-65.73241,-16.52643],[-65.73204,-16.52655],[-65.73236,-16.52752],[-65.73279,-16.52736]]]},"properties":{"n":"UNCIA","p":18,"personas_x_ha":35,"masculinidad":50,"pct_menor20":67,"pct_60mas":0,"pct_migrante":67,"dependencia_econ":157,"pct_empleados":43,"pct_cuentapropia":29,"pct_agricultura":86,"pct_comercio":0,"pct_manufactura":14,"pct_construccion":0,"pct_transporte":0,"pct_alojamiento":0,"pct_sin_educacion":0,"pct_educ_superior":29,"brecha_educ":10,"pct_sin_seguro":0,"pct_sus":94,"pct_seguro_privado":6,"brecha_seguro":0,"pct_salud_publica":34,"pct_med_tradicional":8,"pct_automedicacion":19,"pct_remedios_caseros":19,"pct_viv_desocupada":0,"pct_alquiler":12,"pct_electricidad":100,"pct_sin_electricidad":0,"pct_agua_red":100,"pct_alcantarillado":0,"pct_camara_septica":62,"pct_pozo_ciego":38,"pct_sin_desague":0,"pct_gas_red":0,"pct_gas_garrafa":100,"pct_lena_guano":100,"pct_basura_formal":0,"pct_basura_quema":100,"pct_basura_informal":0,"pct_internet":75,"pct_celular":88,"pct_televisor":62}},{"type":"Feature","geometry":{"type":"Polygon","coordinates":[[[-65.72989,-16.52496],[-65.72909,-16.52522],[-65.7294,-16.526],[-65.73017,-16.52572],[-65.72989,-16.52496]]]},"properties":{"n":"UNCIA","p":31,"personas_x_ha":37,"masculinidad":138,"pct_menor20":55,"pct_60mas":0,"pct_migrante":35,"dependencia_econ":121,"pct_empleados":7,"pct_cuentapropia":79,"pct_agricultura":79,"pct_comercio":14,"pct_manufactura":0,"pct_construccion":0,"pct_transporte":0,"pct_alojamiento":0,"pct_sin_educacion":0,"pct_educ_superior":7,"brecha_educ":-48,"pct_sin_seguro":13,"pct_sus":87,"pct_seguro_privado":0,"brecha_seguro":10,"pct_salud_publica":31,"pct_med_tradicional":7,"pct_automedicacion":24,"pct_remedios_caseros":26,"pct_viv_desocupada":11,"pct_alquiler":8,"pct_electricidad":92,"pct_sin_electricidad":8,"pct_agua_red":8,"pct_alcantarillado":0,"pct_camara_septica":0,"pct_pozo_ciego":67,"pct_sin_desague":17,"pct_gas_red":0,"pct_gas_garrafa":83,"pct_lena_guano":83,"pct_basura_formal":0,"pct_basura_quema":83,"pct_basura_informal":0,"pct_internet":83,"pct_celular":100,"pct_televisor":50}},{"type":"Feature","geometry":{"type":"Polygon","coordinates":[[[-65.73308,-16.52554],[-65.73328,-16.52611],[-65.73242,-16.52612],[-65.73225,-16.52553],[-65.73308,-16.52554]]]},"properties":{"n":"UNCIA","p":23,"personas_x_ha":38,"masculinidad":92,"pct_menor20":78,"pct_60mas":0,"pct_migrante":48,"dependencia_econ":283,"pct_empleados":0,"pct_cuentapropia":67,"pct_agricultura":100,"pct_comercio":0,"pct_manufactura":0,"pct_construccion":0,"pct_transporte":0,"pct_alojamiento":0,"pct_sin_educacion":0,"pct_educ_superior":0,"brecha_educ":52,"pct_sin_seguro":4,"pct_sus":96,"pct_seguro_privado":0,"brecha_seguro":-8,"pct_salud_publica":39,"pct_med_tradicional":2,"pct_automedicacion":0,"pct_remedios_caseros":50,"pct_viv_desocupada":0,"pct_alquiler":12,"pct_electricidad":100,"pct_sin_electricidad":0,"pct_agua_red":25,"pct_alcantarillado":25,"pct_camara_septica":12,"pct_pozo_ciego":38,"pct_sin_desague":25,"pct_gas_red":0,"pct_gas_garrafa":75,"pct_lena_guano":75,"pct_basura_formal":0,"pct_basura_quema":88,"pct_basura_informal":0,"pct_internet":75,"pct_celular":75,"pct_televisor":12}},{"type":"Feature","geometry":{"type":"Polygon","coordinates":[[[-65.7335,-16.52648],[-65.73269,-16.52676],[-65.73288,-16.52725],[-65.73298,-16.52728],[-65.73371,-16.52703],[-65.7335,-16.52648]]]},"properties":{"n":"UNCIA","p":22,"personas_x_ha":37,"masculinidad":175,"pct_menor20":64,"pct_60mas":5,"pct_migrante":41,"dependencia_econ":162,"pct_empleados":12,"pct_cuentapropia":75,"pct_agricultura":75,"pct_comercio":12,"pct_manufactura":0,"pct_construccion":0,"pct_transporte":0,"pct_alojamiento":0,"pct_sin_educacion":14,"pct_educ_superior":0,"brecha_educ":42,"pct_sin_seguro":20,"pct_sus":60,"pct_seguro_privado":0,"brecha_seguro":-8,"pct_salud_publica":34,"pct_med_tradicional":5,"pct_automedicacion":20,"pct_remedios_caseros":29,"pct_viv_desocupada":11,"pct_alquiler":29,"pct_electricidad":100,"pct_sin_electricidad":0,"pct_agua_red":14,"pct_alcantarillado":29,"pct_camara_septica":0,"pct_pozo_ciego":43,"pct_sin_desague":29,"pct_gas_red":0,"pct_gas_garrafa":71,"pct_lena_guano":71,"pct_basura_formal":0,"pct_basura_quema":100,"pct_basura_informal":0,"pct_internet":57,"pct_celular":71,"pct_televisor":43}},{"type":"Feature","geometry":{"type":"Polygon","coordinates":[[[-65.73166,-16.52443],[-65.73089,-16.52464],[-65.73098,-16.52496],[-65.73175,-16.52472],[-65.73166,-16.52443]]]},"properties":{"n":"UNCIA","p":26,"personas_x_ha":82,"masculinidad":117,"pct_menor20":69,"pct_60mas":0,"pct_migrante":50,"dependencia_econ":550,"pct_empleados":0,"pct_cuentapropia":75,"pct_agricultura":50,"pct_comercio":25,"pct_manufactura":0,"pct_construccion":0,"pct_transporte":0,"pct_alojamiento":25,"pct_sin_educacion":0,"pct_educ_superior":0,"brecha_educ":-80,"pct_sin_seguro":4,"pct_sus":96,"pct_seguro_privado":0,"brecha_seguro":-8,"pct_salud_publica":25,"pct_med_tradicional":11,"pct_automedicacion":24,"pct_remedios_caseros":17,"pct_viv_desocupada":0,"pct_alquiler":0,"pct_electricidad":100,"pct_sin_electricidad":0,"pct_agua_red":57,"pct_alcantarillado":29,"pct_camara_septica":0,"pct_pozo_ciego":57,"pct_sin_desague":14,"pct_gas_red":0,"pct_gas_garrafa":100,"pct_lena_guano":100,"pct_basura_formal":14,"pct_basura_quema":71,"pct_basura_informal":0,"pct_internet":100,"pct_celular":100,"pct_televisor":57}},{"type":"Feature","geometry":{"type":"Polygon","coordinates":[[[-65.7331,-16.52521],[-65.734,-16.52518],[-65.73365,-16.52437],[-65.73276,-16.5244],[-65.7331,-16.52521]]]},"properties":{"n":"UNCIA","p":20,"personas_x_ha":22,"masculinidad":67,"pct_menor20":45,"pct_60mas":0,"pct_migrante":45,"dependencia_econ":100,"pct_empleados":0,"pct_cuentapropia":60,"pct_agricultura":100,"pct_comercio":0,"pct_manufactura":0,"pct_construccion":0,"pct_transporte":0,"pct_alojamiento":0,"pct_sin_educacion":0,"pct_educ_superior":0,"brecha_educ":-43,"pct_sin_seguro":5,"pct_sus":95,"pct_seguro_privado":0,"brecha_seguro":12,"pct_salud_publica":41,"pct_med_tradicional":8,"pct_automedicacion":10,"pct_remedios_caseros":28,"pct_viv_desocupada":30,"pct_alquiler":0,"pct_electricidad":100,"pct_sin_electricidad":0,"pct_agua_red":33,"pct_alcantarillado":33,"pct_camara_septica":0,"pct_pozo_ciego":67,"pct_sin_desague":0,"pct_gas_red":0,"pct_gas_garrafa":89,"pct_lena_guano":89,"pct_basura_formal":0,"pct_basura_quema":100,"pct_basura_informal":0,"pct_internet":78,"pct_celular":89,"pct_televisor":67}},{"type":"Feature","geometry":{"type":"Polygon","coordinates":[[[-65.73791,-16.52508],[-65.73761,-16.5242],[-65.73679,-16.52429],[-65.73673,-16.52438],[-65.73702,-16.52513],[-65.73791,-16.52508]]]},"properties":{"n":"UNCIA","p":27,"personas_x_ha":28,"masculinidad":80,"pct_menor20":48,"pct_60mas":4,"pct_migrante":48,"dependencia_econ":170,"pct_empleados":30,"pct_cuentapropia":70,"pct_agricultura":40,"pct_comercio":30,"pct_manufactura":0,"pct_construccion":0,"pct_transporte":0,"pct_alojamiento":10,"pct_sin_educacion":0,"pct_educ_superior":0,"brecha_educ":10,"pct_sin_seguro":19,"pct_sus":81,"pct_seguro_privado":0,"brecha_seguro":12,"pct_salud_publica":29,"pct_med_tradicional":5,"pct_automedicacion":25,"pct_remedios_caseros":8,"pct_viv_desocupada":0,"pct_alquiler":17,"pct_electricidad":75,"pct_sin_electricidad":25,"pct_agua_red":83,"pct_alcantarillado":0,"pct_camara_septica":0,"pct_pozo_ciego":75,"pct_sin_desague":8,"pct_gas_red":0,"pct_gas_garrafa":92,"pct_lena_guano":92,"pct_basura_formal":0,"pct_basura_quema":100,"pct_basura_informal":0,"pct_internet":50,"pct_celular":92,"pct_televisor":42}},{"type":"Feature","geometry":{"type":"Polygon","coordinates":[[[-65.73413,-16.5252],[-65.73375,-16.52441],[-65.73461,-16.52435],[-65.73495,-16.52516],[-65.73413,-16.5252]]]},"properties":{"n":"UNCIA","p":26,"personas_x_ha":30,"masculinidad":136,"pct_menor20":46,"pct_60mas":4,"pct_migrante":62,"dependencia_econ":136,"pct_empleados":0,"pct_cuentapropia":91,"pct_agricultura":82,"pct_comercio":0,"pct_manufactura":0,"pct_construccion":9,"pct_transporte":0,"pct_alojamiento":9,"pct_sin_educacion":0,"pct_educ_superior":7,"brecha_educ":-4,"pct_sin_seguro":8,"pct_sus":92,"pct_seguro_privado":0,"brecha_seguro":13,"pct_salud_publica":31,"pct_med_tradicional":7,"pct_automedicacion":22,"pct_remedios_caseros":27,"pct_viv_desocupada":0,"pct_alquiler":0,"pct_electricidad":91,"pct_sin_electricidad":0,"pct_agua_red":0,"pct_alcantarillado":9,"pct_camara_septica":0,"pct_pozo_ciego":45,"pct_sin_desague":45,"pct_gas_red":0,"pct_gas_garrafa":91,"pct_lena_guano":91,"pct_basura_formal":0,"pct_basura_quema":100,"pct_basura_informal":0,"pct_internet":45,"pct_celular":82,"pct_televisor":45}},{"type":"Feature","geometry":{"type":"Polygon","coordinates":[[[-65.73179,-16.5244],[-65.73213,-16.52523],[-65.73297,-16.52522],[-65.73263,-16.52438],[-65.73179,-16.5244]]]},"properties":{"n":"UNCIA","p":49,"personas_x_ha":54,"masculinidad":104,"pct_menor20":65,"pct_60mas":0,"pct_migrante":63,"dependencia_econ":206,"pct_empleados":31,"pct_cuentapropia":69,"pct_agricultura":69,"pct_comercio":12,"pct_manufactura":6,"pct_construccion":6,"pct_transporte":0,"pct_alojamiento":6,"pct_sin_educacion":0,"pct_educ_superior":6,"brecha_educ":-17,"pct_sin_seguro":6,"pct_sus":92,"pct_seguro_privado":0,"brecha_seguro":4,"pct_salud_publica":26,"pct_med_tradicional":19,"pct_automedicacion":19,"pct_remedios_caseros":23,"pct_viv_desocupada":0,"pct_alquiler":7,"pct_electricidad":79,"pct_sin_electricidad":7,"pct_agua_red":79,"pct_alcantarillado":0,"pct_camara_septica":7,"pct_pozo_ciego":71,"pct_sin_desague":21,"pct_gas_red":0,"pct_gas_garrafa":100,"pct_lena_guano":100,"pct_basura_formal":0,"pct_basura_quema":93,"pct_basura_informal":0,"pct_internet":86,"pct_celular":93,"pct_televisor":64}},{"type":"Feature","geometry":{"type":"Polygon","coordinates":[[[-65.73606,-16.52546],[-65.7363,-16.52613],[-65.73554,-16.52635],[-65.73519,-16.52546],[-65.73606,-16.52546]]]},"properties":{"n":"UNCIA","p":19,"personas_x_ha":23,"masculinidad":58,"pct_menor20":47,"pct_60mas":5,"pct_migrante":53,"dependencia_econ":280,"pct_empleados":20,"pct_cuentapropia":60,"pct_agricultura":100,"pct_comercio":0,"pct_manufactura":0,"pct_construccion":0,"pct_transporte":0,"pct_alojamiento":0,"pct_sin_educacion":0,"pct_educ_superior":10,"brecha_educ":-25,"pct_sin_seguro":17,"pct_sus":83,"pct_seguro_privado":0,"brecha_seguro":-4,"pct_salud_publica":27,"pct_med_tradicional":16,"pct_automedicacion":21,"pct_remedios_caseros":26,"pct_viv_desocupada":0,"pct_alquiler":0,"pct_electricidad":100,"pct_sin_electricidad":0,"pct_agua_red":100,"pct_alcantarillado":29,"pct_camara_septica":43,"pct_pozo_ciego":29,"pct_sin_desague":0,"pct_gas_red":0,"pct_gas_garrafa":100,"pct_lena_guano":100,"pct_basura_formal":0,"pct_basura_quema":100,"pct_basura_informal":0,"pct_internet":86,"pct_celular":86,"pct_televisor":57}},{"type":"Feature","geometry":{"type":"Polygon","coordinates":[[[-65.72942,-16.52632],[-65.7297,-16.52711],[-65.72891,-16.52733],[-65.7286,-16.52653],[-65.72942,-16.52632]]]},"properties":{"n":"UNCIA","p":30,"personas_x_ha":34,"masculinidad":131,"pct_menor20":50,"pct_60mas":0,"pct_migrante":67,"dependencia_econ":150,"pct_empleados":25,"pct_cuentapropia":67,"pct_agricultura":58,"pct_comercio":0,"pct_manufactura":0,"pct_construccion":17,"pct_transporte":8,"pct_alojamiento":0,"pct_sin_educacion":0,"pct_educ_superior":7,"brecha_educ":-50,"pct_sin_seguro":33,"pct_sus":67,"pct_seguro_privado":0,"brecha_seguro":-9,"pct_salud_publica":26,"pct_med_tradicional":12,"pct_automedicacion":32,"pct_remedios_caseros":20,"pct_viv_desocupada":8,"pct_alquiler":0,"pct_electricidad":100,"pct_sin_electricidad":0,"pct_agua_red":30,"pct_alcantarillado":20,"pct_camara_septica":0,"pct_pozo_ciego":60,"pct_sin_desague":10,"pct_gas_red":0,"pct_gas_garrafa":90,"pct_lena_guano":90,"pct_basura_formal":0,"pct_basura_quema":100,"pct_basura_informal":0,"pct_internet":100,"pct_celular":100,"pct_televisor":90}},{"type":"Feature","geometry":{"type":"Polygon","coordinates":[[[-65.73601,-16.52512],[-65.7369,-16.52511],[-65.73659,-16.52428],[-65.73575,-16.52432],[-65.73601,-16.52512]]]},"properties":{"n":"UNCIA","p":41,"personas_x_ha":46,"masculinidad":105,"pct_menor20":71,"pct_60mas":0,"pct_migrante":68,"dependencia_econ":567,"pct_empleados":0,"pct_cuentapropia":50,"pct_agricultura":67,"pct_comercio":17,"pct_manufactura":0,"pct_construccion":17,"pct_transporte":0,"pct_alojamiento":0,"pct_sin_educacion":8,"pct_educ_superior":33,"brecha_educ":-23,"pct_sin_seguro":0,"pct_sus":84,"pct_seguro_privado":0,"brecha_seguro":0,"pct_salud_publica":25,"pct_med_tradicional":14,"pct_automedicacion":15,"pct_remedios_caseros":16,"pct_viv_desocupada":8,"pct_alquiler":0,"pct_electricidad":100,"pct_sin_electricidad":0,"pct_agua_red":27,"pct_alcantarillado":18,"pct_camara_septica":9,"pct_pozo_ciego":45,"pct_sin_desague":27,"pct_gas_red":0,"pct_gas_garrafa":100,"pct_lena_guano":100,"pct_basura_formal":18,"pct_basura_quema":55,"pct_basura_informal":0,"pct_internet":64,"pct_celular":82,"pct_televisor":64}},{"type":"Feature","geometry":{"type":"Polygon","coordinates":[[[-65.73594,-16.52512],[-65.73549,-16.52396],[-65.73463,-16.52397],[-65.73504,-16.52516],[-65.73594,-16.52512]]]},"properties":{"n":"UNCIA","p":25,"personas_x_ha":19,"masculinidad":79,"pct_menor20":56,"pct_60mas":4,"pct_migrante":76,"dependencia_econ":79,"pct_empleados":36,"pct_cuentapropia":64,"pct_agricultura":21,"pct_comercio":29,"pct_manufactura":0,"pct_construccion":0,"pct_transporte":0,"pct_alojamiento":0,"pct_sin_educacion":0,"pct_educ_superior":64,"brecha_educ":3,"pct_sin_seguro":0,"pct_sus":68,"pct_seguro_privado":0,"brecha_seguro":0,"pct_salud_publica":24,"pct_med_tradicional":13,"pct_automedicacion":13,"pct_remedios_caseros":21,"pct_viv_desocupada":0,"pct_alquiler":25,"pct_electricidad":100,"pct_sin_electricidad":0,"pct_agua_red":62,"pct_alcantarillado":38,"pct_camara_septica":25,"pct_pozo_ciego":38,"pct_sin_desague":0,"pct_gas_red":0,"pct_gas_garrafa":100,"pct_lena_guano":100,"pct_basura_formal":0,"pct_basura_quema":88,"pct_basura_informal":0,"pct_internet":88,"pct_celular":100,"pct_televisor":62}},{"type":"Feature","geometry":{"type":"Polygon","coordinates":[[[-65.7351,-16.52548],[-65.7354,-16.52627],[-65.73487,-16.52635],[-65.73438,-16.52615],[-65.73418,-16.52548],[-65.7351,-16.52548]]]},"properties":{"n":"UNCIA","p":34,"personas_x_ha":37,"masculinidad":62,"pct_menor20":53,"pct_60mas":0,"pct_migrante":56,"dependencia_econ":143,"pct_empleados":0,"pct_cuentapropia":86,"pct_agricultura":64,"pct_comercio":0,"pct_manufactura":7,"pct_construccion":0,"pct_transporte":0,"pct_alojamiento":7,"pct_sin_educacion":0,"pct_educ_superior":6,"brecha_educ":-19,"pct_sin_seguro":3,"pct_sus":97,"pct_seguro_privado":0,"brecha_seguro":-5,"pct_salud_publica":32,"pct_med_tradicional":20,"pct_automedicacion":25,"pct_remedios_caseros":12,"pct_viv_desocupada":0,"pct_alquiler":8,"pct_electricidad":92,"pct_sin_electricidad":8,"pct_agua_red":33,"pct_alcantarillado":8,"pct_camara_septica":17,"pct_pozo_ciego":58,"pct_sin_desague":0,"pct_gas_red":0,"pct_gas_garrafa":100,"pct_lena_guano":100,"pct_basura_formal":0,"pct_basura_quema":92,"pct_basura_informal":0,"pct_internet":83,"pct_celular":92,"pct_televisor":42}},{"type":"Feature","geometry":{"type":"Polygon","coordinates":[[[-65.72928,-16.52598],[-65.729,-16.52523],[-65.72821,-16.52546],[-65.72846,-16.52622],[-65.72928,-16.52598]]]},"properties":{"n":"UNCIA","p":38,"personas_x_ha":47,"masculinidad":73,"pct_menor20":42,"pct_60mas":3,"pct_migrante":74,"dependencia_econ":217,"pct_empleados":0,"pct_cuentapropia":92,"pct_agricultura":83,"pct_comercio":17,"pct_manufactura":0,"pct_construccion":0,"pct_transporte":0,"pct_alojamiento":0,"pct_sin_educacion":14,"pct_educ_superior":0,"brecha_educ":-47,"pct_sin_seguro":11,"pct_sus":89,"pct_seguro_privado":0,"brecha_seguro":14,"pct_salud_publica":25,"pct_med_tradicional":13,"pct_automedicacion":22,"pct_remedios_caseros":26,"pct_viv_desocupada":0,"pct_alquiler":13,"pct_electricidad":80,"pct_sin_electricidad":20,"pct_agua_red":47,"pct_alcantarillado":0,"pct_camara_septica":0,"pct_pozo_ciego":87,"pct_sin_desague":13,"pct_gas_red":0,"pct_gas_garrafa":100,"pct_lena_guano":100,"pct_basura_formal":0,"pct_basura_quema":93,"pct_basura_informal":0,"pct_internet":80,"pct_celular":87,"pct_televisor":53}},{"type":"Feature","geometry":{"type":"Polygon","coordinates":[[[-65.34569,-16.83895],[-65.34532,-16.83885],[-65.34453,-16.83904],[-65.34469,-16.83976],[-65.34553,-16.83949],[-65.34569,-16.83895]]]},"properties":{"n":"VILLA 14 DE SEPTIEMBRE","p":17,"personas_x_ha":21,"masculinidad":89,"pct_menor20":59,"pct_60mas":0,"pct_migrante":29,"dependencia_econ":70,"pct_empleados":40,"pct_cuentapropia":60,"pct_agricultura":30,"pct_comercio":50,"pct_manufactura":20,"pct_construccion":0,"pct_transporte":0,"pct_alojamiento":0,"pct_sin_educacion":0,"pct_educ_superior":25,"brecha_educ":-20,"pct_sin_seguro":6,"pct_sus":94,"pct_seguro_privado":0,"brecha_seguro":-11,"pct_salud_publica":29,"pct_med_tradicional":9,"pct_automedicacion":29,"pct_remedios_caseros":30,"pct_viv_desocupada":33,"pct_alquiler":0,"pct_electricidad":100,"pct_sin_electricidad":0,"pct_agua_red":20,"pct_alcantarillado":0,"pct_camara_septica":0,"pct_pozo_ciego":100,"pct_sin_desague":0,"pct_gas_red":0,"pct_gas_garrafa":100,"pct_lena_guano":100,"pct_basura_formal":0,"pct_basura_quema":100,"pct_basura_informal":0,"pct_internet":100,"pct_celular":100,"pct_televisor":100}},{"type":"Feature","geometry":{"type":"Polygon","coordinates":[[[-65.34758,-16.84727],[-65.34734,-16.84645],[-65.34706,-16.84652],[-65.34673,-16.84747],[-65.3468,-16.84752],[-65.34758,-16.84727]]]},"properties":{"n":"VILLA 14 DE SEPTIEMBRE","p":94,"personas_x_ha":151,"masculinidad":84,"pct_menor20":41,"pct_60mas":10,"pct_migrante":56,"dependencia_econ":71,"pct_empleados":13,"pct_cuentapropia":73,"pct_agricultura":25,"pct_comercio":42,"pct_manufactura":4,"pct_construccion":2,"pct_transporte":2,"pct_alojamiento":16,"pct_sin_educacion":2,"pct_educ_superior":16,"brecha_educ":-19,"pct_sin_seguro":13,"pct_sus":87,"pct_seguro_privado":0,"brecha_seguro":2,"pct_salud_publica":29,"pct_med_tradicional":10,"pct_automedicacion":27,"pct_remedios_caseros":23,"pct_viv_desocupada":0,"pct_alquiler":28,"pct_electricidad":100,"pct_sin_electricidad":0,"pct_agua_red":44,"pct_alcantarillado":69,"pct_camara_septica":6,"pct_pozo_ciego":3,"pct_sin_desague":19,"pct_gas_red":12,"pct_gas_garrafa":88,"pct_lena_guano":88,"pct_basura_formal":100,"pct_basura_quema":0,"pct_basura_informal":0,"pct_internet":78,"pct_celular":91,"pct_televisor":81}},{"type":"Feature","geometry":{"type":"Polygon","coordinates":[[[-65.34565,-16.84048],[-65.34554,-16.83957],[-65.34457,-16.83987],[-65.34478,-16.84068],[-65.34565,-16.84048]]]},"properties":{"n":"VILLA 14 DE SEPTIEMBRE","p":22,"personas_x_ha":23,"masculinidad":267,"pct_menor20":41,"pct_60mas":5,"pct_migrante":45,"dependencia_econ":57,"pct_empleados":29,"pct_cuentapropia":64,"pct_agricultura":71,"pct_comercio":7,"pct_manufactura":14,"pct_construccion":7,"pct_transporte":0,"pct_alojamiento":0,"pct_sin_educacion":0,"pct_educ_superior":29,"brecha_educ":-38,"pct_sin_seguro":0,"pct_sus":100,"pct_seguro_privado":0,"brecha_seguro":0,"pct_salud_publica":37,"pct_med_tradicional":7,"pct_automedicacion":7,"pct_remedios_caseros":32,"pct_viv_desocupada":0,"pct_alquiler":25,"pct_electricidad":100,"pct_sin_electricidad":0,"pct_agua_red":25,"pct_alcantarillado":75,"pct_camara_septica":0,"pct_pozo_ciego":12,"pct_sin_desague":12,"pct_gas_red":0,"pct_gas_garrafa":88,"pct_lena_guano":88,"pct_basura_formal":38,"pct_basura_quema":62,"pct_basura_informal":0,"pct_internet":75,"pct_celular":75,"pct_televisor":38}},{"type":"Feature","geometry":{"type":"Polygon","coordinates":[[[-65.34938,-16.8467],[-65.34909,-16.84588],[-65.34816,-16.84621],[-65.34844,-16.847],[-65.34938,-16.8467]]]},"properties":{"n":"VILLA 14 DE SEPTIEMBRE","p":42,"personas_x_ha":40,"masculinidad":110,"pct_menor20":24,"pct_60mas":10,"pct_migrante":52,"dependencia_econ":74,"pct_empleados":26,"pct_cuentapropia":30,"pct_agricultura":30,"pct_comercio":26,"pct_manufactura":4,"pct_construccion":4,"pct_transporte":13,"pct_alojamiento":0,"pct_sin_educacion":0,"pct_educ_superior":6,"brecha_educ":-21,"pct_sin_seguro":14,"pct_sus":84,"pct_seguro_privado":0,"brecha_seguro":6,"pct_salud_publica":21,"pct_med_tradicional":13,"pct_automedicacion":25,"pct_remedios_caseros":23,"pct_viv_desocupada":15,"pct_alquiler":25,"pct_electricidad":100,"pct_sin_electricidad":0,"pct_agua_red":60,"pct_alcantarillado":95,"pct_camara_septica":0,"pct_pozo_ciego":5,"pct_sin_desague":0,"pct_gas_red":30,"pct_gas_garrafa":70,"pct_lena_guano":70,"pct_basura_formal":100,"pct_basura_quema":0,"pct_basura_informal":0,"pct_internet":80,"pct_celular":90,"pct_televisor":65}},{"type":"Feature","geometry":{"type":"Polygon","coordinates":[[[-65.33893,-16.84753],[-65.33911,-16.84819],[-65.33995,-16.84794],[-65.33975,-16.84722],[-65.33893,-16.84753]]]},"properties":{"n":"VILLA 14 DE SEPTIEMBRE","p":26,"personas_x_ha":35,"masculinidad":100,"pct_menor20":46,"pct_60mas":8,"pct_migrante":46,"dependencia_econ":117,"pct_empleados":0,"pct_cuentapropia":92,"pct_agricultura":83,"pct_comercio":8,"pct_manufactura":0,"pct_construccion":0,"pct_transporte":8,"pct_alojamiento":0,"pct_sin_educacion":7,"pct_educ_superior":0,"brecha_educ":33,"pct_sin_seguro":12,"pct_sus":85,"pct_seguro_privado":4,"brecha_seguro":23,"pct_salud_publica":33,"pct_med_tradicional":6,"pct_automedicacion":38,"pct_remedios_caseros":20,"pct_viv_desocupada":0,"pct_alquiler":20,"pct_electricidad":100,"pct_sin_electricidad":0,"pct_agua_red":80,"pct_alcantarillado":20,"pct_camara_septica":30,"pct_pozo_ciego":30,"pct_sin_desague":20,"pct_gas_red":30,"pct_gas_garrafa":60,"pct_lena_guano":60,"pct_basura_formal":70,"pct_basura_quema":30,"pct_basura_informal":0,"pct_internet":100,"pct_celular":100,"pct_televisor":90}},{"type":"Feature","geometry":{"type":"Polygon","coordinates":[[[-65.34709,-16.84906],[-65.34797,-16.84878],[-65.34826,-16.84962],[-65.35013,-16.84909],[-65.35046,-16.84993],[-65.34949,-16.85021],[-65.34894,-16.85086],[-65.3487,-16.85164],[-65.34746,-16.85016],[-65.34709,-16.84906]]]},"properties":{"n":"VILLA 14 DE SEPTIEMBRE","p":86,"personas_x_ha":17,"masculinidad":139,"pct_menor20":36,"pct_60mas":8,"pct_migrante":44,"dependencia_econ":65,"pct_empleados":25,"pct_cuentapropia":58,"pct_agricultura":52,"pct_comercio":17,"pct_manufactura":8,"pct_construccion":0,"pct_transporte":0,"pct_alojamiento":4,"pct_sin_educacion":9,"pct_educ_superior":30,"brecha_educ":-16,"pct_sin_seguro":7,"pct_sus":93,"pct_seguro_privado":0,"brecha_seguro":8,"pct_salud_publica":33,"pct_med_tradicional":9,"pct_automedicacion":17,"pct_remedios_caseros":19,"pct_viv_desocupada":4,"pct_alquiler":32,"pct_electricidad":100,"pct_sin_electricidad":0,"pct_agua_red":27,"pct_alcantarillado":50,"pct_camara_septica":14,"pct_pozo_ciego":36,"pct_sin_desague":0,"pct_gas_red":18,"pct_gas_garrafa":77,"pct_lena_guano":77,"pct_basura_formal":55,"pct_basura_quema":45,"pct_basura_informal":0,"pct_internet":77,"pct_celular":82,"pct_televisor":59}},{"type":"Feature","geometry":{"type":"Polygon","coordinates":[[[-65.34186,-16.83548],[-65.34189,-16.83592],[-65.34447,-16.83554],[-65.34461,-16.83549],[-65.34488,-16.83512],[-65.34186,-16.83548]]]},"properties":{"n":"VILLA 14 DE SEPTIEMBRE","p":18,"personas_x_ha":14,"masculinidad":157,"pct_menor20":33,"pct_60mas":0,"pct_migrante":50,"dependencia_econ":20,"pct_empleados":20,"pct_cuentapropia":47,"pct_agricultura":67,"pct_comercio":0,"pct_manufactura":7,"pct_construccion":7,"pct_transporte":0,"pct_alojamiento":0,"pct_sin_educacion":0,"pct_educ_superior":8,"brecha_educ":-7,"pct_sin_seguro":6,"pct_sus":89,"pct_seguro_privado":0,"brecha_seguro":9,"pct_salud_publica":57,"pct_med_tradicional":3,"pct_automedicacion":23,"pct_remedios_caseros":13,"pct_viv_desocupada":0,"pct_alquiler":0,"pct_electricidad":78,"pct_sin_electricidad":22,"pct_agua_red":0,"pct_alcantarillado":0,"pct_camara_septica":0,"pct_pozo_ciego":33,"pct_sin_desague":67,"pct_gas_red":0,"pct_gas_garrafa":56,"pct_lena_guano":56,"pct_basura_formal":56,"pct_basura_quema":33,"pct_basura_informal":0,"pct_internet":56,"pct_celular":100,"pct_televisor":22}},{"type":"Feature","geometry":{"type":"Polygon","coordinates":[[[-65.35197,-16.84382],[-65.35166,-16.84303],[-65.35221,-16.84282],[-65.35258,-16.84364],[-65.35197,-16.84382]]]},"properties":{"n":"VILLA 14 DE SEPTIEMBRE","p":29,"personas_x_ha":45,"masculinidad":93,"pct_menor20":45,"pct_60mas":0,"pct_migrante":45,"dependencia_econ":81,"pct_empleados":19,"pct_cuentapropia":75,"pct_agricultura":56,"pct_comercio":0,"pct_manufactura":0,"pct_construccion":0,"pct_transporte":12,"pct_alojamiento":6,"pct_sin_educacion":6,"pct_educ_superior":41,"brecha_educ":19,"pct_sin_seguro":3,"pct_sus":97,"pct_seguro_privado":0,"brecha_seguro":7,"pct_salud_publica":32,"pct_med_tradicional":7,"pct_automedicacion":28,"pct_remedios_caseros":26,"pct_viv_desocupada":0,"pct_alquiler":27,"pct_electricidad":100,"pct_sin_electricidad":0,"pct_agua_red":73,"pct_alcantarillado":45,"pct_camara_septica":36,"pct_pozo_ciego":0,"pct_sin_desague":18,"pct_gas_red":0,"pct_gas_garrafa":100,"pct_lena_guano":100,"pct_basura_formal":82,"pct_basura_quema":18,"pct_basura_informal":0,"pct_internet":91,"pct_celular":100,"pct_televisor":73}},{"type":"Feature","geometry":{"type":"Polygon","coordinates":[[[-65.34516,-16.84396],[-65.34386,-16.84437],[-65.34408,-16.84519],[-65.34543,-16.84479],[-65.34516,-16.84396]]]},"properties":{"n":"VILLA 14 DE SEPTIEMBRE","p":35,"personas_x_ha":23,"masculinidad":84,"pct_menor20":34,"pct_60mas":20,"pct_migrante":60,"dependencia_econ":89,"pct_empleados":0,"pct_cuentapropia":100,"pct_agricultura":67,"pct_comercio":22,"pct_manufactura":6,"pct_construccion":0,"pct_transporte":0,"pct_alojamiento":0,"pct_sin_educacion":18,"pct_educ_superior":5,"brecha_educ":0,"pct_sin_seguro":12,"pct_sus":88,"pct_seguro_privado":0,"brecha_seguro":1,"pct_salud_publica":26,"pct_med_tradicional":14,"pct_automedicacion":24,"pct_remedios_caseros":24,"pct_viv_desocupada":0,"pct_alquiler":0,"pct_electricidad":92,"pct_sin_electricidad":8,"pct_agua_red":42,"pct_alcantarillado":0,"pct_camara_septica":8,"pct_pozo_ciego":75,"pct_sin_desague":17,"pct_gas_red":0,"pct_gas_garrafa":100,"pct_lena_guano":100,"pct_basura_formal":67,"pct_basura_quema":33,"pct_basura_informal":0,"pct_internet":83,"pct_celular":92,"pct_televisor":67}},{"type":"Feature","geometry":{"type":"Polygon","coordinates":[[[-65.34813,-16.84492],[-65.34807,-16.84484],[-65.34758,-16.845],[-65.3474,-16.84555],[-65.34789,-16.8457],[-65.34813,-16.84492]]]},"properties":{"n":"VILLA 14 DE SEPTIEMBRE","p":53,"personas_x_ha":116,"masculinidad":71,"pct_menor20":32,"pct_60mas":11,"pct_migrante":60,"dependencia_econ":68,"pct_empleados":23,"pct_cuentapropia":71,"pct_agricultura":39,"pct_comercio":26,"pct_manufactura":13,"pct_construccion":0,"pct_transporte":10,"pct_alojamiento":6,"pct_sin_educacion":6,"pct_educ_superior":6,"brecha_educ":-19,"pct_sin_seguro":23,"pct_sus":77,"pct_seguro_privado":0,"brecha_seguro":-1,"pct_salud_publica":28,"pct_med_tradicional":9,"pct_automedicacion":29,"pct_remedios_caseros":22,"pct_viv_desocupada":0,"pct_alquiler":16,"pct_electricidad":95,"pct_sin_electricidad":5,"pct_agua_red":79,"pct_alcantarillado":95,"pct_camara_septica":0,"pct_pozo_ciego":0,"pct_sin_desague":5,"pct_gas_red":16,"pct_gas_garrafa":74,"pct_lena_guano":74,"pct_basura_formal":100,"pct_basura_quema":0,"pct_basura_informal":0,"pct_internet":68,"pct_celular":74,"pct_televisor":53}},{"type":"Feature","geometry":{"type":"Polygon","coordinates":[[[-65.3452,-16.85047],[-65.34491,-16.84973],[-65.34411,-16.84995],[-65.3445,-16.85068],[-65.3452,-16.85047]]]},"properties":{"n":"VILLA 14 DE SEPTIEMBRE","p":24,"personas_x_ha":32,"masculinidad":41,"pct_menor20":67,"pct_60mas":0,"pct_migrante":54,"dependencia_econ":100,"pct_empleados":17,"pct_cuentapropia":58,"pct_agricultura":58,"pct_comercio":17,"pct_manufactura":0,"pct_construccion":0,"pct_transporte":8,"pct_alojamiento":0,"pct_sin_educacion":0,"pct_educ_superior":25,"brecha_educ":17,"pct_sin_seguro":4,"pct_sus":96,"pct_seguro_privado":0,"brecha_seguro":14,"pct_salud_publica":28,"pct_med_tradicional":6,"pct_automedicacion":29,"pct_remedios_caseros":27,"pct_viv_desocupada":0,"pct_alquiler":50,"pct_electricidad":88,"pct_sin_electricidad":12,"pct_agua_red":0,"pct_alcantarillado":25,"pct_camara_septica":50,"pct_pozo_ciego":12,"pct_sin_desague":12,"pct_gas_red":25,"pct_gas_garrafa":75,"pct_lena_guano":75,"pct_basura_formal":38,"pct_basura_quema":50,"pct_basura_informal":25,"pct_internet":62,"pct_celular":50,"pct_televisor":25}},{"type":"Feature","geometry":{"type":"Polygon","coordinates":[[[-65.34879,-16.84774],[-65.3496,-16.84748],[-65.3498,-16.8481],[-65.34903,-16.84837],[-65.34879,-16.84774]]]},"properties":{"n":"VILLA 14 DE SEPTIEMBRE","p":50,"personas_x_ha":73,"masculinidad":92,"pct_menor20":46,"pct_60mas":6,"pct_migrante":48,"dependencia_econ":79,"pct_empleados":14,"pct_cuentapropia":64,"pct_agricultura":39,"pct_comercio":32,"pct_manufactura":0,"pct_construccion":7,"pct_transporte":0,"pct_alojamiento":4,"pct_sin_educacion":0,"pct_educ_superior":19,"brecha_educ":2,"pct_sin_seguro":11,"pct_sus":89,"pct_seguro_privado":0,"brecha_seguro":13,"pct_salud_publica":30,"pct_med_tradicional":5,"pct_automedicacion":21,"pct_remedios_caseros":20,"pct_viv_desocupada":0,"pct_alquiler":50,"pct_electricidad":94,"pct_sin_electricidad":0,"pct_agua_red":56,"pct_alcantarillado":50,"pct_camara_septica":6,"pct_pozo_ciego":33,"pct_sin_desague":11,"pct_gas_red":0,"pct_gas_garrafa":89,"pct_lena_guano":89,"pct_basura_formal":94,"pct_basura_quema":6,"pct_basura_informal":0,"pct_internet":89,"pct_celular":94,"pct_televisor":56}},{"type":"Feature","geometry":{"type":"Polygon","coordinates":[[[-65.34335,-16.83573],[-65.3434,-16.83617],[-65.34429,-16.83604],[-65.34463,-16.83552],[-65.34335,-16.83573]]]},"properties":{"n":"VILLA 14 DE SEPTIEMBRE","p":23,"personas_x_ha":42,"masculinidad":53,"pct_menor20":52,"pct_60mas":0,"pct_migrante":22,"dependencia_econ":130,"pct_empleados":20,"pct_cuentapropia":70,"pct_agricultura":30,"pct_comercio":30,"pct_manufactura":0,"pct_construccion":10,"pct_transporte":10,"pct_alojamiento":10,"pct_sin_educacion":0,"pct_educ_superior":0,"brecha_educ":-43,"pct_sin_seguro":0,"pct_sus":78,"pct_seguro_privado":0,"brecha_seguro":0,"pct_salud_publica":29,"pct_med_tradicional":7,"pct_automedicacion":32,"pct_remedios_caseros":25,"pct_viv_desocupada":14,"pct_alquiler":0,"pct_electricidad":100,"pct_sin_electricidad":0,"pct_agua_red":0,"pct_alcantarillado":0,"pct_camara_septica":17,"pct_pozo_ciego":83,"pct_sin_desague":0,"pct_gas_red":0,"pct_gas_garrafa":100,"pct_lena_guano":100,"pct_basura_formal":67,"pct_basura_quema":33,"pct_basura_informal":0,"pct_internet":83,"pct_celular":100,"pct_televisor":83}},{"type":"Feature","geometry":{"type":"Polygon","coordinates":[[[-65.34911,-16.83381],[-65.34837,-16.83376],[-65.34801,-16.83583],[-65.34892,-16.836],[-65.34891,-16.83607],[-65.348,-16.8359],[-65.34763,-16.83691],[-65.34741,-16.83726],[-65.3498,-16.83687],[-65.35007,-16.83299],[-65.34852,-16.83292],[-65.34837,-16.8337],[-65.34911,-16.83375],[-65.34911,-16.83381]]]},"properties":{"n":"VILLA 14 DE SEPTIEMBRE","p":31,"personas_x_ha":4,"masculinidad":72,"pct_menor20":45,"pct_60mas":13,"pct_migrante":52,"dependencia_econ":82,"pct_empleados":18,"pct_cuentapropia":82,"pct_agricultura":76,"pct_comercio":12,"pct_manufactura":0,"pct_construccion":0,"pct_transporte":0,"pct_alojamiento":6,"pct_sin_educacion":6,"pct_educ_superior":0,"brecha_educ":12,"pct_sin_seguro":23,"pct_sus":74,"pct_seguro_privado":0,"brecha_seguro":1,"pct_salud_publica":24,"pct_med_tradicional":21,"pct_automedicacion":24,"pct_remedios_caseros":23,"pct_viv_desocupada":0,"pct_alquiler":0,"pct_electricidad":100,"pct_sin_electricidad":0,"pct_agua_red":0,"pct_alcantarillado":0,"pct_camara_septica":0,"pct_pozo_ciego":38,"pct_sin_desague":23,"pct_gas_red":0,"pct_gas_garrafa":100,"pct_lena_guano":100,"pct_basura_formal":8,"pct_basura_quema":85,"pct_basura_informal":0,"pct_internet":85,"pct_celular":100,"pct_televisor":77}},{"type":"Feature","geometry":{"type":"Polygon","coordinates":[[[-65.34723,-16.83405],[-65.34594,-16.83446],[-65.34582,-16.83495],[-65.34592,-16.83531],[-65.34729,-16.83517],[-65.34798,-16.83526],[-65.3482,-16.83405],[-65.34723,-16.83405]]]},"properties":{"n":"VILLA 14 DE SEPTIEMBRE","p":18,"personas_x_ha":6,"masculinidad":200,"pct_menor20":56,"pct_60mas":0,"pct_migrante":39,"dependencia_econ":64,"pct_empleados":18,"pct_cuentapropia":55,"pct_agricultura":45,"pct_comercio":18,"pct_manufactura":9,"pct_construccion":0,"pct_transporte":18,"pct_alojamiento":9,"pct_sin_educacion":20,"pct_educ_superior":30,"brecha_educ":-19,"pct_sin_seguro":17,"pct_sus":83,"pct_seguro_privado":0,"brecha_seguro":25,"pct_salud_publica":26,"pct_med_tradicional":5,"pct_automedicacion":25,"pct_remedios_caseros":23,"pct_viv_desocupada":8,"pct_alquiler":44,"pct_electricidad":100,"pct_sin_electricidad":0,"pct_agua_red":0,"pct_alcantarillado":0,"pct_camara_septica":33,"pct_pozo_ciego":56,"pct_sin_desague":11,"pct_gas_red":0,"pct_gas_garrafa":89,"pct_lena_guano":89,"pct_basura_formal":22,"pct_basura_quema":78,"pct_basura_informal":0,"pct_internet":100,"pct_celular":100,"pct_televisor":78}},{"type":"Feature","geometry":{"type":"Polygon","coordinates":[[[-65.35334,-16.84624],[-65.35356,-16.847],[-65.3544,-16.84671],[-65.35414,-16.84599],[-65.35334,-16.84624]]]},"properties":{"n":"VILLA 14 DE SEPTIEMBRE","p":19,"personas_x_ha":24,"masculinidad":171,"pct_menor20":53,"pct_60mas":5,"pct_migrante":58,"dependencia_econ":171,"pct_empleados":0,"pct_cuentapropia":86,"pct_agricultura":14,"pct_comercio":43,"pct_manufactura":0,"pct_construccion":0,"pct_transporte":0,"pct_alojamiento":14,"pct_sin_educacion":0,"pct_educ_superior":11,"brecha_educ":17,"pct_sin_seguro":0,"pct_sus":89,"pct_seguro_privado":0,"brecha_seguro":0,"pct_salud_publica":19,"pct_med_tradicional":19,"pct_automedicacion":27,"pct_remedios_caseros":20,"pct_viv_desocupada":0,"pct_alquiler":14,"pct_electricidad":100,"pct_sin_electricidad":0,"pct_agua_red":0,"pct_alcantarillado":0,"pct_camara_septica":14,"pct_pozo_ciego":86,"pct_sin_desague":0,"pct_gas_red":0,"pct_gas_garrafa":100,"pct_lena_guano":100,"pct_basura_formal":29,"pct_basura_quema":71,"pct_basura_informal":0,"pct_internet":71,"pct_celular":86,"pct_televisor":71}},{"type":"Feature","geometry":{"type":"Polygon","coordinates":[[[-65.34997,-16.84542],[-65.3497,-16.84467],[-65.34875,-16.84506],[-65.34906,-16.84573],[-65.34997,-16.84542]]]},"properties":{"n":"VILLA 14 DE SEPTIEMBRE","p":24,"personas_x_ha":26,"masculinidad":85,"pct_menor20":42,"pct_60mas":8,"pct_migrante":58,"dependencia_econ":200,"pct_empleados":38,"pct_cuentapropia":62,"pct_agricultura":12,"pct_comercio":38,"pct_manufactura":0,"pct_construccion":0,"pct_transporte":12,"pct_alojamiento":0,"pct_sin_educacion":0,"pct_educ_superior":27,"brecha_educ":4,"pct_sin_seguro":12,"pct_sus":79,"pct_seguro_privado":0,"brecha_seguro":27,"pct_salud_publica":22,"pct_med_tradicional":8,"pct_automedicacion":24,"pct_remedios_caseros":24,"pct_viv_desocupada":0,"pct_alquiler":14,"pct_electricidad":100,"pct_sin_electricidad":0,"pct_agua_red":57,"pct_alcantarillado":57,"pct_camara_septica":0,"pct_pozo_ciego":0,"pct_sin_desague":43,"pct_gas_red":0,"pct_gas_garrafa":86,"pct_lena_guano":86,"pct_basura_formal":100,"pct_basura_quema":0,"pct_basura_informal":0,"pct_internet":71,"pct_celular":71,"pct_televisor":43}},{"type":"Feature","geometry":{"type":"Polygon","coordinates":[[[-65.3439,-16.84744],[-65.34506,-16.84712],[-65.34495,-16.84661],[-65.34381,-16.8469],[-65.34377,-16.84697],[-65.3439,-16.84744]]]},"properties":{"n":"VILLA 14 DE SEPTIEMBRE","p":38,"personas_x_ha":46,"masculinidad":52,"pct_menor20":53,"pct_60mas":3,"pct_migrante":37,"dependencia_econ":73,"pct_empleados":14,"pct_cuentapropia":59,"pct_agricultura":59,"pct_comercio":14,"pct_manufactura":14,"pct_construccion":0,"pct_transporte":5,"pct_alojamiento":9,"pct_sin_educacion":5,"pct_educ_superior":5,"brecha_educ":0,"pct_sin_seguro":3,"pct_sus":92,"pct_seguro_privado":0,"brecha_seguro":8,"pct_salud_publica":29,"pct_med_tradicional":18,"pct_automedicacion":21,"pct_remedios_caseros":22,"pct_viv_desocupada":0,"pct_alquiler":0,"pct_electricidad":100,"pct_sin_electricidad":0,"pct_agua_red":64,"pct_alcantarillado":9,"pct_camara_septica":18,"pct_pozo_ciego":73,"pct_sin_desague":0,"pct_gas_red":18,"pct_gas_garrafa":82,"pct_lena_guano":82,"pct_basura_formal":100,"pct_basura_quema":0,"pct_basura_informal":0,"pct_internet":73,"pct_celular":82,"pct_televisor":64}},{"type":"Feature","geometry":{"type":"Polygon","coordinates":[[[-65.35258,-16.84139],[-65.3537,-16.84084],[-65.35358,-16.84232],[-65.35173,-16.84295],[-65.35152,-16.84239],[-65.35146,-16.84241],[-65.35168,-16.84297],[-65.34841,-16.84419],[-65.34822,-16.84443],[-65.34797,-16.84432],[-65.34761,-16.84366],[-65.34749,-16.84363],[-65.3472,-16.84374],[-65.34686,-16.84297],[-65.34797,-16.84252],[-65.35258,-16.84139]]]},"properties":{"n":"VILLA 14 DE SEPTIEMBRE","p":84,"personas_x_ha":7,"masculinidad":68,"pct_menor20":44,"pct_60mas":4,"pct_migrante":52,"dependencia_econ":110,"pct_empleados":30,"pct_cuentapropia":55,"pct_agricultura":38,"pct_comercio":20,"pct_manufactura":0,"pct_construccion":10,"pct_transporte":2,"pct_alojamiento":2,"pct_sin_educacion":4,"pct_educ_superior":33,"brecha_educ":15,"pct_sin_seguro":5,"pct_sus":82,"pct_seguro_privado":1,"brecha_seguro":7,"pct_salud_publica":23,"pct_med_tradicional":8,"pct_automedicacion":28,"pct_remedios_caseros":24,"pct_viv_desocupada":3,"pct_alquiler":31,"pct_electricidad":96,"pct_sin_electricidad":4,"pct_agua_red":54,"pct_alcantarillado":58,"pct_camara_septica":8,"pct_pozo_ciego":31,"pct_sin_desague":4,"pct_gas_red":0,"pct_gas_garrafa":100,"pct_lena_guano":100,"pct_basura_formal":62,"pct_basura_quema":35,"pct_basura_informal":0,"pct_internet":96,"pct_celular":96,"pct_televisor":73}},{"type":"Feature","geometry":{"type":"Polygon","coordinates":[[[-65.34413,-16.84534],[-65.34429,-16.84581],[-65.34436,-16.84584],[-65.3457,-16.84541],[-65.34553,-16.84486],[-65.34413,-16.84534]]]},"properties":{"n":"VILLA 14 DE SEPTIEMBRE","p":15,"personas_x_ha":14,"masculinidad":50,"pct_menor20":47,"pct_60mas":0,"pct_migrante":47,"dependencia_econ":114,"pct_empleados":14,"pct_cuentapropia":57,"pct_agricultura":43,"pct_comercio":29,"pct_manufactura":0,"pct_construccion":14,"pct_transporte":0,"pct_alojamiento":14,"pct_sin_educacion":25,"pct_educ_superior":12,"brecha_educ":-67,"pct_sin_seguro":14,"pct_sus":86,"pct_seguro_privado":0,"brecha_seguro":9,"pct_salud_publica":29,"pct_med_tradicional":16,"pct_automedicacion":29,"pct_remedios_caseros":18,"pct_viv_desocupada":14,"pct_alquiler":0,"pct_electricidad":100,"pct_sin_electricidad":0,"pct_agua_red":38,"pct_alcantarillado":0,"pct_camara_septica":50,"pct_pozo_ciego":25,"pct_sin_desague":0,"pct_gas_red":0,"pct_gas_garrafa":100,"pct_lena_guano":100,"pct_basura_formal":100,"pct_basura_quema":0,"pct_basura_informal":0,"pct_internet":88,"pct_celular":88,"pct_televisor":88}},{"type":"Feature","geometry":{"type":"Polygon","coordinates":[[[-65.34618,-16.85017],[-65.34591,-16.84942],[-65.34499,-16.84968],[-65.34527,-16.85046],[-65.34618,-16.85017]]]},"properties":{"n":"VILLA 14 DE SEPTIEMBRE","p":42,"personas_x_ha":44,"masculinidad":110,"pct_menor20":48,"pct_60mas":2,"pct_migrante":43,"dependencia_econ":91,"pct_empleados":9,"pct_cuentapropia":77,"pct_agricultura":59,"pct_comercio":18,"pct_manufactura":5,"pct_construccion":0,"pct_transporte":5,"pct_alojamiento":14,"pct_sin_educacion":4,"pct_educ_superior":4,"brecha_educ":-18,"pct_sin_seguro":17,"pct_sus":83,"pct_seguro_privado":0,"brecha_seguro":-16,"pct_salud_publica":24,"pct_med_tradicional":9,"pct_automedicacion":25,"pct_remedios_caseros":26,"pct_viv_desocupada":0,"pct_alquiler":23,"pct_electricidad":100,"pct_sin_electricidad":0,"pct_agua_red":0,"pct_alcantarillado":0,"pct_camara_septica":23,"pct_pozo_ciego":69,"pct_sin_desague":0,"pct_gas_red":38,"pct_gas_garrafa":62,"pct_lena_guano":62,"pct_basura_formal":62,"pct_basura_quema":38,"pct_basura_informal":0,"pct_internet":100,"pct_celular":100,"pct_televisor":62}},{"type":"Feature","geometry":{"type":"Polygon","coordinates":[[[-65.34691,-16.84915],[-65.34605,-16.84938],[-65.34625,-16.85015],[-65.34716,-16.84991],[-65.34691,-16.84915]]]},"properties":{"n":"VILLA 14 DE SEPTIEMBRE","p":35,"personas_x_ha":39,"masculinidad":84,"pct_menor20":40,"pct_60mas":6,"pct_migrante":57,"dependencia_econ":75,"pct_empleados":25,"pct_cuentapropia":70,"pct_agricultura":30,"pct_comercio":35,"pct_manufactura":15,"pct_construccion":0,"pct_transporte":5,"pct_alojamiento":5,"pct_sin_educacion":0,"pct_educ_superior":19,"brecha_educ":-7,"pct_sin_seguro":12,"pct_sus":75,"pct_seguro_privado":0,"brecha_seguro":3,"pct_salud_publica":28,"pct_med_tradicional":3,"pct_automedicacion":30,"pct_remedios_caseros":26,"pct_viv_desocupada":0,"pct_alquiler":62,"pct_electricidad":100,"pct_sin_electricidad":0,"pct_agua_red":31,"pct_alcantarillado":62,"pct_camara_septica":15,"pct_pozo_ciego":23,"pct_sin_desague":0,"pct_gas_red":15,"pct_gas_garrafa":85,"pct_lena_guano":85,"pct_basura_formal":85,"pct_basura_quema":15,"pct_basura_informal":0,"pct_internet":77,"pct_celular":77,"pct_televisor":69}},{"type":"Feature","geometry":{"type":"Polygon","coordinates":[[[-65.34791,-16.84804],[-65.3487,-16.84778],[-65.3489,-16.84839],[-65.34814,-16.84864],[-65.34807,-16.84861],[-65.34791,-16.84804]]]},"properties":{"n":"VILLA 14 DE SEPTIEMBRE","p":15,"personas_x_ha":23,"masculinidad":88,"pct_menor20":53,"pct_60mas":7,"pct_migrante":47,"dependencia_econ":88,"pct_empleados":0,"pct_cuentapropia":88,"pct_agricultura":38,"pct_comercio":12,"pct_manufactura":12,"pct_construccion":0,"pct_transporte":0,"pct_alojamiento":25,"pct_sin_educacion":0,"pct_educ_superior":29,"brecha_educ":8,"pct_sin_seguro":0,"pct_sus":100,"pct_seguro_privado":0,"brecha_seguro":0,"pct_salud_publica":72,"pct_med_tradicional":0,"pct_automedicacion":0,"pct_remedios_caseros":0,"pct_viv_desocupada":0,"pct_alquiler":0,"pct_electricidad":100,"pct_sin_electricidad":0,"pct_agua_red":43,"pct_alcantarillado":71,"pct_camara_septica":29,"pct_pozo_ciego":0,"pct_sin_desague":0,"pct_gas_red":29,"pct_gas_garrafa":71,"pct_lena_guano":71,"pct_basura_formal":86,"pct_basura_quema":0,"pct_basura_informal":29,"pct_internet":100,"pct_celular":100,"pct_televisor":100}},{"type":"Feature","geometry":{"type":"Polygon","coordinates":[[[-65.34815,-16.84874],[-65.34891,-16.8485],[-65.34918,-16.84927],[-65.34836,-16.84951],[-65.34815,-16.84874]]]},"properties":{"n":"VILLA 14 DE SEPTIEMBRE","p":28,"personas_x_ha":35,"masculinidad":75,"pct_menor20":61,"pct_60mas":0,"pct_migrante":43,"dependencia_econ":133,"pct_empleados":8,"pct_cuentapropia":83,"pct_agricultura":42,"pct_comercio":42,"pct_manufactura":0,"pct_construccion":0,"pct_transporte":0,"pct_alojamiento":0,"pct_sin_educacion":0,"pct_educ_superior":33,"brecha_educ":17,"pct_sin_seguro":29,"pct_sus":64,"pct_seguro_privado":0,"brecha_seguro":-21,"pct_salud_publica":29,"pct_med_tradicional":7,"pct_automedicacion":18,"pct_remedios_caseros":21,"pct_viv_desocupada":0,"pct_alquiler":27,"pct_electricidad":100,"pct_sin_electricidad":0,"pct_agua_red":0,"pct_alcantarillado":18,"pct_camara_septica":9,"pct_pozo_ciego":73,"pct_sin_desague":0,"pct_gas_red":36,"pct_gas_garrafa":64,"pct_lena_guano":64,"pct_basura_formal":64,"pct_basura_quema":27,"pct_basura_informal":0,"pct_internet":82,"pct_celular":100,"pct_televisor":82}},{"type":"Feature","geometry":{"type":"Polygon","coordinates":[[[-65.3485,-16.8471],[-65.34867,-16.84769],[-65.34787,-16.84795],[-65.34769,-16.84731],[-65.3485,-16.8471]]]},"properties":{"n":"VILLA 14 DE SEPTIEMBRE","p":65,"personas_x_ha":98,"masculinidad":91,"pct_menor20":46,"pct_60mas":2,"pct_migrante":57,"dependencia_econ":88,"pct_empleados":21,"pct_cuentapropia":68,"pct_agricultura":47,"pct_comercio":26,"pct_manufactura":6,"pct_construccion":3,"pct_transporte":0,"pct_alojamiento":12,"pct_sin_educacion":0,"pct_educ_superior":21,"brecha_educ":-31,"pct_sin_seguro":20,"pct_sus":78,"pct_seguro_privado":0,"brecha_seguro":-2,"pct_salud_publica":37,"pct_med_tradicional":8,"pct_automedicacion":22,"pct_remedios_caseros":20,"pct_viv_desocupada":10,"pct_alquiler":46,"pct_electricidad":96,"pct_sin_electricidad":0,"pct_agua_red":46,"pct_alcantarillado":92,"pct_camara_septica":0,"pct_pozo_ciego":0,"pct_sin_desague":8,"pct_gas_red":8,"pct_gas_garrafa":88,"pct_lena_guano":88,"pct_basura_formal":100,"pct_basura_quema":0,"pct_basura_informal":0,"pct_internet":79,"pct_celular":96,"pct_televisor":67}},{"type":"Feature","geometry":{"type":"Polygon","coordinates":[[[-65.35125,-16.84626],[-65.35137,-16.84674],[-65.35056,-16.84696],[-65.35043,-16.8465],[-65.35125,-16.84626]]]},"properties":{"n":"VILLA 14 DE SEPTIEMBRE","p":38,"personas_x_ha":73,"masculinidad":81,"pct_menor20":53,"pct_60mas":8,"pct_migrante":71,"dependencia_econ":124,"pct_empleados":12,"pct_cuentapropia":65,"pct_agricultura":59,"pct_comercio":12,"pct_manufactura":12,"pct_construccion":0,"pct_transporte":6,"pct_alojamiento":6,"pct_sin_educacion":0,"pct_educ_superior":5,"brecha_educ":-14,"pct_sin_seguro":5,"pct_sus":92,"pct_seguro_privado":0,"brecha_seguro":1,"pct_salud_publica":25,"pct_med_tradicional":6,"pct_automedicacion":26,"pct_remedios_caseros":25,"pct_viv_desocupada":0,"pct_alquiler":62,"pct_electricidad":92,"pct_sin_electricidad":8,"pct_agua_red":69,"pct_alcantarillado":92,"pct_camara_septica":0,"pct_pozo_ciego":0,"pct_sin_desague":8,"pct_gas_red":8,"pct_gas_garrafa":85,"pct_lena_guano":85,"pct_basura_formal":85,"pct_basura_quema":15,"pct_basura_informal":0,"pct_internet":77,"pct_celular":92,"pct_televisor":85}},{"type":"Feature","geometry":{"type":"Polygon","coordinates":[[[-65.34642,-16.84514],[-65.34614,-16.84538],[-65.34482,-16.84582],[-65.34499,-16.84649],[-65.34599,-16.84621],[-65.34642,-16.84514]]]},"properties":{"n":"VILLA 14 DE SEPTIEMBRE","p":25,"personas_x_ha":22,"masculinidad":108,"pct_menor20":56,"pct_60mas":8,"pct_migrante":44,"dependencia_econ":178,"pct_empleados":11,"pct_cuentapropia":78,"pct_agricultura":56,"pct_comercio":22,"pct_manufactura":11,"pct_construccion":0,"pct_transporte":0,"pct_alojamiento":11,"pct_sin_educacion":17,"pct_educ_superior":0,"brecha_educ":-17,"pct_sin_seguro":0,"pct_sus":100,"pct_seguro_privado":0,"brecha_seguro":0,"pct_salud_publica":25,"pct_med_tradicional":21,"pct_automedicacion":22,"pct_remedios_caseros":22,"pct_viv_desocupada":6,"pct_alquiler":8,"pct_electricidad":100,"pct_sin_electricidad":0,"pct_agua_red":17,"pct_alcantarillado":0,"pct_camara_septica":17,"pct_pozo_ciego":83,"pct_sin_desague":0,"pct_gas_red":8,"pct_gas_garrafa":92,"pct_lena_guano":92,"pct_basura_formal":83,"pct_basura_quema":17,"pct_basura_informal":0,"pct_internet":92,"pct_celular":92,"pct_televisor":75}},{"type":"Feature","geometry":{"type":"Polygon","coordinates":[[[-65.33972,-16.83618],[-65.3397,-16.83584],[-65.337,-16.83613],[-65.33707,-16.83663],[-65.33972,-16.83618]]]},"properties":{"n":"VILLA 14 DE SEPTIEMBRE","p":20,"personas_x_ha":15,"masculinidad":186,"pct_menor20":65,"pct_60mas":0,"pct_migrante":30,"dependencia_econ":186,"pct_empleados":29,"pct_cuentapropia":57,"pct_agricultura":29,"pct_comercio":0,"pct_manufactura":14,"pct_construccion":29,"pct_transporte":0,"pct_alojamiento":29,"pct_sin_educacion":0,"pct_educ_superior":14,"brecha_educ":25,"pct_sin_seguro":15,"pct_sus":80,"pct_seguro_privado":5,"brecha_seguro":1,"pct_salud_publica":25,"pct_med_tradicional":9,"pct_automedicacion":18,"pct_remedios_caseros":18,"pct_viv_desocupada":30,"pct_alquiler":20,"pct_electricidad":100,"pct_sin_electricidad":0,"pct_agua_red":0,"pct_alcantarillado":0,"pct_camara_septica":20,"pct_pozo_ciego":80,"pct_sin_desague":0,"pct_gas_red":0,"pct_gas_garrafa":100,"pct_lena_guano":100,"pct_basura_formal":40,"pct_basura_quema":60,"pct_basura_informal":0,"pct_internet":100,"pct_celular":100,"pct_televisor":80}},{"type":"Feature","geometry":{"type":"Polygon","coordinates":[[[-65.3383,-16.84848],[-65.33903,-16.84824],[-65.33887,-16.84755],[-65.33818,-16.84779],[-65.33816,-16.84803],[-65.3383,-16.84848]]]},"properties":{"n":"VILLA 14 DE SEPTIEMBRE","p":28,"personas_x_ha":41,"masculinidad":115,"pct_menor20":57,"pct_60mas":0,"pct_migrante":29,"dependencia_econ":75,"pct_empleados":25,"pct_cuentapropia":31,"pct_agricultura":69,"pct_comercio":6,"pct_manufactura":0,"pct_construccion":0,"pct_transporte":6,"pct_alojamiento":12,"pct_sin_educacion":8,"pct_educ_superior":8,"brecha_educ":30,"pct_sin_seguro":18,"pct_sus":82,"pct_seguro_privado":0,"brecha_seguro":5,"pct_salud_publica":21,"pct_med_tradicional":18,"pct_automedicacion":22,"pct_remedios_caseros":22,"pct_viv_desocupada":0,"pct_alquiler":0,"pct_electricidad":100,"pct_sin_electricidad":0,"pct_agua_red":100,"pct_alcantarillado":0,"pct_camara_septica":0,"pct_pozo_ciego":86,"pct_sin_desague":14,"pct_gas_red":0,"pct_gas_garrafa":100,"pct_lena_guano":100,"pct_basura_formal":57,"pct_basura_quema":43,"pct_basura_informal":0,"pct_internet":86,"pct_celular":86,"pct_televisor":71}},{"type":"Feature","geometry":{"type":"Polygon","coordinates":[[[-65.3476,-16.84735],[-65.34673,-16.8476],[-65.34686,-16.84828],[-65.34776,-16.848],[-65.3476,-16.84735]]]},"properties":{"n":"VILLA 14 DE SEPTIEMBRE","p":27,"personas_x_ha":35,"masculinidad":80,"pct_menor20":52,"pct_60mas":0,"pct_migrante":41,"dependencia_econ":200,"pct_empleados":11,"pct_cuentapropia":78,"pct_agricultura":33,"pct_comercio":33,"pct_manufactura":22,"pct_construccion":0,"pct_transporte":0,"pct_alojamiento":0,"pct_sin_educacion":0,"pct_educ_superior":8,"brecha_educ":-21,"pct_sin_seguro":11,"pct_sus":85,"pct_seguro_privado":4,"brecha_seguro":10,"pct_salud_publica":32,"pct_med_tradicional":9,"pct_automedicacion":13,"pct_remedios_caseros":23,"pct_viv_desocupada":19,"pct_alquiler":17,"pct_electricidad":100,"pct_sin_electricidad":0,"pct_agua_red":50,"pct_alcantarillado":83,"pct_camara_septica":0,"pct_pozo_ciego":0,"pct_sin_desague":17,"pct_gas_red":8,"pct_gas_garrafa":92,"pct_lena_guano":92,"pct_basura_formal":92,"pct_basura_quema":0,"pct_basura_informal":17,"pct_internet":83,"pct_celular":83,"pct_televisor":75}},{"type":"Feature","geometry":{"type":"Polygon","coordinates":[[[-65.34878,-16.85174],[-65.34917,-16.85246],[-65.34956,-16.85229],[-65.349,-16.85104],[-65.34878,-16.85174]]]},"properties":{"n":"VILLA 14 DE SEPTIEMBRE","p":22,"personas_x_ha":38,"masculinidad":175,"pct_menor20":41,"pct_60mas":9,"pct_migrante":55,"dependencia_econ":83,"pct_empleados":25,"pct_cuentapropia":67,"pct_agricultura":50,"pct_comercio":17,"pct_manufactura":17,"pct_construccion":0,"pct_transporte":8,"pct_alojamiento":8,"pct_sin_educacion":23,"pct_educ_superior":15,"brecha_educ":-24,"pct_sin_seguro":5,"pct_sus":95,"pct_seguro_privado":0,"brecha_seguro":7,"pct_salud_publica":67,"pct_med_tradicional":0,"pct_automedicacion":17,"pct_remedios_caseros":13,"pct_viv_desocupada":0,"pct_alquiler":25,"pct_electricidad":100,"pct_sin_electricidad":0,"pct_agua_red":88,"pct_alcantarillado":0,"pct_camara_septica":12,"pct_pozo_ciego":62,"pct_sin_desague":25,"pct_gas_red":0,"pct_gas_garrafa":100,"pct_lena_guano":100,"pct_basura_formal":0,"pct_basura_quema":100,"pct_basura_informal":0,"pct_internet":25,"pct_celular":62,"pct_televisor":25}},{"type":"Feature","geometry":{"type":"Polygon","coordinates":[[[-65.34614,-16.84412],[-65.34568,-16.84395],[-65.34535,-16.84406],[-65.34533,-16.84418],[-65.34554,-16.84476],[-65.34622,-16.84456],[-65.34614,-16.84412]]]},"properties":{"n":"VILLA 14 DE SEPTIEMBRE","p":18,"personas_x_ha":31,"masculinidad":125,"pct_menor20":50,"pct_60mas":17,"pct_migrante":61,"dependencia_econ":70,"pct_empleados":20,"pct_cuentapropia":60,"pct_agricultura":70,"pct_comercio":10,"pct_manufactura":0,"pct_construccion":0,"pct_transporte":0,"pct_alojamiento":20,"pct_sin_educacion":8,"pct_educ_superior":17,"brecha_educ":-46,"pct_sin_seguro":12,"pct_sus":75,"pct_seguro_privado":6,"brecha_seguro":25,"pct_salud_publica":24,"pct_med_tradicional":0,"pct_automedicacion":26,"pct_remedios_caseros":24,"pct_viv_desocupada":0,"pct_alquiler":0,"pct_electricidad":86,"pct_sin_electricidad":14,"pct_agua_red":86,"pct_alcantarillado":0,"pct_camara_septica":14,"pct_pozo_ciego":71,"pct_sin_desague":14,"pct_gas_red":0,"pct_gas_garrafa":100,"pct_lena_guano":100,"pct_basura_formal":86,"pct_basura_quema":14,"pct_basura_informal":0,"pct_internet":86,"pct_celular":100,"pct_televisor":43}},{"type":"Feature","geometry":{"type":"Polygon","coordinates":[[[-65.34576,-16.84854],[-65.34469,-16.84884],[-65.34494,-16.84961],[-65.34597,-16.84932],[-65.34576,-16.84854]]]},"properties":{"n":"VILLA 14 DE SEPTIEMBRE","p":54,"personas_x_ha":50,"masculinidad":50,"pct_menor20":41,"pct_60mas":9,"pct_migrante":59,"dependencia_econ":108,"pct_empleados":35,"pct_cuentapropia":46,"pct_agricultura":35,"pct_comercio":4,"pct_manufactura":27,"pct_construccion":4,"pct_transporte":0,"pct_alojamiento":12,"pct_sin_educacion":3,"pct_educ_superior":18,"brecha_educ":2,"pct_sin_seguro":9,"pct_sus":76,"pct_seguro_privado":0,"brecha_seguro":11,"pct_salud_publica":20,"pct_med_tradicional":12,"pct_automedicacion":23,"pct_remedios_caseros":17,"pct_viv_desocupada":15,"pct_alquiler":20,"pct_electricidad":93,"pct_sin_electricidad":0,"pct_agua_red":20,"pct_alcantarillado":7,"pct_camara_septica":60,"pct_pozo_ciego":33,"pct_sin_desague":0,"pct_gas_red":20,"pct_gas_garrafa":80,"pct_lena_guano":80,"pct_basura_formal":87,"pct_basura_quema":13,"pct_basura_informal":0,"pct_internet":100,"pct_celular":100,"pct_televisor":80}},{"type":"Feature","geometry":{"type":"Polygon","coordinates":[[[-65.34165,-16.8474],[-65.3415,-16.84665],[-65.3406,-16.84691],[-65.34082,-16.84769],[-65.34165,-16.8474]]]},"properties":{"n":"VILLA 14 DE SEPTIEMBRE","p":28,"personas_x_ha":33,"masculinidad":87,"pct_menor20":39,"pct_60mas":11,"pct_migrante":36,"dependencia_econ":40,"pct_empleados":25,"pct_cuentapropia":70,"pct_agricultura":80,"pct_comercio":5,"pct_manufactura":0,"pct_construccion":0,"pct_transporte":5,"pct_alojamiento":0,"pct_sin_educacion":11,"pct_educ_superior":17,"brecha_educ":33,"pct_sin_seguro":0,"pct_sus":100,"pct_seguro_privado":0,"brecha_seguro":0,"pct_salud_publica":26,"pct_med_tradicional":19,"pct_automedicacion":21,"pct_remedios_caseros":24,"pct_viv_desocupada":0,"pct_alquiler":33,"pct_electricidad":100,"pct_sin_electricidad":0,"pct_agua_red":78,"pct_alcantarillado":0,"pct_camara_septica":22,"pct_pozo_ciego":78,"pct_sin_desague":0,"pct_gas_red":11,"pct_gas_garrafa":89,"pct_lena_guano":89,"pct_basura_formal":89,"pct_basura_quema":11,"pct_basura_informal":0,"pct_internet":56,"pct_celular":89,"pct_televisor":67}},{"type":"Feature","geometry":{"type":"Polygon","coordinates":[[[-65.34841,-16.85159],[-65.34718,-16.84997],[-65.34453,-16.85073],[-65.34471,-16.85098],[-65.34557,-16.85122],[-65.34687,-16.85221],[-65.3483,-16.85169],[-65.34841,-16.85159]]]},"properties":{"n":"VILLA 14 DE SEPTIEMBRE","p":46,"personas_x_ha":9,"masculinidad":283,"pct_menor20":48,"pct_60mas":4,"pct_migrante":61,"dependencia_econ":84,"pct_empleados":20,"pct_cuentapropia":60,"pct_agricultura":44,"pct_comercio":8,"pct_manufactura":8,"pct_construccion":4,"pct_transporte":8,"pct_alojamiento":8,"pct_sin_educacion":8,"pct_educ_superior":20,"brecha_educ":-14,"pct_sin_seguro":15,"pct_sus":76,"pct_seguro_privado":0,"brecha_seguro":9,"pct_salud_publica":29,"pct_med_tradicional":7,"pct_automedicacion":29,"pct_remedios_caseros":22,"pct_viv_desocupada":0,"pct_alquiler":14,"pct_electricidad":100,"pct_sin_electricidad":0,"pct_agua_red":7,"pct_alcantarillado":43,"pct_camara_septica":7,"pct_pozo_ciego":29,"pct_sin_desague":21,"pct_gas_red":7,"pct_gas_garrafa":93,"pct_lena_guano":93,"pct_basura_formal":50,"pct_basura_quema":50,"pct_basura_informal":0,"pct_internet":79,"pct_celular":93,"pct_televisor":79}},{"type":"Feature","geometry":{"type":"Polygon","coordinates":[[[-65.34671,-16.83607],[-65.34597,-16.83576],[-65.34586,-16.83537],[-65.34729,-16.83521],[-65.34797,-16.83531],[-65.34769,-16.83645],[-65.3469,-16.8364],[-65.34767,-16.83648],[-65.34726,-16.83724],[-65.34662,-16.83791],[-65.34654,-16.83707],[-65.34671,-16.83607]]]},"properties":{"n":"VILLA 14 DE SEPTIEMBRE","p":59,"personas_x_ha":18,"masculinidad":79,"pct_menor20":53,"pct_60mas":0,"pct_migrante":42,"dependencia_econ":107,"pct_empleados":18,"pct_cuentapropia":57,"pct_agricultura":57,"pct_comercio":18,"pct_manufactura":0,"pct_construccion":7,"pct_transporte":7,"pct_alojamiento":11,"pct_sin_educacion":0,"pct_educ_superior":7,"brecha_educ":15,"pct_sin_seguro":11,"pct_sus":89,"pct_seguro_privado":0,"brecha_seguro":-4,"pct_salud_publica":30,"pct_med_tradicional":5,"pct_automedicacion":28,"pct_remedios_caseros":22,"pct_viv_desocupada":0,"pct_alquiler":24,"pct_electricidad":100,"pct_sin_electricidad":0,"pct_agua_red":0,"pct_alcantarillado":6,"pct_camara_septica":53,"pct_pozo_ciego":35,"pct_sin_desague":6,"pct_gas_red":0,"pct_gas_garrafa":100,"pct_lena_guano":100,"pct_basura_formal":6,"pct_basura_quema":94,"pct_basura_informal":0,"pct_internet":88,"pct_celular":100,"pct_televisor":88}},{"type":"Feature","geometry":{"type":"Polygon","coordinates":[[[-65.3499,-16.85288],[-65.35065,-16.85269],[-65.35436,-16.85166],[-65.35426,-16.8522],[-65.35157,-16.85298],[-65.35146,-16.85262],[-65.35137,-16.85265],[-65.35148,-16.853],[-65.3509,-16.85316],[-65.35076,-16.8528],[-65.3507,-16.85281],[-65.35081,-16.85319],[-65.35008,-16.85342],[-65.3499,-16.85288]]]},"properties":{"n":"VILLA 14 DE SEPTIEMBRE","p":23,"personas_x_ha":8,"masculinidad":283,"pct_menor20":48,"pct_60mas":0,"pct_migrante":83,"dependencia_econ":77,"pct_empleados":38,"pct_cuentapropia":46,"pct_agricultura":31,"pct_comercio":0,"pct_manufactura":8,"pct_construccion":8,"pct_transporte":0,"pct_alojamiento":8,"pct_sin_educacion":0,"pct_educ_superior":42,"brecha_educ":25,"pct_sin_seguro":5,"pct_sus":70,"pct_seguro_privado":0,"brecha_seguro":7,"pct_salud_publica":29,"pct_med_tradicional":5,"pct_automedicacion":29,"pct_remedios_caseros":25,"pct_viv_desocupada":0,"pct_alquiler":0,"pct_electricidad":86,"pct_sin_electricidad":0,"pct_agua_red":43,"pct_alcantarillado":14,"pct_camara_septica":14,"pct_pozo_ciego":57,"pct_sin_desague":14,"pct_gas_red":0,"pct_gas_garrafa":100,"pct_lena_guano":100,"pct_basura_formal":14,"pct_basura_quema":57,"pct_basura_informal":57,"pct_internet":71,"pct_celular":86,"pct_televisor":57}},{"type":"Feature","geometry":{"type":"Polygon","coordinates":[[[-65.35257,-16.84739],[-65.35279,-16.84814],[-65.35018,-16.84899],[-65.34994,-16.84817],[-65.35257,-16.84739]]]},"properties":{"n":"VILLA 14 DE SEPTIEMBRE","p":31,"personas_x_ha":12,"masculinidad":107,"pct_menor20":35,"pct_60mas":10,"pct_migrante":45,"dependencia_econ":88,"pct_empleados":0,"pct_cuentapropia":75,"pct_agricultura":25,"pct_comercio":12,"pct_manufactura":0,"pct_construccion":6,"pct_transporte":31,"pct_alojamiento":0,"pct_sin_educacion":0,"pct_educ_superior":25,"brecha_educ":-4,"pct_sin_seguro":7,"pct_sus":87,"pct_seguro_privado":0,"brecha_seguro":12,"pct_salud_publica":34,"pct_med_tradicional":0,"pct_automedicacion":22,"pct_remedios_caseros":30,"pct_viv_desocupada":0,"pct_alquiler":20,"pct_electricidad":80,"pct_sin_electricidad":20,"pct_agua_red":20,"pct_alcantarillado":0,"pct_camara_septica":80,"pct_pozo_ciego":10,"pct_sin_desague":10,"pct_gas_red":0,"pct_gas_garrafa":100,"pct_lena_guano":100,"pct_basura_formal":70,"pct_basura_quema":30,"pct_basura_informal":0,"pct_internet":80,"pct_celular":80,"pct_televisor":70}},{"type":"Feature","geometry":{"type":"Polygon","coordinates":[[[-65.34585,-16.84849],[-65.34604,-16.84926],[-65.34686,-16.84903],[-65.34669,-16.8483],[-65.34585,-16.84849]]]},"properties":{"n":"VILLA 14 DE SEPTIEMBRE","p":45,"personas_x_ha":54,"masculinidad":96,"pct_menor20":33,"pct_60mas":4,"pct_migrante":62,"dependencia_econ":67,"pct_empleados":15,"pct_cuentapropia":81,"pct_agricultura":22,"pct_comercio":37,"pct_manufactura":11,"pct_construccion":4,"pct_transporte":4,"pct_alojamiento":7,"pct_sin_educacion":3,"pct_educ_superior":20,"brecha_educ":-32,"pct_sin_seguro":16,"pct_sus":73,"pct_seguro_privado":0,"brecha_seguro":5,"pct_salud_publica":49,"pct_med_tradicional":4,"pct_automedicacion":18,"pct_remedios_caseros":23,"pct_viv_desocupada":0,"pct_alquiler":14,"pct_electricidad":100,"pct_sin_electricidad":0,"pct_agua_red":57,"pct_alcantarillado":64,"pct_camara_septica":0,"pct_pozo_ciego":21,"pct_sin_desague":0,"pct_gas_red":57,"pct_gas_garrafa":36,"pct_lena_guano":36,"pct_basura_formal":100,"pct_basura_quema":0,"pct_basura_informal":0,"pct_internet":79,"pct_celular":86,"pct_televisor":79}},{"type":"Feature","geometry":{"type":"Polygon","coordinates":[[[-65.34414,-16.84805],[-65.34393,-16.84755],[-65.34511,-16.84718],[-65.34522,-16.84772],[-65.34414,-16.84805]]]},"properties":{"n":"VILLA 14 DE SEPTIEMBRE","p":33,"personas_x_ha":42,"masculinidad":175,"pct_menor20":55,"pct_60mas":9,"pct_migrante":52,"dependencia_econ":83,"pct_empleados":6,"pct_cuentapropia":72,"pct_agricultura":83,"pct_comercio":0,"pct_manufactura":0,"pct_construccion":0,"pct_transporte":11,"pct_alojamiento":6,"pct_sin_educacion":6,"pct_educ_superior":6,"brecha_educ":-32,"pct_sin_seguro":3,"pct_sus":97,"pct_seguro_privado":0,"brecha_seguro":5,"pct_salud_publica":23,"pct_med_tradicional":22,"pct_automedicacion":22,"pct_remedios_caseros":25,"pct_viv_desocupada":7,"pct_alquiler":12,"pct_electricidad":100,"pct_sin_electricidad":0,"pct_agua_red":75,"pct_alcantarillado":25,"pct_camara_septica":0,"pct_pozo_ciego":75,"pct_sin_desague":0,"pct_gas_red":38,"pct_gas_garrafa":62,"pct_lena_guano":62,"pct_basura_formal":88,"pct_basura_quema":12,"pct_basura_informal":0,"pct_internet":88,"pct_celular":88,"pct_televisor":75}},{"type":"Feature","geometry":{"type":"Polygon","coordinates":[[[-65.35215,-16.84596],[-65.35228,-16.84645],[-65.35147,-16.84668],[-65.35135,-16.84621],[-65.35215,-16.84596]]]},"properties":{"n":"VILLA 14 DE SEPTIEMBRE","p":33,"personas_x_ha":63,"masculinidad":106,"pct_menor20":52,"pct_60mas":3,"pct_migrante":30,"dependencia_econ":88,"pct_empleados":12,"pct_cuentapropia":41,"pct_agricultura":35,"pct_comercio":6,"pct_manufactura":6,"pct_construccion":12,"pct_transporte":6,"pct_alojamiento":35,"pct_sin_educacion":0,"pct_educ_superior":18,"brecha_educ":4,"pct_sin_seguro":6,"pct_sus":94,"pct_seguro_privado":0,"brecha_seguro":12,"pct_salud_publica":28,"pct_med_tradicional":3,"pct_automedicacion":24,"pct_remedios_caseros":26,"pct_viv_desocupada":0,"pct_alquiler":25,"pct_electricidad":100,"pct_sin_electricidad":0,"pct_agua_red":25,"pct_alcantarillado":58,"pct_camara_septica":25,"pct_pozo_ciego":17,"pct_sin_desague":0,"pct_gas_red":0,"pct_gas_garrafa":100,"pct_lena_guano":100,"pct_basura_formal":83,"pct_basura_quema":17,"pct_basura_informal":0,"pct_internet":83,"pct_celular":92,"pct_televisor":67}},{"type":"Feature","geometry":{"type":"Polygon","coordinates":[[[-65.34125,-16.84663],[-65.34127,-16.84616],[-65.33807,-16.84721],[-65.33815,-16.84759],[-65.33836,-16.84764],[-65.34125,-16.84663]]]},"properties":{"n":"VILLA 14 DE SEPTIEMBRE","p":32,"personas_x_ha":17,"masculinidad":129,"pct_menor20":50,"pct_60mas":0,"pct_migrante":38,"dependencia_econ":129,"pct_empleados":36,"pct_cuentapropia":43,"pct_agricultura":50,"pct_comercio":7,"pct_manufactura":14,"pct_construccion":0,"pct_transporte":0,"pct_alojamiento":14,"pct_sin_educacion":0,"pct_educ_superior":0,"brecha_educ":0,"pct_sin_seguro":7,"pct_sus":93,"pct_seguro_privado":0,"brecha_seguro":12,"pct_salud_publica":58,"pct_med_tradicional":0,"pct_automedicacion":32,"pct_remedios_caseros":10,"pct_viv_desocupada":11,"pct_alquiler":25,"pct_electricidad":88,"pct_sin_electricidad":12,"pct_agua_red":0,"pct_alcantarillado":12,"pct_camara_septica":12,"pct_pozo_ciego":75,"pct_sin_desague":0,"pct_gas_red":0,"pct_gas_garrafa":100,"pct_lena_guano":100,"pct_basura_formal":88,"pct_basura_quema":12,"pct_basura_informal":0,"pct_internet":88,"pct_celular":88,"pct_televisor":75}},{"type":"Feature","geometry":{"type":"Polygon","coordinates":[[[-65.34642,-16.84504],[-65.34623,-16.84463],[-65.34558,-16.84486],[-65.34576,-16.84539],[-65.34613,-16.84528],[-65.34642,-16.84504]]]},"properties":{"n":"VILLA 14 DE SEPTIEMBRE","p":24,"personas_x_ha":50,"masculinidad":71,"pct_menor20":62,"pct_60mas":4,"pct_migrante":42,"dependencia_econ":118,"pct_empleados":73,"pct_cuentapropia":18,"pct_agricultura":82,"pct_comercio":0,"pct_manufactura":0,"pct_construccion":9,"pct_transporte":0,"pct_alojamiento":0,"pct_sin_educacion":0,"pct_educ_superior":0,"brecha_educ":-17,"pct_sin_seguro":12,"pct_sus":88,"pct_seguro_privado":0,"brecha_seguro":13,"pct_salud_publica":32,"pct_med_tradicional":0,"pct_automedicacion":48,"pct_remedios_caseros":18,"pct_viv_desocupada":30,"pct_alquiler":43,"pct_electricidad":100,"pct_sin_electricidad":0,"pct_agua_red":86,"pct_alcantarillado":0,"pct_camara_septica":14,"pct_pozo_ciego":86,"pct_sin_desague":0,"pct_gas_red":0,"pct_gas_garrafa":100,"pct_lena_guano":100,"pct_basura_formal":100,"pct_basura_quema":0,"pct_basura_informal":0,"pct_internet":86,"pct_celular":100,"pct_televisor":71}},{"type":"Feature","geometry":{"type":"Polygon","coordinates":[[[-65.34316,-16.84501],[-65.34386,-16.84479],[-65.34402,-16.84522],[-65.34331,-16.84547],[-65.34311,-16.84509],[-65.34316,-16.84501]]]},"properties":{"n":"VILLA 14 DE SEPTIEMBRE","p":18,"personas_x_ha":40,"masculinidad":80,"pct_menor20":67,"pct_60mas":0,"pct_migrante":67,"dependencia_econ":200,"pct_empleados":17,"pct_cuentapropia":83,"pct_agricultura":33,"pct_comercio":33,"pct_manufactura":0,"pct_construccion":17,"pct_transporte":17,"pct_alojamiento":0,"pct_sin_educacion":14,"pct_educ_superior":0,"brecha_educ":-8,"pct_sin_seguro":0,"pct_sus":100,"pct_seguro_privado":0,"brecha_seguro":0,"pct_salud_publica":30,"pct_med_tradicional":4,"pct_automedicacion":14,"pct_remedios_caseros":20,"pct_viv_desocupada":0,"pct_alquiler":20,"pct_electricidad":100,"pct_sin_electricidad":0,"pct_agua_red":20,"pct_alcantarillado":0,"pct_camara_septica":0,"pct_pozo_ciego":100,"pct_sin_desague":0,"pct_gas_red":0,"pct_gas_garrafa":100,"pct_lena_guano":100,"pct_basura_formal":40,"pct_basura_quema":60,"pct_basura_informal":0,"pct_internet":100,"pct_celular":100,"pct_televisor":20}},{"type":"Feature","geometry":{"type":"Polygon","coordinates":[[[-65.34142,-16.83651],[-65.34115,-16.83605],[-65.33976,-16.83623],[-65.33965,-16.83675],[-65.3402,-16.83674],[-65.34142,-16.83651]]]},"properties":{"n":"VILLA 14 DE SEPTIEMBRE","p":34,"personas_x_ha":35,"masculinidad":55,"pct_menor20":56,"pct_60mas":6,"pct_migrante":24,"dependencia_econ":200,"pct_empleados":27,"pct_cuentapropia":55,"pct_agricultura":73,"pct_comercio":9,"pct_manufactura":0,"pct_construccion":9,"pct_transporte":9,"pct_alojamiento":0,"pct_sin_educacion":7,"pct_educ_superior":7,"brecha_educ":-17,"pct_sin_seguro":18,"pct_sus":79,"pct_seguro_privado":0,"brecha_seguro":11,"pct_salud_publica":38,"pct_med_tradicional":0,"pct_automedicacion":29,"pct_remedios_caseros":27,"pct_viv_desocupada":0,"pct_alquiler":10,"pct_electricidad":90,"pct_sin_electricidad":10,"pct_agua_red":0,"pct_alcantarillado":0,"pct_camara_septica":0,"pct_pozo_ciego":60,"pct_sin_desague":40,"pct_gas_red":0,"pct_gas_garrafa":70,"pct_lena_guano":70,"pct_basura_formal":40,"pct_basura_quema":60,"pct_basura_informal":0,"pct_internet":50,"pct_celular":100,"pct_televisor":50}},{"type":"Feature","geometry":{"type":"Polygon","coordinates":[[[-65.34764,-16.8449],[-65.34809,-16.84474],[-65.34758,-16.84371],[-65.34749,-16.84369],[-65.34722,-16.8438],[-65.34764,-16.8449]]]},"properties":{"n":"VILLA 14 DE SEPTIEMBRE","p":43,"personas_x_ha":74,"masculinidad":95,"pct_menor20":35,"pct_60mas":14,"pct_migrante":58,"dependencia_econ":65,"pct_empleados":15,"pct_cuentapropia":62,"pct_agricultura":15,"pct_comercio":46,"pct_manufactura":0,"pct_construccion":4,"pct_transporte":15,"pct_alojamiento":0,"pct_sin_educacion":10,"pct_educ_superior":10,"brecha_educ":-18,"pct_sin_seguro":9,"pct_sus":91,"pct_seguro_privado":0,"brecha_seguro":0,"pct_salud_publica":39,"pct_med_tradicional":0,"pct_automedicacion":25,"pct_remedios_caseros":24,"pct_viv_desocupada":6,"pct_alquiler":43,"pct_electricidad":100,"pct_sin_electricidad":0,"pct_agua_red":93,"pct_alcantarillado":100,"pct_camara_septica":0,"pct_pozo_ciego":0,"pct_sin_desague":0,"pct_gas_red":36,"pct_gas_garrafa":57,"pct_lena_guano":57,"pct_basura_formal":93,"pct_basura_quema":0,"pct_basura_informal":0,"pct_internet":79,"pct_celular":86,"pct_televisor":43}},{"type":"Feature","geometry":{"type":"Polygon","coordinates":[[[-65.35054,-16.84443],[-65.3498,-16.84466],[-65.35005,-16.84539],[-65.35074,-16.84519],[-65.35054,-16.84443]]]},"properties":{"n":"VILLA 14 DE SEPTIEMBRE","p":55,"personas_x_ha":76,"masculinidad":90,"pct_menor20":44,"pct_60mas":7,"pct_migrante":51,"dependencia_econ":150,"pct_empleados":23,"pct_cuentapropia":50,"pct_agricultura":32,"pct_comercio":23,"pct_manufactura":0,"pct_construccion":0,"pct_transporte":9,"pct_alojamiento":27,"pct_sin_educacion":6,"pct_educ_superior":10,"brecha_educ":-30,"pct_sin_seguro":18,"pct_sus":82,"pct_seguro_privado":0,"brecha_seguro":2,"pct_salud_publica":22,"pct_med_tradicional":13,"pct_automedicacion":23,"pct_remedios_caseros":15,"pct_viv_desocupada":5,"pct_alquiler":31,"pct_electricidad":100,"pct_sin_electricidad":0,"pct_agua_red":62,"pct_alcantarillado":75,"pct_camara_septica":0,"pct_pozo_ciego":25,"pct_sin_desague":0,"pct_gas_red":6,"pct_gas_garrafa":88,"pct_lena_guano":88,"pct_basura_formal":69,"pct_basura_quema":31,"pct_basura_informal":0,"pct_internet":100,"pct_celular":100,"pct_televisor":62}},{"type":"Feature","geometry":{"type":"Polygon","coordinates":[[[-65.35313,-16.84554],[-65.35286,-16.84468],[-65.35357,-16.8445],[-65.35367,-16.84456],[-65.35403,-16.84527],[-65.35313,-16.84554]]]},"properties":{"n":"VILLA 14 DE SEPTIEMBRE","p":20,"personas_x_ha":21,"masculinidad":82,"pct_menor20":40,"pct_60mas":0,"pct_migrante":30,"dependencia_econ":186,"pct_empleados":14,"pct_cuentapropia":86,"pct_agricultura":57,"pct_comercio":0,"pct_manufactura":0,"pct_construccion":14,"pct_transporte":0,"pct_alojamiento":0,"pct_sin_educacion":25,"pct_educ_superior":8,"brecha_educ":-33,"pct_sin_seguro":5,"pct_sus":95,"pct_seguro_privado":0,"brecha_seguro":11,"pct_salud_publica":27,"pct_med_tradicional":11,"pct_automedicacion":27,"pct_remedios_caseros":21,"pct_viv_desocupada":0,"pct_alquiler":12,"pct_electricidad":100,"pct_sin_electricidad":0,"pct_agua_red":0,"pct_alcantarillado":62,"pct_camara_septica":0,"pct_pozo_ciego":25,"pct_sin_desague":12,"pct_gas_red":0,"pct_gas_garrafa":100,"pct_lena_guano":100,"pct_basura_formal":75,"pct_basura_quema":12,"pct_basura_informal":0,"pct_internet":75,"pct_celular":75,"pct_televisor":50}},{"type":"Feature","geometry":{"type":"Polygon","coordinates":[[[-65.34941,-16.83737],[-65.34936,-16.83698],[-65.3474,-16.83728],[-65.3461,-16.8386],[-65.34658,-16.83859],[-65.34891,-16.83815],[-65.34941,-16.83737]]]},"properties":{"n":"VILLA 14 DE SEPTIEMBRE","p":19,"personas_x_ha":6,"masculinidad":58,"pct_menor20":37,"pct_60mas":11,"pct_migrante":53,"dependencia_econ":111,"pct_empleados":33,"pct_cuentapropia":56,"pct_agricultura":78,"pct_comercio":0,"pct_manufactura":0,"pct_construccion":0,"pct_transporte":11,"pct_alojamiento":0,"pct_sin_educacion":0,"pct_educ_superior":17,"brecha_educ":-51,"pct_sin_seguro":5,"pct_sus":89,"pct_seguro_privado":0,"brecha_seguro":-8,"pct_salud_publica":23,"pct_med_tradicional":14,"pct_automedicacion":29,"pct_remedios_caseros":27,"pct_viv_desocupada":0,"pct_alquiler":0,"pct_electricidad":100,"pct_sin_electricidad":0,"pct_agua_red":60,"pct_alcantarillado":80,"pct_camara_septica":0,"pct_pozo_ciego":20,"pct_sin_desague":0,"pct_gas_red":0,"pct_gas_garrafa":100,"pct_lena_guano":100,"pct_basura_formal":0,"pct_basura_quema":100,"pct_basura_informal":0,"pct_internet":80,"pct_celular":100,"pct_televisor":80}},{"type":"Feature","geometry":{"type":"Polygon","coordinates":[[[-65.34874,-16.85396],[-65.34817,-16.85307],[-65.34853,-16.85235],[-65.34887,-16.85219],[-65.34916,-16.85293],[-65.34868,-16.85303],[-65.34869,-16.85308],[-65.34918,-16.85298],[-65.3494,-16.8541],[-65.34948,-16.85513],[-65.34903,-16.85522],[-65.34874,-16.85396]]]},"properties":{"n":"VILLA 14 DE SEPTIEMBRE","p":22,"personas_x_ha":10,"masculinidad":69,"pct_menor20":41,"pct_60mas":14,"pct_migrante":41,"dependencia_econ":57,"pct_empleados":7,"pct_cuentapropia":57,"pct_agricultura":64,"pct_comercio":14,"pct_manufactura":0,"pct_construccion":0,"pct_transporte":7,"pct_alojamiento":0,"pct_sin_educacion":8,"pct_educ_superior":31,"brecha_educ":-30,"pct_sin_seguro":5,"pct_sus":95,"pct_seguro_privado":0,"brecha_seguro":11,"pct_salud_publica":29,"pct_med_tradicional":7,"pct_automedicacion":23,"pct_remedios_caseros":20,"pct_viv_desocupada":0,"pct_alquiler":0,"pct_electricidad":88,"pct_sin_electricidad":12,"pct_agua_red":0,"pct_alcantarillado":12,"pct_camara_septica":12,"pct_pozo_ciego":50,"pct_sin_desague":25,"pct_gas_red":0,"pct_gas_garrafa":88,"pct_lena_guano":88,"pct_basura_formal":0,"pct_basura_quema":88,"pct_basura_informal":0,"pct_internet":50,"pct_celular":88,"pct_televisor":38}},{"type":"Feature","geometry":{"type":"Polygon","coordinates":[[[-65.34725,-16.84641],[-65.34711,-16.84635],[-65.34724,-16.84598],[-65.34774,-16.84613],[-65.34769,-16.84626],[-65.34725,-16.84641]]]},"properties":{"n":"VILLA 14 DE SEPTIEMBRE","p":27,"personas_x_ha":142,"masculinidad":69,"pct_menor20":44,"pct_60mas":7,"pct_migrante":67,"dependencia_econ":69,"pct_empleados":12,"pct_cuentapropia":69,"pct_agricultura":12,"pct_comercio":81,"pct_manufactura":0,"pct_construccion":0,"pct_transporte":0,"pct_alojamiento":0,"pct_sin_educacion":0,"pct_educ_superior":31,"brecha_educ":-43,"pct_sin_seguro":7,"pct_sus":70,"pct_seguro_privado":0,"brecha_seguro":3,"pct_salud_publica":23,"pct_med_tradicional":12,"pct_automedicacion":24,"pct_remedios_caseros":26,"pct_viv_desocupada":7,"pct_alquiler":14,"pct_electricidad":100,"pct_sin_electricidad":0,"pct_agua_red":71,"pct_alcantarillado":86,"pct_camara_septica":0,"pct_pozo_ciego":0,"pct_sin_desague":14,"pct_gas_red":14,"pct_gas_garrafa":71,"pct_lena_guano":71,"pct_basura_formal":100,"pct_basura_quema":0,"pct_basura_informal":0,"pct_internet":100,"pct_celular":100,"pct_televisor":86}},{"type":"Feature","geometry":{"type":"Polygon","coordinates":[[[-65.35221,-16.84471],[-65.35082,-16.84514],[-65.35063,-16.84438],[-65.35192,-16.84386],[-65.35221,-16.84471]]]},"properties":{"n":"VILLA 14 DE SEPTIEMBRE","p":32,"personas_x_ha":22,"masculinidad":100,"pct_menor20":38,"pct_60mas":3,"pct_migrante":78,"dependencia_econ":100,"pct_empleados":31,"pct_cuentapropia":38,"pct_agricultura":38,"pct_comercio":12,"pct_manufactura":6,"pct_construccion":0,"pct_transporte":0,"pct_alojamiento":19,"pct_sin_educacion":0,"pct_educ_superior":14,"brecha_educ":-6,"pct_sin_seguro":16,"pct_sus":65,"pct_seguro_privado":0,"brecha_seguro":5,"pct_salud_publica":36,"pct_med_tradicional":5,"pct_automedicacion":21,"pct_remedios_caseros":21,"pct_viv_desocupada":0,"pct_alquiler":10,"pct_electricidad":90,"pct_sin_electricidad":10,"pct_agua_red":40,"pct_alcantarillado":70,"pct_camara_septica":0,"pct_pozo_ciego":20,"pct_sin_desague":10,"pct_gas_red":20,"pct_gas_garrafa":80,"pct_lena_guano":80,"pct_basura_formal":100,"pct_basura_quema":0,"pct_basura_informal":0,"pct_internet":60,"pct_celular":70,"pct_televisor":50}},{"type":"Feature","geometry":{"type":"Polygon","coordinates":[[[-65.34898,-16.84574],[-65.3488,-16.84521],[-65.34868,-16.8451],[-65.34811,-16.84528],[-65.34786,-16.84611],[-65.34898,-16.84574]]]},"properties":{"n":"VILLA 14 DE SEPTIEMBRE","p":15,"personas_x_ha":19,"masculinidad":36,"pct_menor20":27,"pct_60mas":0,"pct_migrante":47,"dependencia_econ":275,"pct_empleados":0,"pct_cuentapropia":50,"pct_agricultura":75,"pct_comercio":0,"pct_manufactura":0,"pct_construccion":0,"pct_transporte":0,"pct_alojamiento":0,"pct_sin_educacion":25,"pct_educ_superior":25,"brecha_educ":38,"pct_sin_seguro":15,"pct_sus":77,"pct_seguro_privado":0,"brecha_seguro":-20,"pct_salud_publica":29,"pct_med_tradicional":15,"pct_automedicacion":24,"pct_remedios_caseros":32,"pct_viv_desocupada":0,"pct_alquiler":25,"pct_electricidad":100,"pct_sin_electricidad":0,"pct_agua_red":62,"pct_alcantarillado":100,"pct_camara_septica":0,"pct_pozo_ciego":0,"pct_sin_desague":0,"pct_gas_red":12,"pct_gas_garrafa":88,"pct_lena_guano":88,"pct_basura_formal":88,"pct_basura_quema":12,"pct_basura_informal":0,"pct_internet":62,"pct_celular":75,"pct_televisor":50}},{"type":"Feature","geometry":{"type":"Polygon","coordinates":[[[-65.35033,-16.84655],[-65.35046,-16.84703],[-65.34966,-16.84727],[-65.34952,-16.84678],[-65.35033,-16.84655]]]},"properties":{"n":"VILLA 14 DE SEPTIEMBRE","p":49,"personas_x_ha":93,"masculinidad":145,"pct_menor20":49,"pct_60mas":2,"pct_migrante":47,"dependencia_econ":118,"pct_empleados":9,"pct_cuentapropia":55,"pct_agricultura":50,"pct_comercio":18,"pct_manufactura":5,"pct_construccion":5,"pct_transporte":0,"pct_alojamiento":5,"pct_sin_educacion":4,"pct_educ_superior":8,"brecha_educ":8,"pct_sin_seguro":19,"pct_sus":77,"pct_seguro_privado":0,"brecha_seguro":-16,"pct_salud_publica":33,"pct_med_tradicional":9,"pct_automedicacion":22,"pct_remedios_caseros":21,"pct_viv_desocupada":6,"pct_alquiler":60,"pct_electricidad":100,"pct_sin_electricidad":0,"pct_agua_red":33,"pct_alcantarillado":100,"pct_camara_septica":0,"pct_pozo_ciego":0,"pct_sin_desague":0,"pct_gas_red":7,"pct_gas_garrafa":93,"pct_lena_guano":93,"pct_basura_formal":100,"pct_basura_quema":0,"pct_basura_informal":0,"pct_internet":73,"pct_celular":93,"pct_televisor":73}},{"type":"Feature","geometry":{"type":"Polygon","coordinates":[[[-65.3471,-16.84492],[-65.34745,-16.84495],[-65.34744,-16.84461],[-65.34567,-16.84057],[-65.34482,-16.84075],[-65.34511,-16.84165],[-65.34575,-16.8422],[-65.34618,-16.84273],[-65.34709,-16.84431],[-65.3471,-16.84492]]]},"properties":{"n":"VILLA 14 DE SEPTIEMBRE","p":91,"personas_x_ha":32,"masculinidad":75,"pct_menor20":38,"pct_60mas":7,"pct_migrante":38,"dependencia_econ":80,"pct_empleados":16,"pct_cuentapropia":64,"pct_agricultura":26,"pct_comercio":26,"pct_manufactura":8,"pct_construccion":8,"pct_transporte":8,"pct_alojamiento":14,"pct_sin_educacion":2,"pct_educ_superior":21,"brecha_educ":-9,"pct_sin_seguro":6,"pct_sus":90,"pct_seguro_privado":0,"brecha_seguro":4,"pct_salud_publica":31,"pct_med_tradicional":7,"pct_automedicacion":25,"pct_remedios_caseros":20,"pct_viv_desocupada":2,"pct_alquiler":25,"pct_electricidad":97,"pct_sin_electricidad":0,"pct_agua_red":44,"pct_alcantarillado":53,"pct_camara_septica":6,"pct_pozo_ciego":34,"pct_sin_desague":3,"pct_gas_red":16,"pct_gas_garrafa":81,"pct_lena_guano":81,"pct_basura_formal":59,"pct_basura_quema":31,"pct_basura_informal":12,"pct_internet":88,"pct_celular":94,"pct_televisor":62}},{"type":"Feature","geometry":{"type":"Polygon","coordinates":[[[-65.34789,-16.84159],[-65.34663,-16.84108],[-65.34629,-16.84077],[-65.3462,-16.83953],[-65.34698,-16.8389],[-65.3471,-16.83854],[-65.34607,-16.83864],[-65.34571,-16.83927],[-65.34568,-16.84009],[-65.34594,-16.84088],[-65.34683,-16.8429],[-65.34854,-16.84227],[-65.34836,-16.84151],[-65.34789,-16.84159]]]},"properties":{"n":"VILLA 14 DE SEPTIEMBRE","p":76,"personas_x_ha":15,"masculinidad":95,"pct_menor20":43,"pct_60mas":11,"pct_migrante":54,"dependencia_econ":97,"pct_empleados":13,"pct_cuentapropia":66,"pct_agricultura":66,"pct_comercio":11,"pct_manufactura":3,"pct_construccion":5,"pct_transporte":3,"pct_alojamiento":3,"pct_sin_educacion":11,"pct_educ_superior":11,"brecha_educ":-19,"pct_sin_seguro":12,"pct_sus":86,"pct_seguro_privado":0,"brecha_seguro":4,"pct_salud_publica":27,"pct_med_tradicional":12,"pct_automedicacion":36,"pct_remedios_caseros":18,"pct_viv_desocupada":7,"pct_alquiler":32,"pct_electricidad":95,"pct_sin_electricidad":5,"pct_agua_red":55,"pct_alcantarillado":50,"pct_camara_septica":9,"pct_pozo_ciego":23,"pct_sin_desague":5,"pct_gas_red":9,"pct_gas_garrafa":91,"pct_lena_guano":91,"pct_basura_formal":64,"pct_basura_quema":36,"pct_basura_informal":0,"pct_internet":91,"pct_celular":91,"pct_televisor":36}},{"type":"Feature","geometry":{"type":"Polygon","coordinates":[[[-65.34597,-16.84629],[-65.34572,-16.84694],[-65.34515,-16.84708],[-65.34501,-16.84655],[-65.34597,-16.84629]]]},"properties":{"n":"VILLA 14 DE SEPTIEMBRE","p":17,"personas_x_ha":33,"masculinidad":183,"pct_menor20":47,"pct_60mas":12,"pct_migrante":65,"dependencia_econ":31,"pct_empleados":0,"pct_cuentapropia":15,"pct_agricultura":85,"pct_comercio":0,"pct_manufactura":0,"pct_construccion":0,"pct_transporte":8,"pct_alojamiento":0,"pct_sin_educacion":27,"pct_educ_superior":18,"brecha_educ":-61,"pct_sin_seguro":0,"pct_sus":100,"pct_seguro_privado":0,"brecha_seguro":0,"pct_salud_publica":64,"pct_med_tradicional":0,"pct_automedicacion":36,"pct_remedios_caseros":0,"pct_viv_desocupada":0,"pct_alquiler":20,"pct_electricidad":100,"pct_sin_electricidad":0,"pct_agua_red":0,"pct_alcantarillado":0,"pct_camara_septica":20,"pct_pozo_ciego":80,"pct_sin_desague":0,"pct_gas_red":0,"pct_gas_garrafa":100,"pct_lena_guano":100,"pct_basura_formal":60,"pct_basura_quema":0,"pct_basura_informal":80,"pct_internet":80,"pct_celular":80,"pct_televisor":60}},{"type":"Feature","geometry":{"type":"Polygon","coordinates":[[[-65.35225,-16.84591],[-65.35302,-16.84566],[-65.3532,-16.84615],[-65.35241,-16.84641],[-65.35225,-16.84591]]]},"properties":{"n":"VILLA 14 DE SEPTIEMBRE","p":21,"personas_x_ha":39,"masculinidad":91,"pct_menor20":52,"pct_60mas":0,"pct_migrante":38,"dependencia_econ":162,"pct_empleados":0,"pct_cuentapropia":50,"pct_agricultura":25,"pct_comercio":50,"pct_manufactura":0,"pct_construccion":0,"pct_transporte":12,"pct_alojamiento":0,"pct_sin_educacion":0,"pct_educ_superior":20,"brecha_educ":20,"pct_sin_seguro":10,"pct_sus":90,"pct_seguro_privado":0,"brecha_seguro":20,"pct_salud_publica":30,"pct_med_tradicional":10,"pct_automedicacion":18,"pct_remedios_caseros":24,"pct_viv_desocupada":0,"pct_alquiler":0,"pct_electricidad":100,"pct_sin_electricidad":0,"pct_agua_red":45,"pct_alcantarillado":73,"pct_camara_septica":18,"pct_pozo_ciego":9,"pct_sin_desague":0,"pct_gas_red":0,"pct_gas_garrafa":100,"pct_lena_guano":100,"pct_basura_formal":73,"pct_basura_quema":18,"pct_basura_informal":0,"pct_internet":100,"pct_celular":100,"pct_televisor":82}},{"type":"Feature","geometry":{"type":"Polygon","coordinates":[[[-65.33762,-16.8453],[-65.33797,-16.84657],[-65.34165,-16.84543],[-65.34116,-16.8442],[-65.33762,-16.8453]]]},"properties":{"n":"VILLA 14 DE SEPTIEMBRE","p":16,"personas_x_ha":3,"masculinidad":167,"pct_menor20":38,"pct_60mas":0,"pct_migrante":44,"dependencia_econ":60,"pct_empleados":30,"pct_cuentapropia":70,"pct_agricultura":30,"pct_comercio":0,"pct_manufactura":0,"pct_construccion":30,"pct_transporte":20,"pct_alojamiento":10,"pct_sin_educacion":0,"pct_educ_superior":10,"brecha_educ":-25,"pct_sin_seguro":6,"pct_sus":94,"pct_seguro_privado":0,"brecha_seguro":10,"pct_salud_publica":21,"pct_med_tradicional":4,"pct_automedicacion":31,"pct_remedios_caseros":15,"pct_viv_desocupada":0,"pct_alquiler":0,"pct_electricidad":100,"pct_sin_electricidad":0,"pct_agua_red":0,"pct_alcantarillado":0,"pct_camara_septica":0,"pct_pozo_ciego":83,"pct_sin_desague":17,"pct_gas_red":0,"pct_gas_garrafa":100,"pct_lena_guano":100,"pct_basura_formal":0,"pct_basura_quema":100,"pct_basura_informal":0,"pct_internet":100,"pct_celular":100,"pct_televisor":17}},{"type":"Feature","geometry":{"type":"Polygon","coordinates":[[[-65.34375,-16.84681],[-65.34489,-16.8465],[-65.34474,-16.84584],[-65.34355,-16.84617],[-65.34375,-16.84681]]]},"properties":{"n":"VILLA 14 DE SEPTIEMBRE","p":54,"personas_x_ha":55,"masculinidad":59,"pct_menor20":54,"pct_60mas":4,"pct_migrante":46,"dependencia_econ":141,"pct_empleados":27,"pct_cuentapropia":55,"pct_agricultura":55,"pct_comercio":18,"pct_manufactura":9,"pct_construccion":5,"pct_transporte":0,"pct_alojamiento":9,"pct_sin_educacion":8,"pct_educ_superior":8,"brecha_educ":-7,"pct_sin_seguro":11,"pct_sus":79,"pct_seguro_privado":0,"brecha_seguro":-1,"pct_salud_publica":41,"pct_med_tradicional":7,"pct_automedicacion":19,"pct_remedios_caseros":15,"pct_viv_desocupada":0,"pct_alquiler":14,"pct_electricidad":100,"pct_sin_electricidad":0,"pct_agua_red":14,"pct_alcantarillado":14,"pct_camara_septica":7,"pct_pozo_ciego":79,"pct_sin_desague":0,"pct_gas_red":14,"pct_gas_garrafa":86,"pct_lena_guano":86,"pct_basura_formal":100,"pct_basura_quema":0,"pct_basura_informal":0,"pct_internet":86,"pct_celular":79,"pct_televisor":71}},{"type":"Feature","geometry":{"type":"Polygon","coordinates":[[[-65.34334,-16.83619],[-65.34329,-16.83574],[-65.34189,-16.83595],[-65.34195,-16.83642],[-65.34334,-16.83619]]]},"properties":{"n":"VILLA 14 DE SEPTIEMBRE","p":16,"personas_x_ha":21,"masculinidad":78,"pct_menor20":56,"pct_60mas":0,"pct_migrante":44,"dependencia_econ":167,"pct_empleados":17,"pct_cuentapropia":50,"pct_agricultura":50,"pct_comercio":17,"pct_manufactura":0,"pct_construccion":17,"pct_transporte":0,"pct_alojamiento":0,"pct_sin_educacion":0,"pct_educ_superior":0,"brecha_educ":67,"pct_sin_seguro":0,"pct_sus":100,"pct_seguro_privado":0,"brecha_seguro":0,"pct_salud_publica":31,"pct_med_tradicional":6,"pct_automedicacion":33,"pct_remedios_caseros":24,"pct_viv_desocupada":0,"pct_alquiler":0,"pct_electricidad":100,"pct_sin_electricidad":0,"pct_agua_red":0,"pct_alcantarillado":20,"pct_camara_septica":20,"pct_pozo_ciego":40,"pct_sin_desague":20,"pct_gas_red":0,"pct_gas_garrafa":80,"pct_lena_guano":80,"pct_basura_formal":40,"pct_basura_quema":20,"pct_basura_informal":0,"pct_internet":60,"pct_celular":80,"pct_televisor":60}},{"type":"Feature","geometry":{"type":"Polygon","coordinates":[[[-65.35029,-16.84641],[-65.34979,-16.84659],[-65.34968,-16.84626],[-65.34977,-16.8466],[-65.34947,-16.84667],[-65.3492,-16.84584],[-65.35002,-16.84558],[-65.35029,-16.84641]]]},"properties":{"n":"VILLA 14 DE SEPTIEMBRE","p":26,"personas_x_ha":28,"masculinidad":117,"pct_menor20":23,"pct_60mas":23,"pct_migrante":62,"dependencia_econ":32,"pct_empleados":5,"pct_cuentapropia":74,"pct_agricultura":42,"pct_comercio":16,"pct_manufactura":0,"pct_construccion":11,"pct_transporte":5,"pct_alojamiento":5,"pct_sin_educacion":21,"pct_educ_superior":26,"brecha_educ":-18,"pct_sin_seguro":8,"pct_sus":92,"pct_seguro_privado":0,"brecha_seguro":15,"pct_salud_publica":31,"pct_med_tradicional":11,"pct_automedicacion":23,"pct_remedios_caseros":21,"pct_viv_desocupada":12,"pct_alquiler":17,"pct_electricidad":100,"pct_sin_electricidad":0,"pct_agua_red":50,"pct_alcantarillado":92,"pct_camara_septica":8,"pct_pozo_ciego":0,"pct_sin_desague":0,"pct_gas_red":17,"pct_gas_garrafa":83,"pct_lena_guano":83,"pct_basura_formal":92,"pct_basura_quema":0,"pct_basura_informal":17,"pct_internet":83,"pct_celular":92,"pct_televisor":75}},{"type":"Feature","geometry":{"type":"Polygon","coordinates":[[[-65.3512,-16.84614],[-65.35037,-16.8464],[-65.35012,-16.84553],[-65.35093,-16.84529],[-65.3512,-16.84614]]]},"properties":{"n":"VILLA 14 DE SEPTIEMBRE","p":54,"personas_x_ha":57,"masculinidad":93,"pct_menor20":39,"pct_60mas":7,"pct_migrante":46,"dependencia_econ":80,"pct_empleados":30,"pct_cuentapropia":53,"pct_agricultura":17,"pct_comercio":33,"pct_manufactura":3,"pct_construccion":0,"pct_transporte":10,"pct_alojamiento":23,"pct_sin_educacion":6,"pct_educ_superior":17,"brecha_educ":-9,"pct_sin_seguro":6,"pct_sus":94,"pct_seguro_privado":0,"brecha_seguro":12,"pct_salud_publica":26,"pct_med_tradicional":10,"pct_automedicacion":21,"pct_remedios_caseros":25,"pct_viv_desocupada":5,"pct_alquiler":12,"pct_electricidad":100,"pct_sin_electricidad":0,"pct_agua_red":38,"pct_alcantarillado":94,"pct_camara_septica":6,"pct_pozo_ciego":0,"pct_sin_desague":0,"pct_gas_red":25,"pct_gas_garrafa":75,"pct_lena_guano":75,"pct_basura_formal":81,"pct_basura_quema":12,"pct_basura_informal":0,"pct_internet":56,"pct_celular":62,"pct_televisor":38}},{"type":"Feature","geometry":{"type":"Polygon","coordinates":[[[-65.34942,-16.84683],[-65.34957,-16.8474],[-65.34875,-16.84766],[-65.34857,-16.84707],[-65.34942,-16.84683]]]},"properties":{"n":"VILLA 14 DE SEPTIEMBRE","p":62,"personas_x_ha":94,"masculinidad":114,"pct_menor20":37,"pct_60mas":18,"pct_migrante":69,"dependencia_econ":91,"pct_empleados":38,"pct_cuentapropia":47,"pct_agricultura":53,"pct_comercio":12,"pct_manufactura":3,"pct_construccion":9,"pct_transporte":0,"pct_alojamiento":9,"pct_sin_educacion":10,"pct_educ_superior":10,"brecha_educ":-34,"pct_sin_seguro":21,"pct_sus":72,"pct_seguro_privado":0,"brecha_seguro":8,"pct_salud_publica":31,"pct_med_tradicional":5,"pct_automedicacion":26,"pct_remedios_caseros":19,"pct_viv_desocupada":0,"pct_alquiler":57,"pct_electricidad":96,"pct_sin_electricidad":4,"pct_agua_red":79,"pct_alcantarillado":100,"pct_camara_septica":0,"pct_pozo_ciego":0,"pct_sin_desague":0,"pct_gas_red":18,"pct_gas_garrafa":71,"pct_lena_guano":71,"pct_basura_formal":100,"pct_basura_quema":0,"pct_basura_informal":0,"pct_internet":71,"pct_celular":82,"pct_televisor":54}},{"type":"Feature","geometry":{"type":"Polygon","coordinates":[[[-65.34904,-16.84405],[-65.34984,-16.84377],[-65.35007,-16.84445],[-65.34927,-16.84474],[-65.34904,-16.84405]]]},"properties":{"n":"VILLA 14 DE SEPTIEMBRE","p":22,"personas_x_ha":28,"masculinidad":69,"pct_menor20":45,"pct_60mas":9,"pct_migrante":45,"dependencia_econ":62,"pct_empleados":23,"pct_cuentapropia":69,"pct_agricultura":38,"pct_comercio":38,"pct_manufactura":0,"pct_construccion":8,"pct_transporte":0,"pct_alojamiento":8,"pct_sin_educacion":9,"pct_educ_superior":9,"brecha_educ":-17,"pct_sin_seguro":5,"pct_sus":95,"pct_seguro_privado":0,"brecha_seguro":11,"pct_salud_publica":21,"pct_med_tradicional":6,"pct_automedicacion":28,"pct_remedios_caseros":28,"pct_viv_desocupada":0,"pct_alquiler":25,"pct_electricidad":100,"pct_sin_electricidad":0,"pct_agua_red":62,"pct_alcantarillado":38,"pct_camara_septica":12,"pct_pozo_ciego":38,"pct_sin_desague":12,"pct_gas_red":0,"pct_gas_garrafa":100,"pct_lena_guano":100,"pct_basura_formal":75,"pct_basura_quema":25,"pct_basura_informal":0,"pct_internet":88,"pct_celular":88,"pct_televisor":50}},{"type":"Feature","geometry":{"type":"Polygon","coordinates":[[[-65.35212,-16.84584],[-65.35131,-16.84611],[-65.35104,-16.84523],[-65.35185,-16.845],[-65.35212,-16.84584]]]},"properties":{"n":"VILLA 14 DE SEPTIEMBRE","p":19,"personas_x_ha":20,"masculinidad":138,"pct_menor20":32,"pct_60mas":16,"pct_migrante":58,"dependencia_econ":73,"pct_empleados":45,"pct_cuentapropia":55,"pct_agricultura":18,"pct_comercio":45,"pct_manufactura":9,"pct_construccion":0,"pct_transporte":9,"pct_alojamiento":9,"pct_sin_educacion":23,"pct_educ_superior":8,"brecha_educ":7,"pct_sin_seguro":6,"pct_sus":89,"pct_seguro_privado":0,"brecha_seguro":10,"pct_salud_publica":27,"pct_med_tradicional":18,"pct_automedicacion":26,"pct_remedios_caseros":26,"pct_viv_desocupada":0,"pct_alquiler":33,"pct_electricidad":100,"pct_sin_electricidad":0,"pct_agua_red":50,"pct_alcantarillado":100,"pct_camara_septica":0,"pct_pozo_ciego":0,"pct_sin_desague":0,"pct_gas_red":0,"pct_gas_garrafa":100,"pct_lena_guano":100,"pct_basura_formal":100,"pct_basura_quema":0,"pct_basura_informal":0,"pct_internet":50,"pct_celular":83,"pct_televisor":67}},{"type":"Feature","geometry":{"type":"Polygon","coordinates":[[[-65.3466,-16.84754],[-65.34744,-16.84508],[-65.34739,-16.84502],[-65.34709,-16.84502],[-65.34671,-16.84525],[-65.3458,-16.84756],[-65.34585,-16.84764],[-65.3466,-16.84754]]]},"properties":{"n":"VILLA 14 DE SEPTIEMBRE","p":107,"personas_x_ha":51,"masculinidad":88,"pct_menor20":36,"pct_60mas":13,"pct_migrante":60,"dependencia_econ":70,"pct_empleados":17,"pct_cuentapropia":68,"pct_agricultura":21,"pct_comercio":21,"pct_manufactura":16,"pct_construccion":3,"pct_transporte":3,"pct_alojamiento":22,"pct_sin_educacion":6,"pct_educ_superior":17,"brecha_educ":-16,"pct_sin_seguro":18,"pct_sus":81,"pct_seguro_privado":0,"brecha_seguro":8,"pct_salud_publica":26,"pct_med_tradicional":11,"pct_automedicacion":27,"pct_remedios_caseros":20,"pct_viv_desocupada":12,"pct_alquiler":25,"pct_electricidad":94,"pct_sin_electricidad":0,"pct_agua_red":41,"pct_alcantarillado":84,"pct_camara_septica":3,"pct_pozo_ciego":12,"pct_sin_desague":0,"pct_gas_red":12,"pct_gas_garrafa":84,"pct_lena_guano":84,"pct_basura_formal":100,"pct_basura_quema":0,"pct_basura_informal":0,"pct_internet":75,"pct_celular":88,"pct_televisor":66}},{"type":"Feature","geometry":{"type":"Polygon","coordinates":[[[-65.34667,-16.84818],[-65.34658,-16.84764],[-65.34575,-16.8477],[-65.34537,-16.84853],[-65.34667,-16.84818]]]},"properties":{"n":"VILLA 14 DE SEPTIEMBRE","p":21,"personas_x_ha":25,"masculinidad":62,"pct_menor20":57,"pct_60mas":0,"pct_migrante":33,"dependencia_econ":133,"pct_empleados":11,"pct_cuentapropia":78,"pct_agricultura":33,"pct_comercio":44,"pct_manufactura":11,"pct_construccion":0,"pct_transporte":11,"pct_alojamiento":0,"pct_sin_educacion":0,"pct_educ_superior":11,"brecha_educ":50,"pct_sin_seguro":0,"pct_sus":95,"pct_seguro_privado":0,"brecha_seguro":0,"pct_salud_publica":28,"pct_med_tradicional":3,"pct_automedicacion":28,"pct_remedios_caseros":22,"pct_viv_desocupada":11,"pct_alquiler":38,"pct_electricidad":88,"pct_sin_electricidad":0,"pct_agua_red":0,"pct_alcantarillado":75,"pct_camara_septica":0,"pct_pozo_ciego":25,"pct_sin_desague":0,"pct_gas_red":50,"pct_gas_garrafa":50,"pct_lena_guano":50,"pct_basura_formal":88,"pct_basura_quema":12,"pct_basura_informal":0,"pct_internet":88,"pct_celular":100,"pct_televisor":75}},{"type":"Feature","geometry":{"type":"Polygon","coordinates":[[[-65.34839,-16.84436],[-65.34896,-16.84414],[-65.34914,-16.84482],[-65.34814,-16.84521],[-65.3483,-16.84448],[-65.34839,-16.84436]]]},"properties":{"n":"VILLA 14 DE SEPTIEMBRE","p":42,"personas_x_ha":56,"masculinidad":75,"pct_menor20":40,"pct_60mas":0,"pct_migrante":93,"dependencia_econ":75,"pct_empleados":79,"pct_cuentapropia":21,"pct_agricultura":4,"pct_comercio":4,"pct_manufactura":0,"pct_construccion":0,"pct_transporte":4,"pct_alojamiento":4,"pct_sin_educacion":0,"pct_educ_superior":84,"brecha_educ":-6,"pct_sin_seguro":0,"pct_sus":10,"pct_seguro_privado":0,"brecha_seguro":0,"pct_salud_publica":15,"pct_med_tradicional":8,"pct_automedicacion":18,"pct_remedios_caseros":21,"pct_viv_desocupada":0,"pct_alquiler":0,"pct_electricidad":88,"pct_sin_electricidad":0,"pct_agua_red":71,"pct_alcantarillado":71,"pct_camara_septica":24,"pct_pozo_ciego":6,"pct_sin_desague":0,"pct_gas_red":0,"pct_gas_garrafa":82,"pct_lena_guano":82,"pct_basura_formal":100,"pct_basura_quema":0,"pct_basura_informal":0,"pct_internet":100,"pct_celular":100,"pct_televisor":59}},{"type":"Feature","geometry":{"type":"Polygon","coordinates":[[[-65.56733,-17.00487],[-65.56711,-17.00379],[-65.56594,-17.00425],[-65.56615,-17.00526],[-65.56733,-17.00487]]]},"properties":{"n":"VILLA SAN PEDRO","p":33,"personas_x_ha":21,"masculinidad":175,"pct_menor20":73,"pct_60mas":3,"pct_migrante":73,"dependencia_econ":200,"pct_empleados":9,"pct_cuentapropia":45,"pct_agricultura":91,"pct_comercio":9,"pct_manufactura":0,"pct_construccion":0,"pct_transporte":0,"pct_alojamiento":0,"pct_sin_educacion":0,"pct_educ_superior":0,"brecha_educ":-10,"pct_sin_seguro":6,"pct_sus":94,"pct_seguro_privado":0,"brecha_seguro":-4,"pct_salud_publica":21,"pct_med_tradicional":17,"pct_automedicacion":12,"pct_remedios_caseros":20,"pct_viv_desocupada":0,"pct_alquiler":8,"pct_electricidad":92,"pct_sin_electricidad":8,"pct_agua_red":8,"pct_alcantarillado":0,"pct_camara_septica":0,"pct_pozo_ciego":92,"pct_sin_desague":0,"pct_gas_red":0,"pct_gas_garrafa":100,"pct_lena_guano":100,"pct_basura_formal":0,"pct_basura_quema":92,"pct_basura_informal":0,"pct_internet":85,"pct_celular":92,"pct_televisor":92}},{"type":"Feature","geometry":{"type":"Polygon","coordinates":[[[-65.56403,-17.00409],[-65.56407,-17.0044],[-65.56234,-17.00471],[-65.56226,-17.00431],[-65.56403,-17.00409]]]},"properties":{"n":"VILLA SAN PEDRO","p":38,"personas_x_ha":50,"masculinidad":100,"pct_menor20":58,"pct_60mas":8,"pct_migrante":84,"dependencia_econ":217,"pct_empleados":8,"pct_cuentapropia":50,"pct_agricultura":83,"pct_comercio":0,"pct_manufactura":0,"pct_construccion":8,"pct_transporte":8,"pct_alojamiento":0,"pct_sin_educacion":0,"pct_educ_superior":19,"brecha_educ":-27,"pct_sin_seguro":0,"pct_sus":97,"pct_seguro_privado":0,"brecha_seguro":0,"pct_salud_publica":35,"pct_med_tradicional":0,"pct_automedicacion":24,"pct_remedios_caseros":32,"pct_viv_desocupada":0,"pct_alquiler":29,"pct_electricidad":100,"pct_sin_electricidad":0,"pct_agua_red":50,"pct_alcantarillado":21,"pct_camara_septica":0,"pct_pozo_ciego":50,"pct_sin_desague":7,"pct_gas_red":0,"pct_gas_garrafa":79,"pct_lena_guano":79,"pct_basura_formal":7,"pct_basura_quema":93,"pct_basura_informal":0,"pct_internet":71,"pct_celular":71,"pct_televisor":43}},{"type":"Feature","geometry":{"type":"Polygon","coordinates":[[[-65.56757,-17.00577],[-65.56773,-17.00657],[-65.56787,-17.0064],[-65.56821,-17.00557],[-65.56798,-17.0047],[-65.5674,-17.00493],[-65.56757,-17.00577],[-65.56808,-17.00564],[-65.5678,-17.00576],[-65.56757,-17.00577]]]},"properties":{"n":"VILLA SAN PEDRO","p":32,"personas_x_ha":31,"masculinidad":100,"pct_menor20":53,"pct_60mas":3,"pct_migrante":59,"dependencia_econ":343,"pct_empleados":29,"pct_cuentapropia":43,"pct_agricultura":57,"pct_comercio":14,"pct_manufactura":0,"pct_construccion":0,"pct_transporte":0,"pct_alojamiento":14,"pct_sin_educacion":0,"pct_educ_superior":7,"brecha_educ":-25,"pct_sin_seguro":13,"pct_sus":84,"pct_seguro_privado":0,"brecha_seguro":-1,"pct_salud_publica":27,"pct_med_tradicional":15,"pct_automedicacion":24,"pct_remedios_caseros":23,"pct_viv_desocupada":0,"pct_alquiler":8,"pct_electricidad":100,"pct_sin_electricidad":0,"pct_agua_red":92,"pct_alcantarillado":15,"pct_camara_septica":15,"pct_pozo_ciego":54,"pct_sin_desague":15,"pct_gas_red":0,"pct_gas_garrafa":100,"pct_lena_guano":100,"pct_basura_formal":0,"pct_basura_quema":92,"pct_basura_informal":0,"pct_internet":92,"pct_celular":77,"pct_televisor":46}},{"type":"Feature","geometry":{"type":"Polygon","coordinates":[[[-65.56559,-17.00709],[-65.5652,-17.00554],[-65.56491,-17.00562],[-65.56536,-17.00735],[-65.56559,-17.00709]]]},"properties":{"n":"VILLA SAN PEDRO","p":31,"personas_x_ha":52,"masculinidad":63,"pct_menor20":74,"pct_60mas":0,"pct_migrante":48,"dependencia_econ":343,"pct_empleados":14,"pct_cuentapropia":43,"pct_agricultura":100,"pct_comercio":0,"pct_manufactura":0,"pct_construccion":0,"pct_transporte":0,"pct_alojamiento":0,"pct_sin_educacion":11,"pct_educ_superior":0,"brecha_educ":-33,"pct_sin_seguro":13,"pct_sus":87,"pct_seguro_privado":0,"brecha_seguro":-7,"pct_salud_publica":24,"pct_med_tradicional":17,"pct_automedicacion":13,"pct_remedios_caseros":21,"pct_viv_desocupada":0,"pct_alquiler":0,"pct_electricidad":100,"pct_sin_electricidad":0,"pct_agua_red":27,"pct_alcantarillado":73,"pct_camara_septica":18,"pct_pozo_ciego":9,"pct_sin_desague":0,"pct_gas_red":0,"pct_gas_garrafa":100,"pct_lena_guano":100,"pct_basura_formal":0,"pct_basura_quema":91,"pct_basura_informal":0,"pct_internet":91,"pct_celular":91,"pct_televisor":73}},{"type":"Feature","geometry":{"type":"Polygon","coordinates":[[[-65.56528,-17.00749],[-65.5648,-17.00566],[-65.56381,-17.00587],[-65.5639,-17.00629],[-65.56456,-17.00615],[-65.56501,-17.00771],[-65.56514,-17.00767],[-65.56528,-17.00749]]]},"properties":{"n":"VILLA SAN PEDRO","p":52,"personas_x_ha":45,"masculinidad":100,"pct_menor20":58,"pct_60mas":4,"pct_migrante":44,"dependencia_econ":108,"pct_empleados":21,"pct_cuentapropia":58,"pct_agricultura":62,"pct_comercio":8,"pct_manufactura":8,"pct_construccion":4,"pct_transporte":4,"pct_alojamiento":4,"pct_sin_educacion":8,"pct_educ_superior":12,"brecha_educ":-24,"pct_sin_seguro":4,"pct_sus":80,"pct_seguro_privado":8,"brecha_seguro":8,"pct_salud_publica":49,"pct_med_tradicional":8,"pct_automedicacion":10,"pct_remedios_caseros":17,"pct_viv_desocupada":0,"pct_alquiler":0,"pct_electricidad":100,"pct_sin_electricidad":0,"pct_agua_red":81,"pct_alcantarillado":12,"pct_camara_septica":0,"pct_pozo_ciego":88,"pct_sin_desague":0,"pct_gas_red":0,"pct_gas_garrafa":100,"pct_lena_guano":100,"pct_basura_formal":6,"pct_basura_quema":94,"pct_basura_informal":0,"pct_internet":75,"pct_celular":81,"pct_televisor":81}},{"type":"Feature","geometry":{"type":"Polygon","coordinates":[[[-65.56878,-17.00396],[-65.56959,-17.0037],[-65.56933,-17.00289],[-65.56854,-17.00318],[-65.56878,-17.00396]]]},"properties":{"n":"VILLA SAN PEDRO","p":34,"personas_x_ha":41,"masculinidad":70,"pct_menor20":44,"pct_60mas":3,"pct_migrante":59,"dependencia_econ":209,"pct_empleados":27,"pct_cuentapropia":45,"pct_agricultura":91,"pct_comercio":9,"pct_manufactura":0,"pct_construccion":0,"pct_transporte":0,"pct_alojamiento":0,"pct_sin_educacion":11,"pct_educ_superior":0,"brecha_educ":4,"pct_sin_seguro":3,"pct_sus":97,"pct_seguro_privado":0,"brecha_seguro":7,"pct_salud_publica":28,"pct_med_tradicional":14,"pct_automedicacion":17,"pct_remedios_caseros":22,"pct_viv_desocupada":0,"pct_alquiler":0,"pct_electricidad":89,"pct_sin_electricidad":0,"pct_agua_red":22,"pct_alcantarillado":0,"pct_camara_septica":0,"pct_pozo_ciego":44,"pct_sin_desague":22,"pct_gas_red":0,"pct_gas_garrafa":100,"pct_lena_guano":100,"pct_basura_formal":0,"pct_basura_quema":100,"pct_basura_informal":0,"pct_internet":67,"pct_celular":100,"pct_televisor":78}},{"type":"Feature","geometry":{"type":"Polygon","coordinates":[[[-65.56586,-17.00399],[-65.56576,-17.0037],[-65.56409,-17.00413],[-65.56412,-17.00439],[-65.56586,-17.00399]]]},"properties":{"n":"VILLA SAN PEDRO","p":20,"personas_x_ha":31,"masculinidad":67,"pct_menor20":65,"pct_60mas":0,"pct_migrante":70,"dependencia_econ":186,"pct_empleados":0,"pct_cuentapropia":100,"pct_agricultura":57,"pct_comercio":14,"pct_manufactura":0,"pct_construccion":14,"pct_transporte":0,"pct_alojamiento":0,"pct_sin_educacion":0,"pct_educ_superior":29,"brecha_educ":-42,"pct_sin_seguro":0,"pct_sus":100,"pct_seguro_privado":0,"brecha_seguro":0,"pct_salud_publica":22,"pct_med_tradicional":17,"pct_automedicacion":18,"pct_remedios_caseros":19,"pct_viv_desocupada":0,"pct_alquiler":12,"pct_electricidad":88,"pct_sin_electricidad":12,"pct_agua_red":75,"pct_alcantarillado":38,"pct_camara_septica":0,"pct_pozo_ciego":12,"pct_sin_desague":25,"pct_gas_red":0,"pct_gas_garrafa":100,"pct_lena_guano":100,"pct_basura_formal":0,"pct_basura_quema":100,"pct_basura_informal":0,"pct_internet":88,"pct_celular":88,"pct_televisor":75}},{"type":"Feature","geometry":{"type":"Polygon","coordinates":[[[-65.41915,-16.97039],[-65.41831,-16.96998],[-65.41789,-16.97075],[-65.4187,-16.97118],[-65.41915,-16.97039]]]},"properties":{"n":"VILLA TUNARI","p":42,"personas_x_ha":42,"masculinidad":110,"pct_menor20":38,"pct_60mas":7,"pct_migrante":76,"dependencia_econ":91,"pct_empleados":41,"pct_cuentapropia":41,"pct_agricultura":5,"pct_comercio":23,"pct_manufactura":5,"pct_construccion":0,"pct_transporte":5,"pct_alojamiento":9,"pct_sin_educacion":4,"pct_educ_superior":50,"brecha_educ":-15,"pct_sin_seguro":2,"pct_sus":79,"pct_seguro_privado":0,"brecha_seguro":5,"pct_salud_publica":45,"pct_med_tradicional":8,"pct_automedicacion":8,"pct_remedios_caseros":17,"pct_viv_desocupada":16,"pct_alquiler":54,"pct_electricidad":100,"pct_sin_electricidad":0,"pct_agua_red":100,"pct_alcantarillado":100,"pct_camara_septica":0,"pct_pozo_ciego":0,"pct_sin_desague":0,"pct_gas_red":38,"pct_gas_garrafa":62,"pct_lena_guano":62,"pct_basura_formal":100,"pct_basura_quema":0,"pct_basura_informal":0,"pct_internet":92,"pct_celular":92,"pct_televisor":92}},{"type":"Feature","geometry":{"type":"Polygon","coordinates":[[[-65.42162,-16.9729],[-65.42077,-16.97244],[-65.42034,-16.97323],[-65.42122,-16.97367],[-65.42162,-16.9729]]]},"properties":{"n":"VILLA TUNARI","p":36,"personas_x_ha":34,"masculinidad":125,"pct_menor20":36,"pct_60mas":6,"pct_migrante":69,"dependencia_econ":100,"pct_empleados":50,"pct_cuentapropia":33,"pct_agricultura":0,"pct_comercio":11,"pct_manufactura":11,"pct_construccion":6,"pct_transporte":0,"pct_alojamiento":6,"pct_sin_educacion":0,"pct_educ_superior":78,"brecha_educ":0,"pct_sin_seguro":11,"pct_sus":28,"pct_seguro_privado":0,"brecha_seguro":9,"pct_salud_publica":25,"pct_med_tradicional":3,"pct_automedicacion":19,"pct_remedios_caseros":17,"pct_viv_desocupada":5,"pct_alquiler":77,"pct_electricidad":100,"pct_sin_electricidad":0,"pct_agua_red":85,"pct_alcantarillado":100,"pct_camara_septica":0,"pct_pozo_ciego":0,"pct_sin_desague":0,"pct_gas_red":23,"pct_gas_garrafa":62,"pct_lena_guano":62,"pct_basura_formal":100,"pct_basura_quema":0,"pct_basura_informal":0,"pct_internet":100,"pct_celular":100,"pct_televisor":62}},{"type":"Feature","geometry":{"type":"Polygon","coordinates":[[[-65.42788,-16.98037],[-65.42738,-16.97979],[-65.42671,-16.98058],[-65.42708,-16.98126],[-65.42719,-16.98127],[-65.42788,-16.98037]]]},"properties":{"n":"VILLA TUNARI","p":25,"personas_x_ha":23,"masculinidad":150,"pct_menor20":28,"pct_60mas":8,"pct_migrante":72,"dependencia_econ":79,"pct_empleados":79,"pct_cuentapropia":21,"pct_agricultura":0,"pct_comercio":14,"pct_manufactura":0,"pct_construccion":14,"pct_transporte":21,"pct_alojamiento":7,"pct_sin_educacion":11,"pct_educ_superior":26,"brecha_educ":-13,"pct_sin_seguro":22,"pct_sus":74,"pct_seguro_privado":4,"brecha_seguro":3,"pct_salud_publica":39,"pct_med_tradicional":8,"pct_automedicacion":16,"pct_remedios_caseros":10,"pct_viv_desocupada":0,"pct_alquiler":44,"pct_electricidad":100,"pct_sin_electricidad":0,"pct_agua_red":100,"pct_alcantarillado":56,"pct_camara_septica":0,"pct_pozo_ciego":33,"pct_sin_desague":11,"pct_gas_red":0,"pct_gas_garrafa":100,"pct_lena_guano":100,"pct_basura_formal":100,"pct_basura_quema":0,"pct_basura_informal":0,"pct_internet":89,"pct_celular":89,"pct_televisor":78}},{"type":"Feature","geometry":{"type":"Polygon","coordinates":[[[-65.43265,-16.98343],[-65.43159,-16.98392],[-65.43197,-16.98464],[-65.43302,-16.98412],[-65.43265,-16.98343]]]},"properties":{"n":"VILLA TUNARI","p":23,"personas_x_ha":20,"masculinidad":109,"pct_menor20":61,"pct_60mas":0,"pct_migrante":61,"dependencia_econ":188,"pct_empleados":38,"pct_cuentapropia":50,"pct_agricultura":0,"pct_comercio":25,"pct_manufactura":0,"pct_construccion":0,"pct_transporte":12,"pct_alojamiento":12,"pct_sin_educacion":0,"pct_educ_superior":33,"brecha_educ":5,"pct_sin_seguro":10,"pct_sus":45,"pct_seguro_privado":0,"brecha_seguro":-2,"pct_salud_publica":9,"pct_med_tradicional":6,"pct_automedicacion":33,"pct_remedios_caseros":24,"pct_viv_desocupada":47,"pct_alquiler":50,"pct_electricidad":100,"pct_sin_electricidad":0,"pct_agua_red":75,"pct_alcantarillado":0,"pct_camara_septica":75,"pct_pozo_ciego":12,"pct_sin_desague":0,"pct_gas_red":0,"pct_gas_garrafa":100,"pct_lena_guano":100,"pct_basura_formal":0,"pct_basura_quema":100,"pct_basura_informal":0,"pct_internet":88,"pct_celular":100,"pct_televisor":88}},{"type":"Feature","geometry":{"type":"Polygon","coordinates":[[[-65.4281,-16.97487],[-65.42728,-16.97445],[-65.42687,-16.97525],[-65.42765,-16.97567],[-65.4281,-16.97487]]]},"properties":{"n":"VILLA TUNARI","p":21,"personas_x_ha":21,"masculinidad":133,"pct_menor20":48,"pct_60mas":10,"pct_migrante":29,"dependencia_econ":162,"pct_empleados":38,"pct_cuentapropia":0,"pct_agricultura":25,"pct_comercio":12,"pct_manufactura":12,"pct_construccion":12,"pct_transporte":0,"pct_alojamiento":0,"pct_sin_educacion":18,"pct_educ_superior":18,"brecha_educ":7,"pct_sin_seguro":5,"pct_sus":95,"pct_seguro_privado":0,"brecha_seguro":8,"pct_salud_publica":36,"pct_med_tradicional":11,"pct_automedicacion":12,"pct_remedios_caseros":14,"pct_viv_desocupada":0,"pct_alquiler":20,"pct_electricidad":100,"pct_sin_electricidad":0,"pct_agua_red":100,"pct_alcantarillado":60,"pct_camara_septica":40,"pct_pozo_ciego":0,"pct_sin_desague":0,"pct_gas_red":40,"pct_gas_garrafa":60,"pct_lena_guano":60,"pct_basura_formal":60,"pct_basura_quema":40,"pct_basura_informal":0,"pct_internet":40,"pct_celular":80,"pct_televisor":80}},{"type":"Feature","geometry":{"type":"Polygon","coordinates":[[[-65.42628,-16.97376],[-65.42702,-16.97236],[-65.42671,-16.97213],[-65.42617,-16.97195],[-65.42543,-16.9733],[-65.42628,-16.97376]]]},"properties":{"n":"VILLA TUNARI","p":21,"personas_x_ha":12,"masculinidad":110,"pct_menor20":48,"pct_60mas":0,"pct_migrante":43,"dependencia_econ":62,"pct_empleados":38,"pct_cuentapropia":31,"pct_agricultura":15,"pct_comercio":23,"pct_manufactura":15,"pct_construccion":15,"pct_transporte":8,"pct_alojamiento":0,"pct_sin_educacion":0,"pct_educ_superior":0,"brecha_educ":29,"pct_sin_seguro":19,"pct_sus":38,"pct_seguro_privado":0,"brecha_seguro":36,"pct_salud_publica":23,"pct_med_tradicional":9,"pct_automedicacion":24,"pct_remedios_caseros":26,"pct_viv_desocupada":0,"pct_alquiler":17,"pct_electricidad":83,"pct_sin_electricidad":17,"pct_agua_red":100,"pct_alcantarillado":33,"pct_camara_septica":50,"pct_pozo_ciego":0,"pct_sin_desague":17,"pct_gas_red":17,"pct_gas_garrafa":50,"pct_lena_guano":50,"pct_basura_formal":83,"pct_basura_quema":17,"pct_basura_informal":0,"pct_internet":67,"pct_celular":83,"pct_televisor":67}},{"type":"Feature","geometry":{"type":"Polygon","coordinates":[[[-65.41688,-16.9701],[-65.41645,-16.96934],[-65.41572,-16.96969],[-65.41509,-16.97042],[-65.41537,-16.9708],[-65.41564,-16.9706],[-65.41688,-16.9701]]]},"properties":{"n":"VILLA TUNARI","p":25,"personas_x_ha":17,"masculinidad":79,"pct_menor20":36,"pct_60mas":24,"pct_migrante":84,"dependencia_econ":2400,"pct_empleados":0,"pct_cuentapropia":100,"pct_agricultura":0,"pct_comercio":0,"pct_manufactura":0,"pct_construccion":100,"pct_transporte":0,"pct_alojamiento":0,"pct_sin_educacion":0,"pct_educ_superior":19,"brecha_educ":-22,"pct_sin_seguro":28,"pct_sus":64,"pct_seguro_privado":0,"brecha_seguro":15,"pct_salud_publica":45,"pct_med_tradicional":2,"pct_automedicacion":9,"pct_remedios_caseros":21,"pct_viv_desocupada":8,"pct_alquiler":25,"pct_electricidad":100,"pct_sin_electricidad":0,"pct_agua_red":88,"pct_alcantarillado":88,"pct_camara_septica":0,"pct_pozo_ciego":0,"pct_sin_desague":12,"pct_gas_red":12,"pct_gas_garrafa":88,"pct_lena_guano":88,"pct_basura_formal":88,"pct_basura_quema":12,"pct_basura_informal":0,"pct_internet":62,"pct_celular":75,"pct_televisor":88}},{"type":"Feature","geometry":{"type":"Polygon","coordinates":[[[-65.42423,-16.97853],[-65.42379,-16.978],[-65.42388,-16.97795],[-65.42432,-16.97846],[-65.42523,-16.97769],[-65.4246,-16.97724],[-65.42456,-16.97729],[-65.42397,-16.97693],[-65.42328,-16.97802],[-65.42385,-16.97885],[-65.42423,-16.97853]]]},"properties":{"n":"VILLA TUNARI","p":141,"personas_x_ha":65,"masculinidad":101,"pct_menor20":33,"pct_60mas":13,"pct_migrante":60,"dependencia_econ":81,"pct_empleados":42,"pct_cuentapropia":47,"pct_agricultura":10,"pct_comercio":19,"pct_manufactura":8,"pct_construccion":12,"pct_transporte":12,"pct_alojamiento":10,"pct_sin_educacion":5,"pct_educ_superior":36,"brecha_educ":4,"pct_sin_seguro":9,"pct_sus":65,"pct_seguro_privado":1,"brecha_seguro":8,"pct_salud_publica":31,"pct_med_tradicional":6,"pct_automedicacion":24,"pct_remedios_caseros":20,"pct_viv_desocupada":3,"pct_alquiler":20,"pct_electricidad":100,"pct_sin_electricidad":0,"pct_agua_red":89,"pct_alcantarillado":91,"pct_camara_septica":0,"pct_pozo_ciego":0,"pct_sin_desague":9,"pct_gas_red":51,"pct_gas_garrafa":49,"pct_lena_guano":49,"pct_basura_formal":94,"pct_basura_quema":6,"pct_basura_informal":0,"pct_internet":89,"pct_celular":97,"pct_televisor":89}},{"type":"Feature","geometry":{"type":"Polygon","coordinates":[[[-65.41567,-16.97477],[-65.4168,-16.9749],[-65.4171,-16.97413],[-65.41617,-16.97376],[-65.41567,-16.97477]]]},"properties":{"n":"VILLA TUNARI","p":24,"personas_x_ha":19,"masculinidad":118,"pct_menor20":42,"pct_60mas":8,"pct_migrante":62,"dependencia_econ":100,"pct_empleados":50,"pct_cuentapropia":33,"pct_agricultura":8,"pct_comercio":8,"pct_manufactura":17,"pct_construccion":0,"pct_transporte":8,"pct_alojamiento":25,"pct_sin_educacion":0,"pct_educ_superior":36,"brecha_educ":-29,"pct_sin_seguro":8,"pct_sus":83,"pct_seguro_privado":0,"brecha_seguro":-1,"pct_salud_publica":52,"pct_med_tradicional":2,"pct_automedicacion":14,"pct_remedios_caseros":10,"pct_viv_desocupada":30,"pct_alquiler":20,"pct_electricidad":100,"pct_sin_electricidad":0,"pct_agua_red":100,"pct_alcantarillado":100,"pct_camara_septica":0,"pct_pozo_ciego":0,"pct_sin_desague":0,"pct_gas_red":40,"pct_gas_garrafa":60,"pct_lena_guano":60,"pct_basura_formal":100,"pct_basura_quema":0,"pct_basura_informal":0,"pct_internet":60,"pct_celular":80,"pct_televisor":60}},{"type":"Feature","geometry":{"type":"Polygon","coordinates":[[[-65.4171,-16.9718],[-65.41626,-16.97137],[-65.4158,-16.97216],[-65.41664,-16.97259],[-65.4171,-16.9718]]]},"properties":{"n":"VILLA TUNARI","p":96,"personas_x_ha":94,"masculinidad":118,"pct_menor20":25,"pct_60mas":8,"pct_migrante":78,"dependencia_econ":50,"pct_empleados":44,"pct_cuentapropia":44,"pct_agricultura":3,"pct_comercio":22,"pct_manufactura":0,"pct_construccion":8,"pct_transporte":8,"pct_alojamiento":17,"pct_sin_educacion":1,"pct_educ_superior":40,"brecha_educ":-16,"pct_sin_seguro":6,"pct_sus":71,"pct_seguro_privado":3,"brecha_seguro":-1,"pct_salud_publica":28,"pct_med_tradicional":13,"pct_automedicacion":19,"pct_remedios_caseros":20,"pct_viv_desocupada":0,"pct_alquiler":54,"pct_electricidad":100,"pct_sin_electricidad":0,"pct_agua_red":100,"pct_alcantarillado":100,"pct_camara_septica":0,"pct_pozo_ciego":0,"pct_sin_desague":0,"pct_gas_red":14,"pct_gas_garrafa":79,"pct_lena_guano":79,"pct_basura_formal":100,"pct_basura_quema":0,"pct_basura_informal":0,"pct_internet":93,"pct_celular":89,"pct_televisor":82}},{"type":"Feature","geometry":{"type":"Polygon","coordinates":[[[-65.42472,-16.97187],[-65.42608,-16.97172],[-65.42642,-16.97181],[-65.42686,-16.97069],[-65.42453,-16.97011],[-65.42285,-16.96984],[-65.42184,-16.96944],[-65.42117,-16.97003],[-65.42309,-16.97155],[-65.4241,-16.97184],[-65.42472,-16.97187]]]},"properties":{"n":"VILLA TUNARI","p":57,"personas_x_ha":6,"masculinidad":104,"pct_menor20":53,"pct_60mas":5,"pct_migrante":56,"dependencia_econ":148,"pct_empleados":30,"pct_cuentapropia":52,"pct_agricultura":0,"pct_comercio":35,"pct_manufactura":4,"pct_construccion":0,"pct_transporte":13,"pct_alojamiento":13,"pct_sin_educacion":7,"pct_educ_superior":18,"brecha_educ":-4,"pct_sin_seguro":12,"pct_sus":82,"pct_seguro_privado":0,"brecha_seguro":18,"pct_salud_publica":34,"pct_med_tradicional":9,"pct_automedicacion":19,"pct_remedios_caseros":25,"pct_viv_desocupada":0,"pct_alquiler":23,"pct_electricidad":100,"pct_sin_electricidad":0,"pct_agua_red":92,"pct_alcantarillado":69,"pct_camara_septica":15,"pct_pozo_ciego":15,"pct_sin_desague":0,"pct_gas_red":0,"pct_gas_garrafa":100,"pct_lena_guano":100,"pct_basura_formal":85,"pct_basura_quema":15,"pct_basura_informal":0,"pct_internet":100,"pct_celular":100,"pct_televisor":85}},{"type":"Feature","geometry":{"type":"Polygon","coordinates":[[[-65.42463,-16.97671],[-65.42506,-16.97576],[-65.42427,-16.97535],[-65.42375,-16.9763],[-65.42463,-16.97671]]]},"properties":{"n":"VILLA TUNARI","p":59,"personas_x_ha":49,"masculinidad":97,"pct_menor20":31,"pct_60mas":0,"pct_migrante":66,"dependencia_econ":48,"pct_empleados":38,"pct_cuentapropia":32,"pct_agricultura":10,"pct_comercio":15,"pct_manufactura":20,"pct_construccion":10,"pct_transporte":2,"pct_alojamiento":12,"pct_sin_educacion":2,"pct_educ_superior":45,"brecha_educ":1,"pct_sin_seguro":20,"pct_sus":68,"pct_seguro_privado":2,"brecha_seguro":-6,"pct_salud_publica":26,"pct_med_tradicional":11,"pct_automedicacion":20,"pct_remedios_caseros":23,"pct_viv_desocupada":3,"pct_alquiler":67,"pct_electricidad":100,"pct_sin_electricidad":0,"pct_agua_red":96,"pct_alcantarillado":96,"pct_camara_septica":0,"pct_pozo_ciego":0,"pct_sin_desague":0,"pct_gas_red":25,"pct_gas_garrafa":46,"pct_lena_guano":46,"pct_basura_formal":100,"pct_basura_quema":0,"pct_basura_informal":0,"pct_internet":100,"pct_celular":96,"pct_televisor":50}},{"type":"Feature","geometry":{"type":"Polygon","coordinates":[[[-65.4289,-16.97818],[-65.4289,-16.97799],[-65.42821,-16.97739],[-65.42802,-16.97767],[-65.42825,-16.97804],[-65.42842,-16.97856],[-65.4289,-16.97818]]]},"properties":{"n":"VILLA TUNARI","p":25,"personas_x_ha":41,"masculinidad":108,"pct_menor20":36,"pct_60mas":12,"pct_migrante":68,"dependencia_econ":47,"pct_empleados":41,"pct_cuentapropia":12,"pct_agricultura":0,"pct_comercio":35,"pct_manufactura":12,"pct_construccion":18,"pct_transporte":0,"pct_alojamiento":6,"pct_sin_educacion":0,"pct_educ_superior":24,"brecha_educ":10,"pct_sin_seguro":24,"pct_sus":68,"pct_seguro_privado":0,"brecha_seguro":30,"pct_salud_publica":27,"pct_med_tradicional":14,"pct_automedicacion":22,"pct_remedios_caseros":31,"pct_viv_desocupada":0,"pct_alquiler":50,"pct_electricidad":100,"pct_sin_electricidad":0,"pct_agua_red":100,"pct_alcantarillado":60,"pct_camara_septica":0,"pct_pozo_ciego":0,"pct_sin_desague":40,"pct_gas_red":40,"pct_gas_garrafa":50,"pct_lena_guano":50,"pct_basura_formal":100,"pct_basura_quema":0,"pct_basura_informal":0,"pct_internet":100,"pct_celular":100,"pct_televisor":70}},{"type":"Feature","geometry":{"type":"Polygon","coordinates":[[[-65.42813,-16.97732],[-65.42721,-16.97684],[-65.42648,-16.97818],[-65.42764,-16.97934],[-65.42829,-16.97875],[-65.42822,-16.97828],[-65.42792,-16.97764],[-65.42813,-16.97732]]]},"properties":{"n":"VILLA TUNARI","p":94,"personas_x_ha":30,"masculinidad":124,"pct_menor20":31,"pct_60mas":4,"pct_migrante":72,"dependencia_econ":63,"pct_empleados":40,"pct_cuentapropia":35,"pct_agricultura":18,"pct_comercio":23,"pct_manufactura":0,"pct_construccion":2,"pct_transporte":9,"pct_alojamiento":12,"pct_sin_educacion":5,"pct_educ_superior":28,"brecha_educ":-18,"pct_sin_seguro":15,"pct_sus":66,"pct_seguro_privado":3,"brecha_seguro":1,"pct_salud_publica":31,"pct_med_tradicional":11,"pct_automedicacion":23,"pct_remedios_caseros":18,"pct_viv_desocupada":0,"pct_alquiler":48,"pct_electricidad":100,"pct_sin_electricidad":0,"pct_agua_red":90,"pct_alcantarillado":97,"pct_camara_septica":3,"pct_pozo_ciego":0,"pct_sin_desague":0,"pct_gas_red":21,"pct_gas_garrafa":72,"pct_lena_guano":72,"pct_basura_formal":90,"pct_basura_quema":10,"pct_basura_informal":0,"pct_internet":79,"pct_celular":86,"pct_televisor":69}},{"type":"Feature","geometry":{"type":"Polygon","coordinates":[[[-65.42364,-16.9739],[-65.42281,-16.97348],[-65.4224,-16.9742],[-65.42319,-16.97463],[-65.42364,-16.9739]]]},"properties":{"n":"VILLA TUNARI","p":32,"personas_x_ha":34,"masculinidad":52,"pct_menor20":22,"pct_60mas":12,"pct_migrante":56,"dependencia_econ":33,"pct_empleados":29,"pct_cuentapropia":38,"pct_agricultura":17,"pct_comercio":12,"pct_manufactura":0,"pct_construccion":8,"pct_transporte":4,"pct_alojamiento":4,"pct_sin_educacion":43,"pct_educ_superior":29,"brecha_educ":3,"pct_sin_seguro":13,"pct_sus":74,"pct_seguro_privado":0,"brecha_seguro":25,"pct_salud_publica":26,"pct_med_tradicional":13,"pct_automedicacion":22,"pct_remedios_caseros":20,"pct_viv_desocupada":12,"pct_alquiler":33,"pct_electricidad":100,"pct_sin_electricidad":0,"pct_agua_red":47,"pct_alcantarillado":93,"pct_camara_septica":7,"pct_pozo_ciego":0,"pct_sin_desague":0,"pct_gas_red":40,"pct_gas_garrafa":60,"pct_lena_guano":60,"pct_basura_formal":93,"pct_basura_quema":0,"pct_basura_informal":13,"pct_internet":67,"pct_celular":80,"pct_televisor":67}},{"type":"Feature","geometry":{"type":"Polygon","coordinates":[[[-65.42947,-16.97713],[-65.42883,-16.97652],[-65.42835,-16.97723],[-65.42869,-16.9776],[-65.42947,-16.97713]]]},"properties":{"n":"VILLA TUNARI","p":124,"personas_x_ha":172,"masculinidad":82,"pct_menor20":45,"pct_60mas":3,"pct_migrante":49,"dependencia_econ":114,"pct_empleados":32,"pct_cuentapropia":32,"pct_agricultura":9,"pct_comercio":33,"pct_manufactura":5,"pct_construccion":4,"pct_transporte":14,"pct_alojamiento":11,"pct_sin_educacion":3,"pct_educ_superior":21,"brecha_educ":-7,"pct_sin_seguro":11,"pct_sus":79,"pct_seguro_privado":1,"brecha_seguro":0,"pct_salud_publica":26,"pct_med_tradicional":12,"pct_automedicacion":21,"pct_remedios_caseros":23,"pct_viv_desocupada":0,"pct_alquiler":25,"pct_electricidad":96,"pct_sin_electricidad":0,"pct_agua_red":75,"pct_alcantarillado":89,"pct_camara_septica":4,"pct_pozo_ciego":4,"pct_sin_desague":4,"pct_gas_red":21,"pct_gas_garrafa":79,"pct_lena_guano":79,"pct_basura_formal":100,"pct_basura_quema":0,"pct_basura_informal":0,"pct_internet":96,"pct_celular":100,"pct_televisor":93}},{"type":"Feature","geometry":{"type":"Polygon","coordinates":[[[-65.42111,-16.97381],[-65.42029,-16.9734],[-65.41984,-16.9742],[-65.42066,-16.97463],[-65.42111,-16.97381]]]},"properties":{"n":"VILLA TUNARI","p":87,"personas_x_ha":86,"masculinidad":118,"pct_menor20":36,"pct_60mas":1,"pct_migrante":76,"dependencia_econ":61,"pct_empleados":54,"pct_cuentapropia":37,"pct_agricultura":4,"pct_comercio":24,"pct_manufactura":4,"pct_construccion":4,"pct_transporte":2,"pct_alojamiento":6,"pct_sin_educacion":0,"pct_educ_superior":51,"brecha_educ":-10,"pct_sin_seguro":18,"pct_sus":59,"pct_seguro_privado":0,"brecha_seguro":10,"pct_salud_publica":25,"pct_med_tradicional":10,"pct_automedicacion":20,"pct_remedios_caseros":24,"pct_viv_desocupada":3,"pct_alquiler":72,"pct_electricidad":100,"pct_sin_electricidad":0,"pct_agua_red":100,"pct_alcantarillado":94,"pct_camara_septica":0,"pct_pozo_ciego":0,"pct_sin_desague":3,"pct_gas_red":6,"pct_gas_garrafa":66,"pct_lena_guano":66,"pct_basura_formal":100,"pct_basura_quema":0,"pct_basura_informal":0,"pct_internet":75,"pct_celular":78,"pct_televisor":56}},{"type":"Feature","geometry":{"type":"Polygon","coordinates":[[[-65.42865,-16.97637],[-65.42774,-16.9759],[-65.42727,-16.97671],[-65.42822,-16.97721],[-65.42869,-16.97647],[-65.42865,-16.97637]]]},"properties":{"n":"VILLA TUNARI","p":71,"personas_x_ha":60,"masculinidad":69,"pct_menor20":38,"pct_60mas":1,"pct_migrante":56,"dependencia_econ":61,"pct_empleados":30,"pct_cuentapropia":55,"pct_agricultura":2,"pct_comercio":27,"pct_manufactura":9,"pct_construccion":2,"pct_transporte":9,"pct_alojamiento":20,"pct_sin_educacion":2,"pct_educ_superior":48,"brecha_educ":-1,"pct_sin_seguro":8,"pct_sus":92,"pct_seguro_privado":0,"brecha_seguro":9,"pct_salud_publica":28,"pct_med_tradicional":7,"pct_automedicacion":18,"pct_remedios_caseros":24,"pct_viv_desocupada":4,"pct_alquiler":38,"pct_electricidad":100,"pct_sin_electricidad":0,"pct_agua_red":76,"pct_alcantarillado":100,"pct_camara_septica":0,"pct_pozo_ciego":0,"pct_sin_desague":0,"pct_gas_red":52,"pct_gas_garrafa":29,"pct_lena_guano":29,"pct_basura_formal":100,"pct_basura_quema":0,"pct_basura_informal":0,"pct_internet":95,"pct_celular":95,"pct_televisor":86}},{"type":"Feature","geometry":{"type":"Polygon","coordinates":[[[-65.42671,-16.97896],[-65.42616,-16.97851],[-65.42561,-16.97908],[-65.42594,-16.97955],[-65.42671,-16.97896]]]},"properties":{"n":"VILLA TUNARI","p":46,"personas_x_ha":69,"masculinidad":84,"pct_menor20":37,"pct_60mas":2,"pct_migrante":59,"dependencia_econ":70,"pct_empleados":48,"pct_cuentapropia":37,"pct_agricultura":11,"pct_comercio":19,"pct_manufactura":0,"pct_construccion":7,"pct_transporte":7,"pct_alojamiento":11,"pct_sin_educacion":3,"pct_educ_superior":38,"brecha_educ":-12,"pct_sin_seguro":4,"pct_sus":93,"pct_seguro_privado":0,"brecha_seguro":1,"pct_salud_publica":27,"pct_med_tradicional":10,"pct_automedicacion":19,"pct_remedios_caseros":23,"pct_viv_desocupada":9,"pct_alquiler":25,"pct_electricidad":100,"pct_sin_electricidad":0,"pct_agua_red":100,"pct_alcantarillado":100,"pct_camara_septica":0,"pct_pozo_ciego":0,"pct_sin_desague":0,"pct_gas_red":45,"pct_gas_garrafa":40,"pct_lena_guano":40,"pct_basura_formal":95,"pct_basura_quema":5,"pct_basura_informal":0,"pct_internet":65,"pct_celular":70,"pct_televisor":45}},{"type":"Feature","geometry":{"type":"Polygon","coordinates":[[[-65.42109,-16.97555],[-65.41726,-16.97419],[-65.41696,-16.97479],[-65.4184,-16.97528],[-65.42002,-16.97563],[-65.42083,-16.97591],[-65.42133,-16.97625],[-65.42268,-16.97692],[-65.42301,-16.97751],[-65.42356,-16.97668],[-65.42303,-16.97636],[-65.42109,-16.97555]]]},"properties":{"n":"VILLA TUNARI","p":74,"personas_x_ha":16,"masculinidad":111,"pct_menor20":28,"pct_60mas":11,"pct_migrante":57,"dependencia_econ":23,"pct_empleados":30,"pct_cuentapropia":53,"pct_agricultura":0,"pct_comercio":22,"pct_manufactura":5,"pct_construccion":5,"pct_transporte":3,"pct_alojamiento":48,"pct_sin_educacion":0,"pct_educ_superior":35,"brecha_educ":3,"pct_sin_seguro":15,"pct_sus":68,"pct_seguro_privado":0,"brecha_seguro":1,"pct_salud_publica":26,"pct_med_tradicional":9,"pct_automedicacion":25,"pct_remedios_caseros":24,"pct_viv_desocupada":0,"pct_alquiler":42,"pct_electricidad":88,"pct_sin_electricidad":0,"pct_agua_red":77,"pct_alcantarillado":92,"pct_camara_septica":8,"pct_pozo_ciego":0,"pct_sin_desague":0,"pct_gas_red":4,"pct_gas_garrafa":92,"pct_lena_guano":92,"pct_basura_formal":100,"pct_basura_quema":0,"pct_basura_informal":0,"pct_internet":85,"pct_celular":92,"pct_televisor":58}},{"type":"Feature","geometry":{"type":"Polygon","coordinates":[[[-65.42695,-16.98123],[-65.42663,-16.98075],[-65.42654,-16.98072],[-65.4256,-16.98106],[-65.42556,-16.98114],[-65.42586,-16.98168],[-65.42692,-16.98134],[-65.42695,-16.98123]]]},"properties":{"n":"VILLA TUNARI","p":19,"personas_x_ha":20,"masculinidad":111,"pct_menor20":42,"pct_60mas":0,"pct_migrante":63,"dependencia_econ":90,"pct_empleados":40,"pct_cuentapropia":30,"pct_agricultura":0,"pct_comercio":10,"pct_manufactura":0,"pct_construccion":0,"pct_transporte":20,"pct_alojamiento":40,"pct_sin_educacion":0,"pct_educ_superior":18,"brecha_educ":61,"pct_sin_seguro":5,"pct_sus":68,"pct_seguro_privado":0,"brecha_seguro":10,"pct_salud_publica":23,"pct_med_tradicional":14,"pct_automedicacion":18,"pct_remedios_caseros":20,"pct_viv_desocupada":17,"pct_alquiler":14,"pct_electricidad":86,"pct_sin_electricidad":0,"pct_agua_red":100,"pct_alcantarillado":57,"pct_camara_septica":0,"pct_pozo_ciego":29,"pct_sin_desague":14,"pct_gas_red":0,"pct_gas_garrafa":100,"pct_lena_guano":100,"pct_basura_formal":86,"pct_basura_quema":0,"pct_basura_informal":29,"pct_internet":86,"pct_celular":86,"pct_televisor":71}},{"type":"Feature","geometry":{"type":"Polygon","coordinates":[[[-65.43357,-16.98842],[-65.43317,-16.98768],[-65.43215,-16.98821],[-65.43243,-16.98883],[-65.43255,-16.98894],[-65.43285,-16.98879],[-65.43288,-16.98884],[-65.43357,-16.98842]]]},"properties":{"n":"VILLA TUNARI","p":44,"personas_x_ha":37,"masculinidad":159,"pct_menor20":34,"pct_60mas":5,"pct_migrante":68,"dependencia_econ":45,"pct_empleados":34,"pct_cuentapropia":62,"pct_agricultura":7,"pct_comercio":28,"pct_manufactura":3,"pct_construccion":17,"pct_transporte":31,"pct_alojamiento":7,"pct_sin_educacion":4,"pct_educ_superior":32,"brecha_educ":17,"pct_sin_seguro":17,"pct_sus":66,"pct_seguro_privado":5,"brecha_seguro":19,"pct_salud_publica":51,"pct_med_tradicional":4,"pct_automedicacion":12,"pct_remedios_caseros":13,"pct_viv_desocupada":5,"pct_alquiler":80,"pct_electricidad":100,"pct_sin_electricidad":0,"pct_agua_red":100,"pct_alcantarillado":45,"pct_camara_septica":30,"pct_pozo_ciego":25,"pct_sin_desague":0,"pct_gas_red":0,"pct_gas_garrafa":85,"pct_lena_guano":85,"pct_basura_formal":85,"pct_basura_quema":15,"pct_basura_informal":0,"pct_internet":70,"pct_celular":70,"pct_televisor":55}},{"type":"Feature","geometry":{"type":"Polygon","coordinates":[[[-65.4308,-16.98282],[-65.43027,-16.98154],[-65.43,-16.98114],[-65.4292,-16.98155],[-65.42998,-16.9832],[-65.4308,-16.98282]]]},"properties":{"n":"VILLA TUNARI","p":36,"personas_x_ha":17,"masculinidad":89,"pct_menor20":33,"pct_60mas":11,"pct_migrante":72,"dependencia_econ":71,"pct_empleados":29,"pct_cuentapropia":52,"pct_agricultura":0,"pct_comercio":33,"pct_manufactura":5,"pct_construccion":0,"pct_transporte":14,"pct_alojamiento":19,"pct_sin_educacion":8,"pct_educ_superior":52,"brecha_educ":-17,"pct_sin_seguro":19,"pct_sus":75,"pct_seguro_privado":0,"brecha_seguro":8,"pct_salud_publica":27,"pct_med_tradicional":10,"pct_automedicacion":21,"pct_remedios_caseros":30,"pct_viv_desocupada":0,"pct_alquiler":46,"pct_electricidad":100,"pct_sin_electricidad":0,"pct_agua_red":46,"pct_alcantarillado":15,"pct_camara_septica":62,"pct_pozo_ciego":23,"pct_sin_desague":0,"pct_gas_red":38,"pct_gas_garrafa":62,"pct_lena_guano":62,"pct_basura_formal":85,"pct_basura_quema":15,"pct_basura_informal":0,"pct_internet":85,"pct_celular":85,"pct_televisor":62}},{"type":"Feature","geometry":{"type":"Polygon","coordinates":[[[-65.42063,-16.97008],[-65.41972,-16.96982],[-65.41941,-16.97033],[-65.42027,-16.97079],[-65.42063,-16.97008]]]},"properties":{"n":"VILLA TUNARI","p":71,"personas_x_ha":91,"masculinidad":82,"pct_menor20":45,"pct_60mas":8,"pct_migrante":77,"dependencia_econ":145,"pct_empleados":45,"pct_cuentapropia":52,"pct_agricultura":0,"pct_comercio":24,"pct_manufactura":3,"pct_construccion":7,"pct_transporte":14,"pct_alojamiento":7,"pct_sin_educacion":0,"pct_educ_superior":54,"brecha_educ":15,"pct_sin_seguro":3,"pct_sus":66,"pct_seguro_privado":0,"brecha_seguro":1,"pct_salud_publica":27,"pct_med_tradicional":7,"pct_automedicacion":17,"pct_remedios_caseros":18,"pct_viv_desocupada":0,"pct_alquiler":50,"pct_electricidad":100,"pct_sin_electricidad":0,"pct_agua_red":94,"pct_alcantarillado":100,"pct_camara_septica":0,"pct_pozo_ciego":0,"pct_sin_desague":0,"pct_gas_red":28,"pct_gas_garrafa":67,"pct_lena_guano":67,"pct_basura_formal":94,"pct_basura_quema":6,"pct_basura_informal":0,"pct_internet":94,"pct_celular":100,"pct_televisor":83}},{"type":"Feature","geometry":{"type":"Polygon","coordinates":[[[-65.41924,-16.97266],[-65.41963,-16.97186],[-65.41879,-16.97147],[-65.41837,-16.97223],[-65.41924,-16.97266]]]},"properties":{"n":"VILLA TUNARI","p":59,"personas_x_ha":57,"masculinidad":211,"pct_menor20":17,"pct_60mas":8,"pct_migrante":95,"dependencia_econ":31,"pct_empleados":73,"pct_cuentapropia":16,"pct_agricultura":0,"pct_comercio":4,"pct_manufactura":0,"pct_construccion":7,"pct_transporte":2,"pct_alojamiento":4,"pct_sin_educacion":0,"pct_educ_superior":82,"brecha_educ":0,"pct_sin_seguro":3,"pct_sus":34,"pct_seguro_privado":0,"brecha_seguro":5,"pct_salud_publica":19,"pct_med_tradicional":8,"pct_automedicacion":19,"pct_remedios_caseros":20,"pct_viv_desocupada":7,"pct_alquiler":43,"pct_electricidad":100,"pct_sin_electricidad":0,"pct_agua_red":100,"pct_alcantarillado":71,"pct_camara_septica":21,"pct_pozo_ciego":7,"pct_sin_desague":0,"pct_gas_red":43,"pct_gas_garrafa":50,"pct_lena_guano":50,"pct_basura_formal":100,"pct_basura_quema":0,"pct_basura_informal":0,"pct_internet":93,"pct_celular":93,"pct_televisor":79}},{"type":"Feature","geometry":{"type":"Polygon","coordinates":[[[-65.42164,-16.97528],[-65.42075,-16.97486],[-65.42068,-16.97503],[-65.42159,-16.97541],[-65.42164,-16.97528]]]},"properties":{"n":"VILLA TUNARI","p":52,"personas_x_ha":251,"masculinidad":58,"pct_menor20":42,"pct_60mas":2,"pct_migrante":69,"dependencia_econ":127,"pct_empleados":18,"pct_cuentapropia":73,"pct_agricultura":0,"pct_comercio":23,"pct_manufactura":5,"pct_construccion":14,"pct_transporte":0,"pct_alojamiento":55,"pct_sin_educacion":0,"pct_educ_superior":47,"brecha_educ":-8,"pct_sin_seguro":24,"pct_sus":48,"pct_seguro_privado":10,"brecha_seguro":-3,"pct_salud_publica":27,"pct_med_tradicional":3,"pct_automedicacion":24,"pct_remedios_caseros":20,"pct_viv_desocupada":5,"pct_alquiler":33,"pct_electricidad":100,"pct_sin_electricidad":0,"pct_agua_red":40,"pct_alcantarillado":100,"pct_camara_septica":0,"pct_pozo_ciego":0,"pct_sin_desague":0,"pct_gas_red":7,"pct_gas_garrafa":93,"pct_lena_guano":93,"pct_basura_formal":100,"pct_basura_quema":0,"pct_basura_informal":0,"pct_internet":80,"pct_celular":93,"pct_televisor":80}},{"type":"Feature","geometry":{"type":"Polygon","coordinates":[[[-65.42417,-16.97288],[-65.42333,-16.97249],[-65.42289,-16.97331],[-65.42372,-16.97375],[-65.42417,-16.97288]]]},"properties":{"n":"VILLA TUNARI","p":20,"personas_x_ha":19,"masculinidad":82,"pct_menor20":20,"pct_60mas":10,"pct_migrante":70,"dependencia_econ":43,"pct_empleados":36,"pct_cuentapropia":36,"pct_agricultura":0,"pct_comercio":14,"pct_manufactura":29,"pct_construccion":14,"pct_transporte":0,"pct_alojamiento":21,"pct_sin_educacion":0,"pct_educ_superior":38,"brecha_educ":-12,"pct_sin_seguro":25,"pct_sus":65,"pct_seguro_privado":0,"brecha_seguro":15,"pct_salud_publica":37,"pct_med_tradicional":0,"pct_automedicacion":17,"pct_remedios_caseros":17,"pct_viv_desocupada":0,"pct_alquiler":43,"pct_electricidad":100,"pct_sin_electricidad":0,"pct_agua_red":86,"pct_alcantarillado":100,"pct_camara_septica":0,"pct_pozo_ciego":0,"pct_sin_desague":0,"pct_gas_red":14,"pct_gas_garrafa":86,"pct_lena_guano":86,"pct_basura_formal":100,"pct_basura_quema":0,"pct_basura_informal":0,"pct_internet":100,"pct_celular":100,"pct_televisor":71}},{"type":"Feature","geometry":{"type":"Polygon","coordinates":[[[-65.43203,-16.98229],[-65.43097,-16.98065],[-65.43025,-16.981],[-65.43108,-16.98273],[-65.43203,-16.98229]]]},"properties":{"n":"VILLA TUNARI","p":34,"personas_x_ha":16,"masculinidad":127,"pct_menor20":56,"pct_60mas":0,"pct_migrante":65,"dependencia_econ":89,"pct_empleados":39,"pct_cuentapropia":33,"pct_agricultura":0,"pct_comercio":6,"pct_manufactura":0,"pct_construccion":6,"pct_transporte":22,"pct_alojamiento":33,"pct_sin_educacion":6,"pct_educ_superior":44,"brecha_educ":-21,"pct_sin_seguro":15,"pct_sus":65,"pct_seguro_privado":0,"brecha_seguro":2,"pct_salud_publica":27,"pct_med_tradicional":8,"pct_automedicacion":27,"pct_remedios_caseros":20,"pct_viv_desocupada":0,"pct_alquiler":50,"pct_electricidad":100,"pct_sin_electricidad":0,"pct_agua_red":100,"pct_alcantarillado":12,"pct_camara_septica":62,"pct_pozo_ciego":25,"pct_sin_desague":0,"pct_gas_red":0,"pct_gas_garrafa":100,"pct_lena_guano":100,"pct_basura_formal":25,"pct_basura_quema":75,"pct_basura_informal":0,"pct_internet":88,"pct_celular":100,"pct_televisor":88}},{"type":"Feature","geometry":{"type":"Polygon","coordinates":[[[-65.41486,-16.97189],[-65.41467,-16.97221],[-65.4146,-16.97219],[-65.41436,-16.97277],[-65.4151,-16.97306],[-65.41556,-16.97226],[-65.41486,-16.97189]]]},"properties":{"n":"VILLA TUNARI","p":47,"personas_x_ha":49,"masculinidad":81,"pct_menor20":26,"pct_60mas":11,"pct_migrante":66,"dependencia_econ":52,"pct_empleados":23,"pct_cuentapropia":71,"pct_agricultura":3,"pct_comercio":45,"pct_manufactura":3,"pct_construccion":3,"pct_transporte":13,"pct_alojamiento":13,"pct_sin_educacion":3,"pct_educ_superior":44,"brecha_educ":-4,"pct_sin_seguro":11,"pct_sus":83,"pct_seguro_privado":4,"brecha_seguro":7,"pct_salud_publica":31,"pct_med_tradicional":6,"pct_automedicacion":24,"pct_remedios_caseros":23,"pct_viv_desocupada":0,"pct_alquiler":23,"pct_electricidad":100,"pct_sin_electricidad":0,"pct_agua_red":92,"pct_alcantarillado":100,"pct_camara_septica":0,"pct_pozo_ciego":0,"pct_sin_desague":0,"pct_gas_red":23,"pct_gas_garrafa":77,"pct_lena_guano":77,"pct_basura_formal":100,"pct_basura_quema":0,"pct_basura_informal":0,"pct_internet":85,"pct_celular":85,"pct_televisor":69}},{"type":"Feature","geometry":{"type":"Polygon","coordinates":[[[-65.41902,-16.97334],[-65.41926,-16.97346],[-65.41902,-16.97335],[-65.41882,-16.97371],[-65.41965,-16.9741],[-65.42009,-16.97338],[-65.42007,-16.9733],[-65.41927,-16.97288],[-65.41902,-16.97334]]]},"properties":{"n":"VILLA TUNARI","p":42,"personas_x_ha":41,"masculinidad":147,"pct_menor20":36,"pct_60mas":2,"pct_migrante":69,"dependencia_econ":50,"pct_empleados":29,"pct_cuentapropia":54,"pct_agricultura":4,"pct_comercio":21,"pct_manufactura":11,"pct_construccion":7,"pct_transporte":4,"pct_alojamiento":14,"pct_sin_educacion":0,"pct_educ_superior":57,"brecha_educ":-8,"pct_sin_seguro":24,"pct_sus":52,"pct_seguro_privado":0,"brecha_seguro":-9,"pct_salud_publica":24,"pct_med_tradicional":17,"pct_automedicacion":19,"pct_remedios_caseros":23,"pct_viv_desocupada":8,"pct_alquiler":45,"pct_electricidad":100,"pct_sin_electricidad":0,"pct_agua_red":100,"pct_alcantarillado":100,"pct_camara_septica":0,"pct_pozo_ciego":0,"pct_sin_desague":0,"pct_gas_red":27,"pct_gas_garrafa":64,"pct_lena_guano":64,"pct_basura_formal":100,"pct_basura_quema":0,"pct_basura_informal":0,"pct_internet":91,"pct_celular":91,"pct_televisor":73}},{"type":"Feature","geometry":{"type":"Polygon","coordinates":[[[-65.41762,-16.97085],[-65.41677,-16.97042],[-65.41635,-16.97123],[-65.4172,-16.97168],[-65.41762,-16.97085]]]},"properties":{"n":"VILLA TUNARI","p":45,"personas_x_ha":43,"masculinidad":125,"pct_menor20":38,"pct_60mas":7,"pct_migrante":60,"dependencia_econ":61,"pct_empleados":64,"pct_cuentapropia":25,"pct_agricultura":4,"pct_comercio":18,"pct_manufactura":4,"pct_construccion":18,"pct_transporte":7,"pct_alojamiento":7,"pct_sin_educacion":0,"pct_educ_superior":52,"brecha_educ":-13,"pct_sin_seguro":5,"pct_sus":92,"pct_seguro_privado":0,"brecha_seguro":-1,"pct_salud_publica":28,"pct_med_tradicional":9,"pct_automedicacion":26,"pct_remedios_caseros":25,"pct_viv_desocupada":6,"pct_alquiler":64,"pct_electricidad":100,"pct_sin_electricidad":0,"pct_agua_red":93,"pct_alcantarillado":100,"pct_camara_septica":0,"pct_pozo_ciego":0,"pct_sin_desague":0,"pct_gas_red":21,"pct_gas_garrafa":57,"pct_lena_guano":57,"pct_basura_formal":100,"pct_basura_quema":0,"pct_basura_informal":0,"pct_internet":86,"pct_celular":86,"pct_televisor":79}},{"type":"Feature","geometry":{"type":"Polygon","coordinates":[[[-65.43234,-16.98612],[-65.43179,-16.98501],[-65.43102,-16.98542],[-65.43167,-16.98659],[-65.43234,-16.98612]]]},"properties":{"n":"VILLA TUNARI","p":36,"personas_x_ha":27,"masculinidad":140,"pct_menor20":31,"pct_60mas":6,"pct_migrante":75,"dependencia_econ":44,"pct_empleados":44,"pct_cuentapropia":44,"pct_agricultura":8,"pct_comercio":36,"pct_manufactura":4,"pct_construccion":8,"pct_transporte":16,"pct_alojamiento":0,"pct_sin_educacion":0,"pct_educ_superior":41,"brecha_educ":-12,"pct_sin_seguro":17,"pct_sus":53,"pct_seguro_privado":0,"brecha_seguro":6,"pct_salud_publica":23,"pct_med_tradicional":16,"pct_automedicacion":21,"pct_remedios_caseros":18,"pct_viv_desocupada":0,"pct_alquiler":57,"pct_electricidad":100,"pct_sin_electricidad":0,"pct_agua_red":93,"pct_alcantarillado":7,"pct_camara_septica":57,"pct_pozo_ciego":36,"pct_sin_desague":0,"pct_gas_red":43,"pct_gas_garrafa":57,"pct_lena_guano":57,"pct_basura_formal":57,"pct_basura_quema":36,"pct_basura_informal":0,"pct_internet":100,"pct_celular":100,"pct_televisor":64}},{"type":"Feature","geometry":{"type":"Polygon","coordinates":[[[-65.41748,-16.97382],[-65.41837,-16.97415],[-65.41855,-16.97379],[-65.41772,-16.97336],[-65.41748,-16.97382]]]},"properties":{"n":"VILLA TUNARI","p":24,"personas_x_ha":46,"masculinidad":118,"pct_menor20":29,"pct_60mas":17,"pct_migrante":50,"dependencia_econ":60,"pct_empleados":33,"pct_cuentapropia":33,"pct_agricultura":0,"pct_comercio":27,"pct_manufactura":7,"pct_construccion":7,"pct_transporte":7,"pct_alojamiento":47,"pct_sin_educacion":0,"pct_educ_superior":12,"brecha_educ":-47,"pct_sin_seguro":33,"pct_sus":67,"pct_seguro_privado":0,"brecha_seguro":28,"pct_salud_publica":22,"pct_med_tradicional":10,"pct_automedicacion":28,"pct_remedios_caseros":24,"pct_viv_desocupada":41,"pct_alquiler":17,"pct_electricidad":100,"pct_sin_electricidad":0,"pct_agua_red":83,"pct_alcantarillado":100,"pct_camara_septica":0,"pct_pozo_ciego":0,"pct_sin_desague":0,"pct_gas_red":0,"pct_gas_garrafa":100,"pct_lena_guano":100,"pct_basura_formal":100,"pct_basura_quema":0,"pct_basura_informal":0,"pct_internet":50,"pct_celular":100,"pct_televisor":50}},{"type":"Feature","geometry":{"type":"Polygon","coordinates":[[[-65.42051,-16.97496],[-65.4206,-16.97479],[-65.41972,-16.97435],[-65.41958,-16.97461],[-65.42051,-16.97496]]]},"properties":{"n":"VILLA TUNARI","p":24,"personas_x_ha":83,"masculinidad":33,"pct_menor20":46,"pct_60mas":0,"pct_migrante":46,"dependencia_econ":71,"pct_empleados":21,"pct_cuentapropia":71,"pct_agricultura":21,"pct_comercio":29,"pct_manufactura":7,"pct_construccion":7,"pct_transporte":0,"pct_alojamiento":21,"pct_sin_educacion":0,"pct_educ_superior":31,"brecha_educ":-5,"pct_sin_seguro":26,"pct_sus":57,"pct_seguro_privado":0,"brecha_seguro":-13,"pct_salud_publica":20,"pct_med_tradicional":6,"pct_automedicacion":15,"pct_remedios_caseros":27,"pct_viv_desocupada":0,"pct_alquiler":71,"pct_electricidad":100,"pct_sin_electricidad":0,"pct_agua_red":100,"pct_alcantarillado":100,"pct_camara_septica":0,"pct_pozo_ciego":0,"pct_sin_desague":0,"pct_gas_red":0,"pct_gas_garrafa":100,"pct_lena_guano":100,"pct_basura_formal":100,"pct_basura_quema":0,"pct_basura_informal":0,"pct_internet":100,"pct_celular":100,"pct_televisor":57}},{"type":"Feature","geometry":{"type":"Polygon","coordinates":[[[-65.4266,-16.97536],[-65.42583,-16.97495],[-65.42542,-16.97571],[-65.42619,-16.97612],[-65.4266,-16.97536]]]},"properties":{"n":"VILLA TUNARI","p":48,"personas_x_ha":51,"masculinidad":100,"pct_menor20":42,"pct_60mas":2,"pct_migrante":48,"dependencia_econ":100,"pct_empleados":29,"pct_cuentapropia":46,"pct_agricultura":12,"pct_comercio":38,"pct_manufactura":0,"pct_construccion":0,"pct_transporte":25,"pct_alojamiento":4,"pct_sin_educacion":0,"pct_educ_superior":38,"brecha_educ":-20,"pct_sin_seguro":19,"pct_sus":71,"pct_seguro_privado":0,"brecha_seguro":-12,"pct_salud_publica":24,"pct_med_tradicional":8,"pct_automedicacion":27,"pct_remedios_caseros":25,"pct_viv_desocupada":0,"pct_alquiler":67,"pct_electricidad":94,"pct_sin_electricidad":0,"pct_agua_red":89,"pct_alcantarillado":94,"pct_camara_septica":6,"pct_pozo_ciego":0,"pct_sin_desague":0,"pct_gas_red":22,"pct_gas_garrafa":72,"pct_lena_guano":72,"pct_basura_formal":100,"pct_basura_quema":0,"pct_basura_informal":0,"pct_internet":89,"pct_celular":89,"pct_televisor":78}},{"type":"Feature","geometry":{"type":"Polygon","coordinates":[[[-65.41912,-16.97286],[-65.41909,-16.97278],[-65.41827,-16.97236],[-65.41784,-16.9732],[-65.41865,-16.97362],[-65.41912,-16.97286]]]},"properties":{"n":"VILLA TUNARI","p":46,"personas_x_ha":43,"masculinidad":119,"pct_menor20":41,"pct_60mas":11,"pct_migrante":57,"dependencia_econ":133,"pct_empleados":33,"pct_cuentapropia":56,"pct_agricultura":6,"pct_comercio":28,"pct_manufactura":0,"pct_construccion":6,"pct_transporte":11,"pct_alojamiento":17,"pct_sin_educacion":0,"pct_educ_superior":38,"brecha_educ":-14,"pct_sin_seguro":12,"pct_sus":69,"pct_seguro_privado":0,"brecha_seguro":11,"pct_salud_publica":33,"pct_med_tradicional":5,"pct_automedicacion":22,"pct_remedios_caseros":21,"pct_viv_desocupada":28,"pct_alquiler":36,"pct_electricidad":100,"pct_sin_electricidad":0,"pct_agua_red":91,"pct_alcantarillado":100,"pct_camara_septica":0,"pct_pozo_ciego":0,"pct_sin_desague":0,"pct_gas_red":27,"pct_gas_garrafa":73,"pct_lena_guano":73,"pct_basura_formal":100,"pct_basura_quema":0,"pct_basura_informal":0,"pct_internet":91,"pct_celular":100,"pct_televisor":100}},{"type":"Feature","geometry":{"type":"Polygon","coordinates":[[[-65.42412,-16.97529],[-65.4233,-16.97487],[-65.42277,-16.97586],[-65.42364,-16.97626],[-65.42412,-16.97529]]]},"properties":{"n":"VILLA TUNARI","p":102,"personas_x_ha":82,"masculinidad":79,"pct_menor20":40,"pct_60mas":7,"pct_migrante":84,"dependencia_econ":60,"pct_empleados":35,"pct_cuentapropia":54,"pct_agricultura":0,"pct_comercio":30,"pct_manufactura":3,"pct_construccion":5,"pct_transporte":8,"pct_alojamiento":21,"pct_sin_educacion":3,"pct_educ_superior":39,"brecha_educ":4,"pct_sin_seguro":17,"pct_sus":66,"pct_seguro_privado":1,"brecha_seguro":2,"pct_salud_publica":25,"pct_med_tradicional":13,"pct_automedicacion":19,"pct_remedios_caseros":24,"pct_viv_desocupada":0,"pct_alquiler":31,"pct_electricidad":100,"pct_sin_electricidad":0,"pct_agua_red":97,"pct_alcantarillado":97,"pct_camara_septica":3,"pct_pozo_ciego":0,"pct_sin_desague":0,"pct_gas_red":3,"pct_gas_garrafa":90,"pct_lena_guano":90,"pct_basura_formal":100,"pct_basura_quema":0,"pct_basura_informal":0,"pct_internet":90,"pct_celular":97,"pct_televisor":79}},{"type":"Feature","geometry":{"type":"Polygon","coordinates":[[[-65.42716,-16.9766],[-65.42755,-16.9758],[-65.42678,-16.97543],[-65.42636,-16.97617],[-65.42716,-16.9766]]]},"properties":{"n":"VILLA TUNARI","p":52,"personas_x_ha":54,"masculinidad":79,"pct_menor20":40,"pct_60mas":2,"pct_migrante":65,"dependencia_econ":143,"pct_empleados":29,"pct_cuentapropia":67,"pct_agricultura":14,"pct_comercio":33,"pct_manufactura":0,"pct_construccion":5,"pct_transporte":19,"pct_alojamiento":0,"pct_sin_educacion":0,"pct_educ_superior":50,"brecha_educ":2,"pct_sin_seguro":0,"pct_sus":78,"pct_seguro_privado":0,"brecha_seguro":0,"pct_salud_publica":32,"pct_med_tradicional":6,"pct_automedicacion":22,"pct_remedios_caseros":18,"pct_viv_desocupada":6,"pct_alquiler":56,"pct_electricidad":100,"pct_sin_electricidad":0,"pct_agua_red":100,"pct_alcantarillado":100,"pct_camara_septica":0,"pct_pozo_ciego":0,"pct_sin_desague":0,"pct_gas_red":38,"pct_gas_garrafa":62,"pct_lena_guano":62,"pct_basura_formal":100,"pct_basura_quema":0,"pct_basura_informal":0,"pct_internet":94,"pct_celular":94,"pct_televisor":75}},{"type":"Feature","geometry":{"type":"Polygon","coordinates":[[[-65.43172,-16.98485],[-65.43175,-16.98472],[-65.4309,-16.98298],[-65.43006,-16.98338],[-65.43095,-16.98525],[-65.43172,-16.98485]]]},"properties":{"n":"VILLA TUNARI","p":26,"personas_x_ha":11,"masculinidad":86,"pct_menor20":42,"pct_60mas":0,"pct_migrante":81,"dependencia_econ":100,"pct_empleados":23,"pct_cuentapropia":77,"pct_agricultura":15,"pct_comercio":15,"pct_manufactura":0,"pct_construccion":8,"pct_transporte":15,"pct_alojamiento":0,"pct_sin_educacion":0,"pct_educ_superior":50,"brecha_educ":12,"pct_sin_seguro":16,"pct_sus":60,"pct_seguro_privado":0,"brecha_seguro":4,"pct_salud_publica":23,"pct_med_tradicional":6,"pct_automedicacion":21,"pct_remedios_caseros":24,"pct_viv_desocupada":0,"pct_alquiler":50,"pct_electricidad":100,"pct_sin_electricidad":0,"pct_agua_red":100,"pct_alcantarillado":0,"pct_camara_septica":100,"pct_pozo_ciego":0,"pct_sin_desague":0,"pct_gas_red":38,"pct_gas_garrafa":62,"pct_lena_guano":62,"pct_basura_formal":50,"pct_basura_quema":50,"pct_basura_informal":0,"pct_internet":100,"pct_celular":100,"pct_televisor":88}},{"type":"Feature","geometry":{"type":"Polygon","coordinates":[[[-65.42014,-16.97096],[-65.41933,-16.97052],[-65.4189,-16.97127],[-65.41975,-16.97169],[-65.42014,-16.97096]]]},"properties":{"n":"VILLA TUNARI","p":27,"personas_x_ha":27,"masculinidad":145,"pct_menor20":33,"pct_60mas":0,"pct_migrante":70,"dependencia_econ":42,"pct_empleados":21,"pct_cuentapropia":63,"pct_agricultura":0,"pct_comercio":21,"pct_manufactura":0,"pct_construccion":11,"pct_transporte":5,"pct_alojamiento":5,"pct_sin_educacion":0,"pct_educ_superior":63,"brecha_educ":0,"pct_sin_seguro":11,"pct_sus":85,"pct_seguro_privado":0,"brecha_seguro":19,"pct_salud_publica":36,"pct_med_tradicional":0,"pct_automedicacion":22,"pct_remedios_caseros":17,"pct_viv_desocupada":0,"pct_alquiler":29,"pct_electricidad":100,"pct_sin_electricidad":0,"pct_agua_red":100,"pct_alcantarillado":100,"pct_camara_septica":0,"pct_pozo_ciego":0,"pct_sin_desague":0,"pct_gas_red":14,"pct_gas_garrafa":86,"pct_lena_guano":86,"pct_basura_formal":100,"pct_basura_quema":0,"pct_basura_informal":0,"pct_internet":100,"pct_celular":100,"pct_televisor":86}},{"type":"Feature","geometry":{"type":"Polygon","coordinates":[[[-65.42275,-16.97321],[-65.42092,-16.97225],[-65.42178,-16.97076],[-65.42264,-16.97146],[-65.42347,-16.97189],[-65.42275,-16.97321]]]},"properties":{"n":"VILLA TUNARI","p":23,"personas_x_ha":6,"masculinidad":130,"pct_menor20":39,"pct_60mas":13,"pct_migrante":87,"dependencia_econ":156,"pct_empleados":33,"pct_cuentapropia":56,"pct_agricultura":0,"pct_comercio":0,"pct_manufactura":0,"pct_construccion":33,"pct_transporte":0,"pct_alojamiento":33,"pct_sin_educacion":12,"pct_educ_superior":44,"brecha_educ":5,"pct_sin_seguro":13,"pct_sus":70,"pct_seguro_privado":0,"brecha_seguro":5,"pct_salud_publica":36,"pct_med_tradicional":14,"pct_automedicacion":20,"pct_remedios_caseros":20,"pct_viv_desocupada":0,"pct_alquiler":12,"pct_electricidad":100,"pct_sin_electricidad":0,"pct_agua_red":88,"pct_alcantarillado":100,"pct_camara_septica":0,"pct_pozo_ciego":0,"pct_sin_desague":0,"pct_gas_red":0,"pct_gas_garrafa":75,"pct_lena_guano":75,"pct_basura_formal":88,"pct_basura_quema":12,"pct_basura_informal":0,"pct_internet":75,"pct_celular":88,"pct_televisor":50}},{"type":"Feature","geometry":{"type":"Polygon","coordinates":[[[-65.42206,-16.97438],[-65.42124,-16.97397],[-65.42079,-16.9747],[-65.4217,-16.97515],[-65.42206,-16.97438]]]},"properties":{"n":"VILLA TUNARI","p":42,"personas_x_ha":41,"masculinidad":110,"pct_menor20":24,"pct_60mas":7,"pct_migrante":64,"dependencia_econ":40,"pct_empleados":27,"pct_cuentapropia":60,"pct_agricultura":0,"pct_comercio":27,"pct_manufactura":3,"pct_construccion":7,"pct_transporte":7,"pct_alojamiento":33,"pct_sin_educacion":3,"pct_educ_superior":42,"brecha_educ":-7,"pct_sin_seguro":17,"pct_sus":67,"pct_seguro_privado":0,"brecha_seguro":3,"pct_salud_publica":27,"pct_med_tradicional":7,"pct_automedicacion":19,"pct_remedios_caseros":24,"pct_viv_desocupada":0,"pct_alquiler":57,"pct_electricidad":100,"pct_sin_electricidad":0,"pct_agua_red":93,"pct_alcantarillado":100,"pct_camara_septica":0,"pct_pozo_ciego":0,"pct_sin_desague":0,"pct_gas_red":7,"pct_gas_garrafa":79,"pct_lena_guano":79,"pct_basura_formal":100,"pct_basura_quema":0,"pct_basura_informal":0,"pct_internet":86,"pct_celular":100,"pct_televisor":71}},{"type":"Feature","geometry":{"type":"Polygon","coordinates":[[[-65.42778,-16.97942],[-65.42917,-16.98138],[-65.4299,-16.98103],[-65.42951,-16.98026],[-65.42832,-16.9789],[-65.42778,-16.97942]]]},"properties":{"n":"VILLA TUNARI","p":34,"personas_x_ha":13,"masculinidad":183,"pct_menor20":29,"pct_60mas":0,"pct_migrante":62,"dependencia_econ":62,"pct_empleados":38,"pct_cuentapropia":57,"pct_agricultura":0,"pct_comercio":29,"pct_manufactura":29,"pct_construccion":14,"pct_transporte":14,"pct_alojamiento":0,"pct_sin_educacion":0,"pct_educ_superior":32,"brecha_educ":7,"pct_sin_seguro":0,"pct_sus":90,"pct_seguro_privado":0,"brecha_seguro":0,"pct_salud_publica":35,"pct_med_tradicional":1,"pct_automedicacion":28,"pct_remedios_caseros":18,"pct_viv_desocupada":0,"pct_alquiler":25,"pct_electricidad":100,"pct_sin_electricidad":0,"pct_agua_red":62,"pct_alcantarillado":12,"pct_camara_septica":50,"pct_pozo_ciego":25,"pct_sin_desague":12,"pct_gas_red":12,"pct_gas_garrafa":75,"pct_lena_guano":75,"pct_basura_formal":100,"pct_basura_quema":0,"pct_basura_informal":0,"pct_internet":100,"pct_celular":100,"pct_televisor":25}},{"type":"Feature","geometry":{"type":"Polygon","coordinates":[[[-65.42385,-16.97685],[-65.42359,-16.9767],[-65.42307,-16.97755],[-65.42334,-16.97774],[-65.42385,-16.97685]]]},"properties":{"n":"VILLA TUNARI","p":45,"personas_x_ha":116,"masculinidad":80,"pct_menor20":29,"pct_60mas":11,"pct_migrante":69,"dependencia_econ":67,"pct_empleados":30,"pct_cuentapropia":37,"pct_agricultura":0,"pct_comercio":15,"pct_manufactura":19,"pct_construccion":4,"pct_transporte":7,"pct_alojamiento":48,"pct_sin_educacion":6,"pct_educ_superior":36,"brecha_educ":-25,"pct_sin_seguro":2,"pct_sus":78,"pct_seguro_privado":9,"brecha_seguro":5,"pct_salud_publica":43,"pct_med_tradicional":2,"pct_automedicacion":15,"pct_remedios_caseros":24,"pct_viv_desocupada":0,"pct_alquiler":44,"pct_electricidad":100,"pct_sin_electricidad":0,"pct_agua_red":94,"pct_alcantarillado":94,"pct_camara_septica":6,"pct_pozo_ciego":0,"pct_sin_desague":0,"pct_gas_red":19,"pct_gas_garrafa":81,"pct_lena_guano":81,"pct_basura_formal":100,"pct_basura_quema":0,"pct_basura_informal":0,"pct_internet":88,"pct_celular":100,"pct_televisor":88}},{"type":"Feature","geometry":{"type":"Polygon","coordinates":[[[-65.42942,-16.97537],[-65.42845,-16.97611],[-65.42915,-16.97657],[-65.42964,-16.97709],[-65.43028,-16.97667],[-65.43005,-16.97528],[-65.43013,-16.97488],[-65.42891,-16.97371],[-65.4283,-16.97478],[-65.42942,-16.97537]]]},"properties":{"n":"VILLA TUNARI","p":23,"personas_x_ha":5,"masculinidad":130,"pct_menor20":48,"pct_60mas":4,"pct_migrante":65,"dependencia_econ":130,"pct_empleados":30,"pct_cuentapropia":60,"pct_agricultura":10,"pct_comercio":20,"pct_manufactura":10,"pct_construccion":30,"pct_transporte":0,"pct_alojamiento":0,"pct_sin_educacion":0,"pct_educ_superior":33,"brecha_educ":-66,"pct_sin_seguro":0,"pct_sus":100,"pct_seguro_privado":0,"brecha_seguro":0,"pct_salud_publica":26,"pct_med_tradicional":16,"pct_automedicacion":23,"pct_remedios_caseros":23,"pct_viv_desocupada":0,"pct_alquiler":17,"pct_electricidad":100,"pct_sin_electricidad":0,"pct_agua_red":100,"pct_alcantarillado":100,"pct_camara_septica":0,"pct_pozo_ciego":0,"pct_sin_desague":0,"pct_gas_red":33,"pct_gas_garrafa":67,"pct_lena_guano":67,"pct_basura_formal":83,"pct_basura_quema":17,"pct_basura_informal":0,"pct_internet":33,"pct_celular":100,"pct_televisor":67}},{"type":"Feature","geometry":{"type":"Polygon","coordinates":[[[-65.41607,-16.97133],[-65.41543,-16.97095],[-65.41488,-16.9717],[-65.41565,-16.97209],[-65.41607,-16.97133]]]},"properties":{"n":"VILLA TUNARI","p":61,"personas_x_ha":70,"masculinidad":118,"pct_menor20":25,"pct_60mas":15,"pct_migrante":75,"dependencia_econ":65,"pct_empleados":51,"pct_cuentapropia":24,"pct_agricultura":0,"pct_comercio":27,"pct_manufactura":8,"pct_construccion":3,"pct_transporte":3,"pct_alojamiento":19,"pct_sin_educacion":4,"pct_educ_superior":40,"brecha_educ":-15,"pct_sin_seguro":22,"pct_sus":62,"pct_seguro_privado":2,"brecha_seguro":-8,"pct_salud_publica":27,"pct_med_tradicional":9,"pct_automedicacion":21,"pct_remedios_caseros":22,"pct_viv_desocupada":0,"pct_alquiler":30,"pct_electricidad":100,"pct_sin_electricidad":0,"pct_agua_red":90,"pct_alcantarillado":90,"pct_camara_septica":10,"pct_pozo_ciego":0,"pct_sin_desague":0,"pct_gas_red":30,"pct_gas_garrafa":70,"pct_lena_guano":70,"pct_basura_formal":100,"pct_basura_quema":0,"pct_basura_informal":0,"pct_internet":95,"pct_celular":95,"pct_televisor":75}},{"type":"Feature","geometry":{"type":"Polygon","coordinates":[[[-65.42312,-16.97481],[-65.42227,-16.97437],[-65.42175,-16.97543],[-65.4226,-16.97578],[-65.42312,-16.97481]]]},"properties":{"n":"VILLA TUNARI","p":90,"personas_x_ha":70,"masculinidad":105,"pct_menor20":27,"pct_60mas":14,"pct_migrante":68,"dependencia_econ":37,"pct_empleados":35,"pct_cuentapropia":48,"pct_agricultura":3,"pct_comercio":32,"pct_manufactura":2,"pct_construccion":3,"pct_transporte":3,"pct_alojamiento":15,"pct_sin_educacion":3,"pct_educ_superior":42,"brecha_educ":3,"pct_sin_seguro":19,"pct_sus":69,"pct_seguro_privado":0,"brecha_seguro":1,"pct_salud_publica":28,"pct_med_tradicional":8,"pct_automedicacion":17,"pct_remedios_caseros":22,"pct_viv_desocupada":0,"pct_alquiler":42,"pct_electricidad":100,"pct_sin_electricidad":0,"pct_agua_red":79,"pct_alcantarillado":100,"pct_camara_septica":0,"pct_pozo_ciego":0,"pct_sin_desague":0,"pct_gas_red":5,"pct_gas_garrafa":79,"pct_lena_guano":79,"pct_basura_formal":100,"pct_basura_quema":0,"pct_basura_informal":0,"pct_internet":79,"pct_celular":95,"pct_televisor":84}},{"type":"Feature","geometry":{"type":"Polygon","coordinates":[[[-65.41822,-16.97214],[-65.41862,-16.97136],[-65.41778,-16.97096],[-65.41736,-16.97174],[-65.41822,-16.97214]]]},"properties":{"n":"VILLA TUNARI","p":62,"personas_x_ha":62,"masculinidad":114,"pct_menor20":42,"pct_60mas":5,"pct_migrante":71,"dependencia_econ":68,"pct_empleados":51,"pct_cuentapropia":32,"pct_agricultura":0,"pct_comercio":11,"pct_manufactura":19,"pct_construccion":8,"pct_transporte":0,"pct_alojamiento":14,"pct_sin_educacion":0,"pct_educ_superior":47,"brecha_educ":-10,"pct_sin_seguro":2,"pct_sus":63,"pct_seguro_privado":0,"brecha_seguro":-4,"pct_salud_publica":29,"pct_med_tradicional":10,"pct_automedicacion":22,"pct_remedios_caseros":21,"pct_viv_desocupada":8,"pct_alquiler":68,"pct_electricidad":100,"pct_sin_electricidad":0,"pct_agua_red":79,"pct_alcantarillado":100,"pct_camara_septica":0,"pct_pozo_ciego":0,"pct_sin_desague":0,"pct_gas_red":16,"pct_gas_garrafa":84,"pct_lena_guano":84,"pct_basura_formal":100,"pct_basura_quema":0,"pct_basura_informal":0,"pct_internet":74,"pct_celular":84,"pct_televisor":63}},{"type":"Feature","geometry":{"type":"Polygon","coordinates":[[[-65.42914,-16.97537],[-65.42823,-16.97495],[-65.42781,-16.97575],[-65.42838,-16.976],[-65.42914,-16.97537]]]},"properties":{"n":"VILLA TUNARI","p":42,"personas_x_ha":46,"masculinidad":121,"pct_menor20":40,"pct_60mas":2,"pct_migrante":38,"dependencia_econ":110,"pct_empleados":25,"pct_cuentapropia":70,"pct_agricultura":20,"pct_comercio":0,"pct_manufactura":10,"pct_construccion":25,"pct_transporte":5,"pct_alojamiento":10,"pct_sin_educacion":8,"pct_educ_superior":36,"brecha_educ":-19,"pct_sin_seguro":0,"pct_sus":76,"pct_seguro_privado":17,"brecha_seguro":0,"pct_salud_publica":24,"pct_med_tradicional":12,"pct_automedicacion":22,"pct_remedios_caseros":21,"pct_viv_desocupada":12,"pct_alquiler":15,"pct_electricidad":100,"pct_sin_electricidad":0,"pct_agua_red":62,"pct_alcantarillado":46,"pct_camara_septica":8,"pct_pozo_ciego":46,"pct_sin_desague":0,"pct_gas_red":15,"pct_gas_garrafa":85,"pct_lena_guano":85,"pct_basura_formal":85,"pct_basura_quema":15,"pct_basura_informal":0,"pct_internet":69,"pct_celular":85,"pct_televisor":54}},{"type":"Feature","geometry":{"type":"Polygon","coordinates":[[[-65.42646,-16.98053],[-65.42549,-16.97918],[-65.42453,-16.98015],[-65.42513,-16.98102],[-65.42583,-16.98086],[-65.42646,-16.98053]]]},"properties":{"n":"VILLA TUNARI","p":35,"personas_x_ha":15,"masculinidad":75,"pct_menor20":37,"pct_60mas":11,"pct_migrante":60,"dependencia_econ":94,"pct_empleados":11,"pct_cuentapropia":17,"pct_agricultura":22,"pct_comercio":6,"pct_manufactura":0,"pct_construccion":28,"pct_transporte":6,"pct_alojamiento":11,"pct_sin_educacion":9,"pct_educ_superior":23,"brecha_educ":13,"pct_sin_seguro":9,"pct_sus":91,"pct_seguro_privado":0,"brecha_seguro":8,"pct_salud_publica":45,"pct_med_tradicional":12,"pct_automedicacion":12,"pct_remedios_caseros":23,"pct_viv_desocupada":17,"pct_alquiler":10,"pct_electricidad":90,"pct_sin_electricidad":10,"pct_agua_red":70,"pct_alcantarillado":60,"pct_camara_septica":30,"pct_pozo_ciego":0,"pct_sin_desague":10,"pct_gas_red":10,"pct_gas_garrafa":70,"pct_lena_guano":70,"pct_basura_formal":60,"pct_basura_quema":40,"pct_basura_informal":0,"pct_internet":70,"pct_celular":90,"pct_televisor":60}},{"type":"Feature","geometry":{"type":"Polygon","coordinates":[[[-65.41621,-16.97338],[-65.41656,-16.97276],[-65.41569,-16.97234],[-65.41533,-16.97299],[-65.41621,-16.97338]]]},"properties":{"n":"VILLA TUNARI","p":21,"personas_x_ha":25,"masculinidad":50,"pct_menor20":38,"pct_60mas":24,"pct_migrante":76,"dependencia_econ":110,"pct_empleados":20,"pct_cuentapropia":50,"pct_agricultura":10,"pct_comercio":30,"pct_manufactura":0,"pct_construccion":0,"pct_transporte":10,"pct_alojamiento":20,"pct_sin_educacion":8,"pct_educ_superior":38,"brecha_educ":-29,"pct_sin_seguro":10,"pct_sus":90,"pct_seguro_privado":0,"brecha_seguro":29,"pct_salud_publica":28,"pct_med_tradicional":14,"pct_automedicacion":23,"pct_remedios_caseros":23,"pct_viv_desocupada":0,"pct_alquiler":67,"pct_electricidad":100,"pct_sin_electricidad":0,"pct_agua_red":100,"pct_alcantarillado":100,"pct_camara_septica":0,"pct_pozo_ciego":0,"pct_sin_desague":0,"pct_gas_red":22,"pct_gas_garrafa":67,"pct_lena_guano":67,"pct_basura_formal":100,"pct_basura_quema":0,"pct_basura_informal":0,"pct_internet":78,"pct_celular":78,"pct_televisor":78}},{"type":"Feature","geometry":{"type":"Polygon","coordinates":[[[-65.42675,-16.97906],[-65.426,-16.97964],[-65.42657,-16.98042],[-65.42665,-16.98042],[-65.42731,-16.97969],[-65.42675,-16.97906]]]},"properties":{"n":"VILLA TUNARI","p":30,"personas_x_ha":27,"masculinidad":114,"pct_menor20":43,"pct_60mas":3,"pct_migrante":30,"dependencia_econ":67,"pct_empleados":56,"pct_cuentapropia":39,"pct_agricultura":6,"pct_comercio":28,"pct_manufactura":0,"pct_construccion":6,"pct_transporte":11,"pct_alojamiento":17,"pct_sin_educacion":0,"pct_educ_superior":22,"brecha_educ":-8,"pct_sin_seguro":0,"pct_sus":77,"pct_seguro_privado":13,"brecha_seguro":0,"pct_salud_publica":18,"pct_med_tradicional":10,"pct_automedicacion":18,"pct_remedios_caseros":18,"pct_viv_desocupada":8,"pct_alquiler":17,"pct_electricidad":100,"pct_sin_electricidad":0,"pct_agua_red":83,"pct_alcantarillado":75,"pct_camara_septica":17,"pct_pozo_ciego":8,"pct_sin_desague":0,"pct_gas_red":25,"pct_gas_garrafa":75,"pct_lena_guano":75,"pct_basura_formal":83,"pct_basura_quema":17,"pct_basura_informal":0,"pct_internet":100,"pct_celular":100,"pct_televisor":92}},{"type":"Feature","geometry":{"type":"Polygon","coordinates":[[[-65.4196,-16.9743],[-65.41871,-16.97384],[-65.41852,-16.97423],[-65.41867,-16.97429],[-65.4187,-16.97424],[-65.41947,-16.97457],[-65.4196,-16.9743]]]},"properties":{"n":"VILLA TUNARI","p":23,"personas_x_ha":56,"masculinidad":92,"pct_menor20":43,"pct_60mas":4,"pct_migrante":65,"dependencia_econ":53,"pct_empleados":20,"pct_cuentapropia":40,"pct_agricultura":7,"pct_comercio":60,"pct_manufactura":0,"pct_construccion":0,"pct_transporte":0,"pct_alojamiento":27,"pct_sin_educacion":0,"pct_educ_superior":38,"brecha_educ":-25,"pct_sin_seguro":22,"pct_sus":61,"pct_seguro_privado":0,"brecha_seguro":11,"pct_salud_publica":27,"pct_med_tradicional":7,"pct_automedicacion":26,"pct_remedios_caseros":24,"pct_viv_desocupada":10,"pct_alquiler":62,"pct_electricidad":100,"pct_sin_electricidad":0,"pct_agua_red":88,"pct_alcantarillado":100,"pct_camara_septica":0,"pct_pozo_ciego":0,"pct_sin_desague":0,"pct_gas_red":12,"pct_gas_garrafa":88,"pct_lena_guano":88,"pct_basura_formal":100,"pct_basura_quema":0,"pct_basura_informal":0,"pct_internet":88,"pct_celular":100,"pct_televisor":100}},{"type":"Feature","geometry":{"type":"Polygon","coordinates":[[[-65.41813,-16.9699],[-65.418,-16.96985],[-65.41767,-16.96992],[-65.41702,-16.9703],[-65.41771,-16.97066],[-65.41813,-16.9699]]]},"properties":{"n":"VILLA TUNARI","p":20,"personas_x_ha":36,"masculinidad":100,"pct_menor20":40,"pct_60mas":10,"pct_migrante":35,"dependencia_econ":122,"pct_empleados":33,"pct_cuentapropia":56,"pct_agricultura":0,"pct_comercio":22,"pct_manufactura":11,"pct_construccion":0,"pct_transporte":33,"pct_alojamiento":11,"pct_sin_educacion":0,"pct_educ_superior":25,"brecha_educ":11,"pct_sin_seguro":0,"pct_sus":100,"pct_seguro_privado":0,"brecha_seguro":0,"pct_salud_publica":32,"pct_med_tradicional":0,"pct_automedicacion":31,"pct_remedios_caseros":31,"pct_viv_desocupada":50,"pct_alquiler":0,"pct_electricidad":75,"pct_sin_electricidad":0,"pct_agua_red":100,"pct_alcantarillado":100,"pct_camara_septica":0,"pct_pozo_ciego":0,"pct_sin_desague":0,"pct_gas_red":25,"pct_gas_garrafa":75,"pct_lena_guano":75,"pct_basura_formal":100,"pct_basura_quema":0,"pct_basura_informal":0,"pct_internet":100,"pct_celular":100,"pct_televisor":50}},{"type":"Feature","geometry":{"type":"Polygon","coordinates":[[[-65.42262,-16.9734],[-65.4218,-16.97296],[-65.42139,-16.97371],[-65.42223,-16.97415],[-65.42262,-16.9734]]]},"properties":{"n":"VILLA TUNARI","p":55,"personas_x_ha":57,"masculinidad":90,"pct_menor20":31,"pct_60mas":7,"pct_migrante":69,"dependencia_econ":200,"pct_empleados":28,"pct_cuentapropia":56,"pct_agricultura":0,"pct_comercio":22,"pct_manufactura":6,"pct_construccion":22,"pct_transporte":6,"pct_alojamiento":22,"pct_sin_educacion":0,"pct_educ_superior":54,"brecha_educ":1,"pct_sin_seguro":35,"pct_sus":61,"pct_seguro_privado":4,"brecha_seguro":2,"pct_salud_publica":28,"pct_med_tradicional":12,"pct_automedicacion":24,"pct_remedios_caseros":23,"pct_viv_desocupada":5,"pct_alquiler":35,"pct_electricidad":100,"pct_sin_electricidad":0,"pct_agua_red":100,"pct_alcantarillado":100,"pct_camara_septica":0,"pct_pozo_ciego":0,"pct_sin_desague":0,"pct_gas_red":6,"pct_gas_garrafa":82,"pct_lena_guano":82,"pct_basura_formal":100,"pct_basura_quema":0,"pct_basura_informal":0,"pct_internet":100,"pct_celular":100,"pct_televisor":71}},{"type":"Feature","geometry":{"type":"Polygon","coordinates":[[[-65.41424,-16.97263],[-65.41445,-16.97213],[-65.41491,-16.97141],[-65.41535,-16.97091],[-65.41497,-16.97052],[-65.41459,-16.97076],[-65.41423,-16.97131],[-65.41373,-16.97239],[-65.41424,-16.97263]]]},"properties":{"n":"VILLA TUNARI","p":70,"personas_x_ha":46,"masculinidad":94,"pct_menor20":37,"pct_60mas":13,"pct_migrante":56,"dependencia_econ":75,"pct_empleados":42,"pct_cuentapropia":52,"pct_agricultura":2,"pct_comercio":18,"pct_manufactura":12,"pct_construccion":10,"pct_transporte":5,"pct_alojamiento":12,"pct_sin_educacion":2,"pct_educ_superior":42,"brecha_educ":-8,"pct_sin_seguro":3,"pct_sus":80,"pct_seguro_privado":0,"brecha_seguro":0,"pct_salud_publica":31,"pct_med_tradicional":11,"pct_automedicacion":23,"pct_remedios_caseros":22,"pct_viv_desocupada":8,"pct_alquiler":43,"pct_electricidad":100,"pct_sin_electricidad":0,"pct_agua_red":74,"pct_alcantarillado":70,"pct_camara_septica":4,"pct_pozo_ciego":0,"pct_sin_desague":0,"pct_gas_red":9,"pct_gas_garrafa":87,"pct_lena_guano":87,"pct_basura_formal":100,"pct_basura_quema":0,"pct_basura_informal":0,"pct_internet":96,"pct_celular":96,"pct_televisor":65}},{"type":"Feature","geometry":{"type":"Polygon","coordinates":[[[-65.41755,-16.97327],[-65.41669,-16.97285],[-65.41638,-16.97339],[-65.41729,-16.97375],[-65.41755,-16.97327]]]},"properties":{"n":"VILLA TUNARI","p":63,"personas_x_ha":91,"masculinidad":97,"pct_menor20":25,"pct_60mas":6,"pct_migrante":63,"dependencia_econ":57,"pct_empleados":40,"pct_cuentapropia":40,"pct_agricultura":5,"pct_comercio":15,"pct_manufactura":12,"pct_construccion":8,"pct_transporte":8,"pct_alojamiento":20,"pct_sin_educacion":0,"pct_educ_superior":51,"brecha_educ":0,"pct_sin_seguro":21,"pct_sus":65,"pct_seguro_privado":0,"brecha_seguro":11,"pct_salud_publica":32,"pct_med_tradicional":8,"pct_automedicacion":20,"pct_remedios_caseros":18,"pct_viv_desocupada":23,"pct_alquiler":52,"pct_electricidad":100,"pct_sin_electricidad":0,"pct_agua_red":83,"pct_alcantarillado":100,"pct_camara_septica":0,"pct_pozo_ciego":0,"pct_sin_desague":0,"pct_gas_red":22,"pct_gas_garrafa":65,"pct_lena_guano":65,"pct_basura_formal":100,"pct_basura_quema":0,"pct_basura_informal":0,"pct_internet":91,"pct_celular":96,"pct_televisor":74}},{"type":"Feature","geometry":{"type":"Polygon","coordinates":[[[-65.43261,-16.98335],[-65.43208,-16.98247],[-65.43108,-16.98291],[-65.43156,-16.98382],[-65.43261,-16.98335]]]},"properties":{"n":"VILLA TUNARI","p":15,"personas_x_ha":11,"masculinidad":275,"pct_menor20":40,"pct_60mas":7,"pct_migrante":73,"dependencia_econ":88,"pct_empleados":38,"pct_cuentapropia":50,"pct_agricultura":0,"pct_comercio":25,"pct_manufactura":0,"pct_construccion":25,"pct_transporte":12,"pct_alojamiento":12,"pct_sin_educacion":11,"pct_educ_superior":22,"brecha_educ":-30,"pct_sin_seguro":13,"pct_sus":73,"pct_seguro_privado":0,"brecha_seguro":18,"pct_salud_publica":33,"pct_med_tradicional":2,"pct_automedicacion":29,"pct_remedios_caseros":29,"pct_viv_desocupada":0,"pct_alquiler":67,"pct_electricidad":100,"pct_sin_electricidad":0,"pct_agua_red":83,"pct_alcantarillado":0,"pct_camara_septica":50,"pct_pozo_ciego":0,"pct_sin_desague":0,"pct_gas_red":0,"pct_gas_garrafa":83,"pct_lena_guano":83,"pct_basura_formal":17,"pct_basura_quema":50,"pct_basura_informal":33,"pct_internet":83,"pct_celular":83,"pct_televisor":50}},{"type":"Feature","geometry":{"type":"Polygon","coordinates":[[[-65.42609,-16.97628],[-65.4253,-16.97589],[-65.4248,-16.97684],[-65.42483,-16.97697],[-65.42546,-16.9774],[-65.42609,-16.97628]]]},"properties":{"n":"VILLA TUNARI","p":59,"personas_x_ha":46,"masculinidad":119,"pct_menor20":39,"pct_60mas":10,"pct_migrante":59,"dependencia_econ":90,"pct_empleados":16,"pct_cuentapropia":45,"pct_agricultura":3,"pct_comercio":23,"pct_manufactura":6,"pct_construccion":0,"pct_transporte":13,"pct_alojamiento":26,"pct_sin_educacion":8,"pct_educ_superior":33,"brecha_educ":-14,"pct_sin_seguro":10,"pct_sus":78,"pct_seguro_privado":0,"brecha_seguro":12,"pct_salud_publica":29,"pct_med_tradicional":11,"pct_automedicacion":23,"pct_remedios_caseros":17,"pct_viv_desocupada":0,"pct_alquiler":53,"pct_electricidad":94,"pct_sin_electricidad":6,"pct_agua_red":88,"pct_alcantarillado":88,"pct_camara_septica":0,"pct_pozo_ciego":0,"pct_sin_desague":12,"pct_gas_red":29,"pct_gas_garrafa":65,"pct_lena_guano":65,"pct_basura_formal":100,"pct_basura_quema":0,"pct_basura_informal":0,"pct_internet":94,"pct_celular":100,"pct_televisor":65}},{"type":"Feature","geometry":{"type":"Polygon","coordinates":[[[-65.42707,-16.97677],[-65.42624,-16.97634],[-65.42562,-16.97745],[-65.42638,-16.97808],[-65.42707,-16.97677]]]},"properties":{"n":"VILLA TUNARI","p":55,"personas_x_ha":35,"masculinidad":120,"pct_menor20":36,"pct_60mas":5,"pct_migrante":58,"dependencia_econ":83,"pct_empleados":47,"pct_cuentapropia":33,"pct_agricultura":0,"pct_comercio":33,"pct_manufactura":3,"pct_construccion":13,"pct_transporte":7,"pct_alojamiento":3,"pct_sin_educacion":0,"pct_educ_superior":53,"brecha_educ":-9,"pct_sin_seguro":13,"pct_sus":69,"pct_seguro_privado":0,"brecha_seguro":16,"pct_salud_publica":22,"pct_med_tradicional":9,"pct_automedicacion":23,"pct_remedios_caseros":26,"pct_viv_desocupada":0,"pct_alquiler":31,"pct_electricidad":100,"pct_sin_electricidad":0,"pct_agua_red":75,"pct_alcantarillado":100,"pct_camara_septica":0,"pct_pozo_ciego":0,"pct_sin_desague":0,"pct_gas_red":44,"pct_gas_garrafa":31,"pct_lena_guano":31,"pct_basura_formal":100,"pct_basura_quema":0,"pct_basura_informal":0,"pct_internet":88,"pct_celular":94,"pct_televisor":81}},{"type":"Feature","geometry":{"type":"Polygon","coordinates":[[[-65.43125,-16.98686],[-65.43076,-16.98589],[-65.42988,-16.98632],[-65.43022,-16.98702],[-65.43027,-16.98729],[-65.42983,-16.9876],[-65.43007,-16.98805],[-65.43137,-16.98727],[-65.43125,-16.98686]]]},"properties":{"n":"VILLA TUNARI","p":36,"personas_x_ha":16,"masculinidad":125,"pct_menor20":31,"pct_60mas":3,"pct_migrante":53,"dependencia_econ":44,"pct_empleados":24,"pct_cuentapropia":64,"pct_agricultura":4,"pct_comercio":36,"pct_manufactura":8,"pct_construccion":12,"pct_transporte":20,"pct_alojamiento":8,"pct_sin_educacion":0,"pct_educ_superior":20,"brecha_educ":-38,"pct_sin_seguro":0,"pct_sus":97,"pct_seguro_privado":0,"brecha_seguro":0,"pct_salud_publica":29,"pct_med_tradicional":11,"pct_automedicacion":25,"pct_remedios_caseros":23,"pct_viv_desocupada":0,"pct_alquiler":23,"pct_electricidad":100,"pct_sin_electricidad":0,"pct_agua_red":100,"pct_alcantarillado":23,"pct_camara_septica":62,"pct_pozo_ciego":15,"pct_sin_desague":0,"pct_gas_red":15,"pct_gas_garrafa":85,"pct_lena_guano":85,"pct_basura_formal":69,"pct_basura_quema":31,"pct_basura_informal":0,"pct_internet":77,"pct_celular":77,"pct_televisor":54}},{"type":"Feature","geometry":{"type":"Polygon","coordinates":[[[-65.43179,-16.98819],[-65.43142,-16.98739],[-65.42999,-16.98825],[-65.43028,-16.98888],[-65.43179,-16.98819]]]},"properties":{"n":"VILLA TUNARI","p":39,"personas_x_ha":25,"masculinidad":117,"pct_menor20":28,"pct_60mas":3,"pct_migrante":77,"dependencia_econ":56,"pct_empleados":24,"pct_cuentapropia":68,"pct_agricultura":4,"pct_comercio":48,"pct_manufactura":4,"pct_construccion":0,"pct_transporte":24,"pct_alojamiento":4,"pct_sin_educacion":3,"pct_educ_superior":23,"brecha_educ":-37,"pct_sin_seguro":29,"pct_sus":50,"pct_seguro_privado":11,"brecha_seguro":20,"pct_salud_publica":18,"pct_med_tradicional":14,"pct_automedicacion":24,"pct_remedios_caseros":20,"pct_viv_desocupada":0,"pct_alquiler":24,"pct_electricidad":94,"pct_sin_electricidad":0,"pct_agua_red":76,"pct_alcantarillado":12,"pct_camara_septica":47,"pct_pozo_ciego":41,"pct_sin_desague":0,"pct_gas_red":29,"pct_gas_garrafa":71,"pct_lena_guano":71,"pct_basura_formal":82,"pct_basura_quema":18,"pct_basura_informal":0,"pct_internet":88,"pct_celular":94,"pct_televisor":65}},{"type":"Feature","geometry":{"type":"Polygon","coordinates":[[[-65.78264,-16.47473],[-65.7819,-16.4741],[-65.7812,-16.47464],[-65.78191,-16.47526],[-65.78264,-16.47473]]]},"properties":{"n":"VILLA URKUPIÑA","p":31,"personas_x_ha":31,"masculinidad":107,"pct_menor20":42,"pct_60mas":3,"pct_migrante":74,"dependencia_econ":121,"pct_empleados":29,"pct_cuentapropia":57,"pct_agricultura":79,"pct_comercio":0,"pct_manufactura":0,"pct_construccion":14,"pct_transporte":0,"pct_alojamiento":0,"pct_sin_educacion":11,"pct_educ_superior":0,"brecha_educ":-25,"pct_sin_seguro":13,"pct_sus":87,"pct_seguro_privado":0,"brecha_seguro":12,"pct_salud_publica":25,"pct_med_tradicional":15,"pct_automedicacion":21,"pct_remedios_caseros":20,"pct_viv_desocupada":0,"pct_alquiler":10,"pct_electricidad":100,"pct_sin_electricidad":0,"pct_agua_red":10,"pct_alcantarillado":30,"pct_camara_septica":0,"pct_pozo_ciego":70,"pct_sin_desague":0,"pct_gas_red":0,"pct_gas_garrafa":90,"pct_lena_guano":90,"pct_basura_formal":0,"pct_basura_quema":70,"pct_basura_informal":40,"pct_internet":70,"pct_celular":80,"pct_televisor":60}},{"type":"Feature","geometry":{"type":"Polygon","coordinates":[[[-65.78178,-16.47532],[-65.78107,-16.47471],[-65.78035,-16.47528],[-65.78105,-16.47589],[-65.78178,-16.47532]]]},"properties":{"n":"VILLA URKUPIÑA","p":60,"personas_x_ha":60,"masculinidad":114,"pct_menor20":32,"pct_60mas":10,"pct_migrante":75,"dependencia_econ":57,"pct_empleados":11,"pct_cuentapropia":76,"pct_agricultura":68,"pct_comercio":16,"pct_manufactura":0,"pct_construccion":0,"pct_transporte":3,"pct_alojamiento":5,"pct_sin_educacion":8,"pct_educ_superior":0,"brecha_educ":-5,"pct_sin_seguro":2,"pct_sus":97,"pct_seguro_privado":0,"brecha_seguro":3,"pct_salud_publica":27,"pct_med_tradicional":15,"pct_automedicacion":20,"pct_remedios_caseros":22,"pct_viv_desocupada":0,"pct_alquiler":0,"pct_electricidad":100,"pct_sin_electricidad":0,"pct_agua_red":0,"pct_alcantarillado":18,"pct_camara_septica":12,"pct_pozo_ciego":71,"pct_sin_desague":0,"pct_gas_red":0,"pct_gas_garrafa":100,"pct_lena_guano":100,"pct_basura_formal":12,"pct_basura_quema":71,"pct_basura_informal":24,"pct_internet":76,"pct_celular":100,"pct_televisor":65}},{"type":"Feature","geometry":{"type":"Polygon","coordinates":[[[-65.77666,-16.47648],[-65.77675,-16.47671],[-65.77796,-16.47621],[-65.77788,-16.47602],[-65.77666,-16.47648]]]},"properties":{"n":"VILLA URKUPIÑA","p":22,"personas_x_ha":58,"masculinidad":57,"pct_menor20":55,"pct_60mas":0,"pct_migrante":64,"dependencia_econ":100,"pct_empleados":0,"pct_cuentapropia":73,"pct_agricultura":91,"pct_comercio":0,"pct_manufactura":0,"pct_construccion":0,"pct_transporte":0,"pct_alojamiento":9,"pct_sin_educacion":20,"pct_educ_superior":0,"brecha_educ":-8,"pct_sin_seguro":5,"pct_sus":95,"pct_seguro_privado":0,"brecha_seguro":12,"pct_salud_publica":23,"pct_med_tradicional":13,"pct_automedicacion":18,"pct_remedios_caseros":15,"pct_viv_desocupada":0,"pct_alquiler":33,"pct_electricidad":100,"pct_sin_electricidad":0,"pct_agua_red":0,"pct_alcantarillado":0,"pct_camara_septica":0,"pct_pozo_ciego":100,"pct_sin_desague":0,"pct_gas_red":0,"pct_gas_garrafa":100,"pct_lena_guano":100,"pct_basura_formal":0,"pct_basura_quema":100,"pct_basura_informal":0,"pct_internet":33,"pct_celular":83,"pct_televisor":83}},{"type":"Feature","geometry":{"type":"Polygon","coordinates":[[[-65.78109,-16.47337],[-65.7803,-16.47396],[-65.78101,-16.47452],[-65.78177,-16.47398],[-65.78109,-16.47337]]]},"properties":{"n":"VILLA URKUPIÑA","p":20,"personas_x_ha":20,"masculinidad":82,"pct_menor20":30,"pct_60mas":0,"pct_migrante":90,"dependencia_econ":43,"pct_empleados":7,"pct_cuentapropia":79,"pct_agricultura":86,"pct_comercio":0,"pct_manufactura":7,"pct_construccion":0,"pct_transporte":0,"pct_alojamiento":0,"pct_sin_educacion":7,"pct_educ_superior":14,"brecha_educ":-29,"pct_sin_seguro":0,"pct_sus":100,"pct_seguro_privado":0,"brecha_seguro":0,"pct_salud_publica":21,"pct_med_tradicional":20,"pct_automedicacion":16,"pct_remedios_caseros":21,"pct_viv_desocupada":0,"pct_alquiler":0,"pct_electricidad":86,"pct_sin_electricidad":14,"pct_agua_red":0,"pct_alcantarillado":0,"pct_camara_septica":0,"pct_pozo_ciego":86,"pct_sin_desague":14,"pct_gas_red":0,"pct_gas_garrafa":100,"pct_lena_guano":100,"pct_basura_formal":0,"pct_basura_quema":100,"pct_basura_informal":0,"pct_internet":71,"pct_celular":100,"pct_televisor":57}},{"type":"Feature","geometry":{"type":"Polygon","coordinates":[[[-65.78342,-16.47978],[-65.78373,-16.4796],[-65.78331,-16.47914],[-65.78401,-16.4785],[-65.78367,-16.47796],[-65.78238,-16.47861],[-65.78342,-16.47978]]]},"properties":{"n":"VILLA URKUPIÑA","p":37,"personas_x_ha":23,"masculinidad":118,"pct_menor20":51,"pct_60mas":0,"pct_migrante":68,"dependencia_econ":131,"pct_empleados":6,"pct_cuentapropia":38,"pct_agricultura":81,"pct_comercio":0,"pct_manufactura":0,"pct_construccion":0,"pct_transporte":0,"pct_alojamiento":6,"pct_sin_educacion":6,"pct_educ_superior":0,"brecha_educ":11,"pct_sin_seguro":3,"pct_sus":97,"pct_seguro_privado":0,"brecha_seguro":-6,"pct_salud_publica":24,"pct_med_tradicional":13,"pct_automedicacion":14,"pct_remedios_caseros":19,"pct_viv_desocupada":0,"pct_alquiler":0,"pct_electricidad":88,"pct_sin_electricidad":0,"pct_agua_red":0,"pct_alcantarillado":0,"pct_camara_septica":0,"pct_pozo_ciego":75,"pct_sin_desague":25,"pct_gas_red":0,"pct_gas_garrafa":100,"pct_lena_guano":100,"pct_basura_formal":0,"pct_basura_quema":100,"pct_basura_informal":0,"pct_internet":88,"pct_celular":100,"pct_televisor":38}},{"type":"Feature","geometry":{"type":"Polygon","coordinates":[[[-65.78189,-16.47815],[-65.7817,-16.47825],[-65.78198,-16.47872],[-65.78255,-16.47932],[-65.78274,-16.47919],[-65.78189,-16.47815]]]},"properties":{"n":"VILLA URKUPIÑA","p":31,"personas_x_ha":81,"masculinidad":82,"pct_menor20":52,"pct_60mas":3,"pct_migrante":65,"dependencia_econ":94,"pct_empleados":6,"pct_cuentapropia":81,"pct_agricultura":44,"pct_comercio":19,"pct_manufactura":0,"pct_construccion":0,"pct_transporte":0,"pct_alojamiento":0,"pct_sin_educacion":6,"pct_educ_superior":0,"brecha_educ":2,"pct_sin_seguro":6,"pct_sus":77,"pct_seguro_privado":0,"brecha_seguro":1,"pct_salud_publica":22,"pct_med_tradicional":10,"pct_automedicacion":24,"pct_remedios_caseros":22,"pct_viv_desocupada":0,"pct_alquiler":0,"pct_electricidad":100,"pct_sin_electricidad":0,"pct_agua_red":0,"pct_alcantarillado":11,"pct_camara_septica":0,"pct_pozo_ciego":89,"pct_sin_desague":0,"pct_gas_red":0,"pct_gas_garrafa":100,"pct_lena_guano":100,"pct_basura_formal":0,"pct_basura_quema":100,"pct_basura_informal":0,"pct_internet":78,"pct_celular":89,"pct_televisor":89}},{"type":"Feature","geometry":{"type":"Polygon","coordinates":[[[-65.78012,-16.47389],[-65.77954,-16.47327],[-65.77869,-16.47376],[-65.77934,-16.47446],[-65.78012,-16.47389]]]},"properties":{"n":"VILLA URKUPIÑA","p":15,"personas_x_ha":15,"masculinidad":114,"pct_menor20":27,"pct_60mas":27,"pct_migrante":80,"dependencia_econ":25,"pct_empleados":0,"pct_cuentapropia":83,"pct_agricultura":58,"pct_comercio":8,"pct_manufactura":0,"pct_construccion":0,"pct_transporte":0,"pct_alojamiento":0,"pct_sin_educacion":9,"pct_educ_superior":9,"brecha_educ":-67,"pct_sin_seguro":0,"pct_sus":100,"pct_seguro_privado":0,"brecha_seguro":0,"pct_salud_publica":52,"pct_med_tradicional":0,"pct_automedicacion":10,"pct_remedios_caseros":14,"pct_viv_desocupada":25,"pct_alquiler":0,"pct_electricidad":100,"pct_sin_electricidad":0,"pct_agua_red":60,"pct_alcantarillado":0,"pct_camara_septica":0,"pct_pozo_ciego":80,"pct_sin_desague":0,"pct_gas_red":0,"pct_gas_garrafa":80,"pct_lena_guano":80,"pct_basura_formal":0,"pct_basura_quema":80,"pct_basura_informal":0,"pct_internet":100,"pct_celular":100,"pct_televisor":40}},{"type":"Feature","geometry":{"type":"Polygon","coordinates":[[[-65.78023,-16.47655],[-65.78095,-16.47599],[-65.78024,-16.47539],[-65.77958,-16.47587],[-65.78023,-16.47655]]]},"properties":{"n":"VILLA URKUPIÑA","p":35,"personas_x_ha":37,"masculinidad":150,"pct_menor20":49,"pct_60mas":0,"pct_migrante":83,"dependencia_econ":127,"pct_empleados":7,"pct_cuentapropia":93,"pct_agricultura":67,"pct_comercio":13,"pct_manufactura":0,"pct_construccion":7,"pct_transporte":0,"pct_alojamiento":0,"pct_sin_educacion":0,"pct_educ_superior":29,"brecha_educ":-7,"pct_sin_seguro":3,"pct_sus":94,"pct_seguro_privado":0,"brecha_seguro":5,"pct_salud_publica":26,"pct_med_tradicional":12,"pct_automedicacion":20,"pct_remedios_caseros":19,"pct_viv_desocupada":0,"pct_alquiler":0,"pct_electricidad":100,"pct_sin_electricidad":0,"pct_agua_red":9,"pct_alcantarillado":9,"pct_camara_septica":18,"pct_pozo_ciego":64,"pct_sin_desague":9,"pct_gas_red":0,"pct_gas_garrafa":91,"pct_lena_guano":91,"pct_basura_formal":0,"pct_basura_quema":91,"pct_basura_informal":0,"pct_internet":82,"pct_celular":82,"pct_televisor":45}},{"type":"Feature","geometry":{"type":"Polygon","coordinates":[[[-65.78089,-16.47455],[-65.78016,-16.47396],[-65.77942,-16.47453],[-65.78016,-16.47512],[-65.78089,-16.47455]]]},"properties":{"n":"VILLA URKUPIÑA","p":47,"personas_x_ha":46,"masculinidad":114,"pct_menor20":34,"pct_60mas":6,"pct_migrante":70,"dependencia_econ":38,"pct_empleados":12,"pct_cuentapropia":71,"pct_agricultura":74,"pct_comercio":6,"pct_manufactura":3,"pct_construccion":6,"pct_transporte":0,"pct_alojamiento":3,"pct_sin_educacion":0,"pct_educ_superior":0,"brecha_educ":-18,"pct_sin_seguro":4,"pct_sus":96,"pct_seguro_privado":0,"brecha_seguro":8,"pct_salud_publica":22,"pct_med_tradicional":17,"pct_automedicacion":22,"pct_remedios_caseros":24,"pct_viv_desocupada":15,"pct_alquiler":0,"pct_electricidad":100,"pct_sin_electricidad":0,"pct_agua_red":6,"pct_alcantarillado":24,"pct_camara_septica":0,"pct_pozo_ciego":47,"pct_sin_desague":0,"pct_gas_red":0,"pct_gas_garrafa":94,"pct_lena_guano":94,"pct_basura_formal":0,"pct_basura_quema":88,"pct_basura_informal":12,"pct_internet":100,"pct_celular":76,"pct_televisor":82}},{"type":"Feature","geometry":{"type":"Polygon","coordinates":[[[-65.78176,-16.47789],[-65.78158,-16.47727],[-65.78083,-16.47743],[-65.78101,-16.47796],[-65.78176,-16.47789]]]},"properties":{"n":"VILLA URKUPIÑA","p":17,"personas_x_ha":32,"masculinidad":70,"pct_menor20":41,"pct_60mas":0,"pct_migrante":71,"dependencia_econ":70,"pct_empleados":0,"pct_cuentapropia":60,"pct_agricultura":90,"pct_comercio":10,"pct_manufactura":0,"pct_construccion":0,"pct_transporte":0,"pct_alojamiento":0,"pct_sin_educacion":0,"pct_educ_superior":0,"brecha_educ":-42,"pct_sin_seguro":0,"pct_sus":100,"pct_seguro_privado":0,"brecha_seguro":0,"pct_salud_publica":32,"pct_med_tradicional":15,"pct_automedicacion":17,"pct_remedios_caseros":32,"pct_viv_desocupada":29,"pct_alquiler":0,"pct_electricidad":100,"pct_sin_electricidad":0,"pct_agua_red":0,"pct_alcantarillado":0,"pct_camara_septica":0,"pct_pozo_ciego":100,"pct_sin_desague":0,"pct_gas_red":0,"pct_gas_garrafa":100,"pct_lena_guano":100,"pct_basura_formal":0,"pct_basura_quema":100,"pct_basura_informal":0,"pct_internet":100,"pct_celular":100,"pct_televisor":80}},{"type":"Feature","geometry":{"type":"Polygon","coordinates":[[[-65.78214,-16.47584],[-65.78265,-16.47525],[-65.78236,-16.47499],[-65.78194,-16.47532],[-65.78218,-16.47552],[-65.78192,-16.47534],[-65.78115,-16.47595],[-65.7814,-16.47636],[-65.78214,-16.47584]]]},"properties":{"n":"VILLA URKUPIÑA","p":45,"personas_x_ha":50,"masculinidad":150,"pct_menor20":51,"pct_60mas":4,"pct_migrante":64,"dependencia_econ":88,"pct_empleados":0,"pct_cuentapropia":75,"pct_agricultura":75,"pct_comercio":12,"pct_manufactura":0,"pct_construccion":0,"pct_transporte":0,"pct_alojamiento":4,"pct_sin_educacion":0,"pct_educ_superior":9,"brecha_educ":9,"pct_sin_seguro":4,"pct_sus":96,"pct_seguro_privado":0,"brecha_seguro":7,"pct_salud_publica":33,"pct_med_tradicional":14,"pct_automedicacion":17,"pct_remedios_caseros":25,"pct_viv_desocupada":12,"pct_alquiler":8,"pct_electricidad":92,"pct_sin_electricidad":8,"pct_agua_red":0,"pct_alcantarillado":0,"pct_camara_septica":0,"pct_pozo_ciego":77,"pct_sin_desague":15,"pct_gas_red":0,"pct_gas_garrafa":69,"pct_lena_guano":69,"pct_basura_formal":0,"pct_basura_quema":92,"pct_basura_informal":15,"pct_internet":77,"pct_celular":92,"pct_televisor":46}},{"type":"Feature","geometry":{"type":"Polygon","coordinates":[[[-65.77998,-16.47522],[-65.77929,-16.47461],[-65.77872,-16.47503],[-65.77931,-16.47571],[-65.77998,-16.47522]]]},"properties":{"n":"VILLA URKUPIÑA","p":56,"personas_x_ha":68,"masculinidad":81,"pct_menor20":45,"pct_60mas":2,"pct_migrante":66,"dependencia_econ":40,"pct_empleados":2,"pct_cuentapropia":70,"pct_agricultura":60,"pct_comercio":30,"pct_manufactura":0,"pct_construccion":5,"pct_transporte":0,"pct_alojamiento":0,"pct_sin_educacion":0,"pct_educ_superior":6,"brecha_educ":-22,"pct_sin_seguro":7,"pct_sus":93,"pct_seguro_privado":0,"brecha_seguro":9,"pct_salud_publica":23,"pct_med_tradicional":10,"pct_automedicacion":21,"pct_remedios_caseros":22,"pct_viv_desocupada":6,"pct_alquiler":6,"pct_electricidad":88,"pct_sin_electricidad":12,"pct_agua_red":0,"pct_alcantarillado":12,"pct_camara_septica":6,"pct_pozo_ciego":81,"pct_sin_desague":0,"pct_gas_red":0,"pct_gas_garrafa":100,"pct_lena_guano":100,"pct_basura_formal":0,"pct_basura_quema":100,"pct_basura_informal":0,"pct_internet":75,"pct_celular":88,"pct_televisor":56}},{"type":"Feature","geometry":{"type":"Polygon","coordinates":[[[-65.77725,-16.47716],[-65.77744,-16.47763],[-65.77754,-16.47765],[-65.77843,-16.47732],[-65.77809,-16.47648],[-65.7772,-16.47683],[-65.77714,-16.47688],[-65.77724,-16.47714],[-65.77743,-16.47708],[-65.77725,-16.47716]]]},"properties":{"n":"VILLA URKUPIÑA","p":65,"personas_x_ha":59,"masculinidad":132,"pct_menor20":49,"pct_60mas":3,"pct_migrante":75,"dependencia_econ":62,"pct_empleados":0,"pct_cuentapropia":98,"pct_agricultura":88,"pct_comercio":2,"pct_manufactura":0,"pct_construccion":0,"pct_transporte":2,"pct_alojamiento":0,"pct_sin_educacion":0,"pct_educ_superior":3,"brecha_educ":-9,"pct_sin_seguro":6,"pct_sus":92,"pct_seguro_privado":0,"brecha_seguro":11,"pct_salud_publica":29,"pct_med_tradicional":15,"pct_automedicacion":20,"pct_remedios_caseros":22,"pct_viv_desocupada":9,"pct_alquiler":0,"pct_electricidad":89,"pct_sin_electricidad":6,"pct_agua_red":6,"pct_alcantarillado":6,"pct_camara_septica":0,"pct_pozo_ciego":89,"pct_sin_desague":6,"pct_gas_red":0,"pct_gas_garrafa":94,"pct_lena_guano":94,"pct_basura_formal":0,"pct_basura_quema":89,"pct_basura_informal":0,"pct_internet":94,"pct_celular":94,"pct_televisor":61}},{"type":"Feature","geometry":{"type":"Polygon","coordinates":[[[-65.77909,-16.47703],[-65.77872,-16.47615],[-65.77817,-16.47637],[-65.77855,-16.47728],[-65.77909,-16.47703]]]},"properties":{"n":"VILLA URKUPIÑA","p":18,"personas_x_ha":26,"masculinidad":100,"pct_menor20":61,"pct_60mas":6,"pct_migrante":89,"dependencia_econ":80,"pct_empleados":0,"pct_cuentapropia":90,"pct_agricultura":100,"pct_comercio":0,"pct_manufactura":0,"pct_construccion":0,"pct_transporte":0,"pct_alojamiento":0,"pct_sin_educacion":0,"pct_educ_superior":0,"brecha_educ":17,"pct_sin_seguro":17,"pct_sus":72,"pct_seguro_privado":0,"brecha_seguro":-11,"pct_salud_publica":38,"pct_med_tradicional":4,"pct_automedicacion":18,"pct_remedios_caseros":11,"pct_viv_desocupada":0,"pct_alquiler":20,"pct_electricidad":60,"pct_sin_electricidad":20,"pct_agua_red":0,"pct_alcantarillado":0,"pct_camara_septica":0,"pct_pozo_ciego":80,"pct_sin_desague":20,"pct_gas_red":0,"pct_gas_garrafa":100,"pct_lena_guano":100,"pct_basura_formal":0,"pct_basura_quema":80,"pct_basura_informal":0,"pct_internet":60,"pct_celular":100,"pct_televisor":100}},{"type":"Feature","geometry":{"type":"Polygon","coordinates":[[[-65.7786,-16.4778],[-65.77846,-16.47741],[-65.7775,-16.47779],[-65.77775,-16.4784],[-65.77834,-16.47816],[-65.77832,-16.47797],[-65.7786,-16.4778]]]},"properties":{"n":"VILLA URKUPIÑA","p":20,"personas_x_ha":28,"masculinidad":186,"pct_menor20":40,"pct_60mas":0,"pct_migrante":80,"dependencia_econ":122,"pct_empleados":22,"pct_cuentapropia":78,"pct_agricultura":89,"pct_comercio":0,"pct_manufactura":0,"pct_construccion":11,"pct_transporte":0,"pct_alojamiento":0,"pct_sin_educacion":0,"pct_educ_superior":8,"brecha_educ":43,"pct_sin_seguro":0,"pct_sus":95,"pct_seguro_privado":5,"brecha_seguro":0,"pct_salud_publica":25,"pct_med_tradicional":10,"pct_automedicacion":25,"pct_remedios_caseros":22,"pct_viv_desocupada":0,"pct_alquiler":0,"pct_electricidad":67,"pct_sin_electricidad":33,"pct_agua_red":0,"pct_alcantarillado":0,"pct_camara_septica":0,"pct_pozo_ciego":50,"pct_sin_desague":50,"pct_gas_red":0,"pct_gas_garrafa":83,"pct_lena_guano":83,"pct_basura_formal":0,"pct_basura_quema":100,"pct_basura_informal":0,"pct_internet":67,"pct_celular":100,"pct_televisor":50}},{"type":"Feature","geometry":{"type":"Polygon","coordinates":[[[-65.74083,-16.62892],[-65.74046,-16.62847],[-65.74163,-16.6275],[-65.74203,-16.6279],[-65.74083,-16.62892]]]},"properties":{"n":"YURAKARE SECEJSAMMA","p":16,"personas_x_ha":15,"masculinidad":129,"pct_menor20":44,"pct_60mas":6,"pct_migrante":75,"dependencia_econ":100,"pct_empleados":12,"pct_cuentapropia":75,"pct_agricultura":88,"pct_comercio":0,"pct_manufactura":0,"pct_construccion":0,"pct_transporte":12,"pct_alojamiento":0,"pct_sin_educacion":0,"pct_educ_superior":0,"brecha_educ":17,"pct_sin_seguro":6,"pct_sus":94,"pct_seguro_privado":0,"brecha_seguro":11,"pct_salud_publica":24,"pct_med_tradicional":7,"pct_automedicacion":28,"pct_remedios_caseros":26,"pct_viv_desocupada":18,"pct_alquiler":14,"pct_electricidad":100,"pct_sin_electricidad":0,"pct_agua_red":71,"pct_alcantarillado":0,"pct_camara_septica":0,"pct_pozo_ciego":71,"pct_sin_desague":0,"pct_gas_red":0,"pct_gas_garrafa":100,"pct_lena_guano":100,"pct_basura_formal":0,"pct_basura_quema":100,"pct_basura_informal":0,"pct_internet":86,"pct_celular":86,"pct_televisor":57}},{"type":"Feature","geometry":{"type":"Polygon","coordinates":[[[-65.73925,-16.63077],[-65.73941,-16.63092],[-65.73936,-16.63096],[-65.7392,-16.63081],[-65.73872,-16.63123],[-65.73901,-16.63157],[-65.73868,-16.63126],[-65.73858,-16.63134],[-65.73879,-16.63159],[-65.73855,-16.63137],[-65.73808,-16.63177],[-65.73849,-16.63214],[-65.73971,-16.63107],[-65.73997,-16.63123],[-65.74014,-16.63108],[-65.73958,-16.63049],[-65.73925,-16.63077]]]},"properties":{"n":"YURAKARE SECEJSAMMA","p":17,"personas_x_ha":13,"masculinidad":325,"pct_menor20":29,"pct_60mas":6,"pct_migrante":53,"dependencia_econ":21,"pct_empleados":14,"pct_cuentapropia":71,"pct_agricultura":79,"pct_comercio":0,"pct_manufactura":7,"pct_construccion":0,"pct_transporte":0,"pct_alojamiento":7,"pct_sin_educacion":42,"pct_educ_superior":17,"brecha_educ":22,"pct_sin_seguro":19,"pct_sus":81,"pct_seguro_privado":0,"brecha_seguro":25,"pct_salud_publica":30,"pct_med_tradicional":17,"pct_automedicacion":26,"pct_remedios_caseros":23,"pct_viv_desocupada":0,"pct_alquiler":8,"pct_electricidad":92,"pct_sin_electricidad":8,"pct_agua_red":33,"pct_alcantarillado":0,"pct_camara_septica":0,"pct_pozo_ciego":83,"pct_sin_desague":17,"pct_gas_red":0,"pct_gas_garrafa":83,"pct_lena_guano":83,"pct_basura_formal":0,"pct_basura_quema":100,"pct_basura_informal":0,"pct_internet":58,"pct_celular":92,"pct_televisor":50}},{"type":"Feature","geometry":{"type":"Polygon","coordinates":[[[-65.73636,-16.63185],[-65.73735,-16.63092],[-65.73777,-16.63137],[-65.73735,-16.63172],[-65.73707,-16.63141],[-65.73702,-16.63144],[-65.73731,-16.63176],[-65.73642,-16.63251],[-65.73586,-16.63199],[-65.73598,-16.63188],[-65.73614,-16.632],[-65.73618,-16.63196],[-65.73605,-16.63182],[-65.73619,-16.63171],[-65.73636,-16.63185]]]},"properties":{"n":"YURAKARE SECEJSAMMA","p":33,"personas_x_ha":26,"masculinidad":154,"pct_menor20":48,"pct_60mas":18,"pct_migrante":39,"dependencia_econ":244,"pct_empleados":11,"pct_cuentapropia":89,"pct_agricultura":89,"pct_comercio":0,"pct_manufactura":0,"pct_construccion":0,"pct_transporte":0,"pct_alojamiento":11,"pct_sin_educacion":44,"pct_educ_superior":0,"brecha_educ":-25,"pct_sin_seguro":10,"pct_sus":90,"pct_seguro_privado":0,"brecha_seguro":17,"pct_salud_publica":37,"pct_med_tradicional":10,"pct_automedicacion":11,"pct_remedios_caseros":22,"pct_viv_desocupada":10,"pct_alquiler":0,"pct_electricidad":92,"pct_sin_electricidad":8,"pct_agua_red":62,"pct_alcantarillado":15,"pct_camara_septica":23,"pct_pozo_ciego":62,"pct_sin_desague":0,"pct_gas_red":0,"pct_gas_garrafa":85,"pct_lena_guano":85,"pct_basura_formal":0,"pct_basura_quema":100,"pct_basura_informal":0,"pct_internet":38,"pct_celular":69,"pct_televisor":54}},{"type":"Feature","geometry":{"type":"Polygon","coordinates":[[[-65.73723,-16.63066],[-65.73782,-16.63132],[-65.73849,-16.63074],[-65.7379,-16.63016],[-65.73723,-16.63066]]]},"properties":{"n":"YURAKARE SECEJSAMMA","p":22,"personas_x_ha":25,"masculinidad":47,"pct_menor20":68,"pct_60mas":0,"pct_migrante":50,"dependencia_econ":267,"pct_empleados":0,"pct_cuentapropia":83,"pct_agricultura":83,"pct_comercio":0,"pct_manufactura":0,"pct_construccion":0,"pct_transporte":0,"pct_alojamiento":0,"pct_sin_educacion":0,"pct_educ_superior":14,"brecha_educ":-40,"pct_sin_seguro":14,"pct_sus":86,"pct_seguro_privado":0,"brecha_seguro":22,"pct_salud_publica":29,"pct_med_tradicional":4,"pct_automedicacion":26,"pct_remedios_caseros":16,"pct_viv_desocupada":15,"pct_alquiler":33,"pct_electricidad":78,"pct_sin_electricidad":11,"pct_agua_red":56,"pct_alcantarillado":11,"pct_camara_septica":0,"pct_pozo_ciego":89,"pct_sin_desague":0,"pct_gas_red":0,"pct_gas_garrafa":100,"pct_lena_guano":100,"pct_basura_formal":11,"pct_basura_quema":89,"pct_basura_informal":0,"pct_internet":78,"pct_celular":89,"pct_televisor":56}},{"type":"Feature","geometry":{"type":"Polygon","coordinates":[[[-65.74218,-16.62907],[-65.74183,-16.62853],[-65.74111,-16.62915],[-65.74144,-16.62944],[-65.74179,-16.62907],[-65.74149,-16.62949],[-65.7419,-16.62985],[-65.74272,-16.62884],[-65.74212,-16.62828],[-65.74189,-16.62848],[-65.74227,-16.62905],[-65.74181,-16.62963],[-65.74218,-16.62907]]]},"properties":{"n":"YURAKARE SECEJSAMMA","p":69,"personas_x_ha":53,"masculinidad":92,"pct_menor20":49,"pct_60mas":1,"pct_migrante":35,"dependencia_econ":97,"pct_empleados":0,"pct_cuentapropia":68,"pct_agricultura":76,"pct_comercio":3,"pct_manufactura":6,"pct_construccion":0,"pct_transporte":3,"pct_alojamiento":0,"pct_sin_educacion":9,"pct_educ_superior":3,"brecha_educ":-14,"pct_sin_seguro":3,"pct_sus":85,"pct_seguro_privado":0,"brecha_seguro":1,"pct_salud_publica":31,"pct_med_tradicional":15,"pct_automedicacion":18,"pct_remedios_caseros":26,"pct_viv_desocupada":8,"pct_alquiler":5,"pct_electricidad":100,"pct_sin_electricidad":0,"pct_agua_red":62,"pct_alcantarillado":5,"pct_camara_septica":52,"pct_pozo_ciego":29,"pct_sin_desague":14,"pct_gas_red":0,"pct_gas_garrafa":95,"pct_lena_guano":95,"pct_basura_formal":0,"pct_basura_quema":100,"pct_basura_informal":0,"pct_internet":67,"pct_celular":76,"pct_televisor":48}},{"type":"Feature","geometry":{"type":"Polygon","coordinates":[[[-65.73794,-16.63005],[-65.73858,-16.63069],[-65.73925,-16.63013],[-65.73862,-16.62954],[-65.73794,-16.63005]]]},"properties":{"n":"YURAKARE SECEJSAMMA","p":24,"personas_x_ha":26,"masculinidad":60,"pct_menor20":38,"pct_60mas":8,"pct_migrante":71,"dependencia_econ":167,"pct_empleados":11,"pct_cuentapropia":33,"pct_agricultura":44,"pct_comercio":0,"pct_manufactura":11,"pct_construccion":0,"pct_transporte":0,"pct_alojamiento":11,"pct_sin_educacion":0,"pct_educ_superior":27,"brecha_educ":-11,"pct_sin_seguro":17,"pct_sus":83,"pct_seguro_privado":0,"brecha_seguro":9,"pct_salud_publica":20,"pct_med_tradicional":16,"pct_automedicacion":25,"pct_remedios_caseros":19,"pct_viv_desocupada":10,"pct_alquiler":0,"pct_electricidad":100,"pct_sin_electricidad":0,"pct_agua_red":43,"pct_alcantarillado":0,"pct_camara_septica":43,"pct_pozo_ciego":57,"pct_sin_desague":0,"pct_gas_red":0,"pct_gas_garrafa":100,"pct_lena_guano":100,"pct_basura_formal":14,"pct_basura_quema":86,"pct_basura_informal":0,"pct_internet":86,"pct_celular":86,"pct_televisor":71}},{"type":"Feature","geometry":{"type":"Polygon","coordinates":[[[-65.74,-16.62954],[-65.73938,-16.62897],[-65.73917,-16.62898],[-65.73869,-16.62942],[-65.73932,-16.63007],[-65.74,-16.62954]]]},"properties":{"n":"YURAKARE SECEJSAMMA","p":19,"personas_x_ha":20,"masculinidad":111,"pct_menor20":47,"pct_60mas":5,"pct_migrante":74,"dependencia_econ":90,"pct_empleados":40,"pct_cuentapropia":60,"pct_agricultura":30,"pct_comercio":0,"pct_manufactura":0,"pct_construccion":30,"pct_transporte":0,"pct_alojamiento":10,"pct_sin_educacion":0,"pct_educ_superior":55,"brecha_educ":-17,"pct_sin_seguro":6,"pct_sus":67,"pct_seguro_privado":0,"brecha_seguro":-11,"pct_salud_publica":22,"pct_med_tradicional":16,"pct_automedicacion":18,"pct_remedios_caseros":18,"pct_viv_desocupada":0,"pct_alquiler":0,"pct_electricidad":91,"pct_sin_electricidad":9,"pct_agua_red":64,"pct_alcantarillado":9,"pct_camara_septica":36,"pct_pozo_ciego":45,"pct_sin_desague":9,"pct_gas_red":0,"pct_gas_garrafa":91,"pct_lena_guano":91,"pct_basura_formal":0,"pct_basura_quema":100,"pct_basura_informal":0,"pct_internet":91,"pct_celular":91,"pct_televisor":73}},{"type":"Feature","geometry":{"type":"Polygon","coordinates":[[[-65.74231,-16.6265],[-65.74277,-16.62587],[-65.74349,-16.62651],[-65.74295,-16.62712],[-65.74231,-16.6265]]]},"properties":{"n":"YURAKARE SECEJSAMMA","p":27,"personas_x_ha":30,"masculinidad":42,"pct_menor20":63,"pct_60mas":4,"pct_migrante":48,"dependencia_econ":350,"pct_empleados":33,"pct_cuentapropia":67,"pct_agricultura":67,"pct_comercio":17,"pct_manufactura":0,"pct_construccion":17,"pct_transporte":0,"pct_alojamiento":0,"pct_sin_educacion":20,"pct_educ_superior":0,"brecha_educ":-38,"pct_sin_seguro":11,"pct_sus":89,"pct_seguro_privado":0,"brecha_seguro":20,"pct_salud_publica":51,"pct_med_tradicional":4,"pct_automedicacion":23,"pct_remedios_caseros":19,"pct_viv_desocupada":13,"pct_alquiler":20,"pct_electricidad":100,"pct_sin_electricidad":0,"pct_agua_red":0,"pct_alcantarillado":20,"pct_camara_septica":0,"pct_pozo_ciego":80,"pct_sin_desague":0,"pct_gas_red":0,"pct_gas_garrafa":100,"pct_lena_guano":100,"pct_basura_formal":0,"pct_basura_quema":90,"pct_basura_informal":0,"pct_internet":80,"pct_celular":80,"pct_televisor":50}},{"type":"Feature","geometry":{"type":"Polygon","coordinates":[[[-65.73649,-16.62996],[-65.73716,-16.63061],[-65.73774,-16.6301],[-65.73709,-16.62945],[-65.73649,-16.62996]]]},"properties":{"n":"YURAKARE SECEJSAMMA","p":35,"personas_x_ha":39,"masculinidad":106,"pct_menor20":60,"pct_60mas":0,"pct_migrante":69,"dependencia_econ":133,"pct_empleados":67,"pct_cuentapropia":27,"pct_agricultura":93,"pct_comercio":0,"pct_manufactura":0,"pct_construccion":0,"pct_transporte":0,"pct_alojamiento":0,"pct_sin_educacion":14,"pct_educ_superior":14,"brecha_educ":-58,"pct_sin_seguro":3,"pct_sus":97,"pct_seguro_privado":0,"brecha_seguro":-6,"pct_salud_publica":23,"pct_med_tradicional":16,"pct_automedicacion":21,"pct_remedios_caseros":19,"pct_viv_desocupada":7,"pct_alquiler":15,"pct_electricidad":100,"pct_sin_electricidad":0,"pct_agua_red":92,"pct_alcantarillado":0,"pct_camara_septica":38,"pct_pozo_ciego":62,"pct_sin_desague":0,"pct_gas_red":0,"pct_gas_garrafa":100,"pct_lena_guano":100,"pct_basura_formal":0,"pct_basura_quema":100,"pct_basura_informal":0,"pct_internet":100,"pct_celular":100,"pct_televisor":69}}]}