{"type":"FeatureCollection","features":[{"type":"Feature","geometry":{"type":"Polygon","coordinates":[[[-66.69972,-17.61129],[-66.69946,-17.61141],[-66.69945,-17.61162],[-66.70011,-17.61152],[-66.69982,-17.61095],[-66.69965,-17.6111],[-66.69972,-17.61129]]]},"properties":{"n":"ANTACAHUA","p":27,"personas_x_ha":95,"masculinidad":170,"pct_menor20":41,"pct_60mas":11,"pct_migrante":4,"dependencia_econ":50,"pct_empleados":11,"pct_cuentapropia":39,"pct_agricultura":72,"pct_comercio":6,"pct_manufactura":6,"pct_construccion":6,"pct_transporte":6,"pct_alojamiento":0,"pct_sin_educacion":6,"pct_educ_superior":19,"brecha_educ":-15,"pct_sin_seguro":11,"pct_sus":85,"pct_seguro_privado":0,"brecha_seguro":18,"pct_salud_publica":23,"pct_med_tradicional":15,"pct_automedicacion":16,"pct_remedios_caseros":36,"pct_viv_desocupada":0,"pct_alquiler":0,"pct_electricidad":100,"pct_sin_electricidad":0,"pct_agua_red":57,"pct_alcantarillado":0,"pct_camara_septica":29,"pct_pozo_ciego":43,"pct_sin_desague":14,"pct_gas_red":0,"pct_gas_garrafa":57,"pct_lena_guano":29,"pct_basura_formal":29,"pct_basura_quema":71,"pct_basura_informal":0,"pct_internet":71,"pct_celular":86,"pct_televisor":71}},{"type":"Feature","geometry":{"type":"Polygon","coordinates":[[[-66.70027,-17.61073],[-66.70007,-17.61091],[-66.69989,-17.61095],[-66.70016,-17.61152],[-66.70051,-17.61078],[-66.70027,-17.61073]]]},"properties":{"n":"ANTACAHUA","p":23,"personas_x_ha":79,"masculinidad":188,"pct_menor20":30,"pct_60mas":30,"pct_migrante":9,"dependencia_econ":156,"pct_empleados":11,"pct_cuentapropia":0,"pct_agricultura":89,"pct_comercio":0,"pct_manufactura":0,"pct_construccion":0,"pct_transporte":0,"pct_alojamiento":0,"pct_sin_educacion":19,"pct_educ_superior":19,"brecha_educ":-17,"pct_sin_seguro":5,"pct_sus":73,"pct_seguro_privado":0,"brecha_seguro":7,"pct_salud_publica":27,"pct_med_tradicional":7,"pct_automedicacion":7,"pct_remedios_caseros":45,"pct_viv_desocupada":0,"pct_alquiler":0,"pct_electricidad":71,"pct_sin_electricidad":29,"pct_agua_red":100,"pct_alcantarillado":29,"pct_camara_septica":14,"pct_pozo_ciego":43,"pct_sin_desague":14,"pct_gas_red":0,"pct_gas_garrafa":71,"pct_lena_guano":29,"pct_basura_formal":0,"pct_basura_quema":86,"pct_basura_informal":14,"pct_internet":0,"pct_celular":57,"pct_televisor":43}},{"type":"Feature","geometry":{"type":"Polygon","coordinates":[[[-66.69998,-17.61223],[-66.69959,-17.61279],[-66.69993,-17.61279],[-66.70036,-17.6124],[-66.70051,-17.61242],[-66.70069,-17.61224],[-66.70016,-17.61158],[-66.70003,-17.61183],[-66.69998,-17.61223]]]},"properties":{"n":"ANTACAHUA","p":19,"personas_x_ha":30,"masculinidad":138,"pct_menor20":42,"pct_60mas":26,"pct_migrante":5,"dependencia_econ":80,"pct_empleados":0,"pct_cuentapropia":30,"pct_agricultura":60,"pct_comercio":0,"pct_manufactura":0,"pct_construccion":10,"pct_transporte":0,"pct_alojamiento":0,"pct_sin_educacion":27,"pct_educ_superior":0,"brecha_educ":-43,"pct_sin_seguro":6,"pct_sus":89,"pct_seguro_privado":0,"brecha_seguro":10,"pct_salud_publica":35,"pct_med_tradicional":27,"pct_automedicacion":4,"pct_remedios_caseros":0,"pct_viv_desocupada":11,"pct_alquiler":0,"pct_electricidad":100,"pct_sin_electricidad":0,"pct_agua_red":75,"pct_alcantarillado":12,"pct_camara_septica":0,"pct_pozo_ciego":38,"pct_sin_desague":50,"pct_gas_red":0,"pct_gas_garrafa":0,"pct_lena_guano":100,"pct_basura_formal":0,"pct_basura_quema":88,"pct_basura_informal":0,"pct_internet":62,"pct_celular":88,"pct_televisor":50}},{"type":"Feature","geometry":{"type":"Polygon","coordinates":[[[-66.70089,-17.61034],[-66.70138,-17.60948],[-66.70145,-17.6096],[-66.70174,-17.60971],[-66.70153,-17.61017],[-66.70158,-17.61039],[-66.70136,-17.61054],[-66.70089,-17.61034]]]},"properties":{"n":"ANTACAHUA","p":46,"personas_x_ha":81,"masculinidad":109,"pct_menor20":52,"pct_60mas":9,"pct_migrante":0,"dependencia_econ":77,"pct_empleados":0,"pct_cuentapropia":81,"pct_agricultura":73,"pct_comercio":0,"pct_manufactura":23,"pct_construccion":0,"pct_transporte":0,"pct_alojamiento":0,"pct_sin_educacion":9,"pct_educ_superior":4,"brecha_educ":-47,"pct_sin_seguro":20,"pct_sus":80,"pct_seguro_privado":0,"brecha_seguro":-6,"pct_salud_publica":38,"pct_med_tradicional":29,"pct_automedicacion":8,"pct_remedios_caseros":22,"pct_viv_desocupada":0,"pct_alquiler":0,"pct_electricidad":50,"pct_sin_electricidad":42,"pct_agua_red":33,"pct_alcantarillado":17,"pct_camara_septica":50,"pct_pozo_ciego":0,"pct_sin_desague":33,"pct_gas_red":0,"pct_gas_garrafa":75,"pct_lena_guano":25,"pct_basura_formal":0,"pct_basura_quema":100,"pct_basura_informal":0,"pct_internet":67,"pct_celular":92,"pct_televisor":33}},{"type":"Feature","geometry":{"type":"Polygon","coordinates":[[[-66.7004,-17.61115],[-66.70022,-17.61158],[-66.70072,-17.61223],[-66.7008,-17.61206],[-66.70064,-17.61202],[-66.70096,-17.61121],[-66.70066,-17.61112],[-66.7004,-17.61115]]]},"properties":{"n":"ANTACAHUA","p":26,"personas_x_ha":54,"masculinidad":86,"pct_menor20":31,"pct_60mas":15,"pct_migrante":0,"dependencia_econ":53,"pct_empleados":24,"pct_cuentapropia":59,"pct_agricultura":82,"pct_comercio":12,"pct_manufactura":6,"pct_construccion":0,"pct_transporte":0,"pct_alojamiento":0,"pct_sin_educacion":6,"pct_educ_superior":6,"brecha_educ":-10,"pct_sin_seguro":4,"pct_sus":96,"pct_seguro_privado":0,"brecha_seguro":8,"pct_salud_publica":38,"pct_med_tradicional":42,"pct_automedicacion":5,"pct_remedios_caseros":13,"pct_viv_desocupada":0,"pct_alquiler":0,"pct_electricidad":100,"pct_sin_electricidad":0,"pct_agua_red":89,"pct_alcantarillado":0,"pct_camara_septica":0,"pct_pozo_ciego":44,"pct_sin_desague":33,"pct_gas_red":0,"pct_gas_garrafa":78,"pct_lena_guano":22,"pct_basura_formal":0,"pct_basura_quema":67,"pct_basura_informal":22,"pct_internet":67,"pct_celular":89,"pct_televisor":33}},{"type":"Feature","geometry":{"type":"Polygon","coordinates":[[[-66.70054,-17.61076],[-66.70014,-17.61067],[-66.70019,-17.61036],[-66.70036,-17.61052],[-66.7005,-17.60994],[-66.70082,-17.60955],[-66.70097,-17.60954],[-66.70108,-17.60942],[-66.70126,-17.60944],[-66.70113,-17.60985],[-66.70054,-17.61076]]]},"properties":{"n":"ANTACAHUA","p":35,"personas_x_ha":50,"masculinidad":106,"pct_menor20":43,"pct_60mas":11,"pct_migrante":6,"dependencia_econ":84,"pct_empleados":21,"pct_cuentapropia":53,"pct_agricultura":79,"pct_comercio":5,"pct_manufactura":0,"pct_construccion":16,"pct_transporte":0,"pct_alojamiento":0,"pct_sin_educacion":20,"pct_educ_superior":10,"brecha_educ":1,"pct_sin_seguro":20,"pct_sus":69,"pct_seguro_privado":0,"brecha_seguro":5,"pct_salud_publica":14,"pct_med_tradicional":26,"pct_automedicacion":13,"pct_remedios_caseros":32,"pct_viv_desocupada":0,"pct_alquiler":0,"pct_electricidad":64,"pct_sin_electricidad":36,"pct_agua_red":64,"pct_alcantarillado":0,"pct_camara_septica":29,"pct_pozo_ciego":14,"pct_sin_desague":36,"pct_gas_red":0,"pct_gas_garrafa":64,"pct_lena_guano":36,"pct_basura_formal":0,"pct_basura_quema":86,"pct_basura_informal":0,"pct_internet":64,"pct_celular":86,"pct_televisor":14}},{"type":"Feature","geometry":{"type":"Polygon","coordinates":[[[-66.69931,-17.61279],[-66.69988,-17.61233],[-66.69995,-17.61197],[-66.69927,-17.61207],[-66.69931,-17.61279]]]},"properties":{"n":"ANTACAHUA","p":28,"personas_x_ha":60,"masculinidad":133,"pct_menor20":43,"pct_60mas":14,"pct_migrante":0,"dependencia_econ":29,"pct_empleados":0,"pct_cuentapropia":81,"pct_agricultura":95,"pct_comercio":0,"pct_manufactura":0,"pct_construccion":0,"pct_transporte":0,"pct_alojamiento":0,"pct_sin_educacion":11,"pct_educ_superior":6,"brecha_educ":-31,"pct_sin_seguro":12,"pct_sus":85,"pct_seguro_privado":0,"brecha_seguro":4,"pct_salud_publica":20,"pct_med_tradicional":55,"pct_automedicacion":15,"pct_remedios_caseros":10,"pct_viv_desocupada":0,"pct_alquiler":0,"pct_electricidad":43,"pct_sin_electricidad":57,"pct_agua_red":100,"pct_alcantarillado":43,"pct_camara_septica":14,"pct_pozo_ciego":29,"pct_sin_desague":14,"pct_gas_red":0,"pct_gas_garrafa":29,"pct_lena_guano":71,"pct_basura_formal":0,"pct_basura_quema":100,"pct_basura_informal":0,"pct_internet":71,"pct_celular":71,"pct_televisor":0}},{"type":"Feature","geometry":{"type":"Polygon","coordinates":[[[-66.70197,-17.60965],[-66.70224,-17.60984],[-66.70221,-17.60996],[-66.70195,-17.60993],[-66.70193,-17.61001],[-66.70176,-17.60993],[-66.70183,-17.60963],[-66.70166,-17.60954],[-66.70166,-17.60942],[-66.70205,-17.60885],[-66.70226,-17.60896],[-66.70197,-17.60965]]]},"properties":{"n":"ANTACAHUA","p":27,"personas_x_ha":67,"masculinidad":125,"pct_menor20":37,"pct_60mas":7,"pct_migrante":0,"dependencia_econ":42,"pct_empleados":0,"pct_cuentapropia":84,"pct_agricultura":89,"pct_comercio":5,"pct_manufactura":0,"pct_construccion":0,"pct_transporte":0,"pct_alojamiento":0,"pct_sin_educacion":6,"pct_educ_superior":11,"brecha_educ":0,"pct_sin_seguro":4,"pct_sus":96,"pct_seguro_privado":0,"brecha_seguro":7,"pct_salud_publica":43,"pct_med_tradicional":4,"pct_automedicacion":6,"pct_remedios_caseros":45,"pct_viv_desocupada":0,"pct_alquiler":0,"pct_electricidad":55,"pct_sin_electricidad":9,"pct_agua_red":100,"pct_alcantarillado":0,"pct_camara_septica":36,"pct_pozo_ciego":9,"pct_sin_desague":55,"pct_gas_red":0,"pct_gas_garrafa":55,"pct_lena_guano":45,"pct_basura_formal":0,"pct_basura_quema":82,"pct_basura_informal":9,"pct_internet":82,"pct_celular":91,"pct_televisor":9}},{"type":"Feature","geometry":{"type":"Polygon","coordinates":[[[-66.69965,-17.61067],[-66.69983,-17.61093],[-66.7001,-17.61087],[-66.70016,-17.61077],[-66.7001,-17.61049],[-66.70016,-17.61046],[-66.70002,-17.6102],[-66.69951,-17.61002],[-66.69947,-17.6097],[-66.69932,-17.60944],[-66.69914,-17.60959],[-66.69917,-17.60981],[-66.69927,-17.61017],[-66.69956,-17.61034],[-66.69958,-17.61044],[-66.69951,-17.61046],[-66.69952,-17.6106],[-66.6994,-17.61077],[-66.69961,-17.6111],[-66.6998,-17.61095],[-66.69971,-17.61083],[-66.69964,-17.61068],[-66.69965,-17.61067]]]},"properties":{"n":"ANTACAHUA","p":33,"personas_x_ha":39,"masculinidad":83,"pct_menor20":33,"pct_60mas":15,"pct_migrante":12,"dependencia_econ":74,"pct_empleados":5,"pct_cuentapropia":68,"pct_agricultura":42,"pct_comercio":5,"pct_manufactura":16,"pct_construccion":11,"pct_transporte":0,"pct_alojamiento":0,"pct_sin_educacion":14,"pct_educ_superior":23,"brecha_educ":-15,"pct_sin_seguro":12,"pct_sus":73,"pct_seguro_privado":0,"brecha_seguro":2,"pct_salud_publica":31,"pct_med_tradicional":30,"pct_automedicacion":13,"pct_remedios_caseros":17,"pct_viv_desocupada":0,"pct_alquiler":0,"pct_electricidad":80,"pct_sin_electricidad":10,"pct_agua_red":30,"pct_alcantarillado":20,"pct_camara_septica":30,"pct_pozo_ciego":50,"pct_sin_desague":0,"pct_gas_red":0,"pct_gas_garrafa":40,"pct_lena_guano":60,"pct_basura_formal":0,"pct_basura_quema":90,"pct_basura_informal":0,"pct_internet":90,"pct_celular":90,"pct_televisor":10}},{"type":"Feature","geometry":{"type":"Polygon","coordinates":[[[-66.70232,-17.6105],[-66.70172,-17.61066],[-66.70155,-17.61099],[-66.70134,-17.61089],[-66.70127,-17.61075],[-66.70138,-17.61061],[-66.70172,-17.61044],[-66.70165,-17.61014],[-66.70173,-17.60998],[-66.70222,-17.60999],[-66.70232,-17.6105]]]},"properties":{"n":"ANTACAHUA","p":19,"personas_x_ha":34,"masculinidad":90,"pct_menor20":37,"pct_60mas":11,"pct_migrante":0,"dependencia_econ":70,"pct_empleados":20,"pct_cuentapropia":50,"pct_agricultura":60,"pct_comercio":20,"pct_manufactura":0,"pct_construccion":10,"pct_transporte":10,"pct_alojamiento":0,"pct_sin_educacion":10,"pct_educ_superior":10,"brecha_educ":-20,"pct_sin_seguro":24,"pct_sus":76,"pct_seguro_privado":0,"brecha_seguro":26,"pct_salud_publica":26,"pct_med_tradicional":23,"pct_automedicacion":22,"pct_remedios_caseros":19,"pct_viv_desocupada":0,"pct_alquiler":0,"pct_electricidad":100,"pct_sin_electricidad":0,"pct_agua_red":100,"pct_alcantarillado":17,"pct_camara_septica":0,"pct_pozo_ciego":17,"pct_sin_desague":17,"pct_gas_red":0,"pct_gas_garrafa":67,"pct_lena_guano":33,"pct_basura_formal":0,"pct_basura_quema":100,"pct_basura_informal":0,"pct_internet":50,"pct_celular":83,"pct_televisor":33}},{"type":"Feature","geometry":{"type":"Polygon","coordinates":[[[-66.6423,-17.70773],[-66.64197,-17.70765],[-66.64186,-17.70783],[-66.64221,-17.70808],[-66.64228,-17.70805],[-66.6423,-17.70773]]]},"properties":{"n":"CHALLA GRANDE","p":19,"personas_x_ha":141,"masculinidad":171,"pct_menor20":32,"pct_60mas":5,"pct_migrante":11,"dependencia_econ":46,"pct_empleados":15,"pct_cuentapropia":46,"pct_agricultura":77,"pct_comercio":0,"pct_manufactura":0,"pct_construccion":15,"pct_transporte":0,"pct_alojamiento":8,"pct_sin_educacion":0,"pct_educ_superior":0,"brecha_educ":17,"pct_sin_seguro":5,"pct_sus":95,"pct_seguro_privado":0,"brecha_seguro":-14,"pct_salud_publica":29,"pct_med_tradicional":10,"pct_automedicacion":5,"pct_remedios_caseros":38,"pct_viv_desocupada":0,"pct_alquiler":0,"pct_electricidad":100,"pct_sin_electricidad":0,"pct_agua_red":0,"pct_alcantarillado":0,"pct_camara_septica":0,"pct_pozo_ciego":0,"pct_sin_desague":100,"pct_gas_red":0,"pct_gas_garrafa":38,"pct_lena_guano":62,"pct_basura_formal":0,"pct_basura_quema":62,"pct_basura_informal":38,"pct_internet":50,"pct_celular":88,"pct_televisor":38}},{"type":"Feature","geometry":{"type":"Polygon","coordinates":[[[-66.6423,-17.70861],[-66.64265,-17.70854],[-66.64278,-17.70846],[-66.64233,-17.70829],[-66.6423,-17.70861]]]},"properties":{"n":"CHALLA GRANDE","p":19,"personas_x_ha":190,"masculinidad":90,"pct_menor20":37,"pct_60mas":0,"pct_migrante":26,"dependencia_econ":73,"pct_empleados":9,"pct_cuentapropia":27,"pct_agricultura":91,"pct_comercio":0,"pct_manufactura":9,"pct_construccion":0,"pct_transporte":0,"pct_alojamiento":0,"pct_sin_educacion":8,"pct_educ_superior":17,"brecha_educ":-11,"pct_sin_seguro":11,"pct_sus":78,"pct_seguro_privado":0,"brecha_seguro":22,"pct_salud_publica":45,"pct_med_tradicional":0,"pct_automedicacion":9,"pct_remedios_caseros":42,"pct_viv_desocupada":0,"pct_alquiler":0,"pct_electricidad":83,"pct_sin_electricidad":17,"pct_agua_red":100,"pct_alcantarillado":0,"pct_camara_septica":0,"pct_pozo_ciego":0,"pct_sin_desague":100,"pct_gas_red":0,"pct_gas_garrafa":67,"pct_lena_guano":33,"pct_basura_formal":0,"pct_basura_quema":33,"pct_basura_informal":67,"pct_internet":17,"pct_celular":67,"pct_televisor":0}},{"type":"Feature","geometry":{"type":"Polygon","coordinates":[[[-66.6426,-17.70837],[-66.64227,-17.7082],[-66.64225,-17.70809],[-66.64263,-17.70806],[-66.64268,-17.70831],[-66.6426,-17.70837]]]},"properties":{"n":"CHALLA GRANDE","p":15,"personas_x_ha":137,"masculinidad":150,"pct_menor20":33,"pct_60mas":13,"pct_migrante":13,"dependencia_econ":50,"pct_empleados":20,"pct_cuentapropia":50,"pct_agricultura":70,"pct_comercio":10,"pct_manufactura":0,"pct_construccion":0,"pct_transporte":10,"pct_alojamiento":0,"pct_sin_educacion":9,"pct_educ_superior":18,"brecha_educ":-17,"pct_sin_seguro":40,"pct_sus":60,"pct_seguro_privado":0,"brecha_seguro":67,"pct_salud_publica":36,"pct_med_tradicional":0,"pct_automedicacion":0,"pct_remedios_caseros":60,"pct_viv_desocupada":0,"pct_alquiler":0,"pct_electricidad":100,"pct_sin_electricidad":0,"pct_agua_red":43,"pct_alcantarillado":0,"pct_camara_septica":0,"pct_pozo_ciego":0,"pct_sin_desague":100,"pct_gas_red":0,"pct_gas_garrafa":43,"pct_lena_guano":57,"pct_basura_formal":0,"pct_basura_quema":100,"pct_basura_informal":0,"pct_internet":86,"pct_celular":86,"pct_televisor":29}},{"type":"Feature","geometry":{"type":"Polygon","coordinates":[[[-66.64233,-17.70891],[-66.64228,-17.70864],[-66.64257,-17.70856],[-66.64275,-17.70852],[-66.64296,-17.70876],[-66.64278,-17.70887],[-66.64274,-17.7088],[-66.64233,-17.70891]]]},"properties":{"n":"CHALLA GRANDE","p":19,"personas_x_ha":95,"masculinidad":90,"pct_menor20":42,"pct_60mas":11,"pct_migrante":0,"dependencia_econ":90,"pct_empleados":10,"pct_cuentapropia":60,"pct_agricultura":50,"pct_comercio":10,"pct_manufactura":40,"pct_construccion":0,"pct_transporte":0,"pct_alojamiento":0,"pct_sin_educacion":27,"pct_educ_superior":27,"brecha_educ":-86,"pct_sin_seguro":11,"pct_sus":89,"pct_seguro_privado":0,"brecha_seguro":1,"pct_salud_publica":19,"pct_med_tradicional":20,"pct_automedicacion":20,"pct_remedios_caseros":22,"pct_viv_desocupada":0,"pct_alquiler":0,"pct_electricidad":43,"pct_sin_electricidad":43,"pct_agua_red":29,"pct_alcantarillado":0,"pct_camara_septica":29,"pct_pozo_ciego":0,"pct_sin_desague":71,"pct_gas_red":0,"pct_gas_garrafa":71,"pct_lena_guano":29,"pct_basura_formal":0,"pct_basura_quema":86,"pct_basura_informal":14,"pct_internet":86,"pct_celular":86,"pct_televisor":14}},{"type":"Feature","geometry":{"type":"Polygon","coordinates":[[[-66.64162,-17.70808],[-66.64097,-17.70799],[-66.64095,-17.70794],[-66.64169,-17.70778],[-66.64199,-17.708],[-66.6418,-17.70818],[-66.64162,-17.70808]]]},"properties":{"n":"CHALLA GRANDE","p":27,"personas_x_ha":124,"masculinidad":125,"pct_menor20":44,"pct_60mas":11,"pct_migrante":4,"dependencia_econ":145,"pct_empleados":27,"pct_cuentapropia":64,"pct_agricultura":27,"pct_comercio":27,"pct_manufactura":9,"pct_construccion":0,"pct_transporte":9,"pct_alojamiento":0,"pct_sin_educacion":20,"pct_educ_superior":27,"brecha_educ":-61,"pct_sin_seguro":15,"pct_sus":85,"pct_seguro_privado":0,"brecha_seguro":-3,"pct_salud_publica":40,"pct_med_tradicional":12,"pct_automedicacion":9,"pct_remedios_caseros":33,"pct_viv_desocupada":20,"pct_alquiler":0,"pct_electricidad":100,"pct_sin_electricidad":0,"pct_agua_red":100,"pct_alcantarillado":0,"pct_camara_septica":0,"pct_pozo_ciego":38,"pct_sin_desague":25,"pct_gas_red":0,"pct_gas_garrafa":88,"pct_lena_guano":12,"pct_basura_formal":0,"pct_basura_quema":88,"pct_basura_informal":0,"pct_internet":62,"pct_celular":88,"pct_televisor":62}},{"type":"Feature","geometry":{"type":"Polygon","coordinates":[[[-66.64272,-17.70819],[-66.64262,-17.70787],[-66.6427,-17.70783],[-66.64292,-17.70787],[-66.64308,-17.70801],[-66.64272,-17.70819]]]},"properties":{"n":"CHALLA GRANDE","p":18,"personas_x_ha":146,"masculinidad":157,"pct_menor20":39,"pct_60mas":17,"pct_migrante":6,"dependencia_econ":80,"pct_empleados":0,"pct_cuentapropia":70,"pct_agricultura":60,"pct_comercio":20,"pct_manufactura":0,"pct_construccion":0,"pct_transporte":0,"pct_alojamiento":10,"pct_sin_educacion":17,"pct_educ_superior":0,"brecha_educ":-50,"pct_sin_seguro":6,"pct_sus":94,"pct_seguro_privado":0,"brecha_seguro":10,"pct_salud_publica":17,"pct_med_tradicional":47,"pct_automedicacion":10,"pct_remedios_caseros":10,"pct_viv_desocupada":0,"pct_alquiler":0,"pct_electricidad":100,"pct_sin_electricidad":0,"pct_agua_red":0,"pct_alcantarillado":0,"pct_camara_septica":0,"pct_pozo_ciego":29,"pct_sin_desague":71,"pct_gas_red":0,"pct_gas_garrafa":71,"pct_lena_guano":29,"pct_basura_formal":14,"pct_basura_quema":86,"pct_basura_informal":0,"pct_internet":29,"pct_celular":86,"pct_televisor":14}},{"type":"Feature","geometry":{"type":"Polygon","coordinates":[[[-66.64344,-17.70819],[-66.64314,-17.70832],[-66.64282,-17.70848],[-66.64299,-17.70867],[-66.64317,-17.70859],[-66.64344,-17.70875],[-66.64366,-17.70845],[-66.64344,-17.70819]]]},"properties":{"n":"CHALLA GRANDE","p":29,"personas_x_ha":94,"masculinidad":93,"pct_menor20":48,"pct_60mas":3,"pct_migrante":10,"dependencia_econ":115,"pct_empleados":8,"pct_cuentapropia":31,"pct_agricultura":85,"pct_comercio":0,"pct_manufactura":0,"pct_construccion":0,"pct_transporte":0,"pct_alojamiento":0,"pct_sin_educacion":7,"pct_educ_superior":0,"brecha_educ":0,"pct_sin_seguro":0,"pct_sus":100,"pct_seguro_privado":0,"brecha_seguro":0,"pct_salud_publica":34,"pct_med_tradicional":3,"pct_automedicacion":10,"pct_remedios_caseros":47,"pct_viv_desocupada":0,"pct_alquiler":0,"pct_electricidad":56,"pct_sin_electricidad":22,"pct_agua_red":67,"pct_alcantarillado":11,"pct_camara_septica":0,"pct_pozo_ciego":11,"pct_sin_desague":78,"pct_gas_red":0,"pct_gas_garrafa":78,"pct_lena_guano":22,"pct_basura_formal":0,"pct_basura_quema":100,"pct_basura_informal":0,"pct_internet":100,"pct_celular":100,"pct_televisor":89}},{"type":"Feature","geometry":{"type":"Polygon","coordinates":[[[-66.65241,-17.6881],[-66.65214,-17.68787],[-66.65194,-17.68806],[-66.6517,-17.6885],[-66.65178,-17.68847],[-66.65209,-17.68867],[-66.65234,-17.68838],[-66.65241,-17.6881]]]},"properties":{"n":"CHALLA GRANDE B","p":32,"personas_x_ha":85,"masculinidad":129,"pct_menor20":34,"pct_60mas":16,"pct_migrante":16,"dependencia_econ":60,"pct_empleados":15,"pct_cuentapropia":40,"pct_agricultura":85,"pct_comercio":10,"pct_manufactura":5,"pct_construccion":0,"pct_transporte":0,"pct_alojamiento":0,"pct_sin_educacion":19,"pct_educ_superior":0,"brecha_educ":-8,"pct_sin_seguro":6,"pct_sus":94,"pct_seguro_privado":0,"brecha_seguro":-2,"pct_salud_publica":17,"pct_med_tradicional":27,"pct_automedicacion":16,"pct_remedios_caseros":32,"pct_viv_desocupada":42,"pct_alquiler":0,"pct_electricidad":86,"pct_sin_electricidad":14,"pct_agua_red":0,"pct_alcantarillado":0,"pct_camara_septica":0,"pct_pozo_ciego":0,"pct_sin_desague":100,"pct_gas_red":0,"pct_gas_garrafa":43,"pct_lena_guano":57,"pct_basura_formal":0,"pct_basura_quema":100,"pct_basura_informal":0,"pct_internet":71,"pct_celular":100,"pct_televisor":14}},{"type":"Feature","geometry":{"type":"Polygon","coordinates":[[[-66.6515,-17.68961],[-66.65147,-17.68994],[-66.65156,-17.69017],[-66.65082,-17.69044],[-66.65068,-17.69029],[-66.6506,-17.69035],[-66.65049,-17.69024],[-66.65092,-17.68953],[-66.6515,-17.68961]]]},"properties":{"n":"CHALLA GRANDE B","p":34,"personas_x_ha":48,"masculinidad":127,"pct_menor20":53,"pct_60mas":9,"pct_migrante":3,"dependencia_econ":70,"pct_empleados":5,"pct_cuentapropia":25,"pct_agricultura":90,"pct_comercio":0,"pct_manufactura":5,"pct_construccion":5,"pct_transporte":0,"pct_alojamiento":0,"pct_sin_educacion":12,"pct_educ_superior":0,"brecha_educ":-32,"pct_sin_seguro":9,"pct_sus":91,"pct_seguro_privado":0,"brecha_seguro":4,"pct_salud_publica":7,"pct_med_tradicional":38,"pct_automedicacion":0,"pct_remedios_caseros":39,"pct_viv_desocupada":0,"pct_alquiler":0,"pct_electricidad":80,"pct_sin_electricidad":10,"pct_agua_red":0,"pct_alcantarillado":0,"pct_camara_septica":0,"pct_pozo_ciego":0,"pct_sin_desague":100,"pct_gas_red":0,"pct_gas_garrafa":60,"pct_lena_guano":40,"pct_basura_formal":0,"pct_basura_quema":100,"pct_basura_informal":0,"pct_internet":90,"pct_celular":90,"pct_televisor":50}},{"type":"Feature","geometry":{"type":"Polygon","coordinates":[[[-66.65092,-17.68951],[-66.65157,-17.68916],[-66.65175,-17.68958],[-66.65122,-17.6896],[-66.65092,-17.68951]]]},"properties":{"n":"CHALLA GRANDE B","p":19,"personas_x_ha":75,"masculinidad":111,"pct_menor20":58,"pct_60mas":5,"pct_migrante":16,"dependencia_econ":138,"pct_empleados":38,"pct_cuentapropia":50,"pct_agricultura":62,"pct_comercio":12,"pct_manufactura":0,"pct_construccion":0,"pct_transporte":0,"pct_alojamiento":0,"pct_sin_educacion":12,"pct_educ_superior":25,"brecha_educ":0,"pct_sin_seguro":11,"pct_sus":68,"pct_seguro_privado":0,"brecha_seguro":-22,"pct_salud_publica":52,"pct_med_tradicional":0,"pct_automedicacion":0,"pct_remedios_caseros":34,"pct_viv_desocupada":0,"pct_alquiler":0,"pct_electricidad":80,"pct_sin_electricidad":20,"pct_agua_red":60,"pct_alcantarillado":0,"pct_camara_septica":0,"pct_pozo_ciego":0,"pct_sin_desague":60,"pct_gas_red":0,"pct_gas_garrafa":60,"pct_lena_guano":40,"pct_basura_formal":0,"pct_basura_quema":100,"pct_basura_informal":0,"pct_internet":40,"pct_celular":80,"pct_televisor":20}},{"type":"Feature","geometry":{"type":"Polygon","coordinates":[[[-66.65234,-17.68944],[-66.65256,-17.68883],[-66.65247,-17.68881],[-66.65262,-17.68838],[-66.65262,-17.68829],[-66.65242,-17.68817],[-66.65237,-17.68843],[-66.65213,-17.68868],[-66.65219,-17.68872],[-66.65206,-17.68915],[-66.65199,-17.68921],[-66.65174,-17.68919],[-66.65176,-17.68938],[-66.65202,-17.68954],[-66.65234,-17.68944]]]},"properties":{"n":"CHALLA GRANDE B","p":48,"personas_x_ha":82,"masculinidad":118,"pct_menor20":54,"pct_60mas":0,"pct_migrante":25,"dependencia_econ":118,"pct_empleados":14,"pct_cuentapropia":50,"pct_agricultura":50,"pct_comercio":14,"pct_manufactura":5,"pct_construccion":0,"pct_transporte":5,"pct_alojamiento":14,"pct_sin_educacion":0,"pct_educ_superior":26,"brecha_educ":8,"pct_sin_seguro":35,"pct_sus":65,"pct_seguro_privado":0,"brecha_seguro":15,"pct_salud_publica":18,"pct_med_tradicional":22,"pct_automedicacion":14,"pct_remedios_caseros":36,"pct_viv_desocupada":0,"pct_alquiler":0,"pct_electricidad":83,"pct_sin_electricidad":8,"pct_agua_red":67,"pct_alcantarillado":0,"pct_camara_septica":0,"pct_pozo_ciego":0,"pct_sin_desague":100,"pct_gas_red":0,"pct_gas_garrafa":58,"pct_lena_guano":42,"pct_basura_formal":8,"pct_basura_quema":92,"pct_basura_informal":0,"pct_internet":67,"pct_celular":83,"pct_televisor":33}},{"type":"Feature","geometry":{"type":"Polygon","coordinates":[[[-66.65153,-17.68912],[-66.65149,-17.68889],[-66.65112,-17.68882],[-66.65045,-17.68913],[-66.65088,-17.68942],[-66.65153,-17.68912]]]},"properties":{"n":"CHALLA GRANDE B","p":22,"personas_x_ha":47,"masculinidad":69,"pct_menor20":36,"pct_60mas":18,"pct_migrante":0,"dependencia_econ":57,"pct_empleados":7,"pct_cuentapropia":21,"pct_agricultura":93,"pct_comercio":0,"pct_manufactura":7,"pct_construccion":0,"pct_transporte":0,"pct_alojamiento":0,"pct_sin_educacion":21,"pct_educ_superior":0,"brecha_educ":-45,"pct_sin_seguro":32,"pct_sus":68,"pct_seguro_privado":0,"brecha_seguro":21,"pct_salud_publica":26,"pct_med_tradicional":24,"pct_automedicacion":19,"pct_remedios_caseros":31,"pct_viv_desocupada":0,"pct_alquiler":0,"pct_electricidad":88,"pct_sin_electricidad":0,"pct_agua_red":25,"pct_alcantarillado":0,"pct_camara_septica":0,"pct_pozo_ciego":38,"pct_sin_desague":50,"pct_gas_red":0,"pct_gas_garrafa":62,"pct_lena_guano":38,"pct_basura_formal":0,"pct_basura_quema":100,"pct_basura_informal":0,"pct_internet":62,"pct_celular":62,"pct_televisor":38}},{"type":"Feature","geometry":{"type":"Polygon","coordinates":[[[-66.55217,-17.71057],[-66.55185,-17.71082],[-66.55165,-17.71037],[-66.55153,-17.70954],[-66.5519,-17.70949],[-66.55204,-17.71035],[-66.55217,-17.71057]]]},"properties":{"n":"CHALLOMA","p":28,"personas_x_ha":51,"masculinidad":155,"pct_menor20":46,"pct_60mas":14,"pct_migrante":0,"dependencia_econ":133,"pct_empleados":8,"pct_cuentapropia":33,"pct_agricultura":92,"pct_comercio":0,"pct_manufactura":8,"pct_construccion":0,"pct_transporte":0,"pct_alojamiento":0,"pct_sin_educacion":27,"pct_educ_superior":7,"brecha_educ":-32,"pct_sin_seguro":11,"pct_sus":89,"pct_seguro_privado":0,"brecha_seguro":-12,"pct_salud_publica":36,"pct_med_tradicional":20,"pct_automedicacion":5,"pct_remedios_caseros":23,"pct_viv_desocupada":0,"pct_alquiler":0,"pct_electricidad":89,"pct_sin_electricidad":11,"pct_agua_red":22,"pct_alcantarillado":0,"pct_camara_septica":0,"pct_pozo_ciego":0,"pct_sin_desague":100,"pct_gas_red":0,"pct_gas_garrafa":100,"pct_lena_guano":0,"pct_basura_formal":0,"pct_basura_quema":89,"pct_basura_informal":0,"pct_internet":89,"pct_celular":89,"pct_televisor":56}},{"type":"Feature","geometry":{"type":"Polygon","coordinates":[[[-66.55408,-17.7111],[-66.55278,-17.71123],[-66.55237,-17.71119],[-66.55212,-17.71139],[-66.55225,-17.71166],[-66.55348,-17.71263],[-66.55377,-17.71208],[-66.55383,-17.71166],[-66.55408,-17.7111]]]},"properties":{"n":"CHALLOMA","p":48,"personas_x_ha":25,"masculinidad":78,"pct_menor20":40,"pct_60mas":12,"pct_migrante":21,"dependencia_econ":85,"pct_empleados":27,"pct_cuentapropia":27,"pct_agricultura":50,"pct_comercio":12,"pct_manufactura":0,"pct_construccion":0,"pct_transporte":8,"pct_alojamiento":4,"pct_sin_educacion":20,"pct_educ_superior":27,"brecha_educ":-21,"pct_sin_seguro":2,"pct_sus":93,"pct_seguro_privado":0,"brecha_seguro":-4,"pct_salud_publica":37,"pct_med_tradicional":9,"pct_automedicacion":9,"pct_remedios_caseros":37,"pct_viv_desocupada":0,"pct_alquiler":0,"pct_electricidad":100,"pct_sin_electricidad":0,"pct_agua_red":18,"pct_alcantarillado":12,"pct_camara_septica":0,"pct_pozo_ciego":12,"pct_sin_desague":76,"pct_gas_red":0,"pct_gas_garrafa":71,"pct_lena_guano":29,"pct_basura_formal":0,"pct_basura_quema":88,"pct_basura_informal":6,"pct_internet":82,"pct_celular":94,"pct_televisor":53}},{"type":"Feature","geometry":{"type":"Polygon","coordinates":[[[-66.59267,-17.69847],[-66.59248,-17.69867],[-66.59252,-17.69884],[-66.59242,-17.69899],[-66.59269,-17.69913],[-66.5927,-17.69928],[-66.59295,-17.69926],[-66.59326,-17.69861],[-66.5932,-17.69788],[-66.59313,-17.69787],[-66.59294,-17.69812],[-66.59277,-17.69847],[-66.59267,-17.69847]]]},"properties":{"n":"CHUÑU CHUÑUNI","p":15,"personas_x_ha":20,"masculinidad":114,"pct_menor20":27,"pct_60mas":27,"pct_migrante":0,"dependencia_econ":88,"pct_empleados":0,"pct_cuentapropia":75,"pct_agricultura":75,"pct_comercio":0,"pct_manufactura":0,"pct_construccion":0,"pct_transporte":0,"pct_alojamiento":0,"pct_sin_educacion":8,"pct_educ_superior":42,"brecha_educ":-9,"pct_sin_seguro":0,"pct_sus":92,"pct_seguro_privado":0,"brecha_seguro":0,"pct_salud_publica":50,"pct_med_tradicional":21,"pct_automedicacion":0,"pct_remedios_caseros":25,"pct_viv_desocupada":36,"pct_alquiler":0,"pct_electricidad":86,"pct_sin_electricidad":14,"pct_agua_red":0,"pct_alcantarillado":0,"pct_camara_septica":0,"pct_pozo_ciego":0,"pct_sin_desague":71,"pct_gas_red":0,"pct_gas_garrafa":71,"pct_lena_guano":29,"pct_basura_formal":0,"pct_basura_quema":100,"pct_basura_informal":0,"pct_internet":57,"pct_celular":71,"pct_televisor":57}},{"type":"Feature","geometry":{"type":"Polygon","coordinates":[[[-66.59266,-17.70042],[-66.5926,-17.70017],[-66.59231,-17.69994],[-66.59204,-17.70009],[-66.59153,-17.70076],[-66.5914,-17.7015],[-66.59161,-17.70149],[-66.59176,-17.70128],[-66.59215,-17.70103],[-66.59246,-17.70108],[-66.59263,-17.70083],[-66.59258,-17.70078],[-66.59266,-17.70042]]]},"properties":{"n":"CHUÑU CHUÑUNI","p":19,"personas_x_ha":15,"masculinidad":73,"pct_menor20":58,"pct_60mas":0,"pct_migrante":5,"dependencia_econ":90,"pct_empleados":0,"pct_cuentapropia":70,"pct_agricultura":80,"pct_comercio":0,"pct_manufactura":20,"pct_construccion":0,"pct_transporte":0,"pct_alojamiento":0,"pct_sin_educacion":0,"pct_educ_superior":0,"brecha_educ":-10,"pct_sin_seguro":29,"pct_sus":71,"pct_seguro_privado":0,"brecha_seguro":-1,"pct_salud_publica":53,"pct_med_tradicional":8,"pct_automedicacion":0,"pct_remedios_caseros":39,"pct_viv_desocupada":60,"pct_alquiler":0,"pct_electricidad":50,"pct_sin_electricidad":50,"pct_agua_red":0,"pct_alcantarillado":0,"pct_camara_septica":0,"pct_pozo_ciego":0,"pct_sin_desague":100,"pct_gas_red":0,"pct_gas_garrafa":0,"pct_lena_guano":100,"pct_basura_formal":0,"pct_basura_quema":100,"pct_basura_informal":0,"pct_internet":75,"pct_celular":100,"pct_televisor":50}},{"type":"Feature","geometry":{"type":"Polygon","coordinates":[[[-66.59351,-17.69901],[-66.59332,-17.69926],[-66.59323,-17.69922],[-66.59328,-17.69913],[-66.59312,-17.69904],[-66.59326,-17.69883],[-66.59333,-17.69844],[-66.59321,-17.69813],[-66.59336,-17.69784],[-66.59351,-17.69776],[-66.59424,-17.69822],[-66.59437,-17.69847],[-66.59418,-17.69864],[-66.59412,-17.69887],[-66.59356,-17.69905],[-66.59351,-17.69901]]]},"properties":{"n":"CHUÑU CHUÑUNI","p":45,"personas_x_ha":37,"masculinidad":73,"pct_menor20":47,"pct_60mas":9,"pct_migrante":9,"dependencia_econ":43,"pct_empleados":3,"pct_cuentapropia":80,"pct_agricultura":70,"pct_comercio":0,"pct_manufactura":17,"pct_construccion":3,"pct_transporte":3,"pct_alojamiento":0,"pct_sin_educacion":8,"pct_educ_superior":8,"brecha_educ":-8,"pct_sin_seguro":0,"pct_sus":100,"pct_seguro_privado":0,"brecha_seguro":0,"pct_salud_publica":20,"pct_med_tradicional":26,"pct_automedicacion":16,"pct_remedios_caseros":22,"pct_viv_desocupada":36,"pct_alquiler":0,"pct_electricidad":73,"pct_sin_electricidad":18,"pct_agua_red":36,"pct_alcantarillado":0,"pct_camara_septica":9,"pct_pozo_ciego":9,"pct_sin_desague":82,"pct_gas_red":0,"pct_gas_garrafa":27,"pct_lena_guano":73,"pct_basura_formal":0,"pct_basura_quema":91,"pct_basura_informal":9,"pct_internet":55,"pct_celular":91,"pct_televisor":45}},{"type":"Feature","geometry":{"type":"Polygon","coordinates":[[[-66.5937,-17.70067],[-66.59443,-17.7004],[-66.59443,-17.69994],[-66.59376,-17.69971],[-66.59307,-17.69959],[-66.5928,-17.69984],[-66.59321,-17.70017],[-66.59316,-17.70044],[-66.59331,-17.70066],[-66.5937,-17.70067]]]},"properties":{"n":"CHUÑU CHUÑUNI","p":33,"personas_x_ha":23,"masculinidad":200,"pct_menor20":61,"pct_60mas":3,"pct_migrante":0,"dependencia_econ":136,"pct_empleados":0,"pct_cuentapropia":93,"pct_agricultura":79,"pct_comercio":7,"pct_manufactura":14,"pct_construccion":0,"pct_transporte":0,"pct_alojamiento":0,"pct_sin_educacion":7,"pct_educ_superior":20,"brecha_educ":-39,"pct_sin_seguro":12,"pct_sus":88,"pct_seguro_privado":0,"brecha_seguro":5,"pct_salud_publica":39,"pct_med_tradicional":27,"pct_automedicacion":1,"pct_remedios_caseros":33,"pct_viv_desocupada":8,"pct_alquiler":0,"pct_electricidad":45,"pct_sin_electricidad":55,"pct_agua_red":0,"pct_alcantarillado":0,"pct_camara_septica":18,"pct_pozo_ciego":0,"pct_sin_desague":82,"pct_gas_red":0,"pct_gas_garrafa":18,"pct_lena_guano":82,"pct_basura_formal":0,"pct_basura_quema":91,"pct_basura_informal":9,"pct_internet":64,"pct_celular":73,"pct_televisor":9}},{"type":"Feature","geometry":{"type":"Polygon","coordinates":[[[-66.59201,-17.69989],[-66.59198,-17.69937],[-66.59169,-17.69937],[-66.59146,-17.69922],[-66.59124,-17.69918],[-66.59096,-17.69939],[-66.59106,-17.69994],[-66.59178,-17.69997],[-66.59201,-17.69989]]]},"properties":{"n":"CHUÑU CHUÑUNI","p":19,"personas_x_ha":25,"masculinidad":90,"pct_menor20":58,"pct_60mas":5,"pct_migrante":0,"dependencia_econ":46,"pct_empleados":8,"pct_cuentapropia":38,"pct_agricultura":85,"pct_comercio":0,"pct_manufactura":8,"pct_construccion":0,"pct_transporte":0,"pct_alojamiento":0,"pct_sin_educacion":12,"pct_educ_superior":12,"brecha_educ":27,"pct_sin_seguro":21,"pct_sus":79,"pct_seguro_privado":0,"brecha_seguro":23,"pct_salud_publica":45,"pct_med_tradicional":10,"pct_automedicacion":0,"pct_remedios_caseros":40,"pct_viv_desocupada":38,"pct_alquiler":0,"pct_electricidad":80,"pct_sin_electricidad":20,"pct_agua_red":0,"pct_alcantarillado":0,"pct_camara_septica":0,"pct_pozo_ciego":0,"pct_sin_desague":100,"pct_gas_red":0,"pct_gas_garrafa":20,"pct_lena_guano":80,"pct_basura_formal":0,"pct_basura_quema":100,"pct_basura_informal":0,"pct_internet":40,"pct_celular":100,"pct_televisor":20}},{"type":"Feature","geometry":{"type":"Polygon","coordinates":[[[-66.45954,-17.65506],[-66.45994,-17.65526],[-66.46,-17.65558],[-66.46029,-17.65562],[-66.4605,-17.6558],[-66.46076,-17.65585],[-66.46216,-17.65517],[-66.46196,-17.65487],[-66.46164,-17.65503],[-66.4612,-17.65504],[-66.46067,-17.65443],[-66.46006,-17.65422],[-66.45974,-17.65386],[-66.4592,-17.65431],[-66.45946,-17.65469],[-66.45954,-17.65506]]]},"properties":{"n":"COCHI PAMPA","p":22,"personas_x_ha":7,"masculinidad":144,"pct_menor20":41,"pct_60mas":9,"pct_migrante":0,"dependencia_econ":75,"pct_empleados":17,"pct_cuentapropia":58,"pct_agricultura":75,"pct_comercio":0,"pct_manufactura":0,"pct_construccion":17,"pct_transporte":0,"pct_alojamiento":0,"pct_sin_educacion":33,"pct_educ_superior":0,"brecha_educ":-44,"pct_sin_seguro":14,"pct_sus":86,"pct_seguro_privado":0,"brecha_seguro":25,"pct_salud_publica":31,"pct_med_tradicional":29,"pct_automedicacion":9,"pct_remedios_caseros":27,"pct_viv_desocupada":0,"pct_alquiler":0,"pct_electricidad":67,"pct_sin_electricidad":33,"pct_agua_red":0,"pct_alcantarillado":0,"pct_camara_septica":33,"pct_pozo_ciego":11,"pct_sin_desague":56,"pct_gas_red":0,"pct_gas_garrafa":89,"pct_lena_guano":11,"pct_basura_formal":0,"pct_basura_quema":100,"pct_basura_informal":0,"pct_internet":89,"pct_celular":100,"pct_televisor":33}},{"type":"Feature","geometry":{"type":"Polygon","coordinates":[[[-66.46014,-17.65116],[-66.46002,-17.65091],[-66.45939,-17.65169],[-66.45909,-17.65191],[-66.45916,-17.65201],[-66.4598,-17.65154],[-66.46014,-17.65116]]]},"properties":{"n":"COCHI PAMPA","p":21,"personas_x_ha":73,"masculinidad":91,"pct_menor20":57,"pct_60mas":5,"pct_migrante":5,"dependencia_econ":75,"pct_empleados":0,"pct_cuentapropia":58,"pct_agricultura":100,"pct_comercio":0,"pct_manufactura":0,"pct_construccion":0,"pct_transporte":0,"pct_alojamiento":0,"pct_sin_educacion":22,"pct_educ_superior":0,"brecha_educ":-15,"pct_sin_seguro":5,"pct_sus":95,"pct_seguro_privado":0,"brecha_seguro":10,"pct_salud_publica":38,"pct_med_tradicional":8,"pct_automedicacion":19,"pct_remedios_caseros":34,"pct_viv_desocupada":40,"pct_alquiler":0,"pct_electricidad":67,"pct_sin_electricidad":17,"pct_agua_red":83,"pct_alcantarillado":0,"pct_camara_septica":0,"pct_pozo_ciego":0,"pct_sin_desague":100,"pct_gas_red":0,"pct_gas_garrafa":50,"pct_lena_guano":50,"pct_basura_formal":0,"pct_basura_quema":100,"pct_basura_informal":0,"pct_internet":67,"pct_celular":83,"pct_televisor":50}},{"type":"Feature","geometry":{"type":"Polygon","coordinates":[[[-66.46145,-17.65195],[-66.46131,-17.65175],[-66.4614,-17.65168],[-66.46129,-17.65135],[-66.46091,-17.65094],[-66.46048,-17.65102],[-66.46023,-17.65118],[-66.46041,-17.65191],[-66.46083,-17.6521],[-66.46108,-17.65235],[-66.4613,-17.65226],[-66.46148,-17.65228],[-66.46145,-17.65195]]]},"properties":{"n":"COCHI PAMPA","p":28,"personas_x_ha":21,"masculinidad":75,"pct_menor20":54,"pct_60mas":11,"pct_migrante":11,"dependencia_econ":155,"pct_empleados":18,"pct_cuentapropia":73,"pct_agricultura":73,"pct_comercio":0,"pct_manufactura":0,"pct_construccion":0,"pct_transporte":9,"pct_alojamiento":9,"pct_sin_educacion":15,"pct_educ_superior":0,"brecha_educ":10,"pct_sin_seguro":0,"pct_sus":100,"pct_seguro_privado":0,"brecha_seguro":0,"pct_salud_publica":42,"pct_med_tradicional":11,"pct_automedicacion":14,"pct_remedios_caseros":28,"pct_viv_desocupada":17,"pct_alquiler":0,"pct_electricidad":70,"pct_sin_electricidad":20,"pct_agua_red":30,"pct_alcantarillado":0,"pct_camara_septica":0,"pct_pozo_ciego":20,"pct_sin_desague":70,"pct_gas_red":0,"pct_gas_garrafa":60,"pct_lena_guano":40,"pct_basura_formal":0,"pct_basura_quema":100,"pct_basura_informal":0,"pct_internet":70,"pct_celular":80,"pct_televisor":20}},{"type":"Feature","geometry":{"type":"Polygon","coordinates":[[[-66.4588,-17.65346],[-66.45847,-17.65355],[-66.45839,-17.65332],[-66.45824,-17.65327],[-66.45779,-17.65353],[-66.45756,-17.65322],[-66.45789,-17.653],[-66.4587,-17.65274],[-66.45892,-17.65318],[-66.45897,-17.65314],[-66.45913,-17.65326],[-66.4588,-17.65346]]]},"properties":{"n":"COCHI PAMPA","p":34,"personas_x_ha":43,"masculinidad":162,"pct_menor20":41,"pct_60mas":9,"pct_migrante":12,"dependencia_econ":50,"pct_empleados":5,"pct_cuentapropia":45,"pct_agricultura":59,"pct_comercio":18,"pct_manufactura":0,"pct_construccion":5,"pct_transporte":0,"pct_alojamiento":14,"pct_sin_educacion":16,"pct_educ_superior":0,"brecha_educ":-11,"pct_sin_seguro":39,"pct_sus":55,"pct_seguro_privado":3,"brecha_seguro":22,"pct_salud_publica":20,"pct_med_tradicional":11,"pct_automedicacion":20,"pct_remedios_caseros":25,"pct_viv_desocupada":10,"pct_alquiler":6,"pct_electricidad":89,"pct_sin_electricidad":6,"pct_agua_red":17,"pct_alcantarillado":6,"pct_camara_septica":0,"pct_pozo_ciego":28,"pct_sin_desague":67,"pct_gas_red":6,"pct_gas_garrafa":83,"pct_lena_guano":6,"pct_basura_formal":0,"pct_basura_quema":94,"pct_basura_informal":6,"pct_internet":56,"pct_celular":78,"pct_televisor":50}},{"type":"Feature","geometry":{"type":"Polygon","coordinates":[[[-66.46015,-17.65151],[-66.46028,-17.65166],[-66.46032,-17.65191],[-66.45866,-17.65251],[-66.45977,-17.65164],[-66.46015,-17.65151]]]},"properties":{"n":"COCHI PAMPA","p":34,"personas_x_ha":57,"masculinidad":70,"pct_menor20":29,"pct_60mas":15,"pct_migrante":3,"dependencia_econ":55,"pct_empleados":5,"pct_cuentapropia":77,"pct_agricultura":100,"pct_comercio":0,"pct_manufactura":0,"pct_construccion":0,"pct_transporte":0,"pct_alojamiento":0,"pct_sin_educacion":33,"pct_educ_superior":0,"brecha_educ":-36,"pct_sin_seguro":12,"pct_sus":88,"pct_seguro_privado":0,"brecha_seguro":16,"pct_salud_publica":34,"pct_med_tradicional":14,"pct_automedicacion":17,"pct_remedios_caseros":27,"pct_viv_desocupada":24,"pct_alquiler":0,"pct_electricidad":63,"pct_sin_electricidad":32,"pct_agua_red":37,"pct_alcantarillado":5,"pct_camara_septica":0,"pct_pozo_ciego":5,"pct_sin_desague":89,"pct_gas_red":0,"pct_gas_garrafa":68,"pct_lena_guano":32,"pct_basura_formal":0,"pct_basura_quema":100,"pct_basura_informal":0,"pct_internet":47,"pct_celular":68,"pct_televisor":26}},{"type":"Feature","geometry":{"type":"Polygon","coordinates":[[[-66.45859,-17.65244],[-66.45913,-17.65203],[-66.45907,-17.65193],[-66.45855,-17.65228],[-66.45859,-17.65244]]]},"properties":{"n":"COCHI PAMPA","p":21,"personas_x_ha":177,"masculinidad":91,"pct_menor20":29,"pct_60mas":14,"pct_migrante":10,"dependencia_econ":50,"pct_empleados":14,"pct_cuentapropia":71,"pct_agricultura":50,"pct_comercio":14,"pct_manufactura":7,"pct_construccion":0,"pct_transporte":7,"pct_alojamiento":7,"pct_sin_educacion":20,"pct_educ_superior":0,"brecha_educ":-33,"pct_sin_seguro":0,"pct_sus":95,"pct_seguro_privado":5,"brecha_seguro":0,"pct_salud_publica":19,"pct_med_tradicional":17,"pct_automedicacion":16,"pct_remedios_caseros":30,"pct_viv_desocupada":21,"pct_alquiler":0,"pct_electricidad":73,"pct_sin_electricidad":27,"pct_agua_red":73,"pct_alcantarillado":0,"pct_camara_septica":0,"pct_pozo_ciego":0,"pct_sin_desague":100,"pct_gas_red":0,"pct_gas_garrafa":82,"pct_lena_guano":18,"pct_basura_formal":0,"pct_basura_quema":91,"pct_basura_informal":9,"pct_internet":36,"pct_celular":55,"pct_televisor":45}},{"type":"Feature","geometry":{"type":"Polygon","coordinates":[[[-66.35755,-17.56443],[-66.35742,-17.56431],[-66.35747,-17.56425],[-66.35781,-17.5643],[-66.35799,-17.56402],[-66.3582,-17.5641],[-66.35778,-17.56499],[-66.35756,-17.56496],[-66.35755,-17.56443]]]},"properties":{"n":"CORACABA","p":16,"personas_x_ha":41,"masculinidad":78,"pct_menor20":38,"pct_60mas":6,"pct_migrante":31,"dependencia_econ":78,"pct_empleados":11,"pct_cuentapropia":78,"pct_agricultura":78,"pct_comercio":0,"pct_manufactura":0,"pct_construccion":0,"pct_transporte":0,"pct_alojamiento":11,"pct_sin_educacion":9,"pct_educ_superior":9,"brecha_educ":-21,"pct_sin_seguro":31,"pct_sus":69,"pct_seguro_privado":0,"brecha_seguro":-30,"pct_salud_publica":29,"pct_med_tradicional":17,"pct_automedicacion":21,"pct_remedios_caseros":21,"pct_viv_desocupada":14,"pct_alquiler":17,"pct_electricidad":83,"pct_sin_electricidad":0,"pct_agua_red":50,"pct_alcantarillado":0,"pct_camara_septica":0,"pct_pozo_ciego":83,"pct_sin_desague":17,"pct_gas_red":0,"pct_gas_garrafa":83,"pct_lena_guano":17,"pct_basura_formal":0,"pct_basura_quema":100,"pct_basura_informal":0,"pct_internet":83,"pct_celular":100,"pct_televisor":67}},{"type":"Feature","geometry":{"type":"Polygon","coordinates":[[[-66.7628,-17.53416],[-66.76258,-17.53462],[-66.76301,-17.53422],[-66.7628,-17.53416]]]},"properties":{"n":"ESQUILLANI","p":19,"personas_x_ha":219,"masculinidad":138,"pct_menor20":37,"pct_60mas":11,"pct_migrante":11,"dependencia_econ":46,"pct_empleados":38,"pct_cuentapropia":62,"pct_agricultura":69,"pct_comercio":0,"pct_manufactura":8,"pct_construccion":15,"pct_transporte":0,"pct_alojamiento":8,"pct_sin_educacion":0,"pct_educ_superior":0,"brecha_educ":12,"pct_sin_seguro":11,"pct_sus":84,"pct_seguro_privado":5,"brecha_seguro":-3,"pct_salud_publica":33,"pct_med_tradicional":0,"pct_automedicacion":23,"pct_remedios_caseros":33,"pct_viv_desocupada":14,"pct_alquiler":0,"pct_electricidad":100,"pct_sin_electricidad":0,"pct_agua_red":100,"pct_alcantarillado":0,"pct_camara_septica":0,"pct_pozo_ciego":0,"pct_sin_desague":100,"pct_gas_red":0,"pct_gas_garrafa":0,"pct_lena_guano":100,"pct_basura_formal":0,"pct_basura_quema":83,"pct_basura_informal":0,"pct_internet":100,"pct_celular":100,"pct_televisor":17}},{"type":"Feature","geometry":{"type":"Polygon","coordinates":[[[-66.76277,-17.53502],[-66.76258,-17.53471],[-66.76298,-17.53433],[-66.76324,-17.53426],[-66.76335,-17.53431],[-66.76345,-17.53464],[-66.76339,-17.53479],[-66.76296,-17.53488],[-66.76291,-17.53498],[-66.76277,-17.53502]]]},"properties":{"n":"ESQUILLANI","p":19,"personas_x_ha":40,"masculinidad":111,"pct_menor20":26,"pct_60mas":26,"pct_migrante":32,"dependencia_econ":36,"pct_empleados":7,"pct_cuentapropia":71,"pct_agricultura":86,"pct_comercio":0,"pct_manufactura":0,"pct_construccion":0,"pct_transporte":0,"pct_alojamiento":7,"pct_sin_educacion":7,"pct_educ_superior":21,"brecha_educ":-4,"pct_sin_seguro":5,"pct_sus":84,"pct_seguro_privado":0,"brecha_seguro":-11,"pct_salud_publica":19,"pct_med_tradicional":0,"pct_automedicacion":36,"pct_remedios_caseros":40,"pct_viv_desocupada":0,"pct_alquiler":0,"pct_electricidad":50,"pct_sin_electricidad":50,"pct_agua_red":88,"pct_alcantarillado":0,"pct_camara_septica":0,"pct_pozo_ciego":0,"pct_sin_desague":100,"pct_gas_red":0,"pct_gas_garrafa":0,"pct_lena_guano":88,"pct_basura_formal":0,"pct_basura_quema":100,"pct_basura_informal":0,"pct_internet":75,"pct_celular":75,"pct_televisor":12}},{"type":"Feature","geometry":{"type":"Polygon","coordinates":[[[-66.76155,-17.53481],[-66.76133,-17.53513],[-66.76106,-17.53516],[-66.76106,-17.53537],[-66.76133,-17.53557],[-66.76147,-17.53557],[-66.76147,-17.53542],[-66.76176,-17.53529],[-66.76188,-17.53511],[-66.76188,-17.53495],[-66.76155,-17.53481]]]},"properties":{"n":"ESQUILLANI","p":24,"personas_x_ha":57,"masculinidad":380,"pct_menor20":29,"pct_60mas":21,"pct_migrante":38,"dependencia_econ":50,"pct_empleados":12,"pct_cuentapropia":56,"pct_agricultura":62,"pct_comercio":6,"pct_manufactura":12,"pct_construccion":19,"pct_transporte":0,"pct_alojamiento":0,"pct_sin_educacion":17,"pct_educ_superior":11,"brecha_educ":-32,"pct_sin_seguro":17,"pct_sus":83,"pct_seguro_privado":0,"brecha_seguro":21,"pct_salud_publica":58,"pct_med_tradicional":12,"pct_automedicacion":0,"pct_remedios_caseros":29,"pct_viv_desocupada":0,"pct_alquiler":0,"pct_electricidad":89,"pct_sin_electricidad":11,"pct_agua_red":0,"pct_alcantarillado":0,"pct_camara_septica":11,"pct_pozo_ciego":0,"pct_sin_desague":89,"pct_gas_red":0,"pct_gas_garrafa":0,"pct_lena_guano":100,"pct_basura_formal":0,"pct_basura_quema":89,"pct_basura_informal":0,"pct_internet":56,"pct_celular":67,"pct_televisor":0}},{"type":"Feature","geometry":{"type":"Polygon","coordinates":[[[-66.7629,-17.53254],[-66.76327,-17.53278],[-66.76298,-17.53316],[-66.7632,-17.5336],[-66.76338,-17.53374],[-66.7633,-17.53383],[-66.76288,-17.53348],[-66.76273,-17.53313],[-66.76234,-17.533],[-66.76227,-17.5329],[-66.76226,-17.53281],[-66.76259,-17.53256],[-66.7629,-17.53254]]]},"properties":{"n":"ESQUILLANI","p":23,"personas_x_ha":34,"masculinidad":156,"pct_menor20":26,"pct_60mas":22,"pct_migrante":9,"dependencia_econ":64,"pct_empleados":36,"pct_cuentapropia":50,"pct_agricultura":57,"pct_comercio":7,"pct_manufactura":7,"pct_construccion":21,"pct_transporte":0,"pct_alojamiento":7,"pct_sin_educacion":18,"pct_educ_superior":12,"brecha_educ":-21,"pct_sin_seguro":0,"pct_sus":100,"pct_seguro_privado":0,"brecha_seguro":0,"pct_salud_publica":32,"pct_med_tradicional":7,"pct_automedicacion":30,"pct_remedios_caseros":26,"pct_viv_desocupada":10,"pct_alquiler":0,"pct_electricidad":100,"pct_sin_electricidad":0,"pct_agua_red":12,"pct_alcantarillado":0,"pct_camara_septica":0,"pct_pozo_ciego":0,"pct_sin_desague":100,"pct_gas_red":0,"pct_gas_garrafa":12,"pct_lena_guano":88,"pct_basura_formal":0,"pct_basura_quema":88,"pct_basura_informal":0,"pct_internet":62,"pct_celular":75,"pct_televisor":38}},{"type":"Feature","geometry":{"type":"Polygon","coordinates":[[[-66.763,-17.69603],[-66.76297,-17.69581],[-66.76316,-17.69568],[-66.76334,-17.69651],[-66.76308,-17.69657],[-66.76278,-17.69607],[-66.763,-17.69603]]]},"properties":{"n":"JAPO KASA","p":21,"personas_x_ha":66,"masculinidad":162,"pct_menor20":48,"pct_60mas":19,"pct_migrante":14,"dependencia_econ":75,"pct_empleados":25,"pct_cuentapropia":58,"pct_agricultura":58,"pct_comercio":0,"pct_manufactura":8,"pct_construccion":25,"pct_transporte":8,"pct_alojamiento":0,"pct_sin_educacion":0,"pct_educ_superior":0,"brecha_educ":-25,"pct_sin_seguro":5,"pct_sus":81,"pct_seguro_privado":0,"brecha_seguro":8,"pct_salud_publica":24,"pct_med_tradicional":27,"pct_automedicacion":7,"pct_remedios_caseros":30,"pct_viv_desocupada":33,"pct_alquiler":12,"pct_electricidad":75,"pct_sin_electricidad":12,"pct_agua_red":25,"pct_alcantarillado":38,"pct_camara_septica":0,"pct_pozo_ciego":12,"pct_sin_desague":38,"pct_gas_red":0,"pct_gas_garrafa":100,"pct_lena_guano":0,"pct_basura_formal":0,"pct_basura_quema":100,"pct_basura_informal":0,"pct_internet":88,"pct_celular":100,"pct_televisor":62}},{"type":"Feature","geometry":{"type":"Polygon","coordinates":[[[-66.55157,-17.7111],[-66.55135,-17.71087],[-66.55089,-17.71075],[-66.55082,-17.71094],[-66.5515,-17.71124],[-66.55157,-17.7111]]]},"properties":{"n":"KJARKAS","p":24,"personas_x_ha":118,"masculinidad":140,"pct_menor20":58,"pct_60mas":0,"pct_migrante":8,"dependencia_econ":118,"pct_empleados":18,"pct_cuentapropia":36,"pct_agricultura":64,"pct_comercio":9,"pct_manufactura":0,"pct_construccion":9,"pct_transporte":0,"pct_alojamiento":0,"pct_sin_educacion":8,"pct_educ_superior":0,"brecha_educ":-31,"pct_sin_seguro":17,"pct_sus":83,"pct_seguro_privado":0,"brecha_seguro":-5,"pct_salud_publica":30,"pct_med_tradicional":25,"pct_automedicacion":3,"pct_remedios_caseros":23,"pct_viv_desocupada":22,"pct_alquiler":14,"pct_electricidad":86,"pct_sin_electricidad":14,"pct_agua_red":14,"pct_alcantarillado":14,"pct_camara_septica":14,"pct_pozo_ciego":0,"pct_sin_desague":71,"pct_gas_red":0,"pct_gas_garrafa":57,"pct_lena_guano":43,"pct_basura_formal":0,"pct_basura_quema":100,"pct_basura_informal":0,"pct_internet":43,"pct_celular":57,"pct_televisor":29}},{"type":"Feature","geometry":{"type":"Polygon","coordinates":[[[-66.41097,-17.66641],[-66.41086,-17.66613],[-66.41069,-17.666],[-66.41068,-17.6658],[-66.411,-17.6658],[-66.41118,-17.666],[-66.41123,-17.66627],[-66.41148,-17.66644],[-66.4114,-17.66666],[-66.41129,-17.66672],[-66.41097,-17.66641]]]},"properties":{"n":"LLAVINI","p":32,"personas_x_ha":88,"masculinidad":146,"pct_menor20":50,"pct_60mas":0,"pct_migrante":31,"dependencia_econ":129,"pct_empleados":36,"pct_cuentapropia":43,"pct_agricultura":43,"pct_comercio":0,"pct_manufactura":7,"pct_construccion":7,"pct_transporte":7,"pct_alojamiento":0,"pct_sin_educacion":12,"pct_educ_superior":6,"brecha_educ":-27,"pct_sin_seguro":3,"pct_sus":97,"pct_seguro_privado":0,"brecha_seguro":5,"pct_salud_publica":31,"pct_med_tradicional":12,"pct_automedicacion":7,"pct_remedios_caseros":25,"pct_viv_desocupada":8,"pct_alquiler":0,"pct_electricidad":82,"pct_sin_electricidad":18,"pct_agua_red":55,"pct_alcantarillado":18,"pct_camara_septica":0,"pct_pozo_ciego":36,"pct_sin_desague":36,"pct_gas_red":0,"pct_gas_garrafa":73,"pct_lena_guano":27,"pct_basura_formal":0,"pct_basura_quema":100,"pct_basura_informal":0,"pct_internet":73,"pct_celular":91,"pct_televisor":82}},{"type":"Feature","geometry":{"type":"Polygon","coordinates":[[[-66.41243,-17.6656],[-66.41219,-17.66551],[-66.41201,-17.66565],[-66.41231,-17.66598],[-66.41245,-17.66594],[-66.41243,-17.6656]]]},"properties":{"n":"LLAVINI","p":21,"personas_x_ha":139,"masculinidad":62,"pct_menor20":43,"pct_60mas":10,"pct_migrante":33,"dependencia_econ":133,"pct_empleados":44,"pct_cuentapropia":22,"pct_agricultura":33,"pct_comercio":0,"pct_manufactura":0,"pct_construccion":33,"pct_transporte":11,"pct_alojamiento":11,"pct_sin_educacion":33,"pct_educ_superior":0,"brecha_educ":-17,"pct_sin_seguro":0,"pct_sus":90,"pct_seguro_privado":0,"brecha_seguro":0,"pct_salud_publica":19,"pct_med_tradicional":25,"pct_automedicacion":22,"pct_remedios_caseros":24,"pct_viv_desocupada":0,"pct_alquiler":0,"pct_electricidad":71,"pct_sin_electricidad":29,"pct_agua_red":86,"pct_alcantarillado":0,"pct_camara_septica":14,"pct_pozo_ciego":43,"pct_sin_desague":14,"pct_gas_red":0,"pct_gas_garrafa":57,"pct_lena_guano":43,"pct_basura_formal":0,"pct_basura_quema":100,"pct_basura_informal":0,"pct_internet":86,"pct_celular":86,"pct_televisor":100}},{"type":"Feature","geometry":{"type":"Polygon","coordinates":[[[-66.41296,-17.66534],[-66.41373,-17.6645],[-66.41412,-17.66431],[-66.41435,-17.66446],[-66.41399,-17.66546],[-66.41342,-17.66576],[-66.41296,-17.66534]]]},"properties":{"n":"LLAVINI","p":27,"personas_x_ha":23,"masculinidad":108,"pct_menor20":44,"pct_60mas":15,"pct_migrante":11,"dependencia_econ":69,"pct_empleados":50,"pct_cuentapropia":19,"pct_agricultura":50,"pct_comercio":6,"pct_manufactura":0,"pct_construccion":25,"pct_transporte":6,"pct_alojamiento":6,"pct_sin_educacion":27,"pct_educ_superior":7,"brecha_educ":-39,"pct_sin_seguro":0,"pct_sus":100,"pct_seguro_privado":0,"brecha_seguro":0,"pct_salud_publica":27,"pct_med_tradicional":5,"pct_automedicacion":18,"pct_remedios_caseros":22,"pct_viv_desocupada":0,"pct_alquiler":10,"pct_electricidad":90,"pct_sin_electricidad":10,"pct_agua_red":50,"pct_alcantarillado":0,"pct_camara_septica":80,"pct_pozo_ciego":10,"pct_sin_desague":10,"pct_gas_red":0,"pct_gas_garrafa":80,"pct_lena_guano":10,"pct_basura_formal":0,"pct_basura_quema":90,"pct_basura_informal":0,"pct_internet":90,"pct_celular":100,"pct_televisor":70}},{"type":"Feature","geometry":{"type":"Polygon","coordinates":[[[-66.41246,-17.66571],[-66.41306,-17.66549],[-66.41336,-17.66579],[-66.41251,-17.66605],[-66.41246,-17.66571]]]},"properties":{"n":"LLAVINI","p":36,"personas_x_ha":107,"masculinidad":125,"pct_menor20":53,"pct_60mas":0,"pct_migrante":25,"dependencia_econ":70,"pct_empleados":50,"pct_cuentapropia":45,"pct_agricultura":30,"pct_comercio":10,"pct_manufactura":0,"pct_construccion":30,"pct_transporte":5,"pct_alojamiento":10,"pct_sin_educacion":5,"pct_educ_superior":16,"brecha_educ":-26,"pct_sin_seguro":3,"pct_sus":97,"pct_seguro_privado":0,"brecha_seguro":5,"pct_salud_publica":32,"pct_med_tradicional":5,"pct_automedicacion":20,"pct_remedios_caseros":30,"pct_viv_desocupada":7,"pct_alquiler":20,"pct_electricidad":80,"pct_sin_electricidad":20,"pct_agua_red":100,"pct_alcantarillado":0,"pct_camara_septica":0,"pct_pozo_ciego":40,"pct_sin_desague":20,"pct_gas_red":0,"pct_gas_garrafa":90,"pct_lena_guano":10,"pct_basura_formal":0,"pct_basura_quema":100,"pct_basura_informal":0,"pct_internet":90,"pct_celular":100,"pct_televisor":60}},{"type":"Feature","geometry":{"type":"Polygon","coordinates":[[[-66.41096,-17.66647],[-66.41075,-17.66643],[-66.41052,-17.66625],[-66.41042,-17.66613],[-66.41048,-17.66591],[-66.41067,-17.6659],[-66.41069,-17.66603],[-66.41078,-17.66603],[-66.41087,-17.66618],[-66.41096,-17.66647]]]},"properties":{"n":"LLAVINI","p":28,"personas_x_ha":144,"masculinidad":155,"pct_menor20":64,"pct_60mas":0,"pct_migrante":11,"dependencia_econ":300,"pct_empleados":29,"pct_cuentapropia":71,"pct_agricultura":43,"pct_comercio":0,"pct_manufactura":0,"pct_construccion":29,"pct_transporte":14,"pct_alojamiento":14,"pct_sin_educacion":0,"pct_educ_superior":10,"brecha_educ":-20,"pct_sin_seguro":7,"pct_sus":89,"pct_seguro_privado":0,"brecha_seguro":12,"pct_salud_publica":41,"pct_med_tradicional":9,"pct_automedicacion":28,"pct_remedios_caseros":12,"pct_viv_desocupada":30,"pct_alquiler":0,"pct_electricidad":71,"pct_sin_electricidad":29,"pct_agua_red":100,"pct_alcantarillado":0,"pct_camara_septica":0,"pct_pozo_ciego":29,"pct_sin_desague":57,"pct_gas_red":0,"pct_gas_garrafa":100,"pct_lena_guano":0,"pct_basura_formal":0,"pct_basura_quema":100,"pct_basura_informal":0,"pct_internet":100,"pct_celular":100,"pct_televisor":86}},{"type":"Feature","geometry":{"type":"Polygon","coordinates":[[[-66.41266,-17.66556],[-66.41259,-17.66549],[-66.41259,-17.66563],[-66.41232,-17.6655],[-66.41232,-17.6654],[-66.41272,-17.66524],[-66.41288,-17.66539],[-66.41283,-17.66552],[-66.41266,-17.66556]]]},"properties":{"n":"LLAVINI","p":17,"personas_x_ha":119,"masculinidad":183,"pct_menor20":35,"pct_60mas":12,"pct_migrante":12,"dependencia_econ":112,"pct_empleados":62,"pct_cuentapropia":25,"pct_agricultura":88,"pct_comercio":0,"pct_manufactura":0,"pct_construccion":12,"pct_transporte":0,"pct_alojamiento":0,"pct_sin_educacion":0,"pct_educ_superior":0,"brecha_educ":18,"pct_sin_seguro":0,"pct_sus":100,"pct_seguro_privado":0,"brecha_seguro":0,"pct_salud_publica":25,"pct_med_tradicional":11,"pct_automedicacion":18,"pct_remedios_caseros":26,"pct_viv_desocupada":0,"pct_alquiler":0,"pct_electricidad":67,"pct_sin_electricidad":33,"pct_agua_red":67,"pct_alcantarillado":0,"pct_camara_septica":0,"pct_pozo_ciego":17,"pct_sin_desague":83,"pct_gas_red":0,"pct_gas_garrafa":17,"pct_lena_guano":83,"pct_basura_formal":0,"pct_basura_quema":100,"pct_basura_informal":0,"pct_internet":100,"pct_celular":100,"pct_televisor":83}},{"type":"Feature","geometry":{"type":"Polygon","coordinates":[[[-66.81839,-17.56027],[-66.81844,-17.56009],[-66.81832,-17.55995],[-66.8181,-17.55996],[-66.81809,-17.56025],[-66.81795,-17.56026],[-66.81793,-17.56033],[-66.81803,-17.56059],[-66.81839,-17.56027]]]},"properties":{"n":"MACHACAMARCA","p":57,"personas_x_ha":248,"masculinidad":111,"pct_menor20":30,"pct_60mas":18,"pct_migrante":5,"dependencia_econ":30,"pct_empleados":5,"pct_cuentapropia":79,"pct_agricultura":79,"pct_comercio":2,"pct_manufactura":5,"pct_construccion":7,"pct_transporte":2,"pct_alojamiento":0,"pct_sin_educacion":15,"pct_educ_superior":12,"brecha_educ":-7,"pct_sin_seguro":7,"pct_sus":91,"pct_seguro_privado":0,"brecha_seguro":14,"pct_salud_publica":40,"pct_med_tradicional":1,"pct_automedicacion":13,"pct_remedios_caseros":44,"pct_viv_desocupada":0,"pct_alquiler":0,"pct_electricidad":56,"pct_sin_electricidad":38,"pct_agua_red":0,"pct_alcantarillado":0,"pct_camara_septica":0,"pct_pozo_ciego":0,"pct_sin_desague":100,"pct_gas_red":0,"pct_gas_garrafa":0,"pct_lena_guano":100,"pct_basura_formal":0,"pct_basura_quema":100,"pct_basura_informal":0,"pct_internet":50,"pct_celular":75,"pct_televisor":0}},{"type":"Feature","geometry":{"type":"Polygon","coordinates":[[[-66.81764,-17.56109],[-66.81739,-17.5612],[-66.81748,-17.56131],[-66.8175,-17.56188],[-66.81789,-17.56196],[-66.81798,-17.56153],[-66.81829,-17.56114],[-66.81823,-17.56057],[-66.81785,-17.56071],[-66.81769,-17.56092],[-66.8176,-17.56093],[-66.81764,-17.56109]]]},"properties":{"n":"MACHACAMARCA","p":45,"personas_x_ha":53,"masculinidad":150,"pct_menor20":24,"pct_60mas":20,"pct_migrante":13,"dependencia_econ":38,"pct_empleados":19,"pct_cuentapropia":62,"pct_agricultura":72,"pct_comercio":12,"pct_manufactura":0,"pct_construccion":3,"pct_transporte":3,"pct_alojamiento":0,"pct_sin_educacion":9,"pct_educ_superior":15,"brecha_educ":-4,"pct_sin_seguro":18,"pct_sus":77,"pct_seguro_privado":5,"brecha_seguro":21,"pct_salud_publica":19,"pct_med_tradicional":30,"pct_automedicacion":11,"pct_remedios_caseros":35,"pct_viv_desocupada":0,"pct_alquiler":0,"pct_electricidad":47,"pct_sin_electricidad":53,"pct_agua_red":13,"pct_alcantarillado":0,"pct_camara_septica":0,"pct_pozo_ciego":0,"pct_sin_desague":100,"pct_gas_red":0,"pct_gas_garrafa":0,"pct_lena_guano":100,"pct_basura_formal":0,"pct_basura_quema":60,"pct_basura_informal":7,"pct_internet":47,"pct_celular":80,"pct_televisor":7}},{"type":"Feature","geometry":{"type":"Polygon","coordinates":[[[-66.81727,-17.5609],[-66.8174,-17.56116],[-66.81761,-17.56108],[-66.81758,-17.56092],[-66.81743,-17.56083],[-66.81729,-17.56079],[-66.81727,-17.5609]]]},"properties":{"n":"MACHACAMARCA","p":26,"personas_x_ha":280,"masculinidad":160,"pct_menor20":38,"pct_60mas":8,"pct_migrante":42,"dependencia_econ":160,"pct_empleados":20,"pct_cuentapropia":80,"pct_agricultura":60,"pct_comercio":0,"pct_manufactura":20,"pct_construccion":0,"pct_transporte":20,"pct_alojamiento":0,"pct_sin_educacion":6,"pct_educ_superior":6,"brecha_educ":-10,"pct_sin_seguro":19,"pct_sus":81,"pct_seguro_privado":0,"brecha_seguro":-1,"pct_salud_publica":76,"pct_med_tradicional":24,"pct_automedicacion":0,"pct_remedios_caseros":0,"pct_viv_desocupada":0,"pct_alquiler":0,"pct_electricidad":100,"pct_sin_electricidad":0,"pct_agua_red":0,"pct_alcantarillado":0,"pct_camara_septica":0,"pct_pozo_ciego":14,"pct_sin_desague":57,"pct_gas_red":0,"pct_gas_garrafa":0,"pct_lena_guano":100,"pct_basura_formal":0,"pct_basura_quema":71,"pct_basura_informal":0,"pct_internet":43,"pct_celular":100,"pct_televisor":0}},{"type":"Feature","geometry":{"type":"Polygon","coordinates":[[[-66.81908,-17.56028],[-66.81906,-17.56056],[-66.81917,-17.56061],[-66.81908,-17.56077],[-66.81913,-17.56085],[-66.8189,-17.56119],[-66.81834,-17.56116],[-66.81827,-17.56052],[-66.81841,-17.56032],[-66.81908,-17.56028]]]},"properties":{"n":"MACHACAMARCA","p":57,"personas_x_ha":74,"masculinidad":138,"pct_menor20":39,"pct_60mas":12,"pct_migrante":11,"dependencia_econ":107,"pct_empleados":0,"pct_cuentapropia":15,"pct_agricultura":100,"pct_comercio":0,"pct_manufactura":0,"pct_construccion":0,"pct_transporte":0,"pct_alojamiento":0,"pct_sin_educacion":12,"pct_educ_superior":6,"brecha_educ":-26,"pct_sin_seguro":19,"pct_sus":81,"pct_seguro_privado":0,"brecha_seguro":0,"pct_salud_publica":48,"pct_med_tradicional":8,"pct_automedicacion":22,"pct_remedios_caseros":16,"pct_viv_desocupada":11,"pct_alquiler":0,"pct_electricidad":35,"pct_sin_electricidad":65,"pct_agua_red":0,"pct_alcantarillado":0,"pct_camara_septica":6,"pct_pozo_ciego":0,"pct_sin_desague":94,"pct_gas_red":0,"pct_gas_garrafa":6,"pct_lena_guano":88,"pct_basura_formal":6,"pct_basura_quema":88,"pct_basura_informal":0,"pct_internet":24,"pct_celular":29,"pct_televisor":0}},{"type":"Feature","geometry":{"type":"Polygon","coordinates":[[[-66.81816,-17.5599],[-66.8182,-17.55975],[-66.81892,-17.55926],[-66.81915,-17.55937],[-66.81874,-17.55967],[-66.81845,-17.56007],[-66.81833,-17.55992],[-66.81816,-17.5599]]]},"properties":{"n":"MACHACAMARCA","p":39,"personas_x_ha":122,"masculinidad":160,"pct_menor20":38,"pct_60mas":26,"pct_migrante":0,"dependencia_econ":62,"pct_empleados":0,"pct_cuentapropia":75,"pct_agricultura":71,"pct_comercio":4,"pct_manufactura":8,"pct_construccion":4,"pct_transporte":0,"pct_alojamiento":0,"pct_sin_educacion":21,"pct_educ_superior":8,"brecha_educ":-16,"pct_sin_seguro":0,"pct_sus":100,"pct_seguro_privado":0,"brecha_seguro":0,"pct_salud_publica":35,"pct_med_tradicional":19,"pct_automedicacion":23,"pct_remedios_caseros":20,"pct_viv_desocupada":0,"pct_alquiler":0,"pct_electricidad":60,"pct_sin_electricidad":27,"pct_agua_red":60,"pct_alcantarillado":0,"pct_camara_septica":0,"pct_pozo_ciego":7,"pct_sin_desague":93,"pct_gas_red":0,"pct_gas_garrafa":7,"pct_lena_guano":93,"pct_basura_formal":7,"pct_basura_quema":87,"pct_basura_informal":0,"pct_internet":7,"pct_celular":60,"pct_televisor":13}},{"type":"Feature","geometry":{"type":"Polygon","coordinates":[[[-66.81942,-17.56033],[-66.81992,-17.56011],[-66.82,-17.55991],[-66.81935,-17.55981],[-66.81893,-17.5596],[-66.81882,-17.55968],[-66.81864,-17.55995],[-66.81942,-17.56033]]]},"properties":{"n":"MACHACAMARCA","p":24,"personas_x_ha":39,"masculinidad":243,"pct_menor20":17,"pct_60mas":29,"pct_migrante":25,"dependencia_econ":33,"pct_empleados":28,"pct_cuentapropia":61,"pct_agricultura":61,"pct_comercio":6,"pct_manufactura":22,"pct_construccion":6,"pct_transporte":0,"pct_alojamiento":6,"pct_sin_educacion":10,"pct_educ_superior":35,"brecha_educ":-24,"pct_sin_seguro":54,"pct_sus":46,"pct_seguro_privado":0,"brecha_seguro":16,"pct_salud_publica":18,"pct_med_tradicional":11,"pct_automedicacion":34,"pct_remedios_caseros":34,"pct_viv_desocupada":0,"pct_alquiler":0,"pct_electricidad":67,"pct_sin_electricidad":22,"pct_agua_red":0,"pct_alcantarillado":0,"pct_camara_septica":0,"pct_pozo_ciego":0,"pct_sin_desague":100,"pct_gas_red":0,"pct_gas_garrafa":11,"pct_lena_guano":89,"pct_basura_formal":0,"pct_basura_quema":89,"pct_basura_informal":0,"pct_internet":89,"pct_celular":100,"pct_televisor":11}},{"type":"Feature","geometry":{"type":"Polygon","coordinates":[[[-66.81791,-17.56026],[-66.81795,-17.56061],[-66.81784,-17.56062],[-66.81761,-17.56002],[-66.81794,-17.55969],[-66.81815,-17.55984],[-66.81803,-17.56005],[-66.81806,-17.56023],[-66.81791,-17.56026]]]},"properties":{"n":"MACHACAMARCA","p":39,"personas_x_ha":136,"masculinidad":200,"pct_menor20":15,"pct_60mas":28,"pct_migrante":5,"dependencia_econ":22,"pct_empleados":9,"pct_cuentapropia":59,"pct_agricultura":97,"pct_comercio":0,"pct_manufactura":0,"pct_construccion":0,"pct_transporte":0,"pct_alojamiento":0,"pct_sin_educacion":18,"pct_educ_superior":3,"brecha_educ":-35,"pct_sin_seguro":13,"pct_sus":85,"pct_seguro_privado":0,"brecha_seguro":-15,"pct_salud_publica":57,"pct_med_tradicional":0,"pct_automedicacion":0,"pct_remedios_caseros":42,"pct_viv_desocupada":0,"pct_alquiler":0,"pct_electricidad":15,"pct_sin_electricidad":85,"pct_agua_red":23,"pct_alcantarillado":0,"pct_camara_septica":0,"pct_pozo_ciego":0,"pct_sin_desague":100,"pct_gas_red":0,"pct_gas_garrafa":8,"pct_lena_guano":92,"pct_basura_formal":0,"pct_basura_quema":100,"pct_basura_informal":0,"pct_internet":54,"pct_celular":85,"pct_televisor":8}},{"type":"Feature","geometry":{"type":"Polygon","coordinates":[[[-66.81764,-17.56091],[-66.81719,-17.56071],[-66.81731,-17.5606],[-66.81765,-17.56057],[-66.81782,-17.5607],[-66.81764,-17.56091]]]},"properties":{"n":"MACHACAMARCA","p":26,"personas_x_ha":165,"masculinidad":189,"pct_menor20":54,"pct_60mas":8,"pct_migrante":42,"dependencia_econ":189,"pct_empleados":0,"pct_cuentapropia":89,"pct_agricultura":100,"pct_comercio":0,"pct_manufactura":0,"pct_construccion":0,"pct_transporte":0,"pct_alojamiento":0,"pct_sin_educacion":8,"pct_educ_superior":0,"brecha_educ":-66,"pct_sin_seguro":38,"pct_sus":62,"pct_seguro_privado":0,"brecha_seguro":8,"pct_salud_publica":48,"pct_med_tradicional":25,"pct_automedicacion":11,"pct_remedios_caseros":16,"pct_viv_desocupada":0,"pct_alquiler":0,"pct_electricidad":100,"pct_sin_electricidad":0,"pct_agua_red":0,"pct_alcantarillado":0,"pct_camara_septica":0,"pct_pozo_ciego":0,"pct_sin_desague":88,"pct_gas_red":0,"pct_gas_garrafa":0,"pct_lena_guano":100,"pct_basura_formal":0,"pct_basura_quema":100,"pct_basura_informal":0,"pct_internet":12,"pct_celular":88,"pct_televisor":0}},{"type":"Feature","geometry":{"type":"Polygon","coordinates":[[[-66.80703,-17.70005],[-66.80727,-17.70004],[-66.80739,-17.70041],[-66.80802,-17.70093],[-66.80801,-17.70107],[-66.80773,-17.70135],[-66.80755,-17.70137],[-66.8074,-17.70124],[-66.80738,-17.70116],[-66.80762,-17.70093],[-66.80735,-17.70067],[-66.80727,-17.70075],[-66.80659,-17.70017],[-66.80677,-17.69994],[-66.80703,-17.70005]]]},"properties":{"n":"MUJLLI","p":31,"personas_x_ha":39,"masculinidad":107,"pct_menor20":45,"pct_60mas":10,"pct_migrante":77,"dependencia_econ":63,"pct_empleados":0,"pct_cuentapropia":89,"pct_agricultura":95,"pct_comercio":5,"pct_manufactura":0,"pct_construccion":0,"pct_transporte":0,"pct_alojamiento":0,"pct_sin_educacion":0,"pct_educ_superior":0,"brecha_educ":-21,"pct_sin_seguro":3,"pct_sus":97,"pct_seguro_privado":0,"brecha_seguro":7,"pct_salud_publica":14,"pct_med_tradicional":19,"pct_automedicacion":17,"pct_remedios_caseros":19,"pct_viv_desocupada":0,"pct_alquiler":0,"pct_electricidad":70,"pct_sin_electricidad":10,"pct_agua_red":0,"pct_alcantarillado":0,"pct_camara_septica":0,"pct_pozo_ciego":0,"pct_sin_desague":80,"pct_gas_red":0,"pct_gas_garrafa":10,"pct_lena_guano":90,"pct_basura_formal":0,"pct_basura_quema":100,"pct_basura_informal":0,"pct_internet":60,"pct_celular":80,"pct_televisor":20}},{"type":"Feature","geometry":{"type":"Polygon","coordinates":[[[-66.8065,-17.70123],[-66.80705,-17.70108],[-66.80709,-17.70127],[-66.80733,-17.70125],[-66.80737,-17.70098],[-66.80668,-17.70032],[-66.80617,-17.7008],[-66.8065,-17.70123]]]},"properties":{"n":"MUJLLI","p":26,"personas_x_ha":34,"masculinidad":100,"pct_menor20":23,"pct_60mas":15,"pct_migrante":4,"dependencia_econ":30,"pct_empleados":0,"pct_cuentapropia":75,"pct_agricultura":100,"pct_comercio":0,"pct_manufactura":0,"pct_construccion":0,"pct_transporte":0,"pct_alojamiento":0,"pct_sin_educacion":10,"pct_educ_superior":5,"brecha_educ":-15,"pct_sin_seguro":15,"pct_sus":85,"pct_seguro_privado":0,"brecha_seguro":0,"pct_salud_publica":57,"pct_med_tradicional":2,"pct_automedicacion":2,"pct_remedios_caseros":36,"pct_viv_desocupada":0,"pct_alquiler":0,"pct_electricidad":73,"pct_sin_electricidad":27,"pct_agua_red":0,"pct_alcantarillado":0,"pct_camara_septica":0,"pct_pozo_ciego":9,"pct_sin_desague":91,"pct_gas_red":0,"pct_gas_garrafa":18,"pct_lena_guano":73,"pct_basura_formal":9,"pct_basura_quema":73,"pct_basura_informal":18,"pct_internet":36,"pct_celular":64,"pct_televisor":0}},{"type":"Feature","geometry":{"type":"Polygon","coordinates":[[[-66.6983,-17.64399],[-66.69839,-17.64377],[-66.6987,-17.64356],[-66.69864,-17.64329],[-66.69846,-17.64314],[-66.69848,-17.64249],[-66.69832,-17.64227],[-66.69812,-17.64226],[-66.69799,-17.64178],[-66.69778,-17.64144],[-66.69715,-17.64176],[-66.69795,-17.64411],[-66.6983,-17.64399]]]},"properties":{"n":"MURMUTANI","p":26,"personas_x_ha":10,"masculinidad":136,"pct_menor20":31,"pct_60mas":12,"pct_migrante":4,"dependencia_econ":73,"pct_empleados":7,"pct_cuentapropia":87,"pct_agricultura":87,"pct_comercio":0,"pct_manufactura":7,"pct_construccion":7,"pct_transporte":0,"pct_alojamiento":0,"pct_sin_educacion":5,"pct_educ_superior":25,"brecha_educ":-38,"pct_sin_seguro":28,"pct_sus":68,"pct_seguro_privado":0,"brecha_seguro":18,"pct_salud_publica":27,"pct_med_tradicional":14,"pct_automedicacion":16,"pct_remedios_caseros":25,"pct_viv_desocupada":47,"pct_alquiler":0,"pct_electricidad":100,"pct_sin_electricidad":0,"pct_agua_red":44,"pct_alcantarillado":11,"pct_camara_septica":0,"pct_pozo_ciego":22,"pct_sin_desague":67,"pct_gas_red":0,"pct_gas_garrafa":100,"pct_lena_guano":0,"pct_basura_formal":0,"pct_basura_quema":89,"pct_basura_informal":0,"pct_internet":78,"pct_celular":89,"pct_televisor":56}},{"type":"Feature","geometry":{"type":"Polygon","coordinates":[[[-66.69687,-17.64165],[-66.69647,-17.64093],[-66.69617,-17.6411],[-66.69652,-17.64177],[-66.69687,-17.64165]]]},"properties":{"n":"MURMUTANI","p":23,"personas_x_ha":66,"masculinidad":109,"pct_menor20":43,"pct_60mas":17,"pct_migrante":17,"dependencia_econ":77,"pct_empleados":8,"pct_cuentapropia":62,"pct_agricultura":85,"pct_comercio":8,"pct_manufactura":0,"pct_construccion":0,"pct_transporte":8,"pct_alojamiento":0,"pct_sin_educacion":31,"pct_educ_superior":0,"brecha_educ":-5,"pct_sin_seguro":36,"pct_sus":64,"pct_seguro_privado":0,"brecha_seguro":-7,"pct_salud_publica":35,"pct_med_tradicional":2,"pct_automedicacion":4,"pct_remedios_caseros":48,"pct_viv_desocupada":15,"pct_alquiler":0,"pct_electricidad":100,"pct_sin_electricidad":0,"pct_agua_red":33,"pct_alcantarillado":0,"pct_camara_septica":0,"pct_pozo_ciego":33,"pct_sin_desague":56,"pct_gas_red":0,"pct_gas_garrafa":44,"pct_lena_guano":56,"pct_basura_formal":0,"pct_basura_quema":100,"pct_basura_informal":0,"pct_internet":56,"pct_celular":89,"pct_televisor":33}},{"type":"Feature","geometry":{"type":"Polygon","coordinates":[[[-66.6973,-17.64272],[-66.69696,-17.64285],[-66.69734,-17.64394],[-66.69729,-17.64402],[-66.69771,-17.64469],[-66.69796,-17.64496],[-66.69806,-17.64494],[-66.6973,-17.64272]]]},"properties":{"n":"MURMUTANI","p":15,"personas_x_ha":16,"masculinidad":88,"pct_menor20":53,"pct_60mas":7,"pct_migrante":7,"dependencia_econ":114,"pct_empleados":43,"pct_cuentapropia":14,"pct_agricultura":57,"pct_comercio":0,"pct_manufactura":29,"pct_construccion":14,"pct_transporte":0,"pct_alojamiento":0,"pct_sin_educacion":0,"pct_educ_superior":12,"brecha_educ":-50,"pct_sin_seguro":7,"pct_sus":93,"pct_seguro_privado":0,"brecha_seguro":-12,"pct_salud_publica":54,"pct_med_tradicional":0,"pct_automedicacion":4,"pct_remedios_caseros":39,"pct_viv_desocupada":44,"pct_alquiler":0,"pct_electricidad":75,"pct_sin_electricidad":25,"pct_agua_red":75,"pct_alcantarillado":0,"pct_camara_septica":0,"pct_pozo_ciego":75,"pct_sin_desague":25,"pct_gas_red":0,"pct_gas_garrafa":50,"pct_lena_guano":50,"pct_basura_formal":0,"pct_basura_quema":100,"pct_basura_informal":0,"pct_internet":75,"pct_celular":100,"pct_televisor":25}},{"type":"Feature","geometry":{"type":"Polygon","coordinates":[[[-66.69574,-17.6408],[-66.69543,-17.64003],[-66.69544,-17.63974],[-66.69558,-17.63966],[-66.69642,-17.64093],[-66.69614,-17.64107],[-66.69574,-17.6408]]]},"properties":{"n":"MURMUTANI","p":36,"personas_x_ha":52,"masculinidad":200,"pct_menor20":31,"pct_60mas":8,"pct_migrante":6,"dependencia_econ":33,"pct_empleados":0,"pct_cuentapropia":30,"pct_agricultura":78,"pct_comercio":7,"pct_manufactura":0,"pct_construccion":4,"pct_transporte":11,"pct_alojamiento":0,"pct_sin_educacion":4,"pct_educ_superior":4,"brecha_educ":-29,"pct_sin_seguro":22,"pct_sus":75,"pct_seguro_privado":3,"brecha_seguro":8,"pct_salud_publica":31,"pct_med_tradicional":25,"pct_automedicacion":17,"pct_remedios_caseros":23,"pct_viv_desocupada":6,"pct_alquiler":8,"pct_electricidad":92,"pct_sin_electricidad":8,"pct_agua_red":75,"pct_alcantarillado":0,"pct_camara_septica":0,"pct_pozo_ciego":8,"pct_sin_desague":92,"pct_gas_red":0,"pct_gas_garrafa":83,"pct_lena_guano":17,"pct_basura_formal":0,"pct_basura_quema":83,"pct_basura_informal":8,"pct_internet":67,"pct_celular":92,"pct_televisor":42}},{"type":"Feature","geometry":{"type":"Polygon","coordinates":[[[-66.47337,-17.55211],[-66.47367,-17.55173],[-66.47343,-17.55158],[-66.47313,-17.55156],[-66.47295,-17.55182],[-66.47337,-17.55211]]]},"properties":{"n":"RAMADAS","p":20,"personas_x_ha":74,"masculinidad":67,"pct_menor20":30,"pct_60mas":20,"pct_migrante":30,"dependencia_econ":82,"pct_empleados":18,"pct_cuentapropia":64,"pct_agricultura":36,"pct_comercio":18,"pct_manufactura":9,"pct_construccion":0,"pct_transporte":18,"pct_alojamiento":0,"pct_sin_educacion":7,"pct_educ_superior":27,"brecha_educ":-11,"pct_sin_seguro":0,"pct_sus":80,"pct_seguro_privado":0,"brecha_seguro":0,"pct_salud_publica":24,"pct_med_tradicional":24,"pct_automedicacion":14,"pct_remedios_caseros":28,"pct_viv_desocupada":7,"pct_alquiler":0,"pct_electricidad":91,"pct_sin_electricidad":9,"pct_agua_red":18,"pct_alcantarillado":0,"pct_camara_septica":45,"pct_pozo_ciego":18,"pct_sin_desague":27,"pct_gas_red":0,"pct_gas_garrafa":91,"pct_lena_guano":9,"pct_basura_formal":0,"pct_basura_quema":100,"pct_basura_informal":0,"pct_internet":55,"pct_celular":100,"pct_televisor":64}},{"type":"Feature","geometry":{"type":"Polygon","coordinates":[[[-66.47428,-17.55163],[-66.47387,-17.55179],[-66.47371,-17.55177],[-66.47342,-17.55215],[-66.47372,-17.55236],[-66.47428,-17.55163]]]},"properties":{"n":"RAMADAS","p":22,"personas_x_ha":75,"masculinidad":69,"pct_menor20":32,"pct_60mas":18,"pct_migrante":36,"dependencia_econ":175,"pct_empleados":38,"pct_cuentapropia":38,"pct_agricultura":38,"pct_comercio":0,"pct_manufactura":0,"pct_construccion":0,"pct_transporte":0,"pct_alojamiento":38,"pct_sin_educacion":7,"pct_educ_superior":20,"brecha_educ":-30,"pct_sin_seguro":0,"pct_sus":95,"pct_seguro_privado":0,"brecha_seguro":0,"pct_salud_publica":59,"pct_med_tradicional":0,"pct_automedicacion":7,"pct_remedios_caseros":19,"pct_viv_desocupada":0,"pct_alquiler":0,"pct_electricidad":100,"pct_sin_electricidad":0,"pct_agua_red":0,"pct_alcantarillado":0,"pct_camara_septica":50,"pct_pozo_ciego":8,"pct_sin_desague":42,"pct_gas_red":0,"pct_gas_garrafa":75,"pct_lena_guano":25,"pct_basura_formal":0,"pct_basura_quema":100,"pct_basura_informal":0,"pct_internet":67,"pct_celular":67,"pct_televisor":58}},{"type":"Feature","geometry":{"type":"Polygon","coordinates":[[[-66.4752,-17.55159],[-66.47453,-17.55134],[-66.47374,-17.5524],[-66.47421,-17.55273],[-66.47487,-17.55188],[-66.47423,-17.55275],[-66.47475,-17.5531],[-66.47515,-17.55275],[-66.47554,-17.55224],[-66.47602,-17.55189],[-66.47612,-17.55169],[-66.47592,-17.55154],[-66.47583,-17.55161],[-66.4752,-17.55159]]]},"properties":{"n":"RAMADAS","p":61,"personas_x_ha":24,"masculinidad":79,"pct_menor20":31,"pct_60mas":20,"pct_migrante":49,"dependencia_econ":146,"pct_empleados":38,"pct_cuentapropia":38,"pct_agricultura":33,"pct_comercio":8,"pct_manufactura":4,"pct_construccion":8,"pct_transporte":12,"pct_alojamiento":12,"pct_sin_educacion":8,"pct_educ_superior":25,"brecha_educ":-33,"pct_sin_seguro":4,"pct_sus":96,"pct_seguro_privado":0,"brecha_seguro":-6,"pct_salud_publica":25,"pct_med_tradicional":15,"pct_automedicacion":19,"pct_remedios_caseros":22,"pct_viv_desocupada":3,"pct_alquiler":4,"pct_electricidad":96,"pct_sin_electricidad":4,"pct_agua_red":48,"pct_alcantarillado":26,"pct_camara_septica":22,"pct_pozo_ciego":43,"pct_sin_desague":9,"pct_gas_red":0,"pct_gas_garrafa":78,"pct_lena_guano":22,"pct_basura_formal":9,"pct_basura_quema":74,"pct_basura_informal":9,"pct_internet":83,"pct_celular":87,"pct_televisor":43}},{"type":"Feature","geometry":{"type":"Polygon","coordinates":[[[-66.79679,-17.53446],[-66.7969,-17.53416],[-66.79709,-17.53428],[-66.79697,-17.53455],[-66.79679,-17.53446]]]},"properties":{"n":"RIO LEQUE","p":18,"personas_x_ha":231,"masculinidad":50,"pct_menor20":50,"pct_60mas":11,"pct_migrante":0,"dependencia_econ":157,"pct_empleados":0,"pct_cuentapropia":86,"pct_agricultura":100,"pct_comercio":0,"pct_manufactura":0,"pct_construccion":0,"pct_transporte":0,"pct_alojamiento":0,"pct_sin_educacion":11,"pct_educ_superior":0,"brecha_educ":-33,"pct_sin_seguro":12,"pct_sus":88,"pct_seguro_privado":0,"brecha_seguro":33,"pct_salud_publica":59,"pct_med_tradicional":0,"pct_automedicacion":0,"pct_remedios_caseros":41,"pct_viv_desocupada":0,"pct_alquiler":0,"pct_electricidad":57,"pct_sin_electricidad":43,"pct_agua_red":86,"pct_alcantarillado":0,"pct_camara_septica":0,"pct_pozo_ciego":0,"pct_sin_desague":100,"pct_gas_red":0,"pct_gas_garrafa":0,"pct_lena_guano":100,"pct_basura_formal":0,"pct_basura_quema":57,"pct_basura_informal":0,"pct_internet":71,"pct_celular":71,"pct_televisor":0}},{"type":"Feature","geometry":{"type":"Polygon","coordinates":[[[-66.7971,-17.5343],[-66.79695,-17.53472],[-66.79704,-17.5348],[-66.79721,-17.53477],[-66.79737,-17.53441],[-66.7971,-17.5343]]]},"properties":{"n":"RIO LEQUE","p":23,"personas_x_ha":153,"masculinidad":130,"pct_menor20":26,"pct_60mas":17,"pct_migrante":13,"dependencia_econ":53,"pct_empleados":0,"pct_cuentapropia":100,"pct_agricultura":87,"pct_comercio":0,"pct_manufactura":0,"pct_construccion":0,"pct_transporte":0,"pct_alojamiento":0,"pct_sin_educacion":24,"pct_educ_superior":6,"brecha_educ":3,"pct_sin_seguro":5,"pct_sus":95,"pct_seguro_privado":0,"brecha_seguro":-11,"pct_salud_publica":51,"pct_med_tradicional":0,"pct_automedicacion":0,"pct_remedios_caseros":49,"pct_viv_desocupada":0,"pct_alquiler":0,"pct_electricidad":80,"pct_sin_electricidad":10,"pct_agua_red":80,"pct_alcantarillado":0,"pct_camara_septica":0,"pct_pozo_ciego":0,"pct_sin_desague":100,"pct_gas_red":0,"pct_gas_garrafa":0,"pct_lena_guano":100,"pct_basura_formal":0,"pct_basura_quema":40,"pct_basura_informal":0,"pct_internet":20,"pct_celular":30,"pct_televisor":0}},{"type":"Feature","geometry":{"type":"Polygon","coordinates":[[[-66.79663,-17.53483],[-66.7968,-17.53429],[-66.79654,-17.53422],[-66.79653,-17.53484],[-66.79663,-17.53483]]]},"properties":{"n":"RIO LEQUE","p":29,"personas_x_ha":210,"masculinidad":164,"pct_menor20":31,"pct_60mas":17,"pct_migrante":14,"dependencia_econ":26,"pct_empleados":0,"pct_cuentapropia":83,"pct_agricultura":100,"pct_comercio":0,"pct_manufactura":0,"pct_construccion":0,"pct_transporte":0,"pct_alojamiento":0,"pct_sin_educacion":5,"pct_educ_superior":10,"brecha_educ":-27,"pct_sin_seguro":7,"pct_sus":93,"pct_seguro_privado":0,"brecha_seguro":12,"pct_salud_publica":51,"pct_med_tradicional":0,"pct_automedicacion":0,"pct_remedios_caseros":49,"pct_viv_desocupada":0,"pct_alquiler":0,"pct_electricidad":78,"pct_sin_electricidad":22,"pct_agua_red":94,"pct_alcantarillado":0,"pct_camara_septica":0,"pct_pozo_ciego":0,"pct_sin_desague":100,"pct_gas_red":0,"pct_gas_garrafa":0,"pct_lena_guano":100,"pct_basura_formal":0,"pct_basura_quema":78,"pct_basura_informal":11,"pct_internet":72,"pct_celular":94,"pct_televisor":6}},{"type":"Feature","geometry":{"type":"Polygon","coordinates":[[[-66.79685,-17.53451],[-66.79669,-17.53464],[-66.79668,-17.53492],[-66.79699,-17.53491],[-66.79695,-17.53456],[-66.79685,-17.53451]]]},"properties":{"n":"RIO LEQUE","p":23,"personas_x_ha":195,"masculinidad":283,"pct_menor20":43,"pct_60mas":13,"pct_migrante":22,"dependencia_econ":77,"pct_empleados":8,"pct_cuentapropia":85,"pct_agricultura":100,"pct_comercio":0,"pct_manufactura":0,"pct_construccion":0,"pct_transporte":0,"pct_alojamiento":0,"pct_sin_educacion":8,"pct_educ_superior":8,"brecha_educ":19,"pct_sin_seguro":5,"pct_sus":95,"pct_seguro_privado":0,"brecha_seguro":6,"pct_salud_publica":85,"pct_med_tradicional":0,"pct_automedicacion":0,"pct_remedios_caseros":15,"pct_viv_desocupada":0,"pct_alquiler":0,"pct_electricidad":62,"pct_sin_electricidad":38,"pct_agua_red":75,"pct_alcantarillado":0,"pct_camara_septica":0,"pct_pozo_ciego":0,"pct_sin_desague":100,"pct_gas_red":25,"pct_gas_garrafa":0,"pct_lena_guano":75,"pct_basura_formal":0,"pct_basura_quema":0,"pct_basura_informal":12,"pct_internet":50,"pct_celular":62,"pct_televisor":0}},{"type":"Feature","geometry":{"type":"Polygon","coordinates":[[[-66.76486,-17.6936],[-66.76474,-17.69299],[-66.7643,-17.69306],[-66.76442,-17.69367],[-66.76486,-17.6936]]]},"properties":{"n":"SAN SEBASTIAN","p":27,"personas_x_ha":82,"masculinidad":59,"pct_menor20":48,"pct_60mas":7,"pct_migrante":19,"dependencia_econ":80,"pct_empleados":13,"pct_cuentapropia":20,"pct_agricultura":67,"pct_comercio":0,"pct_manufactura":7,"pct_construccion":13,"pct_transporte":7,"pct_alojamiento":0,"pct_sin_educacion":0,"pct_educ_superior":7,"brecha_educ":-7,"pct_sin_seguro":7,"pct_sus":93,"pct_seguro_privado":0,"brecha_seguro":4,"pct_salud_publica":31,"pct_med_tradicional":11,"pct_automedicacion":16,"pct_remedios_caseros":25,"pct_viv_desocupada":0,"pct_alquiler":0,"pct_electricidad":80,"pct_sin_electricidad":0,"pct_agua_red":80,"pct_alcantarillado":80,"pct_camara_septica":0,"pct_pozo_ciego":0,"pct_sin_desague":20,"pct_gas_red":0,"pct_gas_garrafa":80,"pct_lena_guano":20,"pct_basura_formal":0,"pct_basura_quema":100,"pct_basura_informal":0,"pct_internet":60,"pct_celular":100,"pct_televisor":20}},{"type":"Feature","geometry":{"type":"Polygon","coordinates":[[[-66.76357,-17.69466],[-66.76365,-17.69503],[-66.76406,-17.69532],[-66.76394,-17.69459],[-66.76357,-17.69466]]]},"properties":{"n":"SAN SEBASTIAN","p":25,"personas_x_ha":98,"masculinidad":67,"pct_menor20":48,"pct_60mas":4,"pct_migrante":8,"dependencia_econ":79,"pct_empleados":7,"pct_cuentapropia":64,"pct_agricultura":50,"pct_comercio":7,"pct_manufactura":7,"pct_construccion":0,"pct_transporte":21,"pct_alojamiento":0,"pct_sin_educacion":0,"pct_educ_superior":0,"brecha_educ":3,"pct_sin_seguro":9,"pct_sus":77,"pct_seguro_privado":0,"brecha_seguro":3,"pct_salud_publica":35,"pct_med_tradicional":25,"pct_automedicacion":8,"pct_remedios_caseros":22,"pct_viv_desocupada":0,"pct_alquiler":0,"pct_electricidad":88,"pct_sin_electricidad":0,"pct_agua_red":12,"pct_alcantarillado":38,"pct_camara_septica":12,"pct_pozo_ciego":0,"pct_sin_desague":38,"pct_gas_red":0,"pct_gas_garrafa":88,"pct_lena_guano":12,"pct_basura_formal":0,"pct_basura_quema":100,"pct_basura_informal":0,"pct_internet":75,"pct_celular":100,"pct_televisor":62}},{"type":"Feature","geometry":{"type":"Polygon","coordinates":[[[-66.76376,-17.69315],[-66.7639,-17.69378],[-66.76434,-17.69369],[-66.7642,-17.69308],[-66.76376,-17.69315]]]},"properties":{"n":"SAN SEBASTIAN","p":36,"personas_x_ha":107,"masculinidad":89,"pct_menor20":56,"pct_60mas":3,"pct_migrante":11,"dependencia_econ":300,"pct_empleados":22,"pct_cuentapropia":67,"pct_agricultura":22,"pct_comercio":22,"pct_manufactura":11,"pct_construccion":0,"pct_transporte":11,"pct_alojamiento":11,"pct_sin_educacion":0,"pct_educ_superior":19,"brecha_educ":-7,"pct_sin_seguro":11,"pct_sus":86,"pct_seguro_privado":0,"brecha_seguro":12,"pct_salud_publica":60,"pct_med_tradicional":14,"pct_automedicacion":2,"pct_remedios_caseros":12,"pct_viv_desocupada":0,"pct_alquiler":0,"pct_electricidad":100,"pct_sin_electricidad":0,"pct_agua_red":67,"pct_alcantarillado":100,"pct_camara_septica":0,"pct_pozo_ciego":0,"pct_sin_desague":0,"pct_gas_red":0,"pct_gas_garrafa":100,"pct_lena_guano":0,"pct_basura_formal":11,"pct_basura_quema":89,"pct_basura_informal":0,"pct_internet":100,"pct_celular":100,"pct_televisor":78}},{"type":"Feature","geometry":{"type":"Polygon","coordinates":[[[-66.83085,-17.54344],[-66.83088,-17.54301],[-66.83066,-17.54295],[-66.83075,-17.54275],[-66.8311,-17.54286],[-66.83113,-17.54354],[-66.83099,-17.5436],[-66.83085,-17.54344]]]},"properties":{"n":"TAJILLO","p":63,"personas_x_ha":256,"masculinidad":125,"pct_menor20":22,"pct_60mas":19,"pct_migrante":5,"dependencia_econ":37,"pct_empleados":17,"pct_cuentapropia":37,"pct_agricultura":74,"pct_comercio":13,"pct_manufactura":4,"pct_construccion":4,"pct_transporte":0,"pct_alojamiento":0,"pct_sin_educacion":8,"pct_educ_superior":6,"brecha_educ":-17,"pct_sin_seguro":32,"pct_sus":67,"pct_seguro_privado":2,"brecha_seguro":6,"pct_salud_publica":26,"pct_med_tradicional":20,"pct_automedicacion":18,"pct_remedios_caseros":29,"pct_viv_desocupada":0,"pct_alquiler":0,"pct_electricidad":88,"pct_sin_electricidad":12,"pct_agua_red":88,"pct_alcantarillado":0,"pct_camara_septica":0,"pct_pozo_ciego":6,"pct_sin_desague":88,"pct_gas_red":0,"pct_gas_garrafa":12,"pct_lena_guano":81,"pct_basura_formal":0,"pct_basura_quema":75,"pct_basura_informal":25,"pct_internet":50,"pct_celular":94,"pct_televisor":25}},{"type":"Feature","geometry":{"type":"Polygon","coordinates":[[[-66.83045,-17.54243],[-66.83028,-17.54236],[-66.83049,-17.54189],[-66.83064,-17.54204],[-66.83045,-17.54243]]]},"properties":{"n":"TAJILLO","p":19,"personas_x_ha":165,"masculinidad":138,"pct_menor20":26,"pct_60mas":11,"pct_migrante":16,"dependencia_econ":58,"pct_empleados":0,"pct_cuentapropia":67,"pct_agricultura":100,"pct_comercio":0,"pct_manufactura":0,"pct_construccion":0,"pct_transporte":0,"pct_alojamiento":0,"pct_sin_educacion":0,"pct_educ_superior":7,"brecha_educ":-7,"pct_sin_seguro":63,"pct_sus":37,"pct_seguro_privado":0,"brecha_seguro":1,"pct_salud_publica":58,"pct_med_tradicional":42,"pct_automedicacion":0,"pct_remedios_caseros":0,"pct_viv_desocupada":0,"pct_alquiler":0,"pct_electricidad":71,"pct_sin_electricidad":14,"pct_agua_red":100,"pct_alcantarillado":0,"pct_camara_septica":0,"pct_pozo_ciego":0,"pct_sin_desague":100,"pct_gas_red":0,"pct_gas_garrafa":14,"pct_lena_guano":86,"pct_basura_formal":0,"pct_basura_quema":86,"pct_basura_informal":0,"pct_internet":14,"pct_celular":100,"pct_televisor":29}},{"type":"Feature","geometry":{"type":"Polygon","coordinates":[[[-66.83161,-17.5427],[-66.83142,-17.54268],[-66.83139,-17.54279],[-66.83128,-17.54334],[-66.83135,-17.54371],[-66.83162,-17.54371],[-66.83166,-17.54298],[-66.83155,-17.54283],[-66.83161,-17.5427]]]},"properties":{"n":"TAJILLO","p":18,"personas_x_ha":54,"masculinidad":100,"pct_menor20":44,"pct_60mas":11,"pct_migrante":28,"dependencia_econ":64,"pct_empleados":0,"pct_cuentapropia":64,"pct_agricultura":64,"pct_comercio":18,"pct_manufactura":0,"pct_construccion":9,"pct_transporte":0,"pct_alojamiento":0,"pct_sin_educacion":0,"pct_educ_superior":10,"brecha_educ":8,"pct_sin_seguro":6,"pct_sus":94,"pct_seguro_privado":0,"brecha_seguro":14,"pct_salud_publica":23,"pct_med_tradicional":29,"pct_automedicacion":0,"pct_remedios_caseros":48,"pct_viv_desocupada":25,"pct_alquiler":0,"pct_electricidad":83,"pct_sin_electricidad":17,"pct_agua_red":100,"pct_alcantarillado":0,"pct_camara_septica":17,"pct_pozo_ciego":0,"pct_sin_desague":67,"pct_gas_red":0,"pct_gas_garrafa":17,"pct_lena_guano":83,"pct_basura_formal":0,"pct_basura_quema":50,"pct_basura_informal":50,"pct_internet":83,"pct_celular":100,"pct_televisor":33}},{"type":"Feature","geometry":{"type":"Polygon","coordinates":[[[-66.83117,-17.54372],[-66.83115,-17.54285],[-66.83125,-17.54271],[-66.83137,-17.54273],[-66.83124,-17.5432],[-66.83132,-17.54369],[-66.83117,-17.54372]]]},"properties":{"n":"TAJILLO","p":28,"personas_x_ha":157,"masculinidad":133,"pct_menor20":25,"pct_60mas":29,"pct_migrante":14,"dependencia_econ":59,"pct_empleados":18,"pct_cuentapropia":53,"pct_agricultura":82,"pct_comercio":0,"pct_manufactura":0,"pct_construccion":0,"pct_transporte":0,"pct_alojamiento":0,"pct_sin_educacion":15,"pct_educ_superior":5,"brecha_educ":-8,"pct_sin_seguro":44,"pct_sus":52,"pct_seguro_privado":0,"brecha_seguro":35,"pct_salud_publica":21,"pct_med_tradicional":28,"pct_automedicacion":15,"pct_remedios_caseros":28,"pct_viv_desocupada":0,"pct_alquiler":0,"pct_electricidad":62,"pct_sin_electricidad":25,"pct_agua_red":100,"pct_alcantarillado":0,"pct_camara_septica":0,"pct_pozo_ciego":12,"pct_sin_desague":88,"pct_gas_red":0,"pct_gas_garrafa":12,"pct_lena_guano":88,"pct_basura_formal":0,"pct_basura_quema":75,"pct_basura_informal":25,"pct_internet":50,"pct_celular":100,"pct_televisor":12}},{"type":"Feature","geometry":{"type":"Polygon","coordinates":[[[-66.83103,-17.54222],[-66.83076,-17.54271],[-66.83112,-17.5428],[-66.83126,-17.54234],[-66.83103,-17.54222]]]},"properties":{"n":"TAJILLO","p":23,"personas_x_ha":109,"masculinidad":229,"pct_menor20":9,"pct_60mas":30,"pct_migrante":4,"dependencia_econ":10,"pct_empleados":19,"pct_cuentapropia":48,"pct_agricultura":76,"pct_comercio":5,"pct_manufactura":10,"pct_construccion":10,"pct_transporte":0,"pct_alojamiento":0,"pct_sin_educacion":9,"pct_educ_superior":0,"brecha_educ":-26,"pct_sin_seguro":13,"pct_sus":78,"pct_seguro_privado":9,"brecha_seguro":-22,"pct_salud_publica":30,"pct_med_tradicional":27,"pct_automedicacion":5,"pct_remedios_caseros":38,"pct_viv_desocupada":15,"pct_alquiler":0,"pct_electricidad":82,"pct_sin_electricidad":18,"pct_agua_red":100,"pct_alcantarillado":0,"pct_camara_septica":0,"pct_pozo_ciego":0,"pct_sin_desague":91,"pct_gas_red":0,"pct_gas_garrafa":36,"pct_lena_guano":64,"pct_basura_formal":0,"pct_basura_quema":36,"pct_basura_informal":64,"pct_internet":82,"pct_celular":91,"pct_televisor":36}},{"type":"Feature","geometry":{"type":"Polygon","coordinates":[[[-66.72962,-17.67801],[-66.73007,-17.67825],[-66.73034,-17.67736],[-66.72985,-17.6772],[-66.72962,-17.67801]]]},"properties":{"n":"TALLIJA CONFITAL","p":40,"personas_x_ha":72,"masculinidad":111,"pct_menor20":50,"pct_60mas":2,"pct_migrante":2,"dependencia_econ":135,"pct_empleados":6,"pct_cuentapropia":88,"pct_agricultura":65,"pct_comercio":12,"pct_manufactura":6,"pct_construccion":12,"pct_transporte":6,"pct_alojamiento":0,"pct_sin_educacion":0,"pct_educ_superior":5,"brecha_educ":-44,"pct_sin_seguro":12,"pct_sus":88,"pct_seguro_privado":0,"brecha_seguro":4,"pct_salud_publica":36,"pct_med_tradicional":6,"pct_automedicacion":3,"pct_remedios_caseros":56,"pct_viv_desocupada":0,"pct_alquiler":0,"pct_electricidad":36,"pct_sin_electricidad":64,"pct_agua_red":45,"pct_alcantarillado":0,"pct_camara_septica":0,"pct_pozo_ciego":27,"pct_sin_desague":64,"pct_gas_red":0,"pct_gas_garrafa":100,"pct_lena_guano":0,"pct_basura_formal":0,"pct_basura_quema":82,"pct_basura_informal":9,"pct_internet":64,"pct_celular":82,"pct_televisor":36}},{"type":"Feature","geometry":{"type":"Polygon","coordinates":[[[-66.73013,-17.68052],[-66.73019,-17.68065],[-66.73093,-17.68016],[-66.73085,-17.68006],[-66.73013,-17.68052]]]},"properties":{"n":"TALLIJA CONFITAL","p":20,"personas_x_ha":143,"masculinidad":122,"pct_menor20":55,"pct_60mas":0,"pct_migrante":10,"dependencia_econ":233,"pct_empleados":0,"pct_cuentapropia":100,"pct_agricultura":33,"pct_comercio":17,"pct_manufactura":50,"pct_construccion":0,"pct_transporte":0,"pct_alojamiento":0,"pct_sin_educacion":0,"pct_educ_superior":0,"brecha_educ":-60,"pct_sin_seguro":15,"pct_sus":85,"pct_seguro_privado":0,"brecha_seguro":-13,"pct_salud_publica":39,"pct_med_tradicional":22,"pct_automedicacion":16,"pct_remedios_caseros":10,"pct_viv_desocupada":12,"pct_alquiler":0,"pct_electricidad":83,"pct_sin_electricidad":17,"pct_agua_red":83,"pct_alcantarillado":0,"pct_camara_septica":0,"pct_pozo_ciego":0,"pct_sin_desague":100,"pct_gas_red":0,"pct_gas_garrafa":83,"pct_lena_guano":17,"pct_basura_formal":0,"pct_basura_quema":100,"pct_basura_informal":0,"pct_internet":83,"pct_celular":83,"pct_televisor":33}},{"type":"Feature","geometry":{"type":"Polygon","coordinates":[[[-66.73122,-17.67955],[-66.73131,-17.67966],[-66.73195,-17.67918],[-66.73209,-17.67877],[-66.73199,-17.67867],[-66.73162,-17.67902],[-66.73174,-17.67916],[-66.73122,-17.67955]]]},"properties":{"n":"TALLIJA CONFITAL","p":29,"personas_x_ha":105,"masculinidad":107,"pct_menor20":48,"pct_60mas":7,"pct_migrante":3,"dependencia_econ":81,"pct_empleados":19,"pct_cuentapropia":56,"pct_agricultura":69,"pct_comercio":12,"pct_manufactura":6,"pct_construccion":0,"pct_transporte":0,"pct_alojamiento":6,"pct_sin_educacion":13,"pct_educ_superior":7,"brecha_educ":-6,"pct_sin_seguro":0,"pct_sus":86,"pct_seguro_privado":0,"brecha_seguro":0,"pct_salud_publica":14,"pct_med_tradicional":20,"pct_automedicacion":17,"pct_remedios_caseros":22,"pct_viv_desocupada":17,"pct_alquiler":0,"pct_electricidad":100,"pct_sin_electricidad":0,"pct_agua_red":100,"pct_alcantarillado":0,"pct_camara_septica":0,"pct_pozo_ciego":12,"pct_sin_desague":62,"pct_gas_red":0,"pct_gas_garrafa":100,"pct_lena_guano":0,"pct_basura_formal":0,"pct_basura_quema":88,"pct_basura_informal":12,"pct_internet":75,"pct_celular":75,"pct_televisor":38}},{"type":"Feature","geometry":{"type":"Polygon","coordinates":[[[-66.72975,-17.67929],[-66.72847,-17.67828],[-66.72828,-17.67849],[-66.72917,-17.67902],[-66.72957,-17.67943],[-66.72975,-17.67929]]]},"properties":{"n":"TALLIJA CONFITAL","p":36,"personas_x_ha":78,"masculinidad":157,"pct_menor20":36,"pct_60mas":11,"pct_migrante":6,"dependencia_econ":89,"pct_empleados":26,"pct_cuentapropia":63,"pct_agricultura":53,"pct_comercio":5,"pct_manufactura":0,"pct_construccion":0,"pct_transporte":11,"pct_alojamiento":0,"pct_sin_educacion":21,"pct_educ_superior":8,"brecha_educ":-62,"pct_sin_seguro":8,"pct_sus":89,"pct_seguro_privado":0,"brecha_seguro":14,"pct_salud_publica":38,"pct_med_tradicional":14,"pct_automedicacion":9,"pct_remedios_caseros":31,"pct_viv_desocupada":0,"pct_alquiler":0,"pct_electricidad":71,"pct_sin_electricidad":29,"pct_agua_red":43,"pct_alcantarillado":0,"pct_camara_septica":0,"pct_pozo_ciego":0,"pct_sin_desague":100,"pct_gas_red":0,"pct_gas_garrafa":100,"pct_lena_guano":0,"pct_basura_formal":7,"pct_basura_quema":79,"pct_basura_informal":7,"pct_internet":57,"pct_celular":86,"pct_televisor":36}},{"type":"Feature","geometry":{"type":"Polygon","coordinates":[[[-66.73134,-17.67836],[-66.73196,-17.67795],[-66.73187,-17.67783],[-66.73126,-17.67824],[-66.73134,-17.67836]]]},"properties":{"n":"TALLIJA CONFITAL","p":17,"personas_x_ha":134,"masculinidad":467,"pct_menor20":18,"pct_60mas":0,"pct_migrante":94,"dependencia_econ":21,"pct_empleados":93,"pct_cuentapropia":7,"pct_agricultura":0,"pct_comercio":0,"pct_manufactura":0,"pct_construccion":0,"pct_transporte":57,"pct_alojamiento":0,"pct_sin_educacion":0,"pct_educ_superior":27,"brecha_educ":25,"pct_sin_seguro":47,"pct_sus":41,"pct_seguro_privado":12,"brecha_seguro":57,"pct_salud_publica":16,"pct_med_tradicional":15,"pct_automedicacion":19,"pct_remedios_caseros":16,"pct_viv_desocupada":38,"pct_alquiler":0,"pct_electricidad":100,"pct_sin_electricidad":0,"pct_agua_red":0,"pct_alcantarillado":50,"pct_camara_septica":0,"pct_pozo_ciego":0,"pct_sin_desague":50,"pct_gas_red":0,"pct_gas_garrafa":100,"pct_lena_guano":0,"pct_basura_formal":0,"pct_basura_quema":100,"pct_basura_informal":0,"pct_internet":0,"pct_celular":0,"pct_televisor":0}},{"type":"Feature","geometry":{"type":"Polygon","coordinates":[[[-66.7317,-17.67784],[-66.73215,-17.6775],[-66.732,-17.67717],[-66.73153,-17.67754],[-66.7317,-17.67784]]]},"properties":{"n":"TALLIJA CONFITAL","p":40,"personas_x_ha":173,"masculinidad":122,"pct_menor20":60,"pct_60mas":10,"pct_migrante":8,"dependencia_econ":233,"pct_empleados":33,"pct_cuentapropia":42,"pct_agricultura":50,"pct_comercio":8,"pct_manufactura":0,"pct_construccion":0,"pct_transporte":8,"pct_alojamiento":25,"pct_sin_educacion":6,"pct_educ_superior":11,"brecha_educ":-33,"pct_sin_seguro":5,"pct_sus":95,"pct_seguro_privado":0,"brecha_seguro":-1,"pct_salud_publica":38,"pct_med_tradicional":2,"pct_automedicacion":21,"pct_remedios_caseros":32,"pct_viv_desocupada":0,"pct_alquiler":0,"pct_electricidad":62,"pct_sin_electricidad":38,"pct_agua_red":88,"pct_alcantarillado":0,"pct_camara_septica":0,"pct_pozo_ciego":0,"pct_sin_desague":88,"pct_gas_red":0,"pct_gas_garrafa":100,"pct_lena_guano":0,"pct_basura_formal":0,"pct_basura_quema":75,"pct_basura_informal":0,"pct_internet":12,"pct_celular":100,"pct_televisor":25}},{"type":"Feature","geometry":{"type":"Polygon","coordinates":[[[-66.73267,-17.67813],[-66.73302,-17.6779],[-66.73307,-17.67779],[-66.73294,-17.67765],[-66.73254,-17.67799],[-66.73267,-17.67813]]]},"properties":{"n":"TALLIJA CONFITAL","p":21,"personas_x_ha":157,"masculinidad":133,"pct_menor20":43,"pct_60mas":5,"pct_migrante":5,"dependencia_econ":133,"pct_empleados":22,"pct_cuentapropia":78,"pct_agricultura":33,"pct_comercio":56,"pct_manufactura":0,"pct_construccion":11,"pct_transporte":0,"pct_alojamiento":0,"pct_sin_educacion":0,"pct_educ_superior":8,"brecha_educ":-50,"pct_sin_seguro":29,"pct_sus":48,"pct_seguro_privado":0,"brecha_seguro":-8,"pct_salud_publica":24,"pct_med_tradicional":26,"pct_automedicacion":6,"pct_remedios_caseros":31,"pct_viv_desocupada":0,"pct_alquiler":0,"pct_electricidad":86,"pct_sin_electricidad":14,"pct_agua_red":29,"pct_alcantarillado":0,"pct_camara_septica":0,"pct_pozo_ciego":0,"pct_sin_desague":100,"pct_gas_red":0,"pct_gas_garrafa":100,"pct_lena_guano":0,"pct_basura_formal":0,"pct_basura_quema":86,"pct_basura_informal":14,"pct_internet":71,"pct_celular":71,"pct_televisor":29}},{"type":"Feature","geometry":{"type":"Polygon","coordinates":[[[-66.7308,-17.67786],[-66.73099,-17.67835],[-66.73142,-17.67802],[-66.73112,-17.67768],[-66.7308,-17.67786]]]},"properties":{"n":"TALLIJA CONFITAL","p":19,"personas_x_ha":71,"masculinidad":111,"pct_menor20":42,"pct_60mas":21,"pct_migrante":5,"dependencia_econ":533,"pct_empleados":0,"pct_cuentapropia":67,"pct_agricultura":67,"pct_comercio":0,"pct_manufactura":0,"pct_construccion":0,"pct_transporte":33,"pct_alojamiento":0,"pct_sin_educacion":36,"pct_educ_superior":0,"brecha_educ":-50,"pct_sin_seguro":11,"pct_sus":89,"pct_seguro_privado":0,"brecha_seguro":-25,"pct_salud_publica":35,"pct_med_tradicional":6,"pct_automedicacion":15,"pct_remedios_caseros":35,"pct_viv_desocupada":11,"pct_alquiler":0,"pct_electricidad":75,"pct_sin_electricidad":25,"pct_agua_red":25,"pct_alcantarillado":12,"pct_camara_septica":0,"pct_pozo_ciego":0,"pct_sin_desague":88,"pct_gas_red":0,"pct_gas_garrafa":100,"pct_lena_guano":0,"pct_basura_formal":0,"pct_basura_quema":75,"pct_basura_informal":25,"pct_internet":25,"pct_celular":75,"pct_televisor":25}},{"type":"Feature","geometry":{"type":"Polygon","coordinates":[[[-66.73156,-17.67902],[-66.73143,-17.67888],[-66.73093,-17.67927],[-66.73107,-17.6794],[-66.73156,-17.67902]]]},"properties":{"n":"TALLIJA CONFITAL","p":17,"personas_x_ha":122,"masculinidad":112,"pct_menor20":29,"pct_60mas":18,"pct_migrante":24,"dependencia_econ":31,"pct_empleados":8,"pct_cuentapropia":69,"pct_agricultura":69,"pct_comercio":8,"pct_manufactura":8,"pct_construccion":0,"pct_transporte":0,"pct_alojamiento":15,"pct_sin_educacion":42,"pct_educ_superior":0,"brecha_educ":-26,"pct_sin_seguro":0,"pct_sus":100,"pct_seguro_privado":0,"brecha_seguro":0,"pct_salud_publica":28,"pct_med_tradicional":0,"pct_automedicacion":0,"pct_remedios_caseros":72,"pct_viv_desocupada":14,"pct_alquiler":0,"pct_electricidad":100,"pct_sin_electricidad":0,"pct_agua_red":100,"pct_alcantarillado":0,"pct_camara_septica":0,"pct_pozo_ciego":0,"pct_sin_desague":100,"pct_gas_red":0,"pct_gas_garrafa":100,"pct_lena_guano":0,"pct_basura_formal":0,"pct_basura_quema":67,"pct_basura_informal":33,"pct_internet":33,"pct_celular":67,"pct_televisor":0}},{"type":"Feature","geometry":{"type":"Polygon","coordinates":[[[-66.73046,-17.67839],[-66.7297,-17.67912],[-66.72981,-17.67923],[-66.73065,-17.67857],[-66.73046,-17.67839]]]},"properties":{"n":"TALLIJA CONFITAL","p":37,"personas_x_ha":141,"masculinidad":106,"pct_menor20":27,"pct_60mas":16,"pct_migrante":24,"dependencia_econ":68,"pct_empleados":18,"pct_cuentapropia":64,"pct_agricultura":41,"pct_comercio":18,"pct_manufactura":0,"pct_construccion":0,"pct_transporte":14,"pct_alojamiento":14,"pct_sin_educacion":7,"pct_educ_superior":15,"brecha_educ":-32,"pct_sin_seguro":0,"pct_sus":65,"pct_seguro_privado":0,"brecha_seguro":0,"pct_salud_publica":17,"pct_med_tradicional":17,"pct_automedicacion":16,"pct_remedios_caseros":28,"pct_viv_desocupada":0,"pct_alquiler":0,"pct_electricidad":100,"pct_sin_electricidad":0,"pct_agua_red":100,"pct_alcantarillado":0,"pct_camara_septica":33,"pct_pozo_ciego":0,"pct_sin_desague":60,"pct_gas_red":0,"pct_gas_garrafa":87,"pct_lena_guano":13,"pct_basura_formal":7,"pct_basura_quema":73,"pct_basura_informal":20,"pct_internet":87,"pct_celular":93,"pct_televisor":40}},{"type":"Feature","geometry":{"type":"Polygon","coordinates":[[[-66.73048,-17.68054],[-66.73061,-17.68084],[-66.7311,-17.68049],[-66.73096,-17.68022],[-66.73048,-17.68054]]]},"properties":{"n":"TALLIJA CONFITAL","p":17,"personas_x_ha":77,"masculinidad":89,"pct_menor20":53,"pct_60mas":0,"pct_migrante":6,"dependencia_econ":183,"pct_empleados":33,"pct_cuentapropia":67,"pct_agricultura":67,"pct_comercio":17,"pct_manufactura":0,"pct_construccion":0,"pct_transporte":0,"pct_alojamiento":0,"pct_sin_educacion":0,"pct_educ_superior":12,"brecha_educ":-83,"pct_sin_seguro":12,"pct_sus":88,"pct_seguro_privado":0,"brecha_seguro":1,"pct_salud_publica":25,"pct_med_tradicional":20,"pct_automedicacion":22,"pct_remedios_caseros":27,"pct_viv_desocupada":0,"pct_alquiler":0,"pct_electricidad":83,"pct_sin_electricidad":17,"pct_agua_red":0,"pct_alcantarillado":0,"pct_camara_septica":0,"pct_pozo_ciego":33,"pct_sin_desague":50,"pct_gas_red":0,"pct_gas_garrafa":100,"pct_lena_guano":0,"pct_basura_formal":0,"pct_basura_quema":100,"pct_basura_informal":0,"pct_internet":100,"pct_celular":100,"pct_televisor":67}},{"type":"Feature","geometry":{"type":"Polygon","coordinates":[[[-66.73196,-17.67716],[-66.73187,-17.67704],[-66.73171,-17.67711],[-66.73145,-17.67692],[-66.7313,-17.677],[-66.73099,-17.67749],[-66.73116,-17.67769],[-66.73167,-17.67743],[-66.73196,-17.67716]]]},"properties":{"n":"TALLIJA CONFITAL","p":21,"personas_x_ha":48,"masculinidad":162,"pct_menor20":52,"pct_60mas":10,"pct_migrante":5,"dependencia_econ":186,"pct_empleados":29,"pct_cuentapropia":71,"pct_agricultura":57,"pct_comercio":14,"pct_manufactura":0,"pct_construccion":0,"pct_transporte":29,"pct_alojamiento":0,"pct_sin_educacion":10,"pct_educ_superior":0,"brecha_educ":0,"pct_sin_seguro":11,"pct_sus":89,"pct_seguro_privado":0,"brecha_seguro":17,"pct_salud_publica":30,"pct_med_tradicional":23,"pct_automedicacion":10,"pct_remedios_caseros":30,"pct_viv_desocupada":22,"pct_alquiler":0,"pct_electricidad":57,"pct_sin_electricidad":43,"pct_agua_red":29,"pct_alcantarillado":0,"pct_camara_septica":0,"pct_pozo_ciego":14,"pct_sin_desague":86,"pct_gas_red":0,"pct_gas_garrafa":86,"pct_lena_guano":14,"pct_basura_formal":0,"pct_basura_quema":100,"pct_basura_informal":0,"pct_internet":29,"pct_celular":71,"pct_televisor":14}},{"type":"Feature","geometry":{"type":"Polygon","coordinates":[[[-66.73011,-17.68123],[-66.73056,-17.68084],[-66.73042,-17.68056],[-66.73012,-17.68078],[-66.73019,-17.68098],[-66.73001,-17.68109],[-66.73011,-17.68123]]]},"properties":{"n":"TALLIJA CONFITAL","p":23,"personas_x_ha":122,"masculinidad":109,"pct_menor20":57,"pct_60mas":0,"pct_migrante":0,"dependencia_econ":475,"pct_empleados":25,"pct_cuentapropia":75,"pct_agricultura":75,"pct_comercio":0,"pct_manufactura":0,"pct_construccion":0,"pct_transporte":25,"pct_alojamiento":0,"pct_sin_educacion":20,"pct_educ_superior":10,"brecha_educ":-8,"pct_sin_seguro":0,"pct_sus":100,"pct_seguro_privado":0,"brecha_seguro":0,"pct_salud_publica":100,"pct_med_tradicional":0,"pct_automedicacion":0,"pct_remedios_caseros":0,"pct_viv_desocupada":14,"pct_alquiler":0,"pct_electricidad":100,"pct_sin_electricidad":0,"pct_agua_red":0,"pct_alcantarillado":0,"pct_camara_septica":0,"pct_pozo_ciego":40,"pct_sin_desague":60,"pct_gas_red":0,"pct_gas_garrafa":80,"pct_lena_guano":20,"pct_basura_formal":0,"pct_basura_quema":100,"pct_basura_informal":0,"pct_internet":80,"pct_celular":100,"pct_televisor":60}},{"type":"Feature","geometry":{"type":"Polygon","coordinates":[[[-66.72936,-17.67871],[-66.72926,-17.6786],[-66.72942,-17.67829],[-66.72955,-17.67832],[-66.72971,-17.6781],[-66.72993,-17.67823],[-66.72987,-17.67837],[-66.72977,-17.67836],[-66.72936,-17.67871]]]},"properties":{"n":"TALLIJA CONFITAL","p":20,"personas_x_ha":106,"masculinidad":100,"pct_menor20":45,"pct_60mas":10,"pct_migrante":30,"dependencia_econ":150,"pct_empleados":38,"pct_cuentapropia":62,"pct_agricultura":25,"pct_comercio":25,"pct_manufactura":0,"pct_construccion":12,"pct_transporte":0,"pct_alojamiento":0,"pct_sin_educacion":18,"pct_educ_superior":0,"brecha_educ":-7,"pct_sin_seguro":5,"pct_sus":90,"pct_seguro_privado":5,"brecha_seguro":-10,"pct_salud_publica":25,"pct_med_tradicional":13,"pct_automedicacion":16,"pct_remedios_caseros":28,"pct_viv_desocupada":0,"pct_alquiler":0,"pct_electricidad":100,"pct_sin_electricidad":0,"pct_agua_red":0,"pct_alcantarillado":0,"pct_camara_septica":0,"pct_pozo_ciego":17,"pct_sin_desague":67,"pct_gas_red":0,"pct_gas_garrafa":83,"pct_lena_guano":17,"pct_basura_formal":0,"pct_basura_quema":67,"pct_basura_informal":0,"pct_internet":83,"pct_celular":100,"pct_televisor":17}},{"type":"Feature","geometry":{"type":"Polygon","coordinates":[[[-66.73158,-17.67902],[-66.73196,-17.67865],[-66.73186,-17.67853],[-66.73144,-17.67888],[-66.73158,-17.67902]]]},"properties":{"n":"TALLIJA CONFITAL","p":19,"personas_x_ha":167,"masculinidad":111,"pct_menor20":32,"pct_60mas":32,"pct_migrante":11,"dependencia_econ":20,"pct_empleados":27,"pct_cuentapropia":60,"pct_agricultura":40,"pct_comercio":20,"pct_manufactura":20,"pct_construccion":0,"pct_transporte":7,"pct_alojamiento":0,"pct_sin_educacion":7,"pct_educ_superior":7,"brecha_educ":16,"pct_sin_seguro":6,"pct_sus":94,"pct_seguro_privado":0,"brecha_seguro":11,"pct_salud_publica":19,"pct_med_tradicional":38,"pct_automedicacion":0,"pct_remedios_caseros":38,"pct_viv_desocupada":25,"pct_alquiler":0,"pct_electricidad":100,"pct_sin_electricidad":0,"pct_agua_red":50,"pct_alcantarillado":0,"pct_camara_septica":0,"pct_pozo_ciego":0,"pct_sin_desague":83,"pct_gas_red":0,"pct_gas_garrafa":100,"pct_lena_guano":0,"pct_basura_formal":17,"pct_basura_quema":67,"pct_basura_informal":0,"pct_internet":50,"pct_celular":50,"pct_televisor":17}},{"type":"Feature","geometry":{"type":"Polygon","coordinates":[[[-66.73279,-17.6783],[-66.73267,-17.67816],[-66.73206,-17.67864],[-66.7323,-17.67885],[-66.73279,-17.6783]]]},"properties":{"n":"TALLIJA CONFITAL","p":17,"personas_x_ha":73,"masculinidad":240,"pct_menor20":53,"pct_60mas":0,"pct_migrante":0,"dependencia_econ":220,"pct_empleados":0,"pct_cuentapropia":80,"pct_agricultura":80,"pct_comercio":0,"pct_manufactura":0,"pct_construccion":0,"pct_transporte":0,"pct_alojamiento":0,"pct_sin_educacion":43,"pct_educ_superior":0,"brecha_educ":10,"pct_sin_seguro":6,"pct_sus":88,"pct_seguro_privado":0,"brecha_seguro":-20,"pct_salud_publica":65,"pct_med_tradicional":4,"pct_automedicacion":0,"pct_remedios_caseros":0,"pct_viv_desocupada":27,"pct_alquiler":0,"pct_electricidad":62,"pct_sin_electricidad":38,"pct_agua_red":50,"pct_alcantarillado":0,"pct_camara_septica":0,"pct_pozo_ciego":0,"pct_sin_desague":100,"pct_gas_red":0,"pct_gas_garrafa":100,"pct_lena_guano":0,"pct_basura_formal":0,"pct_basura_quema":100,"pct_basura_informal":0,"pct_internet":50,"pct_celular":100,"pct_televisor":50}},{"type":"Feature","geometry":{"type":"Polygon","coordinates":[[[-66.62053,-17.51723],[-66.62043,-17.51708],[-66.62032,-17.51706],[-66.6203,-17.51718],[-66.62023,-17.51728],[-66.62031,-17.51703],[-66.62011,-17.51692],[-66.61997,-17.51624],[-66.61972,-17.51622],[-66.61972,-17.51647],[-66.61992,-17.5169],[-66.62002,-17.51762],[-66.62072,-17.51745],[-66.62074,-17.51724],[-66.62053,-17.51723]]]},"properties":{"n":"TAPACARI","p":25,"personas_x_ha":41,"masculinidad":79,"pct_menor20":16,"pct_60mas":36,"pct_migrante":36,"dependencia_econ":47,"pct_empleados":12,"pct_cuentapropia":76,"pct_agricultura":47,"pct_comercio":18,"pct_manufactura":18,"pct_construccion":0,"pct_transporte":0,"pct_alojamiento":0,"pct_sin_educacion":14,"pct_educ_superior":45,"brecha_educ":17,"pct_sin_seguro":8,"pct_sus":68,"pct_seguro_privado":0,"brecha_seguro":2,"pct_salud_publica":39,"pct_med_tradicional":10,"pct_automedicacion":2,"pct_remedios_caseros":33,"pct_viv_desocupada":13,"pct_alquiler":0,"pct_electricidad":93,"pct_sin_electricidad":7,"pct_agua_red":33,"pct_alcantarillado":40,"pct_camara_septica":0,"pct_pozo_ciego":7,"pct_sin_desague":53,"pct_gas_red":0,"pct_gas_garrafa":73,"pct_lena_guano":20,"pct_basura_formal":47,"pct_basura_quema":40,"pct_basura_informal":7,"pct_internet":73,"pct_celular":87,"pct_televisor":33}},{"type":"Feature","geometry":{"type":"Polygon","coordinates":[[[-66.62057,-17.51676],[-66.62104,-17.51689],[-66.62108,-17.51651],[-66.62055,-17.51653],[-66.62057,-17.51676]]]},"properties":{"n":"TAPACARI","p":23,"personas_x_ha":111,"masculinidad":64,"pct_menor20":39,"pct_60mas":9,"pct_migrante":57,"dependencia_econ":100,"pct_empleados":27,"pct_cuentapropia":45,"pct_agricultura":9,"pct_comercio":27,"pct_manufactura":18,"pct_construccion":9,"pct_transporte":0,"pct_alojamiento":0,"pct_sin_educacion":7,"pct_educ_superior":43,"brecha_educ":9,"pct_sin_seguro":5,"pct_sus":95,"pct_seguro_privado":0,"brecha_seguro":11,"pct_salud_publica":36,"pct_med_tradicional":20,"pct_automedicacion":4,"pct_remedios_caseros":23,"pct_viv_desocupada":0,"pct_alquiler":11,"pct_electricidad":89,"pct_sin_electricidad":11,"pct_agua_red":100,"pct_alcantarillado":100,"pct_camara_septica":0,"pct_pozo_ciego":0,"pct_sin_desague":0,"pct_gas_red":0,"pct_gas_garrafa":89,"pct_lena_guano":11,"pct_basura_formal":78,"pct_basura_quema":0,"pct_basura_informal":22,"pct_internet":67,"pct_celular":89,"pct_televisor":33}},{"type":"Feature","geometry":{"type":"Polygon","coordinates":[[[-66.6287,-17.51153],[-66.62833,-17.51094],[-66.62789,-17.51121],[-66.62819,-17.51171],[-66.6287,-17.51153]]]},"properties":{"n":"TAPACARI","p":23,"personas_x_ha":56,"masculinidad":92,"pct_menor20":70,"pct_60mas":4,"pct_migrante":4,"dependencia_econ":130,"pct_empleados":0,"pct_cuentapropia":70,"pct_agricultura":50,"pct_comercio":20,"pct_manufactura":0,"pct_construccion":0,"pct_transporte":0,"pct_alojamiento":0,"pct_sin_educacion":25,"pct_educ_superior":12,"brecha_educ":-27,"pct_sin_seguro":0,"pct_sus":100,"pct_seguro_privado":0,"brecha_seguro":0,"pct_salud_publica":63,"pct_med_tradicional":0,"pct_automedicacion":11,"pct_remedios_caseros":11,"pct_viv_desocupada":0,"pct_alquiler":0,"pct_electricidad":42,"pct_sin_electricidad":50,"pct_agua_red":33,"pct_alcantarillado":0,"pct_camara_septica":0,"pct_pozo_ciego":0,"pct_sin_desague":100,"pct_gas_red":0,"pct_gas_garrafa":50,"pct_lena_guano":50,"pct_basura_formal":0,"pct_basura_quema":92,"pct_basura_informal":8,"pct_internet":67,"pct_celular":83,"pct_televisor":8}},{"type":"Feature","geometry":{"type":"Polygon","coordinates":[[[-66.62157,-17.5146],[-66.62166,-17.51429],[-66.62196,-17.51422],[-66.62204,-17.51436],[-66.62186,-17.51459],[-66.62111,-17.51506],[-66.62106,-17.51487],[-66.62122,-17.51468],[-66.62157,-17.5146]]]},"properties":{"n":"TAPACARI","p":29,"personas_x_ha":81,"masculinidad":81,"pct_menor20":55,"pct_60mas":3,"pct_migrante":17,"dependencia_econ":81,"pct_empleados":25,"pct_cuentapropia":44,"pct_agricultura":38,"pct_comercio":6,"pct_manufactura":0,"pct_construccion":12,"pct_transporte":0,"pct_alojamiento":6,"pct_sin_educacion":29,"pct_educ_superior":0,"brecha_educ":0,"pct_sin_seguro":10,"pct_sus":83,"pct_seguro_privado":0,"brecha_seguro":9,"pct_salud_publica":58,"pct_med_tradicional":8,"pct_automedicacion":12,"pct_remedios_caseros":16,"pct_viv_desocupada":9,"pct_alquiler":0,"pct_electricidad":100,"pct_sin_electricidad":0,"pct_agua_red":90,"pct_alcantarillado":50,"pct_camara_septica":0,"pct_pozo_ciego":20,"pct_sin_desague":30,"pct_gas_red":0,"pct_gas_garrafa":100,"pct_lena_guano":0,"pct_basura_formal":50,"pct_basura_quema":40,"pct_basura_informal":10,"pct_internet":60,"pct_celular":90,"pct_televisor":60}},{"type":"Feature","geometry":{"type":"Polygon","coordinates":[[[-66.62921,-17.51118],[-66.62881,-17.51153],[-66.62863,-17.51131],[-66.62846,-17.51089],[-66.62891,-17.51067],[-66.62921,-17.51118]]]},"properties":{"n":"TAPACARI","p":20,"personas_x_ha":46,"masculinidad":122,"pct_menor20":45,"pct_60mas":15,"pct_migrante":5,"dependencia_econ":73,"pct_empleados":0,"pct_cuentapropia":100,"pct_agricultura":64,"pct_comercio":9,"pct_manufactura":0,"pct_construccion":9,"pct_transporte":0,"pct_alojamiento":9,"pct_sin_educacion":27,"pct_educ_superior":18,"brecha_educ":7,"pct_sin_seguro":0,"pct_sus":100,"pct_seguro_privado":0,"brecha_seguro":0,"pct_salud_publica":31,"pct_med_tradicional":4,"pct_automedicacion":25,"pct_remedios_caseros":33,"pct_viv_desocupada":0,"pct_alquiler":0,"pct_electricidad":45,"pct_sin_electricidad":55,"pct_agua_red":0,"pct_alcantarillado":0,"pct_camara_septica":0,"pct_pozo_ciego":9,"pct_sin_desague":91,"pct_gas_red":0,"pct_gas_garrafa":45,"pct_lena_guano":55,"pct_basura_formal":0,"pct_basura_quema":82,"pct_basura_informal":18,"pct_internet":64,"pct_celular":91,"pct_televisor":0}},{"type":"Feature","geometry":{"type":"Polygon","coordinates":[[[-66.61969,-17.51583],[-66.61934,-17.51593],[-66.61926,-17.51587],[-66.61835,-17.51635],[-66.61861,-17.51666],[-66.61887,-17.51649],[-66.61967,-17.51645],[-66.61968,-17.51636],[-66.61939,-17.51636],[-66.61932,-17.51627],[-66.61906,-17.51628],[-66.61931,-17.51625],[-66.61938,-17.51633],[-66.61968,-17.51633],[-66.61969,-17.51583]]]},"properties":{"n":"TAPACARI","p":31,"personas_x_ha":40,"masculinidad":82,"pct_menor20":32,"pct_60mas":26,"pct_migrante":23,"dependencia_econ":94,"pct_empleados":19,"pct_cuentapropia":38,"pct_agricultura":62,"pct_comercio":25,"pct_manufactura":0,"pct_construccion":0,"pct_transporte":6,"pct_alojamiento":0,"pct_sin_educacion":10,"pct_educ_superior":24,"brecha_educ":-6,"pct_sin_seguro":3,"pct_sus":97,"pct_seguro_privado":0,"brecha_seguro":7,"pct_salud_publica":31,"pct_med_tradicional":18,"pct_automedicacion":8,"pct_remedios_caseros":24,"pct_viv_desocupada":4,"pct_alquiler":6,"pct_electricidad":94,"pct_sin_electricidad":6,"pct_agua_red":100,"pct_alcantarillado":88,"pct_camara_septica":0,"pct_pozo_ciego":0,"pct_sin_desague":12,"pct_gas_red":0,"pct_gas_garrafa":94,"pct_lena_guano":6,"pct_basura_formal":75,"pct_basura_quema":19,"pct_basura_informal":6,"pct_internet":62,"pct_celular":75,"pct_televisor":56}},{"type":"Feature","geometry":{"type":"Polygon","coordinates":[[[-66.62634,-17.51319],[-66.62616,-17.51299],[-66.62563,-17.51345],[-66.62495,-17.51385],[-66.62489,-17.51399],[-66.6253,-17.51391],[-66.62598,-17.51355],[-66.62634,-17.51319]]]},"properties":{"n":"TAPACARI","p":23,"personas_x_ha":50,"masculinidad":92,"pct_menor20":22,"pct_60mas":17,"pct_migrante":39,"dependencia_econ":64,"pct_empleados":14,"pct_cuentapropia":57,"pct_agricultura":64,"pct_comercio":0,"pct_manufactura":7,"pct_construccion":0,"pct_transporte":0,"pct_alojamiento":0,"pct_sin_educacion":6,"pct_educ_superior":11,"brecha_educ":0,"pct_sin_seguro":9,"pct_sus":78,"pct_seguro_privado":0,"brecha_seguro":1,"pct_salud_publica":27,"pct_med_tradicional":15,"pct_automedicacion":8,"pct_remedios_caseros":22,"pct_viv_desocupada":0,"pct_alquiler":10,"pct_electricidad":70,"pct_sin_electricidad":20,"pct_agua_red":40,"pct_alcantarillado":50,"pct_camara_septica":0,"pct_pozo_ciego":0,"pct_sin_desague":50,"pct_gas_red":0,"pct_gas_garrafa":50,"pct_lena_guano":50,"pct_basura_formal":50,"pct_basura_quema":50,"pct_basura_informal":0,"pct_internet":40,"pct_celular":80,"pct_televisor":40}},{"type":"Feature","geometry":{"type":"Polygon","coordinates":[[[-66.62441,-17.51341],[-66.62463,-17.51339],[-66.62481,-17.5137],[-66.62384,-17.51424],[-66.62382,-17.51419],[-66.62428,-17.51383],[-66.62441,-17.51341]]]},"properties":{"n":"TAPACARI","p":20,"personas_x_ha":65,"masculinidad":82,"pct_menor20":55,"pct_60mas":5,"pct_migrante":0,"dependencia_econ":150,"pct_empleados":0,"pct_cuentapropia":12,"pct_agricultura":88,"pct_comercio":12,"pct_manufactura":0,"pct_construccion":0,"pct_transporte":0,"pct_alojamiento":0,"pct_sin_educacion":11,"pct_educ_superior":0,"brecha_educ":17,"pct_sin_seguro":0,"pct_sus":100,"pct_seguro_privado":0,"brecha_seguro":0,"pct_salud_publica":87,"pct_med_tradicional":4,"pct_automedicacion":0,"pct_remedios_caseros":0,"pct_viv_desocupada":0,"pct_alquiler":0,"pct_electricidad":100,"pct_sin_electricidad":0,"pct_agua_red":14,"pct_alcantarillado":71,"pct_camara_septica":0,"pct_pozo_ciego":0,"pct_sin_desague":29,"pct_gas_red":0,"pct_gas_garrafa":100,"pct_lena_guano":0,"pct_basura_formal":43,"pct_basura_quema":57,"pct_basura_informal":0,"pct_internet":71,"pct_celular":86,"pct_televisor":43}},{"type":"Feature","geometry":{"type":"Polygon","coordinates":[[[-66.6325,-17.50861],[-66.63226,-17.5083],[-66.63176,-17.5085],[-66.63173,-17.50859],[-66.63185,-17.50878],[-66.63202,-17.50869],[-66.63217,-17.5089],[-66.6325,-17.50861]]]},"properties":{"n":"TAPACARI","p":16,"personas_x_ha":53,"masculinidad":23,"pct_menor20":62,"pct_60mas":0,"pct_migrante":0,"dependencia_econ":129,"pct_empleados":0,"pct_cuentapropia":71,"pct_agricultura":86,"pct_comercio":0,"pct_manufactura":0,"pct_construccion":0,"pct_transporte":0,"pct_alojamiento":0,"pct_sin_educacion":33,"pct_educ_superior":17,"brecha_educ":null,"pct_sin_seguro":0,"pct_sus":100,"pct_seguro_privado":0,"brecha_seguro":0,"pct_salud_publica":50,"pct_med_tradicional":0,"pct_automedicacion":0,"pct_remedios_caseros":0,"pct_viv_desocupada":0,"pct_alquiler":0,"pct_electricidad":38,"pct_sin_electricidad":0,"pct_agua_red":100,"pct_alcantarillado":0,"pct_camara_septica":0,"pct_pozo_ciego":0,"pct_sin_desague":100,"pct_gas_red":0,"pct_gas_garrafa":25,"pct_lena_guano":75,"pct_basura_formal":0,"pct_basura_quema":100,"pct_basura_informal":0,"pct_internet":88,"pct_celular":100,"pct_televisor":25}},{"type":"Feature","geometry":{"type":"Polygon","coordinates":[[[-66.62783,-17.51125],[-66.6271,-17.51162],[-66.62715,-17.51206],[-66.62809,-17.51168],[-66.62783,-17.51125]]]},"properties":{"n":"TAPACARI","p":31,"personas_x_ha":61,"masculinidad":82,"pct_menor20":48,"pct_60mas":3,"pct_migrante":19,"dependencia_econ":100,"pct_empleados":0,"pct_cuentapropia":67,"pct_agricultura":73,"pct_comercio":13,"pct_manufactura":0,"pct_construccion":7,"pct_transporte":0,"pct_alojamiento":7,"pct_sin_educacion":18,"pct_educ_superior":0,"brecha_educ":-14,"pct_sin_seguro":0,"pct_sus":100,"pct_seguro_privado":0,"brecha_seguro":0,"pct_salud_publica":30,"pct_med_tradicional":7,"pct_automedicacion":15,"pct_remedios_caseros":27,"pct_viv_desocupada":0,"pct_alquiler":0,"pct_electricidad":50,"pct_sin_electricidad":43,"pct_agua_red":7,"pct_alcantarillado":0,"pct_camara_septica":7,"pct_pozo_ciego":36,"pct_sin_desague":57,"pct_gas_red":0,"pct_gas_garrafa":50,"pct_lena_guano":50,"pct_basura_formal":7,"pct_basura_quema":79,"pct_basura_informal":14,"pct_internet":86,"pct_celular":93,"pct_televisor":7}},{"type":"Feature","geometry":{"type":"Polygon","coordinates":[[[-66.62031,-17.51612],[-66.61972,-17.51619],[-66.61976,-17.51586],[-66.6202,-17.51592],[-66.62039,-17.5156],[-66.62051,-17.51564],[-66.62031,-17.51612]]]},"properties":{"n":"TAPACARI","p":20,"personas_x_ha":75,"masculinidad":100,"pct_menor20":15,"pct_60mas":35,"pct_migrante":20,"dependencia_econ":122,"pct_empleados":11,"pct_cuentapropia":78,"pct_agricultura":56,"pct_comercio":11,"pct_manufactura":22,"pct_construccion":0,"pct_transporte":11,"pct_alojamiento":0,"pct_sin_educacion":0,"pct_educ_superior":41,"brecha_educ":-26,"pct_sin_seguro":10,"pct_sus":85,"pct_seguro_privado":0,"brecha_seguro":0,"pct_salud_publica":29,"pct_med_tradicional":2,"pct_automedicacion":9,"pct_remedios_caseros":29,"pct_viv_desocupada":0,"pct_alquiler":0,"pct_electricidad":100,"pct_sin_electricidad":0,"pct_agua_red":83,"pct_alcantarillado":100,"pct_camara_septica":0,"pct_pozo_ciego":0,"pct_sin_desague":0,"pct_gas_red":0,"pct_gas_garrafa":100,"pct_lena_guano":0,"pct_basura_formal":100,"pct_basura_quema":0,"pct_basura_informal":0,"pct_internet":75,"pct_celular":83,"pct_televisor":42}},{"type":"Feature","geometry":{"type":"Polygon","coordinates":[[[-66.62062,-17.51575],[-66.62056,-17.51607],[-66.62108,-17.51608],[-66.62109,-17.51571],[-66.62062,-17.51575]]]},"properties":{"n":"TAPACARI","p":16,"personas_x_ha":74,"masculinidad":78,"pct_menor20":19,"pct_60mas":44,"pct_migrante":19,"dependencia_econ":100,"pct_empleados":25,"pct_cuentapropia":38,"pct_agricultura":38,"pct_comercio":12,"pct_manufactura":0,"pct_construccion":12,"pct_transporte":0,"pct_alojamiento":0,"pct_sin_educacion":0,"pct_educ_superior":38,"brecha_educ":-40,"pct_sin_seguro":0,"pct_sus":81,"pct_seguro_privado":0,"brecha_seguro":0,"pct_salud_publica":22,"pct_med_tradicional":6,"pct_automedicacion":27,"pct_remedios_caseros":24,"pct_viv_desocupada":0,"pct_alquiler":9,"pct_electricidad":91,"pct_sin_electricidad":9,"pct_agua_red":100,"pct_alcantarillado":91,"pct_camara_septica":0,"pct_pozo_ciego":9,"pct_sin_desague":0,"pct_gas_red":0,"pct_gas_garrafa":100,"pct_lena_guano":0,"pct_basura_formal":64,"pct_basura_quema":9,"pct_basura_informal":9,"pct_internet":64,"pct_celular":91,"pct_televisor":36}},{"type":"Feature","geometry":{"type":"Polygon","coordinates":[[[-66.62053,-17.51705],[-66.62016,-17.51693],[-66.62001,-17.51653],[-66.62051,-17.51653],[-66.62053,-17.51705]]]},"properties":{"n":"TAPACARI","p":21,"personas_x_ha":88,"masculinidad":75,"pct_menor20":33,"pct_60mas":43,"pct_migrante":57,"dependencia_econ":133,"pct_empleados":33,"pct_cuentapropia":56,"pct_agricultura":0,"pct_comercio":22,"pct_manufactura":22,"pct_construccion":11,"pct_transporte":11,"pct_alojamiento":11,"pct_sin_educacion":0,"pct_educ_superior":64,"brecha_educ":-11,"pct_sin_seguro":0,"pct_sus":57,"pct_seguro_privado":0,"brecha_seguro":0,"pct_salud_publica":42,"pct_med_tradicional":4,"pct_automedicacion":0,"pct_remedios_caseros":15,"pct_viv_desocupada":17,"pct_alquiler":0,"pct_electricidad":100,"pct_sin_electricidad":0,"pct_agua_red":100,"pct_alcantarillado":100,"pct_camara_septica":0,"pct_pozo_ciego":0,"pct_sin_desague":0,"pct_gas_red":0,"pct_gas_garrafa":89,"pct_lena_guano":11,"pct_basura_formal":78,"pct_basura_quema":22,"pct_basura_informal":0,"pct_internet":67,"pct_celular":89,"pct_televisor":22}},{"type":"Feature","geometry":{"type":"Polygon","coordinates":[[[-66.62491,-17.5138],[-66.62568,-17.51331],[-66.62551,-17.51292],[-66.62553,-17.51243],[-66.62545,-17.51233],[-66.62482,-17.51314],[-66.62468,-17.51344],[-66.62491,-17.5138]]]},"properties":{"n":"TAPACARI","p":18,"personas_x_ha":21,"masculinidad":80,"pct_menor20":56,"pct_60mas":6,"pct_migrante":28,"dependencia_econ":80,"pct_empleados":40,"pct_cuentapropia":50,"pct_agricultura":40,"pct_comercio":10,"pct_manufactura":10,"pct_construccion":0,"pct_transporte":0,"pct_alojamiento":10,"pct_sin_educacion":12,"pct_educ_superior":25,"brecha_educ":-27,"pct_sin_seguro":17,"pct_sus":67,"pct_seguro_privado":0,"brecha_seguro":-7,"pct_salud_publica":26,"pct_med_tradicional":4,"pct_automedicacion":16,"pct_remedios_caseros":20,"pct_viv_desocupada":0,"pct_alquiler":0,"pct_electricidad":71,"pct_sin_electricidad":29,"pct_agua_red":29,"pct_alcantarillado":43,"pct_camara_septica":0,"pct_pozo_ciego":0,"pct_sin_desague":57,"pct_gas_red":0,"pct_gas_garrafa":71,"pct_lena_guano":29,"pct_basura_formal":57,"pct_basura_quema":43,"pct_basura_informal":0,"pct_internet":100,"pct_celular":100,"pct_televisor":57}},{"type":"Feature","geometry":{"type":"Polygon","coordinates":[[[-66.48781,-17.45776],[-66.48659,-17.45768],[-66.48658,-17.45773],[-66.48697,-17.45812],[-66.48781,-17.45813],[-66.48781,-17.45776]]]},"properties":{"n":"WACA PLAYA","p":16,"personas_x_ha":34,"masculinidad":167,"pct_menor20":50,"pct_60mas":12,"pct_migrante":6,"dependencia_econ":78,"pct_empleados":33,"pct_cuentapropia":44,"pct_agricultura":67,"pct_comercio":11,"pct_manufactura":0,"pct_construccion":0,"pct_transporte":11,"pct_alojamiento":0,"pct_sin_educacion":0,"pct_educ_superior":0,"brecha_educ":-60,"pct_sin_seguro":0,"pct_sus":100,"pct_seguro_privado":0,"brecha_seguro":0,"pct_salud_publica":94,"pct_med_tradicional":6,"pct_automedicacion":0,"pct_remedios_caseros":0,"pct_viv_desocupada":0,"pct_alquiler":0,"pct_electricidad":75,"pct_sin_electricidad":25,"pct_agua_red":12,"pct_alcantarillado":0,"pct_camara_septica":0,"pct_pozo_ciego":50,"pct_sin_desague":50,"pct_gas_red":0,"pct_gas_garrafa":25,"pct_lena_guano":75,"pct_basura_formal":0,"pct_basura_quema":88,"pct_basura_informal":12,"pct_internet":50,"pct_celular":88,"pct_televisor":12}}]}