{"type":"FeatureCollection","features":[{"type":"Feature","geometry":{"type":"Polygon","coordinates":[[[-65.18591,-18.2119],[-65.18467,-18.21072],[-65.18416,-18.21077],[-65.18417,-18.21127],[-65.18534,-18.21238],[-65.18591,-18.2119]]]},"properties":{"n":"AIQUILE","p":76,"personas_x_ha":47,"masculinidad":85,"pct_menor20":41,"pct_60mas":8,"pct_migrante":38,"dependencia_econ":85,"pct_empleados":41,"pct_cuentapropia":41,"pct_agricultura":17,"pct_comercio":32,"pct_manufactura":10,"pct_construccion":5,"pct_transporte":5,"pct_alojamiento":7,"pct_sin_educacion":9,"pct_educ_superior":34,"brecha_educ":-1,"pct_sin_seguro":20,"pct_sus":66,"pct_seguro_privado":5,"brecha_seguro":11,"pct_salud_publica":25,"pct_med_tradicional":6,"pct_automedicacion":24,"pct_remedios_caseros":25,"pct_viv_desocupada":0,"pct_alquiler":48,"pct_electricidad":100,"pct_sin_electricidad":0,"pct_agua_red":96,"pct_alcantarillado":100,"pct_camara_septica":0,"pct_pozo_ciego":0,"pct_sin_desague":0,"pct_gas_red":35,"pct_gas_garrafa":61,"pct_lena_guano":4,"pct_basura_formal":100,"pct_basura_quema":0,"pct_basura_informal":0,"pct_internet":74,"pct_celular":91,"pct_televisor":70}},{"type":"Feature","geometry":{"type":"Polygon","coordinates":[[[-65.1831,-18.20509],[-65.18254,-18.20559],[-65.18232,-18.2048],[-65.1829,-18.20438],[-65.1831,-18.20509]]]},"properties":{"n":"AIQUILE","p":32,"personas_x_ha":49,"masculinidad":88,"pct_menor20":25,"pct_60mas":12,"pct_migrante":41,"dependencia_econ":68,"pct_empleados":68,"pct_cuentapropia":26,"pct_agricultura":0,"pct_comercio":26,"pct_manufactura":0,"pct_construccion":11,"pct_transporte":5,"pct_alojamiento":21,"pct_sin_educacion":12,"pct_educ_superior":40,"brecha_educ":-8,"pct_sin_seguro":13,"pct_sus":52,"pct_seguro_privado":3,"brecha_seguro":29,"pct_salud_publica":29,"pct_med_tradicional":0,"pct_automedicacion":34,"pct_remedios_caseros":27,"pct_viv_desocupada":0,"pct_alquiler":31,"pct_electricidad":100,"pct_sin_electricidad":0,"pct_agua_red":92,"pct_alcantarillado":100,"pct_camara_septica":0,"pct_pozo_ciego":0,"pct_sin_desague":0,"pct_gas_red":38,"pct_gas_garrafa":62,"pct_lena_guano":0,"pct_basura_formal":100,"pct_basura_quema":0,"pct_basura_informal":0,"pct_internet":77,"pct_celular":92,"pct_televisor":77}},{"type":"Feature","geometry":{"type":"Polygon","coordinates":[[[-65.18393,-18.21121],[-65.18308,-18.21145],[-65.18266,-18.21103],[-65.1833,-18.21051],[-65.18393,-18.21121]]]},"properties":{"n":"AIQUILE","p":56,"personas_x_ha":74,"masculinidad":93,"pct_menor20":41,"pct_60mas":5,"pct_migrante":34,"dependencia_econ":100,"pct_empleados":39,"pct_cuentapropia":46,"pct_agricultura":4,"pct_comercio":14,"pct_manufactura":21,"pct_construccion":14,"pct_transporte":11,"pct_alojamiento":4,"pct_sin_educacion":0,"pct_educ_superior":44,"brecha_educ":-4,"pct_sin_seguro":11,"pct_sus":82,"pct_seguro_privado":0,"brecha_seguro":-6,"pct_salud_publica":34,"pct_med_tradicional":9,"pct_automedicacion":19,"pct_remedios_caseros":20,"pct_viv_desocupada":0,"pct_alquiler":33,"pct_electricidad":100,"pct_sin_electricidad":0,"pct_agua_red":67,"pct_alcantarillado":83,"pct_camara_septica":0,"pct_pozo_ciego":17,"pct_sin_desague":0,"pct_gas_red":58,"pct_gas_garrafa":42,"pct_lena_guano":0,"pct_basura_formal":100,"pct_basura_quema":0,"pct_basura_informal":0,"pct_internet":100,"pct_celular":100,"pct_televisor":83}},{"type":"Feature","geometry":{"type":"Polygon","coordinates":[[[-65.18281,-18.19863],[-65.18195,-18.19893],[-65.18222,-18.19999],[-65.18313,-18.19979],[-65.18281,-18.19863]]]},"properties":{"n":"AIQUILE","p":60,"personas_x_ha":47,"masculinidad":50,"pct_menor20":30,"pct_60mas":20,"pct_migrante":55,"dependencia_econ":71,"pct_empleados":43,"pct_cuentapropia":46,"pct_agricultura":9,"pct_comercio":37,"pct_manufactura":0,"pct_construccion":0,"pct_transporte":3,"pct_alojamiento":0,"pct_sin_educacion":7,"pct_educ_superior":62,"brecha_educ":-21,"pct_sin_seguro":18,"pct_sus":62,"pct_seguro_privado":0,"brecha_seguro":-20,"pct_salud_publica":16,"pct_med_tradicional":16,"pct_automedicacion":22,"pct_remedios_caseros":22,"pct_viv_desocupada":15,"pct_alquiler":48,"pct_electricidad":100,"pct_sin_electricidad":0,"pct_agua_red":93,"pct_alcantarillado":96,"pct_camara_septica":0,"pct_pozo_ciego":0,"pct_sin_desague":4,"pct_gas_red":26,"pct_gas_garrafa":63,"pct_lena_guano":0,"pct_basura_formal":100,"pct_basura_quema":0,"pct_basura_informal":0,"pct_internet":78,"pct_celular":93,"pct_televisor":63}},{"type":"Feature","geometry":{"type":"Polygon","coordinates":[[[-65.18615,-18.19909],[-65.18601,-18.1984],[-65.1854,-18.19822],[-65.185,-18.1982],[-65.18527,-18.19929],[-65.18615,-18.19909]]]},"properties":{"n":"AIQUILE","p":69,"personas_x_ha":66,"masculinidad":72,"pct_menor20":46,"pct_60mas":10,"pct_migrante":29,"dependencia_econ":116,"pct_empleados":44,"pct_cuentapropia":38,"pct_agricultura":0,"pct_comercio":31,"pct_manufactura":0,"pct_construccion":3,"pct_transporte":3,"pct_alojamiento":19,"pct_sin_educacion":3,"pct_educ_superior":41,"brecha_educ":-6,"pct_sin_seguro":1,"pct_sus":68,"pct_seguro_privado":0,"brecha_seguro":-3,"pct_salud_publica":26,"pct_med_tradicional":19,"pct_automedicacion":21,"pct_remedios_caseros":23,"pct_viv_desocupada":20,"pct_alquiler":21,"pct_electricidad":100,"pct_sin_electricidad":0,"pct_agua_red":84,"pct_alcantarillado":95,"pct_camara_septica":0,"pct_pozo_ciego":0,"pct_sin_desague":5,"pct_gas_red":42,"pct_gas_garrafa":58,"pct_lena_guano":0,"pct_basura_formal":100,"pct_basura_quema":0,"pct_basura_informal":0,"pct_internet":84,"pct_celular":89,"pct_televisor":79}},{"type":"Feature","geometry":{"type":"Polygon","coordinates":[[[-65.17638,-18.20409],[-65.1763,-18.20301],[-65.17745,-18.2027],[-65.17743,-18.20356],[-65.17786,-18.20359],[-65.17791,-18.20393],[-65.17638,-18.20409]]]},"properties":{"n":"AIQUILE","p":25,"personas_x_ha":14,"masculinidad":79,"pct_menor20":20,"pct_60mas":28,"pct_migrante":48,"dependencia_econ":92,"pct_empleados":46,"pct_cuentapropia":46,"pct_agricultura":23,"pct_comercio":15,"pct_manufactura":8,"pct_construccion":0,"pct_transporte":0,"pct_alojamiento":8,"pct_sin_educacion":0,"pct_educ_superior":35,"brecha_educ":-33,"pct_sin_seguro":0,"pct_sus":83,"pct_seguro_privado":0,"brecha_seguro":0,"pct_salud_publica":23,"pct_med_tradicional":8,"pct_automedicacion":14,"pct_remedios_caseros":19,"pct_viv_desocupada":11,"pct_alquiler":25,"pct_electricidad":100,"pct_sin_electricidad":0,"pct_agua_red":100,"pct_alcantarillado":100,"pct_camara_septica":0,"pct_pozo_ciego":0,"pct_sin_desague":0,"pct_gas_red":62,"pct_gas_garrafa":25,"pct_lena_guano":0,"pct_basura_formal":88,"pct_basura_quema":0,"pct_basura_informal":0,"pct_internet":100,"pct_celular":100,"pct_televisor":88}},{"type":"Feature","geometry":{"type":"Polygon","coordinates":[[[-65.17709,-18.20028],[-65.177,-18.19991],[-65.17592,-18.2003],[-65.17597,-18.2004],[-65.17709,-18.20028]]]},"properties":{"n":"AIQUILE","p":51,"personas_x_ha":141,"masculinidad":70,"pct_menor20":18,"pct_60mas":24,"pct_migrante":22,"dependencia_econ":70,"pct_empleados":47,"pct_cuentapropia":27,"pct_agricultura":20,"pct_comercio":17,"pct_manufactura":3,"pct_construccion":7,"pct_transporte":0,"pct_alojamiento":7,"pct_sin_educacion":5,"pct_educ_superior":51,"brecha_educ":3,"pct_sin_seguro":14,"pct_sus":48,"pct_seguro_privado":2,"brecha_seguro":17,"pct_salud_publica":25,"pct_med_tradicional":9,"pct_automedicacion":18,"pct_remedios_caseros":22,"pct_viv_desocupada":0,"pct_alquiler":35,"pct_electricidad":100,"pct_sin_electricidad":0,"pct_agua_red":100,"pct_alcantarillado":100,"pct_camara_septica":0,"pct_pozo_ciego":0,"pct_sin_desague":0,"pct_gas_red":55,"pct_gas_garrafa":45,"pct_lena_guano":0,"pct_basura_formal":100,"pct_basura_quema":0,"pct_basura_informal":0,"pct_internet":85,"pct_celular":90,"pct_televisor":60}},{"type":"Feature","geometry":{"type":"Polygon","coordinates":[[[-65.17712,-18.19469],[-65.17674,-18.19481],[-65.1771,-18.19573],[-65.1774,-18.19559],[-65.17712,-18.19469]]]},"properties":{"n":"AIQUILE","p":20,"personas_x_ha":46,"masculinidad":100,"pct_menor20":50,"pct_60mas":10,"pct_migrante":20,"dependencia_econ":150,"pct_empleados":25,"pct_cuentapropia":62,"pct_agricultura":0,"pct_comercio":38,"pct_manufactura":25,"pct_construccion":0,"pct_transporte":0,"pct_alojamiento":12,"pct_sin_educacion":20,"pct_educ_superior":20,"brecha_educ":-17,"pct_sin_seguro":0,"pct_sus":60,"pct_seguro_privado":0,"brecha_seguro":0,"pct_salud_publica":17,"pct_med_tradicional":16,"pct_automedicacion":23,"pct_remedios_caseros":24,"pct_viv_desocupada":0,"pct_alquiler":50,"pct_electricidad":100,"pct_sin_electricidad":0,"pct_agua_red":100,"pct_alcantarillado":100,"pct_camara_septica":0,"pct_pozo_ciego":0,"pct_sin_desague":0,"pct_gas_red":0,"pct_gas_garrafa":100,"pct_lena_guano":0,"pct_basura_formal":83,"pct_basura_quema":17,"pct_basura_informal":0,"pct_internet":83,"pct_celular":100,"pct_televisor":50}},{"type":"Feature","geometry":{"type":"Polygon","coordinates":[[[-65.191,-18.21306],[-65.18968,-18.21179],[-65.1891,-18.21224],[-65.19042,-18.21356],[-65.191,-18.21306]]]},"properties":{"n":"AIQUILE","p":21,"personas_x_ha":13,"masculinidad":75,"pct_menor20":19,"pct_60mas":14,"pct_migrante":33,"dependencia_econ":31,"pct_empleados":25,"pct_cuentapropia":62,"pct_agricultura":25,"pct_comercio":31,"pct_manufactura":25,"pct_construccion":0,"pct_transporte":6,"pct_alojamiento":6,"pct_sin_educacion":6,"pct_educ_superior":11,"brecha_educ":3,"pct_sin_seguro":19,"pct_sus":81,"pct_seguro_privado":0,"brecha_seguro":6,"pct_salud_publica":21,"pct_med_tradicional":15,"pct_automedicacion":27,"pct_remedios_caseros":26,"pct_viv_desocupada":0,"pct_alquiler":50,"pct_electricidad":88,"pct_sin_electricidad":12,"pct_agua_red":100,"pct_alcantarillado":75,"pct_camara_septica":0,"pct_pozo_ciego":0,"pct_sin_desague":25,"pct_gas_red":12,"pct_gas_garrafa":88,"pct_lena_guano":0,"pct_basura_formal":88,"pct_basura_quema":12,"pct_basura_informal":0,"pct_internet":62,"pct_celular":75,"pct_televisor":62}},{"type":"Feature","geometry":{"type":"Polygon","coordinates":[[[-65.18968,-18.21419],[-65.18833,-18.21284],[-65.18766,-18.21334],[-65.1891,-18.21472],[-65.18968,-18.21419]]]},"properties":{"n":"AIQUILE","p":91,"personas_x_ha":49,"masculinidad":90,"pct_menor20":34,"pct_60mas":14,"pct_migrante":32,"dependencia_econ":100,"pct_empleados":42,"pct_cuentapropia":49,"pct_agricultura":9,"pct_comercio":20,"pct_manufactura":4,"pct_construccion":11,"pct_transporte":13,"pct_alojamiento":16,"pct_sin_educacion":3,"pct_educ_superior":48,"brecha_educ":-4,"pct_sin_seguro":15,"pct_sus":74,"pct_seguro_privado":0,"brecha_seguro":4,"pct_salud_publica":23,"pct_med_tradicional":16,"pct_automedicacion":19,"pct_remedios_caseros":24,"pct_viv_desocupada":6,"pct_alquiler":25,"pct_electricidad":100,"pct_sin_electricidad":0,"pct_agua_red":83,"pct_alcantarillado":92,"pct_camara_septica":0,"pct_pozo_ciego":0,"pct_sin_desague":8,"pct_gas_red":50,"pct_gas_garrafa":50,"pct_lena_guano":0,"pct_basura_formal":100,"pct_basura_quema":0,"pct_basura_informal":0,"pct_internet":79,"pct_celular":79,"pct_televisor":88}},{"type":"Feature","geometry":{"type":"Polygon","coordinates":[[[-65.18383,-18.19823],[-65.18291,-18.19855],[-65.18325,-18.19973],[-65.18415,-18.19954],[-65.18383,-18.19823]]]},"properties":{"n":"AIQUILE","p":86,"personas_x_ha":57,"masculinidad":126,"pct_menor20":35,"pct_60mas":16,"pct_migrante":22,"dependencia_econ":62,"pct_empleados":47,"pct_cuentapropia":49,"pct_agricultura":4,"pct_comercio":26,"pct_manufactura":4,"pct_construccion":2,"pct_transporte":11,"pct_alojamiento":15,"pct_sin_educacion":7,"pct_educ_superior":53,"brecha_educ":-20,"pct_sin_seguro":16,"pct_sus":55,"pct_seguro_privado":0,"brecha_seguro":0,"pct_salud_publica":23,"pct_med_tradicional":12,"pct_automedicacion":20,"pct_remedios_caseros":20,"pct_viv_desocupada":11,"pct_alquiler":22,"pct_electricidad":100,"pct_sin_electricidad":0,"pct_agua_red":100,"pct_alcantarillado":100,"pct_camara_septica":0,"pct_pozo_ciego":0,"pct_sin_desague":0,"pct_gas_red":44,"pct_gas_garrafa":56,"pct_lena_guano":0,"pct_basura_formal":100,"pct_basura_quema":0,"pct_basura_informal":0,"pct_internet":85,"pct_celular":93,"pct_televisor":89}},{"type":"Feature","geometry":{"type":"Polygon","coordinates":[[[-65.1808,-18.20385],[-65.18002,-18.20209],[-65.1797,-18.20215],[-65.1803,-18.20392],[-65.1808,-18.20385]]]},"properties":{"n":"AIQUILE","p":138,"personas_x_ha":144,"masculinidad":94,"pct_menor20":34,"pct_60mas":16,"pct_migrante":29,"dependencia_econ":106,"pct_empleados":39,"pct_cuentapropia":45,"pct_agricultura":9,"pct_comercio":25,"pct_manufactura":4,"pct_construccion":3,"pct_transporte":3,"pct_alojamiento":13,"pct_sin_educacion":4,"pct_educ_superior":41,"brecha_educ":-9,"pct_sin_seguro":8,"pct_sus":66,"pct_seguro_privado":0,"brecha_seguro":2,"pct_salud_publica":26,"pct_med_tradicional":7,"pct_automedicacion":22,"pct_remedios_caseros":23,"pct_viv_desocupada":4,"pct_alquiler":38,"pct_electricidad":100,"pct_sin_electricidad":0,"pct_agua_red":100,"pct_alcantarillado":100,"pct_camara_septica":0,"pct_pozo_ciego":0,"pct_sin_desague":0,"pct_gas_red":48,"pct_gas_garrafa":50,"pct_lena_guano":0,"pct_basura_formal":100,"pct_basura_quema":0,"pct_basura_informal":0,"pct_internet":85,"pct_celular":92,"pct_televisor":85}},{"type":"Feature","geometry":{"type":"Polygon","coordinates":[[[-65.17451,-18.19532],[-65.17485,-18.19524],[-65.17469,-18.19437],[-65.17439,-18.19444],[-65.17451,-18.19532]]]},"properties":{"n":"AIQUILE","p":20,"personas_x_ha":55,"masculinidad":33,"pct_menor20":45,"pct_60mas":25,"pct_migrante":55,"dependencia_econ":217,"pct_empleados":33,"pct_cuentapropia":67,"pct_agricultura":50,"pct_comercio":17,"pct_manufactura":0,"pct_construccion":17,"pct_transporte":0,"pct_alojamiento":0,"pct_sin_educacion":45,"pct_educ_superior":18,"brecha_educ":4,"pct_sin_seguro":16,"pct_sus":74,"pct_seguro_privado":0,"brecha_seguro":12,"pct_salud_publica":28,"pct_med_tradicional":7,"pct_automedicacion":22,"pct_remedios_caseros":22,"pct_viv_desocupada":0,"pct_alquiler":57,"pct_electricidad":100,"pct_sin_electricidad":0,"pct_agua_red":57,"pct_alcantarillado":100,"pct_camara_septica":0,"pct_pozo_ciego":0,"pct_sin_desague":0,"pct_gas_red":57,"pct_gas_garrafa":43,"pct_lena_guano":0,"pct_basura_formal":100,"pct_basura_quema":0,"pct_basura_informal":0,"pct_internet":100,"pct_celular":100,"pct_televisor":71}},{"type":"Feature","geometry":{"type":"Polygon","coordinates":[[[-65.18526,-18.20625],[-65.18479,-18.2055],[-65.18433,-18.20576],[-65.18481,-18.20656],[-65.18526,-18.20625]]]},"properties":{"n":"AIQUILE","p":30,"personas_x_ha":49,"masculinidad":100,"pct_menor20":53,"pct_60mas":3,"pct_migrante":40,"dependencia_econ":127,"pct_empleados":27,"pct_cuentapropia":73,"pct_agricultura":9,"pct_comercio":36,"pct_manufactura":27,"pct_construccion":18,"pct_transporte":0,"pct_alojamiento":9,"pct_sin_educacion":8,"pct_educ_superior":8,"brecha_educ":-33,"pct_sin_seguro":4,"pct_sus":96,"pct_seguro_privado":0,"brecha_seguro":7,"pct_salud_publica":28,"pct_med_tradicional":11,"pct_automedicacion":17,"pct_remedios_caseros":22,"pct_viv_desocupada":0,"pct_alquiler":50,"pct_electricidad":100,"pct_sin_electricidad":0,"pct_agua_red":88,"pct_alcantarillado":100,"pct_camara_septica":0,"pct_pozo_ciego":0,"pct_sin_desague":0,"pct_gas_red":62,"pct_gas_garrafa":38,"pct_lena_guano":0,"pct_basura_formal":100,"pct_basura_quema":0,"pct_basura_informal":0,"pct_internet":88,"pct_celular":100,"pct_televisor":100}},{"type":"Feature","geometry":{"type":"Polygon","coordinates":[[[-65.19033,-18.21366],[-65.189,-18.21233],[-65.1884,-18.21277],[-65.18973,-18.21413],[-65.19033,-18.21366]]]},"properties":{"n":"AIQUILE","p":23,"personas_x_ha":13,"masculinidad":130,"pct_menor20":30,"pct_60mas":17,"pct_migrante":26,"dependencia_econ":133,"pct_empleados":44,"pct_cuentapropia":33,"pct_agricultura":11,"pct_comercio":0,"pct_manufactura":11,"pct_construccion":11,"pct_transporte":22,"pct_alojamiento":11,"pct_sin_educacion":0,"pct_educ_superior":33,"brecha_educ":-21,"pct_sin_seguro":22,"pct_sus":44,"pct_seguro_privado":0,"brecha_seguro":13,"pct_salud_publica":19,"pct_med_tradicional":10,"pct_automedicacion":21,"pct_remedios_caseros":22,"pct_viv_desocupada":0,"pct_alquiler":22,"pct_electricidad":100,"pct_sin_electricidad":0,"pct_agua_red":89,"pct_alcantarillado":89,"pct_camara_septica":0,"pct_pozo_ciego":0,"pct_sin_desague":11,"pct_gas_red":33,"pct_gas_garrafa":56,"pct_lena_guano":11,"pct_basura_formal":89,"pct_basura_quema":0,"pct_basura_informal":0,"pct_internet":78,"pct_celular":78,"pct_televisor":56}},{"type":"Feature","geometry":{"type":"Polygon","coordinates":[[[-65.192,-18.21419],[-65.19151,-18.21461],[-65.19054,-18.21365],[-65.19114,-18.21307],[-65.19191,-18.21258],[-65.19332,-18.21394],[-65.19197,-18.21506],[-65.19151,-18.21461],[-65.192,-18.2142],[-65.192,-18.21419]]]},"properties":{"n":"AIQUILE","p":25,"personas_x_ha":6,"masculinidad":108,"pct_menor20":48,"pct_60mas":4,"pct_migrante":28,"dependencia_econ":108,"pct_empleados":50,"pct_cuentapropia":42,"pct_agricultura":0,"pct_comercio":50,"pct_manufactura":0,"pct_construccion":8,"pct_transporte":0,"pct_alojamiento":0,"pct_sin_educacion":8,"pct_educ_superior":69,"brecha_educ":17,"pct_sin_seguro":8,"pct_sus":92,"pct_seguro_privado":0,"brecha_seguro":15,"pct_salud_publica":31,"pct_med_tradicional":11,"pct_automedicacion":11,"pct_remedios_caseros":25,"pct_viv_desocupada":0,"pct_alquiler":0,"pct_electricidad":83,"pct_sin_electricidad":17,"pct_agua_red":83,"pct_alcantarillado":83,"pct_camara_septica":0,"pct_pozo_ciego":0,"pct_sin_desague":17,"pct_gas_red":0,"pct_gas_garrafa":100,"pct_lena_guano":0,"pct_basura_formal":83,"pct_basura_quema":17,"pct_basura_informal":0,"pct_internet":83,"pct_celular":83,"pct_televisor":83}},{"type":"Feature","geometry":{"type":"Polygon","coordinates":[[[-65.18165,-18.20938],[-65.18104,-18.20827],[-65.18061,-18.20849],[-65.18113,-18.20963],[-65.18165,-18.20938]]]},"properties":{"n":"AIQUILE","p":50,"personas_x_ha":59,"masculinidad":108,"pct_menor20":46,"pct_60mas":10,"pct_migrante":38,"dependencia_econ":104,"pct_empleados":25,"pct_cuentapropia":42,"pct_agricultura":0,"pct_comercio":21,"pct_manufactura":17,"pct_construccion":4,"pct_transporte":4,"pct_alojamiento":0,"pct_sin_educacion":0,"pct_educ_superior":41,"brecha_educ":1,"pct_sin_seguro":2,"pct_sus":86,"pct_seguro_privado":0,"brecha_seguro":-4,"pct_salud_publica":41,"pct_med_tradicional":7,"pct_automedicacion":17,"pct_remedios_caseros":23,"pct_viv_desocupada":0,"pct_alquiler":29,"pct_electricidad":100,"pct_sin_electricidad":0,"pct_agua_red":100,"pct_alcantarillado":100,"pct_camara_septica":0,"pct_pozo_ciego":0,"pct_sin_desague":0,"pct_gas_red":21,"pct_gas_garrafa":79,"pct_lena_guano":0,"pct_basura_formal":100,"pct_basura_quema":0,"pct_basura_informal":0,"pct_internet":57,"pct_celular":57,"pct_televisor":79}},{"type":"Feature","geometry":{"type":"Polygon","coordinates":[[[-65.1842,-18.20795],[-65.18376,-18.20734],[-65.18414,-18.20708],[-65.18469,-18.20787],[-65.1842,-18.20795]]]},"properties":{"n":"AIQUILE","p":33,"personas_x_ha":67,"masculinidad":83,"pct_menor20":48,"pct_60mas":3,"pct_migrante":27,"dependencia_econ":106,"pct_empleados":38,"pct_cuentapropia":50,"pct_agricultura":0,"pct_comercio":0,"pct_manufactura":31,"pct_construccion":6,"pct_transporte":12,"pct_alojamiento":25,"pct_sin_educacion":0,"pct_educ_superior":41,"brecha_educ":-16,"pct_sin_seguro":9,"pct_sus":69,"pct_seguro_privado":0,"brecha_seguro":9,"pct_salud_publica":29,"pct_med_tradicional":10,"pct_automedicacion":19,"pct_remedios_caseros":19,"pct_viv_desocupada":0,"pct_alquiler":12,"pct_electricidad":100,"pct_sin_electricidad":0,"pct_agua_red":88,"pct_alcantarillado":100,"pct_camara_septica":0,"pct_pozo_ciego":0,"pct_sin_desague":0,"pct_gas_red":12,"pct_gas_garrafa":88,"pct_lena_guano":0,"pct_basura_formal":100,"pct_basura_quema":0,"pct_basura_informal":0,"pct_internet":88,"pct_celular":88,"pct_televisor":75}},{"type":"Feature","geometry":{"type":"Polygon","coordinates":[[[-65.17666,-18.1981],[-65.17588,-18.19821],[-65.17592,-18.19894],[-65.17687,-18.19892],[-65.17666,-18.1981]]]},"properties":{"n":"AIQUILE","p":38,"personas_x_ha":46,"masculinidad":58,"pct_menor20":18,"pct_60mas":21,"pct_migrante":24,"dependencia_econ":58,"pct_empleados":29,"pct_cuentapropia":62,"pct_agricultura":17,"pct_comercio":25,"pct_manufactura":21,"pct_construccion":8,"pct_transporte":0,"pct_alojamiento":4,"pct_sin_educacion":10,"pct_educ_superior":39,"brecha_educ":-3,"pct_sin_seguro":8,"pct_sus":66,"pct_seguro_privado":0,"brecha_seguro":21,"pct_salud_publica":24,"pct_med_tradicional":9,"pct_automedicacion":23,"pct_remedios_caseros":29,"pct_viv_desocupada":0,"pct_alquiler":25,"pct_electricidad":100,"pct_sin_electricidad":0,"pct_agua_red":92,"pct_alcantarillado":92,"pct_camara_septica":0,"pct_pozo_ciego":0,"pct_sin_desague":8,"pct_gas_red":67,"pct_gas_garrafa":33,"pct_lena_guano":0,"pct_basura_formal":92,"pct_basura_quema":8,"pct_basura_informal":0,"pct_internet":67,"pct_celular":83,"pct_televisor":67}},{"type":"Feature","geometry":{"type":"Polygon","coordinates":[[[-65.19228,-18.21553],[-65.19147,-18.21473],[-65.19085,-18.21523],[-65.19178,-18.21613],[-65.19221,-18.21579],[-65.19228,-18.21553]]]},"properties":{"n":"AIQUILE","p":27,"personas_x_ha":22,"masculinidad":69,"pct_menor20":44,"pct_60mas":0,"pct_migrante":33,"dependencia_econ":80,"pct_empleados":47,"pct_cuentapropia":40,"pct_agricultura":0,"pct_comercio":53,"pct_manufactura":0,"pct_construccion":0,"pct_transporte":7,"pct_alojamiento":20,"pct_sin_educacion":12,"pct_educ_superior":25,"brecha_educ":-2,"pct_sin_seguro":12,"pct_sus":77,"pct_seguro_privado":0,"brecha_seguro":-4,"pct_salud_publica":23,"pct_med_tradicional":13,"pct_automedicacion":23,"pct_remedios_caseros":23,"pct_viv_desocupada":27,"pct_alquiler":29,"pct_electricidad":100,"pct_sin_electricidad":0,"pct_agua_red":57,"pct_alcantarillado":100,"pct_camara_septica":0,"pct_pozo_ciego":0,"pct_sin_desague":0,"pct_gas_red":0,"pct_gas_garrafa":100,"pct_lena_guano":0,"pct_basura_formal":100,"pct_basura_quema":0,"pct_basura_informal":0,"pct_internet":86,"pct_celular":86,"pct_televisor":71}},{"type":"Feature","geometry":{"type":"Polygon","coordinates":[[[-65.18599,-18.21741],[-65.18577,-18.21704],[-65.18517,-18.21743],[-65.18537,-18.21778],[-65.18599,-18.21741]]]},"properties":{"n":"AIQUILE","p":19,"personas_x_ha":51,"masculinidad":73,"pct_menor20":53,"pct_60mas":0,"pct_migrante":95,"dependencia_econ":111,"pct_empleados":11,"pct_cuentapropia":33,"pct_agricultura":33,"pct_comercio":22,"pct_manufactura":0,"pct_construccion":11,"pct_transporte":0,"pct_alojamiento":0,"pct_sin_educacion":0,"pct_educ_superior":40,"brecha_educ":25,"pct_sin_seguro":0,"pct_sus":100,"pct_seguro_privado":0,"brecha_seguro":0,"pct_salud_publica":26,"pct_med_tradicional":16,"pct_automedicacion":17,"pct_remedios_caseros":23,"pct_viv_desocupada":0,"pct_alquiler":0,"pct_electricidad":100,"pct_sin_electricidad":0,"pct_agua_red":100,"pct_alcantarillado":100,"pct_camara_septica":0,"pct_pozo_ciego":0,"pct_sin_desague":0,"pct_gas_red":100,"pct_gas_garrafa":0,"pct_lena_guano":0,"pct_basura_formal":100,"pct_basura_quema":0,"pct_basura_informal":0,"pct_internet":100,"pct_celular":100,"pct_televisor":75}},{"type":"Feature","geometry":{"type":"Polygon","coordinates":[[[-65.18025,-18.19803],[-65.18072,-18.19798],[-65.18129,-18.19746],[-65.1816,-18.19797],[-65.18171,-18.19838],[-65.1806,-18.19885],[-65.18014,-18.19854],[-65.18025,-18.19803]]]},"properties":{"n":"AIQUILE","p":75,"personas_x_ha":53,"masculinidad":103,"pct_menor20":31,"pct_60mas":19,"pct_migrante":29,"dependencia_econ":70,"pct_empleados":30,"pct_cuentapropia":52,"pct_agricultura":5,"pct_comercio":18,"pct_manufactura":11,"pct_construccion":5,"pct_transporte":5,"pct_alojamiento":9,"pct_sin_educacion":2,"pct_educ_superior":56,"brecha_educ":10,"pct_sin_seguro":3,"pct_sus":64,"pct_seguro_privado":0,"brecha_seguro":5,"pct_salud_publica":22,"pct_med_tradicional":13,"pct_automedicacion":19,"pct_remedios_caseros":21,"pct_viv_desocupada":12,"pct_alquiler":37,"pct_electricidad":100,"pct_sin_electricidad":0,"pct_agua_red":100,"pct_alcantarillado":100,"pct_camara_septica":0,"pct_pozo_ciego":0,"pct_sin_desague":0,"pct_gas_red":26,"pct_gas_garrafa":68,"pct_lena_guano":0,"pct_basura_formal":100,"pct_basura_quema":0,"pct_basura_informal":0,"pct_internet":79,"pct_celular":84,"pct_televisor":84}},{"type":"Feature","geometry":{"type":"Polygon","coordinates":[[[-65.18682,-18.21128],[-65.1883,-18.2127],[-65.18889,-18.21227],[-65.18777,-18.21071],[-65.18711,-18.21099],[-65.18682,-18.21128]]]},"properties":{"n":"AIQUILE","p":44,"personas_x_ha":20,"masculinidad":175,"pct_menor20":39,"pct_60mas":18,"pct_migrante":32,"dependencia_econ":91,"pct_empleados":65,"pct_cuentapropia":26,"pct_agricultura":17,"pct_comercio":22,"pct_manufactura":0,"pct_construccion":4,"pct_transporte":4,"pct_alojamiento":0,"pct_sin_educacion":0,"pct_educ_superior":54,"brecha_educ":-3,"pct_sin_seguro":0,"pct_sus":70,"pct_seguro_privado":2,"brecha_seguro":0,"pct_salud_publica":25,"pct_med_tradicional":16,"pct_automedicacion":21,"pct_remedios_caseros":20,"pct_viv_desocupada":0,"pct_alquiler":20,"pct_electricidad":93,"pct_sin_electricidad":7,"pct_agua_red":87,"pct_alcantarillado":93,"pct_camara_septica":0,"pct_pozo_ciego":0,"pct_sin_desague":7,"pct_gas_red":73,"pct_gas_garrafa":20,"pct_lena_guano":7,"pct_basura_formal":87,"pct_basura_quema":13,"pct_basura_informal":0,"pct_internet":93,"pct_celular":93,"pct_televisor":87}},{"type":"Feature","geometry":{"type":"Polygon","coordinates":[[[-65.1889,-18.19766],[-65.18887,-18.1962],[-65.18864,-18.19557],[-65.18941,-18.19559],[-65.18963,-18.19584],[-65.18984,-18.19638],[-65.19018,-18.19651],[-65.19051,-18.19675],[-65.19011,-18.1974],[-65.1892,-18.19817],[-65.1889,-18.19766]]]},"properties":{"n":"AIQUILE","p":23,"personas_x_ha":7,"masculinidad":92,"pct_menor20":30,"pct_60mas":4,"pct_migrante":26,"dependencia_econ":44,"pct_empleados":44,"pct_cuentapropia":56,"pct_agricultura":19,"pct_comercio":38,"pct_manufactura":6,"pct_construccion":0,"pct_transporte":6,"pct_alojamiento":12,"pct_sin_educacion":6,"pct_educ_superior":39,"brecha_educ":-11,"pct_sin_seguro":35,"pct_sus":52,"pct_seguro_privado":0,"brecha_seguro":20,"pct_salud_publica":35,"pct_med_tradicional":5,"pct_automedicacion":26,"pct_remedios_caseros":14,"pct_viv_desocupada":9,"pct_alquiler":38,"pct_electricidad":100,"pct_sin_electricidad":0,"pct_agua_red":88,"pct_alcantarillado":62,"pct_camara_septica":0,"pct_pozo_ciego":0,"pct_sin_desague":38,"pct_gas_red":25,"pct_gas_garrafa":75,"pct_lena_guano":0,"pct_basura_formal":88,"pct_basura_quema":0,"pct_basura_informal":0,"pct_internet":75,"pct_celular":88,"pct_televisor":62}},{"type":"Feature","geometry":{"type":"Polygon","coordinates":[[[-65.18191,-18.19879],[-65.18276,-18.19851],[-65.18261,-18.19814],[-65.18183,-18.19842],[-65.18191,-18.19879]]]},"properties":{"n":"AIQUILE","p":38,"personas_x_ha":88,"masculinidad":81,"pct_menor20":47,"pct_60mas":5,"pct_migrante":34,"dependencia_econ":153,"pct_empleados":53,"pct_cuentapropia":27,"pct_agricultura":7,"pct_comercio":20,"pct_manufactura":0,"pct_construccion":0,"pct_transporte":0,"pct_alojamiento":7,"pct_sin_educacion":10,"pct_educ_superior":60,"brecha_educ":8,"pct_sin_seguro":0,"pct_sus":66,"pct_seguro_privado":0,"brecha_seguro":0,"pct_salud_publica":17,"pct_med_tradicional":9,"pct_automedicacion":24,"pct_remedios_caseros":23,"pct_viv_desocupada":12,"pct_alquiler":42,"pct_electricidad":100,"pct_sin_electricidad":0,"pct_agua_red":100,"pct_alcantarillado":100,"pct_camara_septica":0,"pct_pozo_ciego":0,"pct_sin_desague":0,"pct_gas_red":50,"pct_gas_garrafa":50,"pct_lena_guano":0,"pct_basura_formal":100,"pct_basura_quema":0,"pct_basura_informal":0,"pct_internet":100,"pct_celular":100,"pct_televisor":100}},{"type":"Feature","geometry":{"type":"Polygon","coordinates":[[[-65.18213,-18.20455],[-65.18164,-18.20521],[-65.18224,-18.20654],[-65.18261,-18.20621],[-65.18213,-18.20455]]]},"properties":{"n":"AIQUILE","p":77,"personas_x_ha":72,"masculinidad":71,"pct_menor20":31,"pct_60mas":22,"pct_migrante":49,"dependencia_econ":97,"pct_empleados":45,"pct_cuentapropia":42,"pct_agricultura":8,"pct_comercio":32,"pct_manufactura":8,"pct_construccion":5,"pct_transporte":8,"pct_alojamiento":3,"pct_sin_educacion":7,"pct_educ_superior":48,"brecha_educ":-12,"pct_sin_seguro":15,"pct_sus":76,"pct_seguro_privado":1,"brecha_seguro":-4,"pct_salud_publica":29,"pct_med_tradicional":3,"pct_automedicacion":25,"pct_remedios_caseros":27,"pct_viv_desocupada":0,"pct_alquiler":25,"pct_electricidad":100,"pct_sin_electricidad":0,"pct_agua_red":100,"pct_alcantarillado":100,"pct_camara_septica":0,"pct_pozo_ciego":0,"pct_sin_desague":0,"pct_gas_red":44,"pct_gas_garrafa":53,"pct_lena_guano":0,"pct_basura_formal":100,"pct_basura_quema":0,"pct_basura_informal":0,"pct_internet":81,"pct_celular":91,"pct_televisor":88}},{"type":"Feature","geometry":{"type":"Polygon","coordinates":[[[-65.1932,-18.21708],[-65.19267,-18.21693],[-65.19187,-18.2162],[-65.19236,-18.21575],[-65.19344,-18.21613],[-65.1932,-18.21708]]]},"properties":{"n":"AIQUILE","p":17,"personas_x_ha":12,"masculinidad":70,"pct_menor20":47,"pct_60mas":18,"pct_migrante":29,"dependencia_econ":70,"pct_empleados":10,"pct_cuentapropia":70,"pct_agricultura":30,"pct_comercio":30,"pct_manufactura":0,"pct_construccion":20,"pct_transporte":0,"pct_alojamiento":10,"pct_sin_educacion":0,"pct_educ_superior":22,"brecha_educ":-35,"pct_sin_seguro":0,"pct_sus":100,"pct_seguro_privado":0,"brecha_seguro":0,"pct_salud_publica":28,"pct_med_tradicional":23,"pct_automedicacion":20,"pct_remedios_caseros":26,"pct_viv_desocupada":12,"pct_alquiler":20,"pct_electricidad":100,"pct_sin_electricidad":0,"pct_agua_red":100,"pct_alcantarillado":20,"pct_camara_septica":0,"pct_pozo_ciego":20,"pct_sin_desague":40,"pct_gas_red":20,"pct_gas_garrafa":60,"pct_lena_guano":20,"pct_basura_formal":20,"pct_basura_quema":80,"pct_basura_informal":0,"pct_internet":80,"pct_celular":80,"pct_televisor":60}},{"type":"Feature","geometry":{"type":"Polygon","coordinates":[[[-65.17703,-18.1998],[-65.17687,-18.19899],[-65.17575,-18.199],[-65.17552,-18.19908],[-65.17538,-18.19929],[-65.17509,-18.19985],[-65.17508,-18.20017],[-65.17516,-18.20038],[-65.17532,-18.20038],[-65.17703,-18.1998]]]},"properties":{"n":"AIQUILE","p":95,"personas_x_ha":41,"masculinidad":86,"pct_menor20":33,"pct_60mas":23,"pct_migrante":24,"dependencia_econ":81,"pct_empleados":33,"pct_cuentapropia":42,"pct_agricultura":8,"pct_comercio":17,"pct_manufactura":6,"pct_construccion":12,"pct_transporte":6,"pct_alojamiento":17,"pct_sin_educacion":8,"pct_educ_superior":34,"brecha_educ":-6,"pct_sin_seguro":3,"pct_sus":72,"pct_seguro_privado":0,"brecha_seguro":-2,"pct_salud_publica":22,"pct_med_tradicional":13,"pct_automedicacion":22,"pct_remedios_caseros":23,"pct_viv_desocupada":0,"pct_alquiler":30,"pct_electricidad":100,"pct_sin_electricidad":0,"pct_agua_red":97,"pct_alcantarillado":78,"pct_camara_septica":8,"pct_pozo_ciego":11,"pct_sin_desague":3,"pct_gas_red":43,"pct_gas_garrafa":57,"pct_lena_guano":0,"pct_basura_formal":100,"pct_basura_quema":0,"pct_basura_informal":0,"pct_internet":78,"pct_celular":86,"pct_televisor":78}},{"type":"Feature","geometry":{"type":"Polygon","coordinates":[[[-65.1801,-18.19942],[-65.18003,-18.19852],[-65.17906,-18.1986],[-65.17914,-18.19941],[-65.17928,-18.1998],[-65.1801,-18.19942]]]},"properties":{"n":"AIQUILE","p":69,"personas_x_ha":58,"masculinidad":60,"pct_menor20":36,"pct_60mas":19,"pct_migrante":28,"dependencia_econ":82,"pct_empleados":37,"pct_cuentapropia":42,"pct_agricultura":8,"pct_comercio":42,"pct_manufactura":5,"pct_construccion":0,"pct_transporte":0,"pct_alojamiento":3,"pct_sin_educacion":0,"pct_educ_superior":47,"brecha_educ":-11,"pct_sin_seguro":9,"pct_sus":61,"pct_seguro_privado":3,"brecha_seguro":11,"pct_salud_publica":24,"pct_med_tradicional":3,"pct_automedicacion":21,"pct_remedios_caseros":22,"pct_viv_desocupada":0,"pct_alquiler":14,"pct_electricidad":100,"pct_sin_electricidad":0,"pct_agua_red":100,"pct_alcantarillado":100,"pct_camara_septica":0,"pct_pozo_ciego":0,"pct_sin_desague":0,"pct_gas_red":43,"pct_gas_garrafa":57,"pct_lena_guano":0,"pct_basura_formal":100,"pct_basura_quema":0,"pct_basura_informal":0,"pct_internet":95,"pct_celular":100,"pct_televisor":90}},{"type":"Feature","geometry":{"type":"Polygon","coordinates":[[[-65.18748,-18.19991],[-65.18726,-18.19947],[-65.18689,-18.19958],[-65.18713,-18.20007],[-65.18748,-18.19991]]]},"properties":{"n":"AIQUILE","p":36,"personas_x_ha":143,"masculinidad":80,"pct_menor20":39,"pct_60mas":8,"pct_migrante":19,"dependencia_econ":112,"pct_empleados":29,"pct_cuentapropia":47,"pct_agricultura":24,"pct_comercio":12,"pct_manufactura":6,"pct_construccion":0,"pct_transporte":6,"pct_alojamiento":18,"pct_sin_educacion":0,"pct_educ_superior":32,"brecha_educ":-12,"pct_sin_seguro":53,"pct_sus":47,"pct_seguro_privado":0,"brecha_seguro":6,"pct_salud_publica":33,"pct_med_tradicional":0,"pct_automedicacion":31,"pct_remedios_caseros":32,"pct_viv_desocupada":0,"pct_alquiler":0,"pct_electricidad":100,"pct_sin_electricidad":0,"pct_agua_red":100,"pct_alcantarillado":100,"pct_camara_septica":0,"pct_pozo_ciego":0,"pct_sin_desague":0,"pct_gas_red":75,"pct_gas_garrafa":25,"pct_lena_guano":0,"pct_basura_formal":100,"pct_basura_quema":0,"pct_basura_informal":0,"pct_internet":100,"pct_celular":100,"pct_televisor":88}},{"type":"Feature","geometry":{"type":"Polygon","coordinates":[[[-65.18329,-18.21708],[-65.1838,-18.21805],[-65.18439,-18.21755],[-65.18413,-18.21708],[-65.18461,-18.21683],[-65.18522,-18.21787],[-65.18566,-18.21883],[-65.18486,-18.21876],[-65.18407,-18.21854],[-65.18397,-18.21856],[-65.18359,-18.219],[-65.18331,-18.21911],[-65.18285,-18.21909],[-65.18263,-18.21897],[-65.18235,-18.21859],[-65.18221,-18.21777],[-65.18249,-18.21748],[-65.1829,-18.21738],[-65.18329,-18.21708]]]},"properties":{"n":"AIQUILE","p":33,"personas_x_ha":6,"masculinidad":106,"pct_menor20":55,"pct_60mas":0,"pct_migrante":24,"dependencia_econ":175,"pct_empleados":33,"pct_cuentapropia":50,"pct_agricultura":17,"pct_comercio":0,"pct_manufactura":8,"pct_construccion":50,"pct_transporte":0,"pct_alojamiento":8,"pct_sin_educacion":0,"pct_educ_superior":25,"brecha_educ":-17,"pct_sin_seguro":3,"pct_sus":97,"pct_seguro_privado":0,"brecha_seguro":6,"pct_salud_publica":34,"pct_med_tradicional":11,"pct_automedicacion":16,"pct_remedios_caseros":22,"pct_viv_desocupada":0,"pct_alquiler":0,"pct_electricidad":88,"pct_sin_electricidad":12,"pct_agua_red":38,"pct_alcantarillado":38,"pct_camara_septica":0,"pct_pozo_ciego":38,"pct_sin_desague":25,"pct_gas_red":0,"pct_gas_garrafa":62,"pct_lena_guano":38,"pct_basura_formal":88,"pct_basura_quema":0,"pct_basura_informal":12,"pct_internet":75,"pct_celular":100,"pct_televisor":75}},{"type":"Feature","geometry":{"type":"Polygon","coordinates":[[[-65.18067,-18.19919],[-65.18056,-18.19891],[-65.18013,-18.19867],[-65.18017,-18.19938],[-65.18067,-18.19919]]]},"properties":{"n":"AIQUILE","p":20,"personas_x_ha":65,"masculinidad":54,"pct_menor20":25,"pct_60mas":5,"pct_migrante":30,"dependencia_econ":54,"pct_empleados":54,"pct_cuentapropia":31,"pct_agricultura":15,"pct_comercio":8,"pct_manufactura":15,"pct_construccion":8,"pct_transporte":0,"pct_alojamiento":15,"pct_sin_educacion":0,"pct_educ_superior":67,"brecha_educ":-9,"pct_sin_seguro":25,"pct_sus":50,"pct_seguro_privado":0,"brecha_seguro":5,"pct_salud_publica":21,"pct_med_tradicional":14,"pct_automedicacion":29,"pct_remedios_caseros":26,"pct_viv_desocupada":0,"pct_alquiler":14,"pct_electricidad":100,"pct_sin_electricidad":0,"pct_agua_red":100,"pct_alcantarillado":100,"pct_camara_septica":0,"pct_pozo_ciego":0,"pct_sin_desague":0,"pct_gas_red":71,"pct_gas_garrafa":29,"pct_lena_guano":0,"pct_basura_formal":100,"pct_basura_quema":0,"pct_basura_informal":0,"pct_internet":100,"pct_celular":100,"pct_televisor":100}},{"type":"Feature","geometry":{"type":"Polygon","coordinates":[[[-65.18652,-18.21364],[-65.18623,-18.21385],[-65.18503,-18.2128],[-65.18534,-18.21253],[-65.18652,-18.21364]]]},"properties":{"n":"AIQUILE","p":61,"personas_x_ha":83,"masculinidad":118,"pct_menor20":41,"pct_60mas":8,"pct_migrante":31,"dependencia_econ":85,"pct_empleados":48,"pct_cuentapropia":42,"pct_agricultura":15,"pct_comercio":33,"pct_manufactura":18,"pct_construccion":0,"pct_transporte":9,"pct_alojamiento":3,"pct_sin_educacion":3,"pct_educ_superior":39,"brecha_educ":-9,"pct_sin_seguro":11,"pct_sus":70,"pct_seguro_privado":0,"brecha_seguro":-5,"pct_salud_publica":28,"pct_med_tradicional":8,"pct_automedicacion":21,"pct_remedios_caseros":27,"pct_viv_desocupada":4,"pct_alquiler":29,"pct_electricidad":100,"pct_sin_electricidad":0,"pct_agua_red":86,"pct_alcantarillado":90,"pct_camara_septica":5,"pct_pozo_ciego":0,"pct_sin_desague":5,"pct_gas_red":33,"pct_gas_garrafa":57,"pct_lena_guano":10,"pct_basura_formal":100,"pct_basura_quema":0,"pct_basura_informal":0,"pct_internet":76,"pct_celular":90,"pct_televisor":81}},{"type":"Feature","geometry":{"type":"Polygon","coordinates":[[[-65.18021,-18.20622],[-65.1805,-18.20483],[-65.1801,-18.20371],[-65.17979,-18.20382],[-65.1798,-18.20396],[-65.17866,-18.20399],[-65.17869,-18.20475],[-65.17862,-18.20479],[-65.17859,-18.20401],[-65.17753,-18.20408],[-65.17744,-18.2052],[-65.17657,-18.20529],[-65.17656,-18.20553],[-65.17718,-18.20694],[-65.17743,-18.20723],[-65.17764,-18.20705],[-65.17766,-18.20682],[-65.17835,-18.20561],[-65.17786,-18.20653],[-65.17822,-18.20668],[-65.17872,-18.20722],[-65.17876,-18.20756],[-65.17854,-18.20809],[-65.17875,-18.20895],[-65.17897,-18.20937],[-65.18097,-18.20818],[-65.18061,-18.20743],[-65.18021,-18.20622]]]},"properties":{"n":"AIQUILE","p":95,"personas_x_ha":6,"masculinidad":90,"pct_menor20":41,"pct_60mas":12,"pct_migrante":51,"dependencia_econ":74,"pct_empleados":39,"pct_cuentapropia":30,"pct_agricultura":13,"pct_comercio":15,"pct_manufactura":6,"pct_construccion":2,"pct_transporte":4,"pct_alojamiento":11,"pct_sin_educacion":4,"pct_educ_superior":68,"brecha_educ":-6,"pct_sin_seguro":15,"pct_sus":71,"pct_seguro_privado":2,"brecha_seguro":6,"pct_salud_publica":27,"pct_med_tradicional":11,"pct_automedicacion":20,"pct_remedios_caseros":25,"pct_viv_desocupada":0,"pct_alquiler":24,"pct_electricidad":100,"pct_sin_electricidad":0,"pct_agua_red":94,"pct_alcantarillado":88,"pct_camara_septica":6,"pct_pozo_ciego":0,"pct_sin_desague":6,"pct_gas_red":41,"pct_gas_garrafa":53,"pct_lena_guano":0,"pct_basura_formal":100,"pct_basura_quema":0,"pct_basura_informal":0,"pct_internet":82,"pct_celular":94,"pct_televisor":76}},{"type":"Feature","geometry":{"type":"Polygon","coordinates":[[[-65.18433,-18.21393],[-65.18467,-18.21362],[-65.18425,-18.21328],[-65.18397,-18.21346],[-65.18433,-18.21393]]]},"properties":{"n":"AIQUILE","p":32,"personas_x_ha":117,"masculinidad":68,"pct_menor20":34,"pct_60mas":3,"pct_migrante":19,"dependencia_econ":113,"pct_empleados":47,"pct_cuentapropia":33,"pct_agricultura":0,"pct_comercio":13,"pct_manufactura":7,"pct_construccion":40,"pct_transporte":0,"pct_alojamiento":0,"pct_sin_educacion":0,"pct_educ_superior":18,"brecha_educ":18,"pct_sin_seguro":13,"pct_sus":71,"pct_seguro_privado":0,"brecha_seguro":-9,"pct_salud_publica":25,"pct_med_tradicional":21,"pct_automedicacion":24,"pct_remedios_caseros":25,"pct_viv_desocupada":8,"pct_alquiler":33,"pct_electricidad":100,"pct_sin_electricidad":0,"pct_agua_red":89,"pct_alcantarillado":100,"pct_camara_septica":0,"pct_pozo_ciego":0,"pct_sin_desague":0,"pct_gas_red":33,"pct_gas_garrafa":67,"pct_lena_guano":0,"pct_basura_formal":100,"pct_basura_quema":0,"pct_basura_informal":0,"pct_internet":89,"pct_celular":100,"pct_televisor":89}},{"type":"Feature","geometry":{"type":"Polygon","coordinates":[[[-65.18961,-18.21623],[-65.1886,-18.21531],[-65.18903,-18.21492],[-65.19,-18.21586],[-65.18961,-18.21623]]]},"properties":{"n":"AIQUILE","p":43,"personas_x_ha":47,"masculinidad":139,"pct_menor20":44,"pct_60mas":19,"pct_migrante":30,"dependencia_econ":153,"pct_empleados":29,"pct_cuentapropia":41,"pct_agricultura":24,"pct_comercio":29,"pct_manufactura":6,"pct_construccion":18,"pct_transporte":12,"pct_alojamiento":6,"pct_sin_educacion":4,"pct_educ_superior":33,"brecha_educ":-15,"pct_sin_seguro":9,"pct_sus":63,"pct_seguro_privado":0,"brecha_seguro":-3,"pct_salud_publica":27,"pct_med_tradicional":11,"pct_automedicacion":27,"pct_remedios_caseros":26,"pct_viv_desocupada":7,"pct_alquiler":17,"pct_electricidad":92,"pct_sin_electricidad":8,"pct_agua_red":92,"pct_alcantarillado":75,"pct_camara_septica":0,"pct_pozo_ciego":0,"pct_sin_desague":25,"pct_gas_red":25,"pct_gas_garrafa":67,"pct_lena_guano":0,"pct_basura_formal":100,"pct_basura_quema":0,"pct_basura_informal":0,"pct_internet":100,"pct_celular":100,"pct_televisor":58}},{"type":"Feature","geometry":{"type":"Polygon","coordinates":[[[-65.18113,-18.21063],[-65.18014,-18.20878],[-65.17854,-18.20975],[-65.17932,-18.21035],[-65.1809,-18.21129],[-65.18128,-18.21161],[-65.18167,-18.21213],[-65.18275,-18.21195],[-65.18208,-18.21024],[-65.18113,-18.21063]]]},"properties":{"n":"AIQUILE","p":35,"personas_x_ha":6,"masculinidad":119,"pct_menor20":43,"pct_60mas":9,"pct_migrante":31,"dependencia_econ":127,"pct_empleados":60,"pct_cuentapropia":13,"pct_agricultura":13,"pct_comercio":13,"pct_manufactura":0,"pct_construccion":7,"pct_transporte":0,"pct_alojamiento":7,"pct_sin_educacion":0,"pct_educ_superior":52,"brecha_educ":-25,"pct_sin_seguro":12,"pct_sus":62,"pct_seguro_privado":0,"brecha_seguro":-1,"pct_salud_publica":22,"pct_med_tradicional":13,"pct_automedicacion":23,"pct_remedios_caseros":17,"pct_viv_desocupada":9,"pct_alquiler":30,"pct_electricidad":70,"pct_sin_electricidad":30,"pct_agua_red":90,"pct_alcantarillado":80,"pct_camara_septica":0,"pct_pozo_ciego":0,"pct_sin_desague":20,"pct_gas_red":0,"pct_gas_garrafa":100,"pct_lena_guano":0,"pct_basura_formal":60,"pct_basura_quema":40,"pct_basura_informal":0,"pct_internet":50,"pct_celular":50,"pct_televisor":40}},{"type":"Feature","geometry":{"type":"Polygon","coordinates":[[[-65.18742,-18.21341],[-65.18599,-18.21197],[-65.18544,-18.21243],[-65.1865,-18.21349],[-65.18672,-18.2133],[-65.18711,-18.21365],[-65.18742,-18.21341]]]},"properties":{"n":"AIQUILE","p":84,"personas_x_ha":54,"masculinidad":115,"pct_menor20":46,"pct_60mas":1,"pct_migrante":24,"dependencia_econ":115,"pct_empleados":44,"pct_cuentapropia":46,"pct_agricultura":23,"pct_comercio":28,"pct_manufactura":8,"pct_construccion":3,"pct_transporte":3,"pct_alojamiento":10,"pct_sin_educacion":4,"pct_educ_superior":33,"brecha_educ":-11,"pct_sin_seguro":12,"pct_sus":62,"pct_seguro_privado":0,"brecha_seguro":-6,"pct_salud_publica":28,"pct_med_tradicional":8,"pct_automedicacion":18,"pct_remedios_caseros":26,"pct_viv_desocupada":3,"pct_alquiler":43,"pct_electricidad":96,"pct_sin_electricidad":4,"pct_agua_red":83,"pct_alcantarillado":96,"pct_camara_septica":0,"pct_pozo_ciego":4,"pct_sin_desague":0,"pct_gas_red":57,"pct_gas_garrafa":39,"pct_lena_guano":4,"pct_basura_formal":100,"pct_basura_quema":0,"pct_basura_informal":0,"pct_internet":100,"pct_celular":100,"pct_televisor":74}},{"type":"Feature","geometry":{"type":"Polygon","coordinates":[[[-65.17796,-18.19915],[-65.17784,-18.19859],[-65.17835,-18.19859],[-65.17838,-18.19913],[-65.17796,-18.19915]]]},"properties":{"n":"AIQUILE","p":18,"personas_x_ha":54,"masculinidad":50,"pct_menor20":17,"pct_60mas":39,"pct_migrante":22,"dependencia_econ":64,"pct_empleados":18,"pct_cuentapropia":82,"pct_agricultura":0,"pct_comercio":55,"pct_manufactura":9,"pct_construccion":9,"pct_transporte":9,"pct_alojamiento":9,"pct_sin_educacion":13,"pct_educ_superior":40,"brecha_educ":-2,"pct_sin_seguro":12,"pct_sus":69,"pct_seguro_privado":6,"brecha_seguro":11,"pct_salud_publica":23,"pct_med_tradicional":16,"pct_automedicacion":16,"pct_remedios_caseros":25,"pct_viv_desocupada":0,"pct_alquiler":29,"pct_electricidad":100,"pct_sin_electricidad":0,"pct_agua_red":100,"pct_alcantarillado":100,"pct_camara_septica":0,"pct_pozo_ciego":0,"pct_sin_desague":0,"pct_gas_red":14,"pct_gas_garrafa":86,"pct_lena_guano":0,"pct_basura_formal":100,"pct_basura_quema":0,"pct_basura_informal":0,"pct_internet":86,"pct_celular":100,"pct_televisor":86}},{"type":"Feature","geometry":{"type":"Polygon","coordinates":[[[-65.19207,-18.19559],[-65.19048,-18.19529],[-65.18993,-18.1953],[-65.19022,-18.19647],[-65.19056,-18.19665],[-65.19097,-18.19619],[-65.19214,-18.19571],[-65.19207,-18.19559]]]},"properties":{"n":"AIQUILE","p":26,"personas_x_ha":14,"masculinidad":62,"pct_menor20":50,"pct_60mas":12,"pct_migrante":23,"dependencia_econ":100,"pct_empleados":31,"pct_cuentapropia":69,"pct_agricultura":15,"pct_comercio":31,"pct_manufactura":8,"pct_construccion":0,"pct_transporte":0,"pct_alojamiento":8,"pct_sin_educacion":15,"pct_educ_superior":15,"brecha_educ":19,"pct_sin_seguro":19,"pct_sus":81,"pct_seguro_privado":0,"brecha_seguro":1,"pct_salud_publica":22,"pct_med_tradicional":15,"pct_automedicacion":26,"pct_remedios_caseros":26,"pct_viv_desocupada":0,"pct_alquiler":29,"pct_electricidad":100,"pct_sin_electricidad":0,"pct_agua_red":100,"pct_alcantarillado":100,"pct_camara_septica":0,"pct_pozo_ciego":0,"pct_sin_desague":0,"pct_gas_red":43,"pct_gas_garrafa":57,"pct_lena_guano":0,"pct_basura_formal":100,"pct_basura_quema":0,"pct_basura_informal":0,"pct_internet":86,"pct_celular":100,"pct_televisor":71}},{"type":"Feature","geometry":{"type":"Polygon","coordinates":[[[-65.18705,-18.2001],[-65.18682,-18.19963],[-65.18648,-18.1998],[-65.18665,-18.20027],[-65.18705,-18.2001]]]},"properties":{"n":"AIQUILE","p":31,"personas_x_ha":119,"masculinidad":41,"pct_menor20":29,"pct_60mas":10,"pct_migrante":16,"dependencia_econ":55,"pct_empleados":35,"pct_cuentapropia":45,"pct_agricultura":5,"pct_comercio":60,"pct_manufactura":10,"pct_construccion":5,"pct_transporte":0,"pct_alojamiento":0,"pct_sin_educacion":0,"pct_educ_superior":42,"brecha_educ":-33,"pct_sin_seguro":6,"pct_sus":94,"pct_seguro_privado":0,"brecha_seguro":7,"pct_salud_publica":28,"pct_med_tradicional":7,"pct_automedicacion":27,"pct_remedios_caseros":25,"pct_viv_desocupada":0,"pct_alquiler":38,"pct_electricidad":100,"pct_sin_electricidad":0,"pct_agua_red":92,"pct_alcantarillado":100,"pct_camara_septica":0,"pct_pozo_ciego":0,"pct_sin_desague":0,"pct_gas_red":38,"pct_gas_garrafa":62,"pct_lena_guano":0,"pct_basura_formal":100,"pct_basura_quema":0,"pct_basura_informal":0,"pct_internet":100,"pct_celular":100,"pct_televisor":69}},{"type":"Feature","geometry":{"type":"Polygon","coordinates":[[[-65.18373,-18.20213],[-65.18281,-18.20235],[-65.183,-18.20308],[-65.18303,-18.20308],[-65.18373,-18.20213]]]},"properties":{"n":"AIQUILE","p":26,"personas_x_ha":58,"masculinidad":86,"pct_menor20":38,"pct_60mas":15,"pct_migrante":38,"dependencia_econ":136,"pct_empleados":36,"pct_cuentapropia":64,"pct_agricultura":18,"pct_comercio":45,"pct_manufactura":9,"pct_construccion":9,"pct_transporte":0,"pct_alojamiento":0,"pct_sin_educacion":0,"pct_educ_superior":38,"brecha_educ":-41,"pct_sin_seguro":8,"pct_sus":92,"pct_seguro_privado":0,"brecha_seguro":1,"pct_salud_publica":25,"pct_med_tradicional":14,"pct_automedicacion":24,"pct_remedios_caseros":21,"pct_viv_desocupada":0,"pct_alquiler":42,"pct_electricidad":100,"pct_sin_electricidad":0,"pct_agua_red":92,"pct_alcantarillado":92,"pct_camara_septica":0,"pct_pozo_ciego":0,"pct_sin_desague":8,"pct_gas_red":50,"pct_gas_garrafa":33,"pct_lena_guano":8,"pct_basura_formal":100,"pct_basura_quema":0,"pct_basura_informal":0,"pct_internet":75,"pct_celular":100,"pct_televisor":67}},{"type":"Feature","geometry":{"type":"Polygon","coordinates":[[[-65.18345,-18.19778],[-65.18292,-18.19802],[-65.18307,-18.19838],[-65.18354,-18.19821],[-65.18345,-18.19778]]]},"properties":{"n":"AIQUILE","p":17,"personas_x_ha":70,"masculinidad":89,"pct_menor20":29,"pct_60mas":6,"pct_migrante":35,"dependencia_econ":183,"pct_empleados":83,"pct_cuentapropia":17,"pct_agricultura":0,"pct_comercio":0,"pct_manufactura":0,"pct_construccion":17,"pct_transporte":0,"pct_alojamiento":0,"pct_sin_educacion":0,"pct_educ_superior":75,"brecha_educ":0,"pct_sin_seguro":35,"pct_sus":41,"pct_seguro_privado":0,"brecha_seguro":4,"pct_salud_publica":25,"pct_med_tradicional":15,"pct_automedicacion":13,"pct_remedios_caseros":22,"pct_viv_desocupada":22,"pct_alquiler":0,"pct_electricidad":100,"pct_sin_electricidad":0,"pct_agua_red":100,"pct_alcantarillado":100,"pct_camara_septica":0,"pct_pozo_ciego":0,"pct_sin_desague":0,"pct_gas_red":40,"pct_gas_garrafa":60,"pct_lena_guano":0,"pct_basura_formal":100,"pct_basura_quema":0,"pct_basura_informal":0,"pct_internet":80,"pct_celular":100,"pct_televisor":100}},{"type":"Feature","geometry":{"type":"Polygon","coordinates":[[[-65.1826,-18.20761],[-65.18132,-18.2084],[-65.18068,-18.20712],[-65.18056,-18.20675],[-65.18071,-18.2066],[-65.18049,-18.20592],[-65.18098,-18.20574],[-65.18092,-18.20607],[-65.18102,-18.20662],[-65.1811,-18.20658],[-65.18101,-18.20608],[-65.18108,-18.20572],[-65.18157,-18.20555],[-65.1826,-18.20761]]]},"properties":{"n":"AIQUILE","p":136,"personas_x_ha":34,"masculinidad":94,"pct_menor20":38,"pct_60mas":17,"pct_migrante":25,"dependencia_econ":112,"pct_empleados":44,"pct_cuentapropia":41,"pct_agricultura":14,"pct_comercio":23,"pct_manufactura":0,"pct_construccion":16,"pct_transporte":6,"pct_alojamiento":5,"pct_sin_educacion":4,"pct_educ_superior":36,"brecha_educ":-16,"pct_sin_seguro":9,"pct_sus":75,"pct_seguro_privado":1,"brecha_seguro":0,"pct_salud_publica":28,"pct_med_tradicional":10,"pct_automedicacion":18,"pct_remedios_caseros":19,"pct_viv_desocupada":12,"pct_alquiler":41,"pct_electricidad":92,"pct_sin_electricidad":5,"pct_agua_red":79,"pct_alcantarillado":82,"pct_camara_septica":0,"pct_pozo_ciego":3,"pct_sin_desague":10,"pct_gas_red":26,"pct_gas_garrafa":67,"pct_lena_guano":3,"pct_basura_formal":97,"pct_basura_quema":0,"pct_basura_informal":3,"pct_internet":79,"pct_celular":90,"pct_televisor":85}},{"type":"Feature","geometry":{"type":"Polygon","coordinates":[[[-65.17683,-18.19578],[-65.17648,-18.19496],[-65.17586,-18.19512],[-65.17609,-18.19593],[-65.17683,-18.19578]]]},"properties":{"n":"AIQUILE","p":41,"personas_x_ha":57,"masculinidad":95,"pct_menor20":46,"pct_60mas":12,"pct_migrante":34,"dependencia_econ":116,"pct_empleados":26,"pct_cuentapropia":58,"pct_agricultura":21,"pct_comercio":21,"pct_manufactura":5,"pct_construccion":0,"pct_transporte":5,"pct_alojamiento":5,"pct_sin_educacion":4,"pct_educ_superior":48,"brecha_educ":-38,"pct_sin_seguro":0,"pct_sus":85,"pct_seguro_privado":2,"brecha_seguro":0,"pct_salud_publica":23,"pct_med_tradicional":11,"pct_automedicacion":29,"pct_remedios_caseros":26,"pct_viv_desocupada":0,"pct_alquiler":55,"pct_electricidad":91,"pct_sin_electricidad":9,"pct_agua_red":36,"pct_alcantarillado":73,"pct_camara_septica":0,"pct_pozo_ciego":18,"pct_sin_desague":9,"pct_gas_red":18,"pct_gas_garrafa":82,"pct_lena_guano":0,"pct_basura_formal":100,"pct_basura_quema":0,"pct_basura_informal":0,"pct_internet":100,"pct_celular":100,"pct_televisor":64}},{"type":"Feature","geometry":{"type":"Polygon","coordinates":[[[-65.19197,-18.21236],[-65.19261,-18.2119],[-65.19205,-18.21131],[-65.19133,-18.21179],[-65.19197,-18.21236]]]},"properties":{"n":"AIQUILE","p":21,"personas_x_ha":25,"masculinidad":110,"pct_menor20":57,"pct_60mas":0,"pct_migrante":24,"dependencia_econ":200,"pct_empleados":0,"pct_cuentapropia":71,"pct_agricultura":14,"pct_comercio":29,"pct_manufactura":0,"pct_construccion":0,"pct_transporte":14,"pct_alojamiento":14,"pct_sin_educacion":9,"pct_educ_superior":36,"brecha_educ":-7,"pct_sin_seguro":10,"pct_sus":90,"pct_seguro_privado":0,"brecha_seguro":18,"pct_salud_publica":19,"pct_med_tradicional":21,"pct_automedicacion":27,"pct_remedios_caseros":24,"pct_viv_desocupada":8,"pct_alquiler":0,"pct_electricidad":100,"pct_sin_electricidad":0,"pct_agua_red":100,"pct_alcantarillado":100,"pct_camara_septica":0,"pct_pozo_ciego":0,"pct_sin_desague":0,"pct_gas_red":17,"pct_gas_garrafa":83,"pct_lena_guano":0,"pct_basura_formal":100,"pct_basura_quema":0,"pct_basura_informal":0,"pct_internet":67,"pct_celular":83,"pct_televisor":50}},{"type":"Feature","geometry":{"type":"Polygon","coordinates":[[[-65.18578,-18.21468],[-65.18519,-18.215],[-65.18576,-18.21573],[-65.18639,-18.21537],[-65.18578,-18.21468]]]},"properties":{"n":"AIQUILE","p":18,"personas_x_ha":24,"masculinidad":50,"pct_menor20":28,"pct_60mas":6,"pct_migrante":11,"dependencia_econ":125,"pct_empleados":12,"pct_cuentapropia":62,"pct_agricultura":0,"pct_comercio":38,"pct_manufactura":12,"pct_construccion":12,"pct_transporte":12,"pct_alojamiento":0,"pct_sin_educacion":15,"pct_educ_superior":31,"brecha_educ":-26,"pct_sin_seguro":6,"pct_sus":61,"pct_seguro_privado":0,"brecha_seguro":17,"pct_salud_publica":28,"pct_med_tradicional":0,"pct_automedicacion":14,"pct_remedios_caseros":42,"pct_viv_desocupada":0,"pct_alquiler":57,"pct_electricidad":100,"pct_sin_electricidad":0,"pct_agua_red":0,"pct_alcantarillado":100,"pct_camara_septica":0,"pct_pozo_ciego":0,"pct_sin_desague":0,"pct_gas_red":43,"pct_gas_garrafa":29,"pct_lena_guano":14,"pct_basura_formal":100,"pct_basura_quema":0,"pct_basura_informal":0,"pct_internet":86,"pct_celular":86,"pct_televisor":43}},{"type":"Feature","geometry":{"type":"Polygon","coordinates":[[[-65.18483,-18.21473],[-65.18457,-18.21443],[-65.18385,-18.21495],[-65.18408,-18.21547],[-65.1845,-18.21526],[-65.18439,-18.21501],[-65.18483,-18.21473]]]},"properties":{"n":"AIQUILE","p":57,"personas_x_ha":103,"masculinidad":84,"pct_menor20":47,"pct_60mas":11,"pct_migrante":11,"dependencia_econ":138,"pct_empleados":38,"pct_cuentapropia":46,"pct_agricultura":4,"pct_comercio":29,"pct_manufactura":8,"pct_construccion":12,"pct_transporte":4,"pct_alojamiento":17,"pct_sin_educacion":10,"pct_educ_superior":23,"brecha_educ":16,"pct_sin_seguro":58,"pct_sus":42,"pct_seguro_privado":0,"brecha_seguro":-22,"pct_salud_publica":33,"pct_med_tradicional":12,"pct_automedicacion":32,"pct_remedios_caseros":17,"pct_viv_desocupada":0,"pct_alquiler":38,"pct_electricidad":90,"pct_sin_electricidad":10,"pct_agua_red":95,"pct_alcantarillado":86,"pct_camara_septica":0,"pct_pozo_ciego":0,"pct_sin_desague":14,"pct_gas_red":38,"pct_gas_garrafa":62,"pct_lena_guano":0,"pct_basura_formal":100,"pct_basura_quema":0,"pct_basura_informal":0,"pct_internet":81,"pct_celular":90,"pct_televisor":57}},{"type":"Feature","geometry":{"type":"Polygon","coordinates":[[[-65.18431,-18.21406],[-65.18375,-18.21452],[-65.18386,-18.21489],[-65.18456,-18.2144],[-65.18431,-18.21406]]]},"properties":{"n":"AIQUILE","p":40,"personas_x_ha":106,"masculinidad":60,"pct_menor20":45,"pct_60mas":12,"pct_migrante":25,"dependencia_econ":150,"pct_empleados":56,"pct_cuentapropia":19,"pct_agricultura":19,"pct_comercio":25,"pct_manufactura":6,"pct_construccion":0,"pct_transporte":0,"pct_alojamiento":6,"pct_sin_educacion":9,"pct_educ_superior":18,"brecha_educ":2,"pct_sin_seguro":18,"pct_sus":82,"pct_seguro_privado":0,"brecha_seguro":-8,"pct_salud_publica":34,"pct_med_tradicional":5,"pct_automedicacion":27,"pct_remedios_caseros":32,"pct_viv_desocupada":0,"pct_alquiler":14,"pct_electricidad":100,"pct_sin_electricidad":0,"pct_agua_red":71,"pct_alcantarillado":100,"pct_camara_septica":0,"pct_pozo_ciego":0,"pct_sin_desague":0,"pct_gas_red":57,"pct_gas_garrafa":43,"pct_lena_guano":0,"pct_basura_formal":100,"pct_basura_quema":0,"pct_basura_informal":0,"pct_internet":86,"pct_celular":100,"pct_televisor":71}},{"type":"Feature","geometry":{"type":"Polygon","coordinates":[[[-65.18414,-18.20346],[-65.18369,-18.20383],[-65.18393,-18.20441],[-65.18432,-18.20411],[-65.18414,-18.20346]]]},"properties":{"n":"AIQUILE","p":52,"personas_x_ha":127,"masculinidad":79,"pct_menor20":35,"pct_60mas":6,"pct_migrante":27,"dependencia_econ":112,"pct_empleados":42,"pct_cuentapropia":42,"pct_agricultura":25,"pct_comercio":25,"pct_manufactura":12,"pct_construccion":17,"pct_transporte":4,"pct_alojamiento":0,"pct_sin_educacion":0,"pct_educ_superior":30,"brecha_educ":-26,"pct_sin_seguro":12,"pct_sus":78,"pct_seguro_privado":0,"brecha_seguro":2,"pct_salud_publica":31,"pct_med_tradicional":9,"pct_automedicacion":23,"pct_remedios_caseros":26,"pct_viv_desocupada":0,"pct_alquiler":20,"pct_electricidad":100,"pct_sin_electricidad":0,"pct_agua_red":100,"pct_alcantarillado":100,"pct_camara_septica":0,"pct_pozo_ciego":0,"pct_sin_desague":0,"pct_gas_red":67,"pct_gas_garrafa":33,"pct_lena_guano":0,"pct_basura_formal":100,"pct_basura_quema":0,"pct_basura_informal":0,"pct_internet":87,"pct_celular":93,"pct_televisor":80}},{"type":"Feature","geometry":{"type":"Polygon","coordinates":[[[-65.19126,-18.21172],[-65.19068,-18.21115],[-65.19138,-18.21067],[-65.19196,-18.21122],[-65.19126,-18.21172]]]},"properties":{"n":"AIQUILE","p":66,"personas_x_ha":80,"masculinidad":94,"pct_menor20":56,"pct_60mas":6,"pct_migrante":9,"dependencia_econ":154,"pct_empleados":35,"pct_cuentapropia":31,"pct_agricultura":15,"pct_comercio":23,"pct_manufactura":8,"pct_construccion":15,"pct_transporte":15,"pct_alojamiento":15,"pct_sin_educacion":3,"pct_educ_superior":14,"brecha_educ":-18,"pct_sin_seguro":5,"pct_sus":92,"pct_seguro_privado":3,"brecha_seguro":-3,"pct_salud_publica":27,"pct_med_tradicional":11,"pct_automedicacion":27,"pct_remedios_caseros":25,"pct_viv_desocupada":18,"pct_alquiler":14,"pct_electricidad":100,"pct_sin_electricidad":0,"pct_agua_red":100,"pct_alcantarillado":100,"pct_camara_septica":0,"pct_pozo_ciego":0,"pct_sin_desague":0,"pct_gas_red":43,"pct_gas_garrafa":43,"pct_lena_guano":0,"pct_basura_formal":100,"pct_basura_quema":0,"pct_basura_informal":0,"pct_internet":100,"pct_celular":100,"pct_televisor":86}},{"type":"Feature","geometry":{"type":"Polygon","coordinates":[[[-65.18492,-18.19654],[-65.18576,-18.19705],[-65.18604,-18.19707],[-65.18699,-18.19678],[-65.18797,-18.19776],[-65.18844,-18.19794],[-65.18862,-18.19825],[-65.18645,-18.19844],[-65.18549,-18.19813],[-65.18392,-18.19812],[-65.18364,-18.19708],[-65.18492,-18.19654]]]},"properties":{"n":"AIQUILE","p":69,"personas_x_ha":10,"masculinidad":86,"pct_menor20":35,"pct_60mas":22,"pct_migrante":30,"dependencia_econ":109,"pct_empleados":30,"pct_cuentapropia":61,"pct_agricultura":21,"pct_comercio":36,"pct_manufactura":3,"pct_construccion":9,"pct_transporte":0,"pct_alojamiento":0,"pct_sin_educacion":9,"pct_educ_superior":28,"brecha_educ":-11,"pct_sin_seguro":19,"pct_sus":58,"pct_seguro_privado":1,"brecha_seguro":0,"pct_salud_publica":26,"pct_med_tradicional":8,"pct_automedicacion":23,"pct_remedios_caseros":26,"pct_viv_desocupada":3,"pct_alquiler":32,"pct_electricidad":100,"pct_sin_electricidad":0,"pct_agua_red":100,"pct_alcantarillado":92,"pct_camara_septica":4,"pct_pozo_ciego":0,"pct_sin_desague":4,"pct_gas_red":48,"pct_gas_garrafa":52,"pct_lena_guano":0,"pct_basura_formal":96,"pct_basura_quema":0,"pct_basura_informal":0,"pct_internet":84,"pct_celular":92,"pct_televisor":72}},{"type":"Feature","geometry":{"type":"Polygon","coordinates":[[[-65.17752,-18.19828],[-65.17713,-18.19812],[-65.17678,-18.19811],[-65.17696,-18.19894],[-65.17782,-18.19898],[-65.17776,-18.19856],[-65.17752,-18.19828]]]},"properties":{"n":"AIQUILE","p":56,"personas_x_ha":71,"masculinidad":75,"pct_menor20":25,"pct_60mas":12,"pct_migrante":34,"dependencia_econ":40,"pct_empleados":38,"pct_cuentapropia":52,"pct_agricultura":10,"pct_comercio":18,"pct_manufactura":20,"pct_construccion":0,"pct_transporte":2,"pct_alojamiento":0,"pct_sin_educacion":5,"pct_educ_superior":64,"brecha_educ":-4,"pct_sin_seguro":4,"pct_sus":73,"pct_seguro_privado":4,"brecha_seguro":1,"pct_salud_publica":35,"pct_med_tradicional":4,"pct_automedicacion":18,"pct_remedios_caseros":21,"pct_viv_desocupada":0,"pct_alquiler":30,"pct_electricidad":100,"pct_sin_electricidad":0,"pct_agua_red":100,"pct_alcantarillado":100,"pct_camara_septica":0,"pct_pozo_ciego":0,"pct_sin_desague":0,"pct_gas_red":20,"pct_gas_garrafa":75,"pct_lena_guano":5,"pct_basura_formal":100,"pct_basura_quema":0,"pct_basura_informal":0,"pct_internet":75,"pct_celular":90,"pct_televisor":70}},{"type":"Feature","geometry":{"type":"Polygon","coordinates":[[[-65.16888,-18.2016],[-65.16763,-18.20162],[-65.16775,-18.20252],[-65.16858,-18.20243],[-65.16888,-18.2016]]]},"properties":{"n":"AIQUILE","p":21,"personas_x_ha":20,"masculinidad":91,"pct_menor20":38,"pct_60mas":14,"pct_migrante":0,"dependencia_econ":110,"pct_empleados":50,"pct_cuentapropia":20,"pct_agricultura":20,"pct_comercio":0,"pct_manufactura":10,"pct_construccion":30,"pct_transporte":0,"pct_alojamiento":30,"pct_sin_educacion":13,"pct_educ_superior":33,"brecha_educ":-7,"pct_sin_seguro":0,"pct_sus":86,"pct_seguro_privado":0,"brecha_seguro":0,"pct_salud_publica":29,"pct_med_tradicional":13,"pct_automedicacion":20,"pct_remedios_caseros":29,"pct_viv_desocupada":14,"pct_alquiler":0,"pct_electricidad":100,"pct_sin_electricidad":0,"pct_agua_red":0,"pct_alcantarillado":0,"pct_camara_septica":0,"pct_pozo_ciego":60,"pct_sin_desague":40,"pct_gas_red":0,"pct_gas_garrafa":80,"pct_lena_guano":20,"pct_basura_formal":80,"pct_basura_quema":0,"pct_basura_informal":20,"pct_internet":60,"pct_celular":100,"pct_televisor":60}},{"type":"Feature","geometry":{"type":"Polygon","coordinates":[[[-65.18085,-18.1998],[-65.18072,-18.19928],[-65.18007,-18.19952],[-65.18024,-18.19998],[-65.18085,-18.1998]]]},"properties":{"n":"AIQUILE","p":43,"personas_x_ha":101,"masculinidad":87,"pct_menor20":28,"pct_60mas":14,"pct_migrante":40,"dependencia_econ":54,"pct_empleados":18,"pct_cuentapropia":68,"pct_agricultura":11,"pct_comercio":39,"pct_manufactura":11,"pct_construccion":11,"pct_transporte":4,"pct_alojamiento":0,"pct_sin_educacion":0,"pct_educ_superior":44,"brecha_educ":0,"pct_sin_seguro":7,"pct_sus":65,"pct_seguro_privado":0,"brecha_seguro":6,"pct_salud_publica":18,"pct_med_tradicional":13,"pct_automedicacion":18,"pct_remedios_caseros":23,"pct_viv_desocupada":4,"pct_alquiler":17,"pct_electricidad":100,"pct_sin_electricidad":0,"pct_agua_red":100,"pct_alcantarillado":100,"pct_camara_septica":0,"pct_pozo_ciego":0,"pct_sin_desague":0,"pct_gas_red":50,"pct_gas_garrafa":44,"pct_lena_guano":0,"pct_basura_formal":100,"pct_basura_quema":0,"pct_basura_informal":0,"pct_internet":89,"pct_celular":100,"pct_televisor":89}},{"type":"Feature","geometry":{"type":"Polygon","coordinates":[[[-65.17845,-18.20031],[-65.17859,-18.20031],[-65.17894,-18.20106],[-65.17851,-18.20119],[-65.17845,-18.20031]]]},"properties":{"n":"AIQUILE","p":39,"personas_x_ha":129,"masculinidad":105,"pct_menor20":41,"pct_60mas":8,"pct_migrante":33,"dependencia_econ":86,"pct_empleados":48,"pct_cuentapropia":33,"pct_agricultura":10,"pct_comercio":14,"pct_manufactura":0,"pct_construccion":0,"pct_transporte":0,"pct_alojamiento":24,"pct_sin_educacion":0,"pct_educ_superior":74,"brecha_educ":17,"pct_sin_seguro":3,"pct_sus":41,"pct_seguro_privado":0,"brecha_seguro":-5,"pct_salud_publica":25,"pct_med_tradicional":3,"pct_automedicacion":18,"pct_remedios_caseros":20,"pct_viv_desocupada":10,"pct_alquiler":11,"pct_electricidad":100,"pct_sin_electricidad":0,"pct_agua_red":100,"pct_alcantarillado":100,"pct_camara_septica":0,"pct_pozo_ciego":0,"pct_sin_desague":0,"pct_gas_red":67,"pct_gas_garrafa":33,"pct_lena_guano":0,"pct_basura_formal":100,"pct_basura_quema":0,"pct_basura_informal":0,"pct_internet":89,"pct_celular":89,"pct_televisor":89}},{"type":"Feature","geometry":{"type":"Polygon","coordinates":[[[-65.17495,-18.19521],[-65.17572,-18.19501],[-65.17552,-18.19414],[-65.17482,-18.19433],[-65.17495,-18.19521]]]},"properties":{"n":"AIQUILE","p":56,"personas_x_ha":67,"masculinidad":47,"pct_menor20":38,"pct_60mas":11,"pct_migrante":23,"dependencia_econ":93,"pct_empleados":38,"pct_cuentapropia":41,"pct_agricultura":31,"pct_comercio":7,"pct_manufactura":17,"pct_construccion":3,"pct_transporte":3,"pct_alojamiento":10,"pct_sin_educacion":11,"pct_educ_superior":31,"brecha_educ":-36,"pct_sin_seguro":0,"pct_sus":81,"pct_seguro_privado":0,"brecha_seguro":0,"pct_salud_publica":36,"pct_med_tradicional":7,"pct_automedicacion":18,"pct_remedios_caseros":24,"pct_viv_desocupada":0,"pct_alquiler":11,"pct_electricidad":94,"pct_sin_electricidad":0,"pct_agua_red":100,"pct_alcantarillado":100,"pct_camara_septica":0,"pct_pozo_ciego":0,"pct_sin_desague":0,"pct_gas_red":44,"pct_gas_garrafa":56,"pct_lena_guano":0,"pct_basura_formal":100,"pct_basura_quema":0,"pct_basura_informal":0,"pct_internet":67,"pct_celular":83,"pct_televisor":78}},{"type":"Feature","geometry":{"type":"Polygon","coordinates":[[[-65.17923,-18.20115],[-65.17962,-18.20104],[-65.17995,-18.202],[-65.17962,-18.20203],[-65.17923,-18.20115]]]},"properties":{"n":"AIQUILE","p":71,"personas_x_ha":155,"masculinidad":103,"pct_menor20":27,"pct_60mas":14,"pct_migrante":45,"dependencia_econ":64,"pct_empleados":29,"pct_cuentapropia":55,"pct_agricultura":2,"pct_comercio":40,"pct_manufactura":2,"pct_construccion":7,"pct_transporte":5,"pct_alojamiento":12,"pct_sin_educacion":2,"pct_educ_superior":51,"brecha_educ":0,"pct_sin_seguro":10,"pct_sus":70,"pct_seguro_privado":0,"brecha_seguro":8,"pct_salud_publica":23,"pct_med_tradicional":5,"pct_automedicacion":24,"pct_remedios_caseros":25,"pct_viv_desocupada":12,"pct_alquiler":24,"pct_electricidad":100,"pct_sin_electricidad":0,"pct_agua_red":81,"pct_alcantarillado":95,"pct_camara_septica":0,"pct_pozo_ciego":0,"pct_sin_desague":5,"pct_gas_red":48,"pct_gas_garrafa":52,"pct_lena_guano":0,"pct_basura_formal":100,"pct_basura_quema":0,"pct_basura_informal":0,"pct_internet":95,"pct_celular":95,"pct_televisor":95}},{"type":"Feature","geometry":{"type":"Polygon","coordinates":[[[-65.19174,-18.21757],[-65.19109,-18.21693],[-65.19069,-18.21728],[-65.19139,-18.21794],[-65.19174,-18.21757]]]},"properties":{"n":"AIQUILE","p":48,"personas_x_ha":83,"masculinidad":66,"pct_menor20":40,"pct_60mas":15,"pct_migrante":35,"dependencia_econ":88,"pct_empleados":40,"pct_cuentapropia":44,"pct_agricultura":8,"pct_comercio":16,"pct_manufactura":16,"pct_construccion":20,"pct_transporte":4,"pct_alojamiento":12,"pct_sin_educacion":11,"pct_educ_superior":39,"brecha_educ":-20,"pct_sin_seguro":19,"pct_sus":66,"pct_seguro_privado":0,"brecha_seguro":12,"pct_salud_publica":29,"pct_med_tradicional":6,"pct_automedicacion":21,"pct_remedios_caseros":28,"pct_viv_desocupada":13,"pct_alquiler":38,"pct_electricidad":92,"pct_sin_electricidad":8,"pct_agua_red":92,"pct_alcantarillado":69,"pct_camara_septica":0,"pct_pozo_ciego":8,"pct_sin_desague":23,"pct_gas_red":31,"pct_gas_garrafa":62,"pct_lena_guano":8,"pct_basura_formal":77,"pct_basura_quema":15,"pct_basura_informal":8,"pct_internet":85,"pct_celular":92,"pct_televisor":69}},{"type":"Feature","geometry":{"type":"Polygon","coordinates":[[[-65.17621,-18.20515],[-65.17611,-18.20419],[-65.17649,-18.20417],[-65.17648,-18.20515],[-65.17621,-18.20515]]]},"properties":{"n":"AIQUILE","p":18,"personas_x_ha":44,"masculinidad":50,"pct_menor20":50,"pct_60mas":0,"pct_migrante":28,"dependencia_econ":157,"pct_empleados":43,"pct_cuentapropia":43,"pct_agricultura":0,"pct_comercio":29,"pct_manufactura":29,"pct_construccion":0,"pct_transporte":0,"pct_alojamiento":0,"pct_sin_educacion":0,"pct_educ_superior":30,"brecha_educ":-14,"pct_sin_seguro":0,"pct_sus":33,"pct_seguro_privado":0,"brecha_seguro":0,"pct_salud_publica":21,"pct_med_tradicional":7,"pct_automedicacion":12,"pct_remedios_caseros":26,"pct_viv_desocupada":0,"pct_alquiler":17,"pct_electricidad":100,"pct_sin_electricidad":0,"pct_agua_red":100,"pct_alcantarillado":100,"pct_camara_septica":0,"pct_pozo_ciego":0,"pct_sin_desague":0,"pct_gas_red":50,"pct_gas_garrafa":50,"pct_lena_guano":0,"pct_basura_formal":100,"pct_basura_quema":0,"pct_basura_informal":0,"pct_internet":100,"pct_celular":100,"pct_televisor":83}},{"type":"Feature","geometry":{"type":"Polygon","coordinates":[[[-65.18053,-18.20282],[-65.18061,-18.20287],[-65.18158,-18.20259],[-65.18135,-18.20172],[-65.18023,-18.202],[-65.18053,-18.20282]]]},"properties":{"n":"AIQUILE","p":117,"personas_x_ha":93,"masculinidad":77,"pct_menor20":34,"pct_60mas":15,"pct_migrante":37,"dependencia_econ":117,"pct_empleados":37,"pct_cuentapropia":48,"pct_agricultura":4,"pct_comercio":33,"pct_manufactura":7,"pct_construccion":6,"pct_transporte":4,"pct_alojamiento":13,"pct_sin_educacion":6,"pct_educ_superior":56,"brecha_educ":-9,"pct_sin_seguro":16,"pct_sus":72,"pct_seguro_privado":0,"brecha_seguro":-1,"pct_salud_publica":19,"pct_med_tradicional":13,"pct_automedicacion":22,"pct_remedios_caseros":21,"pct_viv_desocupada":2,"pct_alquiler":34,"pct_electricidad":100,"pct_sin_electricidad":0,"pct_agua_red":95,"pct_alcantarillado":100,"pct_camara_septica":0,"pct_pozo_ciego":0,"pct_sin_desague":0,"pct_gas_red":50,"pct_gas_garrafa":37,"pct_lena_guano":0,"pct_basura_formal":100,"pct_basura_quema":0,"pct_basura_informal":0,"pct_internet":95,"pct_celular":97,"pct_televisor":87}},{"type":"Feature","geometry":{"type":"Polygon","coordinates":[[[-65.18527,-18.21248],[-65.1847,-18.21192],[-65.18436,-18.21221],[-65.18493,-18.21274],[-65.18527,-18.21248]]]},"properties":{"n":"AIQUILE","p":40,"personas_x_ha":94,"masculinidad":90,"pct_menor20":28,"pct_60mas":12,"pct_migrante":22,"dependencia_econ":135,"pct_empleados":6,"pct_cuentapropia":53,"pct_agricultura":12,"pct_comercio":18,"pct_manufactura":0,"pct_construccion":0,"pct_transporte":0,"pct_alojamiento":0,"pct_sin_educacion":0,"pct_educ_superior":59,"brecha_educ":-1,"pct_sin_seguro":14,"pct_sus":43,"pct_seguro_privado":3,"brecha_seguro":17,"pct_salud_publica":22,"pct_med_tradicional":9,"pct_automedicacion":21,"pct_remedios_caseros":24,"pct_viv_desocupada":0,"pct_alquiler":7,"pct_electricidad":100,"pct_sin_electricidad":0,"pct_agua_red":93,"pct_alcantarillado":100,"pct_camara_septica":0,"pct_pozo_ciego":0,"pct_sin_desague":0,"pct_gas_red":67,"pct_gas_garrafa":33,"pct_lena_guano":0,"pct_basura_formal":100,"pct_basura_quema":0,"pct_basura_informal":0,"pct_internet":73,"pct_celular":73,"pct_televisor":67}},{"type":"Feature","geometry":{"type":"Polygon","coordinates":[[[-65.17592,-18.19739],[-65.17619,-18.19751],[-65.17637,-18.19805],[-65.17663,-18.19805],[-65.17636,-18.19719],[-65.17592,-18.19739]]]},"properties":{"n":"AIQUILE","p":37,"personas_x_ha":122,"masculinidad":95,"pct_menor20":46,"pct_60mas":11,"pct_migrante":8,"dependencia_econ":68,"pct_empleados":36,"pct_cuentapropia":59,"pct_agricultura":18,"pct_comercio":23,"pct_manufactura":0,"pct_construccion":9,"pct_transporte":5,"pct_alojamiento":18,"pct_sin_educacion":5,"pct_educ_superior":38,"brecha_educ":-34,"pct_sin_seguro":8,"pct_sus":78,"pct_seguro_privado":0,"brecha_seguro":6,"pct_salud_publica":22,"pct_med_tradicional":14,"pct_automedicacion":18,"pct_remedios_caseros":26,"pct_viv_desocupada":10,"pct_alquiler":36,"pct_electricidad":100,"pct_sin_electricidad":0,"pct_agua_red":91,"pct_alcantarillado":100,"pct_camara_septica":0,"pct_pozo_ciego":0,"pct_sin_desague":0,"pct_gas_red":27,"pct_gas_garrafa":73,"pct_lena_guano":0,"pct_basura_formal":100,"pct_basura_quema":0,"pct_basura_informal":0,"pct_internet":82,"pct_celular":91,"pct_televisor":73}},{"type":"Feature","geometry":{"type":"Polygon","coordinates":[[[-65.18633,-18.21678],[-65.18589,-18.217],[-65.18609,-18.21736],[-65.18652,-18.21713],[-65.18633,-18.21678]]]},"properties":{"n":"AIQUILE","p":25,"personas_x_ha":101,"masculinidad":67,"pct_menor20":48,"pct_60mas":4,"pct_migrante":16,"dependencia_econ":67,"pct_empleados":53,"pct_cuentapropia":40,"pct_agricultura":0,"pct_comercio":27,"pct_manufactura":20,"pct_construccion":33,"pct_transporte":0,"pct_alojamiento":13,"pct_sin_educacion":8,"pct_educ_superior":8,"brecha_educ":-57,"pct_sin_seguro":8,"pct_sus":92,"pct_seguro_privado":0,"brecha_seguro":3,"pct_salud_publica":15,"pct_med_tradicional":22,"pct_automedicacion":30,"pct_remedios_caseros":27,"pct_viv_desocupada":10,"pct_alquiler":0,"pct_electricidad":100,"pct_sin_electricidad":0,"pct_agua_red":88,"pct_alcantarillado":100,"pct_camara_septica":0,"pct_pozo_ciego":0,"pct_sin_desague":0,"pct_gas_red":75,"pct_gas_garrafa":25,"pct_lena_guano":0,"pct_basura_formal":100,"pct_basura_quema":0,"pct_basura_informal":0,"pct_internet":75,"pct_celular":75,"pct_televisor":62}},{"type":"Feature","geometry":{"type":"Polygon","coordinates":[[[-65.19182,-18.21242],[-65.19125,-18.21187],[-65.19058,-18.21232],[-65.19118,-18.21292],[-65.19182,-18.21242]]]},"properties":{"n":"AIQUILE","p":68,"personas_x_ha":83,"masculinidad":89,"pct_menor20":53,"pct_60mas":6,"pct_migrante":16,"dependencia_econ":196,"pct_empleados":26,"pct_cuentapropia":70,"pct_agricultura":9,"pct_comercio":13,"pct_manufactura":9,"pct_construccion":35,"pct_transporte":9,"pct_alojamiento":17,"pct_sin_educacion":18,"pct_educ_superior":12,"brecha_educ":-7,"pct_sin_seguro":0,"pct_sus":100,"pct_seguro_privado":0,"brecha_seguro":0,"pct_salud_publica":30,"pct_med_tradicional":6,"pct_automedicacion":25,"pct_remedios_caseros":26,"pct_viv_desocupada":0,"pct_alquiler":45,"pct_electricidad":100,"pct_sin_electricidad":0,"pct_agua_red":65,"pct_alcantarillado":85,"pct_camara_septica":5,"pct_pozo_ciego":0,"pct_sin_desague":10,"pct_gas_red":40,"pct_gas_garrafa":55,"pct_lena_guano":0,"pct_basura_formal":100,"pct_basura_quema":0,"pct_basura_informal":0,"pct_internet":55,"pct_celular":90,"pct_televisor":45}},{"type":"Feature","geometry":{"type":"Polygon","coordinates":[[[-65.17064,-18.2028],[-65.17091,-18.20191],[-65.16983,-18.20165],[-65.16904,-18.20161],[-65.16874,-18.20243],[-65.17009,-18.20239],[-65.17017,-18.20273],[-65.17064,-18.2028]]]},"properties":{"n":"AIQUILE","p":44,"personas_x_ha":24,"masculinidad":110,"pct_menor20":36,"pct_60mas":9,"pct_migrante":14,"dependencia_econ":330,"pct_empleados":30,"pct_cuentapropia":60,"pct_agricultura":10,"pct_comercio":30,"pct_manufactura":0,"pct_construccion":10,"pct_transporte":0,"pct_alojamiento":20,"pct_sin_educacion":25,"pct_educ_superior":25,"brecha_educ":-4,"pct_sin_seguro":7,"pct_sus":90,"pct_seguro_privado":0,"brecha_seguro":14,"pct_salud_publica":36,"pct_med_tradicional":0,"pct_automedicacion":35,"pct_remedios_caseros":25,"pct_viv_desocupada":0,"pct_alquiler":0,"pct_electricidad":83,"pct_sin_electricidad":17,"pct_agua_red":75,"pct_alcantarillado":58,"pct_camara_septica":8,"pct_pozo_ciego":0,"pct_sin_desague":33,"pct_gas_red":8,"pct_gas_garrafa":83,"pct_lena_guano":0,"pct_basura_formal":92,"pct_basura_quema":8,"pct_basura_informal":0,"pct_internet":33,"pct_celular":75,"pct_televisor":58}},{"type":"Feature","geometry":{"type":"Polygon","coordinates":[[[-65.18411,-18.21607],[-65.18392,-18.2156],[-65.18343,-18.21584],[-65.18367,-18.21621],[-65.18411,-18.21607]]]},"properties":{"n":"AIQUILE","p":20,"personas_x_ha":67,"masculinidad":122,"pct_menor20":50,"pct_60mas":0,"pct_migrante":5,"dependencia_econ":43,"pct_empleados":14,"pct_cuentapropia":79,"pct_agricultura":29,"pct_comercio":0,"pct_manufactura":14,"pct_construccion":36,"pct_transporte":0,"pct_alojamiento":7,"pct_sin_educacion":0,"pct_educ_superior":9,"brecha_educ":-7,"pct_sin_seguro":10,"pct_sus":80,"pct_seguro_privado":0,"brecha_seguro":18,"pct_salud_publica":24,"pct_med_tradicional":19,"pct_automedicacion":11,"pct_remedios_caseros":22,"pct_viv_desocupada":25,"pct_alquiler":33,"pct_electricidad":100,"pct_sin_electricidad":0,"pct_agua_red":83,"pct_alcantarillado":50,"pct_camara_septica":17,"pct_pozo_ciego":33,"pct_sin_desague":0,"pct_gas_red":50,"pct_gas_garrafa":50,"pct_lena_guano":0,"pct_basura_formal":100,"pct_basura_quema":0,"pct_basura_informal":0,"pct_internet":83,"pct_celular":83,"pct_televisor":83}},{"type":"Feature","geometry":{"type":"Polygon","coordinates":[[[-65.18334,-18.21579],[-65.18286,-18.21496],[-65.18333,-18.2158],[-65.18243,-18.21622],[-65.18193,-18.2151],[-65.18177,-18.21253],[-65.18246,-18.21209],[-65.18277,-18.21205],[-65.18367,-18.21505],[-65.1839,-18.21552],[-65.18334,-18.21579]]]},"properties":{"n":"AIQUILE","p":33,"personas_x_ha":5,"masculinidad":120,"pct_menor20":36,"pct_60mas":12,"pct_migrante":24,"dependencia_econ":175,"pct_empleados":8,"pct_cuentapropia":75,"pct_agricultura":42,"pct_comercio":8,"pct_manufactura":8,"pct_construccion":0,"pct_transporte":33,"pct_alojamiento":0,"pct_sin_educacion":5,"pct_educ_superior":10,"brecha_educ":5,"pct_sin_seguro":6,"pct_sus":91,"pct_seguro_privado":3,"brecha_seguro":-1,"pct_salud_publica":27,"pct_med_tradicional":8,"pct_automedicacion":29,"pct_remedios_caseros":29,"pct_viv_desocupada":0,"pct_alquiler":20,"pct_electricidad":90,"pct_sin_electricidad":10,"pct_agua_red":80,"pct_alcantarillado":40,"pct_camara_septica":0,"pct_pozo_ciego":20,"pct_sin_desague":40,"pct_gas_red":30,"pct_gas_garrafa":60,"pct_lena_guano":0,"pct_basura_formal":100,"pct_basura_quema":0,"pct_basura_informal":0,"pct_internet":80,"pct_celular":90,"pct_televisor":60}},{"type":"Feature","geometry":{"type":"Polygon","coordinates":[[[-65.1857,-18.21459],[-65.18478,-18.21371],[-65.1844,-18.21399],[-65.18512,-18.21494],[-65.1857,-18.21459]]]},"properties":{"n":"AIQUILE","p":65,"personas_x_ha":77,"masculinidad":124,"pct_menor20":42,"pct_60mas":8,"pct_migrante":29,"dependencia_econ":73,"pct_empleados":43,"pct_cuentapropia":43,"pct_agricultura":14,"pct_comercio":30,"pct_manufactura":3,"pct_construccion":19,"pct_transporte":8,"pct_alojamiento":11,"pct_sin_educacion":8,"pct_educ_superior":21,"brecha_educ":-21,"pct_sin_seguro":3,"pct_sus":91,"pct_seguro_privado":0,"brecha_seguro":-7,"pct_salud_publica":29,"pct_med_tradicional":7,"pct_automedicacion":28,"pct_remedios_caseros":27,"pct_viv_desocupada":0,"pct_alquiler":33,"pct_electricidad":100,"pct_sin_electricidad":0,"pct_agua_red":28,"pct_alcantarillado":89,"pct_camara_septica":11,"pct_pozo_ciego":0,"pct_sin_desague":0,"pct_gas_red":39,"pct_gas_garrafa":61,"pct_lena_guano":0,"pct_basura_formal":100,"pct_basura_quema":0,"pct_basura_informal":0,"pct_internet":78,"pct_celular":100,"pct_televisor":78}},{"type":"Feature","geometry":{"type":"Polygon","coordinates":[[[-65.18057,-18.20936],[-65.18022,-18.20873],[-65.18044,-18.20859],[-65.18081,-18.20922],[-65.18057,-18.20936]]]},"properties":{"n":"AIQUILE","p":24,"personas_x_ha":94,"masculinidad":140,"pct_menor20":42,"pct_60mas":0,"pct_migrante":12,"dependencia_econ":140,"pct_empleados":40,"pct_cuentapropia":40,"pct_agricultura":10,"pct_comercio":0,"pct_manufactura":20,"pct_construccion":10,"pct_transporte":20,"pct_alojamiento":0,"pct_sin_educacion":0,"pct_educ_superior":29,"brecha_educ":4,"pct_sin_seguro":0,"pct_sus":88,"pct_seguro_privado":0,"brecha_seguro":0,"pct_salud_publica":34,"pct_med_tradicional":11,"pct_automedicacion":23,"pct_remedios_caseros":24,"pct_viv_desocupada":0,"pct_alquiler":0,"pct_electricidad":100,"pct_sin_electricidad":0,"pct_agua_red":100,"pct_alcantarillado":100,"pct_camara_septica":0,"pct_pozo_ciego":0,"pct_sin_desague":0,"pct_gas_red":0,"pct_gas_garrafa":100,"pct_lena_guano":0,"pct_basura_formal":100,"pct_basura_quema":0,"pct_basura_informal":0,"pct_internet":100,"pct_celular":100,"pct_televisor":83}},{"type":"Feature","geometry":{"type":"Polygon","coordinates":[[[-65.18759,-18.1999],[-65.1874,-18.19946],[-65.18816,-18.19942],[-65.18817,-18.19985],[-65.18785,-18.19979],[-65.18759,-18.1999]]]},"properties":{"n":"AIQUILE","p":19,"personas_x_ha":56,"masculinidad":58,"pct_menor20":37,"pct_60mas":21,"pct_migrante":11,"dependencia_econ":138,"pct_empleados":12,"pct_cuentapropia":75,"pct_agricultura":38,"pct_comercio":0,"pct_manufactura":0,"pct_construccion":25,"pct_transporte":12,"pct_alojamiento":25,"pct_sin_educacion":8,"pct_educ_superior":8,"brecha_educ":-11,"pct_sin_seguro":5,"pct_sus":95,"pct_seguro_privado":0,"brecha_seguro":-8,"pct_salud_publica":23,"pct_med_tradicional":17,"pct_automedicacion":20,"pct_remedios_caseros":20,"pct_viv_desocupada":0,"pct_alquiler":0,"pct_electricidad":100,"pct_sin_electricidad":0,"pct_agua_red":100,"pct_alcantarillado":50,"pct_camara_septica":0,"pct_pozo_ciego":12,"pct_sin_desague":38,"pct_gas_red":0,"pct_gas_garrafa":100,"pct_lena_guano":0,"pct_basura_formal":100,"pct_basura_quema":0,"pct_basura_informal":0,"pct_internet":25,"pct_celular":100,"pct_televisor":75}},{"type":"Feature","geometry":{"type":"Polygon","coordinates":[[[-65.17712,-18.19981],[-65.17786,-18.19972],[-65.17787,-18.19938],[-65.17751,-18.19938],[-65.17787,-18.19936],[-65.17784,-18.19906],[-65.17698,-18.19904],[-65.17712,-18.19981]]]},"properties":{"n":"AIQUILE","p":43,"personas_x_ha":61,"masculinidad":105,"pct_menor20":23,"pct_60mas":28,"pct_migrante":30,"dependencia_econ":72,"pct_empleados":40,"pct_cuentapropia":48,"pct_agricultura":8,"pct_comercio":20,"pct_manufactura":16,"pct_construccion":0,"pct_transporte":0,"pct_alojamiento":0,"pct_sin_educacion":0,"pct_educ_superior":61,"brecha_educ":-7,"pct_sin_seguro":12,"pct_sus":74,"pct_seguro_privado":2,"brecha_seguro":-15,"pct_salud_publica":25,"pct_med_tradicional":8,"pct_automedicacion":20,"pct_remedios_caseros":22,"pct_viv_desocupada":21,"pct_alquiler":15,"pct_electricidad":100,"pct_sin_electricidad":0,"pct_agua_red":92,"pct_alcantarillado":85,"pct_camara_septica":8,"pct_pozo_ciego":0,"pct_sin_desague":8,"pct_gas_red":54,"pct_gas_garrafa":46,"pct_lena_guano":0,"pct_basura_formal":100,"pct_basura_quema":0,"pct_basura_informal":0,"pct_internet":92,"pct_celular":92,"pct_televisor":85}},{"type":"Feature","geometry":{"type":"Polygon","coordinates":[[[-65.18566,-18.21578],[-65.18509,-18.21506],[-65.18415,-18.21556],[-65.18509,-18.21732],[-65.18573,-18.21696],[-65.18517,-18.21607],[-65.18566,-18.21578]]]},"properties":{"n":"AIQUILE","p":65,"personas_x_ha":30,"masculinidad":110,"pct_menor20":45,"pct_60mas":3,"pct_migrante":26,"dependencia_econ":86,"pct_empleados":31,"pct_cuentapropia":51,"pct_agricultura":11,"pct_comercio":29,"pct_manufactura":14,"pct_construccion":14,"pct_transporte":3,"pct_alojamiento":14,"pct_sin_educacion":5,"pct_educ_superior":27,"brecha_educ":-5,"pct_sin_seguro":9,"pct_sus":82,"pct_seguro_privado":0,"brecha_seguro":-1,"pct_salud_publica":27,"pct_med_tradicional":8,"pct_automedicacion":26,"pct_remedios_caseros":29,"pct_viv_desocupada":12,"pct_alquiler":25,"pct_electricidad":95,"pct_sin_electricidad":5,"pct_agua_red":70,"pct_alcantarillado":90,"pct_camara_septica":0,"pct_pozo_ciego":0,"pct_sin_desague":10,"pct_gas_red":50,"pct_gas_garrafa":50,"pct_lena_guano":0,"pct_basura_formal":95,"pct_basura_quema":0,"pct_basura_informal":5,"pct_internet":80,"pct_celular":85,"pct_televisor":80}},{"type":"Feature","geometry":{"type":"Polygon","coordinates":[[[-65.18557,-18.21653],[-65.186,-18.21626],[-65.18625,-18.21668],[-65.18583,-18.21692],[-65.18557,-18.21653]]]},"properties":{"n":"AIQUILE","p":29,"personas_x_ha":97,"masculinidad":142,"pct_menor20":41,"pct_60mas":7,"pct_migrante":17,"dependencia_econ":61,"pct_empleados":33,"pct_cuentapropia":50,"pct_agricultura":6,"pct_comercio":39,"pct_manufactura":0,"pct_construccion":28,"pct_transporte":11,"pct_alojamiento":11,"pct_sin_educacion":0,"pct_educ_superior":17,"brecha_educ":-35,"pct_sin_seguro":7,"pct_sus":93,"pct_seguro_privado":0,"brecha_seguro":-2,"pct_salud_publica":27,"pct_med_tradicional":10,"pct_automedicacion":26,"pct_remedios_caseros":30,"pct_viv_desocupada":10,"pct_alquiler":56,"pct_electricidad":89,"pct_sin_electricidad":0,"pct_agua_red":100,"pct_alcantarillado":100,"pct_camara_septica":0,"pct_pozo_ciego":0,"pct_sin_desague":0,"pct_gas_red":78,"pct_gas_garrafa":11,"pct_lena_guano":0,"pct_basura_formal":100,"pct_basura_quema":0,"pct_basura_informal":0,"pct_internet":67,"pct_celular":78,"pct_televisor":67}},{"type":"Feature","geometry":{"type":"Polygon","coordinates":[[[-65.18065,-18.19893],[-65.18076,-18.19916],[-65.18183,-18.19882],[-65.18176,-18.19848],[-65.18065,-18.19893]]]},"properties":{"n":"AIQUILE","p":18,"personas_x_ha":41,"masculinidad":64,"pct_menor20":17,"pct_60mas":28,"pct_migrante":28,"dependencia_econ":64,"pct_empleados":73,"pct_cuentapropia":27,"pct_agricultura":0,"pct_comercio":9,"pct_manufactura":9,"pct_construccion":0,"pct_transporte":0,"pct_alojamiento":0,"pct_sin_educacion":0,"pct_educ_superior":87,"brecha_educ":0,"pct_sin_seguro":17,"pct_sus":28,"pct_seguro_privado":0,"brecha_seguro":43,"pct_salud_publica":17,"pct_med_tradicional":5,"pct_automedicacion":20,"pct_remedios_caseros":24,"pct_viv_desocupada":0,"pct_alquiler":0,"pct_electricidad":100,"pct_sin_electricidad":0,"pct_agua_red":100,"pct_alcantarillado":100,"pct_camara_septica":0,"pct_pozo_ciego":0,"pct_sin_desague":0,"pct_gas_red":71,"pct_gas_garrafa":29,"pct_lena_guano":0,"pct_basura_formal":100,"pct_basura_quema":0,"pct_basura_informal":0,"pct_internet":86,"pct_celular":86,"pct_televisor":86}},{"type":"Feature","geometry":{"type":"Polygon","coordinates":[[[-65.18418,-18.21321],[-65.18383,-18.21289],[-65.18329,-18.21324],[-65.18345,-18.21365],[-65.18418,-18.21321]]]},"properties":{"n":"AIQUILE","p":51,"personas_x_ha":128,"masculinidad":96,"pct_menor20":43,"pct_60mas":6,"pct_migrante":35,"dependencia_econ":122,"pct_empleados":57,"pct_cuentapropia":30,"pct_agricultura":9,"pct_comercio":22,"pct_manufactura":4,"pct_construccion":17,"pct_transporte":9,"pct_alojamiento":4,"pct_sin_educacion":9,"pct_educ_superior":47,"brecha_educ":-3,"pct_sin_seguro":2,"pct_sus":90,"pct_seguro_privado":0,"brecha_seguro":4,"pct_salud_publica":23,"pct_med_tradicional":12,"pct_automedicacion":21,"pct_remedios_caseros":25,"pct_viv_desocupada":0,"pct_alquiler":53,"pct_electricidad":100,"pct_sin_electricidad":0,"pct_agua_red":76,"pct_alcantarillado":100,"pct_camara_septica":0,"pct_pozo_ciego":0,"pct_sin_desague":0,"pct_gas_red":47,"pct_gas_garrafa":47,"pct_lena_guano":0,"pct_basura_formal":100,"pct_basura_quema":0,"pct_basura_informal":0,"pct_internet":82,"pct_celular":94,"pct_televisor":76}},{"type":"Feature","geometry":{"type":"Polygon","coordinates":[[[-65.19282,-18.19728],[-65.19274,-18.19648],[-65.19286,-18.19644],[-65.19288,-18.19662],[-65.19317,-18.19656],[-65.19348,-18.19743],[-65.19288,-18.19785],[-65.19274,-18.19764],[-65.19282,-18.19728]]]},"properties":{"n":"AIQUILE","p":42,"personas_x_ha":56,"masculinidad":91,"pct_menor20":55,"pct_60mas":0,"pct_migrante":17,"dependencia_econ":91,"pct_empleados":14,"pct_cuentapropia":50,"pct_agricultura":32,"pct_comercio":27,"pct_manufactura":14,"pct_construccion":5,"pct_transporte":5,"pct_alojamiento":9,"pct_sin_educacion":5,"pct_educ_superior":15,"brecha_educ":-48,"pct_sin_seguro":33,"pct_sus":43,"pct_seguro_privado":17,"brecha_seguro":3,"pct_salud_publica":18,"pct_med_tradicional":12,"pct_automedicacion":29,"pct_remedios_caseros":28,"pct_viv_desocupada":12,"pct_alquiler":25,"pct_electricidad":100,"pct_sin_electricidad":0,"pct_agua_red":75,"pct_alcantarillado":8,"pct_camara_septica":8,"pct_pozo_ciego":33,"pct_sin_desague":33,"pct_gas_red":0,"pct_gas_garrafa":75,"pct_lena_guano":8,"pct_basura_formal":100,"pct_basura_quema":0,"pct_basura_informal":0,"pct_internet":83,"pct_celular":92,"pct_televisor":50}},{"type":"Feature","geometry":{"type":"Polygon","coordinates":[[[-65.18499,-18.20304],[-65.18447,-18.20288],[-65.18417,-18.20301],[-65.18447,-18.20407],[-65.18521,-18.20379],[-65.18499,-18.20304]]]},"properties":{"n":"AIQUILE","p":75,"personas_x_ha":77,"masculinidad":88,"pct_menor20":47,"pct_60mas":5,"pct_migrante":21,"dependencia_econ":103,"pct_empleados":24,"pct_cuentapropia":70,"pct_agricultura":8,"pct_comercio":22,"pct_manufactura":24,"pct_construccion":14,"pct_transporte":8,"pct_alojamiento":3,"pct_sin_educacion":5,"pct_educ_superior":35,"brecha_educ":-13,"pct_sin_seguro":1,"pct_sus":93,"pct_seguro_privado":0,"brecha_seguro":-3,"pct_salud_publica":24,"pct_med_tradicional":12,"pct_automedicacion":25,"pct_remedios_caseros":24,"pct_viv_desocupada":0,"pct_alquiler":18,"pct_electricidad":100,"pct_sin_electricidad":0,"pct_agua_red":100,"pct_alcantarillado":100,"pct_camara_septica":0,"pct_pozo_ciego":0,"pct_sin_desague":0,"pct_gas_red":59,"pct_gas_garrafa":41,"pct_lena_guano":0,"pct_basura_formal":100,"pct_basura_quema":0,"pct_basura_informal":0,"pct_internet":94,"pct_celular":100,"pct_televisor":82}},{"type":"Feature","geometry":{"type":"Polygon","coordinates":[[[-65.18162,-18.20271],[-65.18058,-18.20296],[-65.18095,-18.20382],[-65.18185,-18.20361],[-65.18162,-18.20271]]]},"properties":{"n":"AIQUILE","p":117,"personas_x_ha":105,"masculinidad":54,"pct_menor20":29,"pct_60mas":19,"pct_migrante":32,"dependencia_econ":152,"pct_empleados":59,"pct_cuentapropia":26,"pct_agricultura":13,"pct_comercio":11,"pct_manufactura":4,"pct_construccion":4,"pct_transporte":0,"pct_alojamiento":4,"pct_sin_educacion":0,"pct_educ_superior":49,"brecha_educ":0,"pct_sin_seguro":11,"pct_sus":61,"pct_seguro_privado":3,"brecha_seguro":9,"pct_salud_publica":23,"pct_med_tradicional":6,"pct_automedicacion":21,"pct_remedios_caseros":23,"pct_viv_desocupada":0,"pct_alquiler":29,"pct_electricidad":98,"pct_sin_electricidad":2,"pct_agua_red":93,"pct_alcantarillado":98,"pct_camara_septica":0,"pct_pozo_ciego":0,"pct_sin_desague":2,"pct_gas_red":59,"pct_gas_garrafa":39,"pct_lena_guano":0,"pct_basura_formal":100,"pct_basura_quema":0,"pct_basura_informal":0,"pct_internet":78,"pct_celular":85,"pct_televisor":76}},{"type":"Feature","geometry":{"type":"Polygon","coordinates":[[[-65.18759,-18.21325],[-65.18824,-18.21277],[-65.18672,-18.21134],[-65.18615,-18.21185],[-65.18759,-18.21325]]]},"properties":{"n":"AIQUILE","p":72,"personas_x_ha":37,"masculinidad":89,"pct_menor20":32,"pct_60mas":19,"pct_migrante":46,"dependencia_econ":100,"pct_empleados":19,"pct_cuentapropia":61,"pct_agricultura":14,"pct_comercio":42,"pct_manufactura":0,"pct_construccion":6,"pct_transporte":0,"pct_alojamiento":17,"pct_sin_educacion":10,"pct_educ_superior":44,"brecha_educ":2,"pct_sin_seguro":7,"pct_sus":88,"pct_seguro_privado":0,"brecha_seguro":-2,"pct_salud_publica":27,"pct_med_tradicional":10,"pct_automedicacion":25,"pct_remedios_caseros":25,"pct_viv_desocupada":11,"pct_alquiler":18,"pct_electricidad":95,"pct_sin_electricidad":5,"pct_agua_red":82,"pct_alcantarillado":82,"pct_camara_septica":14,"pct_pozo_ciego":0,"pct_sin_desague":5,"pct_gas_red":36,"pct_gas_garrafa":50,"pct_lena_guano":9,"pct_basura_formal":100,"pct_basura_quema":0,"pct_basura_informal":0,"pct_internet":86,"pct_celular":86,"pct_televisor":73}},{"type":"Feature","geometry":{"type":"Polygon","coordinates":[[[-65.17774,-18.20034],[-65.17838,-18.20034],[-65.17839,-18.20128],[-65.17769,-18.2013],[-65.17774,-18.20034]]]},"properties":{"n":"AIQUILE","p":57,"personas_x_ha":73,"masculinidad":111,"pct_menor20":25,"pct_60mas":25,"pct_migrante":46,"dependencia_econ":93,"pct_empleados":62,"pct_cuentapropia":31,"pct_agricultura":10,"pct_comercio":21,"pct_manufactura":7,"pct_construccion":10,"pct_transporte":0,"pct_alojamiento":0,"pct_sin_educacion":2,"pct_educ_superior":77,"brecha_educ":-9,"pct_sin_seguro":5,"pct_sus":61,"pct_seguro_privado":4,"brecha_seguro":3,"pct_salud_publica":21,"pct_med_tradicional":12,"pct_automedicacion":13,"pct_remedios_caseros":20,"pct_viv_desocupada":0,"pct_alquiler":22,"pct_electricidad":100,"pct_sin_electricidad":0,"pct_agua_red":96,"pct_alcantarillado":100,"pct_camara_septica":0,"pct_pozo_ciego":0,"pct_sin_desague":0,"pct_gas_red":61,"pct_gas_garrafa":30,"pct_lena_guano":0,"pct_basura_formal":100,"pct_basura_quema":0,"pct_basura_informal":0,"pct_internet":78,"pct_celular":91,"pct_televisor":78}},{"type":"Feature","geometry":{"type":"Polygon","coordinates":[[[-65.17879,-18.19804],[-65.17846,-18.19821],[-65.17848,-18.19859],[-65.17892,-18.19859],[-65.1789,-18.19819],[-65.17879,-18.19804]]]},"properties":{"n":"AIQUILE","p":26,"personas_x_ha":102,"masculinidad":86,"pct_menor20":42,"pct_60mas":19,"pct_migrante":27,"dependencia_econ":136,"pct_empleados":45,"pct_cuentapropia":55,"pct_agricultura":18,"pct_comercio":18,"pct_manufactura":9,"pct_construccion":18,"pct_transporte":0,"pct_alojamiento":9,"pct_sin_educacion":13,"pct_educ_superior":40,"brecha_educ":-16,"pct_sin_seguro":8,"pct_sus":65,"pct_seguro_privado":0,"brecha_seguro":17,"pct_salud_publica":26,"pct_med_tradicional":5,"pct_automedicacion":24,"pct_remedios_caseros":19,"pct_viv_desocupada":0,"pct_alquiler":0,"pct_electricidad":100,"pct_sin_electricidad":0,"pct_agua_red":100,"pct_alcantarillado":100,"pct_camara_septica":0,"pct_pozo_ciego":0,"pct_sin_desague":0,"pct_gas_red":29,"pct_gas_garrafa":71,"pct_lena_guano":0,"pct_basura_formal":86,"pct_basura_quema":14,"pct_basura_informal":0,"pct_internet":86,"pct_celular":86,"pct_televisor":86}},{"type":"Feature","geometry":{"type":"Polygon","coordinates":[[[-65.18393,-18.19818],[-65.18489,-18.1982],[-65.18517,-18.1993],[-65.18423,-18.19951],[-65.18393,-18.19818]]]},"properties":{"n":"AIQUILE","p":72,"personas_x_ha":51,"masculinidad":89,"pct_menor20":33,"pct_60mas":17,"pct_migrante":31,"dependencia_econ":72,"pct_empleados":33,"pct_cuentapropia":49,"pct_agricultura":15,"pct_comercio":31,"pct_manufactura":13,"pct_construccion":3,"pct_transporte":3,"pct_alojamiento":3,"pct_sin_educacion":5,"pct_educ_superior":42,"brecha_educ":5,"pct_sin_seguro":8,"pct_sus":67,"pct_seguro_privado":0,"brecha_seguro":-3,"pct_salud_publica":24,"pct_med_tradicional":12,"pct_automedicacion":21,"pct_remedios_caseros":24,"pct_viv_desocupada":6,"pct_alquiler":21,"pct_electricidad":100,"pct_sin_electricidad":0,"pct_agua_red":96,"pct_alcantarillado":96,"pct_camara_septica":0,"pct_pozo_ciego":0,"pct_sin_desague":4,"pct_gas_red":62,"pct_gas_garrafa":38,"pct_lena_guano":0,"pct_basura_formal":100,"pct_basura_quema":0,"pct_basura_informal":0,"pct_internet":79,"pct_celular":92,"pct_televisor":83}},{"type":"Feature","geometry":{"type":"Polygon","coordinates":[[[-65.19369,-18.19794],[-65.19372,-18.19873],[-65.19301,-18.19874],[-65.19289,-18.19797],[-65.19355,-18.19753],[-65.19369,-18.19794]]]},"properties":{"n":"AIQUILE","p":34,"personas_x_ha":38,"masculinidad":70,"pct_menor20":53,"pct_60mas":3,"pct_migrante":9,"dependencia_econ":112,"pct_empleados":25,"pct_cuentapropia":56,"pct_agricultura":25,"pct_comercio":31,"pct_manufactura":0,"pct_construccion":6,"pct_transporte":6,"pct_alojamiento":12,"pct_sin_educacion":0,"pct_educ_superior":24,"brecha_educ":14,"pct_sin_seguro":0,"pct_sus":82,"pct_seguro_privado":3,"brecha_seguro":0,"pct_salud_publica":24,"pct_med_tradicional":14,"pct_automedicacion":22,"pct_remedios_caseros":22,"pct_viv_desocupada":0,"pct_alquiler":25,"pct_electricidad":88,"pct_sin_electricidad":12,"pct_agua_red":50,"pct_alcantarillado":12,"pct_camara_septica":12,"pct_pozo_ciego":62,"pct_sin_desague":12,"pct_gas_red":0,"pct_gas_garrafa":100,"pct_lena_guano":0,"pct_basura_formal":100,"pct_basura_quema":0,"pct_basura_informal":0,"pct_internet":75,"pct_celular":75,"pct_televisor":100}},{"type":"Feature","geometry":{"type":"Polygon","coordinates":[[[-65.18373,-18.21286],[-65.18328,-18.21313],[-65.18298,-18.21223],[-65.18303,-18.2122],[-65.18373,-18.21286]]]},"properties":{"n":"AIQUILE","p":36,"personas_x_ha":107,"masculinidad":89,"pct_menor20":33,"pct_60mas":8,"pct_migrante":17,"dependencia_econ":75,"pct_empleados":65,"pct_cuentapropia":15,"pct_agricultura":20,"pct_comercio":0,"pct_manufactura":10,"pct_construccion":10,"pct_transporte":5,"pct_alojamiento":20,"pct_sin_educacion":12,"pct_educ_superior":25,"brecha_educ":-20,"pct_sin_seguro":3,"pct_sus":83,"pct_seguro_privado":0,"brecha_seguro":-6,"pct_salud_publica":23,"pct_med_tradicional":23,"pct_automedicacion":26,"pct_remedios_caseros":22,"pct_viv_desocupada":0,"pct_alquiler":11,"pct_electricidad":100,"pct_sin_electricidad":0,"pct_agua_red":89,"pct_alcantarillado":89,"pct_camara_septica":0,"pct_pozo_ciego":0,"pct_sin_desague":11,"pct_gas_red":44,"pct_gas_garrafa":56,"pct_lena_guano":0,"pct_basura_formal":100,"pct_basura_quema":0,"pct_basura_informal":0,"pct_internet":78,"pct_celular":100,"pct_televisor":78}},{"type":"Feature","geometry":{"type":"Polygon","coordinates":[[[-65.17719,-18.19633],[-65.17688,-18.19589],[-65.17614,-18.19609],[-65.17632,-18.19676],[-65.17666,-18.1967],[-65.17719,-18.19633]]]},"properties":{"n":"AIQUILE","p":38,"personas_x_ha":57,"masculinidad":81,"pct_menor20":32,"pct_60mas":24,"pct_migrante":18,"dependencia_econ":100,"pct_empleados":32,"pct_cuentapropia":42,"pct_agricultura":16,"pct_comercio":16,"pct_manufactura":26,"pct_construccion":11,"pct_transporte":5,"pct_alojamiento":5,"pct_sin_educacion":22,"pct_educ_superior":22,"brecha_educ":4,"pct_sin_seguro":3,"pct_sus":97,"pct_seguro_privado":0,"brecha_seguro":6,"pct_salud_publica":38,"pct_med_tradicional":7,"pct_automedicacion":24,"pct_remedios_caseros":21,"pct_viv_desocupada":0,"pct_alquiler":18,"pct_electricidad":100,"pct_sin_electricidad":0,"pct_agua_red":91,"pct_alcantarillado":91,"pct_camara_septica":0,"pct_pozo_ciego":0,"pct_sin_desague":0,"pct_gas_red":36,"pct_gas_garrafa":64,"pct_lena_guano":0,"pct_basura_formal":91,"pct_basura_quema":0,"pct_basura_informal":9,"pct_internet":64,"pct_celular":100,"pct_televisor":82}},{"type":"Feature","geometry":{"type":"Polygon","coordinates":[[[-65.18612,-18.20142],[-65.18606,-18.20214],[-65.18663,-18.20206],[-65.18655,-18.20146],[-65.18612,-18.20142]]]},"properties":{"n":"AIQUILE","p":38,"personas_x_ha":89,"masculinidad":58,"pct_menor20":50,"pct_60mas":11,"pct_migrante":34,"dependencia_econ":111,"pct_empleados":28,"pct_cuentapropia":50,"pct_agricultura":6,"pct_comercio":39,"pct_manufactura":17,"pct_construccion":0,"pct_transporte":11,"pct_alojamiento":11,"pct_sin_educacion":19,"pct_educ_superior":24,"brecha_educ":-34,"pct_sin_seguro":21,"pct_sus":79,"pct_seguro_privado":0,"brecha_seguro":23,"pct_salud_publica":28,"pct_med_tradicional":9,"pct_automedicacion":20,"pct_remedios_caseros":31,"pct_viv_desocupada":0,"pct_alquiler":50,"pct_electricidad":100,"pct_sin_electricidad":0,"pct_agua_red":92,"pct_alcantarillado":100,"pct_camara_septica":0,"pct_pozo_ciego":0,"pct_sin_desague":0,"pct_gas_red":50,"pct_gas_garrafa":50,"pct_lena_guano":0,"pct_basura_formal":100,"pct_basura_quema":0,"pct_basura_informal":0,"pct_internet":67,"pct_celular":83,"pct_televisor":58}},{"type":"Feature","geometry":{"type":"Polygon","coordinates":[[[-65.18269,-18.20227],[-65.18245,-18.20139],[-65.18148,-18.20167],[-65.18169,-18.20253],[-65.18269,-18.20227]]]},"properties":{"n":"AIQUILE","p":69,"personas_x_ha":61,"masculinidad":68,"pct_menor20":36,"pct_60mas":20,"pct_migrante":45,"dependencia_econ":60,"pct_empleados":42,"pct_cuentapropia":40,"pct_agricultura":5,"pct_comercio":47,"pct_manufactura":2,"pct_construccion":9,"pct_transporte":2,"pct_alojamiento":7,"pct_sin_educacion":4,"pct_educ_superior":38,"brecha_educ":1,"pct_sin_seguro":15,"pct_sus":57,"pct_seguro_privado":0,"brecha_seguro":12,"pct_salud_publica":21,"pct_med_tradicional":6,"pct_automedicacion":23,"pct_remedios_caseros":28,"pct_viv_desocupada":8,"pct_alquiler":48,"pct_electricidad":100,"pct_sin_electricidad":0,"pct_agua_red":78,"pct_alcantarillado":100,"pct_camara_septica":0,"pct_pozo_ciego":0,"pct_sin_desague":0,"pct_gas_red":37,"pct_gas_garrafa":63,"pct_lena_guano":0,"pct_basura_formal":100,"pct_basura_quema":0,"pct_basura_informal":0,"pct_internet":89,"pct_celular":93,"pct_televisor":89}},{"type":"Feature","geometry":{"type":"Polygon","coordinates":[[[-65.17838,-18.2002],[-65.17836,-18.19974],[-65.17793,-18.19972],[-65.17798,-18.20022],[-65.17838,-18.2002]]]},"properties":{"n":"AIQUILE","p":21,"personas_x_ha":85,"masculinidad":91,"pct_menor20":19,"pct_60mas":38,"pct_migrante":33,"dependencia_econ":40,"pct_empleados":33,"pct_cuentapropia":67,"pct_agricultura":0,"pct_comercio":33,"pct_manufactura":7,"pct_construccion":0,"pct_transporte":0,"pct_alojamiento":0,"pct_sin_educacion":0,"pct_educ_superior":47,"brecha_educ":0,"pct_sin_seguro":19,"pct_sus":29,"pct_seguro_privado":14,"brecha_seguro":21,"pct_salud_publica":20,"pct_med_tradicional":0,"pct_automedicacion":24,"pct_remedios_caseros":21,"pct_viv_desocupada":0,"pct_alquiler":25,"pct_electricidad":88,"pct_sin_electricidad":0,"pct_agua_red":100,"pct_alcantarillado":100,"pct_camara_septica":0,"pct_pozo_ciego":0,"pct_sin_desague":0,"pct_gas_red":62,"pct_gas_garrafa":38,"pct_lena_guano":0,"pct_basura_formal":100,"pct_basura_quema":0,"pct_basura_informal":0,"pct_internet":88,"pct_celular":100,"pct_televisor":100}},{"type":"Feature","geometry":{"type":"Polygon","coordinates":[[[-65.19136,-18.21466],[-65.19042,-18.21375],[-65.18987,-18.21421],[-65.19079,-18.21515],[-65.19136,-18.21466]]]},"properties":{"n":"AIQUILE","p":28,"personas_x_ha":24,"masculinidad":65,"pct_menor20":54,"pct_60mas":4,"pct_migrante":25,"dependencia_econ":115,"pct_empleados":69,"pct_cuentapropia":15,"pct_agricultura":8,"pct_comercio":23,"pct_manufactura":8,"pct_construccion":8,"pct_transporte":8,"pct_alojamiento":15,"pct_sin_educacion":8,"pct_educ_superior":23,"brecha_educ":15,"pct_sin_seguro":0,"pct_sus":41,"pct_seguro_privado":0,"brecha_seguro":0,"pct_salud_publica":23,"pct_med_tradicional":11,"pct_automedicacion":12,"pct_remedios_caseros":26,"pct_viv_desocupada":0,"pct_alquiler":29,"pct_electricidad":100,"pct_sin_electricidad":0,"pct_agua_red":29,"pct_alcantarillado":86,"pct_camara_septica":0,"pct_pozo_ciego":0,"pct_sin_desague":14,"pct_gas_red":29,"pct_gas_garrafa":71,"pct_lena_guano":0,"pct_basura_formal":100,"pct_basura_quema":0,"pct_basura_informal":0,"pct_internet":100,"pct_celular":100,"pct_televisor":71}},{"type":"Feature","geometry":{"type":"Polygon","coordinates":[[[-65.18202,-18.21015],[-65.18169,-18.20951],[-65.18121,-18.20972],[-65.18153,-18.21038],[-65.18202,-18.21015]]]},"properties":{"n":"AIQUILE","p":23,"personas_x_ha":47,"masculinidad":130,"pct_menor20":61,"pct_60mas":4,"pct_migrante":52,"dependencia_econ":92,"pct_empleados":25,"pct_cuentapropia":75,"pct_agricultura":17,"pct_comercio":0,"pct_manufactura":0,"pct_construccion":17,"pct_transporte":8,"pct_alojamiento":58,"pct_sin_educacion":11,"pct_educ_superior":0,"brecha_educ":-17,"pct_sin_seguro":4,"pct_sus":48,"pct_seguro_privado":0,"brecha_seguro":8,"pct_salud_publica":25,"pct_med_tradicional":10,"pct_automedicacion":33,"pct_remedios_caseros":22,"pct_viv_desocupada":0,"pct_alquiler":43,"pct_electricidad":100,"pct_sin_electricidad":0,"pct_agua_red":100,"pct_alcantarillado":100,"pct_camara_septica":0,"pct_pozo_ciego":0,"pct_sin_desague":0,"pct_gas_red":14,"pct_gas_garrafa":86,"pct_lena_guano":0,"pct_basura_formal":86,"pct_basura_quema":14,"pct_basura_informal":0,"pct_internet":100,"pct_celular":100,"pct_televisor":86}},{"type":"Feature","geometry":{"type":"Polygon","coordinates":[[[-65.1822,-18.20423],[-65.18292,-18.20323],[-65.18272,-18.20238],[-65.18174,-18.20264],[-65.1822,-18.20423]]]},"properties":{"n":"AIQUILE","p":101,"personas_x_ha":67,"masculinidad":74,"pct_menor20":30,"pct_60mas":27,"pct_migrante":33,"dependencia_econ":163,"pct_empleados":53,"pct_cuentapropia":37,"pct_agricultura":5,"pct_comercio":11,"pct_manufactura":8,"pct_construccion":11,"pct_transporte":11,"pct_alojamiento":0,"pct_sin_educacion":14,"pct_educ_superior":46,"brecha_educ":-8,"pct_sin_seguro":12,"pct_sus":72,"pct_seguro_privado":0,"brecha_seguro":4,"pct_salud_publica":23,"pct_med_tradicional":8,"pct_automedicacion":18,"pct_remedios_caseros":22,"pct_viv_desocupada":0,"pct_alquiler":19,"pct_electricidad":97,"pct_sin_electricidad":3,"pct_agua_red":90,"pct_alcantarillado":94,"pct_camara_septica":0,"pct_pozo_ciego":3,"pct_sin_desague":3,"pct_gas_red":68,"pct_gas_garrafa":32,"pct_lena_guano":0,"pct_basura_formal":100,"pct_basura_quema":0,"pct_basura_informal":0,"pct_internet":84,"pct_celular":94,"pct_televisor":81}},{"type":"Feature","geometry":{"type":"Polygon","coordinates":[[[-65.19072,-18.21523],[-65.18979,-18.21429],[-65.18919,-18.21479],[-65.19013,-18.21572],[-65.19072,-18.21523]]]},"properties":{"n":"AIQUILE","p":92,"personas_x_ha":74,"masculinidad":114,"pct_menor20":34,"pct_60mas":9,"pct_migrante":27,"dependencia_econ":59,"pct_empleados":40,"pct_cuentapropia":53,"pct_agricultura":7,"pct_comercio":40,"pct_manufactura":9,"pct_construccion":19,"pct_transporte":2,"pct_alojamiento":10,"pct_sin_educacion":3,"pct_educ_superior":27,"brecha_educ":-20,"pct_sin_seguro":15,"pct_sus":77,"pct_seguro_privado":0,"brecha_seguro":11,"pct_salud_publica":22,"pct_med_tradicional":12,"pct_automedicacion":23,"pct_remedios_caseros":26,"pct_viv_desocupada":0,"pct_alquiler":35,"pct_electricidad":100,"pct_sin_electricidad":0,"pct_agua_red":77,"pct_alcantarillado":96,"pct_camara_septica":0,"pct_pozo_ciego":0,"pct_sin_desague":4,"pct_gas_red":27,"pct_gas_garrafa":73,"pct_lena_guano":0,"pct_basura_formal":100,"pct_basura_quema":0,"pct_basura_informal":0,"pct_internet":88,"pct_celular":96,"pct_televisor":88}},{"type":"Feature","geometry":{"type":"Polygon","coordinates":[[[-65.19124,-18.1972],[-65.19171,-18.19769],[-65.19136,-18.19799],[-65.19093,-18.19753],[-65.19124,-18.1972]]]},"properties":{"n":"AIQUILE","p":35,"personas_x_ha":94,"masculinidad":94,"pct_menor20":43,"pct_60mas":3,"pct_migrante":26,"dependencia_econ":94,"pct_empleados":39,"pct_cuentapropia":50,"pct_agricultura":22,"pct_comercio":28,"pct_manufactura":0,"pct_construccion":11,"pct_transporte":6,"pct_alojamiento":11,"pct_sin_educacion":5,"pct_educ_superior":19,"brecha_educ":-51,"pct_sin_seguro":6,"pct_sus":85,"pct_seguro_privado":0,"brecha_seguro":13,"pct_salud_publica":23,"pct_med_tradicional":21,"pct_automedicacion":17,"pct_remedios_caseros":28,"pct_viv_desocupada":0,"pct_alquiler":20,"pct_electricidad":100,"pct_sin_electricidad":0,"pct_agua_red":100,"pct_alcantarillado":90,"pct_camara_septica":0,"pct_pozo_ciego":0,"pct_sin_desague":10,"pct_gas_red":0,"pct_gas_garrafa":100,"pct_lena_guano":0,"pct_basura_formal":100,"pct_basura_quema":0,"pct_basura_informal":0,"pct_internet":90,"pct_celular":90,"pct_televisor":90}},{"type":"Feature","geometry":{"type":"Polygon","coordinates":[[[-65.19462,-18.21859],[-65.19307,-18.21798],[-65.19322,-18.21745],[-65.19445,-18.21791],[-65.1949,-18.217],[-65.1961,-18.21747],[-65.19613,-18.21831],[-65.19599,-18.21844],[-65.19529,-18.21876],[-65.19462,-18.21859]]]},"properties":{"n":"AIQUILE","p":35,"personas_x_ha":10,"masculinidad":84,"pct_menor20":46,"pct_60mas":9,"pct_migrante":17,"dependencia_econ":133,"pct_empleados":53,"pct_cuentapropia":40,"pct_agricultura":27,"pct_comercio":7,"pct_manufactura":0,"pct_construccion":33,"pct_transporte":0,"pct_alojamiento":20,"pct_sin_educacion":10,"pct_educ_superior":20,"brecha_educ":-17,"pct_sin_seguro":3,"pct_sus":94,"pct_seguro_privado":3,"brecha_seguro":-5,"pct_salud_publica":24,"pct_med_tradicional":14,"pct_automedicacion":21,"pct_remedios_caseros":19,"pct_viv_desocupada":12,"pct_alquiler":9,"pct_electricidad":100,"pct_sin_electricidad":0,"pct_agua_red":82,"pct_alcantarillado":64,"pct_camara_septica":0,"pct_pozo_ciego":18,"pct_sin_desague":18,"pct_gas_red":9,"pct_gas_garrafa":91,"pct_lena_guano":0,"pct_basura_formal":55,"pct_basura_quema":36,"pct_basura_informal":9,"pct_internet":91,"pct_celular":100,"pct_televisor":64}},{"type":"Feature","geometry":{"type":"Polygon","coordinates":[[[-65.17128,-18.20265],[-65.17196,-18.20235],[-65.17214,-18.20192],[-65.17156,-18.20204],[-65.17102,-18.20194],[-65.17085,-18.20249],[-65.17128,-18.20265]]]},"properties":{"n":"AIQUILE","p":39,"personas_x_ha":56,"masculinidad":105,"pct_menor20":33,"pct_60mas":8,"pct_migrante":5,"dependencia_econ":70,"pct_empleados":13,"pct_cuentapropia":74,"pct_agricultura":22,"pct_comercio":22,"pct_manufactura":13,"pct_construccion":17,"pct_transporte":0,"pct_alojamiento":0,"pct_sin_educacion":8,"pct_educ_superior":8,"brecha_educ":-30,"pct_sin_seguro":21,"pct_sus":77,"pct_seguro_privado":3,"brecha_seguro":9,"pct_salud_publica":28,"pct_med_tradicional":17,"pct_automedicacion":20,"pct_remedios_caseros":26,"pct_viv_desocupada":6,"pct_alquiler":21,"pct_electricidad":93,"pct_sin_electricidad":7,"pct_agua_red":100,"pct_alcantarillado":79,"pct_camara_septica":0,"pct_pozo_ciego":0,"pct_sin_desague":21,"pct_gas_red":0,"pct_gas_garrafa":93,"pct_lena_guano":7,"pct_basura_formal":86,"pct_basura_quema":14,"pct_basura_informal":0,"pct_internet":50,"pct_celular":79,"pct_televisor":64}},{"type":"Feature","geometry":{"type":"Polygon","coordinates":[[[-65.17926,-18.20015],[-65.17899,-18.19924],[-65.17847,-18.19921],[-65.17845,-18.19984],[-65.17867,-18.20019],[-65.17926,-18.20015]]]},"properties":{"n":"AIQUILE","p":23,"personas_x_ha":32,"masculinidad":109,"pct_menor20":30,"pct_60mas":9,"pct_migrante":65,"dependencia_econ":75,"pct_empleados":58,"pct_cuentapropia":25,"pct_agricultura":0,"pct_comercio":17,"pct_manufactura":0,"pct_construccion":0,"pct_transporte":0,"pct_alojamiento":25,"pct_sin_educacion":0,"pct_educ_superior":71,"brecha_educ":0,"pct_sin_seguro":10,"pct_sus":24,"pct_seguro_privado":0,"brecha_seguro":-1,"pct_salud_publica":18,"pct_med_tradicional":7,"pct_automedicacion":18,"pct_remedios_caseros":18,"pct_viv_desocupada":0,"pct_alquiler":14,"pct_electricidad":100,"pct_sin_electricidad":0,"pct_agua_red":71,"pct_alcantarillado":86,"pct_camara_septica":0,"pct_pozo_ciego":0,"pct_sin_desague":14,"pct_gas_red":43,"pct_gas_garrafa":57,"pct_lena_guano":0,"pct_basura_formal":100,"pct_basura_quema":0,"pct_basura_informal":0,"pct_internet":100,"pct_celular":100,"pct_televisor":86}},{"type":"Feature","geometry":{"type":"Polygon","coordinates":[[[-65.18736,-18.19848],[-65.18872,-18.19832],[-65.18883,-18.19847],[-65.18743,-18.19879],[-65.18736,-18.19848]]]},"properties":{"n":"AIQUILE","p":60,"personas_x_ha":143,"masculinidad":114,"pct_menor20":47,"pct_60mas":10,"pct_migrante":20,"dependencia_econ":76,"pct_empleados":26,"pct_cuentapropia":71,"pct_agricultura":21,"pct_comercio":35,"pct_manufactura":3,"pct_construccion":15,"pct_transporte":0,"pct_alojamiento":21,"pct_sin_educacion":6,"pct_educ_superior":12,"brecha_educ":-29,"pct_sin_seguro":17,"pct_sus":83,"pct_seguro_privado":0,"brecha_seguro":4,"pct_salud_publica":30,"pct_med_tradicional":15,"pct_automedicacion":24,"pct_remedios_caseros":28,"pct_viv_desocupada":0,"pct_alquiler":40,"pct_electricidad":100,"pct_sin_electricidad":0,"pct_agua_red":100,"pct_alcantarillado":100,"pct_camara_septica":0,"pct_pozo_ciego":0,"pct_sin_desague":0,"pct_gas_red":33,"pct_gas_garrafa":67,"pct_lena_guano":0,"pct_basura_formal":100,"pct_basura_quema":0,"pct_basura_informal":0,"pct_internet":60,"pct_celular":80,"pct_televisor":73}},{"type":"Feature","geometry":{"type":"Polygon","coordinates":[[[-65.1943,-18.19679],[-65.19366,-18.19762],[-65.19381,-18.19801],[-65.19382,-18.1997],[-65.1947,-18.19982],[-65.19523,-18.19934],[-65.19592,-18.19913],[-65.19622,-18.19906],[-65.19731,-18.19909],[-65.19693,-18.19869],[-65.19546,-18.19802],[-65.19474,-18.19741],[-65.1943,-18.19679]]]},"properties":{"n":"AIQUILE","p":19,"personas_x_ha":3,"masculinidad":90,"pct_menor20":42,"pct_60mas":16,"pct_migrante":42,"dependencia_econ":171,"pct_empleados":57,"pct_cuentapropia":43,"pct_agricultura":0,"pct_comercio":0,"pct_manufactura":14,"pct_construccion":29,"pct_transporte":14,"pct_alojamiento":14,"pct_sin_educacion":9,"pct_educ_superior":18,"brecha_educ":-27,"pct_sin_seguro":26,"pct_sus":53,"pct_seguro_privado":21,"brecha_seguro":34,"pct_salud_publica":20,"pct_med_tradicional":21,"pct_automedicacion":27,"pct_remedios_caseros":25,"pct_viv_desocupada":0,"pct_alquiler":0,"pct_electricidad":80,"pct_sin_electricidad":20,"pct_agua_red":20,"pct_alcantarillado":0,"pct_camara_septica":0,"pct_pozo_ciego":20,"pct_sin_desague":80,"pct_gas_red":0,"pct_gas_garrafa":100,"pct_lena_guano":0,"pct_basura_formal":100,"pct_basura_quema":0,"pct_basura_informal":0,"pct_internet":80,"pct_celular":80,"pct_televisor":40}},{"type":"Feature","geometry":{"type":"Polygon","coordinates":[[[-65.18589,-18.19937],[-65.18625,-18.1993],[-65.18632,-18.19961],[-65.18574,-18.20001],[-65.18543,-18.20044],[-65.18501,-18.20057],[-65.18589,-18.19937]]]},"properties":{"n":"AIQUILE","p":51,"personas_x_ha":93,"masculinidad":70,"pct_menor20":25,"pct_60mas":16,"pct_migrante":29,"dependencia_econ":74,"pct_empleados":52,"pct_cuentapropia":41,"pct_agricultura":7,"pct_comercio":11,"pct_manufactura":0,"pct_construccion":15,"pct_transporte":0,"pct_alojamiento":7,"pct_sin_educacion":3,"pct_educ_superior":69,"brecha_educ":2,"pct_sin_seguro":2,"pct_sus":49,"pct_seguro_privado":0,"brecha_seguro":-4,"pct_salud_publica":19,"pct_med_tradicional":10,"pct_automedicacion":23,"pct_remedios_caseros":22,"pct_viv_desocupada":0,"pct_alquiler":17,"pct_electricidad":92,"pct_sin_electricidad":8,"pct_agua_red":100,"pct_alcantarillado":92,"pct_camara_septica":0,"pct_pozo_ciego":0,"pct_sin_desague":8,"pct_gas_red":58,"pct_gas_garrafa":33,"pct_lena_guano":8,"pct_basura_formal":92,"pct_basura_quema":0,"pct_basura_informal":0,"pct_internet":75,"pct_celular":83,"pct_televisor":83}},{"type":"Feature","geometry":{"type":"Polygon","coordinates":[[[-65.172,-18.20244],[-65.17267,-18.20236],[-65.17289,-18.20226],[-65.17301,-18.20182],[-65.17217,-18.20191],[-65.172,-18.20236],[-65.172,-18.20244]]]},"properties":{"n":"AIQUILE","p":45,"personas_x_ha":87,"masculinidad":114,"pct_menor20":42,"pct_60mas":4,"pct_migrante":2,"dependencia_econ":110,"pct_empleados":19,"pct_cuentapropia":76,"pct_agricultura":19,"pct_comercio":19,"pct_manufactura":24,"pct_construccion":24,"pct_transporte":10,"pct_alojamiento":0,"pct_sin_educacion":8,"pct_educ_superior":15,"brecha_educ":-12,"pct_sin_seguro":9,"pct_sus":91,"pct_seguro_privado":0,"brecha_seguro":8,"pct_salud_publica":28,"pct_med_tradicional":8,"pct_automedicacion":28,"pct_remedios_caseros":23,"pct_viv_desocupada":0,"pct_alquiler":15,"pct_electricidad":100,"pct_sin_electricidad":0,"pct_agua_red":31,"pct_alcantarillado":92,"pct_camara_septica":0,"pct_pozo_ciego":0,"pct_sin_desague":8,"pct_gas_red":0,"pct_gas_garrafa":100,"pct_lena_guano":0,"pct_basura_formal":100,"pct_basura_quema":0,"pct_basura_informal":0,"pct_internet":69,"pct_celular":92,"pct_televisor":54}},{"type":"Feature","geometry":{"type":"Polygon","coordinates":[[[-65.18357,-18.21631],[-65.18408,-18.2172],[-65.18362,-18.21749],[-65.18328,-18.21693],[-65.18341,-18.21638],[-65.18357,-18.21631]]]},"properties":{"n":"AIQUILE","p":31,"personas_x_ha":50,"masculinidad":94,"pct_menor20":58,"pct_60mas":3,"pct_migrante":10,"dependencia_econ":182,"pct_empleados":55,"pct_cuentapropia":27,"pct_agricultura":27,"pct_comercio":18,"pct_manufactura":0,"pct_construccion":36,"pct_transporte":0,"pct_alojamiento":0,"pct_sin_educacion":0,"pct_educ_superior":0,"brecha_educ":-38,"pct_sin_seguro":32,"pct_sus":61,"pct_seguro_privado":6,"brecha_seguro":15,"pct_salud_publica":24,"pct_med_tradicional":9,"pct_automedicacion":29,"pct_remedios_caseros":25,"pct_viv_desocupada":12,"pct_alquiler":0,"pct_electricidad":100,"pct_sin_electricidad":0,"pct_agua_red":50,"pct_alcantarillado":0,"pct_camara_septica":0,"pct_pozo_ciego":50,"pct_sin_desague":50,"pct_gas_red":0,"pct_gas_garrafa":100,"pct_lena_guano":0,"pct_basura_formal":100,"pct_basura_quema":0,"pct_basura_informal":0,"pct_internet":100,"pct_celular":100,"pct_televisor":67}},{"type":"Feature","geometry":{"type":"Polygon","coordinates":[[[-65.17768,-18.19807],[-65.17673,-18.19801],[-65.17642,-18.1971],[-65.17722,-18.19701],[-65.17766,-18.19721],[-65.17768,-18.19807]]]},"properties":{"n":"AIQUILE","p":58,"personas_x_ha":46,"masculinidad":66,"pct_menor20":38,"pct_60mas":17,"pct_migrante":29,"dependencia_econ":93,"pct_empleados":33,"pct_cuentapropia":40,"pct_agricultura":20,"pct_comercio":13,"pct_manufactura":10,"pct_construccion":7,"pct_transporte":3,"pct_alojamiento":13,"pct_sin_educacion":3,"pct_educ_superior":31,"brecha_educ":-21,"pct_sin_seguro":5,"pct_sus":79,"pct_seguro_privado":0,"brecha_seguro":-9,"pct_salud_publica":31,"pct_med_tradicional":8,"pct_automedicacion":23,"pct_remedios_caseros":20,"pct_viv_desocupada":0,"pct_alquiler":44,"pct_electricidad":100,"pct_sin_electricidad":0,"pct_agua_red":94,"pct_alcantarillado":100,"pct_camara_septica":0,"pct_pozo_ciego":0,"pct_sin_desague":0,"pct_gas_red":50,"pct_gas_garrafa":50,"pct_lena_guano":0,"pct_basura_formal":100,"pct_basura_quema":0,"pct_basura_informal":0,"pct_internet":83,"pct_celular":100,"pct_televisor":83}},{"type":"Feature","geometry":{"type":"Polygon","coordinates":[[[-65.18393,-18.20506],[-65.18378,-18.20463],[-65.18325,-18.20508],[-65.18344,-18.20547],[-65.18393,-18.20506]]]},"properties":{"n":"AIQUILE","p":29,"personas_x_ha":84,"masculinidad":93,"pct_menor20":28,"pct_60mas":24,"pct_migrante":24,"dependencia_econ":53,"pct_empleados":21,"pct_cuentapropia":47,"pct_agricultura":21,"pct_comercio":32,"pct_manufactura":11,"pct_construccion":0,"pct_transporte":11,"pct_alojamiento":16,"pct_sin_educacion":19,"pct_educ_superior":29,"brecha_educ":-34,"pct_sin_seguro":0,"pct_sus":97,"pct_seguro_privado":0,"brecha_seguro":0,"pct_salud_publica":28,"pct_med_tradicional":17,"pct_automedicacion":23,"pct_remedios_caseros":26,"pct_viv_desocupada":8,"pct_alquiler":10,"pct_electricidad":100,"pct_sin_electricidad":0,"pct_agua_red":90,"pct_alcantarillado":90,"pct_camara_septica":0,"pct_pozo_ciego":0,"pct_sin_desague":10,"pct_gas_red":70,"pct_gas_garrafa":30,"pct_lena_guano":0,"pct_basura_formal":100,"pct_basura_quema":0,"pct_basura_informal":0,"pct_internet":80,"pct_celular":100,"pct_televisor":100}},{"type":"Feature","geometry":{"type":"Polygon","coordinates":[[[-65.17839,-18.19826],[-65.17837,-18.19853],[-65.17781,-18.19853],[-65.17774,-18.19718],[-65.17808,-18.19724],[-65.17812,-18.19735],[-65.17798,-18.19801],[-65.17805,-18.19819],[-65.17839,-18.19826]]]},"properties":{"n":"AIQUILE","p":19,"personas_x_ha":31,"masculinidad":73,"pct_menor20":37,"pct_60mas":37,"pct_migrante":42,"dependencia_econ":171,"pct_empleados":43,"pct_cuentapropia":43,"pct_agricultura":0,"pct_comercio":14,"pct_manufactura":0,"pct_construccion":0,"pct_transporte":14,"pct_alojamiento":14,"pct_sin_educacion":0,"pct_educ_superior":50,"brecha_educ":-33,"pct_sin_seguro":0,"pct_sus":47,"pct_seguro_privado":0,"brecha_seguro":0,"pct_salud_publica":28,"pct_med_tradicional":15,"pct_automedicacion":22,"pct_remedios_caseros":22,"pct_viv_desocupada":0,"pct_alquiler":50,"pct_electricidad":100,"pct_sin_electricidad":0,"pct_agua_red":100,"pct_alcantarillado":100,"pct_camara_septica":0,"pct_pozo_ciego":0,"pct_sin_desague":0,"pct_gas_red":62,"pct_gas_garrafa":38,"pct_lena_guano":0,"pct_basura_formal":100,"pct_basura_quema":0,"pct_basura_informal":0,"pct_internet":100,"pct_celular":100,"pct_televisor":88}},{"type":"Feature","geometry":{"type":"Polygon","coordinates":[[[-65.18264,-18.2077],[-65.18202,-18.20812],[-65.18293,-18.20971],[-65.18355,-18.20939],[-65.18264,-18.2077]]]},"properties":{"n":"AIQUILE","p":70,"personas_x_ha":42,"masculinidad":112,"pct_menor20":36,"pct_60mas":7,"pct_migrante":33,"dependencia_econ":100,"pct_empleados":29,"pct_cuentapropia":51,"pct_agricultura":11,"pct_comercio":17,"pct_manufactura":3,"pct_construccion":3,"pct_transporte":9,"pct_alojamiento":26,"pct_sin_educacion":9,"pct_educ_superior":38,"brecha_educ":-18,"pct_sin_seguro":7,"pct_sus":71,"pct_seguro_privado":1,"brecha_seguro":-9,"pct_salud_publica":28,"pct_med_tradicional":14,"pct_automedicacion":20,"pct_remedios_caseros":22,"pct_viv_desocupada":3,"pct_alquiler":58,"pct_electricidad":96,"pct_sin_electricidad":0,"pct_agua_red":100,"pct_alcantarillado":96,"pct_camara_septica":0,"pct_pozo_ciego":0,"pct_sin_desague":4,"pct_gas_red":38,"pct_gas_garrafa":58,"pct_lena_guano":0,"pct_basura_formal":100,"pct_basura_quema":0,"pct_basura_informal":0,"pct_internet":88,"pct_celular":92,"pct_televisor":71}},{"type":"Feature","geometry":{"type":"Polygon","coordinates":[[[-65.18437,-18.20947],[-65.18303,-18.20716],[-65.18263,-18.20731],[-65.18382,-18.20953],[-65.1842,-18.21002],[-65.18437,-18.20947]]]},"properties":{"n":"AIQUILE","p":38,"personas_x_ha":23,"masculinidad":153,"pct_menor20":42,"pct_60mas":8,"pct_migrante":32,"dependencia_econ":73,"pct_empleados":23,"pct_cuentapropia":64,"pct_agricultura":23,"pct_comercio":23,"pct_manufactura":0,"pct_construccion":9,"pct_transporte":14,"pct_alojamiento":9,"pct_sin_educacion":0,"pct_educ_superior":39,"brecha_educ":21,"pct_sin_seguro":0,"pct_sus":87,"pct_seguro_privado":3,"brecha_seguro":0,"pct_salud_publica":25,"pct_med_tradicional":10,"pct_automedicacion":22,"pct_remedios_caseros":26,"pct_viv_desocupada":0,"pct_alquiler":25,"pct_electricidad":100,"pct_sin_electricidad":0,"pct_agua_red":67,"pct_alcantarillado":100,"pct_camara_septica":0,"pct_pozo_ciego":0,"pct_sin_desague":0,"pct_gas_red":50,"pct_gas_garrafa":50,"pct_lena_guano":0,"pct_basura_formal":100,"pct_basura_quema":0,"pct_basura_informal":0,"pct_internet":83,"pct_celular":100,"pct_televisor":75}},{"type":"Feature","geometry":{"type":"Polygon","coordinates":[[[-65.1885,-18.21522],[-65.1872,-18.21372],[-65.1875,-18.21346],[-65.18894,-18.21484],[-65.1885,-18.21522]]]},"properties":{"n":"AIQUILE","p":28,"personas_x_ha":24,"masculinidad":155,"pct_menor20":36,"pct_60mas":7,"pct_migrante":29,"dependencia_econ":65,"pct_empleados":35,"pct_cuentapropia":65,"pct_agricultura":0,"pct_comercio":12,"pct_manufactura":0,"pct_construccion":29,"pct_transporte":18,"pct_alojamiento":12,"pct_sin_educacion":0,"pct_educ_superior":61,"brecha_educ":-5,"pct_sin_seguro":18,"pct_sus":75,"pct_seguro_privado":7,"brecha_seguro":14,"pct_salud_publica":29,"pct_med_tradicional":13,"pct_automedicacion":20,"pct_remedios_caseros":16,"pct_viv_desocupada":8,"pct_alquiler":27,"pct_electricidad":100,"pct_sin_electricidad":0,"pct_agua_red":73,"pct_alcantarillado":100,"pct_camara_septica":0,"pct_pozo_ciego":0,"pct_sin_desague":0,"pct_gas_red":27,"pct_gas_garrafa":73,"pct_lena_guano":0,"pct_basura_formal":100,"pct_basura_quema":0,"pct_basura_informal":0,"pct_internet":91,"pct_celular":91,"pct_televisor":55}},{"type":"Feature","geometry":{"type":"Polygon","coordinates":[[[-65.18325,-18.20643],[-65.18332,-18.20667],[-65.18371,-18.20723],[-65.18411,-18.20701],[-65.1836,-18.20626],[-65.18325,-18.20643]]]},"properties":{"n":"AIQUILE","p":44,"personas_x_ha":87,"masculinidad":57,"pct_menor20":39,"pct_60mas":9,"pct_migrante":18,"dependencia_econ":91,"pct_empleados":18,"pct_cuentapropia":64,"pct_agricultura":14,"pct_comercio":18,"pct_manufactura":14,"pct_construccion":9,"pct_transporte":5,"pct_alojamiento":23,"pct_sin_educacion":7,"pct_educ_superior":26,"brecha_educ":-16,"pct_sin_seguro":5,"pct_sus":83,"pct_seguro_privado":0,"brecha_seguro":3,"pct_salud_publica":39,"pct_med_tradicional":8,"pct_automedicacion":19,"pct_remedios_caseros":18,"pct_viv_desocupada":0,"pct_alquiler":27,"pct_electricidad":100,"pct_sin_electricidad":0,"pct_agua_red":73,"pct_alcantarillado":91,"pct_camara_septica":0,"pct_pozo_ciego":0,"pct_sin_desague":0,"pct_gas_red":36,"pct_gas_garrafa":64,"pct_lena_guano":0,"pct_basura_formal":91,"pct_basura_quema":0,"pct_basura_informal":0,"pct_internet":91,"pct_celular":91,"pct_televisor":100}},{"type":"Feature","geometry":{"type":"Polygon","coordinates":[[[-65.18005,-18.20357],[-65.17953,-18.20222],[-65.17859,-18.20247],[-65.17869,-18.20357],[-65.17977,-18.20367],[-65.18005,-18.20357]]]},"properties":{"n":"AIQUILE","p":77,"personas_x_ha":44,"masculinidad":75,"pct_menor20":25,"pct_60mas":26,"pct_migrante":26,"dependencia_econ":95,"pct_empleados":49,"pct_cuentapropia":41,"pct_agricultura":3,"pct_comercio":13,"pct_manufactura":15,"pct_construccion":3,"pct_transporte":5,"pct_alojamiento":8,"pct_sin_educacion":0,"pct_educ_superior":59,"brecha_educ":0,"pct_sin_seguro":7,"pct_sus":61,"pct_seguro_privado":3,"brecha_seguro":5,"pct_salud_publica":23,"pct_med_tradicional":7,"pct_automedicacion":15,"pct_remedios_caseros":20,"pct_viv_desocupada":7,"pct_alquiler":18,"pct_electricidad":100,"pct_sin_electricidad":0,"pct_agua_red":86,"pct_alcantarillado":95,"pct_camara_septica":0,"pct_pozo_ciego":0,"pct_sin_desague":5,"pct_gas_red":68,"pct_gas_garrafa":32,"pct_lena_guano":0,"pct_basura_formal":100,"pct_basura_quema":0,"pct_basura_informal":0,"pct_internet":73,"pct_celular":91,"pct_televisor":95}},{"type":"Feature","geometry":{"type":"Polygon","coordinates":[[[-65.18406,-18.20311],[-65.18359,-18.20356],[-65.18365,-18.20373],[-65.1841,-18.20332],[-65.18406,-18.20311]]]},"properties":{"n":"AIQUILE","p":20,"personas_x_ha":145,"masculinidad":150,"pct_menor20":30,"pct_60mas":20,"pct_migrante":30,"dependencia_econ":43,"pct_empleados":50,"pct_cuentapropia":29,"pct_agricultura":21,"pct_comercio":29,"pct_manufactura":0,"pct_construccion":29,"pct_transporte":0,"pct_alojamiento":14,"pct_sin_educacion":7,"pct_educ_superior":27,"brecha_educ":-5,"pct_sin_seguro":0,"pct_sus":100,"pct_seguro_privado":0,"brecha_seguro":0,"pct_salud_publica":28,"pct_med_tradicional":8,"pct_automedicacion":28,"pct_remedios_caseros":27,"pct_viv_desocupada":0,"pct_alquiler":17,"pct_electricidad":100,"pct_sin_electricidad":0,"pct_agua_red":100,"pct_alcantarillado":100,"pct_camara_septica":0,"pct_pozo_ciego":0,"pct_sin_desague":0,"pct_gas_red":33,"pct_gas_garrafa":67,"pct_lena_guano":0,"pct_basura_formal":100,"pct_basura_quema":0,"pct_basura_informal":0,"pct_internet":100,"pct_celular":100,"pct_televisor":83}},{"type":"Feature","geometry":{"type":"Polygon","coordinates":[[[-65.18471,-18.20665],[-65.18425,-18.20584],[-65.18368,-18.20614],[-65.18418,-18.20692],[-65.18471,-18.20665]]]},"properties":{"n":"AIQUILE","p":63,"personas_x_ha":86,"masculinidad":97,"pct_menor20":41,"pct_60mas":8,"pct_migrante":30,"dependencia_econ":82,"pct_empleados":41,"pct_cuentapropia":44,"pct_agricultura":6,"pct_comercio":29,"pct_manufactura":18,"pct_construccion":12,"pct_transporte":3,"pct_alojamiento":9,"pct_sin_educacion":3,"pct_educ_superior":37,"brecha_educ":-15,"pct_sin_seguro":5,"pct_sus":75,"pct_seguro_privado":0,"brecha_seguro":4,"pct_salud_publica":29,"pct_med_tradicional":11,"pct_automedicacion":22,"pct_remedios_caseros":23,"pct_viv_desocupada":0,"pct_alquiler":28,"pct_electricidad":100,"pct_sin_electricidad":0,"pct_agua_red":100,"pct_alcantarillado":72,"pct_camara_septica":0,"pct_pozo_ciego":28,"pct_sin_desague":0,"pct_gas_red":33,"pct_gas_garrafa":67,"pct_lena_guano":0,"pct_basura_formal":100,"pct_basura_quema":0,"pct_basura_informal":0,"pct_internet":83,"pct_celular":94,"pct_televisor":72}},{"type":"Feature","geometry":{"type":"Polygon","coordinates":[[[-65.18485,-18.20539],[-65.18571,-18.2049],[-65.18538,-18.20432],[-65.1845,-18.20482],[-65.18485,-18.20539]]]},"properties":{"n":"AIQUILE","p":54,"personas_x_ha":66,"masculinidad":64,"pct_menor20":41,"pct_60mas":7,"pct_migrante":17,"dependencia_econ":93,"pct_empleados":46,"pct_cuentapropia":46,"pct_agricultura":7,"pct_comercio":29,"pct_manufactura":7,"pct_construccion":11,"pct_transporte":0,"pct_alojamiento":7,"pct_sin_educacion":3,"pct_educ_superior":41,"brecha_educ":-16,"pct_sin_seguro":0,"pct_sus":59,"pct_seguro_privado":0,"brecha_seguro":0,"pct_salud_publica":24,"pct_med_tradicional":10,"pct_automedicacion":24,"pct_remedios_caseros":24,"pct_viv_desocupada":6,"pct_alquiler":27,"pct_electricidad":100,"pct_sin_electricidad":0,"pct_agua_red":100,"pct_alcantarillado":100,"pct_camara_septica":0,"pct_pozo_ciego":0,"pct_sin_desague":0,"pct_gas_red":20,"pct_gas_garrafa":80,"pct_lena_guano":0,"pct_basura_formal":100,"pct_basura_quema":0,"pct_basura_informal":0,"pct_internet":80,"pct_celular":93,"pct_televisor":60}},{"type":"Feature","geometry":{"type":"Polygon","coordinates":[[[-65.18358,-18.20387],[-65.18301,-18.2043],[-65.18322,-18.20495],[-65.18382,-18.20448],[-65.18358,-18.20387]]]},"properties":{"n":"AIQUILE","p":53,"personas_x_ha":92,"masculinidad":96,"pct_menor20":34,"pct_60mas":15,"pct_migrante":32,"dependencia_econ":61,"pct_empleados":33,"pct_cuentapropia":39,"pct_agricultura":21,"pct_comercio":36,"pct_manufactura":3,"pct_construccion":9,"pct_transporte":0,"pct_alojamiento":3,"pct_sin_educacion":8,"pct_educ_superior":42,"brecha_educ":-15,"pct_sin_seguro":4,"pct_sus":81,"pct_seguro_privado":0,"brecha_seguro":0,"pct_salud_publica":27,"pct_med_tradicional":10,"pct_automedicacion":20,"pct_remedios_caseros":26,"pct_viv_desocupada":0,"pct_alquiler":17,"pct_electricidad":100,"pct_sin_electricidad":0,"pct_agua_red":78,"pct_alcantarillado":94,"pct_camara_septica":0,"pct_pozo_ciego":0,"pct_sin_desague":6,"pct_gas_red":33,"pct_gas_garrafa":67,"pct_lena_guano":0,"pct_basura_formal":100,"pct_basura_quema":0,"pct_basura_informal":0,"pct_internet":94,"pct_celular":100,"pct_televisor":89}},{"type":"Feature","geometry":{"type":"Polygon","coordinates":[[[-65.18107,-18.20563],[-65.18102,-18.20527],[-65.18066,-18.20488],[-65.18039,-18.20404],[-65.18083,-18.20394],[-65.18152,-18.20546],[-65.18107,-18.20563]]]},"properties":{"n":"AIQUILE","p":95,"personas_x_ha":102,"masculinidad":111,"pct_menor20":34,"pct_60mas":17,"pct_migrante":37,"dependencia_econ":68,"pct_empleados":30,"pct_cuentapropia":45,"pct_agricultura":14,"pct_comercio":21,"pct_manufactura":9,"pct_construccion":7,"pct_transporte":20,"pct_alojamiento":11,"pct_sin_educacion":6,"pct_educ_superior":28,"brecha_educ":-12,"pct_sin_seguro":12,"pct_sus":71,"pct_seguro_privado":2,"brecha_seguro":1,"pct_salud_publica":26,"pct_med_tradicional":13,"pct_automedicacion":20,"pct_remedios_caseros":25,"pct_viv_desocupada":16,"pct_alquiler":26,"pct_electricidad":100,"pct_sin_electricidad":0,"pct_agua_red":89,"pct_alcantarillado":96,"pct_camara_septica":0,"pct_pozo_ciego":4,"pct_sin_desague":0,"pct_gas_red":48,"pct_gas_garrafa":52,"pct_lena_guano":0,"pct_basura_formal":100,"pct_basura_quema":0,"pct_basura_informal":0,"pct_internet":78,"pct_celular":93,"pct_televisor":89}},{"type":"Feature","geometry":{"type":"Polygon","coordinates":[[[-65.17661,-18.20413],[-65.17657,-18.20512],[-65.17734,-18.20512],[-65.1774,-18.2041],[-65.17661,-18.20413]]]},"properties":{"n":"AIQUILE","p":42,"personas_x_ha":44,"masculinidad":45,"pct_menor20":31,"pct_60mas":14,"pct_migrante":29,"dependencia_econ":162,"pct_empleados":31,"pct_cuentapropia":44,"pct_agricultura":31,"pct_comercio":6,"pct_manufactura":6,"pct_construccion":0,"pct_transporte":12,"pct_alojamiento":6,"pct_sin_educacion":3,"pct_educ_superior":31,"brecha_educ":-22,"pct_sin_seguro":7,"pct_sus":81,"pct_seguro_privado":0,"brecha_seguro":-10,"pct_salud_publica":27,"pct_med_tradicional":9,"pct_automedicacion":16,"pct_remedios_caseros":21,"pct_viv_desocupada":12,"pct_alquiler":29,"pct_electricidad":100,"pct_sin_electricidad":0,"pct_agua_red":100,"pct_alcantarillado":93,"pct_camara_septica":0,"pct_pozo_ciego":0,"pct_sin_desague":7,"pct_gas_red":64,"pct_gas_garrafa":36,"pct_lena_guano":0,"pct_basura_formal":100,"pct_basura_quema":0,"pct_basura_informal":0,"pct_internet":86,"pct_celular":100,"pct_televisor":100}},{"type":"Feature","geometry":{"type":"Polygon","coordinates":[[[-65.18566,-18.20323],[-65.18542,-18.203],[-65.18551,-18.20277],[-65.18592,-18.20229],[-65.18614,-18.20315],[-65.18566,-18.20323]]]},"properties":{"n":"AIQUILE","p":58,"personas_x_ha":119,"masculinidad":66,"pct_menor20":34,"pct_60mas":5,"pct_migrante":31,"dependencia_econ":176,"pct_empleados":52,"pct_cuentapropia":33,"pct_agricultura":5,"pct_comercio":14,"pct_manufactura":10,"pct_construccion":14,"pct_transporte":14,"pct_alojamiento":10,"pct_sin_educacion":0,"pct_educ_superior":34,"brecha_educ":19,"pct_sin_seguro":14,"pct_sus":84,"pct_seguro_privado":0,"brecha_seguro":6,"pct_salud_publica":27,"pct_med_tradicional":8,"pct_automedicacion":28,"pct_remedios_caseros":26,"pct_viv_desocupada":0,"pct_alquiler":12,"pct_electricidad":100,"pct_sin_electricidad":0,"pct_agua_red":100,"pct_alcantarillado":81,"pct_camara_septica":0,"pct_pozo_ciego":0,"pct_sin_desague":19,"pct_gas_red":56,"pct_gas_garrafa":44,"pct_lena_guano":0,"pct_basura_formal":94,"pct_basura_quema":6,"pct_basura_informal":0,"pct_internet":100,"pct_celular":100,"pct_televisor":94}},{"type":"Feature","geometry":{"type":"Polygon","coordinates":[[[-65.18165,-18.19666],[-65.18353,-18.19725],[-65.18351,-18.19756],[-65.1833,-18.19783],[-65.18176,-18.19835],[-65.18167,-18.19797],[-65.18133,-18.19743],[-65.18165,-18.19666]]]},"properties":{"n":"AIQUILE","p":29,"personas_x_ha":11,"masculinidad":81,"pct_menor20":31,"pct_60mas":38,"pct_migrante":41,"dependencia_econ":47,"pct_empleados":16,"pct_cuentapropia":68,"pct_agricultura":21,"pct_comercio":47,"pct_manufactura":0,"pct_construccion":5,"pct_transporte":0,"pct_alojamiento":16,"pct_sin_educacion":10,"pct_educ_superior":40,"brecha_educ":-8,"pct_sin_seguro":0,"pct_sus":79,"pct_seguro_privado":0,"brecha_seguro":0,"pct_salud_publica":27,"pct_med_tradicional":4,"pct_automedicacion":21,"pct_remedios_caseros":20,"pct_viv_desocupada":0,"pct_alquiler":45,"pct_electricidad":100,"pct_sin_electricidad":0,"pct_agua_red":100,"pct_alcantarillado":82,"pct_camara_septica":0,"pct_pozo_ciego":9,"pct_sin_desague":9,"pct_gas_red":27,"pct_gas_garrafa":73,"pct_lena_guano":0,"pct_basura_formal":100,"pct_basura_quema":0,"pct_basura_informal":0,"pct_internet":73,"pct_celular":82,"pct_televisor":55}},{"type":"Feature","geometry":{"type":"Polygon","coordinates":[[[-65.18397,-18.21037],[-65.18379,-18.21008],[-65.18339,-18.21043],[-65.18406,-18.21114],[-65.18397,-18.21037]]]},"properties":{"n":"AIQUILE","p":22,"personas_x_ha":54,"masculinidad":69,"pct_menor20":50,"pct_60mas":18,"pct_migrante":18,"dependencia_econ":450,"pct_empleados":25,"pct_cuentapropia":75,"pct_agricultura":0,"pct_comercio":75,"pct_manufactura":0,"pct_construccion":25,"pct_transporte":0,"pct_alojamiento":0,"pct_sin_educacion":17,"pct_educ_superior":0,"brecha_educ":-31,"pct_sin_seguro":0,"pct_sus":100,"pct_seguro_privado":0,"brecha_seguro":0,"pct_salud_publica":27,"pct_med_tradicional":16,"pct_automedicacion":27,"pct_remedios_caseros":27,"pct_viv_desocupada":0,"pct_alquiler":60,"pct_electricidad":100,"pct_sin_electricidad":0,"pct_agua_red":100,"pct_alcantarillado":100,"pct_camara_septica":0,"pct_pozo_ciego":0,"pct_sin_desague":0,"pct_gas_red":60,"pct_gas_garrafa":40,"pct_lena_guano":0,"pct_basura_formal":100,"pct_basura_quema":0,"pct_basura_informal":0,"pct_internet":100,"pct_celular":100,"pct_televisor":80}},{"type":"Feature","geometry":{"type":"Polygon","coordinates":[[[-65.19061,-18.2172],[-65.18968,-18.21632],[-65.19006,-18.21593],[-65.19101,-18.21686],[-65.19061,-18.2172]]]},"properties":{"n":"AIQUILE","p":52,"personas_x_ha":62,"masculinidad":62,"pct_menor20":48,"pct_60mas":17,"pct_migrante":15,"dependencia_econ":136,"pct_empleados":23,"pct_cuentapropia":55,"pct_agricultura":23,"pct_comercio":27,"pct_manufactura":9,"pct_construccion":5,"pct_transporte":5,"pct_alojamiento":9,"pct_sin_educacion":7,"pct_educ_superior":18,"brecha_educ":-52,"pct_sin_seguro":2,"pct_sus":98,"pct_seguro_privado":0,"brecha_seguro":5,"pct_salud_publica":30,"pct_med_tradicional":14,"pct_automedicacion":25,"pct_remedios_caseros":21,"pct_viv_desocupada":0,"pct_alquiler":17,"pct_electricidad":100,"pct_sin_electricidad":0,"pct_agua_red":100,"pct_alcantarillado":94,"pct_camara_septica":6,"pct_pozo_ciego":0,"pct_sin_desague":0,"pct_gas_red":33,"pct_gas_garrafa":67,"pct_lena_guano":0,"pct_basura_formal":100,"pct_basura_quema":0,"pct_basura_informal":0,"pct_internet":72,"pct_celular":94,"pct_televisor":67}},{"type":"Feature","geometry":{"type":"Polygon","coordinates":[[[-65.17684,-18.20272],[-65.17747,-18.20259],[-65.17753,-18.20139],[-65.17703,-18.20139],[-65.17684,-18.20272]]]},"properties":{"n":"AIQUILE","p":67,"personas_x_ha":77,"masculinidad":81,"pct_menor20":34,"pct_60mas":18,"pct_migrante":21,"dependencia_econ":97,"pct_empleados":29,"pct_cuentapropia":35,"pct_agricultura":12,"pct_comercio":26,"pct_manufactura":9,"pct_construccion":3,"pct_transporte":3,"pct_alojamiento":6,"pct_sin_educacion":13,"pct_educ_superior":49,"brecha_educ":-23,"pct_sin_seguro":12,"pct_sus":57,"pct_seguro_privado":3,"brecha_seguro":-4,"pct_salud_publica":25,"pct_med_tradicional":9,"pct_automedicacion":24,"pct_remedios_caseros":20,"pct_viv_desocupada":0,"pct_alquiler":9,"pct_electricidad":95,"pct_sin_electricidad":0,"pct_agua_red":86,"pct_alcantarillado":100,"pct_camara_septica":0,"pct_pozo_ciego":0,"pct_sin_desague":0,"pct_gas_red":73,"pct_gas_garrafa":27,"pct_lena_guano":0,"pct_basura_formal":100,"pct_basura_quema":0,"pct_basura_informal":0,"pct_internet":86,"pct_celular":91,"pct_televisor":86}},{"type":"Feature","geometry":{"type":"Polygon","coordinates":[[[-65.17487,-18.19535],[-65.17522,-18.19619],[-65.17458,-18.19643],[-65.17433,-18.19544],[-65.17487,-18.19535]]]},"properties":{"n":"AIQUILE","p":26,"personas_x_ha":37,"masculinidad":86,"pct_menor20":35,"pct_60mas":23,"pct_migrante":27,"dependencia_econ":117,"pct_empleados":50,"pct_cuentapropia":17,"pct_agricultura":25,"pct_comercio":25,"pct_manufactura":8,"pct_construccion":0,"pct_transporte":0,"pct_alojamiento":0,"pct_sin_educacion":12,"pct_educ_superior":29,"brecha_educ":-21,"pct_sin_seguro":4,"pct_sus":80,"pct_seguro_privado":0,"brecha_seguro":8,"pct_salud_publica":28,"pct_med_tradicional":10,"pct_automedicacion":23,"pct_remedios_caseros":29,"pct_viv_desocupada":7,"pct_alquiler":43,"pct_electricidad":100,"pct_sin_electricidad":0,"pct_agua_red":86,"pct_alcantarillado":86,"pct_camara_septica":0,"pct_pozo_ciego":0,"pct_sin_desague":14,"pct_gas_red":29,"pct_gas_garrafa":71,"pct_lena_guano":0,"pct_basura_formal":100,"pct_basura_quema":0,"pct_basura_informal":0,"pct_internet":86,"pct_celular":100,"pct_televisor":86}},{"type":"Feature","geometry":{"type":"Polygon","coordinates":[[[-65.19078,-18.21528],[-65.19174,-18.21621],[-65.19117,-18.21673],[-65.1902,-18.21582],[-65.19078,-18.21528]]]},"properties":{"n":"AIQUILE","p":58,"personas_x_ha":46,"masculinidad":152,"pct_menor20":38,"pct_60mas":10,"pct_migrante":41,"dependencia_econ":159,"pct_empleados":36,"pct_cuentapropia":41,"pct_agricultura":14,"pct_comercio":18,"pct_manufactura":5,"pct_construccion":14,"pct_transporte":5,"pct_alojamiento":18,"pct_sin_educacion":8,"pct_educ_superior":28,"brecha_educ":-10,"pct_sin_seguro":5,"pct_sus":89,"pct_seguro_privado":0,"brecha_seguro":9,"pct_salud_publica":27,"pct_med_tradicional":16,"pct_automedicacion":21,"pct_remedios_caseros":26,"pct_viv_desocupada":0,"pct_alquiler":36,"pct_electricidad":86,"pct_sin_electricidad":7,"pct_agua_red":64,"pct_alcantarillado":86,"pct_camara_septica":7,"pct_pozo_ciego":0,"pct_sin_desague":7,"pct_gas_red":57,"pct_gas_garrafa":43,"pct_lena_guano":0,"pct_basura_formal":100,"pct_basura_quema":0,"pct_basura_informal":0,"pct_internet":79,"pct_celular":93,"pct_televisor":71}},{"type":"Feature","geometry":{"type":"Polygon","coordinates":[[[-65.1819,-18.20369],[-65.18101,-18.20388],[-65.18156,-18.20505],[-65.18208,-18.20436],[-65.1819,-18.20369]]]},"properties":{"n":"AIQUILE","p":99,"personas_x_ha":101,"masculinidad":68,"pct_menor20":41,"pct_60mas":11,"pct_migrante":29,"dependencia_econ":109,"pct_empleados":34,"pct_cuentapropia":60,"pct_agricultura":4,"pct_comercio":21,"pct_manufactura":15,"pct_construccion":4,"pct_transporte":17,"pct_alojamiento":9,"pct_sin_educacion":3,"pct_educ_superior":47,"brecha_educ":-26,"pct_sin_seguro":6,"pct_sus":70,"pct_seguro_privado":1,"brecha_seguro":11,"pct_salud_publica":24,"pct_med_tradicional":11,"pct_automedicacion":24,"pct_remedios_caseros":25,"pct_viv_desocupada":3,"pct_alquiler":30,"pct_electricidad":97,"pct_sin_electricidad":3,"pct_agua_red":93,"pct_alcantarillado":100,"pct_camara_septica":0,"pct_pozo_ciego":0,"pct_sin_desague":0,"pct_gas_red":40,"pct_gas_garrafa":57,"pct_lena_guano":3,"pct_basura_formal":100,"pct_basura_quema":0,"pct_basura_informal":0,"pct_internet":90,"pct_celular":100,"pct_televisor":97}},{"type":"Feature","geometry":{"type":"Polygon","coordinates":[[[-65.19047,-18.19762],[-65.19027,-18.19744],[-65.18927,-18.19837],[-65.18966,-18.19847],[-65.19006,-18.19837],[-65.19021,-18.19825],[-65.19047,-18.19762]]]},"properties":{"n":"AIQUILE","p":22,"personas_x_ha":33,"masculinidad":144,"pct_menor20":41,"pct_60mas":23,"pct_migrante":27,"dependencia_econ":50,"pct_empleados":36,"pct_cuentapropia":43,"pct_agricultura":29,"pct_comercio":50,"pct_manufactura":0,"pct_construccion":14,"pct_transporte":0,"pct_alojamiento":0,"pct_sin_educacion":7,"pct_educ_superior":14,"brecha_educ":-36,"pct_sin_seguro":10,"pct_sus":90,"pct_seguro_privado":0,"brecha_seguro":-5,"pct_salud_publica":20,"pct_med_tradicional":18,"pct_automedicacion":22,"pct_remedios_caseros":22,"pct_viv_desocupada":0,"pct_alquiler":29,"pct_electricidad":100,"pct_sin_electricidad":0,"pct_agua_red":0,"pct_alcantarillado":86,"pct_camara_septica":0,"pct_pozo_ciego":0,"pct_sin_desague":14,"pct_gas_red":43,"pct_gas_garrafa":57,"pct_lena_guano":0,"pct_basura_formal":100,"pct_basura_quema":0,"pct_basura_informal":0,"pct_internet":71,"pct_celular":71,"pct_televisor":57}},{"type":"Feature","geometry":{"type":"Polygon","coordinates":[[[-65.1937,-18.19883],[-65.19372,-18.20022],[-65.19308,-18.20023],[-65.19308,-18.19883],[-65.1937,-18.19883]]]},"properties":{"n":"AIQUILE","p":15,"personas_x_ha":14,"masculinidad":88,"pct_menor20":40,"pct_60mas":7,"pct_migrante":47,"dependencia_econ":75,"pct_empleados":25,"pct_cuentapropia":50,"pct_agricultura":25,"pct_comercio":25,"pct_manufactura":12,"pct_construccion":12,"pct_transporte":0,"pct_alojamiento":0,"pct_sin_educacion":11,"pct_educ_superior":0,"brecha_educ":-15,"pct_sin_seguro":0,"pct_sus":100,"pct_seguro_privado":0,"brecha_seguro":0,"pct_salud_publica":25,"pct_med_tradicional":16,"pct_automedicacion":22,"pct_remedios_caseros":22,"pct_viv_desocupada":29,"pct_alquiler":0,"pct_electricidad":100,"pct_sin_electricidad":0,"pct_agua_red":60,"pct_alcantarillado":0,"pct_camara_septica":20,"pct_pozo_ciego":20,"pct_sin_desague":60,"pct_gas_red":0,"pct_gas_garrafa":100,"pct_lena_guano":0,"pct_basura_formal":100,"pct_basura_quema":0,"pct_basura_informal":0,"pct_internet":100,"pct_celular":100,"pct_televisor":100}},{"type":"Feature","geometry":{"type":"Polygon","coordinates":[[[-65.1856,-18.20681],[-65.18511,-18.20711],[-65.18487,-18.20663],[-65.1853,-18.20638],[-65.1856,-18.20681]]]},"properties":{"n":"AIQUILE","p":33,"personas_x_ha":93,"masculinidad":74,"pct_menor20":48,"pct_60mas":3,"pct_migrante":30,"dependencia_econ":106,"pct_empleados":38,"pct_cuentapropia":50,"pct_agricultura":6,"pct_comercio":25,"pct_manufactura":12,"pct_construccion":12,"pct_transporte":6,"pct_alojamiento":6,"pct_sin_educacion":17,"pct_educ_superior":28,"brecha_educ":8,"pct_sin_seguro":6,"pct_sus":82,"pct_seguro_privado":0,"brecha_seguro":-11,"pct_salud_publica":28,"pct_med_tradicional":10,"pct_automedicacion":22,"pct_remedios_caseros":23,"pct_viv_desocupada":10,"pct_alquiler":11,"pct_electricidad":100,"pct_sin_electricidad":0,"pct_agua_red":100,"pct_alcantarillado":78,"pct_camara_septica":0,"pct_pozo_ciego":11,"pct_sin_desague":11,"pct_gas_red":67,"pct_gas_garrafa":33,"pct_lena_guano":0,"pct_basura_formal":100,"pct_basura_quema":0,"pct_basura_informal":0,"pct_internet":89,"pct_celular":89,"pct_televisor":89}},{"type":"Feature","geometry":{"type":"Polygon","coordinates":[[[-65.18401,-18.21128],[-65.18347,-18.2115],[-65.18427,-18.21217],[-65.18461,-18.21185],[-65.18401,-18.21128]]]},"properties":{"n":"AIQUILE","p":54,"personas_x_ha":97,"masculinidad":93,"pct_menor20":37,"pct_60mas":4,"pct_migrante":33,"dependencia_econ":170,"pct_empleados":30,"pct_cuentapropia":55,"pct_agricultura":5,"pct_comercio":15,"pct_manufactura":15,"pct_construccion":0,"pct_transporte":10,"pct_alojamiento":15,"pct_sin_educacion":0,"pct_educ_superior":53,"brecha_educ":2,"pct_sin_seguro":0,"pct_sus":85,"pct_seguro_privado":0,"brecha_seguro":0,"pct_salud_publica":25,"pct_med_tradicional":16,"pct_automedicacion":17,"pct_remedios_caseros":24,"pct_viv_desocupada":11,"pct_alquiler":7,"pct_electricidad":100,"pct_sin_electricidad":0,"pct_agua_red":80,"pct_alcantarillado":100,"pct_camara_septica":0,"pct_pozo_ciego":0,"pct_sin_desague":0,"pct_gas_red":73,"pct_gas_garrafa":27,"pct_lena_guano":0,"pct_basura_formal":100,"pct_basura_quema":0,"pct_basura_informal":0,"pct_internet":100,"pct_celular":93,"pct_televisor":100}},{"type":"Feature","geometry":{"type":"Polygon","coordinates":[[[-65.18364,-18.2073],[-65.18312,-18.2065],[-65.18289,-18.20663],[-65.18341,-18.20741],[-65.18364,-18.2073]]]},"properties":{"n":"AIQUILE","p":27,"personas_x_ha":90,"masculinidad":125,"pct_menor20":56,"pct_60mas":0,"pct_migrante":7,"dependencia_econ":93,"pct_empleados":7,"pct_cuentapropia":43,"pct_agricultura":0,"pct_comercio":79,"pct_manufactura":14,"pct_construccion":0,"pct_transporte":0,"pct_alojamiento":0,"pct_sin_educacion":0,"pct_educ_superior":8,"brecha_educ":-9,"pct_sin_seguro":0,"pct_sus":92,"pct_seguro_privado":0,"brecha_seguro":0,"pct_salud_publica":33,"pct_med_tradicional":10,"pct_automedicacion":20,"pct_remedios_caseros":20,"pct_viv_desocupada":0,"pct_alquiler":12,"pct_electricidad":100,"pct_sin_electricidad":0,"pct_agua_red":62,"pct_alcantarillado":100,"pct_camara_septica":0,"pct_pozo_ciego":0,"pct_sin_desague":0,"pct_gas_red":50,"pct_gas_garrafa":50,"pct_lena_guano":0,"pct_basura_formal":100,"pct_basura_quema":0,"pct_basura_informal":0,"pct_internet":88,"pct_celular":88,"pct_televisor":38}},{"type":"Feature","geometry":{"type":"Polygon","coordinates":[[[-65.1763,-18.19391],[-65.17626,-18.19317],[-65.1755,-18.19331],[-65.17564,-18.19404],[-65.1763,-18.19391]]]},"properties":{"n":"AIQUILE","p":46,"personas_x_ha":71,"masculinidad":119,"pct_menor20":30,"pct_60mas":15,"pct_migrante":24,"dependencia_econ":96,"pct_empleados":35,"pct_cuentapropia":57,"pct_agricultura":13,"pct_comercio":13,"pct_manufactura":35,"pct_construccion":13,"pct_transporte":0,"pct_alojamiento":17,"pct_sin_educacion":10,"pct_educ_superior":16,"brecha_educ":-4,"pct_sin_seguro":7,"pct_sus":91,"pct_seguro_privado":0,"brecha_seguro":13,"pct_salud_publica":31,"pct_med_tradicional":11,"pct_automedicacion":29,"pct_remedios_caseros":23,"pct_viv_desocupada":0,"pct_alquiler":36,"pct_electricidad":100,"pct_sin_electricidad":0,"pct_agua_red":86,"pct_alcantarillado":86,"pct_camara_septica":7,"pct_pozo_ciego":0,"pct_sin_desague":7,"pct_gas_red":36,"pct_gas_garrafa":57,"pct_lena_guano":7,"pct_basura_formal":93,"pct_basura_quema":7,"pct_basura_informal":0,"pct_internet":64,"pct_celular":79,"pct_televisor":71}},{"type":"Feature","geometry":{"type":"Polygon","coordinates":[[[-65.18321,-18.21037],[-65.18285,-18.20988],[-65.18224,-18.2102],[-65.18262,-18.21093],[-65.18321,-18.21037]]]},"properties":{"n":"AIQUILE","p":26,"personas_x_ha":39,"masculinidad":30,"pct_menor20":38,"pct_60mas":8,"pct_migrante":23,"dependencia_econ":160,"pct_empleados":50,"pct_cuentapropia":20,"pct_agricultura":30,"pct_comercio":0,"pct_manufactura":0,"pct_construccion":10,"pct_transporte":0,"pct_alojamiento":0,"pct_sin_educacion":0,"pct_educ_superior":50,"brecha_educ":18,"pct_sin_seguro":4,"pct_sus":58,"pct_seguro_privado":0,"brecha_seguro":-5,"pct_salud_publica":25,"pct_med_tradicional":11,"pct_automedicacion":16,"pct_remedios_caseros":23,"pct_viv_desocupada":19,"pct_alquiler":22,"pct_electricidad":100,"pct_sin_electricidad":0,"pct_agua_red":100,"pct_alcantarillado":89,"pct_camara_septica":11,"pct_pozo_ciego":0,"pct_sin_desague":0,"pct_gas_red":56,"pct_gas_garrafa":44,"pct_lena_guano":0,"pct_basura_formal":100,"pct_basura_quema":0,"pct_basura_informal":0,"pct_internet":89,"pct_celular":100,"pct_televisor":89}},{"type":"Feature","geometry":{"type":"Polygon","coordinates":[[[-65.18395,-18.20514],[-65.18418,-18.20576],[-65.18364,-18.20605],[-65.18343,-18.20556],[-65.18395,-18.20514]]]},"properties":{"n":"AIQUILE","p":35,"personas_x_ha":79,"masculinidad":59,"pct_menor20":40,"pct_60mas":9,"pct_migrante":37,"dependencia_econ":119,"pct_empleados":44,"pct_cuentapropia":25,"pct_agricultura":19,"pct_comercio":38,"pct_manufactura":6,"pct_construccion":12,"pct_transporte":0,"pct_alojamiento":0,"pct_sin_educacion":0,"pct_educ_superior":41,"brecha_educ":-9,"pct_sin_seguro":0,"pct_sus":86,"pct_seguro_privado":0,"brecha_seguro":0,"pct_salud_publica":28,"pct_med_tradicional":11,"pct_automedicacion":18,"pct_remedios_caseros":23,"pct_viv_desocupada":0,"pct_alquiler":23,"pct_electricidad":100,"pct_sin_electricidad":0,"pct_agua_red":100,"pct_alcantarillado":100,"pct_camara_septica":0,"pct_pozo_ciego":0,"pct_sin_desague":0,"pct_gas_red":46,"pct_gas_garrafa":54,"pct_lena_guano":0,"pct_basura_formal":92,"pct_basura_quema":8,"pct_basura_informal":0,"pct_internet":92,"pct_celular":100,"pct_televisor":92}},{"type":"Feature","geometry":{"type":"Polygon","coordinates":[[[-65.17802,-18.2039],[-65.17801,-18.20346],[-65.17752,-18.20348],[-65.17755,-18.20271],[-65.17845,-18.20249],[-65.17856,-18.20381],[-65.17844,-18.2039],[-65.17802,-18.2039]]]},"properties":{"n":"AIQUILE","p":60,"personas_x_ha":47,"masculinidad":62,"pct_menor20":33,"pct_60mas":10,"pct_migrante":37,"dependencia_econ":97,"pct_empleados":47,"pct_cuentapropia":40,"pct_agricultura":7,"pct_comercio":13,"pct_manufactura":7,"pct_construccion":7,"pct_transporte":0,"pct_alojamiento":7,"pct_sin_educacion":3,"pct_educ_superior":64,"brecha_educ":-8,"pct_sin_seguro":8,"pct_sus":56,"pct_seguro_privado":0,"brecha_seguro":-7,"pct_salud_publica":24,"pct_med_tradicional":8,"pct_automedicacion":19,"pct_remedios_caseros":20,"pct_viv_desocupada":9,"pct_alquiler":29,"pct_electricidad":100,"pct_sin_electricidad":0,"pct_agua_red":100,"pct_alcantarillado":100,"pct_camara_septica":0,"pct_pozo_ciego":0,"pct_sin_desague":0,"pct_gas_red":35,"pct_gas_garrafa":65,"pct_lena_guano":0,"pct_basura_formal":100,"pct_basura_quema":0,"pct_basura_informal":0,"pct_internet":88,"pct_celular":94,"pct_televisor":82}},{"type":"Feature","geometry":{"type":"Polygon","coordinates":[[[-65.18101,-18.20544],[-65.18071,-18.20504],[-65.18061,-18.20504],[-65.18051,-18.20581],[-65.18094,-18.20567],[-65.18101,-18.20544]]]},"properties":{"n":"AIQUILE","p":26,"personas_x_ha":85,"masculinidad":62,"pct_menor20":35,"pct_60mas":0,"pct_migrante":35,"dependencia_econ":73,"pct_empleados":60,"pct_cuentapropia":33,"pct_agricultura":7,"pct_comercio":20,"pct_manufactura":7,"pct_construccion":0,"pct_transporte":0,"pct_alojamiento":7,"pct_sin_educacion":0,"pct_educ_superior":76,"brecha_educ":0,"pct_sin_seguro":0,"pct_sus":64,"pct_seguro_privado":4,"brecha_seguro":0,"pct_salud_publica":20,"pct_med_tradicional":15,"pct_automedicacion":17,"pct_remedios_caseros":19,"pct_viv_desocupada":10,"pct_alquiler":25,"pct_electricidad":100,"pct_sin_electricidad":0,"pct_agua_red":100,"pct_alcantarillado":100,"pct_camara_septica":0,"pct_pozo_ciego":0,"pct_sin_desague":0,"pct_gas_red":50,"pct_gas_garrafa":50,"pct_lena_guano":0,"pct_basura_formal":100,"pct_basura_quema":0,"pct_basura_informal":0,"pct_internet":88,"pct_celular":100,"pct_televisor":88}},{"type":"Feature","geometry":{"type":"Polygon","coordinates":[[[-65.18441,-18.20488],[-65.18474,-18.20542],[-65.1843,-18.2057],[-65.18404,-18.20512],[-65.18441,-18.20488]]]},"properties":{"n":"AIQUILE","p":39,"personas_x_ha":102,"masculinidad":77,"pct_menor20":49,"pct_60mas":3,"pct_migrante":38,"dependencia_econ":129,"pct_empleados":35,"pct_cuentapropia":18,"pct_agricultura":29,"pct_comercio":12,"pct_manufactura":0,"pct_construccion":6,"pct_transporte":0,"pct_alojamiento":0,"pct_sin_educacion":5,"pct_educ_superior":45,"brecha_educ":-12,"pct_sin_seguro":13,"pct_sus":82,"pct_seguro_privado":0,"brecha_seguro":9,"pct_salud_publica":25,"pct_med_tradicional":17,"pct_automedicacion":21,"pct_remedios_caseros":19,"pct_viv_desocupada":9,"pct_alquiler":20,"pct_electricidad":100,"pct_sin_electricidad":0,"pct_agua_red":100,"pct_alcantarillado":100,"pct_camara_septica":0,"pct_pozo_ciego":0,"pct_sin_desague":0,"pct_gas_red":90,"pct_gas_garrafa":10,"pct_lena_guano":0,"pct_basura_formal":100,"pct_basura_quema":0,"pct_basura_informal":0,"pct_internet":100,"pct_celular":100,"pct_televisor":90}},{"type":"Feature","geometry":{"type":"Polygon","coordinates":[[[-65.17719,-18.20025],[-65.17793,-18.20025],[-65.17788,-18.19979],[-65.17716,-18.19989],[-65.17719,-18.20025]]]},"properties":{"n":"AIQUILE","p":31,"personas_x_ha":81,"masculinidad":63,"pct_menor20":35,"pct_60mas":23,"pct_migrante":48,"dependencia_econ":131,"pct_empleados":8,"pct_cuentapropia":69,"pct_agricultura":15,"pct_comercio":31,"pct_manufactura":15,"pct_construccion":0,"pct_transporte":0,"pct_alojamiento":0,"pct_sin_educacion":15,"pct_educ_superior":40,"brecha_educ":25,"pct_sin_seguro":7,"pct_sus":87,"pct_seguro_privado":0,"brecha_seguro":17,"pct_salud_publica":27,"pct_med_tradicional":13,"pct_automedicacion":21,"pct_remedios_caseros":21,"pct_viv_desocupada":6,"pct_alquiler":27,"pct_electricidad":100,"pct_sin_electricidad":0,"pct_agua_red":91,"pct_alcantarillado":100,"pct_camara_septica":0,"pct_pozo_ciego":0,"pct_sin_desague":0,"pct_gas_red":55,"pct_gas_garrafa":45,"pct_lena_guano":0,"pct_basura_formal":100,"pct_basura_quema":0,"pct_basura_informal":0,"pct_internet":82,"pct_celular":82,"pct_televisor":82}},{"type":"Feature","geometry":{"type":"Polygon","coordinates":[[[-65.18359,-18.20097],[-65.18441,-18.20075],[-65.18418,-18.19976],[-65.1833,-18.19997],[-65.18359,-18.20097]]]},"properties":{"n":"AIQUILE","p":24,"personas_x_ha":22,"masculinidad":60,"pct_menor20":29,"pct_60mas":4,"pct_migrante":33,"dependencia_econ":118,"pct_empleados":18,"pct_cuentapropia":64,"pct_agricultura":9,"pct_comercio":36,"pct_manufactura":27,"pct_construccion":0,"pct_transporte":9,"pct_alojamiento":0,"pct_sin_educacion":0,"pct_educ_superior":59,"brecha_educ":-20,"pct_sin_seguro":17,"pct_sus":67,"pct_seguro_privado":17,"brecha_seguro":27,"pct_salud_publica":65,"pct_med_tradicional":0,"pct_automedicacion":3,"pct_remedios_caseros":3,"pct_viv_desocupada":12,"pct_alquiler":57,"pct_electricidad":100,"pct_sin_electricidad":0,"pct_agua_red":100,"pct_alcantarillado":100,"pct_camara_septica":0,"pct_pozo_ciego":0,"pct_sin_desague":0,"pct_gas_red":43,"pct_gas_garrafa":57,"pct_lena_guano":0,"pct_basura_formal":100,"pct_basura_quema":0,"pct_basura_informal":0,"pct_internet":100,"pct_celular":100,"pct_televisor":100}},{"type":"Feature","geometry":{"type":"Polygon","coordinates":[[[-65.17512,-18.20059],[-65.17504,-18.20092],[-65.17486,-18.20119],[-65.17443,-18.2014],[-65.17437,-18.20146],[-65.17446,-18.20154],[-65.17699,-18.20127],[-65.17708,-18.20038],[-65.17512,-18.20059]]]},"properties":{"n":"AIQUILE","p":47,"personas_x_ha":21,"masculinidad":74,"pct_menor20":26,"pct_60mas":34,"pct_migrante":17,"dependencia_econ":57,"pct_empleados":37,"pct_cuentapropia":43,"pct_agricultura":17,"pct_comercio":10,"pct_manufactura":7,"pct_construccion":7,"pct_transporte":3,"pct_alojamiento":0,"pct_sin_educacion":6,"pct_educ_superior":53,"brecha_educ":-2,"pct_sin_seguro":6,"pct_sus":60,"pct_seguro_privado":0,"brecha_seguro":-2,"pct_salud_publica":25,"pct_med_tradicional":14,"pct_automedicacion":5,"pct_remedios_caseros":25,"pct_viv_desocupada":0,"pct_alquiler":27,"pct_electricidad":93,"pct_sin_electricidad":7,"pct_agua_red":53,"pct_alcantarillado":87,"pct_camara_septica":0,"pct_pozo_ciego":7,"pct_sin_desague":7,"pct_gas_red":60,"pct_gas_garrafa":40,"pct_lena_guano":0,"pct_basura_formal":100,"pct_basura_quema":0,"pct_basura_informal":0,"pct_internet":87,"pct_celular":87,"pct_televisor":80}},{"type":"Feature","geometry":{"type":"Polygon","coordinates":[[[-65.18727,-18.19848],[-65.18616,-18.19856],[-65.18625,-18.19905],[-65.18732,-18.19883],[-65.18727,-18.19848]]]},"properties":{"n":"AIQUILE","p":41,"personas_x_ha":72,"masculinidad":95,"pct_menor20":51,"pct_60mas":5,"pct_migrante":24,"dependencia_econ":128,"pct_empleados":28,"pct_cuentapropia":61,"pct_agricultura":0,"pct_comercio":28,"pct_manufactura":6,"pct_construccion":44,"pct_transporte":11,"pct_alojamiento":0,"pct_sin_educacion":10,"pct_educ_superior":14,"brecha_educ":3,"pct_sin_seguro":7,"pct_sus":90,"pct_seguro_privado":0,"brecha_seguro":-5,"pct_salud_publica":25,"pct_med_tradicional":15,"pct_automedicacion":24,"pct_remedios_caseros":23,"pct_viv_desocupada":20,"pct_alquiler":55,"pct_electricidad":100,"pct_sin_electricidad":0,"pct_agua_red":73,"pct_alcantarillado":100,"pct_camara_septica":0,"pct_pozo_ciego":0,"pct_sin_desague":0,"pct_gas_red":18,"pct_gas_garrafa":82,"pct_lena_guano":0,"pct_basura_formal":100,"pct_basura_quema":0,"pct_basura_informal":0,"pct_internet":82,"pct_celular":91,"pct_televisor":73}},{"type":"Feature","geometry":{"type":"Polygon","coordinates":[[[-65.18523,-18.19955],[-65.18428,-18.19975],[-65.1845,-18.20069],[-65.18483,-18.20063],[-65.1853,-18.2],[-65.18523,-18.19955]]]},"properties":{"n":"AIQUILE","p":34,"personas_x_ha":37,"masculinidad":70,"pct_menor20":24,"pct_60mas":18,"pct_migrante":26,"dependencia_econ":70,"pct_empleados":25,"pct_cuentapropia":65,"pct_agricultura":10,"pct_comercio":45,"pct_manufactura":10,"pct_construccion":10,"pct_transporte":0,"pct_alojamiento":10,"pct_sin_educacion":8,"pct_educ_superior":27,"brecha_educ":-15,"pct_sin_seguro":21,"pct_sus":68,"pct_seguro_privado":0,"brecha_seguro":14,"pct_salud_publica":26,"pct_med_tradicional":8,"pct_automedicacion":21,"pct_remedios_caseros":24,"pct_viv_desocupada":17,"pct_alquiler":43,"pct_electricidad":93,"pct_sin_electricidad":7,"pct_agua_red":86,"pct_alcantarillado":86,"pct_camara_septica":7,"pct_pozo_ciego":0,"pct_sin_desague":7,"pct_gas_red":36,"pct_gas_garrafa":57,"pct_lena_guano":7,"pct_basura_formal":100,"pct_basura_quema":0,"pct_basura_informal":0,"pct_internet":71,"pct_celular":86,"pct_televisor":71}},{"type":"Feature","geometry":{"type":"Polygon","coordinates":[[[-65.1832,-18.20004],[-65.18227,-18.20022],[-65.18254,-18.20126],[-65.18342,-18.20102],[-65.1832,-18.20004]]]},"properties":{"n":"AIQUILE","p":65,"personas_x_ha":55,"masculinidad":97,"pct_menor20":38,"pct_60mas":15,"pct_migrante":34,"dependencia_econ":91,"pct_empleados":29,"pct_cuentapropia":56,"pct_agricultura":3,"pct_comercio":32,"pct_manufactura":18,"pct_construccion":3,"pct_transporte":0,"pct_alojamiento":0,"pct_sin_educacion":2,"pct_educ_superior":56,"brecha_educ":-6,"pct_sin_seguro":14,"pct_sus":67,"pct_seguro_privado":2,"brecha_seguro":9,"pct_salud_publica":21,"pct_med_tradicional":9,"pct_automedicacion":20,"pct_remedios_caseros":24,"pct_viv_desocupada":0,"pct_alquiler":47,"pct_electricidad":100,"pct_sin_electricidad":0,"pct_agua_red":88,"pct_alcantarillado":100,"pct_camara_septica":0,"pct_pozo_ciego":0,"pct_sin_desague":0,"pct_gas_red":35,"pct_gas_garrafa":65,"pct_lena_guano":0,"pct_basura_formal":100,"pct_basura_quema":0,"pct_basura_informal":0,"pct_internet":65,"pct_celular":82,"pct_televisor":71}},{"type":"Feature","geometry":{"type":"Polygon","coordinates":[[[-65.18615,-18.20041],[-65.1866,-18.20039],[-65.1864,-18.19986],[-65.18615,-18.20001],[-65.18615,-18.20041]]]},"properties":{"n":"AIQUILE","p":25,"personas_x_ha":113,"masculinidad":67,"pct_menor20":52,"pct_60mas":4,"pct_migrante":12,"dependencia_econ":150,"pct_empleados":40,"pct_cuentapropia":40,"pct_agricultura":0,"pct_comercio":40,"pct_manufactura":0,"pct_construccion":10,"pct_transporte":10,"pct_alojamiento":20,"pct_sin_educacion":0,"pct_educ_superior":54,"brecha_educ":17,"pct_sin_seguro":4,"pct_sus":76,"pct_seguro_privado":0,"brecha_seguro":-7,"pct_salud_publica":19,"pct_med_tradicional":11,"pct_automedicacion":22,"pct_remedios_caseros":22,"pct_viv_desocupada":0,"pct_alquiler":29,"pct_electricidad":100,"pct_sin_electricidad":0,"pct_agua_red":100,"pct_alcantarillado":100,"pct_camara_septica":0,"pct_pozo_ciego":0,"pct_sin_desague":0,"pct_gas_red":57,"pct_gas_garrafa":29,"pct_lena_guano":0,"pct_basura_formal":100,"pct_basura_quema":0,"pct_basura_informal":0,"pct_internet":100,"pct_celular":100,"pct_televisor":86}},{"type":"Feature","geometry":{"type":"Polygon","coordinates":[[[-65.18244,-18.2013],[-65.18217,-18.20022],[-65.18161,-18.20028],[-65.18124,-18.20042],[-65.18116,-18.20073],[-65.18147,-18.20157],[-65.18244,-18.2013]]]},"properties":{"n":"AIQUILE","p":22,"personas_x_ha":15,"masculinidad":144,"pct_menor20":18,"pct_60mas":36,"pct_migrante":41,"dependencia_econ":100,"pct_empleados":36,"pct_cuentapropia":27,"pct_agricultura":9,"pct_comercio":36,"pct_manufactura":0,"pct_construccion":18,"pct_transporte":0,"pct_alojamiento":18,"pct_sin_educacion":0,"pct_educ_superior":47,"brecha_educ":-6,"pct_sin_seguro":23,"pct_sus":36,"pct_seguro_privado":0,"brecha_seguro":38,"pct_salud_publica":22,"pct_med_tradicional":10,"pct_automedicacion":24,"pct_remedios_caseros":24,"pct_viv_desocupada":0,"pct_alquiler":12,"pct_electricidad":100,"pct_sin_electricidad":0,"pct_agua_red":100,"pct_alcantarillado":100,"pct_camara_septica":0,"pct_pozo_ciego":0,"pct_sin_desague":0,"pct_gas_red":75,"pct_gas_garrafa":25,"pct_lena_guano":0,"pct_basura_formal":88,"pct_basura_quema":0,"pct_basura_informal":0,"pct_internet":88,"pct_celular":100,"pct_televisor":100}},{"type":"Feature","geometry":{"type":"Polygon","coordinates":[[[-65.18017,-18.20193],[-65.17976,-18.20101],[-65.1811,-18.20076],[-65.18129,-18.20162],[-65.18017,-18.20193]]]},"properties":{"n":"AIQUILE","p":86,"personas_x_ha":61,"masculinidad":95,"pct_menor20":27,"pct_60mas":23,"pct_migrante":51,"dependencia_econ":52,"pct_empleados":30,"pct_cuentapropia":57,"pct_agricultura":9,"pct_comercio":30,"pct_manufactura":9,"pct_construccion":4,"pct_transporte":11,"pct_alojamiento":5,"pct_sin_educacion":5,"pct_educ_superior":54,"brecha_educ":-7,"pct_sin_seguro":25,"pct_sus":54,"pct_seguro_privado":0,"brecha_seguro":0,"pct_salud_publica":19,"pct_med_tradicional":11,"pct_automedicacion":22,"pct_remedios_caseros":21,"pct_viv_desocupada":5,"pct_alquiler":21,"pct_electricidad":100,"pct_sin_electricidad":0,"pct_agua_red":97,"pct_alcantarillado":100,"pct_camara_septica":0,"pct_pozo_ciego":0,"pct_sin_desague":0,"pct_gas_red":66,"pct_gas_garrafa":34,"pct_lena_guano":0,"pct_basura_formal":100,"pct_basura_quema":0,"pct_basura_informal":0,"pct_internet":86,"pct_celular":90,"pct_televisor":86}},{"type":"Feature","geometry":{"type":"Polygon","coordinates":[[[-65.18615,-18.20049],[-65.1866,-18.20052],[-65.18655,-18.20133],[-65.18609,-18.20131],[-65.18615,-18.20049]]]},"properties":{"n":"AIQUILE","p":44,"personas_x_ha":95,"masculinidad":91,"pct_menor20":45,"pct_60mas":16,"pct_migrante":39,"dependencia_econ":79,"pct_empleados":38,"pct_cuentapropia":46,"pct_agricultura":8,"pct_comercio":25,"pct_manufactura":17,"pct_construccion":0,"pct_transporte":8,"pct_alojamiento":12,"pct_sin_educacion":9,"pct_educ_superior":4,"brecha_educ":6,"pct_sin_seguro":9,"pct_sus":91,"pct_seguro_privado":0,"brecha_seguro":11,"pct_salud_publica":28,"pct_med_tradicional":15,"pct_automedicacion":20,"pct_remedios_caseros":23,"pct_viv_desocupada":11,"pct_alquiler":33,"pct_electricidad":100,"pct_sin_electricidad":0,"pct_agua_red":67,"pct_alcantarillado":100,"pct_camara_septica":0,"pct_pozo_ciego":0,"pct_sin_desague":0,"pct_gas_red":33,"pct_gas_garrafa":67,"pct_lena_guano":0,"pct_basura_formal":100,"pct_basura_quema":0,"pct_basura_informal":0,"pct_internet":87,"pct_celular":100,"pct_televisor":73}},{"type":"Feature","geometry":{"type":"Polygon","coordinates":[[[-65.18599,-18.20136],[-65.18543,-18.20153],[-65.18529,-18.20153],[-65.18505,-18.20138],[-65.18561,-18.20048],[-65.18602,-18.2005],[-65.18599,-18.20136]]]},"properties":{"n":"AIQUILE","p":34,"personas_x_ha":42,"masculinidad":79,"pct_menor20":35,"pct_60mas":21,"pct_migrante":21,"dependencia_econ":127,"pct_empleados":20,"pct_cuentapropia":67,"pct_agricultura":7,"pct_comercio":47,"pct_manufactura":13,"pct_construccion":7,"pct_transporte":0,"pct_alojamiento":7,"pct_sin_educacion":9,"pct_educ_superior":22,"brecha_educ":-26,"pct_sin_seguro":9,"pct_sus":82,"pct_seguro_privado":0,"brecha_seguro":20,"pct_salud_publica":23,"pct_med_tradicional":15,"pct_automedicacion":27,"pct_remedios_caseros":25,"pct_viv_desocupada":8,"pct_alquiler":9,"pct_electricidad":100,"pct_sin_electricidad":0,"pct_agua_red":91,"pct_alcantarillado":91,"pct_camara_septica":0,"pct_pozo_ciego":0,"pct_sin_desague":9,"pct_gas_red":36,"pct_gas_garrafa":64,"pct_lena_guano":0,"pct_basura_formal":100,"pct_basura_quema":0,"pct_basura_informal":0,"pct_internet":82,"pct_celular":91,"pct_televisor":91}},{"type":"Feature","geometry":{"type":"Polygon","coordinates":[[[-65.17111,-18.20351],[-65.17016,-18.20453],[-65.17023,-18.2046],[-65.17057,-18.20446],[-65.17135,-18.20369],[-65.17111,-18.20351]]]},"properties":{"n":"AIQUILE","p":35,"personas_x_ha":79,"masculinidad":59,"pct_menor20":49,"pct_60mas":11,"pct_migrante":9,"dependencia_econ":218,"pct_empleados":27,"pct_cuentapropia":36,"pct_agricultura":45,"pct_comercio":0,"pct_manufactura":0,"pct_construccion":27,"pct_transporte":0,"pct_alojamiento":0,"pct_sin_educacion":11,"pct_educ_superior":0,"brecha_educ":-8,"pct_sin_seguro":24,"pct_sus":76,"pct_seguro_privado":0,"brecha_seguro":-1,"pct_salud_publica":48,"pct_med_tradicional":11,"pct_automedicacion":27,"pct_remedios_caseros":10,"pct_viv_desocupada":0,"pct_alquiler":43,"pct_electricidad":100,"pct_sin_electricidad":0,"pct_agua_red":86,"pct_alcantarillado":57,"pct_camara_septica":0,"pct_pozo_ciego":0,"pct_sin_desague":43,"pct_gas_red":0,"pct_gas_garrafa":57,"pct_lena_guano":43,"pct_basura_formal":100,"pct_basura_quema":0,"pct_basura_informal":0,"pct_internet":86,"pct_celular":100,"pct_televisor":86}},{"type":"Feature","geometry":{"type":"Polygon","coordinates":[[[-65.18693,-18.20054],[-65.1867,-18.20053],[-65.18667,-18.20134],[-65.18689,-18.20136],[-65.18693,-18.20054]]]},"properties":{"n":"AIQUILE","p":23,"personas_x_ha":101,"masculinidad":92,"pct_menor20":52,"pct_60mas":22,"pct_migrante":17,"dependencia_econ":229,"pct_empleados":57,"pct_cuentapropia":43,"pct_agricultura":29,"pct_comercio":14,"pct_manufactura":0,"pct_construccion":29,"pct_transporte":0,"pct_alojamiento":0,"pct_sin_educacion":27,"pct_educ_superior":27,"brecha_educ":-7,"pct_sin_seguro":9,"pct_sus":83,"pct_seguro_privado":0,"brecha_seguro":-17,"pct_salud_publica":36,"pct_med_tradicional":2,"pct_automedicacion":28,"pct_remedios_caseros":26,"pct_viv_desocupada":0,"pct_alquiler":0,"pct_electricidad":100,"pct_sin_electricidad":0,"pct_agua_red":100,"pct_alcantarillado":89,"pct_camara_septica":0,"pct_pozo_ciego":0,"pct_sin_desague":11,"pct_gas_red":67,"pct_gas_garrafa":33,"pct_lena_guano":0,"pct_basura_formal":100,"pct_basura_quema":0,"pct_basura_informal":0,"pct_internet":67,"pct_celular":89,"pct_televisor":56}},{"type":"Feature","geometry":{"type":"Polygon","coordinates":[[[-65.17858,-18.20233],[-65.17946,-18.2021],[-65.179,-18.20114],[-65.17853,-18.20129],[-65.17858,-18.20233]]]},"properties":{"n":"AIQUILE","p":71,"personas_x_ha":79,"masculinidad":73,"pct_menor20":35,"pct_60mas":27,"pct_migrante":31,"dependencia_econ":122,"pct_empleados":41,"pct_cuentapropia":50,"pct_agricultura":3,"pct_comercio":12,"pct_manufactura":19,"pct_construccion":6,"pct_transporte":0,"pct_alojamiento":0,"pct_sin_educacion":0,"pct_educ_superior":48,"brecha_educ":-3,"pct_sin_seguro":7,"pct_sus":66,"pct_seguro_privado":0,"brecha_seguro":-1,"pct_salud_publica":26,"pct_med_tradicional":3,"pct_automedicacion":16,"pct_remedios_caseros":31,"pct_viv_desocupada":0,"pct_alquiler":21,"pct_electricidad":100,"pct_sin_electricidad":0,"pct_agua_red":62,"pct_alcantarillado":100,"pct_camara_septica":0,"pct_pozo_ciego":0,"pct_sin_desague":0,"pct_gas_red":50,"pct_gas_garrafa":50,"pct_lena_guano":0,"pct_basura_formal":100,"pct_basura_quema":0,"pct_basura_informal":0,"pct_internet":88,"pct_celular":100,"pct_televisor":92}},{"type":"Feature","geometry":{"type":"Polygon","coordinates":[[[-65.17847,-18.20238],[-65.17838,-18.20134],[-65.17767,-18.2014],[-65.17756,-18.20254],[-65.17847,-18.20238]]]},"properties":{"n":"AIQUILE","p":64,"personas_x_ha":59,"masculinidad":94,"pct_menor20":33,"pct_60mas":16,"pct_migrante":11,"dependencia_econ":83,"pct_empleados":20,"pct_cuentapropia":69,"pct_agricultura":11,"pct_comercio":17,"pct_manufactura":20,"pct_construccion":3,"pct_transporte":6,"pct_alojamiento":11,"pct_sin_educacion":9,"pct_educ_superior":37,"brecha_educ":-24,"pct_sin_seguro":8,"pct_sus":88,"pct_seguro_privado":0,"brecha_seguro":-3,"pct_salud_publica":21,"pct_med_tradicional":15,"pct_automedicacion":19,"pct_remedios_caseros":22,"pct_viv_desocupada":0,"pct_alquiler":13,"pct_electricidad":100,"pct_sin_electricidad":0,"pct_agua_red":96,"pct_alcantarillado":100,"pct_camara_septica":0,"pct_pozo_ciego":0,"pct_sin_desague":0,"pct_gas_red":39,"pct_gas_garrafa":61,"pct_lena_guano":0,"pct_basura_formal":100,"pct_basura_quema":0,"pct_basura_informal":0,"pct_internet":96,"pct_celular":96,"pct_televisor":96}},{"type":"Feature","geometry":{"type":"Polygon","coordinates":[[[-65.18931,-18.20815],[-65.19134,-18.21062],[-65.18986,-18.21165],[-65.18966,-18.21167],[-65.18898,-18.2122],[-65.18789,-18.21067],[-65.18865,-18.21028],[-65.18924,-18.21009],[-65.18941,-18.20989],[-65.18974,-18.21049],[-65.18979,-18.21046],[-65.18945,-18.20981],[-65.18908,-18.21012],[-65.18833,-18.21036],[-65.18704,-18.21092],[-65.18608,-18.21177],[-65.1845,-18.21029],[-65.18464,-18.21023],[-65.18528,-18.21039],[-65.18931,-18.20815]]]},"properties":{"n":"AIQUILE","p":113,"personas_x_ha":8,"masculinidad":95,"pct_menor20":61,"pct_60mas":5,"pct_migrante":40,"dependencia_econ":192,"pct_empleados":18,"pct_cuentapropia":47,"pct_agricultura":11,"pct_comercio":39,"pct_manufactura":5,"pct_construccion":18,"pct_transporte":3,"pct_alojamiento":5,"pct_sin_educacion":4,"pct_educ_superior":45,"brecha_educ":-18,"pct_sin_seguro":36,"pct_sus":56,"pct_seguro_privado":1,"brecha_seguro":23,"pct_salud_publica":32,"pct_med_tradicional":9,"pct_automedicacion":14,"pct_remedios_caseros":18,"pct_viv_desocupada":14,"pct_alquiler":17,"pct_electricidad":92,"pct_sin_electricidad":8,"pct_agua_red":62,"pct_alcantarillado":67,"pct_camara_septica":0,"pct_pozo_ciego":8,"pct_sin_desague":25,"pct_gas_red":33,"pct_gas_garrafa":62,"pct_lena_guano":4,"pct_basura_formal":100,"pct_basura_quema":0,"pct_basura_informal":0,"pct_internet":88,"pct_celular":92,"pct_televisor":71}},{"type":"Feature","geometry":{"type":"Polygon","coordinates":[[[-65.19056,-18.21122],[-65.19118,-18.21181],[-65.19048,-18.21227],[-65.1899,-18.21168],[-65.19056,-18.21122]]]},"properties":{"n":"AIQUILE","p":34,"personas_x_ha":41,"masculinidad":143,"pct_menor20":44,"pct_60mas":6,"pct_migrante":9,"dependencia_econ":143,"pct_empleados":50,"pct_cuentapropia":36,"pct_agricultura":21,"pct_comercio":7,"pct_manufactura":0,"pct_construccion":21,"pct_transporte":7,"pct_alojamiento":14,"pct_sin_educacion":5,"pct_educ_superior":26,"brecha_educ":27,"pct_sin_seguro":3,"pct_sus":97,"pct_seguro_privado":0,"brecha_seguro":5,"pct_salud_publica":26,"pct_med_tradicional":11,"pct_automedicacion":28,"pct_remedios_caseros":22,"pct_viv_desocupada":0,"pct_alquiler":56,"pct_electricidad":100,"pct_sin_electricidad":0,"pct_agua_red":100,"pct_alcantarillado":100,"pct_camara_septica":0,"pct_pozo_ciego":0,"pct_sin_desague":0,"pct_gas_red":33,"pct_gas_garrafa":67,"pct_lena_guano":0,"pct_basura_formal":100,"pct_basura_quema":0,"pct_basura_informal":0,"pct_internet":78,"pct_celular":89,"pct_televisor":78}},{"type":"Feature","geometry":{"type":"Polygon","coordinates":[[[-65.1945,-18.21874],[-65.19223,-18.21878],[-65.19148,-18.21802],[-65.19185,-18.21766],[-65.19201,-18.21782],[-65.1945,-18.21874]]]},"properties":{"n":"AIQUILE","p":61,"personas_x_ha":35,"masculinidad":79,"pct_menor20":38,"pct_60mas":20,"pct_migrante":41,"dependencia_econ":126,"pct_empleados":41,"pct_cuentapropia":33,"pct_agricultura":30,"pct_comercio":7,"pct_manufactura":11,"pct_construccion":26,"pct_transporte":4,"pct_alojamiento":7,"pct_sin_educacion":20,"pct_educ_superior":15,"brecha_educ":-5,"pct_sin_seguro":5,"pct_sus":93,"pct_seguro_privado":0,"brecha_seguro":-2,"pct_salud_publica":22,"pct_med_tradicional":13,"pct_automedicacion":24,"pct_remedios_caseros":26,"pct_viv_desocupada":0,"pct_alquiler":18,"pct_electricidad":100,"pct_sin_electricidad":0,"pct_agua_red":94,"pct_alcantarillado":65,"pct_camara_septica":0,"pct_pozo_ciego":29,"pct_sin_desague":6,"pct_gas_red":29,"pct_gas_garrafa":65,"pct_lena_guano":6,"pct_basura_formal":76,"pct_basura_quema":12,"pct_basura_informal":6,"pct_internet":71,"pct_celular":94,"pct_televisor":65}},{"type":"Feature","geometry":{"type":"Polygon","coordinates":[[[-65.1844,-18.20476],[-65.18432,-18.20423],[-65.18388,-18.20455],[-65.184,-18.20498],[-65.1844,-18.20476]]]},"properties":{"n":"AIQUILE","p":33,"personas_x_ha":111,"masculinidad":175,"pct_menor20":48,"pct_60mas":3,"pct_migrante":18,"dependencia_econ":83,"pct_empleados":56,"pct_cuentapropia":39,"pct_agricultura":33,"pct_comercio":28,"pct_manufactura":0,"pct_construccion":17,"pct_transporte":0,"pct_alojamiento":0,"pct_sin_educacion":6,"pct_educ_superior":39,"brecha_educ":3,"pct_sin_seguro":3,"pct_sus":58,"pct_seguro_privado":0,"brecha_seguro":5,"pct_salud_publica":22,"pct_med_tradicional":10,"pct_automedicacion":26,"pct_remedios_caseros":24,"pct_viv_desocupada":0,"pct_alquiler":22,"pct_electricidad":100,"pct_sin_electricidad":0,"pct_agua_red":100,"pct_alcantarillado":100,"pct_camara_septica":0,"pct_pozo_ciego":0,"pct_sin_desague":0,"pct_gas_red":44,"pct_gas_garrafa":44,"pct_lena_guano":0,"pct_basura_formal":100,"pct_basura_quema":0,"pct_basura_informal":0,"pct_internet":100,"pct_celular":100,"pct_televisor":78}},{"type":"Feature","geometry":{"type":"Polygon","coordinates":[[[-65.18662,-18.20213],[-65.18606,-18.2023],[-65.18627,-18.20321],[-65.1865,-18.20326],[-65.18667,-18.20284],[-65.1867,-18.20244],[-65.18662,-18.20213]]]},"properties":{"n":"AIQUILE","p":55,"personas_x_ha":91,"masculinidad":57,"pct_menor20":38,"pct_60mas":9,"pct_migrante":15,"dependencia_econ":139,"pct_empleados":30,"pct_cuentapropia":52,"pct_agricultura":9,"pct_comercio":30,"pct_manufactura":17,"pct_construccion":13,"pct_transporte":13,"pct_alojamiento":4,"pct_sin_educacion":9,"pct_educ_superior":26,"brecha_educ":-27,"pct_sin_seguro":9,"pct_sus":91,"pct_seguro_privado":0,"brecha_seguro":-7,"pct_salud_publica":27,"pct_med_tradicional":10,"pct_automedicacion":21,"pct_remedios_caseros":25,"pct_viv_desocupada":0,"pct_alquiler":12,"pct_electricidad":100,"pct_sin_electricidad":0,"pct_agua_red":94,"pct_alcantarillado":94,"pct_camara_septica":0,"pct_pozo_ciego":6,"pct_sin_desague":0,"pct_gas_red":65,"pct_gas_garrafa":35,"pct_lena_guano":0,"pct_basura_formal":100,"pct_basura_quema":0,"pct_basura_informal":0,"pct_internet":88,"pct_celular":94,"pct_televisor":88}},{"type":"Feature","geometry":{"type":"Polygon","coordinates":[[[-65.18566,-18.20692],[-65.18515,-18.20718],[-65.1854,-18.20765],[-65.18592,-18.20739],[-65.18566,-18.20692]]]},"properties":{"n":"AIQUILE","p":24,"personas_x_ha":63,"masculinidad":140,"pct_menor20":33,"pct_60mas":8,"pct_migrante":0,"dependencia_econ":229,"pct_empleados":43,"pct_cuentapropia":43,"pct_agricultura":29,"pct_comercio":0,"pct_manufactura":29,"pct_construccion":14,"pct_transporte":0,"pct_alojamiento":0,"pct_sin_educacion":13,"pct_educ_superior":20,"brecha_educ":7,"pct_sin_seguro":0,"pct_sus":83,"pct_seguro_privado":0,"brecha_seguro":0,"pct_salud_publica":81,"pct_med_tradicional":0,"pct_automedicacion":0,"pct_remedios_caseros":4,"pct_viv_desocupada":0,"pct_alquiler":0,"pct_electricidad":100,"pct_sin_electricidad":0,"pct_agua_red":88,"pct_alcantarillado":25,"pct_camara_septica":0,"pct_pozo_ciego":0,"pct_sin_desague":75,"pct_gas_red":50,"pct_gas_garrafa":50,"pct_lena_guano":0,"pct_basura_formal":50,"pct_basura_quema":25,"pct_basura_informal":0,"pct_internet":88,"pct_celular":88,"pct_televisor":50}},{"type":"Feature","geometry":{"type":"Polygon","coordinates":[[[-65.17915,-18.20108],[-65.17879,-18.20032],[-65.1793,-18.20024],[-65.17959,-18.20095],[-65.17923,-18.20111],[-65.17915,-18.20108]]]},"properties":{"n":"AIQUILE","p":31,"personas_x_ha":65,"masculinidad":121,"pct_menor20":23,"pct_60mas":16,"pct_migrante":29,"dependencia_econ":63,"pct_empleados":26,"pct_cuentapropia":37,"pct_agricultura":11,"pct_comercio":53,"pct_manufactura":0,"pct_construccion":0,"pct_transporte":0,"pct_alojamiento":0,"pct_sin_educacion":0,"pct_educ_superior":75,"brecha_educ":0,"pct_sin_seguro":16,"pct_sus":52,"pct_seguro_privado":0,"brecha_seguro":3,"pct_salud_publica":22,"pct_med_tradicional":11,"pct_automedicacion":19,"pct_remedios_caseros":19,"pct_viv_desocupada":0,"pct_alquiler":27,"pct_electricidad":100,"pct_sin_electricidad":0,"pct_agua_red":100,"pct_alcantarillado":100,"pct_camara_septica":0,"pct_pozo_ciego":0,"pct_sin_desague":0,"pct_gas_red":27,"pct_gas_garrafa":64,"pct_lena_guano":0,"pct_basura_formal":100,"pct_basura_quema":0,"pct_basura_informal":0,"pct_internet":82,"pct_celular":100,"pct_televisor":82}},{"type":"Feature","geometry":{"type":"Polygon","coordinates":[[[-65.18598,-18.20149],[-65.18541,-18.20162],[-65.18535,-18.20171],[-65.18588,-18.2022],[-65.18596,-18.20217],[-65.18598,-18.20149]]]},"properties":{"n":"AIQUILE","p":23,"personas_x_ha":72,"masculinidad":92,"pct_menor20":43,"pct_60mas":22,"pct_migrante":48,"dependencia_econ":214,"pct_empleados":29,"pct_cuentapropia":71,"pct_agricultura":14,"pct_comercio":14,"pct_manufactura":0,"pct_construccion":29,"pct_transporte":0,"pct_alojamiento":29,"pct_sin_educacion":8,"pct_educ_superior":31,"brecha_educ":-37,"pct_sin_seguro":0,"pct_sus":82,"pct_seguro_privado":18,"brecha_seguro":0,"pct_salud_publica":26,"pct_med_tradicional":9,"pct_automedicacion":25,"pct_remedios_caseros":31,"pct_viv_desocupada":0,"pct_alquiler":33,"pct_electricidad":100,"pct_sin_electricidad":0,"pct_agua_red":67,"pct_alcantarillado":67,"pct_camara_septica":0,"pct_pozo_ciego":0,"pct_sin_desague":33,"pct_gas_red":50,"pct_gas_garrafa":17,"pct_lena_guano":17,"pct_basura_formal":100,"pct_basura_quema":0,"pct_basura_informal":0,"pct_internet":67,"pct_celular":67,"pct_televisor":50}},{"type":"Feature","geometry":{"type":"Polygon","coordinates":[[[-65.19318,-18.21719],[-65.19267,-18.21705],[-65.19182,-18.21628],[-65.19124,-18.21679],[-65.19213,-18.21765],[-65.19299,-18.21795],[-65.19318,-18.21719]]]},"properties":{"n":"AIQUILE","p":28,"personas_x_ha":16,"masculinidad":87,"pct_menor20":46,"pct_60mas":11,"pct_migrante":32,"dependencia_econ":133,"pct_empleados":50,"pct_cuentapropia":50,"pct_agricultura":17,"pct_comercio":25,"pct_manufactura":8,"pct_construccion":17,"pct_transporte":8,"pct_alojamiento":0,"pct_sin_educacion":13,"pct_educ_superior":27,"brecha_educ":-39,"pct_sin_seguro":4,"pct_sus":96,"pct_seguro_privado":0,"brecha_seguro":8,"pct_salud_publica":38,"pct_med_tradicional":15,"pct_automedicacion":20,"pct_remedios_caseros":18,"pct_viv_desocupada":7,"pct_alquiler":9,"pct_electricidad":100,"pct_sin_electricidad":0,"pct_agua_red":100,"pct_alcantarillado":100,"pct_camara_septica":0,"pct_pozo_ciego":0,"pct_sin_desague":0,"pct_gas_red":36,"pct_gas_garrafa":64,"pct_lena_guano":0,"pct_basura_formal":91,"pct_basura_quema":9,"pct_basura_informal":0,"pct_internet":100,"pct_celular":100,"pct_televisor":73}},{"type":"Feature","geometry":{"type":"Polygon","coordinates":[[[-65.18212,-18.20001],[-65.18186,-18.19893],[-65.18078,-18.19925],[-65.18107,-18.20027],[-65.18212,-18.20001]]]},"properties":{"n":"AIQUILE","p":116,"personas_x_ha":80,"masculinidad":100,"pct_menor20":31,"pct_60mas":20,"pct_migrante":38,"dependencia_econ":90,"pct_empleados":26,"pct_cuentapropia":66,"pct_agricultura":8,"pct_comercio":36,"pct_manufactura":3,"pct_construccion":2,"pct_transporte":7,"pct_alojamiento":8,"pct_sin_educacion":4,"pct_educ_superior":52,"brecha_educ":-3,"pct_sin_seguro":15,"pct_sus":70,"pct_seguro_privado":3,"brecha_seguro":5,"pct_salud_publica":20,"pct_med_tradicional":11,"pct_automedicacion":21,"pct_remedios_caseros":20,"pct_viv_desocupada":11,"pct_alquiler":24,"pct_electricidad":100,"pct_sin_electricidad":0,"pct_agua_red":100,"pct_alcantarillado":100,"pct_camara_septica":0,"pct_pozo_ciego":0,"pct_sin_desague":0,"pct_gas_red":38,"pct_gas_garrafa":62,"pct_lena_guano":0,"pct_basura_formal":100,"pct_basura_quema":0,"pct_basura_informal":0,"pct_internet":85,"pct_celular":88,"pct_televisor":74}},{"type":"Feature","geometry":{"type":"Polygon","coordinates":[[[-65.18956,-18.19905],[-65.18953,-18.19879],[-65.1892,-18.19866],[-65.18632,-18.19928],[-65.18639,-18.19954],[-65.18733,-18.19929],[-65.18956,-18.19905]]]},"properties":{"n":"AIQUILE","p":69,"personas_x_ha":60,"masculinidad":116,"pct_menor20":41,"pct_60mas":17,"pct_migrante":19,"dependencia_econ":103,"pct_empleados":38,"pct_cuentapropia":35,"pct_agricultura":12,"pct_comercio":32,"pct_manufactura":15,"pct_construccion":3,"pct_transporte":0,"pct_alojamiento":6,"pct_sin_educacion":5,"pct_educ_superior":41,"brecha_educ":-18,"pct_sin_seguro":22,"pct_sus":57,"pct_seguro_privado":1,"brecha_seguro":-6,"pct_salud_publica":27,"pct_med_tradicional":14,"pct_automedicacion":20,"pct_remedios_caseros":24,"pct_viv_desocupada":4,"pct_alquiler":17,"pct_electricidad":100,"pct_sin_electricidad":0,"pct_agua_red":94,"pct_alcantarillado":94,"pct_camara_septica":0,"pct_pozo_ciego":0,"pct_sin_desague":6,"pct_gas_red":44,"pct_gas_garrafa":56,"pct_lena_guano":0,"pct_basura_formal":100,"pct_basura_quema":0,"pct_basura_informal":0,"pct_internet":94,"pct_celular":94,"pct_televisor":83}},{"type":"Feature","geometry":{"type":"Polygon","coordinates":[[[-65.17723,-18.20037],[-65.17768,-18.20036],[-65.17762,-18.20131],[-65.17707,-18.20126],[-65.17723,-18.20037]]]},"properties":{"n":"AIQUILE","p":65,"personas_x_ha":112,"masculinidad":71,"pct_menor20":35,"pct_60mas":17,"pct_migrante":32,"dependencia_econ":141,"pct_empleados":37,"pct_cuentapropia":44,"pct_agricultura":11,"pct_comercio":15,"pct_manufactura":15,"pct_construccion":4,"pct_transporte":15,"pct_alojamiento":4,"pct_sin_educacion":5,"pct_educ_superior":43,"brecha_educ":-3,"pct_sin_seguro":9,"pct_sus":66,"pct_seguro_privado":0,"brecha_seguro":-3,"pct_salud_publica":23,"pct_med_tradicional":9,"pct_automedicacion":24,"pct_remedios_caseros":26,"pct_viv_desocupada":3,"pct_alquiler":38,"pct_electricidad":96,"pct_sin_electricidad":4,"pct_agua_red":79,"pct_alcantarillado":92,"pct_camara_septica":0,"pct_pozo_ciego":4,"pct_sin_desague":4,"pct_gas_red":33,"pct_gas_garrafa":67,"pct_lena_guano":0,"pct_basura_formal":100,"pct_basura_quema":0,"pct_basura_informal":0,"pct_internet":92,"pct_celular":96,"pct_televisor":92}},{"type":"Feature","geometry":{"type":"Polygon","coordinates":[[[-65.17589,-18.19744],[-65.1761,-18.19754],[-65.17629,-18.19813],[-65.17588,-18.1982],[-65.1758,-18.19756],[-65.17589,-18.19744]]]},"properties":{"n":"AIQUILE","p":19,"personas_x_ha":64,"masculinidad":90,"pct_menor20":21,"pct_60mas":21,"pct_migrante":16,"dependencia_econ":73,"pct_empleados":36,"pct_cuentapropia":45,"pct_agricultura":18,"pct_comercio":9,"pct_manufactura":18,"pct_construccion":18,"pct_transporte":9,"pct_alojamiento":0,"pct_sin_educacion":13,"pct_educ_superior":33,"brecha_educ":-11,"pct_sin_seguro":16,"pct_sus":68,"pct_seguro_privado":0,"brecha_seguro":12,"pct_salud_publica":29,"pct_med_tradicional":6,"pct_automedicacion":29,"pct_remedios_caseros":16,"pct_viv_desocupada":11,"pct_alquiler":20,"pct_electricidad":100,"pct_sin_electricidad":0,"pct_agua_red":100,"pct_alcantarillado":100,"pct_camara_septica":0,"pct_pozo_ciego":0,"pct_sin_desague":0,"pct_gas_red":0,"pct_gas_garrafa":100,"pct_lena_guano":0,"pct_basura_formal":100,"pct_basura_quema":0,"pct_basura_informal":0,"pct_internet":80,"pct_celular":100,"pct_televisor":80}},{"type":"Feature","geometry":{"type":"Polygon","coordinates":[[[-65.18278,-18.20224],[-65.18369,-18.202],[-65.1835,-18.20114],[-65.18258,-18.20136],[-65.18278,-18.20224]]]},"properties":{"n":"AIQUILE","p":91,"personas_x_ha":88,"masculinidad":98,"pct_menor20":18,"pct_60mas":22,"pct_migrante":32,"dependencia_econ":53,"pct_empleados":32,"pct_cuentapropia":53,"pct_agricultura":7,"pct_comercio":34,"pct_manufactura":8,"pct_construccion":8,"pct_transporte":10,"pct_alojamiento":2,"pct_sin_educacion":1,"pct_educ_superior":35,"brecha_educ":-11,"pct_sin_seguro":26,"pct_sus":50,"pct_seguro_privado":2,"brecha_seguro":13,"pct_salud_publica":27,"pct_med_tradicional":7,"pct_automedicacion":19,"pct_remedios_caseros":27,"pct_viv_desocupada":3,"pct_alquiler":38,"pct_electricidad":100,"pct_sin_electricidad":0,"pct_agua_red":97,"pct_alcantarillado":91,"pct_camara_septica":6,"pct_pozo_ciego":0,"pct_sin_desague":3,"pct_gas_red":41,"pct_gas_garrafa":53,"pct_lena_guano":0,"pct_basura_formal":100,"pct_basura_quema":0,"pct_basura_informal":0,"pct_internet":84,"pct_celular":94,"pct_televisor":62}},{"type":"Feature","geometry":{"type":"Polygon","coordinates":[[[-65.19209,-18.19814],[-65.19178,-18.19779],[-65.19115,-18.19833],[-65.19124,-18.19853],[-65.19209,-18.19814]]]},"properties":{"n":"AIQUILE","p":42,"personas_x_ha":111,"masculinidad":200,"pct_menor20":57,"pct_60mas":2,"pct_migrante":24,"dependencia_econ":147,"pct_empleados":41,"pct_cuentapropia":41,"pct_agricultura":24,"pct_comercio":24,"pct_manufactura":6,"pct_construccion":18,"pct_transporte":0,"pct_alojamiento":12,"pct_sin_educacion":0,"pct_educ_superior":26,"brecha_educ":-8,"pct_sin_seguro":2,"pct_sus":86,"pct_seguro_privado":0,"brecha_seguro":-7,"pct_salud_publica":23,"pct_med_tradicional":9,"pct_automedicacion":28,"pct_remedios_caseros":29,"pct_viv_desocupada":0,"pct_alquiler":11,"pct_electricidad":100,"pct_sin_electricidad":0,"pct_agua_red":78,"pct_alcantarillado":78,"pct_camara_septica":0,"pct_pozo_ciego":11,"pct_sin_desague":11,"pct_gas_red":0,"pct_gas_garrafa":100,"pct_lena_guano":0,"pct_basura_formal":100,"pct_basura_quema":0,"pct_basura_informal":0,"pct_internet":100,"pct_celular":100,"pct_televisor":89}},{"type":"Feature","geometry":{"type":"Polygon","coordinates":[[[-65.17583,-18.195],[-65.17655,-18.19481],[-65.17629,-18.19396],[-65.17567,-18.19411],[-65.17583,-18.195]]]},"properties":{"n":"AIQUILE","p":49,"personas_x_ha":64,"masculinidad":88,"pct_menor20":29,"pct_60mas":20,"pct_migrante":8,"dependencia_econ":58,"pct_empleados":23,"pct_cuentapropia":48,"pct_agricultura":35,"pct_comercio":19,"pct_manufactura":19,"pct_construccion":3,"pct_transporte":3,"pct_alojamiento":0,"pct_sin_educacion":6,"pct_educ_superior":22,"brecha_educ":-11,"pct_sin_seguro":4,"pct_sus":81,"pct_seguro_privado":0,"brecha_seguro":1,"pct_salud_publica":30,"pct_med_tradicional":12,"pct_automedicacion":23,"pct_remedios_caseros":25,"pct_viv_desocupada":0,"pct_alquiler":29,"pct_electricidad":100,"pct_sin_electricidad":0,"pct_agua_red":82,"pct_alcantarillado":100,"pct_camara_septica":0,"pct_pozo_ciego":0,"pct_sin_desague":0,"pct_gas_red":59,"pct_gas_garrafa":41,"pct_lena_guano":0,"pct_basura_formal":100,"pct_basura_quema":0,"pct_basura_informal":0,"pct_internet":71,"pct_celular":94,"pct_televisor":82}},{"type":"Feature","geometry":{"type":"Polygon","coordinates":[[[-65.17553,-18.19411],[-65.17539,-18.19338],[-65.17512,-18.19345],[-65.17525,-18.19416],[-65.17553,-18.19411]]]},"properties":{"n":"AIQUILE","p":23,"personas_x_ha":91,"masculinidad":77,"pct_menor20":61,"pct_60mas":4,"pct_migrante":26,"dependencia_econ":109,"pct_empleados":18,"pct_cuentapropia":55,"pct_agricultura":0,"pct_comercio":18,"pct_manufactura":27,"pct_construccion":18,"pct_transporte":0,"pct_alojamiento":18,"pct_sin_educacion":0,"pct_educ_superior":30,"brecha_educ":-10,"pct_sin_seguro":0,"pct_sus":87,"pct_seguro_privado":0,"brecha_seguro":0,"pct_salud_publica":27,"pct_med_tradicional":11,"pct_automedicacion":27,"pct_remedios_caseros":25,"pct_viv_desocupada":0,"pct_alquiler":60,"pct_electricidad":100,"pct_sin_electricidad":0,"pct_agua_red":100,"pct_alcantarillado":80,"pct_camara_septica":0,"pct_pozo_ciego":0,"pct_sin_desague":0,"pct_gas_red":0,"pct_gas_garrafa":100,"pct_lena_guano":0,"pct_basura_formal":100,"pct_basura_quema":0,"pct_basura_informal":0,"pct_internet":60,"pct_celular":100,"pct_televisor":80}},{"type":"Feature","geometry":{"type":"Polygon","coordinates":[[[-65.17904,-18.1985],[-65.17899,-18.19803],[-65.17922,-18.198],[-65.17942,-18.19819],[-65.18014,-18.19809],[-65.18007,-18.19846],[-65.17904,-18.1985]]]},"properties":{"n":"AIQUILE","p":50,"personas_x_ha":97,"masculinidad":85,"pct_menor20":36,"pct_60mas":16,"pct_migrante":52,"dependencia_econ":117,"pct_empleados":35,"pct_cuentapropia":57,"pct_agricultura":9,"pct_comercio":22,"pct_manufactura":4,"pct_construccion":13,"pct_transporte":0,"pct_alojamiento":26,"pct_sin_educacion":9,"pct_educ_superior":41,"brecha_educ":-9,"pct_sin_seguro":0,"pct_sus":69,"pct_seguro_privado":0,"brecha_seguro":0,"pct_salud_publica":23,"pct_med_tradicional":9,"pct_automedicacion":16,"pct_remedios_caseros":20,"pct_viv_desocupada":0,"pct_alquiler":57,"pct_electricidad":100,"pct_sin_electricidad":0,"pct_agua_red":100,"pct_alcantarillado":100,"pct_camara_septica":0,"pct_pozo_ciego":0,"pct_sin_desague":0,"pct_gas_red":29,"pct_gas_garrafa":71,"pct_lena_guano":0,"pct_basura_formal":100,"pct_basura_quema":0,"pct_basura_informal":0,"pct_internet":79,"pct_celular":86,"pct_televisor":79}},{"type":"Feature","geometry":{"type":"Polygon","coordinates":[[[-65.19264,-18.21076],[-65.19191,-18.21005],[-65.19208,-18.20995],[-65.19351,-18.20997],[-65.19354,-18.21011],[-65.19264,-18.21076]]]},"properties":{"n":"AIQUILE","p":20,"personas_x_ha":21,"masculinidad":122,"pct_menor20":50,"pct_60mas":20,"pct_migrante":0,"dependencia_econ":100,"pct_empleados":20,"pct_cuentapropia":50,"pct_agricultura":60,"pct_comercio":0,"pct_manufactura":0,"pct_construccion":20,"pct_transporte":0,"pct_alojamiento":10,"pct_sin_educacion":10,"pct_educ_superior":10,"brecha_educ":42,"pct_sin_seguro":0,"pct_sus":100,"pct_seguro_privado":0,"brecha_seguro":0,"pct_salud_publica":27,"pct_med_tradicional":0,"pct_automedicacion":32,"pct_remedios_caseros":32,"pct_viv_desocupada":14,"pct_alquiler":80,"pct_electricidad":80,"pct_sin_electricidad":20,"pct_agua_red":0,"pct_alcantarillado":0,"pct_camara_septica":0,"pct_pozo_ciego":20,"pct_sin_desague":80,"pct_gas_red":0,"pct_gas_garrafa":80,"pct_lena_guano":0,"pct_basura_formal":40,"pct_basura_quema":40,"pct_basura_informal":20,"pct_internet":60,"pct_celular":100,"pct_televisor":80}},{"type":"Feature","geometry":{"type":"Polygon","coordinates":[[[-65.18352,-18.20614],[-65.18333,-18.20566],[-65.18305,-18.20589],[-65.1832,-18.20631],[-65.18352,-18.20614]]]},"properties":{"n":"AIQUILE","p":39,"personas_x_ha":193,"masculinidad":86,"pct_menor20":59,"pct_60mas":10,"pct_migrante":13,"dependencia_econ":179,"pct_empleados":43,"pct_cuentapropia":50,"pct_agricultura":21,"pct_comercio":43,"pct_manufactura":0,"pct_construccion":0,"pct_transporte":14,"pct_alojamiento":14,"pct_sin_educacion":0,"pct_educ_superior":6,"brecha_educ":-7,"pct_sin_seguro":8,"pct_sus":74,"pct_seguro_privado":3,"brecha_seguro":-4,"pct_salud_publica":35,"pct_med_tradicional":4,"pct_automedicacion":22,"pct_remedios_caseros":25,"pct_viv_desocupada":0,"pct_alquiler":14,"pct_electricidad":100,"pct_sin_electricidad":0,"pct_agua_red":86,"pct_alcantarillado":86,"pct_camara_septica":0,"pct_pozo_ciego":0,"pct_sin_desague":14,"pct_gas_red":0,"pct_gas_garrafa":100,"pct_lena_guano":0,"pct_basura_formal":100,"pct_basura_quema":0,"pct_basura_informal":0,"pct_internet":86,"pct_celular":100,"pct_televisor":86}},{"type":"Feature","geometry":{"type":"Polygon","coordinates":[[[-65.18031,-18.20083],[-65.18002,-18.19959],[-65.17932,-18.19989],[-65.17971,-18.20094],[-65.18031,-18.20083]]]},"properties":{"n":"AIQUILE","p":68,"personas_x_ha":67,"masculinidad":94,"pct_menor20":34,"pct_60mas":22,"pct_migrante":44,"dependencia_econ":134,"pct_empleados":31,"pct_cuentapropia":48,"pct_agricultura":17,"pct_comercio":38,"pct_manufactura":7,"pct_construccion":10,"pct_transporte":0,"pct_alojamiento":3,"pct_sin_educacion":4,"pct_educ_superior":47,"brecha_educ":1,"pct_sin_seguro":21,"pct_sus":54,"pct_seguro_privado":0,"brecha_seguro":1,"pct_salud_publica":22,"pct_med_tradicional":6,"pct_automedicacion":19,"pct_remedios_caseros":25,"pct_viv_desocupada":0,"pct_alquiler":26,"pct_electricidad":100,"pct_sin_electricidad":0,"pct_agua_red":96,"pct_alcantarillado":100,"pct_camara_septica":0,"pct_pozo_ciego":0,"pct_sin_desague":0,"pct_gas_red":48,"pct_gas_garrafa":48,"pct_lena_guano":0,"pct_basura_formal":100,"pct_basura_quema":0,"pct_basura_informal":0,"pct_internet":87,"pct_celular":96,"pct_televisor":83}},{"type":"Feature","geometry":{"type":"Polygon","coordinates":[[[-65.18388,-18.2135],[-65.18347,-18.21374],[-65.1837,-18.21445],[-65.18426,-18.21398],[-65.18388,-18.2135]]]},"properties":{"n":"AIQUILE","p":32,"personas_x_ha":68,"masculinidad":88,"pct_menor20":44,"pct_60mas":3,"pct_migrante":25,"dependencia_econ":52,"pct_empleados":57,"pct_cuentapropia":29,"pct_agricultura":14,"pct_comercio":19,"pct_manufactura":14,"pct_construccion":10,"pct_transporte":10,"pct_alojamiento":10,"pct_sin_educacion":0,"pct_educ_superior":28,"brecha_educ":-44,"pct_sin_seguro":3,"pct_sus":97,"pct_seguro_privado":0,"brecha_seguro":7,"pct_salud_publica":24,"pct_med_tradicional":17,"pct_automedicacion":28,"pct_remedios_caseros":26,"pct_viv_desocupada":17,"pct_alquiler":50,"pct_electricidad":100,"pct_sin_electricidad":0,"pct_agua_red":100,"pct_alcantarillado":100,"pct_camara_septica":0,"pct_pozo_ciego":0,"pct_sin_desague":0,"pct_gas_red":30,"pct_gas_garrafa":70,"pct_lena_guano":0,"pct_basura_formal":100,"pct_basura_quema":0,"pct_basura_informal":0,"pct_internet":100,"pct_celular":100,"pct_televisor":90}},{"type":"Feature","geometry":{"type":"Polygon","coordinates":[[[-65.18223,-18.21007],[-65.18138,-18.20852],[-65.18188,-18.20818],[-65.1828,-18.20978],[-65.18223,-18.21007]]]},"properties":{"n":"AIQUILE","p":136,"personas_x_ha":96,"masculinidad":97,"pct_menor20":38,"pct_60mas":11,"pct_migrante":15,"dependencia_econ":84,"pct_empleados":38,"pct_cuentapropia":43,"pct_agricultura":12,"pct_comercio":19,"pct_manufactura":22,"pct_construccion":8,"pct_transporte":1,"pct_alojamiento":7,"pct_sin_educacion":6,"pct_educ_superior":32,"brecha_educ":-21,"pct_sin_seguro":8,"pct_sus":78,"pct_seguro_privado":0,"brecha_seguro":5,"pct_salud_publica":26,"pct_med_tradicional":15,"pct_automedicacion":21,"pct_remedios_caseros":26,"pct_viv_desocupada":2,"pct_alquiler":36,"pct_electricidad":100,"pct_sin_electricidad":0,"pct_agua_red":76,"pct_alcantarillado":98,"pct_camara_septica":0,"pct_pozo_ciego":0,"pct_sin_desague":2,"pct_gas_red":33,"pct_gas_garrafa":67,"pct_lena_guano":0,"pct_basura_formal":100,"pct_basura_quema":0,"pct_basura_informal":0,"pct_internet":76,"pct_celular":89,"pct_televisor":76}},{"type":"Feature","geometry":{"type":"Polygon","coordinates":[[[-65.28345,-18.26488],[-65.28394,-18.26492],[-65.28401,-18.26458],[-65.28373,-18.26451],[-65.28277,-18.26483],[-65.28246,-18.26537],[-65.28232,-18.26548],[-65.2825,-18.26571],[-65.28272,-18.26574],[-65.28248,-18.26574],[-65.28246,-18.26607],[-65.28313,-18.26613],[-65.28345,-18.26488]]]},"properties":{"n":"CHAQUIMAYU","p":22,"personas_x_ha":15,"masculinidad":120,"pct_menor20":59,"pct_60mas":5,"pct_migrante":9,"dependencia_econ":120,"pct_empleados":0,"pct_cuentapropia":70,"pct_agricultura":50,"pct_comercio":20,"pct_manufactura":0,"pct_construccion":10,"pct_transporte":0,"pct_alojamiento":10,"pct_sin_educacion":11,"pct_educ_superior":11,"brecha_educ":17,"pct_sin_seguro":0,"pct_sus":100,"pct_seguro_privado":0,"brecha_seguro":0,"pct_salud_publica":36,"pct_med_tradicional":25,"pct_automedicacion":7,"pct_remedios_caseros":25,"pct_viv_desocupada":0,"pct_alquiler":17,"pct_electricidad":100,"pct_sin_electricidad":0,"pct_agua_red":33,"pct_alcantarillado":0,"pct_camara_septica":0,"pct_pozo_ciego":17,"pct_sin_desague":83,"pct_gas_red":0,"pct_gas_garrafa":17,"pct_lena_guano":83,"pct_basura_formal":0,"pct_basura_quema":50,"pct_basura_informal":50,"pct_internet":67,"pct_celular":83,"pct_televisor":17}},{"type":"Feature","geometry":{"type":"Polygon","coordinates":[[[-65.28121,-18.26615],[-65.28202,-18.26553],[-65.28176,-18.26528],[-65.28107,-18.26579],[-65.28121,-18.26615]]]},"properties":{"n":"CHAQUIMAYU","p":24,"personas_x_ha":59,"masculinidad":100,"pct_menor20":58,"pct_60mas":12,"pct_migrante":17,"dependencia_econ":109,"pct_empleados":36,"pct_cuentapropia":55,"pct_agricultura":100,"pct_comercio":0,"pct_manufactura":0,"pct_construccion":0,"pct_transporte":0,"pct_alojamiento":0,"pct_sin_educacion":27,"pct_educ_superior":0,"brecha_educ":-3,"pct_sin_seguro":0,"pct_sus":100,"pct_seguro_privado":0,"brecha_seguro":0,"pct_salud_publica":29,"pct_med_tradicional":25,"pct_automedicacion":11,"pct_remedios_caseros":28,"pct_viv_desocupada":0,"pct_alquiler":0,"pct_electricidad":89,"pct_sin_electricidad":11,"pct_agua_red":11,"pct_alcantarillado":0,"pct_camara_septica":0,"pct_pozo_ciego":0,"pct_sin_desague":100,"pct_gas_red":0,"pct_gas_garrafa":0,"pct_lena_guano":100,"pct_basura_formal":0,"pct_basura_quema":89,"pct_basura_informal":11,"pct_internet":67,"pct_celular":89,"pct_televisor":11}},{"type":"Feature","geometry":{"type":"Polygon","coordinates":[[[-65.1717,-18.53741],[-65.1717,-18.53723],[-65.17156,-18.53724],[-65.17144,-18.53707],[-65.17146,-18.53665],[-65.17198,-18.53664],[-65.17254,-18.53751],[-65.17239,-18.53766],[-65.17228,-18.53761],[-65.17188,-18.53767],[-65.1717,-18.53741]]]},"properties":{"n":"EJE PAMPA","p":21,"personas_x_ha":25,"masculinidad":62,"pct_menor20":38,"pct_60mas":10,"pct_migrante":14,"dependencia_econ":75,"pct_empleados":0,"pct_cuentapropia":42,"pct_agricultura":92,"pct_comercio":0,"pct_manufactura":8,"pct_construccion":0,"pct_transporte":0,"pct_alojamiento":0,"pct_sin_educacion":0,"pct_educ_superior":8,"brecha_educ":-3,"pct_sin_seguro":5,"pct_sus":95,"pct_seguro_privado":0,"brecha_seguro":12,"pct_salud_publica":33,"pct_med_tradicional":13,"pct_automedicacion":20,"pct_remedios_caseros":35,"pct_viv_desocupada":0,"pct_alquiler":0,"pct_electricidad":88,"pct_sin_electricidad":12,"pct_agua_red":100,"pct_alcantarillado":0,"pct_camara_septica":0,"pct_pozo_ciego":38,"pct_sin_desague":62,"pct_gas_red":0,"pct_gas_garrafa":38,"pct_lena_guano":62,"pct_basura_formal":0,"pct_basura_quema":100,"pct_basura_informal":0,"pct_internet":88,"pct_celular":88,"pct_televisor":50}},{"type":"Feature","geometry":{"type":"Polygon","coordinates":[[[-64.87541,-18.32982],[-64.87489,-18.3295],[-64.87474,-18.32981],[-64.87519,-18.33006],[-64.87541,-18.32982]]]},"properties":{"n":"ESTANZUELAS TORRECILLAS","p":19,"personas_x_ha":86,"masculinidad":111,"pct_menor20":26,"pct_60mas":5,"pct_migrante":5,"dependencia_econ":73,"pct_empleados":9,"pct_cuentapropia":82,"pct_agricultura":45,"pct_comercio":36,"pct_manufactura":0,"pct_construccion":0,"pct_transporte":0,"pct_alojamiento":9,"pct_sin_educacion":14,"pct_educ_superior":57,"brecha_educ":2,"pct_sin_seguro":61,"pct_sus":39,"pct_seguro_privado":0,"brecha_seguro":-3,"pct_salud_publica":38,"pct_med_tradicional":27,"pct_automedicacion":2,"pct_remedios_caseros":29,"pct_viv_desocupada":0,"pct_alquiler":0,"pct_electricidad":50,"pct_sin_electricidad":17,"pct_agua_red":50,"pct_alcantarillado":0,"pct_camara_septica":0,"pct_pozo_ciego":67,"pct_sin_desague":33,"pct_gas_red":0,"pct_gas_garrafa":0,"pct_lena_guano":100,"pct_basura_formal":0,"pct_basura_quema":33,"pct_basura_informal":50,"pct_internet":67,"pct_celular":67,"pct_televisor":17}},{"type":"Feature","geometry":{"type":"Polygon","coordinates":[[[-64.87584,-18.32951],[-64.87534,-18.32912],[-64.8757,-18.32825],[-64.87544,-18.32814],[-64.87493,-18.32943],[-64.8756,-18.32987],[-64.87584,-18.32951]]]},"properties":{"n":"ESTANZUELAS TORRECILLAS","p":53,"personas_x_ha":67,"masculinidad":112,"pct_menor20":45,"pct_60mas":6,"pct_migrante":0,"dependencia_econ":32,"pct_empleados":32,"pct_cuentapropia":52,"pct_agricultura":48,"pct_comercio":5,"pct_manufactura":5,"pct_construccion":5,"pct_transporte":0,"pct_alojamiento":2,"pct_sin_educacion":3,"pct_educ_superior":30,"brecha_educ":-4,"pct_sin_seguro":8,"pct_sus":92,"pct_seguro_privado":0,"brecha_seguro":7,"pct_salud_publica":25,"pct_med_tradicional":24,"pct_automedicacion":25,"pct_remedios_caseros":25,"pct_viv_desocupada":0,"pct_alquiler":0,"pct_electricidad":100,"pct_sin_electricidad":0,"pct_agua_red":100,"pct_alcantarillado":0,"pct_camara_septica":0,"pct_pozo_ciego":45,"pct_sin_desague":55,"pct_gas_red":9,"pct_gas_garrafa":45,"pct_lena_guano":45,"pct_basura_formal":0,"pct_basura_quema":82,"pct_basura_informal":18,"pct_internet":45,"pct_celular":82,"pct_televisor":45}},{"type":"Feature","geometry":{"type":"Polygon","coordinates":[[[-64.8748,-18.32877],[-64.87413,-18.33002],[-64.87437,-18.3302],[-64.87482,-18.32945],[-64.87502,-18.32885],[-64.8748,-18.32877]]]},"properties":{"n":"ESTANZUELAS TORRECILLAS","p":31,"personas_x_ha":57,"masculinidad":121,"pct_menor20":29,"pct_60mas":19,"pct_migrante":6,"dependencia_econ":48,"pct_empleados":5,"pct_cuentapropia":90,"pct_agricultura":57,"pct_comercio":5,"pct_manufactura":0,"pct_construccion":0,"pct_transporte":0,"pct_alojamiento":0,"pct_sin_educacion":5,"pct_educ_superior":0,"brecha_educ":-13,"pct_sin_seguro":16,"pct_sus":84,"pct_seguro_privado":0,"brecha_seguro":3,"pct_salud_publica":26,"pct_med_tradicional":24,"pct_automedicacion":24,"pct_remedios_caseros":25,"pct_viv_desocupada":0,"pct_alquiler":0,"pct_electricidad":67,"pct_sin_electricidad":0,"pct_agua_red":44,"pct_alcantarillado":11,"pct_camara_septica":0,"pct_pozo_ciego":33,"pct_sin_desague":56,"pct_gas_red":0,"pct_gas_garrafa":22,"pct_lena_guano":78,"pct_basura_formal":0,"pct_basura_quema":56,"pct_basura_informal":33,"pct_internet":33,"pct_celular":44,"pct_televisor":44}},{"type":"Feature","geometry":{"type":"Polygon","coordinates":[[[-64.87607,-18.33049],[-64.87634,-18.32977],[-64.87587,-18.32953],[-64.87549,-18.33022],[-64.87607,-18.33049]]]},"properties":{"n":"ESTANZUELAS TORRECILLAS","p":23,"personas_x_ha":43,"masculinidad":44,"pct_menor20":9,"pct_60mas":9,"pct_migrante":4,"dependencia_econ":77,"pct_empleados":62,"pct_cuentapropia":31,"pct_agricultura":15,"pct_comercio":23,"pct_manufactura":8,"pct_construccion":0,"pct_transporte":8,"pct_alojamiento":0,"pct_sin_educacion":10,"pct_educ_superior":52,"brecha_educ":-27,"pct_sin_seguro":57,"pct_sus":43,"pct_seguro_privado":0,"brecha_seguro":42,"pct_salud_publica":23,"pct_med_tradicional":20,"pct_automedicacion":17,"pct_remedios_caseros":19,"pct_viv_desocupada":11,"pct_alquiler":0,"pct_electricidad":67,"pct_sin_electricidad":33,"pct_agua_red":100,"pct_alcantarillado":0,"pct_camara_septica":0,"pct_pozo_ciego":100,"pct_sin_desague":0,"pct_gas_red":0,"pct_gas_garrafa":33,"pct_lena_guano":67,"pct_basura_formal":0,"pct_basura_quema":100,"pct_basura_informal":0,"pct_internet":33,"pct_celular":67,"pct_televisor":33}},{"type":"Feature","geometry":{"type":"Polygon","coordinates":[[[-64.87619,-18.33064],[-64.87546,-18.33027],[-64.87526,-18.33067],[-64.87603,-18.33101],[-64.87619,-18.33064]]]},"properties":{"n":"ESTANZUELAS TORRECILLAS","p":15,"personas_x_ha":36,"masculinidad":88,"pct_menor20":20,"pct_60mas":0,"pct_migrante":0,"dependencia_econ":67,"pct_empleados":0,"pct_cuentapropia":89,"pct_agricultura":44,"pct_comercio":0,"pct_manufactura":0,"pct_construccion":22,"pct_transporte":0,"pct_alojamiento":0,"pct_sin_educacion":0,"pct_educ_superior":8,"brecha_educ":36,"pct_sin_seguro":0,"pct_sus":100,"pct_seguro_privado":0,"brecha_seguro":0,"pct_salud_publica":25,"pct_med_tradicional":21,"pct_automedicacion":0,"pct_remedios_caseros":46,"pct_viv_desocupada":0,"pct_alquiler":0,"pct_electricidad":88,"pct_sin_electricidad":12,"pct_agua_red":100,"pct_alcantarillado":0,"pct_camara_septica":0,"pct_pozo_ciego":100,"pct_sin_desague":0,"pct_gas_red":0,"pct_gas_garrafa":25,"pct_lena_guano":75,"pct_basura_formal":0,"pct_basura_quema":100,"pct_basura_informal":0,"pct_internet":75,"pct_celular":88,"pct_televisor":38}},{"type":"Feature","geometry":{"type":"Polygon","coordinates":[[[-64.98998,-18.45603],[-64.98999,-18.45524],[-64.98969,-18.45524],[-64.98967,-18.45602],[-64.98998,-18.45603]]]},"properties":{"n":"LAGAR PAMPA","p":17,"personas_x_ha":61,"masculinidad":143,"pct_menor20":59,"pct_60mas":0,"pct_migrante":24,"dependencia_econ":112,"pct_empleados":75,"pct_cuentapropia":25,"pct_agricultura":62,"pct_comercio":0,"pct_manufactura":0,"pct_construccion":25,"pct_transporte":0,"pct_alojamiento":12,"pct_sin_educacion":0,"pct_educ_superior":0,"brecha_educ":17,"pct_sin_seguro":12,"pct_sus":88,"pct_seguro_privado":0,"brecha_seguro":20,"pct_salud_publica":52,"pct_med_tradicional":13,"pct_automedicacion":6,"pct_remedios_caseros":23,"pct_viv_desocupada":9,"pct_alquiler":0,"pct_electricidad":100,"pct_sin_electricidad":0,"pct_agua_red":100,"pct_alcantarillado":0,"pct_camara_septica":0,"pct_pozo_ciego":75,"pct_sin_desague":25,"pct_gas_red":0,"pct_gas_garrafa":0,"pct_lena_guano":100,"pct_basura_formal":0,"pct_basura_quema":50,"pct_basura_informal":50,"pct_internet":100,"pct_celular":100,"pct_televisor":50}},{"type":"Feature","geometry":{"type":"Polygon","coordinates":[[[-64.99101,-18.45475],[-64.9908,-18.45467],[-64.99068,-18.45497],[-64.99136,-18.45521],[-64.99141,-18.45497],[-64.99098,-18.45483],[-64.99101,-18.45475]]]},"properties":{"n":"LAGAR PAMPA","p":25,"personas_x_ha":115,"masculinidad":108,"pct_menor20":36,"pct_60mas":12,"pct_migrante":16,"dependencia_econ":79,"pct_empleados":36,"pct_cuentapropia":64,"pct_agricultura":64,"pct_comercio":14,"pct_manufactura":0,"pct_construccion":14,"pct_transporte":0,"pct_alojamiento":0,"pct_sin_educacion":12,"pct_educ_superior":18,"brecha_educ":-6,"pct_sin_seguro":12,"pct_sus":83,"pct_seguro_privado":4,"brecha_seguro":8,"pct_salud_publica":24,"pct_med_tradicional":21,"pct_automedicacion":14,"pct_remedios_caseros":17,"pct_viv_desocupada":0,"pct_alquiler":9,"pct_electricidad":91,"pct_sin_electricidad":9,"pct_agua_red":100,"pct_alcantarillado":9,"pct_camara_septica":9,"pct_pozo_ciego":64,"pct_sin_desague":18,"pct_gas_red":0,"pct_gas_garrafa":73,"pct_lena_guano":27,"pct_basura_formal":0,"pct_basura_quema":18,"pct_basura_informal":73,"pct_internet":82,"pct_celular":82,"pct_televisor":18}},{"type":"Feature","geometry":{"type":"Polygon","coordinates":[[[-64.99102,-18.45516],[-64.99067,-18.45503],[-64.99054,-18.45539],[-64.99088,-18.45553],[-64.99102,-18.45516]]]},"properties":{"n":"LAGAR PAMPA","p":23,"personas_x_ha":136,"masculinidad":53,"pct_menor20":48,"pct_60mas":9,"pct_migrante":13,"dependencia_econ":130,"pct_empleados":30,"pct_cuentapropia":20,"pct_agricultura":50,"pct_comercio":10,"pct_manufactura":10,"pct_construccion":20,"pct_transporte":0,"pct_alojamiento":0,"pct_sin_educacion":0,"pct_educ_superior":8,"brecha_educ":-22,"pct_sin_seguro":9,"pct_sus":87,"pct_seguro_privado":0,"brecha_seguro":25,"pct_salud_publica":34,"pct_med_tradicional":0,"pct_automedicacion":21,"pct_remedios_caseros":28,"pct_viv_desocupada":0,"pct_alquiler":0,"pct_electricidad":100,"pct_sin_electricidad":0,"pct_agua_red":50,"pct_alcantarillado":0,"pct_camara_septica":0,"pct_pozo_ciego":50,"pct_sin_desague":50,"pct_gas_red":0,"pct_gas_garrafa":0,"pct_lena_guano":100,"pct_basura_formal":0,"pct_basura_quema":100,"pct_basura_informal":0,"pct_internet":62,"pct_celular":62,"pct_televisor":0}},{"type":"Feature","geometry":{"type":"Polygon","coordinates":[[[-64.99059,-18.455],[-64.99022,-18.45487],[-64.99008,-18.45521],[-64.99045,-18.45536],[-64.99059,-18.455]]]},"properties":{"n":"LAGAR PAMPA","p":21,"personas_x_ha":120,"masculinidad":133,"pct_menor20":43,"pct_60mas":5,"pct_migrante":0,"dependencia_econ":110,"pct_empleados":40,"pct_cuentapropia":50,"pct_agricultura":20,"pct_comercio":10,"pct_manufactura":10,"pct_construccion":0,"pct_transporte":0,"pct_alojamiento":0,"pct_sin_educacion":8,"pct_educ_superior":17,"brecha_educ":-25,"pct_sin_seguro":0,"pct_sus":90,"pct_seguro_privado":0,"brecha_seguro":0,"pct_salud_publica":23,"pct_med_tradicional":15,"pct_automedicacion":19,"pct_remedios_caseros":24,"pct_viv_desocupada":0,"pct_alquiler":29,"pct_electricidad":100,"pct_sin_electricidad":0,"pct_agua_red":86,"pct_alcantarillado":0,"pct_camara_septica":0,"pct_pozo_ciego":100,"pct_sin_desague":0,"pct_gas_red":0,"pct_gas_garrafa":14,"pct_lena_guano":86,"pct_basura_formal":0,"pct_basura_quema":43,"pct_basura_informal":29,"pct_internet":71,"pct_celular":71,"pct_televisor":14}},{"type":"Feature","geometry":{"type":"Polygon","coordinates":[[[-64.99073,-18.45592],[-64.99086,-18.45558],[-64.99053,-18.45545],[-64.99038,-18.45587],[-64.99045,-18.45598],[-64.99073,-18.45592]]]},"properties":{"n":"LAGAR PAMPA","p":15,"personas_x_ha":81,"masculinidad":275,"pct_menor20":27,"pct_60mas":13,"pct_migrante":0,"dependencia_econ":15,"pct_empleados":15,"pct_cuentapropia":46,"pct_agricultura":69,"pct_comercio":0,"pct_manufactura":0,"pct_construccion":15,"pct_transporte":0,"pct_alojamiento":0,"pct_sin_educacion":8,"pct_educ_superior":0,"brecha_educ":-25,"pct_sin_seguro":0,"pct_sus":100,"pct_seguro_privado":0,"brecha_seguro":0,"pct_salud_publica":35,"pct_med_tradicional":8,"pct_automedicacion":20,"pct_remedios_caseros":32,"pct_viv_desocupada":30,"pct_alquiler":0,"pct_electricidad":60,"pct_sin_electricidad":40,"pct_agua_red":20,"pct_alcantarillado":0,"pct_camara_septica":0,"pct_pozo_ciego":40,"pct_sin_desague":60,"pct_gas_red":0,"pct_gas_garrafa":20,"pct_lena_guano":80,"pct_basura_formal":0,"pct_basura_quema":100,"pct_basura_informal":0,"pct_internet":40,"pct_celular":40,"pct_televisor":20}},{"type":"Feature","geometry":{"type":"Polygon","coordinates":[[[-64.99088,-18.45423],[-64.99077,-18.45388],[-64.99056,-18.45381],[-64.99044,-18.45438],[-64.99072,-18.45449],[-64.99088,-18.45423]]]},"properties":{"n":"LAGAR PAMPA","p":21,"personas_x_ha":92,"masculinidad":91,"pct_menor20":19,"pct_60mas":0,"pct_migrante":0,"dependencia_econ":24,"pct_empleados":0,"pct_cuentapropia":12,"pct_agricultura":94,"pct_comercio":6,"pct_manufactura":0,"pct_construccion":0,"pct_transporte":0,"pct_alojamiento":0,"pct_sin_educacion":0,"pct_educ_superior":11,"brecha_educ":7,"pct_sin_seguro":0,"pct_sus":100,"pct_seguro_privado":0,"brecha_seguro":0,"pct_salud_publica":34,"pct_med_tradicional":31,"pct_automedicacion":2,"pct_remedios_caseros":34,"pct_viv_desocupada":0,"pct_alquiler":0,"pct_electricidad":100,"pct_sin_electricidad":0,"pct_agua_red":83,"pct_alcantarillado":17,"pct_camara_septica":0,"pct_pozo_ciego":83,"pct_sin_desague":0,"pct_gas_red":0,"pct_gas_garrafa":100,"pct_lena_guano":0,"pct_basura_formal":0,"pct_basura_quema":100,"pct_basura_informal":0,"pct_internet":83,"pct_celular":83,"pct_televisor":83}},{"type":"Feature","geometry":{"type":"Polygon","coordinates":[[[-65.20009,-18.46817],[-65.20046,-18.46581],[-65.19987,-18.46577],[-65.20046,-18.46579],[-65.20051,-18.4654],[-65.19933,-18.46516],[-65.19891,-18.46642],[-65.1995,-18.46857],[-65.19999,-18.46872],[-65.20008,-18.46818],[-65.19967,-18.46807],[-65.19954,-18.46773],[-65.19968,-18.46806],[-65.20009,-18.46817]]]},"properties":{"n":"NOVILLERO","p":53,"personas_x_ha":12,"masculinidad":61,"pct_menor20":28,"pct_60mas":19,"pct_migrante":11,"dependencia_econ":77,"pct_empleados":10,"pct_cuentapropia":83,"pct_agricultura":83,"pct_comercio":3,"pct_manufactura":3,"pct_construccion":0,"pct_transporte":10,"pct_alojamiento":0,"pct_sin_educacion":13,"pct_educ_superior":5,"brecha_educ":11,"pct_sin_seguro":8,"pct_sus":92,"pct_seguro_privado":0,"brecha_seguro":20,"pct_salud_publica":28,"pct_med_tradicional":14,"pct_automedicacion":21,"pct_remedios_caseros":24,"pct_viv_desocupada":0,"pct_alquiler":0,"pct_electricidad":94,"pct_sin_electricidad":6,"pct_agua_red":62,"pct_alcantarillado":6,"pct_camara_septica":0,"pct_pozo_ciego":62,"pct_sin_desague":31,"pct_gas_red":0,"pct_gas_garrafa":69,"pct_lena_guano":25,"pct_basura_formal":6,"pct_basura_quema":94,"pct_basura_informal":0,"pct_internet":62,"pct_celular":62,"pct_televisor":50}},{"type":"Feature","geometry":{"type":"Polygon","coordinates":[[[-65.23295,-18.29973],[-65.23233,-18.29943],[-65.23219,-18.30015],[-65.23242,-18.30089],[-65.23261,-18.30095],[-65.23295,-18.29973]]]},"properties":{"n":"NOVILLERO","p":16,"personas_x_ha":19,"masculinidad":100,"pct_menor20":38,"pct_60mas":38,"pct_migrante":0,"dependencia_econ":33,"pct_empleados":17,"pct_cuentapropia":67,"pct_agricultura":100,"pct_comercio":0,"pct_manufactura":0,"pct_construccion":0,"pct_transporte":0,"pct_alojamiento":0,"pct_sin_educacion":18,"pct_educ_superior":9,"brecha_educ":-43,"pct_sin_seguro":25,"pct_sus":75,"pct_seguro_privado":0,"brecha_seguro":25,"pct_salud_publica":20,"pct_med_tradicional":19,"pct_automedicacion":19,"pct_remedios_caseros":20,"pct_viv_desocupada":0,"pct_alquiler":20,"pct_electricidad":100,"pct_sin_electricidad":0,"pct_agua_red":40,"pct_alcantarillado":20,"pct_camara_septica":0,"pct_pozo_ciego":80,"pct_sin_desague":0,"pct_gas_red":0,"pct_gas_garrafa":20,"pct_lena_guano":80,"pct_basura_formal":0,"pct_basura_quema":80,"pct_basura_informal":0,"pct_internet":60,"pct_celular":60,"pct_televisor":60}},{"type":"Feature","geometry":{"type":"Polygon","coordinates":[[[-65.23329,-18.30039],[-65.23288,-18.30028],[-65.23266,-18.30106],[-65.23306,-18.30117],[-65.23329,-18.30039]]]},"properties":{"n":"NOVILLERO","p":16,"personas_x_ha":40,"masculinidad":129,"pct_menor20":25,"pct_60mas":19,"pct_migrante":0,"dependencia_econ":44,"pct_empleados":0,"pct_cuentapropia":0,"pct_agricultura":100,"pct_comercio":0,"pct_manufactura":0,"pct_construccion":0,"pct_transporte":0,"pct_alojamiento":0,"pct_sin_educacion":0,"pct_educ_superior":10,"brecha_educ":0,"pct_sin_seguro":0,"pct_sus":100,"pct_seguro_privado":0,"brecha_seguro":0,"pct_salud_publica":17,"pct_med_tradicional":17,"pct_automedicacion":17,"pct_remedios_caseros":17,"pct_viv_desocupada":20,"pct_alquiler":25,"pct_electricidad":75,"pct_sin_electricidad":25,"pct_agua_red":100,"pct_alcantarillado":25,"pct_camara_septica":0,"pct_pozo_ciego":75,"pct_sin_desague":0,"pct_gas_red":0,"pct_gas_garrafa":100,"pct_lena_guano":0,"pct_basura_formal":0,"pct_basura_quema":75,"pct_basura_informal":25,"pct_internet":50,"pct_celular":50,"pct_televisor":50}},{"type":"Feature","geometry":{"type":"Polygon","coordinates":[[[-65.23355,-18.30137],[-65.23312,-18.30126],[-65.23293,-18.30205],[-65.23334,-18.30216],[-65.23355,-18.30137]]]},"properties":{"n":"NOVILLERO","p":28,"personas_x_ha":68,"masculinidad":75,"pct_menor20":43,"pct_60mas":21,"pct_migrante":14,"dependencia_econ":75,"pct_empleados":6,"pct_cuentapropia":62,"pct_agricultura":44,"pct_comercio":12,"pct_manufactura":0,"pct_construccion":6,"pct_transporte":12,"pct_alojamiento":0,"pct_sin_educacion":18,"pct_educ_superior":12,"brecha_educ":-7,"pct_sin_seguro":32,"pct_sus":68,"pct_seguro_privado":0,"brecha_seguro":2,"pct_salud_publica":27,"pct_med_tradicional":12,"pct_automedicacion":27,"pct_remedios_caseros":23,"pct_viv_desocupada":30,"pct_alquiler":14,"pct_electricidad":100,"pct_sin_electricidad":0,"pct_agua_red":0,"pct_alcantarillado":14,"pct_camara_septica":0,"pct_pozo_ciego":71,"pct_sin_desague":14,"pct_gas_red":0,"pct_gas_garrafa":86,"pct_lena_guano":14,"pct_basura_formal":0,"pct_basura_quema":100,"pct_basura_informal":0,"pct_internet":71,"pct_celular":100,"pct_televisor":71}},{"type":"Feature","geometry":{"type":"Polygon","coordinates":[[[-65.20074,-18.46436],[-65.20129,-18.46256],[-65.20084,-18.4624],[-65.20047,-18.46259],[-65.20037,-18.46273],[-65.20023,-18.46306],[-65.20016,-18.46357],[-65.20025,-18.46395],[-65.20074,-18.46436]]]},"properties":{"n":"NOVILLERO","p":29,"personas_x_ha":18,"masculinidad":123,"pct_menor20":34,"pct_60mas":14,"pct_migrante":10,"dependencia_econ":71,"pct_empleados":12,"pct_cuentapropia":47,"pct_agricultura":59,"pct_comercio":18,"pct_manufactura":0,"pct_construccion":6,"pct_transporte":0,"pct_alojamiento":6,"pct_sin_educacion":5,"pct_educ_superior":10,"brecha_educ":-8,"pct_sin_seguro":10,"pct_sus":90,"pct_seguro_privado":0,"brecha_seguro":-23,"pct_salud_publica":29,"pct_med_tradicional":8,"pct_automedicacion":28,"pct_remedios_caseros":28,"pct_viv_desocupada":11,"pct_alquiler":0,"pct_electricidad":100,"pct_sin_electricidad":0,"pct_agua_red":100,"pct_alcantarillado":50,"pct_camara_septica":0,"pct_pozo_ciego":17,"pct_sin_desague":33,"pct_gas_red":0,"pct_gas_garrafa":50,"pct_lena_guano":50,"pct_basura_formal":0,"pct_basura_quema":100,"pct_basura_informal":0,"pct_internet":50,"pct_celular":50,"pct_televisor":50}},{"type":"Feature","geometry":{"type":"Polygon","coordinates":[[[-65.23477,-18.3031],[-65.23492,-18.30263],[-65.23389,-18.30239],[-65.23377,-18.30284],[-65.23477,-18.3031]]]},"properties":{"n":"NOVILLERO","p":27,"personas_x_ha":46,"masculinidad":80,"pct_menor20":48,"pct_60mas":19,"pct_migrante":22,"dependencia_econ":80,"pct_empleados":47,"pct_cuentapropia":47,"pct_agricultura":80,"pct_comercio":7,"pct_manufactura":0,"pct_construccion":7,"pct_transporte":0,"pct_alojamiento":0,"pct_sin_educacion":7,"pct_educ_superior":20,"brecha_educ":11,"pct_sin_seguro":19,"pct_sus":81,"pct_seguro_privado":0,"brecha_seguro":12,"pct_salud_publica":27,"pct_med_tradicional":2,"pct_automedicacion":29,"pct_remedios_caseros":33,"pct_viv_desocupada":9,"pct_alquiler":0,"pct_electricidad":90,"pct_sin_electricidad":10,"pct_agua_red":10,"pct_alcantarillado":0,"pct_camara_septica":0,"pct_pozo_ciego":90,"pct_sin_desague":10,"pct_gas_red":0,"pct_gas_garrafa":60,"pct_lena_guano":40,"pct_basura_formal":0,"pct_basura_quema":100,"pct_basura_informal":0,"pct_internet":70,"pct_celular":80,"pct_televisor":50}},{"type":"Feature","geometry":{"type":"Polygon","coordinates":[[[-65.23362,-18.30139],[-65.23341,-18.30218],[-65.23383,-18.30229],[-65.23404,-18.30151],[-65.23362,-18.30139]]]},"properties":{"n":"NOVILLERO","p":31,"personas_x_ha":75,"masculinidad":107,"pct_menor20":32,"pct_60mas":16,"pct_migrante":13,"dependencia_econ":35,"pct_empleados":4,"pct_cuentapropia":43,"pct_agricultura":83,"pct_comercio":0,"pct_manufactura":9,"pct_construccion":0,"pct_transporte":0,"pct_alojamiento":0,"pct_sin_educacion":4,"pct_educ_superior":30,"brecha_educ":4,"pct_sin_seguro":0,"pct_sus":92,"pct_seguro_privado":0,"brecha_seguro":0,"pct_salud_publica":38,"pct_med_tradicional":12,"pct_automedicacion":28,"pct_remedios_caseros":14,"pct_viv_desocupada":0,"pct_alquiler":0,"pct_electricidad":100,"pct_sin_electricidad":0,"pct_agua_red":86,"pct_alcantarillado":71,"pct_camara_septica":0,"pct_pozo_ciego":29,"pct_sin_desague":0,"pct_gas_red":0,"pct_gas_garrafa":86,"pct_lena_guano":14,"pct_basura_formal":0,"pct_basura_quema":100,"pct_basura_informal":0,"pct_internet":14,"pct_celular":29,"pct_televisor":29}},{"type":"Feature","geometry":{"type":"Polygon","coordinates":[[[-65.20131,-18.46244],[-65.20154,-18.46096],[-65.20119,-18.4609],[-65.20054,-18.46128],[-65.20046,-18.46163],[-65.20051,-18.46218],[-65.20131,-18.46244]]]},"properties":{"n":"NOVILLERO","p":20,"personas_x_ha":14,"masculinidad":100,"pct_menor20":20,"pct_60mas":20,"pct_migrante":5,"dependencia_econ":33,"pct_empleados":13,"pct_cuentapropia":67,"pct_agricultura":73,"pct_comercio":0,"pct_manufactura":13,"pct_construccion":0,"pct_transporte":0,"pct_alojamiento":0,"pct_sin_educacion":0,"pct_educ_superior":25,"brecha_educ":-12,"pct_sin_seguro":47,"pct_sus":53,"pct_seguro_privado":0,"brecha_seguro":16,"pct_salud_publica":22,"pct_med_tradicional":21,"pct_automedicacion":26,"pct_remedios_caseros":24,"pct_viv_desocupada":0,"pct_alquiler":14,"pct_electricidad":86,"pct_sin_electricidad":14,"pct_agua_red":0,"pct_alcantarillado":0,"pct_camara_septica":0,"pct_pozo_ciego":57,"pct_sin_desague":43,"pct_gas_red":0,"pct_gas_garrafa":57,"pct_lena_guano":43,"pct_basura_formal":0,"pct_basura_quema":100,"pct_basura_informal":0,"pct_internet":43,"pct_celular":43,"pct_televisor":29}},{"type":"Feature","geometry":{"type":"Polygon","coordinates":[[[-65.2329,-18.30021],[-65.23439,-18.30061],[-65.23432,-18.30097],[-65.235,-18.30116],[-65.23498,-18.30124],[-65.23518,-18.30129],[-65.23534,-18.3006],[-65.23303,-18.29971],[-65.2329,-18.30021]]]},"properties":{"n":"NOVILLERO","p":16,"personas_x_ha":11,"masculinidad":60,"pct_menor20":44,"pct_60mas":6,"pct_migrante":19,"dependencia_econ":60,"pct_empleados":0,"pct_cuentapropia":70,"pct_agricultura":80,"pct_comercio":20,"pct_manufactura":0,"pct_construccion":0,"pct_transporte":0,"pct_alojamiento":0,"pct_sin_educacion":22,"pct_educ_superior":0,"brecha_educ":-55,"pct_sin_seguro":12,"pct_sus":88,"pct_seguro_privado":0,"brecha_seguro":33,"pct_salud_publica":22,"pct_med_tradicional":8,"pct_automedicacion":23,"pct_remedios_caseros":25,"pct_viv_desocupada":11,"pct_alquiler":0,"pct_electricidad":100,"pct_sin_electricidad":0,"pct_agua_red":50,"pct_alcantarillado":0,"pct_camara_septica":0,"pct_pozo_ciego":100,"pct_sin_desague":0,"pct_gas_red":0,"pct_gas_garrafa":75,"pct_lena_guano":25,"pct_basura_formal":0,"pct_basura_quema":75,"pct_basura_informal":0,"pct_internet":100,"pct_celular":100,"pct_televisor":75}},{"type":"Feature","geometry":{"type":"Polygon","coordinates":[[[-65.23409,-18.30144],[-65.23428,-18.30065],[-65.23386,-18.30053],[-65.23364,-18.30132],[-65.23409,-18.30144]]]},"properties":{"n":"NOVILLERO","p":22,"personas_x_ha":51,"masculinidad":214,"pct_menor20":45,"pct_60mas":14,"pct_migrante":0,"dependencia_econ":57,"pct_empleados":7,"pct_cuentapropia":79,"pct_agricultura":86,"pct_comercio":7,"pct_manufactura":0,"pct_construccion":0,"pct_transporte":0,"pct_alojamiento":0,"pct_sin_educacion":8,"pct_educ_superior":8,"brecha_educ":-50,"pct_sin_seguro":0,"pct_sus":86,"pct_seguro_privado":0,"brecha_seguro":0,"pct_salud_publica":22,"pct_med_tradicional":16,"pct_automedicacion":22,"pct_remedios_caseros":18,"pct_viv_desocupada":11,"pct_alquiler":0,"pct_electricidad":100,"pct_sin_electricidad":0,"pct_agua_red":71,"pct_alcantarillado":0,"pct_camara_septica":0,"pct_pozo_ciego":100,"pct_sin_desague":0,"pct_gas_red":0,"pct_gas_garrafa":57,"pct_lena_guano":43,"pct_basura_formal":0,"pct_basura_quema":100,"pct_basura_informal":0,"pct_internet":86,"pct_celular":100,"pct_televisor":57}},{"type":"Feature","geometry":{"type":"Polygon","coordinates":[[[-65.14601,-18.6021],[-65.14624,-18.60196],[-65.14583,-18.60147],[-65.14572,-18.60157],[-65.14601,-18.6021]]]},"properties":{"n":"PUENTE LOMA","p":23,"personas_x_ha":151,"masculinidad":109,"pct_menor20":52,"pct_60mas":0,"pct_migrante":22,"dependencia_econ":130,"pct_empleados":10,"pct_cuentapropia":30,"pct_agricultura":50,"pct_comercio":20,"pct_manufactura":0,"pct_construccion":20,"pct_transporte":0,"pct_alojamiento":10,"pct_sin_educacion":0,"pct_educ_superior":0,"brecha_educ":-63,"pct_sin_seguro":43,"pct_sus":57,"pct_seguro_privado":0,"brecha_seguro":14,"pct_salud_publica":32,"pct_med_tradicional":17,"pct_automedicacion":14,"pct_remedios_caseros":30,"pct_viv_desocupada":22,"pct_alquiler":0,"pct_electricidad":86,"pct_sin_electricidad":14,"pct_agua_red":71,"pct_alcantarillado":0,"pct_camara_septica":0,"pct_pozo_ciego":57,"pct_sin_desague":43,"pct_gas_red":0,"pct_gas_garrafa":43,"pct_lena_guano":57,"pct_basura_formal":0,"pct_basura_quema":71,"pct_basura_informal":14,"pct_internet":100,"pct_celular":100,"pct_televisor":43}},{"type":"Feature","geometry":{"type":"Polygon","coordinates":[[[-65.21679,-18.42537],[-65.21625,-18.42519],[-65.21578,-18.42639],[-65.21616,-18.42655],[-65.21652,-18.42607],[-65.21679,-18.42537]]]},"properties":{"n":"QUIROGA","p":20,"personas_x_ha":24,"masculinidad":67,"pct_menor20":40,"pct_60mas":25,"pct_migrante":15,"dependencia_econ":82,"pct_empleados":64,"pct_cuentapropia":36,"pct_agricultura":64,"pct_comercio":0,"pct_manufactura":0,"pct_construccion":9,"pct_transporte":18,"pct_alojamiento":0,"pct_sin_educacion":29,"pct_educ_superior":14,"brecha_educ":0,"pct_sin_seguro":0,"pct_sus":100,"pct_seguro_privado":0,"brecha_seguro":0,"pct_salud_publica":58,"pct_med_tradicional":0,"pct_automedicacion":6,"pct_remedios_caseros":9,"pct_viv_desocupada":15,"pct_alquiler":0,"pct_electricidad":100,"pct_sin_electricidad":0,"pct_agua_red":80,"pct_alcantarillado":20,"pct_camara_septica":0,"pct_pozo_ciego":80,"pct_sin_desague":0,"pct_gas_red":0,"pct_gas_garrafa":60,"pct_lena_guano":40,"pct_basura_formal":0,"pct_basura_quema":100,"pct_basura_informal":0,"pct_internet":40,"pct_celular":100,"pct_televisor":40}},{"type":"Feature","geometry":{"type":"Polygon","coordinates":[[[-65.2173,-18.42246],[-65.21711,-18.42294],[-65.21763,-18.42303],[-65.21774,-18.42257],[-65.2173,-18.42246]]]},"properties":{"n":"QUIROGA","p":25,"personas_x_ha":89,"masculinidad":108,"pct_menor20":40,"pct_60mas":8,"pct_migrante":0,"dependencia_econ":108,"pct_empleados":17,"pct_cuentapropia":42,"pct_agricultura":92,"pct_comercio":0,"pct_manufactura":0,"pct_construccion":0,"pct_transporte":8,"pct_alojamiento":0,"pct_sin_educacion":6,"pct_educ_superior":12,"brecha_educ":13,"pct_sin_seguro":12,"pct_sus":84,"pct_seguro_privado":0,"brecha_seguro":23,"pct_salud_publica":32,"pct_med_tradicional":3,"pct_automedicacion":31,"pct_remedios_caseros":31,"pct_viv_desocupada":0,"pct_alquiler":14,"pct_electricidad":100,"pct_sin_electricidad":0,"pct_agua_red":100,"pct_alcantarillado":57,"pct_camara_septica":0,"pct_pozo_ciego":29,"pct_sin_desague":14,"pct_gas_red":0,"pct_gas_garrafa":43,"pct_lena_guano":57,"pct_basura_formal":0,"pct_basura_quema":86,"pct_basura_informal":14,"pct_internet":100,"pct_celular":100,"pct_televisor":71}},{"type":"Feature","geometry":{"type":"Polygon","coordinates":[[[-65.21782,-18.42148],[-65.21757,-18.42142],[-65.21738,-18.42206],[-65.21774,-18.42215],[-65.21782,-18.42148]]]},"properties":{"n":"QUIROGA","p":28,"personas_x_ha":116,"masculinidad":133,"pct_menor20":29,"pct_60mas":4,"pct_migrante":4,"dependencia_econ":87,"pct_empleados":0,"pct_cuentapropia":93,"pct_agricultura":73,"pct_comercio":7,"pct_manufactura":7,"pct_construccion":7,"pct_transporte":0,"pct_alojamiento":7,"pct_sin_educacion":0,"pct_educ_superior":10,"brecha_educ":-12,"pct_sin_seguro":4,"pct_sus":89,"pct_seguro_privado":0,"brecha_seguro":6,"pct_salud_publica":32,"pct_med_tradicional":6,"pct_automedicacion":27,"pct_remedios_caseros":30,"pct_viv_desocupada":15,"pct_alquiler":0,"pct_electricidad":100,"pct_sin_electricidad":0,"pct_agua_red":100,"pct_alcantarillado":0,"pct_camara_septica":14,"pct_pozo_ciego":71,"pct_sin_desague":14,"pct_gas_red":0,"pct_gas_garrafa":71,"pct_lena_guano":29,"pct_basura_formal":0,"pct_basura_quema":100,"pct_basura_informal":0,"pct_internet":86,"pct_celular":100,"pct_televisor":71}},{"type":"Feature","geometry":{"type":"Polygon","coordinates":[[[-65.21728,-18.42433],[-65.21686,-18.42549],[-65.21734,-18.42566],[-65.21774,-18.4245],[-65.21728,-18.42433]]]},"properties":{"n":"QUIROGA","p":27,"personas_x_ha":37,"masculinidad":59,"pct_menor20":33,"pct_60mas":22,"pct_migrante":0,"dependencia_econ":108,"pct_empleados":15,"pct_cuentapropia":62,"pct_agricultura":69,"pct_comercio":8,"pct_manufactura":0,"pct_construccion":8,"pct_transporte":0,"pct_alojamiento":0,"pct_sin_educacion":26,"pct_educ_superior":16,"brecha_educ":-13,"pct_sin_seguro":4,"pct_sus":93,"pct_seguro_privado":0,"brecha_seguro":-6,"pct_salud_publica":47,"pct_med_tradicional":0,"pct_automedicacion":22,"pct_remedios_caseros":27,"pct_viv_desocupada":12,"pct_alquiler":20,"pct_electricidad":100,"pct_sin_electricidad":0,"pct_agua_red":90,"pct_alcantarillado":20,"pct_camara_septica":20,"pct_pozo_ciego":60,"pct_sin_desague":0,"pct_gas_red":0,"pct_gas_garrafa":90,"pct_lena_guano":10,"pct_basura_formal":0,"pct_basura_quema":40,"pct_basura_informal":50,"pct_internet":40,"pct_celular":50,"pct_televisor":60}},{"type":"Feature","geometry":{"type":"Polygon","coordinates":[[[-65.21774,-18.42308],[-65.21812,-18.42315],[-65.21795,-18.42401],[-65.21749,-18.42386],[-65.21774,-18.42308]]]},"properties":{"n":"QUIROGA","p":61,"personas_x_ha":134,"masculinidad":85,"pct_menor20":52,"pct_60mas":7,"pct_migrante":7,"dependencia_econ":154,"pct_empleados":21,"pct_cuentapropia":50,"pct_agricultura":67,"pct_comercio":0,"pct_manufactura":0,"pct_construccion":12,"pct_transporte":0,"pct_alojamiento":0,"pct_sin_educacion":14,"pct_educ_superior":14,"brecha_educ":-27,"pct_sin_seguro":0,"pct_sus":87,"pct_seguro_privado":0,"brecha_seguro":0,"pct_salud_publica":35,"pct_med_tradicional":6,"pct_automedicacion":25,"pct_remedios_caseros":21,"pct_viv_desocupada":6,"pct_alquiler":0,"pct_electricidad":93,"pct_sin_electricidad":0,"pct_agua_red":60,"pct_alcantarillado":93,"pct_camara_septica":0,"pct_pozo_ciego":7,"pct_sin_desague":0,"pct_gas_red":0,"pct_gas_garrafa":60,"pct_lena_guano":40,"pct_basura_formal":13,"pct_basura_quema":13,"pct_basura_informal":73,"pct_internet":47,"pct_celular":67,"pct_televisor":60}},{"type":"Feature","geometry":{"type":"Polygon","coordinates":[[[-65.21682,-18.42533],[-65.21722,-18.4243],[-65.21669,-18.42413],[-65.21628,-18.42512],[-65.21682,-18.42533]]]},"properties":{"n":"QUIROGA","p":44,"personas_x_ha":61,"masculinidad":91,"pct_menor20":34,"pct_60mas":7,"pct_migrante":18,"dependencia_econ":110,"pct_empleados":48,"pct_cuentapropia":38,"pct_agricultura":38,"pct_comercio":14,"pct_manufactura":0,"pct_construccion":5,"pct_transporte":0,"pct_alojamiento":0,"pct_sin_educacion":0,"pct_educ_superior":53,"brecha_educ":-20,"pct_sin_seguro":11,"pct_sus":64,"pct_seguro_privado":0,"brecha_seguro":15,"pct_salud_publica":25,"pct_med_tradicional":14,"pct_automedicacion":23,"pct_remedios_caseros":24,"pct_viv_desocupada":0,"pct_alquiler":8,"pct_electricidad":75,"pct_sin_electricidad":8,"pct_agua_red":58,"pct_alcantarillado":25,"pct_camara_septica":0,"pct_pozo_ciego":58,"pct_sin_desague":17,"pct_gas_red":8,"pct_gas_garrafa":92,"pct_lena_guano":0,"pct_basura_formal":0,"pct_basura_quema":33,"pct_basura_informal":58,"pct_internet":83,"pct_celular":83,"pct_televisor":50}},{"type":"Feature","geometry":{"type":"Polygon","coordinates":[[[-65.21875,-18.42529],[-65.21871,-18.42487],[-65.21829,-18.42472],[-65.21795,-18.42561],[-65.21856,-18.42584],[-65.21875,-18.42529]]]},"properties":{"n":"QUIROGA","p":26,"personas_x_ha":38,"masculinidad":73,"pct_menor20":19,"pct_60mas":19,"pct_migrante":19,"dependencia_econ":189,"pct_empleados":22,"pct_cuentapropia":33,"pct_agricultura":44,"pct_comercio":0,"pct_manufactura":0,"pct_construccion":33,"pct_transporte":0,"pct_alojamiento":0,"pct_sin_educacion":14,"pct_educ_superior":41,"brecha_educ":-32,"pct_sin_seguro":15,"pct_sus":85,"pct_seguro_privado":0,"brecha_seguro":5,"pct_salud_publica":30,"pct_med_tradicional":15,"pct_automedicacion":22,"pct_remedios_caseros":19,"pct_viv_desocupada":0,"pct_alquiler":0,"pct_electricidad":88,"pct_sin_electricidad":0,"pct_agua_red":75,"pct_alcantarillado":50,"pct_camara_septica":0,"pct_pozo_ciego":25,"pct_sin_desague":25,"pct_gas_red":0,"pct_gas_garrafa":50,"pct_lena_guano":50,"pct_basura_formal":0,"pct_basura_quema":62,"pct_basura_informal":25,"pct_internet":62,"pct_celular":75,"pct_televisor":38}},{"type":"Feature","geometry":{"type":"Polygon","coordinates":[[[-65.21692,-18.42264],[-65.21665,-18.42351],[-65.21527,-18.42309],[-65.21535,-18.42286],[-65.21619,-18.42296],[-65.21647,-18.42287],[-65.21668,-18.42256],[-65.21692,-18.42264]]]},"properties":{"n":"QUIROGA","p":17,"personas_x_ha":21,"masculinidad":112,"pct_menor20":29,"pct_60mas":35,"pct_migrante":29,"dependencia_econ":143,"pct_empleados":14,"pct_cuentapropia":57,"pct_agricultura":57,"pct_comercio":0,"pct_manufactura":0,"pct_construccion":0,"pct_transporte":14,"pct_alojamiento":14,"pct_sin_educacion":33,"pct_educ_superior":8,"brecha_educ":-33,"pct_sin_seguro":12,"pct_sus":82,"pct_seguro_privado":6,"brecha_seguro":-1,"pct_salud_publica":40,"pct_med_tradicional":10,"pct_automedicacion":14,"pct_remedios_caseros":33,"pct_viv_desocupada":0,"pct_alquiler":12,"pct_electricidad":100,"pct_sin_electricidad":0,"pct_agua_red":75,"pct_alcantarillado":50,"pct_camara_septica":0,"pct_pozo_ciego":38,"pct_sin_desague":12,"pct_gas_red":0,"pct_gas_garrafa":75,"pct_lena_guano":25,"pct_basura_formal":0,"pct_basura_quema":62,"pct_basura_informal":12,"pct_internet":25,"pct_celular":62,"pct_televisor":38}},{"type":"Feature","geometry":{"type":"Polygon","coordinates":[[[-65.21707,-18.42301],[-65.21687,-18.42361],[-65.21741,-18.42383],[-65.21762,-18.4231],[-65.21707,-18.42301]]]},"properties":{"n":"QUIROGA","p":26,"personas_x_ha":53,"masculinidad":73,"pct_menor20":46,"pct_60mas":19,"pct_migrante":4,"dependencia_econ":136,"pct_empleados":36,"pct_cuentapropia":55,"pct_agricultura":45,"pct_comercio":27,"pct_manufactura":9,"pct_construccion":9,"pct_transporte":0,"pct_alojamiento":0,"pct_sin_educacion":20,"pct_educ_superior":0,"brecha_educ":-17,"pct_sin_seguro":27,"pct_sus":65,"pct_seguro_privado":0,"brecha_seguro":1,"pct_salud_publica":23,"pct_med_tradicional":12,"pct_automedicacion":17,"pct_remedios_caseros":21,"pct_viv_desocupada":0,"pct_alquiler":10,"pct_electricidad":80,"pct_sin_electricidad":20,"pct_agua_red":90,"pct_alcantarillado":20,"pct_camara_septica":0,"pct_pozo_ciego":60,"pct_sin_desague":10,"pct_gas_red":0,"pct_gas_garrafa":70,"pct_lena_guano":30,"pct_basura_formal":0,"pct_basura_quema":60,"pct_basura_informal":40,"pct_internet":40,"pct_celular":70,"pct_televisor":40}},{"type":"Feature","geometry":{"type":"Polygon","coordinates":[[[-65.21539,-18.42376],[-65.21636,-18.4242],[-65.2166,-18.42356],[-65.2156,-18.42328],[-65.21539,-18.42376]]]},"properties":{"n":"QUIROGA","p":31,"personas_x_ha":42,"masculinidad":82,"pct_menor20":35,"pct_60mas":6,"pct_migrante":10,"dependencia_econ":138,"pct_empleados":15,"pct_cuentapropia":77,"pct_agricultura":54,"pct_comercio":8,"pct_manufactura":8,"pct_construccion":23,"pct_transporte":0,"pct_alojamiento":0,"pct_sin_educacion":18,"pct_educ_superior":32,"brecha_educ":-14,"pct_sin_seguro":0,"pct_sus":81,"pct_seguro_privado":0,"brecha_seguro":0,"pct_salud_publica":51,"pct_med_tradicional":8,"pct_automedicacion":10,"pct_remedios_caseros":12,"pct_viv_desocupada":0,"pct_alquiler":22,"pct_electricidad":100,"pct_sin_electricidad":0,"pct_agua_red":78,"pct_alcantarillado":89,"pct_camara_septica":0,"pct_pozo_ciego":11,"pct_sin_desague":0,"pct_gas_red":0,"pct_gas_garrafa":56,"pct_lena_guano":44,"pct_basura_formal":0,"pct_basura_quema":56,"pct_basura_informal":44,"pct_internet":11,"pct_celular":44,"pct_televisor":11}},{"type":"Feature","geometry":{"type":"Polygon","coordinates":[[[-64.9773,-18.17191],[-64.97655,-18.17186],[-64.97577,-18.17206],[-64.97599,-18.17249],[-64.97673,-18.17232],[-64.97696,-18.17212],[-64.97731,-18.17198],[-64.9773,-18.17191]]]},"properties":{"n":"SAN ANTONIO","p":16,"personas_x_ha":24,"masculinidad":100,"pct_menor20":25,"pct_60mas":6,"pct_migrante":6,"dependencia_econ":45,"pct_empleados":27,"pct_cuentapropia":64,"pct_agricultura":64,"pct_comercio":0,"pct_manufactura":18,"pct_construccion":9,"pct_transporte":0,"pct_alojamiento":0,"pct_sin_educacion":0,"pct_educ_superior":17,"brecha_educ":-33,"pct_sin_seguro":0,"pct_sus":80,"pct_seguro_privado":0,"brecha_seguro":0,"pct_salud_publica":23,"pct_med_tradicional":10,"pct_automedicacion":25,"pct_remedios_caseros":29,"pct_viv_desocupada":29,"pct_alquiler":0,"pct_electricidad":100,"pct_sin_electricidad":0,"pct_agua_red":60,"pct_alcantarillado":20,"pct_camara_septica":20,"pct_pozo_ciego":60,"pct_sin_desague":0,"pct_gas_red":0,"pct_gas_garrafa":40,"pct_lena_guano":60,"pct_basura_formal":0,"pct_basura_quema":60,"pct_basura_informal":20,"pct_internet":60,"pct_celular":80,"pct_televisor":60}},{"type":"Feature","geometry":{"type":"Polygon","coordinates":[[[-64.97718,-18.17161],[-64.976,-18.17117],[-64.97586,-18.17143],[-64.97608,-18.17166],[-64.97607,-18.17189],[-64.97662,-18.17181],[-64.97717,-18.17185],[-64.97718,-18.17161]]]},"properties":{"n":"SAN ANTONIO","p":22,"personas_x_ha":35,"masculinidad":69,"pct_menor20":14,"pct_60mas":23,"pct_migrante":0,"dependencia_econ":38,"pct_empleados":12,"pct_cuentapropia":69,"pct_agricultura":69,"pct_comercio":0,"pct_manufactura":0,"pct_construccion":0,"pct_transporte":6,"pct_alojamiento":19,"pct_sin_educacion":11,"pct_educ_superior":5,"brecha_educ":28,"pct_sin_seguro":0,"pct_sus":100,"pct_seguro_privado":0,"brecha_seguro":0,"pct_salud_publica":27,"pct_med_tradicional":15,"pct_automedicacion":26,"pct_remedios_caseros":26,"pct_viv_desocupada":0,"pct_alquiler":0,"pct_electricidad":100,"pct_sin_electricidad":0,"pct_agua_red":29,"pct_alcantarillado":0,"pct_camara_septica":0,"pct_pozo_ciego":86,"pct_sin_desague":14,"pct_gas_red":0,"pct_gas_garrafa":43,"pct_lena_guano":57,"pct_basura_formal":0,"pct_basura_quema":43,"pct_basura_informal":29,"pct_internet":86,"pct_celular":86,"pct_televisor":57}},{"type":"Feature","geometry":{"type":"Polygon","coordinates":[[[-65.03635,-18.20711],[-65.03632,-18.20656],[-65.03567,-18.20656],[-65.03566,-18.20715],[-65.03635,-18.20711]]]},"properties":{"n":"VILLA GRANADO","p":17,"personas_x_ha":37,"masculinidad":112,"pct_menor20":53,"pct_60mas":12,"pct_migrante":18,"dependencia_econ":70,"pct_empleados":10,"pct_cuentapropia":60,"pct_agricultura":20,"pct_comercio":10,"pct_manufactura":0,"pct_construccion":0,"pct_transporte":10,"pct_alojamiento":10,"pct_sin_educacion":12,"pct_educ_superior":25,"brecha_educ":-13,"pct_sin_seguro":0,"pct_sus":100,"pct_seguro_privado":0,"brecha_seguro":0,"pct_salud_publica":25,"pct_med_tradicional":8,"pct_automedicacion":24,"pct_remedios_caseros":15,"pct_viv_desocupada":0,"pct_alquiler":80,"pct_electricidad":100,"pct_sin_electricidad":0,"pct_agua_red":100,"pct_alcantarillado":100,"pct_camara_septica":0,"pct_pozo_ciego":0,"pct_sin_desague":0,"pct_gas_red":0,"pct_gas_garrafa":100,"pct_lena_guano":0,"pct_basura_formal":0,"pct_basura_quema":100,"pct_basura_informal":0,"pct_internet":80,"pct_celular":80,"pct_televisor":40}},{"type":"Feature","geometry":{"type":"Polygon","coordinates":[[[-65.03712,-18.20769],[-65.03707,-18.20718],[-65.03645,-18.2072],[-65.03647,-18.20768],[-65.03712,-18.20769]]]},"properties":{"n":"VILLA GRANADO","p":43,"personas_x_ha":117,"masculinidad":126,"pct_menor20":23,"pct_60mas":23,"pct_migrante":2,"dependencia_econ":100,"pct_empleados":19,"pct_cuentapropia":71,"pct_agricultura":57,"pct_comercio":0,"pct_manufactura":0,"pct_construccion":10,"pct_transporte":10,"pct_alojamiento":0,"pct_sin_educacion":6,"pct_educ_superior":12,"brecha_educ":-20,"pct_sin_seguro":3,"pct_sus":87,"pct_seguro_privado":0,"brecha_seguro":5,"pct_salud_publica":32,"pct_med_tradicional":5,"pct_automedicacion":28,"pct_remedios_caseros":27,"pct_viv_desocupada":0,"pct_alquiler":9,"pct_electricidad":100,"pct_sin_electricidad":0,"pct_agua_red":100,"pct_alcantarillado":64,"pct_camara_septica":0,"pct_pozo_ciego":18,"pct_sin_desague":18,"pct_gas_red":0,"pct_gas_garrafa":91,"pct_lena_guano":9,"pct_basura_formal":0,"pct_basura_quema":45,"pct_basura_informal":0,"pct_internet":64,"pct_celular":73,"pct_televisor":64}},{"type":"Feature","geometry":{"type":"Polygon","coordinates":[[[-65.03631,-18.20594],[-65.03525,-18.20608],[-65.03472,-18.20633],[-65.03466,-18.20651],[-65.03629,-18.20646],[-65.03631,-18.20594]]]},"properties":{"n":"VILLA GRANADO","p":31,"personas_x_ha":39,"masculinidad":121,"pct_menor20":23,"pct_60mas":35,"pct_migrante":19,"dependencia_econ":55,"pct_empleados":30,"pct_cuentapropia":35,"pct_agricultura":35,"pct_comercio":10,"pct_manufactura":5,"pct_construccion":5,"pct_transporte":0,"pct_alojamiento":15,"pct_sin_educacion":12,"pct_educ_superior":36,"brecha_educ":-39,"pct_sin_seguro":10,"pct_sus":83,"pct_seguro_privado":0,"brecha_seguro":6,"pct_salud_publica":24,"pct_med_tradicional":6,"pct_automedicacion":18,"pct_remedios_caseros":22,"pct_viv_desocupada":5,"pct_alquiler":40,"pct_electricidad":100,"pct_sin_electricidad":0,"pct_agua_red":80,"pct_alcantarillado":100,"pct_camara_septica":0,"pct_pozo_ciego":0,"pct_sin_desague":0,"pct_gas_red":0,"pct_gas_garrafa":87,"pct_lena_guano":13,"pct_basura_formal":0,"pct_basura_quema":93,"pct_basura_informal":0,"pct_internet":53,"pct_celular":87,"pct_televisor":53}},{"type":"Feature","geometry":{"type":"Polygon","coordinates":[[[-65.03561,-18.20756],[-65.03561,-18.20724],[-65.03636,-18.20721],[-65.03639,-18.20766],[-65.03609,-18.20781],[-65.03544,-18.2078],[-65.03543,-18.20772],[-65.03561,-18.20756]]]},"properties":{"n":"VILLA GRANADO","p":26,"personas_x_ha":48,"masculinidad":136,"pct_menor20":23,"pct_60mas":27,"pct_migrante":0,"dependencia_econ":100,"pct_empleados":8,"pct_cuentapropia":69,"pct_agricultura":62,"pct_comercio":8,"pct_manufactura":0,"pct_construccion":8,"pct_transporte":0,"pct_alojamiento":8,"pct_sin_educacion":5,"pct_educ_superior":25,"brecha_educ":10,"pct_sin_seguro":4,"pct_sus":88,"pct_seguro_privado":0,"brecha_seguro":-9,"pct_salud_publica":27,"pct_med_tradicional":8,"pct_automedicacion":28,"pct_remedios_caseros":29,"pct_viv_desocupada":20,"pct_alquiler":12,"pct_electricidad":88,"pct_sin_electricidad":12,"pct_agua_red":88,"pct_alcantarillado":38,"pct_camara_septica":0,"pct_pozo_ciego":25,"pct_sin_desague":38,"pct_gas_red":0,"pct_gas_garrafa":62,"pct_lena_guano":38,"pct_basura_formal":0,"pct_basura_quema":75,"pct_basura_informal":12,"pct_internet":38,"pct_celular":88,"pct_televisor":50}},{"type":"Feature","geometry":{"type":"Polygon","coordinates":[[[-65.03712,-18.20712],[-65.0371,-18.20651],[-65.03901,-18.20647],[-65.039,-18.20674],[-65.03871,-18.207],[-65.03712,-18.20712]]]},"properties":{"n":"VILLA GRANADO","p":24,"personas_x_ha":19,"masculinidad":71,"pct_menor20":12,"pct_60mas":46,"pct_migrante":12,"dependencia_econ":33,"pct_empleados":11,"pct_cuentapropia":72,"pct_agricultura":39,"pct_comercio":28,"pct_manufactura":0,"pct_construccion":6,"pct_transporte":0,"pct_alojamiento":11,"pct_sin_educacion":32,"pct_educ_superior":14,"brecha_educ":-14,"pct_sin_seguro":29,"pct_sus":67,"pct_seguro_privado":0,"brecha_seguro":-16,"pct_salud_publica":21,"pct_med_tradicional":17,"pct_automedicacion":17,"pct_remedios_caseros":18,"pct_viv_desocupada":46,"pct_alquiler":9,"pct_electricidad":100,"pct_sin_electricidad":0,"pct_agua_red":64,"pct_alcantarillado":82,"pct_camara_septica":0,"pct_pozo_ciego":9,"pct_sin_desague":9,"pct_gas_red":0,"pct_gas_garrafa":55,"pct_lena_guano":45,"pct_basura_formal":9,"pct_basura_quema":91,"pct_basura_informal":0,"pct_internet":18,"pct_celular":82,"pct_televisor":45}},{"type":"Feature","geometry":{"type":"Polygon","coordinates":[[[-65.04224,-18.20765],[-65.04057,-18.2075],[-65.03983,-18.20697],[-65.03906,-18.20811],[-65.04093,-18.20859],[-65.04212,-18.20836],[-65.04273,-18.20809],[-65.04303,-18.20783],[-65.04289,-18.20763],[-65.04224,-18.20765]]]},"properties":{"n":"VILLA GRANADO","p":19,"personas_x_ha":5,"masculinidad":138,"pct_menor20":58,"pct_60mas":0,"pct_migrante":0,"dependencia_econ":375,"pct_empleados":25,"pct_cuentapropia":75,"pct_agricultura":25,"pct_comercio":0,"pct_manufactura":0,"pct_construccion":75,"pct_transporte":0,"pct_alojamiento":0,"pct_sin_educacion":0,"pct_educ_superior":0,"brecha_educ":0,"pct_sin_seguro":0,"pct_sus":100,"pct_seguro_privado":0,"brecha_seguro":0,"pct_salud_publica":53,"pct_med_tradicional":0,"pct_automedicacion":0,"pct_remedios_caseros":47,"pct_viv_desocupada":38,"pct_alquiler":0,"pct_electricidad":100,"pct_sin_electricidad":0,"pct_agua_red":25,"pct_alcantarillado":0,"pct_camara_septica":0,"pct_pozo_ciego":75,"pct_sin_desague":25,"pct_gas_red":0,"pct_gas_garrafa":100,"pct_lena_guano":0,"pct_basura_formal":0,"pct_basura_quema":75,"pct_basura_informal":0,"pct_internet":100,"pct_celular":100,"pct_televisor":100}},{"type":"Feature","geometry":{"type":"Polygon","coordinates":[[[-65.03871,-18.20708],[-65.03842,-18.20771],[-65.03901,-18.20808],[-65.03977,-18.20693],[-65.03926,-18.20658],[-65.03871,-18.20708]]]},"properties":{"n":"VILLA GRANADO","p":15,"personas_x_ha":13,"masculinidad":67,"pct_menor20":47,"pct_60mas":0,"pct_migrante":0,"dependencia_econ":114,"pct_empleados":0,"pct_cuentapropia":57,"pct_agricultura":14,"pct_comercio":0,"pct_manufactura":0,"pct_construccion":0,"pct_transporte":14,"pct_alojamiento":14,"pct_sin_educacion":0,"pct_educ_superior":0,"brecha_educ":-7,"pct_sin_seguro":0,"pct_sus":80,"pct_seguro_privado":0,"brecha_seguro":0,"pct_salud_publica":35,"pct_med_tradicional":14,"pct_automedicacion":19,"pct_remedios_caseros":26,"pct_viv_desocupada":13,"pct_alquiler":0,"pct_electricidad":50,"pct_sin_electricidad":50,"pct_agua_red":0,"pct_alcantarillado":0,"pct_camara_septica":0,"pct_pozo_ciego":0,"pct_sin_desague":100,"pct_gas_red":0,"pct_gas_garrafa":50,"pct_lena_guano":50,"pct_basura_formal":0,"pct_basura_quema":75,"pct_basura_informal":25,"pct_internet":75,"pct_celular":100,"pct_televisor":75}},{"type":"Feature","geometry":{"type":"Polygon","coordinates":[[[-65.03879,-18.20616],[-65.03706,-18.2059],[-65.0371,-18.20643],[-65.03859,-18.20635],[-65.03881,-18.20625],[-65.03879,-18.20616]]]},"properties":{"n":"VILLA GRANADO","p":24,"personas_x_ha":34,"masculinidad":60,"pct_menor20":46,"pct_60mas":38,"pct_migrante":4,"dependencia_econ":162,"pct_empleados":12,"pct_cuentapropia":38,"pct_agricultura":50,"pct_comercio":12,"pct_manufactura":0,"pct_construccion":12,"pct_transporte":0,"pct_alojamiento":25,"pct_sin_educacion":27,"pct_educ_superior":18,"brecha_educ":-7,"pct_sin_seguro":0,"pct_sus":86,"pct_seguro_privado":0,"brecha_seguro":0,"pct_salud_publica":28,"pct_med_tradicional":11,"pct_automedicacion":14,"pct_remedios_caseros":27,"pct_viv_desocupada":32,"pct_alquiler":8,"pct_electricidad":100,"pct_sin_electricidad":0,"pct_agua_red":75,"pct_alcantarillado":75,"pct_camara_septica":0,"pct_pozo_ciego":8,"pct_sin_desague":17,"pct_gas_red":0,"pct_gas_garrafa":83,"pct_lena_guano":17,"pct_basura_formal":8,"pct_basura_quema":75,"pct_basura_informal":8,"pct_internet":67,"pct_celular":92,"pct_televisor":83}},{"type":"Feature","geometry":{"type":"Polygon","coordinates":[[[-65.20438,-18.45453],[-65.20348,-18.45416],[-65.20323,-18.45484],[-65.20239,-18.4565],[-65.20295,-18.45663],[-65.20362,-18.45638],[-65.20438,-18.45453]]]},"properties":{"n":"ZAMORA","p":15,"personas_x_ha":5,"masculinidad":67,"pct_menor20":47,"pct_60mas":13,"pct_migrante":7,"dependencia_econ":88,"pct_empleados":0,"pct_cuentapropia":100,"pct_agricultura":62,"pct_comercio":0,"pct_manufactura":12,"pct_construccion":0,"pct_transporte":0,"pct_alojamiento":0,"pct_sin_educacion":11,"pct_educ_superior":0,"brecha_educ":10,"pct_sin_seguro":0,"pct_sus":100,"pct_seguro_privado":0,"brecha_seguro":0,"pct_salud_publica":36,"pct_med_tradicional":5,"pct_automedicacion":10,"pct_remedios_caseros":24,"pct_viv_desocupada":12,"pct_alquiler":0,"pct_electricidad":100,"pct_sin_electricidad":0,"pct_agua_red":50,"pct_alcantarillado":0,"pct_camara_septica":0,"pct_pozo_ciego":100,"pct_sin_desague":0,"pct_gas_red":0,"pct_gas_garrafa":100,"pct_lena_guano":0,"pct_basura_formal":0,"pct_basura_quema":75,"pct_basura_informal":25,"pct_internet":75,"pct_celular":100,"pct_televisor":100}},{"type":"Feature","geometry":{"type":"Polygon","coordinates":[[[-65.20278,-18.45533],[-65.20313,-18.45456],[-65.20232,-18.45411],[-65.2019,-18.45515],[-65.20092,-18.45483],[-65.20078,-18.45533],[-65.20165,-18.45563],[-65.20185,-18.45557],[-65.20247,-18.45589],[-65.20277,-18.45536],[-65.20233,-18.45515],[-65.20278,-18.45533]]]},"properties":{"n":"ZAMORA","p":68,"personas_x_ha":31,"masculinidad":119,"pct_menor20":44,"pct_60mas":3,"pct_migrante":10,"dependencia_econ":109,"pct_empleados":6,"pct_cuentapropia":78,"pct_agricultura":62,"pct_comercio":16,"pct_manufactura":0,"pct_construccion":3,"pct_transporte":0,"pct_alojamiento":0,"pct_sin_educacion":0,"pct_educ_superior":8,"brecha_educ":4,"pct_sin_seguro":6,"pct_sus":93,"pct_seguro_privado":1,"brecha_seguro":5,"pct_salud_publica":28,"pct_med_tradicional":14,"pct_automedicacion":21,"pct_remedios_caseros":27,"pct_viv_desocupada":0,"pct_alquiler":13,"pct_electricidad":100,"pct_sin_electricidad":0,"pct_agua_red":60,"pct_alcantarillado":7,"pct_camara_septica":0,"pct_pozo_ciego":53,"pct_sin_desague":27,"pct_gas_red":0,"pct_gas_garrafa":73,"pct_lena_guano":27,"pct_basura_formal":20,"pct_basura_quema":67,"pct_basura_informal":13,"pct_internet":40,"pct_celular":87,"pct_televisor":87}}]}