{"type":"FeatureCollection","features":[{"type":"Feature","geometry":{"type":"Polygon","coordinates":[[[-67.56927,-14.36934],[-67.56925,-14.369],[-67.56925,-14.36934],[-67.56824,-14.36931],[-67.56842,-14.36849],[-67.56874,-14.36847],[-67.56843,-14.36847],[-67.56851,-14.36809],[-67.56921,-14.36833],[-67.56934,-14.36861],[-67.57067,-14.36923],[-67.571,-14.3691],[-67.57193,-14.36947],[-67.5717,-14.37006],[-67.56993,-14.36944],[-67.56927,-14.36934]]]},"properties":{"n":"BUENA VISTA","p":63,"personas_x_ha":20,"masculinidad":97,"pct_menor20":38,"pct_60mas":14,"pct_migrante":22,"dependencia_econ":85,"pct_empleados":29,"pct_cuentapropia":56,"pct_agricultura":56,"pct_comercio":15,"pct_manufactura":3,"pct_construccion":9,"pct_transporte":9,"pct_alojamiento":0,"pct_sin_educacion":5,"pct_educ_superior":10,"brecha_educ":-14,"pct_sin_seguro":21,"pct_sus":63,"pct_seguro_privado":0,"brecha_seguro":10,"pct_salud_publica":23,"pct_med_tradicional":13,"pct_automedicacion":16,"pct_remedios_caseros":23,"pct_viv_desocupada":0,"pct_alquiler":0,"pct_electricidad":85,"pct_sin_electricidad":15,"pct_agua_red":80,"pct_alcantarillado":5,"pct_camara_septica":15,"pct_pozo_ciego":65,"pct_sin_desague":10,"pct_gas_red":0,"pct_gas_garrafa":65,"pct_lena_guano":65,"pct_basura_formal":10,"pct_basura_quema":80,"pct_basura_informal":0,"pct_internet":50,"pct_celular":65,"pct_televisor":45}},{"type":"Feature","geometry":{"type":"Polygon","coordinates":[[[-67.56698,-14.37077],[-67.56678,-14.37007],[-67.56733,-14.36987],[-67.56746,-14.37007],[-67.56765,-14.37006],[-67.56779,-14.37037],[-67.56698,-14.37077]]]},"properties":{"n":"BUENA VISTA","p":33,"personas_x_ha":54,"masculinidad":94,"pct_menor20":36,"pct_60mas":12,"pct_migrante":36,"dependencia_econ":57,"pct_empleados":19,"pct_cuentapropia":57,"pct_agricultura":62,"pct_comercio":19,"pct_manufactura":0,"pct_construccion":5,"pct_transporte":5,"pct_alojamiento":5,"pct_sin_educacion":0,"pct_educ_superior":14,"brecha_educ":-25,"pct_sin_seguro":0,"pct_sus":88,"pct_seguro_privado":0,"brecha_seguro":0,"pct_salud_publica":37,"pct_med_tradicional":5,"pct_automedicacion":5,"pct_remedios_caseros":36,"pct_viv_desocupada":0,"pct_alquiler":0,"pct_electricidad":91,"pct_sin_electricidad":9,"pct_agua_red":91,"pct_alcantarillado":0,"pct_camara_septica":55,"pct_pozo_ciego":45,"pct_sin_desague":0,"pct_gas_red":0,"pct_gas_garrafa":82,"pct_lena_guano":82,"pct_basura_formal":0,"pct_basura_quema":91,"pct_basura_informal":0,"pct_internet":45,"pct_celular":73,"pct_televisor":55}},{"type":"Feature","geometry":{"type":"Polygon","coordinates":[[[-67.56669,-14.3701],[-67.56579,-14.37031],[-67.56598,-14.37103],[-67.56688,-14.37083],[-67.56669,-14.3701]]]},"properties":{"n":"BUENA VISTA","p":27,"personas_x_ha":32,"masculinidad":59,"pct_menor20":48,"pct_60mas":4,"pct_migrante":33,"dependencia_econ":170,"pct_empleados":0,"pct_cuentapropia":70,"pct_agricultura":40,"pct_comercio":40,"pct_manufactura":0,"pct_construccion":0,"pct_transporte":10,"pct_alojamiento":0,"pct_sin_educacion":0,"pct_educ_superior":29,"brecha_educ":9,"pct_sin_seguro":11,"pct_sus":78,"pct_seguro_privado":0,"brecha_seguro":14,"pct_salud_publica":34,"pct_med_tradicional":10,"pct_automedicacion":6,"pct_remedios_caseros":30,"pct_viv_desocupada":0,"pct_alquiler":0,"pct_electricidad":89,"pct_sin_electricidad":11,"pct_agua_red":89,"pct_alcantarillado":11,"pct_camara_septica":67,"pct_pozo_ciego":11,"pct_sin_desague":11,"pct_gas_red":0,"pct_gas_garrafa":89,"pct_lena_guano":89,"pct_basura_formal":11,"pct_basura_quema":67,"pct_basura_informal":22,"pct_internet":100,"pct_celular":100,"pct_televisor":56}},{"type":"Feature","geometry":{"type":"Polygon","coordinates":[[[-67.56816,-14.36931],[-67.56765,-14.36904],[-67.56783,-14.3685],[-67.56762,-14.36905],[-67.56812,-14.36937],[-67.56763,-14.36945],[-67.56721,-14.36988],[-67.56674,-14.37001],[-67.56659,-14.36945],[-67.56672,-14.37002],[-67.56463,-14.37051],[-67.56431,-14.37089],[-67.56418,-14.37087],[-67.56373,-14.37054],[-67.56378,-14.37031],[-67.56753,-14.36778],[-67.56842,-14.36818],[-67.56816,-14.36931]]]},"properties":{"n":"BUENA VISTA","p":68,"personas_x_ha":10,"masculinidad":119,"pct_menor20":44,"pct_60mas":13,"pct_migrante":25,"dependencia_econ":143,"pct_empleados":21,"pct_cuentapropia":64,"pct_agricultura":68,"pct_comercio":7,"pct_manufactura":4,"pct_construccion":11,"pct_transporte":7,"pct_alojamiento":0,"pct_sin_educacion":0,"pct_educ_superior":5,"brecha_educ":-13,"pct_sin_seguro":10,"pct_sus":82,"pct_seguro_privado":0,"brecha_seguro":7,"pct_salud_publica":35,"pct_med_tradicional":9,"pct_automedicacion":10,"pct_remedios_caseros":30,"pct_viv_desocupada":6,"pct_alquiler":0,"pct_electricidad":94,"pct_sin_electricidad":0,"pct_agua_red":88,"pct_alcantarillado":0,"pct_camara_septica":41,"pct_pozo_ciego":35,"pct_sin_desague":6,"pct_gas_red":0,"pct_gas_garrafa":71,"pct_lena_guano":71,"pct_basura_formal":6,"pct_basura_quema":88,"pct_basura_informal":0,"pct_internet":76,"pct_celular":88,"pct_televisor":59}},{"type":"Feature","geometry":{"type":"Polygon","coordinates":[[[-67.56735,-14.37187],[-67.56708,-14.371],[-67.56782,-14.37081],[-67.56823,-14.37238],[-67.56764,-14.37275],[-67.56712,-14.37204],[-67.56733,-14.37188],[-67.56776,-14.37243],[-67.56735,-14.37187]]]},"properties":{"n":"BUENA VISTA","p":16,"personas_x_ha":10,"masculinidad":220,"pct_menor20":25,"pct_60mas":6,"pct_migrante":69,"dependencia_econ":78,"pct_empleados":33,"pct_cuentapropia":56,"pct_agricultura":56,"pct_comercio":0,"pct_manufactura":11,"pct_construccion":0,"pct_transporte":0,"pct_alojamiento":0,"pct_sin_educacion":8,"pct_educ_superior":17,"brecha_educ":12,"pct_sin_seguro":6,"pct_sus":94,"pct_seguro_privado":0,"brecha_seguro":9,"pct_salud_publica":32,"pct_med_tradicional":12,"pct_automedicacion":20,"pct_remedios_caseros":30,"pct_viv_desocupada":0,"pct_alquiler":0,"pct_electricidad":38,"pct_sin_electricidad":62,"pct_agua_red":38,"pct_alcantarillado":0,"pct_camara_septica":0,"pct_pozo_ciego":38,"pct_sin_desague":62,"pct_gas_red":0,"pct_gas_garrafa":50,"pct_lena_guano":50,"pct_basura_formal":0,"pct_basura_quema":75,"pct_basura_informal":0,"pct_internet":88,"pct_celular":88,"pct_televisor":12}},{"type":"Feature","geometry":{"type":"Polygon","coordinates":[[[-67.56889,-14.36944],[-67.56973,-14.36951],[-67.56947,-14.37039],[-67.56859,-14.37],[-67.56784,-14.37002],[-67.56755,-14.36967],[-67.56821,-14.36943],[-67.56887,-14.36943],[-67.56886,-14.36978],[-67.56889,-14.36944]]]},"properties":{"n":"BUENA VISTA","p":33,"personas_x_ha":22,"masculinidad":154,"pct_menor20":36,"pct_60mas":9,"pct_migrante":61,"dependencia_econ":83,"pct_empleados":28,"pct_cuentapropia":56,"pct_agricultura":39,"pct_comercio":17,"pct_manufactura":6,"pct_construccion":0,"pct_transporte":0,"pct_alojamiento":6,"pct_sin_educacion":0,"pct_educ_superior":32,"brecha_educ":9,"pct_sin_seguro":9,"pct_sus":73,"pct_seguro_privado":0,"brecha_seguro":15,"pct_salud_publica":67,"pct_med_tradicional":9,"pct_automedicacion":4,"pct_remedios_caseros":9,"pct_viv_desocupada":0,"pct_alquiler":0,"pct_electricidad":100,"pct_sin_electricidad":0,"pct_agua_red":100,"pct_alcantarillado":0,"pct_camara_septica":25,"pct_pozo_ciego":38,"pct_sin_desague":38,"pct_gas_red":0,"pct_gas_garrafa":100,"pct_lena_guano":100,"pct_basura_formal":12,"pct_basura_quema":50,"pct_basura_informal":25,"pct_internet":100,"pct_celular":100,"pct_televisor":62}},{"type":"Feature","geometry":{"type":"Polygon","coordinates":[[[-67.79085,-14.17444],[-67.79024,-14.17409],[-67.79001,-14.17445],[-67.7906,-14.17476],[-67.79085,-14.17444]]]},"properties":{"n":"LA ESMERALDA","p":26,"personas_x_ha":76,"masculinidad":271,"pct_menor20":15,"pct_60mas":19,"pct_migrante":88,"dependencia_econ":37,"pct_empleados":11,"pct_cuentapropia":89,"pct_agricultura":79,"pct_comercio":5,"pct_manufactura":0,"pct_construccion":0,"pct_transporte":16,"pct_alojamiento":0,"pct_sin_educacion":5,"pct_educ_superior":23,"brecha_educ":-2,"pct_sin_seguro":16,"pct_sus":80,"pct_seguro_privado":0,"brecha_seguro":-1,"pct_salud_publica":30,"pct_med_tradicional":23,"pct_automedicacion":11,"pct_remedios_caseros":28,"pct_viv_desocupada":0,"pct_alquiler":17,"pct_electricidad":100,"pct_sin_electricidad":0,"pct_agua_red":100,"pct_alcantarillado":0,"pct_camara_septica":17,"pct_pozo_ciego":67,"pct_sin_desague":17,"pct_gas_red":0,"pct_gas_garrafa":50,"pct_lena_guano":50,"pct_basura_formal":0,"pct_basura_quema":100,"pct_basura_informal":0,"pct_internet":17,"pct_celular":100,"pct_televisor":67}},{"type":"Feature","geometry":{"type":"Polygon","coordinates":[[[-67.78795,-14.17488],[-67.78891,-14.17502],[-67.78936,-14.17525],[-67.7896,-14.17488],[-67.78902,-14.17463],[-67.78805,-14.17456],[-67.78795,-14.17488]]]},"properties":{"n":"LA ESMERALDA","p":32,"personas_x_ha":44,"masculinidad":100,"pct_menor20":38,"pct_60mas":9,"pct_migrante":72,"dependencia_econ":191,"pct_empleados":0,"pct_cuentapropia":91,"pct_agricultura":64,"pct_comercio":9,"pct_manufactura":9,"pct_construccion":0,"pct_transporte":9,"pct_alojamiento":9,"pct_sin_educacion":10,"pct_educ_superior":0,"brecha_educ":0,"pct_sin_seguro":6,"pct_sus":94,"pct_seguro_privado":0,"brecha_seguro":12,"pct_salud_publica":36,"pct_med_tradicional":10,"pct_automedicacion":5,"pct_remedios_caseros":40,"pct_viv_desocupada":0,"pct_alquiler":33,"pct_electricidad":83,"pct_sin_electricidad":17,"pct_agua_red":100,"pct_alcantarillado":0,"pct_camara_septica":0,"pct_pozo_ciego":83,"pct_sin_desague":17,"pct_gas_red":0,"pct_gas_garrafa":25,"pct_lena_guano":25,"pct_basura_formal":0,"pct_basura_quema":100,"pct_basura_informal":0,"pct_internet":33,"pct_celular":58,"pct_televisor":25}},{"type":"Feature","geometry":{"type":"Polygon","coordinates":[[[-67.79219,-14.17546],[-67.79191,-14.17503],[-67.79031,-14.17402],[-67.79058,-14.17361],[-67.78997,-14.17319],[-67.79013,-14.17296],[-67.79145,-14.17398],[-67.79134,-14.17413],[-67.79223,-14.17492],[-67.79246,-14.17533],[-67.79219,-14.17546]]]},"properties":{"n":"LA ESMERALDA","p":17,"personas_x_ha":11,"masculinidad":467,"pct_menor20":0,"pct_60mas":29,"pct_migrante":88,"dependencia_econ":6,"pct_empleados":19,"pct_cuentapropia":69,"pct_agricultura":69,"pct_comercio":6,"pct_manufactura":0,"pct_construccion":19,"pct_transporte":6,"pct_alojamiento":0,"pct_sin_educacion":0,"pct_educ_superior":0,"brecha_educ":2,"pct_sin_seguro":18,"pct_sus":82,"pct_seguro_privado":0,"brecha_seguro":21,"pct_salud_publica":26,"pct_med_tradicional":15,"pct_automedicacion":20,"pct_remedios_caseros":21,"pct_viv_desocupada":0,"pct_alquiler":0,"pct_electricidad":67,"pct_sin_electricidad":33,"pct_agua_red":56,"pct_alcantarillado":0,"pct_camara_septica":11,"pct_pozo_ciego":67,"pct_sin_desague":22,"pct_gas_red":0,"pct_gas_garrafa":67,"pct_lena_guano":67,"pct_basura_formal":0,"pct_basura_quema":78,"pct_basura_informal":22,"pct_internet":33,"pct_celular":78,"pct_televisor":11}},{"type":"Feature","geometry":{"type":"Polygon","coordinates":[[[-67.79069,-14.17487],[-67.79048,-14.17519],[-67.79112,-14.17549],[-67.79132,-14.1752],[-67.79069,-14.17487]]]},"properties":{"n":"LA ESMERALDA","p":18,"personas_x_ha":58,"masculinidad":80,"pct_menor20":28,"pct_60mas":6,"pct_migrante":67,"dependencia_econ":25,"pct_empleados":8,"pct_cuentapropia":75,"pct_agricultura":75,"pct_comercio":8,"pct_manufactura":0,"pct_construccion":8,"pct_transporte":0,"pct_alojamiento":8,"pct_sin_educacion":0,"pct_educ_superior":0,"brecha_educ":30,"pct_sin_seguro":0,"pct_sus":100,"pct_seguro_privado":0,"brecha_seguro":0,"pct_salud_publica":24,"pct_med_tradicional":15,"pct_automedicacion":19,"pct_remedios_caseros":22,"pct_viv_desocupada":0,"pct_alquiler":0,"pct_electricidad":100,"pct_sin_electricidad":0,"pct_agua_red":100,"pct_alcantarillado":17,"pct_camara_septica":17,"pct_pozo_ciego":67,"pct_sin_desague":0,"pct_gas_red":0,"pct_gas_garrafa":50,"pct_lena_guano":50,"pct_basura_formal":0,"pct_basura_quema":100,"pct_basura_informal":0,"pct_internet":67,"pct_celular":83,"pct_televisor":67}},{"type":"Feature","geometry":{"type":"Polygon","coordinates":[[[-67.79155,-14.17485],[-67.79094,-14.1745],[-67.79072,-14.17483],[-67.79135,-14.17515],[-67.79155,-14.17485]]]},"properties":{"n":"LA ESMERALDA","p":20,"personas_x_ha":64,"masculinidad":150,"pct_menor20":30,"pct_60mas":0,"pct_migrante":50,"dependencia_econ":54,"pct_empleados":0,"pct_cuentapropia":100,"pct_agricultura":92,"pct_comercio":0,"pct_manufactura":8,"pct_construccion":0,"pct_transporte":0,"pct_alojamiento":0,"pct_sin_educacion":7,"pct_educ_superior":7,"brecha_educ":-45,"pct_sin_seguro":5,"pct_sus":95,"pct_seguro_privado":0,"brecha_seguro":8,"pct_salud_publica":32,"pct_med_tradicional":27,"pct_automedicacion":5,"pct_remedios_caseros":32,"pct_viv_desocupada":0,"pct_alquiler":12,"pct_electricidad":100,"pct_sin_electricidad":0,"pct_agua_red":100,"pct_alcantarillado":0,"pct_camara_septica":0,"pct_pozo_ciego":100,"pct_sin_desague":0,"pct_gas_red":0,"pct_gas_garrafa":62,"pct_lena_guano":62,"pct_basura_formal":0,"pct_basura_quema":100,"pct_basura_informal":0,"pct_internet":50,"pct_celular":100,"pct_televisor":25}},{"type":"Feature","geometry":{"type":"Polygon","coordinates":[[[-67.79122,-14.17623],[-67.79214,-14.17551],[-67.79197,-14.1752],[-67.79165,-14.17498],[-67.79096,-14.17589],[-67.79122,-14.17623]]]},"properties":{"n":"LA ESMERALDA","p":22,"personas_x_ha":26,"masculinidad":120,"pct_menor20":27,"pct_60mas":0,"pct_migrante":55,"dependencia_econ":57,"pct_empleados":29,"pct_cuentapropia":64,"pct_agricultura":50,"pct_comercio":0,"pct_manufactura":14,"pct_construccion":14,"pct_transporte":0,"pct_alojamiento":7,"pct_sin_educacion":0,"pct_educ_superior":12,"brecha_educ":-23,"pct_sin_seguro":5,"pct_sus":91,"pct_seguro_privado":0,"brecha_seguro":8,"pct_salud_publica":26,"pct_med_tradicional":18,"pct_automedicacion":19,"pct_remedios_caseros":22,"pct_viv_desocupada":0,"pct_alquiler":0,"pct_electricidad":88,"pct_sin_electricidad":0,"pct_agua_red":100,"pct_alcantarillado":12,"pct_camara_septica":12,"pct_pozo_ciego":62,"pct_sin_desague":12,"pct_gas_red":0,"pct_gas_garrafa":88,"pct_lena_guano":88,"pct_basura_formal":0,"pct_basura_quema":88,"pct_basura_informal":0,"pct_internet":38,"pct_celular":88,"pct_televisor":25}},{"type":"Feature","geometry":{"type":"Polygon","coordinates":[[[-67.55211,-14.41775],[-67.55155,-14.41824],[-67.55205,-14.41878],[-67.55264,-14.41834],[-67.55211,-14.41775]]]},"properties":{"n":"SAN BUENAVENTURA","p":44,"personas_x_ha":63,"masculinidad":132,"pct_menor20":50,"pct_60mas":5,"pct_migrante":45,"dependencia_econ":83,"pct_empleados":62,"pct_cuentapropia":25,"pct_agricultura":21,"pct_comercio":21,"pct_manufactura":8,"pct_construccion":8,"pct_transporte":12,"pct_alojamiento":12,"pct_sin_educacion":0,"pct_educ_superior":4,"brecha_educ":6,"pct_sin_seguro":21,"pct_sus":77,"pct_seguro_privado":2,"brecha_seguro":9,"pct_salud_publica":38,"pct_med_tradicional":14,"pct_automedicacion":12,"pct_remedios_caseros":23,"pct_viv_desocupada":33,"pct_alquiler":0,"pct_electricidad":100,"pct_sin_electricidad":0,"pct_agua_red":57,"pct_alcantarillado":0,"pct_camara_septica":29,"pct_pozo_ciego":71,"pct_sin_desague":0,"pct_gas_red":0,"pct_gas_garrafa":86,"pct_lena_guano":86,"pct_basura_formal":100,"pct_basura_quema":0,"pct_basura_informal":0,"pct_internet":86,"pct_celular":100,"pct_televisor":71}},{"type":"Feature","geometry":{"type":"Polygon","coordinates":[[[-67.55396,-14.41712],[-67.55453,-14.41662],[-67.55402,-14.41606],[-67.55346,-14.41653],[-67.55396,-14.41712]]]},"properties":{"n":"SAN BUENAVENTURA","p":31,"personas_x_ha":45,"masculinidad":121,"pct_menor20":45,"pct_60mas":10,"pct_migrante":65,"dependencia_econ":138,"pct_empleados":54,"pct_cuentapropia":38,"pct_agricultura":31,"pct_comercio":0,"pct_manufactura":8,"pct_construccion":0,"pct_transporte":0,"pct_alojamiento":15,"pct_sin_educacion":0,"pct_educ_superior":35,"brecha_educ":15,"pct_sin_seguro":13,"pct_sus":68,"pct_seguro_privado":0,"brecha_seguro":11,"pct_salud_publica":23,"pct_med_tradicional":9,"pct_automedicacion":21,"pct_remedios_caseros":21,"pct_viv_desocupada":10,"pct_alquiler":25,"pct_electricidad":75,"pct_sin_electricidad":25,"pct_agua_red":88,"pct_alcantarillado":12,"pct_camara_septica":62,"pct_pozo_ciego":12,"pct_sin_desague":12,"pct_gas_red":0,"pct_gas_garrafa":100,"pct_lena_guano":100,"pct_basura_formal":88,"pct_basura_quema":12,"pct_basura_informal":0,"pct_internet":88,"pct_celular":88,"pct_televisor":75}},{"type":"Feature","geometry":{"type":"Polygon","coordinates":[[[-67.53871,-14.43216],[-67.53924,-14.43217],[-67.53925,-14.43171],[-67.53855,-14.43168],[-67.53829,-14.43181],[-67.53827,-14.43215],[-67.53868,-14.43216],[-67.53873,-14.43186],[-67.53871,-14.43216]]]},"properties":{"n":"SAN BUENAVENTURA","p":54,"personas_x_ha":105,"masculinidad":80,"pct_menor20":48,"pct_60mas":2,"pct_migrante":41,"dependencia_econ":152,"pct_empleados":29,"pct_cuentapropia":48,"pct_agricultura":0,"pct_comercio":14,"pct_manufactura":19,"pct_construccion":24,"pct_transporte":10,"pct_alojamiento":10,"pct_sin_educacion":4,"pct_educ_superior":41,"brecha_educ":3,"pct_sin_seguro":6,"pct_sus":89,"pct_seguro_privado":0,"brecha_seguro":-2,"pct_salud_publica":28,"pct_med_tradicional":10,"pct_automedicacion":14,"pct_remedios_caseros":26,"pct_viv_desocupada":20,"pct_alquiler":0,"pct_electricidad":100,"pct_sin_electricidad":0,"pct_agua_red":92,"pct_alcantarillado":100,"pct_camara_septica":0,"pct_pozo_ciego":0,"pct_sin_desague":0,"pct_gas_red":0,"pct_gas_garrafa":100,"pct_lena_guano":100,"pct_basura_formal":100,"pct_basura_quema":0,"pct_basura_informal":0,"pct_internet":75,"pct_celular":83,"pct_televisor":75}},{"type":"Feature","geometry":{"type":"Polygon","coordinates":[[[-67.54054,-14.43007],[-67.54145,-14.43009],[-67.54149,-14.42921],[-67.54058,-14.42917],[-67.54054,-14.43007]]]},"properties":{"n":"SAN BUENAVENTURA","p":19,"personas_x_ha":20,"masculinidad":171,"pct_menor20":58,"pct_60mas":0,"pct_migrante":53,"dependencia_econ":111,"pct_empleados":33,"pct_cuentapropia":44,"pct_agricultura":44,"pct_comercio":0,"pct_manufactura":22,"pct_construccion":0,"pct_transporte":0,"pct_alojamiento":0,"pct_sin_educacion":0,"pct_educ_superior":38,"brecha_educ":0,"pct_sin_seguro":0,"pct_sus":100,"pct_seguro_privado":0,"brecha_seguro":0,"pct_salud_publica":36,"pct_med_tradicional":17,"pct_automedicacion":19,"pct_remedios_caseros":21,"pct_viv_desocupada":50,"pct_alquiler":25,"pct_electricidad":100,"pct_sin_electricidad":0,"pct_agua_red":100,"pct_alcantarillado":50,"pct_camara_septica":0,"pct_pozo_ciego":25,"pct_sin_desague":0,"pct_gas_red":0,"pct_gas_garrafa":100,"pct_lena_guano":100,"pct_basura_formal":100,"pct_basura_quema":0,"pct_basura_informal":0,"pct_internet":75,"pct_celular":75,"pct_televisor":100}},{"type":"Feature","geometry":{"type":"Polygon","coordinates":[[[-67.54383,-14.43387],[-67.54269,-14.43265],[-67.54252,-14.43279],[-67.54269,-14.43295],[-67.54271,-14.43305],[-67.5425,-14.4328],[-67.542,-14.43325],[-67.54238,-14.43362],[-67.54276,-14.4334],[-67.5424,-14.43364],[-67.54308,-14.43435],[-67.54383,-14.43387]]]},"properties":{"n":"SAN BUENAVENTURA","p":33,"personas_x_ha":19,"masculinidad":106,"pct_menor20":33,"pct_60mas":12,"pct_migrante":39,"dependencia_econ":83,"pct_empleados":44,"pct_cuentapropia":44,"pct_agricultura":50,"pct_comercio":11,"pct_manufactura":0,"pct_construccion":6,"pct_transporte":17,"pct_alojamiento":0,"pct_sin_educacion":9,"pct_educ_superior":39,"brecha_educ":-3,"pct_sin_seguro":9,"pct_sus":76,"pct_seguro_privado":0,"brecha_seguro":18,"pct_salud_publica":51,"pct_med_tradicional":9,"pct_automedicacion":4,"pct_remedios_caseros":15,"pct_viv_desocupada":7,"pct_alquiler":0,"pct_electricidad":92,"pct_sin_electricidad":8,"pct_agua_red":92,"pct_alcantarillado":8,"pct_camara_septica":50,"pct_pozo_ciego":42,"pct_sin_desague":0,"pct_gas_red":0,"pct_gas_garrafa":83,"pct_lena_guano":83,"pct_basura_formal":75,"pct_basura_quema":17,"pct_basura_informal":17,"pct_internet":75,"pct_celular":83,"pct_televisor":75}},{"type":"Feature","geometry":{"type":"Polygon","coordinates":[[[-67.55726,-14.41639],[-67.55798,-14.41573],[-67.5573,-14.41482],[-67.55682,-14.41511],[-67.55704,-14.41633],[-67.5571,-14.41641],[-67.55726,-14.41639]]]},"properties":{"n":"SAN BUENAVENTURA","p":25,"personas_x_ha":20,"masculinidad":92,"pct_menor20":44,"pct_60mas":16,"pct_migrante":28,"dependencia_econ":150,"pct_empleados":10,"pct_cuentapropia":80,"pct_agricultura":40,"pct_comercio":30,"pct_manufactura":20,"pct_construccion":0,"pct_transporte":0,"pct_alojamiento":0,"pct_sin_educacion":7,"pct_educ_superior":0,"brecha_educ":-14,"pct_sin_seguro":12,"pct_sus":88,"pct_seguro_privado":0,"brecha_seguro":-7,"pct_salud_publica":28,"pct_med_tradicional":9,"pct_automedicacion":28,"pct_remedios_caseros":26,"pct_viv_desocupada":25,"pct_alquiler":0,"pct_electricidad":67,"pct_sin_electricidad":33,"pct_agua_red":83,"pct_alcantarillado":0,"pct_camara_septica":0,"pct_pozo_ciego":67,"pct_sin_desague":17,"pct_gas_red":0,"pct_gas_garrafa":67,"pct_lena_guano":67,"pct_basura_formal":83,"pct_basura_quema":17,"pct_basura_informal":0,"pct_internet":83,"pct_celular":83,"pct_televisor":67}},{"type":"Feature","geometry":{"type":"Polygon","coordinates":[[[-67.53792,-14.43534],[-67.53701,-14.43533],[-67.53696,-14.43621],[-67.53789,-14.4362],[-67.53792,-14.43534]]]},"properties":{"n":"SAN BUENAVENTURA","p":35,"personas_x_ha":36,"masculinidad":106,"pct_menor20":31,"pct_60mas":14,"pct_migrante":43,"dependencia_econ":59,"pct_empleados":14,"pct_cuentapropia":77,"pct_agricultura":14,"pct_comercio":23,"pct_manufactura":14,"pct_construccion":5,"pct_transporte":9,"pct_alojamiento":9,"pct_sin_educacion":0,"pct_educ_superior":42,"brecha_educ":8,"pct_sin_seguro":9,"pct_sus":71,"pct_seguro_privado":3,"brecha_seguro":5,"pct_salud_publica":26,"pct_med_tradicional":14,"pct_automedicacion":8,"pct_remedios_caseros":25,"pct_viv_desocupada":0,"pct_alquiler":42,"pct_electricidad":100,"pct_sin_electricidad":0,"pct_agua_red":100,"pct_alcantarillado":75,"pct_camara_septica":8,"pct_pozo_ciego":17,"pct_sin_desague":0,"pct_gas_red":0,"pct_gas_garrafa":75,"pct_lena_guano":75,"pct_basura_formal":100,"pct_basura_quema":0,"pct_basura_informal":0,"pct_internet":83,"pct_celular":83,"pct_televisor":75}},{"type":"Feature","geometry":{"type":"Polygon","coordinates":[[[-67.5394,-14.43534],[-67.53808,-14.43531],[-67.53803,-14.4362],[-67.53837,-14.4362],[-67.5394,-14.43534]]]},"properties":{"n":"SAN BUENAVENTURA","p":41,"personas_x_ha":45,"masculinidad":95,"pct_menor20":44,"pct_60mas":7,"pct_migrante":51,"dependencia_econ":116,"pct_empleados":53,"pct_cuentapropia":32,"pct_agricultura":11,"pct_comercio":21,"pct_manufactura":0,"pct_construccion":16,"pct_transporte":5,"pct_alojamiento":5,"pct_sin_educacion":4,"pct_educ_superior":61,"brecha_educ":1,"pct_sin_seguro":10,"pct_sus":63,"pct_seguro_privado":0,"brecha_seguro":10,"pct_salud_publica":28,"pct_med_tradicional":15,"pct_automedicacion":13,"pct_remedios_caseros":28,"pct_viv_desocupada":20,"pct_alquiler":60,"pct_electricidad":100,"pct_sin_electricidad":0,"pct_agua_red":90,"pct_alcantarillado":100,"pct_camara_septica":0,"pct_pozo_ciego":0,"pct_sin_desague":0,"pct_gas_red":0,"pct_gas_garrafa":100,"pct_lena_guano":100,"pct_basura_formal":100,"pct_basura_quema":0,"pct_basura_informal":0,"pct_internet":90,"pct_celular":90,"pct_televisor":90}},{"type":"Feature","geometry":{"type":"Polygon","coordinates":[[[-67.53833,-14.43643],[-67.53801,-14.43681],[-67.53754,-14.43805],[-67.53754,-14.43829],[-67.53801,-14.43831],[-67.538,-14.4379],[-67.53836,-14.43732],[-67.53896,-14.43703],[-67.53842,-14.43642],[-67.53833,-14.43643]]]},"properties":{"n":"SAN BUENAVENTURA","p":18,"personas_x_ha":15,"masculinidad":100,"pct_menor20":39,"pct_60mas":22,"pct_migrante":39,"dependencia_econ":29,"pct_empleados":57,"pct_cuentapropia":7,"pct_agricultura":21,"pct_comercio":21,"pct_manufactura":7,"pct_construccion":14,"pct_transporte":0,"pct_alojamiento":7,"pct_sin_educacion":8,"pct_educ_superior":50,"brecha_educ":-11,"pct_sin_seguro":17,"pct_sus":50,"pct_seguro_privado":0,"brecha_seguro":11,"pct_salud_publica":22,"pct_med_tradicional":20,"pct_automedicacion":20,"pct_remedios_caseros":22,"pct_viv_desocupada":22,"pct_alquiler":14,"pct_electricidad":100,"pct_sin_electricidad":0,"pct_agua_red":100,"pct_alcantarillado":86,"pct_camara_septica":0,"pct_pozo_ciego":14,"pct_sin_desague":0,"pct_gas_red":0,"pct_gas_garrafa":100,"pct_lena_guano":100,"pct_basura_formal":100,"pct_basura_quema":0,"pct_basura_informal":0,"pct_internet":100,"pct_celular":100,"pct_televisor":86}},{"type":"Feature","geometry":{"type":"Polygon","coordinates":[[[-67.54547,-14.43011],[-67.54507,-14.4306],[-67.54436,-14.43123],[-67.54503,-14.432],[-67.54633,-14.43083],[-67.54578,-14.43018],[-67.54547,-14.43011]]]},"properties":{"n":"SAN BUENAVENTURA","p":80,"personas_x_ha":37,"masculinidad":74,"pct_menor20":49,"pct_60mas":10,"pct_migrante":46,"dependencia_econ":111,"pct_empleados":55,"pct_cuentapropia":34,"pct_agricultura":18,"pct_comercio":37,"pct_manufactura":0,"pct_construccion":5,"pct_transporte":8,"pct_alojamiento":11,"pct_sin_educacion":9,"pct_educ_superior":14,"brecha_educ":-17,"pct_sin_seguro":15,"pct_sus":85,"pct_seguro_privado":0,"brecha_seguro":10,"pct_salud_publica":33,"pct_med_tradicional":6,"pct_automedicacion":20,"pct_remedios_caseros":26,"pct_viv_desocupada":0,"pct_alquiler":0,"pct_electricidad":95,"pct_sin_electricidad":5,"pct_agua_red":95,"pct_alcantarillado":27,"pct_camara_septica":32,"pct_pozo_ciego":18,"pct_sin_desague":18,"pct_gas_red":0,"pct_gas_garrafa":82,"pct_lena_guano":82,"pct_basura_formal":82,"pct_basura_quema":14,"pct_basura_informal":0,"pct_internet":50,"pct_celular":64,"pct_televisor":55}},{"type":"Feature","geometry":{"type":"Polygon","coordinates":[[[-67.54125,-14.43346],[-67.53819,-14.43331],[-67.5381,-14.43519],[-67.53954,-14.43519],[-67.54111,-14.4338],[-67.54125,-14.43346]]]},"properties":{"n":"SAN BUENAVENTURA","p":118,"personas_x_ha":23,"masculinidad":84,"pct_menor20":38,"pct_60mas":6,"pct_migrante":47,"dependencia_econ":119,"pct_empleados":48,"pct_cuentapropia":24,"pct_agricultura":7,"pct_comercio":17,"pct_manufactura":0,"pct_construccion":7,"pct_transporte":13,"pct_alojamiento":0,"pct_sin_educacion":3,"pct_educ_superior":50,"brecha_educ":5,"pct_sin_seguro":17,"pct_sus":71,"pct_seguro_privado":1,"brecha_seguro":3,"pct_salud_publica":34,"pct_med_tradicional":9,"pct_automedicacion":18,"pct_remedios_caseros":26,"pct_viv_desocupada":13,"pct_alquiler":29,"pct_electricidad":100,"pct_sin_electricidad":0,"pct_agua_red":92,"pct_alcantarillado":92,"pct_camara_septica":8,"pct_pozo_ciego":0,"pct_sin_desague":0,"pct_gas_red":0,"pct_gas_garrafa":96,"pct_lena_guano":96,"pct_basura_formal":96,"pct_basura_quema":0,"pct_basura_informal":0,"pct_internet":83,"pct_celular":92,"pct_televisor":75}},{"type":"Feature","geometry":{"type":"Polygon","coordinates":[[[-67.53518,-14.44052],[-67.53523,-14.44132],[-67.53568,-14.44131],[-67.53564,-14.44051],[-67.53518,-14.44052]]]},"properties":{"n":"SAN BUENAVENTURA","p":35,"personas_x_ha":80,"masculinidad":119,"pct_menor20":46,"pct_60mas":17,"pct_migrante":40,"dependencia_econ":218,"pct_empleados":82,"pct_cuentapropia":9,"pct_agricultura":18,"pct_comercio":9,"pct_manufactura":9,"pct_construccion":9,"pct_transporte":0,"pct_alojamiento":9,"pct_sin_educacion":0,"pct_educ_superior":20,"brecha_educ":4,"pct_sin_seguro":3,"pct_sus":86,"pct_seguro_privado":0,"brecha_seguro":-6,"pct_salud_publica":28,"pct_med_tradicional":13,"pct_automedicacion":21,"pct_remedios_caseros":26,"pct_viv_desocupada":0,"pct_alquiler":18,"pct_electricidad":100,"pct_sin_electricidad":0,"pct_agua_red":91,"pct_alcantarillado":100,"pct_camara_septica":0,"pct_pozo_ciego":0,"pct_sin_desague":0,"pct_gas_red":0,"pct_gas_garrafa":100,"pct_lena_guano":100,"pct_basura_formal":100,"pct_basura_quema":0,"pct_basura_informal":0,"pct_internet":91,"pct_celular":91,"pct_televisor":91}},{"type":"Feature","geometry":{"type":"Polygon","coordinates":[[[-67.5562,-14.41712],[-67.55692,-14.41665],[-67.55589,-14.41556],[-67.55533,-14.41608],[-67.5562,-14.41712]]]},"properties":{"n":"SAN BUENAVENTURA","p":16,"personas_x_ha":12,"masculinidad":100,"pct_menor20":31,"pct_60mas":31,"pct_migrante":44,"dependencia_econ":60,"pct_empleados":10,"pct_cuentapropia":90,"pct_agricultura":10,"pct_comercio":50,"pct_manufactura":20,"pct_construccion":0,"pct_transporte":0,"pct_alojamiento":0,"pct_sin_educacion":18,"pct_educ_superior":18,"brecha_educ":-50,"pct_sin_seguro":0,"pct_sus":94,"pct_seguro_privado":0,"brecha_seguro":0,"pct_salud_publica":16,"pct_med_tradicional":22,"pct_automedicacion":27,"pct_remedios_caseros":29,"pct_viv_desocupada":0,"pct_alquiler":17,"pct_electricidad":67,"pct_sin_electricidad":17,"pct_agua_red":67,"pct_alcantarillado":0,"pct_camara_septica":0,"pct_pozo_ciego":33,"pct_sin_desague":67,"pct_gas_red":0,"pct_gas_garrafa":83,"pct_lena_guano":83,"pct_basura_formal":50,"pct_basura_quema":50,"pct_basura_informal":0,"pct_internet":50,"pct_celular":83,"pct_televisor":33}},{"type":"Feature","geometry":{"type":"Polygon","coordinates":[[[-67.54045,-14.43115],[-67.54139,-14.43116],[-67.54143,-14.43032],[-67.5405,-14.43029],[-67.54045,-14.43115]]]},"properties":{"n":"SAN BUENAVENTURA","p":27,"personas_x_ha":28,"masculinidad":108,"pct_menor20":63,"pct_60mas":7,"pct_migrante":41,"dependencia_econ":286,"pct_empleados":86,"pct_cuentapropia":14,"pct_agricultura":14,"pct_comercio":43,"pct_manufactura":0,"pct_construccion":0,"pct_transporte":0,"pct_alojamiento":0,"pct_sin_educacion":0,"pct_educ_superior":40,"brecha_educ":-20,"pct_sin_seguro":4,"pct_sus":83,"pct_seguro_privado":0,"brecha_seguro":-9,"pct_salud_publica":34,"pct_med_tradicional":13,"pct_automedicacion":7,"pct_remedios_caseros":34,"pct_viv_desocupada":30,"pct_alquiler":0,"pct_electricidad":100,"pct_sin_electricidad":0,"pct_agua_red":100,"pct_alcantarillado":100,"pct_camara_septica":0,"pct_pozo_ciego":0,"pct_sin_desague":0,"pct_gas_red":0,"pct_gas_garrafa":86,"pct_lena_guano":86,"pct_basura_formal":100,"pct_basura_quema":0,"pct_basura_informal":0,"pct_internet":86,"pct_celular":100,"pct_televisor":86}},{"type":"Feature","geometry":{"type":"Polygon","coordinates":[[[-67.53574,-14.4374],[-67.53572,-14.43825],[-67.5367,-14.43821],[-67.53677,-14.43736],[-67.53574,-14.4374]]]},"properties":{"n":"SAN BUENAVENTURA","p":115,"personas_x_ha":109,"masculinidad":105,"pct_menor20":47,"pct_60mas":8,"pct_migrante":64,"dependencia_econ":130,"pct_empleados":20,"pct_cuentapropia":52,"pct_agricultura":62,"pct_comercio":8,"pct_manufactura":0,"pct_construccion":4,"pct_transporte":2,"pct_alojamiento":4,"pct_sin_educacion":6,"pct_educ_superior":5,"brecha_educ":9,"pct_sin_seguro":17,"pct_sus":75,"pct_seguro_privado":1,"brecha_seguro":11,"pct_salud_publica":30,"pct_med_tradicional":9,"pct_automedicacion":17,"pct_remedios_caseros":22,"pct_viv_desocupada":11,"pct_alquiler":7,"pct_electricidad":100,"pct_sin_electricidad":0,"pct_agua_red":93,"pct_alcantarillado":100,"pct_camara_septica":0,"pct_pozo_ciego":0,"pct_sin_desague":0,"pct_gas_red":0,"pct_gas_garrafa":93,"pct_lena_guano":93,"pct_basura_formal":100,"pct_basura_quema":0,"pct_basura_informal":0,"pct_internet":87,"pct_celular":93,"pct_televisor":87}},{"type":"Feature","geometry":{"type":"Polygon","coordinates":[[[-67.55864,-14.41501],[-67.55762,-14.41396],[-67.55704,-14.41438],[-67.5581,-14.41562],[-67.55864,-14.41501]]]},"properties":{"n":"SAN BUENAVENTURA","p":65,"personas_x_ha":46,"masculinidad":81,"pct_menor20":63,"pct_60mas":3,"pct_migrante":28,"dependencia_econ":242,"pct_empleados":0,"pct_cuentapropia":89,"pct_agricultura":58,"pct_comercio":0,"pct_manufactura":37,"pct_construccion":0,"pct_transporte":0,"pct_alojamiento":0,"pct_sin_educacion":24,"pct_educ_superior":0,"brecha_educ":-8,"pct_sin_seguro":25,"pct_sus":74,"pct_seguro_privado":0,"brecha_seguro":5,"pct_salud_publica":25,"pct_med_tradicional":12,"pct_automedicacion":24,"pct_remedios_caseros":20,"pct_viv_desocupada":0,"pct_alquiler":12,"pct_electricidad":88,"pct_sin_electricidad":12,"pct_agua_red":62,"pct_alcantarillado":0,"pct_camara_septica":0,"pct_pozo_ciego":25,"pct_sin_desague":62,"pct_gas_red":0,"pct_gas_garrafa":0,"pct_lena_guano":0,"pct_basura_formal":38,"pct_basura_quema":25,"pct_basura_informal":50,"pct_internet":62,"pct_celular":62,"pct_televisor":38}},{"type":"Feature","geometry":{"type":"Polygon","coordinates":[[[-67.53572,-14.43919],[-67.53574,-14.43962],[-67.53616,-14.43962],[-67.53616,-14.43916],[-67.53572,-14.43919]]]},"properties":{"n":"SAN BUENAVENTURA","p":21,"personas_x_ha":91,"masculinidad":75,"pct_menor20":38,"pct_60mas":10,"pct_migrante":81,"dependencia_econ":133,"pct_empleados":78,"pct_cuentapropia":11,"pct_agricultura":0,"pct_comercio":0,"pct_manufactura":0,"pct_construccion":11,"pct_transporte":11,"pct_alojamiento":0,"pct_sin_educacion":0,"pct_educ_superior":43,"brecha_educ":-8,"pct_sin_seguro":5,"pct_sus":71,"pct_seguro_privado":0,"brecha_seguro":11,"pct_salud_publica":27,"pct_med_tradicional":5,"pct_automedicacion":21,"pct_remedios_caseros":27,"pct_viv_desocupada":0,"pct_alquiler":75,"pct_electricidad":100,"pct_sin_electricidad":0,"pct_agua_red":100,"pct_alcantarillado":100,"pct_camara_septica":0,"pct_pozo_ciego":0,"pct_sin_desague":0,"pct_gas_red":0,"pct_gas_garrafa":88,"pct_lena_guano":88,"pct_basura_formal":100,"pct_basura_quema":0,"pct_basura_informal":0,"pct_internet":75,"pct_celular":88,"pct_televisor":50}},{"type":"Feature","geometry":{"type":"Polygon","coordinates":[[[-67.54151,-14.4288],[-67.54102,-14.4288],[-67.54151,-14.42881],[-67.5415,-14.42902],[-67.54062,-14.42897],[-67.54066,-14.42827],[-67.54077,-14.42815],[-67.54151,-14.42818],[-67.54151,-14.4288]]]},"properties":{"n":"SAN BUENAVENTURA","p":27,"personas_x_ha":32,"masculinidad":108,"pct_menor20":44,"pct_60mas":11,"pct_migrante":26,"dependencia_econ":200,"pct_empleados":44,"pct_cuentapropia":44,"pct_agricultura":33,"pct_comercio":0,"pct_manufactura":0,"pct_construccion":22,"pct_transporte":22,"pct_alojamiento":22,"pct_sin_educacion":0,"pct_educ_superior":38,"brecha_educ":8,"pct_sin_seguro":33,"pct_sus":63,"pct_seguro_privado":0,"brecha_seguro":-25,"pct_salud_publica":34,"pct_med_tradicional":11,"pct_automedicacion":7,"pct_remedios_caseros":36,"pct_viv_desocupada":33,"pct_alquiler":25,"pct_electricidad":100,"pct_sin_electricidad":0,"pct_agua_red":100,"pct_alcantarillado":25,"pct_camara_septica":25,"pct_pozo_ciego":50,"pct_sin_desague":0,"pct_gas_red":0,"pct_gas_garrafa":100,"pct_lena_guano":100,"pct_basura_formal":100,"pct_basura_quema":0,"pct_basura_informal":0,"pct_internet":75,"pct_celular":100,"pct_televisor":75}},{"type":"Feature","geometry":{"type":"Polygon","coordinates":[[[-67.53969,-14.43529],[-67.54087,-14.43635],[-67.54076,-14.43647],[-67.54104,-14.43672],[-67.54178,-14.43591],[-67.54081,-14.43518],[-67.54068,-14.43529],[-67.54055,-14.43528],[-67.54079,-14.43515],[-67.54035,-14.43471],[-67.53969,-14.43529]]]},"properties":{"n":"SAN BUENAVENTURA","p":38,"personas_x_ha":18,"masculinidad":138,"pct_menor20":39,"pct_60mas":13,"pct_migrante":39,"dependencia_econ":153,"pct_empleados":27,"pct_cuentapropia":40,"pct_agricultura":27,"pct_comercio":20,"pct_manufactura":13,"pct_construccion":0,"pct_transporte":13,"pct_alojamiento":0,"pct_sin_educacion":4,"pct_educ_superior":30,"brecha_educ":38,"pct_sin_seguro":11,"pct_sus":68,"pct_seguro_privado":0,"brecha_seguro":7,"pct_salud_publica":22,"pct_med_tradicional":14,"pct_automedicacion":21,"pct_remedios_caseros":23,"pct_viv_desocupada":12,"pct_alquiler":0,"pct_electricidad":100,"pct_sin_electricidad":0,"pct_agua_red":100,"pct_alcantarillado":29,"pct_camara_septica":14,"pct_pozo_ciego":50,"pct_sin_desague":0,"pct_gas_red":0,"pct_gas_garrafa":100,"pct_lena_guano":100,"pct_basura_formal":86,"pct_basura_quema":0,"pct_basura_informal":0,"pct_internet":79,"pct_celular":93,"pct_televisor":86}},{"type":"Feature","geometry":{"type":"Polygon","coordinates":[[[-67.55266,-14.4195],[-67.55326,-14.419],[-67.5527,-14.41836],[-67.55211,-14.41889],[-67.55266,-14.4195]]]},"properties":{"n":"SAN BUENAVENTURA","p":28,"personas_x_ha":35,"masculinidad":155,"pct_menor20":50,"pct_60mas":7,"pct_migrante":39,"dependencia_econ":115,"pct_empleados":38,"pct_cuentapropia":31,"pct_agricultura":23,"pct_comercio":46,"pct_manufactura":0,"pct_construccion":8,"pct_transporte":0,"pct_alojamiento":15,"pct_sin_educacion":0,"pct_educ_superior":21,"brecha_educ":0,"pct_sin_seguro":7,"pct_sus":75,"pct_seguro_privado":7,"brecha_seguro":12,"pct_salud_publica":19,"pct_med_tradicional":7,"pct_automedicacion":22,"pct_remedios_caseros":18,"pct_viv_desocupada":20,"pct_alquiler":0,"pct_electricidad":100,"pct_sin_electricidad":0,"pct_agua_red":75,"pct_alcantarillado":0,"pct_camara_septica":12,"pct_pozo_ciego":88,"pct_sin_desague":0,"pct_gas_red":0,"pct_gas_garrafa":75,"pct_lena_guano":75,"pct_basura_formal":100,"pct_basura_quema":0,"pct_basura_informal":0,"pct_internet":88,"pct_celular":100,"pct_televisor":62}},{"type":"Feature","geometry":{"type":"Polygon","coordinates":[[[-67.55856,-14.4133],[-67.558,-14.41367],[-67.5586,-14.4141],[-67.55798,-14.41368],[-67.55769,-14.41387],[-67.55869,-14.41491],[-67.55924,-14.4143],[-67.55856,-14.4133]]]},"properties":{"n":"SAN BUENAVENTURA","p":57,"personas_x_ha":38,"masculinidad":97,"pct_menor20":56,"pct_60mas":5,"pct_migrante":7,"dependencia_econ":256,"pct_empleados":12,"pct_cuentapropia":81,"pct_agricultura":56,"pct_comercio":0,"pct_manufactura":31,"pct_construccion":0,"pct_transporte":0,"pct_alojamiento":6,"pct_sin_educacion":44,"pct_educ_superior":0,"brecha_educ":-14,"pct_sin_seguro":5,"pct_sus":95,"pct_seguro_privado":0,"brecha_seguro":11,"pct_salud_publica":32,"pct_med_tradicional":7,"pct_automedicacion":14,"pct_remedios_caseros":25,"pct_viv_desocupada":0,"pct_alquiler":0,"pct_electricidad":55,"pct_sin_electricidad":45,"pct_agua_red":36,"pct_alcantarillado":0,"pct_camara_septica":0,"pct_pozo_ciego":9,"pct_sin_desague":91,"pct_gas_red":0,"pct_gas_garrafa":0,"pct_lena_guano":0,"pct_basura_formal":0,"pct_basura_quema":91,"pct_basura_informal":18,"pct_internet":45,"pct_celular":64,"pct_televisor":18}},{"type":"Feature","geometry":{"type":"Polygon","coordinates":[[[-67.5409,-14.4322],[-67.54131,-14.43222],[-67.54137,-14.43132],[-67.54046,-14.43129],[-67.54042,-14.43219],[-67.54087,-14.4322],[-67.5409,-14.4319],[-67.5409,-14.4322]]]},"properties":{"n":"SAN BUENAVENTURA","p":21,"personas_x_ha":22,"masculinidad":75,"pct_menor20":57,"pct_60mas":0,"pct_migrante":57,"dependencia_econ":133,"pct_empleados":56,"pct_cuentapropia":33,"pct_agricultura":22,"pct_comercio":0,"pct_manufactura":0,"pct_construccion":11,"pct_transporte":11,"pct_alojamiento":33,"pct_sin_educacion":0,"pct_educ_superior":30,"brecha_educ":42,"pct_sin_seguro":33,"pct_sus":52,"pct_seguro_privado":0,"brecha_seguro":0,"pct_salud_publica":16,"pct_med_tradicional":21,"pct_automedicacion":22,"pct_remedios_caseros":24,"pct_viv_desocupada":0,"pct_alquiler":17,"pct_electricidad":100,"pct_sin_electricidad":0,"pct_agua_red":100,"pct_alcantarillado":67,"pct_camara_septica":0,"pct_pozo_ciego":0,"pct_sin_desague":33,"pct_gas_red":0,"pct_gas_garrafa":100,"pct_lena_guano":100,"pct_basura_formal":100,"pct_basura_quema":0,"pct_basura_informal":0,"pct_internet":83,"pct_celular":100,"pct_televisor":50}},{"type":"Feature","geometry":{"type":"Polygon","coordinates":[[[-67.54262,-14.43125],[-67.54357,-14.43127],[-67.54362,-14.43034],[-67.54267,-14.43031],[-67.54263,-14.43091],[-67.54296,-14.43093],[-67.54263,-14.43093],[-67.54262,-14.43125]]]},"properties":{"n":"SAN BUENAVENTURA","p":53,"personas_x_ha":49,"masculinidad":83,"pct_menor20":30,"pct_60mas":8,"pct_migrante":55,"dependencia_econ":77,"pct_empleados":37,"pct_cuentapropia":60,"pct_agricultura":10,"pct_comercio":27,"pct_manufactura":10,"pct_construccion":13,"pct_transporte":13,"pct_alojamiento":7,"pct_sin_educacion":3,"pct_educ_superior":29,"brecha_educ":0,"pct_sin_seguro":21,"pct_sus":75,"pct_seguro_privado":2,"brecha_seguro":0,"pct_salud_publica":24,"pct_med_tradicional":8,"pct_automedicacion":21,"pct_remedios_caseros":26,"pct_viv_desocupada":10,"pct_alquiler":19,"pct_electricidad":100,"pct_sin_electricidad":0,"pct_agua_red":94,"pct_alcantarillado":100,"pct_camara_septica":0,"pct_pozo_ciego":0,"pct_sin_desague":0,"pct_gas_red":0,"pct_gas_garrafa":100,"pct_lena_guano":100,"pct_basura_formal":100,"pct_basura_quema":0,"pct_basura_informal":0,"pct_internet":88,"pct_celular":94,"pct_televisor":88}},{"type":"Feature","geometry":{"type":"Polygon","coordinates":[[[-67.54796,-14.42417],[-67.54877,-14.4228],[-67.54983,-14.42182],[-67.54966,-14.42161],[-67.54913,-14.42151],[-67.54834,-14.42158],[-67.54798,-14.42169],[-67.54762,-14.42206],[-67.54714,-14.42175],[-67.54678,-14.4222],[-67.54697,-14.42235],[-67.54639,-14.42305],[-67.54682,-14.42341],[-67.54655,-14.42392],[-67.54689,-14.42409],[-67.54672,-14.42454],[-67.54757,-14.42494],[-67.54795,-14.42419],[-67.5475,-14.42399],[-67.54759,-14.42397],[-67.54796,-14.42417]]]},"properties":{"n":"SAN BUENAVENTURA","p":33,"personas_x_ha":5,"masculinidad":74,"pct_menor20":45,"pct_60mas":15,"pct_migrante":52,"dependencia_econ":83,"pct_empleados":33,"pct_cuentapropia":44,"pct_agricultura":11,"pct_comercio":17,"pct_manufactura":6,"pct_construccion":6,"pct_transporte":11,"pct_alojamiento":22,"pct_sin_educacion":6,"pct_educ_superior":28,"brecha_educ":-33,"pct_sin_seguro":24,"pct_sus":73,"pct_seguro_privado":0,"brecha_seguro":32,"pct_salud_publica":31,"pct_med_tradicional":5,"pct_automedicacion":25,"pct_remedios_caseros":27,"pct_viv_desocupada":6,"pct_alquiler":8,"pct_electricidad":100,"pct_sin_electricidad":0,"pct_agua_red":100,"pct_alcantarillado":8,"pct_camara_septica":25,"pct_pozo_ciego":50,"pct_sin_desague":17,"pct_gas_red":0,"pct_gas_garrafa":83,"pct_lena_guano":83,"pct_basura_formal":75,"pct_basura_quema":0,"pct_basura_informal":50,"pct_internet":75,"pct_celular":92,"pct_televisor":58}},{"type":"Feature","geometry":{"type":"Polygon","coordinates":[[[-67.55148,-14.41704],[-67.55097,-14.41649],[-67.5504,-14.41698],[-67.55089,-14.41752],[-67.55148,-14.41704]]]},"properties":{"n":"SAN BUENAVENTURA","p":23,"personas_x_ha":34,"masculinidad":109,"pct_menor20":43,"pct_60mas":4,"pct_migrante":26,"dependencia_econ":140,"pct_empleados":40,"pct_cuentapropia":0,"pct_agricultura":60,"pct_comercio":0,"pct_manufactura":40,"pct_construccion":0,"pct_transporte":0,"pct_alojamiento":0,"pct_sin_educacion":14,"pct_educ_superior":29,"brecha_educ":10,"pct_sin_seguro":17,"pct_sus":75,"pct_seguro_privado":8,"brecha_seguro":-29,"pct_salud_publica":79,"pct_med_tradicional":0,"pct_automedicacion":7,"pct_remedios_caseros":10,"pct_viv_desocupada":14,"pct_alquiler":0,"pct_electricidad":83,"pct_sin_electricidad":0,"pct_agua_red":83,"pct_alcantarillado":0,"pct_camara_septica":0,"pct_pozo_ciego":67,"pct_sin_desague":33,"pct_gas_red":0,"pct_gas_garrafa":67,"pct_lena_guano":67,"pct_basura_formal":100,"pct_basura_quema":0,"pct_basura_informal":0,"pct_internet":67,"pct_celular":100,"pct_televisor":100}},{"type":"Feature","geometry":{"type":"Polygon","coordinates":[[[-67.55676,-14.41405],[-67.55698,-14.4143],[-67.55757,-14.41388],[-67.55696,-14.41322],[-67.55688,-14.41328],[-67.557,-14.41344],[-67.55687,-14.41329],[-67.55641,-14.41367],[-67.55654,-14.41381],[-67.55667,-14.4137],[-67.55655,-14.41383],[-67.55675,-14.41405],[-67.55705,-14.41379],[-67.55676,-14.41405]]]},"properties":{"n":"SAN BUENAVENTURA","p":157,"personas_x_ha":212,"masculinidad":121,"pct_menor20":57,"pct_60mas":8,"pct_migrante":20,"dependencia_econ":175,"pct_empleados":4,"pct_cuentapropia":72,"pct_agricultura":58,"pct_comercio":18,"pct_manufactura":18,"pct_construccion":2,"pct_transporte":0,"pct_alojamiento":2,"pct_sin_educacion":28,"pct_educ_superior":0,"brecha_educ":-13,"pct_sin_seguro":8,"pct_sus":92,"pct_seguro_privado":0,"brecha_seguro":7,"pct_salud_publica":38,"pct_med_tradicional":11,"pct_automedicacion":19,"pct_remedios_caseros":25,"pct_viv_desocupada":0,"pct_alquiler":0,"pct_electricidad":90,"pct_sin_electricidad":10,"pct_agua_red":67,"pct_alcantarillado":14,"pct_camara_septica":0,"pct_pozo_ciego":14,"pct_sin_desague":71,"pct_gas_red":0,"pct_gas_garrafa":24,"pct_lena_guano":24,"pct_basura_formal":67,"pct_basura_quema":5,"pct_basura_informal":0,"pct_internet":52,"pct_celular":52,"pct_televisor":43}},{"type":"Feature","geometry":{"type":"Polygon","coordinates":[[[-67.55589,-14.41834],[-67.5547,-14.41919],[-67.55523,-14.41975],[-67.55632,-14.41886],[-67.55589,-14.41834]]]},"properties":{"n":"SAN BUENAVENTURA","p":25,"personas_x_ha":20,"masculinidad":67,"pct_menor20":44,"pct_60mas":16,"pct_migrante":64,"dependencia_econ":92,"pct_empleados":31,"pct_cuentapropia":62,"pct_agricultura":31,"pct_comercio":23,"pct_manufactura":8,"pct_construccion":0,"pct_transporte":0,"pct_alojamiento":15,"pct_sin_educacion":14,"pct_educ_superior":29,"brecha_educ":-16,"pct_sin_seguro":8,"pct_sus":60,"pct_seguro_privado":0,"brecha_seguro":20,"pct_salud_publica":21,"pct_med_tradicional":10,"pct_automedicacion":18,"pct_remedios_caseros":24,"pct_viv_desocupada":0,"pct_alquiler":20,"pct_electricidad":80,"pct_sin_electricidad":20,"pct_agua_red":70,"pct_alcantarillado":10,"pct_camara_septica":0,"pct_pozo_ciego":80,"pct_sin_desague":10,"pct_gas_red":0,"pct_gas_garrafa":70,"pct_lena_guano":70,"pct_basura_formal":90,"pct_basura_quema":10,"pct_basura_informal":0,"pct_internet":80,"pct_celular":90,"pct_televisor":70}},{"type":"Feature","geometry":{"type":"Polygon","coordinates":[[[-67.54042,-14.43239],[-67.54039,-14.43328],[-67.54128,-14.43332],[-67.54131,-14.43241],[-67.54042,-14.43239]]]},"properties":{"n":"SAN BUENAVENTURA","p":47,"personas_x_ha":49,"masculinidad":124,"pct_menor20":36,"pct_60mas":17,"pct_migrante":51,"dependencia_econ":124,"pct_empleados":52,"pct_cuentapropia":29,"pct_agricultura":24,"pct_comercio":10,"pct_manufactura":0,"pct_construccion":14,"pct_transporte":10,"pct_alojamiento":5,"pct_sin_educacion":0,"pct_educ_superior":33,"brecha_educ":13,"pct_sin_seguro":11,"pct_sus":60,"pct_seguro_privado":0,"brecha_seguro":3,"pct_salud_publica":23,"pct_med_tradicional":12,"pct_automedicacion":15,"pct_remedios_caseros":29,"pct_viv_desocupada":11,"pct_alquiler":15,"pct_electricidad":100,"pct_sin_electricidad":0,"pct_agua_red":92,"pct_alcantarillado":85,"pct_camara_septica":15,"pct_pozo_ciego":0,"pct_sin_desague":0,"pct_gas_red":0,"pct_gas_garrafa":92,"pct_lena_guano":92,"pct_basura_formal":100,"pct_basura_quema":0,"pct_basura_informal":0,"pct_internet":85,"pct_celular":100,"pct_televisor":69}},{"type":"Feature","geometry":{"type":"Polygon","coordinates":[[[-67.54025,-14.43328],[-67.54026,-14.43292],[-67.53944,-14.43291],[-67.53943,-14.43327],[-67.54025,-14.43328]]]},"properties":{"n":"SAN BUENAVENTURA","p":32,"personas_x_ha":88,"masculinidad":78,"pct_menor20":44,"pct_60mas":16,"pct_migrante":38,"dependencia_econ":191,"pct_empleados":36,"pct_cuentapropia":45,"pct_agricultura":36,"pct_comercio":27,"pct_manufactura":0,"pct_construccion":27,"pct_transporte":0,"pct_alojamiento":0,"pct_sin_educacion":0,"pct_educ_superior":39,"brecha_educ":18,"pct_sin_seguro":3,"pct_sus":84,"pct_seguro_privado":12,"brecha_seguro":7,"pct_salud_publica":21,"pct_med_tradicional":14,"pct_automedicacion":13,"pct_remedios_caseros":24,"pct_viv_desocupada":0,"pct_alquiler":0,"pct_electricidad":100,"pct_sin_electricidad":0,"pct_agua_red":100,"pct_alcantarillado":100,"pct_camara_septica":0,"pct_pozo_ciego":0,"pct_sin_desague":0,"pct_gas_red":0,"pct_gas_garrafa":100,"pct_lena_guano":100,"pct_basura_formal":100,"pct_basura_quema":0,"pct_basura_informal":0,"pct_internet":75,"pct_celular":88,"pct_televisor":88}},{"type":"Feature","geometry":{"type":"Polygon","coordinates":[[[-67.54488,-14.43049],[-67.54481,-14.43041],[-67.5438,-14.43035],[-67.54374,-14.43129],[-67.54405,-14.43129],[-67.54435,-14.43105],[-67.54421,-14.43085],[-67.54437,-14.43103],[-67.54488,-14.43049]]]},"properties":{"n":"SAN BUENAVENTURA","p":49,"personas_x_ha":58,"masculinidad":96,"pct_menor20":47,"pct_60mas":14,"pct_migrante":43,"dependencia_econ":182,"pct_empleados":18,"pct_cuentapropia":65,"pct_agricultura":12,"pct_comercio":24,"pct_manufactura":6,"pct_construccion":29,"pct_transporte":0,"pct_alojamiento":6,"pct_sin_educacion":4,"pct_educ_superior":11,"brecha_educ":-17,"pct_sin_seguro":10,"pct_sus":85,"pct_seguro_privado":0,"brecha_seguro":12,"pct_salud_publica":29,"pct_med_tradicional":16,"pct_automedicacion":15,"pct_remedios_caseros":24,"pct_viv_desocupada":0,"pct_alquiler":42,"pct_electricidad":100,"pct_sin_electricidad":0,"pct_agua_red":92,"pct_alcantarillado":83,"pct_camara_septica":17,"pct_pozo_ciego":0,"pct_sin_desague":0,"pct_gas_red":0,"pct_gas_garrafa":100,"pct_lena_guano":100,"pct_basura_formal":100,"pct_basura_quema":0,"pct_basura_informal":0,"pct_internet":67,"pct_celular":83,"pct_televisor":75}},{"type":"Feature","geometry":{"type":"Polygon","coordinates":[[[-67.55449,-14.41791],[-67.55396,-14.41729],[-67.55341,-14.41777],[-67.55392,-14.41833],[-67.55449,-14.41791]]]},"properties":{"n":"SAN BUENAVENTURA","p":20,"personas_x_ha":29,"masculinidad":82,"pct_menor20":20,"pct_60mas":20,"pct_migrante":55,"dependencia_econ":82,"pct_empleados":0,"pct_cuentapropia":100,"pct_agricultura":45,"pct_comercio":45,"pct_manufactura":0,"pct_construccion":0,"pct_transporte":0,"pct_alojamiento":0,"pct_sin_educacion":19,"pct_educ_superior":0,"brecha_educ":-12,"pct_sin_seguro":5,"pct_sus":95,"pct_seguro_privado":0,"brecha_seguro":11,"pct_salud_publica":30,"pct_med_tradicional":7,"pct_automedicacion":18,"pct_remedios_caseros":32,"pct_viv_desocupada":33,"pct_alquiler":0,"pct_electricidad":100,"pct_sin_electricidad":0,"pct_agua_red":50,"pct_alcantarillado":0,"pct_camara_septica":0,"pct_pozo_ciego":83,"pct_sin_desague":17,"pct_gas_red":0,"pct_gas_garrafa":83,"pct_lena_guano":83,"pct_basura_formal":100,"pct_basura_quema":0,"pct_basura_informal":0,"pct_internet":67,"pct_celular":100,"pct_televisor":50}},{"type":"Feature","geometry":{"type":"Polygon","coordinates":[[[-67.55275,-14.41704],[-67.55334,-14.41651],[-67.55185,-14.41477],[-67.55041,-14.41565],[-67.55092,-14.41625],[-67.55133,-14.41599],[-67.55094,-14.41628],[-67.55211,-14.41766],[-67.55272,-14.41711],[-67.55233,-14.4167],[-67.55238,-14.41667],[-67.55275,-14.41704]]]},"properties":{"n":"SAN BUENAVENTURA","p":58,"personas_x_ha":12,"masculinidad":100,"pct_menor20":45,"pct_60mas":9,"pct_migrante":47,"dependencia_econ":97,"pct_empleados":59,"pct_cuentapropia":31,"pct_agricultura":17,"pct_comercio":14,"pct_manufactura":3,"pct_construccion":21,"pct_transporte":7,"pct_alojamiento":14,"pct_sin_educacion":9,"pct_educ_superior":9,"brecha_educ":11,"pct_sin_seguro":28,"pct_sus":63,"pct_seguro_privado":0,"brecha_seguro":20,"pct_salud_publica":32,"pct_med_tradicional":7,"pct_automedicacion":21,"pct_remedios_caseros":28,"pct_viv_desocupada":17,"pct_alquiler":17,"pct_electricidad":94,"pct_sin_electricidad":0,"pct_agua_red":100,"pct_alcantarillado":0,"pct_camara_septica":33,"pct_pozo_ciego":61,"pct_sin_desague":0,"pct_gas_red":0,"pct_gas_garrafa":67,"pct_lena_guano":67,"pct_basura_formal":50,"pct_basura_quema":44,"pct_basura_informal":0,"pct_internet":50,"pct_celular":78,"pct_televisor":50}},{"type":"Feature","geometry":{"type":"Polygon","coordinates":[[[-67.55688,-14.415],[-67.55727,-14.41477],[-67.55656,-14.41396],[-67.55623,-14.41363],[-67.5558,-14.41386],[-67.55688,-14.415]]]},"properties":{"n":"SAN BUENAVENTURA","p":56,"personas_x_ha":64,"masculinidad":124,"pct_menor20":59,"pct_60mas":5,"pct_migrante":11,"dependencia_econ":167,"pct_empleados":5,"pct_cuentapropia":71,"pct_agricultura":71,"pct_comercio":0,"pct_manufactura":19,"pct_construccion":0,"pct_transporte":0,"pct_alojamiento":0,"pct_sin_educacion":12,"pct_educ_superior":8,"brecha_educ":-10,"pct_sin_seguro":11,"pct_sus":89,"pct_seguro_privado":0,"brecha_seguro":-2,"pct_salud_publica":25,"pct_med_tradicional":10,"pct_automedicacion":21,"pct_remedios_caseros":21,"pct_viv_desocupada":0,"pct_alquiler":0,"pct_electricidad":58,"pct_sin_electricidad":42,"pct_agua_red":17,"pct_alcantarillado":0,"pct_camara_septica":0,"pct_pozo_ciego":17,"pct_sin_desague":83,"pct_gas_red":0,"pct_gas_garrafa":0,"pct_lena_guano":0,"pct_basura_formal":58,"pct_basura_quema":25,"pct_basura_informal":0,"pct_internet":50,"pct_celular":50,"pct_televisor":8}},{"type":"Feature","geometry":{"type":"Polygon","coordinates":[[[-67.54328,-14.43017],[-67.54269,-14.43014],[-67.54274,-14.42928],[-67.54311,-14.42928],[-67.5433,-14.42936],[-67.54327,-14.42963],[-67.54334,-14.42938],[-67.54367,-14.42962],[-67.54362,-14.43019],[-67.54329,-14.43017],[-67.5433,-14.43001],[-67.54328,-14.43017]]]},"properties":{"n":"SAN BUENAVENTURA","p":46,"personas_x_ha":52,"masculinidad":109,"pct_menor20":46,"pct_60mas":4,"pct_migrante":15,"dependencia_econ":267,"pct_empleados":42,"pct_cuentapropia":33,"pct_agricultura":8,"pct_comercio":8,"pct_manufactura":8,"pct_construccion":17,"pct_transporte":17,"pct_alojamiento":17,"pct_sin_educacion":0,"pct_educ_superior":12,"brecha_educ":1,"pct_sin_seguro":17,"pct_sus":81,"pct_seguro_privado":2,"brecha_seguro":16,"pct_salud_publica":38,"pct_med_tradicional":4,"pct_automedicacion":22,"pct_remedios_caseros":30,"pct_viv_desocupada":0,"pct_alquiler":0,"pct_electricidad":100,"pct_sin_electricidad":0,"pct_agua_red":100,"pct_alcantarillado":62,"pct_camara_septica":25,"pct_pozo_ciego":12,"pct_sin_desague":0,"pct_gas_red":0,"pct_gas_garrafa":100,"pct_lena_guano":100,"pct_basura_formal":100,"pct_basura_quema":0,"pct_basura_informal":0,"pct_internet":100,"pct_celular":100,"pct_televisor":100}},{"type":"Feature","geometry":{"type":"Polygon","coordinates":[[[-67.53803,-14.43418],[-67.53808,-14.43335],[-67.53715,-14.43331],[-67.53709,-14.43416],[-67.53803,-14.43418]]]},"properties":{"n":"SAN BUENAVENTURA","p":65,"personas_x_ha":69,"masculinidad":124,"pct_menor20":32,"pct_60mas":20,"pct_migrante":54,"dependencia_econ":132,"pct_empleados":54,"pct_cuentapropia":32,"pct_agricultura":11,"pct_comercio":7,"pct_manufactura":14,"pct_construccion":7,"pct_transporte":7,"pct_alojamiento":18,"pct_sin_educacion":7,"pct_educ_superior":14,"brecha_educ":-20,"pct_sin_seguro":8,"pct_sus":83,"pct_seguro_privado":0,"brecha_seguro":14,"pct_salud_publica":41,"pct_med_tradicional":5,"pct_automedicacion":19,"pct_remedios_caseros":23,"pct_viv_desocupada":19,"pct_alquiler":24,"pct_electricidad":100,"pct_sin_electricidad":0,"pct_agua_red":88,"pct_alcantarillado":88,"pct_camara_septica":12,"pct_pozo_ciego":0,"pct_sin_desague":0,"pct_gas_red":0,"pct_gas_garrafa":94,"pct_lena_guano":94,"pct_basura_formal":100,"pct_basura_quema":0,"pct_basura_informal":0,"pct_internet":94,"pct_celular":100,"pct_televisor":94}},{"type":"Feature","geometry":{"type":"Polygon","coordinates":[[[-67.53821,-14.43182],[-67.53875,-14.43135],[-67.53855,-14.4312],[-67.53709,-14.43319],[-67.53807,-14.43323],[-67.53812,-14.43274],[-67.53781,-14.43274],[-67.53812,-14.43272],[-67.53821,-14.43182]]]},"properties":{"n":"SAN BUENAVENTURA","p":56,"personas_x_ha":50,"masculinidad":133,"pct_menor20":43,"pct_60mas":12,"pct_migrante":41,"dependencia_econ":107,"pct_empleados":48,"pct_cuentapropia":41,"pct_agricultura":30,"pct_comercio":22,"pct_manufactura":15,"pct_construccion":11,"pct_transporte":0,"pct_alojamiento":0,"pct_sin_educacion":3,"pct_educ_superior":19,"brecha_educ":-6,"pct_sin_seguro":7,"pct_sus":93,"pct_seguro_privado":0,"brecha_seguro":13,"pct_salud_publica":33,"pct_med_tradicional":8,"pct_automedicacion":21,"pct_remedios_caseros":28,"pct_viv_desocupada":16,"pct_alquiler":12,"pct_electricidad":100,"pct_sin_electricidad":0,"pct_agua_red":100,"pct_alcantarillado":62,"pct_camara_septica":19,"pct_pozo_ciego":6,"pct_sin_desague":0,"pct_gas_red":0,"pct_gas_garrafa":100,"pct_lena_guano":100,"pct_basura_formal":81,"pct_basura_quema":19,"pct_basura_informal":0,"pct_internet":75,"pct_celular":81,"pct_televisor":75}},{"type":"Feature","geometry":{"type":"Polygon","coordinates":[[[-67.53618,-14.4397],[-67.53573,-14.43972],[-67.53574,-14.4404],[-67.53617,-14.44039],[-67.53618,-14.4397]]]},"properties":{"n":"SAN BUENAVENTURA","p":39,"personas_x_ha":105,"masculinidad":179,"pct_menor20":33,"pct_60mas":15,"pct_migrante":36,"dependencia_econ":70,"pct_empleados":35,"pct_cuentapropia":48,"pct_agricultura":13,"pct_comercio":9,"pct_manufactura":22,"pct_construccion":4,"pct_transporte":9,"pct_alojamiento":9,"pct_sin_educacion":7,"pct_educ_superior":36,"brecha_educ":-23,"pct_sin_seguro":5,"pct_sus":89,"pct_seguro_privado":0,"brecha_seguro":9,"pct_salud_publica":22,"pct_med_tradicional":19,"pct_automedicacion":22,"pct_remedios_caseros":22,"pct_viv_desocupada":0,"pct_alquiler":36,"pct_electricidad":100,"pct_sin_electricidad":0,"pct_agua_red":100,"pct_alcantarillado":100,"pct_camara_septica":0,"pct_pozo_ciego":0,"pct_sin_desague":0,"pct_gas_red":0,"pct_gas_garrafa":91,"pct_lena_guano":91,"pct_basura_formal":100,"pct_basura_quema":0,"pct_basura_informal":0,"pct_internet":64,"pct_celular":82,"pct_televisor":73}},{"type":"Feature","geometry":{"type":"Polygon","coordinates":[[[-67.53522,-14.44219],[-67.53609,-14.44137],[-67.53521,-14.44137],[-67.53522,-14.44219]]]},"properties":{"n":"SAN BUENAVENTURA","p":39,"personas_x_ha":84,"masculinidad":105,"pct_menor20":36,"pct_60mas":13,"pct_migrante":46,"dependencia_econ":70,"pct_empleados":35,"pct_cuentapropia":39,"pct_agricultura":26,"pct_comercio":9,"pct_manufactura":4,"pct_construccion":9,"pct_transporte":9,"pct_alojamiento":4,"pct_sin_educacion":0,"pct_educ_superior":16,"brecha_educ":-7,"pct_sin_seguro":10,"pct_sus":82,"pct_seguro_privado":3,"brecha_seguro":10,"pct_salud_publica":32,"pct_med_tradicional":15,"pct_automedicacion":16,"pct_remedios_caseros":24,"pct_viv_desocupada":0,"pct_alquiler":44,"pct_electricidad":100,"pct_sin_electricidad":0,"pct_agua_red":100,"pct_alcantarillado":100,"pct_camara_septica":0,"pct_pozo_ciego":0,"pct_sin_desague":0,"pct_gas_red":0,"pct_gas_garrafa":100,"pct_lena_guano":100,"pct_basura_formal":100,"pct_basura_quema":0,"pct_basura_informal":0,"pct_internet":89,"pct_celular":100,"pct_televisor":100}},{"type":"Feature","geometry":{"type":"Polygon","coordinates":[[[-67.53659,-14.4404],[-67.53668,-14.43968],[-67.53627,-14.4397],[-67.53628,-14.44041],[-67.53659,-14.4404]]]},"properties":{"n":"SAN BUENAVENTURA","p":34,"personas_x_ha":105,"masculinidad":79,"pct_menor20":29,"pct_60mas":18,"pct_migrante":44,"dependencia_econ":62,"pct_empleados":52,"pct_cuentapropia":43,"pct_agricultura":14,"pct_comercio":5,"pct_manufactura":10,"pct_construccion":10,"pct_transporte":0,"pct_alojamiento":29,"pct_sin_educacion":0,"pct_educ_superior":33,"brecha_educ":-4,"pct_sin_seguro":9,"pct_sus":76,"pct_seguro_privado":12,"brecha_seguro":-4,"pct_salud_publica":28,"pct_med_tradicional":8,"pct_automedicacion":25,"pct_remedios_caseros":23,"pct_viv_desocupada":0,"pct_alquiler":0,"pct_electricidad":100,"pct_sin_electricidad":0,"pct_agua_red":100,"pct_alcantarillado":100,"pct_camara_septica":0,"pct_pozo_ciego":0,"pct_sin_desague":0,"pct_gas_red":0,"pct_gas_garrafa":100,"pct_lena_guano":100,"pct_basura_formal":100,"pct_basura_quema":0,"pct_basura_informal":0,"pct_internet":88,"pct_celular":100,"pct_televisor":88}},{"type":"Feature","geometry":{"type":"Polygon","coordinates":[[[-67.53513,-14.43837],[-67.53512,-14.43913],[-67.53563,-14.43909],[-67.53561,-14.43836],[-67.53513,-14.43837]]]},"properties":{"n":"SAN BUENAVENTURA","p":37,"personas_x_ha":83,"masculinidad":95,"pct_menor20":32,"pct_60mas":14,"pct_migrante":43,"dependencia_econ":54,"pct_empleados":25,"pct_cuentapropia":58,"pct_agricultura":8,"pct_comercio":21,"pct_manufactura":8,"pct_construccion":0,"pct_transporte":8,"pct_alojamiento":25,"pct_sin_educacion":4,"pct_educ_superior":23,"brecha_educ":-2,"pct_sin_seguro":11,"pct_sus":84,"pct_seguro_privado":0,"brecha_seguro":11,"pct_salud_publica":26,"pct_med_tradicional":10,"pct_automedicacion":18,"pct_remedios_caseros":24,"pct_viv_desocupada":0,"pct_alquiler":25,"pct_electricidad":100,"pct_sin_electricidad":0,"pct_agua_red":100,"pct_alcantarillado":100,"pct_camara_septica":0,"pct_pozo_ciego":0,"pct_sin_desague":0,"pct_gas_red":0,"pct_gas_garrafa":100,"pct_lena_guano":100,"pct_basura_formal":100,"pct_basura_quema":0,"pct_basura_informal":0,"pct_internet":92,"pct_celular":100,"pct_televisor":58}},{"type":"Feature","geometry":{"type":"Polygon","coordinates":[[[-67.54152,-14.43223],[-67.54226,-14.43226],[-67.54226,-14.43213],[-67.54227,-14.43226],[-67.54245,-14.43226],[-67.5425,-14.43137],[-67.54157,-14.43132],[-67.54154,-14.43177],[-67.54182,-14.43179],[-67.54154,-14.43179],[-67.54152,-14.43223]]]},"properties":{"n":"SAN BUENAVENTURA","p":82,"personas_x_ha":81,"masculinidad":110,"pct_menor20":50,"pct_60mas":11,"pct_migrante":39,"dependencia_econ":116,"pct_empleados":50,"pct_cuentapropia":47,"pct_agricultura":11,"pct_comercio":24,"pct_manufactura":13,"pct_construccion":3,"pct_transporte":5,"pct_alojamiento":16,"pct_sin_educacion":2,"pct_educ_superior":40,"brecha_educ":8,"pct_sin_seguro":7,"pct_sus":77,"pct_seguro_privado":0,"brecha_seguro":-1,"pct_salud_publica":25,"pct_med_tradicional":15,"pct_automedicacion":19,"pct_remedios_caseros":26,"pct_viv_desocupada":4,"pct_alquiler":9,"pct_electricidad":100,"pct_sin_electricidad":0,"pct_agua_red":100,"pct_alcantarillado":95,"pct_camara_septica":5,"pct_pozo_ciego":0,"pct_sin_desague":0,"pct_gas_red":0,"pct_gas_garrafa":100,"pct_lena_guano":100,"pct_basura_formal":100,"pct_basura_quema":0,"pct_basura_informal":0,"pct_internet":73,"pct_celular":86,"pct_televisor":68}},{"type":"Feature","geometry":{"type":"Polygon","coordinates":[[[-67.53531,-14.43738],[-67.53513,-14.43827],[-67.53561,-14.43827],[-67.53563,-14.43739],[-67.53531,-14.43738]]]},"properties":{"n":"SAN BUENAVENTURA","p":49,"personas_x_ha":110,"masculinidad":113,"pct_menor20":37,"pct_60mas":18,"pct_migrante":55,"dependencia_econ":96,"pct_empleados":36,"pct_cuentapropia":56,"pct_agricultura":12,"pct_comercio":12,"pct_manufactura":20,"pct_construccion":8,"pct_transporte":0,"pct_alojamiento":24,"pct_sin_educacion":0,"pct_educ_superior":29,"brecha_educ":-18,"pct_sin_seguro":18,"pct_sus":69,"pct_seguro_privado":0,"brecha_seguro":2,"pct_salud_publica":22,"pct_med_tradicional":24,"pct_automedicacion":12,"pct_remedios_caseros":25,"pct_viv_desocupada":14,"pct_alquiler":42,"pct_electricidad":100,"pct_sin_electricidad":0,"pct_agua_red":92,"pct_alcantarillado":100,"pct_camara_septica":0,"pct_pozo_ciego":0,"pct_sin_desague":0,"pct_gas_red":0,"pct_gas_garrafa":100,"pct_lena_guano":100,"pct_basura_formal":100,"pct_basura_quema":0,"pct_basura_informal":0,"pct_internet":92,"pct_celular":92,"pct_televisor":75}},{"type":"Feature","geometry":{"type":"Polygon","coordinates":[[[-67.54299,-14.43441],[-67.54192,-14.43331],[-67.54109,-14.43402],[-67.54171,-14.43473],[-67.54287,-14.43556],[-67.54349,-14.43495],[-67.54306,-14.43445],[-67.54261,-14.43472],[-67.54232,-14.43442],[-67.54259,-14.43465],[-67.54299,-14.43441]]]},"properties":{"n":"SAN BUENAVENTURA","p":51,"personas_x_ha":17,"masculinidad":104,"pct_menor20":41,"pct_60mas":18,"pct_migrante":55,"dependencia_econ":104,"pct_empleados":32,"pct_cuentapropia":60,"pct_agricultura":24,"pct_comercio":8,"pct_manufactura":8,"pct_construccion":16,"pct_transporte":4,"pct_alojamiento":12,"pct_sin_educacion":0,"pct_educ_superior":19,"brecha_educ":36,"pct_sin_seguro":8,"pct_sus":92,"pct_seguro_privado":0,"brecha_seguro":8,"pct_salud_publica":36,"pct_med_tradicional":10,"pct_automedicacion":13,"pct_remedios_caseros":26,"pct_viv_desocupada":24,"pct_alquiler":8,"pct_electricidad":92,"pct_sin_electricidad":8,"pct_agua_red":92,"pct_alcantarillado":50,"pct_camara_septica":8,"pct_pozo_ciego":33,"pct_sin_desague":8,"pct_gas_red":0,"pct_gas_garrafa":92,"pct_lena_guano":92,"pct_basura_formal":75,"pct_basura_quema":17,"pct_basura_informal":0,"pct_internet":58,"pct_celular":100,"pct_televisor":75}},{"type":"Feature","geometry":{"type":"Polygon","coordinates":[[[-67.53796,-14.4352],[-67.53802,-14.43429],[-67.53709,-14.43429],[-67.53703,-14.43519],[-67.53796,-14.4352]]]},"properties":{"n":"SAN BUENAVENTURA","p":47,"personas_x_ha":47,"masculinidad":74,"pct_menor20":9,"pct_60mas":13,"pct_migrante":77,"dependencia_econ":62,"pct_empleados":41,"pct_cuentapropia":38,"pct_agricultura":17,"pct_comercio":17,"pct_manufactura":10,"pct_construccion":7,"pct_transporte":0,"pct_alojamiento":3,"pct_sin_educacion":2,"pct_educ_superior":74,"brecha_educ":2,"pct_sin_seguro":23,"pct_sus":53,"pct_seguro_privado":2,"brecha_seguro":-15,"pct_salud_publica":22,"pct_med_tradicional":10,"pct_automedicacion":19,"pct_remedios_caseros":20,"pct_viv_desocupada":14,"pct_alquiler":36,"pct_electricidad":100,"pct_sin_electricidad":0,"pct_agua_red":91,"pct_alcantarillado":100,"pct_camara_septica":0,"pct_pozo_ciego":0,"pct_sin_desague":0,"pct_gas_red":0,"pct_gas_garrafa":100,"pct_lena_guano":100,"pct_basura_formal":100,"pct_basura_quema":0,"pct_basura_informal":0,"pct_internet":100,"pct_celular":100,"pct_televisor":82}},{"type":"Feature","geometry":{"type":"Polygon","coordinates":[[[-67.54327,-14.43308],[-67.54394,-14.43377],[-67.54492,-14.43309],[-67.54356,-14.43203],[-67.54284,-14.43262],[-67.54325,-14.43306],[-67.54393,-14.4326],[-67.54407,-14.43258],[-67.54431,-14.43276],[-67.54406,-14.4326],[-67.54394,-14.43262],[-67.54327,-14.43308]]]},"properties":{"n":"SAN BUENAVENTURA","p":49,"personas_x_ha":24,"masculinidad":81,"pct_menor20":29,"pct_60mas":14,"pct_migrante":61,"dependencia_econ":88,"pct_empleados":35,"pct_cuentapropia":46,"pct_agricultura":15,"pct_comercio":35,"pct_manufactura":4,"pct_construccion":27,"pct_transporte":0,"pct_alojamiento":4,"pct_sin_educacion":3,"pct_educ_superior":17,"brecha_educ":-5,"pct_sin_seguro":20,"pct_sus":71,"pct_seguro_privado":2,"brecha_seguro":4,"pct_salud_publica":27,"pct_med_tradicional":8,"pct_automedicacion":20,"pct_remedios_caseros":25,"pct_viv_desocupada":11,"pct_alquiler":7,"pct_electricidad":100,"pct_sin_electricidad":0,"pct_agua_red":93,"pct_alcantarillado":29,"pct_camara_septica":29,"pct_pozo_ciego":29,"pct_sin_desague":14,"pct_gas_red":0,"pct_gas_garrafa":100,"pct_lena_guano":100,"pct_basura_formal":86,"pct_basura_quema":14,"pct_basura_informal":0,"pct_internet":64,"pct_celular":86,"pct_televisor":71}},{"type":"Feature","geometry":{"type":"Polygon","coordinates":[[[-67.54666,-14.41977],[-67.54622,-14.41986],[-67.5466,-14.42041],[-67.54697,-14.42014],[-67.54666,-14.41977]]]},"properties":{"n":"SAN BUENAVENTURA","p":15,"personas_x_ha":48,"masculinidad":200,"pct_menor20":40,"pct_60mas":13,"pct_migrante":73,"dependencia_econ":88,"pct_empleados":62,"pct_cuentapropia":25,"pct_agricultura":25,"pct_comercio":25,"pct_manufactura":12,"pct_construccion":25,"pct_transporte":0,"pct_alojamiento":0,"pct_sin_educacion":22,"pct_educ_superior":11,"brecha_educ":-10,"pct_sin_seguro":7,"pct_sus":93,"pct_seguro_privado":0,"brecha_seguro":10,"pct_salud_publica":29,"pct_med_tradicional":2,"pct_automedicacion":33,"pct_remedios_caseros":36,"pct_viv_desocupada":50,"pct_alquiler":33,"pct_electricidad":100,"pct_sin_electricidad":0,"pct_agua_red":100,"pct_alcantarillado":0,"pct_camara_septica":67,"pct_pozo_ciego":33,"pct_sin_desague":0,"pct_gas_red":0,"pct_gas_garrafa":67,"pct_lena_guano":67,"pct_basura_formal":0,"pct_basura_quema":33,"pct_basura_informal":0,"pct_internet":100,"pct_celular":100,"pct_televisor":100}},{"type":"Feature","geometry":{"type":"Polygon","coordinates":[[[-67.53766,-14.43739],[-67.53688,-14.43736],[-67.53686,-14.43759],[-67.53701,-14.43763],[-67.53686,-14.43761],[-67.53681,-14.43821],[-67.53733,-14.43821],[-67.53766,-14.43739]]]},"properties":{"n":"SAN BUENAVENTURA","p":80,"personas_x_ha":118,"masculinidad":95,"pct_menor20":38,"pct_60mas":19,"pct_migrante":45,"dependencia_econ":82,"pct_empleados":32,"pct_cuentapropia":48,"pct_agricultura":18,"pct_comercio":23,"pct_manufactura":5,"pct_construccion":5,"pct_transporte":7,"pct_alojamiento":16,"pct_sin_educacion":6,"pct_educ_superior":37,"brecha_educ":-2,"pct_sin_seguro":6,"pct_sus":80,"pct_seguro_privado":0,"brecha_seguro":13,"pct_salud_publica":24,"pct_med_tradicional":12,"pct_automedicacion":20,"pct_remedios_caseros":23,"pct_viv_desocupada":8,"pct_alquiler":19,"pct_electricidad":95,"pct_sin_electricidad":0,"pct_agua_red":95,"pct_alcantarillado":90,"pct_camara_septica":5,"pct_pozo_ciego":0,"pct_sin_desague":5,"pct_gas_red":0,"pct_gas_garrafa":86,"pct_lena_guano":86,"pct_basura_formal":95,"pct_basura_quema":0,"pct_basura_informal":0,"pct_internet":100,"pct_celular":100,"pct_televisor":81}},{"type":"Feature","geometry":{"type":"Polygon","coordinates":[[[-67.53514,-14.43974],[-67.53517,-14.44042],[-67.53565,-14.44041],[-67.53563,-14.43972],[-67.53514,-14.43974]]]},"properties":{"n":"SAN BUENAVENTURA","p":17,"personas_x_ha":43,"masculinidad":70,"pct_menor20":24,"pct_60mas":12,"pct_migrante":59,"dependencia_econ":70,"pct_empleados":50,"pct_cuentapropia":30,"pct_agricultura":10,"pct_comercio":10,"pct_manufactura":0,"pct_construccion":0,"pct_transporte":10,"pct_alojamiento":10,"pct_sin_educacion":0,"pct_educ_superior":36,"brecha_educ":0,"pct_sin_seguro":24,"pct_sus":53,"pct_seguro_privado":0,"brecha_seguro":-16,"pct_salud_publica":25,"pct_med_tradicional":17,"pct_automedicacion":20,"pct_remedios_caseros":22,"pct_viv_desocupada":29,"pct_alquiler":50,"pct_electricidad":100,"pct_sin_electricidad":0,"pct_agua_red":100,"pct_alcantarillado":100,"pct_camara_septica":0,"pct_pozo_ciego":0,"pct_sin_desague":0,"pct_gas_red":0,"pct_gas_garrafa":75,"pct_lena_guano":75,"pct_basura_formal":100,"pct_basura_quema":0,"pct_basura_informal":0,"pct_internet":75,"pct_celular":100,"pct_televisor":62}},{"type":"Feature","geometry":{"type":"Polygon","coordinates":[[[-67.55272,-14.41826],[-67.5533,-14.41775],[-67.55275,-14.41717],[-67.55218,-14.41768],[-67.55272,-14.41826]]]},"properties":{"n":"SAN BUENAVENTURA","p":33,"personas_x_ha":45,"masculinidad":74,"pct_menor20":48,"pct_60mas":9,"pct_migrante":33,"dependencia_econ":120,"pct_empleados":47,"pct_cuentapropia":53,"pct_agricultura":20,"pct_comercio":13,"pct_manufactura":7,"pct_construccion":20,"pct_transporte":7,"pct_alojamiento":20,"pct_sin_educacion":0,"pct_educ_superior":21,"brecha_educ":10,"pct_sin_seguro":15,"pct_sus":85,"pct_seguro_privado":0,"brecha_seguro":-2,"pct_salud_publica":22,"pct_med_tradicional":18,"pct_automedicacion":21,"pct_remedios_caseros":20,"pct_viv_desocupada":0,"pct_alquiler":0,"pct_electricidad":100,"pct_sin_electricidad":0,"pct_agua_red":71,"pct_alcantarillado":0,"pct_camara_septica":71,"pct_pozo_ciego":29,"pct_sin_desague":0,"pct_gas_red":0,"pct_gas_garrafa":100,"pct_lena_guano":100,"pct_basura_formal":100,"pct_basura_quema":0,"pct_basura_informal":0,"pct_internet":86,"pct_celular":86,"pct_televisor":71}},{"type":"Feature","geometry":{"type":"Polygon","coordinates":[[[-67.54284,-14.43561],[-67.54202,-14.43505],[-67.54186,-14.43519],[-67.54201,-14.43504],[-67.54174,-14.43481],[-67.54155,-14.43496],[-67.54172,-14.4348],[-67.54103,-14.43407],[-67.54039,-14.43464],[-67.54085,-14.43512],[-67.54206,-14.43601],[-67.54247,-14.43597],[-67.54284,-14.43561]]]},"properties":{"n":"SAN BUENAVENTURA","p":52,"personas_x_ha":23,"masculinidad":117,"pct_menor20":48,"pct_60mas":2,"pct_migrante":38,"dependencia_econ":96,"pct_empleados":46,"pct_cuentapropia":35,"pct_agricultura":19,"pct_comercio":23,"pct_manufactura":0,"pct_construccion":8,"pct_transporte":15,"pct_alojamiento":12,"pct_sin_educacion":4,"pct_educ_superior":42,"brecha_educ":13,"pct_sin_seguro":8,"pct_sus":78,"pct_seguro_privado":0,"brecha_seguro":15,"pct_salud_publica":39,"pct_med_tradicional":9,"pct_automedicacion":19,"pct_remedios_caseros":22,"pct_viv_desocupada":14,"pct_alquiler":18,"pct_electricidad":100,"pct_sin_electricidad":0,"pct_agua_red":100,"pct_alcantarillado":35,"pct_camara_septica":24,"pct_pozo_ciego":41,"pct_sin_desague":0,"pct_gas_red":0,"pct_gas_garrafa":94,"pct_lena_guano":94,"pct_basura_formal":76,"pct_basura_quema":18,"pct_basura_informal":0,"pct_internet":94,"pct_celular":94,"pct_televisor":88}},{"type":"Feature","geometry":{"type":"Polygon","coordinates":[[[-67.53572,-14.43836],[-67.53572,-14.43908],[-67.53619,-14.43906],[-67.53617,-14.43836],[-67.53572,-14.43836]]]},"properties":{"n":"SAN BUENAVENTURA","p":35,"personas_x_ha":89,"masculinidad":84,"pct_menor20":23,"pct_60mas":26,"pct_migrante":54,"dependencia_econ":84,"pct_empleados":26,"pct_cuentapropia":42,"pct_agricultura":26,"pct_comercio":32,"pct_manufactura":5,"pct_construccion":0,"pct_transporte":0,"pct_alojamiento":0,"pct_sin_educacion":4,"pct_educ_superior":44,"brecha_educ":1,"pct_sin_seguro":3,"pct_sus":69,"pct_seguro_privado":0,"brecha_seguro":6,"pct_salud_publica":25,"pct_med_tradicional":8,"pct_automedicacion":21,"pct_remedios_caseros":25,"pct_viv_desocupada":7,"pct_alquiler":46,"pct_electricidad":100,"pct_sin_electricidad":0,"pct_agua_red":100,"pct_alcantarillado":100,"pct_camara_septica":0,"pct_pozo_ciego":0,"pct_sin_desague":0,"pct_gas_red":0,"pct_gas_garrafa":100,"pct_lena_guano":100,"pct_basura_formal":100,"pct_basura_quema":0,"pct_basura_informal":0,"pct_internet":85,"pct_celular":85,"pct_televisor":85}},{"type":"Feature","geometry":{"type":"Polygon","coordinates":[[[-67.55577,-14.4205],[-67.5554,-14.42078],[-67.55574,-14.42047],[-67.5552,-14.41992],[-67.55466,-14.42047],[-67.55529,-14.42118],[-67.55598,-14.42073],[-67.55577,-14.4205]]]},"properties":{"n":"SAN BUENAVENTURA","p":29,"personas_x_ha":29,"masculinidad":71,"pct_menor20":52,"pct_60mas":3,"pct_migrante":41,"dependencia_econ":164,"pct_empleados":27,"pct_cuentapropia":73,"pct_agricultura":9,"pct_comercio":45,"pct_manufactura":0,"pct_construccion":0,"pct_transporte":0,"pct_alojamiento":27,"pct_sin_educacion":7,"pct_educ_superior":33,"brecha_educ":14,"pct_sin_seguro":3,"pct_sus":76,"pct_seguro_privado":0,"brecha_seguro":8,"pct_salud_publica":37,"pct_med_tradicional":3,"pct_automedicacion":28,"pct_remedios_caseros":26,"pct_viv_desocupada":0,"pct_alquiler":17,"pct_electricidad":100,"pct_sin_electricidad":0,"pct_agua_red":100,"pct_alcantarillado":17,"pct_camara_septica":50,"pct_pozo_ciego":33,"pct_sin_desague":0,"pct_gas_red":0,"pct_gas_garrafa":100,"pct_lena_guano":100,"pct_basura_formal":83,"pct_basura_quema":17,"pct_basura_informal":0,"pct_internet":83,"pct_celular":100,"pct_televisor":83}},{"type":"Feature","geometry":{"type":"Polygon","coordinates":[[[-67.54159,-14.43056],[-67.54188,-14.4306],[-67.54159,-14.43059],[-67.54158,-14.43119],[-67.54249,-14.43122],[-67.54254,-14.43031],[-67.54159,-14.43027],[-67.54159,-14.43056]]]},"properties":{"n":"SAN BUENAVENTURA","p":73,"personas_x_ha":72,"masculinidad":92,"pct_menor20":42,"pct_60mas":8,"pct_migrante":45,"dependencia_econ":232,"pct_empleados":55,"pct_cuentapropia":32,"pct_agricultura":5,"pct_comercio":18,"pct_manufactura":5,"pct_construccion":9,"pct_transporte":5,"pct_alojamiento":9,"pct_sin_educacion":2,"pct_educ_superior":38,"brecha_educ":0,"pct_sin_seguro":11,"pct_sus":60,"pct_seguro_privado":0,"brecha_seguro":6,"pct_salud_publica":24,"pct_med_tradicional":12,"pct_automedicacion":24,"pct_remedios_caseros":27,"pct_viv_desocupada":4,"pct_alquiler":24,"pct_electricidad":100,"pct_sin_electricidad":0,"pct_agua_red":100,"pct_alcantarillado":95,"pct_camara_septica":5,"pct_pozo_ciego":0,"pct_sin_desague":0,"pct_gas_red":0,"pct_gas_garrafa":95,"pct_lena_guano":95,"pct_basura_formal":100,"pct_basura_quema":0,"pct_basura_informal":0,"pct_internet":76,"pct_celular":90,"pct_televisor":76}},{"type":"Feature","geometry":{"type":"Polygon","coordinates":[[[-67.5358,-14.43565],[-67.53579,-14.4362],[-67.53684,-14.43622],[-67.5369,-14.43532],[-67.53593,-14.43532],[-67.5358,-14.43565]]]},"properties":{"n":"SAN BUENAVENTURA","p":29,"personas_x_ha":26,"masculinidad":93,"pct_menor20":31,"pct_60mas":21,"pct_migrante":59,"dependencia_econ":75,"pct_empleados":25,"pct_cuentapropia":50,"pct_agricultura":12,"pct_comercio":25,"pct_manufactura":6,"pct_construccion":0,"pct_transporte":0,"pct_alojamiento":12,"pct_sin_educacion":0,"pct_educ_superior":42,"brecha_educ":-30,"pct_sin_seguro":4,"pct_sus":67,"pct_seguro_privado":0,"brecha_seguro":-7,"pct_salud_publica":31,"pct_med_tradicional":5,"pct_automedicacion":23,"pct_remedios_caseros":18,"pct_viv_desocupada":0,"pct_alquiler":36,"pct_electricidad":100,"pct_sin_electricidad":0,"pct_agua_red":100,"pct_alcantarillado":82,"pct_camara_septica":18,"pct_pozo_ciego":0,"pct_sin_desague":0,"pct_gas_red":0,"pct_gas_garrafa":100,"pct_lena_guano":100,"pct_basura_formal":100,"pct_basura_quema":0,"pct_basura_informal":0,"pct_internet":82,"pct_celular":82,"pct_televisor":82}},{"type":"Feature","geometry":{"type":"Polygon","coordinates":[[[-67.53691,-14.43728],[-67.53777,-14.43722],[-67.53789,-14.43636],[-67.53697,-14.43635],[-67.53691,-14.43728]]]},"properties":{"n":"SAN BUENAVENTURA","p":75,"personas_x_ha":74,"masculinidad":103,"pct_menor20":41,"pct_60mas":12,"pct_migrante":61,"dependencia_econ":97,"pct_empleados":21,"pct_cuentapropia":53,"pct_agricultura":5,"pct_comercio":50,"pct_manufactura":5,"pct_construccion":8,"pct_transporte":0,"pct_alojamiento":18,"pct_sin_educacion":0,"pct_educ_superior":49,"brecha_educ":-1,"pct_sin_seguro":12,"pct_sus":72,"pct_seguro_privado":0,"brecha_seguro":2,"pct_salud_publica":25,"pct_med_tradicional":9,"pct_automedicacion":21,"pct_remedios_caseros":24,"pct_viv_desocupada":18,"pct_alquiler":33,"pct_electricidad":100,"pct_sin_electricidad":0,"pct_agua_red":96,"pct_alcantarillado":100,"pct_camara_septica":0,"pct_pozo_ciego":0,"pct_sin_desague":0,"pct_gas_red":0,"pct_gas_garrafa":79,"pct_lena_guano":79,"pct_basura_formal":100,"pct_basura_quema":0,"pct_basura_informal":0,"pct_internet":62,"pct_celular":62,"pct_televisor":50}},{"type":"Feature","geometry":{"type":"Polygon","coordinates":[[[-67.5553,-14.41492],[-67.55475,-14.41539],[-67.55529,-14.41598],[-67.55581,-14.41551],[-67.5553,-14.41492]]]},"properties":{"n":"SAN BUENAVENTURA","p":15,"personas_x_ha":21,"masculinidad":114,"pct_menor20":53,"pct_60mas":0,"pct_migrante":60,"dependencia_econ":27,"pct_empleados":18,"pct_cuentapropia":45,"pct_agricultura":55,"pct_comercio":9,"pct_manufactura":0,"pct_construccion":0,"pct_transporte":9,"pct_alojamiento":9,"pct_sin_educacion":0,"pct_educ_superior":0,"brecha_educ":0,"pct_sin_seguro":0,"pct_sus":100,"pct_seguro_privado":0,"brecha_seguro":0,"pct_salud_publica":28,"pct_med_tradicional":15,"pct_automedicacion":13,"pct_remedios_caseros":22,"pct_viv_desocupada":14,"pct_alquiler":0,"pct_electricidad":100,"pct_sin_electricidad":0,"pct_agua_red":75,"pct_alcantarillado":25,"pct_camara_septica":50,"pct_pozo_ciego":25,"pct_sin_desague":0,"pct_gas_red":0,"pct_gas_garrafa":100,"pct_lena_guano":100,"pct_basura_formal":50,"pct_basura_quema":25,"pct_basura_informal":50,"pct_internet":75,"pct_celular":50,"pct_televisor":50}},{"type":"Feature","geometry":{"type":"Polygon","coordinates":[[[-67.54356,-14.4314],[-67.5426,-14.43135],[-67.54259,-14.43227],[-67.54292,-14.43229],[-67.54315,-14.4321],[-67.54356,-14.43173],[-67.54356,-14.4314]]]},"properties":{"n":"SAN BUENAVENTURA","p":46,"personas_x_ha":54,"masculinidad":119,"pct_menor20":37,"pct_60mas":15,"pct_migrante":43,"dependencia_econ":171,"pct_empleados":18,"pct_cuentapropia":65,"pct_agricultura":41,"pct_comercio":12,"pct_manufactura":6,"pct_construccion":6,"pct_transporte":12,"pct_alojamiento":18,"pct_sin_educacion":3,"pct_educ_superior":28,"brecha_educ":-14,"pct_sin_seguro":7,"pct_sus":93,"pct_seguro_privado":0,"brecha_seguro":12,"pct_salud_publica":46,"pct_med_tradicional":5,"pct_automedicacion":19,"pct_remedios_caseros":21,"pct_viv_desocupada":13,"pct_alquiler":27,"pct_electricidad":100,"pct_sin_electricidad":0,"pct_agua_red":100,"pct_alcantarillado":100,"pct_camara_septica":0,"pct_pozo_ciego":0,"pct_sin_desague":0,"pct_gas_red":0,"pct_gas_garrafa":100,"pct_lena_guano":100,"pct_basura_formal":100,"pct_basura_quema":0,"pct_basura_informal":0,"pct_internet":73,"pct_celular":93,"pct_televisor":80}},{"type":"Feature","geometry":{"type":"Polygon","coordinates":[[[-67.5424,-14.43244],[-67.5415,-14.43241],[-67.54145,-14.43347],[-67.54152,-14.43348],[-67.54236,-14.43273],[-67.5424,-14.43244]]]},"properties":{"n":"SAN BUENAVENTURA","p":42,"personas_x_ha":55,"masculinidad":91,"pct_menor20":33,"pct_60mas":14,"pct_migrante":45,"dependencia_econ":141,"pct_empleados":65,"pct_cuentapropia":18,"pct_agricultura":24,"pct_comercio":18,"pct_manufactura":12,"pct_construccion":0,"pct_transporte":0,"pct_alojamiento":6,"pct_sin_educacion":7,"pct_educ_superior":30,"brecha_educ":-4,"pct_sin_seguro":8,"pct_sus":60,"pct_seguro_privado":0,"brecha_seguro":-5,"pct_salud_publica":23,"pct_med_tradicional":14,"pct_automedicacion":16,"pct_remedios_caseros":24,"pct_viv_desocupada":17,"pct_alquiler":33,"pct_electricidad":100,"pct_sin_electricidad":0,"pct_agua_red":100,"pct_alcantarillado":100,"pct_camara_septica":0,"pct_pozo_ciego":0,"pct_sin_desague":0,"pct_gas_red":0,"pct_gas_garrafa":100,"pct_lena_guano":100,"pct_basura_formal":93,"pct_basura_quema":7,"pct_basura_informal":0,"pct_internet":80,"pct_celular":93,"pct_televisor":87}},{"type":"Feature","geometry":{"type":"Polygon","coordinates":[[[-67.53882,-14.43604],[-67.539,-14.43624],[-67.53881,-14.43605],[-67.53848,-14.43633],[-67.53879,-14.43668],[-67.53905,-14.4366],[-67.53896,-14.43669],[-67.5388,-14.4367],[-67.53908,-14.437],[-67.53961,-14.43658],[-67.54044,-14.43613],[-67.53963,-14.43535],[-67.53882,-14.43604]]]},"properties":{"n":"SAN BUENAVENTURA","p":76,"personas_x_ha":42,"masculinidad":117,"pct_menor20":37,"pct_60mas":8,"pct_migrante":33,"dependencia_econ":114,"pct_empleados":37,"pct_cuentapropia":49,"pct_agricultura":23,"pct_comercio":23,"pct_manufactura":3,"pct_construccion":11,"pct_transporte":17,"pct_alojamiento":14,"pct_sin_educacion":6,"pct_educ_superior":28,"brecha_educ":5,"pct_sin_seguro":7,"pct_sus":91,"pct_seguro_privado":0,"brecha_seguro":2,"pct_salud_publica":29,"pct_med_tradicional":12,"pct_automedicacion":24,"pct_remedios_caseros":24,"pct_viv_desocupada":7,"pct_alquiler":22,"pct_electricidad":100,"pct_sin_electricidad":0,"pct_agua_red":100,"pct_alcantarillado":70,"pct_camara_septica":0,"pct_pozo_ciego":26,"pct_sin_desague":4,"pct_gas_red":0,"pct_gas_garrafa":83,"pct_lena_guano":83,"pct_basura_formal":96,"pct_basura_quema":0,"pct_basura_informal":0,"pct_internet":78,"pct_celular":87,"pct_televisor":74}},{"type":"Feature","geometry":{"type":"Polygon","coordinates":[[[-67.54594,-14.42872],[-67.54599,-14.42861],[-67.54673,-14.42886],[-67.54584,-14.42971],[-67.5456,-14.42949],[-67.54593,-14.42874],[-67.54621,-14.42886],[-67.54594,-14.42872]]]},"properties":{"n":"SAN BUENAVENTURA","p":17,"personas_x_ha":24,"masculinidad":143,"pct_menor20":35,"pct_60mas":6,"pct_migrante":59,"dependencia_econ":100,"pct_empleados":75,"pct_cuentapropia":0,"pct_agricultura":0,"pct_comercio":12,"pct_manufactura":0,"pct_construccion":12,"pct_transporte":38,"pct_alojamiento":12,"pct_sin_educacion":9,"pct_educ_superior":27,"brecha_educ":-11,"pct_sin_seguro":25,"pct_sus":75,"pct_seguro_privado":0,"brecha_seguro":13,"pct_salud_publica":21,"pct_med_tradicional":11,"pct_automedicacion":18,"pct_remedios_caseros":26,"pct_viv_desocupada":25,"pct_alquiler":17,"pct_electricidad":100,"pct_sin_electricidad":0,"pct_agua_red":100,"pct_alcantarillado":50,"pct_camara_septica":0,"pct_pozo_ciego":50,"pct_sin_desague":0,"pct_gas_red":0,"pct_gas_garrafa":100,"pct_lena_guano":100,"pct_basura_formal":100,"pct_basura_quema":0,"pct_basura_informal":0,"pct_internet":67,"pct_celular":83,"pct_televisor":83}},{"type":"Feature","geometry":{"type":"Polygon","coordinates":[[[-67.54676,-14.4313],[-67.54645,-14.43089],[-67.54588,-14.4314],[-67.54624,-14.43178],[-67.54676,-14.4313]]]},"properties":{"n":"SAN BUENAVENTURA","p":27,"personas_x_ha":59,"masculinidad":108,"pct_menor20":44,"pct_60mas":4,"pct_migrante":48,"dependencia_econ":108,"pct_empleados":0,"pct_cuentapropia":62,"pct_agricultura":54,"pct_comercio":23,"pct_manufactura":0,"pct_construccion":8,"pct_transporte":0,"pct_alojamiento":8,"pct_sin_educacion":0,"pct_educ_superior":0,"brecha_educ":21,"pct_sin_seguro":8,"pct_sus":92,"pct_seguro_privado":0,"brecha_seguro":0,"pct_salud_publica":45,"pct_med_tradicional":2,"pct_automedicacion":11,"pct_remedios_caseros":36,"pct_viv_desocupada":10,"pct_alquiler":0,"pct_electricidad":78,"pct_sin_electricidad":22,"pct_agua_red":67,"pct_alcantarillado":11,"pct_camara_septica":22,"pct_pozo_ciego":22,"pct_sin_desague":44,"pct_gas_red":0,"pct_gas_garrafa":100,"pct_lena_guano":100,"pct_basura_formal":44,"pct_basura_quema":56,"pct_basura_informal":0,"pct_internet":78,"pct_celular":100,"pct_televisor":67}},{"type":"Feature","geometry":{"type":"Polygon","coordinates":[[[-67.54319,-14.43539],[-67.54368,-14.43591],[-67.54317,-14.43541],[-67.54301,-14.43555],[-67.54312,-14.4357],[-67.54312,-14.43594],[-67.5431,-14.43571],[-67.54299,-14.43557],[-67.54259,-14.43593],[-67.54276,-14.43604],[-67.54257,-14.43595],[-67.54235,-14.43607],[-67.54198,-14.43602],[-67.54182,-14.43631],[-67.54338,-14.43754],[-67.54485,-14.43586],[-67.54442,-14.4354],[-67.54431,-14.4355],[-67.544,-14.43544],[-67.54352,-14.4351],[-67.54319,-14.43539]]]},"properties":{"n":"SAN BUENAVENTURA","p":54,"personas_x_ha":13,"masculinidad":108,"pct_menor20":52,"pct_60mas":6,"pct_migrante":44,"dependencia_econ":96,"pct_empleados":56,"pct_cuentapropia":22,"pct_agricultura":41,"pct_comercio":19,"pct_manufactura":4,"pct_construccion":4,"pct_transporte":7,"pct_alojamiento":11,"pct_sin_educacion":4,"pct_educ_superior":21,"brecha_educ":10,"pct_sin_seguro":9,"pct_sus":89,"pct_seguro_privado":0,"brecha_seguro":10,"pct_salud_publica":23,"pct_med_tradicional":18,"pct_automedicacion":21,"pct_remedios_caseros":27,"pct_viv_desocupada":19,"pct_alquiler":8,"pct_electricidad":100,"pct_sin_electricidad":0,"pct_agua_red":100,"pct_alcantarillado":17,"pct_camara_septica":17,"pct_pozo_ciego":50,"pct_sin_desague":0,"pct_gas_red":0,"pct_gas_garrafa":100,"pct_lena_guano":100,"pct_basura_formal":42,"pct_basura_quema":58,"pct_basura_informal":0,"pct_internet":92,"pct_celular":83,"pct_televisor":75}},{"type":"Feature","geometry":{"type":"Polygon","coordinates":[[[-67.54163,-14.43014],[-67.54254,-14.43017],[-67.54258,-14.42925],[-67.54168,-14.42922],[-67.54163,-14.43014]]]},"properties":{"n":"SAN BUENAVENTURA","p":43,"personas_x_ha":43,"masculinidad":59,"pct_menor20":51,"pct_60mas":7,"pct_migrante":37,"dependencia_econ":126,"pct_empleados":42,"pct_cuentapropia":42,"pct_agricultura":26,"pct_comercio":5,"pct_manufactura":0,"pct_construccion":11,"pct_transporte":5,"pct_alojamiento":16,"pct_sin_educacion":4,"pct_educ_superior":38,"brecha_educ":9,"pct_sin_seguro":5,"pct_sus":86,"pct_seguro_privado":0,"brecha_seguro":-7,"pct_salud_publica":27,"pct_med_tradicional":7,"pct_automedicacion":27,"pct_remedios_caseros":29,"pct_viv_desocupada":17,"pct_alquiler":20,"pct_electricidad":100,"pct_sin_electricidad":0,"pct_agua_red":100,"pct_alcantarillado":80,"pct_camara_septica":20,"pct_pozo_ciego":0,"pct_sin_desague":0,"pct_gas_red":0,"pct_gas_garrafa":100,"pct_lena_guano":100,"pct_basura_formal":100,"pct_basura_quema":0,"pct_basura_informal":0,"pct_internet":90,"pct_celular":100,"pct_televisor":90}},{"type":"Feature","geometry":{"type":"Polygon","coordinates":[[[-67.54448,-14.42899],[-67.54417,-14.4293],[-67.54394,-14.42941],[-67.54393,-14.42956],[-67.54435,-14.42955],[-67.54469,-14.42969],[-67.54526,-14.42967],[-67.54539,-14.4294],[-67.54448,-14.42899]]]},"properties":{"n":"SAN BUENAVENTURA","p":43,"personas_x_ha":60,"masculinidad":95,"pct_menor20":42,"pct_60mas":12,"pct_migrante":26,"dependencia_econ":77,"pct_empleados":18,"pct_cuentapropia":55,"pct_agricultura":32,"pct_comercio":9,"pct_manufactura":5,"pct_construccion":14,"pct_transporte":14,"pct_alojamiento":18,"pct_sin_educacion":12,"pct_educ_superior":8,"brecha_educ":-8,"pct_sin_seguro":21,"pct_sus":76,"pct_seguro_privado":0,"brecha_seguro":11,"pct_salud_publica":24,"pct_med_tradicional":14,"pct_automedicacion":17,"pct_remedios_caseros":28,"pct_viv_desocupada":20,"pct_alquiler":0,"pct_electricidad":100,"pct_sin_electricidad":0,"pct_agua_red":86,"pct_alcantarillado":0,"pct_camara_septica":29,"pct_pozo_ciego":71,"pct_sin_desague":0,"pct_gas_red":0,"pct_gas_garrafa":100,"pct_lena_guano":100,"pct_basura_formal":100,"pct_basura_quema":0,"pct_basura_informal":0,"pct_internet":86,"pct_celular":71,"pct_televisor":86}},{"type":"Feature","geometry":{"type":"Polygon","coordinates":[[[-67.54991,-14.41971],[-67.55012,-14.4199],[-67.55045,-14.41968],[-67.55022,-14.41944],[-67.54942,-14.4192],[-67.54928,-14.41948],[-67.54991,-14.41971]]]},"properties":{"n":"SAN BUENAVENTURA","p":28,"personas_x_ha":62,"masculinidad":100,"pct_menor20":57,"pct_60mas":0,"pct_migrante":39,"dependencia_econ":250,"pct_empleados":50,"pct_cuentapropia":50,"pct_agricultura":50,"pct_comercio":0,"pct_manufactura":0,"pct_construccion":12,"pct_transporte":12,"pct_alojamiento":25,"pct_sin_educacion":0,"pct_educ_superior":8,"brecha_educ":-33,"pct_sin_seguro":21,"pct_sus":79,"pct_seguro_privado":0,"brecha_seguro":0,"pct_salud_publica":27,"pct_med_tradicional":8,"pct_automedicacion":19,"pct_remedios_caseros":32,"pct_viv_desocupada":23,"pct_alquiler":0,"pct_electricidad":100,"pct_sin_electricidad":0,"pct_agua_red":88,"pct_alcantarillado":0,"pct_camara_septica":62,"pct_pozo_ciego":38,"pct_sin_desague":0,"pct_gas_red":0,"pct_gas_garrafa":100,"pct_lena_guano":100,"pct_basura_formal":75,"pct_basura_quema":12,"pct_basura_informal":0,"pct_internet":100,"pct_celular":100,"pct_televisor":88}},{"type":"Feature","geometry":{"type":"Polygon","coordinates":[[[-67.53544,-14.43634],[-67.53526,-14.43729],[-67.53563,-14.43729],[-67.53566,-14.43636],[-67.53544,-14.43634]]]},"properties":{"n":"SAN BUENAVENTURA","p":43,"personas_x_ha":128,"masculinidad":65,"pct_menor20":47,"pct_60mas":12,"pct_migrante":33,"dependencia_econ":169,"pct_empleados":50,"pct_cuentapropia":31,"pct_agricultura":19,"pct_comercio":0,"pct_manufactura":6,"pct_construccion":0,"pct_transporte":19,"pct_alojamiento":19,"pct_sin_educacion":17,"pct_educ_superior":30,"brecha_educ":4,"pct_sin_seguro":7,"pct_sus":84,"pct_seguro_privado":0,"brecha_seguro":18,"pct_salud_publica":20,"pct_med_tradicional":9,"pct_automedicacion":28,"pct_remedios_caseros":31,"pct_viv_desocupada":0,"pct_alquiler":0,"pct_electricidad":100,"pct_sin_electricidad":0,"pct_agua_red":100,"pct_alcantarillado":100,"pct_camara_septica":0,"pct_pozo_ciego":0,"pct_sin_desague":0,"pct_gas_red":0,"pct_gas_garrafa":100,"pct_lena_guano":100,"pct_basura_formal":100,"pct_basura_quema":0,"pct_basura_informal":0,"pct_internet":89,"pct_celular":89,"pct_televisor":89}},{"type":"Feature","geometry":{"type":"Polygon","coordinates":[[[-67.55353,-14.42164],[-67.55461,-14.42052],[-67.55411,-14.41997],[-67.55394,-14.42016],[-67.55408,-14.41993],[-67.55339,-14.41917],[-67.55261,-14.41979],[-67.55211,-14.4203],[-67.55353,-14.42164]]]},"properties":{"n":"SAN BUENAVENTURA","p":37,"personas_x_ha":10,"masculinidad":85,"pct_menor20":59,"pct_60mas":0,"pct_migrante":43,"dependencia_econ":164,"pct_empleados":21,"pct_cuentapropia":57,"pct_agricultura":14,"pct_comercio":43,"pct_manufactura":0,"pct_construccion":7,"pct_transporte":14,"pct_alojamiento":7,"pct_sin_educacion":7,"pct_educ_superior":33,"brecha_educ":-25,"pct_sin_seguro":11,"pct_sus":78,"pct_seguro_privado":0,"brecha_seguro":2,"pct_salud_publica":28,"pct_med_tradicional":10,"pct_automedicacion":20,"pct_remedios_caseros":24,"pct_viv_desocupada":27,"pct_alquiler":38,"pct_electricidad":100,"pct_sin_electricidad":0,"pct_agua_red":100,"pct_alcantarillado":25,"pct_camara_septica":38,"pct_pozo_ciego":38,"pct_sin_desague":0,"pct_gas_red":0,"pct_gas_garrafa":62,"pct_lena_guano":62,"pct_basura_formal":88,"pct_basura_quema":12,"pct_basura_informal":0,"pct_internet":100,"pct_celular":100,"pct_televisor":75}},{"type":"Feature","geometry":{"type":"Polygon","coordinates":[[[-67.54188,-14.42727],[-67.5421,-14.42751],[-67.54234,-14.42763],[-67.54287,-14.4276],[-67.54297,-14.42767],[-67.54286,-14.42909],[-67.54278,-14.42909],[-67.54277,-14.42863],[-67.54276,-14.42909],[-67.54229,-14.42908],[-67.54231,-14.42863],[-67.54228,-14.42908],[-67.54201,-14.42907],[-67.54203,-14.42862],[-67.542,-14.42907],[-67.54169,-14.42906],[-67.54172,-14.42815],[-67.54186,-14.42815],[-67.54172,-14.42814],[-67.54172,-14.4279],[-67.54188,-14.4279],[-67.54172,-14.42788],[-67.54172,-14.42759],[-67.54181,-14.42759],[-67.54172,-14.42757],[-67.54172,-14.42727],[-67.54188,-14.42727]]]},"properties":{"n":"SAN BUENAVENTURA","p":73,"personas_x_ha":33,"masculinidad":121,"pct_menor20":33,"pct_60mas":18,"pct_migrante":33,"dependencia_econ":103,"pct_empleados":44,"pct_cuentapropia":28,"pct_agricultura":42,"pct_comercio":6,"pct_manufactura":8,"pct_construccion":8,"pct_transporte":11,"pct_alojamiento":6,"pct_sin_educacion":2,"pct_educ_superior":6,"brecha_educ":14,"pct_sin_seguro":10,"pct_sus":90,"pct_seguro_privado":0,"brecha_seguro":12,"pct_salud_publica":32,"pct_med_tradicional":9,"pct_automedicacion":19,"pct_remedios_caseros":28,"pct_viv_desocupada":14,"pct_alquiler":0,"pct_electricidad":100,"pct_sin_electricidad":0,"pct_agua_red":100,"pct_alcantarillado":56,"pct_camara_septica":12,"pct_pozo_ciego":25,"pct_sin_desague":0,"pct_gas_red":0,"pct_gas_garrafa":94,"pct_lena_guano":94,"pct_basura_formal":100,"pct_basura_quema":0,"pct_basura_informal":0,"pct_internet":75,"pct_celular":88,"pct_televisor":50}},{"type":"Feature","geometry":{"type":"Polygon","coordinates":[[[-67.54028,-14.43673],[-67.54005,-14.43655],[-67.54047,-14.43638],[-67.54058,-14.43647],[-67.54049,-14.43656],[-67.54059,-14.43648],[-67.54071,-14.43658],[-67.54011,-14.4373],[-67.5396,-14.43673],[-67.54004,-14.43656],[-67.54028,-14.43673]]]},"properties":{"n":"SAN BUENAVENTURA","p":21,"personas_x_ha":37,"masculinidad":75,"pct_menor20":43,"pct_60mas":10,"pct_migrante":43,"dependencia_econ":200,"pct_empleados":57,"pct_cuentapropia":29,"pct_agricultura":0,"pct_comercio":0,"pct_manufactura":14,"pct_construccion":29,"pct_transporte":0,"pct_alojamiento":14,"pct_sin_educacion":8,"pct_educ_superior":0,"brecha_educ":-36,"pct_sin_seguro":0,"pct_sus":100,"pct_seguro_privado":0,"brecha_seguro":0,"pct_salud_publica":95,"pct_med_tradicional":0,"pct_automedicacion":0,"pct_remedios_caseros":5,"pct_viv_desocupada":44,"pct_alquiler":0,"pct_electricidad":100,"pct_sin_electricidad":0,"pct_agua_red":100,"pct_alcantarillado":0,"pct_camara_septica":75,"pct_pozo_ciego":25,"pct_sin_desague":0,"pct_gas_red":25,"pct_gas_garrafa":75,"pct_lena_guano":75,"pct_basura_formal":75,"pct_basura_quema":25,"pct_basura_informal":0,"pct_internet":100,"pct_celular":100,"pct_televisor":75}},{"type":"Feature","geometry":{"type":"Polygon","coordinates":[[[-67.53743,-14.43894],[-67.53739,-14.43833],[-67.5368,-14.43834],[-67.53679,-14.439],[-67.53743,-14.43894]]]},"properties":{"n":"SAN BUENAVENTURA","p":19,"personas_x_ha":39,"masculinidad":90,"pct_menor20":21,"pct_60mas":21,"pct_migrante":37,"dependencia_econ":73,"pct_empleados":27,"pct_cuentapropia":45,"pct_agricultura":27,"pct_comercio":9,"pct_manufactura":0,"pct_construccion":0,"pct_transporte":9,"pct_alojamiento":0,"pct_sin_educacion":0,"pct_educ_superior":80,"brecha_educ":0,"pct_sin_seguro":21,"pct_sus":63,"pct_seguro_privado":0,"brecha_seguro":23,"pct_salud_publica":25,"pct_med_tradicional":8,"pct_automedicacion":18,"pct_remedios_caseros":21,"pct_viv_desocupada":0,"pct_alquiler":14,"pct_electricidad":100,"pct_sin_electricidad":0,"pct_agua_red":100,"pct_alcantarillado":100,"pct_camara_septica":0,"pct_pozo_ciego":0,"pct_sin_desague":0,"pct_gas_red":0,"pct_gas_garrafa":86,"pct_lena_guano":86,"pct_basura_formal":100,"pct_basura_quema":0,"pct_basura_informal":0,"pct_internet":86,"pct_celular":86,"pct_televisor":71}},{"type":"Feature","geometry":{"type":"Polygon","coordinates":[[[-67.53611,-14.44131],[-67.53618,-14.44051],[-67.53572,-14.44051],[-67.53576,-14.4413],[-67.53611,-14.44131]]]},"properties":{"n":"SAN BUENAVENTURA","p":43,"personas_x_ha":103,"masculinidad":79,"pct_menor20":37,"pct_60mas":5,"pct_migrante":47,"dependencia_econ":169,"pct_empleados":56,"pct_cuentapropia":6,"pct_agricultura":6,"pct_comercio":6,"pct_manufactura":0,"pct_construccion":6,"pct_transporte":6,"pct_alojamiento":25,"pct_sin_educacion":0,"pct_educ_superior":19,"brecha_educ":4,"pct_sin_seguro":5,"pct_sus":81,"pct_seguro_privado":0,"brecha_seguro":11,"pct_salud_publica":68,"pct_med_tradicional":0,"pct_automedicacion":6,"pct_remedios_caseros":11,"pct_viv_desocupada":17,"pct_alquiler":10,"pct_electricidad":100,"pct_sin_electricidad":0,"pct_agua_red":100,"pct_alcantarillado":90,"pct_camara_septica":0,"pct_pozo_ciego":0,"pct_sin_desague":10,"pct_gas_red":0,"pct_gas_garrafa":100,"pct_lena_guano":100,"pct_basura_formal":100,"pct_basura_quema":0,"pct_basura_informal":0,"pct_internet":90,"pct_celular":100,"pct_televisor":100}},{"type":"Feature","geometry":{"type":"Polygon","coordinates":[[[-67.53652,-14.43428],[-67.53599,-14.43519],[-67.53691,-14.43518],[-67.53697,-14.4343],[-67.53652,-14.43428]]]},"properties":{"n":"SAN BUENAVENTURA","p":57,"personas_x_ha":77,"masculinidad":90,"pct_menor20":40,"pct_60mas":9,"pct_migrante":32,"dependencia_econ":128,"pct_empleados":36,"pct_cuentapropia":44,"pct_agricultura":24,"pct_comercio":16,"pct_manufactura":4,"pct_construccion":0,"pct_transporte":4,"pct_alojamiento":0,"pct_sin_educacion":6,"pct_educ_superior":34,"brecha_educ":-16,"pct_sin_seguro":15,"pct_sus":73,"pct_seguro_privado":0,"brecha_seguro":16,"pct_salud_publica":72,"pct_med_tradicional":1,"pct_automedicacion":1,"pct_remedios_caseros":7,"pct_viv_desocupada":0,"pct_alquiler":17,"pct_electricidad":100,"pct_sin_electricidad":0,"pct_agua_red":100,"pct_alcantarillado":83,"pct_camara_septica":17,"pct_pozo_ciego":0,"pct_sin_desague":0,"pct_gas_red":0,"pct_gas_garrafa":100,"pct_lena_guano":100,"pct_basura_formal":100,"pct_basura_quema":0,"pct_basura_informal":0,"pct_internet":83,"pct_celular":100,"pct_televisor":83}},{"type":"Feature","geometry":{"type":"Polygon","coordinates":[[[-67.5456,-14.41934],[-67.54474,-14.41979],[-67.54463,-14.41964],[-67.54421,-14.41978],[-67.5445,-14.42035],[-67.54489,-14.42012],[-67.54517,-14.42052],[-67.54606,-14.41983],[-67.5456,-14.41934]]]},"properties":{"n":"SAN BUENAVENTURA","p":31,"personas_x_ha":24,"masculinidad":107,"pct_menor20":45,"pct_60mas":3,"pct_migrante":90,"dependencia_econ":138,"pct_empleados":38,"pct_cuentapropia":38,"pct_agricultura":23,"pct_comercio":31,"pct_manufactura":0,"pct_construccion":15,"pct_transporte":8,"pct_alojamiento":0,"pct_sin_educacion":6,"pct_educ_superior":35,"brecha_educ":-10,"pct_sin_seguro":65,"pct_sus":29,"pct_seguro_privado":6,"brecha_seguro":35,"pct_salud_publica":23,"pct_med_tradicional":10,"pct_automedicacion":21,"pct_remedios_caseros":23,"pct_viv_desocupada":0,"pct_alquiler":0,"pct_electricidad":86,"pct_sin_electricidad":14,"pct_agua_red":100,"pct_alcantarillado":71,"pct_camara_septica":14,"pct_pozo_ciego":0,"pct_sin_desague":14,"pct_gas_red":0,"pct_gas_garrafa":100,"pct_lena_guano":100,"pct_basura_formal":29,"pct_basura_quema":71,"pct_basura_informal":0,"pct_internet":43,"pct_celular":57,"pct_televisor":57}},{"type":"Feature","geometry":{"type":"Polygon","coordinates":[[[-67.55465,-14.41909],[-67.55578,-14.41823],[-67.55541,-14.41772],[-67.55436,-14.41824],[-67.55406,-14.41847],[-67.55465,-14.41909]]]},"properties":{"n":"SAN BUENAVENTURA","p":40,"personas_x_ha":29,"masculinidad":82,"pct_menor20":50,"pct_60mas":8,"pct_migrante":35,"dependencia_econ":167,"pct_empleados":0,"pct_cuentapropia":53,"pct_agricultura":93,"pct_comercio":0,"pct_manufactura":0,"pct_construccion":7,"pct_transporte":0,"pct_alojamiento":0,"pct_sin_educacion":0,"pct_educ_superior":5,"brecha_educ":8,"pct_sin_seguro":5,"pct_sus":95,"pct_seguro_privado":0,"brecha_seguro":11,"pct_salud_publica":28,"pct_med_tradicional":18,"pct_automedicacion":19,"pct_remedios_caseros":28,"pct_viv_desocupada":8,"pct_alquiler":0,"pct_electricidad":91,"pct_sin_electricidad":9,"pct_agua_red":91,"pct_alcantarillado":36,"pct_camara_septica":27,"pct_pozo_ciego":36,"pct_sin_desague":0,"pct_gas_red":0,"pct_gas_garrafa":82,"pct_lena_guano":82,"pct_basura_formal":91,"pct_basura_quema":9,"pct_basura_informal":0,"pct_internet":82,"pct_celular":91,"pct_televisor":73}},{"type":"Feature","geometry":{"type":"Polygon","coordinates":[[[-67.54494,-14.42819],[-67.54558,-14.42683],[-67.54488,-14.4265],[-67.54407,-14.42801],[-67.54494,-14.42819]]]},"properties":{"n":"SAN BUENAVENTURA","p":23,"personas_x_ha":15,"masculinidad":188,"pct_menor20":30,"pct_60mas":4,"pct_migrante":48,"dependencia_econ":109,"pct_empleados":45,"pct_cuentapropia":45,"pct_agricultura":18,"pct_comercio":36,"pct_manufactura":0,"pct_construccion":27,"pct_transporte":9,"pct_alojamiento":0,"pct_sin_educacion":0,"pct_educ_superior":0,"brecha_educ":50,"pct_sin_seguro":4,"pct_sus":91,"pct_seguro_privado":0,"brecha_seguro":7,"pct_salud_publica":34,"pct_med_tradicional":4,"pct_automedicacion":25,"pct_remedios_caseros":28,"pct_viv_desocupada":10,"pct_alquiler":29,"pct_electricidad":100,"pct_sin_electricidad":0,"pct_agua_red":100,"pct_alcantarillado":0,"pct_camara_septica":57,"pct_pozo_ciego":43,"pct_sin_desague":0,"pct_gas_red":0,"pct_gas_garrafa":100,"pct_lena_guano":100,"pct_basura_formal":100,"pct_basura_quema":0,"pct_basura_informal":0,"pct_internet":86,"pct_celular":100,"pct_televisor":43}},{"type":"Feature","geometry":{"type":"Polygon","coordinates":[[[-67.53935,-14.4328],[-67.53937,-14.43231],[-67.53827,-14.43228],[-67.53823,-14.43276],[-67.53935,-14.4328]]]},"properties":{"n":"SAN BUENAVENTURA","p":37,"personas_x_ha":57,"masculinidad":131,"pct_menor20":32,"pct_60mas":11,"pct_migrante":43,"dependencia_econ":131,"pct_empleados":38,"pct_cuentapropia":56,"pct_agricultura":12,"pct_comercio":31,"pct_manufactura":6,"pct_construccion":19,"pct_transporte":6,"pct_alojamiento":0,"pct_sin_educacion":0,"pct_educ_superior":36,"brecha_educ":-4,"pct_sin_seguro":0,"pct_sus":86,"pct_seguro_privado":0,"brecha_seguro":0,"pct_salud_publica":35,"pct_med_tradicional":9,"pct_automedicacion":9,"pct_remedios_caseros":23,"pct_viv_desocupada":27,"pct_alquiler":36,"pct_electricidad":100,"pct_sin_electricidad":0,"pct_agua_red":86,"pct_alcantarillado":93,"pct_camara_septica":7,"pct_pozo_ciego":0,"pct_sin_desague":0,"pct_gas_red":0,"pct_gas_garrafa":100,"pct_lena_guano":100,"pct_basura_formal":100,"pct_basura_quema":0,"pct_basura_informal":0,"pct_internet":86,"pct_celular":86,"pct_televisor":71}},{"type":"Feature","geometry":{"type":"Polygon","coordinates":[[[-67.53821,-14.43323],[-67.53932,-14.43325],[-67.53934,-14.4329],[-67.53822,-14.43285],[-67.53821,-14.43323]]]},"properties":{"n":"SAN BUENAVENTURA","p":54,"personas_x_ha":110,"masculinidad":74,"pct_menor20":50,"pct_60mas":11,"pct_migrante":46,"dependencia_econ":170,"pct_empleados":45,"pct_cuentapropia":30,"pct_agricultura":10,"pct_comercio":0,"pct_manufactura":10,"pct_construccion":5,"pct_transporte":10,"pct_alojamiento":15,"pct_sin_educacion":0,"pct_educ_superior":44,"brecha_educ":-16,"pct_sin_seguro":7,"pct_sus":93,"pct_seguro_privado":0,"brecha_seguro":2,"pct_salud_publica":34,"pct_med_tradicional":7,"pct_automedicacion":16,"pct_remedios_caseros":20,"pct_viv_desocupada":0,"pct_alquiler":25,"pct_electricidad":100,"pct_sin_electricidad":0,"pct_agua_red":100,"pct_alcantarillado":88,"pct_camara_septica":12,"pct_pozo_ciego":0,"pct_sin_desague":0,"pct_gas_red":0,"pct_gas_garrafa":100,"pct_lena_guano":100,"pct_basura_formal":100,"pct_basura_quema":0,"pct_basura_informal":0,"pct_internet":88,"pct_celular":100,"pct_televisor":50}},{"type":"Feature","geometry":{"type":"Polygon","coordinates":[[[-67.53938,-14.43171],[-67.53937,-14.43216],[-67.54027,-14.43219],[-67.54027,-14.43174],[-67.53938,-14.43171]]]},"properties":{"n":"SAN BUENAVENTURA","p":16,"personas_x_ha":33,"masculinidad":100,"pct_menor20":50,"pct_60mas":6,"pct_migrante":69,"dependencia_econ":200,"pct_empleados":20,"pct_cuentapropia":60,"pct_agricultura":20,"pct_comercio":0,"pct_manufactura":20,"pct_construccion":20,"pct_transporte":0,"pct_alojamiento":0,"pct_sin_educacion":0,"pct_educ_superior":25,"brecha_educ":-25,"pct_sin_seguro":0,"pct_sus":100,"pct_seguro_privado":0,"brecha_seguro":0,"pct_salud_publica":35,"pct_med_tradicional":7,"pct_automedicacion":21,"pct_remedios_caseros":23,"pct_viv_desocupada":33,"pct_alquiler":20,"pct_electricidad":100,"pct_sin_electricidad":0,"pct_agua_red":80,"pct_alcantarillado":80,"pct_camara_septica":0,"pct_pozo_ciego":20,"pct_sin_desague":0,"pct_gas_red":0,"pct_gas_garrafa":100,"pct_lena_guano":100,"pct_basura_formal":100,"pct_basura_quema":0,"pct_basura_informal":0,"pct_internet":80,"pct_celular":100,"pct_televisor":80}},{"type":"Feature","geometry":{"type":"Polygon","coordinates":[[[-67.55836,-14.41859],[-67.55773,-14.41806],[-67.55735,-14.41828],[-67.55798,-14.41893],[-67.55836,-14.41859]]]},"properties":{"n":"SAN BUENAVENTURA","p":28,"personas_x_ha":56,"masculinidad":155,"pct_menor20":57,"pct_60mas":4,"pct_migrante":46,"dependencia_econ":133,"pct_empleados":17,"pct_cuentapropia":50,"pct_agricultura":25,"pct_comercio":25,"pct_manufactura":0,"pct_construccion":8,"pct_transporte":8,"pct_alojamiento":25,"pct_sin_educacion":0,"pct_educ_superior":17,"brecha_educ":0,"pct_sin_seguro":25,"pct_sus":75,"pct_seguro_privado":0,"brecha_seguro":11,"pct_salud_publica":32,"pct_med_tradicional":15,"pct_automedicacion":16,"pct_remedios_caseros":25,"pct_viv_desocupada":0,"pct_alquiler":0,"pct_electricidad":67,"pct_sin_electricidad":33,"pct_agua_red":67,"pct_alcantarillado":0,"pct_camara_septica":17,"pct_pozo_ciego":33,"pct_sin_desague":33,"pct_gas_red":0,"pct_gas_garrafa":100,"pct_lena_guano":100,"pct_basura_formal":0,"pct_basura_quema":83,"pct_basura_informal":0,"pct_internet":100,"pct_celular":100,"pct_televisor":50}},{"type":"Feature","geometry":{"type":"Polygon","coordinates":[[[-67.54438,-14.42816],[-67.54434,-14.42834],[-67.54436,-14.42814],[-67.54399,-14.42811],[-67.54384,-14.42926],[-67.544,-14.42932],[-67.54442,-14.42889],[-67.54539,-14.42933],[-67.54547,-14.42919],[-67.54498,-14.42895],[-67.54547,-14.42916],[-67.54557,-14.42894],[-67.54546,-14.42889],[-67.54558,-14.42892],[-67.54573,-14.42856],[-67.54477,-14.42821],[-67.54438,-14.42816]]]},"properties":{"n":"SAN BUENAVENTURA","p":62,"personas_x_ha":35,"masculinidad":121,"pct_menor20":32,"pct_60mas":10,"pct_migrante":35,"dependencia_econ":77,"pct_empleados":46,"pct_cuentapropia":37,"pct_agricultura":26,"pct_comercio":14,"pct_manufactura":6,"pct_construccion":20,"pct_transporte":3,"pct_alojamiento":14,"pct_sin_educacion":5,"pct_educ_superior":19,"brecha_educ":-9,"pct_sin_seguro":19,"pct_sus":70,"pct_seguro_privado":2,"brecha_seguro":14,"pct_salud_publica":29,"pct_med_tradicional":12,"pct_automedicacion":14,"pct_remedios_caseros":26,"pct_viv_desocupada":5,"pct_alquiler":0,"pct_electricidad":100,"pct_sin_electricidad":0,"pct_agua_red":100,"pct_alcantarillado":0,"pct_camara_septica":40,"pct_pozo_ciego":60,"pct_sin_desague":0,"pct_gas_red":0,"pct_gas_garrafa":80,"pct_lena_guano":80,"pct_basura_formal":100,"pct_basura_quema":0,"pct_basura_informal":0,"pct_internet":73,"pct_celular":100,"pct_televisor":73}},{"type":"Feature","geometry":{"type":"Polygon","coordinates":[[[-67.53574,-14.43636],[-67.53572,-14.43729],[-67.53676,-14.43727],[-67.53682,-14.43636],[-67.53574,-14.43636]]]},"properties":{"n":"SAN BUENAVENTURA","p":64,"personas_x_ha":54,"masculinidad":68,"pct_menor20":41,"pct_60mas":9,"pct_migrante":42,"dependencia_econ":125,"pct_empleados":36,"pct_cuentapropia":50,"pct_agricultura":7,"pct_comercio":43,"pct_manufactura":7,"pct_construccion":11,"pct_transporte":7,"pct_alojamiento":4,"pct_sin_educacion":0,"pct_educ_superior":45,"brecha_educ":-14,"pct_sin_seguro":10,"pct_sus":81,"pct_seguro_privado":0,"brecha_seguro":11,"pct_salud_publica":31,"pct_med_tradicional":6,"pct_automedicacion":18,"pct_remedios_caseros":28,"pct_viv_desocupada":46,"pct_alquiler":22,"pct_electricidad":100,"pct_sin_electricidad":0,"pct_agua_red":94,"pct_alcantarillado":100,"pct_camara_septica":0,"pct_pozo_ciego":0,"pct_sin_desague":0,"pct_gas_red":0,"pct_gas_garrafa":94,"pct_lena_guano":94,"pct_basura_formal":100,"pct_basura_quema":0,"pct_basura_informal":0,"pct_internet":78,"pct_celular":89,"pct_televisor":78}},{"type":"Feature","geometry":{"type":"Polygon","coordinates":[[[-67.54776,-14.43207],[-67.54688,-14.43137],[-67.54628,-14.43189],[-67.54655,-14.43231],[-67.54655,-14.43241],[-67.54624,-14.43191],[-67.54577,-14.43144],[-67.5453,-14.43187],[-67.54573,-14.43216],[-67.54577,-14.43233],[-67.54532,-14.43193],[-67.54502,-14.43209],[-67.54431,-14.43128],[-67.54358,-14.43191],[-67.54538,-14.43333],[-67.54558,-14.43312],[-67.54643,-14.43371],[-67.54776,-14.43207]]]},"properties":{"n":"SAN BUENAVENTURA","p":99,"personas_x_ha":17,"masculinidad":106,"pct_menor20":38,"pct_60mas":10,"pct_migrante":60,"dependencia_econ":90,"pct_empleados":29,"pct_cuentapropia":62,"pct_agricultura":38,"pct_comercio":15,"pct_manufactura":10,"pct_construccion":13,"pct_transporte":2,"pct_alojamiento":4,"pct_sin_educacion":10,"pct_educ_superior":13,"brecha_educ":-10,"pct_sin_seguro":10,"pct_sus":82,"pct_seguro_privado":1,"brecha_seguro":7,"pct_salud_publica":28,"pct_med_tradicional":10,"pct_automedicacion":24,"pct_remedios_caseros":25,"pct_viv_desocupada":6,"pct_alquiler":4,"pct_electricidad":96,"pct_sin_electricidad":4,"pct_agua_red":78,"pct_alcantarillado":26,"pct_camara_septica":41,"pct_pozo_ciego":22,"pct_sin_desague":7,"pct_gas_red":0,"pct_gas_garrafa":89,"pct_lena_guano":89,"pct_basura_formal":81,"pct_basura_quema":19,"pct_basura_informal":0,"pct_internet":78,"pct_celular":89,"pct_televisor":74}},{"type":"Feature","geometry":{"type":"Polygon","coordinates":[[[-67.55283,-14.41714],[-67.55335,-14.41769],[-67.55389,-14.4172],[-67.55339,-14.41663],[-67.55283,-14.41714]]]},"properties":{"n":"SAN BUENAVENTURA","p":27,"personas_x_ha":40,"masculinidad":80,"pct_menor20":48,"pct_60mas":4,"pct_migrante":22,"dependencia_econ":80,"pct_empleados":60,"pct_cuentapropia":40,"pct_agricultura":27,"pct_comercio":13,"pct_manufactura":7,"pct_construccion":20,"pct_transporte":7,"pct_alojamiento":7,"pct_sin_educacion":0,"pct_educ_superior":7,"brecha_educ":-36,"pct_sin_seguro":0,"pct_sus":96,"pct_seguro_privado":0,"brecha_seguro":0,"pct_salud_publica":24,"pct_med_tradicional":11,"pct_automedicacion":17,"pct_remedios_caseros":23,"pct_viv_desocupada":50,"pct_alquiler":14,"pct_electricidad":86,"pct_sin_electricidad":14,"pct_agua_red":100,"pct_alcantarillado":0,"pct_camara_septica":0,"pct_pozo_ciego":86,"pct_sin_desague":14,"pct_gas_red":0,"pct_gas_garrafa":100,"pct_lena_guano":100,"pct_basura_formal":86,"pct_basura_quema":14,"pct_basura_informal":0,"pct_internet":86,"pct_celular":100,"pct_televisor":14}},{"type":"Feature","geometry":{"type":"Polygon","coordinates":[[[-67.54462,-14.42978],[-67.54423,-14.42963],[-67.54386,-14.42972],[-67.54383,-14.43021],[-67.54501,-14.43026],[-67.54516,-14.42981],[-67.54509,-14.42975],[-67.54462,-14.42978]]]},"properties":{"n":"SAN BUENAVENTURA","p":38,"personas_x_ha":49,"masculinidad":73,"pct_menor20":53,"pct_60mas":8,"pct_migrante":39,"dependencia_econ":153,"pct_empleados":33,"pct_cuentapropia":40,"pct_agricultura":13,"pct_comercio":13,"pct_manufactura":7,"pct_construccion":0,"pct_transporte":13,"pct_alojamiento":33,"pct_sin_educacion":11,"pct_educ_superior":11,"brecha_educ":-26,"pct_sin_seguro":3,"pct_sus":84,"pct_seguro_privado":0,"brecha_seguro":-5,"pct_salud_publica":27,"pct_med_tradicional":13,"pct_automedicacion":22,"pct_remedios_caseros":27,"pct_viv_desocupada":0,"pct_alquiler":14,"pct_electricidad":100,"pct_sin_electricidad":0,"pct_agua_red":100,"pct_alcantarillado":43,"pct_camara_septica":29,"pct_pozo_ciego":14,"pct_sin_desague":0,"pct_gas_red":0,"pct_gas_garrafa":86,"pct_lena_guano":86,"pct_basura_formal":100,"pct_basura_quema":0,"pct_basura_informal":0,"pct_internet":57,"pct_celular":71,"pct_televisor":57}},{"type":"Feature","geometry":{"type":"Polygon","coordinates":[[[-67.55463,-14.41786],[-67.55533,-14.41759],[-67.55462,-14.41672],[-67.55405,-14.41719],[-67.55463,-14.41786]]]},"properties":{"n":"SAN BUENAVENTURA","p":33,"personas_x_ha":37,"masculinidad":120,"pct_menor20":55,"pct_60mas":12,"pct_migrante":45,"dependencia_econ":154,"pct_empleados":15,"pct_cuentapropia":62,"pct_agricultura":38,"pct_comercio":23,"pct_manufactura":8,"pct_construccion":8,"pct_transporte":0,"pct_alojamiento":0,"pct_sin_educacion":6,"pct_educ_superior":18,"brecha_educ":-3,"pct_sin_seguro":9,"pct_sus":91,"pct_seguro_privado":0,"brecha_seguro":4,"pct_salud_publica":30,"pct_med_tradicional":3,"pct_automedicacion":16,"pct_remedios_caseros":25,"pct_viv_desocupada":14,"pct_alquiler":11,"pct_electricidad":100,"pct_sin_electricidad":0,"pct_agua_red":89,"pct_alcantarillado":22,"pct_camara_septica":0,"pct_pozo_ciego":56,"pct_sin_desague":22,"pct_gas_red":0,"pct_gas_garrafa":89,"pct_lena_guano":89,"pct_basura_formal":89,"pct_basura_quema":0,"pct_basura_informal":0,"pct_internet":78,"pct_celular":78,"pct_televisor":67}},{"type":"Feature","geometry":{"type":"Polygon","coordinates":[[[-68.05573,-14.21192],[-68.05524,-14.21163],[-68.05476,-14.21232],[-68.05527,-14.21264],[-68.05573,-14.21192]]]},"properties":{"n":"SAN JOSE DE UCHUPIAMONAS","p":42,"personas_x_ha":70,"masculinidad":110,"pct_menor20":40,"pct_60mas":10,"pct_migrante":21,"dependencia_econ":83,"pct_empleados":26,"pct_cuentapropia":43,"pct_agricultura":39,"pct_comercio":9,"pct_manufactura":4,"pct_construccion":9,"pct_transporte":0,"pct_alojamiento":4,"pct_sin_educacion":0,"pct_educ_superior":48,"brecha_educ":7,"pct_sin_seguro":7,"pct_sus":76,"pct_seguro_privado":0,"brecha_seguro":-16,"pct_salud_publica":34,"pct_med_tradicional":17,"pct_automedicacion":9,"pct_remedios_caseros":21,"pct_viv_desocupada":0,"pct_alquiler":6,"pct_electricidad":100,"pct_sin_electricidad":0,"pct_agua_red":88,"pct_alcantarillado":19,"pct_camara_septica":31,"pct_pozo_ciego":44,"pct_sin_desague":6,"pct_gas_red":0,"pct_gas_garrafa":31,"pct_lena_guano":31,"pct_basura_formal":0,"pct_basura_quema":69,"pct_basura_informal":12,"pct_internet":44,"pct_celular":81,"pct_televisor":25}},{"type":"Feature","geometry":{"type":"Polygon","coordinates":[[[-68.05647,-14.21086],[-68.05601,-14.21058],[-68.05536,-14.21151],[-68.05581,-14.21183],[-68.05647,-14.21086]]]},"properties":{"n":"SAN JOSE DE UCHUPIAMONAS","p":15,"personas_x_ha":20,"masculinidad":50,"pct_menor20":27,"pct_60mas":7,"pct_migrante":27,"dependencia_econ":50,"pct_empleados":80,"pct_cuentapropia":0,"pct_agricultura":0,"pct_comercio":30,"pct_manufactura":0,"pct_construccion":0,"pct_transporte":0,"pct_alojamiento":30,"pct_sin_educacion":0,"pct_educ_superior":73,"brecha_educ":11,"pct_sin_seguro":40,"pct_sus":27,"pct_seguro_privado":13,"brecha_seguro":-30,"pct_salud_publica":29,"pct_med_tradicional":6,"pct_automedicacion":25,"pct_remedios_caseros":17,"pct_viv_desocupada":0,"pct_alquiler":0,"pct_electricidad":100,"pct_sin_electricidad":0,"pct_agua_red":100,"pct_alcantarillado":0,"pct_camara_septica":56,"pct_pozo_ciego":44,"pct_sin_desague":0,"pct_gas_red":0,"pct_gas_garrafa":89,"pct_lena_guano":89,"pct_basura_formal":0,"pct_basura_quema":33,"pct_basura_informal":22,"pct_internet":100,"pct_celular":100,"pct_televisor":100}},{"type":"Feature","geometry":{"type":"Polygon","coordinates":[[[-68.05329,-14.21448],[-68.05265,-14.21543],[-68.05315,-14.21576],[-68.05382,-14.21479],[-68.05329,-14.21448]]]},"properties":{"n":"SAN JOSE DE UCHUPIAMONAS","p":21,"personas_x_ha":25,"masculinidad":110,"pct_menor20":43,"pct_60mas":10,"pct_migrante":57,"dependencia_econ":110,"pct_empleados":10,"pct_cuentapropia":50,"pct_agricultura":80,"pct_comercio":0,"pct_manufactura":0,"pct_construccion":10,"pct_transporte":0,"pct_alojamiento":0,"pct_sin_educacion":0,"pct_educ_superior":0,"brecha_educ":-17,"pct_sin_seguro":10,"pct_sus":90,"pct_seguro_privado":0,"brecha_seguro":0,"pct_salud_publica":31,"pct_med_tradicional":9,"pct_automedicacion":3,"pct_remedios_caseros":33,"pct_viv_desocupada":0,"pct_alquiler":0,"pct_electricidad":100,"pct_sin_electricidad":0,"pct_agua_red":88,"pct_alcantarillado":0,"pct_camara_septica":12,"pct_pozo_ciego":88,"pct_sin_desague":0,"pct_gas_red":0,"pct_gas_garrafa":12,"pct_lena_guano":12,"pct_basura_formal":0,"pct_basura_quema":88,"pct_basura_informal":0,"pct_internet":75,"pct_celular":75,"pct_televisor":62}},{"type":"Feature","geometry":{"type":"Polygon","coordinates":[[[-68.0558,-14.21406],[-68.05487,-14.21344],[-68.05444,-14.21406],[-68.05533,-14.21464],[-68.0554,-14.21464],[-68.0558,-14.21406]]]},"properties":{"n":"SAN JOSE DE UCHUPIAMONAS","p":32,"personas_x_ha":32,"masculinidad":88,"pct_menor20":19,"pct_60mas":22,"pct_migrante":28,"dependencia_econ":60,"pct_empleados":10,"pct_cuentapropia":30,"pct_agricultura":60,"pct_comercio":0,"pct_manufactura":5,"pct_construccion":10,"pct_transporte":0,"pct_alojamiento":0,"pct_sin_educacion":8,"pct_educ_superior":27,"brecha_educ":-22,"pct_sin_seguro":12,"pct_sus":66,"pct_seguro_privado":0,"brecha_seguro":-11,"pct_salud_publica":30,"pct_med_tradicional":14,"pct_automedicacion":9,"pct_remedios_caseros":25,"pct_viv_desocupada":21,"pct_alquiler":0,"pct_electricidad":100,"pct_sin_electricidad":0,"pct_agua_red":100,"pct_alcantarillado":27,"pct_camara_septica":45,"pct_pozo_ciego":27,"pct_sin_desague":0,"pct_gas_red":0,"pct_gas_garrafa":64,"pct_lena_guano":64,"pct_basura_formal":0,"pct_basura_quema":55,"pct_basura_informal":18,"pct_internet":64,"pct_celular":82,"pct_televisor":36}},{"type":"Feature","geometry":{"type":"Polygon","coordinates":[[[-68.05711,-14.21399],[-68.05636,-14.21351],[-68.05597,-14.21403],[-68.05676,-14.21451],[-68.05711,-14.21399]]]},"properties":{"n":"SAN JOSE DE UCHUPIAMONAS","p":21,"personas_x_ha":30,"masculinidad":91,"pct_menor20":43,"pct_60mas":10,"pct_migrante":19,"dependencia_econ":133,"pct_empleados":44,"pct_cuentapropia":33,"pct_agricultura":67,"pct_comercio":0,"pct_manufactura":11,"pct_construccion":0,"pct_transporte":0,"pct_alojamiento":0,"pct_sin_educacion":0,"pct_educ_superior":25,"brecha_educ":-12,"pct_sin_seguro":10,"pct_sus":90,"pct_seguro_privado":0,"brecha_seguro":20,"pct_salud_publica":33,"pct_med_tradicional":29,"pct_automedicacion":5,"pct_remedios_caseros":32,"pct_viv_desocupada":0,"pct_alquiler":0,"pct_electricidad":100,"pct_sin_electricidad":0,"pct_agua_red":100,"pct_alcantarillado":0,"pct_camara_septica":71,"pct_pozo_ciego":29,"pct_sin_desague":0,"pct_gas_red":0,"pct_gas_garrafa":14,"pct_lena_guano":14,"pct_basura_formal":0,"pct_basura_quema":100,"pct_basura_informal":0,"pct_internet":71,"pct_celular":100,"pct_televisor":57}},{"type":"Feature","geometry":{"type":"Polygon","coordinates":[[[-68.05683,-14.21262],[-68.05589,-14.21202],[-68.0554,-14.21272],[-68.05635,-14.21334],[-68.05683,-14.21262]]]},"properties":{"n":"SAN JOSE DE UCHUPIAMONAS","p":54,"personas_x_ha":46,"masculinidad":170,"pct_menor20":39,"pct_60mas":4,"pct_migrante":37,"dependencia_econ":100,"pct_empleados":23,"pct_cuentapropia":42,"pct_agricultura":62,"pct_comercio":0,"pct_manufactura":0,"pct_construccion":4,"pct_transporte":0,"pct_alojamiento":0,"pct_sin_educacion":0,"pct_educ_superior":26,"brecha_educ":-6,"pct_sin_seguro":6,"pct_sus":62,"pct_seguro_privado":0,"brecha_seguro":-9,"pct_salud_publica":23,"pct_med_tradicional":21,"pct_automedicacion":15,"pct_remedios_caseros":22,"pct_viv_desocupada":0,"pct_alquiler":6,"pct_electricidad":100,"pct_sin_electricidad":0,"pct_agua_red":94,"pct_alcantarillado":0,"pct_camara_septica":44,"pct_pozo_ciego":56,"pct_sin_desague":0,"pct_gas_red":0,"pct_gas_garrafa":61,"pct_lena_guano":61,"pct_basura_formal":0,"pct_basura_quema":100,"pct_basura_informal":0,"pct_internet":89,"pct_celular":89,"pct_televisor":39}},{"type":"Feature","geometry":{"type":"Polygon","coordinates":[[[-68.0583,-14.21222],[-68.05759,-14.21181],[-68.05703,-14.21261],[-68.05777,-14.2131],[-68.0583,-14.21222]]]},"properties":{"n":"SAN JOSE DE UCHUPIAMONAS","p":28,"personas_x_ha":27,"masculinidad":100,"pct_menor20":29,"pct_60mas":18,"pct_migrante":25,"dependencia_econ":87,"pct_empleados":53,"pct_cuentapropia":20,"pct_agricultura":27,"pct_comercio":0,"pct_manufactura":0,"pct_construccion":13,"pct_transporte":0,"pct_alojamiento":0,"pct_sin_educacion":5,"pct_educ_superior":19,"brecha_educ":-21,"pct_sin_seguro":30,"pct_sus":56,"pct_seguro_privado":0,"brecha_seguro":27,"pct_salud_publica":25,"pct_med_tradicional":19,"pct_automedicacion":10,"pct_remedios_caseros":24,"pct_viv_desocupada":0,"pct_alquiler":0,"pct_electricidad":80,"pct_sin_electricidad":20,"pct_agua_red":100,"pct_alcantarillado":0,"pct_camara_septica":70,"pct_pozo_ciego":20,"pct_sin_desague":10,"pct_gas_red":0,"pct_gas_garrafa":50,"pct_lena_guano":50,"pct_basura_formal":0,"pct_basura_quema":100,"pct_basura_informal":0,"pct_internet":50,"pct_celular":80,"pct_televisor":10}},{"type":"Feature","geometry":{"type":"Polygon","coordinates":[[[-68.05384,-14.21464],[-68.05426,-14.21408],[-68.05377,-14.21379],[-68.05337,-14.21436],[-68.05384,-14.21464]]]},"properties":{"n":"SAN JOSE DE UCHUPIAMONAS","p":32,"personas_x_ha":69,"masculinidad":68,"pct_menor20":44,"pct_60mas":3,"pct_migrante":16,"dependencia_econ":129,"pct_empleados":21,"pct_cuentapropia":50,"pct_agricultura":50,"pct_comercio":0,"pct_manufactura":7,"pct_construccion":0,"pct_transporte":7,"pct_alojamiento":0,"pct_sin_educacion":6,"pct_educ_superior":17,"brecha_educ":-20,"pct_sin_seguro":9,"pct_sus":81,"pct_seguro_privado":0,"brecha_seguro":10,"pct_salud_publica":30,"pct_med_tradicional":24,"pct_automedicacion":2,"pct_remedios_caseros":25,"pct_viv_desocupada":0,"pct_alquiler":0,"pct_electricidad":100,"pct_sin_electricidad":0,"pct_agua_red":100,"pct_alcantarillado":0,"pct_camara_septica":33,"pct_pozo_ciego":67,"pct_sin_desague":0,"pct_gas_red":0,"pct_gas_garrafa":56,"pct_lena_guano":56,"pct_basura_formal":0,"pct_basura_quema":89,"pct_basura_informal":0,"pct_internet":100,"pct_celular":100,"pct_televisor":89}},{"type":"Feature","geometry":{"type":"Polygon","coordinates":[[[-68.05421,-14.21286],[-68.05455,-14.21236],[-68.05394,-14.21197],[-68.0536,-14.21246],[-68.05421,-14.21286]]]},"properties":{"n":"SAN JOSE DE UCHUPIAMONAS","p":24,"personas_x_ha":45,"masculinidad":100,"pct_menor20":29,"pct_60mas":0,"pct_migrante":8,"dependencia_econ":140,"pct_empleados":20,"pct_cuentapropia":40,"pct_agricultura":50,"pct_comercio":0,"pct_manufactura":0,"pct_construccion":0,"pct_transporte":0,"pct_alojamiento":0,"pct_sin_educacion":0,"pct_educ_superior":29,"brecha_educ":-10,"pct_sin_seguro":29,"pct_sus":62,"pct_seguro_privado":0,"brecha_seguro":8,"pct_salud_publica":23,"pct_med_tradicional":25,"pct_automedicacion":7,"pct_remedios_caseros":32,"pct_viv_desocupada":0,"pct_alquiler":0,"pct_electricidad":100,"pct_sin_electricidad":0,"pct_agua_red":100,"pct_alcantarillado":11,"pct_camara_septica":44,"pct_pozo_ciego":44,"pct_sin_desague":0,"pct_gas_red":0,"pct_gas_garrafa":67,"pct_lena_guano":78,"pct_basura_formal":0,"pct_basura_quema":89,"pct_basura_informal":0,"pct_internet":67,"pct_celular":67,"pct_televisor":56}},{"type":"Feature","geometry":{"type":"Polygon","coordinates":[[[-68.05555,-14.21643],[-68.05461,-14.21579],[-68.05485,-14.21545],[-68.05388,-14.21484],[-68.05325,-14.21581],[-68.05511,-14.2171],[-68.05555,-14.21643]]]},"properties":{"n":"SAN JOSE DE UCHUPIAMONAS","p":29,"personas_x_ha":11,"masculinidad":93,"pct_menor20":34,"pct_60mas":14,"pct_migrante":21,"dependencia_econ":164,"pct_empleados":9,"pct_cuentapropia":45,"pct_agricultura":64,"pct_comercio":0,"pct_manufactura":0,"pct_construccion":0,"pct_transporte":0,"pct_alojamiento":9,"pct_sin_educacion":0,"pct_educ_superior":21,"brecha_educ":-1,"pct_sin_seguro":7,"pct_sus":93,"pct_seguro_privado":0,"brecha_seguro":0,"pct_salud_publica":31,"pct_med_tradicional":12,"pct_automedicacion":2,"pct_remedios_caseros":35,"pct_viv_desocupada":0,"pct_alquiler":0,"pct_electricidad":100,"pct_sin_electricidad":0,"pct_agua_red":88,"pct_alcantarillado":0,"pct_camara_septica":62,"pct_pozo_ciego":38,"pct_sin_desague":0,"pct_gas_red":0,"pct_gas_garrafa":25,"pct_lena_guano":25,"pct_basura_formal":0,"pct_basura_quema":75,"pct_basura_informal":0,"pct_internet":50,"pct_celular":88,"pct_televisor":62}},{"type":"Feature","geometry":{"type":"Polygon","coordinates":[[[-68.0574,-14.21176],[-68.05645,-14.21117],[-68.05593,-14.21192],[-68.05689,-14.21255],[-68.0574,-14.21176]]]},"properties":{"n":"SAN JOSE DE UCHUPIAMONAS","p":26,"personas_x_ha":21,"masculinidad":117,"pct_menor20":31,"pct_60mas":12,"pct_migrante":42,"dependencia_econ":30,"pct_empleados":15,"pct_cuentapropia":65,"pct_agricultura":55,"pct_comercio":0,"pct_manufactura":20,"pct_construccion":0,"pct_transporte":0,"pct_alojamiento":5,"pct_sin_educacion":5,"pct_educ_superior":45,"brecha_educ":-7,"pct_sin_seguro":16,"pct_sus":80,"pct_seguro_privado":0,"brecha_seguro":15,"pct_salud_publica":22,"pct_med_tradicional":23,"pct_automedicacion":12,"pct_remedios_caseros":26,"pct_viv_desocupada":0,"pct_alquiler":0,"pct_electricidad":89,"pct_sin_electricidad":11,"pct_agua_red":78,"pct_alcantarillado":0,"pct_camara_septica":67,"pct_pozo_ciego":22,"pct_sin_desague":11,"pct_gas_red":0,"pct_gas_garrafa":22,"pct_lena_guano":22,"pct_basura_formal":0,"pct_basura_quema":78,"pct_basura_informal":22,"pct_internet":89,"pct_celular":78,"pct_televisor":33}},{"type":"Feature","geometry":{"type":"Polygon","coordinates":[[[-68.05523,-14.21477],[-68.05438,-14.21417],[-68.05399,-14.21472],[-68.05492,-14.21534],[-68.05523,-14.21477]]]},"properties":{"n":"SAN JOSE DE UCHUPIAMONAS","p":23,"personas_x_ha":26,"masculinidad":44,"pct_menor20":39,"pct_60mas":9,"pct_migrante":13,"dependencia_econ":64,"pct_empleados":7,"pct_cuentapropia":71,"pct_agricultura":50,"pct_comercio":0,"pct_manufactura":14,"pct_construccion":0,"pct_transporte":0,"pct_alojamiento":0,"pct_sin_educacion":0,"pct_educ_superior":29,"brecha_educ":-2,"pct_sin_seguro":26,"pct_sus":70,"pct_seguro_privado":0,"brecha_seguro":4,"pct_salud_publica":40,"pct_med_tradicional":19,"pct_automedicacion":6,"pct_remedios_caseros":28,"pct_viv_desocupada":17,"pct_alquiler":0,"pct_electricidad":70,"pct_sin_electricidad":20,"pct_agua_red":90,"pct_alcantarillado":30,"pct_camara_septica":20,"pct_pozo_ciego":30,"pct_sin_desague":20,"pct_gas_red":0,"pct_gas_garrafa":20,"pct_lena_guano":20,"pct_basura_formal":0,"pct_basura_quema":50,"pct_basura_informal":80,"pct_internet":80,"pct_celular":80,"pct_televisor":10}},{"type":"Feature","geometry":{"type":"Polygon","coordinates":[[[-67.89036,-14.1455],[-67.89054,-14.14475],[-67.88974,-14.14457],[-67.88959,-14.14533],[-67.89036,-14.1455]]]},"properties":{"n":"TUMUPASA","p":32,"personas_x_ha":43,"masculinidad":113,"pct_menor20":44,"pct_60mas":6,"pct_migrante":47,"dependencia_econ":68,"pct_empleados":21,"pct_cuentapropia":53,"pct_agricultura":47,"pct_comercio":32,"pct_manufactura":0,"pct_construccion":5,"pct_transporte":11,"pct_alojamiento":5,"pct_sin_educacion":0,"pct_educ_superior":28,"brecha_educ":-25,"pct_sin_seguro":10,"pct_sus":90,"pct_seguro_privado":0,"brecha_seguro":6,"pct_salud_publica":41,"pct_med_tradicional":7,"pct_automedicacion":22,"pct_remedios_caseros":22,"pct_viv_desocupada":0,"pct_alquiler":18,"pct_electricidad":100,"pct_sin_electricidad":0,"pct_agua_red":100,"pct_alcantarillado":73,"pct_camara_septica":9,"pct_pozo_ciego":18,"pct_sin_desague":0,"pct_gas_red":0,"pct_gas_garrafa":100,"pct_lena_guano":100,"pct_basura_formal":100,"pct_basura_quema":0,"pct_basura_informal":0,"pct_internet":82,"pct_celular":91,"pct_televisor":73}},{"type":"Feature","geometry":{"type":"Polygon","coordinates":[[[-67.88909,-14.14268],[-67.88839,-14.14253],[-67.88823,-14.14326],[-67.88894,-14.14339],[-67.88909,-14.14268]]]},"properties":{"n":"TUMUPASA","p":33,"personas_x_ha":52,"masculinidad":83,"pct_menor20":58,"pct_60mas":3,"pct_migrante":27,"dependencia_econ":120,"pct_empleados":33,"pct_cuentapropia":53,"pct_agricultura":20,"pct_comercio":7,"pct_manufactura":13,"pct_construccion":20,"pct_transporte":0,"pct_alojamiento":7,"pct_sin_educacion":0,"pct_educ_superior":0,"brecha_educ":6,"pct_sin_seguro":6,"pct_sus":94,"pct_seguro_privado":0,"brecha_seguro":-11,"pct_salud_publica":58,"pct_med_tradicional":12,"pct_automedicacion":12,"pct_remedios_caseros":14,"pct_viv_desocupada":10,"pct_alquiler":0,"pct_electricidad":89,"pct_sin_electricidad":11,"pct_agua_red":100,"pct_alcantarillado":56,"pct_camara_septica":0,"pct_pozo_ciego":44,"pct_sin_desague":0,"pct_gas_red":0,"pct_gas_garrafa":67,"pct_lena_guano":67,"pct_basura_formal":100,"pct_basura_quema":0,"pct_basura_informal":0,"pct_internet":89,"pct_celular":100,"pct_televisor":78}},{"type":"Feature","geometry":{"type":"Polygon","coordinates":[[[-67.88804,-14.14783],[-67.88732,-14.1477],[-67.88718,-14.1484],[-67.8879,-14.14854],[-67.88804,-14.14783]]]},"properties":{"n":"TUMUPASA","p":30,"personas_x_ha":47,"masculinidad":88,"pct_menor20":43,"pct_60mas":10,"pct_migrante":40,"dependencia_econ":88,"pct_empleados":12,"pct_cuentapropia":38,"pct_agricultura":44,"pct_comercio":6,"pct_manufactura":12,"pct_construccion":0,"pct_transporte":12,"pct_alojamiento":0,"pct_sin_educacion":0,"pct_educ_superior":24,"brecha_educ":6,"pct_sin_seguro":10,"pct_sus":90,"pct_seguro_privado":0,"brecha_seguro":8,"pct_salud_publica":26,"pct_med_tradicional":14,"pct_automedicacion":12,"pct_remedios_caseros":22,"pct_viv_desocupada":0,"pct_alquiler":10,"pct_electricidad":100,"pct_sin_electricidad":0,"pct_agua_red":80,"pct_alcantarillado":80,"pct_camara_septica":0,"pct_pozo_ciego":20,"pct_sin_desague":0,"pct_gas_red":0,"pct_gas_garrafa":80,"pct_lena_guano":80,"pct_basura_formal":100,"pct_basura_quema":0,"pct_basura_informal":0,"pct_internet":80,"pct_celular":100,"pct_televisor":70}},{"type":"Feature","geometry":{"type":"Polygon","coordinates":[[[-67.89102,-14.14663],[-67.89025,-14.14648],[-67.89011,-14.14721],[-67.89086,-14.14735],[-67.89102,-14.14663]]]},"properties":{"n":"TUMUPASA","p":25,"personas_x_ha":36,"masculinidad":127,"pct_menor20":44,"pct_60mas":8,"pct_migrante":48,"dependencia_econ":130,"pct_empleados":30,"pct_cuentapropia":50,"pct_agricultura":60,"pct_comercio":10,"pct_manufactura":0,"pct_construccion":0,"pct_transporte":10,"pct_alojamiento":0,"pct_sin_educacion":0,"pct_educ_superior":33,"brecha_educ":14,"pct_sin_seguro":14,"pct_sus":73,"pct_seguro_privado":0,"brecha_seguro":-12,"pct_salud_publica":37,"pct_med_tradicional":15,"pct_automedicacion":11,"pct_remedios_caseros":16,"pct_viv_desocupada":0,"pct_alquiler":11,"pct_electricidad":100,"pct_sin_electricidad":0,"pct_agua_red":56,"pct_alcantarillado":67,"pct_camara_septica":0,"pct_pozo_ciego":33,"pct_sin_desague":0,"pct_gas_red":0,"pct_gas_garrafa":89,"pct_lena_guano":89,"pct_basura_formal":100,"pct_basura_quema":0,"pct_basura_informal":0,"pct_internet":56,"pct_celular":78,"pct_televisor":44}},{"type":"Feature","geometry":{"type":"Polygon","coordinates":[[[-67.89219,-14.15096],[-67.89213,-14.15037],[-67.89224,-14.14956],[-67.89148,-14.14939],[-67.89129,-14.15086],[-67.89219,-14.15096]]]},"properties":{"n":"TUMUPASA","p":26,"personas_x_ha":18,"masculinidad":117,"pct_menor20":35,"pct_60mas":12,"pct_migrante":19,"dependencia_econ":100,"pct_empleados":23,"pct_cuentapropia":46,"pct_agricultura":62,"pct_comercio":8,"pct_manufactura":15,"pct_construccion":0,"pct_transporte":0,"pct_alojamiento":0,"pct_sin_educacion":0,"pct_educ_superior":12,"brecha_educ":-15,"pct_sin_seguro":15,"pct_sus":85,"pct_seguro_privado":0,"brecha_seguro":13,"pct_salud_publica":22,"pct_med_tradicional":15,"pct_automedicacion":16,"pct_remedios_caseros":21,"pct_viv_desocupada":9,"pct_alquiler":0,"pct_electricidad":90,"pct_sin_electricidad":10,"pct_agua_red":40,"pct_alcantarillado":50,"pct_camara_septica":40,"pct_pozo_ciego":10,"pct_sin_desague":0,"pct_gas_red":0,"pct_gas_garrafa":50,"pct_lena_guano":50,"pct_basura_formal":100,"pct_basura_quema":0,"pct_basura_informal":0,"pct_internet":40,"pct_celular":60,"pct_televisor":40}},{"type":"Feature","geometry":{"type":"Polygon","coordinates":[[[-67.88943,-14.15237],[-67.88806,-14.15149],[-67.88755,-14.15143],[-67.88675,-14.15162],[-67.88711,-14.1536],[-67.8879,-14.1534],[-67.88781,-14.15289],[-67.88943,-14.15237]]]},"properties":{"n":"TUMUPASA","p":20,"personas_x_ha":5,"masculinidad":67,"pct_menor20":45,"pct_60mas":0,"pct_migrante":45,"dependencia_econ":36,"pct_empleados":14,"pct_cuentapropia":50,"pct_agricultura":36,"pct_comercio":0,"pct_manufactura":21,"pct_construccion":0,"pct_transporte":7,"pct_alojamiento":7,"pct_sin_educacion":0,"pct_educ_superior":8,"brecha_educ":-8,"pct_sin_seguro":11,"pct_sus":67,"pct_seguro_privado":6,"brecha_seguro":3,"pct_salud_publica":43,"pct_med_tradicional":7,"pct_automedicacion":20,"pct_remedios_caseros":13,"pct_viv_desocupada":0,"pct_alquiler":0,"pct_electricidad":71,"pct_sin_electricidad":14,"pct_agua_red":14,"pct_alcantarillado":0,"pct_camara_septica":71,"pct_pozo_ciego":29,"pct_sin_desague":0,"pct_gas_red":0,"pct_gas_garrafa":100,"pct_lena_guano":100,"pct_basura_formal":57,"pct_basura_quema":29,"pct_basura_informal":29,"pct_internet":86,"pct_celular":100,"pct_televisor":43}},{"type":"Feature","geometry":{"type":"Polygon","coordinates":[[[-67.88634,-14.14736],[-67.88648,-14.14664],[-67.88573,-14.14653],[-67.88559,-14.14722],[-67.88634,-14.14736]]]},"properties":{"n":"TUMUPASA","p":38,"personas_x_ha":57,"masculinidad":90,"pct_menor20":39,"pct_60mas":11,"pct_migrante":21,"dependencia_econ":217,"pct_empleados":33,"pct_cuentapropia":58,"pct_agricultura":67,"pct_comercio":0,"pct_manufactura":8,"pct_construccion":0,"pct_transporte":0,"pct_alojamiento":8,"pct_sin_educacion":4,"pct_educ_superior":4,"brecha_educ":-22,"pct_sin_seguro":13,"pct_sus":71,"pct_seguro_privado":0,"brecha_seguro":-14,"pct_salud_publica":40,"pct_med_tradicional":12,"pct_automedicacion":11,"pct_remedios_caseros":19,"pct_viv_desocupada":0,"pct_alquiler":25,"pct_electricidad":100,"pct_sin_electricidad":0,"pct_agua_red":88,"pct_alcantarillado":12,"pct_camara_septica":75,"pct_pozo_ciego":12,"pct_sin_desague":0,"pct_gas_red":0,"pct_gas_garrafa":88,"pct_lena_guano":88,"pct_basura_formal":100,"pct_basura_quema":0,"pct_basura_informal":0,"pct_internet":62,"pct_celular":88,"pct_televisor":38}},{"type":"Feature","geometry":{"type":"Polygon","coordinates":[[[-67.89025,-14.15033],[-67.89047,-14.1492],[-67.88974,-14.14906],[-67.88952,-14.15013],[-67.89025,-14.15033]]]},"properties":{"n":"TUMUPASA","p":47,"personas_x_ha":47,"masculinidad":81,"pct_menor20":38,"pct_60mas":11,"pct_migrante":15,"dependencia_econ":88,"pct_empleados":36,"pct_cuentapropia":32,"pct_agricultura":52,"pct_comercio":0,"pct_manufactura":4,"pct_construccion":8,"pct_transporte":4,"pct_alojamiento":0,"pct_sin_educacion":3,"pct_educ_superior":10,"brecha_educ":1,"pct_sin_seguro":0,"pct_sus":100,"pct_seguro_privado":0,"brecha_seguro":0,"pct_salud_publica":22,"pct_med_tradicional":21,"pct_automedicacion":11,"pct_remedios_caseros":23,"pct_viv_desocupada":0,"pct_alquiler":0,"pct_electricidad":100,"pct_sin_electricidad":0,"pct_agua_red":90,"pct_alcantarillado":30,"pct_camara_septica":20,"pct_pozo_ciego":50,"pct_sin_desague":0,"pct_gas_red":0,"pct_gas_garrafa":60,"pct_lena_guano":60,"pct_basura_formal":100,"pct_basura_quema":0,"pct_basura_informal":0,"pct_internet":70,"pct_celular":90,"pct_televisor":50}},{"type":"Feature","geometry":{"type":"Polygon","coordinates":[[[-67.88876,-14.14884],[-67.88715,-14.14852],[-67.887,-14.14913],[-67.88772,-14.14932],[-67.8886,-14.14971],[-67.88876,-14.14884]]]},"properties":{"n":"TUMUPASA","p":31,"personas_x_ha":21,"masculinidad":82,"pct_menor20":39,"pct_60mas":29,"pct_migrante":16,"dependencia_econ":121,"pct_empleados":21,"pct_cuentapropia":43,"pct_agricultura":50,"pct_comercio":21,"pct_manufactura":7,"pct_construccion":0,"pct_transporte":0,"pct_alojamiento":0,"pct_sin_educacion":0,"pct_educ_superior":45,"brecha_educ":4,"pct_sin_seguro":19,"pct_sus":77,"pct_seguro_privado":0,"brecha_seguro":17,"pct_salud_publica":22,"pct_med_tradicional":13,"pct_automedicacion":12,"pct_remedios_caseros":23,"pct_viv_desocupada":11,"pct_alquiler":0,"pct_electricidad":100,"pct_sin_electricidad":0,"pct_agua_red":100,"pct_alcantarillado":86,"pct_camara_septica":0,"pct_pozo_ciego":14,"pct_sin_desague":0,"pct_gas_red":0,"pct_gas_garrafa":100,"pct_lena_guano":100,"pct_basura_formal":100,"pct_basura_quema":0,"pct_basura_informal":0,"pct_internet":71,"pct_celular":71,"pct_televisor":57}},{"type":"Feature","geometry":{"type":"Polygon","coordinates":[[[-67.8891,-14.14713],[-67.88835,-14.14698],[-67.8882,-14.14774],[-67.88894,-14.14787],[-67.8891,-14.14713]]]},"properties":{"n":"TUMUPASA","p":44,"personas_x_ha":63,"masculinidad":100,"pct_menor20":39,"pct_60mas":11,"pct_migrante":27,"dependencia_econ":91,"pct_empleados":13,"pct_cuentapropia":52,"pct_agricultura":65,"pct_comercio":17,"pct_manufactura":0,"pct_construccion":0,"pct_transporte":4,"pct_alojamiento":0,"pct_sin_educacion":0,"pct_educ_superior":36,"brecha_educ":-25,"pct_sin_seguro":20,"pct_sus":68,"pct_seguro_privado":0,"brecha_seguro":32,"pct_salud_publica":26,"pct_med_tradicional":15,"pct_automedicacion":19,"pct_remedios_caseros":22,"pct_viv_desocupada":0,"pct_alquiler":6,"pct_electricidad":100,"pct_sin_electricidad":0,"pct_agua_red":94,"pct_alcantarillado":75,"pct_camara_septica":6,"pct_pozo_ciego":6,"pct_sin_desague":12,"pct_gas_red":0,"pct_gas_garrafa":94,"pct_lena_guano":94,"pct_basura_formal":100,"pct_basura_quema":0,"pct_basura_informal":0,"pct_internet":94,"pct_celular":100,"pct_televisor":88}},{"type":"Feature","geometry":{"type":"Polygon","coordinates":[[[-67.8858,-14.14991],[-67.88589,-14.15072],[-67.88664,-14.15079],[-67.88667,-14.15001],[-67.88641,-14.15002],[-67.88668,-14.14998],[-67.88671,-14.14954],[-67.8858,-14.14991]]]},"properties":{"n":"TUMUPASA","p":64,"personas_x_ha":63,"masculinidad":83,"pct_menor20":52,"pct_60mas":3,"pct_migrante":31,"dependencia_econ":94,"pct_empleados":15,"pct_cuentapropia":67,"pct_agricultura":67,"pct_comercio":6,"pct_manufactura":6,"pct_construccion":6,"pct_transporte":0,"pct_alojamiento":3,"pct_sin_educacion":3,"pct_educ_superior":16,"brecha_educ":-18,"pct_sin_seguro":2,"pct_sus":98,"pct_seguro_privado":0,"brecha_seguro":3,"pct_salud_publica":24,"pct_med_tradicional":17,"pct_automedicacion":20,"pct_remedios_caseros":21,"pct_viv_desocupada":0,"pct_alquiler":0,"pct_electricidad":92,"pct_sin_electricidad":8,"pct_agua_red":100,"pct_alcantarillado":8,"pct_camara_septica":62,"pct_pozo_ciego":23,"pct_sin_desague":0,"pct_gas_red":0,"pct_gas_garrafa":100,"pct_lena_guano":100,"pct_basura_formal":100,"pct_basura_quema":0,"pct_basura_informal":0,"pct_internet":77,"pct_celular":92,"pct_televisor":54}},{"type":"Feature","geometry":{"type":"Polygon","coordinates":[[[-67.88412,-14.15196],[-67.88398,-14.15063],[-67.88196,-14.15043],[-67.88176,-14.1517],[-67.88347,-14.15209],[-67.88412,-14.15196]]]},"properties":{"n":"TUMUPASA","p":15,"personas_x_ha":4,"masculinidad":67,"pct_menor20":53,"pct_60mas":0,"pct_migrante":40,"dependencia_econ":67,"pct_empleados":33,"pct_cuentapropia":56,"pct_agricultura":11,"pct_comercio":44,"pct_manufactura":0,"pct_construccion":0,"pct_transporte":0,"pct_alojamiento":33,"pct_sin_educacion":0,"pct_educ_superior":14,"brecha_educ":8,"pct_sin_seguro":20,"pct_sus":80,"pct_seguro_privado":0,"brecha_seguro":22,"pct_salud_publica":28,"pct_med_tradicional":8,"pct_automedicacion":16,"pct_remedios_caseros":24,"pct_viv_desocupada":0,"pct_alquiler":0,"pct_electricidad":57,"pct_sin_electricidad":43,"pct_agua_red":71,"pct_alcantarillado":0,"pct_camara_septica":29,"pct_pozo_ciego":71,"pct_sin_desague":0,"pct_gas_red":0,"pct_gas_garrafa":86,"pct_lena_guano":86,"pct_basura_formal":43,"pct_basura_quema":43,"pct_basura_informal":29,"pct_internet":86,"pct_celular":86,"pct_televisor":57}},{"type":"Feature","geometry":{"type":"Polygon","coordinates":[[[-67.88961,-14.14903],[-67.88885,-14.14887],[-67.88871,-14.14973],[-67.88942,-14.14994],[-67.88961,-14.14903]]]},"properties":{"n":"TUMUPASA","p":32,"personas_x_ha":39,"masculinidad":88,"pct_menor20":38,"pct_60mas":22,"pct_migrante":41,"dependencia_econ":88,"pct_empleados":12,"pct_cuentapropia":71,"pct_agricultura":65,"pct_comercio":18,"pct_manufactura":6,"pct_construccion":0,"pct_transporte":0,"pct_alojamiento":0,"pct_sin_educacion":15,"pct_educ_superior":30,"brecha_educ":-25,"pct_sin_seguro":3,"pct_sus":88,"pct_seguro_privado":0,"brecha_seguro":7,"pct_salud_publica":29,"pct_med_tradicional":6,"pct_automedicacion":22,"pct_remedios_caseros":24,"pct_viv_desocupada":0,"pct_alquiler":10,"pct_electricidad":100,"pct_sin_electricidad":0,"pct_agua_red":100,"pct_alcantarillado":60,"pct_camara_septica":20,"pct_pozo_ciego":20,"pct_sin_desague":0,"pct_gas_red":0,"pct_gas_garrafa":80,"pct_lena_guano":80,"pct_basura_formal":80,"pct_basura_quema":10,"pct_basura_informal":0,"pct_internet":60,"pct_celular":70,"pct_televisor":60}},{"type":"Feature","geometry":{"type":"Polygon","coordinates":[[[-67.88928,-14.14616],[-67.88945,-14.14543],[-67.88874,-14.14528],[-67.88859,-14.146],[-67.88928,-14.14616]]]},"properties":{"n":"TUMUPASA","p":54,"personas_x_ha":84,"masculinidad":93,"pct_menor20":39,"pct_60mas":15,"pct_migrante":48,"dependencia_econ":66,"pct_empleados":19,"pct_cuentapropia":56,"pct_agricultura":9,"pct_comercio":16,"pct_manufactura":25,"pct_construccion":6,"pct_transporte":6,"pct_alojamiento":3,"pct_sin_educacion":6,"pct_educ_superior":26,"brecha_educ":6,"pct_sin_seguro":12,"pct_sus":77,"pct_seguro_privado":0,"brecha_seguro":23,"pct_salud_publica":25,"pct_med_tradicional":13,"pct_automedicacion":21,"pct_remedios_caseros":19,"pct_viv_desocupada":6,"pct_alquiler":20,"pct_electricidad":100,"pct_sin_electricidad":0,"pct_agua_red":100,"pct_alcantarillado":73,"pct_camara_septica":27,"pct_pozo_ciego":0,"pct_sin_desague":0,"pct_gas_red":0,"pct_gas_garrafa":87,"pct_lena_guano":87,"pct_basura_formal":100,"pct_basura_quema":0,"pct_basura_informal":0,"pct_internet":87,"pct_celular":87,"pct_televisor":73}},{"type":"Feature","geometry":{"type":"Polygon","coordinates":[[[-67.88927,-14.14628],[-67.88856,-14.14614],[-67.8884,-14.14687],[-67.88913,-14.14701],[-67.88927,-14.14628]]]},"properties":{"n":"TUMUPASA","p":58,"personas_x_ha":88,"masculinidad":87,"pct_menor20":40,"pct_60mas":10,"pct_migrante":31,"dependencia_econ":119,"pct_empleados":4,"pct_cuentapropia":42,"pct_agricultura":46,"pct_comercio":8,"pct_manufactura":8,"pct_construccion":8,"pct_transporte":4,"pct_alojamiento":23,"pct_sin_educacion":9,"pct_educ_superior":18,"brecha_educ":-6,"pct_sin_seguro":13,"pct_sus":87,"pct_seguro_privado":0,"brecha_seguro":20,"pct_salud_publica":23,"pct_med_tradicional":18,"pct_automedicacion":16,"pct_remedios_caseros":20,"pct_viv_desocupada":0,"pct_alquiler":0,"pct_electricidad":100,"pct_sin_electricidad":0,"pct_agua_red":56,"pct_alcantarillado":62,"pct_camara_septica":25,"pct_pozo_ciego":12,"pct_sin_desague":0,"pct_gas_red":0,"pct_gas_garrafa":94,"pct_lena_guano":94,"pct_basura_formal":100,"pct_basura_quema":0,"pct_basura_informal":0,"pct_internet":62,"pct_celular":62,"pct_televisor":75}},{"type":"Feature","geometry":{"type":"Polygon","coordinates":[[[-67.88535,-14.1527],[-67.88523,-14.15195],[-67.88067,-14.1529],[-67.88063,-14.15303],[-67.88098,-14.15333],[-67.88148,-14.15352],[-67.88535,-14.1527]]]},"properties":{"n":"TUMUPASA","p":33,"personas_x_ha":8,"masculinidad":175,"pct_menor20":67,"pct_60mas":0,"pct_migrante":39,"dependencia_econ":154,"pct_empleados":8,"pct_cuentapropia":46,"pct_agricultura":85,"pct_comercio":8,"pct_manufactura":0,"pct_construccion":0,"pct_transporte":0,"pct_alojamiento":0,"pct_sin_educacion":0,"pct_educ_superior":17,"brecha_educ":0,"pct_sin_seguro":6,"pct_sus":75,"pct_seguro_privado":0,"brecha_seguro":10,"pct_salud_publica":26,"pct_med_tradicional":5,"pct_automedicacion":12,"pct_remedios_caseros":22,"pct_viv_desocupada":0,"pct_alquiler":0,"pct_electricidad":86,"pct_sin_electricidad":0,"pct_agua_red":43,"pct_alcantarillado":0,"pct_camara_septica":29,"pct_pozo_ciego":71,"pct_sin_desague":0,"pct_gas_red":0,"pct_gas_garrafa":100,"pct_lena_guano":100,"pct_basura_formal":100,"pct_basura_quema":0,"pct_basura_informal":0,"pct_internet":71,"pct_celular":86,"pct_televisor":57}},{"type":"Feature","geometry":{"type":"Polygon","coordinates":[[[-67.89134,-14.1494],[-67.89062,-14.14922],[-67.89037,-14.15061],[-67.89113,-14.15077],[-67.89134,-14.1494]]]},"properties":{"n":"TUMUPASA","p":58,"personas_x_ha":44,"masculinidad":100,"pct_menor20":36,"pct_60mas":12,"pct_migrante":19,"dependencia_econ":115,"pct_empleados":22,"pct_cuentapropia":56,"pct_agricultura":56,"pct_comercio":4,"pct_manufactura":11,"pct_construccion":7,"pct_transporte":4,"pct_alojamiento":4,"pct_sin_educacion":5,"pct_educ_superior":33,"brecha_educ":4,"pct_sin_seguro":12,"pct_sus":86,"pct_seguro_privado":0,"brecha_seguro":12,"pct_salud_publica":33,"pct_med_tradicional":15,"pct_automedicacion":10,"pct_remedios_caseros":20,"pct_viv_desocupada":0,"pct_alquiler":12,"pct_electricidad":100,"pct_sin_electricidad":0,"pct_agua_red":100,"pct_alcantarillado":41,"pct_camara_septica":29,"pct_pozo_ciego":29,"pct_sin_desague":0,"pct_gas_red":0,"pct_gas_garrafa":76,"pct_lena_guano":76,"pct_basura_formal":94,"pct_basura_quema":6,"pct_basura_informal":0,"pct_internet":65,"pct_celular":88,"pct_televisor":76}},{"type":"Feature","geometry":{"type":"Polygon","coordinates":[[[-67.89071,-14.14379],[-67.89086,-14.14309],[-67.8901,-14.14292],[-67.88996,-14.14362],[-67.89071,-14.14379]]]},"properties":{"n":"TUMUPASA","p":32,"personas_x_ha":47,"masculinidad":88,"pct_menor20":56,"pct_60mas":3,"pct_migrante":50,"dependencia_econ":100,"pct_empleados":25,"pct_cuentapropia":56,"pct_agricultura":25,"pct_comercio":19,"pct_manufactura":6,"pct_construccion":6,"pct_transporte":12,"pct_alojamiento":12,"pct_sin_educacion":0,"pct_educ_superior":20,"brecha_educ":-25,"pct_sin_seguro":9,"pct_sus":88,"pct_seguro_privado":0,"brecha_seguro":7,"pct_salud_publica":42,"pct_med_tradicional":20,"pct_automedicacion":8,"pct_remedios_caseros":20,"pct_viv_desocupada":20,"pct_alquiler":18,"pct_electricidad":100,"pct_sin_electricidad":0,"pct_agua_red":100,"pct_alcantarillado":82,"pct_camara_septica":9,"pct_pozo_ciego":9,"pct_sin_desague":0,"pct_gas_red":0,"pct_gas_garrafa":91,"pct_lena_guano":91,"pct_basura_formal":91,"pct_basura_quema":9,"pct_basura_informal":0,"pct_internet":91,"pct_celular":100,"pct_televisor":45}},{"type":"Feature","geometry":{"type":"Polygon","coordinates":[[[-67.88667,-14.14575],[-67.88596,-14.14562],[-67.88579,-14.14636],[-67.8865,-14.14649],[-67.88667,-14.14575]]]},"properties":{"n":"TUMUPASA","p":25,"personas_x_ha":38,"masculinidad":108,"pct_menor20":32,"pct_60mas":4,"pct_migrante":32,"dependencia_econ":100,"pct_empleados":25,"pct_cuentapropia":58,"pct_agricultura":42,"pct_comercio":0,"pct_manufactura":33,"pct_construccion":8,"pct_transporte":17,"pct_alojamiento":0,"pct_sin_educacion":12,"pct_educ_superior":6,"brecha_educ":-8,"pct_sin_seguro":4,"pct_sus":96,"pct_seguro_privado":0,"brecha_seguro":8,"pct_salud_publica":29,"pct_med_tradicional":4,"pct_automedicacion":21,"pct_remedios_caseros":30,"pct_viv_desocupada":0,"pct_alquiler":0,"pct_electricidad":100,"pct_sin_electricidad":0,"pct_agua_red":100,"pct_alcantarillado":12,"pct_camara_septica":88,"pct_pozo_ciego":0,"pct_sin_desague":0,"pct_gas_red":0,"pct_gas_garrafa":100,"pct_lena_guano":100,"pct_basura_formal":100,"pct_basura_quema":0,"pct_basura_informal":0,"pct_internet":88,"pct_celular":100,"pct_televisor":62}},{"type":"Feature","geometry":{"type":"Polygon","coordinates":[[[-67.89121,-14.1458],[-67.89048,-14.14566],[-67.89032,-14.14637],[-67.89105,-14.14652],[-67.89121,-14.1458]]]},"properties":{"n":"TUMUPASA","p":20,"personas_x_ha":30,"masculinidad":82,"pct_menor20":50,"pct_60mas":25,"pct_migrante":30,"dependencia_econ":150,"pct_empleados":0,"pct_cuentapropia":75,"pct_agricultura":62,"pct_comercio":12,"pct_manufactura":0,"pct_construccion":0,"pct_transporte":0,"pct_alojamiento":12,"pct_sin_educacion":20,"pct_educ_superior":30,"brecha_educ":33,"pct_sin_seguro":0,"pct_sus":60,"pct_seguro_privado":0,"brecha_seguro":0,"pct_salud_publica":20,"pct_med_tradicional":15,"pct_automedicacion":17,"pct_remedios_caseros":24,"pct_viv_desocupada":25,"pct_alquiler":17,"pct_electricidad":67,"pct_sin_electricidad":33,"pct_agua_red":100,"pct_alcantarillado":50,"pct_camara_septica":33,"pct_pozo_ciego":0,"pct_sin_desague":17,"pct_gas_red":0,"pct_gas_garrafa":83,"pct_lena_guano":83,"pct_basura_formal":83,"pct_basura_quema":0,"pct_basura_informal":0,"pct_internet":83,"pct_celular":83,"pct_televisor":67}},{"type":"Feature","geometry":{"type":"Polygon","coordinates":[[[-67.88979,-14.14816],[-67.88905,-14.14801],[-67.88892,-14.14874],[-67.88965,-14.14888],[-67.88979,-14.14816]]]},"properties":{"n":"TUMUPASA","p":32,"personas_x_ha":48,"masculinidad":88,"pct_menor20":41,"pct_60mas":9,"pct_migrante":12,"dependencia_econ":142,"pct_empleados":33,"pct_cuentapropia":33,"pct_agricultura":67,"pct_comercio":0,"pct_manufactura":0,"pct_construccion":0,"pct_transporte":8,"pct_alojamiento":0,"pct_sin_educacion":0,"pct_educ_superior":18,"brecha_educ":4,"pct_sin_seguro":10,"pct_sus":90,"pct_seguro_privado":0,"brecha_seguro":8,"pct_salud_publica":25,"pct_med_tradicional":16,"pct_automedicacion":20,"pct_remedios_caseros":23,"pct_viv_desocupada":0,"pct_alquiler":11,"pct_electricidad":100,"pct_sin_electricidad":0,"pct_agua_red":100,"pct_alcantarillado":89,"pct_camara_septica":11,"pct_pozo_ciego":0,"pct_sin_desague":0,"pct_gas_red":0,"pct_gas_garrafa":78,"pct_lena_guano":78,"pct_basura_formal":100,"pct_basura_quema":0,"pct_basura_informal":0,"pct_internet":56,"pct_celular":56,"pct_televisor":56}},{"type":"Feature","geometry":{"type":"Polygon","coordinates":[[[-67.89072,-14.14395],[-67.88992,-14.14373],[-67.88976,-14.14446],[-67.89056,-14.14465],[-67.89072,-14.14395]]]},"properties":{"n":"TUMUPASA","p":28,"personas_x_ha":37,"masculinidad":133,"pct_menor20":43,"pct_60mas":14,"pct_migrante":29,"dependencia_econ":75,"pct_empleados":6,"pct_cuentapropia":62,"pct_agricultura":75,"pct_comercio":0,"pct_manufactura":0,"pct_construccion":0,"pct_transporte":0,"pct_alojamiento":6,"pct_sin_educacion":6,"pct_educ_superior":0,"brecha_educ":-31,"pct_sin_seguro":4,"pct_sus":96,"pct_seguro_privado":0,"brecha_seguro":-8,"pct_salud_publica":24,"pct_med_tradicional":18,"pct_automedicacion":15,"pct_remedios_caseros":22,"pct_viv_desocupada":17,"pct_alquiler":12,"pct_electricidad":100,"pct_sin_electricidad":0,"pct_agua_red":88,"pct_alcantarillado":75,"pct_camara_septica":25,"pct_pozo_ciego":0,"pct_sin_desague":0,"pct_gas_red":0,"pct_gas_garrafa":75,"pct_lena_guano":75,"pct_basura_formal":100,"pct_basura_quema":0,"pct_basura_informal":0,"pct_internet":75,"pct_celular":75,"pct_televisor":62}},{"type":"Feature","geometry":{"type":"Polygon","coordinates":[[[-67.88649,-14.14311],[-67.88614,-14.14466],[-67.88688,-14.14481],[-67.88724,-14.14324],[-67.88649,-14.14311]]]},"properties":{"n":"TUMUPASA","p":38,"personas_x_ha":26,"masculinidad":192,"pct_menor20":53,"pct_60mas":3,"pct_migrante":34,"dependencia_econ":111,"pct_empleados":44,"pct_cuentapropia":39,"pct_agricultura":61,"pct_comercio":6,"pct_manufactura":17,"pct_construccion":0,"pct_transporte":0,"pct_alojamiento":6,"pct_sin_educacion":6,"pct_educ_superior":11,"brecha_educ":0,"pct_sin_seguro":26,"pct_sus":74,"pct_seguro_privado":0,"brecha_seguro":5,"pct_salud_publica":27,"pct_med_tradicional":12,"pct_automedicacion":12,"pct_remedios_caseros":29,"pct_viv_desocupada":0,"pct_alquiler":27,"pct_electricidad":100,"pct_sin_electricidad":0,"pct_agua_red":91,"pct_alcantarillado":27,"pct_camara_septica":18,"pct_pozo_ciego":45,"pct_sin_desague":0,"pct_gas_red":0,"pct_gas_garrafa":64,"pct_lena_guano":64,"pct_basura_formal":100,"pct_basura_quema":0,"pct_basura_informal":0,"pct_internet":82,"pct_celular":100,"pct_televisor":64}},{"type":"Feature","geometry":{"type":"Polygon","coordinates":[[[-67.88843,-14.14611],[-67.8877,-14.14597],[-67.88753,-14.14669],[-67.88826,-14.14683],[-67.88843,-14.14611]]]},"properties":{"n":"TUMUPASA","p":42,"personas_x_ha":64,"masculinidad":121,"pct_menor20":40,"pct_60mas":19,"pct_migrante":21,"dependencia_econ":68,"pct_empleados":20,"pct_cuentapropia":56,"pct_agricultura":28,"pct_comercio":4,"pct_manufactura":24,"pct_construccion":8,"pct_transporte":12,"pct_alojamiento":4,"pct_sin_educacion":23,"pct_educ_superior":12,"brecha_educ":-28,"pct_sin_seguro":10,"pct_sus":90,"pct_seguro_privado":0,"brecha_seguro":17,"pct_salud_publica":26,"pct_med_tradicional":14,"pct_automedicacion":12,"pct_remedios_caseros":18,"pct_viv_desocupada":7,"pct_alquiler":23,"pct_electricidad":100,"pct_sin_electricidad":0,"pct_agua_red":85,"pct_alcantarillado":77,"pct_camara_septica":8,"pct_pozo_ciego":15,"pct_sin_desague":0,"pct_gas_red":0,"pct_gas_garrafa":85,"pct_lena_guano":85,"pct_basura_formal":100,"pct_basura_quema":0,"pct_basura_informal":0,"pct_internet":69,"pct_celular":100,"pct_televisor":69}},{"type":"Feature","geometry":{"type":"Polygon","coordinates":[[[-67.88892,-14.148],[-67.88815,-14.14784],[-67.88801,-14.14856],[-67.88878,-14.1487],[-67.88892,-14.148]]]},"properties":{"n":"TUMUPASA","p":56,"personas_x_ha":82,"masculinidad":65,"pct_menor20":45,"pct_60mas":14,"pct_migrante":41,"dependencia_econ":81,"pct_empleados":26,"pct_cuentapropia":55,"pct_agricultura":39,"pct_comercio":13,"pct_manufactura":10,"pct_construccion":6,"pct_transporte":3,"pct_alojamiento":16,"pct_sin_educacion":0,"pct_educ_superior":25,"brecha_educ":-13,"pct_sin_seguro":7,"pct_sus":85,"pct_seguro_privado":0,"brecha_seguro":4,"pct_salud_publica":34,"pct_med_tradicional":15,"pct_automedicacion":8,"pct_remedios_caseros":19,"pct_viv_desocupada":0,"pct_alquiler":20,"pct_electricidad":100,"pct_sin_electricidad":0,"pct_agua_red":100,"pct_alcantarillado":67,"pct_camara_septica":13,"pct_pozo_ciego":7,"pct_sin_desague":13,"pct_gas_red":0,"pct_gas_garrafa":80,"pct_lena_guano":80,"pct_basura_formal":100,"pct_basura_quema":0,"pct_basura_informal":0,"pct_internet":53,"pct_celular":80,"pct_televisor":67}},{"type":"Feature","geometry":{"type":"Polygon","coordinates":[[[-67.89156,-14.14841],[-67.8917,-14.14766],[-67.89098,-14.14749],[-67.89083,-14.14823],[-67.89156,-14.14841]]]},"properties":{"n":"TUMUPASA","p":28,"personas_x_ha":41,"masculinidad":75,"pct_menor20":54,"pct_60mas":7,"pct_migrante":36,"dependencia_econ":125,"pct_empleados":8,"pct_cuentapropia":25,"pct_agricultura":25,"pct_comercio":17,"pct_manufactura":8,"pct_construccion":8,"pct_transporte":0,"pct_alojamiento":0,"pct_sin_educacion":8,"pct_educ_superior":25,"brecha_educ":-6,"pct_sin_seguro":0,"pct_sus":100,"pct_seguro_privado":0,"brecha_seguro":0,"pct_salud_publica":44,"pct_med_tradicional":19,"pct_automedicacion":17,"pct_remedios_caseros":19,"pct_viv_desocupada":12,"pct_alquiler":0,"pct_electricidad":100,"pct_sin_electricidad":0,"pct_agua_red":100,"pct_alcantarillado":0,"pct_camara_septica":100,"pct_pozo_ciego":0,"pct_sin_desague":0,"pct_gas_red":0,"pct_gas_garrafa":86,"pct_lena_guano":86,"pct_basura_formal":100,"pct_basura_quema":0,"pct_basura_informal":0,"pct_internet":71,"pct_celular":86,"pct_televisor":43}},{"type":"Feature","geometry":{"type":"Polygon","coordinates":[[[-67.88668,-14.15166],[-67.88594,-14.15182],[-67.88605,-14.15214],[-67.88591,-14.15182],[-67.88533,-14.15194],[-67.88548,-14.15284],[-67.88682,-14.15251],[-67.88668,-14.15166]]]},"properties":{"n":"TUMUPASA","p":31,"personas_x_ha":21,"masculinidad":94,"pct_menor20":52,"pct_60mas":0,"pct_migrante":10,"dependencia_econ":107,"pct_empleados":20,"pct_cuentapropia":60,"pct_agricultura":40,"pct_comercio":0,"pct_manufactura":0,"pct_construccion":0,"pct_transporte":13,"pct_alojamiento":0,"pct_sin_educacion":0,"pct_educ_superior":20,"brecha_educ":0,"pct_sin_seguro":0,"pct_sus":87,"pct_seguro_privado":0,"brecha_seguro":0,"pct_salud_publica":22,"pct_med_tradicional":9,"pct_automedicacion":20,"pct_remedios_caseros":23,"pct_viv_desocupada":0,"pct_alquiler":11,"pct_electricidad":100,"pct_sin_electricidad":0,"pct_agua_red":56,"pct_alcantarillado":11,"pct_camara_septica":11,"pct_pozo_ciego":78,"pct_sin_desague":0,"pct_gas_red":0,"pct_gas_garrafa":100,"pct_lena_guano":100,"pct_basura_formal":67,"pct_basura_quema":33,"pct_basura_informal":0,"pct_internet":67,"pct_celular":100,"pct_televisor":44}},{"type":"Feature","geometry":{"type":"Polygon","coordinates":[[[-67.88744,-14.14699],[-67.88763,-14.14704],[-67.88743,-14.14703],[-67.88731,-14.14756],[-67.88806,-14.1477],[-67.88822,-14.14695],[-67.88748,-14.1468],[-67.88744,-14.14699]]]},"properties":{"n":"TUMUPASA","p":53,"personas_x_ha":76,"masculinidad":121,"pct_menor20":45,"pct_60mas":8,"pct_migrante":40,"dependencia_econ":66,"pct_empleados":44,"pct_cuentapropia":38,"pct_agricultura":19,"pct_comercio":16,"pct_manufactura":16,"pct_construccion":3,"pct_transporte":0,"pct_alojamiento":12,"pct_sin_educacion":0,"pct_educ_superior":34,"brecha_educ":22,"pct_sin_seguro":6,"pct_sus":74,"pct_seguro_privado":0,"brecha_seguro":10,"pct_salud_publica":17,"pct_med_tradicional":16,"pct_automedicacion":17,"pct_remedios_caseros":19,"pct_viv_desocupada":0,"pct_alquiler":35,"pct_electricidad":100,"pct_sin_electricidad":0,"pct_agua_red":100,"pct_alcantarillado":88,"pct_camara_septica":12,"pct_pozo_ciego":0,"pct_sin_desague":0,"pct_gas_red":0,"pct_gas_garrafa":88,"pct_lena_guano":88,"pct_basura_formal":100,"pct_basura_quema":0,"pct_basura_informal":0,"pct_internet":100,"pct_celular":100,"pct_televisor":53}},{"type":"Feature","geometry":{"type":"Polygon","coordinates":[[[-67.88861,-14.14525],[-67.88784,-14.14511],[-67.88771,-14.14581],[-67.88845,-14.14597],[-67.88861,-14.14525]]]},"properties":{"n":"TUMUPASA","p":28,"personas_x_ha":42,"masculinidad":115,"pct_menor20":46,"pct_60mas":7,"pct_migrante":14,"dependencia_econ":87,"pct_empleados":20,"pct_cuentapropia":53,"pct_agricultura":53,"pct_comercio":13,"pct_manufactura":13,"pct_construccion":0,"pct_transporte":0,"pct_alojamiento":0,"pct_sin_educacion":7,"pct_educ_superior":20,"brecha_educ":-11,"pct_sin_seguro":7,"pct_sus":71,"pct_seguro_privado":0,"brecha_seguro":-1,"pct_salud_publica":25,"pct_med_tradicional":17,"pct_automedicacion":15,"pct_remedios_caseros":25,"pct_viv_desocupada":11,"pct_alquiler":0,"pct_electricidad":100,"pct_sin_electricidad":0,"pct_agua_red":100,"pct_alcantarillado":100,"pct_camara_septica":0,"pct_pozo_ciego":0,"pct_sin_desague":0,"pct_gas_red":0,"pct_gas_garrafa":62,"pct_lena_guano":62,"pct_basura_formal":100,"pct_basura_quema":0,"pct_basura_informal":0,"pct_internet":62,"pct_celular":75,"pct_televisor":62}},{"type":"Feature","geometry":{"type":"Polygon","coordinates":[[[-67.88407,-14.15062],[-67.88421,-14.15195],[-67.88499,-14.15184],[-67.88505,-14.15177],[-67.88489,-14.15072],[-67.88407,-14.15062]]]},"properties":{"n":"TUMUPASA","p":19,"personas_x_ha":16,"masculinidad":217,"pct_menor20":53,"pct_60mas":0,"pct_migrante":58,"dependencia_econ":111,"pct_empleados":33,"pct_cuentapropia":22,"pct_agricultura":22,"pct_comercio":22,"pct_manufactura":0,"pct_construccion":11,"pct_transporte":0,"pct_alojamiento":0,"pct_sin_educacion":0,"pct_educ_superior":20,"brecha_educ":-8,"pct_sin_seguro":11,"pct_sus":89,"pct_seguro_privado":0,"brecha_seguro":-9,"pct_salud_publica":67,"pct_med_tradicional":4,"pct_automedicacion":19,"pct_remedios_caseros":7,"pct_viv_desocupada":11,"pct_alquiler":12,"pct_electricidad":62,"pct_sin_electricidad":38,"pct_agua_red":75,"pct_alcantarillado":0,"pct_camara_septica":12,"pct_pozo_ciego":50,"pct_sin_desague":12,"pct_gas_red":0,"pct_gas_garrafa":62,"pct_lena_guano":62,"pct_basura_formal":75,"pct_basura_quema":25,"pct_basura_informal":0,"pct_internet":62,"pct_celular":62,"pct_televisor":25}},{"type":"Feature","geometry":{"type":"Polygon","coordinates":[[[-67.88848,-14.14157],[-67.88863,-14.14087],[-67.88797,-14.14074],[-67.88781,-14.14143],[-67.88848,-14.14157]]]},"properties":{"n":"TUMUPASA","p":22,"personas_x_ha":38,"masculinidad":83,"pct_menor20":50,"pct_60mas":5,"pct_migrante":27,"dependencia_econ":144,"pct_empleados":44,"pct_cuentapropia":0,"pct_agricultura":44,"pct_comercio":0,"pct_manufactura":22,"pct_construccion":0,"pct_transporte":0,"pct_alojamiento":11,"pct_sin_educacion":0,"pct_educ_superior":18,"brecha_educ":-17,"pct_sin_seguro":0,"pct_sus":100,"pct_seguro_privado":0,"brecha_seguro":0,"pct_salud_publica":26,"pct_med_tradicional":12,"pct_automedicacion":19,"pct_remedios_caseros":18,"pct_viv_desocupada":0,"pct_alquiler":0,"pct_electricidad":100,"pct_sin_electricidad":0,"pct_agua_red":100,"pct_alcantarillado":0,"pct_camara_septica":17,"pct_pozo_ciego":83,"pct_sin_desague":0,"pct_gas_red":0,"pct_gas_garrafa":100,"pct_lena_guano":100,"pct_basura_formal":100,"pct_basura_quema":0,"pct_basura_informal":0,"pct_internet":83,"pct_celular":100,"pct_televisor":100}},{"type":"Feature","geometry":{"type":"Polygon","coordinates":[[[-67.8866,-14.1515],[-67.8866,-14.1509],[-67.88591,-14.1509],[-67.88603,-14.1516],[-67.8866,-14.1515]]]},"properties":{"n":"TUMUPASA","p":26,"personas_x_ha":49,"masculinidad":86,"pct_menor20":54,"pct_60mas":4,"pct_migrante":35,"dependencia_econ":189,"pct_empleados":11,"pct_cuentapropia":33,"pct_agricultura":33,"pct_comercio":0,"pct_manufactura":44,"pct_construccion":0,"pct_transporte":0,"pct_alojamiento":0,"pct_sin_educacion":0,"pct_educ_superior":8,"brecha_educ":-33,"pct_sin_seguro":8,"pct_sus":77,"pct_seguro_privado":0,"brecha_seguro":1,"pct_salud_publica":92,"pct_med_tradicional":0,"pct_automedicacion":0,"pct_remedios_caseros":4,"pct_viv_desocupada":0,"pct_alquiler":0,"pct_electricidad":100,"pct_sin_electricidad":0,"pct_agua_red":100,"pct_alcantarillado":43,"pct_camara_septica":0,"pct_pozo_ciego":57,"pct_sin_desague":0,"pct_gas_red":0,"pct_gas_garrafa":86,"pct_lena_guano":86,"pct_basura_formal":100,"pct_basura_quema":0,"pct_basura_informal":0,"pct_internet":0,"pct_celular":29,"pct_televisor":29}},{"type":"Feature","geometry":{"type":"Polygon","coordinates":[[[-67.89011,-14.1508],[-67.88873,-14.15011],[-67.88819,-14.15119],[-67.88828,-14.15143],[-67.88936,-14.15218],[-67.89011,-14.1508]]]},"properties":{"n":"TUMUPASA","p":32,"personas_x_ha":12,"masculinidad":88,"pct_menor20":50,"pct_60mas":6,"pct_migrante":31,"dependencia_econ":142,"pct_empleados":17,"pct_cuentapropia":42,"pct_agricultura":42,"pct_comercio":8,"pct_manufactura":17,"pct_construccion":0,"pct_transporte":0,"pct_alojamiento":8,"pct_sin_educacion":0,"pct_educ_superior":0,"brecha_educ":-14,"pct_sin_seguro":3,"pct_sus":97,"pct_seguro_privado":0,"brecha_seguro":-6,"pct_salud_publica":27,"pct_med_tradicional":16,"pct_automedicacion":5,"pct_remedios_caseros":26,"pct_viv_desocupada":19,"pct_alquiler":0,"pct_electricidad":90,"pct_sin_electricidad":10,"pct_agua_red":80,"pct_alcantarillado":10,"pct_camara_septica":40,"pct_pozo_ciego":40,"pct_sin_desague":10,"pct_gas_red":0,"pct_gas_garrafa":70,"pct_lena_guano":70,"pct_basura_formal":80,"pct_basura_quema":20,"pct_basura_informal":0,"pct_internet":40,"pct_celular":90,"pct_televisor":80}},{"type":"Feature","geometry":{"type":"Polygon","coordinates":[[[-67.89152,-14.14851],[-67.89078,-14.14835],[-67.89063,-14.14909],[-67.89139,-14.14924],[-67.89152,-14.14851]]]},"properties":{"n":"TUMUPASA","p":23,"personas_x_ha":33,"masculinidad":229,"pct_menor20":30,"pct_60mas":22,"pct_migrante":22,"dependencia_econ":109,"pct_empleados":55,"pct_cuentapropia":45,"pct_agricultura":36,"pct_comercio":9,"pct_manufactura":9,"pct_construccion":0,"pct_transporte":0,"pct_alojamiento":0,"pct_sin_educacion":6,"pct_educ_superior":53,"brecha_educ":17,"pct_sin_seguro":13,"pct_sus":57,"pct_seguro_privado":0,"brecha_seguro":19,"pct_salud_publica":24,"pct_med_tradicional":22,"pct_automedicacion":14,"pct_remedios_caseros":24,"pct_viv_desocupada":0,"pct_alquiler":0,"pct_electricidad":100,"pct_sin_electricidad":0,"pct_agua_red":100,"pct_alcantarillado":25,"pct_camara_septica":38,"pct_pozo_ciego":38,"pct_sin_desague":0,"pct_gas_red":0,"pct_gas_garrafa":50,"pct_lena_guano":50,"pct_basura_formal":100,"pct_basura_quema":0,"pct_basura_informal":0,"pct_internet":50,"pct_celular":88,"pct_televisor":25}},{"type":"Feature","geometry":{"type":"Polygon","coordinates":[[[-67.89033,-14.14562],[-67.88959,-14.14545],[-67.88943,-14.14618],[-67.89016,-14.14635],[-67.89033,-14.14562]]]},"properties":{"n":"TUMUPASA","p":28,"personas_x_ha":41,"masculinidad":115,"pct_menor20":25,"pct_60mas":21,"pct_migrante":57,"dependencia_econ":75,"pct_empleados":31,"pct_cuentapropia":38,"pct_agricultura":50,"pct_comercio":12,"pct_manufactura":12,"pct_construccion":0,"pct_transporte":6,"pct_alojamiento":6,"pct_sin_educacion":0,"pct_educ_superior":48,"brecha_educ":-38,"pct_sin_seguro":18,"pct_sus":75,"pct_seguro_privado":0,"brecha_seguro":19,"pct_salud_publica":27,"pct_med_tradicional":15,"pct_automedicacion":18,"pct_remedios_caseros":20,"pct_viv_desocupada":0,"pct_alquiler":0,"pct_electricidad":91,"pct_sin_electricidad":9,"pct_agua_red":100,"pct_alcantarillado":91,"pct_camara_septica":9,"pct_pozo_ciego":0,"pct_sin_desague":0,"pct_gas_red":0,"pct_gas_garrafa":91,"pct_lena_guano":91,"pct_basura_formal":100,"pct_basura_quema":0,"pct_basura_informal":0,"pct_internet":73,"pct_celular":82,"pct_televisor":64}},{"type":"Feature","geometry":{"type":"Polygon","coordinates":[[[-67.88929,-14.14188],[-67.88862,-14.14171],[-67.88845,-14.14242],[-67.88912,-14.14257],[-67.88929,-14.14188]]]},"properties":{"n":"TUMUPASA","p":20,"personas_x_ha":34,"masculinidad":33,"pct_menor20":65,"pct_60mas":5,"pct_migrante":25,"dependencia_econ":300,"pct_empleados":20,"pct_cuentapropia":60,"pct_agricultura":60,"pct_comercio":0,"pct_manufactura":20,"pct_construccion":0,"pct_transporte":0,"pct_alojamiento":20,"pct_sin_educacion":12,"pct_educ_superior":0,"brecha_educ":-43,"pct_sin_seguro":5,"pct_sus":95,"pct_seguro_privado":0,"brecha_seguro":20,"pct_salud_publica":47,"pct_med_tradicional":19,"pct_automedicacion":16,"pct_remedios_caseros":19,"pct_viv_desocupada":12,"pct_alquiler":14,"pct_electricidad":100,"pct_sin_electricidad":0,"pct_agua_red":100,"pct_alcantarillado":14,"pct_camara_septica":57,"pct_pozo_ciego":29,"pct_sin_desague":0,"pct_gas_red":0,"pct_gas_garrafa":29,"pct_lena_guano":29,"pct_basura_formal":100,"pct_basura_quema":0,"pct_basura_informal":0,"pct_internet":43,"pct_celular":100,"pct_televisor":43}},{"type":"Feature","geometry":{"type":"Polygon","coordinates":[[[-67.88535,-14.14867],[-67.88484,-14.14904],[-67.88479,-14.14929],[-67.88489,-14.15012],[-67.88664,-14.14942],[-67.88615,-14.14878],[-67.88535,-14.14867]]]},"properties":{"n":"TUMUPASA","p":24,"personas_x_ha":12,"masculinidad":118,"pct_menor20":54,"pct_60mas":8,"pct_migrante":42,"dependencia_econ":300,"pct_empleados":50,"pct_cuentapropia":33,"pct_agricultura":50,"pct_comercio":17,"pct_manufactura":33,"pct_construccion":0,"pct_transporte":0,"pct_alojamiento":0,"pct_sin_educacion":9,"pct_educ_superior":0,"brecha_educ":3,"pct_sin_seguro":4,"pct_sus":96,"pct_seguro_privado":0,"brecha_seguro":8,"pct_salud_publica":23,"pct_med_tradicional":15,"pct_automedicacion":23,"pct_remedios_caseros":23,"pct_viv_desocupada":0,"pct_alquiler":14,"pct_electricidad":86,"pct_sin_electricidad":14,"pct_agua_red":86,"pct_alcantarillado":14,"pct_camara_septica":14,"pct_pozo_ciego":43,"pct_sin_desague":29,"pct_gas_red":0,"pct_gas_garrafa":57,"pct_lena_guano":57,"pct_basura_formal":71,"pct_basura_quema":14,"pct_basura_informal":29,"pct_internet":86,"pct_celular":86,"pct_televisor":29}},{"type":"Feature","geometry":{"type":"Polygon","coordinates":[[[-67.89015,-14.14647],[-67.88942,-14.14631],[-67.88928,-14.14704],[-67.89,-14.14719],[-67.89015,-14.14647]]]},"properties":{"n":"TUMUPASA","p":51,"personas_x_ha":78,"masculinidad":112,"pct_menor20":45,"pct_60mas":14,"pct_migrante":27,"dependencia_econ":76,"pct_empleados":10,"pct_cuentapropia":62,"pct_agricultura":59,"pct_comercio":17,"pct_manufactura":0,"pct_construccion":3,"pct_transporte":3,"pct_alojamiento":0,"pct_sin_educacion":0,"pct_educ_superior":27,"brecha_educ":-22,"pct_sin_seguro":15,"pct_sus":85,"pct_seguro_privado":0,"brecha_seguro":12,"pct_salud_publica":24,"pct_med_tradicional":18,"pct_automedicacion":14,"pct_remedios_caseros":25,"pct_viv_desocupada":0,"pct_alquiler":0,"pct_electricidad":88,"pct_sin_electricidad":0,"pct_agua_red":76,"pct_alcantarillado":94,"pct_camara_septica":0,"pct_pozo_ciego":0,"pct_sin_desague":6,"pct_gas_red":0,"pct_gas_garrafa":94,"pct_lena_guano":94,"pct_basura_formal":100,"pct_basura_quema":0,"pct_basura_informal":0,"pct_internet":88,"pct_celular":82,"pct_televisor":65}},{"type":"Feature","geometry":{"type":"Polygon","coordinates":[[[-67.88652,-14.143],[-67.88726,-14.14312],[-67.88741,-14.14238],[-67.88666,-14.14227],[-67.88652,-14.143]]]},"properties":{"n":"TUMUPASA","p":27,"personas_x_ha":40,"masculinidad":93,"pct_menor20":56,"pct_60mas":11,"pct_migrante":52,"dependencia_econ":145,"pct_empleados":18,"pct_cuentapropia":55,"pct_agricultura":55,"pct_comercio":27,"pct_manufactura":0,"pct_construccion":9,"pct_transporte":9,"pct_alojamiento":0,"pct_sin_educacion":0,"pct_educ_superior":38,"brecha_educ":-2,"pct_sin_seguro":4,"pct_sus":81,"pct_seguro_privado":4,"brecha_seguro":8,"pct_salud_publica":30,"pct_med_tradicional":12,"pct_automedicacion":12,"pct_remedios_caseros":28,"pct_viv_desocupada":0,"pct_alquiler":14,"pct_electricidad":100,"pct_sin_electricidad":0,"pct_agua_red":86,"pct_alcantarillado":57,"pct_camara_septica":14,"pct_pozo_ciego":29,"pct_sin_desague":0,"pct_gas_red":0,"pct_gas_garrafa":86,"pct_lena_guano":86,"pct_basura_formal":100,"pct_basura_quema":0,"pct_basura_informal":0,"pct_internet":71,"pct_celular":86,"pct_televisor":71}},{"type":"Feature","geometry":{"type":"Polygon","coordinates":[[[-67.891,-14.14313],[-67.89087,-14.14384],[-67.89163,-14.144],[-67.89176,-14.14327],[-67.891,-14.14313]]]},"properties":{"n":"TUMUPASA","p":20,"personas_x_ha":29,"masculinidad":150,"pct_menor20":40,"pct_60mas":10,"pct_migrante":50,"dependencia_econ":100,"pct_empleados":30,"pct_cuentapropia":60,"pct_agricultura":70,"pct_comercio":10,"pct_manufactura":0,"pct_construccion":0,"pct_transporte":0,"pct_alojamiento":10,"pct_sin_educacion":0,"pct_educ_superior":8,"brecha_educ":-11,"pct_sin_seguro":20,"pct_sus":75,"pct_seguro_privado":0,"brecha_seguro":33,"pct_salud_publica":30,"pct_med_tradicional":15,"pct_automedicacion":8,"pct_remedios_caseros":26,"pct_viv_desocupada":0,"pct_alquiler":33,"pct_electricidad":100,"pct_sin_electricidad":0,"pct_agua_red":83,"pct_alcantarillado":17,"pct_camara_septica":33,"pct_pozo_ciego":50,"pct_sin_desague":0,"pct_gas_red":0,"pct_gas_garrafa":100,"pct_lena_guano":100,"pct_basura_formal":100,"pct_basura_quema":0,"pct_basura_informal":0,"pct_internet":83,"pct_celular":100,"pct_televisor":83}}]}