{"type":"FeatureCollection","features":[{"type":"Feature","geometry":{"type":"Polygon","coordinates":[[[-67.9099,-13.86021],[-67.9093,-13.86072],[-67.90979,-13.86126],[-67.91039,-13.86073],[-67.9099,-13.86021]]]},"properties":{"n":"CARMEN TAHUA","p":15,"personas_x_ha":22,"masculinidad":114,"pct_menor20":33,"pct_60mas":7,"pct_migrante":60,"dependencia_econ":25,"pct_empleados":50,"pct_cuentapropia":25,"pct_agricultura":42,"pct_comercio":0,"pct_manufactura":0,"pct_construccion":17,"pct_transporte":0,"pct_alojamiento":8,"pct_sin_educacion":0,"pct_educ_superior":64,"brecha_educ":0,"pct_sin_seguro":0,"pct_sus":60,"pct_seguro_privado":0,"brecha_seguro":0,"pct_salud_publica":19,"pct_med_tradicional":25,"pct_automedicacion":12,"pct_remedios_caseros":25,"pct_viv_desocupada":0,"pct_alquiler":0,"pct_electricidad":80,"pct_sin_electricidad":20,"pct_agua_red":100,"pct_alcantarillado":0,"pct_camara_septica":40,"pct_pozo_ciego":60,"pct_sin_desague":0,"pct_gas_red":0,"pct_gas_garrafa":40,"pct_lena_guano":60,"pct_basura_formal":0,"pct_basura_quema":100,"pct_basura_informal":0,"pct_internet":40,"pct_celular":80,"pct_televisor":60}},{"type":"Feature","geometry":{"type":"Polygon","coordinates":[[[-67.90959,-13.86325],[-67.90902,-13.86384],[-67.90873,-13.86347],[-67.90931,-13.86297],[-67.90959,-13.86325]]]},"properties":{"n":"CARMEN TAHUA","p":34,"personas_x_ha":82,"masculinidad":89,"pct_menor20":44,"pct_60mas":3,"pct_migrante":29,"dependencia_econ":278,"pct_empleados":44,"pct_cuentapropia":33,"pct_agricultura":78,"pct_comercio":11,"pct_manufactura":11,"pct_construccion":0,"pct_transporte":0,"pct_alojamiento":0,"pct_sin_educacion":0,"pct_educ_superior":15,"brecha_educ":-2,"pct_sin_seguro":6,"pct_sus":91,"pct_seguro_privado":0,"brecha_seguro":12,"pct_salud_publica":34,"pct_med_tradicional":9,"pct_automedicacion":3,"pct_remedios_caseros":30,"pct_viv_desocupada":0,"pct_alquiler":0,"pct_electricidad":100,"pct_sin_electricidad":0,"pct_agua_red":100,"pct_alcantarillado":0,"pct_camara_septica":86,"pct_pozo_ciego":0,"pct_sin_desague":14,"pct_gas_red":0,"pct_gas_garrafa":0,"pct_lena_guano":100,"pct_basura_formal":0,"pct_basura_quema":86,"pct_basura_informal":0,"pct_internet":0,"pct_celular":86,"pct_televisor":43}},{"type":"Feature","geometry":{"type":"Polygon","coordinates":[[[-68.51538,-13.60009],[-68.51445,-13.60049],[-68.51482,-13.60131],[-68.51571,-13.60091],[-68.51574,-13.60084],[-68.51538,-13.60009]]]},"properties":{"n":"EL TIGRE ALTO MADIDI","p":22,"personas_x_ha":20,"masculinidad":144,"pct_menor20":50,"pct_60mas":14,"pct_migrante":59,"dependencia_econ":120,"pct_empleados":0,"pct_cuentapropia":90,"pct_agricultura":70,"pct_comercio":20,"pct_manufactura":0,"pct_construccion":0,"pct_transporte":10,"pct_alojamiento":0,"pct_sin_educacion":27,"pct_educ_superior":9,"brecha_educ":-7,"pct_sin_seguro":0,"pct_sus":100,"pct_seguro_privado":0,"brecha_seguro":0,"pct_salud_publica":40,"pct_med_tradicional":8,"pct_automedicacion":13,"pct_remedios_caseros":31,"pct_viv_desocupada":10,"pct_alquiler":0,"pct_electricidad":0,"pct_sin_electricidad":12,"pct_agua_red":100,"pct_alcantarillado":0,"pct_camara_septica":0,"pct_pozo_ciego":100,"pct_sin_desague":0,"pct_gas_red":0,"pct_gas_garrafa":12,"pct_lena_guano":88,"pct_basura_formal":0,"pct_basura_quema":100,"pct_basura_informal":0,"pct_internet":0,"pct_celular":75,"pct_televisor":50}},{"type":"Feature","geometry":{"type":"Polygon","coordinates":[[[-68.51715,-13.60139],[-68.51678,-13.60062],[-68.51592,-13.60096],[-68.5163,-13.60177],[-68.51715,-13.60139]]]},"properties":{"n":"EL TIGRE ALTO MADIDI","p":21,"personas_x_ha":20,"masculinidad":110,"pct_menor20":29,"pct_60mas":29,"pct_migrante":71,"dependencia_econ":40,"pct_empleados":13,"pct_cuentapropia":67,"pct_agricultura":80,"pct_comercio":0,"pct_manufactura":0,"pct_construccion":0,"pct_transporte":0,"pct_alojamiento":0,"pct_sin_educacion":7,"pct_educ_superior":13,"brecha_educ":-38,"pct_sin_seguro":0,"pct_sus":57,"pct_seguro_privado":0,"brecha_seguro":0,"pct_salud_publica":25,"pct_med_tradicional":19,"pct_automedicacion":14,"pct_remedios_caseros":20,"pct_viv_desocupada":0,"pct_alquiler":0,"pct_electricidad":0,"pct_sin_electricidad":11,"pct_agua_red":100,"pct_alcantarillado":0,"pct_camara_septica":0,"pct_pozo_ciego":100,"pct_sin_desague":0,"pct_gas_red":0,"pct_gas_garrafa":33,"pct_lena_guano":56,"pct_basura_formal":0,"pct_basura_quema":100,"pct_basura_informal":0,"pct_internet":0,"pct_celular":89,"pct_televisor":44}},{"type":"Feature","geometry":{"type":"Polygon","coordinates":[[[-68.51764,-13.60244],[-68.51682,-13.6028],[-68.5172,-13.60362],[-68.51807,-13.60327],[-68.51764,-13.60244]]]},"properties":{"n":"EL TIGRE ALTO MADIDI","p":26,"personas_x_ha":25,"masculinidad":62,"pct_menor20":58,"pct_60mas":0,"pct_migrante":46,"dependencia_econ":53,"pct_empleados":12,"pct_cuentapropia":76,"pct_agricultura":94,"pct_comercio":0,"pct_manufactura":6,"pct_construccion":0,"pct_transporte":0,"pct_alojamiento":0,"pct_sin_educacion":0,"pct_educ_superior":0,"brecha_educ":-3,"pct_sin_seguro":0,"pct_sus":84,"pct_seguro_privado":0,"brecha_seguro":0,"pct_salud_publica":25,"pct_med_tradicional":18,"pct_automedicacion":17,"pct_remedios_caseros":21,"pct_viv_desocupada":11,"pct_alquiler":0,"pct_electricidad":0,"pct_sin_electricidad":62,"pct_agua_red":75,"pct_alcantarillado":0,"pct_camara_septica":0,"pct_pozo_ciego":75,"pct_sin_desague":25,"pct_gas_red":0,"pct_gas_garrafa":12,"pct_lena_guano":88,"pct_basura_formal":0,"pct_basura_quema":100,"pct_basura_informal":0,"pct_internet":0,"pct_celular":100,"pct_televisor":25}},{"type":"Feature","geometry":{"type":"Polygon","coordinates":[[[-68.51583,-13.60102],[-68.51515,-13.6013],[-68.515,-13.60151],[-68.51533,-13.60222],[-68.51621,-13.60182],[-68.51583,-13.60102]]]},"properties":{"n":"EL TIGRE ALTO MADIDI","p":22,"personas_x_ha":21,"masculinidad":100,"pct_menor20":41,"pct_60mas":0,"pct_migrante":68,"dependencia_econ":144,"pct_empleados":33,"pct_cuentapropia":44,"pct_agricultura":100,"pct_comercio":0,"pct_manufactura":0,"pct_construccion":0,"pct_transporte":0,"pct_alojamiento":0,"pct_sin_educacion":0,"pct_educ_superior":8,"brecha_educ":-48,"pct_sin_seguro":0,"pct_sus":100,"pct_seguro_privado":0,"brecha_seguro":0,"pct_salud_publica":100,"pct_med_tradicional":0,"pct_automedicacion":0,"pct_remedios_caseros":0,"pct_viv_desocupada":0,"pct_alquiler":0,"pct_electricidad":0,"pct_sin_electricidad":29,"pct_agua_red":100,"pct_alcantarillado":14,"pct_camara_septica":0,"pct_pozo_ciego":86,"pct_sin_desague":0,"pct_gas_red":0,"pct_gas_garrafa":29,"pct_lena_guano":57,"pct_basura_formal":0,"pct_basura_quema":100,"pct_basura_informal":0,"pct_internet":0,"pct_celular":71,"pct_televisor":14}},{"type":"Feature","geometry":{"type":"Polygon","coordinates":[[[-68.51757,-13.60232],[-68.51719,-13.6015],[-68.51638,-13.60189],[-68.51675,-13.6027],[-68.51757,-13.60232]]]},"properties":{"n":"EL TIGRE ALTO MADIDI","p":30,"personas_x_ha":30,"masculinidad":150,"pct_menor20":47,"pct_60mas":23,"pct_migrante":57,"dependencia_econ":114,"pct_empleados":0,"pct_cuentapropia":50,"pct_agricultura":86,"pct_comercio":14,"pct_manufactura":0,"pct_construccion":0,"pct_transporte":0,"pct_alojamiento":0,"pct_sin_educacion":19,"pct_educ_superior":0,"brecha_educ":-19,"pct_sin_seguro":3,"pct_sus":97,"pct_seguro_privado":0,"brecha_seguro":6,"pct_salud_publica":28,"pct_med_tradicional":26,"pct_automedicacion":11,"pct_remedios_caseros":18,"pct_viv_desocupada":0,"pct_alquiler":0,"pct_electricidad":0,"pct_sin_electricidad":0,"pct_agua_red":89,"pct_alcantarillado":11,"pct_camara_septica":0,"pct_pozo_ciego":89,"pct_sin_desague":0,"pct_gas_red":0,"pct_gas_garrafa":0,"pct_lena_guano":78,"pct_basura_formal":0,"pct_basura_quema":100,"pct_basura_informal":0,"pct_internet":0,"pct_celular":67,"pct_televisor":56}},{"type":"Feature","geometry":{"type":"Polygon","coordinates":[[[-68.51504,-13.59913],[-68.5154,-13.59994],[-68.51628,-13.59952],[-68.5159,-13.59874],[-68.51504,-13.59913]]]},"properties":{"n":"EL TIGRE ALTO MADIDI","p":28,"personas_x_ha":27,"masculinidad":115,"pct_menor20":50,"pct_60mas":0,"pct_migrante":54,"dependencia_econ":115,"pct_empleados":8,"pct_cuentapropia":15,"pct_agricultura":46,"pct_comercio":0,"pct_manufactura":0,"pct_construccion":0,"pct_transporte":8,"pct_alojamiento":0,"pct_sin_educacion":7,"pct_educ_superior":14,"brecha_educ":2,"pct_sin_seguro":0,"pct_sus":93,"pct_seguro_privado":0,"brecha_seguro":0,"pct_salud_publica":28,"pct_med_tradicional":19,"pct_automedicacion":12,"pct_remedios_caseros":28,"pct_viv_desocupada":0,"pct_alquiler":14,"pct_electricidad":0,"pct_sin_electricidad":57,"pct_agua_red":71,"pct_alcantarillado":0,"pct_camara_septica":0,"pct_pozo_ciego":86,"pct_sin_desague":14,"pct_gas_red":0,"pct_gas_garrafa":43,"pct_lena_guano":57,"pct_basura_formal":0,"pct_basura_quema":71,"pct_basura_informal":0,"pct_internet":14,"pct_celular":71,"pct_televisor":29}},{"type":"Feature","geometry":{"type":"Polygon","coordinates":[[[-68.51495,-13.59921],[-68.51488,-13.59918],[-68.51417,-13.59949],[-68.51454,-13.60033],[-68.51528,-13.60002],[-68.51495,-13.59921]]]},"properties":{"n":"EL TIGRE ALTO MADIDI","p":26,"personas_x_ha":28,"masculinidad":73,"pct_menor20":62,"pct_60mas":0,"pct_migrante":38,"dependencia_econ":136,"pct_empleados":18,"pct_cuentapropia":45,"pct_agricultura":73,"pct_comercio":9,"pct_manufactura":0,"pct_construccion":0,"pct_transporte":0,"pct_alojamiento":0,"pct_sin_educacion":0,"pct_educ_superior":10,"brecha_educ":40,"pct_sin_seguro":12,"pct_sus":73,"pct_seguro_privado":0,"brecha_seguro":12,"pct_salud_publica":27,"pct_med_tradicional":25,"pct_automedicacion":12,"pct_remedios_caseros":28,"pct_viv_desocupada":0,"pct_alquiler":0,"pct_electricidad":0,"pct_sin_electricidad":43,"pct_agua_red":100,"pct_alcantarillado":0,"pct_camara_septica":14,"pct_pozo_ciego":71,"pct_sin_desague":14,"pct_gas_red":0,"pct_gas_garrafa":14,"pct_lena_guano":86,"pct_basura_formal":0,"pct_basura_quema":71,"pct_basura_informal":14,"pct_internet":0,"pct_celular":57,"pct_televisor":43}},{"type":"Feature","geometry":{"type":"Polygon","coordinates":[[[-68.51667,-13.60289],[-68.51588,-13.60322],[-68.51624,-13.60404],[-68.51705,-13.60369],[-68.51667,-13.60289]]]},"properties":{"n":"EL TIGRE ALTO MADIDI","p":20,"personas_x_ha":21,"masculinidad":100,"pct_menor20":40,"pct_60mas":10,"pct_migrante":65,"dependencia_econ":100,"pct_empleados":10,"pct_cuentapropia":80,"pct_agricultura":30,"pct_comercio":20,"pct_manufactura":10,"pct_construccion":10,"pct_transporte":0,"pct_alojamiento":10,"pct_sin_educacion":0,"pct_educ_superior":8,"brecha_educ":0,"pct_sin_seguro":5,"pct_sus":95,"pct_seguro_privado":0,"brecha_seguro":-10,"pct_salud_publica":35,"pct_med_tradicional":9,"pct_automedicacion":9,"pct_remedios_caseros":32,"pct_viv_desocupada":22,"pct_alquiler":0,"pct_electricidad":0,"pct_sin_electricidad":14,"pct_agua_red":100,"pct_alcantarillado":0,"pct_camara_septica":14,"pct_pozo_ciego":86,"pct_sin_desague":0,"pct_gas_red":0,"pct_gas_garrafa":29,"pct_lena_guano":71,"pct_basura_formal":0,"pct_basura_quema":57,"pct_basura_informal":14,"pct_internet":0,"pct_celular":100,"pct_televisor":57}},{"type":"Feature","geometry":{"type":"Polygon","coordinates":[[[-68.13325,-13.77122],[-68.13258,-13.77188],[-68.13191,-13.77124],[-68.13259,-13.77059],[-68.13325,-13.77122]]]},"properties":{"n":"IXIAMAS","p":50,"personas_x_ha":48,"masculinidad":92,"pct_menor20":52,"pct_60mas":8,"pct_migrante":50,"dependencia_econ":285,"pct_empleados":23,"pct_cuentapropia":62,"pct_agricultura":8,"pct_comercio":8,"pct_manufactura":15,"pct_construccion":15,"pct_transporte":8,"pct_alojamiento":15,"pct_sin_educacion":4,"pct_educ_superior":33,"brecha_educ":-22,"pct_sin_seguro":2,"pct_sus":76,"pct_seguro_privado":8,"brecha_seguro":4,"pct_salud_publica":32,"pct_med_tradicional":8,"pct_automedicacion":20,"pct_remedios_caseros":25,"pct_viv_desocupada":6,"pct_alquiler":23,"pct_electricidad":100,"pct_sin_electricidad":0,"pct_agua_red":100,"pct_alcantarillado":0,"pct_camara_septica":31,"pct_pozo_ciego":62,"pct_sin_desague":0,"pct_gas_red":0,"pct_gas_garrafa":92,"pct_lena_guano":8,"pct_basura_formal":77,"pct_basura_quema":23,"pct_basura_informal":0,"pct_internet":54,"pct_celular":77,"pct_televisor":92}},{"type":"Feature","geometry":{"type":"Polygon","coordinates":[[[-68.14103,-13.77147],[-68.14408,-13.77125],[-68.14367,-13.77204],[-68.14464,-13.77281],[-68.14559,-13.77125],[-68.14586,-13.77028],[-68.14514,-13.77002],[-68.14386,-13.76985],[-68.14312,-13.76991],[-68.1408,-13.77032],[-68.14103,-13.77147]]]},"properties":{"n":"IXIAMAS","p":18,"personas_x_ha":2,"masculinidad":125,"pct_menor20":44,"pct_60mas":17,"pct_migrante":72,"dependencia_econ":80,"pct_empleados":30,"pct_cuentapropia":60,"pct_agricultura":10,"pct_comercio":20,"pct_manufactura":20,"pct_construccion":10,"pct_transporte":10,"pct_alojamiento":0,"pct_sin_educacion":9,"pct_educ_superior":9,"brecha_educ":-7,"pct_sin_seguro":6,"pct_sus":78,"pct_seguro_privado":0,"brecha_seguro":-12,"pct_salud_publica":39,"pct_med_tradicional":0,"pct_automedicacion":24,"pct_remedios_caseros":24,"pct_viv_desocupada":0,"pct_alquiler":0,"pct_electricidad":100,"pct_sin_electricidad":0,"pct_agua_red":100,"pct_alcantarillado":0,"pct_camara_septica":29,"pct_pozo_ciego":71,"pct_sin_desague":0,"pct_gas_red":0,"pct_gas_garrafa":57,"pct_lena_guano":43,"pct_basura_formal":0,"pct_basura_quema":86,"pct_basura_informal":0,"pct_internet":86,"pct_celular":100,"pct_televisor":57}},{"type":"Feature","geometry":{"type":"Polygon","coordinates":[[[-68.13182,-13.76381],[-68.13116,-13.7632],[-68.13051,-13.76384],[-68.1312,-13.76448],[-68.13182,-13.76381]]]},"properties":{"n":"IXIAMAS","p":50,"personas_x_ha":49,"masculinidad":79,"pct_menor20":44,"pct_60mas":4,"pct_migrante":62,"dependencia_econ":138,"pct_empleados":67,"pct_cuentapropia":19,"pct_agricultura":10,"pct_comercio":10,"pct_manufactura":10,"pct_construccion":14,"pct_transporte":0,"pct_alojamiento":5,"pct_sin_educacion":4,"pct_educ_superior":50,"brecha_educ":-11,"pct_sin_seguro":2,"pct_sus":90,"pct_seguro_privado":2,"brecha_seguro":-4,"pct_salud_publica":27,"pct_med_tradicional":11,"pct_automedicacion":16,"pct_remedios_caseros":24,"pct_viv_desocupada":0,"pct_alquiler":9,"pct_electricidad":100,"pct_sin_electricidad":0,"pct_agua_red":100,"pct_alcantarillado":0,"pct_camara_septica":36,"pct_pozo_ciego":64,"pct_sin_desague":0,"pct_gas_red":0,"pct_gas_garrafa":100,"pct_lena_guano":0,"pct_basura_formal":55,"pct_basura_quema":45,"pct_basura_informal":0,"pct_internet":100,"pct_celular":100,"pct_televisor":91}},{"type":"Feature","geometry":{"type":"Polygon","coordinates":[[[-68.1166,-13.76435],[-68.11599,-13.76494],[-68.11517,-13.76434],[-68.11432,-13.76522],[-68.11638,-13.76734],[-68.11804,-13.76578],[-68.11877,-13.76646],[-68.11949,-13.76574],[-68.11798,-13.76433],[-68.11732,-13.76501],[-68.1166,-13.76435]]]},"properties":{"n":"IXIAMAS","p":20,"personas_x_ha":2,"masculinidad":186,"pct_menor20":65,"pct_60mas":0,"pct_migrante":75,"dependencia_econ":300,"pct_empleados":40,"pct_cuentapropia":40,"pct_agricultura":0,"pct_comercio":20,"pct_manufactura":60,"pct_construccion":0,"pct_transporte":0,"pct_alojamiento":0,"pct_sin_educacion":0,"pct_educ_superior":12,"brecha_educ":-25,"pct_sin_seguro":5,"pct_sus":95,"pct_seguro_privado":0,"brecha_seguro":8,"pct_salud_publica":24,"pct_med_tradicional":13,"pct_automedicacion":12,"pct_remedios_caseros":25,"pct_viv_desocupada":0,"pct_alquiler":20,"pct_electricidad":100,"pct_sin_electricidad":0,"pct_agua_red":100,"pct_alcantarillado":20,"pct_camara_septica":80,"pct_pozo_ciego":0,"pct_sin_desague":0,"pct_gas_red":0,"pct_gas_garrafa":80,"pct_lena_guano":0,"pct_basura_formal":20,"pct_basura_quema":80,"pct_basura_informal":0,"pct_internet":100,"pct_celular":100,"pct_televisor":80}},{"type":"Feature","geometry":{"type":"Polygon","coordinates":[[[-68.1362,-13.77325],[-68.13667,-13.77109],[-68.13625,-13.77114],[-68.13449,-13.77162],[-68.13512,-13.77351],[-68.1362,-13.77325]]]},"properties":{"n":"IXIAMAS","p":28,"personas_x_ha":7,"masculinidad":100,"pct_menor20":25,"pct_60mas":14,"pct_migrante":46,"dependencia_econ":200,"pct_empleados":0,"pct_cuentapropia":75,"pct_agricultura":12,"pct_comercio":0,"pct_manufactura":25,"pct_construccion":0,"pct_transporte":38,"pct_alojamiento":0,"pct_sin_educacion":0,"pct_educ_superior":11,"brecha_educ":13,"pct_sin_seguro":4,"pct_sus":91,"pct_seguro_privado":4,"brecha_seguro":8,"pct_salud_publica":34,"pct_med_tradicional":15,"pct_automedicacion":14,"pct_remedios_caseros":19,"pct_viv_desocupada":0,"pct_alquiler":0,"pct_electricidad":100,"pct_sin_electricidad":0,"pct_agua_red":100,"pct_alcantarillado":27,"pct_camara_septica":9,"pct_pozo_ciego":64,"pct_sin_desague":0,"pct_gas_red":0,"pct_gas_garrafa":100,"pct_lena_guano":0,"pct_basura_formal":82,"pct_basura_quema":9,"pct_basura_informal":9,"pct_internet":27,"pct_celular":55,"pct_televisor":55}},{"type":"Feature","geometry":{"type":"Polygon","coordinates":[[[-68.12575,-13.77126],[-68.12631,-13.77065],[-68.12574,-13.77007],[-68.12511,-13.77069],[-68.12575,-13.77126]]]},"properties":{"n":"IXIAMAS","p":142,"personas_x_ha":166,"masculinidad":196,"pct_menor20":11,"pct_60mas":15,"pct_migrante":84,"dependencia_econ":11,"pct_empleados":12,"pct_cuentapropia":71,"pct_agricultura":57,"pct_comercio":14,"pct_manufactura":2,"pct_construccion":6,"pct_transporte":5,"pct_alojamiento":6,"pct_sin_educacion":3,"pct_educ_superior":24,"brecha_educ":-2,"pct_sin_seguro":34,"pct_sus":57,"pct_seguro_privado":1,"brecha_seguro":19,"pct_salud_publica":34,"pct_med_tradicional":18,"pct_automedicacion":12,"pct_remedios_caseros":22,"pct_viv_desocupada":38,"pct_alquiler":20,"pct_electricidad":100,"pct_sin_electricidad":0,"pct_agua_red":80,"pct_alcantarillado":20,"pct_camara_septica":40,"pct_pozo_ciego":40,"pct_sin_desague":0,"pct_gas_red":0,"pct_gas_garrafa":100,"pct_lena_guano":0,"pct_basura_formal":60,"pct_basura_quema":20,"pct_basura_informal":0,"pct_internet":60,"pct_celular":60,"pct_televisor":60}},{"type":"Feature","geometry":{"type":"Polygon","coordinates":[[[-68.12419,-13.77554],[-68.12428,-13.7753],[-68.12403,-13.77519],[-68.12429,-13.77529],[-68.12444,-13.77488],[-68.12104,-13.77395],[-68.12097,-13.77438],[-68.12419,-13.77554]]]},"properties":{"n":"IXIAMAS","p":54,"personas_x_ha":24,"masculinidad":170,"pct_menor20":37,"pct_60mas":0,"pct_migrante":83,"dependencia_econ":125,"pct_empleados":33,"pct_cuentapropia":50,"pct_agricultura":17,"pct_comercio":25,"pct_manufactura":4,"pct_construccion":21,"pct_transporte":0,"pct_alojamiento":8,"pct_sin_educacion":0,"pct_educ_superior":19,"brecha_educ":8,"pct_sin_seguro":26,"pct_sus":72,"pct_seguro_privado":2,"brecha_seguro":8,"pct_salud_publica":71,"pct_med_tradicional":5,"pct_automedicacion":8,"pct_remedios_caseros":13,"pct_viv_desocupada":0,"pct_alquiler":9,"pct_electricidad":82,"pct_sin_electricidad":14,"pct_agua_red":55,"pct_alcantarillado":0,"pct_camara_septica":36,"pct_pozo_ciego":32,"pct_sin_desague":27,"pct_gas_red":0,"pct_gas_garrafa":86,"pct_lena_guano":14,"pct_basura_formal":23,"pct_basura_quema":64,"pct_basura_informal":0,"pct_internet":55,"pct_celular":86,"pct_televisor":41}},{"type":"Feature","geometry":{"type":"Polygon","coordinates":[[[-68.12271,-13.76705],[-68.12334,-13.7664],[-68.12268,-13.76575],[-68.12203,-13.76639],[-68.12271,-13.76705]]]},"properties":{"n":"IXIAMAS","p":68,"personas_x_ha":66,"masculinidad":84,"pct_menor20":41,"pct_60mas":6,"pct_migrante":56,"dependencia_econ":74,"pct_empleados":33,"pct_cuentapropia":46,"pct_agricultura":26,"pct_comercio":18,"pct_manufactura":10,"pct_construccion":10,"pct_transporte":10,"pct_alojamiento":10,"pct_sin_educacion":2,"pct_educ_superior":29,"brecha_educ":-8,"pct_sin_seguro":10,"pct_sus":82,"pct_seguro_privado":1,"brecha_seguro":-1,"pct_salud_publica":22,"pct_med_tradicional":14,"pct_automedicacion":19,"pct_remedios_caseros":19,"pct_viv_desocupada":0,"pct_alquiler":23,"pct_electricidad":100,"pct_sin_electricidad":0,"pct_agua_red":100,"pct_alcantarillado":0,"pct_camara_septica":55,"pct_pozo_ciego":45,"pct_sin_desague":0,"pct_gas_red":0,"pct_gas_garrafa":95,"pct_lena_guano":5,"pct_basura_formal":91,"pct_basura_quema":9,"pct_basura_informal":0,"pct_internet":86,"pct_celular":95,"pct_televisor":86}},{"type":"Feature","geometry":{"type":"Polygon","coordinates":[[[-68.13106,-13.76889],[-68.1317,-13.76822],[-68.13105,-13.76758],[-68.13039,-13.76826],[-68.13106,-13.76889]]]},"properties":{"n":"IXIAMAS","p":49,"personas_x_ha":47,"masculinidad":104,"pct_menor20":35,"pct_60mas":8,"pct_migrante":67,"dependencia_econ":69,"pct_empleados":21,"pct_cuentapropia":66,"pct_agricultura":14,"pct_comercio":24,"pct_manufactura":14,"pct_construccion":14,"pct_transporte":7,"pct_alojamiento":3,"pct_sin_educacion":3,"pct_educ_superior":24,"brecha_educ":-21,"pct_sin_seguro":10,"pct_sus":90,"pct_seguro_privado":0,"brecha_seguro":4,"pct_salud_publica":25,"pct_med_tradicional":12,"pct_automedicacion":23,"pct_remedios_caseros":24,"pct_viv_desocupada":7,"pct_alquiler":33,"pct_electricidad":100,"pct_sin_electricidad":0,"pct_agua_red":92,"pct_alcantarillado":8,"pct_camara_septica":17,"pct_pozo_ciego":75,"pct_sin_desague":0,"pct_gas_red":0,"pct_gas_garrafa":58,"pct_lena_guano":33,"pct_basura_formal":42,"pct_basura_quema":50,"pct_basura_informal":0,"pct_internet":83,"pct_celular":92,"pct_televisor":75}},{"type":"Feature","geometry":{"type":"Polygon","coordinates":[[[-68.12715,-13.76996],[-68.12653,-13.77064],[-68.12719,-13.7712],[-68.12779,-13.77054],[-68.12715,-13.76996]]]},"properties":{"n":"IXIAMAS","p":82,"personas_x_ha":85,"masculinidad":193,"pct_menor20":12,"pct_60mas":18,"pct_migrante":78,"dependencia_econ":34,"pct_empleados":12,"pct_cuentapropia":68,"pct_agricultura":59,"pct_comercio":14,"pct_manufactura":5,"pct_construccion":3,"pct_transporte":7,"pct_alojamiento":5,"pct_sin_educacion":4,"pct_educ_superior":20,"brecha_educ":-22,"pct_sin_seguro":36,"pct_sus":61,"pct_seguro_privado":1,"brecha_seguro":3,"pct_salud_publica":22,"pct_med_tradicional":16,"pct_automedicacion":20,"pct_remedios_caseros":26,"pct_viv_desocupada":11,"pct_alquiler":25,"pct_electricidad":100,"pct_sin_electricidad":0,"pct_agua_red":100,"pct_alcantarillado":12,"pct_camara_septica":38,"pct_pozo_ciego":50,"pct_sin_desague":0,"pct_gas_red":0,"pct_gas_garrafa":88,"pct_lena_guano":12,"pct_basura_formal":62,"pct_basura_quema":38,"pct_basura_informal":0,"pct_internet":75,"pct_celular":88,"pct_televisor":88}},{"type":"Feature","geometry":{"type":"Polygon","coordinates":[[[-68.12869,-13.76387],[-68.12801,-13.76325],[-68.1274,-13.76391],[-68.12804,-13.76453],[-68.12869,-13.76387]]]},"properties":{"n":"IXIAMAS","p":20,"personas_x_ha":20,"masculinidad":67,"pct_menor20":40,"pct_60mas":10,"pct_migrante":50,"dependencia_econ":100,"pct_empleados":10,"pct_cuentapropia":80,"pct_agricultura":30,"pct_comercio":20,"pct_manufactura":10,"pct_construccion":0,"pct_transporte":20,"pct_alojamiento":10,"pct_sin_educacion":0,"pct_educ_superior":58,"brecha_educ":0,"pct_sin_seguro":10,"pct_sus":90,"pct_seguro_privado":0,"brecha_seguro":4,"pct_salud_publica":22,"pct_med_tradicional":21,"pct_automedicacion":22,"pct_remedios_caseros":22,"pct_viv_desocupada":14,"pct_alquiler":17,"pct_electricidad":100,"pct_sin_electricidad":0,"pct_agua_red":0,"pct_alcantarillado":0,"pct_camara_septica":50,"pct_pozo_ciego":50,"pct_sin_desague":0,"pct_gas_red":0,"pct_gas_garrafa":100,"pct_lena_guano":0,"pct_basura_formal":83,"pct_basura_quema":17,"pct_basura_informal":0,"pct_internet":100,"pct_celular":100,"pct_televisor":83}},{"type":"Feature","geometry":{"type":"Polygon","coordinates":[[[-68.12567,-13.76853],[-68.12499,-13.7679],[-68.12435,-13.76861],[-68.125,-13.76923],[-68.12567,-13.76853]]]},"properties":{"n":"IXIAMAS","p":31,"personas_x_ha":30,"masculinidad":72,"pct_menor20":39,"pct_60mas":23,"pct_migrante":39,"dependencia_econ":94,"pct_empleados":31,"pct_cuentapropia":62,"pct_agricultura":25,"pct_comercio":19,"pct_manufactura":25,"pct_construccion":6,"pct_transporte":0,"pct_alojamiento":0,"pct_sin_educacion":0,"pct_educ_superior":42,"brecha_educ":8,"pct_sin_seguro":0,"pct_sus":97,"pct_seguro_privado":0,"brecha_seguro":0,"pct_salud_publica":38,"pct_med_tradicional":14,"pct_automedicacion":17,"pct_remedios_caseros":21,"pct_viv_desocupada":29,"pct_alquiler":0,"pct_electricidad":100,"pct_sin_electricidad":0,"pct_agua_red":80,"pct_alcantarillado":10,"pct_camara_septica":50,"pct_pozo_ciego":40,"pct_sin_desague":0,"pct_gas_red":0,"pct_gas_garrafa":100,"pct_lena_guano":0,"pct_basura_formal":90,"pct_basura_quema":10,"pct_basura_informal":0,"pct_internet":40,"pct_celular":70,"pct_televisor":70}},{"type":"Feature","geometry":{"type":"Polygon","coordinates":[[[-68.13092,-13.76597],[-68.13039,-13.76546],[-68.12974,-13.76614],[-68.13023,-13.76664],[-68.13092,-13.76597]]]},"properties":{"n":"IXIAMAS","p":32,"personas_x_ha":39,"masculinidad":191,"pct_menor20":41,"pct_60mas":19,"pct_migrante":47,"dependencia_econ":100,"pct_empleados":25,"pct_cuentapropia":62,"pct_agricultura":50,"pct_comercio":0,"pct_manufactura":6,"pct_construccion":6,"pct_transporte":6,"pct_alojamiento":12,"pct_sin_educacion":0,"pct_educ_superior":21,"brecha_educ":0,"pct_sin_seguro":13,"pct_sus":77,"pct_seguro_privado":0,"brecha_seguro":4,"pct_salud_publica":21,"pct_med_tradicional":18,"pct_automedicacion":22,"pct_remedios_caseros":25,"pct_viv_desocupada":0,"pct_alquiler":22,"pct_electricidad":100,"pct_sin_electricidad":0,"pct_agua_red":78,"pct_alcantarillado":0,"pct_camara_septica":33,"pct_pozo_ciego":67,"pct_sin_desague":0,"pct_gas_red":0,"pct_gas_garrafa":89,"pct_lena_guano":0,"pct_basura_formal":78,"pct_basura_quema":22,"pct_basura_informal":0,"pct_internet":89,"pct_celular":100,"pct_televisor":100}},{"type":"Feature","geometry":{"type":"Polygon","coordinates":[[[-68.1294,-13.76753],[-68.12884,-13.76702],[-68.12818,-13.76769],[-68.12873,-13.76822],[-68.1294,-13.76753]]]},"properties":{"n":"IXIAMAS","p":28,"personas_x_ha":32,"masculinidad":115,"pct_menor20":36,"pct_60mas":14,"pct_migrante":79,"dependencia_econ":73,"pct_empleados":7,"pct_cuentapropia":93,"pct_agricultura":13,"pct_comercio":40,"pct_manufactura":7,"pct_construccion":0,"pct_transporte":13,"pct_alojamiento":13,"pct_sin_educacion":0,"pct_educ_superior":11,"brecha_educ":18,"pct_sin_seguro":21,"pct_sus":75,"pct_seguro_privado":0,"brecha_seguro":25,"pct_salud_publica":21,"pct_med_tradicional":8,"pct_automedicacion":22,"pct_remedios_caseros":21,"pct_viv_desocupada":7,"pct_alquiler":33,"pct_electricidad":89,"pct_sin_electricidad":0,"pct_agua_red":78,"pct_alcantarillado":11,"pct_camara_septica":0,"pct_pozo_ciego":67,"pct_sin_desague":22,"pct_gas_red":0,"pct_gas_garrafa":100,"pct_lena_guano":0,"pct_basura_formal":78,"pct_basura_quema":22,"pct_basura_informal":0,"pct_internet":67,"pct_celular":89,"pct_televisor":67}},{"type":"Feature","geometry":{"type":"Polygon","coordinates":[[[-68.134,-13.76738],[-68.13332,-13.76675],[-68.13266,-13.76742],[-68.13335,-13.76808],[-68.134,-13.76738]]]},"properties":{"n":"IXIAMAS","p":25,"personas_x_ha":23,"masculinidad":92,"pct_menor20":60,"pct_60mas":0,"pct_migrante":56,"dependencia_econ":257,"pct_empleados":43,"pct_cuentapropia":29,"pct_agricultura":29,"pct_comercio":29,"pct_manufactura":29,"pct_construccion":0,"pct_transporte":0,"pct_alojamiento":0,"pct_sin_educacion":10,"pct_educ_superior":20,"brecha_educ":-20,"pct_sin_seguro":4,"pct_sus":96,"pct_seguro_privado":0,"brecha_seguro":8,"pct_salud_publica":29,"pct_med_tradicional":18,"pct_automedicacion":14,"pct_remedios_caseros":30,"pct_viv_desocupada":25,"pct_alquiler":17,"pct_electricidad":100,"pct_sin_electricidad":0,"pct_agua_red":100,"pct_alcantarillado":0,"pct_camara_septica":50,"pct_pozo_ciego":50,"pct_sin_desague":0,"pct_gas_red":0,"pct_gas_garrafa":67,"pct_lena_guano":33,"pct_basura_formal":33,"pct_basura_quema":67,"pct_basura_informal":0,"pct_internet":83,"pct_celular":100,"pct_televisor":67}},{"type":"Feature","geometry":{"type":"Polygon","coordinates":[[[-68.13443,-13.7717],[-68.13433,-13.77166],[-68.1328,-13.77208],[-68.13491,-13.77406],[-68.13516,-13.77385],[-68.13443,-13.7717]]]},"properties":{"n":"IXIAMAS","p":28,"personas_x_ha":10,"masculinidad":115,"pct_menor20":57,"pct_60mas":4,"pct_migrante":43,"dependencia_econ":350,"pct_empleados":0,"pct_cuentapropia":33,"pct_agricultura":83,"pct_comercio":0,"pct_manufactura":0,"pct_construccion":0,"pct_transporte":0,"pct_alojamiento":0,"pct_sin_educacion":0,"pct_educ_superior":25,"brecha_educ":-23,"pct_sin_seguro":15,"pct_sus":85,"pct_seguro_privado":0,"brecha_seguro":13,"pct_salud_publica":73,"pct_med_tradicional":0,"pct_automedicacion":10,"pct_remedios_caseros":10,"pct_viv_desocupada":0,"pct_alquiler":22,"pct_electricidad":89,"pct_sin_electricidad":0,"pct_agua_red":89,"pct_alcantarillado":0,"pct_camara_septica":56,"pct_pozo_ciego":11,"pct_sin_desague":11,"pct_gas_red":0,"pct_gas_garrafa":89,"pct_lena_guano":11,"pct_basura_formal":67,"pct_basura_quema":33,"pct_basura_informal":0,"pct_internet":11,"pct_celular":67,"pct_televisor":22}},{"type":"Feature","geometry":{"type":"Polygon","coordinates":[[[-68.12961,-13.76473],[-68.12896,-13.76538],[-68.12964,-13.76604],[-68.1303,-13.76537],[-68.12961,-13.76473]]]},"properties":{"n":"IXIAMAS","p":21,"personas_x_ha":20,"masculinidad":91,"pct_menor20":33,"pct_60mas":0,"pct_migrante":67,"dependencia_econ":43,"pct_empleados":36,"pct_cuentapropia":43,"pct_agricultura":7,"pct_comercio":14,"pct_manufactura":14,"pct_construccion":0,"pct_transporte":0,"pct_alojamiento":7,"pct_sin_educacion":0,"pct_educ_superior":57,"brecha_educ":0,"pct_sin_seguro":15,"pct_sus":65,"pct_seguro_privado":0,"brecha_seguro":10,"pct_salud_publica":21,"pct_med_tradicional":3,"pct_automedicacion":16,"pct_remedios_caseros":23,"pct_viv_desocupada":0,"pct_alquiler":50,"pct_electricidad":100,"pct_sin_electricidad":0,"pct_agua_red":67,"pct_alcantarillado":17,"pct_camara_septica":83,"pct_pozo_ciego":0,"pct_sin_desague":0,"pct_gas_red":0,"pct_gas_garrafa":100,"pct_lena_guano":0,"pct_basura_formal":83,"pct_basura_quema":17,"pct_basura_informal":0,"pct_internet":83,"pct_celular":83,"pct_televisor":67}},{"type":"Feature","geometry":{"type":"Polygon","coordinates":[[[-68.11971,-13.76722],[-68.1204,-13.76786],[-68.12105,-13.76718],[-68.12037,-13.76655],[-68.11971,-13.76722]]]},"properties":{"n":"IXIAMAS","p":22,"personas_x_ha":21,"masculinidad":57,"pct_menor20":41,"pct_60mas":5,"pct_migrante":45,"dependencia_econ":100,"pct_empleados":9,"pct_cuentapropia":55,"pct_agricultura":45,"pct_comercio":18,"pct_manufactura":0,"pct_construccion":9,"pct_transporte":9,"pct_alojamiento":9,"pct_sin_educacion":0,"pct_educ_superior":31,"brecha_educ":20,"pct_sin_seguro":0,"pct_sus":100,"pct_seguro_privado":0,"brecha_seguro":0,"pct_salud_publica":100,"pct_med_tradicional":0,"pct_automedicacion":0,"pct_remedios_caseros":0,"pct_viv_desocupada":12,"pct_alquiler":50,"pct_electricidad":100,"pct_sin_electricidad":0,"pct_agua_red":100,"pct_alcantarillado":0,"pct_camara_septica":33,"pct_pozo_ciego":50,"pct_sin_desague":0,"pct_gas_red":0,"pct_gas_garrafa":100,"pct_lena_guano":0,"pct_basura_formal":33,"pct_basura_quema":17,"pct_basura_informal":0,"pct_internet":0,"pct_celular":50,"pct_televisor":50}},{"type":"Feature","geometry":{"type":"Polygon","coordinates":[[[-68.14121,-13.77207],[-68.14084,-13.7715],[-68.13987,-13.77169],[-68.14021,-13.77293],[-68.1407,-13.77382],[-68.14149,-13.77365],[-68.14121,-13.77207]]]},"properties":{"n":"IXIAMAS","p":30,"personas_x_ha":10,"masculinidad":100,"pct_menor20":57,"pct_60mas":3,"pct_migrante":50,"dependencia_econ":114,"pct_empleados":14,"pct_cuentapropia":79,"pct_agricultura":50,"pct_comercio":0,"pct_manufactura":0,"pct_construccion":7,"pct_transporte":14,"pct_alojamiento":21,"pct_sin_educacion":0,"pct_educ_superior":23,"brecha_educ":-24,"pct_sin_seguro":17,"pct_sus":83,"pct_seguro_privado":0,"brecha_seguro":7,"pct_salud_publica":30,"pct_med_tradicional":0,"pct_automedicacion":29,"pct_remedios_caseros":35,"pct_viv_desocupada":0,"pct_alquiler":20,"pct_electricidad":100,"pct_sin_electricidad":0,"pct_agua_red":100,"pct_alcantarillado":0,"pct_camara_septica":0,"pct_pozo_ciego":60,"pct_sin_desague":20,"pct_gas_red":0,"pct_gas_garrafa":60,"pct_lena_guano":40,"pct_basura_formal":0,"pct_basura_quema":100,"pct_basura_informal":0,"pct_internet":100,"pct_celular":100,"pct_televisor":60}},{"type":"Feature","geometry":{"type":"Polygon","coordinates":[[[-68.12115,-13.76709],[-68.12047,-13.76646],[-68.12115,-13.76578],[-68.12182,-13.76644],[-68.12115,-13.76709]]]},"properties":{"n":"IXIAMAS","p":23,"personas_x_ha":22,"masculinidad":77,"pct_menor20":30,"pct_60mas":9,"pct_migrante":30,"dependencia_econ":92,"pct_empleados":42,"pct_cuentapropia":33,"pct_agricultura":67,"pct_comercio":25,"pct_manufactura":0,"pct_construccion":0,"pct_transporte":0,"pct_alojamiento":0,"pct_sin_educacion":6,"pct_educ_superior":25,"brecha_educ":-33,"pct_sin_seguro":13,"pct_sus":87,"pct_seguro_privado":0,"brecha_seguro":12,"pct_salud_publica":41,"pct_med_tradicional":4,"pct_automedicacion":20,"pct_remedios_caseros":18,"pct_viv_desocupada":21,"pct_alquiler":22,"pct_electricidad":100,"pct_sin_electricidad":0,"pct_agua_red":100,"pct_alcantarillado":0,"pct_camara_septica":11,"pct_pozo_ciego":89,"pct_sin_desague":0,"pct_gas_red":0,"pct_gas_garrafa":89,"pct_lena_guano":11,"pct_basura_formal":22,"pct_basura_quema":78,"pct_basura_informal":0,"pct_internet":89,"pct_celular":89,"pct_televisor":78}},{"type":"Feature","geometry":{"type":"Polygon","coordinates":[[[-68.12732,-13.76837],[-68.12796,-13.76771],[-68.12728,-13.76706],[-68.12662,-13.76773],[-68.12732,-13.76837]]]},"properties":{"n":"IXIAMAS","p":41,"personas_x_ha":39,"masculinidad":173,"pct_menor20":29,"pct_60mas":17,"pct_migrante":63,"dependencia_econ":95,"pct_empleados":14,"pct_cuentapropia":62,"pct_agricultura":14,"pct_comercio":24,"pct_manufactura":24,"pct_construccion":0,"pct_transporte":5,"pct_alojamiento":19,"pct_sin_educacion":0,"pct_educ_superior":30,"brecha_educ":-22,"pct_sin_seguro":17,"pct_sus":66,"pct_seguro_privado":0,"brecha_seguro":16,"pct_salud_publica":21,"pct_med_tradicional":9,"pct_automedicacion":18,"pct_remedios_caseros":29,"pct_viv_desocupada":6,"pct_alquiler":14,"pct_electricidad":100,"pct_sin_electricidad":0,"pct_agua_red":100,"pct_alcantarillado":0,"pct_camara_septica":36,"pct_pozo_ciego":57,"pct_sin_desague":0,"pct_gas_red":0,"pct_gas_garrafa":100,"pct_lena_guano":0,"pct_basura_formal":100,"pct_basura_quema":0,"pct_basura_informal":0,"pct_internet":93,"pct_celular":100,"pct_televisor":93}},{"type":"Feature","geometry":{"type":"Polygon","coordinates":[[[-68.12122,-13.76416],[-68.12191,-13.7648],[-68.12256,-13.76415],[-68.12191,-13.76353],[-68.12122,-13.76416]]]},"properties":{"n":"IXIAMAS","p":26,"personas_x_ha":25,"masculinidad":160,"pct_menor20":54,"pct_60mas":4,"pct_migrante":58,"dependencia_econ":117,"pct_empleados":83,"pct_cuentapropia":8,"pct_agricultura":33,"pct_comercio":0,"pct_manufactura":0,"pct_construccion":0,"pct_transporte":0,"pct_alojamiento":0,"pct_sin_educacion":0,"pct_educ_superior":0,"brecha_educ":33,"pct_sin_seguro":28,"pct_sus":72,"pct_seguro_privado":0,"brecha_seguro":-8,"pct_salud_publica":38,"pct_med_tradicional":0,"pct_automedicacion":0,"pct_remedios_caseros":62,"pct_viv_desocupada":12,"pct_alquiler":14,"pct_electricidad":86,"pct_sin_electricidad":0,"pct_agua_red":100,"pct_alcantarillado":14,"pct_camara_septica":14,"pct_pozo_ciego":71,"pct_sin_desague":0,"pct_gas_red":0,"pct_gas_garrafa":71,"pct_lena_guano":29,"pct_basura_formal":86,"pct_basura_quema":0,"pct_basura_informal":14,"pct_internet":0,"pct_celular":57,"pct_televisor":29}},{"type":"Feature","geometry":{"type":"Polygon","coordinates":[[[-68.12719,-13.76397],[-68.12653,-13.76331],[-68.12586,-13.76397],[-68.12655,-13.76461],[-68.12719,-13.76397]]]},"properties":{"n":"IXIAMAS","p":25,"personas_x_ha":24,"masculinidad":92,"pct_menor20":40,"pct_60mas":4,"pct_migrante":92,"dependencia_econ":257,"pct_empleados":57,"pct_cuentapropia":43,"pct_agricultura":14,"pct_comercio":0,"pct_manufactura":14,"pct_construccion":0,"pct_transporte":14,"pct_alojamiento":0,"pct_sin_educacion":0,"pct_educ_superior":33,"brecha_educ":-25,"pct_sin_seguro":8,"pct_sus":71,"pct_seguro_privado":0,"brecha_seguro":17,"pct_salud_publica":28,"pct_med_tradicional":5,"pct_automedicacion":16,"pct_remedios_caseros":24,"pct_viv_desocupada":12,"pct_alquiler":43,"pct_electricidad":86,"pct_sin_electricidad":14,"pct_agua_red":71,"pct_alcantarillado":0,"pct_camara_septica":86,"pct_pozo_ciego":0,"pct_sin_desague":14,"pct_gas_red":0,"pct_gas_garrafa":71,"pct_lena_guano":14,"pct_basura_formal":86,"pct_basura_quema":14,"pct_basura_informal":0,"pct_internet":86,"pct_celular":86,"pct_televisor":71}},{"type":"Feature","geometry":{"type":"Polygon","coordinates":[[[-68.13261,-13.77037],[-68.13326,-13.76973],[-68.13254,-13.76905],[-68.13193,-13.76972],[-68.13261,-13.77037]]]},"properties":{"n":"IXIAMAS","p":29,"personas_x_ha":27,"masculinidad":107,"pct_menor20":55,"pct_60mas":3,"pct_migrante":48,"dependencia_econ":190,"pct_empleados":40,"pct_cuentapropia":30,"pct_agricultura":30,"pct_comercio":20,"pct_manufactura":0,"pct_construccion":20,"pct_transporte":0,"pct_alojamiento":0,"pct_sin_educacion":0,"pct_educ_superior":8,"brecha_educ":-21,"pct_sin_seguro":3,"pct_sus":55,"pct_seguro_privado":0,"brecha_seguro":7,"pct_salud_publica":37,"pct_med_tradicional":9,"pct_automedicacion":15,"pct_remedios_caseros":13,"pct_viv_desocupada":11,"pct_alquiler":0,"pct_electricidad":100,"pct_sin_electricidad":0,"pct_agua_red":100,"pct_alcantarillado":0,"pct_camara_septica":25,"pct_pozo_ciego":75,"pct_sin_desague":0,"pct_gas_red":0,"pct_gas_garrafa":100,"pct_lena_guano":0,"pct_basura_formal":75,"pct_basura_quema":25,"pct_basura_informal":0,"pct_internet":62,"pct_celular":88,"pct_televisor":88}},{"type":"Feature","geometry":{"type":"Polygon","coordinates":[[[-68.14292,-13.77571],[-68.14276,-13.77465],[-68.14171,-13.7748],[-68.14187,-13.77582],[-68.14292,-13.77571]]]},"properties":{"n":"IXIAMAS","p":32,"personas_x_ha":24,"masculinidad":146,"pct_menor20":62,"pct_60mas":3,"pct_migrante":44,"dependencia_econ":113,"pct_empleados":80,"pct_cuentapropia":7,"pct_agricultura":27,"pct_comercio":13,"pct_manufactura":27,"pct_construccion":13,"pct_transporte":0,"pct_alojamiento":7,"pct_sin_educacion":0,"pct_educ_superior":0,"brecha_educ":12,"pct_sin_seguro":13,"pct_sus":87,"pct_seguro_privado":0,"brecha_seguro":-4,"pct_salud_publica":23,"pct_med_tradicional":19,"pct_automedicacion":24,"pct_remedios_caseros":25,"pct_viv_desocupada":0,"pct_alquiler":14,"pct_electricidad":86,"pct_sin_electricidad":14,"pct_agua_red":86,"pct_alcantarillado":0,"pct_camara_septica":0,"pct_pozo_ciego":86,"pct_sin_desague":0,"pct_gas_red":0,"pct_gas_garrafa":29,"pct_lena_guano":71,"pct_basura_formal":29,"pct_basura_quema":43,"pct_basura_informal":0,"pct_internet":29,"pct_celular":43,"pct_televisor":43}},{"type":"Feature","geometry":{"type":"Polygon","coordinates":[[[-68.12491,-13.76632],[-68.12422,-13.76565],[-68.12354,-13.76634],[-68.12421,-13.76698],[-68.12491,-13.76632]]]},"properties":{"n":"IXIAMAS","p":52,"personas_x_ha":47,"masculinidad":79,"pct_menor20":44,"pct_60mas":6,"pct_migrante":40,"dependencia_econ":108,"pct_empleados":48,"pct_cuentapropia":24,"pct_agricultura":32,"pct_comercio":12,"pct_manufactura":8,"pct_construccion":0,"pct_transporte":12,"pct_alojamiento":0,"pct_sin_educacion":0,"pct_educ_superior":32,"brecha_educ":-17,"pct_sin_seguro":14,"pct_sus":73,"pct_seguro_privado":0,"brecha_seguro":0,"pct_salud_publica":40,"pct_med_tradicional":11,"pct_automedicacion":10,"pct_remedios_caseros":20,"pct_viv_desocupada":13,"pct_alquiler":31,"pct_electricidad":100,"pct_sin_electricidad":0,"pct_agua_red":100,"pct_alcantarillado":0,"pct_camara_septica":77,"pct_pozo_ciego":23,"pct_sin_desague":0,"pct_gas_red":0,"pct_gas_garrafa":77,"pct_lena_guano":23,"pct_basura_formal":77,"pct_basura_quema":23,"pct_basura_informal":0,"pct_internet":92,"pct_celular":92,"pct_televisor":77}},{"type":"Feature","geometry":{"type":"Polygon","coordinates":[[[-68.13028,-13.76839],[-68.12962,-13.76904],[-68.1303,-13.76967],[-68.13096,-13.76903],[-68.13028,-13.76839]]]},"properties":{"n":"IXIAMAS","p":33,"personas_x_ha":32,"masculinidad":106,"pct_menor20":36,"pct_60mas":18,"pct_migrante":52,"dependencia_econ":230,"pct_empleados":40,"pct_cuentapropia":40,"pct_agricultura":50,"pct_comercio":0,"pct_manufactura":0,"pct_construccion":10,"pct_transporte":0,"pct_alojamiento":0,"pct_sin_educacion":0,"pct_educ_superior":14,"brecha_educ":-19,"pct_sin_seguro":12,"pct_sus":88,"pct_seguro_privado":0,"brecha_seguro":24,"pct_salud_publica":28,"pct_med_tradicional":17,"pct_automedicacion":19,"pct_remedios_caseros":23,"pct_viv_desocupada":7,"pct_alquiler":46,"pct_electricidad":100,"pct_sin_electricidad":0,"pct_agua_red":100,"pct_alcantarillado":8,"pct_camara_septica":54,"pct_pozo_ciego":38,"pct_sin_desague":0,"pct_gas_red":0,"pct_gas_garrafa":85,"pct_lena_guano":15,"pct_basura_formal":54,"pct_basura_quema":46,"pct_basura_informal":0,"pct_internet":77,"pct_celular":85,"pct_televisor":77}},{"type":"Feature","geometry":{"type":"Polygon","coordinates":[[[-68.1243,-13.78081],[-68.12655,-13.77989],[-68.12608,-13.77929],[-68.12546,-13.77879],[-68.12476,-13.77803],[-68.12344,-13.77914],[-68.1228,-13.77843],[-68.12249,-13.77867],[-68.1243,-13.78081]]]},"properties":{"n":"IXIAMAS","p":19,"personas_x_ha":3,"masculinidad":90,"pct_menor20":53,"pct_60mas":5,"pct_migrante":79,"dependencia_econ":80,"pct_empleados":40,"pct_cuentapropia":10,"pct_agricultura":10,"pct_comercio":10,"pct_manufactura":10,"pct_construccion":0,"pct_transporte":20,"pct_alojamiento":20,"pct_sin_educacion":10,"pct_educ_superior":10,"brecha_educ":-25,"pct_sin_seguro":17,"pct_sus":83,"pct_seguro_privado":0,"brecha_seguro":11,"pct_salud_publica":38,"pct_med_tradicional":3,"pct_automedicacion":23,"pct_remedios_caseros":31,"pct_viv_desocupada":8,"pct_alquiler":17,"pct_electricidad":83,"pct_sin_electricidad":17,"pct_agua_red":100,"pct_alcantarillado":0,"pct_camara_septica":17,"pct_pozo_ciego":83,"pct_sin_desague":0,"pct_gas_red":0,"pct_gas_garrafa":100,"pct_lena_guano":0,"pct_basura_formal":17,"pct_basura_quema":83,"pct_basura_informal":0,"pct_internet":50,"pct_celular":83,"pct_televisor":67}},{"type":"Feature","geometry":{"type":"Polygon","coordinates":[[[-68.11253,-13.75918],[-68.11189,-13.75854],[-68.1112,-13.75926],[-68.11187,-13.75987],[-68.11253,-13.75918]]]},"properties":{"n":"IXIAMAS","p":25,"personas_x_ha":23,"masculinidad":178,"pct_menor20":52,"pct_60mas":4,"pct_migrante":44,"dependencia_econ":212,"pct_empleados":62,"pct_cuentapropia":25,"pct_agricultura":25,"pct_comercio":0,"pct_manufactura":0,"pct_construccion":12,"pct_transporte":25,"pct_alojamiento":12,"pct_sin_educacion":0,"pct_educ_superior":17,"brecha_educ":9,"pct_sin_seguro":0,"pct_sus":84,"pct_seguro_privado":0,"brecha_seguro":0,"pct_salud_publica":26,"pct_med_tradicional":3,"pct_automedicacion":21,"pct_remedios_caseros":21,"pct_viv_desocupada":0,"pct_alquiler":0,"pct_electricidad":100,"pct_sin_electricidad":0,"pct_agua_red":29,"pct_alcantarillado":0,"pct_camara_septica":14,"pct_pozo_ciego":71,"pct_sin_desague":0,"pct_gas_red":0,"pct_gas_garrafa":100,"pct_lena_guano":0,"pct_basura_formal":0,"pct_basura_quema":86,"pct_basura_informal":0,"pct_internet":71,"pct_celular":71,"pct_televisor":86}},{"type":"Feature","geometry":{"type":"Polygon","coordinates":[[[-68.12037,-13.76504],[-68.12107,-13.76567],[-68.12038,-13.76638],[-68.11969,-13.76573],[-68.12037,-13.76504]]]},"properties":{"n":"IXIAMAS","p":43,"personas_x_ha":39,"masculinidad":115,"pct_menor20":49,"pct_60mas":2,"pct_migrante":35,"dependencia_econ":153,"pct_empleados":65,"pct_cuentapropia":29,"pct_agricultura":18,"pct_comercio":0,"pct_manufactura":18,"pct_construccion":18,"pct_transporte":12,"pct_alojamiento":12,"pct_sin_educacion":0,"pct_educ_superior":9,"brecha_educ":15,"pct_sin_seguro":2,"pct_sus":98,"pct_seguro_privado":0,"brecha_seguro":5,"pct_salud_publica":41,"pct_med_tradicional":5,"pct_automedicacion":18,"pct_remedios_caseros":17,"pct_viv_desocupada":0,"pct_alquiler":8,"pct_electricidad":100,"pct_sin_electricidad":0,"pct_agua_red":100,"pct_alcantarillado":8,"pct_camara_septica":38,"pct_pozo_ciego":54,"pct_sin_desague":0,"pct_gas_red":0,"pct_gas_garrafa":100,"pct_lena_guano":0,"pct_basura_formal":62,"pct_basura_quema":31,"pct_basura_informal":8,"pct_internet":85,"pct_celular":92,"pct_televisor":100}},{"type":"Feature","geometry":{"type":"Polygon","coordinates":[[[-68.12959,-13.76623],[-68.12896,-13.7669],[-68.1295,-13.76739],[-68.13014,-13.76677],[-68.12959,-13.76623]]]},"properties":{"n":"IXIAMAS","p":22,"personas_x_ha":27,"masculinidad":175,"pct_menor20":45,"pct_60mas":9,"pct_migrante":82,"dependencia_econ":100,"pct_empleados":55,"pct_cuentapropia":36,"pct_agricultura":9,"pct_comercio":27,"pct_manufactura":18,"pct_construccion":0,"pct_transporte":0,"pct_alojamiento":9,"pct_sin_educacion":8,"pct_educ_superior":8,"brecha_educ":-89,"pct_sin_seguro":18,"pct_sus":55,"pct_seguro_privado":0,"brecha_seguro":29,"pct_salud_publica":25,"pct_med_tradicional":0,"pct_automedicacion":10,"pct_remedios_caseros":22,"pct_viv_desocupada":0,"pct_alquiler":17,"pct_electricidad":100,"pct_sin_electricidad":0,"pct_agua_red":100,"pct_alcantarillado":17,"pct_camara_septica":50,"pct_pozo_ciego":17,"pct_sin_desague":17,"pct_gas_red":0,"pct_gas_garrafa":83,"pct_lena_guano":0,"pct_basura_formal":100,"pct_basura_quema":0,"pct_basura_informal":0,"pct_internet":83,"pct_celular":83,"pct_televisor":67}},{"type":"Feature","geometry":{"type":"Polygon","coordinates":[[[-68.11961,-13.76713],[-68.11894,-13.76652],[-68.11961,-13.76584],[-68.12027,-13.7665],[-68.11961,-13.76713]]]},"properties":{"n":"IXIAMAS","p":29,"personas_x_ha":28,"masculinidad":222,"pct_menor20":31,"pct_60mas":14,"pct_migrante":52,"dependencia_econ":45,"pct_empleados":40,"pct_cuentapropia":35,"pct_agricultura":15,"pct_comercio":0,"pct_manufactura":10,"pct_construccion":25,"pct_transporte":5,"pct_alojamiento":5,"pct_sin_educacion":5,"pct_educ_superior":29,"brecha_educ":-21,"pct_sin_seguro":14,"pct_sus":86,"pct_seguro_privado":0,"brecha_seguro":20,"pct_salud_publica":29,"pct_med_tradicional":14,"pct_automedicacion":11,"pct_remedios_caseros":21,"pct_viv_desocupada":15,"pct_alquiler":0,"pct_electricidad":100,"pct_sin_electricidad":0,"pct_agua_red":100,"pct_alcantarillado":80,"pct_camara_septica":10,"pct_pozo_ciego":0,"pct_sin_desague":0,"pct_gas_red":0,"pct_gas_garrafa":90,"pct_lena_guano":10,"pct_basura_formal":50,"pct_basura_quema":50,"pct_basura_informal":0,"pct_internet":10,"pct_celular":10,"pct_televisor":10}},{"type":"Feature","geometry":{"type":"Polygon","coordinates":[[[-68.12784,-13.76911],[-68.1273,-13.76859],[-68.12663,-13.76926],[-68.12717,-13.76977],[-68.12784,-13.76911]]]},"properties":{"n":"IXIAMAS","p":58,"personas_x_ha":68,"masculinidad":93,"pct_menor20":40,"pct_60mas":16,"pct_migrante":69,"dependencia_econ":87,"pct_empleados":6,"pct_cuentapropia":39,"pct_agricultura":13,"pct_comercio":42,"pct_manufactura":3,"pct_construccion":0,"pct_transporte":3,"pct_alojamiento":13,"pct_sin_educacion":3,"pct_educ_superior":14,"brecha_educ":-20,"pct_sin_seguro":22,"pct_sus":78,"pct_seguro_privado":0,"brecha_seguro":1,"pct_salud_publica":26,"pct_med_tradicional":11,"pct_automedicacion":25,"pct_remedios_caseros":20,"pct_viv_desocupada":10,"pct_alquiler":17,"pct_electricidad":100,"pct_sin_electricidad":0,"pct_agua_red":94,"pct_alcantarillado":0,"pct_camara_septica":33,"pct_pozo_ciego":22,"pct_sin_desague":33,"pct_gas_red":0,"pct_gas_garrafa":100,"pct_lena_guano":0,"pct_basura_formal":100,"pct_basura_quema":0,"pct_basura_informal":0,"pct_internet":67,"pct_celular":94,"pct_televisor":72}},{"type":"Feature","geometry":{"type":"Polygon","coordinates":[[[-68.14065,-13.77011],[-68.14046,-13.76909],[-68.13947,-13.76931],[-68.13967,-13.77033],[-68.14065,-13.77011]]]},"properties":{"n":"IXIAMAS","p":18,"personas_x_ha":14,"masculinidad":100,"pct_menor20":39,"pct_60mas":6,"pct_migrante":72,"dependencia_econ":80,"pct_empleados":30,"pct_cuentapropia":50,"pct_agricultura":20,"pct_comercio":40,"pct_manufactura":0,"pct_construccion":0,"pct_transporte":10,"pct_alojamiento":10,"pct_sin_educacion":0,"pct_educ_superior":45,"brecha_educ":-20,"pct_sin_seguro":12,"pct_sus":65,"pct_seguro_privado":0,"brecha_seguro":1,"pct_salud_publica":48,"pct_med_tradicional":12,"pct_automedicacion":6,"pct_remedios_caseros":18,"pct_viv_desocupada":0,"pct_alquiler":43,"pct_electricidad":100,"pct_sin_electricidad":0,"pct_agua_red":100,"pct_alcantarillado":0,"pct_camara_septica":29,"pct_pozo_ciego":71,"pct_sin_desague":0,"pct_gas_red":0,"pct_gas_garrafa":100,"pct_lena_guano":0,"pct_basura_formal":29,"pct_basura_quema":71,"pct_basura_informal":0,"pct_internet":71,"pct_celular":100,"pct_televisor":57}},{"type":"Feature","geometry":{"type":"Polygon","coordinates":[[[-68.13993,-13.76587],[-68.1401,-13.76681],[-68.14104,-13.76661],[-68.14085,-13.76569],[-68.13993,-13.76587]]]},"properties":{"n":"IXIAMAS","p":17,"personas_x_ha":16,"masculinidad":89,"pct_menor20":53,"pct_60mas":0,"pct_migrante":53,"dependencia_econ":183,"pct_empleados":0,"pct_cuentapropia":67,"pct_agricultura":0,"pct_comercio":17,"pct_manufactura":0,"pct_construccion":67,"pct_transporte":0,"pct_alojamiento":17,"pct_sin_educacion":0,"pct_educ_superior":0,"brecha_educ":-17,"pct_sin_seguro":0,"pct_sus":100,"pct_seguro_privado":0,"brecha_seguro":0,"pct_salud_publica":20,"pct_med_tradicional":7,"pct_automedicacion":20,"pct_remedios_caseros":25,"pct_viv_desocupada":43,"pct_alquiler":25,"pct_electricidad":100,"pct_sin_electricidad":0,"pct_agua_red":100,"pct_alcantarillado":25,"pct_camara_septica":0,"pct_pozo_ciego":25,"pct_sin_desague":25,"pct_gas_red":0,"pct_gas_garrafa":100,"pct_lena_guano":0,"pct_basura_formal":25,"pct_basura_quema":75,"pct_basura_informal":0,"pct_internet":50,"pct_celular":50,"pct_televisor":50}},{"type":"Feature","geometry":{"type":"Polygon","coordinates":[[[-68.1187,-13.76196],[-68.11806,-13.76135],[-68.11742,-13.76202],[-68.11806,-13.76264],[-68.1187,-13.76196]]]},"properties":{"n":"IXIAMAS","p":18,"personas_x_ha":18,"masculinidad":157,"pct_menor20":33,"pct_60mas":22,"pct_migrante":39,"dependencia_econ":64,"pct_empleados":27,"pct_cuentapropia":27,"pct_agricultura":64,"pct_comercio":9,"pct_manufactura":9,"pct_construccion":0,"pct_transporte":9,"pct_alojamiento":0,"pct_sin_educacion":0,"pct_educ_superior":17,"brecha_educ":3,"pct_sin_seguro":0,"pct_sus":94,"pct_seguro_privado":0,"brecha_seguro":0,"pct_salud_publica":28,"pct_med_tradicional":13,"pct_automedicacion":13,"pct_remedios_caseros":28,"pct_viv_desocupada":43,"pct_alquiler":0,"pct_electricidad":100,"pct_sin_electricidad":0,"pct_agua_red":75,"pct_alcantarillado":0,"pct_camara_septica":0,"pct_pozo_ciego":75,"pct_sin_desague":25,"pct_gas_red":0,"pct_gas_garrafa":100,"pct_lena_guano":0,"pct_basura_formal":75,"pct_basura_quema":25,"pct_basura_informal":0,"pct_internet":75,"pct_celular":100,"pct_televisor":100}},{"type":"Feature","geometry":{"type":"Polygon","coordinates":[[[-68.12242,-13.7696],[-68.12308,-13.76973],[-68.12417,-13.76859],[-68.12349,-13.76794],[-68.12222,-13.76933],[-68.12242,-13.7696]]]},"properties":{"n":"IXIAMAS","p":43,"personas_x_ha":21,"masculinidad":187,"pct_menor20":33,"pct_60mas":12,"pct_migrante":53,"dependencia_econ":72,"pct_empleados":44,"pct_cuentapropia":40,"pct_agricultura":36,"pct_comercio":12,"pct_manufactura":4,"pct_construccion":8,"pct_transporte":4,"pct_alojamiento":8,"pct_sin_educacion":0,"pct_educ_superior":34,"brecha_educ":1,"pct_sin_seguro":30,"pct_sus":60,"pct_seguro_privado":0,"brecha_seguro":5,"pct_salud_publica":41,"pct_med_tradicional":9,"pct_automedicacion":12,"pct_remedios_caseros":12,"pct_viv_desocupada":7,"pct_alquiler":25,"pct_electricidad":92,"pct_sin_electricidad":8,"pct_agua_red":75,"pct_alcantarillado":0,"pct_camara_septica":50,"pct_pozo_ciego":25,"pct_sin_desague":17,"pct_gas_red":0,"pct_gas_garrafa":92,"pct_lena_guano":0,"pct_basura_formal":42,"pct_basura_quema":50,"pct_basura_informal":8,"pct_internet":75,"pct_celular":83,"pct_televisor":67}},{"type":"Feature","geometry":{"type":"Polygon","coordinates":[[[-68.13508,-13.77436],[-68.13259,-13.77211],[-68.13212,-13.77252],[-68.13472,-13.77478],[-68.13508,-13.77436]]]},"properties":{"n":"IXIAMAS","p":35,"personas_x_ha":15,"masculinidad":169,"pct_menor20":49,"pct_60mas":11,"pct_migrante":63,"dependencia_econ":106,"pct_empleados":41,"pct_cuentapropia":29,"pct_agricultura":18,"pct_comercio":0,"pct_manufactura":35,"pct_construccion":12,"pct_transporte":0,"pct_alojamiento":6,"pct_sin_educacion":6,"pct_educ_superior":28,"brecha_educ":38,"pct_sin_seguro":18,"pct_sus":68,"pct_seguro_privado":3,"brecha_seguro":-21,"pct_salud_publica":24,"pct_med_tradicional":5,"pct_automedicacion":21,"pct_remedios_caseros":29,"pct_viv_desocupada":0,"pct_alquiler":33,"pct_electricidad":100,"pct_sin_electricidad":0,"pct_agua_red":100,"pct_alcantarillado":33,"pct_camara_septica":22,"pct_pozo_ciego":22,"pct_sin_desague":0,"pct_gas_red":0,"pct_gas_garrafa":78,"pct_lena_guano":22,"pct_basura_formal":44,"pct_basura_quema":56,"pct_basura_informal":0,"pct_internet":56,"pct_celular":67,"pct_televisor":33}},{"type":"Feature","geometry":{"type":"Polygon","coordinates":[[[-68.11731,-13.7666],[-68.118,-13.76725],[-68.1187,-13.76653],[-68.11801,-13.76591],[-68.11731,-13.7666]]]},"properties":{"n":"IXIAMAS","p":32,"personas_x_ha":29,"masculinidad":113,"pct_menor20":59,"pct_60mas":0,"pct_migrante":16,"dependencia_econ":182,"pct_empleados":18,"pct_cuentapropia":27,"pct_agricultura":18,"pct_comercio":0,"pct_manufactura":0,"pct_construccion":18,"pct_transporte":18,"pct_alojamiento":18,"pct_sin_educacion":0,"pct_educ_superior":0,"brecha_educ":17,"pct_sin_seguro":52,"pct_sus":48,"pct_seguro_privado":0,"brecha_seguro":29,"pct_salud_publica":43,"pct_med_tradicional":14,"pct_automedicacion":16,"pct_remedios_caseros":19,"pct_viv_desocupada":0,"pct_alquiler":14,"pct_electricidad":86,"pct_sin_electricidad":14,"pct_agua_red":86,"pct_alcantarillado":57,"pct_camara_septica":0,"pct_pozo_ciego":43,"pct_sin_desague":0,"pct_gas_red":0,"pct_gas_garrafa":71,"pct_lena_guano":29,"pct_basura_formal":14,"pct_basura_quema":71,"pct_basura_informal":0,"pct_internet":57,"pct_celular":57,"pct_televisor":43}},{"type":"Feature","geometry":{"type":"Polygon","coordinates":[[[-68.1272,-13.76849],[-68.12654,-13.76916],[-68.12585,-13.76852],[-68.12653,-13.76786],[-68.1272,-13.76849]]]},"properties":{"n":"IXIAMAS","p":46,"personas_x_ha":43,"masculinidad":109,"pct_menor20":33,"pct_60mas":4,"pct_migrante":57,"dependencia_econ":64,"pct_empleados":36,"pct_cuentapropia":57,"pct_agricultura":21,"pct_comercio":21,"pct_manufactura":7,"pct_construccion":7,"pct_transporte":4,"pct_alojamiento":25,"pct_sin_educacion":6,"pct_educ_superior":23,"brecha_educ":11,"pct_sin_seguro":9,"pct_sus":84,"pct_seguro_privado":0,"brecha_seguro":-9,"pct_salud_publica":25,"pct_med_tradicional":8,"pct_automedicacion":11,"pct_remedios_caseros":22,"pct_viv_desocupada":13,"pct_alquiler":29,"pct_electricidad":100,"pct_sin_electricidad":0,"pct_agua_red":76,"pct_alcantarillado":6,"pct_camara_septica":71,"pct_pozo_ciego":24,"pct_sin_desague":0,"pct_gas_red":0,"pct_gas_garrafa":88,"pct_lena_guano":0,"pct_basura_formal":88,"pct_basura_quema":12,"pct_basura_informal":0,"pct_internet":94,"pct_celular":94,"pct_televisor":88}},{"type":"Feature","geometry":{"type":"Polygon","coordinates":[[[-68.12578,-13.77145],[-68.12533,-13.77119],[-68.12503,-13.77113],[-68.12466,-13.77089],[-68.12387,-13.77096],[-68.12367,-13.77206],[-68.12595,-13.77288],[-68.12618,-13.77174],[-68.12608,-13.77125],[-68.12596,-13.77123],[-68.12578,-13.77145]]]},"properties":{"n":"IXIAMAS","p":18,"personas_x_ha":5,"masculinidad":125,"pct_menor20":33,"pct_60mas":11,"pct_migrante":89,"dependencia_econ":500,"pct_empleados":0,"pct_cuentapropia":67,"pct_agricultura":33,"pct_comercio":33,"pct_manufactura":0,"pct_construccion":0,"pct_transporte":0,"pct_alojamiento":33,"pct_sin_educacion":8,"pct_educ_superior":8,"brecha_educ":-33,"pct_sin_seguro":33,"pct_sus":67,"pct_seguro_privado":0,"brecha_seguro":38,"pct_salud_publica":27,"pct_med_tradicional":29,"pct_automedicacion":2,"pct_remedios_caseros":35,"pct_viv_desocupada":0,"pct_alquiler":10,"pct_electricidad":100,"pct_sin_electricidad":0,"pct_agua_red":100,"pct_alcantarillado":0,"pct_camara_septica":20,"pct_pozo_ciego":60,"pct_sin_desague":20,"pct_gas_red":0,"pct_gas_garrafa":100,"pct_lena_guano":0,"pct_basura_formal":20,"pct_basura_quema":60,"pct_basura_informal":0,"pct_internet":20,"pct_celular":90,"pct_televisor":40}},{"type":"Feature","geometry":{"type":"Polygon","coordinates":[[[-68.12901,-13.7722],[-68.12863,-13.77205],[-68.12776,-13.772],[-68.12645,-13.77153],[-68.12647,-13.77231],[-68.12664,-13.77324],[-68.12784,-13.77322],[-68.12853,-13.77336],[-68.12901,-13.7722]]]},"properties":{"n":"IXIAMAS","p":20,"personas_x_ha":5,"masculinidad":82,"pct_menor20":25,"pct_60mas":15,"pct_migrante":75,"dependencia_econ":58,"pct_empleados":8,"pct_cuentapropia":58,"pct_agricultura":50,"pct_comercio":8,"pct_manufactura":0,"pct_construccion":0,"pct_transporte":0,"pct_alojamiento":17,"pct_sin_educacion":14,"pct_educ_superior":36,"brecha_educ":-33,"pct_sin_seguro":11,"pct_sus":74,"pct_seguro_privado":0,"brecha_seguro":3,"pct_salud_publica":19,"pct_med_tradicional":16,"pct_automedicacion":17,"pct_remedios_caseros":20,"pct_viv_desocupada":0,"pct_alquiler":14,"pct_electricidad":100,"pct_sin_electricidad":0,"pct_agua_red":100,"pct_alcantarillado":43,"pct_camara_septica":29,"pct_pozo_ciego":0,"pct_sin_desague":14,"pct_gas_red":0,"pct_gas_garrafa":100,"pct_lena_guano":0,"pct_basura_formal":29,"pct_basura_quema":71,"pct_basura_informal":0,"pct_internet":71,"pct_celular":86,"pct_televisor":86}},{"type":"Feature","geometry":{"type":"Polygon","coordinates":[[[-68.12258,-13.76718],[-68.1219,-13.76651],[-68.12123,-13.76718],[-68.12194,-13.76784],[-68.12258,-13.76718]]]},"properties":{"n":"IXIAMAS","p":66,"personas_x_ha":60,"masculinidad":100,"pct_menor20":39,"pct_60mas":11,"pct_migrante":27,"dependencia_econ":69,"pct_empleados":49,"pct_cuentapropia":38,"pct_agricultura":13,"pct_comercio":21,"pct_manufactura":26,"pct_construccion":13,"pct_transporte":0,"pct_alojamiento":10,"pct_sin_educacion":0,"pct_educ_superior":10,"brecha_educ":3,"pct_sin_seguro":8,"pct_sus":88,"pct_seguro_privado":0,"brecha_seguro":15,"pct_salud_publica":25,"pct_med_tradicional":18,"pct_automedicacion":12,"pct_remedios_caseros":25,"pct_viv_desocupada":14,"pct_alquiler":19,"pct_electricidad":100,"pct_sin_electricidad":0,"pct_agua_red":88,"pct_alcantarillado":12,"pct_camara_septica":25,"pct_pozo_ciego":56,"pct_sin_desague":0,"pct_gas_red":0,"pct_gas_garrafa":69,"pct_lena_guano":31,"pct_basura_formal":81,"pct_basura_quema":19,"pct_basura_informal":0,"pct_internet":81,"pct_celular":88,"pct_televisor":69}},{"type":"Feature","geometry":{"type":"Polygon","coordinates":[[[-68.12861,-13.76832],[-68.12796,-13.769],[-68.12739,-13.76846],[-68.12806,-13.7678],[-68.12861,-13.76832]]]},"properties":{"n":"IXIAMAS","p":46,"personas_x_ha":53,"masculinidad":119,"pct_menor20":28,"pct_60mas":20,"pct_migrante":65,"dependencia_econ":70,"pct_empleados":26,"pct_cuentapropia":33,"pct_agricultura":15,"pct_comercio":26,"pct_manufactura":0,"pct_construccion":22,"pct_transporte":4,"pct_alojamiento":7,"pct_sin_educacion":0,"pct_educ_superior":30,"brecha_educ":-19,"pct_sin_seguro":11,"pct_sus":85,"pct_seguro_privado":0,"brecha_seguro":-15,"pct_salud_publica":36,"pct_med_tradicional":3,"pct_automedicacion":15,"pct_remedios_caseros":26,"pct_viv_desocupada":0,"pct_alquiler":12,"pct_electricidad":100,"pct_sin_electricidad":0,"pct_agua_red":88,"pct_alcantarillado":12,"pct_camara_septica":81,"pct_pozo_ciego":6,"pct_sin_desague":0,"pct_gas_red":0,"pct_gas_garrafa":94,"pct_lena_guano":6,"pct_basura_formal":94,"pct_basura_quema":6,"pct_basura_informal":0,"pct_internet":50,"pct_celular":81,"pct_televisor":69}},{"type":"Feature","geometry":{"type":"Polygon","coordinates":[[[-68.12813,-13.77119],[-68.12874,-13.771],[-68.12927,-13.77048],[-68.12867,-13.76993],[-68.12767,-13.77091],[-68.12813,-13.77119]]]},"properties":{"n":"IXIAMAS","p":44,"personas_x_ha":37,"masculinidad":159,"pct_menor20":41,"pct_60mas":16,"pct_migrante":64,"dependencia_econ":69,"pct_empleados":42,"pct_cuentapropia":54,"pct_agricultura":42,"pct_comercio":8,"pct_manufactura":8,"pct_construccion":12,"pct_transporte":4,"pct_alojamiento":4,"pct_sin_educacion":4,"pct_educ_superior":23,"brecha_educ":1,"pct_sin_seguro":25,"pct_sus":70,"pct_seguro_privado":0,"brecha_seguro":12,"pct_salud_publica":35,"pct_med_tradicional":10,"pct_automedicacion":16,"pct_remedios_caseros":22,"pct_viv_desocupada":0,"pct_alquiler":25,"pct_electricidad":100,"pct_sin_electricidad":0,"pct_agua_red":88,"pct_alcantarillado":12,"pct_camara_septica":38,"pct_pozo_ciego":50,"pct_sin_desague":0,"pct_gas_red":0,"pct_gas_garrafa":75,"pct_lena_guano":25,"pct_basura_formal":38,"pct_basura_quema":62,"pct_basura_informal":0,"pct_internet":62,"pct_celular":88,"pct_televisor":62}},{"type":"Feature","geometry":{"type":"Polygon","coordinates":[[[-68.13039,-13.77131],[-68.13106,-13.77194],[-68.13172,-13.77127],[-68.13105,-13.77064],[-68.13039,-13.77131]]]},"properties":{"n":"IXIAMAS","p":57,"personas_x_ha":55,"masculinidad":111,"pct_menor20":26,"pct_60mas":18,"pct_migrante":70,"dependencia_econ":65,"pct_empleados":18,"pct_cuentapropia":71,"pct_agricultura":41,"pct_comercio":24,"pct_manufactura":12,"pct_construccion":9,"pct_transporte":6,"pct_alojamiento":3,"pct_sin_educacion":2,"pct_educ_superior":27,"brecha_educ":-6,"pct_sin_seguro":24,"pct_sus":73,"pct_seguro_privado":0,"brecha_seguro":-8,"pct_salud_publica":39,"pct_med_tradicional":3,"pct_automedicacion":22,"pct_remedios_caseros":26,"pct_viv_desocupada":0,"pct_alquiler":11,"pct_electricidad":89,"pct_sin_electricidad":11,"pct_agua_red":89,"pct_alcantarillado":11,"pct_camara_septica":22,"pct_pozo_ciego":33,"pct_sin_desague":11,"pct_gas_red":0,"pct_gas_garrafa":78,"pct_lena_guano":22,"pct_basura_formal":56,"pct_basura_quema":44,"pct_basura_informal":0,"pct_internet":44,"pct_celular":67,"pct_televisor":56}},{"type":"Feature","geometry":{"type":"Polygon","coordinates":[[[-68.12117,-13.76724],[-68.12038,-13.76806],[-68.1196,-13.76736],[-68.11825,-13.76879],[-68.11962,-13.76934],[-68.12012,-13.76868],[-68.12104,-13.76905],[-68.12129,-13.7688],[-68.12116,-13.76864],[-68.12186,-13.7679],[-68.12117,-13.76724]]]},"properties":{"n":"IXIAMAS","p":61,"personas_x_ha":13,"masculinidad":135,"pct_menor20":36,"pct_60mas":13,"pct_migrante":56,"dependencia_econ":74,"pct_empleados":57,"pct_cuentapropia":37,"pct_agricultura":20,"pct_comercio":14,"pct_manufactura":11,"pct_construccion":3,"pct_transporte":3,"pct_alojamiento":6,"pct_sin_educacion":12,"pct_educ_superior":24,"brecha_educ":-10,"pct_sin_seguro":5,"pct_sus":90,"pct_seguro_privado":0,"brecha_seguro":9,"pct_salud_publica":77,"pct_med_tradicional":3,"pct_automedicacion":5,"pct_remedios_caseros":8,"pct_viv_desocupada":18,"pct_alquiler":0,"pct_electricidad":92,"pct_sin_electricidad":8,"pct_agua_red":83,"pct_alcantarillado":0,"pct_camara_septica":25,"pct_pozo_ciego":75,"pct_sin_desague":0,"pct_gas_red":0,"pct_gas_garrafa":83,"pct_lena_guano":17,"pct_basura_formal":50,"pct_basura_quema":50,"pct_basura_informal":0,"pct_internet":67,"pct_celular":83,"pct_televisor":50}},{"type":"Feature","geometry":{"type":"Polygon","coordinates":[[[-68.12107,-13.76421],[-68.12037,-13.76355],[-68.11972,-13.76421],[-68.12039,-13.76485],[-68.12107,-13.76421]]]},"properties":{"n":"IXIAMAS","p":32,"personas_x_ha":30,"masculinidad":78,"pct_menor20":47,"pct_60mas":16,"pct_migrante":69,"dependencia_econ":167,"pct_empleados":42,"pct_cuentapropia":42,"pct_agricultura":17,"pct_comercio":25,"pct_manufactura":17,"pct_construccion":0,"pct_transporte":0,"pct_alojamiento":33,"pct_sin_educacion":0,"pct_educ_superior":0,"brecha_educ":13,"pct_sin_seguro":6,"pct_sus":94,"pct_seguro_privado":0,"brecha_seguro":14,"pct_salud_publica":50,"pct_med_tradicional":13,"pct_automedicacion":0,"pct_remedios_caseros":17,"pct_viv_desocupada":0,"pct_alquiler":12,"pct_electricidad":100,"pct_sin_electricidad":0,"pct_agua_red":100,"pct_alcantarillado":50,"pct_camara_septica":12,"pct_pozo_ciego":38,"pct_sin_desague":0,"pct_gas_red":0,"pct_gas_garrafa":88,"pct_lena_guano":0,"pct_basura_formal":38,"pct_basura_quema":62,"pct_basura_informal":0,"pct_internet":25,"pct_celular":62,"pct_televisor":62}},{"type":"Feature","geometry":{"type":"Polygon","coordinates":[[[-68.12793,-13.76466],[-68.1273,-13.76403],[-68.12664,-13.7647],[-68.12728,-13.76532],[-68.12793,-13.76466]]]},"properties":{"n":"IXIAMAS","p":35,"personas_x_ha":35,"masculinidad":119,"pct_menor20":49,"pct_60mas":0,"pct_migrante":57,"dependencia_econ":112,"pct_empleados":44,"pct_cuentapropia":25,"pct_agricultura":12,"pct_comercio":6,"pct_manufactura":0,"pct_construccion":6,"pct_transporte":6,"pct_alojamiento":12,"pct_sin_educacion":0,"pct_educ_superior":53,"brecha_educ":-12,"pct_sin_seguro":3,"pct_sus":79,"pct_seguro_privado":0,"brecha_seguro":6,"pct_salud_publica":32,"pct_med_tradicional":7,"pct_automedicacion":13,"pct_remedios_caseros":22,"pct_viv_desocupada":18,"pct_alquiler":0,"pct_electricidad":100,"pct_sin_electricidad":0,"pct_agua_red":89,"pct_alcantarillado":0,"pct_camara_septica":89,"pct_pozo_ciego":11,"pct_sin_desague":0,"pct_gas_red":0,"pct_gas_garrafa":100,"pct_lena_guano":0,"pct_basura_formal":78,"pct_basura_quema":22,"pct_basura_informal":0,"pct_internet":100,"pct_celular":100,"pct_televisor":78}},{"type":"Feature","geometry":{"type":"Polygon","coordinates":[[[-68.12358,-13.76789],[-68.12425,-13.76849],[-68.12491,-13.76781],[-68.12421,-13.7672],[-68.12358,-13.76789]]]},"properties":{"n":"IXIAMAS","p":33,"personas_x_ha":32,"masculinidad":120,"pct_menor20":42,"pct_60mas":9,"pct_migrante":48,"dependencia_econ":88,"pct_empleados":24,"pct_cuentapropia":41,"pct_agricultura":35,"pct_comercio":24,"pct_manufactura":0,"pct_construccion":6,"pct_transporte":0,"pct_alojamiento":18,"pct_sin_educacion":0,"pct_educ_superior":32,"brecha_educ":-9,"pct_sin_seguro":28,"pct_sus":62,"pct_seguro_privado":0,"brecha_seguro":15,"pct_salud_publica":25,"pct_med_tradicional":11,"pct_automedicacion":21,"pct_remedios_caseros":27,"pct_viv_desocupada":6,"pct_alquiler":27,"pct_electricidad":100,"pct_sin_electricidad":0,"pct_agua_red":100,"pct_alcantarillado":0,"pct_camara_septica":55,"pct_pozo_ciego":27,"pct_sin_desague":18,"pct_gas_red":0,"pct_gas_garrafa":91,"pct_lena_guano":0,"pct_basura_formal":100,"pct_basura_quema":0,"pct_basura_informal":0,"pct_internet":73,"pct_celular":82,"pct_televisor":82}},{"type":"Feature","geometry":{"type":"Polygon","coordinates":[[[-68.13186,-13.77263],[-68.13122,-13.77205],[-68.13179,-13.77138],[-68.1325,-13.772],[-68.13186,-13.77263]]]},"properties":{"n":"IXIAMAS","p":20,"personas_x_ha":20,"masculinidad":150,"pct_menor20":30,"pct_60mas":15,"pct_migrante":55,"dependencia_econ":100,"pct_empleados":60,"pct_cuentapropia":30,"pct_agricultura":10,"pct_comercio":20,"pct_manufactura":10,"pct_construccion":10,"pct_transporte":10,"pct_alojamiento":30,"pct_sin_educacion":0,"pct_educ_superior":36,"brecha_educ":0,"pct_sin_seguro":5,"pct_sus":95,"pct_seguro_privado":0,"brecha_seguro":8,"pct_salud_publica":28,"pct_med_tradicional":9,"pct_automedicacion":15,"pct_remedios_caseros":28,"pct_viv_desocupada":0,"pct_alquiler":38,"pct_electricidad":100,"pct_sin_electricidad":0,"pct_agua_red":62,"pct_alcantarillado":25,"pct_camara_septica":75,"pct_pozo_ciego":0,"pct_sin_desague":0,"pct_gas_red":0,"pct_gas_garrafa":100,"pct_lena_guano":0,"pct_basura_formal":88,"pct_basura_quema":12,"pct_basura_informal":0,"pct_internet":75,"pct_celular":75,"pct_televisor":75}},{"type":"Feature","geometry":{"type":"Polygon","coordinates":[[[-68.12194,-13.76632],[-68.12128,-13.76567],[-68.12193,-13.76502],[-68.12259,-13.76566],[-68.12194,-13.76632]]]},"properties":{"n":"IXIAMAS","p":27,"personas_x_ha":26,"masculinidad":200,"pct_menor20":52,"pct_60mas":11,"pct_migrante":33,"dependencia_econ":125,"pct_empleados":33,"pct_cuentapropia":42,"pct_agricultura":33,"pct_comercio":8,"pct_manufactura":8,"pct_construccion":25,"pct_transporte":17,"pct_alojamiento":0,"pct_sin_educacion":0,"pct_educ_superior":21,"brecha_educ":-7,"pct_sin_seguro":4,"pct_sus":85,"pct_seguro_privado":0,"brecha_seguro":6,"pct_salud_publica":38,"pct_med_tradicional":9,"pct_automedicacion":11,"pct_remedios_caseros":20,"pct_viv_desocupada":0,"pct_alquiler":11,"pct_electricidad":100,"pct_sin_electricidad":0,"pct_agua_red":100,"pct_alcantarillado":0,"pct_camara_septica":44,"pct_pozo_ciego":56,"pct_sin_desague":0,"pct_gas_red":0,"pct_gas_garrafa":78,"pct_lena_guano":11,"pct_basura_formal":78,"pct_basura_quema":11,"pct_basura_informal":11,"pct_internet":67,"pct_celular":89,"pct_televisor":78}},{"type":"Feature","geometry":{"type":"Polygon","coordinates":[[[-68.13038,-13.76397],[-68.13104,-13.7646],[-68.13042,-13.76526],[-68.12974,-13.7646],[-68.13038,-13.76397]]]},"properties":{"n":"IXIAMAS","p":19,"personas_x_ha":19,"masculinidad":111,"pct_menor20":42,"pct_60mas":11,"pct_migrante":74,"dependencia_econ":80,"pct_empleados":30,"pct_cuentapropia":10,"pct_agricultura":30,"pct_comercio":10,"pct_manufactura":10,"pct_construccion":30,"pct_transporte":10,"pct_alojamiento":0,"pct_sin_educacion":0,"pct_educ_superior":27,"brecha_educ":7,"pct_sin_seguro":0,"pct_sus":94,"pct_seguro_privado":0,"brecha_seguro":0,"pct_salud_publica":39,"pct_med_tradicional":12,"pct_automedicacion":16,"pct_remedios_caseros":24,"pct_viv_desocupada":22,"pct_alquiler":29,"pct_electricidad":100,"pct_sin_electricidad":0,"pct_agua_red":86,"pct_alcantarillado":0,"pct_camara_septica":57,"pct_pozo_ciego":43,"pct_sin_desague":0,"pct_gas_red":0,"pct_gas_garrafa":100,"pct_lena_guano":0,"pct_basura_formal":71,"pct_basura_quema":29,"pct_basura_informal":0,"pct_internet":86,"pct_celular":100,"pct_televisor":71}},{"type":"Feature","geometry":{"type":"Polygon","coordinates":[[[-68.12642,-13.76474],[-68.12574,-13.76409],[-68.1251,-13.7648],[-68.12577,-13.76542],[-68.12642,-13.76474]]]},"properties":{"n":"IXIAMAS","p":30,"personas_x_ha":28,"masculinidad":88,"pct_menor20":23,"pct_60mas":7,"pct_migrante":60,"dependencia_econ":88,"pct_empleados":31,"pct_cuentapropia":44,"pct_agricultura":31,"pct_comercio":19,"pct_manufactura":6,"pct_construccion":12,"pct_transporte":6,"pct_alojamiento":6,"pct_sin_educacion":0,"pct_educ_superior":35,"brecha_educ":-16,"pct_sin_seguro":20,"pct_sus":80,"pct_seguro_privado":0,"brecha_seguro":-11,"pct_salud_publica":26,"pct_med_tradicional":8,"pct_automedicacion":25,"pct_remedios_caseros":28,"pct_viv_desocupada":0,"pct_alquiler":25,"pct_electricidad":100,"pct_sin_electricidad":0,"pct_agua_red":88,"pct_alcantarillado":12,"pct_camara_septica":50,"pct_pozo_ciego":38,"pct_sin_desague":0,"pct_gas_red":0,"pct_gas_garrafa":88,"pct_lena_guano":12,"pct_basura_formal":50,"pct_basura_quema":50,"pct_basura_informal":0,"pct_internet":75,"pct_celular":88,"pct_televisor":88}},{"type":"Feature","geometry":{"type":"Polygon","coordinates":[[[-68.12872,-13.7654],[-68.12804,-13.76473],[-68.12738,-13.76545],[-68.12806,-13.76608],[-68.12872,-13.7654]]]},"properties":{"n":"IXIAMAS","p":20,"personas_x_ha":18,"masculinidad":67,"pct_menor20":50,"pct_60mas":0,"pct_migrante":75,"dependencia_econ":100,"pct_empleados":30,"pct_cuentapropia":60,"pct_agricultura":10,"pct_comercio":30,"pct_manufactura":0,"pct_construccion":20,"pct_transporte":0,"pct_alojamiento":20,"pct_sin_educacion":0,"pct_educ_superior":10,"brecha_educ":0,"pct_sin_seguro":5,"pct_sus":75,"pct_seguro_privado":0,"brecha_seguro":12,"pct_salud_publica":33,"pct_med_tradicional":10,"pct_automedicacion":12,"pct_remedios_caseros":31,"pct_viv_desocupada":8,"pct_alquiler":43,"pct_electricidad":100,"pct_sin_electricidad":0,"pct_agua_red":86,"pct_alcantarillado":0,"pct_camara_septica":43,"pct_pozo_ciego":43,"pct_sin_desague":14,"pct_gas_red":0,"pct_gas_garrafa":100,"pct_lena_guano":0,"pct_basura_formal":71,"pct_basura_quema":29,"pct_basura_informal":0,"pct_internet":71,"pct_celular":86,"pct_televisor":100}},{"type":"Feature","geometry":{"type":"Polygon","coordinates":[[[-68.13931,-13.76932],[-68.13834,-13.76952],[-68.13853,-13.77057],[-68.1395,-13.77035],[-68.13931,-13.76932]]]},"properties":{"n":"IXIAMAS","p":15,"personas_x_ha":12,"masculinidad":114,"pct_menor20":47,"pct_60mas":7,"pct_migrante":47,"dependencia_econ":150,"pct_empleados":50,"pct_cuentapropia":50,"pct_agricultura":17,"pct_comercio":0,"pct_manufactura":33,"pct_construccion":17,"pct_transporte":0,"pct_alojamiento":17,"pct_sin_educacion":25,"pct_educ_superior":12,"brecha_educ":25,"pct_sin_seguro":20,"pct_sus":73,"pct_seguro_privado":0,"brecha_seguro":38,"pct_salud_publica":24,"pct_med_tradicional":2,"pct_automedicacion":22,"pct_remedios_caseros":29,"pct_viv_desocupada":22,"pct_alquiler":0,"pct_electricidad":100,"pct_sin_electricidad":0,"pct_agua_red":80,"pct_alcantarillado":20,"pct_camara_septica":20,"pct_pozo_ciego":60,"pct_sin_desague":0,"pct_gas_red":0,"pct_gas_garrafa":100,"pct_lena_guano":0,"pct_basura_formal":60,"pct_basura_quema":40,"pct_basura_informal":0,"pct_internet":80,"pct_celular":80,"pct_televisor":40}},{"type":"Feature","geometry":{"type":"Polygon","coordinates":[[[-68.1276,-13.77935],[-68.12826,-13.78106],[-68.12834,-13.78109],[-68.12898,-13.77951],[-68.13054,-13.77505],[-68.12737,-13.77448],[-68.12685,-13.77463],[-68.1276,-13.77935]]]},"properties":{"n":"IXIAMAS","p":20,"personas_x_ha":1,"masculinidad":150,"pct_menor20":25,"pct_60mas":10,"pct_migrante":85,"dependencia_econ":46,"pct_empleados":38,"pct_cuentapropia":62,"pct_agricultura":0,"pct_comercio":38,"pct_manufactura":15,"pct_construccion":0,"pct_transporte":23,"pct_alojamiento":8,"pct_sin_educacion":7,"pct_educ_superior":29,"brecha_educ":8,"pct_sin_seguro":42,"pct_sus":58,"pct_seguro_privado":0,"brecha_seguro":30,"pct_salud_publica":19,"pct_med_tradicional":6,"pct_automedicacion":17,"pct_remedios_caseros":25,"pct_viv_desocupada":0,"pct_alquiler":12,"pct_electricidad":100,"pct_sin_electricidad":0,"pct_agua_red":100,"pct_alcantarillado":0,"pct_camara_septica":12,"pct_pozo_ciego":88,"pct_sin_desague":0,"pct_gas_red":0,"pct_gas_garrafa":100,"pct_lena_guano":0,"pct_basura_formal":50,"pct_basura_quema":50,"pct_basura_informal":0,"pct_internet":100,"pct_celular":100,"pct_televisor":88}},{"type":"Feature","geometry":{"type":"Polygon","coordinates":[[[-68.12393,-13.77355],[-68.12577,-13.77398],[-68.126,-13.77301],[-68.12366,-13.7722],[-68.12345,-13.77323],[-68.12393,-13.77355]]]},"properties":{"n":"IXIAMAS","p":20,"personas_x_ha":6,"masculinidad":186,"pct_menor20":45,"pct_60mas":15,"pct_migrante":40,"dependencia_econ":186,"pct_empleados":14,"pct_cuentapropia":43,"pct_agricultura":57,"pct_comercio":14,"pct_manufactura":0,"pct_construccion":0,"pct_transporte":0,"pct_alojamiento":0,"pct_sin_educacion":0,"pct_educ_superior":0,"brecha_educ":-3,"pct_sin_seguro":30,"pct_sus":70,"pct_seguro_privado":0,"brecha_seguro":46,"pct_salud_publica":21,"pct_med_tradicional":25,"pct_automedicacion":25,"pct_remedios_caseros":26,"pct_viv_desocupada":0,"pct_alquiler":17,"pct_electricidad":83,"pct_sin_electricidad":17,"pct_agua_red":33,"pct_alcantarillado":0,"pct_camara_septica":17,"pct_pozo_ciego":67,"pct_sin_desague":17,"pct_gas_red":0,"pct_gas_garrafa":67,"pct_lena_guano":17,"pct_basura_formal":17,"pct_basura_quema":83,"pct_basura_informal":0,"pct_internet":83,"pct_celular":100,"pct_televisor":67}},{"type":"Feature","geometry":{"type":"Polygon","coordinates":[[[-68.1317,-13.76976],[-68.13105,-13.76911],[-68.13038,-13.76976],[-68.13104,-13.77042],[-68.1317,-13.76976]]]},"properties":{"n":"IXIAMAS","p":34,"personas_x_ha":33,"masculinidad":79,"pct_menor20":50,"pct_60mas":12,"pct_migrante":38,"dependencia_econ":143,"pct_empleados":21,"pct_cuentapropia":79,"pct_agricultura":14,"pct_comercio":14,"pct_manufactura":14,"pct_construccion":21,"pct_transporte":21,"pct_alojamiento":7,"pct_sin_educacion":6,"pct_educ_superior":17,"brecha_educ":5,"pct_sin_seguro":6,"pct_sus":88,"pct_seguro_privado":0,"brecha_seguro":1,"pct_salud_publica":29,"pct_med_tradicional":10,"pct_automedicacion":28,"pct_remedios_caseros":29,"pct_viv_desocupada":11,"pct_alquiler":14,"pct_electricidad":100,"pct_sin_electricidad":0,"pct_agua_red":71,"pct_alcantarillado":14,"pct_camara_septica":14,"pct_pozo_ciego":71,"pct_sin_desague":0,"pct_gas_red":0,"pct_gas_garrafa":100,"pct_lena_guano":0,"pct_basura_formal":100,"pct_basura_quema":0,"pct_basura_informal":0,"pct_internet":86,"pct_celular":86,"pct_televisor":86}},{"type":"Feature","geometry":{"type":"Polygon","coordinates":[[[-68.13335,-13.76956],[-68.134,-13.76888],[-68.13334,-13.76826],[-68.13269,-13.76892],[-68.13335,-13.76956]]]},"properties":{"n":"IXIAMAS","p":41,"personas_x_ha":40,"masculinidad":78,"pct_menor20":66,"pct_60mas":2,"pct_migrante":61,"dependencia_econ":173,"pct_empleados":47,"pct_cuentapropia":47,"pct_agricultura":20,"pct_comercio":13,"pct_manufactura":47,"pct_construccion":13,"pct_transporte":0,"pct_alojamiento":0,"pct_sin_educacion":0,"pct_educ_superior":0,"brecha_educ":-2,"pct_sin_seguro":24,"pct_sus":76,"pct_seguro_privado":0,"brecha_seguro":-14,"pct_salud_publica":26,"pct_med_tradicional":10,"pct_automedicacion":22,"pct_remedios_caseros":23,"pct_viv_desocupada":8,"pct_alquiler":50,"pct_electricidad":100,"pct_sin_electricidad":0,"pct_agua_red":100,"pct_alcantarillado":0,"pct_camara_septica":70,"pct_pozo_ciego":30,"pct_sin_desague":0,"pct_gas_red":0,"pct_gas_garrafa":100,"pct_lena_guano":0,"pct_basura_formal":80,"pct_basura_quema":20,"pct_basura_informal":0,"pct_internet":80,"pct_celular":90,"pct_televisor":70}},{"type":"Feature","geometry":{"type":"Polygon","coordinates":[[[-68.12809,-13.7676],[-68.12743,-13.76695],[-68.12807,-13.76633],[-68.12876,-13.76695],[-68.12809,-13.7676]]]},"properties":{"n":"IXIAMAS","p":31,"personas_x_ha":30,"masculinidad":210,"pct_menor20":39,"pct_60mas":13,"pct_migrante":58,"dependencia_econ":100,"pct_empleados":53,"pct_cuentapropia":20,"pct_agricultura":27,"pct_comercio":13,"pct_manufactura":27,"pct_construccion":13,"pct_transporte":0,"pct_alojamiento":7,"pct_sin_educacion":0,"pct_educ_superior":26,"brecha_educ":-19,"pct_sin_seguro":30,"pct_sus":67,"pct_seguro_privado":0,"brecha_seguro":15,"pct_salud_publica":26,"pct_med_tradicional":15,"pct_automedicacion":16,"pct_remedios_caseros":15,"pct_viv_desocupada":0,"pct_alquiler":20,"pct_electricidad":100,"pct_sin_electricidad":0,"pct_agua_red":100,"pct_alcantarillado":0,"pct_camara_septica":70,"pct_pozo_ciego":30,"pct_sin_desague":0,"pct_gas_red":0,"pct_gas_garrafa":100,"pct_lena_guano":0,"pct_basura_formal":80,"pct_basura_quema":20,"pct_basura_informal":0,"pct_internet":90,"pct_celular":90,"pct_televisor":90}},{"type":"Feature","geometry":{"type":"Polygon","coordinates":[[[-68.1244,-13.77002],[-68.12504,-13.77059],[-68.12564,-13.76998],[-68.12501,-13.7694],[-68.1244,-13.77002]]]},"properties":{"n":"IXIAMAS","p":35,"personas_x_ha":39,"masculinidad":169,"pct_menor20":34,"pct_60mas":17,"pct_migrante":46,"dependencia_econ":119,"pct_empleados":31,"pct_cuentapropia":62,"pct_agricultura":12,"pct_comercio":19,"pct_manufactura":12,"pct_construccion":19,"pct_transporte":0,"pct_alojamiento":0,"pct_sin_educacion":0,"pct_educ_superior":22,"brecha_educ":-8,"pct_sin_seguro":12,"pct_sus":82,"pct_seguro_privado":0,"brecha_seguro":5,"pct_salud_publica":27,"pct_med_tradicional":9,"pct_automedicacion":18,"pct_remedios_caseros":17,"pct_viv_desocupada":17,"pct_alquiler":10,"pct_electricidad":100,"pct_sin_electricidad":0,"pct_agua_red":80,"pct_alcantarillado":20,"pct_camara_septica":0,"pct_pozo_ciego":80,"pct_sin_desague":0,"pct_gas_red":0,"pct_gas_garrafa":90,"pct_lena_guano":10,"pct_basura_formal":70,"pct_basura_quema":30,"pct_basura_informal":0,"pct_internet":70,"pct_celular":80,"pct_televisor":80}},{"type":"Feature","geometry":{"type":"Polygon","coordinates":[[[-68.12411,-13.76558],[-68.12342,-13.76493],[-68.12278,-13.76559],[-68.12346,-13.76624],[-68.12411,-13.76558]]]},"properties":{"n":"IXIAMAS","p":31,"personas_x_ha":29,"masculinidad":82,"pct_menor20":29,"pct_60mas":10,"pct_migrante":81,"dependencia_econ":82,"pct_empleados":35,"pct_cuentapropia":41,"pct_agricultura":18,"pct_comercio":6,"pct_manufactura":0,"pct_construccion":47,"pct_transporte":0,"pct_alojamiento":18,"pct_sin_educacion":9,"pct_educ_superior":17,"brecha_educ":-2,"pct_sin_seguro":13,"pct_sus":87,"pct_seguro_privado":0,"brecha_seguro":31,"pct_salud_publica":37,"pct_med_tradicional":9,"pct_automedicacion":23,"pct_remedios_caseros":24,"pct_viv_desocupada":12,"pct_alquiler":17,"pct_electricidad":100,"pct_sin_electricidad":0,"pct_agua_red":100,"pct_alcantarillado":8,"pct_camara_septica":50,"pct_pozo_ciego":42,"pct_sin_desague":0,"pct_gas_red":0,"pct_gas_garrafa":83,"pct_lena_guano":8,"pct_basura_formal":50,"pct_basura_quema":50,"pct_basura_informal":0,"pct_internet":83,"pct_celular":83,"pct_televisor":58}},{"type":"Feature","geometry":{"type":"Polygon","coordinates":[[[-68.12356,-13.76483],[-68.12424,-13.76546],[-68.12491,-13.76481],[-68.1242,-13.76416],[-68.12356,-13.76483]]]},"properties":{"n":"IXIAMAS","p":52,"personas_x_ha":49,"masculinidad":126,"pct_menor20":37,"pct_60mas":8,"pct_migrante":35,"dependencia_econ":79,"pct_empleados":48,"pct_cuentapropia":34,"pct_agricultura":38,"pct_comercio":14,"pct_manufactura":17,"pct_construccion":17,"pct_transporte":0,"pct_alojamiento":0,"pct_sin_educacion":0,"pct_educ_superior":3,"brecha_educ":-16,"pct_sin_seguro":11,"pct_sus":89,"pct_seguro_privado":0,"brecha_seguro":0,"pct_salud_publica":26,"pct_med_tradicional":13,"pct_automedicacion":18,"pct_remedios_caseros":26,"pct_viv_desocupada":0,"pct_alquiler":27,"pct_electricidad":100,"pct_sin_electricidad":0,"pct_agua_red":27,"pct_alcantarillado":7,"pct_camara_septica":33,"pct_pozo_ciego":53,"pct_sin_desague":7,"pct_gas_red":0,"pct_gas_garrafa":87,"pct_lena_guano":13,"pct_basura_formal":73,"pct_basura_quema":20,"pct_basura_informal":0,"pct_internet":80,"pct_celular":87,"pct_televisor":73}},{"type":"Feature","geometry":{"type":"Polygon","coordinates":[[[-68.14739,-13.76944],[-68.14698,-13.77056],[-68.14833,-13.77131],[-68.1494,-13.76943],[-68.14772,-13.76847],[-68.14741,-13.7694],[-68.14806,-13.76976],[-68.14739,-13.76944]]]},"properties":{"n":"IXIAMAS","p":21,"personas_x_ha":5,"masculinidad":200,"pct_menor20":38,"pct_60mas":10,"pct_migrante":76,"dependencia_econ":62,"pct_empleados":38,"pct_cuentapropia":23,"pct_agricultura":15,"pct_comercio":15,"pct_manufactura":38,"pct_construccion":8,"pct_transporte":0,"pct_alojamiento":15,"pct_sin_educacion":0,"pct_educ_superior":23,"brecha_educ":-7,"pct_sin_seguro":24,"pct_sus":76,"pct_seguro_privado":0,"brecha_seguro":14,"pct_salud_publica":27,"pct_med_tradicional":2,"pct_automedicacion":35,"pct_remedios_caseros":32,"pct_viv_desocupada":0,"pct_alquiler":0,"pct_electricidad":100,"pct_sin_electricidad":0,"pct_agua_red":100,"pct_alcantarillado":14,"pct_camara_septica":57,"pct_pozo_ciego":29,"pct_sin_desague":0,"pct_gas_red":14,"pct_gas_garrafa":29,"pct_lena_guano":43,"pct_basura_formal":0,"pct_basura_quema":100,"pct_basura_informal":0,"pct_internet":86,"pct_celular":86,"pct_televisor":29}},{"type":"Feature","geometry":{"type":"Polygon","coordinates":[[[-68.12895,-13.77198],[-68.12945,-13.77193],[-68.13015,-13.7713],[-68.12945,-13.77063],[-68.12917,-13.77092],[-68.12836,-13.77122],[-68.12829,-13.77165],[-68.12895,-13.77198]]]},"properties":{"n":"IXIAMAS","p":38,"personas_x_ha":22,"masculinidad":192,"pct_menor20":24,"pct_60mas":11,"pct_migrante":82,"dependencia_econ":73,"pct_empleados":23,"pct_cuentapropia":55,"pct_agricultura":59,"pct_comercio":18,"pct_manufactura":9,"pct_construccion":0,"pct_transporte":0,"pct_alojamiento":5,"pct_sin_educacion":0,"pct_educ_superior":17,"brecha_educ":-3,"pct_sin_seguro":24,"pct_sus":74,"pct_seguro_privado":0,"brecha_seguro":13,"pct_salud_publica":28,"pct_med_tradicional":5,"pct_automedicacion":26,"pct_remedios_caseros":27,"pct_viv_desocupada":0,"pct_alquiler":14,"pct_electricidad":100,"pct_sin_electricidad":0,"pct_agua_red":43,"pct_alcantarillado":29,"pct_camara_septica":14,"pct_pozo_ciego":43,"pct_sin_desague":14,"pct_gas_red":0,"pct_gas_garrafa":86,"pct_lena_guano":14,"pct_basura_formal":29,"pct_basura_quema":71,"pct_basura_informal":0,"pct_internet":71,"pct_celular":86,"pct_televisor":29}},{"type":"Feature","geometry":{"type":"Polygon","coordinates":[[[-68.13178,-13.76528],[-68.13114,-13.76593],[-68.13181,-13.76657],[-68.13246,-13.76592],[-68.13178,-13.76528]]]},"properties":{"n":"IXIAMAS","p":26,"personas_x_ha":25,"masculinidad":53,"pct_menor20":58,"pct_60mas":4,"pct_migrante":54,"dependencia_econ":178,"pct_empleados":22,"pct_cuentapropia":44,"pct_agricultura":11,"pct_comercio":33,"pct_manufactura":11,"pct_construccion":0,"pct_transporte":22,"pct_alojamiento":22,"pct_sin_educacion":0,"pct_educ_superior":20,"brecha_educ":8,"pct_sin_seguro":8,"pct_sus":92,"pct_seguro_privado":0,"brecha_seguro":-12,"pct_salud_publica":33,"pct_med_tradicional":12,"pct_automedicacion":19,"pct_remedios_caseros":31,"pct_viv_desocupada":0,"pct_alquiler":0,"pct_electricidad":100,"pct_sin_electricidad":0,"pct_agua_red":67,"pct_alcantarillado":0,"pct_camara_septica":67,"pct_pozo_ciego":17,"pct_sin_desague":0,"pct_gas_red":0,"pct_gas_garrafa":100,"pct_lena_guano":0,"pct_basura_formal":67,"pct_basura_quema":33,"pct_basura_informal":0,"pct_internet":67,"pct_celular":100,"pct_televisor":83}},{"type":"Feature","geometry":{"type":"Polygon","coordinates":[[[-68.108,-13.75782],[-68.10867,-13.75711],[-68.10796,-13.75647],[-68.10728,-13.75719],[-68.108,-13.75782]]]},"properties":{"n":"IXIAMAS","p":24,"personas_x_ha":21,"masculinidad":100,"pct_menor20":54,"pct_60mas":0,"pct_migrante":29,"dependencia_econ":200,"pct_empleados":50,"pct_cuentapropia":12,"pct_agricultura":38,"pct_comercio":12,"pct_manufactura":12,"pct_construccion":0,"pct_transporte":0,"pct_alojamiento":25,"pct_sin_educacion":0,"pct_educ_superior":9,"brecha_educ":-14,"pct_sin_seguro":4,"pct_sus":75,"pct_seguro_privado":0,"brecha_seguro":-8,"pct_salud_publica":92,"pct_med_tradicional":0,"pct_automedicacion":0,"pct_remedios_caseros":0,"pct_viv_desocupada":30,"pct_alquiler":14,"pct_electricidad":100,"pct_sin_electricidad":0,"pct_agua_red":86,"pct_alcantarillado":14,"pct_camara_septica":14,"pct_pozo_ciego":71,"pct_sin_desague":0,"pct_gas_red":0,"pct_gas_garrafa":100,"pct_lena_guano":0,"pct_basura_formal":29,"pct_basura_quema":57,"pct_basura_informal":14,"pct_internet":57,"pct_celular":71,"pct_televisor":57}},{"type":"Feature","geometry":{"type":"Polygon","coordinates":[[[-68.12502,-13.76771],[-68.12566,-13.76703],[-68.125,-13.76641],[-68.12434,-13.76706],[-68.12502,-13.76771]]]},"properties":{"n":"IXIAMAS","p":38,"personas_x_ha":37,"masculinidad":90,"pct_menor20":16,"pct_60mas":18,"pct_migrante":47,"dependencia_econ":31,"pct_empleados":10,"pct_cuentapropia":62,"pct_agricultura":34,"pct_comercio":0,"pct_manufactura":3,"pct_construccion":3,"pct_transporte":7,"pct_alojamiento":7,"pct_sin_educacion":0,"pct_educ_superior":47,"brecha_educ":-1,"pct_sin_seguro":11,"pct_sus":68,"pct_seguro_privado":3,"brecha_seguro":1,"pct_salud_publica":39,"pct_med_tradicional":5,"pct_automedicacion":16,"pct_remedios_caseros":16,"pct_viv_desocupada":15,"pct_alquiler":12,"pct_electricidad":100,"pct_sin_electricidad":0,"pct_agua_red":100,"pct_alcantarillado":35,"pct_camara_septica":53,"pct_pozo_ciego":0,"pct_sin_desague":12,"pct_gas_red":0,"pct_gas_garrafa":88,"pct_lena_guano":6,"pct_basura_formal":88,"pct_basura_quema":12,"pct_basura_informal":0,"pct_internet":59,"pct_celular":65,"pct_televisor":53}},{"type":"Feature","geometry":{"type":"Polygon","coordinates":[[[-68.1089,-13.75861],[-68.10955,-13.75923],[-68.11021,-13.75855],[-68.10956,-13.75794],[-68.1089,-13.75861]]]},"properties":{"n":"IXIAMAS","p":25,"personas_x_ha":25,"masculinidad":150,"pct_menor20":52,"pct_60mas":4,"pct_migrante":60,"dependencia_econ":212,"pct_empleados":62,"pct_cuentapropia":25,"pct_agricultura":62,"pct_comercio":12,"pct_manufactura":0,"pct_construccion":12,"pct_transporte":0,"pct_alojamiento":0,"pct_sin_educacion":0,"pct_educ_superior":8,"brecha_educ":17,"pct_sin_seguro":0,"pct_sus":100,"pct_seguro_privado":0,"brecha_seguro":0,"pct_salud_publica":28,"pct_med_tradicional":2,"pct_automedicacion":26,"pct_remedios_caseros":27,"pct_viv_desocupada":20,"pct_alquiler":0,"pct_electricidad":83,"pct_sin_electricidad":17,"pct_agua_red":67,"pct_alcantarillado":0,"pct_camara_septica":0,"pct_pozo_ciego":100,"pct_sin_desague":0,"pct_gas_red":0,"pct_gas_garrafa":83,"pct_lena_guano":17,"pct_basura_formal":0,"pct_basura_quema":100,"pct_basura_informal":0,"pct_internet":33,"pct_celular":50,"pct_televisor":50}},{"type":"Feature","geometry":{"type":"Polygon","coordinates":[[[-68.13361,-13.77006],[-68.13403,-13.77044],[-68.13339,-13.77108],[-68.13272,-13.77044],[-68.13334,-13.76981],[-68.13359,-13.77004],[-68.13341,-13.77023],[-68.13361,-13.77006]]]},"properties":{"n":"IXIAMAS","p":78,"personas_x_ha":78,"masculinidad":144,"pct_menor20":18,"pct_60mas":12,"pct_migrante":88,"dependencia_econ":31,"pct_empleados":25,"pct_cuentapropia":63,"pct_agricultura":42,"pct_comercio":22,"pct_manufactura":8,"pct_construccion":5,"pct_transporte":2,"pct_alojamiento":0,"pct_sin_educacion":3,"pct_educ_superior":17,"brecha_educ":0,"pct_sin_seguro":34,"pct_sus":48,"pct_seguro_privado":0,"brecha_seguro":24,"pct_salud_publica":21,"pct_med_tradicional":18,"pct_automedicacion":14,"pct_remedios_caseros":24,"pct_viv_desocupada":11,"pct_alquiler":46,"pct_electricidad":100,"pct_sin_electricidad":0,"pct_agua_red":100,"pct_alcantarillado":38,"pct_camara_septica":62,"pct_pozo_ciego":0,"pct_sin_desague":0,"pct_gas_red":0,"pct_gas_garrafa":92,"pct_lena_guano":0,"pct_basura_formal":85,"pct_basura_quema":15,"pct_basura_informal":0,"pct_internet":85,"pct_celular":92,"pct_televisor":54}},{"type":"Feature","geometry":{"type":"Polygon","coordinates":[[[-68.1196,-13.76563],[-68.12028,-13.76497],[-68.11961,-13.76432],[-68.11892,-13.76495],[-68.1196,-13.76563]]]},"properties":{"n":"IXIAMAS","p":50,"personas_x_ha":47,"masculinidad":100,"pct_menor20":58,"pct_60mas":2,"pct_migrante":44,"dependencia_econ":172,"pct_empleados":50,"pct_cuentapropia":28,"pct_agricultura":33,"pct_comercio":39,"pct_manufactura":11,"pct_construccion":0,"pct_transporte":0,"pct_alojamiento":6,"pct_sin_educacion":5,"pct_educ_superior":38,"brecha_educ":-26,"pct_sin_seguro":12,"pct_sus":69,"pct_seguro_privado":0,"brecha_seguro":9,"pct_salud_publica":56,"pct_med_tradicional":3,"pct_automedicacion":3,"pct_remedios_caseros":13,"pct_viv_desocupada":0,"pct_alquiler":17,"pct_electricidad":92,"pct_sin_electricidad":8,"pct_agua_red":92,"pct_alcantarillado":17,"pct_camara_septica":33,"pct_pozo_ciego":42,"pct_sin_desague":0,"pct_gas_red":0,"pct_gas_garrafa":92,"pct_lena_guano":8,"pct_basura_formal":75,"pct_basura_quema":25,"pct_basura_informal":0,"pct_internet":58,"pct_celular":92,"pct_televisor":75}},{"type":"Feature","geometry":{"type":"Polygon","coordinates":[[[-68.12725,-13.77831],[-68.12563,-13.77852],[-68.12555,-13.77859],[-68.12554,-13.77877],[-68.12622,-13.77923],[-68.12671,-13.77988],[-68.12752,-13.7796],[-68.12725,-13.77831]]]},"properties":{"n":"IXIAMAS","p":21,"personas_x_ha":9,"masculinidad":62,"pct_menor20":29,"pct_60mas":10,"pct_migrante":76,"dependencia_econ":31,"pct_empleados":44,"pct_cuentapropia":44,"pct_agricultura":19,"pct_comercio":44,"pct_manufactura":6,"pct_construccion":6,"pct_transporte":6,"pct_alojamiento":6,"pct_sin_educacion":0,"pct_educ_superior":12,"brecha_educ":-21,"pct_sin_seguro":14,"pct_sus":81,"pct_seguro_privado":5,"brecha_seguro":17,"pct_salud_publica":61,"pct_med_tradicional":0,"pct_automedicacion":10,"pct_remedios_caseros":6,"pct_viv_desocupada":0,"pct_alquiler":45,"pct_electricidad":100,"pct_sin_electricidad":0,"pct_agua_red":100,"pct_alcantarillado":18,"pct_camara_septica":36,"pct_pozo_ciego":45,"pct_sin_desague":0,"pct_gas_red":0,"pct_gas_garrafa":100,"pct_lena_guano":0,"pct_basura_formal":55,"pct_basura_quema":45,"pct_basura_informal":0,"pct_internet":36,"pct_celular":73,"pct_televisor":64}},{"type":"Feature","geometry":{"type":"Polygon","coordinates":[[[-68.12575,-13.77837],[-68.12717,-13.7782],[-68.127,-13.77727],[-68.1259,-13.77742],[-68.12568,-13.77828],[-68.12575,-13.77837]]]},"properties":{"n":"IXIAMAS","p":27,"personas_x_ha":18,"masculinidad":125,"pct_menor20":70,"pct_60mas":0,"pct_migrante":41,"dependencia_econ":575,"pct_empleados":25,"pct_cuentapropia":75,"pct_agricultura":50,"pct_comercio":0,"pct_manufactura":0,"pct_construccion":0,"pct_transporte":0,"pct_alojamiento":25,"pct_sin_educacion":0,"pct_educ_superior":0,"brecha_educ":-38,"pct_sin_seguro":0,"pct_sus":100,"pct_seguro_privado":0,"brecha_seguro":0,"pct_salud_publica":79,"pct_med_tradicional":0,"pct_automedicacion":0,"pct_remedios_caseros":0,"pct_viv_desocupada":0,"pct_alquiler":14,"pct_electricidad":100,"pct_sin_electricidad":0,"pct_agua_red":100,"pct_alcantarillado":14,"pct_camara_septica":43,"pct_pozo_ciego":14,"pct_sin_desague":0,"pct_gas_red":0,"pct_gas_garrafa":86,"pct_lena_guano":14,"pct_basura_formal":86,"pct_basura_quema":14,"pct_basura_informal":0,"pct_internet":29,"pct_celular":57,"pct_televisor":71}},{"type":"Feature","geometry":{"type":"Polygon","coordinates":[[[-68.12117,-13.76559],[-68.12182,-13.76493],[-68.12117,-13.7643],[-68.1205,-13.76495],[-68.12117,-13.76559]]]},"properties":{"n":"IXIAMAS","p":40,"personas_x_ha":39,"masculinidad":82,"pct_menor20":55,"pct_60mas":8,"pct_migrante":38,"dependencia_econ":208,"pct_empleados":46,"pct_cuentapropia":54,"pct_agricultura":23,"pct_comercio":15,"pct_manufactura":15,"pct_construccion":0,"pct_transporte":0,"pct_alojamiento":0,"pct_sin_educacion":6,"pct_educ_superior":22,"brecha_educ":-23,"pct_sin_seguro":13,"pct_sus":76,"pct_seguro_privado":0,"brecha_seguro":-3,"pct_salud_publica":36,"pct_med_tradicional":14,"pct_automedicacion":4,"pct_remedios_caseros":32,"pct_viv_desocupada":0,"pct_alquiler":0,"pct_electricidad":100,"pct_sin_electricidad":0,"pct_agua_red":89,"pct_alcantarillado":33,"pct_camara_septica":67,"pct_pozo_ciego":0,"pct_sin_desague":0,"pct_gas_red":0,"pct_gas_garrafa":100,"pct_lena_guano":0,"pct_basura_formal":100,"pct_basura_quema":0,"pct_basura_informal":0,"pct_internet":89,"pct_celular":89,"pct_televisor":78}},{"type":"Feature","geometry":{"type":"Polygon","coordinates":[[[-68.12726,-13.76983],[-68.12789,-13.77041],[-68.12854,-13.76975],[-68.12794,-13.76917],[-68.12726,-13.76983]]]},"properties":{"n":"IXIAMAS","p":60,"personas_x_ha":64,"masculinidad":140,"pct_menor20":17,"pct_60mas":5,"pct_migrante":72,"dependencia_econ":36,"pct_empleados":36,"pct_cuentapropia":45,"pct_agricultura":20,"pct_comercio":18,"pct_manufactura":7,"pct_construccion":11,"pct_transporte":5,"pct_alojamiento":5,"pct_sin_educacion":0,"pct_educ_superior":49,"brecha_educ":-6,"pct_sin_seguro":23,"pct_sus":68,"pct_seguro_privado":0,"brecha_seguro":-15,"pct_salud_publica":29,"pct_med_tradicional":14,"pct_automedicacion":14,"pct_remedios_caseros":20,"pct_viv_desocupada":0,"pct_alquiler":17,"pct_electricidad":100,"pct_sin_electricidad":0,"pct_agua_red":100,"pct_alcantarillado":8,"pct_camara_septica":17,"pct_pozo_ciego":75,"pct_sin_desague":0,"pct_gas_red":0,"pct_gas_garrafa":83,"pct_lena_guano":8,"pct_basura_formal":92,"pct_basura_quema":8,"pct_basura_informal":0,"pct_internet":67,"pct_celular":92,"pct_televisor":83}},{"type":"Feature","geometry":{"type":"Polygon","coordinates":[[[-68.12512,-13.7693],[-68.12578,-13.76994],[-68.12642,-13.76928],[-68.12575,-13.76864],[-68.12512,-13.7693]]]},"properties":{"n":"IXIAMAS","p":69,"personas_x_ha":68,"masculinidad":138,"pct_menor20":39,"pct_60mas":12,"pct_migrante":58,"dependencia_econ":119,"pct_empleados":52,"pct_cuentapropia":45,"pct_agricultura":13,"pct_comercio":10,"pct_manufactura":13,"pct_construccion":10,"pct_transporte":6,"pct_alojamiento":6,"pct_sin_educacion":0,"pct_educ_superior":31,"brecha_educ":1,"pct_sin_seguro":13,"pct_sus":69,"pct_seguro_privado":3,"brecha_seguro":10,"pct_salud_publica":24,"pct_med_tradicional":14,"pct_automedicacion":17,"pct_remedios_caseros":22,"pct_viv_desocupada":0,"pct_alquiler":18,"pct_electricidad":100,"pct_sin_electricidad":0,"pct_agua_red":88,"pct_alcantarillado":12,"pct_camara_septica":35,"pct_pozo_ciego":47,"pct_sin_desague":6,"pct_gas_red":0,"pct_gas_garrafa":100,"pct_lena_guano":0,"pct_basura_formal":100,"pct_basura_quema":0,"pct_basura_informal":0,"pct_internet":94,"pct_celular":100,"pct_televisor":76}},{"type":"Feature","geometry":{"type":"Polygon","coordinates":[[[-68.1294,-13.76906],[-68.1287,-13.76839],[-68.12804,-13.76905],[-68.12873,-13.76972],[-68.1294,-13.76906]]]},"properties":{"n":"IXIAMAS","p":52,"personas_x_ha":48,"masculinidad":160,"pct_menor20":25,"pct_60mas":8,"pct_migrante":77,"dependencia_econ":41,"pct_empleados":14,"pct_cuentapropia":81,"pct_agricultura":30,"pct_comercio":24,"pct_manufactura":0,"pct_construccion":11,"pct_transporte":5,"pct_alojamiento":3,"pct_sin_educacion":0,"pct_educ_superior":32,"brecha_educ":-6,"pct_sin_seguro":20,"pct_sus":78,"pct_seguro_privado":2,"brecha_seguro":17,"pct_salud_publica":26,"pct_med_tradicional":13,"pct_automedicacion":20,"pct_remedios_caseros":23,"pct_viv_desocupada":0,"pct_alquiler":20,"pct_electricidad":100,"pct_sin_electricidad":0,"pct_agua_red":100,"pct_alcantarillado":10,"pct_camara_septica":80,"pct_pozo_ciego":10,"pct_sin_desague":0,"pct_gas_red":0,"pct_gas_garrafa":100,"pct_lena_guano":0,"pct_basura_formal":80,"pct_basura_quema":10,"pct_basura_informal":0,"pct_internet":60,"pct_celular":80,"pct_televisor":50}},{"type":"Feature","geometry":{"type":"Polygon","coordinates":[[[-68.12952,-13.76894],[-68.13017,-13.76829],[-68.12947,-13.76762],[-68.12882,-13.76828],[-68.12952,-13.76894]]]},"properties":{"n":"IXIAMAS","p":40,"personas_x_ha":37,"masculinidad":100,"pct_menor20":28,"pct_60mas":12,"pct_migrante":55,"dependencia_econ":95,"pct_empleados":10,"pct_cuentapropia":75,"pct_agricultura":10,"pct_comercio":55,"pct_manufactura":15,"pct_construccion":0,"pct_transporte":0,"pct_alojamiento":15,"pct_sin_educacion":3,"pct_educ_superior":21,"brecha_educ":18,"pct_sin_seguro":41,"pct_sus":59,"pct_seguro_privado":0,"brecha_seguro":-1,"pct_salud_publica":20,"pct_med_tradicional":14,"pct_automedicacion":18,"pct_remedios_caseros":23,"pct_viv_desocupada":10,"pct_alquiler":44,"pct_electricidad":94,"pct_sin_electricidad":0,"pct_agua_red":81,"pct_alcantarillado":50,"pct_camara_septica":19,"pct_pozo_ciego":31,"pct_sin_desague":0,"pct_gas_red":0,"pct_gas_garrafa":81,"pct_lena_guano":12,"pct_basura_formal":88,"pct_basura_quema":12,"pct_basura_informal":0,"pct_internet":69,"pct_celular":94,"pct_televisor":69}},{"type":"Feature","geometry":{"type":"Polygon","coordinates":[[[-68.13392,-13.77161],[-68.13497,-13.77131],[-68.1341,-13.7705],[-68.13345,-13.77115],[-68.13392,-13.77161]]]},"properties":{"n":"IXIAMAS","p":48,"personas_x_ha":46,"masculinidad":140,"pct_menor20":50,"pct_60mas":10,"pct_migrante":65,"dependencia_econ":85,"pct_empleados":27,"pct_cuentapropia":62,"pct_agricultura":23,"pct_comercio":19,"pct_manufactura":0,"pct_construccion":19,"pct_transporte":12,"pct_alojamiento":4,"pct_sin_educacion":0,"pct_educ_superior":28,"brecha_educ":-27,"pct_sin_seguro":25,"pct_sus":67,"pct_seguro_privado":0,"brecha_seguro":-9,"pct_salud_publica":22,"pct_med_tradicional":14,"pct_automedicacion":21,"pct_remedios_caseros":28,"pct_viv_desocupada":12,"pct_alquiler":17,"pct_electricidad":100,"pct_sin_electricidad":0,"pct_agua_red":100,"pct_alcantarillado":0,"pct_camara_septica":50,"pct_pozo_ciego":33,"pct_sin_desague":0,"pct_gas_red":0,"pct_gas_garrafa":100,"pct_lena_guano":0,"pct_basura_formal":33,"pct_basura_quema":67,"pct_basura_informal":0,"pct_internet":83,"pct_celular":100,"pct_televisor":33}},{"type":"Feature","geometry":{"type":"Polygon","coordinates":[[[-68.14231,-13.76636],[-68.14411,-13.76625],[-68.14417,-13.76533],[-68.14306,-13.76531],[-68.14215,-13.76544],[-68.14231,-13.76636]]]},"properties":{"n":"IXIAMAS","p":29,"personas_x_ha":13,"masculinidad":107,"pct_menor20":31,"pct_60mas":10,"pct_migrante":41,"dependencia_econ":100,"pct_empleados":29,"pct_cuentapropia":50,"pct_agricultura":14,"pct_comercio":7,"pct_manufactura":14,"pct_construccion":14,"pct_transporte":14,"pct_alojamiento":0,"pct_sin_educacion":0,"pct_educ_superior":10,"brecha_educ":20,"pct_sin_seguro":19,"pct_sus":70,"pct_seguro_privado":4,"brecha_seguro":-24,"pct_salud_publica":27,"pct_med_tradicional":8,"pct_automedicacion":13,"pct_remedios_caseros":27,"pct_viv_desocupada":0,"pct_alquiler":10,"pct_electricidad":90,"pct_sin_electricidad":10,"pct_agua_red":100,"pct_alcantarillado":0,"pct_camara_septica":40,"pct_pozo_ciego":50,"pct_sin_desague":10,"pct_gas_red":0,"pct_gas_garrafa":80,"pct_lena_guano":10,"pct_basura_formal":30,"pct_basura_quema":70,"pct_basura_informal":0,"pct_internet":90,"pct_celular":90,"pct_televisor":60}},{"type":"Feature","geometry":{"type":"Polygon","coordinates":[[[-68.12412,-13.76709],[-68.12218,-13.76925],[-68.12134,-13.76863],[-68.12343,-13.76644],[-68.12412,-13.76709]]]},"properties":{"n":"IXIAMAS","p":62,"personas_x_ha":17,"masculinidad":130,"pct_menor20":26,"pct_60mas":21,"pct_migrante":50,"dependencia_econ":94,"pct_empleados":41,"pct_cuentapropia":38,"pct_agricultura":25,"pct_comercio":12,"pct_manufactura":12,"pct_construccion":12,"pct_transporte":3,"pct_alojamiento":0,"pct_sin_educacion":6,"pct_educ_superior":28,"brecha_educ":-24,"pct_sin_seguro":15,"pct_sus":68,"pct_seguro_privado":0,"brecha_seguro":6,"pct_salud_publica":24,"pct_med_tradicional":11,"pct_automedicacion":16,"pct_remedios_caseros":22,"pct_viv_desocupada":0,"pct_alquiler":5,"pct_electricidad":85,"pct_sin_electricidad":10,"pct_agua_red":80,"pct_alcantarillado":5,"pct_camara_septica":50,"pct_pozo_ciego":45,"pct_sin_desague":0,"pct_gas_red":5,"pct_gas_garrafa":80,"pct_lena_guano":15,"pct_basura_formal":80,"pct_basura_quema":20,"pct_basura_informal":0,"pct_internet":55,"pct_celular":75,"pct_televisor":70}},{"type":"Feature","geometry":{"type":"Polygon","coordinates":[[[-68.13025,-13.76989],[-68.13094,-13.77055],[-68.13029,-13.77121],[-68.12959,-13.77055],[-68.13025,-13.76989]]]},"properties":{"n":"IXIAMAS","p":30,"personas_x_ha":28,"masculinidad":150,"pct_menor20":27,"pct_60mas":20,"pct_migrante":70,"dependencia_econ":61,"pct_empleados":56,"pct_cuentapropia":22,"pct_agricultura":33,"pct_comercio":17,"pct_manufactura":0,"pct_construccion":33,"pct_transporte":0,"pct_alojamiento":0,"pct_sin_educacion":5,"pct_educ_superior":18,"brecha_educ":-23,"pct_sin_seguro":7,"pct_sus":59,"pct_seguro_privado":0,"brecha_seguro":-4,"pct_salud_publica":21,"pct_med_tradicional":11,"pct_automedicacion":26,"pct_remedios_caseros":23,"pct_viv_desocupada":0,"pct_alquiler":12,"pct_electricidad":100,"pct_sin_electricidad":0,"pct_agua_red":100,"pct_alcantarillado":0,"pct_camara_septica":38,"pct_pozo_ciego":38,"pct_sin_desague":0,"pct_gas_red":0,"pct_gas_garrafa":100,"pct_lena_guano":0,"pct_basura_formal":50,"pct_basura_quema":50,"pct_basura_informal":0,"pct_internet":75,"pct_celular":88,"pct_televisor":75}},{"type":"Feature","geometry":{"type":"Polygon","coordinates":[[[-68.12585,-13.76698],[-68.12652,-13.76764],[-68.12717,-13.76697],[-68.12649,-13.76632],[-68.12585,-13.76698]]]},"properties":{"n":"IXIAMAS","p":39,"personas_x_ha":37,"masculinidad":129,"pct_menor20":26,"pct_60mas":21,"pct_migrante":64,"dependencia_econ":62,"pct_empleados":50,"pct_cuentapropia":46,"pct_agricultura":17,"pct_comercio":21,"pct_manufactura":4,"pct_construccion":25,"pct_transporte":8,"pct_alojamiento":0,"pct_sin_educacion":0,"pct_educ_superior":21,"brecha_educ":9,"pct_sin_seguro":37,"pct_sus":61,"pct_seguro_privado":0,"brecha_seguro":3,"pct_salud_publica":25,"pct_med_tradicional":12,"pct_automedicacion":19,"pct_remedios_caseros":26,"pct_viv_desocupada":20,"pct_alquiler":25,"pct_electricidad":100,"pct_sin_electricidad":0,"pct_agua_red":100,"pct_alcantarillado":8,"pct_camara_septica":42,"pct_pozo_ciego":50,"pct_sin_desague":0,"pct_gas_red":0,"pct_gas_garrafa":83,"pct_lena_guano":0,"pct_basura_formal":100,"pct_basura_quema":0,"pct_basura_informal":0,"pct_internet":75,"pct_celular":92,"pct_televisor":83}},{"type":"Feature","geometry":{"type":"Polygon","coordinates":[[[-68.12644,-13.76624],[-68.12575,-13.76558],[-68.12509,-13.76628],[-68.12578,-13.76692],[-68.12644,-13.76624]]]},"properties":{"n":"IXIAMAS","p":40,"personas_x_ha":36,"masculinidad":100,"pct_menor20":35,"pct_60mas":8,"pct_migrante":35,"dependencia_econ":150,"pct_empleados":31,"pct_cuentapropia":44,"pct_agricultura":44,"pct_comercio":0,"pct_manufactura":19,"pct_construccion":6,"pct_transporte":0,"pct_alojamiento":0,"pct_sin_educacion":0,"pct_educ_superior":23,"brecha_educ":11,"pct_sin_seguro":14,"pct_sus":81,"pct_seguro_privado":0,"brecha_seguro":-6,"pct_salud_publica":36,"pct_med_tradicional":3,"pct_automedicacion":22,"pct_remedios_caseros":35,"pct_viv_desocupada":0,"pct_alquiler":13,"pct_electricidad":100,"pct_sin_electricidad":0,"pct_agua_red":100,"pct_alcantarillado":13,"pct_camara_septica":47,"pct_pozo_ciego":40,"pct_sin_desague":0,"pct_gas_red":7,"pct_gas_garrafa":73,"pct_lena_guano":0,"pct_basura_formal":100,"pct_basura_quema":0,"pct_basura_informal":0,"pct_internet":47,"pct_celular":73,"pct_televisor":73}},{"type":"Feature","geometry":{"type":"Polygon","coordinates":[[[-68.12641,-13.77052],[-68.12705,-13.76987],[-68.12651,-13.76935],[-68.12585,-13.77001],[-68.12641,-13.77052]]]},"properties":{"n":"IXIAMAS","p":55,"personas_x_ha":66,"masculinidad":83,"pct_menor20":40,"pct_60mas":16,"pct_migrante":56,"dependencia_econ":112,"pct_empleados":19,"pct_cuentapropia":54,"pct_agricultura":38,"pct_comercio":19,"pct_manufactura":4,"pct_construccion":4,"pct_transporte":0,"pct_alojamiento":12,"pct_sin_educacion":3,"pct_educ_superior":45,"brecha_educ":-19,"pct_sin_seguro":9,"pct_sus":87,"pct_seguro_privado":0,"brecha_seguro":5,"pct_salud_publica":23,"pct_med_tradicional":12,"pct_automedicacion":15,"pct_remedios_caseros":21,"pct_viv_desocupada":0,"pct_alquiler":16,"pct_electricidad":100,"pct_sin_electricidad":0,"pct_agua_red":100,"pct_alcantarillado":0,"pct_camara_septica":58,"pct_pozo_ciego":42,"pct_sin_desague":0,"pct_gas_red":0,"pct_gas_garrafa":95,"pct_lena_guano":0,"pct_basura_formal":89,"pct_basura_quema":11,"pct_basura_informal":0,"pct_internet":74,"pct_celular":95,"pct_televisor":74}},{"type":"Feature","geometry":{"type":"Polygon","coordinates":[[[-68.13337,-13.76504],[-68.13405,-13.76436],[-68.13332,-13.7637],[-68.13264,-13.76436],[-68.13337,-13.76504]]]},"properties":{"n":"IXIAMAS","p":16,"personas_x_ha":14,"masculinidad":220,"pct_menor20":25,"pct_60mas":12,"pct_migrante":69,"dependencia_econ":60,"pct_empleados":20,"pct_cuentapropia":70,"pct_agricultura":30,"pct_comercio":10,"pct_manufactura":40,"pct_construccion":0,"pct_transporte":10,"pct_alojamiento":10,"pct_sin_educacion":0,"pct_educ_superior":8,"brecha_educ":30,"pct_sin_seguro":21,"pct_sus":71,"pct_seguro_privado":0,"brecha_seguro":30,"pct_salud_publica":34,"pct_med_tradicional":8,"pct_automedicacion":16,"pct_remedios_caseros":32,"pct_viv_desocupada":0,"pct_alquiler":0,"pct_electricidad":100,"pct_sin_electricidad":0,"pct_agua_red":86,"pct_alcantarillado":14,"pct_camara_septica":29,"pct_pozo_ciego":43,"pct_sin_desague":0,"pct_gas_red":0,"pct_gas_garrafa":86,"pct_lena_guano":0,"pct_basura_formal":71,"pct_basura_quema":29,"pct_basura_informal":0,"pct_internet":86,"pct_celular":100,"pct_televisor":71}},{"type":"Feature","geometry":{"type":"Polygon","coordinates":[[[-68.14099,-13.76567],[-68.14119,-13.76658],[-68.14213,-13.76638],[-68.14193,-13.76549],[-68.14099,-13.76567]]]},"properties":{"n":"IXIAMAS","p":19,"personas_x_ha":18,"masculinidad":58,"pct_menor20":37,"pct_60mas":11,"pct_migrante":74,"dependencia_econ":46,"pct_empleados":8,"pct_cuentapropia":69,"pct_agricultura":15,"pct_comercio":15,"pct_manufactura":0,"pct_construccion":0,"pct_transporte":0,"pct_alojamiento":38,"pct_sin_educacion":7,"pct_educ_superior":36,"brecha_educ":-13,"pct_sin_seguro":32,"pct_sus":58,"pct_seguro_privado":0,"brecha_seguro":40,"pct_salud_publica":28,"pct_med_tradicional":2,"pct_automedicacion":5,"pct_remedios_caseros":32,"pct_viv_desocupada":12,"pct_alquiler":0,"pct_electricidad":86,"pct_sin_electricidad":14,"pct_agua_red":100,"pct_alcantarillado":0,"pct_camara_septica":29,"pct_pozo_ciego":29,"pct_sin_desague":43,"pct_gas_red":0,"pct_gas_garrafa":71,"pct_lena_guano":14,"pct_basura_formal":29,"pct_basura_quema":71,"pct_basura_informal":0,"pct_internet":43,"pct_celular":86,"pct_televisor":57}},{"type":"Feature","geometry":{"type":"Polygon","coordinates":[[[-68.11563,-13.76059],[-68.11493,-13.75995],[-68.11428,-13.76063],[-68.11497,-13.76127],[-68.11563,-13.76059]]]},"properties":{"n":"IXIAMAS","p":16,"personas_x_ha":15,"masculinidad":167,"pct_menor20":69,"pct_60mas":0,"pct_migrante":62,"dependencia_econ":300,"pct_empleados":50,"pct_cuentapropia":25,"pct_agricultura":25,"pct_comercio":0,"pct_manufactura":0,"pct_construccion":25,"pct_transporte":25,"pct_alojamiento":25,"pct_sin_educacion":0,"pct_educ_superior":0,"brecha_educ":33,"pct_sin_seguro":0,"pct_sus":100,"pct_seguro_privado":0,"brecha_seguro":0,"pct_salud_publica":23,"pct_med_tradicional":8,"pct_automedicacion":19,"pct_remedios_caseros":23,"pct_viv_desocupada":43,"pct_alquiler":0,"pct_electricidad":100,"pct_sin_electricidad":0,"pct_agua_red":100,"pct_alcantarillado":0,"pct_camara_septica":0,"pct_pozo_ciego":100,"pct_sin_desague":0,"pct_gas_red":0,"pct_gas_garrafa":100,"pct_lena_guano":0,"pct_basura_formal":25,"pct_basura_quema":75,"pct_basura_informal":0,"pct_internet":100,"pct_celular":100,"pct_televisor":75}},{"type":"Feature","geometry":{"type":"Polygon","coordinates":[[[-68.12883,-13.76549],[-68.12815,-13.7662],[-68.12886,-13.76684],[-68.12952,-13.76617],[-68.12883,-13.76549]]]},"properties":{"n":"IXIAMAS","p":40,"personas_x_ha":36,"masculinidad":122,"pct_menor20":48,"pct_60mas":5,"pct_migrante":68,"dependencia_econ":82,"pct_empleados":41,"pct_cuentapropia":50,"pct_agricultura":14,"pct_comercio":18,"pct_manufactura":5,"pct_construccion":5,"pct_transporte":0,"pct_alojamiento":14,"pct_sin_educacion":0,"pct_educ_superior":43,"brecha_educ":-21,"pct_sin_seguro":18,"pct_sus":75,"pct_seguro_privado":0,"brecha_seguro":2,"pct_salud_publica":33,"pct_med_tradicional":12,"pct_automedicacion":11,"pct_remedios_caseros":18,"pct_viv_desocupada":0,"pct_alquiler":36,"pct_electricidad":100,"pct_sin_electricidad":0,"pct_agua_red":82,"pct_alcantarillado":0,"pct_camara_septica":73,"pct_pozo_ciego":27,"pct_sin_desague":0,"pct_gas_red":0,"pct_gas_garrafa":91,"pct_lena_guano":9,"pct_basura_formal":73,"pct_basura_quema":27,"pct_basura_informal":0,"pct_internet":73,"pct_celular":100,"pct_televisor":82}}]}