{"type":"FeatureCollection","features":[{"type":"Feature","geometry":{"type":"Polygon","coordinates":[[[-66.56807,-18.41151],[-66.56858,-18.41146],[-66.56856,-18.41126],[-66.56804,-18.4113],[-66.56807,-18.41151]]]},"properties":{"n":"CATAVI","p":41,"personas_x_ha":318,"masculinidad":78,"pct_menor20":54,"pct_60mas":7,"pct_migrante":41,"dependencia_econ":215,"pct_empleados":31,"pct_cuentapropia":15,"pct_agricultura":15,"pct_comercio":0,"pct_manufactura":0,"pct_construccion":8,"pct_transporte":8,"pct_alojamiento":15,"pct_sin_educacion":5,"pct_educ_superior":15,"brecha_educ":-12,"pct_sin_seguro":0,"pct_sus":100,"pct_seguro_privado":0,"brecha_seguro":0,"pct_salud_publica":71,"pct_med_tradicional":0,"pct_automedicacion":0,"pct_remedios_caseros":0,"pct_viv_desocupada":0,"pct_alquiler":0,"pct_electricidad":100,"pct_sin_electricidad":0,"pct_agua_red":90,"pct_alcantarillado":50,"pct_camara_septica":0,"pct_pozo_ciego":0,"pct_sin_desague":50,"pct_gas_red":0,"pct_gas_garrafa":100,"pct_lena_guano":100,"pct_basura_formal":100,"pct_basura_quema":0,"pct_basura_informal":0,"pct_internet":60,"pct_celular":70,"pct_televisor":90}},{"type":"Feature","geometry":{"type":"Polygon","coordinates":[[[-66.5679,-18.41549],[-66.56785,-18.41524],[-66.56746,-18.41531],[-66.56716,-18.41552],[-66.56718,-18.4156],[-66.5679,-18.41549]]]},"properties":{"n":"CATAVI","p":39,"personas_x_ha":210,"masculinidad":56,"pct_menor20":38,"pct_60mas":15,"pct_migrante":8,"dependencia_econ":95,"pct_empleados":35,"pct_cuentapropia":45,"pct_agricultura":15,"pct_comercio":20,"pct_manufactura":0,"pct_construccion":10,"pct_transporte":10,"pct_alojamiento":5,"pct_sin_educacion":8,"pct_educ_superior":58,"brecha_educ":9,"pct_sin_seguro":3,"pct_sus":74,"pct_seguro_privado":16,"brecha_seguro":-4,"pct_salud_publica":56,"pct_med_tradicional":4,"pct_automedicacion":4,"pct_remedios_caseros":13,"pct_viv_desocupada":0,"pct_alquiler":9,"pct_electricidad":100,"pct_sin_electricidad":0,"pct_agua_red":100,"pct_alcantarillado":91,"pct_camara_septica":0,"pct_pozo_ciego":0,"pct_sin_desague":9,"pct_gas_red":64,"pct_gas_garrafa":36,"pct_lena_guano":36,"pct_basura_formal":100,"pct_basura_quema":0,"pct_basura_informal":0,"pct_internet":73,"pct_celular":100,"pct_televisor":91}},{"type":"Feature","geometry":{"type":"Polygon","coordinates":[[[-66.56797,-18.41386],[-66.56794,-18.41367],[-66.56742,-18.41375],[-66.56746,-18.41394],[-66.56797,-18.41386]]]},"properties":{"n":"CATAVI","p":25,"personas_x_ha":203,"masculinidad":79,"pct_menor20":28,"pct_60mas":28,"pct_migrante":44,"dependencia_econ":150,"pct_empleados":30,"pct_cuentapropia":30,"pct_agricultura":0,"pct_comercio":10,"pct_manufactura":20,"pct_construccion":0,"pct_transporte":0,"pct_alojamiento":10,"pct_sin_educacion":0,"pct_educ_superior":55,"brecha_educ":-8,"pct_sin_seguro":17,"pct_sus":33,"pct_seguro_privado":4,"brecha_seguro":6,"pct_salud_publica":24,"pct_med_tradicional":2,"pct_automedicacion":10,"pct_remedios_caseros":15,"pct_viv_desocupada":0,"pct_alquiler":30,"pct_electricidad":100,"pct_sin_electricidad":0,"pct_agua_red":70,"pct_alcantarillado":100,"pct_camara_septica":0,"pct_pozo_ciego":0,"pct_sin_desague":0,"pct_gas_red":100,"pct_gas_garrafa":0,"pct_lena_guano":0,"pct_basura_formal":100,"pct_basura_quema":0,"pct_basura_informal":0,"pct_internet":70,"pct_celular":70,"pct_televisor":70}},{"type":"Feature","geometry":{"type":"Polygon","coordinates":[[[-66.56395,-18.41629],[-66.56399,-18.41642],[-66.56487,-18.41616],[-66.56482,-18.41603],[-66.56395,-18.41629]]]},"properties":{"n":"CATAVI","p":28,"personas_x_ha":182,"masculinidad":115,"pct_menor20":32,"pct_60mas":14,"pct_migrante":36,"dependencia_econ":100,"pct_empleados":36,"pct_cuentapropia":50,"pct_agricultura":0,"pct_comercio":14,"pct_manufactura":7,"pct_construccion":0,"pct_transporte":14,"pct_alojamiento":29,"pct_sin_educacion":5,"pct_educ_superior":58,"brecha_educ":1,"pct_sin_seguro":14,"pct_sus":64,"pct_seguro_privado":0,"brecha_seguro":12,"pct_salud_publica":26,"pct_med_tradicional":12,"pct_automedicacion":22,"pct_remedios_caseros":21,"pct_viv_desocupada":7,"pct_alquiler":9,"pct_electricidad":100,"pct_sin_electricidad":0,"pct_agua_red":91,"pct_alcantarillado":91,"pct_camara_septica":0,"pct_pozo_ciego":0,"pct_sin_desague":9,"pct_gas_red":36,"pct_gas_garrafa":64,"pct_lena_guano":64,"pct_basura_formal":100,"pct_basura_quema":0,"pct_basura_informal":0,"pct_internet":100,"pct_celular":100,"pct_televisor":91}},{"type":"Feature","geometry":{"type":"Polygon","coordinates":[[[-66.56765,-18.41925],[-66.56738,-18.41962],[-66.56767,-18.41982],[-66.56787,-18.41954],[-66.56765,-18.41925]]]},"properties":{"n":"CATAVI","p":25,"personas_x_ha":140,"masculinidad":127,"pct_menor20":48,"pct_60mas":0,"pct_migrante":48,"dependencia_econ":108,"pct_empleados":50,"pct_cuentapropia":25,"pct_agricultura":0,"pct_comercio":0,"pct_manufactura":0,"pct_construccion":17,"pct_transporte":0,"pct_alojamiento":25,"pct_sin_educacion":0,"pct_educ_superior":62,"brecha_educ":-7,"pct_sin_seguro":24,"pct_sus":68,"pct_seguro_privado":0,"brecha_seguro":-22,"pct_salud_publica":33,"pct_med_tradicional":0,"pct_automedicacion":26,"pct_remedios_caseros":38,"pct_viv_desocupada":22,"pct_alquiler":0,"pct_electricidad":100,"pct_sin_electricidad":0,"pct_agua_red":86,"pct_alcantarillado":0,"pct_camara_septica":14,"pct_pozo_ciego":14,"pct_sin_desague":71,"pct_gas_red":71,"pct_gas_garrafa":29,"pct_lena_guano":29,"pct_basura_formal":100,"pct_basura_quema":0,"pct_basura_informal":0,"pct_internet":100,"pct_celular":100,"pct_televisor":100}},{"type":"Feature","geometry":{"type":"Polygon","coordinates":[[[-66.56919,-18.41617],[-66.56921,-18.41653],[-66.56976,-18.41653],[-66.56974,-18.41616],[-66.56919,-18.41617]]]},"properties":{"n":"CATAVI","p":39,"personas_x_ha":157,"masculinidad":62,"pct_menor20":41,"pct_60mas":0,"pct_migrante":38,"dependencia_econ":225,"pct_empleados":50,"pct_cuentapropia":17,"pct_agricultura":17,"pct_comercio":25,"pct_manufactura":0,"pct_construccion":17,"pct_transporte":0,"pct_alojamiento":8,"pct_sin_educacion":0,"pct_educ_superior":60,"brecha_educ":-24,"pct_sin_seguro":3,"pct_sus":56,"pct_seguro_privado":13,"brecha_seguro":7,"pct_salud_publica":17,"pct_med_tradicional":3,"pct_automedicacion":21,"pct_remedios_caseros":27,"pct_viv_desocupada":0,"pct_alquiler":25,"pct_electricidad":100,"pct_sin_electricidad":0,"pct_agua_red":100,"pct_alcantarillado":83,"pct_camara_septica":0,"pct_pozo_ciego":0,"pct_sin_desague":17,"pct_gas_red":67,"pct_gas_garrafa":33,"pct_lena_guano":33,"pct_basura_formal":92,"pct_basura_quema":8,"pct_basura_informal":0,"pct_internet":100,"pct_celular":92,"pct_televisor":75}},{"type":"Feature","geometry":{"type":"Polygon","coordinates":[[[-66.56249,-18.41419],[-66.56219,-18.41422],[-66.56221,-18.41436],[-66.5625,-18.41432],[-66.56249,-18.41419]]]},"properties":{"n":"CATAVI","p":22,"personas_x_ha":462,"masculinidad":69,"pct_menor20":32,"pct_60mas":14,"pct_migrante":23,"dependencia_econ":100,"pct_empleados":18,"pct_cuentapropia":55,"pct_agricultura":9,"pct_comercio":9,"pct_manufactura":9,"pct_construccion":9,"pct_transporte":9,"pct_alojamiento":27,"pct_sin_educacion":7,"pct_educ_superior":53,"brecha_educ":-9,"pct_sin_seguro":5,"pct_sus":95,"pct_seguro_privado":0,"brecha_seguro":11,"pct_salud_publica":25,"pct_med_tradicional":3,"pct_automedicacion":31,"pct_remedios_caseros":30,"pct_viv_desocupada":0,"pct_alquiler":14,"pct_electricidad":100,"pct_sin_electricidad":0,"pct_agua_red":100,"pct_alcantarillado":100,"pct_camara_septica":0,"pct_pozo_ciego":0,"pct_sin_desague":0,"pct_gas_red":57,"pct_gas_garrafa":43,"pct_lena_guano":43,"pct_basura_formal":100,"pct_basura_quema":0,"pct_basura_informal":0,"pct_internet":57,"pct_celular":100,"pct_televisor":86}},{"type":"Feature","geometry":{"type":"Polygon","coordinates":[[[-66.56208,-18.41577],[-66.56212,-18.41586],[-66.56258,-18.41569],[-66.56254,-18.41561],[-66.56208,-18.41577]]]},"properties":{"n":"CATAVI","p":18,"personas_x_ha":323,"masculinidad":100,"pct_menor20":50,"pct_60mas":11,"pct_migrante":50,"dependencia_econ":125,"pct_empleados":25,"pct_cuentapropia":38,"pct_agricultura":75,"pct_comercio":0,"pct_manufactura":0,"pct_construccion":0,"pct_transporte":0,"pct_alojamiento":0,"pct_sin_educacion":10,"pct_educ_superior":50,"brecha_educ":-57,"pct_sin_seguro":17,"pct_sus":83,"pct_seguro_privado":0,"brecha_seguro":-11,"pct_salud_publica":25,"pct_med_tradicional":17,"pct_automedicacion":27,"pct_remedios_caseros":19,"pct_viv_desocupada":14,"pct_alquiler":17,"pct_electricidad":100,"pct_sin_electricidad":0,"pct_agua_red":100,"pct_alcantarillado":83,"pct_camara_septica":0,"pct_pozo_ciego":17,"pct_sin_desague":0,"pct_gas_red":67,"pct_gas_garrafa":33,"pct_lena_guano":33,"pct_basura_formal":100,"pct_basura_quema":0,"pct_basura_informal":0,"pct_internet":83,"pct_celular":83,"pct_televisor":83}},{"type":"Feature","geometry":{"type":"Polygon","coordinates":[[[-66.56916,-18.41294],[-66.56913,-18.41285],[-66.56836,-18.41298],[-66.56839,-18.41307],[-66.56916,-18.41294]]]},"properties":{"n":"CATAVI","p":21,"personas_x_ha":212,"masculinidad":162,"pct_menor20":10,"pct_60mas":24,"pct_migrante":43,"dependencia_econ":91,"pct_empleados":36,"pct_cuentapropia":64,"pct_agricultura":9,"pct_comercio":9,"pct_manufactura":18,"pct_construccion":0,"pct_transporte":9,"pct_alojamiento":0,"pct_sin_educacion":5,"pct_educ_superior":65,"brecha_educ":8,"pct_sin_seguro":19,"pct_sus":62,"pct_seguro_privado":0,"brecha_seguro":31,"pct_salud_publica":21,"pct_med_tradicional":9,"pct_automedicacion":21,"pct_remedios_caseros":21,"pct_viv_desocupada":0,"pct_alquiler":0,"pct_electricidad":100,"pct_sin_electricidad":0,"pct_agua_red":100,"pct_alcantarillado":78,"pct_camara_septica":0,"pct_pozo_ciego":11,"pct_sin_desague":11,"pct_gas_red":11,"pct_gas_garrafa":89,"pct_lena_guano":89,"pct_basura_formal":89,"pct_basura_quema":11,"pct_basura_informal":0,"pct_internet":89,"pct_celular":100,"pct_televisor":100}},{"type":"Feature","geometry":{"type":"Polygon","coordinates":[[[-66.56587,-18.41186],[-66.56581,-18.41133],[-66.56519,-18.41142],[-66.56522,-18.41162],[-66.56568,-18.41158],[-66.56574,-18.41187],[-66.56587,-18.41186]]]},"properties":{"n":"CATAVI","p":32,"personas_x_ha":141,"masculinidad":100,"pct_menor20":56,"pct_60mas":9,"pct_migrante":28,"dependencia_econ":146,"pct_empleados":38,"pct_cuentapropia":54,"pct_agricultura":15,"pct_comercio":8,"pct_manufactura":8,"pct_construccion":8,"pct_transporte":0,"pct_alojamiento":15,"pct_sin_educacion":0,"pct_educ_superior":53,"brecha_educ":11,"pct_sin_seguro":6,"pct_sus":91,"pct_seguro_privado":0,"brecha_seguro":12,"pct_salud_publica":24,"pct_med_tradicional":6,"pct_automedicacion":17,"pct_remedios_caseros":14,"pct_viv_desocupada":8,"pct_alquiler":0,"pct_electricidad":100,"pct_sin_electricidad":0,"pct_agua_red":100,"pct_alcantarillado":64,"pct_camara_septica":0,"pct_pozo_ciego":0,"pct_sin_desague":36,"pct_gas_red":0,"pct_gas_garrafa":91,"pct_lena_guano":91,"pct_basura_formal":100,"pct_basura_quema":0,"pct_basura_informal":0,"pct_internet":82,"pct_celular":100,"pct_televisor":100}},{"type":"Feature","geometry":{"type":"Polygon","coordinates":[[[-66.56514,-18.41073],[-66.56512,-18.41093],[-66.56614,-18.41082],[-66.56607,-18.41063],[-66.56514,-18.41073]]]},"properties":{"n":"CATAVI","p":52,"personas_x_ha":223,"masculinidad":148,"pct_menor20":46,"pct_60mas":4,"pct_migrante":33,"dependencia_econ":160,"pct_empleados":45,"pct_cuentapropia":40,"pct_agricultura":5,"pct_comercio":30,"pct_manufactura":5,"pct_construccion":0,"pct_transporte":5,"pct_alojamiento":20,"pct_sin_educacion":0,"pct_educ_superior":38,"brecha_educ":1,"pct_sin_seguro":4,"pct_sus":83,"pct_seguro_privado":6,"brecha_seguro":-2,"pct_salud_publica":20,"pct_med_tradicional":20,"pct_automedicacion":15,"pct_remedios_caseros":24,"pct_viv_desocupada":0,"pct_alquiler":0,"pct_electricidad":100,"pct_sin_electricidad":0,"pct_agua_red":92,"pct_alcantarillado":92,"pct_camara_septica":8,"pct_pozo_ciego":0,"pct_sin_desague":0,"pct_gas_red":0,"pct_gas_garrafa":92,"pct_lena_guano":92,"pct_basura_formal":100,"pct_basura_quema":0,"pct_basura_informal":0,"pct_internet":92,"pct_celular":100,"pct_televisor":92}},{"type":"Feature","geometry":{"type":"Polygon","coordinates":[[[-66.56566,-18.40969],[-66.56562,-18.40958],[-66.56547,-18.40963],[-66.56553,-18.4098],[-66.56598,-18.40965],[-66.56597,-18.40959],[-66.56566,-18.40969]]]},"properties":{"n":"CATAVI","p":16,"personas_x_ha":272,"masculinidad":100,"pct_menor20":44,"pct_60mas":6,"pct_migrante":50,"dependencia_econ":100,"pct_empleados":25,"pct_cuentapropia":75,"pct_agricultura":0,"pct_comercio":38,"pct_manufactura":0,"pct_construccion":12,"pct_transporte":25,"pct_alojamiento":12,"pct_sin_educacion":11,"pct_educ_superior":22,"brecha_educ":-30,"pct_sin_seguro":6,"pct_sus":94,"pct_seguro_privado":0,"brecha_seguro":-12,"pct_salud_publica":25,"pct_med_tradicional":9,"pct_automedicacion":16,"pct_remedios_caseros":25,"pct_viv_desocupada":0,"pct_alquiler":0,"pct_electricidad":100,"pct_sin_electricidad":0,"pct_agua_red":86,"pct_alcantarillado":0,"pct_camara_septica":0,"pct_pozo_ciego":0,"pct_sin_desague":86,"pct_gas_red":0,"pct_gas_garrafa":100,"pct_lena_guano":100,"pct_basura_formal":86,"pct_basura_quema":0,"pct_basura_informal":0,"pct_internet":86,"pct_celular":86,"pct_televisor":86}},{"type":"Feature","geometry":{"type":"Polygon","coordinates":[[[-66.56128,-18.41339],[-66.56088,-18.41345],[-66.56083,-18.41365],[-66.56135,-18.4136],[-66.56128,-18.41339]]]},"properties":{"n":"CATAVI","p":16,"personas_x_ha":130,"masculinidad":60,"pct_menor20":50,"pct_60mas":12,"pct_migrante":38,"dependencia_econ":78,"pct_empleados":11,"pct_cuentapropia":78,"pct_agricultura":11,"pct_comercio":11,"pct_manufactura":0,"pct_construccion":0,"pct_transporte":0,"pct_alojamiento":44,"pct_sin_educacion":0,"pct_educ_superior":44,"brecha_educ":-17,"pct_sin_seguro":0,"pct_sus":100,"pct_seguro_privado":0,"brecha_seguro":0,"pct_salud_publica":27,"pct_med_tradicional":17,"pct_automedicacion":15,"pct_remedios_caseros":19,"pct_viv_desocupada":0,"pct_alquiler":50,"pct_electricidad":100,"pct_sin_electricidad":0,"pct_agua_red":75,"pct_alcantarillado":100,"pct_camara_septica":0,"pct_pozo_ciego":0,"pct_sin_desague":0,"pct_gas_red":0,"pct_gas_garrafa":100,"pct_lena_guano":100,"pct_basura_formal":100,"pct_basura_quema":0,"pct_basura_informal":0,"pct_internet":88,"pct_celular":100,"pct_televisor":75}},{"type":"Feature","geometry":{"type":"Polygon","coordinates":[[[-66.56475,-18.41368],[-66.56429,-18.41379],[-66.56442,-18.41419],[-66.56496,-18.41408],[-66.56492,-18.41388],[-66.5648,-18.4139],[-66.56475,-18.41368]]]},"properties":{"n":"CATAVI","p":35,"personas_x_ha":134,"masculinidad":52,"pct_menor20":31,"pct_60mas":17,"pct_migrante":29,"dependencia_econ":119,"pct_empleados":69,"pct_cuentapropia":25,"pct_agricultura":0,"pct_comercio":31,"pct_manufactura":0,"pct_construccion":0,"pct_transporte":6,"pct_alojamiento":0,"pct_sin_educacion":0,"pct_educ_superior":60,"brecha_educ":-10,"pct_sin_seguro":11,"pct_sus":49,"pct_seguro_privado":0,"brecha_seguro":8,"pct_salud_publica":16,"pct_med_tradicional":18,"pct_automedicacion":14,"pct_remedios_caseros":22,"pct_viv_desocupada":0,"pct_alquiler":10,"pct_electricidad":100,"pct_sin_electricidad":0,"pct_agua_red":100,"pct_alcantarillado":100,"pct_camara_septica":0,"pct_pozo_ciego":0,"pct_sin_desague":0,"pct_gas_red":90,"pct_gas_garrafa":10,"pct_lena_guano":10,"pct_basura_formal":100,"pct_basura_quema":0,"pct_basura_informal":0,"pct_internet":90,"pct_celular":90,"pct_televisor":80}},{"type":"Feature","geometry":{"type":"Polygon","coordinates":[[[-66.57046,-18.41822],[-66.56989,-18.41837],[-66.56996,-18.4187],[-66.57038,-18.4186],[-66.57047,-18.41845],[-66.57046,-18.41822]]]},"properties":{"n":"CATAVI","p":39,"personas_x_ha":170,"masculinidad":70,"pct_menor20":44,"pct_60mas":3,"pct_migrante":64,"dependencia_econ":124,"pct_empleados":41,"pct_cuentapropia":29,"pct_agricultura":6,"pct_comercio":18,"pct_manufactura":18,"pct_construccion":6,"pct_transporte":6,"pct_alojamiento":6,"pct_sin_educacion":4,"pct_educ_superior":54,"brecha_educ":1,"pct_sin_seguro":3,"pct_sus":78,"pct_seguro_privado":11,"brecha_seguro":-5,"pct_salud_publica":30,"pct_med_tradicional":8,"pct_automedicacion":16,"pct_remedios_caseros":30,"pct_viv_desocupada":0,"pct_alquiler":36,"pct_electricidad":100,"pct_sin_electricidad":0,"pct_agua_red":100,"pct_alcantarillado":55,"pct_camara_septica":36,"pct_pozo_ciego":0,"pct_sin_desague":9,"pct_gas_red":36,"pct_gas_garrafa":64,"pct_lena_guano":64,"pct_basura_formal":100,"pct_basura_quema":0,"pct_basura_informal":0,"pct_internet":100,"pct_celular":100,"pct_televisor":91}},{"type":"Feature","geometry":{"type":"Polygon","coordinates":[[[-66.56731,-18.41828],[-66.56751,-18.4182],[-66.56718,-18.41751],[-66.56631,-18.41772],[-66.56636,-18.4179],[-66.56624,-18.418],[-66.56625,-18.41809],[-66.56713,-18.4179],[-66.56731,-18.41828]]]},"properties":{"n":"CATAVI","p":45,"personas_x_ha":85,"masculinidad":45,"pct_menor20":33,"pct_60mas":18,"pct_migrante":29,"dependencia_econ":114,"pct_empleados":19,"pct_cuentapropia":76,"pct_agricultura":19,"pct_comercio":43,"pct_manufactura":0,"pct_construccion":0,"pct_transporte":10,"pct_alojamiento":0,"pct_sin_educacion":17,"pct_educ_superior":50,"brecha_educ":-30,"pct_sin_seguro":18,"pct_sus":76,"pct_seguro_privado":0,"brecha_seguro":5,"pct_salud_publica":26,"pct_med_tradicional":14,"pct_automedicacion":21,"pct_remedios_caseros":20,"pct_viv_desocupada":22,"pct_alquiler":6,"pct_electricidad":100,"pct_sin_electricidad":0,"pct_agua_red":100,"pct_alcantarillado":89,"pct_camara_septica":0,"pct_pozo_ciego":0,"pct_sin_desague":11,"pct_gas_red":56,"pct_gas_garrafa":44,"pct_lena_guano":44,"pct_basura_formal":100,"pct_basura_quema":0,"pct_basura_informal":0,"pct_internet":61,"pct_celular":78,"pct_televisor":72}},{"type":"Feature","geometry":{"type":"Polygon","coordinates":[[[-66.56757,-18.41749],[-66.56781,-18.41796],[-66.56803,-18.41793],[-66.56777,-18.41735],[-66.56757,-18.41749]]]},"properties":{"n":"CATAVI","p":27,"personas_x_ha":167,"masculinidad":108,"pct_menor20":52,"pct_60mas":0,"pct_migrante":44,"dependencia_econ":286,"pct_empleados":43,"pct_cuentapropia":57,"pct_agricultura":14,"pct_comercio":0,"pct_manufactura":14,"pct_construccion":0,"pct_transporte":14,"pct_alojamiento":14,"pct_sin_educacion":0,"pct_educ_superior":73,"brecha_educ":0,"pct_sin_seguro":19,"pct_sus":52,"pct_seguro_privado":0,"brecha_seguro":-9,"pct_salud_publica":26,"pct_med_tradicional":7,"pct_automedicacion":19,"pct_remedios_caseros":27,"pct_viv_desocupada":12,"pct_alquiler":33,"pct_electricidad":100,"pct_sin_electricidad":0,"pct_agua_red":100,"pct_alcantarillado":100,"pct_camara_septica":0,"pct_pozo_ciego":0,"pct_sin_desague":0,"pct_gas_red":42,"pct_gas_garrafa":58,"pct_lena_guano":58,"pct_basura_formal":100,"pct_basura_quema":0,"pct_basura_informal":0,"pct_internet":100,"pct_celular":100,"pct_televisor":75}},{"type":"Feature","geometry":{"type":"Polygon","coordinates":[[[-66.56784,-18.41722],[-66.5681,-18.41792],[-66.56841,-18.41799],[-66.56809,-18.41706],[-66.56784,-18.41722]]]},"properties":{"n":"CATAVI","p":59,"personas_x_ha":194,"masculinidad":97,"pct_menor20":36,"pct_60mas":19,"pct_migrante":41,"dependencia_econ":136,"pct_empleados":40,"pct_cuentapropia":36,"pct_agricultura":8,"pct_comercio":32,"pct_manufactura":8,"pct_construccion":16,"pct_transporte":8,"pct_alojamiento":4,"pct_sin_educacion":12,"pct_educ_superior":33,"brecha_educ":-2,"pct_sin_seguro":20,"pct_sus":56,"pct_seguro_privado":0,"brecha_seguro":-6,"pct_salud_publica":19,"pct_med_tradicional":11,"pct_automedicacion":22,"pct_remedios_caseros":26,"pct_viv_desocupada":0,"pct_alquiler":23,"pct_electricidad":100,"pct_sin_electricidad":0,"pct_agua_red":100,"pct_alcantarillado":95,"pct_camara_septica":0,"pct_pozo_ciego":0,"pct_sin_desague":5,"pct_gas_red":50,"pct_gas_garrafa":50,"pct_lena_guano":50,"pct_basura_formal":100,"pct_basura_quema":0,"pct_basura_informal":0,"pct_internet":91,"pct_celular":91,"pct_televisor":82}},{"type":"Feature","geometry":{"type":"Polygon","coordinates":[[[-66.56289,-18.4181],[-66.56332,-18.418],[-66.5632,-18.41726],[-66.56293,-18.4173],[-66.56298,-18.41765],[-66.56282,-18.41768],[-66.56284,-18.41799],[-66.56289,-18.4181]]]},"properties":{"n":"CATAVI","p":36,"personas_x_ha":104,"masculinidad":57,"pct_menor20":22,"pct_60mas":6,"pct_migrante":61,"dependencia_econ":64,"pct_empleados":32,"pct_cuentapropia":59,"pct_agricultura":14,"pct_comercio":27,"pct_manufactura":18,"pct_construccion":5,"pct_transporte":0,"pct_alojamiento":23,"pct_sin_educacion":3,"pct_educ_superior":72,"brecha_educ":-17,"pct_sin_seguro":18,"pct_sus":62,"pct_seguro_privado":0,"brecha_seguro":9,"pct_salud_publica":25,"pct_med_tradicional":11,"pct_automedicacion":16,"pct_remedios_caseros":25,"pct_viv_desocupada":9,"pct_alquiler":31,"pct_electricidad":77,"pct_sin_electricidad":23,"pct_agua_red":73,"pct_alcantarillado":62,"pct_camara_septica":4,"pct_pozo_ciego":4,"pct_sin_desague":31,"pct_gas_red":19,"pct_gas_garrafa":54,"pct_lena_guano":54,"pct_basura_formal":100,"pct_basura_quema":0,"pct_basura_informal":0,"pct_internet":73,"pct_celular":96,"pct_televisor":38}},{"type":"Feature","geometry":{"type":"Polygon","coordinates":[[[-66.56349,-18.41668],[-66.56312,-18.41681],[-66.56315,-18.41687],[-66.56343,-18.41682],[-66.56352,-18.41674],[-66.56349,-18.41668]]]},"properties":{"n":"CATAVI","p":15,"personas_x_ha":419,"masculinidad":67,"pct_menor20":47,"pct_60mas":13,"pct_migrante":53,"dependencia_econ":200,"pct_empleados":20,"pct_cuentapropia":40,"pct_agricultura":0,"pct_comercio":40,"pct_manufactura":0,"pct_construccion":0,"pct_transporte":0,"pct_alojamiento":40,"pct_sin_educacion":0,"pct_educ_superior":50,"brecha_educ":33,"pct_sin_seguro":13,"pct_sus":67,"pct_seguro_privado":0,"brecha_seguro":6,"pct_salud_publica":29,"pct_med_tradicional":4,"pct_automedicacion":22,"pct_remedios_caseros":27,"pct_viv_desocupada":0,"pct_alquiler":57,"pct_electricidad":100,"pct_sin_electricidad":0,"pct_agua_red":86,"pct_alcantarillado":86,"pct_camara_septica":14,"pct_pozo_ciego":0,"pct_sin_desague":0,"pct_gas_red":29,"pct_gas_garrafa":71,"pct_lena_guano":71,"pct_basura_formal":100,"pct_basura_quema":0,"pct_basura_informal":0,"pct_internet":100,"pct_celular":100,"pct_televisor":57}},{"type":"Feature","geometry":{"type":"Polygon","coordinates":[[[-66.56932,-18.41891],[-66.5699,-18.41874],[-66.56979,-18.4184],[-66.56919,-18.41856],[-66.56932,-18.41891]]]},"properties":{"n":"CATAVI","p":29,"personas_x_ha":110,"masculinidad":142,"pct_menor20":45,"pct_60mas":10,"pct_migrante":45,"dependencia_econ":107,"pct_empleados":14,"pct_cuentapropia":71,"pct_agricultura":0,"pct_comercio":21,"pct_manufactura":0,"pct_construccion":0,"pct_transporte":7,"pct_alojamiento":0,"pct_sin_educacion":18,"pct_educ_superior":65,"brecha_educ":-10,"pct_sin_seguro":4,"pct_sus":93,"pct_seguro_privado":0,"brecha_seguro":6,"pct_salud_publica":24,"pct_med_tradicional":4,"pct_automedicacion":13,"pct_remedios_caseros":31,"pct_viv_desocupada":11,"pct_alquiler":0,"pct_electricidad":100,"pct_sin_electricidad":0,"pct_agua_red":100,"pct_alcantarillado":67,"pct_camara_septica":0,"pct_pozo_ciego":0,"pct_sin_desague":33,"pct_gas_red":50,"pct_gas_garrafa":50,"pct_lena_guano":50,"pct_basura_formal":100,"pct_basura_quema":0,"pct_basura_informal":0,"pct_internet":100,"pct_celular":100,"pct_televisor":100}},{"type":"Feature","geometry":{"type":"Polygon","coordinates":[[[-66.5696,-18.41534],[-66.56933,-18.41535],[-66.56928,-18.41607],[-66.56967,-18.41605],[-66.5696,-18.41534]]]},"properties":{"n":"CATAVI","p":58,"personas_x_ha":213,"masculinidad":100,"pct_menor20":50,"pct_60mas":2,"pct_migrante":34,"dependencia_econ":262,"pct_empleados":56,"pct_cuentapropia":12,"pct_agricultura":0,"pct_comercio":6,"pct_manufactura":0,"pct_construccion":12,"pct_transporte":0,"pct_alojamiento":12,"pct_sin_educacion":0,"pct_educ_superior":69,"brecha_educ":-12,"pct_sin_seguro":3,"pct_sus":64,"pct_seguro_privado":0,"brecha_seguro":0,"pct_salud_publica":18,"pct_med_tradicional":7,"pct_automedicacion":17,"pct_remedios_caseros":25,"pct_viv_desocupada":0,"pct_alquiler":12,"pct_electricidad":94,"pct_sin_electricidad":0,"pct_agua_red":100,"pct_alcantarillado":44,"pct_camara_septica":0,"pct_pozo_ciego":0,"pct_sin_desague":12,"pct_gas_red":62,"pct_gas_garrafa":38,"pct_lena_guano":38,"pct_basura_formal":100,"pct_basura_quema":0,"pct_basura_informal":0,"pct_internet":100,"pct_celular":100,"pct_televisor":94}},{"type":"Feature","geometry":{"type":"Polygon","coordinates":[[[-66.56858,-18.41634],[-66.56822,-18.41634],[-66.56821,-18.41703],[-66.56839,-18.41762],[-66.56865,-18.41754],[-66.56858,-18.41634]]]},"properties":{"n":"CATAVI","p":63,"personas_x_ha":126,"masculinidad":80,"pct_menor20":25,"pct_60mas":11,"pct_migrante":41,"dependencia_econ":97,"pct_empleados":34,"pct_cuentapropia":62,"pct_agricultura":6,"pct_comercio":22,"pct_manufactura":22,"pct_construccion":12,"pct_transporte":9,"pct_alojamiento":6,"pct_sin_educacion":2,"pct_educ_superior":53,"brecha_educ":-21,"pct_sin_seguro":10,"pct_sus":75,"pct_seguro_privado":0,"brecha_seguro":-4,"pct_salud_publica":23,"pct_med_tradicional":13,"pct_automedicacion":22,"pct_remedios_caseros":25,"pct_viv_desocupada":3,"pct_alquiler":62,"pct_electricidad":100,"pct_sin_electricidad":0,"pct_agua_red":100,"pct_alcantarillado":100,"pct_camara_septica":0,"pct_pozo_ciego":0,"pct_sin_desague":0,"pct_gas_red":31,"pct_gas_garrafa":69,"pct_lena_guano":69,"pct_basura_formal":100,"pct_basura_quema":0,"pct_basura_informal":0,"pct_internet":97,"pct_celular":97,"pct_televisor":55}},{"type":"Feature","geometry":{"type":"Polygon","coordinates":[[[-66.56484,-18.41732],[-66.56468,-18.41679],[-66.56369,-18.41698],[-66.56385,-18.41757],[-66.56484,-18.41732]]]},"properties":{"n":"CATAVI","p":39,"personas_x_ha":54,"masculinidad":86,"pct_menor20":46,"pct_60mas":3,"pct_migrante":33,"dependencia_econ":129,"pct_empleados":29,"pct_cuentapropia":53,"pct_agricultura":12,"pct_comercio":18,"pct_manufactura":12,"pct_construccion":6,"pct_transporte":6,"pct_alojamiento":6,"pct_sin_educacion":0,"pct_educ_superior":52,"brecha_educ":-18,"pct_sin_seguro":15,"pct_sus":85,"pct_seguro_privado":0,"brecha_seguro":2,"pct_salud_publica":14,"pct_med_tradicional":1,"pct_automedicacion":23,"pct_remedios_caseros":33,"pct_viv_desocupada":6,"pct_alquiler":31,"pct_electricidad":69,"pct_sin_electricidad":31,"pct_agua_red":75,"pct_alcantarillado":56,"pct_camara_septica":0,"pct_pozo_ciego":6,"pct_sin_desague":38,"pct_gas_red":19,"pct_gas_garrafa":62,"pct_lena_guano":62,"pct_basura_formal":100,"pct_basura_quema":0,"pct_basura_informal":0,"pct_internet":69,"pct_celular":69,"pct_televisor":50}},{"type":"Feature","geometry":{"type":"Polygon","coordinates":[[[-66.56976,-18.41833],[-66.57014,-18.41822],[-66.56984,-18.41732],[-66.56945,-18.41744],[-66.56976,-18.41833]]]},"properties":{"n":"CATAVI","p":43,"personas_x_ha":90,"masculinidad":115,"pct_menor20":42,"pct_60mas":5,"pct_migrante":47,"dependencia_econ":139,"pct_empleados":50,"pct_cuentapropia":33,"pct_agricultura":17,"pct_comercio":28,"pct_manufactura":6,"pct_construccion":11,"pct_transporte":11,"pct_alojamiento":0,"pct_sin_educacion":4,"pct_educ_superior":46,"brecha_educ":-23,"pct_sin_seguro":12,"pct_sus":85,"pct_seguro_privado":0,"brecha_seguro":12,"pct_salud_publica":25,"pct_med_tradicional":22,"pct_automedicacion":24,"pct_remedios_caseros":25,"pct_viv_desocupada":0,"pct_alquiler":39,"pct_electricidad":94,"pct_sin_electricidad":6,"pct_agua_red":78,"pct_alcantarillado":83,"pct_camara_septica":0,"pct_pozo_ciego":0,"pct_sin_desague":17,"pct_gas_red":22,"pct_gas_garrafa":72,"pct_lena_guano":72,"pct_basura_formal":100,"pct_basura_quema":0,"pct_basura_informal":0,"pct_internet":83,"pct_celular":89,"pct_televisor":67}},{"type":"Feature","geometry":{"type":"Polygon","coordinates":[[[-66.56954,-18.41795],[-66.56939,-18.41744],[-66.56908,-18.41752],[-66.56919,-18.41805],[-66.56954,-18.41795]]]},"properties":{"n":"CATAVI","p":17,"personas_x_ha":72,"masculinidad":70,"pct_menor20":24,"pct_60mas":24,"pct_migrante":65,"dependencia_econ":240,"pct_empleados":20,"pct_cuentapropia":60,"pct_agricultura":0,"pct_comercio":20,"pct_manufactura":0,"pct_construccion":20,"pct_transporte":0,"pct_alojamiento":20,"pct_sin_educacion":8,"pct_educ_superior":38,"brecha_educ":-25,"pct_sin_seguro":29,"pct_sus":71,"pct_seguro_privado":0,"brecha_seguro":47,"pct_salud_publica":23,"pct_med_tradicional":8,"pct_automedicacion":29,"pct_remedios_caseros":27,"pct_viv_desocupada":27,"pct_alquiler":25,"pct_electricidad":88,"pct_sin_electricidad":12,"pct_agua_red":88,"pct_alcantarillado":75,"pct_camara_septica":0,"pct_pozo_ciego":0,"pct_sin_desague":25,"pct_gas_red":50,"pct_gas_garrafa":50,"pct_lena_guano":50,"pct_basura_formal":100,"pct_basura_quema":0,"pct_basura_informal":0,"pct_internet":75,"pct_celular":88,"pct_televisor":38}},{"type":"Feature","geometry":{"type":"Polygon","coordinates":[[[-66.56771,-18.41839],[-66.5679,-18.4183],[-66.56777,-18.41804],[-66.56758,-18.41811],[-66.56771,-18.41839]]]},"properties":{"n":"CATAVI","p":29,"personas_x_ha":392,"masculinidad":93,"pct_menor20":45,"pct_60mas":3,"pct_migrante":31,"dependencia_econ":164,"pct_empleados":64,"pct_cuentapropia":36,"pct_agricultura":0,"pct_comercio":18,"pct_manufactura":9,"pct_construccion":18,"pct_transporte":18,"pct_alojamiento":9,"pct_sin_educacion":6,"pct_educ_superior":61,"brecha_educ":0,"pct_sin_seguro":10,"pct_sus":72,"pct_seguro_privado":0,"brecha_seguro":-6,"pct_salud_publica":18,"pct_med_tradicional":16,"pct_automedicacion":19,"pct_remedios_caseros":27,"pct_viv_desocupada":0,"pct_alquiler":33,"pct_electricidad":100,"pct_sin_electricidad":0,"pct_agua_red":100,"pct_alcantarillado":100,"pct_camara_septica":0,"pct_pozo_ciego":0,"pct_sin_desague":0,"pct_gas_red":56,"pct_gas_garrafa":44,"pct_lena_guano":44,"pct_basura_formal":100,"pct_basura_quema":0,"pct_basura_informal":0,"pct_internet":100,"pct_celular":100,"pct_televisor":78}},{"type":"Feature","geometry":{"type":"Polygon","coordinates":[[[-66.56832,-18.41835],[-66.56818,-18.41799],[-66.56785,-18.41803],[-66.56802,-18.41835],[-66.56769,-18.41846],[-66.56721,-18.41877],[-66.56718,-18.41893],[-66.56724,-18.41901],[-66.56832,-18.41835]]]},"properties":{"n":"CATAVI","p":37,"personas_x_ha":97,"masculinidad":61,"pct_menor20":38,"pct_60mas":3,"pct_migrante":41,"dependencia_econ":106,"pct_empleados":39,"pct_cuentapropia":44,"pct_agricultura":17,"pct_comercio":33,"pct_manufactura":0,"pct_construccion":0,"pct_transporte":11,"pct_alojamiento":17,"pct_sin_educacion":4,"pct_educ_superior":58,"brecha_educ":-7,"pct_sin_seguro":14,"pct_sus":84,"pct_seguro_privado":3,"brecha_seguro":13,"pct_salud_publica":23,"pct_med_tradicional":11,"pct_automedicacion":23,"pct_remedios_caseros":23,"pct_viv_desocupada":5,"pct_alquiler":50,"pct_electricidad":100,"pct_sin_electricidad":0,"pct_agua_red":100,"pct_alcantarillado":100,"pct_camara_septica":0,"pct_pozo_ciego":0,"pct_sin_desague":0,"pct_gas_red":44,"pct_gas_garrafa":56,"pct_lena_guano":56,"pct_basura_formal":100,"pct_basura_quema":0,"pct_basura_informal":0,"pct_internet":94,"pct_celular":94,"pct_televisor":62}},{"type":"Feature","geometry":{"type":"Polygon","coordinates":[[[-66.56755,-18.41744],[-66.56791,-18.41708],[-66.56785,-18.41698],[-66.56748,-18.41732],[-66.56755,-18.41744]]]},"properties":{"n":"CATAVI","p":15,"personas_x_ha":162,"masculinidad":200,"pct_menor20":20,"pct_60mas":20,"pct_migrante":40,"dependencia_econ":114,"pct_empleados":86,"pct_cuentapropia":0,"pct_agricultura":0,"pct_comercio":0,"pct_manufactura":0,"pct_construccion":0,"pct_transporte":14,"pct_alojamiento":0,"pct_sin_educacion":0,"pct_educ_superior":38,"brecha_educ":-25,"pct_sin_seguro":47,"pct_sus":53,"pct_seguro_privado":0,"brecha_seguro":-20,"pct_salud_publica":26,"pct_med_tradicional":0,"pct_automedicacion":31,"pct_remedios_caseros":31,"pct_viv_desocupada":0,"pct_alquiler":33,"pct_electricidad":100,"pct_sin_electricidad":0,"pct_agua_red":83,"pct_alcantarillado":83,"pct_camara_septica":0,"pct_pozo_ciego":17,"pct_sin_desague":0,"pct_gas_red":17,"pct_gas_garrafa":83,"pct_lena_guano":83,"pct_basura_formal":100,"pct_basura_quema":0,"pct_basura_informal":0,"pct_internet":83,"pct_celular":83,"pct_televisor":67}},{"type":"Feature","geometry":{"type":"Polygon","coordinates":[[[-66.56708,-18.41622],[-66.566,-18.41645],[-66.56606,-18.41674],[-66.56716,-18.41652],[-66.56708,-18.41622]]]},"properties":{"n":"CATAVI","p":46,"personas_x_ha":111,"masculinidad":59,"pct_menor20":37,"pct_60mas":7,"pct_migrante":43,"dependencia_econ":119,"pct_empleados":38,"pct_cuentapropia":33,"pct_agricultura":5,"pct_comercio":33,"pct_manufactura":10,"pct_construccion":10,"pct_transporte":0,"pct_alojamiento":10,"pct_sin_educacion":0,"pct_educ_superior":71,"brecha_educ":0,"pct_sin_seguro":9,"pct_sus":76,"pct_seguro_privado":2,"brecha_seguro":14,"pct_salud_publica":24,"pct_med_tradicional":8,"pct_automedicacion":22,"pct_remedios_caseros":24,"pct_viv_desocupada":7,"pct_alquiler":8,"pct_electricidad":92,"pct_sin_electricidad":8,"pct_agua_red":85,"pct_alcantarillado":100,"pct_camara_septica":0,"pct_pozo_ciego":0,"pct_sin_desague":0,"pct_gas_red":38,"pct_gas_garrafa":62,"pct_lena_guano":62,"pct_basura_formal":100,"pct_basura_quema":0,"pct_basura_informal":0,"pct_internet":85,"pct_celular":85,"pct_televisor":85}},{"type":"Feature","geometry":{"type":"Polygon","coordinates":[[[-66.56769,-18.41162],[-66.56649,-18.41182],[-66.56657,-18.41238],[-66.56794,-18.4122],[-66.56787,-18.41172],[-66.56769,-18.41162]]]},"properties":{"n":"CATAVI","p":76,"personas_x_ha":81,"masculinidad":81,"pct_menor20":30,"pct_60mas":21,"pct_migrante":41,"dependencia_econ":162,"pct_empleados":38,"pct_cuentapropia":28,"pct_agricultura":10,"pct_comercio":10,"pct_manufactura":3,"pct_construccion":3,"pct_transporte":3,"pct_alojamiento":7,"pct_sin_educacion":2,"pct_educ_superior":51,"brecha_educ":4,"pct_sin_seguro":5,"pct_sus":57,"pct_seguro_privado":7,"brecha_seguro":1,"pct_salud_publica":25,"pct_med_tradicional":5,"pct_automedicacion":22,"pct_remedios_caseros":23,"pct_viv_desocupada":0,"pct_alquiler":0,"pct_electricidad":100,"pct_sin_electricidad":0,"pct_agua_red":93,"pct_alcantarillado":73,"pct_camara_septica":3,"pct_pozo_ciego":0,"pct_sin_desague":23,"pct_gas_red":0,"pct_gas_garrafa":93,"pct_lena_guano":93,"pct_basura_formal":97,"pct_basura_quema":0,"pct_basura_informal":7,"pct_internet":73,"pct_celular":90,"pct_televisor":97}},{"type":"Feature","geometry":{"type":"Polygon","coordinates":[[[-66.56274,-18.4134],[-66.56344,-18.41345],[-66.56342,-18.41303],[-66.56404,-18.41295],[-66.56397,-18.41256],[-66.56287,-18.41267],[-66.56267,-18.41277],[-66.56274,-18.4134]]]},"properties":{"n":"CATAVI","p":63,"personas_x_ha":69,"masculinidad":97,"pct_menor20":30,"pct_60mas":13,"pct_migrante":43,"dependencia_econ":80,"pct_empleados":40,"pct_cuentapropia":43,"pct_agricultura":3,"pct_comercio":29,"pct_manufactura":3,"pct_construccion":0,"pct_transporte":6,"pct_alojamiento":3,"pct_sin_educacion":0,"pct_educ_superior":76,"brecha_educ":-4,"pct_sin_seguro":10,"pct_sus":67,"pct_seguro_privado":2,"brecha_seguro":7,"pct_salud_publica":30,"pct_med_tradicional":12,"pct_automedicacion":15,"pct_remedios_caseros":21,"pct_viv_desocupada":0,"pct_alquiler":10,"pct_electricidad":90,"pct_sin_electricidad":0,"pct_agua_red":85,"pct_alcantarillado":90,"pct_camara_septica":0,"pct_pozo_ciego":0,"pct_sin_desague":10,"pct_gas_red":40,"pct_gas_garrafa":60,"pct_lena_guano":60,"pct_basura_formal":100,"pct_basura_quema":0,"pct_basura_informal":0,"pct_internet":80,"pct_celular":80,"pct_televisor":80}},{"type":"Feature","geometry":{"type":"Polygon","coordinates":[[[-66.56161,-18.41497],[-66.5608,-18.41506],[-66.5608,-18.41515],[-66.56162,-18.41506],[-66.56161,-18.41497]]]},"properties":{"n":"CATAVI","p":38,"personas_x_ha":427,"masculinidad":65,"pct_menor20":55,"pct_60mas":3,"pct_migrante":45,"dependencia_econ":124,"pct_empleados":18,"pct_cuentapropia":53,"pct_agricultura":29,"pct_comercio":6,"pct_manufactura":6,"pct_construccion":6,"pct_transporte":0,"pct_alojamiento":6,"pct_sin_educacion":0,"pct_educ_superior":11,"brecha_educ":-11,"pct_sin_seguro":3,"pct_sus":97,"pct_seguro_privado":0,"brecha_seguro":7,"pct_salud_publica":25,"pct_med_tradicional":8,"pct_automedicacion":21,"pct_remedios_caseros":20,"pct_viv_desocupada":0,"pct_alquiler":0,"pct_electricidad":100,"pct_sin_electricidad":0,"pct_agua_red":93,"pct_alcantarillado":87,"pct_camara_septica":0,"pct_pozo_ciego":0,"pct_sin_desague":13,"pct_gas_red":27,"pct_gas_garrafa":73,"pct_lena_guano":73,"pct_basura_formal":100,"pct_basura_quema":0,"pct_basura_informal":0,"pct_internet":60,"pct_celular":87,"pct_televisor":73}},{"type":"Feature","geometry":{"type":"Polygon","coordinates":[[[-66.56442,-18.41432],[-66.56308,-18.41446],[-66.5631,-18.41452],[-66.56282,-18.41475],[-66.56339,-18.41613],[-66.56496,-18.41557],[-66.56574,-18.41513],[-66.56585,-18.41492],[-66.56571,-18.41463],[-66.56593,-18.41452],[-66.56574,-18.4142],[-66.56445,-18.41432],[-66.56454,-18.4146],[-66.56442,-18.41432]]]},"properties":{"n":"CATAVI","p":54,"personas_x_ha":12,"masculinidad":50,"pct_menor20":39,"pct_60mas":2,"pct_migrante":65,"dependencia_econ":145,"pct_empleados":64,"pct_cuentapropia":9,"pct_agricultura":14,"pct_comercio":23,"pct_manufactura":0,"pct_construccion":0,"pct_transporte":5,"pct_alojamiento":5,"pct_sin_educacion":3,"pct_educ_superior":78,"brecha_educ":-4,"pct_sin_seguro":13,"pct_sus":55,"pct_seguro_privado":0,"brecha_seguro":-3,"pct_salud_publica":24,"pct_med_tradicional":9,"pct_automedicacion":24,"pct_remedios_caseros":25,"pct_viv_desocupada":0,"pct_alquiler":68,"pct_electricidad":97,"pct_sin_electricidad":0,"pct_agua_red":94,"pct_alcantarillado":94,"pct_camara_septica":3,"pct_pozo_ciego":0,"pct_sin_desague":3,"pct_gas_red":12,"pct_gas_garrafa":85,"pct_lena_guano":85,"pct_basura_formal":100,"pct_basura_quema":0,"pct_basura_informal":0,"pct_internet":79,"pct_celular":79,"pct_televisor":41}},{"type":"Feature","geometry":{"type":"Polygon","coordinates":[[[-66.56302,-18.41542],[-66.56264,-18.41557],[-66.56271,-18.41574],[-66.56309,-18.4156],[-66.56302,-18.41542]]]},"properties":{"n":"CATAVI","p":25,"personas_x_ha":268,"masculinidad":67,"pct_menor20":24,"pct_60mas":20,"pct_migrante":36,"dependencia_econ":79,"pct_empleados":71,"pct_cuentapropia":14,"pct_agricultura":21,"pct_comercio":7,"pct_manufactura":7,"pct_construccion":0,"pct_transporte":0,"pct_alojamiento":0,"pct_sin_educacion":16,"pct_educ_superior":63,"brecha_educ":-15,"pct_sin_seguro":12,"pct_sus":28,"pct_seguro_privado":0,"brecha_seguro":13,"pct_salud_publica":11,"pct_med_tradicional":13,"pct_automedicacion":14,"pct_remedios_caseros":25,"pct_viv_desocupada":11,"pct_alquiler":0,"pct_electricidad":100,"pct_sin_electricidad":0,"pct_agua_red":100,"pct_alcantarillado":100,"pct_camara_septica":0,"pct_pozo_ciego":0,"pct_sin_desague":0,"pct_gas_red":62,"pct_gas_garrafa":38,"pct_lena_guano":38,"pct_basura_formal":100,"pct_basura_quema":0,"pct_basura_informal":0,"pct_internet":62,"pct_celular":88,"pct_televisor":100}},{"type":"Feature","geometry":{"type":"Polygon","coordinates":[[[-66.56167,-18.41607],[-66.56166,-18.4159],[-66.56091,-18.41598],[-66.56094,-18.41615],[-66.56167,-18.41607]]]},"properties":{"n":"CATAVI","p":62,"personas_x_ha":399,"masculinidad":88,"pct_menor20":58,"pct_60mas":2,"pct_migrante":24,"dependencia_econ":226,"pct_empleados":21,"pct_cuentapropia":58,"pct_agricultura":16,"pct_comercio":5,"pct_manufactura":16,"pct_construccion":0,"pct_transporte":16,"pct_alojamiento":11,"pct_sin_educacion":0,"pct_educ_superior":50,"brecha_educ":-11,"pct_sin_seguro":8,"pct_sus":53,"pct_seguro_privado":6,"brecha_seguro":-2,"pct_salud_publica":29,"pct_med_tradicional":16,"pct_automedicacion":13,"pct_remedios_caseros":24,"pct_viv_desocupada":0,"pct_alquiler":0,"pct_electricidad":100,"pct_sin_electricidad":0,"pct_agua_red":100,"pct_alcantarillado":100,"pct_camara_septica":0,"pct_pozo_ciego":0,"pct_sin_desague":0,"pct_gas_red":50,"pct_gas_garrafa":50,"pct_lena_guano":50,"pct_basura_formal":90,"pct_basura_quema":10,"pct_basura_informal":0,"pct_internet":80,"pct_celular":90,"pct_televisor":80}},{"type":"Feature","geometry":{"type":"Polygon","coordinates":[[[-66.56482,-18.41598],[-66.56474,-18.41578],[-66.56421,-18.41597],[-66.56427,-18.41614],[-66.56482,-18.41598]]]},"properties":{"n":"CATAVI","p":19,"personas_x_ha":141,"masculinidad":73,"pct_menor20":26,"pct_60mas":21,"pct_migrante":42,"dependencia_econ":58,"pct_empleados":58,"pct_cuentapropia":25,"pct_agricultura":8,"pct_comercio":8,"pct_manufactura":0,"pct_construccion":0,"pct_transporte":17,"pct_alojamiento":0,"pct_sin_educacion":7,"pct_educ_superior":60,"brecha_educ":-17,"pct_sin_seguro":16,"pct_sus":21,"pct_seguro_privado":0,"brecha_seguro":16,"pct_salud_publica":22,"pct_med_tradicional":21,"pct_automedicacion":10,"pct_remedios_caseros":24,"pct_viv_desocupada":0,"pct_alquiler":33,"pct_electricidad":100,"pct_sin_electricidad":0,"pct_agua_red":100,"pct_alcantarillado":100,"pct_camara_septica":0,"pct_pozo_ciego":0,"pct_sin_desague":0,"pct_gas_red":56,"pct_gas_garrafa":33,"pct_lena_guano":33,"pct_basura_formal":100,"pct_basura_quema":0,"pct_basura_informal":0,"pct_internet":89,"pct_celular":100,"pct_televisor":78}},{"type":"Feature","geometry":{"type":"Polygon","coordinates":[[[-66.56897,-18.41607],[-66.5692,-18.41608],[-66.56932,-18.41476],[-66.56963,-18.41386],[-66.56941,-18.41378],[-66.56936,-18.41399],[-66.56909,-18.4144],[-66.56897,-18.41607]]]},"properties":{"n":"CATAVI","p":108,"personas_x_ha":159,"masculinidad":104,"pct_menor20":36,"pct_60mas":13,"pct_migrante":40,"dependencia_econ":151,"pct_empleados":60,"pct_cuentapropia":30,"pct_agricultura":5,"pct_comercio":21,"pct_manufactura":5,"pct_construccion":5,"pct_transporte":7,"pct_alojamiento":2,"pct_sin_educacion":0,"pct_educ_superior":67,"brecha_educ":-3,"pct_sin_seguro":11,"pct_sus":73,"pct_seguro_privado":0,"brecha_seguro":4,"pct_salud_publica":37,"pct_med_tradicional":5,"pct_automedicacion":16,"pct_remedios_caseros":20,"pct_viv_desocupada":3,"pct_alquiler":17,"pct_electricidad":100,"pct_sin_electricidad":0,"pct_agua_red":86,"pct_alcantarillado":92,"pct_camara_septica":0,"pct_pozo_ciego":0,"pct_sin_desague":6,"pct_gas_red":78,"pct_gas_garrafa":22,"pct_lena_guano":22,"pct_basura_formal":97,"pct_basura_quema":0,"pct_basura_informal":0,"pct_internet":81,"pct_celular":94,"pct_televisor":86}},{"type":"Feature","geometry":{"type":"Polygon","coordinates":[[[-66.56089,-18.4157],[-66.5609,-18.41578],[-66.5616,-18.41569],[-66.56158,-18.41561],[-66.56089,-18.4157]]]},"properties":{"n":"CATAVI","p":24,"personas_x_ha":319,"masculinidad":60,"pct_menor20":46,"pct_60mas":8,"pct_migrante":50,"dependencia_econ":140,"pct_empleados":20,"pct_cuentapropia":80,"pct_agricultura":0,"pct_comercio":20,"pct_manufactura":10,"pct_construccion":10,"pct_transporte":10,"pct_alojamiento":10,"pct_sin_educacion":7,"pct_educ_superior":29,"brecha_educ":-4,"pct_sin_seguro":4,"pct_sus":88,"pct_seguro_privado":0,"brecha_seguro":11,"pct_salud_publica":25,"pct_med_tradicional":9,"pct_automedicacion":25,"pct_remedios_caseros":30,"pct_viv_desocupada":0,"pct_alquiler":0,"pct_electricidad":100,"pct_sin_electricidad":0,"pct_agua_red":100,"pct_alcantarillado":100,"pct_camara_septica":0,"pct_pozo_ciego":0,"pct_sin_desague":0,"pct_gas_red":43,"pct_gas_garrafa":57,"pct_lena_guano":57,"pct_basura_formal":100,"pct_basura_quema":0,"pct_basura_informal":0,"pct_internet":86,"pct_celular":100,"pct_televisor":100}},{"type":"Feature","geometry":{"type":"Polygon","coordinates":[[[-66.56623,-18.41775],[-66.56528,-18.41795],[-66.56535,-18.41829],[-66.56608,-18.41813],[-66.56625,-18.41788],[-66.56623,-18.41775]]]},"properties":{"n":"CATAVI","p":47,"personas_x_ha":124,"masculinidad":194,"pct_menor20":43,"pct_60mas":4,"pct_migrante":49,"dependencia_econ":96,"pct_empleados":29,"pct_cuentapropia":54,"pct_agricultura":4,"pct_comercio":33,"pct_manufactura":8,"pct_construccion":25,"pct_transporte":0,"pct_alojamiento":0,"pct_sin_educacion":7,"pct_educ_superior":22,"brecha_educ":-18,"pct_sin_seguro":9,"pct_sus":83,"pct_seguro_privado":0,"brecha_seguro":13,"pct_salud_publica":33,"pct_med_tradicional":7,"pct_automedicacion":15,"pct_remedios_caseros":33,"pct_viv_desocupada":0,"pct_alquiler":10,"pct_electricidad":85,"pct_sin_electricidad":15,"pct_agua_red":75,"pct_alcantarillado":5,"pct_camara_septica":5,"pct_pozo_ciego":15,"pct_sin_desague":75,"pct_gas_red":40,"pct_gas_garrafa":55,"pct_lena_guano":55,"pct_basura_formal":100,"pct_basura_quema":0,"pct_basura_informal":0,"pct_internet":100,"pct_celular":100,"pct_televisor":65}},{"type":"Feature","geometry":{"type":"Polygon","coordinates":[[[-66.56159,-18.41442],[-66.56184,-18.41439],[-66.56182,-18.41418],[-66.56155,-18.41421],[-66.56159,-18.41442]]]},"properties":{"n":"CATAVI","p":19,"personas_x_ha":265,"masculinidad":171,"pct_menor20":47,"pct_60mas":5,"pct_migrante":0,"dependencia_econ":171,"pct_empleados":14,"pct_cuentapropia":71,"pct_agricultura":29,"pct_comercio":43,"pct_manufactura":0,"pct_construccion":14,"pct_transporte":0,"pct_alojamiento":0,"pct_sin_educacion":0,"pct_educ_superior":20,"brecha_educ":-60,"pct_sin_seguro":0,"pct_sus":89,"pct_seguro_privado":11,"brecha_seguro":0,"pct_salud_publica":28,"pct_med_tradicional":6,"pct_automedicacion":16,"pct_remedios_caseros":27,"pct_viv_desocupada":0,"pct_alquiler":0,"pct_electricidad":100,"pct_sin_electricidad":0,"pct_agua_red":71,"pct_alcantarillado":57,"pct_camara_septica":0,"pct_pozo_ciego":0,"pct_sin_desague":43,"pct_gas_red":57,"pct_gas_garrafa":43,"pct_lena_guano":43,"pct_basura_formal":100,"pct_basura_quema":0,"pct_basura_informal":0,"pct_internet":86,"pct_celular":100,"pct_televisor":86}},{"type":"Feature","geometry":{"type":"Polygon","coordinates":[[[-66.56932,-18.41394],[-66.56917,-18.41384],[-66.56892,-18.4143],[-66.56907,-18.41437],[-66.56932,-18.41394]]]},"properties":{"n":"CATAVI","p":23,"personas_x_ha":192,"masculinidad":53,"pct_menor20":26,"pct_60mas":9,"pct_migrante":70,"dependencia_econ":77,"pct_empleados":77,"pct_cuentapropia":15,"pct_agricultura":0,"pct_comercio":15,"pct_manufactura":8,"pct_construccion":0,"pct_transporte":0,"pct_alojamiento":8,"pct_sin_educacion":0,"pct_educ_superior":94,"brecha_educ":0,"pct_sin_seguro":22,"pct_sus":78,"pct_seguro_privado":0,"brecha_seguro":-14,"pct_salud_publica":15,"pct_med_tradicional":7,"pct_automedicacion":22,"pct_remedios_caseros":28,"pct_viv_desocupada":0,"pct_alquiler":29,"pct_electricidad":100,"pct_sin_electricidad":0,"pct_agua_red":100,"pct_alcantarillado":100,"pct_camara_septica":0,"pct_pozo_ciego":0,"pct_sin_desague":0,"pct_gas_red":43,"pct_gas_garrafa":57,"pct_lena_guano":57,"pct_basura_formal":100,"pct_basura_quema":0,"pct_basura_informal":0,"pct_internet":100,"pct_celular":100,"pct_televisor":100}},{"type":"Feature","geometry":{"type":"Polygon","coordinates":[[[-66.56024,-18.41445],[-66.55973,-18.41477],[-66.55964,-18.41493],[-66.55984,-18.41503],[-66.56006,-18.4149],[-66.56038,-18.41461],[-66.56024,-18.41445]]]},"properties":{"n":"CATAVI","p":19,"personas_x_ha":88,"masculinidad":111,"pct_menor20":58,"pct_60mas":11,"pct_migrante":37,"dependencia_econ":171,"pct_empleados":29,"pct_cuentapropia":43,"pct_agricultura":29,"pct_comercio":29,"pct_manufactura":0,"pct_construccion":0,"pct_transporte":0,"pct_alojamiento":14,"pct_sin_educacion":33,"pct_educ_superior":22,"brecha_educ":-35,"pct_sin_seguro":11,"pct_sus":89,"pct_seguro_privado":0,"brecha_seguro":20,"pct_salud_publica":21,"pct_med_tradicional":5,"pct_automedicacion":14,"pct_remedios_caseros":32,"pct_viv_desocupada":0,"pct_alquiler":0,"pct_electricidad":71,"pct_sin_electricidad":29,"pct_agua_red":100,"pct_alcantarillado":0,"pct_camara_septica":0,"pct_pozo_ciego":14,"pct_sin_desague":86,"pct_gas_red":43,"pct_gas_garrafa":57,"pct_lena_guano":57,"pct_basura_formal":57,"pct_basura_quema":29,"pct_basura_informal":29,"pct_internet":71,"pct_celular":86,"pct_televisor":71}},{"type":"Feature","geometry":{"type":"Polygon","coordinates":[[[-66.56642,-18.41412],[-66.56638,-18.41383],[-66.56616,-18.41366],[-66.56593,-18.41369],[-66.56593,-18.4138],[-66.56567,-18.41392],[-66.56587,-18.41418],[-66.56642,-18.41412]]]},"properties":{"n":"CATAVI","p":41,"personas_x_ha":131,"masculinidad":78,"pct_menor20":24,"pct_60mas":7,"pct_migrante":76,"dependencia_econ":122,"pct_empleados":39,"pct_cuentapropia":33,"pct_agricultura":11,"pct_comercio":6,"pct_manufactura":17,"pct_construccion":17,"pct_transporte":6,"pct_alojamiento":17,"pct_sin_educacion":0,"pct_educ_superior":68,"brecha_educ":-6,"pct_sin_seguro":22,"pct_sus":42,"pct_seguro_privado":0,"brecha_seguro":10,"pct_salud_publica":20,"pct_med_tradicional":14,"pct_automedicacion":21,"pct_remedios_caseros":23,"pct_viv_desocupada":0,"pct_alquiler":62,"pct_electricidad":100,"pct_sin_electricidad":0,"pct_agua_red":100,"pct_alcantarillado":96,"pct_camara_septica":0,"pct_pozo_ciego":4,"pct_sin_desague":0,"pct_gas_red":31,"pct_gas_garrafa":65,"pct_lena_guano":65,"pct_basura_formal":100,"pct_basura_quema":0,"pct_basura_informal":0,"pct_internet":96,"pct_celular":96,"pct_televisor":46}},{"type":"Feature","geometry":{"type":"Polygon","coordinates":[[[-66.56159,-18.41482],[-66.56158,-18.41473],[-66.56081,-18.41482],[-66.56082,-18.41491],[-66.56159,-18.41482]]]},"properties":{"n":"CATAVI","p":48,"personas_x_ha":579,"masculinidad":100,"pct_menor20":44,"pct_60mas":0,"pct_migrante":58,"dependencia_econ":129,"pct_empleados":24,"pct_cuentapropia":57,"pct_agricultura":19,"pct_comercio":29,"pct_manufactura":0,"pct_construccion":0,"pct_transporte":10,"pct_alojamiento":5,"pct_sin_educacion":7,"pct_educ_superior":11,"brecha_educ":2,"pct_sin_seguro":15,"pct_sus":65,"pct_seguro_privado":15,"brecha_seguro":4,"pct_salud_publica":18,"pct_med_tradicional":18,"pct_automedicacion":19,"pct_remedios_caseros":25,"pct_viv_desocupada":0,"pct_alquiler":0,"pct_electricidad":100,"pct_sin_electricidad":0,"pct_agua_red":92,"pct_alcantarillado":58,"pct_camara_septica":0,"pct_pozo_ciego":0,"pct_sin_desague":42,"pct_gas_red":75,"pct_gas_garrafa":25,"pct_lena_guano":25,"pct_basura_formal":92,"pct_basura_quema":8,"pct_basura_informal":0,"pct_internet":58,"pct_celular":100,"pct_televisor":83}},{"type":"Feature","geometry":{"type":"Polygon","coordinates":[[[-66.56749,-18.41284],[-66.5683,-18.41273],[-66.56829,-18.41258],[-66.56747,-18.41271],[-66.56749,-18.41284]]]},"properties":{"n":"CATAVI","p":59,"personas_x_ha":422,"masculinidad":69,"pct_menor20":47,"pct_60mas":0,"pct_migrante":20,"dependencia_econ":269,"pct_empleados":62,"pct_cuentapropia":25,"pct_agricultura":0,"pct_comercio":12,"pct_manufactura":0,"pct_construccion":6,"pct_transporte":12,"pct_alojamiento":25,"pct_sin_educacion":0,"pct_educ_superior":68,"brecha_educ":-7,"pct_sin_seguro":10,"pct_sus":72,"pct_seguro_privado":5,"brecha_seguro":11,"pct_salud_publica":24,"pct_med_tradicional":14,"pct_automedicacion":21,"pct_remedios_caseros":20,"pct_viv_desocupada":0,"pct_alquiler":33,"pct_electricidad":100,"pct_sin_electricidad":0,"pct_agua_red":67,"pct_alcantarillado":92,"pct_camara_septica":0,"pct_pozo_ciego":0,"pct_sin_desague":8,"pct_gas_red":0,"pct_gas_garrafa":100,"pct_lena_guano":100,"pct_basura_formal":100,"pct_basura_quema":0,"pct_basura_informal":0,"pct_internet":92,"pct_celular":92,"pct_televisor":83}},{"type":"Feature","geometry":{"type":"Polygon","coordinates":[[[-66.56261,-18.41669],[-66.56244,-18.41656],[-66.56204,-18.41685],[-66.56232,-18.41713],[-66.56261,-18.41669]]]},"properties":{"n":"CATAVI","p":19,"personas_x_ha":98,"masculinidad":73,"pct_menor20":16,"pct_60mas":32,"pct_migrante":42,"dependencia_econ":90,"pct_empleados":20,"pct_cuentapropia":50,"pct_agricultura":20,"pct_comercio":0,"pct_manufactura":20,"pct_construccion":10,"pct_transporte":0,"pct_alojamiento":0,"pct_sin_educacion":19,"pct_educ_superior":19,"brecha_educ":-40,"pct_sin_seguro":5,"pct_sus":84,"pct_seguro_privado":0,"brecha_seguro":12,"pct_salud_publica":18,"pct_med_tradicional":4,"pct_automedicacion":10,"pct_remedios_caseros":33,"pct_viv_desocupada":0,"pct_alquiler":15,"pct_electricidad":92,"pct_sin_electricidad":8,"pct_agua_red":38,"pct_alcantarillado":8,"pct_camara_septica":8,"pct_pozo_ciego":0,"pct_sin_desague":85,"pct_gas_red":0,"pct_gas_garrafa":100,"pct_lena_guano":100,"pct_basura_formal":69,"pct_basura_quema":0,"pct_basura_informal":46,"pct_internet":54,"pct_celular":77,"pct_televisor":31}},{"type":"Feature","geometry":{"type":"Polygon","coordinates":[[[-66.56534,-18.40989],[-66.56496,-18.41001],[-66.565,-18.41014],[-66.56539,-18.41002],[-66.56534,-18.40989]]]},"properties":{"n":"CATAVI","p":34,"personas_x_ha":510,"masculinidad":62,"pct_menor20":44,"pct_60mas":0,"pct_migrante":35,"dependencia_econ":127,"pct_empleados":33,"pct_cuentapropia":47,"pct_agricultura":0,"pct_comercio":47,"pct_manufactura":7,"pct_construccion":27,"pct_transporte":13,"pct_alojamiento":0,"pct_sin_educacion":0,"pct_educ_superior":25,"brecha_educ":-20,"pct_sin_seguro":0,"pct_sus":88,"pct_seguro_privado":0,"brecha_seguro":0,"pct_salud_publica":33,"pct_med_tradicional":0,"pct_automedicacion":30,"pct_remedios_caseros":35,"pct_viv_desocupada":0,"pct_alquiler":0,"pct_electricidad":100,"pct_sin_electricidad":0,"pct_agua_red":100,"pct_alcantarillado":71,"pct_camara_septica":0,"pct_pozo_ciego":0,"pct_sin_desague":14,"pct_gas_red":0,"pct_gas_garrafa":100,"pct_lena_guano":100,"pct_basura_formal":100,"pct_basura_quema":0,"pct_basura_informal":0,"pct_internet":100,"pct_celular":100,"pct_televisor":100}},{"type":"Feature","geometry":{"type":"Polygon","coordinates":[[[-66.56351,-18.41769],[-66.56348,-18.41743],[-66.56324,-18.41728],[-66.56332,-18.41774],[-66.56351,-18.41769]]]},"properties":{"n":"CATAVI","p":23,"personas_x_ha":240,"masculinidad":44,"pct_menor20":57,"pct_60mas":4,"pct_migrante":52,"dependencia_econ":283,"pct_empleados":17,"pct_cuentapropia":67,"pct_agricultura":17,"pct_comercio":33,"pct_manufactura":0,"pct_construccion":33,"pct_transporte":0,"pct_alojamiento":0,"pct_sin_educacion":0,"pct_educ_superior":36,"brecha_educ":-56,"pct_sin_seguro":4,"pct_sus":91,"pct_seguro_privado":0,"brecha_seguro":14,"pct_salud_publica":29,"pct_med_tradicional":9,"pct_automedicacion":20,"pct_remedios_caseros":29,"pct_viv_desocupada":9,"pct_alquiler":20,"pct_electricidad":80,"pct_sin_electricidad":20,"pct_agua_red":40,"pct_alcantarillado":30,"pct_camara_septica":0,"pct_pozo_ciego":10,"pct_sin_desague":60,"pct_gas_red":0,"pct_gas_garrafa":100,"pct_lena_guano":100,"pct_basura_formal":90,"pct_basura_quema":10,"pct_basura_informal":0,"pct_internet":90,"pct_celular":100,"pct_televisor":70}},{"type":"Feature","geometry":{"type":"Polygon","coordinates":[[[-66.56898,-18.41538],[-66.56907,-18.4144],[-66.5689,-18.41437],[-66.56881,-18.41537],[-66.56898,-18.41538]]]},"properties":{"n":"CATAVI","p":42,"personas_x_ha":200,"masculinidad":75,"pct_menor20":45,"pct_60mas":5,"pct_migrante":50,"dependencia_econ":162,"pct_empleados":62,"pct_cuentapropia":31,"pct_agricultura":0,"pct_comercio":25,"pct_manufactura":0,"pct_construccion":0,"pct_transporte":0,"pct_alojamiento":0,"pct_sin_educacion":0,"pct_educ_superior":67,"brecha_educ":-7,"pct_sin_seguro":5,"pct_sus":38,"pct_seguro_privado":0,"brecha_seguro":11,"pct_salud_publica":43,"pct_med_tradicional":0,"pct_automedicacion":9,"pct_remedios_caseros":0,"pct_viv_desocupada":0,"pct_alquiler":23,"pct_electricidad":100,"pct_sin_electricidad":0,"pct_agua_red":100,"pct_alcantarillado":100,"pct_camara_septica":0,"pct_pozo_ciego":0,"pct_sin_desague":0,"pct_gas_red":85,"pct_gas_garrafa":15,"pct_lena_guano":15,"pct_basura_formal":100,"pct_basura_quema":0,"pct_basura_informal":0,"pct_internet":100,"pct_celular":100,"pct_televisor":77}},{"type":"Feature","geometry":{"type":"Polygon","coordinates":[[[-66.5657,-18.41896],[-66.56602,-18.4189],[-66.56599,-18.41872],[-66.5656,-18.4188],[-66.5657,-18.41896]]]},"properties":{"n":"CATAVI","p":30,"personas_x_ha":384,"masculinidad":114,"pct_menor20":53,"pct_60mas":3,"pct_migrante":57,"dependencia_econ":233,"pct_empleados":22,"pct_cuentapropia":44,"pct_agricultura":33,"pct_comercio":22,"pct_manufactura":0,"pct_construccion":22,"pct_transporte":11,"pct_alojamiento":0,"pct_sin_educacion":7,"pct_educ_superior":0,"brecha_educ":-4,"pct_sin_seguro":3,"pct_sus":97,"pct_seguro_privado":0,"brecha_seguro":6,"pct_salud_publica":24,"pct_med_tradicional":16,"pct_automedicacion":22,"pct_remedios_caseros":28,"pct_viv_desocupada":0,"pct_alquiler":20,"pct_electricidad":100,"pct_sin_electricidad":0,"pct_agua_red":60,"pct_alcantarillado":10,"pct_camara_septica":20,"pct_pozo_ciego":0,"pct_sin_desague":70,"pct_gas_red":30,"pct_gas_garrafa":60,"pct_lena_guano":60,"pct_basura_formal":80,"pct_basura_quema":20,"pct_basura_informal":0,"pct_internet":90,"pct_celular":100,"pct_televisor":80}},{"type":"Feature","geometry":{"type":"Polygon","coordinates":[[[-66.56749,-18.41751],[-66.56731,-18.41759],[-66.56754,-18.41804],[-66.56772,-18.41795],[-66.56749,-18.41751]]]},"properties":{"n":"CATAVI","p":26,"personas_x_ha":216,"masculinidad":73,"pct_menor20":27,"pct_60mas":0,"pct_migrante":50,"dependencia_econ":136,"pct_empleados":73,"pct_cuentapropia":27,"pct_agricultura":0,"pct_comercio":18,"pct_manufactura":0,"pct_construccion":0,"pct_transporte":0,"pct_alojamiento":27,"pct_sin_educacion":0,"pct_educ_superior":70,"brecha_educ":0,"pct_sin_seguro":8,"pct_sus":92,"pct_seguro_privado":0,"brecha_seguro":-13,"pct_salud_publica":19,"pct_med_tradicional":5,"pct_automedicacion":23,"pct_remedios_caseros":27,"pct_viv_desocupada":0,"pct_alquiler":42,"pct_electricidad":100,"pct_sin_electricidad":0,"pct_agua_red":67,"pct_alcantarillado":92,"pct_camara_septica":0,"pct_pozo_ciego":0,"pct_sin_desague":8,"pct_gas_red":33,"pct_gas_garrafa":67,"pct_lena_guano":67,"pct_basura_formal":100,"pct_basura_quema":0,"pct_basura_informal":0,"pct_internet":92,"pct_celular":100,"pct_televisor":58}},{"type":"Feature","geometry":{"type":"Polygon","coordinates":[[[-66.56525,-18.41788],[-66.56618,-18.41765],[-66.56615,-18.41748],[-66.56519,-18.41772],[-66.56525,-18.41788]]]},"properties":{"n":"CATAVI","p":62,"personas_x_ha":308,"masculinidad":63,"pct_menor20":48,"pct_60mas":2,"pct_migrante":63,"dependencia_econ":244,"pct_empleados":11,"pct_cuentapropia":67,"pct_agricultura":11,"pct_comercio":33,"pct_manufactura":0,"pct_construccion":6,"pct_transporte":11,"pct_alojamiento":17,"pct_sin_educacion":3,"pct_educ_superior":51,"brecha_educ":8,"pct_sin_seguro":8,"pct_sus":69,"pct_seguro_privado":0,"brecha_seguro":7,"pct_salud_publica":26,"pct_med_tradicional":7,"pct_automedicacion":24,"pct_remedios_caseros":31,"pct_viv_desocupada":0,"pct_alquiler":33,"pct_electricidad":96,"pct_sin_electricidad":4,"pct_agua_red":93,"pct_alcantarillado":48,"pct_camara_septica":4,"pct_pozo_ciego":26,"pct_sin_desague":15,"pct_gas_red":37,"pct_gas_garrafa":63,"pct_lena_guano":63,"pct_basura_formal":100,"pct_basura_quema":0,"pct_basura_informal":0,"pct_internet":41,"pct_celular":44,"pct_televisor":33}},{"type":"Feature","geometry":{"type":"Polygon","coordinates":[[[-66.56921,-18.41662],[-66.56921,-18.41698],[-66.56941,-18.41697],[-66.56977,-18.41676],[-66.56976,-18.41661],[-66.56921,-18.41662]]]},"properties":{"n":"CATAVI","p":27,"personas_x_ha":139,"masculinidad":69,"pct_menor20":59,"pct_60mas":4,"pct_migrante":74,"dependencia_econ":286,"pct_empleados":29,"pct_cuentapropia":43,"pct_agricultura":0,"pct_comercio":14,"pct_manufactura":0,"pct_construccion":14,"pct_transporte":0,"pct_alojamiento":29,"pct_sin_educacion":18,"pct_educ_superior":18,"brecha_educ":-71,"pct_sin_seguro":7,"pct_sus":93,"pct_seguro_privado":0,"brecha_seguro":-12,"pct_salud_publica":17,"pct_med_tradicional":9,"pct_automedicacion":30,"pct_remedios_caseros":30,"pct_viv_desocupada":11,"pct_alquiler":0,"pct_electricidad":88,"pct_sin_electricidad":12,"pct_agua_red":88,"pct_alcantarillado":38,"pct_camara_septica":0,"pct_pozo_ciego":0,"pct_sin_desague":50,"pct_gas_red":75,"pct_gas_garrafa":25,"pct_lena_guano":25,"pct_basura_formal":75,"pct_basura_quema":25,"pct_basura_informal":0,"pct_internet":100,"pct_celular":100,"pct_televisor":75}},{"type":"Feature","geometry":{"type":"Polygon","coordinates":[[[-66.56762,-18.41843],[-66.56755,-18.41829],[-66.56644,-18.41862],[-66.56673,-18.41901],[-66.56762,-18.41843]]]},"properties":{"n":"CATAVI","p":38,"personas_x_ha":95,"masculinidad":171,"pct_menor20":55,"pct_60mas":5,"pct_migrante":50,"dependencia_econ":153,"pct_empleados":7,"pct_cuentapropia":73,"pct_agricultura":27,"pct_comercio":20,"pct_manufactura":13,"pct_construccion":13,"pct_transporte":0,"pct_alojamiento":0,"pct_sin_educacion":5,"pct_educ_superior":11,"brecha_educ":-1,"pct_sin_seguro":11,"pct_sus":76,"pct_seguro_privado":0,"brecha_seguro":17,"pct_salud_publica":30,"pct_med_tradicional":12,"pct_automedicacion":15,"pct_remedios_caseros":32,"pct_viv_desocupada":0,"pct_alquiler":13,"pct_electricidad":93,"pct_sin_electricidad":7,"pct_agua_red":67,"pct_alcantarillado":60,"pct_camara_septica":7,"pct_pozo_ciego":7,"pct_sin_desague":27,"pct_gas_red":47,"pct_gas_garrafa":47,"pct_lena_guano":47,"pct_basura_formal":93,"pct_basura_quema":7,"pct_basura_informal":0,"pct_internet":60,"pct_celular":87,"pct_televisor":73}},{"type":"Feature","geometry":{"type":"Polygon","coordinates":[[[-66.56592,-18.41646],[-66.56485,-18.41672],[-66.56488,-18.41704],[-66.56601,-18.41679],[-66.56592,-18.41646]]]},"properties":{"n":"CATAVI","p":63,"personas_x_ha":138,"masculinidad":66,"pct_menor20":44,"pct_60mas":10,"pct_migrante":73,"dependencia_econ":250,"pct_empleados":56,"pct_cuentapropia":33,"pct_agricultura":22,"pct_comercio":22,"pct_manufactura":0,"pct_construccion":6,"pct_transporte":11,"pct_alojamiento":11,"pct_sin_educacion":10,"pct_educ_superior":60,"brecha_educ":-3,"pct_sin_seguro":10,"pct_sus":60,"pct_seguro_privado":0,"brecha_seguro":-16,"pct_salud_publica":29,"pct_med_tradicional":11,"pct_automedicacion":16,"pct_remedios_caseros":24,"pct_viv_desocupada":0,"pct_alquiler":70,"pct_electricidad":98,"pct_sin_electricidad":0,"pct_agua_red":98,"pct_alcantarillado":98,"pct_camara_septica":0,"pct_pozo_ciego":0,"pct_sin_desague":2,"pct_gas_red":10,"pct_gas_garrafa":85,"pct_lena_guano":85,"pct_basura_formal":98,"pct_basura_quema":0,"pct_basura_informal":5,"pct_internet":88,"pct_celular":88,"pct_televisor":40}},{"type":"Feature","geometry":{"type":"Polygon","coordinates":[[[-66.56628,-18.41763],[-66.5672,-18.41739],[-66.56727,-18.41752],[-66.56743,-18.41744],[-66.56724,-18.41703],[-66.56622,-18.41728],[-66.56628,-18.41763]]]},"properties":{"n":"CATAVI","p":39,"personas_x_ha":80,"masculinidad":117,"pct_menor20":44,"pct_60mas":5,"pct_migrante":26,"dependencia_econ":117,"pct_empleados":22,"pct_cuentapropia":28,"pct_agricultura":11,"pct_comercio":6,"pct_manufactura":6,"pct_construccion":22,"pct_transporte":11,"pct_alojamiento":0,"pct_sin_educacion":4,"pct_educ_superior":58,"brecha_educ":-1,"pct_sin_seguro":8,"pct_sus":62,"pct_seguro_privado":3,"brecha_seguro":-6,"pct_salud_publica":18,"pct_med_tradicional":9,"pct_automedicacion":14,"pct_remedios_caseros":27,"pct_viv_desocupada":12,"pct_alquiler":22,"pct_electricidad":100,"pct_sin_electricidad":0,"pct_agua_red":89,"pct_alcantarillado":72,"pct_camara_septica":0,"pct_pozo_ciego":11,"pct_sin_desague":17,"pct_gas_red":61,"pct_gas_garrafa":39,"pct_lena_guano":39,"pct_basura_formal":100,"pct_basura_quema":0,"pct_basura_informal":0,"pct_internet":83,"pct_celular":89,"pct_televisor":78}},{"type":"Feature","geometry":{"type":"Polygon","coordinates":[[[-66.56723,-18.4183],[-66.56711,-18.418],[-66.56632,-18.41818],[-66.56641,-18.41853],[-66.56723,-18.4183]]]},"properties":{"n":"CATAVI","p":26,"personas_x_ha":74,"masculinidad":100,"pct_menor20":31,"pct_60mas":15,"pct_migrante":27,"dependencia_econ":160,"pct_empleados":40,"pct_cuentapropia":60,"pct_agricultura":0,"pct_comercio":30,"pct_manufactura":0,"pct_construccion":20,"pct_transporte":20,"pct_alojamiento":10,"pct_sin_educacion":11,"pct_educ_superior":56,"brecha_educ":-5,"pct_sin_seguro":27,"pct_sus":65,"pct_seguro_privado":0,"brecha_seguro":-8,"pct_salud_publica":66,"pct_med_tradicional":3,"pct_automedicacion":3,"pct_remedios_caseros":16,"pct_viv_desocupada":0,"pct_alquiler":0,"pct_electricidad":100,"pct_sin_electricidad":0,"pct_agua_red":100,"pct_alcantarillado":100,"pct_camara_septica":0,"pct_pozo_ciego":0,"pct_sin_desague":0,"pct_gas_red":36,"pct_gas_garrafa":64,"pct_lena_guano":64,"pct_basura_formal":100,"pct_basura_quema":0,"pct_basura_informal":0,"pct_internet":64,"pct_celular":73,"pct_televisor":64}},{"type":"Feature","geometry":{"type":"Polygon","coordinates":[[[-66.56834,-18.41838],[-66.56777,-18.41868],[-66.56733,-18.41906],[-66.56708,-18.41939],[-66.56735,-18.41953],[-66.56769,-18.41909],[-66.56842,-18.41862],[-66.56834,-18.41838]]]},"properties":{"n":"CATAVI","p":41,"personas_x_ha":79,"masculinidad":95,"pct_menor20":41,"pct_60mas":10,"pct_migrante":34,"dependencia_econ":242,"pct_empleados":33,"pct_cuentapropia":58,"pct_agricultura":0,"pct_comercio":17,"pct_manufactura":25,"pct_construccion":8,"pct_transporte":8,"pct_alojamiento":0,"pct_sin_educacion":12,"pct_educ_superior":44,"brecha_educ":-34,"pct_sin_seguro":24,"pct_sus":71,"pct_seguro_privado":0,"brecha_seguro":11,"pct_salud_publica":24,"pct_med_tradicional":8,"pct_automedicacion":25,"pct_remedios_caseros":33,"pct_viv_desocupada":0,"pct_alquiler":28,"pct_electricidad":94,"pct_sin_electricidad":6,"pct_agua_red":100,"pct_alcantarillado":72,"pct_camara_septica":0,"pct_pozo_ciego":0,"pct_sin_desague":28,"pct_gas_red":33,"pct_gas_garrafa":67,"pct_lena_guano":67,"pct_basura_formal":100,"pct_basura_quema":0,"pct_basura_informal":0,"pct_internet":100,"pct_celular":100,"pct_televisor":78}},{"type":"Feature","geometry":{"type":"Polygon","coordinates":[[[-66.56569,-18.41179],[-66.56531,-18.41185],[-66.56535,-18.4121],[-66.56588,-18.412],[-66.56587,-18.41188],[-66.5657,-18.4119],[-66.56569,-18.41179]]]},"properties":{"n":"CATAVI","p":22,"personas_x_ha":156,"masculinidad":69,"pct_menor20":32,"pct_60mas":32,"pct_migrante":41,"dependencia_econ":100,"pct_empleados":36,"pct_cuentapropia":36,"pct_agricultura":18,"pct_comercio":9,"pct_manufactura":0,"pct_construccion":0,"pct_transporte":9,"pct_alojamiento":18,"pct_sin_educacion":0,"pct_educ_superior":53,"brecha_educ":0,"pct_sin_seguro":5,"pct_sus":9,"pct_seguro_privado":5,"brecha_seguro":-8,"pct_salud_publica":24,"pct_med_tradicional":5,"pct_automedicacion":23,"pct_remedios_caseros":26,"pct_viv_desocupada":0,"pct_alquiler":0,"pct_electricidad":100,"pct_sin_electricidad":0,"pct_agua_red":89,"pct_alcantarillado":67,"pct_camara_septica":11,"pct_pozo_ciego":0,"pct_sin_desague":22,"pct_gas_red":0,"pct_gas_garrafa":100,"pct_lena_guano":100,"pct_basura_formal":100,"pct_basura_quema":0,"pct_basura_informal":0,"pct_internet":89,"pct_celular":100,"pct_televisor":100}},{"type":"Feature","geometry":{"type":"Polygon","coordinates":[[[-66.56678,-18.41171],[-66.5676,-18.41157],[-66.56759,-18.41144],[-66.56721,-18.4114],[-66.56676,-18.41156],[-66.56678,-18.41171]]]},"properties":{"n":"CATAVI","p":30,"personas_x_ha":147,"masculinidad":114,"pct_menor20":43,"pct_60mas":10,"pct_migrante":27,"dependencia_econ":150,"pct_empleados":33,"pct_cuentapropia":67,"pct_agricultura":17,"pct_comercio":8,"pct_manufactura":0,"pct_construccion":8,"pct_transporte":0,"pct_alojamiento":17,"pct_sin_educacion":18,"pct_educ_superior":47,"brecha_educ":-33,"pct_sin_seguro":3,"pct_sus":77,"pct_seguro_privado":0,"brecha_seguro":6,"pct_salud_publica":28,"pct_med_tradicional":2,"pct_automedicacion":23,"pct_remedios_caseros":30,"pct_viv_desocupada":0,"pct_alquiler":11,"pct_electricidad":89,"pct_sin_electricidad":0,"pct_agua_red":89,"pct_alcantarillado":78,"pct_camara_septica":11,"pct_pozo_ciego":0,"pct_sin_desague":0,"pct_gas_red":0,"pct_gas_garrafa":100,"pct_lena_guano":100,"pct_basura_formal":100,"pct_basura_quema":0,"pct_basura_informal":0,"pct_internet":67,"pct_celular":78,"pct_televisor":89}},{"type":"Feature","geometry":{"type":"Polygon","coordinates":[[[-66.56542,-18.40999],[-66.56573,-18.40989],[-66.5657,-18.40979],[-66.56539,-18.40988],[-66.56542,-18.40999]]]},"properties":{"n":"CATAVI","p":31,"personas_x_ha":712,"masculinidad":107,"pct_menor20":48,"pct_60mas":3,"pct_migrante":35,"dependencia_econ":121,"pct_empleados":29,"pct_cuentapropia":64,"pct_agricultura":7,"pct_comercio":36,"pct_manufactura":0,"pct_construccion":0,"pct_transporte":14,"pct_alojamiento":7,"pct_sin_educacion":0,"pct_educ_superior":56,"brecha_educ":0,"pct_sin_seguro":32,"pct_sus":58,"pct_seguro_privado":0,"brecha_seguro":-2,"pct_salud_publica":14,"pct_med_tradicional":10,"pct_automedicacion":31,"pct_remedios_caseros":33,"pct_viv_desocupada":0,"pct_alquiler":0,"pct_electricidad":100,"pct_sin_electricidad":0,"pct_agua_red":100,"pct_alcantarillado":0,"pct_camara_septica":0,"pct_pozo_ciego":75,"pct_sin_desague":25,"pct_gas_red":0,"pct_gas_garrafa":100,"pct_lena_guano":100,"pct_basura_formal":100,"pct_basura_quema":0,"pct_basura_informal":0,"pct_internet":100,"pct_celular":100,"pct_televisor":100}},{"type":"Feature","geometry":{"type":"Polygon","coordinates":[[[-66.56283,-18.41376],[-66.56279,-18.41355],[-66.56272,-18.41355],[-66.56164,-18.41362],[-66.56084,-18.41378],[-66.56087,-18.41392],[-66.56241,-18.41376],[-66.56258,-18.41387],[-66.56283,-18.41376]]]},"properties":{"n":"CATAVI","p":49,"personas_x_ha":104,"masculinidad":63,"pct_menor20":22,"pct_60mas":2,"pct_migrante":59,"dependencia_econ":96,"pct_empleados":44,"pct_cuentapropia":28,"pct_agricultura":12,"pct_comercio":20,"pct_manufactura":8,"pct_construccion":12,"pct_transporte":16,"pct_alojamiento":0,"pct_sin_educacion":10,"pct_educ_superior":85,"brecha_educ":5,"pct_sin_seguro":8,"pct_sus":88,"pct_seguro_privado":0,"brecha_seguro":4,"pct_salud_publica":20,"pct_med_tradicional":14,"pct_automedicacion":22,"pct_remedios_caseros":26,"pct_viv_desocupada":0,"pct_alquiler":0,"pct_electricidad":86,"pct_sin_electricidad":0,"pct_agua_red":71,"pct_alcantarillado":100,"pct_camara_septica":0,"pct_pozo_ciego":0,"pct_sin_desague":0,"pct_gas_red":43,"pct_gas_garrafa":57,"pct_lena_guano":57,"pct_basura_formal":100,"pct_basura_quema":0,"pct_basura_informal":0,"pct_internet":71,"pct_celular":86,"pct_televisor":86}},{"type":"Feature","geometry":{"type":"Polygon","coordinates":[[[-66.56499,-18.4102],[-66.56503,-18.41028],[-66.56564,-18.41009],[-66.56566,-18.41016],[-66.56581,-18.41012],[-66.56575,-18.40994],[-66.56499,-18.4102]]]},"properties":{"n":"CATAVI","p":16,"personas_x_ha":143,"masculinidad":300,"pct_menor20":31,"pct_60mas":0,"pct_migrante":12,"dependencia_econ":33,"pct_empleados":17,"pct_cuentapropia":58,"pct_agricultura":0,"pct_comercio":33,"pct_manufactura":0,"pct_construccion":8,"pct_transporte":17,"pct_alojamiento":17,"pct_sin_educacion":0,"pct_educ_superior":42,"brecha_educ":0,"pct_sin_seguro":12,"pct_sus":56,"pct_seguro_privado":0,"brecha_seguro":17,"pct_salud_publica":37,"pct_med_tradicional":5,"pct_automedicacion":8,"pct_remedios_caseros":24,"pct_viv_desocupada":0,"pct_alquiler":0,"pct_electricidad":100,"pct_sin_electricidad":0,"pct_agua_red":86,"pct_alcantarillado":43,"pct_camara_septica":0,"pct_pozo_ciego":0,"pct_sin_desague":14,"pct_gas_red":0,"pct_gas_garrafa":100,"pct_lena_guano":100,"pct_basura_formal":86,"pct_basura_quema":0,"pct_basura_informal":0,"pct_internet":86,"pct_celular":100,"pct_televisor":86}},{"type":"Feature","geometry":{"type":"Polygon","coordinates":[[[-66.5665,-18.41032],[-66.56716,-18.41025],[-66.56714,-18.41008],[-66.56649,-18.41014],[-66.5665,-18.41032]]]},"properties":{"n":"CATAVI","p":38,"personas_x_ha":278,"masculinidad":81,"pct_menor20":50,"pct_60mas":0,"pct_migrante":26,"dependencia_econ":124,"pct_empleados":41,"pct_cuentapropia":47,"pct_agricultura":6,"pct_comercio":29,"pct_manufactura":0,"pct_construccion":0,"pct_transporte":24,"pct_alojamiento":12,"pct_sin_educacion":5,"pct_educ_superior":60,"brecha_educ":-17,"pct_sin_seguro":3,"pct_sus":92,"pct_seguro_privado":0,"brecha_seguro":6,"pct_salud_publica":37,"pct_med_tradicional":5,"pct_automedicacion":19,"pct_remedios_caseros":30,"pct_viv_desocupada":0,"pct_alquiler":0,"pct_electricidad":100,"pct_sin_electricidad":0,"pct_agua_red":80,"pct_alcantarillado":50,"pct_camara_septica":10,"pct_pozo_ciego":0,"pct_sin_desague":40,"pct_gas_red":0,"pct_gas_garrafa":100,"pct_lena_guano":100,"pct_basura_formal":90,"pct_basura_quema":0,"pct_basura_informal":0,"pct_internet":90,"pct_celular":100,"pct_televisor":100}},{"type":"Feature","geometry":{"type":"Polygon","coordinates":[[[-66.56623,-18.41092],[-66.56628,-18.41122],[-66.56657,-18.41115],[-66.5665,-18.41087],[-66.56623,-18.41092]]]},"properties":{"n":"CATAVI","p":21,"personas_x_ha":211,"masculinidad":110,"pct_menor20":48,"pct_60mas":0,"pct_migrante":24,"dependencia_econ":110,"pct_empleados":20,"pct_cuentapropia":40,"pct_agricultura":20,"pct_comercio":20,"pct_manufactura":10,"pct_construccion":0,"pct_transporte":10,"pct_alojamiento":0,"pct_sin_educacion":0,"pct_educ_superior":36,"brecha_educ":3,"pct_sin_seguro":5,"pct_sus":95,"pct_seguro_privado":0,"brecha_seguro":9,"pct_salud_publica":24,"pct_med_tradicional":13,"pct_automedicacion":21,"pct_remedios_caseros":26,"pct_viv_desocupada":0,"pct_alquiler":0,"pct_electricidad":100,"pct_sin_electricidad":0,"pct_agua_red":86,"pct_alcantarillado":86,"pct_camara_septica":0,"pct_pozo_ciego":0,"pct_sin_desague":14,"pct_gas_red":0,"pct_gas_garrafa":100,"pct_lena_guano":100,"pct_basura_formal":100,"pct_basura_quema":0,"pct_basura_informal":0,"pct_internet":100,"pct_celular":100,"pct_televisor":100}},{"type":"Feature","geometry":{"type":"Polygon","coordinates":[[[-66.56603,-18.41143],[-66.56611,-18.41202],[-66.56639,-18.41202],[-66.56642,-18.41165],[-66.56656,-18.41164],[-66.56654,-18.41144],[-66.56603,-18.41143]]]},"properties":{"n":"CATAVI","p":20,"personas_x_ha":73,"masculinidad":43,"pct_menor20":50,"pct_60mas":15,"pct_migrante":20,"dependencia_econ":122,"pct_empleados":11,"pct_cuentapropia":67,"pct_agricultura":33,"pct_comercio":44,"pct_manufactura":0,"pct_construccion":0,"pct_transporte":0,"pct_alojamiento":11,"pct_sin_educacion":80,"pct_educ_superior":0,"brecha_educ":-50,"pct_sin_seguro":35,"pct_sus":65,"pct_seguro_privado":0,"brecha_seguro":45,"pct_salud_publica":19,"pct_med_tradicional":6,"pct_automedicacion":25,"pct_remedios_caseros":27,"pct_viv_desocupada":0,"pct_alquiler":0,"pct_electricidad":100,"pct_sin_electricidad":0,"pct_agua_red":91,"pct_alcantarillado":91,"pct_camara_septica":0,"pct_pozo_ciego":0,"pct_sin_desague":9,"pct_gas_red":0,"pct_gas_garrafa":100,"pct_lena_guano":100,"pct_basura_formal":100,"pct_basura_quema":0,"pct_basura_informal":0,"pct_internet":82,"pct_celular":100,"pct_televisor":91}},{"type":"Feature","geometry":{"type":"Polygon","coordinates":[[[-66.56832,-18.41238],[-66.5683,-18.41227],[-66.56814,-18.41223],[-66.56666,-18.41244],[-66.56669,-18.41263],[-66.56699,-18.41263],[-66.56832,-18.41238]]]},"properties":{"n":"CATAVI","p":72,"personas_x_ha":170,"masculinidad":89,"pct_menor20":36,"pct_60mas":11,"pct_migrante":40,"dependencia_econ":125,"pct_empleados":31,"pct_cuentapropia":53,"pct_agricultura":0,"pct_comercio":22,"pct_manufactura":12,"pct_construccion":19,"pct_transporte":6,"pct_alojamiento":3,"pct_sin_educacion":0,"pct_educ_superior":51,"brecha_educ":-4,"pct_sin_seguro":3,"pct_sus":57,"pct_seguro_privado":0,"brecha_seguro":6,"pct_salud_publica":22,"pct_med_tradicional":6,"pct_automedicacion":19,"pct_remedios_caseros":31,"pct_viv_desocupada":7,"pct_alquiler":14,"pct_electricidad":100,"pct_sin_electricidad":0,"pct_agua_red":100,"pct_alcantarillado":81,"pct_camara_septica":0,"pct_pozo_ciego":0,"pct_sin_desague":19,"pct_gas_red":0,"pct_gas_garrafa":100,"pct_lena_guano":100,"pct_basura_formal":95,"pct_basura_quema":5,"pct_basura_informal":0,"pct_internet":95,"pct_celular":95,"pct_televisor":100}},{"type":"Feature","geometry":{"type":"Polygon","coordinates":[[[-66.5685,-18.41287],[-66.56849,-18.41277],[-66.56794,-18.41285],[-66.56796,-18.41295],[-66.5685,-18.41287]]]},"properties":{"n":"CATAVI","p":24,"personas_x_ha":367,"masculinidad":167,"pct_menor20":33,"pct_60mas":8,"pct_migrante":33,"dependencia_econ":118,"pct_empleados":18,"pct_cuentapropia":64,"pct_agricultura":9,"pct_comercio":18,"pct_manufactura":0,"pct_construccion":18,"pct_transporte":0,"pct_alojamiento":9,"pct_sin_educacion":6,"pct_educ_superior":69,"brecha_educ":13,"pct_sin_seguro":4,"pct_sus":50,"pct_seguro_privado":0,"brecha_seguro":7,"pct_salud_publica":23,"pct_med_tradicional":6,"pct_automedicacion":21,"pct_remedios_caseros":27,"pct_viv_desocupada":0,"pct_alquiler":14,"pct_electricidad":100,"pct_sin_electricidad":0,"pct_agua_red":100,"pct_alcantarillado":71,"pct_camara_septica":0,"pct_pozo_ciego":0,"pct_sin_desague":29,"pct_gas_red":0,"pct_gas_garrafa":100,"pct_lena_guano":100,"pct_basura_formal":100,"pct_basura_quema":0,"pct_basura_informal":0,"pct_internet":86,"pct_celular":100,"pct_televisor":100}},{"type":"Feature","geometry":{"type":"Polygon","coordinates":[[[-66.56933,-18.41719],[-66.56932,-18.41702],[-66.56882,-18.41703],[-66.56891,-18.41748],[-66.56907,-18.41744],[-66.56933,-18.41719]]]},"properties":{"n":"CATAVI","p":27,"personas_x_ha":131,"masculinidad":80,"pct_menor20":52,"pct_60mas":4,"pct_migrante":30,"dependencia_econ":108,"pct_empleados":15,"pct_cuentapropia":38,"pct_agricultura":8,"pct_comercio":62,"pct_manufactura":0,"pct_construccion":0,"pct_transporte":0,"pct_alojamiento":8,"pct_sin_educacion":0,"pct_educ_superior":31,"brecha_educ":-5,"pct_sin_seguro":7,"pct_sus":93,"pct_seguro_privado":0,"brecha_seguro":2,"pct_salud_publica":17,"pct_med_tradicional":14,"pct_automedicacion":21,"pct_remedios_caseros":23,"pct_viv_desocupada":12,"pct_alquiler":0,"pct_electricidad":100,"pct_sin_electricidad":0,"pct_agua_red":100,"pct_alcantarillado":71,"pct_camara_septica":0,"pct_pozo_ciego":0,"pct_sin_desague":29,"pct_gas_red":71,"pct_gas_garrafa":29,"pct_lena_guano":29,"pct_basura_formal":100,"pct_basura_quema":0,"pct_basura_informal":0,"pct_internet":100,"pct_celular":100,"pct_televisor":100}},{"type":"Feature","geometry":{"type":"Polygon","coordinates":[[[-66.56816,-18.41637],[-66.56806,-18.41604],[-66.56717,-18.4162],[-66.56721,-18.41638],[-66.56787,-18.41626],[-66.56791,-18.41644],[-66.56816,-18.41637]]]},"properties":{"n":"CATAVI","p":30,"personas_x_ha":117,"masculinidad":50,"pct_menor20":30,"pct_60mas":10,"pct_migrante":60,"dependencia_econ":173,"pct_empleados":45,"pct_cuentapropia":45,"pct_agricultura":27,"pct_comercio":0,"pct_manufactura":9,"pct_construccion":0,"pct_transporte":0,"pct_alojamiento":18,"pct_sin_educacion":0,"pct_educ_superior":81,"brecha_educ":-7,"pct_sin_seguro":10,"pct_sus":53,"pct_seguro_privado":17,"brecha_seguro":0,"pct_salud_publica":24,"pct_med_tradicional":4,"pct_automedicacion":29,"pct_remedios_caseros":27,"pct_viv_desocupada":0,"pct_alquiler":60,"pct_electricidad":93,"pct_sin_electricidad":7,"pct_agua_red":93,"pct_alcantarillado":93,"pct_camara_septica":0,"pct_pozo_ciego":0,"pct_sin_desague":0,"pct_gas_red":27,"pct_gas_garrafa":73,"pct_lena_guano":73,"pct_basura_formal":100,"pct_basura_quema":0,"pct_basura_informal":0,"pct_internet":93,"pct_celular":93,"pct_televisor":47}},{"type":"Feature","geometry":{"type":"Polygon","coordinates":[[[-66.5649,-18.4159],[-66.56492,-18.41603],[-66.56573,-18.41591],[-66.56571,-18.41577],[-66.5649,-18.4159]]]},"properties":{"n":"CATAVI","p":28,"personas_x_ha":206,"masculinidad":65,"pct_menor20":21,"pct_60mas":14,"pct_migrante":57,"dependencia_econ":180,"pct_empleados":20,"pct_cuentapropia":60,"pct_agricultura":0,"pct_comercio":10,"pct_manufactura":10,"pct_construccion":0,"pct_transporte":20,"pct_alojamiento":10,"pct_sin_educacion":0,"pct_educ_superior":68,"brecha_educ":0,"pct_sin_seguro":18,"pct_sus":68,"pct_seguro_privado":0,"brecha_seguro":-14,"pct_salud_publica":42,"pct_med_tradicional":7,"pct_automedicacion":13,"pct_remedios_caseros":20,"pct_viv_desocupada":0,"pct_alquiler":71,"pct_electricidad":100,"pct_sin_electricidad":0,"pct_agua_red":82,"pct_alcantarillado":76,"pct_camara_septica":18,"pct_pozo_ciego":6,"pct_sin_desague":0,"pct_gas_red":29,"pct_gas_garrafa":71,"pct_lena_guano":71,"pct_basura_formal":100,"pct_basura_quema":0,"pct_basura_informal":0,"pct_internet":100,"pct_celular":94,"pct_televisor":41}},{"type":"Feature","geometry":{"type":"Polygon","coordinates":[[[-66.56161,-18.41543],[-66.5616,-18.41534],[-66.56086,-18.41543],[-66.56087,-18.41552],[-66.56161,-18.41543]]]},"properties":{"n":"CATAVI","p":73,"personas_x_ha":838,"masculinidad":74,"pct_menor20":66,"pct_60mas":0,"pct_migrante":36,"dependencia_econ":356,"pct_empleados":31,"pct_cuentapropia":31,"pct_agricultura":19,"pct_comercio":6,"pct_manufactura":0,"pct_construccion":19,"pct_transporte":0,"pct_alojamiento":6,"pct_sin_educacion":4,"pct_educ_superior":22,"brecha_educ":3,"pct_sin_seguro":8,"pct_sus":67,"pct_seguro_privado":0,"brecha_seguro":8,"pct_salud_publica":19,"pct_med_tradicional":16,"pct_automedicacion":24,"pct_remedios_caseros":25,"pct_viv_desocupada":7,"pct_alquiler":0,"pct_electricidad":100,"pct_sin_electricidad":0,"pct_agua_red":100,"pct_alcantarillado":92,"pct_camara_septica":0,"pct_pozo_ciego":0,"pct_sin_desague":8,"pct_gas_red":69,"pct_gas_garrafa":31,"pct_lena_guano":31,"pct_basura_formal":100,"pct_basura_quema":0,"pct_basura_informal":0,"pct_internet":92,"pct_celular":100,"pct_televisor":100}},{"type":"Feature","geometry":{"type":"Polygon","coordinates":[[[-66.56229,-18.415],[-66.56228,-18.4149],[-66.56169,-18.41496],[-66.5617,-18.41507],[-66.56229,-18.415]]]},"properties":{"n":"CATAVI","p":26,"personas_x_ha":352,"masculinidad":100,"pct_menor20":42,"pct_60mas":12,"pct_migrante":19,"dependencia_econ":100,"pct_empleados":31,"pct_cuentapropia":46,"pct_agricultura":15,"pct_comercio":23,"pct_manufactura":0,"pct_construccion":15,"pct_transporte":0,"pct_alojamiento":23,"pct_sin_educacion":19,"pct_educ_superior":25,"brecha_educ":-30,"pct_sin_seguro":12,"pct_sus":88,"pct_seguro_privado":0,"brecha_seguro":-9,"pct_salud_publica":24,"pct_med_tradicional":9,"pct_automedicacion":28,"pct_remedios_caseros":30,"pct_viv_desocupada":0,"pct_alquiler":18,"pct_electricidad":91,"pct_sin_electricidad":9,"pct_agua_red":55,"pct_alcantarillado":73,"pct_camara_septica":0,"pct_pozo_ciego":0,"pct_sin_desague":27,"pct_gas_red":64,"pct_gas_garrafa":36,"pct_lena_guano":36,"pct_basura_formal":100,"pct_basura_quema":0,"pct_basura_informal":0,"pct_internet":82,"pct_celular":91,"pct_televisor":73}},{"type":"Feature","geometry":{"type":"Polygon","coordinates":[[[-66.56158,-18.41547],[-66.56086,-18.41555],[-66.56087,-18.41564],[-66.56158,-18.41556],[-66.56158,-18.41547]]]},"properties":{"n":"CATAVI","p":32,"personas_x_ha":413,"masculinidad":113,"pct_menor20":31,"pct_60mas":9,"pct_migrante":56,"dependencia_econ":129,"pct_empleados":21,"pct_cuentapropia":36,"pct_agricultura":7,"pct_comercio":7,"pct_manufactura":0,"pct_construccion":14,"pct_transporte":7,"pct_alojamiento":14,"pct_sin_educacion":17,"pct_educ_superior":26,"brecha_educ":-6,"pct_sin_seguro":0,"pct_sus":81,"pct_seguro_privado":0,"brecha_seguro":0,"pct_salud_publica":26,"pct_med_tradicional":10,"pct_automedicacion":11,"pct_remedios_caseros":33,"pct_viv_desocupada":0,"pct_alquiler":0,"pct_electricidad":100,"pct_sin_electricidad":0,"pct_agua_red":82,"pct_alcantarillado":91,"pct_camara_septica":0,"pct_pozo_ciego":0,"pct_sin_desague":9,"pct_gas_red":18,"pct_gas_garrafa":82,"pct_lena_guano":82,"pct_basura_formal":100,"pct_basura_quema":0,"pct_basura_informal":0,"pct_internet":55,"pct_celular":91,"pct_televisor":73}},{"type":"Feature","geometry":{"type":"Polygon","coordinates":[[[-66.56727,-18.41694],[-66.56719,-18.4166],[-66.5661,-18.41685],[-66.56618,-18.4172],[-66.56727,-18.41694]]]},"properties":{"n":"CATAVI","p":33,"personas_x_ha":70,"masculinidad":65,"pct_menor20":42,"pct_60mas":12,"pct_migrante":58,"dependencia_econ":83,"pct_empleados":11,"pct_cuentapropia":44,"pct_agricultura":56,"pct_comercio":6,"pct_manufactura":11,"pct_construccion":0,"pct_transporte":0,"pct_alojamiento":0,"pct_sin_educacion":9,"pct_educ_superior":30,"brecha_educ":6,"pct_sin_seguro":23,"pct_sus":74,"pct_seguro_privado":0,"brecha_seguro":-10,"pct_salud_publica":69,"pct_med_tradicional":0,"pct_automedicacion":15,"pct_remedios_caseros":10,"pct_viv_desocupada":20,"pct_alquiler":0,"pct_electricidad":90,"pct_sin_electricidad":0,"pct_agua_red":80,"pct_alcantarillado":90,"pct_camara_septica":0,"pct_pozo_ciego":0,"pct_sin_desague":10,"pct_gas_red":80,"pct_gas_garrafa":10,"pct_lena_guano":10,"pct_basura_formal":100,"pct_basura_quema":0,"pct_basura_informal":0,"pct_internet":70,"pct_celular":70,"pct_televisor":70}},{"type":"Feature","geometry":{"type":"Polygon","coordinates":[[[-66.56231,-18.41512],[-66.56229,-18.41502],[-66.56171,-18.41509],[-66.56171,-18.41517],[-66.56231,-18.41512]]]},"properties":{"n":"CATAVI","p":19,"personas_x_ha":268,"masculinidad":111,"pct_menor20":37,"pct_60mas":11,"pct_migrante":11,"dependencia_econ":90,"pct_empleados":20,"pct_cuentapropia":40,"pct_agricultura":0,"pct_comercio":10,"pct_manufactura":10,"pct_construccion":40,"pct_transporte":0,"pct_alojamiento":0,"pct_sin_educacion":0,"pct_educ_superior":33,"brecha_educ":-12,"pct_sin_seguro":11,"pct_sus":32,"pct_seguro_privado":0,"brecha_seguro":20,"pct_salud_publica":23,"pct_med_tradicional":5,"pct_automedicacion":12,"pct_remedios_caseros":30,"pct_viv_desocupada":8,"pct_alquiler":0,"pct_electricidad":91,"pct_sin_electricidad":9,"pct_agua_red":100,"pct_alcantarillado":82,"pct_camara_septica":0,"pct_pozo_ciego":0,"pct_sin_desague":18,"pct_gas_red":73,"pct_gas_garrafa":27,"pct_lena_guano":27,"pct_basura_formal":100,"pct_basura_quema":0,"pct_basura_informal":0,"pct_internet":73,"pct_celular":100,"pct_televisor":91}},{"type":"Feature","geometry":{"type":"Polygon","coordinates":[[[-66.56161,-18.41519],[-66.5616,-18.41509],[-66.56081,-18.41519],[-66.56083,-18.41528],[-66.56161,-18.41519]]]},"properties":{"n":"CATAVI","p":61,"personas_x_ha":648,"masculinidad":69,"pct_menor20":49,"pct_60mas":5,"pct_migrante":44,"dependencia_econ":216,"pct_empleados":32,"pct_cuentapropia":58,"pct_agricultura":11,"pct_comercio":16,"pct_manufactura":0,"pct_construccion":11,"pct_transporte":5,"pct_alojamiento":21,"pct_sin_educacion":0,"pct_educ_superior":32,"brecha_educ":-16,"pct_sin_seguro":7,"pct_sus":93,"pct_seguro_privado":0,"brecha_seguro":9,"pct_salud_publica":26,"pct_med_tradicional":8,"pct_automedicacion":22,"pct_remedios_caseros":26,"pct_viv_desocupada":6,"pct_alquiler":0,"pct_electricidad":100,"pct_sin_electricidad":0,"pct_agua_red":80,"pct_alcantarillado":67,"pct_camara_septica":0,"pct_pozo_ciego":0,"pct_sin_desague":33,"pct_gas_red":47,"pct_gas_garrafa":53,"pct_lena_guano":53,"pct_basura_formal":100,"pct_basura_quema":0,"pct_basura_informal":0,"pct_internet":67,"pct_celular":73,"pct_televisor":60}},{"type":"Feature","geometry":{"type":"Polygon","coordinates":[[[-66.56274,-18.41442],[-66.56221,-18.41446],[-66.56222,-18.41459],[-66.56232,-18.41465],[-66.56276,-18.41458],[-66.56274,-18.41442]]]},"properties":{"n":"CATAVI","p":19,"personas_x_ha":167,"masculinidad":58,"pct_menor20":37,"pct_60mas":11,"pct_migrante":37,"dependencia_econ":73,"pct_empleados":55,"pct_cuentapropia":36,"pct_agricultura":0,"pct_comercio":18,"pct_manufactura":0,"pct_construccion":0,"pct_transporte":18,"pct_alojamiento":9,"pct_sin_educacion":0,"pct_educ_superior":69,"brecha_educ":7,"pct_sin_seguro":11,"pct_sus":26,"pct_seguro_privado":0,"brecha_seguro":-17,"pct_salud_publica":20,"pct_med_tradicional":13,"pct_automedicacion":20,"pct_remedios_caseros":20,"pct_viv_desocupada":0,"pct_alquiler":17,"pct_electricidad":100,"pct_sin_electricidad":0,"pct_agua_red":100,"pct_alcantarillado":100,"pct_camara_septica":0,"pct_pozo_ciego":0,"pct_sin_desague":0,"pct_gas_red":100,"pct_gas_garrafa":0,"pct_lena_guano":0,"pct_basura_formal":100,"pct_basura_quema":0,"pct_basura_informal":0,"pct_internet":67,"pct_celular":83,"pct_televisor":83}},{"type":"Feature","geometry":{"type":"Polygon","coordinates":[[[-66.56077,-18.41456],[-66.5608,-18.41477],[-66.56159,-18.41467],[-66.56156,-18.41446],[-66.56077,-18.41456]]]},"properties":{"n":"CATAVI","p":100,"personas_x_ha":485,"masculinidad":104,"pct_menor20":49,"pct_60mas":9,"pct_migrante":42,"dependencia_econ":156,"pct_empleados":31,"pct_cuentapropia":49,"pct_agricultura":23,"pct_comercio":5,"pct_manufactura":21,"pct_construccion":13,"pct_transporte":3,"pct_alojamiento":10,"pct_sin_educacion":12,"pct_educ_superior":27,"brecha_educ":-37,"pct_sin_seguro":12,"pct_sus":76,"pct_seguro_privado":0,"brecha_seguro":12,"pct_salud_publica":22,"pct_med_tradicional":14,"pct_automedicacion":21,"pct_remedios_caseros":28,"pct_viv_desocupada":0,"pct_alquiler":0,"pct_electricidad":100,"pct_sin_electricidad":0,"pct_agua_red":96,"pct_alcantarillado":81,"pct_camara_septica":0,"pct_pozo_ciego":0,"pct_sin_desague":19,"pct_gas_red":74,"pct_gas_garrafa":26,"pct_lena_guano":26,"pct_basura_formal":100,"pct_basura_quema":0,"pct_basura_informal":0,"pct_internet":96,"pct_celular":100,"pct_televisor":96}},{"type":"Feature","geometry":{"type":"Polygon","coordinates":[[[-66.56372,-18.4141],[-66.56427,-18.41399],[-66.5643,-18.41415],[-66.56375,-18.41426],[-66.56372,-18.4141]]]},"properties":{"n":"CATAVI","p":43,"personas_x_ha":362,"masculinidad":72,"pct_menor20":47,"pct_60mas":12,"pct_migrante":30,"dependencia_econ":330,"pct_empleados":40,"pct_cuentapropia":50,"pct_agricultura":0,"pct_comercio":40,"pct_manufactura":0,"pct_construccion":0,"pct_transporte":0,"pct_alojamiento":0,"pct_sin_educacion":0,"pct_educ_superior":52,"brecha_educ":-21,"pct_sin_seguro":2,"pct_sus":65,"pct_seguro_privado":2,"brecha_seguro":6,"pct_salud_publica":29,"pct_med_tradicional":1,"pct_automedicacion":10,"pct_remedios_caseros":29,"pct_viv_desocupada":0,"pct_alquiler":10,"pct_electricidad":100,"pct_sin_electricidad":0,"pct_agua_red":90,"pct_alcantarillado":90,"pct_camara_septica":10,"pct_pozo_ciego":0,"pct_sin_desague":0,"pct_gas_red":40,"pct_gas_garrafa":60,"pct_lena_guano":60,"pct_basura_formal":100,"pct_basura_quema":0,"pct_basura_informal":0,"pct_internet":100,"pct_celular":100,"pct_televisor":80}},{"type":"Feature","geometry":{"type":"Polygon","coordinates":[[[-66.56227,-18.41488],[-66.56222,-18.41462],[-66.56166,-18.41469],[-66.56169,-18.41494],[-66.56227,-18.41488]]]},"properties":{"n":"CATAVI","p":52,"personas_x_ha":292,"masculinidad":79,"pct_menor20":48,"pct_60mas":6,"pct_migrante":27,"dependencia_econ":160,"pct_empleados":30,"pct_cuentapropia":35,"pct_agricultura":30,"pct_comercio":10,"pct_manufactura":10,"pct_construccion":10,"pct_transporte":5,"pct_alojamiento":15,"pct_sin_educacion":4,"pct_educ_superior":68,"brecha_educ":-2,"pct_sin_seguro":21,"pct_sus":56,"pct_seguro_privado":2,"brecha_seguro":-15,"pct_salud_publica":20,"pct_med_tradicional":16,"pct_automedicacion":19,"pct_remedios_caseros":23,"pct_viv_desocupada":0,"pct_alquiler":15,"pct_electricidad":100,"pct_sin_electricidad":0,"pct_agua_red":100,"pct_alcantarillado":80,"pct_camara_septica":0,"pct_pozo_ciego":0,"pct_sin_desague":20,"pct_gas_red":45,"pct_gas_garrafa":55,"pct_lena_guano":55,"pct_basura_formal":100,"pct_basura_quema":0,"pct_basura_informal":0,"pct_internet":90,"pct_celular":100,"pct_televisor":80}},{"type":"Feature","geometry":{"type":"Polygon","coordinates":[[[-66.56607,-18.41571],[-66.56596,-18.41515],[-66.56488,-18.41575],[-66.5649,-18.41584],[-66.56607,-18.41571]]]},"properties":{"n":"CATAVI","p":41,"personas_x_ha":84,"masculinidad":78,"pct_menor20":32,"pct_60mas":24,"pct_migrante":46,"dependencia_econ":95,"pct_empleados":43,"pct_cuentapropia":43,"pct_agricultura":0,"pct_comercio":24,"pct_manufactura":5,"pct_construccion":10,"pct_transporte":5,"pct_alojamiento":5,"pct_sin_educacion":7,"pct_educ_superior":57,"brecha_educ":-14,"pct_sin_seguro":0,"pct_sus":80,"pct_seguro_privado":0,"brecha_seguro":0,"pct_salud_publica":24,"pct_med_tradicional":5,"pct_automedicacion":16,"pct_remedios_caseros":25,"pct_viv_desocupada":0,"pct_alquiler":0,"pct_electricidad":100,"pct_sin_electricidad":0,"pct_agua_red":100,"pct_alcantarillado":100,"pct_camara_septica":0,"pct_pozo_ciego":0,"pct_sin_desague":0,"pct_gas_red":89,"pct_gas_garrafa":11,"pct_lena_guano":11,"pct_basura_formal":100,"pct_basura_quema":0,"pct_basura_informal":0,"pct_internet":100,"pct_celular":100,"pct_televisor":100}},{"type":"Feature","geometry":{"type":"Polygon","coordinates":[[[-66.5658,-18.41622],[-66.56577,-18.41597],[-66.56494,-18.41609],[-66.56501,-18.41633],[-66.5658,-18.41622]]]},"properties":{"n":"CATAVI","p":19,"personas_x_ha":78,"masculinidad":19,"pct_menor20":37,"pct_60mas":21,"pct_migrante":47,"dependencia_econ":280,"pct_empleados":0,"pct_cuentapropia":60,"pct_agricultura":0,"pct_comercio":0,"pct_manufactura":0,"pct_construccion":0,"pct_transporte":20,"pct_alojamiento":20,"pct_sin_educacion":0,"pct_educ_superior":58,"brecha_educ":0,"pct_sin_seguro":5,"pct_sus":74,"pct_seguro_privado":0,"brecha_seguro":-6,"pct_salud_publica":54,"pct_med_tradicional":4,"pct_automedicacion":7,"pct_remedios_caseros":11,"pct_viv_desocupada":0,"pct_alquiler":38,"pct_electricidad":100,"pct_sin_electricidad":0,"pct_agua_red":88,"pct_alcantarillado":100,"pct_camara_septica":0,"pct_pozo_ciego":0,"pct_sin_desague":0,"pct_gas_red":62,"pct_gas_garrafa":38,"pct_lena_guano":38,"pct_basura_formal":100,"pct_basura_quema":0,"pct_basura_informal":0,"pct_internet":88,"pct_celular":88,"pct_televisor":75}},{"type":"Feature","geometry":{"type":"Polygon","coordinates":[[[-66.56328,-18.41713],[-66.56348,-18.41741],[-66.56374,-18.41735],[-66.56362,-18.41701],[-66.56328,-18.41713]]]},"properties":{"n":"CATAVI","p":31,"personas_x_ha":221,"masculinidad":82,"pct_menor20":42,"pct_60mas":3,"pct_migrante":48,"dependencia_econ":107,"pct_empleados":53,"pct_cuentapropia":40,"pct_agricultura":0,"pct_comercio":27,"pct_manufactura":7,"pct_construccion":27,"pct_transporte":0,"pct_alojamiento":20,"pct_sin_educacion":5,"pct_educ_superior":58,"brecha_educ":-1,"pct_sin_seguro":10,"pct_sus":68,"pct_seguro_privado":0,"brecha_seguro":-5,"pct_salud_publica":28,"pct_med_tradicional":9,"pct_automedicacion":27,"pct_remedios_caseros":30,"pct_viv_desocupada":0,"pct_alquiler":0,"pct_electricidad":100,"pct_sin_electricidad":0,"pct_agua_red":100,"pct_alcantarillado":89,"pct_camara_septica":0,"pct_pozo_ciego":0,"pct_sin_desague":11,"pct_gas_red":67,"pct_gas_garrafa":33,"pct_lena_guano":33,"pct_basura_formal":100,"pct_basura_quema":0,"pct_basura_informal":0,"pct_internet":89,"pct_celular":100,"pct_televisor":44}},{"type":"Feature","geometry":{"type":"Polygon","coordinates":[[[-66.56519,-18.41139],[-66.56618,-18.41125],[-66.56615,-18.41095],[-66.56514,-18.41106],[-66.56519,-18.41139]]]},"properties":{"n":"CATAVI","p":75,"personas_x_ha":195,"masculinidad":92,"pct_menor20":47,"pct_60mas":7,"pct_migrante":31,"dependencia_econ":159,"pct_empleados":38,"pct_cuentapropia":41,"pct_agricultura":7,"pct_comercio":21,"pct_manufactura":3,"pct_construccion":7,"pct_transporte":3,"pct_alojamiento":17,"pct_sin_educacion":2,"pct_educ_superior":22,"brecha_educ":-6,"pct_sin_seguro":11,"pct_sus":89,"pct_seguro_privado":0,"brecha_seguro":1,"pct_salud_publica":19,"pct_med_tradicional":10,"pct_automedicacion":15,"pct_remedios_caseros":34,"pct_viv_desocupada":5,"pct_alquiler":0,"pct_electricidad":100,"pct_sin_electricidad":0,"pct_agua_red":71,"pct_alcantarillado":52,"pct_camara_septica":0,"pct_pozo_ciego":0,"pct_sin_desague":48,"pct_gas_red":0,"pct_gas_garrafa":100,"pct_lena_guano":100,"pct_basura_formal":100,"pct_basura_quema":0,"pct_basura_informal":0,"pct_internet":71,"pct_celular":76,"pct_televisor":76}},{"type":"Feature","geometry":{"type":"Polygon","coordinates":[[[-66.5616,-18.41494],[-66.56159,-18.41486],[-66.56081,-18.41495],[-66.56083,-18.41503],[-66.5616,-18.41494]]]},"properties":{"n":"CATAVI","p":51,"personas_x_ha":647,"masculinidad":82,"pct_menor20":59,"pct_60mas":6,"pct_migrante":31,"dependencia_econ":325,"pct_empleados":67,"pct_cuentapropia":33,"pct_agricultura":0,"pct_comercio":17,"pct_manufactura":8,"pct_construccion":25,"pct_transporte":8,"pct_alojamiento":8,"pct_sin_educacion":26,"pct_educ_superior":26,"brecha_educ":3,"pct_sin_seguro":8,"pct_sus":92,"pct_seguro_privado":0,"brecha_seguro":9,"pct_salud_publica":33,"pct_med_tradicional":2,"pct_automedicacion":18,"pct_remedios_caseros":33,"pct_viv_desocupada":0,"pct_alquiler":13,"pct_electricidad":100,"pct_sin_electricidad":0,"pct_agua_red":87,"pct_alcantarillado":73,"pct_camara_septica":7,"pct_pozo_ciego":0,"pct_sin_desague":13,"pct_gas_red":73,"pct_gas_garrafa":27,"pct_lena_guano":27,"pct_basura_formal":100,"pct_basura_quema":0,"pct_basura_informal":0,"pct_internet":53,"pct_celular":73,"pct_televisor":73}},{"type":"Feature","geometry":{"type":"Polygon","coordinates":[[[-66.56243,-18.41526],[-66.5624,-18.41514],[-66.56165,-18.41523],[-66.56166,-18.41536],[-66.56243,-18.41526]]]},"properties":{"n":"CATAVI","p":37,"personas_x_ha":313,"masculinidad":118,"pct_menor20":46,"pct_60mas":3,"pct_migrante":19,"dependencia_econ":106,"pct_empleados":28,"pct_cuentapropia":44,"pct_agricultura":28,"pct_comercio":6,"pct_manufactura":0,"pct_construccion":11,"pct_transporte":6,"pct_alojamiento":11,"pct_sin_educacion":5,"pct_educ_superior":40,"brecha_educ":-29,"pct_sin_seguro":3,"pct_sus":86,"pct_seguro_privado":0,"brecha_seguro":5,"pct_salud_publica":25,"pct_med_tradicional":18,"pct_automedicacion":13,"pct_remedios_caseros":21,"pct_viv_desocupada":0,"pct_alquiler":9,"pct_electricidad":100,"pct_sin_electricidad":0,"pct_agua_red":91,"pct_alcantarillado":100,"pct_camara_septica":0,"pct_pozo_ciego":0,"pct_sin_desague":0,"pct_gas_red":45,"pct_gas_garrafa":55,"pct_lena_guano":55,"pct_basura_formal":100,"pct_basura_quema":0,"pct_basura_informal":0,"pct_internet":73,"pct_celular":82,"pct_televisor":91}},{"type":"Feature","geometry":{"type":"Polygon","coordinates":[[[-66.56245,-18.41542],[-66.56243,-18.41529],[-66.56175,-18.41539],[-66.56177,-18.41554],[-66.56245,-18.41542]]]},"properties":{"n":"CATAVI","p":27,"personas_x_ha":220,"masculinidad":80,"pct_menor20":41,"pct_60mas":4,"pct_migrante":41,"dependencia_econ":93,"pct_empleados":50,"pct_cuentapropia":21,"pct_agricultura":21,"pct_comercio":7,"pct_manufactura":14,"pct_construccion":21,"pct_transporte":0,"pct_alojamiento":0,"pct_sin_educacion":6,"pct_educ_superior":53,"brecha_educ":-10,"pct_sin_seguro":4,"pct_sus":93,"pct_seguro_privado":0,"brecha_seguro":8,"pct_salud_publica":74,"pct_med_tradicional":0,"pct_automedicacion":3,"pct_remedios_caseros":0,"pct_viv_desocupada":8,"pct_alquiler":0,"pct_electricidad":100,"pct_sin_electricidad":0,"pct_agua_red":80,"pct_alcantarillado":90,"pct_camara_septica":0,"pct_pozo_ciego":0,"pct_sin_desague":10,"pct_gas_red":50,"pct_gas_garrafa":50,"pct_lena_guano":50,"pct_basura_formal":100,"pct_basura_quema":0,"pct_basura_informal":0,"pct_internet":80,"pct_celular":80,"pct_televisor":80}},{"type":"Feature","geometry":{"type":"Polygon","coordinates":[[[-66.56262,-18.4155],[-66.56301,-18.41536],[-66.56294,-18.4152],[-66.56256,-18.41533],[-66.56262,-18.4155]]]},"properties":{"n":"CATAVI","p":22,"personas_x_ha":250,"masculinidad":57,"pct_menor20":41,"pct_60mas":14,"pct_migrante":59,"dependencia_econ":450,"pct_empleados":100,"pct_cuentapropia":0,"pct_agricultura":0,"pct_comercio":0,"pct_manufactura":0,"pct_construccion":0,"pct_transporte":0,"pct_alojamiento":0,"pct_sin_educacion":8,"pct_educ_superior":85,"brecha_educ":-10,"pct_sin_seguro":0,"pct_sus":41,"pct_seguro_privado":0,"brecha_seguro":0,"pct_salud_publica":16,"pct_med_tradicional":11,"pct_automedicacion":15,"pct_remedios_caseros":19,"pct_viv_desocupada":0,"pct_alquiler":18,"pct_electricidad":100,"pct_sin_electricidad":0,"pct_agua_red":100,"pct_alcantarillado":100,"pct_camara_septica":0,"pct_pozo_ciego":0,"pct_sin_desague":0,"pct_gas_red":55,"pct_gas_garrafa":45,"pct_lena_guano":45,"pct_basura_formal":100,"pct_basura_quema":0,"pct_basura_informal":0,"pct_internet":82,"pct_celular":82,"pct_televisor":73}},{"type":"Feature","geometry":{"type":"Polygon","coordinates":[[[-66.5609,-18.41593],[-66.56166,-18.41584],[-66.56165,-18.41575],[-66.56089,-18.41583],[-66.5609,-18.41593]]]},"properties":{"n":"CATAVI","p":24,"personas_x_ha":277,"masculinidad":118,"pct_menor20":46,"pct_60mas":4,"pct_migrante":17,"dependencia_econ":300,"pct_empleados":17,"pct_cuentapropia":83,"pct_agricultura":0,"pct_comercio":17,"pct_manufactura":0,"pct_construccion":67,"pct_transporte":0,"pct_alojamiento":0,"pct_sin_educacion":0,"pct_educ_superior":31,"brecha_educ":8,"pct_sin_seguro":17,"pct_sus":46,"pct_seguro_privado":0,"brecha_seguro":14,"pct_salud_publica":28,"pct_med_tradicional":19,"pct_automedicacion":14,"pct_remedios_caseros":26,"pct_viv_desocupada":0,"pct_alquiler":0,"pct_electricidad":100,"pct_sin_electricidad":0,"pct_agua_red":100,"pct_alcantarillado":88,"pct_camara_septica":0,"pct_pozo_ciego":0,"pct_sin_desague":12,"pct_gas_red":75,"pct_gas_garrafa":25,"pct_lena_guano":25,"pct_basura_formal":100,"pct_basura_quema":0,"pct_basura_informal":0,"pct_internet":50,"pct_celular":62,"pct_televisor":62}},{"type":"Feature","geometry":{"type":"Polygon","coordinates":[[[-66.56249,-18.4155],[-66.56204,-18.41566],[-66.56206,-18.41574],[-66.56253,-18.41558],[-66.56249,-18.4155]]]},"properties":{"n":"CATAVI","p":23,"personas_x_ha":434,"masculinidad":109,"pct_menor20":48,"pct_60mas":4,"pct_migrante":48,"dependencia_econ":92,"pct_empleados":25,"pct_cuentapropia":58,"pct_agricultura":33,"pct_comercio":8,"pct_manufactura":0,"pct_construccion":8,"pct_transporte":0,"pct_alojamiento":0,"pct_sin_educacion":8,"pct_educ_superior":50,"brecha_educ":0,"pct_sin_seguro":0,"pct_sus":61,"pct_seguro_privado":0,"brecha_seguro":0,"pct_salud_publica":25,"pct_med_tradicional":29,"pct_automedicacion":4,"pct_remedios_caseros":31,"pct_viv_desocupada":0,"pct_alquiler":29,"pct_electricidad":100,"pct_sin_electricidad":0,"pct_agua_red":100,"pct_alcantarillado":100,"pct_camara_septica":0,"pct_pozo_ciego":0,"pct_sin_desague":0,"pct_gas_red":43,"pct_gas_garrafa":57,"pct_lena_guano":57,"pct_basura_formal":100,"pct_basura_quema":0,"pct_basura_informal":0,"pct_internet":71,"pct_celular":71,"pct_televisor":86}},{"type":"Feature","geometry":{"type":"Polygon","coordinates":[[[-66.5667,-18.41144],[-66.56745,-18.41125],[-66.56741,-18.41106],[-66.56663,-18.41124],[-66.5667,-18.41144]]]},"properties":{"n":"CATAVI","p":52,"personas_x_ha":273,"masculinidad":79,"pct_menor20":48,"pct_60mas":4,"pct_migrante":40,"dependencia_econ":189,"pct_empleados":39,"pct_cuentapropia":50,"pct_agricultura":0,"pct_comercio":0,"pct_manufactura":0,"pct_construccion":6,"pct_transporte":6,"pct_alojamiento":6,"pct_sin_educacion":21,"pct_educ_superior":29,"brecha_educ":-4,"pct_sin_seguro":8,"pct_sus":79,"pct_seguro_privado":0,"brecha_seguro":2,"pct_salud_publica":22,"pct_med_tradicional":14,"pct_automedicacion":23,"pct_remedios_caseros":26,"pct_viv_desocupada":0,"pct_alquiler":0,"pct_electricidad":100,"pct_sin_electricidad":0,"pct_agua_red":93,"pct_alcantarillado":47,"pct_camara_septica":7,"pct_pozo_ciego":0,"pct_sin_desague":47,"pct_gas_red":0,"pct_gas_garrafa":100,"pct_lena_guano":100,"pct_basura_formal":100,"pct_basura_quema":0,"pct_basura_informal":0,"pct_internet":60,"pct_celular":73,"pct_televisor":93}},{"type":"Feature","geometry":{"type":"Polygon","coordinates":[[[-66.56159,-18.41522],[-66.56085,-18.4153],[-66.56086,-18.41539],[-66.56159,-18.41531],[-66.56159,-18.41522]]]},"properties":{"n":"CATAVI","p":48,"personas_x_ha":597,"masculinidad":92,"pct_menor20":50,"pct_60mas":6,"pct_migrante":25,"dependencia_econ":118,"pct_empleados":27,"pct_cuentapropia":68,"pct_agricultura":9,"pct_comercio":41,"pct_manufactura":9,"pct_construccion":0,"pct_transporte":0,"pct_alojamiento":23,"pct_sin_educacion":16,"pct_educ_superior":12,"brecha_educ":-20,"pct_sin_seguro":19,"pct_sus":79,"pct_seguro_privado":0,"brecha_seguro":6,"pct_salud_publica":26,"pct_med_tradicional":6,"pct_automedicacion":25,"pct_remedios_caseros":30,"pct_viv_desocupada":0,"pct_alquiler":0,"pct_electricidad":100,"pct_sin_electricidad":0,"pct_agua_red":90,"pct_alcantarillado":70,"pct_camara_septica":0,"pct_pozo_ciego":0,"pct_sin_desague":30,"pct_gas_red":20,"pct_gas_garrafa":80,"pct_lena_guano":80,"pct_basura_formal":100,"pct_basura_quema":0,"pct_basura_informal":0,"pct_internet":70,"pct_celular":100,"pct_televisor":90}},{"type":"Feature","geometry":{"type":"Polygon","coordinates":[[[-66.56549,-18.41874],[-66.56632,-18.41855],[-66.56625,-18.41821],[-66.56537,-18.41838],[-66.56549,-18.41874]]]},"properties":{"n":"CATAVI","p":39,"personas_x_ha":99,"masculinidad":105,"pct_menor20":46,"pct_60mas":0,"pct_migrante":38,"dependencia_econ":95,"pct_empleados":35,"pct_cuentapropia":25,"pct_agricultura":35,"pct_comercio":10,"pct_manufactura":0,"pct_construccion":5,"pct_transporte":0,"pct_alojamiento":10,"pct_sin_educacion":5,"pct_educ_superior":50,"brecha_educ":33,"pct_sin_seguro":10,"pct_sus":67,"pct_seguro_privado":0,"brecha_seguro":-1,"pct_salud_publica":27,"pct_med_tradicional":1,"pct_automedicacion":27,"pct_remedios_caseros":30,"pct_viv_desocupada":0,"pct_alquiler":6,"pct_electricidad":88,"pct_sin_electricidad":12,"pct_agua_red":88,"pct_alcantarillado":0,"pct_camara_septica":0,"pct_pozo_ciego":19,"pct_sin_desague":81,"pct_gas_red":38,"pct_gas_garrafa":56,"pct_lena_guano":56,"pct_basura_formal":81,"pct_basura_quema":12,"pct_basura_informal":12,"pct_internet":88,"pct_celular":94,"pct_televisor":69}},{"type":"Feature","geometry":{"type":"Polygon","coordinates":[[[-66.64431,-18.35904],[-66.64363,-18.35873],[-66.64358,-18.35904],[-66.64447,-18.35945],[-66.64468,-18.35882],[-66.64448,-18.35871],[-66.64431,-18.35904]]]},"properties":{"n":"CIRCUYO","p":28,"personas_x_ha":58,"masculinidad":87,"pct_menor20":39,"pct_60mas":7,"pct_migrante":0,"dependencia_econ":69,"pct_empleados":38,"pct_cuentapropia":25,"pct_agricultura":56,"pct_comercio":0,"pct_manufactura":0,"pct_construccion":12,"pct_transporte":0,"pct_alojamiento":0,"pct_sin_educacion":24,"pct_educ_superior":6,"brecha_educ":-9,"pct_sin_seguro":19,"pct_sus":81,"pct_seguro_privado":0,"brecha_seguro":-3,"pct_salud_publica":15,"pct_med_tradicional":6,"pct_automedicacion":34,"pct_remedios_caseros":31,"pct_viv_desocupada":12,"pct_alquiler":0,"pct_electricidad":83,"pct_sin_electricidad":17,"pct_agua_red":83,"pct_alcantarillado":0,"pct_camara_septica":0,"pct_pozo_ciego":17,"pct_sin_desague":83,"pct_gas_red":0,"pct_gas_garrafa":83,"pct_lena_guano":83,"pct_basura_formal":0,"pct_basura_quema":83,"pct_basura_informal":0,"pct_internet":17,"pct_celular":67,"pct_televisor":50}},{"type":"Feature","geometry":{"type":"Polygon","coordinates":[[[-66.65248,-18.35247],[-66.65189,-18.35285],[-66.65205,-18.35331],[-66.65244,-18.35319],[-66.65255,-18.35364],[-66.65414,-18.35336],[-66.65403,-18.35231],[-66.65383,-18.35135],[-66.65301,-18.3516],[-66.65217,-18.35199],[-66.65248,-18.35247]]]},"properties":{"n":"COMUNIDAD VICTALA","p":22,"personas_x_ha":5,"masculinidad":175,"pct_menor20":27,"pct_60mas":9,"pct_migrante":9,"dependencia_econ":57,"pct_empleados":7,"pct_cuentapropia":43,"pct_agricultura":71,"pct_comercio":7,"pct_manufactura":7,"pct_construccion":0,"pct_transporte":7,"pct_alojamiento":0,"pct_sin_educacion":12,"pct_educ_superior":6,"brecha_educ":-6,"pct_sin_seguro":5,"pct_sus":95,"pct_seguro_privado":0,"brecha_seguro":7,"pct_salud_publica":33,"pct_med_tradicional":14,"pct_automedicacion":10,"pct_remedios_caseros":40,"pct_viv_desocupada":20,"pct_alquiler":0,"pct_electricidad":100,"pct_sin_electricidad":0,"pct_agua_red":43,"pct_alcantarillado":14,"pct_camara_septica":14,"pct_pozo_ciego":29,"pct_sin_desague":43,"pct_gas_red":0,"pct_gas_garrafa":86,"pct_lena_guano":86,"pct_basura_formal":0,"pct_basura_quema":86,"pct_basura_informal":0,"pct_internet":43,"pct_celular":71,"pct_televisor":14}},{"type":"Feature","geometry":{"type":"Polygon","coordinates":[[[-66.65097,-18.35204],[-66.65123,-18.35243],[-66.65162,-18.35221],[-66.65136,-18.3518],[-66.65097,-18.35204]]]},"properties":{"n":"COMUNIDAD VICTALA","p":18,"personas_x_ha":70,"masculinidad":125,"pct_menor20":56,"pct_60mas":6,"pct_migrante":6,"dependencia_econ":200,"pct_empleados":0,"pct_cuentapropia":83,"pct_agricultura":33,"pct_comercio":0,"pct_manufactura":0,"pct_construccion":17,"pct_transporte":0,"pct_alojamiento":0,"pct_sin_educacion":12,"pct_educ_superior":0,"brecha_educ":-25,"pct_sin_seguro":17,"pct_sus":83,"pct_seguro_privado":0,"brecha_seguro":30,"pct_salud_publica":0,"pct_med_tradicional":0,"pct_automedicacion":23,"pct_remedios_caseros":77,"pct_viv_desocupada":0,"pct_alquiler":0,"pct_electricidad":75,"pct_sin_electricidad":25,"pct_agua_red":0,"pct_alcantarillado":0,"pct_camara_septica":0,"pct_pozo_ciego":0,"pct_sin_desague":100,"pct_gas_red":0,"pct_gas_garrafa":50,"pct_lena_guano":50,"pct_basura_formal":0,"pct_basura_quema":100,"pct_basura_informal":0,"pct_internet":100,"pct_celular":100,"pct_televisor":100}},{"type":"Feature","geometry":{"type":"Polygon","coordinates":[[[-66.65083,-18.35099],[-66.65016,-18.35167],[-66.65046,-18.35189],[-66.65116,-18.35146],[-66.65083,-18.35099]]]},"properties":{"n":"COMUNIDAD VICTALA","p":25,"personas_x_ha":49,"masculinidad":127,"pct_menor20":52,"pct_60mas":4,"pct_migrante":0,"dependencia_econ":130,"pct_empleados":0,"pct_cuentapropia":50,"pct_agricultura":50,"pct_comercio":0,"pct_manufactura":10,"pct_construccion":30,"pct_transporte":0,"pct_alojamiento":0,"pct_sin_educacion":18,"pct_educ_superior":0,"brecha_educ":27,"pct_sin_seguro":9,"pct_sus":74,"pct_seguro_privado":0,"brecha_seguro":15,"pct_salud_publica":31,"pct_med_tradicional":21,"pct_automedicacion":11,"pct_remedios_caseros":15,"pct_viv_desocupada":0,"pct_alquiler":0,"pct_electricidad":57,"pct_sin_electricidad":43,"pct_agua_red":14,"pct_alcantarillado":0,"pct_camara_septica":14,"pct_pozo_ciego":0,"pct_sin_desague":86,"pct_gas_red":0,"pct_gas_garrafa":86,"pct_lena_guano":86,"pct_basura_formal":0,"pct_basura_quema":57,"pct_basura_informal":0,"pct_internet":14,"pct_celular":57,"pct_televisor":29}},{"type":"Feature","geometry":{"type":"Polygon","coordinates":[[[-66.65145,-18.35127],[-66.65114,-18.35078],[-66.65088,-18.35093],[-66.6512,-18.35144],[-66.65145,-18.35127]]]},"properties":{"n":"COMUNIDAD VICTALA","p":15,"personas_x_ha":71,"masculinidad":67,"pct_menor20":33,"pct_60mas":0,"pct_migrante":0,"dependencia_econ":88,"pct_empleados":12,"pct_cuentapropia":38,"pct_agricultura":88,"pct_comercio":0,"pct_manufactura":0,"pct_construccion":0,"pct_transporte":0,"pct_alojamiento":0,"pct_sin_educacion":0,"pct_educ_superior":45,"brecha_educ":36,"pct_sin_seguro":7,"pct_sus":67,"pct_seguro_privado":0,"brecha_seguro":-11,"pct_salud_publica":22,"pct_med_tradicional":20,"pct_automedicacion":20,"pct_remedios_caseros":26,"pct_viv_desocupada":0,"pct_alquiler":0,"pct_electricidad":78,"pct_sin_electricidad":11,"pct_agua_red":22,"pct_alcantarillado":0,"pct_camara_septica":0,"pct_pozo_ciego":11,"pct_sin_desague":78,"pct_gas_red":0,"pct_gas_garrafa":78,"pct_lena_guano":78,"pct_basura_formal":0,"pct_basura_quema":89,"pct_basura_informal":0,"pct_internet":78,"pct_celular":67,"pct_televisor":22}},{"type":"Feature","geometry":{"type":"Polygon","coordinates":[[[-66.58724,-18.31264],[-66.58722,-18.31234],[-66.58689,-18.31241],[-66.58693,-18.31268],[-66.58724,-18.31264]]]},"properties":{"n":"FALAUCANI","p":15,"personas_x_ha":130,"masculinidad":114,"pct_menor20":47,"pct_60mas":20,"pct_migrante":0,"dependencia_econ":88,"pct_empleados":0,"pct_cuentapropia":62,"pct_agricultura":75,"pct_comercio":0,"pct_manufactura":0,"pct_construccion":0,"pct_transporte":12,"pct_alojamiento":0,"pct_sin_educacion":12,"pct_educ_superior":0,"brecha_educ":-27,"pct_sin_seguro":0,"pct_sus":100,"pct_seguro_privado":0,"brecha_seguro":0,"pct_salud_publica":37,"pct_med_tradicional":0,"pct_automedicacion":27,"pct_remedios_caseros":37,"pct_viv_desocupada":29,"pct_alquiler":0,"pct_electricidad":100,"pct_sin_electricidad":0,"pct_agua_red":20,"pct_alcantarillado":0,"pct_camara_septica":0,"pct_pozo_ciego":0,"pct_sin_desague":100,"pct_gas_red":0,"pct_gas_garrafa":60,"pct_lena_guano":60,"pct_basura_formal":0,"pct_basura_quema":20,"pct_basura_informal":0,"pct_internet":60,"pct_celular":60,"pct_televisor":40}},{"type":"Feature","geometry":{"type":"Polygon","coordinates":[[[-66.58635,-18.31184],[-66.58588,-18.31205],[-66.58609,-18.31243],[-66.58636,-18.3127],[-66.58687,-18.31269],[-66.58686,-18.31244],[-66.58654,-18.3125],[-66.58635,-18.31184]]]},"properties":{"n":"FALAUCANI","p":28,"personas_x_ha":59,"masculinidad":155,"pct_menor20":39,"pct_60mas":7,"pct_migrante":4,"dependencia_econ":62,"pct_empleados":0,"pct_cuentapropia":62,"pct_agricultura":88,"pct_comercio":0,"pct_manufactura":6,"pct_construccion":0,"pct_transporte":0,"pct_alojamiento":0,"pct_sin_educacion":6,"pct_educ_superior":6,"brecha_educ":-27,"pct_sin_seguro":0,"pct_sus":100,"pct_seguro_privado":0,"brecha_seguro":0,"pct_salud_publica":30,"pct_med_tradicional":28,"pct_automedicacion":9,"pct_remedios_caseros":30,"pct_viv_desocupada":23,"pct_alquiler":0,"pct_electricidad":90,"pct_sin_electricidad":10,"pct_agua_red":100,"pct_alcantarillado":0,"pct_camara_septica":0,"pct_pozo_ciego":0,"pct_sin_desague":100,"pct_gas_red":0,"pct_gas_garrafa":20,"pct_lena_guano":20,"pct_basura_formal":0,"pct_basura_quema":100,"pct_basura_informal":0,"pct_internet":10,"pct_celular":80,"pct_televisor":40}},{"type":"Feature","geometry":{"type":"Polygon","coordinates":[[[-66.66336,-18.34692],[-66.66323,-18.3471],[-66.66324,-18.34725],[-66.66375,-18.34721],[-66.66367,-18.34654],[-66.66326,-18.34652],[-66.66323,-18.3468],[-66.66336,-18.34692]]]},"properties":{"n":"JACHOJO","p":21,"personas_x_ha":57,"masculinidad":133,"pct_menor20":52,"pct_60mas":5,"pct_migrante":14,"dependencia_econ":110,"pct_empleados":20,"pct_cuentapropia":50,"pct_agricultura":50,"pct_comercio":0,"pct_manufactura":10,"pct_construccion":40,"pct_transporte":0,"pct_alojamiento":0,"pct_sin_educacion":0,"pct_educ_superior":0,"brecha_educ":-33,"pct_sin_seguro":43,"pct_sus":52,"pct_seguro_privado":0,"brecha_seguro":-3,"pct_salud_publica":26,"pct_med_tradicional":27,"pct_automedicacion":12,"pct_remedios_caseros":16,"pct_viv_desocupada":0,"pct_alquiler":0,"pct_electricidad":100,"pct_sin_electricidad":0,"pct_agua_red":83,"pct_alcantarillado":50,"pct_camara_septica":0,"pct_pozo_ciego":0,"pct_sin_desague":50,"pct_gas_red":0,"pct_gas_garrafa":100,"pct_lena_guano":100,"pct_basura_formal":17,"pct_basura_quema":33,"pct_basura_informal":0,"pct_internet":67,"pct_celular":100,"pct_televisor":100}},{"type":"Feature","geometry":{"type":"Polygon","coordinates":[[[-66.66324,-18.34793],[-66.66253,-18.34798],[-66.66245,-18.34842],[-66.66325,-18.34841],[-66.66324,-18.34793]]]},"properties":{"n":"JACHOJO","p":15,"personas_x_ha":36,"masculinidad":400,"pct_menor20":20,"pct_60mas":13,"pct_migrante":27,"dependencia_econ":25,"pct_empleados":8,"pct_cuentapropia":58,"pct_agricultura":67,"pct_comercio":0,"pct_manufactura":0,"pct_construccion":17,"pct_transporte":17,"pct_alojamiento":0,"pct_sin_educacion":8,"pct_educ_superior":17,"brecha_educ":40,"pct_sin_seguro":20,"pct_sus":67,"pct_seguro_privado":7,"brecha_seguro":25,"pct_salud_publica":21,"pct_med_tradicional":13,"pct_automedicacion":19,"pct_remedios_caseros":24,"pct_viv_desocupada":0,"pct_alquiler":0,"pct_electricidad":88,"pct_sin_electricidad":12,"pct_agua_red":12,"pct_alcantarillado":12,"pct_camara_septica":0,"pct_pozo_ciego":0,"pct_sin_desague":25,"pct_gas_red":0,"pct_gas_garrafa":100,"pct_lena_guano":100,"pct_basura_formal":12,"pct_basura_quema":62,"pct_basura_informal":0,"pct_internet":75,"pct_celular":100,"pct_televisor":75}},{"type":"Feature","geometry":{"type":"Polygon","coordinates":[[[-66.66229,-18.34848],[-66.66168,-18.34847],[-66.66177,-18.34913],[-66.66191,-18.34935],[-66.6625,-18.34931],[-66.66259,-18.349],[-66.66229,-18.34848]]]},"properties":{"n":"JACHOJO","p":18,"personas_x_ha":25,"masculinidad":100,"pct_menor20":39,"pct_60mas":6,"pct_migrante":17,"dependencia_econ":50,"pct_empleados":8,"pct_cuentapropia":83,"pct_agricultura":67,"pct_comercio":0,"pct_manufactura":0,"pct_construccion":8,"pct_transporte":8,"pct_alojamiento":0,"pct_sin_educacion":0,"pct_educ_superior":9,"brecha_educ":17,"pct_sin_seguro":11,"pct_sus":78,"pct_seguro_privado":0,"brecha_seguro":0,"pct_salud_publica":23,"pct_med_tradicional":8,"pct_automedicacion":22,"pct_remedios_caseros":24,"pct_viv_desocupada":0,"pct_alquiler":0,"pct_electricidad":100,"pct_sin_electricidad":0,"pct_agua_red":67,"pct_alcantarillado":0,"pct_camara_septica":0,"pct_pozo_ciego":33,"pct_sin_desague":67,"pct_gas_red":0,"pct_gas_garrafa":100,"pct_lena_guano":100,"pct_basura_formal":0,"pct_basura_quema":100,"pct_basura_informal":0,"pct_internet":83,"pct_celular":83,"pct_televisor":33}},{"type":"Feature","geometry":{"type":"Polygon","coordinates":[[[-66.66383,-18.34782],[-66.66375,-18.34725],[-66.66324,-18.34729],[-66.66328,-18.34787],[-66.66383,-18.34782]]]},"properties":{"n":"JACHOJO","p":24,"personas_x_ha":66,"masculinidad":167,"pct_menor20":46,"pct_60mas":4,"pct_migrante":17,"dependencia_econ":71,"pct_empleados":29,"pct_cuentapropia":36,"pct_agricultura":71,"pct_comercio":0,"pct_manufactura":7,"pct_construccion":7,"pct_transporte":0,"pct_alojamiento":0,"pct_sin_educacion":8,"pct_educ_superior":15,"brecha_educ":-57,"pct_sin_seguro":0,"pct_sus":67,"pct_seguro_privado":0,"brecha_seguro":0,"pct_salud_publica":25,"pct_med_tradicional":2,"pct_automedicacion":24,"pct_remedios_caseros":26,"pct_viv_desocupada":11,"pct_alquiler":0,"pct_electricidad":100,"pct_sin_electricidad":0,"pct_agua_red":100,"pct_alcantarillado":0,"pct_camara_septica":0,"pct_pozo_ciego":0,"pct_sin_desague":100,"pct_gas_red":0,"pct_gas_garrafa":25,"pct_lena_guano":25,"pct_basura_formal":0,"pct_basura_quema":100,"pct_basura_informal":0,"pct_internet":75,"pct_celular":88,"pct_televisor":25}},{"type":"Feature","geometry":{"type":"Polygon","coordinates":[[[-66.66209,-18.34797],[-66.66323,-18.34788],[-66.66319,-18.34729],[-66.66206,-18.34741],[-66.66209,-18.34797]]]},"properties":{"n":"JACHOJO","p":15,"personas_x_ha":19,"masculinidad":114,"pct_menor20":33,"pct_60mas":33,"pct_migrante":13,"dependencia_econ":67,"pct_empleados":0,"pct_cuentapropia":89,"pct_agricultura":56,"pct_comercio":11,"pct_manufactura":33,"pct_construccion":0,"pct_transporte":0,"pct_alojamiento":0,"pct_sin_educacion":30,"pct_educ_superior":20,"brecha_educ":-20,"pct_sin_seguro":14,"pct_sus":64,"pct_seguro_privado":0,"brecha_seguro":29,"pct_salud_publica":31,"pct_med_tradicional":0,"pct_automedicacion":23,"pct_remedios_caseros":37,"pct_viv_desocupada":38,"pct_alquiler":0,"pct_electricidad":100,"pct_sin_electricidad":0,"pct_agua_red":100,"pct_alcantarillado":0,"pct_camara_septica":0,"pct_pozo_ciego":0,"pct_sin_desague":100,"pct_gas_red":0,"pct_gas_garrafa":75,"pct_lena_guano":75,"pct_basura_formal":0,"pct_basura_quema":38,"pct_basura_informal":0,"pct_internet":62,"pct_celular":100,"pct_televisor":38}},{"type":"Feature","geometry":{"type":"Polygon","coordinates":[[[-66.57732,-18.4201],[-66.57718,-18.41989],[-66.57685,-18.42013],[-66.5772,-18.42033],[-66.57713,-18.42024],[-66.57732,-18.4201]]]},"properties":{"n":"LLALLAGUA","p":33,"personas_x_ha":272,"masculinidad":94,"pct_menor20":39,"pct_60mas":3,"pct_migrante":58,"dependencia_econ":175,"pct_empleados":58,"pct_cuentapropia":25,"pct_agricultura":8,"pct_comercio":25,"pct_manufactura":0,"pct_construccion":17,"pct_transporte":0,"pct_alojamiento":17,"pct_sin_educacion":0,"pct_educ_superior":55,"brecha_educ":-12,"pct_sin_seguro":15,"pct_sus":79,"pct_seguro_privado":0,"brecha_seguro":7,"pct_salud_publica":28,"pct_med_tradicional":2,"pct_automedicacion":20,"pct_remedios_caseros":30,"pct_viv_desocupada":6,"pct_alquiler":0,"pct_electricidad":69,"pct_sin_electricidad":31,"pct_agua_red":12,"pct_alcantarillado":12,"pct_camara_septica":0,"pct_pozo_ciego":0,"pct_sin_desague":69,"pct_gas_red":0,"pct_gas_garrafa":100,"pct_lena_guano":100,"pct_basura_formal":44,"pct_basura_quema":31,"pct_basura_informal":38,"pct_internet":56,"pct_celular":69,"pct_televisor":44}},{"type":"Feature","geometry":{"type":"Polygon","coordinates":[[[-66.58818,-18.42751],[-66.58892,-18.42743],[-66.58893,-18.42725],[-66.58853,-18.42723],[-66.58812,-18.42732],[-66.58818,-18.42751]]]},"properties":{"n":"LLALLAGUA","p":36,"personas_x_ha":194,"masculinidad":71,"pct_menor20":42,"pct_60mas":3,"pct_migrante":28,"dependencia_econ":125,"pct_empleados":50,"pct_cuentapropia":44,"pct_agricultura":0,"pct_comercio":6,"pct_manufactura":25,"pct_construccion":12,"pct_transporte":6,"pct_alojamiento":12,"pct_sin_educacion":0,"pct_educ_superior":57,"brecha_educ":14,"pct_sin_seguro":6,"pct_sus":49,"pct_seguro_privado":0,"brecha_seguro":14,"pct_salud_publica":36,"pct_med_tradicional":9,"pct_automedicacion":13,"pct_remedios_caseros":17,"pct_viv_desocupada":0,"pct_alquiler":0,"pct_electricidad":100,"pct_sin_electricidad":0,"pct_agua_red":0,"pct_alcantarillado":0,"pct_camara_septica":0,"pct_pozo_ciego":0,"pct_sin_desague":100,"pct_gas_red":0,"pct_gas_garrafa":100,"pct_lena_guano":100,"pct_basura_formal":100,"pct_basura_quema":0,"pct_basura_informal":0,"pct_internet":89,"pct_celular":89,"pct_televisor":89}},{"type":"Feature","geometry":{"type":"Polygon","coordinates":[[[-66.57663,-18.41979],[-66.57648,-18.4195],[-66.57635,-18.41942],[-66.57615,-18.41969],[-66.57662,-18.41994],[-66.57663,-18.41979]]]},"properties":{"n":"LLALLAGUA","p":15,"personas_x_ha":99,"masculinidad":67,"pct_menor20":27,"pct_60mas":13,"pct_migrante":80,"dependencia_econ":88,"pct_empleados":50,"pct_cuentapropia":25,"pct_agricultura":25,"pct_comercio":12,"pct_manufactura":0,"pct_construccion":12,"pct_transporte":0,"pct_alojamiento":38,"pct_sin_educacion":9,"pct_educ_superior":27,"brecha_educ":-50,"pct_sin_seguro":14,"pct_sus":86,"pct_seguro_privado":0,"brecha_seguro":9,"pct_salud_publica":21,"pct_med_tradicional":7,"pct_automedicacion":16,"pct_remedios_caseros":23,"pct_viv_desocupada":0,"pct_alquiler":0,"pct_electricidad":70,"pct_sin_electricidad":20,"pct_agua_red":0,"pct_alcantarillado":0,"pct_camara_septica":0,"pct_pozo_ciego":30,"pct_sin_desague":70,"pct_gas_red":0,"pct_gas_garrafa":100,"pct_lena_guano":100,"pct_basura_formal":60,"pct_basura_quema":30,"pct_basura_informal":0,"pct_internet":80,"pct_celular":80,"pct_televisor":50}},{"type":"Feature","geometry":{"type":"Polygon","coordinates":[[[-66.58303,-18.4089],[-66.58266,-18.40885],[-66.58255,-18.40995],[-66.58293,-18.40996],[-66.58303,-18.4089]]]},"properties":{"n":"LLALLAGUA","p":29,"personas_x_ha":60,"masculinidad":123,"pct_menor20":48,"pct_60mas":10,"pct_migrante":21,"dependencia_econ":142,"pct_empleados":8,"pct_cuentapropia":33,"pct_agricultura":8,"pct_comercio":17,"pct_manufactura":8,"pct_construccion":8,"pct_transporte":17,"pct_alojamiento":25,"pct_sin_educacion":7,"pct_educ_superior":7,"brecha_educ":-36,"pct_sin_seguro":21,"pct_sus":79,"pct_seguro_privado":0,"brecha_seguro":11,"pct_salud_publica":53,"pct_med_tradicional":0,"pct_automedicacion":16,"pct_remedios_caseros":10,"pct_viv_desocupada":20,"pct_alquiler":29,"pct_electricidad":100,"pct_sin_electricidad":0,"pct_agua_red":57,"pct_alcantarillado":0,"pct_camara_septica":0,"pct_pozo_ciego":29,"pct_sin_desague":71,"pct_gas_red":0,"pct_gas_garrafa":100,"pct_lena_guano":100,"pct_basura_formal":57,"pct_basura_quema":14,"pct_basura_informal":0,"pct_internet":29,"pct_celular":86,"pct_televisor":100}},{"type":"Feature","geometry":{"type":"Polygon","coordinates":[[[-66.58533,-18.40998],[-66.58513,-18.40966],[-66.58483,-18.40981],[-66.58438,-18.4103],[-66.58456,-18.41018],[-66.58482,-18.41033],[-66.58533,-18.40998]]]},"properties":{"n":"LLALLAGUA","p":27,"personas_x_ha":76,"masculinidad":125,"pct_menor20":41,"pct_60mas":4,"pct_migrante":7,"dependencia_econ":125,"pct_empleados":25,"pct_cuentapropia":50,"pct_agricultura":17,"pct_comercio":25,"pct_manufactura":8,"pct_construccion":17,"pct_transporte":17,"pct_alojamiento":8,"pct_sin_educacion":0,"pct_educ_superior":12,"brecha_educ":12,"pct_sin_seguro":37,"pct_sus":63,"pct_seguro_privado":0,"brecha_seguro":37,"pct_salud_publica":26,"pct_med_tradicional":15,"pct_automedicacion":23,"pct_remedios_caseros":36,"pct_viv_desocupada":0,"pct_alquiler":0,"pct_electricidad":78,"pct_sin_electricidad":0,"pct_agua_red":0,"pct_alcantarillado":0,"pct_camara_septica":0,"pct_pozo_ciego":11,"pct_sin_desague":89,"pct_gas_red":0,"pct_gas_garrafa":100,"pct_lena_guano":100,"pct_basura_formal":56,"pct_basura_quema":44,"pct_basura_informal":0,"pct_internet":89,"pct_celular":89,"pct_televisor":67}},{"type":"Feature","geometry":{"type":"Polygon","coordinates":[[[-66.5851,-18.40798],[-66.58501,-18.40899],[-66.58537,-18.40902],[-66.58541,-18.40848],[-66.58524,-18.40799],[-66.5851,-18.40798]]]},"properties":{"n":"LLALLAGUA","p":15,"personas_x_ha":41,"masculinidad":67,"pct_menor20":53,"pct_60mas":0,"pct_migrante":0,"dependencia_econ":67,"pct_empleados":0,"pct_cuentapropia":78,"pct_agricultura":33,"pct_comercio":11,"pct_manufactura":0,"pct_construccion":0,"pct_transporte":33,"pct_alojamiento":11,"pct_sin_educacion":0,"pct_educ_superior":43,"brecha_educ":8,"pct_sin_seguro":0,"pct_sus":100,"pct_seguro_privado":0,"brecha_seguro":0,"pct_salud_publica":18,"pct_med_tradicional":0,"pct_automedicacion":34,"pct_remedios_caseros":34,"pct_viv_desocupada":54,"pct_alquiler":0,"pct_electricidad":83,"pct_sin_electricidad":17,"pct_agua_red":17,"pct_alcantarillado":0,"pct_camara_septica":0,"pct_pozo_ciego":0,"pct_sin_desague":100,"pct_gas_red":0,"pct_gas_garrafa":100,"pct_lena_guano":100,"pct_basura_formal":33,"pct_basura_quema":67,"pct_basura_informal":0,"pct_internet":83,"pct_celular":100,"pct_televisor":83}},{"type":"Feature","geometry":{"type":"Polygon","coordinates":[[[-66.57384,-18.41996],[-66.57349,-18.42023],[-66.57372,-18.42052],[-66.57408,-18.42023],[-66.57384,-18.41996]]]},"properties":{"n":"LLALLAGUA","p":27,"personas_x_ha":136,"masculinidad":125,"pct_menor20":41,"pct_60mas":19,"pct_migrante":48,"dependencia_econ":69,"pct_empleados":31,"pct_cuentapropia":56,"pct_agricultura":50,"pct_comercio":0,"pct_manufactura":19,"pct_construccion":25,"pct_transporte":0,"pct_alojamiento":0,"pct_sin_educacion":25,"pct_educ_superior":25,"brecha_educ":-13,"pct_sin_seguro":11,"pct_sus":89,"pct_seguro_privado":0,"brecha_seguro":5,"pct_salud_publica":24,"pct_med_tradicional":3,"pct_automedicacion":33,"pct_remedios_caseros":27,"pct_viv_desocupada":0,"pct_alquiler":0,"pct_electricidad":100,"pct_sin_electricidad":0,"pct_agua_red":10,"pct_alcantarillado":10,"pct_camara_septica":0,"pct_pozo_ciego":10,"pct_sin_desague":80,"pct_gas_red":0,"pct_gas_garrafa":100,"pct_lena_guano":100,"pct_basura_formal":100,"pct_basura_quema":0,"pct_basura_informal":0,"pct_internet":50,"pct_celular":70,"pct_televisor":40}},{"type":"Feature","geometry":{"type":"Polygon","coordinates":[[[-66.58874,-18.40602],[-66.58787,-18.40665],[-66.58808,-18.40694],[-66.58897,-18.40631],[-66.58874,-18.40602]]]},"properties":{"n":"LLALLAGUA","p":17,"personas_x_ha":37,"masculinidad":89,"pct_menor20":41,"pct_60mas":12,"pct_migrante":18,"dependencia_econ":78,"pct_empleados":22,"pct_cuentapropia":67,"pct_agricultura":33,"pct_comercio":11,"pct_manufactura":0,"pct_construccion":11,"pct_transporte":0,"pct_alojamiento":11,"pct_sin_educacion":0,"pct_educ_superior":22,"brecha_educ":50,"pct_sin_seguro":0,"pct_sus":69,"pct_seguro_privado":0,"brecha_seguro":0,"pct_salud_publica":22,"pct_med_tradicional":6,"pct_automedicacion":27,"pct_remedios_caseros":29,"pct_viv_desocupada":17,"pct_alquiler":0,"pct_electricidad":89,"pct_sin_electricidad":11,"pct_agua_red":44,"pct_alcantarillado":0,"pct_camara_septica":0,"pct_pozo_ciego":0,"pct_sin_desague":100,"pct_gas_red":0,"pct_gas_garrafa":100,"pct_lena_guano":100,"pct_basura_formal":0,"pct_basura_quema":67,"pct_basura_informal":0,"pct_internet":56,"pct_celular":67,"pct_televisor":44}},{"type":"Feature","geometry":{"type":"Polygon","coordinates":[[[-66.5692,-18.4248],[-66.56835,-18.42446],[-66.56819,-18.42487],[-66.56904,-18.42519],[-66.5692,-18.4248]]]},"properties":{"n":"LLALLAGUA","p":64,"personas_x_ha":132,"masculinidad":64,"pct_menor20":45,"pct_60mas":8,"pct_migrante":52,"dependencia_econ":178,"pct_empleados":17,"pct_cuentapropia":43,"pct_agricultura":39,"pct_comercio":30,"pct_manufactura":4,"pct_construccion":0,"pct_transporte":9,"pct_alojamiento":0,"pct_sin_educacion":10,"pct_educ_superior":44,"brecha_educ":-4,"pct_sin_seguro":30,"pct_sus":57,"pct_seguro_privado":2,"brecha_seguro":12,"pct_salud_publica":23,"pct_med_tradicional":10,"pct_automedicacion":22,"pct_remedios_caseros":34,"pct_viv_desocupada":4,"pct_alquiler":30,"pct_electricidad":100,"pct_sin_electricidad":0,"pct_agua_red":96,"pct_alcantarillado":100,"pct_camara_septica":0,"pct_pozo_ciego":0,"pct_sin_desague":0,"pct_gas_red":43,"pct_gas_garrafa":57,"pct_lena_guano":57,"pct_basura_formal":96,"pct_basura_quema":0,"pct_basura_informal":0,"pct_internet":91,"pct_celular":91,"pct_televisor":74}},{"type":"Feature","geometry":{"type":"Polygon","coordinates":[[[-66.57919,-18.42404],[-66.5789,-18.42387],[-66.57844,-18.42461],[-66.57877,-18.42475],[-66.57919,-18.42404]]]},"properties":{"n":"LLALLAGUA","p":55,"personas_x_ha":152,"masculinidad":96,"pct_menor20":25,"pct_60mas":13,"pct_migrante":44,"dependencia_econ":112,"pct_empleados":27,"pct_cuentapropia":58,"pct_agricultura":0,"pct_comercio":35,"pct_manufactura":8,"pct_construccion":8,"pct_transporte":12,"pct_alojamiento":0,"pct_sin_educacion":5,"pct_educ_superior":78,"brecha_educ":-16,"pct_sin_seguro":11,"pct_sus":64,"pct_seguro_privado":0,"brecha_seguro":15,"pct_salud_publica":28,"pct_med_tradicional":9,"pct_automedicacion":26,"pct_remedios_caseros":24,"pct_viv_desocupada":0,"pct_alquiler":15,"pct_electricidad":100,"pct_sin_electricidad":0,"pct_agua_red":100,"pct_alcantarillado":100,"pct_camara_septica":0,"pct_pozo_ciego":0,"pct_sin_desague":0,"pct_gas_red":80,"pct_gas_garrafa":20,"pct_lena_guano":20,"pct_basura_formal":100,"pct_basura_quema":0,"pct_basura_informal":0,"pct_internet":90,"pct_celular":95,"pct_televisor":95}},{"type":"Feature","geometry":{"type":"Polygon","coordinates":[[[-66.58743,-18.42348],[-66.58718,-18.42302],[-66.58677,-18.42331],[-66.5871,-18.42365],[-66.58743,-18.42348]]]},"properties":{"n":"LLALLAGUA","p":49,"personas_x_ha":187,"masculinidad":96,"pct_menor20":31,"pct_60mas":18,"pct_migrante":33,"dependencia_econ":78,"pct_empleados":19,"pct_cuentapropia":48,"pct_agricultura":0,"pct_comercio":26,"pct_manufactura":19,"pct_construccion":4,"pct_transporte":0,"pct_alojamiento":4,"pct_sin_educacion":6,"pct_educ_superior":71,"brecha_educ":-10,"pct_sin_seguro":11,"pct_sus":43,"pct_seguro_privado":2,"brecha_seguro":-3,"pct_salud_publica":21,"pct_med_tradicional":11,"pct_automedicacion":22,"pct_remedios_caseros":25,"pct_viv_desocupada":14,"pct_alquiler":16,"pct_electricidad":95,"pct_sin_electricidad":0,"pct_agua_red":89,"pct_alcantarillado":89,"pct_camara_septica":0,"pct_pozo_ciego":5,"pct_sin_desague":5,"pct_gas_red":47,"pct_gas_garrafa":47,"pct_lena_guano":47,"pct_basura_formal":100,"pct_basura_quema":0,"pct_basura_informal":0,"pct_internet":89,"pct_celular":89,"pct_televisor":84}},{"type":"Feature","geometry":{"type":"Polygon","coordinates":[[[-66.57983,-18.42213],[-66.57932,-18.42229],[-66.57924,-18.42243],[-66.57956,-18.4226],[-66.57983,-18.42213]]]},"properties":{"n":"LLALLAGUA","p":19,"personas_x_ha":127,"masculinidad":90,"pct_menor20":26,"pct_60mas":16,"pct_migrante":58,"dependencia_econ":73,"pct_empleados":55,"pct_cuentapropia":27,"pct_agricultura":9,"pct_comercio":18,"pct_manufactura":18,"pct_construccion":0,"pct_transporte":0,"pct_alojamiento":0,"pct_sin_educacion":7,"pct_educ_superior":71,"brecha_educ":-14,"pct_sin_seguro":16,"pct_sus":84,"pct_seguro_privado":0,"brecha_seguro":33,"pct_salud_publica":31,"pct_med_tradicional":5,"pct_automedicacion":22,"pct_remedios_caseros":17,"pct_viv_desocupada":30,"pct_alquiler":43,"pct_electricidad":100,"pct_sin_electricidad":0,"pct_agua_red":100,"pct_alcantarillado":100,"pct_camara_septica":0,"pct_pozo_ciego":0,"pct_sin_desague":0,"pct_gas_red":14,"pct_gas_garrafa":86,"pct_lena_guano":86,"pct_basura_formal":100,"pct_basura_quema":0,"pct_basura_informal":0,"pct_internet":100,"pct_celular":100,"pct_televisor":100}},{"type":"Feature","geometry":{"type":"Polygon","coordinates":[[[-66.56892,-18.42822],[-66.56812,-18.42791],[-66.56808,-18.42801],[-66.5683,-18.42845],[-66.56874,-18.42864],[-66.56892,-18.42822]]]},"properties":{"n":"LLALLAGUA","p":34,"personas_x_ha":90,"masculinidad":112,"pct_menor20":38,"pct_60mas":9,"pct_migrante":38,"dependencia_econ":100,"pct_empleados":0,"pct_cuentapropia":53,"pct_agricultura":35,"pct_comercio":12,"pct_manufactura":0,"pct_construccion":6,"pct_transporte":0,"pct_alojamiento":12,"pct_sin_educacion":4,"pct_educ_superior":48,"brecha_educ":11,"pct_sin_seguro":24,"pct_sus":50,"pct_seguro_privado":0,"brecha_seguro":33,"pct_salud_publica":21,"pct_med_tradicional":14,"pct_automedicacion":15,"pct_remedios_caseros":26,"pct_viv_desocupada":5,"pct_alquiler":33,"pct_electricidad":83,"pct_sin_electricidad":17,"pct_agua_red":83,"pct_alcantarillado":89,"pct_camara_septica":0,"pct_pozo_ciego":0,"pct_sin_desague":11,"pct_gas_red":33,"pct_gas_garrafa":56,"pct_lena_guano":56,"pct_basura_formal":72,"pct_basura_quema":6,"pct_basura_informal":11,"pct_internet":72,"pct_celular":89,"pct_televisor":72}},{"type":"Feature","geometry":{"type":"Polygon","coordinates":[[[-66.56661,-18.43017],[-66.56589,-18.43081],[-66.56609,-18.43138],[-66.56692,-18.4305],[-66.56661,-18.43017]]]},"properties":{"n":"LLALLAGUA","p":34,"personas_x_ha":53,"masculinidad":127,"pct_menor20":41,"pct_60mas":6,"pct_migrante":24,"dependencia_econ":70,"pct_empleados":15,"pct_cuentapropia":65,"pct_agricultura":25,"pct_comercio":10,"pct_manufactura":20,"pct_construccion":5,"pct_transporte":20,"pct_alojamiento":5,"pct_sin_educacion":5,"pct_educ_superior":29,"brecha_educ":-22,"pct_sin_seguro":12,"pct_sus":76,"pct_seguro_privado":9,"brecha_seguro":9,"pct_salud_publica":19,"pct_med_tradicional":10,"pct_automedicacion":24,"pct_remedios_caseros":24,"pct_viv_desocupada":7,"pct_alquiler":0,"pct_electricidad":93,"pct_sin_electricidad":0,"pct_agua_red":57,"pct_alcantarillado":43,"pct_camara_septica":0,"pct_pozo_ciego":7,"pct_sin_desague":50,"pct_gas_red":43,"pct_gas_garrafa":57,"pct_lena_guano":57,"pct_basura_formal":71,"pct_basura_quema":14,"pct_basura_informal":0,"pct_internet":79,"pct_celular":93,"pct_televisor":71}},{"type":"Feature","geometry":{"type":"Polygon","coordinates":[[[-66.58419,-18.41081],[-66.58377,-18.41156],[-66.58433,-18.41185],[-66.58466,-18.41127],[-66.58456,-18.41101],[-66.58419,-18.41081]]]},"properties":{"n":"LLALLAGUA","p":15,"personas_x_ha":25,"masculinidad":88,"pct_menor20":67,"pct_60mas":0,"pct_migrante":0,"dependencia_econ":150,"pct_empleados":0,"pct_cuentapropia":83,"pct_agricultura":17,"pct_comercio":67,"pct_manufactura":0,"pct_construccion":0,"pct_transporte":17,"pct_alojamiento":0,"pct_sin_educacion":0,"pct_educ_superior":0,"brecha_educ":-100,"pct_sin_seguro":0,"pct_sus":100,"pct_seguro_privado":0,"brecha_seguro":0,"pct_salud_publica":26,"pct_med_tradicional":8,"pct_automedicacion":22,"pct_remedios_caseros":30,"pct_viv_desocupada":0,"pct_alquiler":0,"pct_electricidad":100,"pct_sin_electricidad":0,"pct_agua_red":0,"pct_alcantarillado":0,"pct_camara_septica":0,"pct_pozo_ciego":33,"pct_sin_desague":67,"pct_gas_red":0,"pct_gas_garrafa":100,"pct_lena_guano":100,"pct_basura_formal":33,"pct_basura_quema":33,"pct_basura_informal":0,"pct_internet":100,"pct_celular":100,"pct_televisor":100}},{"type":"Feature","geometry":{"type":"Polygon","coordinates":[[[-66.57993,-18.43041],[-66.57993,-18.43004],[-66.57919,-18.43026],[-66.57912,-18.4305],[-66.57922,-18.43069],[-66.57993,-18.43041]]]},"properties":{"n":"LLALLAGUA","p":49,"personas_x_ha":138,"masculinidad":69,"pct_menor20":51,"pct_60mas":2,"pct_migrante":65,"dependencia_econ":78,"pct_empleados":30,"pct_cuentapropia":44,"pct_agricultura":33,"pct_comercio":7,"pct_manufactura":4,"pct_construccion":19,"pct_transporte":0,"pct_alojamiento":11,"pct_sin_educacion":15,"pct_educ_superior":23,"brecha_educ":-40,"pct_sin_seguro":10,"pct_sus":75,"pct_seguro_privado":0,"brecha_seguro":-9,"pct_salud_publica":22,"pct_med_tradicional":9,"pct_automedicacion":21,"pct_remedios_caseros":20,"pct_viv_desocupada":8,"pct_alquiler":5,"pct_electricidad":81,"pct_sin_electricidad":19,"pct_agua_red":0,"pct_alcantarillado":0,"pct_camara_septica":0,"pct_pozo_ciego":5,"pct_sin_desague":95,"pct_gas_red":0,"pct_gas_garrafa":100,"pct_lena_guano":100,"pct_basura_formal":10,"pct_basura_quema":81,"pct_basura_informal":10,"pct_internet":76,"pct_celular":90,"pct_televisor":67}},{"type":"Feature","geometry":{"type":"Polygon","coordinates":[[[-66.58727,-18.42409],[-66.58646,-18.42347],[-66.58597,-18.42415],[-66.58676,-18.42459],[-66.58727,-18.42409]]]},"properties":{"n":"LLALLAGUA","p":131,"personas_x_ha":148,"masculinidad":90,"pct_menor20":33,"pct_60mas":13,"pct_migrante":55,"dependencia_econ":83,"pct_empleados":28,"pct_cuentapropia":62,"pct_agricultura":1,"pct_comercio":30,"pct_manufactura":8,"pct_construccion":1,"pct_transporte":1,"pct_alojamiento":7,"pct_sin_educacion":4,"pct_educ_superior":74,"brecha_educ":-5,"pct_sin_seguro":9,"pct_sus":56,"pct_seguro_privado":2,"brecha_seguro":1,"pct_salud_publica":21,"pct_med_tradicional":5,"pct_automedicacion":25,"pct_remedios_caseros":24,"pct_viv_desocupada":2,"pct_alquiler":61,"pct_electricidad":100,"pct_sin_electricidad":0,"pct_agua_red":98,"pct_alcantarillado":100,"pct_camara_septica":0,"pct_pozo_ciego":0,"pct_sin_desague":0,"pct_gas_red":34,"pct_gas_garrafa":65,"pct_lena_guano":65,"pct_basura_formal":100,"pct_basura_quema":0,"pct_basura_informal":0,"pct_internet":92,"pct_celular":95,"pct_televisor":79}},{"type":"Feature","geometry":{"type":"Polygon","coordinates":[[[-66.58623,-18.42736],[-66.58662,-18.42693],[-66.58676,-18.42689],[-66.58668,-18.42655],[-66.58637,-18.42631],[-66.58542,-18.42751],[-66.58471,-18.42814],[-66.58485,-18.42858],[-66.58565,-18.42802],[-66.58611,-18.42748],[-66.58608,-18.42734],[-66.58591,-18.42722],[-66.58623,-18.42736]]]},"properties":{"n":"LLALLAGUA","p":201,"personas_x_ha":128,"masculinidad":88,"pct_menor20":42,"pct_60mas":6,"pct_migrante":36,"dependencia_econ":151,"pct_empleados":39,"pct_cuentapropia":49,"pct_agricultura":6,"pct_comercio":22,"pct_manufactura":4,"pct_construccion":9,"pct_transporte":10,"pct_alojamiento":6,"pct_sin_educacion":2,"pct_educ_superior":52,"brecha_educ":-15,"pct_sin_seguro":12,"pct_sus":59,"pct_seguro_privado":0,"brecha_seguro":11,"pct_salud_publica":18,"pct_med_tradicional":12,"pct_automedicacion":20,"pct_remedios_caseros":24,"pct_viv_desocupada":3,"pct_alquiler":23,"pct_electricidad":100,"pct_sin_electricidad":0,"pct_agua_red":95,"pct_alcantarillado":95,"pct_camara_septica":1,"pct_pozo_ciego":0,"pct_sin_desague":4,"pct_gas_red":34,"pct_gas_garrafa":65,"pct_lena_guano":65,"pct_basura_formal":100,"pct_basura_quema":0,"pct_basura_informal":0,"pct_internet":66,"pct_celular":74,"pct_televisor":77}},{"type":"Feature","geometry":{"type":"Polygon","coordinates":[[[-66.59014,-18.42933],[-66.59063,-18.42924],[-66.59069,-18.42884],[-66.59013,-18.42902],[-66.58992,-18.42927],[-66.59014,-18.42933]]]},"properties":{"n":"LLALLAGUA","p":31,"personas_x_ha":118,"masculinidad":63,"pct_menor20":61,"pct_60mas":0,"pct_migrante":39,"dependencia_econ":244,"pct_empleados":22,"pct_cuentapropia":44,"pct_agricultura":11,"pct_comercio":22,"pct_manufactura":0,"pct_construccion":11,"pct_transporte":11,"pct_alojamiento":11,"pct_sin_educacion":0,"pct_educ_superior":27,"brecha_educ":-27,"pct_sin_seguro":3,"pct_sus":74,"pct_seguro_privado":0,"brecha_seguro":-5,"pct_salud_publica":23,"pct_med_tradicional":11,"pct_automedicacion":24,"pct_remedios_caseros":23,"pct_viv_desocupada":0,"pct_alquiler":0,"pct_electricidad":100,"pct_sin_electricidad":0,"pct_agua_red":64,"pct_alcantarillado":82,"pct_camara_septica":0,"pct_pozo_ciego":0,"pct_sin_desague":18,"pct_gas_red":64,"pct_gas_garrafa":36,"pct_lena_guano":36,"pct_basura_formal":100,"pct_basura_quema":0,"pct_basura_informal":0,"pct_internet":100,"pct_celular":100,"pct_televisor":82}},{"type":"Feature","geometry":{"type":"Polygon","coordinates":[[[-66.58118,-18.42968],[-66.58087,-18.42922],[-66.58069,-18.42921],[-66.58047,-18.42952],[-66.58034,-18.42957],[-66.58038,-18.43],[-66.58061,-18.43001],[-66.58118,-18.42968]]]},"properties":{"n":"LLALLAGUA","p":54,"personas_x_ha":111,"masculinidad":93,"pct_menor20":52,"pct_60mas":6,"pct_migrante":59,"dependencia_econ":279,"pct_empleados":0,"pct_cuentapropia":79,"pct_agricultura":21,"pct_comercio":0,"pct_manufactura":0,"pct_construccion":14,"pct_transporte":7,"pct_alojamiento":7,"pct_sin_educacion":31,"pct_educ_superior":23,"brecha_educ":-53,"pct_sin_seguro":2,"pct_sus":96,"pct_seguro_privado":2,"brecha_seguro":-4,"pct_salud_publica":38,"pct_med_tradicional":2,"pct_automedicacion":10,"pct_remedios_caseros":36,"pct_viv_desocupada":4,"pct_alquiler":10,"pct_electricidad":71,"pct_sin_electricidad":29,"pct_agua_red":71,"pct_alcantarillado":24,"pct_camara_septica":0,"pct_pozo_ciego":5,"pct_sin_desague":67,"pct_gas_red":0,"pct_gas_garrafa":95,"pct_lena_guano":95,"pct_basura_formal":81,"pct_basura_quema":10,"pct_basura_informal":0,"pct_internet":67,"pct_celular":76,"pct_televisor":62}},{"type":"Feature","geometry":{"type":"Polygon","coordinates":[[[-66.58204,-18.42885],[-66.58231,-18.42823],[-66.58175,-18.42802],[-66.58155,-18.42857],[-66.5817,-18.42865],[-66.5818,-18.42854],[-66.58172,-18.42867],[-66.58204,-18.42885]]]},"properties":{"n":"LLALLAGUA","p":47,"personas_x_ha":110,"masculinidad":96,"pct_menor20":53,"pct_60mas":2,"pct_migrante":43,"dependencia_econ":213,"pct_empleados":13,"pct_cuentapropia":53,"pct_agricultura":20,"pct_comercio":27,"pct_manufactura":0,"pct_construccion":13,"pct_transporte":7,"pct_alojamiento":13,"pct_sin_educacion":18,"pct_educ_superior":41,"brecha_educ":-36,"pct_sin_seguro":26,"pct_sus":49,"pct_seguro_privado":0,"brecha_seguro":18,"pct_salud_publica":15,"pct_med_tradicional":20,"pct_automedicacion":22,"pct_remedios_caseros":24,"pct_viv_desocupada":10,"pct_alquiler":20,"pct_electricidad":93,"pct_sin_electricidad":7,"pct_agua_red":87,"pct_alcantarillado":87,"pct_camara_septica":0,"pct_pozo_ciego":0,"pct_sin_desague":13,"pct_gas_red":33,"pct_gas_garrafa":67,"pct_lena_guano":67,"pct_basura_formal":80,"pct_basura_quema":7,"pct_basura_informal":0,"pct_internet":87,"pct_celular":87,"pct_televisor":67}},{"type":"Feature","geometry":{"type":"Polygon","coordinates":[[[-66.57564,-18.42875],[-66.57549,-18.42865],[-66.57543,-18.42879],[-66.57537,-18.42946],[-66.57545,-18.42955],[-66.57618,-18.42886],[-66.57607,-18.42872],[-66.57619,-18.42885],[-66.57676,-18.42845],[-66.57679,-18.42808],[-66.57623,-18.42824],[-66.57566,-18.42852],[-66.5755,-18.42864],[-66.57564,-18.42875]]]},"properties":{"n":"LLALLAGUA","p":89,"personas_x_ha":88,"masculinidad":89,"pct_menor20":47,"pct_60mas":7,"pct_migrante":33,"dependencia_econ":107,"pct_empleados":33,"pct_cuentapropia":47,"pct_agricultura":5,"pct_comercio":19,"pct_manufactura":9,"pct_construccion":5,"pct_transporte":5,"pct_alojamiento":9,"pct_sin_educacion":6,"pct_educ_superior":45,"brecha_educ":1,"pct_sin_seguro":15,"pct_sus":44,"pct_seguro_privado":1,"brecha_seguro":4,"pct_salud_publica":15,"pct_med_tradicional":19,"pct_automedicacion":15,"pct_remedios_caseros":29,"pct_viv_desocupada":5,"pct_alquiler":17,"pct_electricidad":97,"pct_sin_electricidad":3,"pct_agua_red":93,"pct_alcantarillado":80,"pct_camara_septica":0,"pct_pozo_ciego":7,"pct_sin_desague":13,"pct_gas_red":43,"pct_gas_garrafa":53,"pct_lena_guano":53,"pct_basura_formal":100,"pct_basura_quema":0,"pct_basura_informal":0,"pct_internet":87,"pct_celular":90,"pct_televisor":73}},{"type":"Feature","geometry":{"type":"Polygon","coordinates":[[[-66.56779,-18.42826],[-66.56748,-18.42794],[-66.56674,-18.42859],[-66.56704,-18.4289],[-66.56779,-18.42826]]]},"properties":{"n":"LLALLAGUA","p":17,"personas_x_ha":32,"masculinidad":55,"pct_menor20":41,"pct_60mas":0,"pct_migrante":35,"dependencia_econ":143,"pct_empleados":0,"pct_cuentapropia":100,"pct_agricultura":29,"pct_comercio":29,"pct_manufactura":0,"pct_construccion":14,"pct_transporte":0,"pct_alojamiento":0,"pct_sin_educacion":0,"pct_educ_superior":60,"brecha_educ":-17,"pct_sin_seguro":57,"pct_sus":43,"pct_seguro_privado":0,"brecha_seguro":25,"pct_salud_publica":20,"pct_med_tradicional":20,"pct_automedicacion":16,"pct_remedios_caseros":24,"pct_viv_desocupada":21,"pct_alquiler":0,"pct_electricidad":56,"pct_sin_electricidad":44,"pct_agua_red":33,"pct_alcantarillado":11,"pct_camara_septica":0,"pct_pozo_ciego":0,"pct_sin_desague":89,"pct_gas_red":0,"pct_gas_garrafa":89,"pct_lena_guano":89,"pct_basura_formal":89,"pct_basura_quema":0,"pct_basura_informal":0,"pct_internet":33,"pct_celular":100,"pct_televisor":67}},{"type":"Feature","geometry":{"type":"Polygon","coordinates":[[[-66.56616,-18.42818],[-66.56599,-18.42802],[-66.56535,-18.42857],[-66.56551,-18.42875],[-66.56616,-18.42818]]]},"properties":{"n":"LLALLAGUA","p":18,"personas_x_ha":74,"masculinidad":50,"pct_menor20":50,"pct_60mas":6,"pct_migrante":72,"dependencia_econ":157,"pct_empleados":0,"pct_cuentapropia":100,"pct_agricultura":14,"pct_comercio":14,"pct_manufactura":0,"pct_construccion":29,"pct_transporte":0,"pct_alojamiento":29,"pct_sin_educacion":10,"pct_educ_superior":50,"brecha_educ":5,"pct_sin_seguro":6,"pct_sus":72,"pct_seguro_privado":0,"brecha_seguro":-8,"pct_salud_publica":35,"pct_med_tradicional":7,"pct_automedicacion":7,"pct_remedios_caseros":23,"pct_viv_desocupada":0,"pct_alquiler":20,"pct_electricidad":90,"pct_sin_electricidad":10,"pct_agua_red":70,"pct_alcantarillado":30,"pct_camara_septica":0,"pct_pozo_ciego":0,"pct_sin_desague":70,"pct_gas_red":50,"pct_gas_garrafa":40,"pct_lena_guano":40,"pct_basura_formal":90,"pct_basura_quema":0,"pct_basura_informal":0,"pct_internet":70,"pct_celular":90,"pct_televisor":60}},{"type":"Feature","geometry":{"type":"Polygon","coordinates":[[[-66.56469,-18.42473],[-66.56439,-18.42439],[-66.5637,-18.42494],[-66.564,-18.42528],[-66.56469,-18.42473]]]},"properties":{"n":"LLALLAGUA","p":46,"personas_x_ha":98,"masculinidad":130,"pct_menor20":43,"pct_60mas":11,"pct_migrante":48,"dependencia_econ":130,"pct_empleados":15,"pct_cuentapropia":70,"pct_agricultura":20,"pct_comercio":20,"pct_manufactura":10,"pct_construccion":5,"pct_transporte":0,"pct_alojamiento":0,"pct_sin_educacion":7,"pct_educ_superior":30,"brecha_educ":-2,"pct_sin_seguro":20,"pct_sus":52,"pct_seguro_privado":0,"brecha_seguro":-1,"pct_salud_publica":18,"pct_med_tradicional":8,"pct_automedicacion":20,"pct_remedios_caseros":35,"pct_viv_desocupada":0,"pct_alquiler":0,"pct_electricidad":83,"pct_sin_electricidad":11,"pct_agua_red":72,"pct_alcantarillado":0,"pct_camara_septica":0,"pct_pozo_ciego":11,"pct_sin_desague":89,"pct_gas_red":17,"pct_gas_garrafa":78,"pct_lena_guano":78,"pct_basura_formal":94,"pct_basura_quema":6,"pct_basura_informal":0,"pct_internet":78,"pct_celular":89,"pct_televisor":56}},{"type":"Feature","geometry":{"type":"Polygon","coordinates":[[[-66.57388,-18.42731],[-66.57333,-18.42743],[-66.57274,-18.42745],[-66.57268,-18.42753],[-66.57281,-18.42804],[-66.57404,-18.42764],[-66.57388,-18.42731]]]},"properties":{"n":"LLALLAGUA","p":64,"personas_x_ha":95,"masculinidad":83,"pct_menor20":42,"pct_60mas":9,"pct_migrante":45,"dependencia_econ":117,"pct_empleados":28,"pct_cuentapropia":66,"pct_agricultura":7,"pct_comercio":41,"pct_manufactura":0,"pct_construccion":10,"pct_transporte":14,"pct_alojamiento":7,"pct_sin_educacion":5,"pct_educ_superior":55,"brecha_educ":-16,"pct_sin_seguro":10,"pct_sus":69,"pct_seguro_privado":2,"brecha_seguro":14,"pct_salud_publica":22,"pct_med_tradicional":10,"pct_automedicacion":25,"pct_remedios_caseros":26,"pct_viv_desocupada":0,"pct_alquiler":6,"pct_electricidad":94,"pct_sin_electricidad":6,"pct_agua_red":94,"pct_alcantarillado":94,"pct_camara_septica":0,"pct_pozo_ciego":0,"pct_sin_desague":6,"pct_gas_red":71,"pct_gas_garrafa":29,"pct_lena_guano":29,"pct_basura_formal":94,"pct_basura_quema":6,"pct_basura_informal":0,"pct_internet":71,"pct_celular":88,"pct_televisor":71}},{"type":"Feature","geometry":{"type":"Polygon","coordinates":[[[-66.57894,-18.42715],[-66.57916,-18.42743],[-66.57998,-18.42682],[-66.57974,-18.42658],[-66.57894,-18.42715]]]},"properties":{"n":"LLALLAGUA","p":118,"personas_x_ha":276,"masculinidad":62,"pct_menor20":37,"pct_60mas":5,"pct_migrante":42,"dependencia_econ":160,"pct_empleados":51,"pct_cuentapropia":36,"pct_agricultura":2,"pct_comercio":31,"pct_manufactura":11,"pct_construccion":11,"pct_transporte":9,"pct_alojamiento":7,"pct_sin_educacion":4,"pct_educ_superior":52,"brecha_educ":-11,"pct_sin_seguro":15,"pct_sus":67,"pct_seguro_privado":1,"brecha_seguro":25,"pct_salud_publica":23,"pct_med_tradicional":6,"pct_automedicacion":25,"pct_remedios_caseros":28,"pct_viv_desocupada":0,"pct_alquiler":18,"pct_electricidad":100,"pct_sin_electricidad":0,"pct_agua_red":94,"pct_alcantarillado":97,"pct_camara_septica":0,"pct_pozo_ciego":0,"pct_sin_desague":3,"pct_gas_red":38,"pct_gas_garrafa":62,"pct_lena_guano":62,"pct_basura_formal":100,"pct_basura_quema":0,"pct_basura_informal":0,"pct_internet":85,"pct_celular":88,"pct_televisor":82}},{"type":"Feature","geometry":{"type":"Polygon","coordinates":[[[-66.5695,-18.42727],[-66.56931,-18.42771],[-66.57003,-18.42797],[-66.57043,-18.42764],[-66.5695,-18.42727]]]},"properties":{"n":"LLALLAGUA","p":44,"personas_x_ha":90,"masculinidad":63,"pct_menor20":43,"pct_60mas":9,"pct_migrante":23,"dependencia_econ":83,"pct_empleados":12,"pct_cuentapropia":75,"pct_agricultura":17,"pct_comercio":17,"pct_manufactura":33,"pct_construccion":0,"pct_transporte":0,"pct_alojamiento":17,"pct_sin_educacion":27,"pct_educ_superior":19,"brecha_educ":-31,"pct_sin_seguro":23,"pct_sus":73,"pct_seguro_privado":0,"brecha_seguro":1,"pct_salud_publica":26,"pct_med_tradicional":14,"pct_automedicacion":21,"pct_remedios_caseros":26,"pct_viv_desocupada":0,"pct_alquiler":9,"pct_electricidad":91,"pct_sin_electricidad":9,"pct_agua_red":86,"pct_alcantarillado":86,"pct_camara_septica":0,"pct_pozo_ciego":0,"pct_sin_desague":14,"pct_gas_red":36,"pct_gas_garrafa":64,"pct_lena_guano":64,"pct_basura_formal":100,"pct_basura_quema":0,"pct_basura_informal":0,"pct_internet":59,"pct_celular":86,"pct_televisor":64}},{"type":"Feature","geometry":{"type":"Polygon","coordinates":[[[-66.57359,-18.42679],[-66.5731,-18.427],[-66.57281,-18.42736],[-66.57382,-18.42724],[-66.57359,-18.42679]]]},"properties":{"n":"LLALLAGUA","p":60,"personas_x_ha":148,"masculinidad":82,"pct_menor20":43,"pct_60mas":7,"pct_migrante":33,"dependencia_econ":140,"pct_empleados":16,"pct_cuentapropia":64,"pct_agricultura":8,"pct_comercio":32,"pct_manufactura":8,"pct_construccion":12,"pct_transporte":8,"pct_alojamiento":8,"pct_sin_educacion":3,"pct_educ_superior":63,"brecha_educ":-6,"pct_sin_seguro":8,"pct_sus":73,"pct_seguro_privado":0,"brecha_seguro":5,"pct_salud_publica":22,"pct_med_tradicional":15,"pct_automedicacion":19,"pct_remedios_caseros":24,"pct_viv_desocupada":0,"pct_alquiler":5,"pct_electricidad":100,"pct_sin_electricidad":0,"pct_agua_red":68,"pct_alcantarillado":95,"pct_camara_septica":5,"pct_pozo_ciego":0,"pct_sin_desague":0,"pct_gas_red":53,"pct_gas_garrafa":47,"pct_lena_guano":47,"pct_basura_formal":100,"pct_basura_quema":0,"pct_basura_informal":0,"pct_internet":84,"pct_celular":95,"pct_televisor":84}},{"type":"Feature","geometry":{"type":"Polygon","coordinates":[[[-66.56514,-18.42222],[-66.56475,-18.42245],[-66.56502,-18.4228],[-66.56539,-18.42258],[-66.56514,-18.42222]]]},"properties":{"n":"LLALLAGUA","p":24,"personas_x_ha":103,"masculinidad":71,"pct_menor20":50,"pct_60mas":0,"pct_migrante":79,"dependencia_econ":167,"pct_empleados":33,"pct_cuentapropia":33,"pct_agricultura":22,"pct_comercio":11,"pct_manufactura":11,"pct_construccion":22,"pct_transporte":11,"pct_alojamiento":11,"pct_sin_educacion":0,"pct_educ_superior":46,"brecha_educ":3,"pct_sin_seguro":4,"pct_sus":88,"pct_seguro_privado":0,"brecha_seguro":-7,"pct_salud_publica":31,"pct_med_tradicional":21,"pct_automedicacion":3,"pct_remedios_caseros":34,"pct_viv_desocupada":0,"pct_alquiler":0,"pct_electricidad":78,"pct_sin_electricidad":22,"pct_agua_red":78,"pct_alcantarillado":0,"pct_camara_septica":0,"pct_pozo_ciego":33,"pct_sin_desague":67,"pct_gas_red":44,"pct_gas_garrafa":56,"pct_lena_guano":56,"pct_basura_formal":33,"pct_basura_quema":67,"pct_basura_informal":0,"pct_internet":67,"pct_celular":89,"pct_televisor":56}},{"type":"Feature","geometry":{"type":"Polygon","coordinates":[[[-66.571,-18.42594],[-66.57104,-18.42587],[-66.57088,-18.42543],[-66.57034,-18.42521],[-66.57017,-18.42564],[-66.571,-18.42594]]]},"properties":{"n":"LLALLAGUA","p":46,"personas_x_ha":112,"masculinidad":84,"pct_menor20":46,"pct_60mas":2,"pct_migrante":41,"dependencia_econ":84,"pct_empleados":20,"pct_cuentapropia":48,"pct_agricultura":24,"pct_comercio":12,"pct_manufactura":0,"pct_construccion":8,"pct_transporte":8,"pct_alojamiento":12,"pct_sin_educacion":4,"pct_educ_superior":64,"brecha_educ":-31,"pct_sin_seguro":16,"pct_sus":66,"pct_seguro_privado":0,"brecha_seguro":7,"pct_salud_publica":24,"pct_med_tradicional":16,"pct_automedicacion":23,"pct_remedios_caseros":24,"pct_viv_desocupada":0,"pct_alquiler":37,"pct_electricidad":100,"pct_sin_electricidad":0,"pct_agua_red":95,"pct_alcantarillado":95,"pct_camara_septica":5,"pct_pozo_ciego":0,"pct_sin_desague":0,"pct_gas_red":47,"pct_gas_garrafa":53,"pct_lena_guano":53,"pct_basura_formal":100,"pct_basura_quema":0,"pct_basura_informal":0,"pct_internet":95,"pct_celular":89,"pct_televisor":74}},{"type":"Feature","geometry":{"type":"Polygon","coordinates":[[[-66.58967,-18.42512],[-66.59007,-18.42579],[-66.59021,-18.42569],[-66.58987,-18.42492],[-66.58943,-18.42435],[-66.58916,-18.42467],[-66.58967,-18.42512]]]},"properties":{"n":"LLALLAGUA","p":62,"personas_x_ha":124,"masculinidad":68,"pct_menor20":27,"pct_60mas":13,"pct_migrante":47,"dependencia_econ":82,"pct_empleados":47,"pct_cuentapropia":35,"pct_agricultura":3,"pct_comercio":21,"pct_manufactura":3,"pct_construccion":15,"pct_transporte":6,"pct_alojamiento":18,"pct_sin_educacion":4,"pct_educ_superior":52,"brecha_educ":-21,"pct_sin_seguro":11,"pct_sus":56,"pct_seguro_privado":2,"brecha_seguro":21,"pct_salud_publica":25,"pct_med_tradicional":5,"pct_automedicacion":24,"pct_remedios_caseros":28,"pct_viv_desocupada":7,"pct_alquiler":33,"pct_electricidad":100,"pct_sin_electricidad":0,"pct_agua_red":100,"pct_alcantarillado":93,"pct_camara_septica":0,"pct_pozo_ciego":0,"pct_sin_desague":7,"pct_gas_red":37,"pct_gas_garrafa":59,"pct_lena_guano":59,"pct_basura_formal":96,"pct_basura_quema":4,"pct_basura_informal":0,"pct_internet":89,"pct_celular":96,"pct_televisor":81}},{"type":"Feature","geometry":{"type":"Polygon","coordinates":[[[-66.58886,-18.42494],[-66.58821,-18.4242],[-66.58788,-18.42439],[-66.58859,-18.42518],[-66.58886,-18.42494]]]},"properties":{"n":"LLALLAGUA","p":88,"personas_x_ha":197,"masculinidad":83,"pct_menor20":33,"pct_60mas":15,"pct_migrante":35,"dependencia_econ":144,"pct_empleados":36,"pct_cuentapropia":50,"pct_agricultura":3,"pct_comercio":19,"pct_manufactura":6,"pct_construccion":3,"pct_transporte":11,"pct_alojamiento":6,"pct_sin_educacion":2,"pct_educ_superior":53,"brecha_educ":-2,"pct_sin_seguro":9,"pct_sus":49,"pct_seguro_privado":3,"brecha_seguro":-3,"pct_salud_publica":19,"pct_med_tradicional":9,"pct_automedicacion":21,"pct_remedios_caseros":22,"pct_viv_desocupada":9,"pct_alquiler":27,"pct_electricidad":100,"pct_sin_electricidad":0,"pct_agua_red":100,"pct_alcantarillado":100,"pct_camara_septica":0,"pct_pozo_ciego":0,"pct_sin_desague":0,"pct_gas_red":37,"pct_gas_garrafa":57,"pct_lena_guano":57,"pct_basura_formal":100,"pct_basura_quema":0,"pct_basura_informal":0,"pct_internet":90,"pct_celular":97,"pct_televisor":87}},{"type":"Feature","geometry":{"type":"Polygon","coordinates":[[[-66.58041,-18.42513],[-66.5803,-18.42571],[-66.58117,-18.42517],[-66.58062,-18.42485],[-66.58041,-18.42513]]]},"properties":{"n":"LLALLAGUA","p":106,"personas_x_ha":244,"masculinidad":71,"pct_menor20":37,"pct_60mas":13,"pct_migrante":56,"dependencia_econ":130,"pct_empleados":24,"pct_cuentapropia":59,"pct_agricultura":7,"pct_comercio":28,"pct_manufactura":13,"pct_construccion":4,"pct_transporte":2,"pct_alojamiento":4,"pct_sin_educacion":9,"pct_educ_superior":59,"brecha_educ":-14,"pct_sin_seguro":18,"pct_sus":59,"pct_seguro_privado":0,"brecha_seguro":4,"pct_salud_publica":21,"pct_med_tradicional":9,"pct_automedicacion":20,"pct_remedios_caseros":24,"pct_viv_desocupada":2,"pct_alquiler":41,"pct_electricidad":100,"pct_sin_electricidad":0,"pct_agua_red":97,"pct_alcantarillado":97,"pct_camara_septica":0,"pct_pozo_ciego":0,"pct_sin_desague":3,"pct_gas_red":41,"pct_gas_garrafa":59,"pct_lena_guano":59,"pct_basura_formal":100,"pct_basura_quema":0,"pct_basura_informal":0,"pct_internet":92,"pct_celular":97,"pct_televisor":67}},{"type":"Feature","geometry":{"type":"Polygon","coordinates":[[[-66.58045,-18.42128],[-66.58106,-18.42071],[-66.5805,-18.42043],[-66.58053,-18.42094],[-66.58045,-18.42128]]]},"properties":{"n":"LLALLAGUA","p":18,"personas_x_ha":61,"masculinidad":100,"pct_menor20":44,"pct_60mas":11,"pct_migrante":28,"dependencia_econ":260,"pct_empleados":0,"pct_cuentapropia":40,"pct_agricultura":20,"pct_comercio":40,"pct_manufactura":20,"pct_construccion":20,"pct_transporte":0,"pct_alojamiento":0,"pct_sin_educacion":0,"pct_educ_superior":60,"brecha_educ":17,"pct_sin_seguro":22,"pct_sus":28,"pct_seguro_privado":0,"brecha_seguro":22,"pct_salud_publica":13,"pct_med_tradicional":17,"pct_automedicacion":19,"pct_remedios_caseros":25,"pct_viv_desocupada":0,"pct_alquiler":0,"pct_electricidad":100,"pct_sin_electricidad":0,"pct_agua_red":100,"pct_alcantarillado":100,"pct_camara_septica":0,"pct_pozo_ciego":0,"pct_sin_desague":0,"pct_gas_red":50,"pct_gas_garrafa":50,"pct_lena_guano":50,"pct_basura_formal":100,"pct_basura_quema":0,"pct_basura_informal":0,"pct_internet":100,"pct_celular":100,"pct_televisor":100}},{"type":"Feature","geometry":{"type":"Polygon","coordinates":[[[-66.58859,-18.4239],[-66.58829,-18.42356],[-66.58778,-18.42385],[-66.58808,-18.4242],[-66.58859,-18.4239]]]},"properties":{"n":"LLALLAGUA","p":99,"personas_x_ha":296,"masculinidad":74,"pct_menor20":28,"pct_60mas":10,"pct_migrante":52,"dependencia_econ":154,"pct_empleados":21,"pct_cuentapropia":56,"pct_agricultura":3,"pct_comercio":21,"pct_manufactura":13,"pct_construccion":8,"pct_transporte":10,"pct_alojamiento":8,"pct_sin_educacion":4,"pct_educ_superior":64,"brecha_educ":1,"pct_sin_seguro":14,"pct_sus":63,"pct_seguro_privado":0,"brecha_seguro":13,"pct_salud_publica":28,"pct_med_tradicional":9,"pct_automedicacion":16,"pct_remedios_caseros":24,"pct_viv_desocupada":4,"pct_alquiler":40,"pct_electricidad":92,"pct_sin_electricidad":0,"pct_agua_red":88,"pct_alcantarillado":100,"pct_camara_septica":0,"pct_pozo_ciego":0,"pct_sin_desague":0,"pct_gas_red":15,"pct_gas_garrafa":85,"pct_lena_guano":85,"pct_basura_formal":100,"pct_basura_quema":0,"pct_basura_informal":0,"pct_internet":90,"pct_celular":95,"pct_televisor":68}},{"type":"Feature","geometry":{"type":"Polygon","coordinates":[[[-66.5796,-18.42426],[-66.57929,-18.42409],[-66.57885,-18.4248],[-66.57913,-18.42504],[-66.5796,-18.42426]]]},"properties":{"n":"LLALLAGUA","p":83,"personas_x_ha":221,"masculinidad":77,"pct_menor20":41,"pct_60mas":10,"pct_migrante":24,"dependencia_econ":113,"pct_empleados":44,"pct_cuentapropia":41,"pct_agricultura":8,"pct_comercio":13,"pct_manufactura":18,"pct_construccion":8,"pct_transporte":3,"pct_alojamiento":8,"pct_sin_educacion":8,"pct_educ_superior":72,"brecha_educ":-12,"pct_sin_seguro":10,"pct_sus":75,"pct_seguro_privado":5,"brecha_seguro":3,"pct_salud_publica":21,"pct_med_tradicional":5,"pct_automedicacion":21,"pct_remedios_caseros":26,"pct_viv_desocupada":0,"pct_alquiler":17,"pct_electricidad":96,"pct_sin_electricidad":0,"pct_agua_red":96,"pct_alcantarillado":100,"pct_camara_septica":0,"pct_pozo_ciego":0,"pct_sin_desague":0,"pct_gas_red":65,"pct_gas_garrafa":35,"pct_lena_guano":35,"pct_basura_formal":100,"pct_basura_quema":0,"pct_basura_informal":0,"pct_internet":91,"pct_celular":96,"pct_televisor":96}},{"type":"Feature","geometry":{"type":"Polygon","coordinates":[[[-66.56816,-18.42496],[-66.56799,-18.42538],[-66.56881,-18.42569],[-66.56899,-18.42529],[-66.56816,-18.42496]]]},"properties":{"n":"LLALLAGUA","p":56,"personas_x_ha":116,"masculinidad":115,"pct_menor20":57,"pct_60mas":0,"pct_migrante":48,"dependencia_econ":250,"pct_empleados":19,"pct_cuentapropia":25,"pct_agricultura":12,"pct_comercio":6,"pct_manufactura":6,"pct_construccion":19,"pct_transporte":19,"pct_alojamiento":0,"pct_sin_educacion":4,"pct_educ_superior":39,"brecha_educ":-19,"pct_sin_seguro":22,"pct_sus":67,"pct_seguro_privado":0,"brecha_seguro":11,"pct_salud_publica":32,"pct_med_tradicional":10,"pct_automedicacion":16,"pct_remedios_caseros":25,"pct_viv_desocupada":0,"pct_alquiler":26,"pct_electricidad":96,"pct_sin_electricidad":4,"pct_agua_red":96,"pct_alcantarillado":100,"pct_camara_septica":0,"pct_pozo_ciego":0,"pct_sin_desague":0,"pct_gas_red":30,"pct_gas_garrafa":70,"pct_lena_guano":70,"pct_basura_formal":100,"pct_basura_quema":0,"pct_basura_informal":0,"pct_internet":100,"pct_celular":100,"pct_televisor":83}},{"type":"Feature","geometry":{"type":"Polygon","coordinates":[[[-66.57404,-18.42364],[-66.57317,-18.42377],[-66.57313,-18.4241],[-66.57409,-18.42401],[-66.57404,-18.42364]]]},"properties":{"n":"LLALLAGUA","p":56,"personas_x_ha":140,"masculinidad":124,"pct_menor20":32,"pct_60mas":2,"pct_migrante":41,"dependencia_econ":115,"pct_empleados":46,"pct_cuentapropia":31,"pct_agricultura":15,"pct_comercio":42,"pct_manufactura":0,"pct_construccion":8,"pct_transporte":8,"pct_alojamiento":0,"pct_sin_educacion":3,"pct_educ_superior":51,"brecha_educ":-6,"pct_sin_seguro":16,"pct_sus":70,"pct_seguro_privado":2,"brecha_seguro":7,"pct_salud_publica":30,"pct_med_tradicional":11,"pct_automedicacion":18,"pct_remedios_caseros":23,"pct_viv_desocupada":0,"pct_alquiler":52,"pct_electricidad":96,"pct_sin_electricidad":4,"pct_agua_red":96,"pct_alcantarillado":84,"pct_camara_septica":0,"pct_pozo_ciego":4,"pct_sin_desague":12,"pct_gas_red":28,"pct_gas_garrafa":68,"pct_lena_guano":68,"pct_basura_formal":92,"pct_basura_quema":8,"pct_basura_informal":0,"pct_internet":76,"pct_celular":80,"pct_televisor":64}},{"type":"Feature","geometry":{"type":"Polygon","coordinates":[[[-66.58679,-18.42255],[-66.58649,-18.42223],[-66.58608,-18.42257],[-66.58638,-18.42288],[-66.58679,-18.42255]]]},"properties":{"n":"LLALLAGUA","p":62,"personas_x_ha":215,"masculinidad":82,"pct_menor20":32,"pct_60mas":6,"pct_migrante":55,"dependencia_econ":59,"pct_empleados":13,"pct_cuentapropia":59,"pct_agricultura":3,"pct_comercio":38,"pct_manufactura":8,"pct_construccion":0,"pct_transporte":0,"pct_alojamiento":13,"pct_sin_educacion":0,"pct_educ_superior":66,"brecha_educ":1,"pct_sin_seguro":10,"pct_sus":65,"pct_seguro_privado":0,"brecha_seguro":8,"pct_salud_publica":19,"pct_med_tradicional":13,"pct_automedicacion":15,"pct_remedios_caseros":25,"pct_viv_desocupada":15,"pct_alquiler":32,"pct_electricidad":100,"pct_sin_electricidad":0,"pct_agua_red":96,"pct_alcantarillado":100,"pct_camara_septica":0,"pct_pozo_ciego":0,"pct_sin_desague":0,"pct_gas_red":84,"pct_gas_garrafa":16,"pct_lena_guano":16,"pct_basura_formal":100,"pct_basura_quema":0,"pct_basura_informal":0,"pct_internet":100,"pct_celular":100,"pct_televisor":76}},{"type":"Feature","geometry":{"type":"Polygon","coordinates":[[[-66.56788,-18.42534],[-66.56805,-18.42493],[-66.56721,-18.42461],[-66.56705,-18.42502],[-66.56788,-18.42534]]]},"properties":{"n":"LLALLAGUA","p":46,"personas_x_ha":97,"masculinidad":92,"pct_menor20":39,"pct_60mas":2,"pct_migrante":50,"dependencia_econ":84,"pct_empleados":20,"pct_cuentapropia":64,"pct_agricultura":12,"pct_comercio":20,"pct_manufactura":0,"pct_construccion":8,"pct_transporte":16,"pct_alojamiento":16,"pct_sin_educacion":7,"pct_educ_superior":36,"brecha_educ":-3,"pct_sin_seguro":11,"pct_sus":67,"pct_seguro_privado":0,"brecha_seguro":14,"pct_salud_publica":28,"pct_med_tradicional":12,"pct_automedicacion":17,"pct_remedios_caseros":23,"pct_viv_desocupada":5,"pct_alquiler":18,"pct_electricidad":100,"pct_sin_electricidad":0,"pct_agua_red":88,"pct_alcantarillado":100,"pct_camara_septica":0,"pct_pozo_ciego":0,"pct_sin_desague":0,"pct_gas_red":82,"pct_gas_garrafa":18,"pct_lena_guano":18,"pct_basura_formal":100,"pct_basura_quema":0,"pct_basura_informal":0,"pct_internet":76,"pct_celular":100,"pct_televisor":94}},{"type":"Feature","geometry":{"type":"Polygon","coordinates":[[[-66.57036,-18.42043],[-66.57033,-18.42026],[-66.57044,-18.42019],[-66.57043,-18.41998],[-66.56976,-18.42039],[-66.56994,-18.42069],[-66.57036,-18.42043]]]},"properties":{"n":"LLALLAGUA","p":37,"personas_x_ha":139,"masculinidad":76,"pct_menor20":41,"pct_60mas":0,"pct_migrante":57,"dependencia_econ":118,"pct_empleados":35,"pct_cuentapropia":41,"pct_agricultura":0,"pct_comercio":47,"pct_manufactura":0,"pct_construccion":0,"pct_transporte":0,"pct_alojamiento":12,"pct_sin_educacion":4,"pct_educ_superior":57,"brecha_educ":-13,"pct_sin_seguro":8,"pct_sus":57,"pct_seguro_privado":0,"brecha_seguro":-14,"pct_salud_publica":22,"pct_med_tradicional":3,"pct_automedicacion":26,"pct_remedios_caseros":21,"pct_viv_desocupada":0,"pct_alquiler":0,"pct_electricidad":100,"pct_sin_electricidad":0,"pct_agua_red":100,"pct_alcantarillado":75,"pct_camara_septica":0,"pct_pozo_ciego":0,"pct_sin_desague":25,"pct_gas_red":25,"pct_gas_garrafa":75,"pct_lena_guano":75,"pct_basura_formal":100,"pct_basura_quema":0,"pct_basura_informal":0,"pct_internet":88,"pct_celular":100,"pct_televisor":88}},{"type":"Feature","geometry":{"type":"Polygon","coordinates":[[[-66.5686,-18.42384],[-66.56943,-18.42416],[-66.56964,-18.42377],[-66.56878,-18.42345],[-66.5686,-18.42384]]]},"properties":{"n":"LLALLAGUA","p":35,"personas_x_ha":71,"masculinidad":94,"pct_menor20":51,"pct_60mas":0,"pct_migrante":43,"dependencia_econ":192,"pct_empleados":25,"pct_cuentapropia":58,"pct_agricultura":17,"pct_comercio":8,"pct_manufactura":8,"pct_construccion":17,"pct_transporte":0,"pct_alojamiento":25,"pct_sin_educacion":0,"pct_educ_superior":44,"brecha_educ":-28,"pct_sin_seguro":17,"pct_sus":83,"pct_seguro_privado":0,"brecha_seguro":1,"pct_salud_publica":33,"pct_med_tradicional":13,"pct_automedicacion":15,"pct_remedios_caseros":20,"pct_viv_desocupada":14,"pct_alquiler":10,"pct_electricidad":100,"pct_sin_electricidad":0,"pct_agua_red":100,"pct_alcantarillado":90,"pct_camara_septica":10,"pct_pozo_ciego":0,"pct_sin_desague":0,"pct_gas_red":70,"pct_gas_garrafa":30,"pct_lena_guano":30,"pct_basura_formal":100,"pct_basura_quema":0,"pct_basura_informal":0,"pct_internet":100,"pct_celular":100,"pct_televisor":100}},{"type":"Feature","geometry":{"type":"Polygon","coordinates":[[[-66.58755,-18.42142],[-66.58709,-18.42166],[-66.5874,-18.42226],[-66.58773,-18.42233],[-66.58782,-18.42225],[-66.58782,-18.42188],[-66.58755,-18.42142]]]},"properties":{"n":"LLALLAGUA","p":104,"personas_x_ha":215,"masculinidad":82,"pct_menor20":22,"pct_60mas":17,"pct_migrante":48,"dependencia_econ":44,"pct_empleados":15,"pct_cuentapropia":72,"pct_agricultura":1,"pct_comercio":50,"pct_manufactura":1,"pct_construccion":3,"pct_transporte":1,"pct_alojamiento":14,"pct_sin_educacion":4,"pct_educ_superior":62,"brecha_educ":-6,"pct_sin_seguro":25,"pct_sus":65,"pct_seguro_privado":0,"brecha_seguro":-5,"pct_salud_publica":33,"pct_med_tradicional":10,"pct_automedicacion":16,"pct_remedios_caseros":18,"pct_viv_desocupada":14,"pct_alquiler":39,"pct_electricidad":100,"pct_sin_electricidad":0,"pct_agua_red":100,"pct_alcantarillado":100,"pct_camara_septica":0,"pct_pozo_ciego":0,"pct_sin_desague":0,"pct_gas_red":45,"pct_gas_garrafa":55,"pct_lena_guano":55,"pct_basura_formal":100,"pct_basura_quema":0,"pct_basura_informal":0,"pct_internet":82,"pct_celular":93,"pct_televisor":70}},{"type":"Feature","geometry":{"type":"Polygon","coordinates":[[[-66.58591,-18.4215],[-66.58649,-18.42214],[-66.587,-18.42165],[-66.58666,-18.42093],[-66.58591,-18.4215]]]},"properties":{"n":"LLALLAGUA","p":108,"personas_x_ha":134,"masculinidad":112,"pct_menor20":30,"pct_60mas":10,"pct_migrante":46,"dependencia_econ":79,"pct_empleados":45,"pct_cuentapropia":43,"pct_agricultura":9,"pct_comercio":14,"pct_manufactura":3,"pct_construccion":3,"pct_transporte":3,"pct_alojamiento":19,"pct_sin_educacion":2,"pct_educ_superior":79,"brecha_educ":-9,"pct_sin_seguro":15,"pct_sus":63,"pct_seguro_privado":1,"brecha_seguro":1,"pct_salud_publica":22,"pct_med_tradicional":9,"pct_automedicacion":20,"pct_remedios_caseros":18,"pct_viv_desocupada":9,"pct_alquiler":44,"pct_electricidad":98,"pct_sin_electricidad":0,"pct_agua_red":90,"pct_alcantarillado":96,"pct_camara_septica":2,"pct_pozo_ciego":2,"pct_sin_desague":0,"pct_gas_red":25,"pct_gas_garrafa":71,"pct_lena_guano":71,"pct_basura_formal":98,"pct_basura_quema":0,"pct_basura_informal":4,"pct_internet":92,"pct_celular":92,"pct_televisor":77}},{"type":"Feature","geometry":{"type":"Polygon","coordinates":[[[-66.56364,-18.42487],[-66.56432,-18.42432],[-66.56402,-18.42398],[-66.56333,-18.42452],[-66.56364,-18.42487]]]},"properties":{"n":"LLALLAGUA","p":33,"personas_x_ha":70,"masculinidad":57,"pct_menor20":45,"pct_60mas":6,"pct_migrante":36,"dependencia_econ":94,"pct_empleados":24,"pct_cuentapropia":59,"pct_agricultura":6,"pct_comercio":35,"pct_manufactura":12,"pct_construccion":6,"pct_transporte":6,"pct_alojamiento":18,"pct_sin_educacion":11,"pct_educ_superior":53,"brecha_educ":-6,"pct_sin_seguro":19,"pct_sus":53,"pct_seguro_privado":6,"brecha_seguro":10,"pct_salud_publica":17,"pct_med_tradicional":16,"pct_automedicacion":20,"pct_remedios_caseros":27,"pct_viv_desocupada":11,"pct_alquiler":6,"pct_electricidad":100,"pct_sin_electricidad":0,"pct_agua_red":62,"pct_alcantarillado":0,"pct_camara_septica":0,"pct_pozo_ciego":12,"pct_sin_desague":88,"pct_gas_red":19,"pct_gas_garrafa":81,"pct_lena_guano":81,"pct_basura_formal":75,"pct_basura_quema":19,"pct_basura_informal":0,"pct_internet":88,"pct_celular":94,"pct_televisor":94}},{"type":"Feature","geometry":{"type":"Polygon","coordinates":[[[-66.56435,-18.42288],[-66.56406,-18.42253],[-66.56337,-18.4231],[-66.56367,-18.42343],[-66.56435,-18.42288]]]},"properties":{"n":"LLALLAGUA","p":32,"personas_x_ha":68,"masculinidad":88,"pct_menor20":59,"pct_60mas":3,"pct_migrante":44,"dependencia_econ":220,"pct_empleados":30,"pct_cuentapropia":50,"pct_agricultura":20,"pct_comercio":20,"pct_manufactura":10,"pct_construccion":0,"pct_transporte":0,"pct_alojamiento":10,"pct_sin_educacion":0,"pct_educ_superior":40,"brecha_educ":-30,"pct_sin_seguro":22,"pct_sus":72,"pct_seguro_privado":0,"brecha_seguro":-4,"pct_salud_publica":21,"pct_med_tradicional":20,"pct_automedicacion":22,"pct_remedios_caseros":23,"pct_viv_desocupada":0,"pct_alquiler":7,"pct_electricidad":79,"pct_sin_electricidad":21,"pct_agua_red":79,"pct_alcantarillado":0,"pct_camara_septica":0,"pct_pozo_ciego":14,"pct_sin_desague":86,"pct_gas_red":0,"pct_gas_garrafa":100,"pct_lena_guano":100,"pct_basura_formal":43,"pct_basura_quema":43,"pct_basura_informal":0,"pct_internet":86,"pct_celular":100,"pct_televisor":64}},{"type":"Feature","geometry":{"type":"Polygon","coordinates":[[[-66.57672,-18.42156],[-66.57617,-18.42237],[-66.57639,-18.42252],[-66.57694,-18.42169],[-66.57672,-18.42156]]]},"properties":{"n":"LLALLAGUA","p":40,"personas_x_ha":130,"masculinidad":122,"pct_menor20":28,"pct_60mas":12,"pct_migrante":28,"dependencia_econ":48,"pct_empleados":30,"pct_cuentapropia":48,"pct_agricultura":11,"pct_comercio":15,"pct_manufactura":11,"pct_construccion":11,"pct_transporte":11,"pct_alojamiento":15,"pct_sin_educacion":0,"pct_educ_superior":41,"brecha_educ":2,"pct_sin_seguro":18,"pct_sus":72,"pct_seguro_privado":0,"brecha_seguro":-9,"pct_salud_publica":25,"pct_med_tradicional":4,"pct_automedicacion":23,"pct_remedios_caseros":26,"pct_viv_desocupada":5,"pct_alquiler":0,"pct_electricidad":94,"pct_sin_electricidad":6,"pct_agua_red":89,"pct_alcantarillado":72,"pct_camara_septica":6,"pct_pozo_ciego":0,"pct_sin_desague":22,"pct_gas_red":39,"pct_gas_garrafa":56,"pct_lena_guano":56,"pct_basura_formal":100,"pct_basura_quema":0,"pct_basura_informal":0,"pct_internet":83,"pct_celular":94,"pct_televisor":78}},{"type":"Feature","geometry":{"type":"Polygon","coordinates":[[[-66.58449,-18.41992],[-66.58527,-18.4208],[-66.58621,-18.42031],[-66.58574,-18.41949],[-66.58449,-18.41992]]]},"properties":{"n":"LLALLAGUA","p":229,"personas_x_ha":156,"masculinidad":92,"pct_menor20":36,"pct_60mas":12,"pct_migrante":41,"dependencia_econ":103,"pct_empleados":34,"pct_cuentapropia":45,"pct_agricultura":4,"pct_comercio":20,"pct_manufactura":5,"pct_construccion":6,"pct_transporte":8,"pct_alojamiento":13,"pct_sin_educacion":2,"pct_educ_superior":61,"brecha_educ":-5,"pct_sin_seguro":16,"pct_sus":53,"pct_seguro_privado":0,"brecha_seguro":10,"pct_salud_publica":20,"pct_med_tradicional":6,"pct_automedicacion":26,"pct_remedios_caseros":26,"pct_viv_desocupada":2,"pct_alquiler":50,"pct_electricidad":100,"pct_sin_electricidad":0,"pct_agua_red":98,"pct_alcantarillado":99,"pct_camara_septica":0,"pct_pozo_ciego":0,"pct_sin_desague":1,"pct_gas_red":35,"pct_gas_garrafa":65,"pct_lena_guano":65,"pct_basura_formal":100,"pct_basura_quema":0,"pct_basura_informal":0,"pct_internet":91,"pct_celular":98,"pct_televisor":77}},{"type":"Feature","geometry":{"type":"Polygon","coordinates":[[[-66.58113,-18.42063],[-66.58131,-18.42043],[-66.58105,-18.4202],[-66.58079,-18.42046],[-66.58113,-18.42063]]]},"properties":{"n":"LLALLAGUA","p":34,"personas_x_ha":236,"masculinidad":42,"pct_menor20":53,"pct_60mas":6,"pct_migrante":21,"dependencia_econ":162,"pct_empleados":31,"pct_cuentapropia":54,"pct_agricultura":8,"pct_comercio":15,"pct_manufactura":8,"pct_construccion":0,"pct_transporte":8,"pct_alojamiento":31,"pct_sin_educacion":0,"pct_educ_superior":47,"brecha_educ":-9,"pct_sin_seguro":12,"pct_sus":32,"pct_seguro_privado":0,"brecha_seguro":-3,"pct_salud_publica":18,"pct_med_tradicional":13,"pct_automedicacion":22,"pct_remedios_caseros":26,"pct_viv_desocupada":10,"pct_alquiler":14,"pct_electricidad":100,"pct_sin_electricidad":0,"pct_agua_red":100,"pct_alcantarillado":100,"pct_camara_septica":0,"pct_pozo_ciego":0,"pct_sin_desague":0,"pct_gas_red":57,"pct_gas_garrafa":43,"pct_lena_guano":43,"pct_basura_formal":100,"pct_basura_quema":0,"pct_basura_informal":0,"pct_internet":100,"pct_celular":100,"pct_televisor":100}},{"type":"Feature","geometry":{"type":"Polygon","coordinates":[[[-66.58099,-18.42014],[-66.58062,-18.41982],[-66.5805,-18.42],[-66.58048,-18.42033],[-66.5807,-18.42043],[-66.58099,-18.42014]]]},"properties":{"n":"LLALLAGUA","p":37,"personas_x_ha":169,"masculinidad":76,"pct_menor20":38,"pct_60mas":14,"pct_migrante":30,"dependencia_econ":131,"pct_empleados":25,"pct_cuentapropia":69,"pct_agricultura":0,"pct_comercio":38,"pct_manufactura":0,"pct_construccion":19,"pct_transporte":12,"pct_alojamiento":19,"pct_sin_educacion":0,"pct_educ_superior":42,"brecha_educ":-4,"pct_sin_seguro":3,"pct_sus":61,"pct_seguro_privado":0,"brecha_seguro":6,"pct_salud_publica":36,"pct_med_tradicional":4,"pct_automedicacion":1,"pct_remedios_caseros":45,"pct_viv_desocupada":0,"pct_alquiler":36,"pct_electricidad":100,"pct_sin_electricidad":0,"pct_agua_red":100,"pct_alcantarillado":93,"pct_camara_septica":0,"pct_pozo_ciego":0,"pct_sin_desague":7,"pct_gas_red":36,"pct_gas_garrafa":64,"pct_lena_guano":64,"pct_basura_formal":100,"pct_basura_quema":0,"pct_basura_informal":0,"pct_internet":93,"pct_celular":93,"pct_televisor":86}},{"type":"Feature","geometry":{"type":"Polygon","coordinates":[[[-66.58604,-18.41926],[-66.58589,-18.41885],[-66.58554,-18.41897],[-66.58578,-18.41941],[-66.58604,-18.41926]]]},"properties":{"n":"LLALLAGUA","p":35,"personas_x_ha":184,"masculinidad":67,"pct_menor20":29,"pct_60mas":14,"pct_migrante":46,"dependencia_econ":150,"pct_empleados":43,"pct_cuentapropia":50,"pct_agricultura":14,"pct_comercio":21,"pct_manufactura":0,"pct_construccion":0,"pct_transporte":21,"pct_alojamiento":14,"pct_sin_educacion":4,"pct_educ_superior":65,"brecha_educ":-11,"pct_sin_seguro":17,"pct_sus":31,"pct_seguro_privado":0,"brecha_seguro":19,"pct_salud_publica":24,"pct_med_tradicional":4,"pct_automedicacion":13,"pct_remedios_caseros":32,"pct_viv_desocupada":0,"pct_alquiler":36,"pct_electricidad":100,"pct_sin_electricidad":0,"pct_agua_red":100,"pct_alcantarillado":100,"pct_camara_septica":0,"pct_pozo_ciego":0,"pct_sin_desague":0,"pct_gas_red":29,"pct_gas_garrafa":64,"pct_lena_guano":64,"pct_basura_formal":100,"pct_basura_quema":0,"pct_basura_informal":0,"pct_internet":71,"pct_celular":86,"pct_televisor":50}},{"type":"Feature","geometry":{"type":"Polygon","coordinates":[[[-66.56702,-18.42279],[-66.56685,-18.4232],[-66.56758,-18.42348],[-66.56775,-18.42307],[-66.56702,-18.42279]]]},"properties":{"n":"LLALLAGUA","p":34,"personas_x_ha":83,"masculinidad":100,"pct_menor20":44,"pct_60mas":3,"pct_migrante":21,"dependencia_econ":183,"pct_empleados":25,"pct_cuentapropia":67,"pct_agricultura":17,"pct_comercio":25,"pct_manufactura":8,"pct_construccion":8,"pct_transporte":8,"pct_alojamiento":8,"pct_sin_educacion":5,"pct_educ_superior":42,"brecha_educ":-44,"pct_sin_seguro":3,"pct_sus":97,"pct_seguro_privado":0,"brecha_seguro":6,"pct_salud_publica":24,"pct_med_tradicional":8,"pct_automedicacion":25,"pct_remedios_caseros":30,"pct_viv_desocupada":0,"pct_alquiler":20,"pct_electricidad":100,"pct_sin_electricidad":0,"pct_agua_red":100,"pct_alcantarillado":90,"pct_camara_septica":10,"pct_pozo_ciego":0,"pct_sin_desague":0,"pct_gas_red":70,"pct_gas_garrafa":30,"pct_lena_guano":30,"pct_basura_formal":100,"pct_basura_quema":0,"pct_basura_informal":0,"pct_internet":70,"pct_celular":90,"pct_televisor":80}},{"type":"Feature","geometry":{"type":"Polygon","coordinates":[[[-66.57046,-18.41952],[-66.57036,-18.41917],[-66.56943,-18.41941],[-66.56954,-18.41975],[-66.57046,-18.41952]]]},"properties":{"n":"LLALLAGUA","p":54,"personas_x_ha":131,"masculinidad":93,"pct_menor20":63,"pct_60mas":6,"pct_migrante":52,"dependencia_econ":440,"pct_empleados":10,"pct_cuentapropia":60,"pct_agricultura":0,"pct_comercio":30,"pct_manufactura":10,"pct_construccion":0,"pct_transporte":0,"pct_alojamiento":0,"pct_sin_educacion":9,"pct_educ_superior":41,"brecha_educ":-13,"pct_sin_seguro":7,"pct_sus":41,"pct_seguro_privado":0,"brecha_seguro":8,"pct_salud_publica":13,"pct_med_tradicional":16,"pct_automedicacion":22,"pct_remedios_caseros":26,"pct_viv_desocupada":0,"pct_alquiler":13,"pct_electricidad":100,"pct_sin_electricidad":0,"pct_agua_red":100,"pct_alcantarillado":100,"pct_camara_septica":0,"pct_pozo_ciego":0,"pct_sin_desague":0,"pct_gas_red":73,"pct_gas_garrafa":27,"pct_lena_guano":27,"pct_basura_formal":93,"pct_basura_quema":7,"pct_basura_informal":0,"pct_internet":87,"pct_celular":87,"pct_televisor":87}},{"type":"Feature","geometry":{"type":"Polygon","coordinates":[[[-66.58055,-18.41061],[-66.57984,-18.41088],[-66.58,-18.41119],[-66.58078,-18.41085],[-66.58067,-18.41063],[-66.58055,-18.41061]]]},"properties":{"n":"LLALLAGUA","p":19,"personas_x_ha":58,"masculinidad":90,"pct_menor20":63,"pct_60mas":11,"pct_migrante":5,"dependencia_econ":217,"pct_empleados":67,"pct_cuentapropia":17,"pct_agricultura":33,"pct_comercio":33,"pct_manufactura":0,"pct_construccion":33,"pct_transporte":0,"pct_alojamiento":0,"pct_sin_educacion":14,"pct_educ_superior":0,"brecha_educ":-60,"pct_sin_seguro":11,"pct_sus":89,"pct_seguro_privado":0,"brecha_seguro":1,"pct_salud_publica":27,"pct_med_tradicional":3,"pct_automedicacion":27,"pct_remedios_caseros":32,"pct_viv_desocupada":0,"pct_alquiler":0,"pct_electricidad":62,"pct_sin_electricidad":38,"pct_agua_red":25,"pct_alcantarillado":0,"pct_camara_septica":0,"pct_pozo_ciego":0,"pct_sin_desague":88,"pct_gas_red":0,"pct_gas_garrafa":88,"pct_lena_guano":88,"pct_basura_formal":0,"pct_basura_quema":0,"pct_basura_informal":0,"pct_internet":62,"pct_celular":75,"pct_televisor":38}},{"type":"Feature","geometry":{"type":"Polygon","coordinates":[[[-66.5828,-18.40658],[-66.58242,-18.40653],[-66.58232,-18.40762],[-66.5827,-18.40763],[-66.5828,-18.40658]]]},"properties":{"n":"LLALLAGUA","p":32,"personas_x_ha":66,"masculinidad":60,"pct_menor20":66,"pct_60mas":3,"pct_migrante":16,"dependencia_econ":100,"pct_empleados":12,"pct_cuentapropia":62,"pct_agricultura":44,"pct_comercio":6,"pct_manufactura":31,"pct_construccion":6,"pct_transporte":0,"pct_alojamiento":6,"pct_sin_educacion":45,"pct_educ_superior":0,"brecha_educ":-28,"pct_sin_seguro":12,"pct_sus":88,"pct_seguro_privado":0,"brecha_seguro":7,"pct_salud_publica":21,"pct_med_tradicional":19,"pct_automedicacion":22,"pct_remedios_caseros":22,"pct_viv_desocupada":15,"pct_alquiler":0,"pct_electricidad":91,"pct_sin_electricidad":9,"pct_agua_red":9,"pct_alcantarillado":0,"pct_camara_septica":0,"pct_pozo_ciego":18,"pct_sin_desague":82,"pct_gas_red":0,"pct_gas_garrafa":100,"pct_lena_guano":100,"pct_basura_formal":64,"pct_basura_quema":27,"pct_basura_informal":0,"pct_internet":64,"pct_celular":82,"pct_televisor":64}},{"type":"Feature","geometry":{"type":"Polygon","coordinates":[[[-66.591,-18.43269],[-66.59103,-18.43256],[-66.59122,-18.43242],[-66.59098,-18.43176],[-66.59064,-18.43186],[-66.59091,-18.43271],[-66.591,-18.43269]]]},"properties":{"n":"LLALLAGUA","p":17,"personas_x_ha":48,"masculinidad":89,"pct_menor20":24,"pct_60mas":6,"pct_migrante":53,"dependencia_econ":70,"pct_empleados":50,"pct_cuentapropia":40,"pct_agricultura":10,"pct_comercio":10,"pct_manufactura":10,"pct_construccion":20,"pct_transporte":0,"pct_alojamiento":10,"pct_sin_educacion":8,"pct_educ_superior":15,"brecha_educ":-10,"pct_sin_seguro":0,"pct_sus":71,"pct_seguro_privado":0,"brecha_seguro":0,"pct_salud_publica":32,"pct_med_tradicional":9,"pct_automedicacion":6,"pct_remedios_caseros":38,"pct_viv_desocupada":0,"pct_alquiler":8,"pct_electricidad":33,"pct_sin_electricidad":67,"pct_agua_red":0,"pct_alcantarillado":0,"pct_camara_septica":0,"pct_pozo_ciego":0,"pct_sin_desague":100,"pct_gas_red":0,"pct_gas_garrafa":58,"pct_lena_guano":58,"pct_basura_formal":17,"pct_basura_quema":67,"pct_basura_informal":0,"pct_internet":33,"pct_celular":75,"pct_televisor":25}},{"type":"Feature","geometry":{"type":"Polygon","coordinates":[[[-66.56822,-18.42197],[-66.56837,-18.42156],[-66.56754,-18.42126],[-66.56738,-18.42167],[-66.56822,-18.42197]]]},"properties":{"n":"LLALLAGUA","p":19,"personas_x_ha":41,"masculinidad":138,"pct_menor20":42,"pct_60mas":11,"pct_migrante":26,"dependencia_econ":280,"pct_empleados":40,"pct_cuentapropia":60,"pct_agricultura":60,"pct_comercio":0,"pct_manufactura":0,"pct_construccion":40,"pct_transporte":0,"pct_alojamiento":0,"pct_sin_educacion":0,"pct_educ_superior":36,"brecha_educ":10,"pct_sin_seguro":16,"pct_sus":79,"pct_seguro_privado":0,"brecha_seguro":6,"pct_salud_publica":27,"pct_med_tradicional":12,"pct_automedicacion":23,"pct_remedios_caseros":30,"pct_viv_desocupada":0,"pct_alquiler":0,"pct_electricidad":89,"pct_sin_electricidad":11,"pct_agua_red":89,"pct_alcantarillado":22,"pct_camara_septica":0,"pct_pozo_ciego":0,"pct_sin_desague":78,"pct_gas_red":0,"pct_gas_garrafa":78,"pct_lena_guano":78,"pct_basura_formal":67,"pct_basura_quema":11,"pct_basura_informal":22,"pct_internet":67,"pct_celular":78,"pct_televisor":56}},{"type":"Feature","geometry":{"type":"Polygon","coordinates":[[[-66.58258,-18.41822],[-66.58247,-18.41817],[-66.58144,-18.41881],[-66.58172,-18.41904],[-66.58258,-18.41822]]]},"properties":{"n":"LLALLAGUA","p":62,"personas_x_ha":187,"masculinidad":100,"pct_menor20":50,"pct_60mas":3,"pct_migrante":29,"dependencia_econ":114,"pct_empleados":17,"pct_cuentapropia":62,"pct_agricultura":0,"pct_comercio":17,"pct_manufactura":3,"pct_construccion":17,"pct_transporte":7,"pct_alojamiento":24,"pct_sin_educacion":6,"pct_educ_superior":39,"brecha_educ":-16,"pct_sin_seguro":11,"pct_sus":79,"pct_seguro_privado":0,"brecha_seguro":3,"pct_salud_publica":17,"pct_med_tradicional":12,"pct_automedicacion":23,"pct_remedios_caseros":24,"pct_viv_desocupada":5,"pct_alquiler":15,"pct_electricidad":100,"pct_sin_electricidad":0,"pct_agua_red":75,"pct_alcantarillado":90,"pct_camara_septica":0,"pct_pozo_ciego":0,"pct_sin_desague":10,"pct_gas_red":50,"pct_gas_garrafa":50,"pct_lena_guano":50,"pct_basura_formal":100,"pct_basura_quema":0,"pct_basura_informal":0,"pct_internet":75,"pct_celular":75,"pct_televisor":85}},{"type":"Feature","geometry":{"type":"Polygon","coordinates":[[[-66.58366,-18.43074],[-66.58414,-18.43061],[-66.58406,-18.43045],[-66.58388,-18.43045],[-66.58406,-18.43044],[-66.58398,-18.43027],[-66.58342,-18.43046],[-66.58217,-18.43116],[-66.58236,-18.43141],[-66.58366,-18.43074]]]},"properties":{"n":"LLALLAGUA","p":40,"personas_x_ha":50,"masculinidad":82,"pct_menor20":38,"pct_60mas":2,"pct_migrante":45,"dependencia_econ":129,"pct_empleados":35,"pct_cuentapropia":47,"pct_agricultura":12,"pct_comercio":18,"pct_manufactura":6,"pct_construccion":24,"pct_transporte":0,"pct_alojamiento":12,"pct_sin_educacion":8,"pct_educ_superior":29,"brecha_educ":-33,"pct_sin_seguro":8,"pct_sus":81,"pct_seguro_privado":5,"brecha_seguro":-15,"pct_salud_publica":20,"pct_med_tradicional":22,"pct_automedicacion":19,"pct_remedios_caseros":24,"pct_viv_desocupada":17,"pct_alquiler":0,"pct_electricidad":63,"pct_sin_electricidad":32,"pct_agua_red":0,"pct_alcantarillado":0,"pct_camara_septica":0,"pct_pozo_ciego":0,"pct_sin_desague":100,"pct_gas_red":0,"pct_gas_garrafa":100,"pct_lena_guano":100,"pct_basura_formal":37,"pct_basura_quema":47,"pct_basura_informal":0,"pct_internet":84,"pct_celular":84,"pct_televisor":32}},{"type":"Feature","geometry":{"type":"Polygon","coordinates":[[[-66.58176,-18.43078],[-66.58162,-18.43056],[-66.58082,-18.43107],[-66.58103,-18.43125],[-66.58134,-18.43094],[-66.58176,-18.43078]]]},"properties":{"n":"LLALLAGUA","p":19,"personas_x_ha":77,"masculinidad":73,"pct_menor20":53,"pct_60mas":5,"pct_migrante":42,"dependencia_econ":850,"pct_empleados":0,"pct_cuentapropia":100,"pct_agricultura":0,"pct_comercio":0,"pct_manufactura":0,"pct_construccion":0,"pct_transporte":0,"pct_alojamiento":50,"pct_sin_educacion":11,"pct_educ_superior":11,"brecha_educ":-50,"pct_sin_seguro":11,"pct_sus":56,"pct_seguro_privado":0,"brecha_seguro":3,"pct_salud_publica":23,"pct_med_tradicional":2,"pct_automedicacion":32,"pct_remedios_caseros":34,"pct_viv_desocupada":0,"pct_alquiler":0,"pct_electricidad":57,"pct_sin_electricidad":0,"pct_agua_red":0,"pct_alcantarillado":0,"pct_camara_septica":0,"pct_pozo_ciego":0,"pct_sin_desague":100,"pct_gas_red":0,"pct_gas_garrafa":57,"pct_lena_guano":57,"pct_basura_formal":57,"pct_basura_quema":29,"pct_basura_informal":0,"pct_internet":29,"pct_celular":57,"pct_televisor":43}},{"type":"Feature","geometry":{"type":"Polygon","coordinates":[[[-66.58509,-18.42947],[-66.5854,-18.43007],[-66.58565,-18.42988],[-66.58539,-18.42948],[-66.58564,-18.42935],[-66.58557,-18.42922],[-66.58509,-18.42947]]]},"properties":{"n":"LLALLAGUA","p":36,"personas_x_ha":135,"masculinidad":64,"pct_menor20":42,"pct_60mas":3,"pct_migrante":36,"dependencia_econ":177,"pct_empleados":8,"pct_cuentapropia":62,"pct_agricultura":38,"pct_comercio":8,"pct_manufactura":0,"pct_construccion":0,"pct_transporte":8,"pct_alojamiento":8,"pct_sin_educacion":9,"pct_educ_superior":23,"brecha_educ":-18,"pct_sin_seguro":22,"pct_sus":50,"pct_seguro_privado":0,"brecha_seguro":10,"pct_salud_publica":19,"pct_med_tradicional":13,"pct_automedicacion":28,"pct_remedios_caseros":27,"pct_viv_desocupada":14,"pct_alquiler":8,"pct_electricidad":83,"pct_sin_electricidad":17,"pct_agua_red":58,"pct_alcantarillado":33,"pct_camara_septica":0,"pct_pozo_ciego":0,"pct_sin_desague":58,"pct_gas_red":0,"pct_gas_garrafa":100,"pct_lena_guano":100,"pct_basura_formal":83,"pct_basura_quema":8,"pct_basura_informal":17,"pct_internet":67,"pct_celular":92,"pct_televisor":67}},{"type":"Feature","geometry":{"type":"Polygon","coordinates":[[[-66.57247,-18.43156],[-66.57265,-18.4315],[-66.57241,-18.43078],[-66.5725,-18.4298],[-66.57183,-18.42968],[-66.57138,-18.42977],[-66.57166,-18.43036],[-66.5722,-18.4309],[-66.57247,-18.43156]]]},"properties":{"n":"LLALLAGUA","p":42,"personas_x_ha":35,"masculinidad":75,"pct_menor20":38,"pct_60mas":2,"pct_migrante":48,"dependencia_econ":180,"pct_empleados":7,"pct_cuentapropia":87,"pct_agricultura":20,"pct_comercio":20,"pct_manufactura":7,"pct_construccion":0,"pct_transporte":40,"pct_alojamiento":0,"pct_sin_educacion":7,"pct_educ_superior":64,"brecha_educ":-27,"pct_sin_seguro":17,"pct_sus":76,"pct_seguro_privado":0,"brecha_seguro":10,"pct_salud_publica":36,"pct_med_tradicional":10,"pct_automedicacion":17,"pct_remedios_caseros":19,"pct_viv_desocupada":5,"pct_alquiler":0,"pct_electricidad":94,"pct_sin_electricidad":6,"pct_agua_red":50,"pct_alcantarillado":50,"pct_camara_septica":0,"pct_pozo_ciego":0,"pct_sin_desague":50,"pct_gas_red":0,"pct_gas_garrafa":100,"pct_lena_guano":100,"pct_basura_formal":100,"pct_basura_quema":0,"pct_basura_informal":0,"pct_internet":88,"pct_celular":100,"pct_televisor":88}},{"type":"Feature","geometry":{"type":"Polygon","coordinates":[[[-66.58911,-18.42727],[-66.58907,-18.42746],[-66.58958,-18.42768],[-66.58988,-18.42794],[-66.58996,-18.42814],[-66.59012,-18.42812],[-66.58996,-18.42772],[-66.58942,-18.42735],[-66.58911,-18.42727]]]},"properties":{"n":"LLALLAGUA","p":55,"personas_x_ha":177,"masculinidad":83,"pct_menor20":47,"pct_60mas":2,"pct_migrante":25,"dependencia_econ":175,"pct_empleados":55,"pct_cuentapropia":30,"pct_agricultura":0,"pct_comercio":0,"pct_manufactura":10,"pct_construccion":5,"pct_transporte":10,"pct_alojamiento":10,"pct_sin_educacion":3,"pct_educ_superior":55,"brecha_educ":-12,"pct_sin_seguro":2,"pct_sus":70,"pct_seguro_privado":0,"brecha_seguro":4,"pct_salud_publica":27,"pct_med_tradicional":6,"pct_automedicacion":23,"pct_remedios_caseros":21,"pct_viv_desocupada":0,"pct_alquiler":0,"pct_electricidad":93,"pct_sin_electricidad":7,"pct_agua_red":0,"pct_alcantarillado":0,"pct_camara_septica":0,"pct_pozo_ciego":7,"pct_sin_desague":93,"pct_gas_red":0,"pct_gas_garrafa":100,"pct_lena_guano":100,"pct_basura_formal":100,"pct_basura_quema":0,"pct_basura_informal":0,"pct_internet":80,"pct_celular":93,"pct_televisor":93}},{"type":"Feature","geometry":{"type":"Polygon","coordinates":[[[-66.58804,-18.42773],[-66.58764,-18.42796],[-66.58742,-18.42835],[-66.58739,-18.42908],[-66.58726,-18.42935],[-66.58765,-18.42959],[-66.58784,-18.42917],[-66.58797,-18.42846],[-66.58826,-18.42811],[-66.58804,-18.42773]]]},"properties":{"n":"LLALLAGUA","p":30,"personas_x_ha":29,"masculinidad":67,"pct_menor20":40,"pct_60mas":3,"pct_migrante":43,"dependencia_econ":67,"pct_empleados":0,"pct_cuentapropia":78,"pct_agricultura":11,"pct_comercio":11,"pct_manufactura":6,"pct_construccion":11,"pct_transporte":11,"pct_alojamiento":6,"pct_sin_educacion":5,"pct_educ_superior":57,"brecha_educ":2,"pct_sin_seguro":3,"pct_sus":83,"pct_seguro_privado":0,"brecha_seguro":-6,"pct_salud_publica":88,"pct_med_tradicional":0,"pct_automedicacion":0,"pct_remedios_caseros":3,"pct_viv_desocupada":20,"pct_alquiler":19,"pct_electricidad":81,"pct_sin_electricidad":12,"pct_agua_red":0,"pct_alcantarillado":0,"pct_camara_septica":0,"pct_pozo_ciego":12,"pct_sin_desague":88,"pct_gas_red":0,"pct_gas_garrafa":100,"pct_lena_guano":100,"pct_basura_formal":31,"pct_basura_quema":56,"pct_basura_informal":0,"pct_internet":100,"pct_celular":100,"pct_televisor":56}},{"type":"Feature","geometry":{"type":"Polygon","coordinates":[[[-66.58929,-18.42763],[-66.58905,-18.42755],[-66.589,-18.42775],[-66.58923,-18.42782],[-66.58959,-18.42808],[-66.58969,-18.42826],[-66.58978,-18.42912],[-66.58998,-18.42906],[-66.58985,-18.42805],[-66.58929,-18.42763]]]},"properties":{"n":"LLALLAGUA","p":103,"personas_x_ha":229,"masculinidad":102,"pct_menor20":52,"pct_60mas":1,"pct_migrante":52,"dependencia_econ":222,"pct_empleados":19,"pct_cuentapropia":78,"pct_agricultura":9,"pct_comercio":16,"pct_manufactura":3,"pct_construccion":16,"pct_transporte":9,"pct_alojamiento":9,"pct_sin_educacion":6,"pct_educ_superior":34,"brecha_educ":-28,"pct_sin_seguro":11,"pct_sus":80,"pct_seguro_privado":0,"brecha_seguro":6,"pct_salud_publica":23,"pct_med_tradicional":15,"pct_automedicacion":20,"pct_remedios_caseros":29,"pct_viv_desocupada":0,"pct_alquiler":0,"pct_electricidad":90,"pct_sin_electricidad":3,"pct_agua_red":0,"pct_alcantarillado":10,"pct_camara_septica":0,"pct_pozo_ciego":0,"pct_sin_desague":90,"pct_gas_red":0,"pct_gas_garrafa":100,"pct_lena_guano":100,"pct_basura_formal":94,"pct_basura_quema":6,"pct_basura_informal":0,"pct_internet":58,"pct_celular":61,"pct_televisor":52}},{"type":"Feature","geometry":{"type":"Polygon","coordinates":[[[-66.57644,-18.42139],[-66.57599,-18.42204],[-66.57621,-18.42217],[-66.57666,-18.42152],[-66.57644,-18.42139]]]},"properties":{"n":"LLALLAGUA","p":48,"personas_x_ha":194,"masculinidad":85,"pct_menor20":31,"pct_60mas":8,"pct_migrante":46,"dependencia_econ":153,"pct_empleados":47,"pct_cuentapropia":42,"pct_agricultura":0,"pct_comercio":21,"pct_manufactura":11,"pct_construccion":16,"pct_transporte":5,"pct_alojamiento":0,"pct_sin_educacion":0,"pct_educ_superior":46,"brecha_educ":8,"pct_sin_seguro":8,"pct_sus":52,"pct_seguro_privado":0,"brecha_seguro":10,"pct_salud_publica":17,"pct_med_tradicional":12,"pct_automedicacion":21,"pct_remedios_caseros":24,"pct_viv_desocupada":0,"pct_alquiler":5,"pct_electricidad":100,"pct_sin_electricidad":0,"pct_agua_red":85,"pct_alcantarillado":70,"pct_camara_septica":0,"pct_pozo_ciego":5,"pct_sin_desague":20,"pct_gas_red":40,"pct_gas_garrafa":50,"pct_lena_guano":50,"pct_basura_formal":100,"pct_basura_quema":0,"pct_basura_informal":0,"pct_internet":85,"pct_celular":85,"pct_televisor":70}},{"type":"Feature","geometry":{"type":"Polygon","coordinates":[[[-66.56464,-18.42761],[-66.56434,-18.42728],[-66.56389,-18.42761],[-66.5642,-18.42795],[-66.56464,-18.42761]]]},"properties":{"n":"LLALLAGUA","p":23,"personas_x_ha":77,"masculinidad":53,"pct_menor20":65,"pct_60mas":0,"pct_migrante":35,"dependencia_econ":188,"pct_empleados":38,"pct_cuentapropia":25,"pct_agricultura":25,"pct_comercio":12,"pct_manufactura":0,"pct_construccion":12,"pct_transporte":0,"pct_alojamiento":0,"pct_sin_educacion":0,"pct_educ_superior":25,"brecha_educ":-47,"pct_sin_seguro":17,"pct_sus":78,"pct_seguro_privado":0,"brecha_seguro":31,"pct_salud_publica":25,"pct_med_tradicional":9,"pct_automedicacion":22,"pct_remedios_caseros":26,"pct_viv_desocupada":8,"pct_alquiler":0,"pct_electricidad":67,"pct_sin_electricidad":33,"pct_agua_red":67,"pct_alcantarillado":0,"pct_camara_septica":0,"pct_pozo_ciego":0,"pct_sin_desague":100,"pct_gas_red":33,"pct_gas_garrafa":56,"pct_lena_guano":56,"pct_basura_formal":89,"pct_basura_quema":11,"pct_basura_informal":0,"pct_internet":56,"pct_celular":67,"pct_televisor":67}},{"type":"Feature","geometry":{"type":"Polygon","coordinates":[[[-66.57075,-18.42257],[-66.57049,-18.4226],[-66.5705,-18.42282],[-66.57043,-18.42249],[-66.57047,-18.42257],[-66.57074,-18.42252],[-66.5707,-18.42196],[-66.56995,-18.42219],[-66.57034,-18.42335],[-66.57087,-18.4232],[-66.57075,-18.42257]]]},"properties":{"n":"LLALLAGUA","p":64,"personas_x_ha":68,"masculinidad":146,"pct_menor20":33,"pct_60mas":9,"pct_migrante":36,"dependencia_econ":83,"pct_empleados":20,"pct_cuentapropia":63,"pct_agricultura":29,"pct_comercio":17,"pct_manufactura":3,"pct_construccion":17,"pct_transporte":9,"pct_alojamiento":3,"pct_sin_educacion":19,"pct_educ_superior":44,"brecha_educ":-37,"pct_sin_seguro":16,"pct_sus":71,"pct_seguro_privado":0,"brecha_seguro":13,"pct_salud_publica":25,"pct_med_tradicional":12,"pct_automedicacion":22,"pct_remedios_caseros":29,"pct_viv_desocupada":0,"pct_alquiler":15,"pct_electricidad":85,"pct_sin_electricidad":12,"pct_agua_red":53,"pct_alcantarillado":38,"pct_camara_septica":0,"pct_pozo_ciego":6,"pct_sin_desague":56,"pct_gas_red":3,"pct_gas_garrafa":97,"pct_lena_guano":97,"pct_basura_formal":94,"pct_basura_quema":3,"pct_basura_informal":0,"pct_internet":76,"pct_celular":79,"pct_televisor":68}},{"type":"Feature","geometry":{"type":"Polygon","coordinates":[[[-66.57316,-18.41982],[-66.57351,-18.41955],[-66.57328,-18.41928],[-66.57292,-18.41956],[-66.57316,-18.41982]]]},"properties":{"n":"LLALLAGUA","p":22,"personas_x_ha":116,"masculinidad":144,"pct_menor20":41,"pct_60mas":14,"pct_migrante":32,"dependencia_econ":144,"pct_empleados":11,"pct_cuentapropia":78,"pct_agricultura":56,"pct_comercio":22,"pct_manufactura":0,"pct_construccion":11,"pct_transporte":0,"pct_alojamiento":0,"pct_sin_educacion":19,"pct_educ_superior":25,"brecha_educ":-10,"pct_sin_seguro":27,"pct_sus":73,"pct_seguro_privado":0,"brecha_seguro":27,"pct_salud_publica":11,"pct_med_tradicional":0,"pct_automedicacion":36,"pct_remedios_caseros":49,"pct_viv_desocupada":0,"pct_alquiler":0,"pct_electricidad":89,"pct_sin_electricidad":11,"pct_agua_red":0,"pct_alcantarillado":0,"pct_camara_septica":0,"pct_pozo_ciego":11,"pct_sin_desague":89,"pct_gas_red":0,"pct_gas_garrafa":100,"pct_lena_guano":100,"pct_basura_formal":89,"pct_basura_quema":0,"pct_basura_informal":0,"pct_internet":78,"pct_celular":100,"pct_televisor":44}},{"type":"Feature","geometry":{"type":"Polygon","coordinates":[[[-66.57184,-18.416],[-66.57166,-18.41581],[-66.5713,-18.41609],[-66.57132,-18.41638],[-66.57153,-18.41667],[-66.57176,-18.41652],[-66.57167,-18.41637],[-66.57176,-18.4163],[-66.57172,-18.41616],[-66.57155,-18.41624],[-66.57184,-18.416]]]},"properties":{"n":"LLALLAGUA","p":15,"personas_x_ha":48,"masculinidad":88,"pct_menor20":33,"pct_60mas":7,"pct_migrante":60,"dependencia_econ":114,"pct_empleados":29,"pct_cuentapropia":43,"pct_agricultura":29,"pct_comercio":0,"pct_manufactura":0,"pct_construccion":29,"pct_transporte":0,"pct_alojamiento":14,"pct_sin_educacion":20,"pct_educ_superior":10,"brecha_educ":-33,"pct_sin_seguro":0,"pct_sus":93,"pct_seguro_privado":0,"brecha_seguro":0,"pct_salud_publica":24,"pct_med_tradicional":18,"pct_automedicacion":24,"pct_remedios_caseros":22,"pct_viv_desocupada":6,"pct_alquiler":0,"pct_electricidad":70,"pct_sin_electricidad":30,"pct_agua_red":0,"pct_alcantarillado":0,"pct_camara_septica":0,"pct_pozo_ciego":0,"pct_sin_desague":100,"pct_gas_red":0,"pct_gas_garrafa":90,"pct_lena_guano":90,"pct_basura_formal":10,"pct_basura_quema":90,"pct_basura_informal":0,"pct_internet":70,"pct_celular":80,"pct_televisor":20}},{"type":"Feature","geometry":{"type":"Polygon","coordinates":[[[-66.5849,-18.40908],[-66.58454,-18.40903],[-66.58447,-18.40965],[-66.58488,-18.40936],[-66.5849,-18.40908]]]},"properties":{"n":"LLALLAGUA","p":21,"personas_x_ha":101,"masculinidad":133,"pct_menor20":48,"pct_60mas":10,"pct_migrante":33,"dependencia_econ":91,"pct_empleados":9,"pct_cuentapropia":55,"pct_agricultura":55,"pct_comercio":9,"pct_manufactura":9,"pct_construccion":9,"pct_transporte":9,"pct_alojamiento":9,"pct_sin_educacion":9,"pct_educ_superior":9,"brecha_educ":-27,"pct_sin_seguro":19,"pct_sus":81,"pct_seguro_privado":0,"brecha_seguro":14,"pct_salud_publica":31,"pct_med_tradicional":10,"pct_automedicacion":21,"pct_remedios_caseros":22,"pct_viv_desocupada":18,"pct_alquiler":0,"pct_electricidad":100,"pct_sin_electricidad":0,"pct_agua_red":0,"pct_alcantarillado":0,"pct_camara_septica":12,"pct_pozo_ciego":0,"pct_sin_desague":88,"pct_gas_red":0,"pct_gas_garrafa":100,"pct_lena_guano":100,"pct_basura_formal":50,"pct_basura_quema":0,"pct_basura_informal":0,"pct_internet":50,"pct_celular":62,"pct_televisor":50}},{"type":"Feature","geometry":{"type":"Polygon","coordinates":[[[-66.58995,-18.40757],[-66.58973,-18.40729],[-66.58895,-18.40789],[-66.58918,-18.40817],[-66.58995,-18.40757]]]},"properties":{"n":"LLALLAGUA","p":17,"personas_x_ha":41,"masculinidad":143,"pct_menor20":41,"pct_60mas":6,"pct_migrante":35,"dependencia_econ":70,"pct_empleados":80,"pct_cuentapropia":0,"pct_agricultura":10,"pct_comercio":10,"pct_manufactura":0,"pct_construccion":10,"pct_transporte":20,"pct_alojamiento":10,"pct_sin_educacion":9,"pct_educ_superior":27,"brecha_educ":-3,"pct_sin_seguro":6,"pct_sus":94,"pct_seguro_privado":0,"brecha_seguro":11,"pct_salud_publica":25,"pct_med_tradicional":12,"pct_automedicacion":25,"pct_remedios_caseros":25,"pct_viv_desocupada":0,"pct_alquiler":0,"pct_electricidad":62,"pct_sin_electricidad":38,"pct_agua_red":0,"pct_alcantarillado":0,"pct_camara_septica":0,"pct_pozo_ciego":12,"pct_sin_desague":75,"pct_gas_red":12,"pct_gas_garrafa":62,"pct_lena_guano":62,"pct_basura_formal":12,"pct_basura_quema":75,"pct_basura_informal":0,"pct_internet":75,"pct_celular":88,"pct_televisor":50}},{"type":"Feature","geometry":{"type":"Polygon","coordinates":[[[-66.58188,-18.40651],[-66.58151,-18.40644],[-66.5814,-18.40752],[-66.58177,-18.40756],[-66.58188,-18.40651]]]},"properties":{"n":"LLALLAGUA","p":31,"personas_x_ha":65,"masculinidad":94,"pct_menor20":52,"pct_60mas":0,"pct_migrante":16,"dependencia_econ":288,"pct_empleados":25,"pct_cuentapropia":62,"pct_agricultura":0,"pct_comercio":12,"pct_manufactura":0,"pct_construccion":38,"pct_transporte":12,"pct_alojamiento":0,"pct_sin_educacion":0,"pct_educ_superior":13,"brecha_educ":-5,"pct_sin_seguro":43,"pct_sus":47,"pct_seguro_privado":0,"brecha_seguro":-1,"pct_salud_publica":33,"pct_med_tradicional":17,"pct_automedicacion":15,"pct_remedios_caseros":23,"pct_viv_desocupada":0,"pct_alquiler":0,"pct_electricidad":100,"pct_sin_electricidad":0,"pct_agua_red":0,"pct_alcantarillado":11,"pct_camara_septica":0,"pct_pozo_ciego":11,"pct_sin_desague":78,"pct_gas_red":0,"pct_gas_garrafa":100,"pct_lena_guano":100,"pct_basura_formal":11,"pct_basura_quema":56,"pct_basura_informal":22,"pct_internet":78,"pct_celular":89,"pct_televisor":78}},{"type":"Feature","geometry":{"type":"Polygon","coordinates":[[[-66.57447,-18.41836],[-66.57423,-18.4181],[-66.57405,-18.41824],[-66.57427,-18.41852],[-66.57447,-18.41836]]]},"properties":{"n":"LLALLAGUA","p":18,"personas_x_ha":184,"masculinidad":20,"pct_menor20":50,"pct_60mas":6,"pct_migrante":61,"dependencia_econ":260,"pct_empleados":40,"pct_cuentapropia":60,"pct_agricultura":20,"pct_comercio":40,"pct_manufactura":0,"pct_construccion":20,"pct_transporte":0,"pct_alojamiento":0,"pct_sin_educacion":22,"pct_educ_superior":11,"brecha_educ":-17,"pct_sin_seguro":22,"pct_sus":78,"pct_seguro_privado":0,"brecha_seguro":13,"pct_salud_publica":11,"pct_med_tradicional":16,"pct_automedicacion":18,"pct_remedios_caseros":41,"pct_viv_desocupada":0,"pct_alquiler":14,"pct_electricidad":100,"pct_sin_electricidad":0,"pct_agua_red":0,"pct_alcantarillado":0,"pct_camara_septica":0,"pct_pozo_ciego":14,"pct_sin_desague":86,"pct_gas_red":0,"pct_gas_garrafa":100,"pct_lena_guano":100,"pct_basura_formal":100,"pct_basura_quema":0,"pct_basura_informal":0,"pct_internet":100,"pct_celular":100,"pct_televisor":43}},{"type":"Feature","geometry":{"type":"Polygon","coordinates":[[[-66.57989,-18.40862],[-66.5798,-18.40954],[-66.58017,-18.40958],[-66.58027,-18.40865],[-66.57989,-18.40862]]]},"properties":{"n":"LLALLAGUA","p":19,"personas_x_ha":46,"masculinidad":73,"pct_menor20":58,"pct_60mas":5,"pct_migrante":21,"dependencia_econ":138,"pct_empleados":0,"pct_cuentapropia":75,"pct_agricultura":25,"pct_comercio":38,"pct_manufactura":0,"pct_construccion":0,"pct_transporte":0,"pct_alojamiento":12,"pct_sin_educacion":0,"pct_educ_superior":18,"brecha_educ":3,"pct_sin_seguro":11,"pct_sus":89,"pct_seguro_privado":0,"brecha_seguro":25,"pct_salud_publica":90,"pct_med_tradicional":0,"pct_automedicacion":5,"pct_remedios_caseros":5,"pct_viv_desocupada":0,"pct_alquiler":14,"pct_electricidad":100,"pct_sin_electricidad":0,"pct_agua_red":14,"pct_alcantarillado":14,"pct_camara_septica":0,"pct_pozo_ciego":0,"pct_sin_desague":71,"pct_gas_red":0,"pct_gas_garrafa":100,"pct_lena_guano":100,"pct_basura_formal":43,"pct_basura_quema":14,"pct_basura_informal":57,"pct_internet":57,"pct_celular":71,"pct_televisor":71}},{"type":"Feature","geometry":{"type":"Polygon","coordinates":[[[-66.58447,-18.40901],[-66.58408,-18.40898],[-66.58393,-18.41008],[-66.5842,-18.41008],[-66.5844,-18.40973],[-66.58447,-18.40901]]]},"properties":{"n":"LLALLAGUA","p":29,"personas_x_ha":60,"masculinidad":53,"pct_menor20":52,"pct_60mas":0,"pct_migrante":21,"dependencia_econ":190,"pct_empleados":20,"pct_cuentapropia":50,"pct_agricultura":20,"pct_comercio":40,"pct_manufactura":10,"pct_construccion":10,"pct_transporte":0,"pct_alojamiento":10,"pct_sin_educacion":7,"pct_educ_superior":57,"brecha_educ":-30,"pct_sin_seguro":4,"pct_sus":96,"pct_seguro_privado":0,"brecha_seguro":-6,"pct_salud_publica":34,"pct_med_tradicional":13,"pct_automedicacion":18,"pct_remedios_caseros":28,"pct_viv_desocupada":0,"pct_alquiler":0,"pct_electricidad":89,"pct_sin_electricidad":11,"pct_agua_red":44,"pct_alcantarillado":0,"pct_camara_septica":0,"pct_pozo_ciego":0,"pct_sin_desague":100,"pct_gas_red":0,"pct_gas_garrafa":100,"pct_lena_guano":100,"pct_basura_formal":56,"pct_basura_quema":11,"pct_basura_informal":0,"pct_internet":89,"pct_celular":89,"pct_televisor":67}},{"type":"Feature","geometry":{"type":"Polygon","coordinates":[[[-66.57179,-18.42468],[-66.57165,-18.42436],[-66.57077,-18.4247],[-66.57091,-18.425],[-66.57179,-18.42468]]]},"properties":{"n":"LLALLAGUA","p":23,"personas_x_ha":57,"masculinidad":130,"pct_menor20":35,"pct_60mas":0,"pct_migrante":74,"dependencia_econ":130,"pct_empleados":30,"pct_cuentapropia":70,"pct_agricultura":0,"pct_comercio":40,"pct_manufactura":0,"pct_construccion":10,"pct_transporte":10,"pct_alojamiento":10,"pct_sin_educacion":6,"pct_educ_superior":65,"brecha_educ":-14,"pct_sin_seguro":0,"pct_sus":91,"pct_seguro_privado":0,"brecha_seguro":0,"pct_salud_publica":37,"pct_med_tradicional":12,"pct_automedicacion":17,"pct_remedios_caseros":14,"pct_viv_desocupada":0,"pct_alquiler":47,"pct_electricidad":100,"pct_sin_electricidad":0,"pct_agua_red":100,"pct_alcantarillado":80,"pct_camara_septica":7,"pct_pozo_ciego":7,"pct_sin_desague":7,"pct_gas_red":40,"pct_gas_garrafa":53,"pct_lena_guano":53,"pct_basura_formal":100,"pct_basura_quema":0,"pct_basura_informal":0,"pct_internet":87,"pct_celular":100,"pct_televisor":67}},{"type":"Feature","geometry":{"type":"Polygon","coordinates":[[[-66.57546,-18.41982],[-66.57589,-18.41948],[-66.57565,-18.41921],[-66.57521,-18.41955],[-66.57546,-18.41982]]]},"properties":{"n":"LLALLAGUA","p":26,"personas_x_ha":110,"masculinidad":86,"pct_menor20":46,"pct_60mas":15,"pct_migrante":15,"dependencia_econ":108,"pct_empleados":8,"pct_cuentapropia":83,"pct_agricultura":42,"pct_comercio":17,"pct_manufactura":0,"pct_construccion":33,"pct_transporte":0,"pct_alojamiento":0,"pct_sin_educacion":15,"pct_educ_superior":8,"brecha_educ":-10,"pct_sin_seguro":0,"pct_sus":100,"pct_seguro_privado":0,"brecha_seguro":0,"pct_salud_publica":13,"pct_med_tradicional":26,"pct_automedicacion":28,"pct_remedios_caseros":32,"pct_viv_desocupada":0,"pct_alquiler":0,"pct_electricidad":73,"pct_sin_electricidad":18,"pct_agua_red":0,"pct_alcantarillado":0,"pct_camara_septica":0,"pct_pozo_ciego":0,"pct_sin_desague":100,"pct_gas_red":0,"pct_gas_garrafa":100,"pct_lena_guano":100,"pct_basura_formal":45,"pct_basura_quema":27,"pct_basura_informal":0,"pct_internet":73,"pct_celular":100,"pct_televisor":45}},{"type":"Feature","geometry":{"type":"Polygon","coordinates":[[[-66.59111,-18.43069],[-66.59078,-18.43079],[-66.59101,-18.43161],[-66.59137,-18.43153],[-66.59111,-18.43069]]]},"properties":{"n":"LLALLAGUA","p":35,"personas_x_ha":92,"masculinidad":106,"pct_menor20":37,"pct_60mas":11,"pct_migrante":46,"dependencia_econ":94,"pct_empleados":22,"pct_cuentapropia":50,"pct_agricultura":17,"pct_comercio":17,"pct_manufactura":0,"pct_construccion":11,"pct_transporte":0,"pct_alojamiento":17,"pct_sin_educacion":12,"pct_educ_superior":23,"brecha_educ":-23,"pct_sin_seguro":25,"pct_sus":66,"pct_seguro_privado":3,"brecha_seguro":6,"pct_salud_publica":18,"pct_med_tradicional":15,"pct_automedicacion":27,"pct_remedios_caseros":24,"pct_viv_desocupada":0,"pct_alquiler":4,"pct_electricidad":75,"pct_sin_electricidad":12,"pct_agua_red":12,"pct_alcantarillado":4,"pct_camara_septica":0,"pct_pozo_ciego":0,"pct_sin_desague":96,"pct_gas_red":0,"pct_gas_garrafa":83,"pct_lena_guano":83,"pct_basura_formal":38,"pct_basura_quema":54,"pct_basura_informal":8,"pct_internet":38,"pct_celular":62,"pct_televisor":38}},{"type":"Feature","geometry":{"type":"Polygon","coordinates":[[[-66.58626,-18.42316],[-66.5873,-18.42399],[-66.58734,-18.42399],[-66.58638,-18.42304],[-66.58626,-18.42316]]]},"properties":{"n":"LLALLAGUA","p":17,"personas_x_ha":102,"masculinidad":89,"pct_menor20":24,"pct_60mas":24,"pct_migrante":47,"dependencia_econ":183,"pct_empleados":33,"pct_cuentapropia":67,"pct_agricultura":0,"pct_comercio":0,"pct_manufactura":0,"pct_construccion":0,"pct_transporte":0,"pct_alojamiento":33,"pct_sin_educacion":0,"pct_educ_superior":50,"brecha_educ":0,"pct_sin_seguro":24,"pct_sus":76,"pct_seguro_privado":0,"brecha_seguro":26,"pct_salud_publica":29,"pct_med_tradicional":2,"pct_automedicacion":29,"pct_remedios_caseros":24,"pct_viv_desocupada":8,"pct_alquiler":20,"pct_electricidad":100,"pct_sin_electricidad":0,"pct_agua_red":100,"pct_alcantarillado":100,"pct_camara_septica":0,"pct_pozo_ciego":0,"pct_sin_desague":0,"pct_gas_red":20,"pct_gas_garrafa":60,"pct_lena_guano":60,"pct_basura_formal":100,"pct_basura_quema":0,"pct_basura_informal":0,"pct_internet":80,"pct_celular":90,"pct_televisor":80}},{"type":"Feature","geometry":{"type":"Polygon","coordinates":[[[-66.58574,-18.42838],[-66.58554,-18.42819],[-66.58487,-18.42869],[-66.58506,-18.42937],[-66.58583,-18.429],[-66.58587,-18.42865],[-66.58574,-18.42838]]]},"properties":{"n":"LLALLAGUA","p":22,"personas_x_ha":26,"masculinidad":120,"pct_menor20":41,"pct_60mas":5,"pct_migrante":18,"dependencia_econ":69,"pct_empleados":31,"pct_cuentapropia":62,"pct_agricultura":15,"pct_comercio":23,"pct_manufactura":0,"pct_construccion":15,"pct_transporte":0,"pct_alojamiento":15,"pct_sin_educacion":7,"pct_educ_superior":29,"brecha_educ":-24,"pct_sin_seguro":5,"pct_sus":82,"pct_seguro_privado":0,"brecha_seguro":8,"pct_salud_publica":28,"pct_med_tradicional":10,"pct_automedicacion":26,"pct_remedios_caseros":22,"pct_viv_desocupada":0,"pct_alquiler":0,"pct_electricidad":100,"pct_sin_electricidad":0,"pct_agua_red":0,"pct_alcantarillado":25,"pct_camara_septica":0,"pct_pozo_ciego":25,"pct_sin_desague":50,"pct_gas_red":0,"pct_gas_garrafa":100,"pct_lena_guano":100,"pct_basura_formal":100,"pct_basura_quema":0,"pct_basura_informal":0,"pct_internet":50,"pct_celular":75,"pct_televisor":88}},{"type":"Feature","geometry":{"type":"Polygon","coordinates":[[[-66.57786,-18.42184],[-66.57765,-18.4218],[-66.57741,-18.42191],[-66.57713,-18.42277],[-66.57727,-18.42284],[-66.57786,-18.42184]]]},"properties":{"n":"LLALLAGUA","p":25,"personas_x_ha":61,"masculinidad":79,"pct_menor20":48,"pct_60mas":4,"pct_migrante":48,"dependencia_econ":212,"pct_empleados":12,"pct_cuentapropia":88,"pct_agricultura":0,"pct_comercio":75,"pct_manufactura":25,"pct_construccion":0,"pct_transporte":0,"pct_alojamiento":0,"pct_sin_educacion":7,"pct_educ_superior":60,"brecha_educ":-2,"pct_sin_seguro":16,"pct_sus":84,"pct_seguro_privado":0,"brecha_seguro":20,"pct_salud_publica":25,"pct_med_tradicional":3,"pct_automedicacion":25,"pct_remedios_caseros":30,"pct_viv_desocupada":0,"pct_alquiler":33,"pct_electricidad":67,"pct_sin_electricidad":22,"pct_agua_red":56,"pct_alcantarillado":44,"pct_camara_septica":0,"pct_pozo_ciego":11,"pct_sin_desague":44,"pct_gas_red":22,"pct_gas_garrafa":78,"pct_lena_guano":78,"pct_basura_formal":89,"pct_basura_quema":0,"pct_basura_informal":0,"pct_internet":67,"pct_celular":89,"pct_televisor":67}},{"type":"Feature","geometry":{"type":"Polygon","coordinates":[[[-66.57658,-18.42048],[-66.57671,-18.42025],[-66.57638,-18.4201],[-66.57626,-18.4203],[-66.57658,-18.42048]]]},"properties":{"n":"LLALLAGUA","p":16,"personas_x_ha":143,"masculinidad":100,"pct_menor20":44,"pct_60mas":0,"pct_migrante":75,"dependencia_econ":167,"pct_empleados":17,"pct_cuentapropia":67,"pct_agricultura":17,"pct_comercio":33,"pct_manufactura":17,"pct_construccion":17,"pct_transporte":0,"pct_alojamiento":17,"pct_sin_educacion":0,"pct_educ_superior":20,"brecha_educ":-20,"pct_sin_seguro":6,"pct_sus":75,"pct_seguro_privado":0,"brecha_seguro":12,"pct_salud_publica":25,"pct_med_tradicional":22,"pct_automedicacion":9,"pct_remedios_caseros":25,"pct_viv_desocupada":9,"pct_alquiler":33,"pct_electricidad":89,"pct_sin_electricidad":11,"pct_agua_red":78,"pct_alcantarillado":22,"pct_camara_septica":11,"pct_pozo_ciego":22,"pct_sin_desague":44,"pct_gas_red":0,"pct_gas_garrafa":100,"pct_lena_guano":100,"pct_basura_formal":100,"pct_basura_quema":0,"pct_basura_informal":0,"pct_internet":89,"pct_celular":100,"pct_televisor":56}},{"type":"Feature","geometry":{"type":"Polygon","coordinates":[[[-66.57248,-18.42965],[-66.57234,-18.42887],[-66.57196,-18.42886],[-66.57176,-18.42894],[-66.57199,-18.42957],[-66.57248,-18.42965]]]},"properties":{"n":"LLALLAGUA","p":31,"personas_x_ha":64,"masculinidad":55,"pct_menor20":48,"pct_60mas":6,"pct_migrante":39,"dependencia_econ":210,"pct_empleados":30,"pct_cuentapropia":40,"pct_agricultura":30,"pct_comercio":20,"pct_manufactura":10,"pct_construccion":30,"pct_transporte":10,"pct_alojamiento":0,"pct_sin_educacion":18,"pct_educ_superior":35,"brecha_educ":-50,"pct_sin_seguro":30,"pct_sus":70,"pct_seguro_privado":0,"brecha_seguro":10,"pct_salud_publica":27,"pct_med_tradicional":8,"pct_automedicacion":19,"pct_remedios_caseros":31,"pct_viv_desocupada":5,"pct_alquiler":14,"pct_electricidad":100,"pct_sin_electricidad":0,"pct_agua_red":100,"pct_alcantarillado":71,"pct_camara_septica":0,"pct_pozo_ciego":0,"pct_sin_desague":29,"pct_gas_red":29,"pct_gas_garrafa":71,"pct_lena_guano":71,"pct_basura_formal":100,"pct_basura_quema":0,"pct_basura_informal":0,"pct_internet":93,"pct_celular":100,"pct_televisor":64}},{"type":"Feature","geometry":{"type":"Polygon","coordinates":[[[-66.57147,-18.42723],[-66.57138,-18.42684],[-66.57082,-18.42663],[-66.57065,-18.42703],[-66.57128,-18.42726],[-66.57147,-18.42723]]]},"properties":{"n":"LLALLAGUA","p":69,"personas_x_ha":182,"masculinidad":97,"pct_menor20":45,"pct_60mas":0,"pct_migrante":39,"dependencia_econ":109,"pct_empleados":21,"pct_cuentapropia":52,"pct_agricultura":36,"pct_comercio":24,"pct_manufactura":9,"pct_construccion":6,"pct_transporte":0,"pct_alojamiento":0,"pct_sin_educacion":2,"pct_educ_superior":40,"brecha_educ":-6,"pct_sin_seguro":19,"pct_sus":67,"pct_seguro_privado":0,"brecha_seguro":3,"pct_salud_publica":27,"pct_med_tradicional":11,"pct_automedicacion":23,"pct_remedios_caseros":22,"pct_viv_desocupada":0,"pct_alquiler":30,"pct_electricidad":100,"pct_sin_electricidad":0,"pct_agua_red":93,"pct_alcantarillado":100,"pct_camara_septica":0,"pct_pozo_ciego":0,"pct_sin_desague":0,"pct_gas_red":41,"pct_gas_garrafa":59,"pct_lena_guano":59,"pct_basura_formal":100,"pct_basura_quema":0,"pct_basura_informal":0,"pct_internet":96,"pct_celular":96,"pct_televisor":74}},{"type":"Feature","geometry":{"type":"Polygon","coordinates":[[[-66.58156,-18.42546],[-66.58123,-18.42523],[-66.58043,-18.42575],[-66.5811,-18.42626],[-66.58156,-18.42546]]]},"properties":{"n":"LLALLAGUA","p":107,"personas_x_ha":163,"masculinidad":70,"pct_menor20":39,"pct_60mas":7,"pct_migrante":49,"dependencia_econ":91,"pct_empleados":38,"pct_cuentapropia":52,"pct_agricultura":5,"pct_comercio":39,"pct_manufactura":12,"pct_construccion":0,"pct_transporte":5,"pct_alojamiento":12,"pct_sin_educacion":1,"pct_educ_superior":62,"brecha_educ":-17,"pct_sin_seguro":20,"pct_sus":68,"pct_seguro_privado":0,"brecha_seguro":1,"pct_salud_publica":20,"pct_med_tradicional":14,"pct_automedicacion":20,"pct_remedios_caseros":25,"pct_viv_desocupada":7,"pct_alquiler":20,"pct_electricidad":100,"pct_sin_electricidad":0,"pct_agua_red":98,"pct_alcantarillado":98,"pct_camara_septica":0,"pct_pozo_ciego":0,"pct_sin_desague":2,"pct_gas_red":54,"pct_gas_garrafa":46,"pct_lena_guano":46,"pct_basura_formal":100,"pct_basura_quema":0,"pct_basura_informal":0,"pct_internet":90,"pct_celular":95,"pct_televisor":83}},{"type":"Feature","geometry":{"type":"Polygon","coordinates":[[[-66.56399,-18.42742],[-66.56426,-18.4272],[-66.56396,-18.42687],[-66.56369,-18.42706],[-66.56399,-18.42742]]]},"properties":{"n":"LLALLAGUA","p":15,"personas_x_ha":82,"masculinidad":88,"pct_menor20":47,"pct_60mas":13,"pct_migrante":33,"dependencia_econ":88,"pct_empleados":38,"pct_cuentapropia":25,"pct_agricultura":38,"pct_comercio":25,"pct_manufactura":12,"pct_construccion":25,"pct_transporte":0,"pct_alojamiento":0,"pct_sin_educacion":67,"pct_educ_superior":22,"brecha_educ":-40,"pct_sin_seguro":13,"pct_sus":67,"pct_seguro_privado":0,"brecha_seguro":29,"pct_salud_publica":20,"pct_med_tradicional":16,"pct_automedicacion":20,"pct_remedios_caseros":27,"pct_viv_desocupada":11,"pct_alquiler":0,"pct_electricidad":62,"pct_sin_electricidad":38,"pct_agua_red":88,"pct_alcantarillado":0,"pct_camara_septica":0,"pct_pozo_ciego":25,"pct_sin_desague":75,"pct_gas_red":25,"pct_gas_garrafa":75,"pct_lena_guano":75,"pct_basura_formal":50,"pct_basura_quema":38,"pct_basura_informal":0,"pct_internet":50,"pct_celular":88,"pct_televisor":62}},{"type":"Feature","geometry":{"type":"Polygon","coordinates":[[[-66.57309,-18.42488],[-66.57315,-18.42522],[-66.57426,-18.42505],[-66.57421,-18.42471],[-66.57309,-18.42488]]]},"properties":{"n":"LLALLAGUA","p":41,"personas_x_ha":87,"masculinidad":78,"pct_menor20":29,"pct_60mas":15,"pct_migrante":51,"dependencia_econ":60,"pct_empleados":20,"pct_cuentapropia":56,"pct_agricultura":24,"pct_comercio":4,"pct_manufactura":12,"pct_construccion":20,"pct_transporte":4,"pct_alojamiento":0,"pct_sin_educacion":14,"pct_educ_superior":62,"brecha_educ":4,"pct_sin_seguro":3,"pct_sus":77,"pct_seguro_privado":0,"brecha_seguro":6,"pct_salud_publica":28,"pct_med_tradicional":3,"pct_automedicacion":24,"pct_remedios_caseros":24,"pct_viv_desocupada":15,"pct_alquiler":0,"pct_electricidad":100,"pct_sin_electricidad":0,"pct_agua_red":100,"pct_alcantarillado":93,"pct_camara_septica":0,"pct_pozo_ciego":0,"pct_sin_desague":7,"pct_gas_red":60,"pct_gas_garrafa":40,"pct_lena_guano":40,"pct_basura_formal":100,"pct_basura_quema":0,"pct_basura_informal":0,"pct_internet":73,"pct_celular":93,"pct_televisor":87}},{"type":"Feature","geometry":{"type":"Polygon","coordinates":[[[-66.56444,-18.42577],[-66.56475,-18.4261],[-66.56543,-18.42554],[-66.56511,-18.42521],[-66.56444,-18.42577]]]},"properties":{"n":"LLALLAGUA","p":46,"personas_x_ha":95,"masculinidad":59,"pct_menor20":48,"pct_60mas":4,"pct_migrante":35,"dependencia_econ":318,"pct_empleados":55,"pct_cuentapropia":18,"pct_agricultura":9,"pct_comercio":18,"pct_manufactura":0,"pct_construccion":55,"pct_transporte":0,"pct_alojamiento":0,"pct_sin_educacion":8,"pct_educ_superior":29,"brecha_educ":-24,"pct_sin_seguro":9,"pct_sus":85,"pct_seguro_privado":0,"brecha_seguro":5,"pct_salud_publica":45,"pct_med_tradicional":8,"pct_automedicacion":16,"pct_remedios_caseros":22,"pct_viv_desocupada":0,"pct_alquiler":10,"pct_electricidad":86,"pct_sin_electricidad":14,"pct_agua_red":76,"pct_alcantarillado":0,"pct_camara_septica":0,"pct_pozo_ciego":10,"pct_sin_desague":90,"pct_gas_red":10,"pct_gas_garrafa":90,"pct_lena_guano":90,"pct_basura_formal":95,"pct_basura_quema":0,"pct_basura_informal":0,"pct_internet":90,"pct_celular":95,"pct_televisor":71}},{"type":"Feature","geometry":{"type":"Polygon","coordinates":[[[-66.56923,-18.42468],[-66.5694,-18.42426],[-66.56857,-18.42395],[-66.56839,-18.42437],[-66.56923,-18.42468]]]},"properties":{"n":"LLALLAGUA","p":37,"personas_x_ha":75,"masculinidad":68,"pct_menor20":51,"pct_60mas":3,"pct_migrante":54,"dependencia_econ":147,"pct_empleados":27,"pct_cuentapropia":67,"pct_agricultura":13,"pct_comercio":27,"pct_manufactura":0,"pct_construccion":20,"pct_transporte":7,"pct_alojamiento":13,"pct_sin_educacion":17,"pct_educ_superior":28,"brecha_educ":-17,"pct_sin_seguro":9,"pct_sus":86,"pct_seguro_privado":0,"brecha_seguro":10,"pct_salud_publica":38,"pct_med_tradicional":5,"pct_automedicacion":15,"pct_remedios_caseros":22,"pct_viv_desocupada":5,"pct_alquiler":14,"pct_electricidad":100,"pct_sin_electricidad":0,"pct_agua_red":100,"pct_alcantarillado":100,"pct_camara_septica":0,"pct_pozo_ciego":0,"pct_sin_desague":0,"pct_gas_red":50,"pct_gas_garrafa":50,"pct_lena_guano":50,"pct_basura_formal":100,"pct_basura_quema":0,"pct_basura_informal":0,"pct_internet":100,"pct_celular":100,"pct_televisor":86}},{"type":"Feature","geometry":{"type":"Polygon","coordinates":[[[-66.5681,-18.42482],[-66.56826,-18.42443],[-66.56743,-18.42409],[-66.56728,-18.42452],[-66.5681,-18.42482]]]},"properties":{"n":"LLALLAGUA","p":37,"personas_x_ha":77,"masculinidad":76,"pct_menor20":30,"pct_60mas":8,"pct_migrante":57,"dependencia_econ":118,"pct_empleados":18,"pct_cuentapropia":65,"pct_agricultura":18,"pct_comercio":24,"pct_manufactura":0,"pct_construccion":6,"pct_transporte":12,"pct_alojamiento":6,"pct_sin_educacion":7,"pct_educ_superior":57,"brecha_educ":-22,"pct_sin_seguro":3,"pct_sus":70,"pct_seguro_privado":0,"brecha_seguro":6,"pct_salud_publica":21,"pct_med_tradicional":11,"pct_automedicacion":20,"pct_remedios_caseros":26,"pct_viv_desocupada":9,"pct_alquiler":35,"pct_electricidad":95,"pct_sin_electricidad":5,"pct_agua_red":100,"pct_alcantarillado":90,"pct_camara_septica":0,"pct_pozo_ciego":0,"pct_sin_desague":10,"pct_gas_red":40,"pct_gas_garrafa":55,"pct_lena_guano":55,"pct_basura_formal":100,"pct_basura_quema":0,"pct_basura_informal":0,"pct_internet":85,"pct_celular":95,"pct_televisor":60}},{"type":"Feature","geometry":{"type":"Polygon","coordinates":[[[-66.58053,-18.43079],[-66.58002,-18.4307],[-66.57989,-18.43102],[-66.58026,-18.43117],[-66.58069,-18.43102],[-66.58053,-18.43079]]]},"properties":{"n":"LLALLAGUA","p":25,"personas_x_ha":90,"masculinidad":150,"pct_menor20":44,"pct_60mas":0,"pct_migrante":84,"dependencia_econ":150,"pct_empleados":20,"pct_cuentapropia":60,"pct_agricultura":40,"pct_comercio":10,"pct_manufactura":0,"pct_construccion":20,"pct_transporte":0,"pct_alojamiento":0,"pct_sin_educacion":0,"pct_educ_superior":33,"brecha_educ":-30,"pct_sin_seguro":4,"pct_sus":72,"pct_seguro_privado":0,"brecha_seguro":-10,"pct_salud_publica":36,"pct_med_tradicional":0,"pct_automedicacion":15,"pct_remedios_caseros":42,"pct_viv_desocupada":0,"pct_alquiler":10,"pct_electricidad":90,"pct_sin_electricidad":0,"pct_agua_red":0,"pct_alcantarillado":10,"pct_camara_septica":0,"pct_pozo_ciego":0,"pct_sin_desague":90,"pct_gas_red":0,"pct_gas_garrafa":90,"pct_lena_guano":90,"pct_basura_formal":10,"pct_basura_quema":90,"pct_basura_informal":0,"pct_internet":90,"pct_celular":90,"pct_televisor":50}},{"type":"Feature","geometry":{"type":"Polygon","coordinates":[[[-66.57681,-18.42382],[-66.57661,-18.42431],[-66.57667,-18.42451],[-66.57709,-18.42443],[-66.57706,-18.42383],[-66.57681,-18.42382]]]},"properties":{"n":"LLALLAGUA","p":30,"personas_x_ha":103,"masculinidad":67,"pct_menor20":37,"pct_60mas":10,"pct_migrante":57,"dependencia_econ":88,"pct_empleados":31,"pct_cuentapropia":69,"pct_agricultura":0,"pct_comercio":25,"pct_manufactura":6,"pct_construccion":6,"pct_transporte":19,"pct_alojamiento":25,"pct_sin_educacion":5,"pct_educ_superior":45,"brecha_educ":-12,"pct_sin_seguro":10,"pct_sus":77,"pct_seguro_privado":0,"brecha_seguro":25,"pct_salud_publica":29,"pct_med_tradicional":15,"pct_automedicacion":19,"pct_remedios_caseros":28,"pct_viv_desocupada":0,"pct_alquiler":36,"pct_electricidad":91,"pct_sin_electricidad":0,"pct_agua_red":64,"pct_alcantarillado":73,"pct_camara_septica":0,"pct_pozo_ciego":0,"pct_sin_desague":27,"pct_gas_red":0,"pct_gas_garrafa":100,"pct_lena_guano":100,"pct_basura_formal":82,"pct_basura_quema":18,"pct_basura_informal":0,"pct_internet":55,"pct_celular":64,"pct_televisor":64}},{"type":"Feature","geometry":{"type":"Polygon","coordinates":[[[-66.58546,-18.4184],[-66.58541,-18.41828],[-66.58416,-18.41835],[-66.58399,-18.41852],[-66.58408,-18.41868],[-66.58458,-18.41871],[-66.58546,-18.4184]]]},"properties":{"n":"LLALLAGUA","p":17,"personas_x_ha":36,"masculinidad":183,"pct_menor20":35,"pct_60mas":0,"pct_migrante":24,"dependencia_econ":183,"pct_empleados":17,"pct_cuentapropia":67,"pct_agricultura":0,"pct_comercio":17,"pct_manufactura":0,"pct_construccion":0,"pct_transporte":50,"pct_alojamiento":0,"pct_sin_educacion":0,"pct_educ_superior":75,"brecha_educ":0,"pct_sin_seguro":18,"pct_sus":71,"pct_seguro_privado":0,"brecha_seguro":27,"pct_salud_publica":64,"pct_med_tradicional":5,"pct_automedicacion":18,"pct_remedios_caseros":5,"pct_viv_desocupada":0,"pct_alquiler":29,"pct_electricidad":100,"pct_sin_electricidad":0,"pct_agua_red":100,"pct_alcantarillado":100,"pct_camara_septica":0,"pct_pozo_ciego":0,"pct_sin_desague":0,"pct_gas_red":0,"pct_gas_garrafa":100,"pct_lena_guano":100,"pct_basura_formal":100,"pct_basura_quema":0,"pct_basura_informal":0,"pct_internet":86,"pct_celular":100,"pct_televisor":100}},{"type":"Feature","geometry":{"type":"Polygon","coordinates":[[[-66.58719,-18.42494],[-66.58675,-18.4247],[-66.58577,-18.42581],[-66.58635,-18.42618],[-66.58719,-18.42494]]]},"properties":{"n":"LLALLAGUA","p":214,"personas_x_ha":205,"masculinidad":78,"pct_menor20":33,"pct_60mas":9,"pct_migrante":46,"dependencia_econ":138,"pct_empleados":38,"pct_cuentapropia":52,"pct_agricultura":3,"pct_comercio":20,"pct_manufactura":9,"pct_construccion":4,"pct_transporte":10,"pct_alojamiento":6,"pct_sin_educacion":5,"pct_educ_superior":68,"brecha_educ":-15,"pct_sin_seguro":13,"pct_sus":64,"pct_seguro_privado":2,"brecha_seguro":3,"pct_salud_publica":20,"pct_med_tradicional":12,"pct_automedicacion":18,"pct_remedios_caseros":26,"pct_viv_desocupada":2,"pct_alquiler":43,"pct_electricidad":100,"pct_sin_electricidad":0,"pct_agua_red":99,"pct_alcantarillado":100,"pct_camara_septica":0,"pct_pozo_ciego":0,"pct_sin_desague":0,"pct_gas_red":18,"pct_gas_garrafa":81,"pct_lena_guano":81,"pct_basura_formal":100,"pct_basura_quema":0,"pct_basura_informal":0,"pct_internet":94,"pct_celular":98,"pct_televisor":73}},{"type":"Feature","geometry":{"type":"Polygon","coordinates":[[[-66.57855,-18.4291],[-66.57865,-18.42923],[-66.57986,-18.4285],[-66.57967,-18.42826],[-66.57855,-18.4291]]]},"properties":{"n":"LLALLAGUA","p":68,"personas_x_ha":177,"masculinidad":58,"pct_menor20":35,"pct_60mas":10,"pct_migrante":24,"dependencia_econ":112,"pct_empleados":25,"pct_cuentapropia":59,"pct_agricultura":6,"pct_comercio":25,"pct_manufactura":16,"pct_construccion":0,"pct_transporte":9,"pct_alojamiento":6,"pct_sin_educacion":16,"pct_educ_superior":62,"brecha_educ":-33,"pct_sin_seguro":18,"pct_sus":49,"pct_seguro_privado":0,"brecha_seguro":-3,"pct_salud_publica":32,"pct_med_tradicional":7,"pct_automedicacion":8,"pct_remedios_caseros":17,"pct_viv_desocupada":7,"pct_alquiler":4,"pct_electricidad":100,"pct_sin_electricidad":0,"pct_agua_red":100,"pct_alcantarillado":92,"pct_camara_septica":4,"pct_pozo_ciego":0,"pct_sin_desague":4,"pct_gas_red":60,"pct_gas_garrafa":40,"pct_lena_guano":40,"pct_basura_formal":100,"pct_basura_quema":0,"pct_basura_informal":0,"pct_internet":76,"pct_celular":80,"pct_televisor":72}},{"type":"Feature","geometry":{"type":"Polygon","coordinates":[[[-66.58265,-18.42766],[-66.58229,-18.42734],[-66.58215,-18.42752],[-66.58229,-18.42734],[-66.58213,-18.42721],[-66.58187,-18.42758],[-66.58179,-18.42795],[-66.58233,-18.42815],[-66.58265,-18.42766]]]},"properties":{"n":"LLALLAGUA","p":80,"personas_x_ha":148,"masculinidad":86,"pct_menor20":45,"pct_60mas":14,"pct_migrante":40,"dependencia_econ":259,"pct_empleados":36,"pct_cuentapropia":36,"pct_agricultura":5,"pct_comercio":23,"pct_manufactura":5,"pct_construccion":5,"pct_transporte":5,"pct_alojamiento":18,"pct_sin_educacion":20,"pct_educ_superior":47,"brecha_educ":-13,"pct_sin_seguro":19,"pct_sus":69,"pct_seguro_privado":0,"brecha_seguro":-4,"pct_salud_publica":20,"pct_med_tradicional":17,"pct_automedicacion":22,"pct_remedios_caseros":22,"pct_viv_desocupada":14,"pct_alquiler":9,"pct_electricidad":100,"pct_sin_electricidad":0,"pct_agua_red":96,"pct_alcantarillado":100,"pct_camara_septica":0,"pct_pozo_ciego":0,"pct_sin_desague":0,"pct_gas_red":52,"pct_gas_garrafa":48,"pct_lena_guano":48,"pct_basura_formal":100,"pct_basura_quema":0,"pct_basura_informal":0,"pct_internet":87,"pct_celular":91,"pct_televisor":96}},{"type":"Feature","geometry":{"type":"Polygon","coordinates":[[[-66.5815,-18.42845],[-66.58178,-18.42756],[-66.58204,-18.42716],[-66.58179,-18.42695],[-66.5814,-18.42738],[-66.58143,-18.42776],[-66.58134,-18.42848],[-66.58141,-18.42853],[-66.5815,-18.42845]]]},"properties":{"n":"LLALLAGUA","p":90,"personas_x_ha":165,"masculinidad":84,"pct_menor20":33,"pct_60mas":6,"pct_migrante":28,"dependencia_econ":96,"pct_empleados":46,"pct_cuentapropia":46,"pct_agricultura":7,"pct_comercio":15,"pct_manufactura":4,"pct_construccion":20,"pct_transporte":11,"pct_alojamiento":13,"pct_sin_educacion":3,"pct_educ_superior":64,"brecha_educ":-14,"pct_sin_seguro":16,"pct_sus":60,"pct_seguro_privado":0,"brecha_seguro":7,"pct_salud_publica":18,"pct_med_tradicional":14,"pct_automedicacion":21,"pct_remedios_caseros":24,"pct_viv_desocupada":18,"pct_alquiler":19,"pct_electricidad":100,"pct_sin_electricidad":0,"pct_agua_red":96,"pct_alcantarillado":100,"pct_camara_septica":0,"pct_pozo_ciego":0,"pct_sin_desague":0,"pct_gas_red":59,"pct_gas_garrafa":41,"pct_lena_guano":41,"pct_basura_formal":100,"pct_basura_quema":0,"pct_basura_informal":0,"pct_internet":96,"pct_celular":96,"pct_televisor":89}},{"type":"Feature","geometry":{"type":"Polygon","coordinates":[[[-66.5814,-18.42141],[-66.58161,-18.42086],[-66.58167,-18.42089],[-66.58133,-18.4218],[-66.5818,-18.42184],[-66.58211,-18.42107],[-66.58216,-18.42109],[-66.58192,-18.42184],[-66.58235,-18.42186],[-66.58298,-18.42045],[-66.58238,-18.41995],[-66.58221,-18.41996],[-66.5808,-18.42118],[-66.5814,-18.42141]]]},"properties":{"n":"LLALLAGUA","p":140,"personas_x_ha":53,"masculinidad":84,"pct_menor20":39,"pct_60mas":12,"pct_migrante":40,"dependencia_econ":141,"pct_empleados":22,"pct_cuentapropia":45,"pct_agricultura":7,"pct_comercio":31,"pct_manufactura":7,"pct_construccion":2,"pct_transporte":16,"pct_alojamiento":3,"pct_sin_educacion":3,"pct_educ_superior":59,"brecha_educ":-22,"pct_sin_seguro":12,"pct_sus":74,"pct_seguro_privado":4,"brecha_seguro":6,"pct_salud_publica":21,"pct_med_tradicional":11,"pct_automedicacion":22,"pct_remedios_caseros":28,"pct_viv_desocupada":6,"pct_alquiler":19,"pct_electricidad":100,"pct_sin_electricidad":0,"pct_agua_red":94,"pct_alcantarillado":94,"pct_camara_septica":4,"pct_pozo_ciego":0,"pct_sin_desague":0,"pct_gas_red":28,"pct_gas_garrafa":68,"pct_lena_guano":68,"pct_basura_formal":100,"pct_basura_quema":0,"pct_basura_informal":0,"pct_internet":79,"pct_celular":94,"pct_televisor":83}},{"type":"Feature","geometry":{"type":"Polygon","coordinates":[[[-66.58269,-18.42759],[-66.58329,-18.42723],[-66.58308,-18.42676],[-66.58283,-18.42645],[-66.58255,-18.42667],[-66.58217,-18.42714],[-66.58269,-18.42759]]]},"properties":{"n":"LLALLAGUA","p":87,"personas_x_ha":105,"masculinidad":64,"pct_menor20":36,"pct_60mas":7,"pct_migrante":32,"dependencia_econ":129,"pct_empleados":32,"pct_cuentapropia":47,"pct_agricultura":5,"pct_comercio":42,"pct_manufactura":5,"pct_construccion":0,"pct_transporte":3,"pct_alojamiento":8,"pct_sin_educacion":12,"pct_educ_superior":44,"brecha_educ":-2,"pct_sin_seguro":11,"pct_sus":64,"pct_seguro_privado":0,"brecha_seguro":5,"pct_salud_publica":22,"pct_med_tradicional":15,"pct_automedicacion":18,"pct_remedios_caseros":23,"pct_viv_desocupada":0,"pct_alquiler":30,"pct_electricidad":100,"pct_sin_electricidad":0,"pct_agua_red":100,"pct_alcantarillado":89,"pct_camara_septica":0,"pct_pozo_ciego":0,"pct_sin_desague":11,"pct_gas_red":33,"pct_gas_garrafa":67,"pct_lena_guano":67,"pct_basura_formal":100,"pct_basura_quema":0,"pct_basura_informal":0,"pct_internet":81,"pct_celular":93,"pct_televisor":85}},{"type":"Feature","geometry":{"type":"Polygon","coordinates":[[[-66.57857,-18.42686],[-66.57794,-18.42731],[-66.57718,-18.42675],[-66.57709,-18.42713],[-66.57793,-18.42777],[-66.57879,-18.42714],[-66.57857,-18.42686]]]},"properties":{"n":"LLALLAGUA","p":112,"personas_x_ha":133,"masculinidad":107,"pct_menor20":34,"pct_60mas":17,"pct_migrante":45,"dependencia_econ":111,"pct_empleados":38,"pct_cuentapropia":43,"pct_agricultura":4,"pct_comercio":21,"pct_manufactura":11,"pct_construccion":6,"pct_transporte":17,"pct_alojamiento":13,"pct_sin_educacion":6,"pct_educ_superior":51,"brecha_educ":2,"pct_sin_seguro":13,"pct_sus":64,"pct_seguro_privado":0,"brecha_seguro":1,"pct_salud_publica":19,"pct_med_tradicional":14,"pct_automedicacion":23,"pct_remedios_caseros":24,"pct_viv_desocupada":0,"pct_alquiler":29,"pct_electricidad":100,"pct_sin_electricidad":0,"pct_agua_red":98,"pct_alcantarillado":98,"pct_camara_septica":0,"pct_pozo_ciego":2,"pct_sin_desague":0,"pct_gas_red":41,"pct_gas_garrafa":59,"pct_lena_guano":59,"pct_basura_formal":100,"pct_basura_quema":0,"pct_basura_informal":0,"pct_internet":86,"pct_celular":96,"pct_televisor":88}},{"type":"Feature","geometry":{"type":"Polygon","coordinates":[[[-66.58048,-18.42698],[-66.58105,-18.42634],[-66.58056,-18.42591],[-66.58038,-18.42578],[-66.57951,-18.42617],[-66.57968,-18.42638],[-66.58048,-18.42698]]]},"properties":{"n":"LLALLAGUA","p":102,"personas_x_ha":91,"masculinidad":96,"pct_menor20":34,"pct_60mas":6,"pct_migrante":38,"dependencia_econ":112,"pct_empleados":38,"pct_cuentapropia":50,"pct_agricultura":8,"pct_comercio":31,"pct_manufactura":2,"pct_construccion":8,"pct_transporte":8,"pct_alojamiento":4,"pct_sin_educacion":1,"pct_educ_superior":62,"brecha_educ":-18,"pct_sin_seguro":23,"pct_sus":71,"pct_seguro_privado":0,"brecha_seguro":11,"pct_salud_publica":27,"pct_med_tradicional":6,"pct_automedicacion":21,"pct_remedios_caseros":24,"pct_viv_desocupada":0,"pct_alquiler":19,"pct_electricidad":100,"pct_sin_electricidad":0,"pct_agua_red":95,"pct_alcantarillado":95,"pct_camara_septica":0,"pct_pozo_ciego":0,"pct_sin_desague":5,"pct_gas_red":74,"pct_gas_garrafa":26,"pct_lena_guano":26,"pct_basura_formal":100,"pct_basura_quema":0,"pct_basura_informal":0,"pct_internet":93,"pct_celular":98,"pct_televisor":79}},{"type":"Feature","geometry":{"type":"Polygon","coordinates":[[[-66.56916,-18.42764],[-66.56932,-18.42722],[-66.56849,-18.4269],[-66.56832,-18.42732],[-66.56916,-18.42764]]]},"properties":{"n":"LLALLAGUA","p":43,"personas_x_ha":88,"masculinidad":65,"pct_menor20":30,"pct_60mas":5,"pct_migrante":37,"dependencia_econ":65,"pct_empleados":19,"pct_cuentapropia":62,"pct_agricultura":23,"pct_comercio":31,"pct_manufactura":12,"pct_construccion":12,"pct_transporte":0,"pct_alojamiento":0,"pct_sin_educacion":27,"pct_educ_superior":43,"brecha_educ":-11,"pct_sin_seguro":12,"pct_sus":33,"pct_seguro_privado":2,"brecha_seguro":0,"pct_salud_publica":17,"pct_med_tradicional":17,"pct_automedicacion":14,"pct_remedios_caseros":23,"pct_viv_desocupada":4,"pct_alquiler":22,"pct_electricidad":87,"pct_sin_electricidad":13,"pct_agua_red":91,"pct_alcantarillado":91,"pct_camara_septica":0,"pct_pozo_ciego":0,"pct_sin_desague":9,"pct_gas_red":57,"pct_gas_garrafa":35,"pct_lena_guano":35,"pct_basura_formal":100,"pct_basura_quema":0,"pct_basura_informal":0,"pct_internet":70,"pct_celular":87,"pct_televisor":65}},{"type":"Feature","geometry":{"type":"Polygon","coordinates":[[[-66.58987,-18.42602],[-66.59004,-18.42583],[-66.58946,-18.42496],[-66.5891,-18.42473],[-66.58864,-18.42519],[-66.58987,-18.42602]]]},"properties":{"n":"LLALLAGUA","p":126,"personas_x_ha":145,"masculinidad":94,"pct_menor20":34,"pct_60mas":12,"pct_migrante":29,"dependencia_econ":107,"pct_empleados":28,"pct_cuentapropia":38,"pct_agricultura":7,"pct_comercio":21,"pct_manufactura":8,"pct_construccion":3,"pct_transporte":5,"pct_alojamiento":11,"pct_sin_educacion":2,"pct_educ_superior":55,"brecha_educ":-5,"pct_sin_seguro":5,"pct_sus":47,"pct_seguro_privado":0,"brecha_seguro":4,"pct_salud_publica":20,"pct_med_tradicional":7,"pct_automedicacion":20,"pct_remedios_caseros":21,"pct_viv_desocupada":4,"pct_alquiler":22,"pct_electricidad":98,"pct_sin_electricidad":0,"pct_agua_red":91,"pct_alcantarillado":98,"pct_camara_septica":2,"pct_pozo_ciego":0,"pct_sin_desague":0,"pct_gas_red":27,"pct_gas_garrafa":67,"pct_lena_guano":67,"pct_basura_formal":100,"pct_basura_quema":0,"pct_basura_informal":0,"pct_internet":96,"pct_celular":98,"pct_televisor":84}},{"type":"Feature","geometry":{"type":"Polygon","coordinates":[[[-66.57274,-18.42704],[-66.57321,-18.42681],[-66.57329,-18.42674],[-66.57328,-18.4266],[-66.57276,-18.42667],[-66.57282,-18.42685],[-66.57269,-18.42692],[-66.57274,-18.42704]]]},"properties":{"n":"LLALLAGUA","p":20,"personas_x_ha":112,"masculinidad":67,"pct_menor20":40,"pct_60mas":0,"pct_migrante":45,"dependencia_econ":82,"pct_empleados":18,"pct_cuentapropia":64,"pct_agricultura":9,"pct_comercio":36,"pct_manufactura":0,"pct_construccion":0,"pct_transporte":9,"pct_alojamiento":27,"pct_sin_educacion":8,"pct_educ_superior":33,"brecha_educ":-3,"pct_sin_seguro":30,"pct_sus":70,"pct_seguro_privado":0,"brecha_seguro":12,"pct_salud_publica":18,"pct_med_tradicional":14,"pct_automedicacion":22,"pct_remedios_caseros":27,"pct_viv_desocupada":0,"pct_alquiler":17,"pct_electricidad":100,"pct_sin_electricidad":0,"pct_agua_red":100,"pct_alcantarillado":50,"pct_camara_septica":17,"pct_pozo_ciego":17,"pct_sin_desague":0,"pct_gas_red":83,"pct_gas_garrafa":17,"pct_lena_guano":17,"pct_basura_formal":100,"pct_basura_quema":0,"pct_basura_informal":0,"pct_internet":100,"pct_celular":100,"pct_televisor":83}},{"type":"Feature","geometry":{"type":"Polygon","coordinates":[[[-66.56853,-18.42679],[-66.56936,-18.42711],[-66.56953,-18.42672],[-66.56871,-18.42638],[-66.56853,-18.42679]]]},"properties":{"n":"LLALLAGUA","p":41,"personas_x_ha":85,"masculinidad":116,"pct_menor20":51,"pct_60mas":5,"pct_migrante":29,"dependencia_econ":116,"pct_empleados":16,"pct_cuentapropia":53,"pct_agricultura":21,"pct_comercio":11,"pct_manufactura":16,"pct_construccion":16,"pct_transporte":5,"pct_alojamiento":21,"pct_sin_educacion":0,"pct_educ_superior":48,"brecha_educ":-18,"pct_sin_seguro":12,"pct_sus":83,"pct_seguro_privado":0,"brecha_seguro":3,"pct_salud_publica":20,"pct_med_tradicional":13,"pct_automedicacion":25,"pct_remedios_caseros":21,"pct_viv_desocupada":0,"pct_alquiler":17,"pct_electricidad":100,"pct_sin_electricidad":0,"pct_agua_red":100,"pct_alcantarillado":100,"pct_camara_septica":0,"pct_pozo_ciego":0,"pct_sin_desague":0,"pct_gas_red":50,"pct_gas_garrafa":50,"pct_lena_guano":50,"pct_basura_formal":100,"pct_basura_quema":0,"pct_basura_informal":0,"pct_internet":83,"pct_celular":100,"pct_televisor":83}},{"type":"Feature","geometry":{"type":"Polygon","coordinates":[[[-66.58801,-18.42484],[-66.58779,-18.42459],[-66.58732,-18.42495],[-66.58767,-18.42514],[-66.58801,-18.42484]]]},"properties":{"n":"LLALLAGUA","p":66,"personas_x_ha":293,"masculinidad":78,"pct_menor20":33,"pct_60mas":18,"pct_migrante":52,"dependencia_econ":128,"pct_empleados":48,"pct_cuentapropia":38,"pct_agricultura":3,"pct_comercio":24,"pct_manufactura":3,"pct_construccion":0,"pct_transporte":7,"pct_alojamiento":21,"pct_sin_educacion":9,"pct_educ_superior":61,"brecha_educ":-20,"pct_sin_seguro":11,"pct_sus":53,"pct_seguro_privado":0,"brecha_seguro":0,"pct_salud_publica":23,"pct_med_tradicional":8,"pct_automedicacion":25,"pct_remedios_caseros":23,"pct_viv_desocupada":0,"pct_alquiler":28,"pct_electricidad":92,"pct_sin_electricidad":0,"pct_agua_red":100,"pct_alcantarillado":100,"pct_camara_septica":0,"pct_pozo_ciego":0,"pct_sin_desague":0,"pct_gas_red":52,"pct_gas_garrafa":48,"pct_lena_guano":48,"pct_basura_formal":100,"pct_basura_quema":0,"pct_basura_informal":0,"pct_internet":80,"pct_celular":84,"pct_televisor":80}},{"type":"Feature","geometry":{"type":"Polygon","coordinates":[[[-66.58286,-18.42587],[-66.58207,-18.42472],[-66.58132,-18.42518],[-66.58261,-18.42603],[-66.58286,-18.42587]]]},"properties":{"n":"LLALLAGUA","p":145,"personas_x_ha":148,"masculinidad":99,"pct_menor20":34,"pct_60mas":8,"pct_migrante":48,"dependencia_econ":116,"pct_empleados":45,"pct_cuentapropia":42,"pct_agricultura":6,"pct_comercio":27,"pct_manufactura":6,"pct_construccion":4,"pct_transporte":4,"pct_alojamiento":3,"pct_sin_educacion":2,"pct_educ_superior":70,"brecha_educ":-7,"pct_sin_seguro":15,"pct_sus":61,"pct_seguro_privado":0,"brecha_seguro":3,"pct_salud_publica":21,"pct_med_tradicional":7,"pct_automedicacion":25,"pct_remedios_caseros":25,"pct_viv_desocupada":4,"pct_alquiler":42,"pct_electricidad":100,"pct_sin_electricidad":0,"pct_agua_red":98,"pct_alcantarillado":100,"pct_camara_septica":0,"pct_pozo_ciego":0,"pct_sin_desague":0,"pct_gas_red":55,"pct_gas_garrafa":44,"pct_lena_guano":44,"pct_basura_formal":100,"pct_basura_quema":0,"pct_basura_informal":0,"pct_internet":92,"pct_celular":98,"pct_televisor":74}},{"type":"Feature","geometry":{"type":"Polygon","coordinates":[[[-66.58776,-18.42455],[-66.58732,-18.42413],[-66.58682,-18.42464],[-66.58728,-18.42489],[-66.58776,-18.42455]]]},"properties":{"n":"LLALLAGUA","p":80,"personas_x_ha":185,"masculinidad":70,"pct_menor20":34,"pct_60mas":12,"pct_migrante":38,"dependencia_econ":119,"pct_empleados":33,"pct_cuentapropia":42,"pct_agricultura":0,"pct_comercio":17,"pct_manufactura":11,"pct_construccion":3,"pct_transporte":3,"pct_alojamiento":28,"pct_sin_educacion":2,"pct_educ_superior":60,"brecha_educ":-19,"pct_sin_seguro":8,"pct_sus":62,"pct_seguro_privado":0,"brecha_seguro":3,"pct_salud_publica":27,"pct_med_tradicional":3,"pct_automedicacion":20,"pct_remedios_caseros":22,"pct_viv_desocupada":6,"pct_alquiler":50,"pct_electricidad":100,"pct_sin_electricidad":0,"pct_agua_red":86,"pct_alcantarillado":100,"pct_camara_septica":0,"pct_pozo_ciego":0,"pct_sin_desague":0,"pct_gas_red":29,"pct_gas_garrafa":71,"pct_lena_guano":71,"pct_basura_formal":100,"pct_basura_quema":0,"pct_basura_informal":0,"pct_internet":68,"pct_celular":82,"pct_televisor":68}},{"type":"Feature","geometry":{"type":"Polygon","coordinates":[[[-66.57768,-18.426],[-66.57759,-18.42539],[-66.57705,-18.4254],[-66.57706,-18.42575],[-66.57743,-18.42578],[-66.57756,-18.42604],[-66.57768,-18.426]]]},"properties":{"n":"LLALLAGUA","p":17,"personas_x_ha":57,"masculinidad":70,"pct_menor20":18,"pct_60mas":18,"pct_migrante":59,"dependencia_econ":89,"pct_empleados":44,"pct_cuentapropia":44,"pct_agricultura":0,"pct_comercio":22,"pct_manufactura":11,"pct_construccion":11,"pct_transporte":0,"pct_alojamiento":0,"pct_sin_educacion":7,"pct_educ_superior":79,"brecha_educ":-25,"pct_sin_seguro":12,"pct_sus":47,"pct_seguro_privado":6,"brecha_seguro":29,"pct_salud_publica":15,"pct_med_tradicional":21,"pct_automedicacion":21,"pct_remedios_caseros":26,"pct_viv_desocupada":0,"pct_alquiler":38,"pct_electricidad":100,"pct_sin_electricidad":0,"pct_agua_red":100,"pct_alcantarillado":100,"pct_camara_septica":0,"pct_pozo_ciego":0,"pct_sin_desague":0,"pct_gas_red":50,"pct_gas_garrafa":50,"pct_lena_guano":50,"pct_basura_formal":100,"pct_basura_quema":0,"pct_basura_informal":0,"pct_internet":88,"pct_celular":100,"pct_televisor":75}},{"type":"Feature","geometry":{"type":"Polygon","coordinates":[[[-66.58837,-18.42415],[-66.58827,-18.42418],[-66.58891,-18.42489],[-66.58907,-18.42468],[-66.58837,-18.42415]]]},"properties":{"n":"LLALLAGUA","p":52,"personas_x_ha":246,"masculinidad":160,"pct_menor20":31,"pct_60mas":8,"pct_migrante":58,"dependencia_econ":89,"pct_empleados":52,"pct_cuentapropia":15,"pct_agricultura":0,"pct_comercio":11,"pct_manufactura":4,"pct_construccion":15,"pct_transporte":0,"pct_alojamiento":15,"pct_sin_educacion":0,"pct_educ_superior":70,"brecha_educ":-13,"pct_sin_seguro":14,"pct_sus":40,"pct_seguro_privado":0,"brecha_seguro":-2,"pct_salud_publica":18,"pct_med_tradicional":9,"pct_automedicacion":23,"pct_remedios_caseros":19,"pct_viv_desocupada":0,"pct_alquiler":55,"pct_electricidad":100,"pct_sin_electricidad":0,"pct_agua_red":95,"pct_alcantarillado":100,"pct_camara_septica":0,"pct_pozo_ciego":0,"pct_sin_desague":0,"pct_gas_red":18,"pct_gas_garrafa":82,"pct_lena_guano":82,"pct_basura_formal":100,"pct_basura_quema":0,"pct_basura_informal":0,"pct_internet":82,"pct_celular":82,"pct_televisor":73}},{"type":"Feature","geometry":{"type":"Polygon","coordinates":[[[-66.57445,-18.42555],[-66.57451,-18.4259],[-66.57561,-18.42577],[-66.57555,-18.42539],[-66.57445,-18.42555]]]},"properties":{"n":"LLALLAGUA","p":37,"personas_x_ha":79,"masculinidad":95,"pct_menor20":38,"pct_60mas":5,"pct_migrante":32,"dependencia_econ":76,"pct_empleados":19,"pct_cuentapropia":52,"pct_agricultura":38,"pct_comercio":5,"pct_manufactura":5,"pct_construccion":0,"pct_transporte":5,"pct_alojamiento":10,"pct_sin_educacion":0,"pct_educ_superior":61,"brecha_educ":8,"pct_sin_seguro":11,"pct_sus":84,"pct_seguro_privado":0,"brecha_seguro":11,"pct_salud_publica":27,"pct_med_tradicional":14,"pct_automedicacion":19,"pct_remedios_caseros":18,"pct_viv_desocupada":0,"pct_alquiler":31,"pct_electricidad":100,"pct_sin_electricidad":0,"pct_agua_red":100,"pct_alcantarillado":88,"pct_camara_septica":6,"pct_pozo_ciego":0,"pct_sin_desague":6,"pct_gas_red":56,"pct_gas_garrafa":44,"pct_lena_guano":44,"pct_basura_formal":94,"pct_basura_quema":0,"pct_basura_informal":0,"pct_internet":100,"pct_celular":100,"pct_televisor":88}},{"type":"Feature","geometry":{"type":"Polygon","coordinates":[[[-66.57121,-18.42587],[-66.57133,-18.42622],[-66.57226,-18.42591],[-66.57208,-18.42558],[-66.57121,-18.42587]]]},"properties":{"n":"LLALLAGUA","p":42,"personas_x_ha":95,"masculinidad":91,"pct_menor20":55,"pct_60mas":2,"pct_migrante":52,"dependencia_econ":147,"pct_empleados":12,"pct_cuentapropia":53,"pct_agricultura":24,"pct_comercio":12,"pct_manufactura":12,"pct_construccion":12,"pct_transporte":6,"pct_alojamiento":0,"pct_sin_educacion":0,"pct_educ_superior":38,"brecha_educ":-7,"pct_sin_seguro":22,"pct_sus":42,"pct_seguro_privado":0,"brecha_seguro":-3,"pct_salud_publica":13,"pct_med_tradicional":19,"pct_automedicacion":16,"pct_remedios_caseros":26,"pct_viv_desocupada":0,"pct_alquiler":12,"pct_electricidad":100,"pct_sin_electricidad":0,"pct_agua_red":94,"pct_alcantarillado":94,"pct_camara_septica":0,"pct_pozo_ciego":0,"pct_sin_desague":6,"pct_gas_red":41,"pct_gas_garrafa":53,"pct_lena_guano":53,"pct_basura_formal":100,"pct_basura_quema":0,"pct_basura_informal":0,"pct_internet":88,"pct_celular":94,"pct_televisor":88}},{"type":"Feature","geometry":{"type":"Polygon","coordinates":[[[-66.56512,-18.4265],[-66.56579,-18.42596],[-66.56551,-18.42562],[-66.56481,-18.42617],[-66.56512,-18.4265]]]},"properties":{"n":"LLALLAGUA","p":37,"personas_x_ha":78,"masculinidad":68,"pct_menor20":49,"pct_60mas":8,"pct_migrante":35,"dependencia_econ":185,"pct_empleados":8,"pct_cuentapropia":69,"pct_agricultura":8,"pct_comercio":15,"pct_manufactura":15,"pct_construccion":31,"pct_transporte":0,"pct_alojamiento":15,"pct_sin_educacion":5,"pct_educ_superior":21,"brecha_educ":-8,"pct_sin_seguro":3,"pct_sus":89,"pct_seguro_privado":0,"brecha_seguro":7,"pct_salud_publica":30,"pct_med_tradicional":5,"pct_automedicacion":30,"pct_remedios_caseros":28,"pct_viv_desocupada":0,"pct_alquiler":5,"pct_electricidad":84,"pct_sin_electricidad":16,"pct_agua_red":89,"pct_alcantarillado":0,"pct_camara_septica":0,"pct_pozo_ciego":0,"pct_sin_desague":100,"pct_gas_red":11,"pct_gas_garrafa":84,"pct_lena_guano":84,"pct_basura_formal":95,"pct_basura_quema":0,"pct_basura_informal":0,"pct_internet":84,"pct_celular":89,"pct_televisor":63}},{"type":"Feature","geometry":{"type":"Polygon","coordinates":[[[-66.58841,-18.42412],[-66.58911,-18.42463],[-66.58922,-18.42451],[-66.58895,-18.42436],[-66.58923,-18.4245],[-66.58941,-18.42427],[-66.58898,-18.42377],[-66.58841,-18.42412]]]},"properties":{"n":"LLALLAGUA","p":93,"personas_x_ha":188,"masculinidad":66,"pct_menor20":31,"pct_60mas":13,"pct_migrante":42,"dependencia_econ":82,"pct_empleados":41,"pct_cuentapropia":49,"pct_agricultura":8,"pct_comercio":24,"pct_manufactura":6,"pct_construccion":8,"pct_transporte":4,"pct_alojamiento":8,"pct_sin_educacion":1,"pct_educ_superior":63,"brecha_educ":4,"pct_sin_seguro":16,"pct_sus":55,"pct_seguro_privado":0,"brecha_seguro":-5,"pct_salud_publica":20,"pct_med_tradicional":4,"pct_automedicacion":24,"pct_remedios_caseros":25,"pct_viv_desocupada":2,"pct_alquiler":41,"pct_electricidad":100,"pct_sin_electricidad":0,"pct_agua_red":98,"pct_alcantarillado":100,"pct_camara_septica":0,"pct_pozo_ciego":0,"pct_sin_desague":0,"pct_gas_red":41,"pct_gas_garrafa":56,"pct_lena_guano":56,"pct_basura_formal":100,"pct_basura_quema":0,"pct_basura_informal":0,"pct_internet":90,"pct_celular":98,"pct_televisor":73}},{"type":"Feature","geometry":{"type":"Polygon","coordinates":[[[-66.57754,-18.42498],[-66.57699,-18.42497],[-66.57702,-18.42532],[-66.57757,-18.42532],[-66.57754,-18.42498]]]},"properties":{"n":"LLALLAGUA","p":29,"personas_x_ha":123,"masculinidad":81,"pct_menor20":52,"pct_60mas":0,"pct_migrante":52,"dependencia_econ":123,"pct_empleados":46,"pct_cuentapropia":54,"pct_agricultura":0,"pct_comercio":23,"pct_manufactura":15,"pct_construccion":0,"pct_transporte":15,"pct_alojamiento":0,"pct_sin_educacion":0,"pct_educ_superior":82,"brecha_educ":0,"pct_sin_seguro":7,"pct_sus":64,"pct_seguro_privado":0,"brecha_seguro":2,"pct_salud_publica":19,"pct_med_tradicional":2,"pct_automedicacion":12,"pct_remedios_caseros":44,"pct_viv_desocupada":21,"pct_alquiler":36,"pct_electricidad":100,"pct_sin_electricidad":0,"pct_agua_red":100,"pct_alcantarillado":100,"pct_camara_septica":0,"pct_pozo_ciego":0,"pct_sin_desague":0,"pct_gas_red":55,"pct_gas_garrafa":45,"pct_lena_guano":45,"pct_basura_formal":82,"pct_basura_quema":0,"pct_basura_informal":0,"pct_internet":91,"pct_celular":100,"pct_televisor":91}},{"type":"Feature","geometry":{"type":"Polygon","coordinates":[[[-66.56775,-18.42593],[-66.5686,-18.42623],[-66.56877,-18.42583],[-66.56792,-18.42551],[-66.56775,-18.42593]]]},"properties":{"n":"LLALLAGUA","p":54,"personas_x_ha":113,"masculinidad":64,"pct_menor20":35,"pct_60mas":11,"pct_migrante":26,"dependencia_econ":145,"pct_empleados":27,"pct_cuentapropia":59,"pct_agricultura":18,"pct_comercio":27,"pct_manufactura":0,"pct_construccion":9,"pct_transporte":0,"pct_alojamiento":18,"pct_sin_educacion":17,"pct_educ_superior":34,"brecha_educ":-33,"pct_sin_seguro":24,"pct_sus":69,"pct_seguro_privado":0,"brecha_seguro":7,"pct_salud_publica":18,"pct_med_tradicional":15,"pct_automedicacion":22,"pct_remedios_caseros":22,"pct_viv_desocupada":0,"pct_alquiler":14,"pct_electricidad":100,"pct_sin_electricidad":0,"pct_agua_red":100,"pct_alcantarillado":90,"pct_camara_septica":10,"pct_pozo_ciego":0,"pct_sin_desague":0,"pct_gas_red":71,"pct_gas_garrafa":24,"pct_lena_guano":24,"pct_basura_formal":100,"pct_basura_quema":0,"pct_basura_informal":0,"pct_internet":81,"pct_celular":90,"pct_televisor":57}},{"type":"Feature","geometry":{"type":"Polygon","coordinates":[[[-66.57565,-18.4253],[-66.57617,-18.42531],[-66.57691,-18.42512],[-66.57691,-18.42497],[-66.57562,-18.42495],[-66.57565,-18.4253]]]},"properties":{"n":"LLALLAGUA","p":59,"personas_x_ha":131,"masculinidad":79,"pct_menor20":46,"pct_60mas":7,"pct_migrante":56,"dependencia_econ":181,"pct_empleados":38,"pct_cuentapropia":52,"pct_agricultura":10,"pct_comercio":38,"pct_manufactura":5,"pct_construccion":5,"pct_transporte":10,"pct_alojamiento":10,"pct_sin_educacion":6,"pct_educ_superior":46,"brecha_educ":-5,"pct_sin_seguro":12,"pct_sus":64,"pct_seguro_privado":0,"brecha_seguro":-1,"pct_salud_publica":17,"pct_med_tradicional":6,"pct_automedicacion":26,"pct_remedios_caseros":25,"pct_viv_desocupada":0,"pct_alquiler":32,"pct_electricidad":100,"pct_sin_electricidad":0,"pct_agua_red":95,"pct_alcantarillado":100,"pct_camara_septica":0,"pct_pozo_ciego":0,"pct_sin_desague":0,"pct_gas_red":64,"pct_gas_garrafa":32,"pct_lena_guano":32,"pct_basura_formal":100,"pct_basura_quema":0,"pct_basura_informal":0,"pct_internet":91,"pct_celular":95,"pct_televisor":77}},{"type":"Feature","geometry":{"type":"Polygon","coordinates":[[[-66.5788,-18.42381],[-66.57812,-18.42346],[-66.57807,-18.42441],[-66.57836,-18.42456],[-66.5788,-18.42381]]]},"properties":{"n":"LLALLAGUA","p":20,"personas_x_ha":35,"masculinidad":122,"pct_menor20":35,"pct_60mas":15,"pct_migrante":40,"dependencia_econ":82,"pct_empleados":27,"pct_cuentapropia":55,"pct_agricultura":9,"pct_comercio":45,"pct_manufactura":9,"pct_construccion":9,"pct_transporte":0,"pct_alojamiento":9,"pct_sin_educacion":15,"pct_educ_superior":31,"brecha_educ":-5,"pct_sin_seguro":10,"pct_sus":55,"pct_seguro_privado":0,"brecha_seguro":-2,"pct_salud_publica":19,"pct_med_tradicional":22,"pct_automedicacion":8,"pct_remedios_caseros":24,"pct_viv_desocupada":8,"pct_alquiler":12,"pct_electricidad":100,"pct_sin_electricidad":0,"pct_agua_red":100,"pct_alcantarillado":100,"pct_camara_septica":0,"pct_pozo_ciego":0,"pct_sin_desague":0,"pct_gas_red":50,"pct_gas_garrafa":50,"pct_lena_guano":50,"pct_basura_formal":100,"pct_basura_quema":0,"pct_basura_informal":0,"pct_internet":75,"pct_celular":100,"pct_televisor":88}},{"type":"Feature","geometry":{"type":"Polygon","coordinates":[[[-66.56393,-18.42534],[-66.56363,-18.425],[-66.56335,-18.42522],[-66.56353,-18.42567],[-66.56393,-18.42534]]]},"properties":{"n":"LLALLAGUA","p":19,"personas_x_ha":83,"masculinidad":46,"pct_menor20":42,"pct_60mas":0,"pct_migrante":53,"dependencia_econ":171,"pct_empleados":0,"pct_cuentapropia":100,"pct_agricultura":57,"pct_comercio":29,"pct_manufactura":0,"pct_construccion":0,"pct_transporte":0,"pct_alojamiento":14,"pct_sin_educacion":0,"pct_educ_superior":55,"brecha_educ":-33,"pct_sin_seguro":5,"pct_sus":58,"pct_seguro_privado":0,"brecha_seguro":17,"pct_salud_publica":17,"pct_med_tradicional":23,"pct_automedicacion":12,"pct_remedios_caseros":23,"pct_viv_desocupada":0,"pct_alquiler":0,"pct_electricidad":67,"pct_sin_electricidad":33,"pct_agua_red":89,"pct_alcantarillado":0,"pct_camara_septica":0,"pct_pozo_ciego":11,"pct_sin_desague":89,"pct_gas_red":0,"pct_gas_garrafa":89,"pct_lena_guano":89,"pct_basura_formal":56,"pct_basura_quema":33,"pct_basura_informal":0,"pct_internet":89,"pct_celular":89,"pct_televisor":78}},{"type":"Feature","geometry":{"type":"Polygon","coordinates":[[[-66.57418,-18.42364],[-66.57422,-18.42399],[-66.5753,-18.42384],[-66.57525,-18.42349],[-66.57418,-18.42364]]]},"properties":{"n":"LLALLAGUA","p":48,"personas_x_ha":105,"masculinidad":71,"pct_menor20":29,"pct_60mas":12,"pct_migrante":58,"dependencia_econ":78,"pct_empleados":22,"pct_cuentapropia":30,"pct_agricultura":11,"pct_comercio":30,"pct_manufactura":4,"pct_construccion":4,"pct_transporte":4,"pct_alojamiento":22,"pct_sin_educacion":3,"pct_educ_superior":63,"brecha_educ":3,"pct_sin_seguro":12,"pct_sus":65,"pct_seguro_privado":4,"brecha_seguro":4,"pct_salud_publica":22,"pct_med_tradicional":8,"pct_automedicacion":19,"pct_remedios_caseros":24,"pct_viv_desocupada":16,"pct_alquiler":50,"pct_electricidad":100,"pct_sin_electricidad":0,"pct_agua_red":94,"pct_alcantarillado":100,"pct_camara_septica":0,"pct_pozo_ciego":0,"pct_sin_desague":0,"pct_gas_red":11,"pct_gas_garrafa":89,"pct_lena_guano":89,"pct_basura_formal":100,"pct_basura_quema":0,"pct_basura_informal":0,"pct_internet":94,"pct_celular":100,"pct_televisor":94}},{"type":"Feature","geometry":{"type":"Polygon","coordinates":[[[-66.58004,-18.42439],[-66.58067,-18.42339],[-66.58038,-18.42322],[-66.57974,-18.42422],[-66.58004,-18.42439]]]},"properties":{"n":"LLALLAGUA","p":97,"personas_x_ha":196,"masculinidad":76,"pct_menor20":30,"pct_60mas":12,"pct_migrante":36,"dependencia_econ":120,"pct_empleados":68,"pct_cuentapropia":23,"pct_agricultura":5,"pct_comercio":5,"pct_manufactura":7,"pct_construccion":0,"pct_transporte":0,"pct_alojamiento":11,"pct_sin_educacion":4,"pct_educ_superior":74,"brecha_educ":-5,"pct_sin_seguro":13,"pct_sus":61,"pct_seguro_privado":2,"brecha_seguro":-11,"pct_salud_publica":35,"pct_med_tradicional":6,"pct_automedicacion":18,"pct_remedios_caseros":14,"pct_viv_desocupada":0,"pct_alquiler":19,"pct_electricidad":100,"pct_sin_electricidad":0,"pct_agua_red":97,"pct_alcantarillado":100,"pct_camara_septica":0,"pct_pozo_ciego":0,"pct_sin_desague":0,"pct_gas_red":59,"pct_gas_garrafa":41,"pct_lena_guano":41,"pct_basura_formal":100,"pct_basura_quema":0,"pct_basura_informal":0,"pct_internet":94,"pct_celular":97,"pct_televisor":97}},{"type":"Feature","geometry":{"type":"Polygon","coordinates":[[[-66.56545,-18.42396],[-66.56537,-18.42413],[-66.56558,-18.42447],[-66.56602,-18.42463],[-66.56618,-18.42421],[-66.56545,-18.42396]]]},"properties":{"n":"LLALLAGUA","p":32,"personas_x_ha":88,"masculinidad":100,"pct_menor20":53,"pct_60mas":3,"pct_migrante":59,"dependencia_econ":357,"pct_empleados":14,"pct_cuentapropia":57,"pct_agricultura":29,"pct_comercio":0,"pct_manufactura":0,"pct_construccion":14,"pct_transporte":14,"pct_alojamiento":14,"pct_sin_educacion":24,"pct_educ_superior":24,"brecha_educ":7,"pct_sin_seguro":31,"pct_sus":47,"pct_seguro_privado":0,"brecha_seguro":0,"pct_salud_publica":21,"pct_med_tradicional":14,"pct_automedicacion":23,"pct_remedios_caseros":25,"pct_viv_desocupada":0,"pct_alquiler":10,"pct_electricidad":60,"pct_sin_electricidad":30,"pct_agua_red":60,"pct_alcantarillado":0,"pct_camara_septica":10,"pct_pozo_ciego":10,"pct_sin_desague":80,"pct_gas_red":30,"pct_gas_garrafa":60,"pct_lena_guano":60,"pct_basura_formal":70,"pct_basura_quema":10,"pct_basura_informal":0,"pct_internet":90,"pct_celular":90,"pct_televisor":70}},{"type":"Feature","geometry":{"type":"Polygon","coordinates":[[[-66.5685,-18.42382],[-66.56867,-18.42341],[-66.56785,-18.4231],[-66.56769,-18.42352],[-66.5685,-18.42382]]]},"properties":{"n":"LLALLAGUA","p":44,"personas_x_ha":92,"masculinidad":47,"pct_menor20":41,"pct_60mas":5,"pct_migrante":48,"dependencia_econ":120,"pct_empleados":45,"pct_cuentapropia":55,"pct_agricultura":20,"pct_comercio":10,"pct_manufactura":10,"pct_construccion":20,"pct_transporte":5,"pct_alojamiento":10,"pct_sin_educacion":12,"pct_educ_superior":58,"brecha_educ":-24,"pct_sin_seguro":16,"pct_sus":84,"pct_seguro_privado":0,"brecha_seguro":-13,"pct_salud_publica":27,"pct_med_tradicional":10,"pct_automedicacion":25,"pct_remedios_caseros":25,"pct_viv_desocupada":0,"pct_alquiler":24,"pct_electricidad":100,"pct_sin_electricidad":0,"pct_agua_red":100,"pct_alcantarillado":94,"pct_camara_septica":0,"pct_pozo_ciego":0,"pct_sin_desague":6,"pct_gas_red":35,"pct_gas_garrafa":65,"pct_lena_guano":65,"pct_basura_formal":100,"pct_basura_quema":0,"pct_basura_informal":0,"pct_internet":59,"pct_celular":88,"pct_televisor":65}},{"type":"Feature","geometry":{"type":"Polygon","coordinates":[[[-66.58285,-18.42286],[-66.58348,-18.42225],[-66.58307,-18.42207],[-66.5825,-18.42195],[-66.58231,-18.42233],[-66.58285,-18.42286]]]},"properties":{"n":"LLALLAGUA","p":85,"personas_x_ha":126,"masculinidad":102,"pct_menor20":33,"pct_60mas":14,"pct_migrante":48,"dependencia_econ":112,"pct_empleados":50,"pct_cuentapropia":35,"pct_agricultura":8,"pct_comercio":32,"pct_manufactura":2,"pct_construccion":2,"pct_transporte":8,"pct_alojamiento":8,"pct_sin_educacion":0,"pct_educ_superior":64,"brecha_educ":4,"pct_sin_seguro":10,"pct_sus":70,"pct_seguro_privado":1,"brecha_seguro":5,"pct_salud_publica":30,"pct_med_tradicional":5,"pct_automedicacion":18,"pct_remedios_caseros":25,"pct_viv_desocupada":0,"pct_alquiler":26,"pct_electricidad":100,"pct_sin_electricidad":0,"pct_agua_red":94,"pct_alcantarillado":100,"pct_camara_septica":0,"pct_pozo_ciego":0,"pct_sin_desague":0,"pct_gas_red":26,"pct_gas_garrafa":74,"pct_lena_guano":74,"pct_basura_formal":100,"pct_basura_quema":0,"pct_basura_informal":0,"pct_internet":86,"pct_celular":91,"pct_televisor":86}},{"type":"Feature","geometry":{"type":"Polygon","coordinates":[[[-66.56753,-18.42358],[-66.56681,-18.42329],[-66.56664,-18.4237],[-66.56735,-18.42397],[-66.56753,-18.42358]]]},"properties":{"n":"LLALLAGUA","p":52,"personas_x_ha":128,"masculinidad":68,"pct_menor20":48,"pct_60mas":2,"pct_migrante":40,"dependencia_econ":174,"pct_empleados":0,"pct_cuentapropia":79,"pct_agricultura":11,"pct_comercio":16,"pct_manufactura":0,"pct_construccion":5,"pct_transporte":26,"pct_alojamiento":0,"pct_sin_educacion":4,"pct_educ_superior":46,"brecha_educ":-4,"pct_sin_seguro":4,"pct_sus":60,"pct_seguro_privado":0,"brecha_seguro":10,"pct_salud_publica":16,"pct_med_tradicional":7,"pct_automedicacion":22,"pct_remedios_caseros":31,"pct_viv_desocupada":6,"pct_alquiler":25,"pct_electricidad":100,"pct_sin_electricidad":0,"pct_agua_red":75,"pct_alcantarillado":94,"pct_camara_septica":6,"pct_pozo_ciego":0,"pct_sin_desague":0,"pct_gas_red":50,"pct_gas_garrafa":50,"pct_lena_guano":50,"pct_basura_formal":100,"pct_basura_quema":0,"pct_basura_informal":0,"pct_internet":75,"pct_celular":81,"pct_televisor":88}},{"type":"Feature","geometry":{"type":"Polygon","coordinates":[[[-66.58387,-18.42194],[-66.58398,-18.42203],[-66.58434,-18.42168],[-66.58395,-18.42129],[-66.58387,-18.42194]]]},"properties":{"n":"LLALLAGUA","p":36,"personas_x_ha":162,"masculinidad":57,"pct_menor20":39,"pct_60mas":11,"pct_migrante":61,"dependencia_econ":112,"pct_empleados":29,"pct_cuentapropia":47,"pct_agricultura":0,"pct_comercio":24,"pct_manufactura":6,"pct_construccion":0,"pct_transporte":18,"pct_alojamiento":18,"pct_sin_educacion":0,"pct_educ_superior":67,"brecha_educ":-8,"pct_sin_seguro":11,"pct_sus":75,"pct_seguro_privado":0,"brecha_seguro":19,"pct_salud_publica":22,"pct_med_tradicional":6,"pct_automedicacion":22,"pct_remedios_caseros":23,"pct_viv_desocupada":0,"pct_alquiler":43,"pct_electricidad":100,"pct_sin_electricidad":0,"pct_agua_red":86,"pct_alcantarillado":100,"pct_camara_septica":0,"pct_pozo_ciego":0,"pct_sin_desague":0,"pct_gas_red":43,"pct_gas_garrafa":57,"pct_lena_guano":57,"pct_basura_formal":100,"pct_basura_quema":0,"pct_basura_informal":0,"pct_internet":93,"pct_celular":100,"pct_televisor":86}},{"type":"Feature","geometry":{"type":"Polygon","coordinates":[[[-66.56872,-18.42332],[-66.5689,-18.42289],[-66.56807,-18.42259],[-66.56789,-18.42302],[-66.56872,-18.42332]]]},"properties":{"n":"LLALLAGUA","p":34,"personas_x_ha":70,"masculinidad":55,"pct_menor20":38,"pct_60mas":6,"pct_migrante":53,"dependencia_econ":240,"pct_empleados":0,"pct_cuentapropia":80,"pct_agricultura":20,"pct_comercio":10,"pct_manufactura":30,"pct_construccion":0,"pct_transporte":10,"pct_alojamiento":0,"pct_sin_educacion":0,"pct_educ_superior":59,"brecha_educ":3,"pct_sin_seguro":28,"pct_sus":34,"pct_seguro_privado":0,"brecha_seguro":13,"pct_salud_publica":24,"pct_med_tradicional":7,"pct_automedicacion":25,"pct_remedios_caseros":26,"pct_viv_desocupada":14,"pct_alquiler":19,"pct_electricidad":94,"pct_sin_electricidad":6,"pct_agua_red":88,"pct_alcantarillado":94,"pct_camara_septica":0,"pct_pozo_ciego":0,"pct_sin_desague":6,"pct_gas_red":56,"pct_gas_garrafa":44,"pct_lena_guano":44,"pct_basura_formal":100,"pct_basura_quema":0,"pct_basura_informal":0,"pct_internet":94,"pct_celular":94,"pct_televisor":75}},{"type":"Feature","geometry":{"type":"Polygon","coordinates":[[[-66.56505,-18.42096],[-66.56458,-18.42125],[-66.56484,-18.42163],[-66.56531,-18.42133],[-66.56505,-18.42096]]]},"properties":{"n":"LLALLAGUA","p":24,"personas_x_ha":80,"masculinidad":50,"pct_menor20":25,"pct_60mas":0,"pct_migrante":62,"dependencia_econ":100,"pct_empleados":33,"pct_cuentapropia":50,"pct_agricultura":42,"pct_comercio":0,"pct_manufactura":0,"pct_construccion":17,"pct_transporte":0,"pct_alojamiento":17,"pct_sin_educacion":0,"pct_educ_superior":28,"brecha_educ":-33,"pct_sin_seguro":8,"pct_sus":92,"pct_seguro_privado":0,"brecha_seguro":-12,"pct_salud_publica":25,"pct_med_tradicional":8,"pct_automedicacion":27,"pct_remedios_caseros":30,"pct_viv_desocupada":0,"pct_alquiler":9,"pct_electricidad":82,"pct_sin_electricidad":18,"pct_agua_red":82,"pct_alcantarillado":0,"pct_camara_septica":0,"pct_pozo_ciego":0,"pct_sin_desague":100,"pct_gas_red":27,"pct_gas_garrafa":73,"pct_lena_guano":73,"pct_basura_formal":27,"pct_basura_quema":36,"pct_basura_informal":0,"pct_internet":91,"pct_celular":100,"pct_televisor":64}},{"type":"Feature","geometry":{"type":"Polygon","coordinates":[[[-66.57311,-18.42245],[-66.57381,-18.42244],[-66.57378,-18.42219],[-66.57317,-18.42221],[-66.57311,-18.42245]]]},"properties":{"n":"LLALLAGUA","p":31,"personas_x_ha":153,"masculinidad":72,"pct_menor20":55,"pct_60mas":10,"pct_migrante":71,"dependencia_econ":288,"pct_empleados":38,"pct_cuentapropia":50,"pct_agricultura":12,"pct_comercio":25,"pct_manufactura":0,"pct_construccion":12,"pct_transporte":12,"pct_alojamiento":12,"pct_sin_educacion":12,"pct_educ_superior":44,"brecha_educ":-13,"pct_sin_seguro":19,"pct_sus":71,"pct_seguro_privado":0,"brecha_seguro":6,"pct_salud_publica":62,"pct_med_tradicional":3,"pct_automedicacion":19,"pct_remedios_caseros":8,"pct_viv_desocupada":9,"pct_alquiler":10,"pct_electricidad":100,"pct_sin_electricidad":0,"pct_agua_red":10,"pct_alcantarillado":40,"pct_camara_septica":0,"pct_pozo_ciego":0,"pct_sin_desague":60,"pct_gas_red":0,"pct_gas_garrafa":100,"pct_lena_guano":100,"pct_basura_formal":70,"pct_basura_quema":20,"pct_basura_informal":0,"pct_internet":90,"pct_celular":90,"pct_televisor":100}},{"type":"Feature","geometry":{"type":"Polygon","coordinates":[[[-66.5822,-18.40882],[-66.58208,-18.40989],[-66.58246,-18.40994],[-66.58257,-18.40885],[-66.5822,-18.40882]]]},"properties":{"n":"LLALLAGUA","p":19,"personas_x_ha":39,"masculinidad":171,"pct_menor20":53,"pct_60mas":11,"pct_migrante":26,"dependencia_econ":90,"pct_empleados":20,"pct_cuentapropia":60,"pct_agricultura":60,"pct_comercio":0,"pct_manufactura":0,"pct_construccion":20,"pct_transporte":10,"pct_alojamiento":0,"pct_sin_educacion":33,"pct_educ_superior":22,"brecha_educ":-35,"pct_sin_seguro":5,"pct_sus":21,"pct_seguro_privado":0,"brecha_seguro":8,"pct_salud_publica":19,"pct_med_tradicional":19,"pct_automedicacion":20,"pct_remedios_caseros":19,"pct_viv_desocupada":16,"pct_alquiler":0,"pct_electricidad":100,"pct_sin_electricidad":0,"pct_agua_red":12,"pct_alcantarillado":0,"pct_camara_septica":0,"pct_pozo_ciego":0,"pct_sin_desague":88,"pct_gas_red":0,"pct_gas_garrafa":100,"pct_lena_guano":100,"pct_basura_formal":50,"pct_basura_quema":38,"pct_basura_informal":0,"pct_internet":38,"pct_celular":62,"pct_televisor":100}},{"type":"Feature","geometry":{"type":"Polygon","coordinates":[[[-66.56917,-18.4223],[-66.56928,-18.42187],[-66.56848,-18.4216],[-66.56834,-18.42201],[-66.56917,-18.4223]]]},"properties":{"n":"LLALLAGUA","p":48,"personas_x_ha":103,"masculinidad":129,"pct_menor20":42,"pct_60mas":2,"pct_migrante":50,"dependencia_econ":109,"pct_empleados":17,"pct_cuentapropia":43,"pct_agricultura":35,"pct_comercio":9,"pct_manufactura":9,"pct_construccion":13,"pct_transporte":9,"pct_alojamiento":0,"pct_sin_educacion":0,"pct_educ_superior":50,"brecha_educ":6,"pct_sin_seguro":19,"pct_sus":79,"pct_seguro_privado":0,"brecha_seguro":17,"pct_salud_publica":27,"pct_med_tradicional":11,"pct_automedicacion":21,"pct_remedios_caseros":23,"pct_viv_desocupada":0,"pct_alquiler":26,"pct_electricidad":95,"pct_sin_electricidad":5,"pct_agua_red":89,"pct_alcantarillado":89,"pct_camara_septica":0,"pct_pozo_ciego":0,"pct_sin_desague":11,"pct_gas_red":53,"pct_gas_garrafa":47,"pct_lena_guano":47,"pct_basura_formal":100,"pct_basura_quema":0,"pct_basura_informal":0,"pct_internet":100,"pct_celular":100,"pct_televisor":74}},{"type":"Feature","geometry":{"type":"Polygon","coordinates":[[[-66.5863,-18.4301],[-66.58657,-18.43017],[-66.58695,-18.43001],[-66.58688,-18.42988],[-66.5867,-18.42991],[-66.58618,-18.42978],[-66.5863,-18.4301]]]},"properties":{"n":"LLALLAGUA","p":27,"personas_x_ha":140,"masculinidad":125,"pct_menor20":48,"pct_60mas":0,"pct_migrante":48,"dependencia_econ":69,"pct_empleados":44,"pct_cuentapropia":31,"pct_agricultura":0,"pct_comercio":25,"pct_manufactura":6,"pct_construccion":12,"pct_transporte":0,"pct_alojamiento":6,"pct_sin_educacion":20,"pct_educ_superior":27,"brecha_educ":-45,"pct_sin_seguro":5,"pct_sus":67,"pct_seguro_privado":0,"brecha_seguro":-11,"pct_salud_publica":27,"pct_med_tradicional":8,"pct_automedicacion":23,"pct_remedios_caseros":30,"pct_viv_desocupada":0,"pct_alquiler":0,"pct_electricidad":89,"pct_sin_electricidad":11,"pct_agua_red":0,"pct_alcantarillado":0,"pct_camara_septica":0,"pct_pozo_ciego":0,"pct_sin_desague":100,"pct_gas_red":0,"pct_gas_garrafa":100,"pct_lena_guano":100,"pct_basura_formal":11,"pct_basura_quema":89,"pct_basura_informal":0,"pct_internet":78,"pct_celular":89,"pct_televisor":67}},{"type":"Feature","geometry":{"type":"Polygon","coordinates":[[[-66.58762,-18.42971],[-66.58737,-18.42952],[-66.58697,-18.42987],[-66.58733,-18.43031],[-66.5876,-18.42981],[-66.58762,-18.42971]]]},"properties":{"n":"LLALLAGUA","p":40,"personas_x_ha":127,"masculinidad":90,"pct_menor20":60,"pct_60mas":0,"pct_migrante":38,"dependencia_econ":186,"pct_empleados":50,"pct_cuentapropia":29,"pct_agricultura":7,"pct_comercio":7,"pct_manufactura":14,"pct_construccion":7,"pct_transporte":0,"pct_alojamiento":14,"pct_sin_educacion":0,"pct_educ_superior":19,"brecha_educ":16,"pct_sin_seguro":45,"pct_sus":55,"pct_seguro_privado":0,"brecha_seguro":-16,"pct_salud_publica":69,"pct_med_tradicional":0,"pct_automedicacion":17,"pct_remedios_caseros":0,"pct_viv_desocupada":29,"pct_alquiler":0,"pct_electricidad":90,"pct_sin_electricidad":10,"pct_agua_red":0,"pct_alcantarillado":0,"pct_camara_septica":0,"pct_pozo_ciego":0,"pct_sin_desague":100,"pct_gas_red":0,"pct_gas_garrafa":100,"pct_lena_guano":100,"pct_basura_formal":10,"pct_basura_quema":90,"pct_basura_informal":0,"pct_internet":50,"pct_celular":90,"pct_televisor":80}},{"type":"Feature","geometry":{"type":"Polygon","coordinates":[[[-66.58188,-18.43076],[-66.58212,-18.43052],[-66.58273,-18.43025],[-66.58315,-18.42992],[-66.583,-18.42971],[-66.5817,-18.43052],[-66.58188,-18.43076]]]},"properties":{"n":"LLALLAGUA","p":25,"personas_x_ha":51,"masculinidad":79,"pct_menor20":40,"pct_60mas":0,"pct_migrante":76,"dependencia_econ":212,"pct_empleados":50,"pct_cuentapropia":50,"pct_agricultura":25,"pct_comercio":25,"pct_manufactura":0,"pct_construccion":25,"pct_transporte":0,"pct_alojamiento":0,"pct_sin_educacion":12,"pct_educ_superior":38,"brecha_educ":-8,"pct_sin_seguro":12,"pct_sus":88,"pct_seguro_privado":0,"brecha_seguro":11,"pct_salud_publica":24,"pct_med_tradicional":14,"pct_automedicacion":25,"pct_remedios_caseros":28,"pct_viv_desocupada":0,"pct_alquiler":0,"pct_electricidad":36,"pct_sin_electricidad":57,"pct_agua_red":0,"pct_alcantarillado":0,"pct_camara_septica":7,"pct_pozo_ciego":0,"pct_sin_desague":93,"pct_gas_red":0,"pct_gas_garrafa":50,"pct_lena_guano":50,"pct_basura_formal":86,"pct_basura_quema":14,"pct_basura_informal":0,"pct_internet":86,"pct_celular":93,"pct_televisor":29}},{"type":"Feature","geometry":{"type":"Polygon","coordinates":[[[-66.59132,-18.42865],[-66.59167,-18.4286],[-66.59157,-18.4278],[-66.59147,-18.4276],[-66.59116,-18.42731],[-66.59089,-18.42747],[-66.59074,-18.42769],[-66.59078,-18.42824],[-66.59097,-18.42823],[-66.59132,-18.42865]]]},"properties":{"n":"LLALLAGUA","p":57,"personas_x_ha":57,"masculinidad":84,"pct_menor20":40,"pct_60mas":5,"pct_migrante":51,"dependencia_econ":159,"pct_empleados":59,"pct_cuentapropia":18,"pct_agricultura":0,"pct_comercio":14,"pct_manufactura":5,"pct_construccion":0,"pct_transporte":9,"pct_alojamiento":9,"pct_sin_educacion":6,"pct_educ_superior":46,"brecha_educ":-24,"pct_sin_seguro":5,"pct_sus":89,"pct_seguro_privado":0,"brecha_seguro":4,"pct_salud_publica":19,"pct_med_tradicional":9,"pct_automedicacion":26,"pct_remedios_caseros":28,"pct_viv_desocupada":0,"pct_alquiler":9,"pct_electricidad":95,"pct_sin_electricidad":5,"pct_agua_red":82,"pct_alcantarillado":73,"pct_camara_septica":0,"pct_pozo_ciego":0,"pct_sin_desague":27,"pct_gas_red":27,"pct_gas_garrafa":55,"pct_lena_guano":55,"pct_basura_formal":91,"pct_basura_quema":9,"pct_basura_informal":0,"pct_internet":91,"pct_celular":91,"pct_televisor":86}},{"type":"Feature","geometry":{"type":"Polygon","coordinates":[[[-66.57861,-18.42497],[-66.57785,-18.42506],[-66.57772,-18.42517],[-66.5779,-18.42613],[-66.57872,-18.42595],[-66.57937,-18.42604],[-66.57908,-18.42543],[-66.57861,-18.42497]]]},"properties":{"n":"LLALLAGUA","p":33,"personas_x_ha":21,"masculinidad":83,"pct_menor20":33,"pct_60mas":3,"pct_migrante":64,"dependencia_econ":120,"pct_empleados":40,"pct_cuentapropia":47,"pct_agricultura":0,"pct_comercio":13,"pct_manufactura":0,"pct_construccion":13,"pct_transporte":7,"pct_alojamiento":7,"pct_sin_educacion":4,"pct_educ_superior":46,"brecha_educ":3,"pct_sin_seguro":9,"pct_sus":76,"pct_seguro_privado":3,"brecha_seguro":8,"pct_salud_publica":27,"pct_med_tradicional":9,"pct_automedicacion":16,"pct_remedios_caseros":21,"pct_viv_desocupada":12,"pct_alquiler":60,"pct_electricidad":100,"pct_sin_electricidad":0,"pct_agua_red":87,"pct_alcantarillado":93,"pct_camara_septica":0,"pct_pozo_ciego":0,"pct_sin_desague":7,"pct_gas_red":0,"pct_gas_garrafa":93,"pct_lena_guano":93,"pct_basura_formal":93,"pct_basura_quema":7,"pct_basura_informal":0,"pct_internet":93,"pct_celular":93,"pct_televisor":80}},{"type":"Feature","geometry":{"type":"Polygon","coordinates":[[[-66.56476,-18.42397],[-66.56447,-18.42363],[-66.5641,-18.42391],[-66.56439,-18.42424],[-66.56476,-18.42397]]]},"properties":{"n":"LLALLAGUA","p":26,"personas_x_ha":107,"masculinidad":73,"pct_menor20":50,"pct_60mas":4,"pct_migrante":42,"dependencia_econ":136,"pct_empleados":45,"pct_cuentapropia":55,"pct_agricultura":18,"pct_comercio":9,"pct_manufactura":18,"pct_construccion":45,"pct_transporte":0,"pct_alojamiento":0,"pct_sin_educacion":8,"pct_educ_superior":38,"brecha_educ":-10,"pct_sin_seguro":8,"pct_sus":92,"pct_seguro_privado":0,"brecha_seguro":18,"pct_salud_publica":18,"pct_med_tradicional":14,"pct_automedicacion":22,"pct_remedios_caseros":24,"pct_viv_desocupada":0,"pct_alquiler":10,"pct_electricidad":60,"pct_sin_electricidad":40,"pct_agua_red":70,"pct_alcantarillado":0,"pct_camara_septica":0,"pct_pozo_ciego":0,"pct_sin_desague":100,"pct_gas_red":0,"pct_gas_garrafa":80,"pct_lena_guano":80,"pct_basura_formal":50,"pct_basura_quema":50,"pct_basura_informal":0,"pct_internet":80,"pct_celular":100,"pct_televisor":60}},{"type":"Feature","geometry":{"type":"Polygon","coordinates":[[[-66.56702,-18.42077],[-66.56631,-18.41986],[-66.56594,-18.42009],[-66.56635,-18.42068],[-66.56623,-18.42076],[-66.56654,-18.42114],[-66.56702,-18.42077]]]},"properties":{"n":"LLALLAGUA","p":59,"personas_x_ha":83,"masculinidad":119,"pct_menor20":44,"pct_60mas":8,"pct_migrante":44,"dependencia_econ":146,"pct_empleados":46,"pct_cuentapropia":38,"pct_agricultura":17,"pct_comercio":4,"pct_manufactura":4,"pct_construccion":17,"pct_transporte":4,"pct_alojamiento":17,"pct_sin_educacion":14,"pct_educ_superior":26,"brecha_educ":-23,"pct_sin_seguro":14,"pct_sus":81,"pct_seguro_privado":0,"brecha_seguro":4,"pct_salud_publica":20,"pct_med_tradicional":14,"pct_automedicacion":20,"pct_remedios_caseros":26,"pct_viv_desocupada":4,"pct_alquiler":12,"pct_electricidad":83,"pct_sin_electricidad":8,"pct_agua_red":79,"pct_alcantarillado":0,"pct_camara_septica":0,"pct_pozo_ciego":4,"pct_sin_desague":92,"pct_gas_red":21,"pct_gas_garrafa":67,"pct_lena_guano":67,"pct_basura_formal":33,"pct_basura_quema":50,"pct_basura_informal":8,"pct_internet":67,"pct_celular":88,"pct_televisor":54}},{"type":"Feature","geometry":{"type":"Polygon","coordinates":[[[-66.58588,-18.41874],[-66.58573,-18.41841],[-66.58534,-18.41857],[-66.58549,-18.41888],[-66.58588,-18.41874]]]},"properties":{"n":"LLALLAGUA","p":28,"personas_x_ha":157,"masculinidad":47,"pct_menor20":39,"pct_60mas":11,"pct_migrante":0,"dependencia_econ":133,"pct_empleados":0,"pct_cuentapropia":67,"pct_agricultura":8,"pct_comercio":25,"pct_manufactura":8,"pct_construccion":8,"pct_transporte":8,"pct_alojamiento":0,"pct_sin_educacion":65,"pct_educ_superior":35,"brecha_educ":3,"pct_sin_seguro":7,"pct_sus":54,"pct_seguro_privado":0,"brecha_seguro":6,"pct_salud_publica":21,"pct_med_tradicional":14,"pct_automedicacion":13,"pct_remedios_caseros":24,"pct_viv_desocupada":10,"pct_alquiler":12,"pct_electricidad":100,"pct_sin_electricidad":0,"pct_agua_red":100,"pct_alcantarillado":75,"pct_camara_septica":0,"pct_pozo_ciego":0,"pct_sin_desague":25,"pct_gas_red":38,"pct_gas_garrafa":62,"pct_lena_guano":62,"pct_basura_formal":100,"pct_basura_quema":0,"pct_basura_informal":0,"pct_internet":88,"pct_celular":88,"pct_televisor":88}},{"type":"Feature","geometry":{"type":"Polygon","coordinates":[[[-66.56764,-18.42061],[-66.56795,-18.42018],[-66.56767,-18.41994],[-66.56733,-18.42038],[-66.56764,-18.42061]]]},"properties":{"n":"LLALLAGUA","p":20,"personas_x_ha":80,"masculinidad":67,"pct_menor20":50,"pct_60mas":0,"pct_migrante":25,"dependencia_econ":82,"pct_empleados":73,"pct_cuentapropia":27,"pct_agricultura":9,"pct_comercio":9,"pct_manufactura":0,"pct_construccion":18,"pct_transporte":0,"pct_alojamiento":18,"pct_sin_educacion":0,"pct_educ_superior":64,"brecha_educ":40,"pct_sin_seguro":30,"pct_sus":30,"pct_seguro_privado":0,"brecha_seguro":-29,"pct_salud_publica":16,"pct_med_tradicional":14,"pct_automedicacion":19,"pct_remedios_caseros":25,"pct_viv_desocupada":17,"pct_alquiler":10,"pct_electricidad":90,"pct_sin_electricidad":10,"pct_agua_red":90,"pct_alcantarillado":0,"pct_camara_septica":0,"pct_pozo_ciego":0,"pct_sin_desague":100,"pct_gas_red":20,"pct_gas_garrafa":80,"pct_lena_guano":80,"pct_basura_formal":90,"pct_basura_quema":10,"pct_basura_informal":0,"pct_internet":90,"pct_celular":100,"pct_televisor":90}},{"type":"Feature","geometry":{"type":"Polygon","coordinates":[[[-66.57938,-18.4289],[-66.5786,-18.42945],[-66.57876,-18.42981],[-66.57991,-18.42897],[-66.57977,-18.42872],[-66.57938,-18.4289]]]},"properties":{"n":"LLALLAGUA","p":63,"personas_x_ha":107,"masculinidad":103,"pct_menor20":52,"pct_60mas":6,"pct_migrante":44,"dependencia_econ":259,"pct_empleados":47,"pct_cuentapropia":53,"pct_agricultura":0,"pct_comercio":18,"pct_manufactura":12,"pct_construccion":24,"pct_transporte":6,"pct_alojamiento":29,"pct_sin_educacion":17,"pct_educ_superior":33,"brecha_educ":-15,"pct_sin_seguro":7,"pct_sus":77,"pct_seguro_privado":0,"brecha_seguro":-6,"pct_salud_publica":29,"pct_med_tradicional":7,"pct_automedicacion":13,"pct_remedios_caseros":33,"pct_viv_desocupada":5,"pct_alquiler":15,"pct_electricidad":90,"pct_sin_electricidad":10,"pct_agua_red":90,"pct_alcantarillado":95,"pct_camara_septica":0,"pct_pozo_ciego":0,"pct_sin_desague":5,"pct_gas_red":30,"pct_gas_garrafa":70,"pct_lena_guano":70,"pct_basura_formal":100,"pct_basura_quema":0,"pct_basura_informal":0,"pct_internet":70,"pct_celular":95,"pct_televisor":90}},{"type":"Feature","geometry":{"type":"Polygon","coordinates":[[[-66.57174,-18.42424],[-66.57263,-18.42396],[-66.57251,-18.42362],[-66.57163,-18.42391],[-66.57174,-18.42424]]]},"properties":{"n":"LLALLAGUA","p":56,"personas_x_ha":142,"masculinidad":87,"pct_menor20":54,"pct_60mas":7,"pct_migrante":54,"dependencia_econ":155,"pct_empleados":23,"pct_cuentapropia":50,"pct_agricultura":14,"pct_comercio":14,"pct_manufactura":0,"pct_construccion":14,"pct_transporte":0,"pct_alojamiento":18,"pct_sin_educacion":11,"pct_educ_superior":41,"brecha_educ":-25,"pct_sin_seguro":9,"pct_sus":64,"pct_seguro_privado":0,"brecha_seguro":5,"pct_salud_publica":18,"pct_med_tradicional":18,"pct_automedicacion":17,"pct_remedios_caseros":24,"pct_viv_desocupada":10,"pct_alquiler":12,"pct_electricidad":100,"pct_sin_electricidad":0,"pct_agua_red":94,"pct_alcantarillado":88,"pct_camara_septica":0,"pct_pozo_ciego":0,"pct_sin_desague":12,"pct_gas_red":47,"pct_gas_garrafa":53,"pct_lena_guano":53,"pct_basura_formal":100,"pct_basura_quema":0,"pct_basura_informal":0,"pct_internet":88,"pct_celular":100,"pct_televisor":94}},{"type":"Feature","geometry":{"type":"Polygon","coordinates":[[[-66.5889,-18.42752],[-66.5882,-18.42757],[-66.58827,-18.42778],[-66.58889,-18.42773],[-66.5889,-18.42752]]]},"properties":{"n":"LLALLAGUA","p":25,"personas_x_ha":156,"masculinidad":127,"pct_menor20":36,"pct_60mas":8,"pct_migrante":44,"dependencia_econ":150,"pct_empleados":10,"pct_cuentapropia":80,"pct_agricultura":0,"pct_comercio":30,"pct_manufactura":0,"pct_construccion":10,"pct_transporte":0,"pct_alojamiento":10,"pct_sin_educacion":0,"pct_educ_superior":19,"brecha_educ":-25,"pct_sin_seguro":4,"pct_sus":68,"pct_seguro_privado":0,"brecha_seguro":7,"pct_salud_publica":15,"pct_med_tradicional":20,"pct_automedicacion":19,"pct_remedios_caseros":25,"pct_viv_desocupada":0,"pct_alquiler":11,"pct_electricidad":89,"pct_sin_electricidad":11,"pct_agua_red":0,"pct_alcantarillado":11,"pct_camara_septica":0,"pct_pozo_ciego":0,"pct_sin_desague":89,"pct_gas_red":0,"pct_gas_garrafa":100,"pct_lena_guano":100,"pct_basura_formal":100,"pct_basura_quema":0,"pct_basura_informal":0,"pct_internet":78,"pct_celular":100,"pct_televisor":100}},{"type":"Feature","geometry":{"type":"Polygon","coordinates":[[[-66.5906,-18.42768],[-66.59058,-18.42744],[-66.59044,-18.42717],[-66.59016,-18.42688],[-66.58995,-18.42714],[-66.5904,-18.42764],[-66.5906,-18.42768]]]},"properties":{"n":"LLALLAGUA","p":29,"personas_x_ha":103,"masculinidad":71,"pct_menor20":31,"pct_60mas":10,"pct_migrante":41,"dependencia_econ":155,"pct_empleados":27,"pct_cuentapropia":64,"pct_agricultura":9,"pct_comercio":9,"pct_manufactura":9,"pct_construccion":18,"pct_transporte":9,"pct_alojamiento":18,"pct_sin_educacion":5,"pct_educ_superior":65,"brecha_educ":9,"pct_sin_seguro":7,"pct_sus":67,"pct_seguro_privado":0,"brecha_seguro":17,"pct_salud_publica":16,"pct_med_tradicional":10,"pct_automedicacion":24,"pct_remedios_caseros":24,"pct_viv_desocupada":15,"pct_alquiler":0,"pct_electricidad":100,"pct_sin_electricidad":0,"pct_agua_red":88,"pct_alcantarillado":50,"pct_camara_septica":0,"pct_pozo_ciego":0,"pct_sin_desague":50,"pct_gas_red":25,"pct_gas_garrafa":75,"pct_lena_guano":75,"pct_basura_formal":100,"pct_basura_quema":0,"pct_basura_informal":0,"pct_internet":50,"pct_celular":75,"pct_televisor":75}},{"type":"Feature","geometry":{"type":"Polygon","coordinates":[[[-66.58076,-18.43109],[-66.58029,-18.43124],[-66.57986,-18.43111],[-66.57973,-18.43144],[-66.58025,-18.4316],[-66.58055,-18.43156],[-66.58096,-18.43131],[-66.58076,-18.43109]]]},"properties":{"n":"LLALLAGUA","p":25,"personas_x_ha":54,"masculinidad":67,"pct_menor20":48,"pct_60mas":4,"pct_migrante":80,"dependencia_econ":127,"pct_empleados":18,"pct_cuentapropia":55,"pct_agricultura":64,"pct_comercio":0,"pct_manufactura":9,"pct_construccion":18,"pct_transporte":0,"pct_alojamiento":0,"pct_sin_educacion":15,"pct_educ_superior":38,"brecha_educ":-17,"pct_sin_seguro":12,"pct_sus":88,"pct_seguro_privado":0,"brecha_seguro":-3,"pct_salud_publica":24,"pct_med_tradicional":27,"pct_automedicacion":18,"pct_remedios_caseros":26,"pct_viv_desocupada":8,"pct_alquiler":0,"pct_electricidad":58,"pct_sin_electricidad":25,"pct_agua_red":0,"pct_alcantarillado":17,"pct_camara_septica":0,"pct_pozo_ciego":0,"pct_sin_desague":83,"pct_gas_red":0,"pct_gas_garrafa":92,"pct_lena_guano":92,"pct_basura_formal":25,"pct_basura_quema":58,"pct_basura_informal":0,"pct_internet":58,"pct_celular":50,"pct_televisor":25}},{"type":"Feature","geometry":{"type":"Polygon","coordinates":[[[-66.58257,-18.4299],[-66.58312,-18.42953],[-66.58287,-18.42927],[-66.58239,-18.42962],[-66.58257,-18.4299]]]},"properties":{"n":"LLALLAGUA","p":18,"personas_x_ha":68,"masculinidad":64,"pct_menor20":39,"pct_60mas":11,"pct_migrante":39,"dependencia_econ":200,"pct_empleados":0,"pct_cuentapropia":83,"pct_agricultura":0,"pct_comercio":17,"pct_manufactura":17,"pct_construccion":17,"pct_transporte":0,"pct_alojamiento":17,"pct_sin_educacion":9,"pct_educ_superior":36,"brecha_educ":10,"pct_sin_seguro":22,"pct_sus":72,"pct_seguro_privado":0,"brecha_seguro":57,"pct_salud_publica":30,"pct_med_tradicional":2,"pct_automedicacion":28,"pct_remedios_caseros":30,"pct_viv_desocupada":10,"pct_alquiler":0,"pct_electricidad":67,"pct_sin_electricidad":11,"pct_agua_red":0,"pct_alcantarillado":0,"pct_camara_septica":0,"pct_pozo_ciego":0,"pct_sin_desague":100,"pct_gas_red":0,"pct_gas_garrafa":67,"pct_lena_guano":67,"pct_basura_formal":22,"pct_basura_quema":44,"pct_basura_informal":22,"pct_internet":67,"pct_celular":78,"pct_televisor":44}},{"type":"Feature","geometry":{"type":"Polygon","coordinates":[[[-66.57837,-18.42996],[-66.57714,-18.42932],[-66.57691,-18.42953],[-66.57721,-18.42994],[-66.57757,-18.42996],[-66.57897,-18.43066],[-66.57898,-18.4304],[-66.57873,-18.42991],[-66.57837,-18.42996]]]},"properties":{"n":"LLALLAGUA","p":65,"personas_x_ha":62,"masculinidad":59,"pct_menor20":43,"pct_60mas":6,"pct_migrante":46,"dependencia_econ":129,"pct_empleados":43,"pct_cuentapropia":54,"pct_agricultura":18,"pct_comercio":14,"pct_manufactura":7,"pct_construccion":11,"pct_transporte":4,"pct_alojamiento":14,"pct_sin_educacion":0,"pct_educ_superior":47,"brecha_educ":23,"pct_sin_seguro":14,"pct_sus":52,"pct_seguro_privado":0,"brecha_seguro":5,"pct_salud_publica":20,"pct_med_tradicional":13,"pct_automedicacion":20,"pct_remedios_caseros":26,"pct_viv_desocupada":0,"pct_alquiler":4,"pct_electricidad":100,"pct_sin_electricidad":0,"pct_agua_red":4,"pct_alcantarillado":12,"pct_camara_septica":4,"pct_pozo_ciego":0,"pct_sin_desague":79,"pct_gas_red":0,"pct_gas_garrafa":100,"pct_lena_guano":100,"pct_basura_formal":79,"pct_basura_quema":21,"pct_basura_informal":0,"pct_internet":79,"pct_celular":92,"pct_televisor":75}},{"type":"Feature","geometry":{"type":"Polygon","coordinates":[[[-66.56304,-18.42266],[-66.56332,-18.42301],[-66.56376,-18.42264],[-66.56292,-18.42174],[-66.56277,-18.42187],[-66.56326,-18.42244],[-66.56304,-18.42266]]]},"properties":{"n":"LLALLAGUA","p":46,"personas_x_ha":92,"masculinidad":59,"pct_menor20":41,"pct_60mas":9,"pct_migrante":57,"dependencia_econ":188,"pct_empleados":44,"pct_cuentapropia":50,"pct_agricultura":31,"pct_comercio":19,"pct_manufactura":0,"pct_construccion":19,"pct_transporte":19,"pct_alojamiento":6,"pct_sin_educacion":15,"pct_educ_superior":11,"brecha_educ":4,"pct_sin_seguro":9,"pct_sus":89,"pct_seguro_privado":0,"brecha_seguro":6,"pct_salud_publica":27,"pct_med_tradicional":7,"pct_automedicacion":28,"pct_remedios_caseros":29,"pct_viv_desocupada":0,"pct_alquiler":5,"pct_electricidad":55,"pct_sin_electricidad":45,"pct_agua_red":75,"pct_alcantarillado":0,"pct_camara_septica":0,"pct_pozo_ciego":5,"pct_sin_desague":95,"pct_gas_red":0,"pct_gas_garrafa":95,"pct_lena_guano":95,"pct_basura_formal":15,"pct_basura_quema":70,"pct_basura_informal":0,"pct_internet":85,"pct_celular":85,"pct_televisor":30}},{"type":"Feature","geometry":{"type":"Polygon","coordinates":[[[-66.58408,-18.41935],[-66.58434,-18.41923],[-66.58541,-18.41891],[-66.58523,-18.41861],[-66.58434,-18.41895],[-66.58406,-18.41924],[-66.58408,-18.41935]]]},"properties":{"n":"LLALLAGUA","p":117,"personas_x_ha":244,"masculinidad":113,"pct_menor20":36,"pct_60mas":5,"pct_migrante":29,"dependencia_econ":105,"pct_empleados":32,"pct_cuentapropia":36,"pct_agricultura":11,"pct_comercio":18,"pct_manufactura":5,"pct_construccion":5,"pct_transporte":4,"pct_alojamiento":7,"pct_sin_educacion":3,"pct_educ_superior":68,"brecha_educ":-10,"pct_sin_seguro":5,"pct_sus":44,"pct_seguro_privado":1,"brecha_seguro":7,"pct_salud_publica":19,"pct_med_tradicional":8,"pct_automedicacion":23,"pct_remedios_caseros":24,"pct_viv_desocupada":2,"pct_alquiler":35,"pct_electricidad":100,"pct_sin_electricidad":0,"pct_agua_red":98,"pct_alcantarillado":95,"pct_camara_septica":0,"pct_pozo_ciego":0,"pct_sin_desague":5,"pct_gas_red":37,"pct_gas_garrafa":60,"pct_lena_guano":60,"pct_basura_formal":100,"pct_basura_quema":0,"pct_basura_informal":0,"pct_internet":88,"pct_celular":95,"pct_televisor":70}},{"type":"Feature","geometry":{"type":"Polygon","coordinates":[[[-66.5832,-18.41861],[-66.58372,-18.41845],[-66.58377,-18.41832],[-66.58282,-18.4182],[-66.5832,-18.41861]]]},"properties":{"n":"LLALLAGUA","p":43,"personas_x_ha":177,"masculinidad":95,"pct_menor20":37,"pct_60mas":7,"pct_migrante":30,"dependencia_econ":110,"pct_empleados":10,"pct_cuentapropia":75,"pct_agricultura":5,"pct_comercio":15,"pct_manufactura":5,"pct_construccion":15,"pct_transporte":0,"pct_alojamiento":5,"pct_sin_educacion":11,"pct_educ_superior":50,"brecha_educ":21,"pct_sin_seguro":7,"pct_sus":64,"pct_seguro_privado":0,"brecha_seguro":-5,"pct_salud_publica":11,"pct_med_tradicional":5,"pct_automedicacion":34,"pct_remedios_caseros":21,"pct_viv_desocupada":7,"pct_alquiler":9,"pct_electricidad":100,"pct_sin_electricidad":0,"pct_agua_red":100,"pct_alcantarillado":100,"pct_camara_septica":0,"pct_pozo_ciego":0,"pct_sin_desague":0,"pct_gas_red":27,"pct_gas_garrafa":73,"pct_lena_guano":73,"pct_basura_formal":100,"pct_basura_quema":0,"pct_basura_informal":0,"pct_internet":100,"pct_celular":100,"pct_televisor":91}},{"type":"Feature","geometry":{"type":"Polygon","coordinates":[[[-66.57749,-18.41176],[-66.57734,-18.41143],[-66.57649,-18.4118],[-66.57675,-18.41209],[-66.57749,-18.41176]]]},"properties":{"n":"LLALLAGUA","p":20,"personas_x_ha":53,"masculinidad":100,"pct_menor20":40,"pct_60mas":5,"pct_migrante":30,"dependencia_econ":82,"pct_empleados":36,"pct_cuentapropia":27,"pct_agricultura":36,"pct_comercio":9,"pct_manufactura":0,"pct_construccion":9,"pct_transporte":0,"pct_alojamiento":9,"pct_sin_educacion":0,"pct_educ_superior":14,"brecha_educ":-14,"pct_sin_seguro":35,"pct_sus":65,"pct_seguro_privado":0,"brecha_seguro":10,"pct_salud_publica":27,"pct_med_tradicional":12,"pct_automedicacion":22,"pct_remedios_caseros":29,"pct_viv_desocupada":0,"pct_alquiler":9,"pct_electricidad":36,"pct_sin_electricidad":36,"pct_agua_red":0,"pct_alcantarillado":0,"pct_camara_septica":0,"pct_pozo_ciego":0,"pct_sin_desague":100,"pct_gas_red":0,"pct_gas_garrafa":82,"pct_lena_guano":82,"pct_basura_formal":9,"pct_basura_quema":82,"pct_basura_informal":0,"pct_internet":73,"pct_celular":91,"pct_televisor":55}},{"type":"Feature","geometry":{"type":"Polygon","coordinates":[[[-66.58272,-18.41188],[-66.58259,-18.41164],[-66.58157,-18.41207],[-66.58168,-18.41232],[-66.58183,-18.41235],[-66.58268,-18.412],[-66.58272,-18.41188]]]},"properties":{"n":"LLALLAGUA","p":27,"personas_x_ha":58,"masculinidad":69,"pct_menor20":56,"pct_60mas":0,"pct_migrante":37,"dependencia_econ":145,"pct_empleados":45,"pct_cuentapropia":55,"pct_agricultura":0,"pct_comercio":9,"pct_manufactura":9,"pct_construccion":18,"pct_transporte":9,"pct_alojamiento":9,"pct_sin_educacion":0,"pct_educ_superior":23,"brecha_educ":-26,"pct_sin_seguro":15,"pct_sus":85,"pct_seguro_privado":0,"brecha_seguro":6,"pct_salud_publica":27,"pct_med_tradicional":19,"pct_automedicacion":16,"pct_remedios_caseros":25,"pct_viv_desocupada":0,"pct_alquiler":25,"pct_electricidad":75,"pct_sin_electricidad":25,"pct_agua_red":0,"pct_alcantarillado":0,"pct_camara_septica":0,"pct_pozo_ciego":0,"pct_sin_desague":100,"pct_gas_red":0,"pct_gas_garrafa":100,"pct_lena_guano":100,"pct_basura_formal":38,"pct_basura_quema":50,"pct_basura_informal":25,"pct_internet":50,"pct_celular":100,"pct_televisor":88}},{"type":"Feature","geometry":{"type":"Polygon","coordinates":[[[-66.58231,-18.40774],[-66.58221,-18.40872],[-66.58257,-18.40876],[-66.58268,-18.40776],[-66.58231,-18.40774]]]},"properties":{"n":"LLALLAGUA","p":25,"personas_x_ha":55,"masculinidad":92,"pct_menor20":44,"pct_60mas":12,"pct_migrante":16,"dependencia_econ":108,"pct_empleados":25,"pct_cuentapropia":67,"pct_agricultura":17,"pct_comercio":25,"pct_manufactura":8,"pct_construccion":25,"pct_transporte":8,"pct_alojamiento":8,"pct_sin_educacion":27,"pct_educ_superior":20,"brecha_educ":-39,"pct_sin_seguro":8,"pct_sus":76,"pct_seguro_privado":0,"brecha_seguro":1,"pct_salud_publica":19,"pct_med_tradicional":21,"pct_automedicacion":19,"pct_remedios_caseros":26,"pct_viv_desocupada":0,"pct_alquiler":0,"pct_electricidad":100,"pct_sin_electricidad":0,"pct_agua_red":9,"pct_alcantarillado":0,"pct_camara_septica":0,"pct_pozo_ciego":9,"pct_sin_desague":91,"pct_gas_red":0,"pct_gas_garrafa":91,"pct_lena_guano":91,"pct_basura_formal":82,"pct_basura_quema":9,"pct_basura_informal":0,"pct_internet":64,"pct_celular":82,"pct_televisor":82}},{"type":"Feature","geometry":{"type":"Polygon","coordinates":[[[-66.56912,-18.4224],[-66.56828,-18.42209],[-66.56809,-18.4225],[-66.56894,-18.42281],[-66.56912,-18.4224]]]},"properties":{"n":"LLALLAGUA","p":50,"personas_x_ha":104,"masculinidad":35,"pct_menor20":60,"pct_60mas":0,"pct_migrante":42,"dependencia_econ":285,"pct_empleados":23,"pct_cuentapropia":38,"pct_agricultura":54,"pct_comercio":15,"pct_manufactura":8,"pct_construccion":0,"pct_transporte":0,"pct_alojamiento":0,"pct_sin_educacion":23,"pct_educ_superior":50,"brecha_educ":-21,"pct_sin_seguro":10,"pct_sus":88,"pct_seguro_privado":0,"brecha_seguro":7,"pct_salud_publica":26,"pct_med_tradicional":15,"pct_automedicacion":13,"pct_remedios_caseros":29,"pct_viv_desocupada":0,"pct_alquiler":48,"pct_electricidad":100,"pct_sin_electricidad":0,"pct_agua_red":95,"pct_alcantarillado":95,"pct_camara_septica":0,"pct_pozo_ciego":0,"pct_sin_desague":5,"pct_gas_red":43,"pct_gas_garrafa":52,"pct_lena_guano":52,"pct_basura_formal":95,"pct_basura_quema":0,"pct_basura_informal":10,"pct_internet":76,"pct_celular":81,"pct_televisor":48}},{"type":"Feature","geometry":{"type":"Polygon","coordinates":[[[-66.58703,-18.42039],[-66.58679,-18.42],[-66.58635,-18.42031],[-66.58664,-18.42075],[-66.58703,-18.42039]]]},"properties":{"n":"LLALLAGUA","p":54,"personas_x_ha":172,"masculinidad":86,"pct_menor20":39,"pct_60mas":7,"pct_migrante":41,"dependencia_econ":148,"pct_empleados":52,"pct_cuentapropia":48,"pct_agricultura":10,"pct_comercio":19,"pct_manufactura":5,"pct_construccion":5,"pct_transporte":14,"pct_alojamiento":19,"pct_sin_educacion":0,"pct_educ_superior":48,"brecha_educ":-21,"pct_sin_seguro":16,"pct_sus":71,"pct_seguro_privado":0,"brecha_seguro":2,"pct_salud_publica":27,"pct_med_tradicional":11,"pct_automedicacion":28,"pct_remedios_caseros":25,"pct_viv_desocupada":0,"pct_alquiler":52,"pct_electricidad":100,"pct_sin_electricidad":0,"pct_agua_red":100,"pct_alcantarillado":86,"pct_camara_septica":0,"pct_pozo_ciego":0,"pct_sin_desague":10,"pct_gas_red":14,"pct_gas_garrafa":86,"pct_lena_guano":86,"pct_basura_formal":100,"pct_basura_quema":0,"pct_basura_informal":0,"pct_internet":95,"pct_celular":95,"pct_televisor":62}},{"type":"Feature","geometry":{"type":"Polygon","coordinates":[[[-66.58152,-18.43096],[-66.58112,-18.43134],[-66.58136,-18.43166],[-66.58165,-18.43132],[-66.58199,-18.43117],[-66.58182,-18.4309],[-66.58152,-18.43096]]]},"properties":{"n":"LLALLAGUA","p":23,"personas_x_ha":63,"masculinidad":44,"pct_menor20":30,"pct_60mas":0,"pct_migrante":43,"dependencia_econ":92,"pct_empleados":25,"pct_cuentapropia":58,"pct_agricultura":17,"pct_comercio":8,"pct_manufactura":8,"pct_construccion":17,"pct_transporte":17,"pct_alojamiento":8,"pct_sin_educacion":6,"pct_educ_superior":38,"brecha_educ":-36,"pct_sin_seguro":17,"pct_sus":83,"pct_seguro_privado":0,"brecha_seguro":-4,"pct_salud_publica":22,"pct_med_tradicional":23,"pct_automedicacion":21,"pct_remedios_caseros":24,"pct_viv_desocupada":9,"pct_alquiler":0,"pct_electricidad":80,"pct_sin_electricidad":20,"pct_agua_red":0,"pct_alcantarillado":0,"pct_camara_septica":0,"pct_pozo_ciego":0,"pct_sin_desague":100,"pct_gas_red":0,"pct_gas_garrafa":100,"pct_lena_guano":100,"pct_basura_formal":60,"pct_basura_quema":40,"pct_basura_informal":0,"pct_internet":90,"pct_celular":100,"pct_televisor":30}},{"type":"Feature","geometry":{"type":"Polygon","coordinates":[[[-66.58001,-18.42978],[-66.57991,-18.42966],[-66.58013,-18.42949],[-66.5802,-18.42933],[-66.57995,-18.42906],[-66.57891,-18.42978],[-66.5792,-18.43023],[-66.57997,-18.42995],[-66.58001,-18.42978]]]},"properties":{"n":"LLALLAGUA","p":30,"personas_x_ha":33,"masculinidad":36,"pct_menor20":50,"pct_60mas":3,"pct_migrante":57,"dependencia_econ":150,"pct_empleados":17,"pct_cuentapropia":75,"pct_agricultura":8,"pct_comercio":50,"pct_manufactura":0,"pct_construccion":17,"pct_transporte":8,"pct_alojamiento":8,"pct_sin_educacion":20,"pct_educ_superior":13,"brecha_educ":-64,"pct_sin_seguro":17,"pct_sus":76,"pct_seguro_privado":0,"brecha_seguro":-24,"pct_salud_publica":19,"pct_med_tradicional":18,"pct_automedicacion":20,"pct_remedios_caseros":27,"pct_viv_desocupada":0,"pct_alquiler":0,"pct_electricidad":100,"pct_sin_electricidad":0,"pct_agua_red":38,"pct_alcantarillado":15,"pct_camara_septica":0,"pct_pozo_ciego":46,"pct_sin_desague":38,"pct_gas_red":0,"pct_gas_garrafa":100,"pct_lena_guano":100,"pct_basura_formal":62,"pct_basura_quema":23,"pct_basura_informal":15,"pct_internet":69,"pct_celular":92,"pct_televisor":85}},{"type":"Feature","geometry":{"type":"Polygon","coordinates":[[[-66.57442,-18.42061],[-66.57404,-18.42091],[-66.57429,-18.42119],[-66.57464,-18.42089],[-66.57442,-18.42061]]]},"properties":{"n":"LLALLAGUA","p":28,"personas_x_ha":133,"masculinidad":133,"pct_menor20":43,"pct_60mas":7,"pct_migrante":7,"dependencia_econ":115,"pct_empleados":15,"pct_cuentapropia":54,"pct_agricultura":23,"pct_comercio":15,"pct_manufactura":0,"pct_construccion":46,"pct_transporte":8,"pct_alojamiento":0,"pct_sin_educacion":6,"pct_educ_superior":24,"brecha_educ":21,"pct_sin_seguro":21,"pct_sus":79,"pct_seguro_privado":0,"brecha_seguro":-6,"pct_salud_publica":23,"pct_med_tradicional":23,"pct_automedicacion":14,"pct_remedios_caseros":25,"pct_viv_desocupada":0,"pct_alquiler":0,"pct_electricidad":90,"pct_sin_electricidad":10,"pct_agua_red":0,"pct_alcantarillado":0,"pct_camara_septica":0,"pct_pozo_ciego":0,"pct_sin_desague":100,"pct_gas_red":0,"pct_gas_garrafa":100,"pct_lena_guano":100,"pct_basura_formal":100,"pct_basura_quema":0,"pct_basura_informal":0,"pct_internet":70,"pct_celular":90,"pct_televisor":60}},{"type":"Feature","geometry":{"type":"Polygon","coordinates":[[[-66.58414,-18.42802],[-66.58357,-18.42758],[-66.58334,-18.42729],[-66.58317,-18.4274],[-66.58329,-18.42776],[-66.58383,-18.42849],[-66.58391,-18.4285],[-66.58427,-18.42824],[-66.58414,-18.42802]]]},"properties":{"n":"LLALLAGUA","p":19,"personas_x_ha":31,"masculinidad":111,"pct_menor20":37,"pct_60mas":11,"pct_migrante":47,"dependencia_econ":46,"pct_empleados":8,"pct_cuentapropia":31,"pct_agricultura":8,"pct_comercio":23,"pct_manufactura":8,"pct_construccion":15,"pct_transporte":8,"pct_alojamiento":23,"pct_sin_educacion":0,"pct_educ_superior":38,"brecha_educ":0,"pct_sin_seguro":0,"pct_sus":100,"pct_seguro_privado":0,"brecha_seguro":0,"pct_salud_publica":24,"pct_med_tradicional":5,"pct_automedicacion":18,"pct_remedios_caseros":35,"pct_viv_desocupada":22,"pct_alquiler":29,"pct_electricidad":100,"pct_sin_electricidad":0,"pct_agua_red":100,"pct_alcantarillado":86,"pct_camara_septica":0,"pct_pozo_ciego":0,"pct_sin_desague":14,"pct_gas_red":0,"pct_gas_garrafa":100,"pct_lena_guano":100,"pct_basura_formal":100,"pct_basura_quema":0,"pct_basura_informal":0,"pct_internet":100,"pct_celular":100,"pct_televisor":100}},{"type":"Feature","geometry":{"type":"Polygon","coordinates":[[[-66.58648,-18.42776],[-66.58676,-18.42723],[-66.58686,-18.42726],[-66.58678,-18.42695],[-66.58621,-18.4275],[-66.58648,-18.42776]]]},"properties":{"n":"LLALLAGUA","p":65,"personas_x_ha":250,"masculinidad":91,"pct_menor20":49,"pct_60mas":9,"pct_migrante":38,"dependencia_econ":205,"pct_empleados":48,"pct_cuentapropia":24,"pct_agricultura":19,"pct_comercio":10,"pct_manufactura":5,"pct_construccion":10,"pct_transporte":10,"pct_alojamiento":0,"pct_sin_educacion":14,"pct_educ_superior":40,"brecha_educ":-5,"pct_sin_seguro":18,"pct_sus":76,"pct_seguro_privado":0,"brecha_seguro":-1,"pct_salud_publica":17,"pct_med_tradicional":7,"pct_automedicacion":24,"pct_remedios_caseros":30,"pct_viv_desocupada":0,"pct_alquiler":18,"pct_electricidad":88,"pct_sin_electricidad":12,"pct_agua_red":82,"pct_alcantarillado":88,"pct_camara_septica":0,"pct_pozo_ciego":0,"pct_sin_desague":12,"pct_gas_red":0,"pct_gas_garrafa":100,"pct_lena_guano":100,"pct_basura_formal":100,"pct_basura_quema":0,"pct_basura_informal":0,"pct_internet":59,"pct_celular":65,"pct_televisor":71}},{"type":"Feature","geometry":{"type":"Polygon","coordinates":[[[-66.56556,-18.42883],[-66.56587,-18.42916],[-66.56653,-18.4286],[-66.56623,-18.42826],[-66.56556,-18.42883]]]},"properties":{"n":"LLALLAGUA","p":28,"personas_x_ha":59,"masculinidad":65,"pct_menor20":54,"pct_60mas":0,"pct_migrante":50,"dependencia_econ":300,"pct_empleados":43,"pct_cuentapropia":29,"pct_agricultura":0,"pct_comercio":29,"pct_manufactura":43,"pct_construccion":0,"pct_transporte":14,"pct_alojamiento":14,"pct_sin_educacion":0,"pct_educ_superior":36,"brecha_educ":-44,"pct_sin_seguro":11,"pct_sus":89,"pct_seguro_privado":0,"brecha_seguro":27,"pct_salud_publica":28,"pct_med_tradicional":10,"pct_automedicacion":30,"pct_remedios_caseros":28,"pct_viv_desocupada":7,"pct_alquiler":8,"pct_electricidad":100,"pct_sin_electricidad":0,"pct_agua_red":83,"pct_alcantarillado":42,"pct_camara_septica":0,"pct_pozo_ciego":25,"pct_sin_desague":33,"pct_gas_red":17,"pct_gas_garrafa":83,"pct_lena_guano":83,"pct_basura_formal":100,"pct_basura_quema":0,"pct_basura_informal":0,"pct_internet":92,"pct_celular":100,"pct_televisor":67}},{"type":"Feature","geometry":{"type":"Polygon","coordinates":[[[-66.5904,-18.4266],[-66.58961,-18.4259],[-66.58875,-18.4254],[-66.58869,-18.42544],[-66.58942,-18.42601],[-66.59018,-18.42678],[-66.5904,-18.4266]]]},"properties":{"n":"LLALLAGUA","p":109,"personas_x_ha":232,"masculinidad":98,"pct_menor20":35,"pct_60mas":13,"pct_migrante":43,"dependencia_econ":95,"pct_empleados":38,"pct_cuentapropia":38,"pct_agricultura":0,"pct_comercio":30,"pct_manufactura":7,"pct_construccion":2,"pct_transporte":2,"pct_alojamiento":12,"pct_sin_educacion":0,"pct_educ_superior":51,"brecha_educ":-9,"pct_sin_seguro":12,"pct_sus":65,"pct_seguro_privado":0,"brecha_seguro":9,"pct_salud_publica":23,"pct_med_tradicional":8,"pct_automedicacion":23,"pct_remedios_caseros":25,"pct_viv_desocupada":17,"pct_alquiler":21,"pct_electricidad":100,"pct_sin_electricidad":0,"pct_agua_red":100,"pct_alcantarillado":97,"pct_camara_septica":0,"pct_pozo_ciego":0,"pct_sin_desague":3,"pct_gas_red":29,"pct_gas_garrafa":71,"pct_lena_guano":71,"pct_basura_formal":100,"pct_basura_quema":0,"pct_basura_informal":0,"pct_internet":95,"pct_celular":92,"pct_televisor":87}},{"type":"Feature","geometry":{"type":"Polygon","coordinates":[[[-66.59053,-18.42978],[-66.58951,-18.4299],[-66.58924,-18.43024],[-66.58925,-18.43037],[-66.58994,-18.43027],[-66.59043,-18.43032],[-66.59055,-18.43002],[-66.59053,-18.42978]]]},"properties":{"n":"LLALLAGUA","p":37,"personas_x_ha":59,"masculinidad":48,"pct_menor20":49,"pct_60mas":5,"pct_migrante":43,"dependencia_econ":118,"pct_empleados":18,"pct_cuentapropia":76,"pct_agricultura":24,"pct_comercio":35,"pct_manufactura":0,"pct_construccion":0,"pct_transporte":0,"pct_alojamiento":29,"pct_sin_educacion":26,"pct_educ_superior":5,"brecha_educ":1,"pct_sin_seguro":0,"pct_sus":86,"pct_seguro_privado":5,"brecha_seguro":0,"pct_salud_publica":33,"pct_med_tradicional":6,"pct_automedicacion":15,"pct_remedios_caseros":24,"pct_viv_desocupada":0,"pct_alquiler":0,"pct_electricidad":85,"pct_sin_electricidad":15,"pct_agua_red":50,"pct_alcantarillado":15,"pct_camara_septica":0,"pct_pozo_ciego":0,"pct_sin_desague":80,"pct_gas_red":30,"pct_gas_garrafa":60,"pct_lena_guano":60,"pct_basura_formal":25,"pct_basura_quema":75,"pct_basura_informal":0,"pct_internet":25,"pct_celular":75,"pct_televisor":30}},{"type":"Feature","geometry":{"type":"Polygon","coordinates":[[[-66.57016,-18.42336],[-66.5697,-18.42193],[-66.5695,-18.42198],[-66.56992,-18.42342],[-66.57016,-18.42336]]]},"properties":{"n":"LLALLAGUA","p":22,"personas_x_ha":54,"masculinidad":83,"pct_menor20":36,"pct_60mas":0,"pct_migrante":45,"dependencia_econ":144,"pct_empleados":0,"pct_cuentapropia":89,"pct_agricultura":22,"pct_comercio":67,"pct_manufactura":0,"pct_construccion":11,"pct_transporte":0,"pct_alojamiento":0,"pct_sin_educacion":0,"pct_educ_superior":50,"brecha_educ":-22,"pct_sin_seguro":14,"pct_sus":86,"pct_seguro_privado":0,"brecha_seguro":-25,"pct_salud_publica":38,"pct_med_tradicional":7,"pct_automedicacion":20,"pct_remedios_caseros":33,"pct_viv_desocupada":0,"pct_alquiler":20,"pct_electricidad":90,"pct_sin_electricidad":0,"pct_agua_red":80,"pct_alcantarillado":70,"pct_camara_septica":0,"pct_pozo_ciego":0,"pct_sin_desague":30,"pct_gas_red":30,"pct_gas_garrafa":70,"pct_lena_guano":70,"pct_basura_formal":80,"pct_basura_quema":20,"pct_basura_informal":0,"pct_internet":80,"pct_celular":100,"pct_televisor":100}},{"type":"Feature","geometry":{"type":"Polygon","coordinates":[[[-66.57237,-18.42321],[-66.5715,-18.42349],[-66.5716,-18.42382],[-66.57249,-18.42353],[-66.57237,-18.42321]]]},"properties":{"n":"LLALLAGUA","p":71,"personas_x_ha":182,"masculinidad":92,"pct_menor20":51,"pct_60mas":4,"pct_migrante":39,"dependencia_econ":318,"pct_empleados":12,"pct_cuentapropia":65,"pct_agricultura":29,"pct_comercio":18,"pct_manufactura":6,"pct_construccion":6,"pct_transporte":6,"pct_alojamiento":6,"pct_sin_educacion":3,"pct_educ_superior":45,"brecha_educ":-7,"pct_sin_seguro":15,"pct_sus":68,"pct_seguro_privado":0,"brecha_seguro":15,"pct_salud_publica":21,"pct_med_tradicional":8,"pct_automedicacion":29,"pct_remedios_caseros":30,"pct_viv_desocupada":0,"pct_alquiler":5,"pct_electricidad":100,"pct_sin_electricidad":0,"pct_agua_red":95,"pct_alcantarillado":95,"pct_camara_septica":0,"pct_pozo_ciego":0,"pct_sin_desague":5,"pct_gas_red":45,"pct_gas_garrafa":55,"pct_lena_guano":55,"pct_basura_formal":95,"pct_basura_quema":0,"pct_basura_informal":0,"pct_internet":91,"pct_celular":91,"pct_televisor":91}},{"type":"Feature","geometry":{"type":"Polygon","coordinates":[[[-66.57041,-18.4205],[-66.56999,-18.42075],[-66.57021,-18.42104],[-66.57046,-18.42085],[-66.57041,-18.4205]]]},"properties":{"n":"LLALLAGUA","p":20,"personas_x_ha":117,"masculinidad":186,"pct_menor20":55,"pct_60mas":0,"pct_migrante":55,"dependencia_econ":122,"pct_empleados":11,"pct_cuentapropia":78,"pct_agricultura":0,"pct_comercio":11,"pct_manufactura":22,"pct_construccion":0,"pct_transporte":22,"pct_alojamiento":0,"pct_sin_educacion":9,"pct_educ_superior":64,"brecha_educ":-3,"pct_sin_seguro":15,"pct_sus":60,"pct_seguro_privado":15,"brecha_seguro":1,"pct_salud_publica":18,"pct_med_tradicional":21,"pct_automedicacion":24,"pct_remedios_caseros":26,"pct_viv_desocupada":17,"pct_alquiler":50,"pct_electricidad":100,"pct_sin_electricidad":0,"pct_agua_red":100,"pct_alcantarillado":90,"pct_camara_septica":0,"pct_pozo_ciego":0,"pct_sin_desague":10,"pct_gas_red":10,"pct_gas_garrafa":90,"pct_lena_guano":90,"pct_basura_formal":100,"pct_basura_quema":0,"pct_basura_informal":0,"pct_internet":100,"pct_celular":100,"pct_televisor":80}},{"type":"Feature","geometry":{"type":"Polygon","coordinates":[[[-66.56971,-18.42031],[-66.57003,-18.42014],[-66.56991,-18.41974],[-66.56955,-18.41984],[-66.56971,-18.42031]]]},"properties":{"n":"LLALLAGUA","p":34,"personas_x_ha":157,"masculinidad":79,"pct_menor20":44,"pct_60mas":3,"pct_migrante":56,"dependencia_econ":127,"pct_empleados":33,"pct_cuentapropia":47,"pct_agricultura":0,"pct_comercio":27,"pct_manufactura":7,"pct_construccion":13,"pct_transporte":7,"pct_alojamiento":13,"pct_sin_educacion":0,"pct_educ_superior":38,"brecha_educ":12,"pct_sin_seguro":18,"pct_sus":79,"pct_seguro_privado":0,"brecha_seguro":-8,"pct_salud_publica":20,"pct_med_tradicional":13,"pct_automedicacion":17,"pct_remedios_caseros":21,"pct_viv_desocupada":10,"pct_alquiler":0,"pct_electricidad":89,"pct_sin_electricidad":11,"pct_agua_red":89,"pct_alcantarillado":89,"pct_camara_septica":0,"pct_pozo_ciego":0,"pct_sin_desague":11,"pct_gas_red":44,"pct_gas_garrafa":56,"pct_lena_guano":56,"pct_basura_formal":100,"pct_basura_quema":0,"pct_basura_informal":0,"pct_internet":100,"pct_celular":100,"pct_televisor":100}},{"type":"Feature","geometry":{"type":"Polygon","coordinates":[[[-66.57557,-18.41917],[-66.57585,-18.41895],[-66.57547,-18.41863],[-66.5754,-18.41869],[-66.57547,-18.41878],[-66.57532,-18.41891],[-66.57557,-18.41917]]]},"properties":{"n":"LLALLAGUA","p":18,"personas_x_ha":114,"masculinidad":80,"pct_menor20":44,"pct_60mas":0,"pct_migrante":50,"dependencia_econ":100,"pct_empleados":11,"pct_cuentapropia":89,"pct_agricultura":22,"pct_comercio":11,"pct_manufactura":11,"pct_construccion":0,"pct_transporte":0,"pct_alojamiento":11,"pct_sin_educacion":0,"pct_educ_superior":10,"brecha_educ":24,"pct_sin_seguro":6,"pct_sus":94,"pct_seguro_privado":0,"brecha_seguro":-10,"pct_salud_publica":24,"pct_med_tradicional":16,"pct_automedicacion":29,"pct_remedios_caseros":29,"pct_viv_desocupada":0,"pct_alquiler":0,"pct_electricidad":33,"pct_sin_electricidad":67,"pct_agua_red":0,"pct_alcantarillado":0,"pct_camara_septica":0,"pct_pozo_ciego":0,"pct_sin_desague":100,"pct_gas_red":0,"pct_gas_garrafa":89,"pct_lena_guano":89,"pct_basura_formal":0,"pct_basura_quema":67,"pct_basura_informal":0,"pct_internet":78,"pct_celular":100,"pct_televisor":44}},{"type":"Feature","geometry":{"type":"Polygon","coordinates":[[[-66.56932,-18.419],[-66.56942,-18.41933],[-66.57025,-18.41914],[-66.57023,-18.41907],[-66.56957,-18.4192],[-66.56955,-18.41911],[-66.56982,-18.41902],[-66.56977,-18.41885],[-66.56932,-18.419]]]},"properties":{"n":"LLALLAGUA","p":35,"personas_x_ha":168,"masculinidad":119,"pct_menor20":43,"pct_60mas":6,"pct_migrante":49,"dependencia_econ":169,"pct_empleados":8,"pct_cuentapropia":69,"pct_agricultura":0,"pct_comercio":15,"pct_manufactura":15,"pct_construccion":0,"pct_transporte":15,"pct_alojamiento":0,"pct_sin_educacion":5,"pct_educ_superior":65,"brecha_educ":-10,"pct_sin_seguro":17,"pct_sus":60,"pct_seguro_privado":0,"brecha_seguro":9,"pct_salud_publica":14,"pct_med_tradicional":7,"pct_automedicacion":22,"pct_remedios_caseros":25,"pct_viv_desocupada":0,"pct_alquiler":8,"pct_electricidad":92,"pct_sin_electricidad":8,"pct_agua_red":85,"pct_alcantarillado":54,"pct_camara_septica":0,"pct_pozo_ciego":8,"pct_sin_desague":31,"pct_gas_red":77,"pct_gas_garrafa":23,"pct_lena_guano":23,"pct_basura_formal":85,"pct_basura_quema":8,"pct_basura_informal":0,"pct_internet":85,"pct_celular":100,"pct_televisor":85}},{"type":"Feature","geometry":{"type":"Polygon","coordinates":[[[-66.57463,-18.41759],[-66.57412,-18.41706],[-66.5738,-18.41732],[-66.57455,-18.41834],[-66.5748,-18.41816],[-66.57474,-18.41808],[-66.57462,-18.41816],[-66.57474,-18.41807],[-66.57449,-18.4177],[-66.57463,-18.41759]]]},"properties":{"n":"LLALLAGUA","p":46,"personas_x_ha":76,"masculinidad":119,"pct_menor20":48,"pct_60mas":4,"pct_migrante":59,"dependencia_econ":100,"pct_empleados":39,"pct_cuentapropia":30,"pct_agricultura":13,"pct_comercio":22,"pct_manufactura":4,"pct_construccion":17,"pct_transporte":4,"pct_alojamiento":4,"pct_sin_educacion":12,"pct_educ_superior":16,"brecha_educ":-37,"pct_sin_seguro":7,"pct_sus":91,"pct_seguro_privado":0,"brecha_seguro":12,"pct_salud_publica":19,"pct_med_tradicional":12,"pct_automedicacion":22,"pct_remedios_caseros":24,"pct_viv_desocupada":0,"pct_alquiler":0,"pct_electricidad":54,"pct_sin_electricidad":42,"pct_agua_red":0,"pct_alcantarillado":0,"pct_camara_septica":0,"pct_pozo_ciego":4,"pct_sin_desague":96,"pct_gas_red":0,"pct_gas_garrafa":88,"pct_lena_guano":88,"pct_basura_formal":31,"pct_basura_quema":50,"pct_basura_informal":0,"pct_internet":69,"pct_celular":85,"pct_televisor":35}},{"type":"Feature","geometry":{"type":"Polygon","coordinates":[[[-66.5757,-18.42174],[-66.57607,-18.42118],[-66.57568,-18.42109],[-66.57539,-18.42155],[-66.5757,-18.42174]]]},"properties":{"n":"LLALLAGUA","p":29,"personas_x_ha":108,"masculinidad":53,"pct_menor20":52,"pct_60mas":0,"pct_migrante":17,"dependencia_econ":383,"pct_empleados":50,"pct_cuentapropia":33,"pct_agricultura":17,"pct_comercio":17,"pct_manufactura":0,"pct_construccion":17,"pct_transporte":0,"pct_alojamiento":17,"pct_sin_educacion":7,"pct_educ_superior":14,"brecha_educ":-45,"pct_sin_seguro":14,"pct_sus":79,"pct_seguro_privado":0,"brecha_seguro":9,"pct_salud_publica":13,"pct_med_tradicional":22,"pct_automedicacion":20,"pct_remedios_caseros":23,"pct_viv_desocupada":0,"pct_alquiler":0,"pct_electricidad":73,"pct_sin_electricidad":18,"pct_agua_red":9,"pct_alcantarillado":18,"pct_camara_septica":0,"pct_pozo_ciego":0,"pct_sin_desague":82,"pct_gas_red":0,"pct_gas_garrafa":100,"pct_lena_guano":100,"pct_basura_formal":82,"pct_basura_quema":18,"pct_basura_informal":0,"pct_internet":55,"pct_celular":91,"pct_televisor":55}},{"type":"Feature","geometry":{"type":"Polygon","coordinates":[[[-66.57546,-18.4269],[-66.57579,-18.42627],[-66.57563,-18.42597],[-66.575,-18.426],[-66.57373,-18.42679],[-66.57395,-18.4272],[-66.57546,-18.4269]]]},"properties":{"n":"LLALLAGUA","p":124,"personas_x_ha":71,"masculinidad":75,"pct_menor20":46,"pct_60mas":3,"pct_migrante":27,"dependencia_econ":158,"pct_empleados":38,"pct_cuentapropia":46,"pct_agricultura":2,"pct_comercio":23,"pct_manufactura":4,"pct_construccion":6,"pct_transporte":8,"pct_alojamiento":8,"pct_sin_educacion":12,"pct_educ_superior":43,"brecha_educ":3,"pct_sin_seguro":9,"pct_sus":85,"pct_seguro_privado":0,"brecha_seguro":-5,"pct_salud_publica":19,"pct_med_tradicional":15,"pct_automedicacion":21,"pct_remedios_caseros":24,"pct_viv_desocupada":2,"pct_alquiler":12,"pct_electricidad":94,"pct_sin_electricidad":6,"pct_agua_red":91,"pct_alcantarillado":85,"pct_camara_septica":0,"pct_pozo_ciego":0,"pct_sin_desague":12,"pct_gas_red":56,"pct_gas_garrafa":44,"pct_lena_guano":44,"pct_basura_formal":100,"pct_basura_quema":0,"pct_basura_informal":0,"pct_internet":94,"pct_celular":100,"pct_televisor":79}},{"type":"Feature","geometry":{"type":"Polygon","coordinates":[[[-66.58308,-18.42057],[-66.58251,-18.42188],[-66.58361,-18.42221],[-66.58378,-18.42202],[-66.58385,-18.42122],[-66.58308,-18.42057]]]},"properties":{"n":"LLALLAGUA","p":135,"personas_x_ha":88,"masculinidad":105,"pct_menor20":22,"pct_60mas":16,"pct_migrante":41,"dependencia_econ":74,"pct_empleados":42,"pct_cuentapropia":43,"pct_agricultura":5,"pct_comercio":19,"pct_manufactura":5,"pct_construccion":5,"pct_transporte":8,"pct_alojamiento":8,"pct_sin_educacion":2,"pct_educ_superior":65,"brecha_educ":-8,"pct_sin_seguro":17,"pct_sus":54,"pct_seguro_privado":1,"brecha_seguro":11,"pct_salud_publica":22,"pct_med_tradicional":9,"pct_automedicacion":20,"pct_remedios_caseros":23,"pct_viv_desocupada":4,"pct_alquiler":37,"pct_electricidad":98,"pct_sin_electricidad":0,"pct_agua_red":96,"pct_alcantarillado":84,"pct_camara_septica":0,"pct_pozo_ciego":0,"pct_sin_desague":4,"pct_gas_red":39,"pct_gas_garrafa":58,"pct_lena_guano":58,"pct_basura_formal":100,"pct_basura_quema":0,"pct_basura_informal":0,"pct_internet":84,"pct_celular":89,"pct_televisor":74}},{"type":"Feature","geometry":{"type":"Polygon","coordinates":[[[-66.56531,-18.42036],[-66.56589,-18.42146],[-66.56609,-18.42136],[-66.56542,-18.42015],[-66.56532,-18.42022],[-66.56531,-18.42036]]]},"properties":{"n":"LLALLAGUA","p":15,"personas_x_ha":44,"masculinidad":50,"pct_menor20":7,"pct_60mas":7,"pct_migrante":53,"dependencia_econ":36,"pct_empleados":45,"pct_cuentapropia":36,"pct_agricultura":18,"pct_comercio":18,"pct_manufactura":9,"pct_construccion":18,"pct_transporte":9,"pct_alojamiento":18,"pct_sin_educacion":0,"pct_educ_superior":7,"brecha_educ":36,"pct_sin_seguro":0,"pct_sus":93,"pct_seguro_privado":0,"brecha_seguro":0,"pct_salud_publica":21,"pct_med_tradicional":16,"pct_automedicacion":21,"pct_remedios_caseros":34,"pct_viv_desocupada":0,"pct_alquiler":0,"pct_electricidad":64,"pct_sin_electricidad":36,"pct_agua_red":64,"pct_alcantarillado":0,"pct_camara_septica":7,"pct_pozo_ciego":0,"pct_sin_desague":93,"pct_gas_red":0,"pct_gas_garrafa":93,"pct_lena_guano":93,"pct_basura_formal":36,"pct_basura_quema":57,"pct_basura_informal":0,"pct_internet":100,"pct_celular":93,"pct_televisor":43}},{"type":"Feature","geometry":{"type":"Polygon","coordinates":[[[-66.57614,-18.42122],[-66.57569,-18.4219],[-66.57592,-18.42201],[-66.57636,-18.42135],[-66.57614,-18.42122]]]},"properties":{"n":"LLALLAGUA","p":34,"personas_x_ha":140,"masculinidad":100,"pct_menor20":32,"pct_60mas":15,"pct_migrante":53,"dependencia_econ":120,"pct_empleados":53,"pct_cuentapropia":40,"pct_agricultura":0,"pct_comercio":20,"pct_manufactura":7,"pct_construccion":13,"pct_transporte":0,"pct_alojamiento":7,"pct_sin_educacion":5,"pct_educ_superior":68,"brecha_educ":-27,"pct_sin_seguro":6,"pct_sus":52,"pct_seguro_privado":6,"brecha_seguro":12,"pct_salud_publica":26,"pct_med_tradicional":7,"pct_automedicacion":17,"pct_remedios_caseros":17,"pct_viv_desocupada":0,"pct_alquiler":7,"pct_electricidad":80,"pct_sin_electricidad":20,"pct_agua_red":67,"pct_alcantarillado":60,"pct_camara_septica":0,"pct_pozo_ciego":7,"pct_sin_desague":33,"pct_gas_red":20,"pct_gas_garrafa":67,"pct_lena_guano":67,"pct_basura_formal":87,"pct_basura_quema":7,"pct_basura_informal":0,"pct_internet":93,"pct_celular":100,"pct_televisor":80}},{"type":"Feature","geometry":{"type":"Polygon","coordinates":[[[-66.5794,-18.4279],[-66.57853,-18.42854],[-66.57834,-18.42875],[-66.57858,-18.42897],[-66.57961,-18.42819],[-66.5794,-18.4279]]]},"properties":{"n":"LLALLAGUA","p":98,"personas_x_ha":175,"masculinidad":109,"pct_menor20":39,"pct_60mas":6,"pct_migrante":46,"dependencia_econ":113,"pct_empleados":24,"pct_cuentapropia":46,"pct_agricultura":13,"pct_comercio":20,"pct_manufactura":4,"pct_construccion":7,"pct_transporte":13,"pct_alojamiento":2,"pct_sin_educacion":2,"pct_educ_superior":49,"brecha_educ":-12,"pct_sin_seguro":10,"pct_sus":55,"pct_seguro_privado":1,"brecha_seguro":-9,"pct_salud_publica":18,"pct_med_tradicional":10,"pct_automedicacion":22,"pct_remedios_caseros":25,"pct_viv_desocupada":3,"pct_alquiler":3,"pct_electricidad":100,"pct_sin_electricidad":0,"pct_agua_red":87,"pct_alcantarillado":90,"pct_camara_septica":0,"pct_pozo_ciego":10,"pct_sin_desague":0,"pct_gas_red":61,"pct_gas_garrafa":39,"pct_lena_guano":39,"pct_basura_formal":100,"pct_basura_quema":0,"pct_basura_informal":0,"pct_internet":90,"pct_celular":97,"pct_televisor":94}},{"type":"Feature","geometry":{"type":"Polygon","coordinates":[[[-66.56365,-18.42358],[-66.56296,-18.42412],[-66.56326,-18.42445],[-66.56395,-18.42391],[-66.56365,-18.42358]]]},"properties":{"n":"LLALLAGUA","p":55,"personas_x_ha":118,"masculinidad":62,"pct_menor20":51,"pct_60mas":4,"pct_migrante":45,"dependencia_econ":206,"pct_empleados":39,"pct_cuentapropia":50,"pct_agricultura":6,"pct_comercio":33,"pct_manufactura":6,"pct_construccion":11,"pct_transporte":22,"pct_alojamiento":11,"pct_sin_educacion":14,"pct_educ_superior":28,"brecha_educ":-12,"pct_sin_seguro":9,"pct_sus":85,"pct_seguro_privado":0,"brecha_seguro":8,"pct_salud_publica":29,"pct_med_tradicional":9,"pct_automedicacion":22,"pct_remedios_caseros":28,"pct_viv_desocupada":0,"pct_alquiler":0,"pct_electricidad":94,"pct_sin_electricidad":6,"pct_agua_red":88,"pct_alcantarillado":0,"pct_camara_septica":0,"pct_pozo_ciego":0,"pct_sin_desague":100,"pct_gas_red":6,"pct_gas_garrafa":94,"pct_lena_guano":94,"pct_basura_formal":35,"pct_basura_quema":41,"pct_basura_informal":0,"pct_internet":82,"pct_celular":94,"pct_televisor":71}},{"type":"Feature","geometry":{"type":"Polygon","coordinates":[[[-66.58479,-18.42494],[-66.58475,-18.42507],[-66.58497,-18.42523],[-66.58532,-18.42481],[-66.58508,-18.42428],[-66.58513,-18.42426],[-66.5854,-18.42472],[-66.58582,-18.42416],[-66.5852,-18.42379],[-66.58497,-18.42403],[-66.58507,-18.42418],[-66.58495,-18.42404],[-66.58424,-18.42476],[-66.58473,-18.42506],[-66.58479,-18.42494]]]},"properties":{"n":"LLALLAGUA","p":319,"personas_x_ha":261,"masculinidad":98,"pct_menor20":31,"pct_60mas":8,"pct_migrante":53,"dependencia_econ":110,"pct_empleados":34,"pct_cuentapropia":48,"pct_agricultura":4,"pct_comercio":30,"pct_manufactura":5,"pct_construccion":1,"pct_transporte":10,"pct_alojamiento":9,"pct_sin_educacion":2,"pct_educ_superior":73,"brecha_educ":-7,"pct_sin_seguro":17,"pct_sus":56,"pct_seguro_privado":1,"brecha_seguro":7,"pct_salud_publica":21,"pct_med_tradicional":10,"pct_automedicacion":20,"pct_remedios_caseros":21,"pct_viv_desocupada":0,"pct_alquiler":52,"pct_electricidad":100,"pct_sin_electricidad":0,"pct_agua_red":96,"pct_alcantarillado":98,"pct_camara_septica":2,"pct_pozo_ciego":0,"pct_sin_desague":0,"pct_gas_red":18,"pct_gas_garrafa":80,"pct_lena_guano":80,"pct_basura_formal":100,"pct_basura_quema":0,"pct_basura_informal":0,"pct_internet":95,"pct_celular":97,"pct_televisor":77}},{"type":"Feature","geometry":{"type":"Polygon","coordinates":[[[-66.56989,-18.42627],[-66.56973,-18.42669],[-66.57057,-18.42698],[-66.57073,-18.42657],[-66.56989,-18.42627]]]},"properties":{"n":"LLALLAGUA","p":69,"personas_x_ha":145,"masculinidad":116,"pct_menor20":43,"pct_60mas":3,"pct_migrante":28,"dependencia_econ":214,"pct_empleados":14,"pct_cuentapropia":73,"pct_agricultura":14,"pct_comercio":18,"pct_manufactura":9,"pct_construccion":23,"pct_transporte":18,"pct_alojamiento":5,"pct_sin_educacion":5,"pct_educ_superior":22,"brecha_educ":-19,"pct_sin_seguro":26,"pct_sus":71,"pct_seguro_privado":1,"brecha_seguro":20,"pct_salud_publica":32,"pct_med_tradicional":10,"pct_automedicacion":24,"pct_remedios_caseros":27,"pct_viv_desocupada":4,"pct_alquiler":25,"pct_electricidad":96,"pct_sin_electricidad":4,"pct_agua_red":88,"pct_alcantarillado":88,"pct_camara_septica":0,"pct_pozo_ciego":0,"pct_sin_desague":8,"pct_gas_red":42,"pct_gas_garrafa":54,"pct_lena_guano":54,"pct_basura_formal":100,"pct_basura_quema":0,"pct_basura_informal":0,"pct_internet":67,"pct_celular":96,"pct_televisor":88}},{"type":"Feature","geometry":{"type":"Polygon","coordinates":[[[-66.58478,-18.42868],[-66.58464,-18.42819],[-66.58424,-18.42834],[-66.58395,-18.42856],[-66.58389,-18.42913],[-66.58373,-18.42936],[-66.58379,-18.42951],[-66.58478,-18.42868]]]},"properties":{"n":"LLALLAGUA","p":39,"personas_x_ha":54,"masculinidad":70,"pct_menor20":49,"pct_60mas":8,"pct_migrante":41,"dependencia_econ":144,"pct_empleados":19,"pct_cuentapropia":62,"pct_agricultura":6,"pct_comercio":19,"pct_manufactura":19,"pct_construccion":6,"pct_transporte":0,"pct_alojamiento":44,"pct_sin_educacion":14,"pct_educ_superior":38,"brecha_educ":-10,"pct_sin_seguro":14,"pct_sus":84,"pct_seguro_privado":0,"brecha_seguro":-10,"pct_salud_publica":25,"pct_med_tradicional":10,"pct_automedicacion":16,"pct_remedios_caseros":28,"pct_viv_desocupada":0,"pct_alquiler":19,"pct_electricidad":94,"pct_sin_electricidad":6,"pct_agua_red":81,"pct_alcantarillado":56,"pct_camara_septica":0,"pct_pozo_ciego":0,"pct_sin_desague":44,"pct_gas_red":19,"pct_gas_garrafa":81,"pct_lena_guano":81,"pct_basura_formal":94,"pct_basura_quema":6,"pct_basura_informal":0,"pct_internet":75,"pct_celular":81,"pct_televisor":75}},{"type":"Feature","geometry":{"type":"Polygon","coordinates":[[[-66.585,-18.42391],[-66.5849,-18.42378],[-66.58365,-18.42425],[-66.58408,-18.42482],[-66.585,-18.42391]]]},"properties":{"n":"LLALLAGUA","p":135,"personas_x_ha":197,"masculinidad":75,"pct_menor20":26,"pct_60mas":14,"pct_migrante":46,"dependencia_econ":73,"pct_empleados":24,"pct_cuentapropia":59,"pct_agricultura":4,"pct_comercio":40,"pct_manufactura":5,"pct_construccion":4,"pct_transporte":5,"pct_alojamiento":6,"pct_sin_educacion":4,"pct_educ_superior":70,"brecha_educ":-13,"pct_sin_seguro":18,"pct_sus":64,"pct_seguro_privado":1,"brecha_seguro":14,"pct_salud_publica":21,"pct_med_tradicional":12,"pct_automedicacion":16,"pct_remedios_caseros":22,"pct_viv_desocupada":3,"pct_alquiler":27,"pct_electricidad":100,"pct_sin_electricidad":0,"pct_agua_red":95,"pct_alcantarillado":98,"pct_camara_septica":0,"pct_pozo_ciego":0,"pct_sin_desague":2,"pct_gas_red":33,"pct_gas_garrafa":65,"pct_lena_guano":65,"pct_basura_formal":100,"pct_basura_quema":0,"pct_basura_informal":0,"pct_internet":87,"pct_celular":94,"pct_televisor":87}},{"type":"Feature","geometry":{"type":"Polygon","coordinates":[[[-66.567,-18.42913],[-66.56634,-18.42968],[-66.56663,-18.43001],[-66.5673,-18.42945],[-66.567,-18.42913]]]},"properties":{"n":"LLALLAGUA","p":42,"personas_x_ha":92,"masculinidad":83,"pct_menor20":50,"pct_60mas":7,"pct_migrante":31,"dependencia_econ":147,"pct_empleados":12,"pct_cuentapropia":65,"pct_agricultura":24,"pct_comercio":12,"pct_manufactura":0,"pct_construccion":6,"pct_transporte":12,"pct_alojamiento":12,"pct_sin_educacion":19,"pct_educ_superior":33,"brecha_educ":-33,"pct_sin_seguro":10,"pct_sus":74,"pct_seguro_privado":2,"brecha_seguro":2,"pct_salud_publica":29,"pct_med_tradicional":6,"pct_automedicacion":13,"pct_remedios_caseros":36,"pct_viv_desocupada":5,"pct_alquiler":25,"pct_electricidad":90,"pct_sin_electricidad":10,"pct_agua_red":85,"pct_alcantarillado":80,"pct_camara_septica":0,"pct_pozo_ciego":0,"pct_sin_desague":20,"pct_gas_red":50,"pct_gas_garrafa":50,"pct_lena_guano":50,"pct_basura_formal":95,"pct_basura_quema":0,"pct_basura_informal":10,"pct_internet":75,"pct_celular":95,"pct_televisor":60}},{"type":"Feature","geometry":{"type":"Polygon","coordinates":[[[-66.57259,-18.42967],[-66.57312,-18.42928],[-66.57292,-18.42874],[-66.57254,-18.42887],[-66.57261,-18.42913],[-66.57255,-18.42917],[-66.57259,-18.42967]]]},"properties":{"n":"LLALLAGUA","p":38,"personas_x_ha":92,"masculinidad":65,"pct_menor20":58,"pct_60mas":5,"pct_migrante":55,"dependencia_econ":171,"pct_empleados":21,"pct_cuentapropia":43,"pct_agricultura":7,"pct_comercio":29,"pct_manufactura":0,"pct_construccion":7,"pct_transporte":0,"pct_alojamiento":43,"pct_sin_educacion":12,"pct_educ_superior":6,"brecha_educ":-50,"pct_sin_seguro":29,"pct_sus":71,"pct_seguro_privado":0,"brecha_seguro":18,"pct_salud_publica":20,"pct_med_tradicional":10,"pct_automedicacion":27,"pct_remedios_caseros":26,"pct_viv_desocupada":14,"pct_alquiler":24,"pct_electricidad":100,"pct_sin_electricidad":0,"pct_agua_red":100,"pct_alcantarillado":100,"pct_camara_septica":0,"pct_pozo_ciego":0,"pct_sin_desague":0,"pct_gas_red":53,"pct_gas_garrafa":47,"pct_lena_guano":47,"pct_basura_formal":100,"pct_basura_quema":0,"pct_basura_informal":0,"pct_internet":88,"pct_celular":88,"pct_televisor":88}},{"type":"Feature","geometry":{"type":"Polygon","coordinates":[[[-66.56838,-18.42675],[-66.56854,-18.42632],[-66.5677,-18.42602],[-66.56754,-18.42644],[-66.56838,-18.42675]]]},"properties":{"n":"LLALLAGUA","p":55,"personas_x_ha":112,"masculinidad":57,"pct_menor20":53,"pct_60mas":4,"pct_migrante":24,"dependencia_econ":139,"pct_empleados":48,"pct_cuentapropia":30,"pct_agricultura":26,"pct_comercio":17,"pct_manufactura":9,"pct_construccion":22,"pct_transporte":4,"pct_alojamiento":4,"pct_sin_educacion":18,"pct_educ_superior":25,"brecha_educ":-25,"pct_sin_seguro":9,"pct_sus":91,"pct_seguro_privado":0,"brecha_seguro":1,"pct_salud_publica":20,"pct_med_tradicional":20,"pct_automedicacion":22,"pct_remedios_caseros":25,"pct_viv_desocupada":0,"pct_alquiler":15,"pct_electricidad":95,"pct_sin_electricidad":5,"pct_agua_red":80,"pct_alcantarillado":95,"pct_camara_septica":0,"pct_pozo_ciego":0,"pct_sin_desague":5,"pct_gas_red":50,"pct_gas_garrafa":50,"pct_lena_guano":50,"pct_basura_formal":95,"pct_basura_quema":5,"pct_basura_informal":0,"pct_internet":90,"pct_celular":100,"pct_televisor":85}},{"type":"Feature","geometry":{"type":"Polygon","coordinates":[[[-66.57997,-18.42448],[-66.57968,-18.42432],[-66.5792,-18.42511],[-66.57948,-18.42528],[-66.57997,-18.42448]]]},"properties":{"n":"LLALLAGUA","p":77,"personas_x_ha":207,"masculinidad":83,"pct_menor20":42,"pct_60mas":8,"pct_migrante":49,"dependencia_econ":133,"pct_empleados":27,"pct_cuentapropia":52,"pct_agricultura":6,"pct_comercio":24,"pct_manufactura":6,"pct_construccion":9,"pct_transporte":6,"pct_alojamiento":12,"pct_sin_educacion":7,"pct_educ_superior":52,"brecha_educ":-14,"pct_sin_seguro":17,"pct_sus":65,"pct_seguro_privado":0,"brecha_seguro":-5,"pct_salud_publica":21,"pct_med_tradicional":5,"pct_automedicacion":24,"pct_remedios_caseros":26,"pct_viv_desocupada":0,"pct_alquiler":42,"pct_electricidad":100,"pct_sin_electricidad":0,"pct_agua_red":100,"pct_alcantarillado":96,"pct_camara_septica":4,"pct_pozo_ciego":0,"pct_sin_desague":0,"pct_gas_red":50,"pct_gas_garrafa":46,"pct_lena_guano":46,"pct_basura_formal":100,"pct_basura_quema":0,"pct_basura_informal":0,"pct_internet":88,"pct_celular":81,"pct_televisor":88}},{"type":"Feature","geometry":{"type":"Polygon","coordinates":[[[-66.56593,-18.42514],[-66.56608,-18.4253],[-66.56671,-18.42554],[-66.56689,-18.42514],[-66.56607,-18.4248],[-66.56593,-18.42514]]]},"properties":{"n":"LLALLAGUA","p":46,"personas_x_ha":97,"masculinidad":77,"pct_menor20":39,"pct_60mas":13,"pct_migrante":39,"dependencia_econ":67,"pct_empleados":15,"pct_cuentapropia":48,"pct_agricultura":48,"pct_comercio":4,"pct_manufactura":7,"pct_construccion":7,"pct_transporte":4,"pct_alojamiento":19,"pct_sin_educacion":18,"pct_educ_superior":32,"brecha_educ":-28,"pct_sin_seguro":13,"pct_sus":60,"pct_seguro_privado":0,"brecha_seguro":4,"pct_salud_publica":18,"pct_med_tradicional":14,"pct_automedicacion":23,"pct_remedios_caseros":28,"pct_viv_desocupada":11,"pct_alquiler":0,"pct_electricidad":100,"pct_sin_electricidad":0,"pct_agua_red":69,"pct_alcantarillado":88,"pct_camara_septica":0,"pct_pozo_ciego":0,"pct_sin_desague":6,"pct_gas_red":56,"pct_gas_garrafa":38,"pct_lena_guano":38,"pct_basura_formal":94,"pct_basura_quema":0,"pct_basura_informal":12,"pct_internet":69,"pct_celular":69,"pct_televisor":88}},{"type":"Feature","geometry":{"type":"Polygon","coordinates":[[[-66.5885,-18.42336],[-66.58777,-18.42279],[-66.58774,-18.4228],[-66.58831,-18.4235],[-66.5885,-18.42336]]]},"properties":{"n":"LLALLAGUA","p":60,"personas_x_ha":387,"masculinidad":114,"pct_menor20":28,"pct_60mas":5,"pct_migrante":48,"dependencia_econ":150,"pct_empleados":38,"pct_cuentapropia":42,"pct_agricultura":0,"pct_comercio":17,"pct_manufactura":17,"pct_construccion":8,"pct_transporte":4,"pct_alojamiento":17,"pct_sin_educacion":0,"pct_educ_superior":57,"brecha_educ":3,"pct_sin_seguro":20,"pct_sus":63,"pct_seguro_privado":0,"brecha_seguro":-9,"pct_salud_publica":20,"pct_med_tradicional":8,"pct_automedicacion":24,"pct_remedios_caseros":21,"pct_viv_desocupada":0,"pct_alquiler":59,"pct_electricidad":100,"pct_sin_electricidad":0,"pct_agua_red":73,"pct_alcantarillado":100,"pct_camara_septica":0,"pct_pozo_ciego":0,"pct_sin_desague":0,"pct_gas_red":41,"pct_gas_garrafa":55,"pct_lena_guano":55,"pct_basura_formal":100,"pct_basura_quema":0,"pct_basura_informal":0,"pct_internet":86,"pct_celular":100,"pct_televisor":82}},{"type":"Feature","geometry":{"type":"Polygon","coordinates":[[[-66.58733,-18.4223],[-66.58705,-18.42169],[-66.58656,-18.42218],[-66.58683,-18.42252],[-66.58733,-18.4223]]]},"properties":{"n":"LLALLAGUA","p":79,"personas_x_ha":198,"masculinidad":80,"pct_menor20":29,"pct_60mas":24,"pct_migrante":42,"dependencia_econ":80,"pct_empleados":20,"pct_cuentapropia":64,"pct_agricultura":5,"pct_comercio":59,"pct_manufactura":2,"pct_construccion":0,"pct_transporte":5,"pct_alojamiento":0,"pct_sin_educacion":2,"pct_educ_superior":58,"brecha_educ":-10,"pct_sin_seguro":11,"pct_sus":59,"pct_seguro_privado":0,"brecha_seguro":-5,"pct_salud_publica":17,"pct_med_tradicional":8,"pct_automedicacion":22,"pct_remedios_caseros":22,"pct_viv_desocupada":17,"pct_alquiler":10,"pct_electricidad":97,"pct_sin_electricidad":0,"pct_agua_red":100,"pct_alcantarillado":100,"pct_camara_septica":0,"pct_pozo_ciego":0,"pct_sin_desague":0,"pct_gas_red":48,"pct_gas_garrafa":52,"pct_lena_guano":52,"pct_basura_formal":100,"pct_basura_quema":0,"pct_basura_informal":0,"pct_internet":93,"pct_celular":100,"pct_televisor":97}},{"type":"Feature","geometry":{"type":"Polygon","coordinates":[[[-66.5788,-18.42236],[-66.57853,-18.42256],[-66.57814,-18.42311],[-66.57813,-18.42333],[-66.57846,-18.42351],[-66.57909,-18.4225],[-66.5788,-18.42236]]]},"properties":{"n":"LLALLAGUA","p":64,"personas_x_ha":104,"masculinidad":121,"pct_menor20":28,"pct_60mas":6,"pct_migrante":41,"dependencia_econ":94,"pct_empleados":48,"pct_cuentapropia":45,"pct_agricultura":3,"pct_comercio":18,"pct_manufactura":6,"pct_construccion":9,"pct_transporte":12,"pct_alojamiento":12,"pct_sin_educacion":2,"pct_educ_superior":65,"brecha_educ":-5,"pct_sin_seguro":16,"pct_sus":63,"pct_seguro_privado":0,"brecha_seguro":-3,"pct_salud_publica":26,"pct_med_tradicional":6,"pct_automedicacion":15,"pct_remedios_caseros":27,"pct_viv_desocupada":0,"pct_alquiler":21,"pct_electricidad":100,"pct_sin_electricidad":0,"pct_agua_red":92,"pct_alcantarillado":100,"pct_camara_septica":0,"pct_pozo_ciego":0,"pct_sin_desague":0,"pct_gas_red":62,"pct_gas_garrafa":33,"pct_lena_guano":33,"pct_basura_formal":100,"pct_basura_quema":0,"pct_basura_informal":0,"pct_internet":92,"pct_celular":96,"pct_televisor":88}},{"type":"Feature","geometry":{"type":"Polygon","coordinates":[[[-66.57947,-18.42271],[-66.57916,-18.42255],[-66.57856,-18.42356],[-66.57887,-18.42373],[-66.57947,-18.42271]]]},"properties":{"n":"LLALLAGUA","p":59,"personas_x_ha":115,"masculinidad":79,"pct_menor20":41,"pct_60mas":10,"pct_migrante":47,"dependencia_econ":107,"pct_empleados":36,"pct_cuentapropia":46,"pct_agricultura":4,"pct_comercio":46,"pct_manufactura":7,"pct_construccion":0,"pct_transporte":4,"pct_alojamiento":0,"pct_sin_educacion":3,"pct_educ_superior":60,"brecha_educ":-23,"pct_sin_seguro":5,"pct_sus":40,"pct_seguro_privado":0,"brecha_seguro":4,"pct_salud_publica":15,"pct_med_tradicional":12,"pct_automedicacion":22,"pct_remedios_caseros":23,"pct_viv_desocupada":0,"pct_alquiler":19,"pct_electricidad":100,"pct_sin_electricidad":0,"pct_agua_red":85,"pct_alcantarillado":100,"pct_camara_septica":0,"pct_pozo_ciego":0,"pct_sin_desague":0,"pct_gas_red":42,"pct_gas_garrafa":58,"pct_lena_guano":58,"pct_basura_formal":100,"pct_basura_quema":0,"pct_basura_informal":0,"pct_internet":88,"pct_celular":100,"pct_televisor":85}},{"type":"Feature","geometry":{"type":"Polygon","coordinates":[[[-66.57558,-18.42684],[-66.57709,-18.42665],[-66.57735,-18.42602],[-66.57715,-18.42588],[-66.57619,-18.42613],[-66.57585,-18.42629],[-66.57558,-18.42684]]]},"properties":{"n":"LLALLAGUA","p":77,"personas_x_ha":66,"masculinidad":88,"pct_menor20":29,"pct_60mas":8,"pct_migrante":47,"dependencia_econ":60,"pct_empleados":19,"pct_cuentapropia":73,"pct_agricultura":2,"pct_comercio":27,"pct_manufactura":10,"pct_construccion":10,"pct_transporte":12,"pct_alojamiento":8,"pct_sin_educacion":0,"pct_educ_superior":58,"brecha_educ":-6,"pct_sin_seguro":16,"pct_sus":64,"pct_seguro_privado":0,"brecha_seguro":23,"pct_salud_publica":17,"pct_med_tradicional":7,"pct_automedicacion":26,"pct_remedios_caseros":26,"pct_viv_desocupada":7,"pct_alquiler":24,"pct_electricidad":100,"pct_sin_electricidad":0,"pct_agua_red":91,"pct_alcantarillado":91,"pct_camara_septica":0,"pct_pozo_ciego":6,"pct_sin_desague":3,"pct_gas_red":30,"pct_gas_garrafa":64,"pct_lena_guano":64,"pct_basura_formal":100,"pct_basura_quema":0,"pct_basura_informal":0,"pct_internet":94,"pct_celular":100,"pct_televisor":79}},{"type":"Feature","geometry":{"type":"Polygon","coordinates":[[[-66.5744,-18.42591],[-66.57433,-18.42556],[-66.57323,-18.42573],[-66.5733,-18.42607],[-66.5744,-18.42591]]]},"properties":{"n":"LLALLAGUA","p":43,"personas_x_ha":93,"masculinidad":115,"pct_menor20":30,"pct_60mas":9,"pct_migrante":47,"dependencia_econ":91,"pct_empleados":45,"pct_cuentapropia":36,"pct_agricultura":23,"pct_comercio":14,"pct_manufactura":23,"pct_construccion":5,"pct_transporte":0,"pct_alojamiento":5,"pct_sin_educacion":7,"pct_educ_superior":40,"brecha_educ":-6,"pct_sin_seguro":14,"pct_sus":52,"pct_seguro_privado":2,"brecha_seguro":-11,"pct_salud_publica":23,"pct_med_tradicional":12,"pct_automedicacion":22,"pct_remedios_caseros":24,"pct_viv_desocupada":5,"pct_alquiler":17,"pct_electricidad":100,"pct_sin_electricidad":0,"pct_agua_red":100,"pct_alcantarillado":100,"pct_camara_septica":0,"pct_pozo_ciego":0,"pct_sin_desague":0,"pct_gas_red":61,"pct_gas_garrafa":39,"pct_lena_guano":39,"pct_basura_formal":100,"pct_basura_quema":0,"pct_basura_informal":0,"pct_internet":78,"pct_celular":94,"pct_televisor":78}},{"type":"Feature","geometry":{"type":"Polygon","coordinates":[[[-66.58559,-18.42716],[-66.58629,-18.42627],[-66.58573,-18.42587],[-66.58526,-18.42642],[-66.58536,-18.42649],[-66.58543,-18.42642],[-66.58551,-18.4265],[-66.58558,-18.42644],[-66.58551,-18.42651],[-66.58544,-18.42645],[-66.58537,-18.4265],[-66.58536,-18.42656],[-66.5854,-18.42658],[-66.58541,-18.4267],[-66.58551,-18.42675],[-66.58545,-18.42685],[-66.58549,-18.42675],[-66.5854,-18.4267],[-66.58533,-18.42656],[-66.58536,-18.42651],[-66.58526,-18.42643],[-66.58495,-18.42682],[-66.58513,-18.42688],[-66.58494,-18.42682],[-66.58476,-18.42705],[-66.58504,-18.42704],[-66.58471,-18.42714],[-66.58442,-18.4274],[-66.58469,-18.42803],[-66.58549,-18.42731],[-66.58556,-18.4272],[-66.58534,-18.42709],[-66.58559,-18.42716]]]},"properties":{"n":"LLALLAGUA","p":237,"personas_x_ha":132,"masculinidad":87,"pct_menor20":37,"pct_60mas":7,"pct_migrante":39,"dependencia_econ":135,"pct_empleados":35,"pct_cuentapropia":49,"pct_agricultura":7,"pct_comercio":25,"pct_manufactura":4,"pct_construccion":7,"pct_transporte":9,"pct_alojamiento":5,"pct_sin_educacion":4,"pct_educ_superior":59,"brecha_educ":-20,"pct_sin_seguro":8,"pct_sus":59,"pct_seguro_privado":0,"brecha_seguro":10,"pct_salud_publica":24,"pct_med_tradicional":8,"pct_automedicacion":20,"pct_remedios_caseros":23,"pct_viv_desocupada":5,"pct_alquiler":30,"pct_electricidad":99,"pct_sin_electricidad":1,"pct_agua_red":99,"pct_alcantarillado":87,"pct_camara_septica":2,"pct_pozo_ciego":2,"pct_sin_desague":8,"pct_gas_red":29,"pct_gas_garrafa":69,"pct_lena_guano":69,"pct_basura_formal":100,"pct_basura_quema":0,"pct_basura_informal":0,"pct_internet":88,"pct_celular":92,"pct_televisor":80}},{"type":"Feature","geometry":{"type":"Polygon","coordinates":[[[-66.5907,-18.42874],[-66.5907,-18.42803],[-66.59058,-18.42798],[-66.59026,-18.42892],[-66.5907,-18.42874]]]},"properties":{"n":"LLALLAGUA","p":43,"personas_x_ha":152,"masculinidad":65,"pct_menor20":44,"pct_60mas":0,"pct_migrante":53,"dependencia_econ":153,"pct_empleados":24,"pct_cuentapropia":53,"pct_agricultura":24,"pct_comercio":24,"pct_manufactura":0,"pct_construccion":12,"pct_transporte":0,"pct_alojamiento":12,"pct_sin_educacion":0,"pct_educ_superior":42,"brecha_educ":-32,"pct_sin_seguro":17,"pct_sus":79,"pct_seguro_privado":0,"brecha_seguro":-7,"pct_salud_publica":24,"pct_med_tradicional":8,"pct_automedicacion":22,"pct_remedios_caseros":31,"pct_viv_desocupada":20,"pct_alquiler":0,"pct_electricidad":100,"pct_sin_electricidad":0,"pct_agua_red":62,"pct_alcantarillado":94,"pct_camara_septica":6,"pct_pozo_ciego":0,"pct_sin_desague":0,"pct_gas_red":19,"pct_gas_garrafa":81,"pct_lena_guano":81,"pct_basura_formal":100,"pct_basura_quema":0,"pct_basura_informal":0,"pct_internet":69,"pct_celular":81,"pct_televisor":75}},{"type":"Feature","geometry":{"type":"Polygon","coordinates":[[[-66.57327,-18.43051],[-66.57417,-18.42953],[-66.57414,-18.42944],[-66.57259,-18.42983],[-66.57269,-18.43007],[-66.57327,-18.43051]]]},"properties":{"n":"LLALLAGUA","p":25,"personas_x_ha":28,"masculinidad":92,"pct_menor20":48,"pct_60mas":8,"pct_migrante":32,"dependencia_econ":67,"pct_empleados":60,"pct_cuentapropia":33,"pct_agricultura":7,"pct_comercio":13,"pct_manufactura":13,"pct_construccion":13,"pct_transporte":7,"pct_alojamiento":13,"pct_sin_educacion":0,"pct_educ_superior":54,"brecha_educ":-26,"pct_sin_seguro":32,"pct_sus":64,"pct_seguro_privado":4,"brecha_seguro":-13,"pct_salud_publica":13,"pct_med_tradicional":6,"pct_automedicacion":26,"pct_remedios_caseros":29,"pct_viv_desocupada":0,"pct_alquiler":8,"pct_electricidad":100,"pct_sin_electricidad":0,"pct_agua_red":83,"pct_alcantarillado":67,"pct_camara_septica":0,"pct_pozo_ciego":8,"pct_sin_desague":25,"pct_gas_red":50,"pct_gas_garrafa":50,"pct_lena_guano":50,"pct_basura_formal":92,"pct_basura_quema":8,"pct_basura_informal":0,"pct_internet":83,"pct_celular":92,"pct_televisor":83}},{"type":"Feature","geometry":{"type":"Polygon","coordinates":[[[-66.57335,-18.4265],[-66.57406,-18.42642],[-66.57445,-18.42621],[-66.57442,-18.42599],[-66.57329,-18.42615],[-66.57335,-18.4265]]]},"properties":{"n":"LLALLAGUA","p":62,"personas_x_ha":137,"masculinidad":107,"pct_menor20":63,"pct_60mas":2,"pct_migrante":44,"dependencia_econ":377,"pct_empleados":46,"pct_cuentapropia":46,"pct_agricultura":8,"pct_comercio":46,"pct_manufactura":0,"pct_construccion":8,"pct_transporte":0,"pct_alojamiento":8,"pct_sin_educacion":0,"pct_educ_superior":54,"brecha_educ":-24,"pct_sin_seguro":23,"pct_sus":71,"pct_seguro_privado":0,"brecha_seguro":11,"pct_salud_publica":21,"pct_med_tradicional":8,"pct_automedicacion":33,"pct_remedios_caseros":30,"pct_viv_desocupada":0,"pct_alquiler":30,"pct_electricidad":100,"pct_sin_electricidad":0,"pct_agua_red":95,"pct_alcantarillado":95,"pct_camara_septica":0,"pct_pozo_ciego":0,"pct_sin_desague":5,"pct_gas_red":30,"pct_gas_garrafa":55,"pct_lena_guano":55,"pct_basura_formal":100,"pct_basura_quema":0,"pct_basura_informal":0,"pct_internet":100,"pct_celular":100,"pct_televisor":70}},{"type":"Feature","geometry":{"type":"Polygon","coordinates":[[[-66.57686,-18.42843],[-66.57714,-18.42848],[-66.57817,-18.42917],[-66.5784,-18.42926],[-66.57848,-18.42912],[-66.57848,-18.42895],[-66.57698,-18.42773],[-66.57686,-18.42843]]]},"properties":{"n":"LLALLAGUA","p":119,"personas_x_ha":113,"masculinidad":78,"pct_menor20":37,"pct_60mas":6,"pct_migrante":33,"dependencia_econ":120,"pct_empleados":28,"pct_cuentapropia":44,"pct_agricultura":9,"pct_comercio":15,"pct_manufactura":11,"pct_construccion":4,"pct_transporte":11,"pct_alojamiento":13,"pct_sin_educacion":9,"pct_educ_superior":54,"brecha_educ":1,"pct_sin_seguro":9,"pct_sus":74,"pct_seguro_privado":1,"brecha_seguro":7,"pct_salud_publica":22,"pct_med_tradicional":7,"pct_automedicacion":20,"pct_remedios_caseros":23,"pct_viv_desocupada":5,"pct_alquiler":8,"pct_electricidad":100,"pct_sin_electricidad":0,"pct_agua_red":95,"pct_alcantarillado":100,"pct_camara_septica":0,"pct_pozo_ciego":0,"pct_sin_desague":0,"pct_gas_red":42,"pct_gas_garrafa":58,"pct_lena_guano":58,"pct_basura_formal":100,"pct_basura_quema":0,"pct_basura_informal":0,"pct_internet":79,"pct_celular":84,"pct_televisor":79}},{"type":"Feature","geometry":{"type":"Polygon","coordinates":[[[-66.57976,-18.4282],[-66.57998,-18.42849],[-66.58086,-18.42784],[-66.58065,-18.42759],[-66.57976,-18.4282]]]},"properties":{"n":"LLALLAGUA","p":68,"personas_x_ha":145,"masculinidad":70,"pct_menor20":38,"pct_60mas":10,"pct_migrante":21,"dependencia_econ":172,"pct_empleados":32,"pct_cuentapropia":44,"pct_agricultura":0,"pct_comercio":24,"pct_manufactura":0,"pct_construccion":0,"pct_transporte":28,"pct_alojamiento":4,"pct_sin_educacion":9,"pct_educ_superior":58,"brecha_educ":25,"pct_sin_seguro":13,"pct_sus":74,"pct_seguro_privado":1,"brecha_seguro":8,"pct_salud_publica":15,"pct_med_tradicional":6,"pct_automedicacion":28,"pct_remedios_caseros":32,"pct_viv_desocupada":3,"pct_alquiler":17,"pct_electricidad":100,"pct_sin_electricidad":0,"pct_agua_red":96,"pct_alcantarillado":83,"pct_camara_septica":0,"pct_pozo_ciego":0,"pct_sin_desague":17,"pct_gas_red":48,"pct_gas_garrafa":52,"pct_lena_guano":52,"pct_basura_formal":100,"pct_basura_quema":0,"pct_basura_informal":0,"pct_internet":74,"pct_celular":83,"pct_televisor":91}},{"type":"Feature","geometry":{"type":"Polygon","coordinates":[[[-66.56712,-18.42903],[-66.56743,-18.42935],[-66.56824,-18.42866],[-66.56796,-18.42832],[-66.56712,-18.42903]]]},"properties":{"n":"LLALLAGUA","p":38,"personas_x_ha":65,"masculinidad":111,"pct_menor20":47,"pct_60mas":5,"pct_migrante":42,"dependencia_econ":153,"pct_empleados":53,"pct_cuentapropia":33,"pct_agricultura":0,"pct_comercio":27,"pct_manufactura":0,"pct_construccion":0,"pct_transporte":0,"pct_alojamiento":13,"pct_sin_educacion":5,"pct_educ_superior":57,"brecha_educ":-16,"pct_sin_seguro":18,"pct_sus":61,"pct_seguro_privado":0,"brecha_seguro":24,"pct_salud_publica":28,"pct_med_tradicional":10,"pct_automedicacion":15,"pct_remedios_caseros":20,"pct_viv_desocupada":24,"pct_alquiler":27,"pct_electricidad":93,"pct_sin_electricidad":7,"pct_agua_red":93,"pct_alcantarillado":80,"pct_camara_septica":0,"pct_pozo_ciego":7,"pct_sin_desague":13,"pct_gas_red":73,"pct_gas_garrafa":13,"pct_lena_guano":13,"pct_basura_formal":100,"pct_basura_quema":0,"pct_basura_informal":0,"pct_internet":73,"pct_celular":80,"pct_televisor":87}},{"type":"Feature","geometry":{"type":"Polygon","coordinates":[[[-66.5804,-18.42721],[-66.57948,-18.42784],[-66.57971,-18.42813],[-66.58061,-18.4275],[-66.5804,-18.42721]]]},"properties":{"n":"LLALLAGUA","p":79,"personas_x_ha":166,"masculinidad":98,"pct_menor20":33,"pct_60mas":9,"pct_migrante":47,"dependencia_econ":103,"pct_empleados":33,"pct_cuentapropia":46,"pct_agricultura":3,"pct_comercio":13,"pct_manufactura":21,"pct_construccion":10,"pct_transporte":5,"pct_alojamiento":13,"pct_sin_educacion":2,"pct_educ_superior":47,"brecha_educ":-13,"pct_sin_seguro":9,"pct_sus":78,"pct_seguro_privado":1,"brecha_seguro":8,"pct_salud_publica":22,"pct_med_tradicional":8,"pct_automedicacion":20,"pct_remedios_caseros":19,"pct_viv_desocupada":0,"pct_alquiler":17,"pct_electricidad":96,"pct_sin_electricidad":4,"pct_agua_red":100,"pct_alcantarillado":96,"pct_camara_septica":0,"pct_pozo_ciego":0,"pct_sin_desague":0,"pct_gas_red":29,"pct_gas_garrafa":71,"pct_lena_guano":71,"pct_basura_formal":96,"pct_basura_quema":0,"pct_basura_informal":0,"pct_internet":88,"pct_celular":88,"pct_televisor":96}},{"type":"Feature","geometry":{"type":"Polygon","coordinates":[[[-66.57967,-18.42652],[-66.57944,-18.42626],[-66.57866,-18.42681],[-66.57889,-18.42708],[-66.57967,-18.42652]]]},"properties":{"n":"LLALLAGUA","p":76,"personas_x_ha":192,"masculinidad":85,"pct_menor20":37,"pct_60mas":8,"pct_migrante":37,"dependencia_econ":117,"pct_empleados":20,"pct_cuentapropia":49,"pct_agricultura":6,"pct_comercio":14,"pct_manufactura":9,"pct_construccion":0,"pct_transporte":14,"pct_alojamiento":17,"pct_sin_educacion":4,"pct_educ_superior":50,"brecha_educ":4,"pct_sin_seguro":9,"pct_sus":64,"pct_seguro_privado":0,"brecha_seguro":4,"pct_salud_publica":29,"pct_med_tradicional":4,"pct_automedicacion":19,"pct_remedios_caseros":20,"pct_viv_desocupada":0,"pct_alquiler":32,"pct_electricidad":100,"pct_sin_electricidad":0,"pct_agua_red":96,"pct_alcantarillado":100,"pct_camara_septica":0,"pct_pozo_ciego":0,"pct_sin_desague":0,"pct_gas_red":32,"pct_gas_garrafa":68,"pct_lena_guano":68,"pct_basura_formal":100,"pct_basura_quema":0,"pct_basura_informal":0,"pct_internet":82,"pct_celular":89,"pct_televisor":93}},{"type":"Feature","geometry":{"type":"Polygon","coordinates":[[[-66.58104,-18.42721],[-66.58131,-18.42731],[-66.58172,-18.42686],[-66.58141,-18.42662],[-66.58104,-18.42721]]]},"properties":{"n":"LLALLAGUA","p":54,"personas_x_ha":203,"masculinidad":108,"pct_menor20":43,"pct_60mas":2,"pct_migrante":35,"dependencia_econ":116,"pct_empleados":36,"pct_cuentapropia":44,"pct_agricultura":4,"pct_comercio":8,"pct_manufactura":0,"pct_construccion":12,"pct_transporte":8,"pct_alojamiento":16,"pct_sin_educacion":6,"pct_educ_superior":39,"brecha_educ":-22,"pct_sin_seguro":4,"pct_sus":54,"pct_seguro_privado":0,"brecha_seguro":0,"pct_salud_publica":21,"pct_med_tradicional":11,"pct_automedicacion":24,"pct_remedios_caseros":30,"pct_viv_desocupada":12,"pct_alquiler":21,"pct_electricidad":100,"pct_sin_electricidad":0,"pct_agua_red":79,"pct_alcantarillado":93,"pct_camara_septica":0,"pct_pozo_ciego":0,"pct_sin_desague":7,"pct_gas_red":29,"pct_gas_garrafa":71,"pct_lena_guano":71,"pct_basura_formal":100,"pct_basura_quema":0,"pct_basura_informal":0,"pct_internet":86,"pct_celular":93,"pct_televisor":79}},{"type":"Feature","geometry":{"type":"Polygon","coordinates":[[[-66.58972,-18.42735],[-66.59013,-18.42683],[-66.58941,-18.42611],[-66.5891,-18.42648],[-66.58941,-18.42671],[-66.58925,-18.42692],[-66.58972,-18.42735]]]},"properties":{"n":"LLALLAGUA","p":99,"personas_x_ha":136,"masculinidad":106,"pct_menor20":34,"pct_60mas":10,"pct_migrante":36,"dependencia_econ":154,"pct_empleados":31,"pct_cuentapropia":56,"pct_agricultura":3,"pct_comercio":21,"pct_manufactura":18,"pct_construccion":8,"pct_transporte":3,"pct_alojamiento":8,"pct_sin_educacion":11,"pct_educ_superior":38,"brecha_educ":-26,"pct_sin_seguro":26,"pct_sus":58,"pct_seguro_privado":0,"brecha_seguro":6,"pct_salud_publica":24,"pct_med_tradicional":8,"pct_automedicacion":19,"pct_remedios_caseros":22,"pct_viv_desocupada":3,"pct_alquiler":21,"pct_electricidad":97,"pct_sin_electricidad":3,"pct_agua_red":100,"pct_alcantarillado":76,"pct_camara_septica":0,"pct_pozo_ciego":3,"pct_sin_desague":21,"pct_gas_red":26,"pct_gas_garrafa":74,"pct_lena_guano":74,"pct_basura_formal":97,"pct_basura_quema":0,"pct_basura_informal":0,"pct_internet":76,"pct_celular":88,"pct_televisor":82}},{"type":"Feature","geometry":{"type":"Polygon","coordinates":[[[-66.56812,-18.42782],[-66.56897,-18.42813],[-66.56912,-18.42775],[-66.56828,-18.42741],[-66.56812,-18.42782]]]},"properties":{"n":"LLALLAGUA","p":35,"personas_x_ha":74,"masculinidad":67,"pct_menor20":37,"pct_60mas":3,"pct_migrante":17,"dependencia_econ":119,"pct_empleados":25,"pct_cuentapropia":56,"pct_agricultura":12,"pct_comercio":25,"pct_manufactura":0,"pct_construccion":12,"pct_transporte":19,"pct_alojamiento":0,"pct_sin_educacion":9,"pct_educ_superior":45,"brecha_educ":-20,"pct_sin_seguro":15,"pct_sus":67,"pct_seguro_privado":0,"brecha_seguro":13,"pct_salud_publica":17,"pct_med_tradicional":16,"pct_automedicacion":21,"pct_remedios_caseros":21,"pct_viv_desocupada":6,"pct_alquiler":21,"pct_electricidad":100,"pct_sin_electricidad":0,"pct_agua_red":100,"pct_alcantarillado":93,"pct_camara_septica":0,"pct_pozo_ciego":0,"pct_sin_desague":7,"pct_gas_red":64,"pct_gas_garrafa":36,"pct_lena_guano":36,"pct_basura_formal":93,"pct_basura_quema":7,"pct_basura_informal":0,"pct_internet":100,"pct_celular":100,"pct_televisor":86}},{"type":"Feature","geometry":{"type":"Polygon","coordinates":[[[-66.57921,-18.4275],[-66.57946,-18.42777],[-66.58024,-18.42719],[-66.58001,-18.42693],[-66.57921,-18.4275]]]},"properties":{"n":"LLALLAGUA","p":42,"personas_x_ha":100,"masculinidad":110,"pct_menor20":31,"pct_60mas":14,"pct_migrante":50,"dependencia_econ":128,"pct_empleados":33,"pct_cuentapropia":44,"pct_agricultura":11,"pct_comercio":28,"pct_manufactura":6,"pct_construccion":6,"pct_transporte":6,"pct_alojamiento":11,"pct_sin_educacion":13,"pct_educ_superior":67,"brecha_educ":-20,"pct_sin_seguro":15,"pct_sus":71,"pct_seguro_privado":0,"brecha_seguro":19,"pct_salud_publica":19,"pct_med_tradicional":11,"pct_automedicacion":24,"pct_remedios_caseros":27,"pct_viv_desocupada":0,"pct_alquiler":5,"pct_electricidad":95,"pct_sin_electricidad":0,"pct_agua_red":95,"pct_alcantarillado":95,"pct_camara_septica":5,"pct_pozo_ciego":0,"pct_sin_desague":0,"pct_gas_red":53,"pct_gas_garrafa":47,"pct_lena_guano":47,"pct_basura_formal":100,"pct_basura_quema":0,"pct_basura_informal":0,"pct_internet":74,"pct_celular":89,"pct_televisor":89}},{"type":"Feature","geometry":{"type":"Polygon","coordinates":[[[-66.56583,-18.42746],[-66.56516,-18.428],[-66.56546,-18.42835],[-66.56613,-18.4278],[-66.56583,-18.42746]]]},"properties":{"n":"LLALLAGUA","p":28,"personas_x_ha":59,"masculinidad":133,"pct_menor20":39,"pct_60mas":7,"pct_migrante":39,"dependencia_econ":75,"pct_empleados":19,"pct_cuentapropia":75,"pct_agricultura":25,"pct_comercio":6,"pct_manufactura":0,"pct_construccion":6,"pct_transporte":12,"pct_alojamiento":19,"pct_sin_educacion":11,"pct_educ_superior":63,"brecha_educ":-33,"pct_sin_seguro":18,"pct_sus":68,"pct_seguro_privado":0,"brecha_seguro":31,"pct_salud_publica":20,"pct_med_tradicional":15,"pct_automedicacion":22,"pct_remedios_caseros":24,"pct_viv_desocupada":0,"pct_alquiler":11,"pct_electricidad":78,"pct_sin_electricidad":17,"pct_agua_red":78,"pct_alcantarillado":17,"pct_camara_septica":0,"pct_pozo_ciego":28,"pct_sin_desague":56,"pct_gas_red":33,"pct_gas_garrafa":67,"pct_lena_guano":67,"pct_basura_formal":94,"pct_basura_quema":6,"pct_basura_informal":0,"pct_internet":72,"pct_celular":83,"pct_televisor":56}},{"type":"Feature","geometry":{"type":"Polygon","coordinates":[[[-66.57695,-18.42721],[-66.57532,-18.42749],[-66.57528,-18.42783],[-66.57689,-18.42756],[-66.57695,-18.42721]]]},"properties":{"n":"LLALLAGUA","p":95,"personas_x_ha":143,"masculinidad":94,"pct_menor20":43,"pct_60mas":5,"pct_migrante":38,"dependencia_econ":121,"pct_empleados":37,"pct_cuentapropia":44,"pct_agricultura":12,"pct_comercio":14,"pct_manufactura":12,"pct_construccion":12,"pct_transporte":7,"pct_alojamiento":7,"pct_sin_educacion":0,"pct_educ_superior":67,"brecha_educ":-20,"pct_sin_seguro":7,"pct_sus":73,"pct_seguro_privado":0,"brecha_seguro":7,"pct_salud_publica":20,"pct_med_tradicional":13,"pct_automedicacion":20,"pct_remedios_caseros":25,"pct_viv_desocupada":3,"pct_alquiler":17,"pct_electricidad":100,"pct_sin_electricidad":0,"pct_agua_red":97,"pct_alcantarillado":97,"pct_camara_septica":3,"pct_pozo_ciego":0,"pct_sin_desague":0,"pct_gas_red":40,"pct_gas_garrafa":60,"pct_lena_guano":60,"pct_basura_formal":100,"pct_basura_quema":0,"pct_basura_informal":0,"pct_internet":97,"pct_celular":97,"pct_televisor":90}},{"type":"Feature","geometry":{"type":"Polygon","coordinates":[[[-66.58764,-18.42522],[-66.58724,-18.42498],[-66.58641,-18.42624],[-66.58668,-18.42646],[-66.58764,-18.42522]]]},"properties":{"n":"LLALLAGUA","p":130,"personas_x_ha":167,"masculinidad":62,"pct_menor20":38,"pct_60mas":9,"pct_migrante":40,"dependencia_econ":180,"pct_empleados":57,"pct_cuentapropia":33,"pct_agricultura":2,"pct_comercio":11,"pct_manufactura":9,"pct_construccion":11,"pct_transporte":2,"pct_alojamiento":9,"pct_sin_educacion":7,"pct_educ_superior":58,"brecha_educ":-18,"pct_sin_seguro":12,"pct_sus":54,"pct_seguro_privado":1,"brecha_seguro":1,"pct_salud_publica":16,"pct_med_tradicional":15,"pct_automedicacion":15,"pct_remedios_caseros":22,"pct_viv_desocupada":5,"pct_alquiler":25,"pct_electricidad":100,"pct_sin_electricidad":0,"pct_agua_red":96,"pct_alcantarillado":96,"pct_camara_septica":0,"pct_pozo_ciego":0,"pct_sin_desague":4,"pct_gas_red":27,"pct_gas_garrafa":73,"pct_lena_guano":73,"pct_basura_formal":100,"pct_basura_quema":0,"pct_basura_informal":0,"pct_internet":85,"pct_celular":92,"pct_televisor":79}},{"type":"Feature","geometry":{"type":"Polygon","coordinates":[[[-66.58117,-18.42634],[-66.58139,-18.42649],[-66.58195,-18.42569],[-66.58163,-18.42551],[-66.58117,-18.42634]]]},"properties":{"n":"LLALLAGUA","p":76,"personas_x_ha":205,"masculinidad":85,"pct_menor20":33,"pct_60mas":9,"pct_migrante":46,"dependencia_econ":130,"pct_empleados":24,"pct_cuentapropia":58,"pct_agricultura":6,"pct_comercio":21,"pct_manufactura":3,"pct_construccion":6,"pct_transporte":9,"pct_alojamiento":3,"pct_sin_educacion":2,"pct_educ_superior":68,"brecha_educ":-4,"pct_sin_seguro":11,"pct_sus":62,"pct_seguro_privado":1,"brecha_seguro":2,"pct_salud_publica":23,"pct_med_tradicional":12,"pct_automedicacion":21,"pct_remedios_caseros":21,"pct_viv_desocupada":0,"pct_alquiler":41,"pct_electricidad":100,"pct_sin_electricidad":0,"pct_agua_red":97,"pct_alcantarillado":94,"pct_camara_septica":3,"pct_pozo_ciego":0,"pct_sin_desague":3,"pct_gas_red":50,"pct_gas_garrafa":50,"pct_lena_guano":50,"pct_basura_formal":100,"pct_basura_quema":0,"pct_basura_informal":0,"pct_internet":91,"pct_celular":100,"pct_televisor":81}},{"type":"Feature","geometry":{"type":"Polygon","coordinates":[[[-66.57253,-18.42668],[-66.57239,-18.42639],[-66.57153,-18.42666],[-66.57151,-18.42673],[-66.57167,-18.42703],[-66.57253,-18.42668]]]},"properties":{"n":"LLALLAGUA","p":48,"personas_x_ha":114,"masculinidad":85,"pct_menor20":38,"pct_60mas":6,"pct_migrante":42,"dependencia_econ":153,"pct_empleados":11,"pct_cuentapropia":89,"pct_agricultura":0,"pct_comercio":32,"pct_manufactura":16,"pct_construccion":11,"pct_transporte":16,"pct_alojamiento":21,"pct_sin_educacion":10,"pct_educ_superior":29,"brecha_educ":-16,"pct_sin_seguro":29,"pct_sus":71,"pct_seguro_privado":0,"brecha_seguro":-3,"pct_salud_publica":43,"pct_med_tradicional":2,"pct_automedicacion":13,"pct_remedios_caseros":16,"pct_viv_desocupada":0,"pct_alquiler":44,"pct_electricidad":100,"pct_sin_electricidad":0,"pct_agua_red":61,"pct_alcantarillado":94,"pct_camara_septica":0,"pct_pozo_ciego":6,"pct_sin_desague":0,"pct_gas_red":28,"pct_gas_garrafa":72,"pct_lena_guano":72,"pct_basura_formal":100,"pct_basura_quema":0,"pct_basura_informal":0,"pct_internet":50,"pct_celular":67,"pct_televisor":56}},{"type":"Feature","geometry":{"type":"Polygon","coordinates":[[[-66.5654,-18.42699],[-66.56509,-18.42665],[-66.56442,-18.42722],[-66.56472,-18.42753],[-66.5654,-18.42699]]]},"properties":{"n":"LLALLAGUA","p":42,"personas_x_ha":91,"masculinidad":121,"pct_menor20":31,"pct_60mas":7,"pct_migrante":19,"dependencia_econ":91,"pct_empleados":14,"pct_cuentapropia":50,"pct_agricultura":41,"pct_comercio":23,"pct_manufactura":14,"pct_construccion":9,"pct_transporte":5,"pct_alojamiento":5,"pct_sin_educacion":10,"pct_educ_superior":41,"brecha_educ":-4,"pct_sin_seguro":14,"pct_sus":79,"pct_seguro_privado":7,"brecha_seguro":16,"pct_salud_publica":21,"pct_med_tradicional":13,"pct_automedicacion":18,"pct_remedios_caseros":28,"pct_viv_desocupada":5,"pct_alquiler":16,"pct_electricidad":89,"pct_sin_electricidad":5,"pct_agua_red":89,"pct_alcantarillado":0,"pct_camara_septica":0,"pct_pozo_ciego":21,"pct_sin_desague":79,"pct_gas_red":53,"pct_gas_garrafa":42,"pct_lena_guano":42,"pct_basura_formal":95,"pct_basura_quema":0,"pct_basura_informal":0,"pct_internet":84,"pct_celular":79,"pct_televisor":74}},{"type":"Feature","geometry":{"type":"Polygon","coordinates":[[[-66.56553,-18.42475],[-66.56523,-18.42442],[-66.56484,-18.42474],[-66.56515,-18.42508],[-66.56553,-18.42475]]]},"properties":{"n":"LLALLAGUA","p":33,"personas_x_ha":124,"masculinidad":83,"pct_menor20":58,"pct_60mas":0,"pct_migrante":33,"dependencia_econ":200,"pct_empleados":9,"pct_cuentapropia":91,"pct_agricultura":27,"pct_comercio":18,"pct_manufactura":45,"pct_construccion":9,"pct_transporte":0,"pct_alojamiento":0,"pct_sin_educacion":0,"pct_educ_superior":27,"brecha_educ":-20,"pct_sin_seguro":30,"pct_sus":70,"pct_seguro_privado":0,"brecha_seguro":42,"pct_salud_publica":22,"pct_med_tradicional":27,"pct_automedicacion":14,"pct_remedios_caseros":33,"pct_viv_desocupada":0,"pct_alquiler":0,"pct_electricidad":82,"pct_sin_electricidad":18,"pct_agua_red":73,"pct_alcantarillado":0,"pct_camara_septica":0,"pct_pozo_ciego":18,"pct_sin_desague":73,"pct_gas_red":0,"pct_gas_garrafa":91,"pct_lena_guano":91,"pct_basura_formal":82,"pct_basura_quema":18,"pct_basura_informal":0,"pct_internet":45,"pct_celular":73,"pct_televisor":55}},{"type":"Feature","geometry":{"type":"Polygon","coordinates":[[[-66.5715,-18.42662],[-66.57239,-18.42632],[-66.57226,-18.42598],[-66.57135,-18.42628],[-66.5715,-18.42662]]]},"properties":{"n":"LLALLAGUA","p":46,"personas_x_ha":105,"masculinidad":92,"pct_menor20":52,"pct_60mas":7,"pct_migrante":43,"dependencia_econ":142,"pct_empleados":32,"pct_cuentapropia":32,"pct_agricultura":5,"pct_comercio":37,"pct_manufactura":0,"pct_construccion":5,"pct_transporte":5,"pct_alojamiento":5,"pct_sin_educacion":12,"pct_educ_superior":54,"brecha_educ":-36,"pct_sin_seguro":2,"pct_sus":76,"pct_seguro_privado":0,"brecha_seguro":-4,"pct_salud_publica":24,"pct_med_tradicional":10,"pct_automedicacion":23,"pct_remedios_caseros":27,"pct_viv_desocupada":0,"pct_alquiler":14,"pct_electricidad":100,"pct_sin_electricidad":0,"pct_agua_red":100,"pct_alcantarillado":100,"pct_camara_septica":0,"pct_pozo_ciego":0,"pct_sin_desague":0,"pct_gas_red":79,"pct_gas_garrafa":21,"pct_lena_guano":21,"pct_basura_formal":93,"pct_basura_quema":7,"pct_basura_informal":0,"pct_internet":93,"pct_celular":86,"pct_televisor":71}},{"type":"Feature","geometry":{"type":"Polygon","coordinates":[[[-66.57079,-18.42645],[-66.57096,-18.42603],[-66.57012,-18.42572],[-66.56996,-18.42613],[-66.57079,-18.42645]]]},"properties":{"n":"LLALLAGUA","p":58,"personas_x_ha":121,"masculinidad":71,"pct_menor20":45,"pct_60mas":3,"pct_migrante":34,"dependencia_econ":241,"pct_empleados":6,"pct_cuentapropia":35,"pct_agricultura":18,"pct_comercio":12,"pct_manufactura":18,"pct_construccion":18,"pct_transporte":0,"pct_alojamiento":0,"pct_sin_educacion":6,"pct_educ_superior":53,"brecha_educ":-6,"pct_sin_seguro":9,"pct_sus":77,"pct_seguro_privado":0,"brecha_seguro":14,"pct_salud_publica":24,"pct_med_tradicional":3,"pct_automedicacion":24,"pct_remedios_caseros":25,"pct_viv_desocupada":10,"pct_alquiler":11,"pct_electricidad":100,"pct_sin_electricidad":0,"pct_agua_red":100,"pct_alcantarillado":100,"pct_camara_septica":0,"pct_pozo_ciego":0,"pct_sin_desague":0,"pct_gas_red":33,"pct_gas_garrafa":67,"pct_lena_guano":67,"pct_basura_formal":100,"pct_basura_quema":0,"pct_basura_informal":0,"pct_internet":94,"pct_celular":89,"pct_televisor":89}},{"type":"Feature","geometry":{"type":"Polygon","coordinates":[[[-66.56616,-18.42637],[-66.56585,-18.42603],[-66.56517,-18.42659],[-66.56549,-18.42692],[-66.56616,-18.42637]]]},"properties":{"n":"LLALLAGUA","p":44,"personas_x_ha":91,"masculinidad":69,"pct_menor20":55,"pct_60mas":2,"pct_migrante":25,"dependencia_econ":238,"pct_empleados":15,"pct_cuentapropia":62,"pct_agricultura":54,"pct_comercio":0,"pct_manufactura":0,"pct_construccion":23,"pct_transporte":0,"pct_alojamiento":8,"pct_sin_educacion":15,"pct_educ_superior":20,"brecha_educ":-20,"pct_sin_seguro":7,"pct_sus":79,"pct_seguro_privado":0,"brecha_seguro":18,"pct_salud_publica":21,"pct_med_tradicional":16,"pct_automedicacion":20,"pct_remedios_caseros":26,"pct_viv_desocupada":0,"pct_alquiler":0,"pct_electricidad":94,"pct_sin_electricidad":6,"pct_agua_red":56,"pct_alcantarillado":0,"pct_camara_septica":0,"pct_pozo_ciego":6,"pct_sin_desague":94,"pct_gas_red":50,"pct_gas_garrafa":44,"pct_lena_guano":44,"pct_basura_formal":94,"pct_basura_quema":6,"pct_basura_informal":0,"pct_internet":100,"pct_celular":100,"pct_televisor":94}},{"type":"Feature","geometry":{"type":"Polygon","coordinates":[[[-66.56743,-18.4264],[-66.56761,-18.42598],[-66.56677,-18.42567],[-66.56661,-18.42609],[-66.56743,-18.4264]]]},"properties":{"n":"LLALLAGUA","p":61,"personas_x_ha":126,"masculinidad":79,"pct_menor20":54,"pct_60mas":2,"pct_migrante":16,"dependencia_econ":154,"pct_empleados":33,"pct_cuentapropia":46,"pct_agricultura":25,"pct_comercio":12,"pct_manufactura":12,"pct_construccion":0,"pct_transporte":4,"pct_alojamiento":17,"pct_sin_educacion":3,"pct_educ_superior":20,"brecha_educ":-16,"pct_sin_seguro":7,"pct_sus":93,"pct_seguro_privado":0,"brecha_seguro":8,"pct_salud_publica":28,"pct_med_tradicional":12,"pct_automedicacion":17,"pct_remedios_caseros":23,"pct_viv_desocupada":0,"pct_alquiler":6,"pct_electricidad":100,"pct_sin_electricidad":0,"pct_agua_red":100,"pct_alcantarillado":94,"pct_camara_septica":0,"pct_pozo_ciego":0,"pct_sin_desague":6,"pct_gas_red":71,"pct_gas_garrafa":24,"pct_lena_guano":24,"pct_basura_formal":94,"pct_basura_quema":6,"pct_basura_informal":0,"pct_internet":82,"pct_celular":88,"pct_televisor":88}},{"type":"Feature","geometry":{"type":"Polygon","coordinates":[[[-66.57553,-18.42531],[-66.57547,-18.42497],[-66.57438,-18.42513],[-66.57443,-18.42546],[-66.57553,-18.42531]]]},"properties":{"n":"LLALLAGUA","p":44,"personas_x_ha":94,"masculinidad":83,"pct_menor20":45,"pct_60mas":5,"pct_migrante":52,"dependencia_econ":76,"pct_empleados":28,"pct_cuentapropia":52,"pct_agricultura":4,"pct_comercio":28,"pct_manufactura":4,"pct_construccion":8,"pct_transporte":0,"pct_alojamiento":20,"pct_sin_educacion":4,"pct_educ_superior":81,"brecha_educ":-20,"pct_sin_seguro":14,"pct_sus":68,"pct_seguro_privado":0,"brecha_seguro":12,"pct_salud_publica":20,"pct_med_tradicional":13,"pct_automedicacion":18,"pct_remedios_caseros":22,"pct_viv_desocupada":6,"pct_alquiler":19,"pct_electricidad":100,"pct_sin_electricidad":0,"pct_agua_red":94,"pct_alcantarillado":100,"pct_camara_septica":0,"pct_pozo_ciego":0,"pct_sin_desague":0,"pct_gas_red":75,"pct_gas_garrafa":25,"pct_lena_guano":25,"pct_basura_formal":100,"pct_basura_quema":0,"pct_basura_informal":0,"pct_internet":88,"pct_celular":100,"pct_televisor":88}},{"type":"Feature","geometry":{"type":"Polygon","coordinates":[[[-66.57211,-18.42549],[-66.57196,-18.42518],[-66.57109,-18.42547],[-66.57107,-18.42554],[-66.57122,-18.42581],[-66.57211,-18.42549]]]},"properties":{"n":"LLALLAGUA","p":25,"personas_x_ha":59,"masculinidad":92,"pct_menor20":28,"pct_60mas":12,"pct_migrante":44,"dependencia_econ":108,"pct_empleados":33,"pct_cuentapropia":42,"pct_agricultura":17,"pct_comercio":17,"pct_manufactura":8,"pct_construccion":8,"pct_transporte":0,"pct_alojamiento":0,"pct_sin_educacion":17,"pct_educ_superior":67,"brecha_educ":-18,"pct_sin_seguro":20,"pct_sus":64,"pct_seguro_privado":8,"brecha_seguro":26,"pct_salud_publica":16,"pct_med_tradicional":15,"pct_automedicacion":17,"pct_remedios_caseros":26,"pct_viv_desocupada":0,"pct_alquiler":10,"pct_electricidad":100,"pct_sin_electricidad":0,"pct_agua_red":80,"pct_alcantarillado":100,"pct_camara_septica":0,"pct_pozo_ciego":0,"pct_sin_desague":0,"pct_gas_red":40,"pct_gas_garrafa":60,"pct_lena_guano":60,"pct_basura_formal":100,"pct_basura_quema":0,"pct_basura_informal":0,"pct_internet":80,"pct_celular":90,"pct_televisor":90}},{"type":"Feature","geometry":{"type":"Polygon","coordinates":[[[-66.58717,-18.4237],[-66.58785,-18.42436],[-66.588,-18.42422],[-66.58756,-18.42376],[-66.58747,-18.42352],[-66.58717,-18.4237]]]},"properties":{"n":"LLALLAGUA","p":86,"personas_x_ha":321,"masculinidad":91,"pct_menor20":30,"pct_60mas":9,"pct_migrante":55,"dependencia_econ":57,"pct_empleados":31,"pct_cuentapropia":33,"pct_agricultura":2,"pct_comercio":22,"pct_manufactura":2,"pct_construccion":0,"pct_transporte":4,"pct_alojamiento":20,"pct_sin_educacion":2,"pct_educ_superior":71,"brecha_educ":-6,"pct_sin_seguro":13,"pct_sus":50,"pct_seguro_privado":0,"brecha_seguro":4,"pct_salud_publica":19,"pct_med_tradicional":8,"pct_automedicacion":22,"pct_remedios_caseros":24,"pct_viv_desocupada":0,"pct_alquiler":42,"pct_electricidad":100,"pct_sin_electricidad":0,"pct_agua_red":92,"pct_alcantarillado":94,"pct_camara_septica":0,"pct_pozo_ciego":3,"pct_sin_desague":3,"pct_gas_red":31,"pct_gas_garrafa":67,"pct_lena_guano":67,"pct_basura_formal":100,"pct_basura_quema":0,"pct_basura_informal":0,"pct_internet":92,"pct_celular":97,"pct_televisor":69}},{"type":"Feature","geometry":{"type":"Polygon","coordinates":[[[-66.56667,-18.42566],[-66.56616,-18.42542],[-66.56606,-18.42569],[-66.5662,-18.4259],[-66.56651,-18.42604],[-66.56667,-18.42566]]]},"properties":{"n":"LLALLAGUA","p":26,"personas_x_ha":96,"masculinidad":53,"pct_menor20":50,"pct_60mas":12,"pct_migrante":54,"dependencia_econ":333,"pct_empleados":83,"pct_cuentapropia":17,"pct_agricultura":0,"pct_comercio":0,"pct_manufactura":33,"pct_construccion":17,"pct_transporte":0,"pct_alojamiento":17,"pct_sin_educacion":14,"pct_educ_superior":21,"brecha_educ":15,"pct_sin_seguro":19,"pct_sus":81,"pct_seguro_privado":0,"brecha_seguro":-12,"pct_salud_publica":40,"pct_med_tradicional":5,"pct_automedicacion":15,"pct_remedios_caseros":29,"pct_viv_desocupada":20,"pct_alquiler":0,"pct_electricidad":86,"pct_sin_electricidad":14,"pct_agua_red":86,"pct_alcantarillado":57,"pct_camara_septica":0,"pct_pozo_ciego":0,"pct_sin_desague":43,"pct_gas_red":43,"pct_gas_garrafa":43,"pct_lena_guano":43,"pct_basura_formal":100,"pct_basura_quema":0,"pct_basura_informal":0,"pct_internet":29,"pct_celular":29,"pct_televisor":71}},{"type":"Feature","geometry":{"type":"Polygon","coordinates":[[[-66.567,-18.42516],[-66.56682,-18.42558],[-66.56765,-18.42589],[-66.56782,-18.42547],[-66.567,-18.42516]]]},"properties":{"n":"LLALLAGUA","p":60,"personas_x_ha":125,"masculinidad":62,"pct_menor20":62,"pct_60mas":8,"pct_migrante":23,"dependencia_econ":122,"pct_empleados":11,"pct_cuentapropia":48,"pct_agricultura":33,"pct_comercio":19,"pct_manufactura":22,"pct_construccion":0,"pct_transporte":4,"pct_alojamiento":22,"pct_sin_educacion":15,"pct_educ_superior":31,"brecha_educ":-42,"pct_sin_seguro":7,"pct_sus":93,"pct_seguro_privado":0,"brecha_seguro":10,"pct_salud_publica":23,"pct_med_tradicional":16,"pct_automedicacion":23,"pct_remedios_caseros":24,"pct_viv_desocupada":6,"pct_alquiler":0,"pct_electricidad":100,"pct_sin_electricidad":0,"pct_agua_red":100,"pct_alcantarillado":88,"pct_camara_septica":0,"pct_pozo_ciego":0,"pct_sin_desague":12,"pct_gas_red":82,"pct_gas_garrafa":18,"pct_lena_guano":18,"pct_basura_formal":100,"pct_basura_quema":0,"pct_basura_informal":0,"pct_internet":94,"pct_celular":100,"pct_televisor":88}},{"type":"Feature","geometry":{"type":"Polygon","coordinates":[[[-66.57039,-18.42513],[-66.5708,-18.42529],[-66.57082,-18.42527],[-66.57063,-18.42475],[-66.57055,-18.42472],[-66.57039,-18.42513]]]},"properties":{"n":"LLALLAGUA","p":21,"personas_x_ha":139,"masculinidad":110,"pct_menor20":29,"pct_60mas":5,"pct_migrante":29,"dependencia_econ":133,"pct_empleados":11,"pct_cuentapropia":56,"pct_agricultura":22,"pct_comercio":0,"pct_manufactura":0,"pct_construccion":0,"pct_transporte":33,"pct_alojamiento":0,"pct_sin_educacion":6,"pct_educ_superior":47,"brecha_educ":-1,"pct_sin_seguro":10,"pct_sus":71,"pct_seguro_privado":0,"brecha_seguro":-20,"pct_salud_publica":32,"pct_med_tradicional":15,"pct_automedicacion":15,"pct_remedios_caseros":27,"pct_viv_desocupada":8,"pct_alquiler":45,"pct_electricidad":100,"pct_sin_electricidad":0,"pct_agua_red":73,"pct_alcantarillado":100,"pct_camara_septica":0,"pct_pozo_ciego":0,"pct_sin_desague":0,"pct_gas_red":18,"pct_gas_garrafa":82,"pct_lena_guano":82,"pct_basura_formal":100,"pct_basura_quema":0,"pct_basura_informal":0,"pct_internet":91,"pct_celular":82,"pct_televisor":45}},{"type":"Feature","geometry":{"type":"Polygon","coordinates":[[[-66.58726,-18.42299],[-66.5877,-18.42381],[-66.58824,-18.42351],[-66.5877,-18.42282],[-66.58726,-18.42299]]]},"properties":{"n":"LLALLAGUA","p":127,"personas_x_ha":219,"masculinidad":76,"pct_menor20":28,"pct_60mas":8,"pct_migrante":40,"dependencia_econ":92,"pct_empleados":30,"pct_cuentapropia":52,"pct_agricultura":3,"pct_comercio":27,"pct_manufactura":2,"pct_construccion":0,"pct_transporte":3,"pct_alojamiento":11,"pct_sin_educacion":1,"pct_educ_superior":75,"brecha_educ":-7,"pct_sin_seguro":7,"pct_sus":75,"pct_seguro_privado":2,"brecha_seguro":8,"pct_salud_publica":26,"pct_med_tradicional":10,"pct_automedicacion":22,"pct_remedios_caseros":22,"pct_viv_desocupada":4,"pct_alquiler":51,"pct_electricidad":100,"pct_sin_electricidad":0,"pct_agua_red":89,"pct_alcantarillado":92,"pct_camara_septica":0,"pct_pozo_ciego":0,"pct_sin_desague":8,"pct_gas_red":22,"pct_gas_garrafa":75,"pct_lena_guano":75,"pct_basura_formal":100,"pct_basura_quema":0,"pct_basura_informal":0,"pct_internet":87,"pct_celular":92,"pct_televisor":70}},{"type":"Feature","geometry":{"type":"Polygon","coordinates":[[[-66.56506,-18.42512],[-66.56475,-18.42481],[-66.56407,-18.42535],[-66.56438,-18.42568],[-66.56506,-18.42512]]]},"properties":{"n":"LLALLAGUA","p":50,"personas_x_ha":106,"masculinidad":92,"pct_menor20":40,"pct_60mas":4,"pct_migrante":32,"dependencia_econ":85,"pct_empleados":52,"pct_cuentapropia":41,"pct_agricultura":11,"pct_comercio":19,"pct_manufactura":7,"pct_construccion":30,"pct_transporte":0,"pct_alojamiento":15,"pct_sin_educacion":6,"pct_educ_superior":35,"brecha_educ":-34,"pct_sin_seguro":12,"pct_sus":86,"pct_seguro_privado":0,"brecha_seguro":1,"pct_salud_publica":29,"pct_med_tradicional":14,"pct_automedicacion":18,"pct_remedios_caseros":28,"pct_viv_desocupada":0,"pct_alquiler":20,"pct_electricidad":96,"pct_sin_electricidad":4,"pct_agua_red":92,"pct_alcantarillado":8,"pct_camara_septica":0,"pct_pozo_ciego":12,"pct_sin_desague":80,"pct_gas_red":4,"pct_gas_garrafa":92,"pct_lena_guano":92,"pct_basura_formal":88,"pct_basura_quema":4,"pct_basura_informal":8,"pct_internet":84,"pct_celular":92,"pct_televisor":64}},{"type":"Feature","geometry":{"type":"Polygon","coordinates":[[[-66.58361,-18.42303],[-66.58445,-18.42277],[-66.58454,-18.42267],[-66.58395,-18.42218],[-66.58341,-18.42244],[-66.5829,-18.42294],[-66.58222,-18.42335],[-66.58303,-18.42325],[-66.58335,-18.42313],[-66.58359,-18.42303],[-66.58351,-18.42283],[-66.58361,-18.42303],[-66.58359,-18.42303],[-66.58361,-18.42303]]]},"properties":{"n":"LLALLAGUA","p":172,"personas_x_ha":147,"masculinidad":77,"pct_menor20":31,"pct_60mas":10,"pct_migrante":51,"dependencia_econ":91,"pct_empleados":37,"pct_cuentapropia":41,"pct_agricultura":1,"pct_comercio":31,"pct_manufactura":10,"pct_construccion":7,"pct_transporte":7,"pct_alojamiento":3,"pct_sin_educacion":1,"pct_educ_superior":70,"brecha_educ":-1,"pct_sin_seguro":18,"pct_sus":57,"pct_seguro_privado":1,"brecha_seguro":11,"pct_salud_publica":19,"pct_med_tradicional":8,"pct_automedicacion":21,"pct_remedios_caseros":23,"pct_viv_desocupada":10,"pct_alquiler":37,"pct_electricidad":100,"pct_sin_electricidad":0,"pct_agua_red":100,"pct_alcantarillado":97,"pct_camara_septica":0,"pct_pozo_ciego":0,"pct_sin_desague":0,"pct_gas_red":37,"pct_gas_garrafa":58,"pct_lena_guano":58,"pct_basura_formal":100,"pct_basura_quema":0,"pct_basura_informal":0,"pct_internet":87,"pct_celular":97,"pct_televisor":81}},{"type":"Feature","geometry":{"type":"Polygon","coordinates":[[[-66.5855,-18.42206],[-66.58538,-18.42217],[-66.58549,-18.42206],[-66.58533,-18.42191],[-66.58497,-18.4222],[-66.5854,-18.42257],[-66.58569,-18.42229],[-66.5855,-18.42206]]]},"properties":{"n":"LLALLAGUA","p":46,"personas_x_ha":159,"masculinidad":188,"pct_menor20":22,"pct_60mas":22,"pct_migrante":39,"dependencia_econ":28,"pct_empleados":22,"pct_cuentapropia":47,"pct_agricultura":0,"pct_comercio":42,"pct_manufactura":25,"pct_construccion":8,"pct_transporte":0,"pct_alojamiento":8,"pct_sin_educacion":0,"pct_educ_superior":54,"brecha_educ":-15,"pct_sin_seguro":36,"pct_sus":57,"pct_seguro_privado":0,"brecha_seguro":8,"pct_salud_publica":30,"pct_med_tradicional":6,"pct_automedicacion":17,"pct_remedios_caseros":17,"pct_viv_desocupada":8,"pct_alquiler":33,"pct_electricidad":100,"pct_sin_electricidad":0,"pct_agua_red":100,"pct_alcantarillado":95,"pct_camara_septica":5,"pct_pozo_ciego":0,"pct_sin_desague":0,"pct_gas_red":24,"pct_gas_garrafa":76,"pct_lena_guano":76,"pct_basura_formal":100,"pct_basura_quema":0,"pct_basura_informal":0,"pct_internet":81,"pct_celular":90,"pct_televisor":86}},{"type":"Feature","geometry":{"type":"Polygon","coordinates":[[[-66.56972,-18.4236],[-66.5696,-18.42316],[-66.569,-18.42295],[-66.56882,-18.42336],[-66.56968,-18.42368],[-66.56972,-18.4236]]]},"properties":{"n":"LLALLAGUA","p":34,"personas_x_ha":78,"masculinidad":62,"pct_menor20":59,"pct_60mas":0,"pct_migrante":35,"dependencia_econ":162,"pct_empleados":15,"pct_cuentapropia":54,"pct_agricultura":15,"pct_comercio":15,"pct_manufactura":8,"pct_construccion":8,"pct_transporte":0,"pct_alojamiento":31,"pct_sin_educacion":14,"pct_educ_superior":50,"brecha_educ":-2,"pct_sin_seguro":3,"pct_sus":88,"pct_seguro_privado":0,"brecha_seguro":-5,"pct_salud_publica":19,"pct_med_tradicional":16,"pct_automedicacion":25,"pct_remedios_caseros":22,"pct_viv_desocupada":11,"pct_alquiler":20,"pct_electricidad":100,"pct_sin_electricidad":0,"pct_agua_red":100,"pct_alcantarillado":90,"pct_camara_septica":0,"pct_pozo_ciego":0,"pct_sin_desague":10,"pct_gas_red":50,"pct_gas_garrafa":50,"pct_lena_guano":50,"pct_basura_formal":100,"pct_basura_quema":0,"pct_basura_informal":0,"pct_internet":90,"pct_celular":100,"pct_televisor":90}},{"type":"Feature","geometry":{"type":"Polygon","coordinates":[[[-66.568,-18.42247],[-66.56815,-18.42204],[-66.56735,-18.42174],[-66.56719,-18.42215],[-66.568,-18.42247]]]},"properties":{"n":"LLALLAGUA","p":30,"personas_x_ha":62,"masculinidad":67,"pct_menor20":40,"pct_60mas":7,"pct_migrante":7,"dependencia_econ":131,"pct_empleados":31,"pct_cuentapropia":46,"pct_agricultura":23,"pct_comercio":8,"pct_manufactura":23,"pct_construccion":0,"pct_transporte":8,"pct_alojamiento":15,"pct_sin_educacion":6,"pct_educ_superior":39,"brecha_educ":-8,"pct_sin_seguro":10,"pct_sus":66,"pct_seguro_privado":0,"brecha_seguro":-3,"pct_salud_publica":23,"pct_med_tradicional":11,"pct_automedicacion":22,"pct_remedios_caseros":27,"pct_viv_desocupada":7,"pct_alquiler":8,"pct_electricidad":92,"pct_sin_electricidad":8,"pct_agua_red":85,"pct_alcantarillado":69,"pct_camara_septica":0,"pct_pozo_ciego":0,"pct_sin_desague":31,"pct_gas_red":38,"pct_gas_garrafa":62,"pct_lena_guano":62,"pct_basura_formal":92,"pct_basura_quema":0,"pct_basura_informal":0,"pct_internet":77,"pct_celular":85,"pct_televisor":69}},{"type":"Feature","geometry":{"type":"Polygon","coordinates":[[[-66.57305,-18.42275],[-66.57386,-18.42275],[-66.57385,-18.42251],[-66.57302,-18.42252],[-66.57305,-18.42275]]]},"properties":{"n":"LLALLAGUA","p":34,"personas_x_ha":140,"masculinidad":89,"pct_menor20":47,"pct_60mas":6,"pct_migrante":24,"dependencia_econ":278,"pct_empleados":0,"pct_cuentapropia":56,"pct_agricultura":0,"pct_comercio":22,"pct_manufactura":22,"pct_construccion":0,"pct_transporte":0,"pct_alojamiento":22,"pct_sin_educacion":28,"pct_educ_superior":17,"brecha_educ":-18,"pct_sin_seguro":12,"pct_sus":68,"pct_seguro_privado":0,"brecha_seguro":-22,"pct_salud_publica":23,"pct_med_tradicional":16,"pct_automedicacion":15,"pct_remedios_caseros":20,"pct_viv_desocupada":9,"pct_alquiler":11,"pct_electricidad":89,"pct_sin_electricidad":0,"pct_agua_red":11,"pct_alcantarillado":67,"pct_camara_septica":0,"pct_pozo_ciego":0,"pct_sin_desague":33,"pct_gas_red":0,"pct_gas_garrafa":100,"pct_lena_guano":100,"pct_basura_formal":67,"pct_basura_quema":11,"pct_basura_informal":0,"pct_internet":78,"pct_celular":100,"pct_televisor":100}},{"type":"Feature","geometry":{"type":"Polygon","coordinates":[[[-66.58539,-18.4218],[-66.58579,-18.42149],[-66.58525,-18.42092],[-66.58486,-18.42127],[-66.58539,-18.4218]]]},"properties":{"n":"LLALLAGUA","p":90,"personas_x_ha":185,"masculinidad":84,"pct_menor20":32,"pct_60mas":14,"pct_migrante":40,"dependencia_econ":88,"pct_empleados":38,"pct_cuentapropia":38,"pct_agricultura":0,"pct_comercio":15,"pct_manufactura":21,"pct_construccion":8,"pct_transporte":4,"pct_alojamiento":8,"pct_sin_educacion":3,"pct_educ_superior":67,"brecha_educ":-15,"pct_sin_seguro":13,"pct_sus":62,"pct_seguro_privado":0,"brecha_seguro":2,"pct_salud_publica":18,"pct_med_tradicional":10,"pct_automedicacion":18,"pct_remedios_caseros":23,"pct_viv_desocupada":3,"pct_alquiler":37,"pct_electricidad":100,"pct_sin_electricidad":0,"pct_agua_red":97,"pct_alcantarillado":93,"pct_camara_septica":3,"pct_pozo_ciego":0,"pct_sin_desague":0,"pct_gas_red":50,"pct_gas_garrafa":50,"pct_lena_guano":50,"pct_basura_formal":100,"pct_basura_quema":0,"pct_basura_informal":0,"pct_internet":90,"pct_celular":97,"pct_televisor":87}},{"type":"Feature","geometry":{"type":"Polygon","coordinates":[[[-66.57507,-18.42235],[-66.57501,-18.4221],[-66.5739,-18.42218],[-66.57394,-18.42244],[-66.57507,-18.42235]]]},"properties":{"n":"LLALLAGUA","p":49,"personas_x_ha":137,"masculinidad":123,"pct_menor20":43,"pct_60mas":4,"pct_migrante":67,"dependencia_econ":88,"pct_empleados":62,"pct_cuentapropia":27,"pct_agricultura":0,"pct_comercio":35,"pct_manufactura":8,"pct_construccion":8,"pct_transporte":4,"pct_alojamiento":8,"pct_sin_educacion":4,"pct_educ_superior":46,"brecha_educ":-14,"pct_sin_seguro":14,"pct_sus":63,"pct_seguro_privado":0,"brecha_seguro":1,"pct_salud_publica":21,"pct_med_tradicional":2,"pct_automedicacion":24,"pct_remedios_caseros":24,"pct_viv_desocupada":0,"pct_alquiler":25,"pct_electricidad":100,"pct_sin_electricidad":0,"pct_agua_red":56,"pct_alcantarillado":69,"pct_camara_septica":6,"pct_pozo_ciego":0,"pct_sin_desague":25,"pct_gas_red":0,"pct_gas_garrafa":100,"pct_lena_guano":100,"pct_basura_formal":88,"pct_basura_quema":12,"pct_basura_informal":0,"pct_internet":81,"pct_celular":94,"pct_televisor":94}},{"type":"Feature","geometry":{"type":"Polygon","coordinates":[[[-66.56934,-18.42219],[-66.56904,-18.42285],[-66.56954,-18.42304],[-66.56956,-18.42302],[-66.56934,-18.42219]]]},"properties":{"n":"LLALLAGUA","p":24,"personas_x_ha":91,"masculinidad":140,"pct_menor20":38,"pct_60mas":4,"pct_migrante":38,"dependencia_econ":71,"pct_empleados":21,"pct_cuentapropia":64,"pct_agricultura":7,"pct_comercio":36,"pct_manufactura":14,"pct_construccion":7,"pct_transporte":14,"pct_alojamiento":7,"pct_sin_educacion":6,"pct_educ_superior":56,"brecha_educ":-3,"pct_sin_seguro":12,"pct_sus":75,"pct_seguro_privado":0,"brecha_seguro":21,"pct_salud_publica":27,"pct_med_tradicional":1,"pct_automedicacion":24,"pct_remedios_caseros":28,"pct_viv_desocupada":0,"pct_alquiler":0,"pct_electricidad":100,"pct_sin_electricidad":0,"pct_agua_red":88,"pct_alcantarillado":88,"pct_camara_septica":0,"pct_pozo_ciego":0,"pct_sin_desague":12,"pct_gas_red":25,"pct_gas_garrafa":75,"pct_lena_guano":75,"pct_basura_formal":100,"pct_basura_quema":0,"pct_basura_informal":0,"pct_internet":100,"pct_celular":100,"pct_televisor":75}},{"type":"Feature","geometry":{"type":"Polygon","coordinates":[[[-66.5807,-18.4213],[-66.58039,-18.42169],[-66.58124,-18.4218],[-66.58133,-18.42154],[-66.5807,-18.4213]]]},"properties":{"n":"LLALLAGUA","p":31,"personas_x_ha":89,"masculinidad":94,"pct_menor20":23,"pct_60mas":10,"pct_migrante":39,"dependencia_econ":41,"pct_empleados":32,"pct_cuentapropia":50,"pct_agricultura":0,"pct_comercio":14,"pct_manufactura":14,"pct_construccion":18,"pct_transporte":14,"pct_alojamiento":9,"pct_sin_educacion":8,"pct_educ_superior":48,"brecha_educ":-15,"pct_sin_seguro":23,"pct_sus":65,"pct_seguro_privado":0,"brecha_seguro":21,"pct_salud_publica":15,"pct_med_tradicional":7,"pct_automedicacion":27,"pct_remedios_caseros":27,"pct_viv_desocupada":0,"pct_alquiler":17,"pct_electricidad":100,"pct_sin_electricidad":0,"pct_agua_red":100,"pct_alcantarillado":100,"pct_camara_septica":0,"pct_pozo_ciego":0,"pct_sin_desague":0,"pct_gas_red":42,"pct_gas_garrafa":58,"pct_lena_guano":58,"pct_basura_formal":100,"pct_basura_quema":0,"pct_basura_informal":0,"pct_internet":100,"pct_celular":100,"pct_televisor":92}},{"type":"Feature","geometry":{"type":"Polygon","coordinates":[[[-66.58396,-18.42121],[-66.5844,-18.42162],[-66.58475,-18.42128],[-66.58407,-18.42057],[-66.58396,-18.42121]]]},"properties":{"n":"LLALLAGUA","p":63,"personas_x_ha":127,"masculinidad":117,"pct_menor20":29,"pct_60mas":22,"pct_migrante":54,"dependencia_econ":97,"pct_empleados":47,"pct_cuentapropia":44,"pct_agricultura":3,"pct_comercio":12,"pct_manufactura":9,"pct_construccion":0,"pct_transporte":9,"pct_alojamiento":16,"pct_sin_educacion":2,"pct_educ_superior":73,"brecha_educ":-4,"pct_sin_seguro":6,"pct_sus":57,"pct_seguro_privado":6,"brecha_seguro":-1,"pct_salud_publica":18,"pct_med_tradicional":14,"pct_automedicacion":13,"pct_remedios_caseros":25,"pct_viv_desocupada":0,"pct_alquiler":38,"pct_electricidad":96,"pct_sin_electricidad":0,"pct_agua_red":96,"pct_alcantarillado":100,"pct_camara_septica":0,"pct_pozo_ciego":0,"pct_sin_desague":0,"pct_gas_red":19,"pct_gas_garrafa":69,"pct_lena_guano":69,"pct_basura_formal":100,"pct_basura_quema":0,"pct_basura_informal":0,"pct_internet":92,"pct_celular":100,"pct_televisor":73}},{"type":"Feature","geometry":{"type":"Polygon","coordinates":[[[-66.57024,-18.42136],[-66.56967,-18.42068],[-66.56947,-18.4207],[-66.5697,-18.42152],[-66.57024,-18.42136]]]},"properties":{"n":"LLALLAGUA","p":31,"personas_x_ha":75,"masculinidad":210,"pct_menor20":42,"pct_60mas":3,"pct_migrante":42,"dependencia_econ":158,"pct_empleados":25,"pct_cuentapropia":75,"pct_agricultura":8,"pct_comercio":42,"pct_manufactura":17,"pct_construccion":25,"pct_transporte":0,"pct_alojamiento":0,"pct_sin_educacion":0,"pct_educ_superior":32,"brecha_educ":-30,"pct_sin_seguro":29,"pct_sus":65,"pct_seguro_privado":0,"brecha_seguro":28,"pct_salud_publica":50,"pct_med_tradicional":7,"pct_automedicacion":25,"pct_remedios_caseros":11,"pct_viv_desocupada":0,"pct_alquiler":25,"pct_electricidad":100,"pct_sin_electricidad":0,"pct_agua_red":83,"pct_alcantarillado":92,"pct_camara_septica":0,"pct_pozo_ciego":0,"pct_sin_desague":8,"pct_gas_red":0,"pct_gas_garrafa":100,"pct_lena_guano":100,"pct_basura_formal":100,"pct_basura_quema":0,"pct_basura_informal":0,"pct_internet":100,"pct_celular":100,"pct_televisor":67}},{"type":"Feature","geometry":{"type":"Polygon","coordinates":[[[-66.58138,-18.41886],[-66.58068,-18.41969],[-66.58104,-18.42005],[-66.58115,-18.41976],[-66.58173,-18.41914],[-66.58138,-18.41886]]]},"properties":{"n":"LLALLAGUA","p":84,"personas_x_ha":145,"masculinidad":79,"pct_menor20":37,"pct_60mas":4,"pct_migrante":39,"dependencia_econ":133,"pct_empleados":28,"pct_cuentapropia":56,"pct_agricultura":3,"pct_comercio":25,"pct_manufactura":17,"pct_construccion":3,"pct_transporte":8,"pct_alojamiento":17,"pct_sin_educacion":5,"pct_educ_superior":56,"brecha_educ":-15,"pct_sin_seguro":18,"pct_sus":76,"pct_seguro_privado":0,"brecha_seguro":7,"pct_salud_publica":25,"pct_med_tradicional":8,"pct_automedicacion":25,"pct_remedios_caseros":27,"pct_viv_desocupada":3,"pct_alquiler":25,"pct_electricidad":100,"pct_sin_electricidad":0,"pct_agua_red":96,"pct_alcantarillado":100,"pct_camara_septica":0,"pct_pozo_ciego":0,"pct_sin_desague":0,"pct_gas_red":54,"pct_gas_garrafa":46,"pct_lena_guano":46,"pct_basura_formal":89,"pct_basura_quema":0,"pct_basura_informal":0,"pct_internet":93,"pct_celular":96,"pct_televisor":93}},{"type":"Feature","geometry":{"type":"Polygon","coordinates":[[[-66.58032,-18.41252],[-66.58147,-18.41203],[-66.58129,-18.4117],[-66.58017,-18.41218],[-66.58032,-18.41252]]]},"properties":{"n":"LLALLAGUA","p":29,"personas_x_ha":55,"masculinidad":81,"pct_menor20":48,"pct_60mas":0,"pct_migrante":38,"dependencia_econ":115,"pct_empleados":0,"pct_cuentapropia":69,"pct_agricultura":31,"pct_comercio":8,"pct_manufactura":8,"pct_construccion":31,"pct_transporte":0,"pct_alojamiento":0,"pct_sin_educacion":7,"pct_educ_superior":21,"brecha_educ":-25,"pct_sin_seguro":4,"pct_sus":96,"pct_seguro_privado":0,"brecha_seguro":8,"pct_salud_publica":25,"pct_med_tradicional":12,"pct_automedicacion":21,"pct_remedios_caseros":28,"pct_viv_desocupada":5,"pct_alquiler":9,"pct_electricidad":91,"pct_sin_electricidad":0,"pct_agua_red":0,"pct_alcantarillado":0,"pct_camara_septica":0,"pct_pozo_ciego":0,"pct_sin_desague":91,"pct_gas_red":0,"pct_gas_garrafa":100,"pct_lena_guano":100,"pct_basura_formal":45,"pct_basura_quema":18,"pct_basura_informal":0,"pct_internet":91,"pct_celular":91,"pct_televisor":91}},{"type":"Feature","geometry":{"type":"Polygon","coordinates":[[[-66.58501,-18.40799],[-66.58465,-18.40794],[-66.58454,-18.40894],[-66.58491,-18.40898],[-66.58501,-18.40799]]]},"properties":{"n":"LLALLAGUA","p":16,"personas_x_ha":36,"masculinidad":100,"pct_menor20":44,"pct_60mas":6,"pct_migrante":0,"dependencia_econ":33,"pct_empleados":42,"pct_cuentapropia":42,"pct_agricultura":33,"pct_comercio":8,"pct_manufactura":8,"pct_construccion":17,"pct_transporte":8,"pct_alojamiento":8,"pct_sin_educacion":44,"pct_educ_superior":11,"brecha_educ":-83,"pct_sin_seguro":6,"pct_sus":81,"pct_seguro_privado":0,"brecha_seguro":12,"pct_salud_publica":45,"pct_med_tradicional":3,"pct_automedicacion":17,"pct_remedios_caseros":21,"pct_viv_desocupada":25,"pct_alquiler":0,"pct_electricidad":75,"pct_sin_electricidad":25,"pct_agua_red":50,"pct_alcantarillado":0,"pct_camara_septica":0,"pct_pozo_ciego":0,"pct_sin_desague":100,"pct_gas_red":0,"pct_gas_garrafa":88,"pct_lena_guano":88,"pct_basura_formal":12,"pct_basura_quema":50,"pct_basura_informal":0,"pct_internet":62,"pct_celular":75,"pct_televisor":75}},{"type":"Feature","geometry":{"type":"Polygon","coordinates":[[[-66.58479,-18.42121],[-66.58521,-18.42086],[-66.58407,-18.4196],[-66.58402,-18.4204],[-66.58479,-18.42121]]]},"properties":{"n":"LLALLAGUA","p":171,"personas_x_ha":181,"masculinidad":80,"pct_menor20":27,"pct_60mas":17,"pct_migrante":35,"dependencia_econ":87,"pct_empleados":47,"pct_cuentapropia":41,"pct_agricultura":1,"pct_comercio":25,"pct_manufactura":2,"pct_construccion":8,"pct_transporte":10,"pct_alojamiento":9,"pct_sin_educacion":1,"pct_educ_superior":67,"brecha_educ":-5,"pct_sin_seguro":11,"pct_sus":45,"pct_seguro_privado":6,"brecha_seguro":11,"pct_salud_publica":18,"pct_med_tradicional":10,"pct_automedicacion":17,"pct_remedios_caseros":23,"pct_viv_desocupada":2,"pct_alquiler":26,"pct_electricidad":100,"pct_sin_electricidad":0,"pct_agua_red":100,"pct_alcantarillado":98,"pct_camara_septica":2,"pct_pozo_ciego":0,"pct_sin_desague":0,"pct_gas_red":48,"pct_gas_garrafa":52,"pct_lena_guano":52,"pct_basura_formal":98,"pct_basura_quema":0,"pct_basura_informal":0,"pct_internet":87,"pct_celular":93,"pct_televisor":84}},{"type":"Feature","geometry":{"type":"Polygon","coordinates":[[[-66.56595,-18.4222],[-66.56569,-18.42183],[-66.56522,-18.42216],[-66.56548,-18.42253],[-66.56595,-18.4222]]]},"properties":{"n":"LLALLAGUA","p":17,"personas_x_ha":54,"masculinidad":183,"pct_menor20":76,"pct_60mas":12,"pct_migrante":88,"dependencia_econ":325,"pct_empleados":25,"pct_cuentapropia":25,"pct_agricultura":25,"pct_comercio":0,"pct_manufactura":0,"pct_construccion":0,"pct_transporte":0,"pct_alojamiento":0,"pct_sin_educacion":25,"pct_educ_superior":25,"brecha_educ":-33,"pct_sin_seguro":6,"pct_sus":82,"pct_seguro_privado":12,"brecha_seguro":9,"pct_salud_publica":31,"pct_med_tradicional":16,"pct_automedicacion":22,"pct_remedios_caseros":9,"pct_viv_desocupada":10,"pct_alquiler":0,"pct_electricidad":78,"pct_sin_electricidad":22,"pct_agua_red":56,"pct_alcantarillado":0,"pct_camara_septica":0,"pct_pozo_ciego":0,"pct_sin_desague":100,"pct_gas_red":22,"pct_gas_garrafa":78,"pct_lena_guano":78,"pct_basura_formal":11,"pct_basura_quema":44,"pct_basura_informal":22,"pct_internet":44,"pct_celular":78,"pct_televisor":56}},{"type":"Feature","geometry":{"type":"Polygon","coordinates":[[[-66.56562,-18.42173],[-66.56537,-18.42139],[-66.56489,-18.4217],[-66.56517,-18.42208],[-66.56562,-18.42173]]]},"properties":{"n":"LLALLAGUA","p":23,"personas_x_ha":73,"masculinidad":109,"pct_menor20":43,"pct_60mas":4,"pct_migrante":70,"dependencia_econ":229,"pct_empleados":29,"pct_cuentapropia":57,"pct_agricultura":14,"pct_comercio":14,"pct_manufactura":0,"pct_construccion":29,"pct_transporte":0,"pct_alojamiento":0,"pct_sin_educacion":23,"pct_educ_superior":31,"brecha_educ":-43,"pct_sin_seguro":0,"pct_sus":78,"pct_seguro_privado":0,"brecha_seguro":0,"pct_salud_publica":17,"pct_med_tradicional":22,"pct_automedicacion":20,"pct_remedios_caseros":26,"pct_viv_desocupada":0,"pct_alquiler":9,"pct_electricidad":100,"pct_sin_electricidad":0,"pct_agua_red":91,"pct_alcantarillado":0,"pct_camara_septica":0,"pct_pozo_ciego":0,"pct_sin_desague":100,"pct_gas_red":55,"pct_gas_garrafa":45,"pct_lena_guano":45,"pct_basura_formal":18,"pct_basura_quema":45,"pct_basura_informal":0,"pct_internet":82,"pct_celular":100,"pct_televisor":73}},{"type":"Feature","geometry":{"type":"Polygon","coordinates":[[[-66.56508,-18.42212],[-66.56483,-18.42176],[-66.5644,-18.42203],[-66.56465,-18.42239],[-66.56508,-18.42212]]]},"properties":{"n":"LLALLAGUA","p":28,"personas_x_ha":103,"masculinidad":87,"pct_menor20":50,"pct_60mas":0,"pct_migrante":43,"dependencia_econ":115,"pct_empleados":15,"pct_cuentapropia":54,"pct_agricultura":38,"pct_comercio":8,"pct_manufactura":23,"pct_construccion":15,"pct_transporte":0,"pct_alojamiento":0,"pct_sin_educacion":0,"pct_educ_superior":0,"brecha_educ":-38,"pct_sin_seguro":15,"pct_sus":62,"pct_seguro_privado":0,"brecha_seguro":-11,"pct_salud_publica":18,"pct_med_tradicional":20,"pct_automedicacion":24,"pct_remedios_caseros":27,"pct_viv_desocupada":0,"pct_alquiler":18,"pct_electricidad":73,"pct_sin_electricidad":18,"pct_agua_red":73,"pct_alcantarillado":0,"pct_camara_septica":0,"pct_pozo_ciego":0,"pct_sin_desague":100,"pct_gas_red":9,"pct_gas_garrafa":91,"pct_lena_guano":91,"pct_basura_formal":9,"pct_basura_quema":73,"pct_basura_informal":0,"pct_internet":73,"pct_celular":73,"pct_televisor":64}},{"type":"Feature","geometry":{"type":"Polygon","coordinates":[[[-66.58101,-18.43187],[-66.58077,-18.43158],[-66.5803,-18.43169],[-66.57977,-18.43153],[-66.57967,-18.43154],[-66.57955,-18.43186],[-66.5803,-18.43201],[-66.58101,-18.43187]]]},"properties":{"n":"LLALLAGUA","p":16,"personas_x_ha":31,"masculinidad":78,"pct_menor20":50,"pct_60mas":25,"pct_migrante":81,"dependencia_econ":45,"pct_empleados":45,"pct_cuentapropia":45,"pct_agricultura":45,"pct_comercio":9,"pct_manufactura":9,"pct_construccion":9,"pct_transporte":0,"pct_alojamiento":18,"pct_sin_educacion":40,"pct_educ_superior":0,"brecha_educ":33,"pct_sin_seguro":19,"pct_sus":81,"pct_seguro_privado":0,"brecha_seguro":17,"pct_salud_publica":22,"pct_med_tradicional":16,"pct_automedicacion":22,"pct_remedios_caseros":29,"pct_viv_desocupada":0,"pct_alquiler":0,"pct_electricidad":70,"pct_sin_electricidad":30,"pct_agua_red":0,"pct_alcantarillado":0,"pct_camara_septica":0,"pct_pozo_ciego":0,"pct_sin_desague":100,"pct_gas_red":0,"pct_gas_garrafa":80,"pct_lena_guano":80,"pct_basura_formal":0,"pct_basura_quema":80,"pct_basura_informal":0,"pct_internet":60,"pct_celular":70,"pct_televisor":30}},{"type":"Feature","geometry":{"type":"Polygon","coordinates":[[[-66.58445,-18.43083],[-66.58513,-18.43065],[-66.58535,-18.43046],[-66.58497,-18.42982],[-66.58417,-18.43011],[-66.58433,-18.43069],[-66.58445,-18.43083]]]},"properties":{"n":"LLALLAGUA","p":20,"personas_x_ha":22,"masculinidad":82,"pct_menor20":50,"pct_60mas":5,"pct_migrante":50,"dependencia_econ":122,"pct_empleados":22,"pct_cuentapropia":33,"pct_agricultura":22,"pct_comercio":11,"pct_manufactura":11,"pct_construccion":11,"pct_transporte":11,"pct_alojamiento":0,"pct_sin_educacion":20,"pct_educ_superior":10,"brecha_educ":-40,"pct_sin_seguro":0,"pct_sus":70,"pct_seguro_privado":0,"brecha_seguro":0,"pct_salud_publica":71,"pct_med_tradicional":0,"pct_automedicacion":0,"pct_remedios_caseros":5,"pct_viv_desocupada":0,"pct_alquiler":0,"pct_electricidad":86,"pct_sin_electricidad":14,"pct_agua_red":0,"pct_alcantarillado":0,"pct_camara_septica":0,"pct_pozo_ciego":0,"pct_sin_desague":100,"pct_gas_red":0,"pct_gas_garrafa":100,"pct_lena_guano":100,"pct_basura_formal":14,"pct_basura_quema":71,"pct_basura_informal":0,"pct_internet":71,"pct_celular":86,"pct_televisor":71}},{"type":"Feature","geometry":{"type":"Polygon","coordinates":[[[-66.56778,-18.43237],[-66.56807,-18.43257],[-66.56876,-18.43178],[-66.56851,-18.43148],[-66.56778,-18.43237]]]},"properties":{"n":"LLALLAGUA","p":35,"personas_x_ha":70,"masculinidad":46,"pct_menor20":60,"pct_60mas":14,"pct_migrante":60,"dependencia_econ":218,"pct_empleados":9,"pct_cuentapropia":91,"pct_agricultura":0,"pct_comercio":64,"pct_manufactura":0,"pct_construccion":18,"pct_transporte":0,"pct_alojamiento":0,"pct_sin_educacion":14,"pct_educ_superior":0,"brecha_educ":-21,"pct_sin_seguro":11,"pct_sus":89,"pct_seguro_privado":0,"brecha_seguro":-3,"pct_salud_publica":27,"pct_med_tradicional":15,"pct_automedicacion":21,"pct_remedios_caseros":27,"pct_viv_desocupada":0,"pct_alquiler":15,"pct_electricidad":100,"pct_sin_electricidad":0,"pct_agua_red":100,"pct_alcantarillado":0,"pct_camara_septica":0,"pct_pozo_ciego":0,"pct_sin_desague":100,"pct_gas_red":0,"pct_gas_garrafa":100,"pct_lena_guano":100,"pct_basura_formal":100,"pct_basura_quema":0,"pct_basura_informal":0,"pct_internet":85,"pct_celular":100,"pct_televisor":77}},{"type":"Feature","geometry":{"type":"Polygon","coordinates":[[[-66.56728,-18.42032],[-66.5676,-18.4199],[-66.56734,-18.41968],[-66.56698,-18.4201],[-66.56728,-18.42032]]]},"properties":{"n":"LLALLAGUA","p":33,"personas_x_ha":137,"masculinidad":43,"pct_menor20":36,"pct_60mas":3,"pct_migrante":61,"dependencia_econ":43,"pct_empleados":0,"pct_cuentapropia":35,"pct_agricultura":70,"pct_comercio":4,"pct_manufactura":0,"pct_construccion":4,"pct_transporte":0,"pct_alojamiento":9,"pct_sin_educacion":0,"pct_educ_superior":27,"brecha_educ":-21,"pct_sin_seguro":18,"pct_sus":82,"pct_seguro_privado":0,"brecha_seguro":3,"pct_salud_publica":33,"pct_med_tradicional":6,"pct_automedicacion":20,"pct_remedios_caseros":33,"pct_viv_desocupada":0,"pct_alquiler":0,"pct_electricidad":100,"pct_sin_electricidad":0,"pct_agua_red":100,"pct_alcantarillado":17,"pct_camara_septica":0,"pct_pozo_ciego":0,"pct_sin_desague":83,"pct_gas_red":58,"pct_gas_garrafa":33,"pct_lena_guano":33,"pct_basura_formal":83,"pct_basura_quema":17,"pct_basura_informal":0,"pct_internet":25,"pct_celular":42,"pct_televisor":25}},{"type":"Feature","geometry":{"type":"Polygon","coordinates":[[[-66.5722,-18.43116],[-66.57109,-18.4319],[-66.57123,-18.43221],[-66.57195,-18.43257],[-66.57243,-18.43171],[-66.5722,-18.43116]]]},"properties":{"n":"LLALLAGUA","p":36,"personas_x_ha":30,"masculinidad":64,"pct_menor20":61,"pct_60mas":3,"pct_migrante":64,"dependencia_econ":260,"pct_empleados":10,"pct_cuentapropia":80,"pct_agricultura":20,"pct_comercio":20,"pct_manufactura":20,"pct_construccion":20,"pct_transporte":0,"pct_alojamiento":20,"pct_sin_educacion":7,"pct_educ_superior":14,"brecha_educ":-35,"pct_sin_seguro":8,"pct_sus":83,"pct_seguro_privado":0,"brecha_seguro":21,"pct_salud_publica":22,"pct_med_tradicional":17,"pct_automedicacion":22,"pct_remedios_caseros":26,"pct_viv_desocupada":7,"pct_alquiler":8,"pct_electricidad":92,"pct_sin_electricidad":8,"pct_agua_red":0,"pct_alcantarillado":8,"pct_camara_septica":0,"pct_pozo_ciego":0,"pct_sin_desague":92,"pct_gas_red":0,"pct_gas_garrafa":100,"pct_lena_guano":100,"pct_basura_formal":77,"pct_basura_quema":23,"pct_basura_informal":0,"pct_internet":92,"pct_celular":92,"pct_televisor":77}},{"type":"Feature","geometry":{"type":"Polygon","coordinates":[[[-66.57914,-18.43113],[-66.57918,-18.43101],[-66.57908,-18.43082],[-66.57761,-18.43007],[-66.57754,-18.43022],[-66.57791,-18.43065],[-66.57914,-18.43113]]]},"properties":{"n":"LLALLAGUA","p":26,"personas_x_ha":40,"masculinidad":100,"pct_menor20":58,"pct_60mas":4,"pct_migrante":46,"dependencia_econ":189,"pct_empleados":22,"pct_cuentapropia":67,"pct_agricultura":11,"pct_comercio":22,"pct_manufactura":11,"pct_construccion":22,"pct_transporte":0,"pct_alojamiento":22,"pct_sin_educacion":8,"pct_educ_superior":25,"brecha_educ":-12,"pct_sin_seguro":15,"pct_sus":85,"pct_seguro_privado":0,"brecha_seguro":31,"pct_salud_publica":17,"pct_med_tradicional":23,"pct_automedicacion":19,"pct_remedios_caseros":20,"pct_viv_desocupada":0,"pct_alquiler":0,"pct_electricidad":92,"pct_sin_electricidad":8,"pct_agua_red":0,"pct_alcantarillado":0,"pct_camara_septica":0,"pct_pozo_ciego":0,"pct_sin_desague":100,"pct_gas_red":0,"pct_gas_garrafa":92,"pct_lena_guano":92,"pct_basura_formal":17,"pct_basura_quema":67,"pct_basura_informal":0,"pct_internet":58,"pct_celular":67,"pct_televisor":42}},{"type":"Feature","geometry":{"type":"Polygon","coordinates":[[[-66.58108,-18.41123],[-66.58093,-18.41089],[-66.57969,-18.41138],[-66.57986,-18.41175],[-66.58108,-18.41123]]]},"properties":{"n":"LLALLAGUA","p":26,"personas_x_ha":43,"masculinidad":100,"pct_menor20":62,"pct_60mas":0,"pct_migrante":31,"dependencia_econ":189,"pct_empleados":33,"pct_cuentapropia":33,"pct_agricultura":11,"pct_comercio":11,"pct_manufactura":0,"pct_construccion":0,"pct_transporte":0,"pct_alojamiento":11,"pct_sin_educacion":0,"pct_educ_superior":10,"brecha_educ":0,"pct_sin_seguro":12,"pct_sus":88,"pct_seguro_privado":0,"brecha_seguro":-8,"pct_salud_publica":19,"pct_med_tradicional":14,"pct_automedicacion":20,"pct_remedios_caseros":26,"pct_viv_desocupada":14,"pct_alquiler":0,"pct_electricidad":100,"pct_sin_electricidad":0,"pct_agua_red":0,"pct_alcantarillado":0,"pct_camara_septica":0,"pct_pozo_ciego":0,"pct_sin_desague":100,"pct_gas_red":0,"pct_gas_garrafa":100,"pct_lena_guano":100,"pct_basura_formal":33,"pct_basura_quema":17,"pct_basura_informal":0,"pct_internet":67,"pct_celular":100,"pct_televisor":83}},{"type":"Feature","geometry":{"type":"Polygon","coordinates":[[[-66.58479,-18.42876],[-66.58461,-18.42889],[-66.5847,-18.42925],[-66.58522,-18.43008],[-66.58531,-18.43002],[-66.58499,-18.42942],[-66.58479,-18.42876]]]},"properties":{"n":"LLALLAGUA","p":52,"personas_x_ha":176,"masculinidad":73,"pct_menor20":56,"pct_60mas":4,"pct_migrante":54,"dependencia_econ":247,"pct_empleados":27,"pct_cuentapropia":40,"pct_agricultura":13,"pct_comercio":27,"pct_manufactura":0,"pct_construccion":20,"pct_transporte":0,"pct_alojamiento":20,"pct_sin_educacion":8,"pct_educ_superior":33,"brecha_educ":-11,"pct_sin_seguro":23,"pct_sus":56,"pct_seguro_privado":0,"brecha_seguro":-1,"pct_salud_publica":35,"pct_med_tradicional":11,"pct_automedicacion":10,"pct_remedios_caseros":18,"pct_viv_desocupada":0,"pct_alquiler":7,"pct_electricidad":93,"pct_sin_electricidad":0,"pct_agua_red":86,"pct_alcantarillado":64,"pct_camara_septica":0,"pct_pozo_ciego":0,"pct_sin_desague":36,"pct_gas_red":7,"pct_gas_garrafa":93,"pct_lena_guano":93,"pct_basura_formal":93,"pct_basura_quema":7,"pct_basura_informal":0,"pct_internet":93,"pct_celular":93,"pct_televisor":79}},{"type":"Feature","geometry":{"type":"Polygon","coordinates":[[[-66.58269,-18.42833],[-66.58276,-18.42816],[-66.58264,-18.42779],[-66.58241,-18.42819],[-66.58269,-18.42833]]]},"properties":{"n":"LLALLAGUA","p":20,"personas_x_ha":157,"masculinidad":67,"pct_menor20":55,"pct_60mas":0,"pct_migrante":35,"dependencia_econ":150,"pct_empleados":62,"pct_cuentapropia":38,"pct_agricultura":12,"pct_comercio":38,"pct_manufactura":12,"pct_construccion":0,"pct_transporte":0,"pct_alojamiento":12,"pct_sin_educacion":10,"pct_educ_superior":50,"brecha_educ":-20,"pct_sin_seguro":10,"pct_sus":45,"pct_seguro_privado":0,"brecha_seguro":-17,"pct_salud_publica":27,"pct_med_tradicional":6,"pct_automedicacion":17,"pct_remedios_caseros":27,"pct_viv_desocupada":0,"pct_alquiler":0,"pct_electricidad":100,"pct_sin_electricidad":0,"pct_agua_red":100,"pct_alcantarillado":78,"pct_camara_septica":0,"pct_pozo_ciego":0,"pct_sin_desague":22,"pct_gas_red":0,"pct_gas_garrafa":100,"pct_lena_guano":100,"pct_basura_formal":100,"pct_basura_quema":0,"pct_basura_informal":0,"pct_internet":67,"pct_celular":89,"pct_televisor":100}},{"type":"Feature","geometry":{"type":"Polygon","coordinates":[[[-66.58278,-18.42636],[-66.58259,-18.42614],[-66.58184,-18.42688],[-66.5821,-18.42707],[-66.58239,-18.42669],[-66.58278,-18.42636]]]},"properties":{"n":"LLALLAGUA","p":98,"personas_x_ha":261,"masculinidad":88,"pct_menor20":40,"pct_60mas":7,"pct_migrante":33,"dependencia_econ":165,"pct_empleados":46,"pct_cuentapropia":41,"pct_agricultura":0,"pct_comercio":22,"pct_manufactura":3,"pct_construccion":3,"pct_transporte":11,"pct_alojamiento":3,"pct_sin_educacion":7,"pct_educ_superior":68,"brecha_educ":-27,"pct_sin_seguro":4,"pct_sus":80,"pct_seguro_privado":0,"brecha_seguro":1,"pct_salud_publica":24,"pct_med_tradicional":10,"pct_automedicacion":20,"pct_remedios_caseros":21,"pct_viv_desocupada":0,"pct_alquiler":23,"pct_electricidad":100,"pct_sin_electricidad":0,"pct_agua_red":97,"pct_alcantarillado":97,"pct_camara_septica":3,"pct_pozo_ciego":0,"pct_sin_desague":0,"pct_gas_red":68,"pct_gas_garrafa":32,"pct_lena_guano":32,"pct_basura_formal":100,"pct_basura_quema":0,"pct_basura_informal":0,"pct_internet":90,"pct_celular":94,"pct_televisor":90}},{"type":"Feature","geometry":{"type":"Polygon","coordinates":[[[-66.58163,-18.42901],[-66.58101,-18.42922],[-66.58126,-18.42962],[-66.5819,-18.42918],[-66.58163,-18.42901]]]},"properties":{"n":"LLALLAGUA","p":29,"personas_x_ha":89,"masculinidad":71,"pct_menor20":55,"pct_60mas":3,"pct_migrante":66,"dependencia_econ":123,"pct_empleados":31,"pct_cuentapropia":23,"pct_agricultura":15,"pct_comercio":23,"pct_manufactura":0,"pct_construccion":15,"pct_transporte":8,"pct_alojamiento":15,"pct_sin_educacion":21,"pct_educ_superior":36,"brecha_educ":-25,"pct_sin_seguro":7,"pct_sus":75,"pct_seguro_privado":0,"brecha_seguro":2,"pct_salud_publica":14,"pct_med_tradicional":20,"pct_automedicacion":24,"pct_remedios_caseros":30,"pct_viv_desocupada":0,"pct_alquiler":0,"pct_electricidad":78,"pct_sin_electricidad":22,"pct_agua_red":89,"pct_alcantarillado":11,"pct_camara_septica":0,"pct_pozo_ciego":0,"pct_sin_desague":89,"pct_gas_red":0,"pct_gas_garrafa":89,"pct_lena_guano":89,"pct_basura_formal":67,"pct_basura_quema":11,"pct_basura_informal":0,"pct_internet":78,"pct_celular":78,"pct_televisor":67}},{"type":"Feature","geometry":{"type":"Polygon","coordinates":[[[-66.57863,-18.42962],[-66.57858,-18.42947],[-66.57801,-18.42927],[-66.57716,-18.42869],[-66.5768,-18.42861],[-66.57617,-18.42908],[-66.57638,-18.42926],[-66.57626,-18.4294],[-66.57633,-18.42925],[-66.57615,-18.4291],[-66.57553,-18.42968],[-66.57548,-18.42993],[-66.5756,-18.4304],[-66.57594,-18.43051],[-66.5766,-18.42967],[-66.57664,-18.42931],[-66.57695,-18.42897],[-66.57667,-18.42933],[-66.57664,-18.42968],[-66.57717,-18.4292],[-66.57764,-18.42954],[-66.57837,-18.42985],[-66.57855,-18.42982],[-66.57863,-18.42962]]]},"properties":{"n":"LLALLAGUA","p":157,"personas_x_ha":59,"masculinidad":67,"pct_menor20":46,"pct_60mas":4,"pct_migrante":53,"dependencia_econ":157,"pct_empleados":21,"pct_cuentapropia":61,"pct_agricultura":15,"pct_comercio":25,"pct_manufactura":3,"pct_construccion":7,"pct_transporte":10,"pct_alojamiento":8,"pct_sin_educacion":11,"pct_educ_superior":34,"brecha_educ":-21,"pct_sin_seguro":15,"pct_sus":62,"pct_seguro_privado":3,"brecha_seguro":-3,"pct_salud_publica":22,"pct_med_tradicional":9,"pct_automedicacion":23,"pct_remedios_caseros":29,"pct_viv_desocupada":3,"pct_alquiler":6,"pct_electricidad":90,"pct_sin_electricidad":8,"pct_agua_red":80,"pct_alcantarillado":71,"pct_camara_septica":0,"pct_pozo_ciego":0,"pct_sin_desague":29,"pct_gas_red":29,"pct_gas_garrafa":71,"pct_lena_guano":71,"pct_basura_formal":84,"pct_basura_quema":12,"pct_basura_informal":0,"pct_internet":94,"pct_celular":96,"pct_televisor":84}},{"type":"Feature","geometry":{"type":"Polygon","coordinates":[[[-66.58063,-18.42854],[-66.58057,-18.42844],[-66.58039,-18.42846],[-66.57984,-18.42869],[-66.57996,-18.42893],[-66.58063,-18.42854]]]},"properties":{"n":"LLALLAGUA","p":33,"personas_x_ha":174,"masculinidad":57,"pct_menor20":55,"pct_60mas":6,"pct_migrante":36,"dependencia_econ":230,"pct_empleados":30,"pct_cuentapropia":20,"pct_agricultura":10,"pct_comercio":0,"pct_manufactura":10,"pct_construccion":10,"pct_transporte":0,"pct_alojamiento":30,"pct_sin_educacion":0,"pct_educ_superior":73,"brecha_educ":-20,"pct_sin_seguro":12,"pct_sus":85,"pct_seguro_privado":0,"brecha_seguro":20,"pct_salud_publica":45,"pct_med_tradicional":4,"pct_automedicacion":0,"pct_remedios_caseros":34,"pct_viv_desocupada":0,"pct_alquiler":22,"pct_electricidad":100,"pct_sin_electricidad":0,"pct_agua_red":89,"pct_alcantarillado":78,"pct_camara_septica":0,"pct_pozo_ciego":0,"pct_sin_desague":22,"pct_gas_red":44,"pct_gas_garrafa":56,"pct_lena_guano":56,"pct_basura_formal":100,"pct_basura_quema":0,"pct_basura_informal":0,"pct_internet":100,"pct_celular":100,"pct_televisor":100}},{"type":"Feature","geometry":{"type":"Polygon","coordinates":[[[-66.56991,-18.419],[-66.57053,-18.41873],[-66.57049,-18.41864],[-66.56985,-18.41882],[-66.56991,-18.419]]]},"properties":{"n":"LLALLAGUA","p":23,"personas_x_ha":198,"masculinidad":53,"pct_menor20":52,"pct_60mas":0,"pct_migrante":52,"dependencia_econ":188,"pct_empleados":25,"pct_cuentapropia":75,"pct_agricultura":0,"pct_comercio":25,"pct_manufactura":38,"pct_construccion":0,"pct_transporte":12,"pct_alojamiento":12,"pct_sin_educacion":0,"pct_educ_superior":33,"brecha_educ":-12,"pct_sin_seguro":26,"pct_sus":52,"pct_seguro_privado":0,"brecha_seguro":37,"pct_salud_publica":22,"pct_med_tradicional":3,"pct_automedicacion":24,"pct_remedios_caseros":27,"pct_viv_desocupada":0,"pct_alquiler":0,"pct_electricidad":100,"pct_sin_electricidad":0,"pct_agua_red":100,"pct_alcantarillado":62,"pct_camara_septica":0,"pct_pozo_ciego":0,"pct_sin_desague":25,"pct_gas_red":75,"pct_gas_garrafa":25,"pct_lena_guano":25,"pct_basura_formal":100,"pct_basura_quema":0,"pct_basura_informal":0,"pct_internet":100,"pct_celular":100,"pct_televisor":88}},{"type":"Feature","geometry":{"type":"Polygon","coordinates":[[[-66.56751,-18.42114],[-66.56768,-18.42072],[-66.56665,-18.42],[-66.56656,-18.42009],[-66.5671,-18.42073],[-66.56717,-18.42099],[-66.56751,-18.42114]]]},"properties":{"n":"LLALLAGUA","p":51,"personas_x_ha":95,"masculinidad":89,"pct_menor20":43,"pct_60mas":0,"pct_migrante":29,"dependencia_econ":122,"pct_empleados":61,"pct_cuentapropia":35,"pct_agricultura":13,"pct_comercio":13,"pct_manufactura":9,"pct_construccion":17,"pct_transporte":13,"pct_alojamiento":9,"pct_sin_educacion":0,"pct_educ_superior":53,"brecha_educ":-10,"pct_sin_seguro":0,"pct_sus":81,"pct_seguro_privado":0,"brecha_seguro":0,"pct_salud_publica":23,"pct_med_tradicional":14,"pct_automedicacion":21,"pct_remedios_caseros":24,"pct_viv_desocupada":5,"pct_alquiler":5,"pct_electricidad":21,"pct_sin_electricidad":79,"pct_agua_red":21,"pct_alcantarillado":11,"pct_camara_septica":0,"pct_pozo_ciego":11,"pct_sin_desague":79,"pct_gas_red":16,"pct_gas_garrafa":74,"pct_lena_guano":74,"pct_basura_formal":68,"pct_basura_quema":16,"pct_basura_informal":0,"pct_internet":89,"pct_celular":89,"pct_televisor":58}},{"type":"Feature","geometry":{"type":"Polygon","coordinates":[[[-66.57229,-18.4157],[-66.57193,-18.416],[-66.57218,-18.41627],[-66.57254,-18.41597],[-66.57229,-18.4157]]]},"properties":{"n":"LLALLAGUA","p":27,"personas_x_ha":134,"masculinidad":93,"pct_menor20":52,"pct_60mas":7,"pct_migrante":4,"dependencia_econ":145,"pct_empleados":18,"pct_cuentapropia":55,"pct_agricultura":18,"pct_comercio":18,"pct_manufactura":18,"pct_construccion":18,"pct_transporte":0,"pct_alojamiento":0,"pct_sin_educacion":15,"pct_educ_superior":8,"brecha_educ":-21,"pct_sin_seguro":16,"pct_sus":84,"pct_seguro_privado":0,"brecha_seguro":1,"pct_salud_publica":28,"pct_med_tradicional":22,"pct_automedicacion":22,"pct_remedios_caseros":22,"pct_viv_desocupada":10,"pct_alquiler":0,"pct_electricidad":78,"pct_sin_electricidad":22,"pct_agua_red":0,"pct_alcantarillado":0,"pct_camara_septica":0,"pct_pozo_ciego":0,"pct_sin_desague":100,"pct_gas_red":0,"pct_gas_garrafa":100,"pct_lena_guano":100,"pct_basura_formal":22,"pct_basura_quema":56,"pct_basura_informal":0,"pct_internet":78,"pct_celular":89,"pct_televisor":44}},{"type":"Feature","geometry":{"type":"Polygon","coordinates":[[[-66.58256,-18.41156],[-66.5824,-18.41125],[-66.58139,-18.41168],[-66.58154,-18.41198],[-66.58256,-18.41156]]]},"properties":{"n":"LLALLAGUA","p":19,"personas_x_ha":42,"masculinidad":171,"pct_menor20":58,"pct_60mas":0,"pct_migrante":5,"dependencia_econ":171,"pct_empleados":57,"pct_cuentapropia":43,"pct_agricultura":29,"pct_comercio":14,"pct_manufactura":0,"pct_construccion":57,"pct_transporte":0,"pct_alojamiento":0,"pct_sin_educacion":25,"pct_educ_superior":0,"brecha_educ":-80,"pct_sin_seguro":26,"pct_sus":63,"pct_seguro_privado":0,"brecha_seguro":19,"pct_salud_publica":40,"pct_med_tradicional":0,"pct_automedicacion":28,"pct_remedios_caseros":28,"pct_viv_desocupada":0,"pct_alquiler":0,"pct_electricidad":71,"pct_sin_electricidad":29,"pct_agua_red":14,"pct_alcantarillado":0,"pct_camara_septica":0,"pct_pozo_ciego":0,"pct_sin_desague":100,"pct_gas_red":0,"pct_gas_garrafa":86,"pct_lena_guano":86,"pct_basura_formal":57,"pct_basura_quema":43,"pct_basura_informal":0,"pct_internet":43,"pct_celular":100,"pct_televisor":57}},{"type":"Feature","geometry":{"type":"Polygon","coordinates":[[[-66.58721,-18.40603],[-66.58629,-18.40667],[-66.58653,-18.40695],[-66.58744,-18.40631],[-66.58721,-18.40603]]]},"properties":{"n":"LLALLAGUA","p":25,"personas_x_ha":52,"masculinidad":47,"pct_menor20":84,"pct_60mas":0,"pct_migrante":8,"dependencia_econ":108,"pct_empleados":83,"pct_cuentapropia":17,"pct_agricultura":0,"pct_comercio":58,"pct_manufactura":0,"pct_construccion":25,"pct_transporte":0,"pct_alojamiento":8,"pct_sin_educacion":0,"pct_educ_superior":0,"brecha_educ":8,"pct_sin_seguro":16,"pct_sus":32,"pct_seguro_privado":0,"brecha_seguro":13,"pct_salud_publica":20,"pct_med_tradicional":15,"pct_automedicacion":23,"pct_remedios_caseros":28,"pct_viv_desocupada":0,"pct_alquiler":0,"pct_electricidad":100,"pct_sin_electricidad":0,"pct_agua_red":100,"pct_alcantarillado":0,"pct_camara_septica":0,"pct_pozo_ciego":0,"pct_sin_desague":100,"pct_gas_red":0,"pct_gas_garrafa":100,"pct_lena_guano":100,"pct_basura_formal":0,"pct_basura_quema":0,"pct_basura_informal":40,"pct_internet":100,"pct_celular":100,"pct_televisor":100}},{"type":"Feature","geometry":{"type":"Polygon","coordinates":[[[-66.57181,-18.41895],[-66.57217,-18.41865],[-66.57172,-18.41813],[-66.57138,-18.41837],[-66.57181,-18.41895]]]},"properties":{"n":"LLALLAGUA","p":23,"personas_x_ha":63,"masculinidad":53,"pct_menor20":48,"pct_60mas":0,"pct_migrante":26,"dependencia_econ":156,"pct_empleados":44,"pct_cuentapropia":56,"pct_agricultura":11,"pct_comercio":11,"pct_manufactura":0,"pct_construccion":33,"pct_transporte":11,"pct_alojamiento":22,"pct_sin_educacion":8,"pct_educ_superior":8,"brecha_educ":0,"pct_sin_seguro":9,"pct_sus":91,"pct_seguro_privado":0,"brecha_seguro":25,"pct_salud_publica":20,"pct_med_tradicional":15,"pct_automedicacion":17,"pct_remedios_caseros":17,"pct_viv_desocupada":45,"pct_alquiler":0,"pct_electricidad":45,"pct_sin_electricidad":55,"pct_agua_red":0,"pct_alcantarillado":0,"pct_camara_septica":0,"pct_pozo_ciego":0,"pct_sin_desague":100,"pct_gas_red":0,"pct_gas_garrafa":82,"pct_lena_guano":82,"pct_basura_formal":18,"pct_basura_quema":82,"pct_basura_informal":0,"pct_internet":82,"pct_celular":100,"pct_televisor":36}},{"type":"Feature","geometry":{"type":"Polygon","coordinates":[[[-66.58314,-18.42047],[-66.58384,-18.42111],[-66.58388,-18.4211],[-66.58393,-18.42042],[-66.58355,-18.42005],[-66.58314,-18.42047]]]},"properties":{"n":"LLALLAGUA","p":60,"personas_x_ha":115,"masculinidad":94,"pct_menor20":25,"pct_60mas":13,"pct_migrante":32,"dependencia_econ":58,"pct_empleados":29,"pct_cuentapropia":47,"pct_agricultura":16,"pct_comercio":21,"pct_manufactura":3,"pct_construccion":5,"pct_transporte":5,"pct_alojamiento":5,"pct_sin_educacion":9,"pct_educ_superior":69,"brecha_educ":-11,"pct_sin_seguro":18,"pct_sus":62,"pct_seguro_privado":0,"brecha_seguro":-2,"pct_salud_publica":23,"pct_med_tradicional":11,"pct_automedicacion":19,"pct_remedios_caseros":25,"pct_viv_desocupada":0,"pct_alquiler":16,"pct_electricidad":96,"pct_sin_electricidad":0,"pct_agua_red":92,"pct_alcantarillado":84,"pct_camara_septica":0,"pct_pozo_ciego":0,"pct_sin_desague":16,"pct_gas_red":56,"pct_gas_garrafa":44,"pct_lena_guano":44,"pct_basura_formal":100,"pct_basura_quema":0,"pct_basura_informal":0,"pct_internet":80,"pct_celular":92,"pct_televisor":88}},{"type":"Feature","geometry":{"type":"Polygon","coordinates":[[[-66.5839,-18.42766],[-66.58433,-18.42736],[-66.58398,-18.4266],[-66.58341,-18.42722],[-66.5839,-18.42766]]]},"properties":{"n":"LLALLAGUA","p":84,"personas_x_ha":136,"masculinidad":65,"pct_menor20":42,"pct_60mas":6,"pct_migrante":49,"dependencia_econ":140,"pct_empleados":31,"pct_cuentapropia":54,"pct_agricultura":6,"pct_comercio":11,"pct_manufactura":3,"pct_construccion":9,"pct_transporte":14,"pct_alojamiento":14,"pct_sin_educacion":2,"pct_educ_superior":63,"brecha_educ":-10,"pct_sin_seguro":17,"pct_sus":67,"pct_seguro_privado":1,"brecha_seguro":7,"pct_salud_publica":19,"pct_med_tradicional":19,"pct_automedicacion":22,"pct_remedios_caseros":22,"pct_viv_desocupada":3,"pct_alquiler":28,"pct_electricidad":100,"pct_sin_electricidad":0,"pct_agua_red":96,"pct_alcantarillado":80,"pct_camara_septica":0,"pct_pozo_ciego":0,"pct_sin_desague":12,"pct_gas_red":40,"pct_gas_garrafa":60,"pct_lena_guano":60,"pct_basura_formal":100,"pct_basura_quema":0,"pct_basura_informal":0,"pct_internet":96,"pct_celular":96,"pct_televisor":88}},{"type":"Feature","geometry":{"type":"Polygon","coordinates":[[[-66.56997,-18.42567],[-66.56914,-18.42533],[-66.56897,-18.42576],[-66.56982,-18.42607],[-66.56997,-18.42567]]]},"properties":{"n":"LLALLAGUA","p":41,"personas_x_ha":85,"masculinidad":78,"pct_menor20":44,"pct_60mas":5,"pct_migrante":37,"dependencia_econ":173,"pct_empleados":7,"pct_cuentapropia":87,"pct_agricultura":20,"pct_comercio":13,"pct_manufactura":20,"pct_construccion":0,"pct_transporte":20,"pct_alojamiento":20,"pct_sin_educacion":4,"pct_educ_superior":58,"brecha_educ":-13,"pct_sin_seguro":27,"pct_sus":71,"pct_seguro_privado":0,"brecha_seguro":21,"pct_salud_publica":36,"pct_med_tradicional":20,"pct_automedicacion":14,"pct_remedios_caseros":20,"pct_viv_desocupada":12,"pct_alquiler":7,"pct_electricidad":100,"pct_sin_electricidad":0,"pct_agua_red":93,"pct_alcantarillado":100,"pct_camara_septica":0,"pct_pozo_ciego":0,"pct_sin_desague":0,"pct_gas_red":40,"pct_gas_garrafa":60,"pct_lena_guano":60,"pct_basura_formal":100,"pct_basura_quema":0,"pct_basura_informal":0,"pct_internet":93,"pct_celular":93,"pct_televisor":100}},{"type":"Feature","geometry":{"type":"Polygon","coordinates":[[[-66.56922,-18.42173],[-66.56907,-18.42124],[-66.56871,-18.4211],[-66.56854,-18.42152],[-66.56922,-18.42173]]]},"properties":{"n":"LLALLAGUA","p":28,"personas_x_ha":93,"masculinidad":65,"pct_menor20":46,"pct_60mas":0,"pct_migrante":43,"dependencia_econ":211,"pct_empleados":44,"pct_cuentapropia":33,"pct_agricultura":11,"pct_comercio":11,"pct_manufactura":22,"pct_construccion":11,"pct_transporte":11,"pct_alojamiento":0,"pct_sin_educacion":6,"pct_educ_superior":44,"brecha_educ":-23,"pct_sin_seguro":14,"pct_sus":79,"pct_seguro_privado":0,"brecha_seguro":6,"pct_salud_publica":28,"pct_med_tradicional":10,"pct_automedicacion":20,"pct_remedios_caseros":30,"pct_viv_desocupada":0,"pct_alquiler":0,"pct_electricidad":100,"pct_sin_electricidad":0,"pct_agua_red":88,"pct_alcantarillado":50,"pct_camara_septica":0,"pct_pozo_ciego":38,"pct_sin_desague":12,"pct_gas_red":25,"pct_gas_garrafa":75,"pct_lena_guano":75,"pct_basura_formal":100,"pct_basura_quema":0,"pct_basura_informal":0,"pct_internet":88,"pct_celular":100,"pct_televisor":100}},{"type":"Feature","geometry":{"type":"Polygon","coordinates":[[[-66.58111,-18.42912],[-66.58157,-18.42893],[-66.58196,-18.42911],[-66.58204,-18.42889],[-66.58153,-18.42859],[-66.5813,-18.42875],[-66.58088,-18.42881],[-66.58077,-18.42894],[-66.58073,-18.42907],[-66.58083,-18.42915],[-66.58111,-18.42912]]]},"properties":{"n":"LLALLAGUA","p":40,"personas_x_ha":88,"masculinidad":74,"pct_menor20":50,"pct_60mas":2,"pct_migrante":50,"dependencia_econ":150,"pct_empleados":6,"pct_cuentapropia":44,"pct_agricultura":50,"pct_comercio":12,"pct_manufactura":0,"pct_construccion":0,"pct_transporte":6,"pct_alojamiento":0,"pct_sin_educacion":0,"pct_educ_superior":35,"brecha_educ":-10,"pct_sin_seguro":22,"pct_sus":75,"pct_seguro_privado":0,"brecha_seguro":22,"pct_salud_publica":34,"pct_med_tradicional":9,"pct_automedicacion":22,"pct_remedios_caseros":27,"pct_viv_desocupada":7,"pct_alquiler":15,"pct_electricidad":100,"pct_sin_electricidad":0,"pct_agua_red":100,"pct_alcantarillado":77,"pct_camara_septica":0,"pct_pozo_ciego":0,"pct_sin_desague":23,"pct_gas_red":31,"pct_gas_garrafa":69,"pct_lena_guano":69,"pct_basura_formal":100,"pct_basura_quema":0,"pct_basura_informal":0,"pct_internet":38,"pct_celular":100,"pct_televisor":77}},{"type":"Feature","geometry":{"type":"Polygon","coordinates":[[[-66.5669,-18.42899],[-66.56658,-18.42868],[-66.56591,-18.42925],[-66.56623,-18.42957],[-66.5669,-18.42899]]]},"properties":{"n":"LLALLAGUA","p":36,"personas_x_ha":75,"masculinidad":71,"pct_menor20":53,"pct_60mas":11,"pct_migrante":31,"dependencia_econ":133,"pct_empleados":27,"pct_cuentapropia":73,"pct_agricultura":20,"pct_comercio":20,"pct_manufactura":0,"pct_construccion":27,"pct_transporte":0,"pct_alojamiento":7,"pct_sin_educacion":6,"pct_educ_superior":38,"brecha_educ":-30,"pct_sin_seguro":0,"pct_sus":89,"pct_seguro_privado":0,"brecha_seguro":0,"pct_salud_publica":27,"pct_med_tradicional":12,"pct_automedicacion":20,"pct_remedios_caseros":25,"pct_viv_desocupada":0,"pct_alquiler":8,"pct_electricidad":100,"pct_sin_electricidad":0,"pct_agua_red":92,"pct_alcantarillado":50,"pct_camara_septica":8,"pct_pozo_ciego":0,"pct_sin_desague":42,"pct_gas_red":42,"pct_gas_garrafa":50,"pct_lena_guano":50,"pct_basura_formal":75,"pct_basura_quema":25,"pct_basura_informal":0,"pct_internet":67,"pct_celular":83,"pct_televisor":58}},{"type":"Feature","geometry":{"type":"Polygon","coordinates":[[[-66.56373,-18.42621],[-66.56429,-18.42576],[-66.56399,-18.42541],[-66.56356,-18.42578],[-66.56373,-18.42621]]]},"properties":{"n":"LLALLAGUA","p":28,"personas_x_ha":79,"masculinidad":65,"pct_menor20":50,"pct_60mas":11,"pct_migrante":57,"dependencia_econ":180,"pct_empleados":20,"pct_cuentapropia":70,"pct_agricultura":60,"pct_comercio":10,"pct_manufactura":0,"pct_construccion":0,"pct_transporte":0,"pct_alojamiento":10,"pct_sin_educacion":12,"pct_educ_superior":12,"brecha_educ":15,"pct_sin_seguro":7,"pct_sus":93,"pct_seguro_privado":0,"brecha_seguro":18,"pct_salud_publica":22,"pct_med_tradicional":15,"pct_automedicacion":18,"pct_remedios_caseros":27,"pct_viv_desocupada":0,"pct_alquiler":8,"pct_electricidad":75,"pct_sin_electricidad":25,"pct_agua_red":92,"pct_alcantarillado":0,"pct_camara_septica":0,"pct_pozo_ciego":0,"pct_sin_desague":100,"pct_gas_red":0,"pct_gas_garrafa":100,"pct_lena_guano":100,"pct_basura_formal":83,"pct_basura_quema":17,"pct_basura_informal":0,"pct_internet":92,"pct_celular":92,"pct_televisor":83}},{"type":"Feature","geometry":{"type":"Polygon","coordinates":[[[-66.56786,-18.43205],[-66.56739,-18.43173],[-66.56769,-18.43125],[-66.56638,-18.43195],[-66.56591,-18.43235],[-66.56625,-18.43259],[-66.56694,-18.43186],[-66.56756,-18.43242],[-66.56786,-18.43205]]]},"properties":{"n":"LLALLAGUA","p":48,"personas_x_ha":48,"masculinidad":167,"pct_menor20":46,"pct_60mas":0,"pct_migrante":69,"dependencia_econ":153,"pct_empleados":5,"pct_cuentapropia":89,"pct_agricultura":11,"pct_comercio":42,"pct_manufactura":0,"pct_construccion":11,"pct_transporte":26,"pct_alojamiento":0,"pct_sin_educacion":0,"pct_educ_superior":52,"brecha_educ":-27,"pct_sin_seguro":19,"pct_sus":77,"pct_seguro_privado":0,"brecha_seguro":12,"pct_salud_publica":39,"pct_med_tradicional":4,"pct_automedicacion":9,"pct_remedios_caseros":28,"pct_viv_desocupada":0,"pct_alquiler":32,"pct_electricidad":95,"pct_sin_electricidad":5,"pct_agua_red":79,"pct_alcantarillado":11,"pct_camara_septica":21,"pct_pozo_ciego":5,"pct_sin_desague":42,"pct_gas_red":0,"pct_gas_garrafa":100,"pct_lena_guano":100,"pct_basura_formal":89,"pct_basura_quema":5,"pct_basura_informal":11,"pct_internet":84,"pct_celular":95,"pct_televisor":74}},{"type":"Feature","geometry":{"type":"Polygon","coordinates":[[[-66.56965,-18.42178],[-66.56923,-18.42054],[-66.56909,-18.42059],[-66.56946,-18.42185],[-66.56965,-18.42178]]]},"properties":{"n":"LLALLAGUA","p":53,"personas_x_ha":177,"masculinidad":83,"pct_menor20":42,"pct_60mas":4,"pct_migrante":68,"dependencia_econ":126,"pct_empleados":39,"pct_cuentapropia":52,"pct_agricultura":9,"pct_comercio":13,"pct_manufactura":4,"pct_construccion":22,"pct_transporte":0,"pct_alojamiento":9,"pct_sin_educacion":0,"pct_educ_superior":44,"brecha_educ":-4,"pct_sin_seguro":15,"pct_sus":65,"pct_seguro_privado":0,"brecha_seguro":-5,"pct_salud_publica":24,"pct_med_tradicional":17,"pct_automedicacion":18,"pct_remedios_caseros":23,"pct_viv_desocupada":0,"pct_alquiler":40,"pct_electricidad":95,"pct_sin_electricidad":5,"pct_agua_red":85,"pct_alcantarillado":95,"pct_camara_septica":0,"pct_pozo_ciego":0,"pct_sin_desague":5,"pct_gas_red":35,"pct_gas_garrafa":60,"pct_lena_guano":60,"pct_basura_formal":95,"pct_basura_quema":0,"pct_basura_informal":0,"pct_internet":95,"pct_celular":100,"pct_televisor":70}},{"type":"Feature","geometry":{"type":"Polygon","coordinates":[[[-66.57683,-18.42024],[-66.57664,-18.42053],[-66.57787,-18.42116],[-66.57808,-18.42087],[-66.57761,-18.42056],[-66.57683,-18.42024]]]},"properties":{"n":"LLALLAGUA","p":49,"personas_x_ha":79,"masculinidad":96,"pct_menor20":41,"pct_60mas":2,"pct_migrante":49,"dependencia_econ":158,"pct_empleados":11,"pct_cuentapropia":68,"pct_agricultura":16,"pct_comercio":26,"pct_manufactura":5,"pct_construccion":11,"pct_transporte":5,"pct_alojamiento":11,"pct_sin_educacion":7,"pct_educ_superior":59,"brecha_educ":-24,"pct_sin_seguro":10,"pct_sus":82,"pct_seguro_privado":0,"brecha_seguro":5,"pct_salud_publica":20,"pct_med_tradicional":10,"pct_automedicacion":22,"pct_remedios_caseros":28,"pct_viv_desocupada":0,"pct_alquiler":0,"pct_electricidad":85,"pct_sin_electricidad":15,"pct_agua_red":60,"pct_alcantarillado":35,"pct_camara_septica":5,"pct_pozo_ciego":5,"pct_sin_desague":45,"pct_gas_red":20,"pct_gas_garrafa":80,"pct_lena_guano":80,"pct_basura_formal":90,"pct_basura_quema":5,"pct_basura_informal":0,"pct_internet":80,"pct_celular":95,"pct_televisor":75}},{"type":"Feature","geometry":{"type":"Polygon","coordinates":[[[-66.56475,-18.42169],[-66.56452,-18.42132],[-66.56415,-18.42152],[-66.56438,-18.42192],[-66.56475,-18.42169]]]},"properties":{"n":"LLALLAGUA","p":26,"personas_x_ha":110,"masculinidad":117,"pct_menor20":42,"pct_60mas":4,"pct_migrante":50,"dependencia_econ":56,"pct_empleados":38,"pct_cuentapropia":56,"pct_agricultura":0,"pct_comercio":19,"pct_manufactura":12,"pct_construccion":31,"pct_transporte":0,"pct_alojamiento":6,"pct_sin_educacion":7,"pct_educ_superior":33,"brecha_educ":-18,"pct_sin_seguro":0,"pct_sus":54,"pct_seguro_privado":0,"brecha_seguro":0,"pct_salud_publica":27,"pct_med_tradicional":15,"pct_automedicacion":6,"pct_remedios_caseros":32,"pct_viv_desocupada":0,"pct_alquiler":0,"pct_electricidad":78,"pct_sin_electricidad":11,"pct_agua_red":56,"pct_alcantarillado":0,"pct_camara_septica":0,"pct_pozo_ciego":11,"pct_sin_desague":89,"pct_gas_red":22,"pct_gas_garrafa":78,"pct_lena_guano":78,"pct_basura_formal":22,"pct_basura_quema":56,"pct_basura_informal":22,"pct_internet":89,"pct_celular":89,"pct_televisor":78}},{"type":"Feature","geometry":{"type":"Polygon","coordinates":[[[-66.57288,-18.41624],[-66.57345,-18.4158],[-66.5732,-18.41554],[-66.57268,-18.41596],[-66.57288,-18.41624]]]},"properties":{"n":"LLALLAGUA","p":34,"personas_x_ha":119,"masculinidad":79,"pct_menor20":50,"pct_60mas":0,"pct_migrante":76,"dependencia_econ":89,"pct_empleados":33,"pct_cuentapropia":39,"pct_agricultura":28,"pct_comercio":6,"pct_manufactura":0,"pct_construccion":17,"pct_transporte":6,"pct_alojamiento":28,"pct_sin_educacion":0,"pct_educ_superior":6,"brecha_educ":-8,"pct_sin_seguro":18,"pct_sus":82,"pct_seguro_privado":0,"brecha_seguro":4,"pct_salud_publica":50,"pct_med_tradicional":0,"pct_automedicacion":14,"pct_remedios_caseros":36,"pct_viv_desocupada":0,"pct_alquiler":0,"pct_electricidad":20,"pct_sin_electricidad":80,"pct_agua_red":0,"pct_alcantarillado":0,"pct_camara_septica":0,"pct_pozo_ciego":0,"pct_sin_desague":100,"pct_gas_red":0,"pct_gas_garrafa":80,"pct_lena_guano":80,"pct_basura_formal":0,"pct_basura_quema":80,"pct_basura_informal":0,"pct_internet":73,"pct_celular":73,"pct_televisor":40}},{"type":"Feature","geometry":{"type":"Polygon","coordinates":[[[-66.59115,-18.42896],[-66.59096,-18.42933],[-66.59123,-18.42971],[-66.59149,-18.42914],[-66.59115,-18.42896]]]},"properties":{"n":"LLALLAGUA","p":19,"personas_x_ha":77,"masculinidad":58,"pct_menor20":42,"pct_60mas":5,"pct_migrante":42,"dependencia_econ":70,"pct_empleados":60,"pct_cuentapropia":40,"pct_agricultura":0,"pct_comercio":50,"pct_manufactura":0,"pct_construccion":10,"pct_transporte":0,"pct_alojamiento":10,"pct_sin_educacion":0,"pct_educ_superior":58,"brecha_educ":-17,"pct_sin_seguro":35,"pct_sus":65,"pct_seguro_privado":0,"brecha_seguro":13,"pct_salud_publica":18,"pct_med_tradicional":28,"pct_automedicacion":10,"pct_remedios_caseros":28,"pct_viv_desocupada":0,"pct_alquiler":12,"pct_electricidad":100,"pct_sin_electricidad":0,"pct_agua_red":75,"pct_alcantarillado":38,"pct_camara_septica":0,"pct_pozo_ciego":0,"pct_sin_desague":62,"pct_gas_red":12,"pct_gas_garrafa":88,"pct_lena_guano":88,"pct_basura_formal":50,"pct_basura_quema":50,"pct_basura_informal":0,"pct_internet":88,"pct_celular":100,"pct_televisor":75}},{"type":"Feature","geometry":{"type":"Polygon","coordinates":[[[-66.56759,-18.42116],[-66.56842,-18.42147],[-66.56859,-18.42105],[-66.56778,-18.42075],[-66.56759,-18.42116]]]},"properties":{"n":"LLALLAGUA","p":23,"personas_x_ha":48,"masculinidad":109,"pct_menor20":52,"pct_60mas":9,"pct_migrante":39,"dependencia_econ":130,"pct_empleados":20,"pct_cuentapropia":70,"pct_agricultura":10,"pct_comercio":20,"pct_manufactura":0,"pct_construccion":10,"pct_transporte":10,"pct_alojamiento":30,"pct_sin_educacion":9,"pct_educ_superior":55,"brecha_educ":3,"pct_sin_seguro":23,"pct_sus":64,"pct_seguro_privado":5,"brecha_seguro":-9,"pct_salud_publica":20,"pct_med_tradicional":18,"pct_automedicacion":15,"pct_remedios_caseros":32,"pct_viv_desocupada":0,"pct_alquiler":8,"pct_electricidad":77,"pct_sin_electricidad":23,"pct_agua_red":46,"pct_alcantarillado":38,"pct_camara_septica":0,"pct_pozo_ciego":8,"pct_sin_desague":54,"pct_gas_red":31,"pct_gas_garrafa":69,"pct_lena_guano":69,"pct_basura_formal":77,"pct_basura_quema":15,"pct_basura_informal":0,"pct_internet":100,"pct_celular":100,"pct_televisor":69}},{"type":"Feature","geometry":{"type":"Polygon","coordinates":[[[-66.57321,-18.41991],[-66.57345,-18.42017],[-66.57379,-18.41988],[-66.57357,-18.41961],[-66.57321,-18.41991]]]},"properties":{"n":"LLALLAGUA","p":21,"personas_x_ha":104,"masculinidad":162,"pct_menor20":48,"pct_60mas":0,"pct_migrante":24,"dependencia_econ":162,"pct_empleados":62,"pct_cuentapropia":25,"pct_agricultura":25,"pct_comercio":25,"pct_manufactura":12,"pct_construccion":0,"pct_transporte":12,"pct_alojamiento":0,"pct_sin_educacion":0,"pct_educ_superior":0,"brecha_educ":-38,"pct_sin_seguro":24,"pct_sus":52,"pct_seguro_privado":0,"brecha_seguro":-42,"pct_salud_publica":22,"pct_med_tradicional":2,"pct_automedicacion":18,"pct_remedios_caseros":35,"pct_viv_desocupada":0,"pct_alquiler":0,"pct_electricidad":88,"pct_sin_electricidad":12,"pct_agua_red":0,"pct_alcantarillado":0,"pct_camara_septica":0,"pct_pozo_ciego":0,"pct_sin_desague":100,"pct_gas_red":0,"pct_gas_garrafa":100,"pct_lena_guano":100,"pct_basura_formal":100,"pct_basura_quema":0,"pct_basura_informal":0,"pct_internet":88,"pct_celular":100,"pct_televisor":62}},{"type":"Feature","geometry":{"type":"Polygon","coordinates":[[[-66.56722,-18.43216],[-66.56695,-18.43192],[-66.5663,-18.43266],[-66.56654,-18.43292],[-66.56722,-18.43216]]]},"properties":{"n":"LLALLAGUA","p":19,"personas_x_ha":44,"masculinidad":111,"pct_menor20":42,"pct_60mas":0,"pct_migrante":42,"dependencia_econ":90,"pct_empleados":30,"pct_cuentapropia":50,"pct_agricultura":0,"pct_comercio":20,"pct_manufactura":0,"pct_construccion":30,"pct_transporte":0,"pct_alojamiento":20,"pct_sin_educacion":0,"pct_educ_superior":82,"brecha_educ":-17,"pct_sin_seguro":5,"pct_sus":95,"pct_seguro_privado":0,"brecha_seguro":10,"pct_salud_publica":23,"pct_med_tradicional":23,"pct_automedicacion":21,"pct_remedios_caseros":19,"pct_viv_desocupada":0,"pct_alquiler":14,"pct_electricidad":86,"pct_sin_electricidad":14,"pct_agua_red":86,"pct_alcantarillado":29,"pct_camara_septica":0,"pct_pozo_ciego":0,"pct_sin_desague":71,"pct_gas_red":0,"pct_gas_garrafa":100,"pct_lena_guano":100,"pct_basura_formal":14,"pct_basura_quema":57,"pct_basura_informal":0,"pct_internet":86,"pct_celular":86,"pct_televisor":43}},{"type":"Feature","geometry":{"type":"Polygon","coordinates":[[[-66.58535,-18.42088],[-66.58586,-18.42145],[-66.58662,-18.42085],[-66.58627,-18.42037],[-66.58535,-18.42088]]]},"properties":{"n":"LLALLAGUA","p":97,"personas_x_ha":116,"masculinidad":94,"pct_menor20":21,"pct_60mas":22,"pct_migrante":42,"dependencia_econ":80,"pct_empleados":39,"pct_cuentapropia":44,"pct_agricultura":0,"pct_comercio":26,"pct_manufactura":9,"pct_construccion":6,"pct_transporte":4,"pct_alojamiento":9,"pct_sin_educacion":5,"pct_educ_superior":63,"brecha_educ":-9,"pct_sin_seguro":9,"pct_sus":62,"pct_seguro_privado":1,"brecha_seguro":3,"pct_salud_publica":20,"pct_med_tradicional":5,"pct_automedicacion":20,"pct_remedios_caseros":23,"pct_viv_desocupada":18,"pct_alquiler":26,"pct_electricidad":100,"pct_sin_electricidad":0,"pct_agua_red":100,"pct_alcantarillado":97,"pct_camara_septica":3,"pct_pozo_ciego":0,"pct_sin_desague":0,"pct_gas_red":44,"pct_gas_garrafa":53,"pct_lena_guano":53,"pct_basura_formal":97,"pct_basura_quema":0,"pct_basura_informal":6,"pct_internet":94,"pct_celular":97,"pct_televisor":91}},{"type":"Feature","geometry":{"type":"Polygon","coordinates":[[[-66.58969,-18.42979],[-66.59056,-18.42967],[-66.59061,-18.42933],[-66.58989,-18.42943],[-66.58969,-18.42979]]]},"properties":{"n":"LLALLAGUA","p":44,"personas_x_ha":135,"masculinidad":42,"pct_menor20":43,"pct_60mas":11,"pct_migrante":57,"dependencia_econ":193,"pct_empleados":20,"pct_cuentapropia":80,"pct_agricultura":20,"pct_comercio":40,"pct_manufactura":0,"pct_construccion":7,"pct_transporte":7,"pct_alojamiento":0,"pct_sin_educacion":32,"pct_educ_superior":20,"brecha_educ":-24,"pct_sin_seguro":18,"pct_sus":73,"pct_seguro_privado":2,"brecha_seguro":-4,"pct_salud_publica":30,"pct_med_tradicional":8,"pct_automedicacion":6,"pct_remedios_caseros":38,"pct_viv_desocupada":0,"pct_alquiler":6,"pct_electricidad":100,"pct_sin_electricidad":0,"pct_agua_red":94,"pct_alcantarillado":19,"pct_camara_septica":0,"pct_pozo_ciego":0,"pct_sin_desague":81,"pct_gas_red":62,"pct_gas_garrafa":38,"pct_lena_guano":38,"pct_basura_formal":6,"pct_basura_quema":81,"pct_basura_informal":0,"pct_internet":69,"pct_celular":75,"pct_televisor":50}},{"type":"Feature","geometry":{"type":"Polygon","coordinates":[[[-66.56926,-18.42779],[-66.56911,-18.42819],[-66.5695,-18.42835],[-66.56992,-18.42803],[-66.56926,-18.42779]]]},"properties":{"n":"LLALLAGUA","p":28,"personas_x_ha":92,"masculinidad":75,"pct_menor20":43,"pct_60mas":4,"pct_migrante":11,"dependencia_econ":56,"pct_empleados":22,"pct_cuentapropia":39,"pct_agricultura":22,"pct_comercio":28,"pct_manufactura":6,"pct_construccion":11,"pct_transporte":6,"pct_alojamiento":0,"pct_sin_educacion":0,"pct_educ_superior":44,"brecha_educ":22,"pct_sin_seguro":4,"pct_sus":63,"pct_seguro_privado":0,"brecha_seguro":-7,"pct_salud_publica":22,"pct_med_tradicional":1,"pct_automedicacion":24,"pct_remedios_caseros":31,"pct_viv_desocupada":8,"pct_alquiler":0,"pct_electricidad":91,"pct_sin_electricidad":9,"pct_agua_red":91,"pct_alcantarillado":91,"pct_camara_septica":0,"pct_pozo_ciego":0,"pct_sin_desague":9,"pct_gas_red":55,"pct_gas_garrafa":36,"pct_lena_guano":36,"pct_basura_formal":82,"pct_basura_quema":0,"pct_basura_informal":0,"pct_internet":73,"pct_celular":100,"pct_televisor":82}},{"type":"Feature","geometry":{"type":"Polygon","coordinates":[[[-66.58135,-18.42655],[-66.58112,-18.42638],[-66.58052,-18.42713],[-66.58083,-18.42734],[-66.58135,-18.42655]]]},"properties":{"n":"LLALLAGUA","p":71,"personas_x_ha":183,"masculinidad":87,"pct_menor20":38,"pct_60mas":7,"pct_migrante":38,"dependencia_econ":122,"pct_empleados":28,"pct_cuentapropia":34,"pct_agricultura":6,"pct_comercio":22,"pct_manufactura":6,"pct_construccion":0,"pct_transporte":6,"pct_alojamiento":16,"pct_sin_educacion":7,"pct_educ_superior":35,"brecha_educ":-26,"pct_sin_seguro":13,"pct_sus":65,"pct_seguro_privado":0,"brecha_seguro":10,"pct_salud_publica":23,"pct_med_tradicional":8,"pct_automedicacion":22,"pct_remedios_caseros":25,"pct_viv_desocupada":8,"pct_alquiler":9,"pct_electricidad":100,"pct_sin_electricidad":0,"pct_agua_red":96,"pct_alcantarillado":100,"pct_camara_septica":0,"pct_pozo_ciego":0,"pct_sin_desague":0,"pct_gas_red":43,"pct_gas_garrafa":57,"pct_lena_guano":57,"pct_basura_formal":100,"pct_basura_quema":0,"pct_basura_informal":0,"pct_internet":96,"pct_celular":96,"pct_televisor":96}},{"type":"Feature","geometry":{"type":"Polygon","coordinates":[[[-66.57059,-18.42758],[-66.57115,-18.42736],[-66.57114,-18.42731],[-66.57063,-18.42712],[-66.57045,-18.42752],[-66.57059,-18.42758]]]},"properties":{"n":"LLALLAGUA","p":16,"personas_x_ha":79,"masculinidad":78,"pct_menor20":38,"pct_60mas":0,"pct_migrante":38,"dependencia_econ":100,"pct_empleados":38,"pct_cuentapropia":50,"pct_agricultura":12,"pct_comercio":12,"pct_manufactura":12,"pct_construccion":0,"pct_transporte":0,"pct_alojamiento":12,"pct_sin_educacion":0,"pct_educ_superior":60,"brecha_educ":-20,"pct_sin_seguro":0,"pct_sus":69,"pct_seguro_privado":0,"brecha_seguro":0,"pct_salud_publica":22,"pct_med_tradicional":10,"pct_automedicacion":24,"pct_remedios_caseros":24,"pct_viv_desocupada":0,"pct_alquiler":33,"pct_electricidad":100,"pct_sin_electricidad":0,"pct_agua_red":100,"pct_alcantarillado":89,"pct_camara_septica":11,"pct_pozo_ciego":0,"pct_sin_desague":0,"pct_gas_red":44,"pct_gas_garrafa":56,"pct_lena_guano":56,"pct_basura_formal":100,"pct_basura_quema":0,"pct_basura_informal":0,"pct_internet":89,"pct_celular":100,"pct_televisor":67}},{"type":"Feature","geometry":{"type":"Polygon","coordinates":[[[-66.57248,-18.42679],[-66.57166,-18.4271],[-66.57171,-18.42733],[-66.57248,-18.42721],[-66.57248,-18.42679]]]},"properties":{"n":"LLALLAGUA","p":21,"personas_x_ha":66,"masculinidad":50,"pct_menor20":29,"pct_60mas":10,"pct_migrante":48,"dependencia_econ":110,"pct_empleados":20,"pct_cuentapropia":60,"pct_agricultura":20,"pct_comercio":50,"pct_manufactura":0,"pct_construccion":0,"pct_transporte":0,"pct_alojamiento":0,"pct_sin_educacion":20,"pct_educ_superior":47,"brecha_educ":11,"pct_sin_seguro":30,"pct_sus":60,"pct_seguro_privado":0,"brecha_seguro":-24,"pct_salud_publica":16,"pct_med_tradicional":12,"pct_automedicacion":29,"pct_remedios_caseros":32,"pct_viv_desocupada":0,"pct_alquiler":50,"pct_electricidad":100,"pct_sin_electricidad":0,"pct_agua_red":100,"pct_alcantarillado":62,"pct_camara_septica":0,"pct_pozo_ciego":0,"pct_sin_desague":38,"pct_gas_red":25,"pct_gas_garrafa":75,"pct_lena_guano":75,"pct_basura_formal":100,"pct_basura_quema":0,"pct_basura_informal":0,"pct_internet":75,"pct_celular":100,"pct_televisor":75}},{"type":"Feature","geometry":{"type":"Polygon","coordinates":[[[-66.58076,-18.42344],[-66.58011,-18.42444],[-66.58052,-18.4247],[-66.58092,-18.42409],[-66.58127,-18.42376],[-66.58076,-18.42344]]]},"properties":{"n":"LLALLAGUA","p":107,"personas_x_ha":148,"masculinidad":106,"pct_menor20":31,"pct_60mas":9,"pct_migrante":45,"dependencia_econ":123,"pct_empleados":40,"pct_cuentapropia":48,"pct_agricultura":4,"pct_comercio":31,"pct_manufactura":12,"pct_construccion":4,"pct_transporte":8,"pct_alojamiento":2,"pct_sin_educacion":5,"pct_educ_superior":63,"brecha_educ":-5,"pct_sin_seguro":12,"pct_sus":54,"pct_seguro_privado":1,"brecha_seguro":12,"pct_salud_publica":21,"pct_med_tradicional":8,"pct_automedicacion":24,"pct_remedios_caseros":25,"pct_viv_desocupada":2,"pct_alquiler":57,"pct_electricidad":100,"pct_sin_electricidad":0,"pct_agua_red":91,"pct_alcantarillado":98,"pct_camara_septica":0,"pct_pozo_ciego":0,"pct_sin_desague":2,"pct_gas_red":15,"pct_gas_garrafa":83,"pct_lena_guano":83,"pct_basura_formal":100,"pct_basura_quema":0,"pct_basura_informal":0,"pct_internet":89,"pct_celular":100,"pct_televisor":70}},{"type":"Feature","geometry":{"type":"Polygon","coordinates":[[[-66.58716,-18.42299],[-66.58686,-18.42261],[-66.5864,-18.42294],[-66.58672,-18.42329],[-66.58716,-18.42299]]]},"properties":{"n":"LLALLAGUA","p":65,"personas_x_ha":206,"masculinidad":51,"pct_menor20":31,"pct_60mas":22,"pct_migrante":34,"dependencia_econ":76,"pct_empleados":14,"pct_cuentapropia":62,"pct_agricultura":3,"pct_comercio":62,"pct_manufactura":0,"pct_construccion":0,"pct_transporte":5,"pct_alojamiento":0,"pct_sin_educacion":0,"pct_educ_superior":68,"brecha_educ":7,"pct_sin_seguro":25,"pct_sus":67,"pct_seguro_privado":0,"brecha_seguro":24,"pct_salud_publica":22,"pct_med_tradicional":3,"pct_automedicacion":22,"pct_remedios_caseros":21,"pct_viv_desocupada":0,"pct_alquiler":28,"pct_electricidad":100,"pct_sin_electricidad":0,"pct_agua_red":100,"pct_alcantarillado":100,"pct_camara_septica":0,"pct_pozo_ciego":0,"pct_sin_desague":0,"pct_gas_red":44,"pct_gas_garrafa":56,"pct_lena_guano":56,"pct_basura_formal":100,"pct_basura_quema":0,"pct_basura_informal":0,"pct_internet":94,"pct_celular":94,"pct_televisor":94}},{"type":"Feature","geometry":{"type":"Polygon","coordinates":[[[-66.58767,-18.42278],[-66.58742,-18.42233],[-66.5869,-18.42258],[-66.58722,-18.42294],[-66.58767,-18.42278]]]},"properties":{"n":"LLALLAGUA","p":67,"personas_x_ha":219,"masculinidad":103,"pct_menor20":33,"pct_60mas":9,"pct_migrante":40,"dependencia_econ":81,"pct_empleados":27,"pct_cuentapropia":43,"pct_agricultura":8,"pct_comercio":30,"pct_manufactura":8,"pct_construccion":5,"pct_transporte":0,"pct_alojamiento":11,"pct_sin_educacion":4,"pct_educ_superior":78,"brecha_educ":-4,"pct_sin_seguro":18,"pct_sus":67,"pct_seguro_privado":2,"brecha_seguro":-12,"pct_salud_publica":20,"pct_med_tradicional":8,"pct_automedicacion":22,"pct_remedios_caseros":22,"pct_viv_desocupada":7,"pct_alquiler":34,"pct_electricidad":100,"pct_sin_electricidad":0,"pct_agua_red":93,"pct_alcantarillado":90,"pct_camara_septica":3,"pct_pozo_ciego":0,"pct_sin_desague":7,"pct_gas_red":21,"pct_gas_garrafa":79,"pct_lena_guano":79,"pct_basura_formal":100,"pct_basura_quema":0,"pct_basura_informal":0,"pct_internet":90,"pct_celular":97,"pct_televisor":76}},{"type":"Feature","geometry":{"type":"Polygon","coordinates":[[[-66.57956,-18.42277],[-66.57894,-18.42378],[-66.57924,-18.42395],[-66.57988,-18.42295],[-66.57956,-18.42277]]]},"properties":{"n":"LLALLAGUA","p":57,"personas_x_ha":112,"masculinidad":138,"pct_menor20":37,"pct_60mas":9,"pct_migrante":44,"dependencia_econ":119,"pct_empleados":42,"pct_cuentapropia":42,"pct_agricultura":0,"pct_comercio":8,"pct_manufactura":0,"pct_construccion":8,"pct_transporte":19,"pct_alojamiento":4,"pct_sin_educacion":0,"pct_educ_superior":69,"brecha_educ":-6,"pct_sin_seguro":14,"pct_sus":44,"pct_seguro_privado":0,"brecha_seguro":-5,"pct_salud_publica":13,"pct_med_tradicional":11,"pct_automedicacion":27,"pct_remedios_caseros":24,"pct_viv_desocupada":3,"pct_alquiler":35,"pct_electricidad":100,"pct_sin_electricidad":0,"pct_agua_red":100,"pct_alcantarillado":96,"pct_camara_septica":0,"pct_pozo_ciego":0,"pct_sin_desague":4,"pct_gas_red":50,"pct_gas_garrafa":46,"pct_lena_guano":46,"pct_basura_formal":100,"pct_basura_quema":0,"pct_basura_informal":0,"pct_internet":100,"pct_celular":100,"pct_televisor":88}},{"type":"Feature","geometry":{"type":"Polygon","coordinates":[[[-66.58594,-18.42213],[-66.58579,-18.42226],[-66.58602,-18.42251],[-66.58644,-18.42218],[-66.58583,-18.42156],[-66.58542,-18.42185],[-66.58553,-18.42199],[-66.58568,-18.42188],[-66.58594,-18.42213]]]},"properties":{"n":"LLALLAGUA","p":51,"personas_x_ha":111,"masculinidad":89,"pct_menor20":12,"pct_60mas":24,"pct_migrante":59,"dependencia_econ":21,"pct_empleados":43,"pct_cuentapropia":50,"pct_agricultura":5,"pct_comercio":5,"pct_manufactura":14,"pct_construccion":0,"pct_transporte":2,"pct_alojamiento":14,"pct_sin_educacion":0,"pct_educ_superior":77,"brecha_educ":-11,"pct_sin_seguro":22,"pct_sus":45,"pct_seguro_privado":2,"brecha_seguro":-9,"pct_salud_publica":17,"pct_med_tradicional":11,"pct_automedicacion":20,"pct_remedios_caseros":24,"pct_viv_desocupada":0,"pct_alquiler":28,"pct_electricidad":92,"pct_sin_electricidad":0,"pct_agua_red":92,"pct_alcantarillado":100,"pct_camara_septica":0,"pct_pozo_ciego":0,"pct_sin_desague":0,"pct_gas_red":32,"pct_gas_garrafa":56,"pct_lena_guano":56,"pct_basura_formal":100,"pct_basura_quema":0,"pct_basura_informal":0,"pct_internet":92,"pct_celular":100,"pct_televisor":100}},{"type":"Feature","geometry":{"type":"Polygon","coordinates":[[[-66.56618,-18.43186],[-66.56624,-18.43191],[-66.56797,-18.43093],[-66.56755,-18.43043],[-66.56682,-18.43107],[-66.56618,-18.43186]]]},"properties":{"n":"LLALLAGUA","p":26,"personas_x_ha":26,"masculinidad":73,"pct_menor20":46,"pct_60mas":12,"pct_migrante":54,"dependencia_econ":225,"pct_empleados":38,"pct_cuentapropia":62,"pct_agricultura":12,"pct_comercio":25,"pct_manufactura":0,"pct_construccion":12,"pct_transporte":25,"pct_alojamiento":0,"pct_sin_educacion":43,"pct_educ_superior":43,"brecha_educ":0,"pct_sin_seguro":38,"pct_sus":62,"pct_seguro_privado":0,"brecha_seguro":44,"pct_salud_publica":22,"pct_med_tradicional":7,"pct_automedicacion":23,"pct_remedios_caseros":27,"pct_viv_desocupada":0,"pct_alquiler":0,"pct_electricidad":100,"pct_sin_electricidad":0,"pct_agua_red":100,"pct_alcantarillado":50,"pct_camara_septica":0,"pct_pozo_ciego":30,"pct_sin_desague":20,"pct_gas_red":0,"pct_gas_garrafa":90,"pct_lena_guano":90,"pct_basura_formal":90,"pct_basura_quema":10,"pct_basura_informal":0,"pct_internet":90,"pct_celular":90,"pct_televisor":70}},{"type":"Feature","geometry":{"type":"Polygon","coordinates":[[[-66.57565,-18.42004],[-66.57579,-18.4201],[-66.57606,-18.41971],[-66.57593,-18.41955],[-66.57553,-18.41986],[-66.57565,-18.42004]]]},"properties":{"n":"LLALLAGUA","p":15,"personas_x_ha":87,"masculinidad":88,"pct_menor20":27,"pct_60mas":27,"pct_migrante":13,"dependencia_econ":88,"pct_empleados":25,"pct_cuentapropia":75,"pct_agricultura":62,"pct_comercio":12,"pct_manufactura":0,"pct_construccion":0,"pct_transporte":0,"pct_alojamiento":12,"pct_sin_educacion":36,"pct_educ_superior":9,"brecha_educ":-20,"pct_sin_seguro":21,"pct_sus":57,"pct_seguro_privado":0,"brecha_seguro":-8,"pct_salud_publica":9,"pct_med_tradicional":21,"pct_automedicacion":15,"pct_remedios_caseros":35,"pct_viv_desocupada":0,"pct_alquiler":11,"pct_electricidad":89,"pct_sin_electricidad":11,"pct_agua_red":0,"pct_alcantarillado":0,"pct_camara_septica":0,"pct_pozo_ciego":22,"pct_sin_desague":78,"pct_gas_red":0,"pct_gas_garrafa":100,"pct_lena_guano":100,"pct_basura_formal":56,"pct_basura_quema":44,"pct_basura_informal":0,"pct_internet":33,"pct_celular":67,"pct_televisor":44}},{"type":"Feature","geometry":{"type":"Polygon","coordinates":[[[-66.57343,-18.41752],[-66.57371,-18.4173],[-66.57346,-18.41704],[-66.57319,-18.41724],[-66.57343,-18.41752]]]},"properties":{"n":"LLALLAGUA","p":18,"personas_x_ha":122,"masculinidad":64,"pct_menor20":44,"pct_60mas":0,"pct_migrante":17,"dependencia_econ":100,"pct_empleados":0,"pct_cuentapropia":100,"pct_agricultura":44,"pct_comercio":11,"pct_manufactura":0,"pct_construccion":11,"pct_transporte":0,"pct_alojamiento":22,"pct_sin_educacion":9,"pct_educ_superior":9,"brecha_educ":-7,"pct_sin_seguro":28,"pct_sus":72,"pct_seguro_privado":0,"brecha_seguro":1,"pct_salud_publica":29,"pct_med_tradicional":24,"pct_automedicacion":17,"pct_remedios_caseros":31,"pct_viv_desocupada":0,"pct_alquiler":0,"pct_electricidad":75,"pct_sin_electricidad":25,"pct_agua_red":0,"pct_alcantarillado":0,"pct_camara_septica":0,"pct_pozo_ciego":0,"pct_sin_desague":100,"pct_gas_red":0,"pct_gas_garrafa":75,"pct_lena_guano":75,"pct_basura_formal":0,"pct_basura_quema":100,"pct_basura_informal":0,"pct_internet":25,"pct_celular":38,"pct_televisor":38}},{"type":"Feature","geometry":{"type":"Polygon","coordinates":[[[-66.56618,-18.42132],[-66.56638,-18.42121],[-66.56574,-18.42003],[-66.56552,-18.42014],[-66.56618,-18.42132]]]},"properties":{"n":"LLALLAGUA","p":31,"personas_x_ha":87,"masculinidad":72,"pct_menor20":39,"pct_60mas":10,"pct_migrante":55,"dependencia_econ":164,"pct_empleados":0,"pct_cuentapropia":45,"pct_agricultura":27,"pct_comercio":27,"pct_manufactura":9,"pct_construccion":0,"pct_transporte":9,"pct_alojamiento":18,"pct_sin_educacion":21,"pct_educ_superior":32,"brecha_educ":-21,"pct_sin_seguro":24,"pct_sus":62,"pct_seguro_privado":0,"brecha_seguro":-13,"pct_salud_publica":25,"pct_med_tradicional":14,"pct_automedicacion":23,"pct_remedios_caseros":27,"pct_viv_desocupada":0,"pct_alquiler":7,"pct_electricidad":73,"pct_sin_electricidad":27,"pct_agua_red":60,"pct_alcantarillado":0,"pct_camara_septica":0,"pct_pozo_ciego":0,"pct_sin_desague":100,"pct_gas_red":27,"pct_gas_garrafa":67,"pct_lena_guano":67,"pct_basura_formal":13,"pct_basura_quema":67,"pct_basura_informal":0,"pct_internet":67,"pct_celular":73,"pct_televisor":40}},{"type":"Feature","geometry":{"type":"Polygon","coordinates":[[[-66.5753,-18.41864],[-66.57512,-18.41849],[-66.57491,-18.41867],[-66.57508,-18.41883],[-66.5753,-18.41864]]]},"properties":{"n":"LLALLAGUA","p":21,"personas_x_ha":273,"masculinidad":75,"pct_menor20":57,"pct_60mas":5,"pct_migrante":24,"dependencia_econ":200,"pct_empleados":43,"pct_cuentapropia":57,"pct_agricultura":29,"pct_comercio":29,"pct_manufactura":0,"pct_construccion":14,"pct_transporte":14,"pct_alojamiento":0,"pct_sin_educacion":11,"pct_educ_superior":44,"brecha_educ":-57,"pct_sin_seguro":0,"pct_sus":100,"pct_seguro_privado":0,"brecha_seguro":0,"pct_salud_publica":22,"pct_med_tradicional":25,"pct_automedicacion":22,"pct_remedios_caseros":26,"pct_viv_desocupada":0,"pct_alquiler":11,"pct_electricidad":78,"pct_sin_electricidad":22,"pct_agua_red":0,"pct_alcantarillado":0,"pct_camara_septica":0,"pct_pozo_ciego":0,"pct_sin_desague":100,"pct_gas_red":0,"pct_gas_garrafa":44,"pct_lena_guano":44,"pct_basura_formal":11,"pct_basura_quema":89,"pct_basura_informal":0,"pct_internet":67,"pct_celular":67,"pct_televisor":22}},{"type":"Feature","geometry":{"type":"Polygon","coordinates":[[[-66.57047,-18.4196],[-66.57001,-18.41972],[-66.5701,-18.42008],[-66.57044,-18.41989],[-66.57041,-18.41976],[-66.57051,-18.41974],[-66.57047,-18.4196]]]},"properties":{"n":"LLALLAGUA","p":32,"personas_x_ha":196,"masculinidad":100,"pct_menor20":56,"pct_60mas":6,"pct_migrante":53,"dependencia_econ":220,"pct_empleados":30,"pct_cuentapropia":30,"pct_agricultura":0,"pct_comercio":30,"pct_manufactura":20,"pct_construccion":10,"pct_transporte":20,"pct_alojamiento":10,"pct_sin_educacion":12,"pct_educ_superior":6,"brecha_educ":-33,"pct_sin_seguro":6,"pct_sus":28,"pct_seguro_privado":0,"brecha_seguro":12,"pct_salud_publica":14,"pct_med_tradicional":0,"pct_automedicacion":23,"pct_remedios_caseros":39,"pct_viv_desocupada":0,"pct_alquiler":43,"pct_electricidad":100,"pct_sin_electricidad":0,"pct_agua_red":86,"pct_alcantarillado":86,"pct_camara_septica":0,"pct_pozo_ciego":0,"pct_sin_desague":14,"pct_gas_red":36,"pct_gas_garrafa":57,"pct_lena_guano":57,"pct_basura_formal":93,"pct_basura_quema":7,"pct_basura_informal":0,"pct_internet":100,"pct_celular":93,"pct_televisor":57}},{"type":"Feature","geometry":{"type":"Polygon","coordinates":[[[-66.5801,-18.42564],[-66.58022,-18.42513],[-66.58046,-18.42475],[-66.58006,-18.42454],[-66.57956,-18.42535],[-66.5801,-18.42564]]]},"properties":{"n":"LLALLAGUA","p":87,"personas_x_ha":157,"masculinidad":78,"pct_menor20":33,"pct_60mas":11,"pct_migrante":56,"dependencia_econ":98,"pct_empleados":50,"pct_cuentapropia":41,"pct_agricultura":7,"pct_comercio":11,"pct_manufactura":7,"pct_construccion":5,"pct_transporte":9,"pct_alojamiento":5,"pct_sin_educacion":5,"pct_educ_superior":66,"brecha_educ":-12,"pct_sin_seguro":6,"pct_sus":43,"pct_seguro_privado":0,"brecha_seguro":4,"pct_salud_publica":14,"pct_med_tradicional":8,"pct_automedicacion":24,"pct_remedios_caseros":26,"pct_viv_desocupada":0,"pct_alquiler":25,"pct_electricidad":100,"pct_sin_electricidad":0,"pct_agua_red":100,"pct_alcantarillado":100,"pct_camara_septica":0,"pct_pozo_ciego":0,"pct_sin_desague":0,"pct_gas_red":56,"pct_gas_garrafa":44,"pct_lena_guano":44,"pct_basura_formal":100,"pct_basura_quema":0,"pct_basura_informal":0,"pct_internet":81,"pct_celular":91,"pct_televisor":91}},{"type":"Feature","geometry":{"type":"Polygon","coordinates":[[[-66.57785,-18.42283],[-66.57779,-18.42266],[-66.57756,-18.42254],[-66.57736,-18.42285],[-66.57766,-18.42307],[-66.57785,-18.42283]]]},"properties":{"n":"LLALLAGUA","p":25,"personas_x_ha":141,"masculinidad":92,"pct_menor20":40,"pct_60mas":0,"pct_migrante":60,"dependencia_econ":67,"pct_empleados":27,"pct_cuentapropia":47,"pct_agricultura":0,"pct_comercio":7,"pct_manufactura":13,"pct_construccion":20,"pct_transporte":13,"pct_alojamiento":13,"pct_sin_educacion":6,"pct_educ_superior":65,"brecha_educ":1,"pct_sin_seguro":12,"pct_sus":88,"pct_seguro_privado":0,"brecha_seguro":25,"pct_salud_publica":26,"pct_med_tradicional":12,"pct_automedicacion":26,"pct_remedios_caseros":23,"pct_viv_desocupada":0,"pct_alquiler":30,"pct_electricidad":80,"pct_sin_electricidad":20,"pct_agua_red":80,"pct_alcantarillado":80,"pct_camara_septica":0,"pct_pozo_ciego":0,"pct_sin_desague":20,"pct_gas_red":30,"pct_gas_garrafa":60,"pct_lena_guano":60,"pct_basura_formal":100,"pct_basura_quema":0,"pct_basura_informal":0,"pct_internet":90,"pct_celular":90,"pct_televisor":40}},{"type":"Feature","geometry":{"type":"Polygon","coordinates":[[[-66.58314,-18.4078],[-66.58276,-18.40776],[-66.58267,-18.40877],[-66.58305,-18.4088],[-66.58314,-18.4078]]]},"properties":{"n":"LLALLAGUA","p":17,"personas_x_ha":38,"masculinidad":143,"pct_menor20":41,"pct_60mas":29,"pct_migrante":6,"dependencia_econ":112,"pct_empleados":0,"pct_cuentapropia":75,"pct_agricultura":75,"pct_comercio":0,"pct_manufactura":25,"pct_construccion":0,"pct_transporte":0,"pct_alojamiento":0,"pct_sin_educacion":36,"pct_educ_superior":27,"brecha_educ":-4,"pct_sin_seguro":29,"pct_sus":71,"pct_seguro_privado":0,"brecha_seguro":1,"pct_salud_publica":64,"pct_med_tradicional":0,"pct_automedicacion":0,"pct_remedios_caseros":27,"pct_viv_desocupada":22,"pct_alquiler":0,"pct_electricidad":75,"pct_sin_electricidad":25,"pct_agua_red":0,"pct_alcantarillado":0,"pct_camara_septica":0,"pct_pozo_ciego":0,"pct_sin_desague":100,"pct_gas_red":0,"pct_gas_garrafa":88,"pct_lena_guano":88,"pct_basura_formal":62,"pct_basura_quema":25,"pct_basura_informal":25,"pct_internet":38,"pct_celular":88,"pct_televisor":50}},{"type":"Feature","geometry":{"type":"Polygon","coordinates":[[[-66.58155,-18.43051],[-66.58134,-18.43023],[-66.58057,-18.43073],[-66.58075,-18.43101],[-66.58155,-18.43051]]]},"properties":{"n":"LLALLAGUA","p":34,"personas_x_ha":93,"masculinidad":70,"pct_menor20":35,"pct_60mas":6,"pct_migrante":50,"dependencia_econ":127,"pct_empleados":33,"pct_cuentapropia":67,"pct_agricultura":7,"pct_comercio":20,"pct_manufactura":13,"pct_construccion":33,"pct_transporte":13,"pct_alojamiento":0,"pct_sin_educacion":0,"pct_educ_superior":36,"brecha_educ":-18,"pct_sin_seguro":12,"pct_sus":68,"pct_seguro_privado":0,"brecha_seguro":-8,"pct_salud_publica":39,"pct_med_tradicional":9,"pct_automedicacion":9,"pct_remedios_caseros":28,"pct_viv_desocupada":0,"pct_alquiler":0,"pct_electricidad":93,"pct_sin_electricidad":7,"pct_agua_red":0,"pct_alcantarillado":0,"pct_camara_septica":0,"pct_pozo_ciego":7,"pct_sin_desague":93,"pct_gas_red":0,"pct_gas_garrafa":93,"pct_lena_guano":93,"pct_basura_formal":73,"pct_basura_quema":20,"pct_basura_informal":0,"pct_internet":73,"pct_celular":87,"pct_televisor":67}},{"type":"Feature","geometry":{"type":"Polygon","coordinates":[[[-66.58131,-18.43013],[-66.5811,-18.42981],[-66.58041,-18.43023],[-66.58039,-18.43034],[-66.58053,-18.43064],[-66.58131,-18.43013]]]},"properties":{"n":"LLALLAGUA","p":44,"personas_x_ha":104,"masculinidad":144,"pct_menor20":55,"pct_60mas":0,"pct_migrante":52,"dependencia_econ":238,"pct_empleados":46,"pct_cuentapropia":46,"pct_agricultura":15,"pct_comercio":23,"pct_manufactura":0,"pct_construccion":23,"pct_transporte":0,"pct_alojamiento":0,"pct_sin_educacion":5,"pct_educ_superior":18,"brecha_educ":-7,"pct_sin_seguro":5,"pct_sus":52,"pct_seguro_privado":0,"brecha_seguro":8,"pct_salud_publica":18,"pct_med_tradicional":12,"pct_automedicacion":27,"pct_remedios_caseros":29,"pct_viv_desocupada":0,"pct_alquiler":0,"pct_electricidad":94,"pct_sin_electricidad":6,"pct_agua_red":0,"pct_alcantarillado":0,"pct_camara_septica":12,"pct_pozo_ciego":0,"pct_sin_desague":88,"pct_gas_red":0,"pct_gas_garrafa":100,"pct_lena_guano":100,"pct_basura_formal":41,"pct_basura_quema":53,"pct_basura_informal":0,"pct_internet":94,"pct_celular":94,"pct_televisor":82}},{"type":"Feature","geometry":{"type":"Polygon","coordinates":[[[-66.57643,-18.41993],[-66.57611,-18.41977],[-66.57585,-18.42014],[-66.57619,-18.4203],[-66.57643,-18.41993]]]},"properties":{"n":"LLALLAGUA","p":21,"personas_x_ha":110,"masculinidad":50,"pct_menor20":52,"pct_60mas":10,"pct_migrante":29,"dependencia_econ":162,"pct_empleados":25,"pct_cuentapropia":62,"pct_agricultura":38,"pct_comercio":12,"pct_manufactura":0,"pct_construccion":25,"pct_transporte":0,"pct_alojamiento":12,"pct_sin_educacion":9,"pct_educ_superior":27,"brecha_educ":21,"pct_sin_seguro":10,"pct_sus":81,"pct_seguro_privado":0,"brecha_seguro":-14,"pct_salud_publica":18,"pct_med_tradicional":21,"pct_automedicacion":19,"pct_remedios_caseros":20,"pct_viv_desocupada":0,"pct_alquiler":0,"pct_electricidad":80,"pct_sin_electricidad":10,"pct_agua_red":20,"pct_alcantarillado":0,"pct_camara_septica":0,"pct_pozo_ciego":60,"pct_sin_desague":40,"pct_gas_red":0,"pct_gas_garrafa":100,"pct_lena_guano":100,"pct_basura_formal":60,"pct_basura_quema":20,"pct_basura_informal":0,"pct_internet":80,"pct_celular":90,"pct_televisor":70}},{"type":"Feature","geometry":{"type":"Polygon","coordinates":[[[-66.56879,-18.43186],[-66.56805,-18.43273],[-66.56832,-18.43291],[-66.56901,-18.43211],[-66.56879,-18.43186]]]},"properties":{"n":"LLALLAGUA","p":21,"personas_x_ha":51,"masculinidad":75,"pct_menor20":57,"pct_60mas":14,"pct_migrante":29,"dependencia_econ":162,"pct_empleados":12,"pct_cuentapropia":50,"pct_agricultura":0,"pct_comercio":0,"pct_manufactura":12,"pct_construccion":0,"pct_transporte":12,"pct_alojamiento":38,"pct_sin_educacion":11,"pct_educ_superior":22,"brecha_educ":-30,"pct_sin_seguro":14,"pct_sus":81,"pct_seguro_privado":0,"brecha_seguro":14,"pct_salud_publica":33,"pct_med_tradicional":12,"pct_automedicacion":15,"pct_remedios_caseros":27,"pct_viv_desocupada":0,"pct_alquiler":43,"pct_electricidad":86,"pct_sin_electricidad":0,"pct_agua_red":71,"pct_alcantarillado":14,"pct_camara_septica":29,"pct_pozo_ciego":14,"pct_sin_desague":43,"pct_gas_red":0,"pct_gas_garrafa":100,"pct_lena_guano":100,"pct_basura_formal":71,"pct_basura_quema":0,"pct_basura_informal":0,"pct_internet":57,"pct_celular":71,"pct_televisor":86}},{"type":"Feature","geometry":{"type":"Polygon","coordinates":[[[-66.56696,-18.42497],[-66.5671,-18.42456],[-66.56628,-18.42425],[-66.56612,-18.42466],[-66.56696,-18.42497]]]},"properties":{"n":"LLALLAGUA","p":52,"personas_x_ha":109,"masculinidad":136,"pct_menor20":56,"pct_60mas":0,"pct_migrante":35,"dependencia_econ":174,"pct_empleados":11,"pct_cuentapropia":68,"pct_agricultura":53,"pct_comercio":21,"pct_manufactura":0,"pct_construccion":5,"pct_transporte":0,"pct_alojamiento":0,"pct_sin_educacion":4,"pct_educ_superior":50,"brecha_educ":-22,"pct_sin_seguro":4,"pct_sus":96,"pct_seguro_privado":0,"brecha_seguro":7,"pct_salud_publica":17,"pct_med_tradicional":11,"pct_automedicacion":22,"pct_remedios_caseros":28,"pct_viv_desocupada":0,"pct_alquiler":12,"pct_electricidad":94,"pct_sin_electricidad":6,"pct_agua_red":88,"pct_alcantarillado":88,"pct_camara_septica":0,"pct_pozo_ciego":0,"pct_sin_desague":12,"pct_gas_red":38,"pct_gas_garrafa":62,"pct_lena_guano":62,"pct_basura_formal":100,"pct_basura_quema":0,"pct_basura_informal":0,"pct_internet":81,"pct_celular":94,"pct_televisor":88}},{"type":"Feature","geometry":{"type":"Polygon","coordinates":[[[-66.58652,-18.42014],[-66.58608,-18.41929],[-66.58581,-18.41943],[-66.58631,-18.42028],[-66.58652,-18.42014]]]},"properties":{"n":"LLALLAGUA","p":41,"personas_x_ha":130,"masculinidad":173,"pct_menor20":22,"pct_60mas":17,"pct_migrante":41,"dependencia_econ":156,"pct_empleados":38,"pct_cuentapropia":44,"pct_agricultura":6,"pct_comercio":0,"pct_manufactura":0,"pct_construccion":0,"pct_transporte":25,"pct_alojamiento":6,"pct_sin_educacion":0,"pct_educ_superior":72,"brecha_educ":-7,"pct_sin_seguro":15,"pct_sus":59,"pct_seguro_privado":0,"brecha_seguro":23,"pct_salud_publica":26,"pct_med_tradicional":4,"pct_automedicacion":25,"pct_remedios_caseros":25,"pct_viv_desocupada":12,"pct_alquiler":29,"pct_electricidad":100,"pct_sin_electricidad":0,"pct_agua_red":100,"pct_alcantarillado":86,"pct_camara_septica":0,"pct_pozo_ciego":0,"pct_sin_desague":0,"pct_gas_red":29,"pct_gas_garrafa":71,"pct_lena_guano":71,"pct_basura_formal":100,"pct_basura_quema":0,"pct_basura_informal":0,"pct_internet":86,"pct_celular":93,"pct_televisor":71}},{"type":"Feature","geometry":{"type":"Polygon","coordinates":[[[-66.58267,-18.42441],[-66.58255,-18.42414],[-66.5821,-18.42426],[-66.58171,-18.42373],[-66.58139,-18.42384],[-66.58114,-18.42405],[-66.58065,-18.42479],[-66.58126,-18.42513],[-66.58215,-18.4246],[-66.58267,-18.42441]]]},"properties":{"n":"LLALLAGUA","p":115,"personas_x_ha":70,"masculinidad":113,"pct_menor20":34,"pct_60mas":18,"pct_migrante":43,"dependencia_econ":89,"pct_empleados":21,"pct_cuentapropia":59,"pct_agricultura":0,"pct_comercio":34,"pct_manufactura":8,"pct_construccion":5,"pct_transporte":11,"pct_alojamiento":13,"pct_sin_educacion":2,"pct_educ_superior":68,"brecha_educ":-8,"pct_sin_seguro":16,"pct_sus":57,"pct_seguro_privado":0,"brecha_seguro":5,"pct_salud_publica":22,"pct_med_tradicional":6,"pct_automedicacion":19,"pct_remedios_caseros":26,"pct_viv_desocupada":3,"pct_alquiler":38,"pct_electricidad":98,"pct_sin_electricidad":2,"pct_agua_red":91,"pct_alcantarillado":89,"pct_camara_septica":0,"pct_pozo_ciego":2,"pct_sin_desague":9,"pct_gas_red":40,"pct_gas_garrafa":60,"pct_lena_guano":60,"pct_basura_formal":98,"pct_basura_quema":0,"pct_basura_informal":0,"pct_internet":67,"pct_celular":89,"pct_televisor":67}},{"type":"Feature","geometry":{"type":"Polygon","coordinates":[[[-66.57378,-18.4206],[-66.574,-18.42085],[-66.57437,-18.42055],[-66.57412,-18.42029],[-66.57378,-18.4206]]]},"properties":{"n":"LLALLAGUA","p":17,"personas_x_ha":84,"masculinidad":70,"pct_menor20":47,"pct_60mas":12,"pct_migrante":12,"dependencia_econ":143,"pct_empleados":0,"pct_cuentapropia":86,"pct_agricultura":43,"pct_comercio":29,"pct_manufactura":29,"pct_construccion":0,"pct_transporte":0,"pct_alojamiento":0,"pct_sin_educacion":20,"pct_educ_superior":10,"brecha_educ":-20,"pct_sin_seguro":18,"pct_sus":82,"pct_seguro_privado":0,"brecha_seguro":-6,"pct_salud_publica":23,"pct_med_tradicional":11,"pct_automedicacion":9,"pct_remedios_caseros":43,"pct_viv_desocupada":0,"pct_alquiler":0,"pct_electricidad":50,"pct_sin_electricidad":50,"pct_agua_red":0,"pct_alcantarillado":0,"pct_camara_septica":0,"pct_pozo_ciego":0,"pct_sin_desague":90,"pct_gas_red":0,"pct_gas_garrafa":100,"pct_lena_guano":100,"pct_basura_formal":60,"pct_basura_quema":20,"pct_basura_informal":0,"pct_internet":60,"pct_celular":90,"pct_televisor":40}},{"type":"Feature","geometry":{"type":"Polygon","coordinates":[[[-66.57668,-18.41965],[-66.57684,-18.42008],[-66.57709,-18.41991],[-66.57693,-18.41955],[-66.57668,-18.41965]]]},"properties":{"n":"LLALLAGUA","p":25,"personas_x_ha":182,"masculinidad":56,"pct_menor20":52,"pct_60mas":4,"pct_migrante":44,"dependencia_econ":212,"pct_empleados":50,"pct_cuentapropia":38,"pct_agricultura":0,"pct_comercio":0,"pct_manufactura":0,"pct_construccion":12,"pct_transporte":0,"pct_alojamiento":38,"pct_sin_educacion":25,"pct_educ_superior":17,"brecha_educ":10,"pct_sin_seguro":4,"pct_sus":91,"pct_seguro_privado":0,"brecha_seguro":11,"pct_salud_publica":26,"pct_med_tradicional":15,"pct_automedicacion":24,"pct_remedios_caseros":26,"pct_viv_desocupada":0,"pct_alquiler":0,"pct_electricidad":58,"pct_sin_electricidad":42,"pct_agua_red":0,"pct_alcantarillado":0,"pct_camara_septica":0,"pct_pozo_ciego":8,"pct_sin_desague":92,"pct_gas_red":0,"pct_gas_garrafa":92,"pct_lena_guano":92,"pct_basura_formal":25,"pct_basura_quema":25,"pct_basura_informal":50,"pct_internet":58,"pct_celular":75,"pct_televisor":75}},{"type":"Feature","geometry":{"type":"Polygon","coordinates":[[[-66.58352,-18.40893],[-66.58314,-18.40889],[-66.58304,-18.40997],[-66.58342,-18.41001],[-66.58352,-18.40893]]]},"properties":{"n":"LLALLAGUA","p":23,"personas_x_ha":47,"masculinidad":130,"pct_menor20":57,"pct_60mas":0,"pct_migrante":30,"dependencia_econ":360,"pct_empleados":40,"pct_cuentapropia":40,"pct_agricultura":40,"pct_comercio":20,"pct_manufactura":0,"pct_construccion":40,"pct_transporte":0,"pct_alojamiento":0,"pct_sin_educacion":9,"pct_educ_superior":18,"brecha_educ":-40,"pct_sin_seguro":30,"pct_sus":70,"pct_seguro_privado":0,"brecha_seguro":-17,"pct_salud_publica":35,"pct_med_tradicional":8,"pct_automedicacion":33,"pct_remedios_caseros":22,"pct_viv_desocupada":62,"pct_alquiler":33,"pct_electricidad":83,"pct_sin_electricidad":17,"pct_agua_red":33,"pct_alcantarillado":17,"pct_camara_septica":0,"pct_pozo_ciego":17,"pct_sin_desague":67,"pct_gas_red":0,"pct_gas_garrafa":100,"pct_lena_guano":100,"pct_basura_formal":50,"pct_basura_quema":0,"pct_basura_informal":0,"pct_internet":33,"pct_celular":100,"pct_televisor":67}},{"type":"Feature","geometry":{"type":"Polygon","coordinates":[[[-66.56662,-18.42686],[-66.56591,-18.42738],[-66.56622,-18.42773],[-66.5669,-18.42718],[-66.56662,-18.42686]]]},"properties":{"n":"LLALLAGUA","p":37,"personas_x_ha":78,"masculinidad":85,"pct_menor20":51,"pct_60mas":3,"pct_migrante":57,"dependencia_econ":236,"pct_empleados":45,"pct_cuentapropia":36,"pct_agricultura":9,"pct_comercio":27,"pct_manufactura":0,"pct_construccion":9,"pct_transporte":18,"pct_alojamiento":9,"pct_sin_educacion":5,"pct_educ_superior":40,"brecha_educ":-29,"pct_sin_seguro":3,"pct_sus":81,"pct_seguro_privado":0,"brecha_seguro":6,"pct_salud_publica":20,"pct_med_tradicional":14,"pct_automedicacion":20,"pct_remedios_caseros":25,"pct_viv_desocupada":9,"pct_alquiler":11,"pct_electricidad":95,"pct_sin_electricidad":5,"pct_agua_red":89,"pct_alcantarillado":11,"pct_camara_septica":5,"pct_pozo_ciego":0,"pct_sin_desague":79,"pct_gas_red":63,"pct_gas_garrafa":32,"pct_lena_guano":32,"pct_basura_formal":95,"pct_basura_quema":0,"pct_basura_informal":11,"pct_internet":89,"pct_celular":89,"pct_televisor":68}},{"type":"Feature","geometry":{"type":"Polygon","coordinates":[[[-66.57397,-18.42324],[-66.57315,-18.42333],[-66.57319,-18.42369],[-66.57402,-18.42356],[-66.57397,-18.42324]]]},"properties":{"n":"LLALLAGUA","p":40,"personas_x_ha":113,"masculinidad":60,"pct_menor20":40,"pct_60mas":5,"pct_migrante":25,"dependencia_econ":122,"pct_empleados":28,"pct_cuentapropia":44,"pct_agricultura":0,"pct_comercio":33,"pct_manufactura":17,"pct_construccion":0,"pct_transporte":11,"pct_alojamiento":11,"pct_sin_educacion":0,"pct_educ_superior":54,"brecha_educ":-9,"pct_sin_seguro":15,"pct_sus":85,"pct_seguro_privado":0,"brecha_seguro":-3,"pct_salud_publica":71,"pct_med_tradicional":0,"pct_automedicacion":4,"pct_remedios_caseros":12,"pct_viv_desocupada":0,"pct_alquiler":9,"pct_electricidad":82,"pct_sin_electricidad":9,"pct_agua_red":91,"pct_alcantarillado":82,"pct_camara_septica":0,"pct_pozo_ciego":0,"pct_sin_desague":9,"pct_gas_red":45,"pct_gas_garrafa":55,"pct_lena_guano":55,"pct_basura_formal":55,"pct_basura_quema":9,"pct_basura_informal":73,"pct_internet":73,"pct_celular":100,"pct_televisor":91}},{"type":"Feature","geometry":{"type":"Polygon","coordinates":[[[-66.58059,-18.42217],[-66.58041,-18.42224],[-66.58004,-18.42286],[-66.58033,-18.42305],[-66.58073,-18.42245],[-66.58091,-18.42234],[-66.58121,-18.42193],[-66.58075,-18.42188],[-66.58059,-18.42217]]]},"properties":{"n":"LLALLAGUA","p":68,"personas_x_ha":118,"masculinidad":94,"pct_menor20":31,"pct_60mas":13,"pct_migrante":40,"dependencia_econ":112,"pct_empleados":53,"pct_cuentapropia":44,"pct_agricultura":3,"pct_comercio":22,"pct_manufactura":9,"pct_construccion":6,"pct_transporte":12,"pct_alojamiento":3,"pct_sin_educacion":6,"pct_educ_superior":67,"brecha_educ":13,"pct_sin_seguro":19,"pct_sus":54,"pct_seguro_privado":1,"brecha_seguro":4,"pct_salud_publica":19,"pct_med_tradicional":18,"pct_automedicacion":18,"pct_remedios_caseros":23,"pct_viv_desocupada":6,"pct_alquiler":23,"pct_electricidad":100,"pct_sin_electricidad":0,"pct_agua_red":100,"pct_alcantarillado":100,"pct_camara_septica":0,"pct_pozo_ciego":0,"pct_sin_desague":0,"pct_gas_red":58,"pct_gas_garrafa":42,"pct_lena_guano":42,"pct_basura_formal":100,"pct_basura_quema":0,"pct_basura_informal":0,"pct_internet":88,"pct_celular":96,"pct_televisor":92}},{"type":"Feature","geometry":{"type":"Polygon","coordinates":[[[-66.58486,-18.42218],[-66.58438,-18.42173],[-66.58402,-18.42207],[-66.58448,-18.42247],[-66.58486,-18.42218]]]},"properties":{"n":"LLALLAGUA","p":99,"personas_x_ha":264,"masculinidad":77,"pct_menor20":33,"pct_60mas":12,"pct_migrante":35,"dependencia_econ":106,"pct_empleados":38,"pct_cuentapropia":51,"pct_agricultura":0,"pct_comercio":38,"pct_manufactura":9,"pct_construccion":4,"pct_transporte":6,"pct_alojamiento":6,"pct_sin_educacion":6,"pct_educ_superior":59,"brecha_educ":-1,"pct_sin_seguro":12,"pct_sus":79,"pct_seguro_privado":0,"brecha_seguro":7,"pct_salud_publica":20,"pct_med_tradicional":12,"pct_automedicacion":22,"pct_remedios_caseros":21,"pct_viv_desocupada":6,"pct_alquiler":52,"pct_electricidad":92,"pct_sin_electricidad":0,"pct_agua_red":95,"pct_alcantarillado":98,"pct_camara_septica":0,"pct_pozo_ciego":0,"pct_sin_desague":2,"pct_gas_red":40,"pct_gas_garrafa":60,"pct_lena_guano":60,"pct_basura_formal":100,"pct_basura_quema":0,"pct_basura_informal":0,"pct_internet":92,"pct_celular":90,"pct_televisor":85}},{"type":"Feature","geometry":{"type":"Polygon","coordinates":[[[-66.59067,-18.43075],[-66.59039,-18.43108],[-66.59061,-18.43179],[-66.59095,-18.43168],[-66.59067,-18.43075]]]},"properties":{"n":"LLALLAGUA","p":39,"personas_x_ha":107,"masculinidad":70,"pct_menor20":49,"pct_60mas":5,"pct_migrante":72,"dependencia_econ":200,"pct_empleados":23,"pct_cuentapropia":54,"pct_agricultura":8,"pct_comercio":0,"pct_manufactura":8,"pct_construccion":54,"pct_transporte":0,"pct_alojamiento":8,"pct_sin_educacion":4,"pct_educ_superior":17,"brecha_educ":-69,"pct_sin_seguro":15,"pct_sus":72,"pct_seguro_privado":5,"brecha_seguro":6,"pct_salud_publica":15,"pct_med_tradicional":16,"pct_automedicacion":21,"pct_remedios_caseros":29,"pct_viv_desocupada":6,"pct_alquiler":0,"pct_electricidad":27,"pct_sin_electricidad":67,"pct_agua_red":0,"pct_alcantarillado":0,"pct_camara_septica":0,"pct_pozo_ciego":0,"pct_sin_desague":100,"pct_gas_red":0,"pct_gas_garrafa":80,"pct_lena_guano":80,"pct_basura_formal":20,"pct_basura_quema":53,"pct_basura_informal":13,"pct_internet":53,"pct_celular":80,"pct_televisor":27}},{"type":"Feature","geometry":{"type":"Polygon","coordinates":[[[-66.56652,-18.42375],[-66.56632,-18.42415],[-66.56717,-18.42446],[-66.56733,-18.42406],[-66.56652,-18.42375]]]},"properties":{"n":"LLALLAGUA","p":50,"personas_x_ha":102,"masculinidad":127,"pct_menor20":48,"pct_60mas":8,"pct_migrante":44,"dependencia_econ":163,"pct_empleados":37,"pct_cuentapropia":26,"pct_agricultura":5,"pct_comercio":26,"pct_manufactura":0,"pct_construccion":21,"pct_transporte":0,"pct_alojamiento":0,"pct_sin_educacion":13,"pct_educ_superior":32,"brecha_educ":-11,"pct_sin_seguro":2,"pct_sus":60,"pct_seguro_privado":2,"brecha_seguro":4,"pct_salud_publica":14,"pct_med_tradicional":17,"pct_automedicacion":22,"pct_remedios_caseros":26,"pct_viv_desocupada":0,"pct_alquiler":14,"pct_electricidad":95,"pct_sin_electricidad":5,"pct_agua_red":95,"pct_alcantarillado":95,"pct_camara_septica":0,"pct_pozo_ciego":5,"pct_sin_desague":0,"pct_gas_red":48,"pct_gas_garrafa":52,"pct_lena_guano":52,"pct_basura_formal":81,"pct_basura_quema":14,"pct_basura_informal":10,"pct_internet":86,"pct_celular":100,"pct_televisor":62}},{"type":"Feature","geometry":{"type":"Polygon","coordinates":[[[-66.57501,-18.4184],[-66.57481,-18.41819],[-66.57455,-18.4184],[-66.57474,-18.4186],[-66.57501,-18.4184]]]},"properties":{"n":"LLALLAGUA","p":17,"personas_x_ha":155,"masculinidad":112,"pct_menor20":59,"pct_60mas":0,"pct_migrante":0,"dependencia_econ":89,"pct_empleados":22,"pct_cuentapropia":78,"pct_agricultura":44,"pct_comercio":11,"pct_manufactura":0,"pct_construccion":33,"pct_transporte":0,"pct_alojamiento":11,"pct_sin_educacion":0,"pct_educ_superior":0,"brecha_educ":-60,"pct_sin_seguro":6,"pct_sus":94,"pct_seguro_privado":0,"brecha_seguro":11,"pct_salud_publica":28,"pct_med_tradicional":20,"pct_automedicacion":27,"pct_remedios_caseros":20,"pct_viv_desocupada":0,"pct_alquiler":0,"pct_electricidad":86,"pct_sin_electricidad":14,"pct_agua_red":0,"pct_alcantarillado":0,"pct_camara_septica":0,"pct_pozo_ciego":0,"pct_sin_desague":100,"pct_gas_red":0,"pct_gas_garrafa":71,"pct_lena_guano":71,"pct_basura_formal":14,"pct_basura_quema":71,"pct_basura_informal":0,"pct_internet":86,"pct_celular":86,"pct_televisor":43}},{"type":"Feature","geometry":{"type":"Polygon","coordinates":[[[-66.58429,-18.42823],[-66.5846,-18.4281],[-66.58434,-18.42743],[-66.58396,-18.42777],[-66.58429,-18.42823]]]},"properties":{"n":"LLALLAGUA","p":46,"personas_x_ha":143,"masculinidad":130,"pct_menor20":46,"pct_60mas":13,"pct_migrante":43,"dependencia_econ":119,"pct_empleados":24,"pct_cuentapropia":57,"pct_agricultura":5,"pct_comercio":24,"pct_manufactura":10,"pct_construccion":0,"pct_transporte":10,"pct_alojamiento":0,"pct_sin_educacion":7,"pct_educ_superior":46,"brecha_educ":-24,"pct_sin_seguro":11,"pct_sus":52,"pct_seguro_privado":7,"brecha_seguro":19,"pct_salud_publica":18,"pct_med_tradicional":10,"pct_automedicacion":20,"pct_remedios_caseros":23,"pct_viv_desocupada":6,"pct_alquiler":18,"pct_electricidad":100,"pct_sin_electricidad":0,"pct_agua_red":94,"pct_alcantarillado":100,"pct_camara_septica":0,"pct_pozo_ciego":0,"pct_sin_desague":0,"pct_gas_red":41,"pct_gas_garrafa":59,"pct_lena_guano":59,"pct_basura_formal":100,"pct_basura_quema":0,"pct_basura_informal":0,"pct_internet":82,"pct_celular":94,"pct_televisor":88}},{"type":"Feature","geometry":{"type":"Polygon","coordinates":[[[-66.5633,-18.42315],[-66.56268,-18.42363],[-66.56289,-18.42402],[-66.56358,-18.42349],[-66.5633,-18.42315]]]},"properties":{"n":"LLALLAGUA","p":37,"personas_x_ha":83,"masculinidad":95,"pct_menor20":57,"pct_60mas":5,"pct_migrante":46,"dependencia_econ":185,"pct_empleados":31,"pct_cuentapropia":62,"pct_agricultura":15,"pct_comercio":8,"pct_manufactura":8,"pct_construccion":46,"pct_transporte":8,"pct_alojamiento":0,"pct_sin_educacion":19,"pct_educ_superior":19,"brecha_educ":-27,"pct_sin_seguro":11,"pct_sus":78,"pct_seguro_privado":0,"brecha_seguro":1,"pct_salud_publica":33,"pct_med_tradicional":15,"pct_automedicacion":25,"pct_remedios_caseros":20,"pct_viv_desocupada":0,"pct_alquiler":0,"pct_electricidad":92,"pct_sin_electricidad":8,"pct_agua_red":100,"pct_alcantarillado":0,"pct_camara_septica":0,"pct_pozo_ciego":8,"pct_sin_desague":92,"pct_gas_red":8,"pct_gas_garrafa":92,"pct_lena_guano":92,"pct_basura_formal":25,"pct_basura_quema":50,"pct_basura_informal":17,"pct_internet":92,"pct_celular":100,"pct_televisor":83}},{"type":"Feature","geometry":{"type":"Polygon","coordinates":[[[-66.57515,-18.42236],[-66.57602,-18.42261],[-66.57601,-18.42238],[-66.57509,-18.4221],[-66.57515,-18.42236]]]},"properties":{"n":"LLALLAGUA","p":26,"personas_x_ha":100,"masculinidad":62,"pct_menor20":46,"pct_60mas":0,"pct_migrante":35,"dependencia_econ":189,"pct_empleados":22,"pct_cuentapropia":67,"pct_agricultura":0,"pct_comercio":22,"pct_manufactura":0,"pct_construccion":44,"pct_transporte":11,"pct_alojamiento":0,"pct_sin_educacion":0,"pct_educ_superior":36,"brecha_educ":12,"pct_sin_seguro":65,"pct_sus":35,"pct_seguro_privado":0,"brecha_seguro":-25,"pct_salud_publica":18,"pct_med_tradicional":22,"pct_automedicacion":26,"pct_remedios_caseros":23,"pct_viv_desocupada":0,"pct_alquiler":0,"pct_electricidad":89,"pct_sin_electricidad":11,"pct_agua_red":22,"pct_alcantarillado":33,"pct_camara_septica":0,"pct_pozo_ciego":11,"pct_sin_desague":44,"pct_gas_red":0,"pct_gas_garrafa":100,"pct_lena_guano":100,"pct_basura_formal":22,"pct_basura_quema":78,"pct_basura_informal":0,"pct_internet":100,"pct_celular":100,"pct_televisor":89}},{"type":"Feature","geometry":{"type":"Polygon","coordinates":[[[-66.56786,-18.43063],[-66.56835,-18.43025],[-66.56811,-18.42996],[-66.56763,-18.43036],[-66.56786,-18.43063]]]},"properties":{"n":"LLALLAGUA","p":16,"personas_x_ha":59,"masculinidad":129,"pct_menor20":50,"pct_60mas":0,"pct_migrante":25,"dependencia_econ":167,"pct_empleados":50,"pct_cuentapropia":33,"pct_agricultura":17,"pct_comercio":33,"pct_manufactura":0,"pct_construccion":0,"pct_transporte":0,"pct_alojamiento":0,"pct_sin_educacion":0,"pct_educ_superior":75,"brecha_educ":0,"pct_sin_seguro":6,"pct_sus":62,"pct_seguro_privado":0,"brecha_seguro":11,"pct_salud_publica":9,"pct_med_tradicional":14,"pct_automedicacion":20,"pct_remedios_caseros":20,"pct_viv_desocupada":11,"pct_alquiler":17,"pct_electricidad":100,"pct_sin_electricidad":0,"pct_agua_red":83,"pct_alcantarillado":100,"pct_camara_septica":0,"pct_pozo_ciego":0,"pct_sin_desague":0,"pct_gas_red":0,"pct_gas_garrafa":100,"pct_lena_guano":100,"pct_basura_formal":100,"pct_basura_quema":0,"pct_basura_informal":0,"pct_internet":100,"pct_celular":100,"pct_televisor":100}},{"type":"Feature","geometry":{"type":"Polygon","coordinates":[[[-66.58547,-18.41901],[-66.58432,-18.41932],[-66.58408,-18.41948],[-66.58443,-18.41987],[-66.58571,-18.41944],[-66.58547,-18.41901]]]},"properties":{"n":"LLALLAGUA","p":132,"personas_x_ha":158,"masculinidad":91,"pct_menor20":33,"pct_60mas":11,"pct_migrante":36,"dependencia_econ":94,"pct_empleados":39,"pct_cuentapropia":45,"pct_agricultura":7,"pct_comercio":24,"pct_manufactura":16,"pct_construccion":6,"pct_transporte":1,"pct_alojamiento":12,"pct_sin_educacion":3,"pct_educ_superior":65,"brecha_educ":-8,"pct_sin_seguro":17,"pct_sus":56,"pct_seguro_privado":0,"brecha_seguro":4,"pct_salud_publica":21,"pct_med_tradicional":11,"pct_automedicacion":18,"pct_remedios_caseros":26,"pct_viv_desocupada":6,"pct_alquiler":40,"pct_electricidad":98,"pct_sin_electricidad":0,"pct_agua_red":97,"pct_alcantarillado":100,"pct_camara_septica":0,"pct_pozo_ciego":0,"pct_sin_desague":0,"pct_gas_red":33,"pct_gas_garrafa":67,"pct_lena_guano":67,"pct_basura_formal":98,"pct_basura_quema":2,"pct_basura_informal":0,"pct_internet":81,"pct_celular":90,"pct_televisor":60}},{"type":"Feature","geometry":{"type":"Polygon","coordinates":[[[-66.56991,-18.42208],[-66.57074,-18.42186],[-66.57076,-18.42174],[-66.57039,-18.42152],[-66.5698,-18.42169],[-66.56991,-18.42208]]]},"properties":{"n":"LLALLAGUA","p":23,"personas_x_ha":57,"masculinidad":64,"pct_menor20":35,"pct_60mas":4,"pct_migrante":48,"dependencia_econ":64,"pct_empleados":43,"pct_cuentapropia":50,"pct_agricultura":7,"pct_comercio":21,"pct_manufactura":7,"pct_construccion":29,"pct_transporte":0,"pct_alojamiento":0,"pct_sin_educacion":13,"pct_educ_superior":60,"brecha_educ":-33,"pct_sin_seguro":17,"pct_sus":52,"pct_seguro_privado":0,"brecha_seguro":8,"pct_salud_publica":25,"pct_med_tradicional":10,"pct_automedicacion":13,"pct_remedios_caseros":30,"pct_viv_desocupada":0,"pct_alquiler":23,"pct_electricidad":100,"pct_sin_electricidad":0,"pct_agua_red":100,"pct_alcantarillado":54,"pct_camara_septica":0,"pct_pozo_ciego":0,"pct_sin_desague":31,"pct_gas_red":0,"pct_gas_garrafa":100,"pct_lena_guano":100,"pct_basura_formal":92,"pct_basura_quema":8,"pct_basura_informal":0,"pct_internet":92,"pct_celular":100,"pct_televisor":62}},{"type":"Feature","geometry":{"type":"Polygon","coordinates":[[[-66.58424,-18.42564],[-66.58417,-18.42538],[-66.58395,-18.42545],[-66.58417,-18.42537],[-66.58404,-18.42496],[-66.58346,-18.42548],[-66.58373,-18.42586],[-66.58424,-18.42564]]]},"properties":{"n":"LLALLAGUA","p":126,"personas_x_ha":273,"masculinidad":88,"pct_menor20":29,"pct_60mas":13,"pct_migrante":46,"dependencia_econ":136,"pct_empleados":28,"pct_cuentapropia":57,"pct_agricultura":2,"pct_comercio":42,"pct_manufactura":2,"pct_construccion":4,"pct_transporte":6,"pct_alojamiento":4,"pct_sin_educacion":3,"pct_educ_superior":69,"brecha_educ":-14,"pct_sin_seguro":13,"pct_sus":67,"pct_seguro_privado":1,"brecha_seguro":6,"pct_salud_publica":22,"pct_med_tradicional":11,"pct_automedicacion":24,"pct_remedios_caseros":23,"pct_viv_desocupada":0,"pct_alquiler":43,"pct_electricidad":100,"pct_sin_electricidad":0,"pct_agua_red":96,"pct_alcantarillado":88,"pct_camara_septica":2,"pct_pozo_ciego":0,"pct_sin_desague":8,"pct_gas_red":27,"pct_gas_garrafa":69,"pct_lena_guano":69,"pct_basura_formal":100,"pct_basura_quema":0,"pct_basura_informal":0,"pct_internet":92,"pct_celular":100,"pct_televisor":75}},{"type":"Feature","geometry":{"type":"Polygon","coordinates":[[[-66.58911,-18.42358],[-66.58897,-18.42312],[-66.58834,-18.42248],[-66.588,-18.42185],[-66.5879,-18.42188],[-66.58788,-18.42224],[-66.58776,-18.42238],[-66.58785,-18.42253],[-66.58777,-18.42273],[-66.58857,-18.42332],[-66.58834,-18.42355],[-66.58866,-18.42389],[-66.58911,-18.42358]]]},"properties":{"n":"LLALLAGUA","p":179,"personas_x_ha":146,"masculinidad":74,"pct_menor20":33,"pct_60mas":8,"pct_migrante":47,"dependencia_econ":97,"pct_empleados":27,"pct_cuentapropia":49,"pct_agricultura":7,"pct_comercio":33,"pct_manufactura":1,"pct_construccion":2,"pct_transporte":1,"pct_alojamiento":7,"pct_sin_educacion":2,"pct_educ_superior":74,"brecha_educ":-7,"pct_sin_seguro":20,"pct_sus":64,"pct_seguro_privado":0,"brecha_seguro":10,"pct_salud_publica":19,"pct_med_tradicional":11,"pct_automedicacion":20,"pct_remedios_caseros":23,"pct_viv_desocupada":3,"pct_alquiler":54,"pct_electricidad":99,"pct_sin_electricidad":0,"pct_agua_red":94,"pct_alcantarillado":89,"pct_camara_septica":4,"pct_pozo_ciego":0,"pct_sin_desague":0,"pct_gas_red":41,"pct_gas_garrafa":55,"pct_lena_guano":55,"pct_basura_formal":97,"pct_basura_quema":0,"pct_basura_informal":6,"pct_internet":85,"pct_celular":82,"pct_televisor":62}},{"type":"Feature","geometry":{"type":"Polygon","coordinates":[[[-66.56846,-18.43141],[-66.56815,-18.43099],[-66.56774,-18.43122],[-66.56747,-18.43175],[-66.56792,-18.432],[-66.56846,-18.43141]]]},"properties":{"n":"LLALLAGUA","p":28,"personas_x_ha":43,"masculinidad":100,"pct_menor20":29,"pct_60mas":4,"pct_migrante":71,"dependencia_econ":115,"pct_empleados":23,"pct_cuentapropia":62,"pct_agricultura":15,"pct_comercio":15,"pct_manufactura":8,"pct_construccion":8,"pct_transporte":23,"pct_alojamiento":8,"pct_sin_educacion":0,"pct_educ_superior":48,"brecha_educ":-2,"pct_sin_seguro":7,"pct_sus":79,"pct_seguro_privado":0,"brecha_seguro":14,"pct_salud_publica":13,"pct_med_tradicional":21,"pct_automedicacion":25,"pct_remedios_caseros":25,"pct_viv_desocupada":0,"pct_alquiler":10,"pct_electricidad":90,"pct_sin_electricidad":10,"pct_agua_red":90,"pct_alcantarillado":10,"pct_camara_septica":10,"pct_pozo_ciego":20,"pct_sin_desague":50,"pct_gas_red":0,"pct_gas_garrafa":100,"pct_lena_guano":100,"pct_basura_formal":90,"pct_basura_quema":10,"pct_basura_informal":0,"pct_internet":80,"pct_celular":100,"pct_televisor":90}},{"type":"Feature","geometry":{"type":"Polygon","coordinates":[[[-66.56963,-18.42424],[-66.57042,-18.42456],[-66.5705,-18.42441],[-66.57038,-18.42405],[-66.5698,-18.42384],[-66.56963,-18.42424]]]},"properties":{"n":"LLALLAGUA","p":58,"personas_x_ha":136,"masculinidad":61,"pct_menor20":36,"pct_60mas":5,"pct_migrante":47,"dependencia_econ":132,"pct_empleados":4,"pct_cuentapropia":56,"pct_agricultura":12,"pct_comercio":52,"pct_manufactura":4,"pct_construccion":8,"pct_transporte":4,"pct_alojamiento":8,"pct_sin_educacion":13,"pct_educ_superior":56,"brecha_educ":16,"pct_sin_seguro":12,"pct_sus":79,"pct_seguro_privado":2,"brecha_seguro":11,"pct_salud_publica":22,"pct_med_tradicional":12,"pct_automedicacion":23,"pct_remedios_caseros":29,"pct_viv_desocupada":4,"pct_alquiler":40,"pct_electricidad":96,"pct_sin_electricidad":4,"pct_agua_red":92,"pct_alcantarillado":96,"pct_camara_septica":0,"pct_pozo_ciego":0,"pct_sin_desague":4,"pct_gas_red":48,"pct_gas_garrafa":52,"pct_lena_guano":52,"pct_basura_formal":100,"pct_basura_quema":0,"pct_basura_informal":0,"pct_internet":92,"pct_celular":96,"pct_televisor":48}},{"type":"Feature","geometry":{"type":"Polygon","coordinates":[[[-66.5754,-18.42381],[-66.57659,-18.42367],[-66.57666,-18.42362],[-66.57626,-18.42335],[-66.57536,-18.42346],[-66.5754,-18.42381]]]},"properties":{"n":"LLALLAGUA","p":29,"personas_x_ha":62,"masculinidad":81,"pct_menor20":24,"pct_60mas":7,"pct_migrante":55,"dependencia_econ":93,"pct_empleados":40,"pct_cuentapropia":53,"pct_agricultura":0,"pct_comercio":27,"pct_manufactura":0,"pct_construccion":7,"pct_transporte":7,"pct_alojamiento":7,"pct_sin_educacion":9,"pct_educ_superior":65,"brecha_educ":-5,"pct_sin_seguro":34,"pct_sus":48,"pct_seguro_privado":0,"brecha_seguro":21,"pct_salud_publica":21,"pct_med_tradicional":8,"pct_automedicacion":19,"pct_remedios_caseros":25,"pct_viv_desocupada":19,"pct_alquiler":15,"pct_electricidad":100,"pct_sin_electricidad":0,"pct_agua_red":92,"pct_alcantarillado":85,"pct_camara_septica":0,"pct_pozo_ciego":8,"pct_sin_desague":0,"pct_gas_red":62,"pct_gas_garrafa":38,"pct_lena_guano":38,"pct_basura_formal":85,"pct_basura_quema":0,"pct_basura_informal":15,"pct_internet":85,"pct_celular":92,"pct_televisor":77}},{"type":"Feature","geometry":{"type":"Polygon","coordinates":[[[-66.58441,-18.42589],[-66.58492,-18.42529],[-66.58419,-18.4248],[-66.58409,-18.4249],[-66.58428,-18.42546],[-66.58433,-18.42544],[-66.58439,-18.42544],[-66.58428,-18.42546],[-66.58441,-18.42589]]]},"properties":{"n":"LLALLAGUA","p":115,"personas_x_ha":229,"masculinidad":95,"pct_menor20":37,"pct_60mas":8,"pct_migrante":37,"dependencia_econ":109,"pct_empleados":35,"pct_cuentapropia":55,"pct_agricultura":2,"pct_comercio":27,"pct_manufactura":5,"pct_construccion":0,"pct_transporte":11,"pct_alojamiento":15,"pct_sin_educacion":4,"pct_educ_superior":61,"brecha_educ":-13,"pct_sin_seguro":12,"pct_sus":65,"pct_seguro_privado":0,"brecha_seguro":15,"pct_salud_publica":25,"pct_med_tradicional":11,"pct_automedicacion":15,"pct_remedios_caseros":19,"pct_viv_desocupada":2,"pct_alquiler":27,"pct_electricidad":100,"pct_sin_electricidad":0,"pct_agua_red":96,"pct_alcantarillado":98,"pct_camara_septica":0,"pct_pozo_ciego":0,"pct_sin_desague":0,"pct_gas_red":33,"pct_gas_garrafa":67,"pct_lena_guano":67,"pct_basura_formal":100,"pct_basura_quema":0,"pct_basura_informal":0,"pct_internet":76,"pct_celular":82,"pct_televisor":82}},{"type":"Feature","geometry":{"type":"Polygon","coordinates":[[[-66.58147,-18.42371],[-66.58173,-18.42363],[-66.58214,-18.42324],[-66.58275,-18.42292],[-66.58226,-18.42242],[-66.58191,-18.42223],[-66.58217,-18.42228],[-66.5823,-18.42195],[-66.58187,-18.42195],[-66.58134,-18.42279],[-66.58109,-18.4229],[-66.58083,-18.42331],[-66.58147,-18.42371]]]},"properties":{"n":"LLALLAGUA","p":143,"personas_x_ha":75,"masculinidad":93,"pct_menor20":38,"pct_60mas":8,"pct_migrante":51,"dependencia_econ":133,"pct_empleados":44,"pct_cuentapropia":41,"pct_agricultura":0,"pct_comercio":18,"pct_manufactura":2,"pct_construccion":2,"pct_transporte":8,"pct_alojamiento":15,"pct_sin_educacion":0,"pct_educ_superior":73,"brecha_educ":0,"pct_sin_seguro":12,"pct_sus":52,"pct_seguro_privado":0,"brecha_seguro":16,"pct_salud_publica":20,"pct_med_tradicional":8,"pct_automedicacion":22,"pct_remedios_caseros":20,"pct_viv_desocupada":5,"pct_alquiler":30,"pct_electricidad":96,"pct_sin_electricidad":2,"pct_agua_red":98,"pct_alcantarillado":93,"pct_camara_septica":0,"pct_pozo_ciego":0,"pct_sin_desague":2,"pct_gas_red":41,"pct_gas_garrafa":57,"pct_lena_guano":57,"pct_basura_formal":98,"pct_basura_quema":0,"pct_basura_informal":0,"pct_internet":95,"pct_celular":98,"pct_televisor":79}},{"type":"Feature","geometry":{"type":"Polygon","coordinates":[[[-66.58342,-18.42993],[-66.58196,-18.43081],[-66.58208,-18.43109],[-66.5837,-18.43025],[-66.58342,-18.42993]]]},"properties":{"n":"LLALLAGUA","p":45,"personas_x_ha":61,"masculinidad":150,"pct_menor20":36,"pct_60mas":4,"pct_migrante":62,"dependencia_econ":88,"pct_empleados":29,"pct_cuentapropia":46,"pct_agricultura":17,"pct_comercio":21,"pct_manufactura":12,"pct_construccion":17,"pct_transporte":0,"pct_alojamiento":0,"pct_sin_educacion":3,"pct_educ_superior":31,"brecha_educ":12,"pct_sin_seguro":13,"pct_sus":56,"pct_seguro_privado":0,"brecha_seguro":22,"pct_salud_publica":22,"pct_med_tradicional":7,"pct_automedicacion":25,"pct_remedios_caseros":29,"pct_viv_desocupada":29,"pct_alquiler":5,"pct_electricidad":95,"pct_sin_electricidad":0,"pct_agua_red":0,"pct_alcantarillado":0,"pct_camara_septica":0,"pct_pozo_ciego":0,"pct_sin_desague":100,"pct_gas_red":0,"pct_gas_garrafa":100,"pct_lena_guano":100,"pct_basura_formal":26,"pct_basura_quema":68,"pct_basura_informal":0,"pct_internet":58,"pct_celular":79,"pct_televisor":68}},{"type":"Feature","geometry":{"type":"Polygon","coordinates":[[[-66.56465,-18.42617],[-66.56436,-18.42584],[-66.56378,-18.4263],[-66.56401,-18.4267],[-66.56465,-18.42617]]]},"properties":{"n":"LLALLAGUA","p":52,"personas_x_ha":125,"masculinidad":68,"pct_menor20":52,"pct_60mas":10,"pct_migrante":40,"dependencia_econ":247,"pct_empleados":20,"pct_cuentapropia":73,"pct_agricultura":33,"pct_comercio":7,"pct_manufactura":0,"pct_construccion":20,"pct_transporte":7,"pct_alojamiento":0,"pct_sin_educacion":15,"pct_educ_superior":23,"brecha_educ":-2,"pct_sin_seguro":0,"pct_sus":62,"pct_seguro_privado":0,"brecha_seguro":0,"pct_salud_publica":15,"pct_med_tradicional":14,"pct_automedicacion":21,"pct_remedios_caseros":24,"pct_viv_desocupada":0,"pct_alquiler":11,"pct_electricidad":89,"pct_sin_electricidad":11,"pct_agua_red":100,"pct_alcantarillado":5,"pct_camara_septica":0,"pct_pozo_ciego":16,"pct_sin_desague":74,"pct_gas_red":5,"pct_gas_garrafa":89,"pct_lena_guano":89,"pct_basura_formal":84,"pct_basura_quema":11,"pct_basura_informal":0,"pct_internet":68,"pct_celular":84,"pct_televisor":74}},{"type":"Feature","geometry":{"type":"Polygon","coordinates":[[[-66.57992,-18.43067],[-66.5798,-18.43053],[-66.57946,-18.43065],[-66.57919,-18.43085],[-66.57932,-18.43109],[-66.57984,-18.43088],[-66.57992,-18.43067]]]},"properties":{"n":"LLALLAGUA","p":32,"personas_x_ha":121,"masculinidad":60,"pct_menor20":59,"pct_60mas":6,"pct_migrante":56,"dependencia_econ":167,"pct_empleados":25,"pct_cuentapropia":67,"pct_agricultura":58,"pct_comercio":0,"pct_manufactura":8,"pct_construccion":17,"pct_transporte":0,"pct_alojamiento":0,"pct_sin_educacion":8,"pct_educ_superior":23,"brecha_educ":-18,"pct_sin_seguro":6,"pct_sus":94,"pct_seguro_privado":0,"brecha_seguro":3,"pct_salud_publica":26,"pct_med_tradicional":15,"pct_automedicacion":17,"pct_remedios_caseros":24,"pct_viv_desocupada":18,"pct_alquiler":0,"pct_electricidad":89,"pct_sin_electricidad":11,"pct_agua_red":0,"pct_alcantarillado":0,"pct_camara_septica":0,"pct_pozo_ciego":0,"pct_sin_desague":100,"pct_gas_red":0,"pct_gas_garrafa":89,"pct_lena_guano":89,"pct_basura_formal":11,"pct_basura_quema":89,"pct_basura_informal":0,"pct_internet":89,"pct_celular":89,"pct_televisor":67}},{"type":"Feature","geometry":{"type":"Polygon","coordinates":[[[-66.5731,-18.41665],[-66.57288,-18.41637],[-66.57261,-18.41659],[-66.57284,-18.41685],[-66.5731,-18.41665]]]},"properties":{"n":"LLALLAGUA","p":18,"personas_x_ha":129,"masculinidad":80,"pct_menor20":56,"pct_60mas":0,"pct_migrante":6,"dependencia_econ":157,"pct_empleados":0,"pct_cuentapropia":57,"pct_agricultura":100,"pct_comercio":0,"pct_manufactura":0,"pct_construccion":0,"pct_transporte":0,"pct_alojamiento":0,"pct_sin_educacion":0,"pct_educ_superior":12,"brecha_educ":27,"pct_sin_seguro":11,"pct_sus":89,"pct_seguro_privado":0,"brecha_seguro":25,"pct_salud_publica":23,"pct_med_tradicional":0,"pct_automedicacion":5,"pct_remedios_caseros":73,"pct_viv_desocupada":0,"pct_alquiler":0,"pct_electricidad":67,"pct_sin_electricidad":33,"pct_agua_red":0,"pct_alcantarillado":0,"pct_camara_septica":0,"pct_pozo_ciego":17,"pct_sin_desague":83,"pct_gas_red":0,"pct_gas_garrafa":100,"pct_lena_guano":100,"pct_basura_formal":17,"pct_basura_quema":67,"pct_basura_informal":0,"pct_internet":50,"pct_celular":67,"pct_televisor":33}},{"type":"Feature","geometry":{"type":"Polygon","coordinates":[[[-66.56543,-18.42266],[-66.56523,-18.4228],[-66.5652,-18.42308],[-66.56533,-18.42327],[-66.56572,-18.42301],[-66.56543,-18.42266]]]},"properties":{"n":"LLALLAGUA","p":22,"personas_x_ha":98,"masculinidad":83,"pct_menor20":45,"pct_60mas":0,"pct_migrante":45,"dependencia_econ":175,"pct_empleados":12,"pct_cuentapropia":38,"pct_agricultura":25,"pct_comercio":12,"pct_manufactura":25,"pct_construccion":12,"pct_transporte":0,"pct_alojamiento":0,"pct_sin_educacion":0,"pct_educ_superior":0,"brecha_educ":-17,"pct_sin_seguro":27,"pct_sus":55,"pct_seguro_privado":0,"brecha_seguro":5,"pct_salud_publica":22,"pct_med_tradicional":22,"pct_automedicacion":21,"pct_remedios_caseros":26,"pct_viv_desocupada":0,"pct_alquiler":11,"pct_electricidad":78,"pct_sin_electricidad":22,"pct_agua_red":56,"pct_alcantarillado":0,"pct_camara_septica":0,"pct_pozo_ciego":0,"pct_sin_desague":100,"pct_gas_red":44,"pct_gas_garrafa":56,"pct_lena_guano":56,"pct_basura_formal":22,"pct_basura_quema":56,"pct_basura_informal":0,"pct_internet":56,"pct_celular":89,"pct_televisor":67}},{"type":"Feature","geometry":{"type":"Polygon","coordinates":[[[-66.59064,-18.42631],[-66.59026,-18.42571],[-66.58989,-18.42603],[-66.59124,-18.42729],[-66.59131,-18.42723],[-66.59122,-18.42699],[-66.59064,-18.42631]]]},"properties":{"n":"LLALLAGUA","p":78,"personas_x_ha":123,"masculinidad":73,"pct_menor20":45,"pct_60mas":9,"pct_migrante":26,"dependencia_econ":144,"pct_empleados":28,"pct_cuentapropia":59,"pct_agricultura":3,"pct_comercio":28,"pct_manufactura":0,"pct_construccion":6,"pct_transporte":6,"pct_alojamiento":9,"pct_sin_educacion":11,"pct_educ_superior":40,"brecha_educ":-26,"pct_sin_seguro":23,"pct_sus":54,"pct_seguro_privado":0,"brecha_seguro":13,"pct_salud_publica":20,"pct_med_tradicional":7,"pct_automedicacion":22,"pct_remedios_caseros":25,"pct_viv_desocupada":4,"pct_alquiler":23,"pct_electricidad":100,"pct_sin_electricidad":0,"pct_agua_red":95,"pct_alcantarillado":95,"pct_camara_septica":0,"pct_pozo_ciego":0,"pct_sin_desague":0,"pct_gas_red":41,"pct_gas_garrafa":59,"pct_lena_guano":59,"pct_basura_formal":95,"pct_basura_quema":0,"pct_basura_informal":9,"pct_internet":77,"pct_celular":82,"pct_televisor":86}},{"type":"Feature","geometry":{"type":"Polygon","coordinates":[[[-66.5726,-18.41603],[-66.57231,-18.41626],[-66.57254,-18.41654],[-66.57283,-18.41631],[-66.5726,-18.41603]]]},"properties":{"n":"LLALLAGUA","p":15,"personas_x_ha":95,"masculinidad":200,"pct_menor20":47,"pct_60mas":0,"pct_migrante":0,"dependencia_econ":67,"pct_empleados":33,"pct_cuentapropia":44,"pct_agricultura":56,"pct_comercio":0,"pct_manufactura":0,"pct_construccion":22,"pct_transporte":0,"pct_alojamiento":11,"pct_sin_educacion":0,"pct_educ_superior":0,"brecha_educ":17,"pct_sin_seguro":13,"pct_sus":73,"pct_seguro_privado":0,"brecha_seguro":20,"pct_salud_publica":15,"pct_med_tradicional":10,"pct_automedicacion":29,"pct_remedios_caseros":37,"pct_viv_desocupada":0,"pct_alquiler":0,"pct_electricidad":75,"pct_sin_electricidad":25,"pct_agua_red":0,"pct_alcantarillado":0,"pct_camara_septica":0,"pct_pozo_ciego":0,"pct_sin_desague":100,"pct_gas_red":0,"pct_gas_garrafa":88,"pct_lena_guano":88,"pct_basura_formal":38,"pct_basura_quema":62,"pct_basura_informal":0,"pct_internet":50,"pct_celular":50,"pct_televisor":50}},{"type":"Feature","geometry":{"type":"Polygon","coordinates":[[[-66.56848,-18.4292],[-66.56845,-18.42893],[-66.56829,-18.42876],[-66.5675,-18.42942],[-66.5678,-18.42976],[-66.56848,-18.4292]]]},"properties":{"n":"LLALLAGUA","p":49,"personas_x_ha":92,"masculinidad":104,"pct_menor20":47,"pct_60mas":8,"pct_migrante":39,"dependencia_econ":200,"pct_empleados":25,"pct_cuentapropia":56,"pct_agricultura":12,"pct_comercio":12,"pct_manufactura":19,"pct_construccion":0,"pct_transporte":6,"pct_alojamiento":25,"pct_sin_educacion":8,"pct_educ_superior":36,"brecha_educ":-10,"pct_sin_seguro":17,"pct_sus":77,"pct_seguro_privado":0,"brecha_seguro":-17,"pct_salud_publica":18,"pct_med_tradicional":17,"pct_automedicacion":21,"pct_remedios_caseros":28,"pct_viv_desocupada":0,"pct_alquiler":29,"pct_electricidad":94,"pct_sin_electricidad":0,"pct_agua_red":82,"pct_alcantarillado":94,"pct_camara_septica":0,"pct_pozo_ciego":0,"pct_sin_desague":6,"pct_gas_red":41,"pct_gas_garrafa":59,"pct_lena_guano":59,"pct_basura_formal":94,"pct_basura_quema":6,"pct_basura_informal":0,"pct_internet":88,"pct_celular":94,"pct_televisor":76}},{"type":"Feature","geometry":{"type":"Polygon","coordinates":[[[-66.58394,-18.4265],[-66.58369,-18.42595],[-66.58327,-18.42613],[-66.5829,-18.4264],[-66.58337,-18.42713],[-66.58394,-18.4265]]]},"properties":{"n":"LLALLAGUA","p":127,"personas_x_ha":169,"masculinidad":87,"pct_menor20":36,"pct_60mas":6,"pct_migrante":46,"dependencia_econ":138,"pct_empleados":36,"pct_cuentapropia":40,"pct_agricultura":2,"pct_comercio":23,"pct_manufactura":8,"pct_construccion":6,"pct_transporte":13,"pct_alojamiento":8,"pct_sin_educacion":4,"pct_educ_superior":66,"brecha_educ":-12,"pct_sin_seguro":9,"pct_sus":74,"pct_seguro_privado":0,"brecha_seguro":13,"pct_salud_publica":22,"pct_med_tradicional":11,"pct_automedicacion":18,"pct_remedios_caseros":24,"pct_viv_desocupada":4,"pct_alquiler":41,"pct_electricidad":100,"pct_sin_electricidad":0,"pct_agua_red":88,"pct_alcantarillado":98,"pct_camara_septica":2,"pct_pozo_ciego":0,"pct_sin_desague":0,"pct_gas_red":29,"pct_gas_garrafa":71,"pct_lena_guano":71,"pct_basura_formal":98,"pct_basura_quema":2,"pct_basura_informal":0,"pct_internet":94,"pct_celular":92,"pct_televisor":71}},{"type":"Feature","geometry":{"type":"Polygon","coordinates":[[[-66.58683,-18.42984],[-66.5868,-18.42959],[-66.58627,-18.42945],[-66.58603,-18.4295],[-66.58616,-18.42972],[-66.58683,-18.42984]]]},"properties":{"n":"LLALLAGUA","p":24,"personas_x_ha":101,"masculinidad":50,"pct_menor20":58,"pct_60mas":8,"pct_migrante":50,"dependencia_econ":450,"pct_empleados":0,"pct_cuentapropia":75,"pct_agricultura":25,"pct_comercio":25,"pct_manufactura":25,"pct_construccion":25,"pct_transporte":0,"pct_alojamiento":0,"pct_sin_educacion":22,"pct_educ_superior":33,"brecha_educ":-17,"pct_sin_seguro":22,"pct_sus":56,"pct_seguro_privado":0,"brecha_seguro":25,"pct_salud_publica":27,"pct_med_tradicional":4,"pct_automedicacion":24,"pct_remedios_caseros":31,"pct_viv_desocupada":31,"pct_alquiler":0,"pct_electricidad":89,"pct_sin_electricidad":0,"pct_agua_red":0,"pct_alcantarillado":0,"pct_camara_septica":0,"pct_pozo_ciego":0,"pct_sin_desague":100,"pct_gas_red":0,"pct_gas_garrafa":100,"pct_lena_guano":100,"pct_basura_formal":0,"pct_basura_quema":100,"pct_basura_informal":0,"pct_internet":89,"pct_celular":89,"pct_televisor":78}},{"type":"Feature","geometry":{"type":"Polygon","coordinates":[[[-66.57703,-18.42571],[-66.57686,-18.4252],[-66.5762,-18.42538],[-66.57565,-18.42538],[-66.57574,-18.4259],[-66.57596,-18.42596],[-66.57636,-18.42595],[-66.57699,-18.42579],[-66.57703,-18.42571]]]},"properties":{"n":"LLALLAGUA","p":24,"personas_x_ha":27,"masculinidad":100,"pct_menor20":42,"pct_60mas":0,"pct_migrante":38,"dependencia_econ":140,"pct_empleados":20,"pct_cuentapropia":70,"pct_agricultura":0,"pct_comercio":50,"pct_manufactura":10,"pct_construccion":0,"pct_transporte":10,"pct_alojamiento":10,"pct_sin_educacion":0,"pct_educ_superior":67,"brecha_educ":-10,"pct_sin_seguro":12,"pct_sus":83,"pct_seguro_privado":0,"brecha_seguro":-8,"pct_salud_publica":22,"pct_med_tradicional":23,"pct_automedicacion":23,"pct_remedios_caseros":22,"pct_viv_desocupada":0,"pct_alquiler":22,"pct_electricidad":100,"pct_sin_electricidad":0,"pct_agua_red":56,"pct_alcantarillado":100,"pct_camara_septica":0,"pct_pozo_ciego":0,"pct_sin_desague":0,"pct_gas_red":67,"pct_gas_garrafa":33,"pct_lena_guano":33,"pct_basura_formal":100,"pct_basura_quema":0,"pct_basura_informal":0,"pct_internet":100,"pct_celular":100,"pct_televisor":67}},{"type":"Feature","geometry":{"type":"Polygon","coordinates":[[[-66.59107,-18.42893],[-66.59077,-18.42882],[-66.59071,-18.42925],[-66.59089,-18.42928],[-66.59107,-18.42893]]]},"properties":{"n":"LLALLAGUA","p":18,"personas_x_ha":145,"masculinidad":125,"pct_menor20":28,"pct_60mas":11,"pct_migrante":67,"dependencia_econ":200,"pct_empleados":17,"pct_cuentapropia":83,"pct_agricultura":17,"pct_comercio":50,"pct_manufactura":0,"pct_construccion":17,"pct_transporte":0,"pct_alojamiento":0,"pct_sin_educacion":15,"pct_educ_superior":31,"brecha_educ":-36,"pct_sin_seguro":17,"pct_sus":39,"pct_seguro_privado":0,"brecha_seguro":7,"pct_salud_publica":22,"pct_med_tradicional":0,"pct_automedicacion":37,"pct_remedios_caseros":35,"pct_viv_desocupada":0,"pct_alquiler":22,"pct_electricidad":100,"pct_sin_electricidad":0,"pct_agua_red":100,"pct_alcantarillado":89,"pct_camara_septica":0,"pct_pozo_ciego":0,"pct_sin_desague":11,"pct_gas_red":44,"pct_gas_garrafa":56,"pct_lena_guano":56,"pct_basura_formal":67,"pct_basura_quema":33,"pct_basura_informal":0,"pct_internet":100,"pct_celular":100,"pct_televisor":89}},{"type":"Feature","geometry":{"type":"Polygon","coordinates":[[[-66.57705,-18.42674],[-66.57644,-18.42682],[-66.57648,-18.427],[-66.57642,-18.42682],[-66.57397,-18.42729],[-66.57418,-18.42768],[-66.57633,-18.42719],[-66.57698,-18.42712],[-66.57705,-18.42674]]]},"properties":{"n":"LLALLAGUA","p":125,"personas_x_ha":91,"masculinidad":74,"pct_menor20":38,"pct_60mas":11,"pct_migrante":39,"dependencia_econ":119,"pct_empleados":40,"pct_cuentapropia":49,"pct_agricultura":9,"pct_comercio":33,"pct_manufactura":2,"pct_construccion":12,"pct_transporte":5,"pct_alojamiento":5,"pct_sin_educacion":9,"pct_educ_superior":54,"brecha_educ":-12,"pct_sin_seguro":11,"pct_sus":81,"pct_seguro_privado":0,"brecha_seguro":5,"pct_salud_publica":21,"pct_med_tradicional":10,"pct_automedicacion":25,"pct_remedios_caseros":25,"pct_viv_desocupada":3,"pct_alquiler":22,"pct_electricidad":98,"pct_sin_electricidad":2,"pct_agua_red":94,"pct_alcantarillado":94,"pct_camara_septica":0,"pct_pozo_ciego":0,"pct_sin_desague":6,"pct_gas_red":57,"pct_gas_garrafa":43,"pct_lena_guano":43,"pct_basura_formal":98,"pct_basura_quema":0,"pct_basura_informal":4,"pct_internet":69,"pct_celular":80,"pct_televisor":71}},{"type":"Feature","geometry":{"type":"Polygon","coordinates":[[[-66.58822,-18.42575],[-66.58769,-18.42526],[-66.58675,-18.42651],[-66.58681,-18.42672],[-66.58701,-18.42657],[-66.58709,-18.42666],[-66.58777,-18.42612],[-66.58774,-18.42609],[-66.58772,-18.42602],[-66.58751,-18.42594],[-66.58772,-18.42601],[-66.58778,-18.42611],[-66.58822,-18.42575]]]},"properties":{"n":"LLALLAGUA","p":172,"personas_x_ha":177,"masculinidad":67,"pct_menor20":37,"pct_60mas":7,"pct_migrante":42,"dependencia_econ":142,"pct_empleados":49,"pct_cuentapropia":34,"pct_agricultura":8,"pct_comercio":14,"pct_manufactura":4,"pct_construccion":4,"pct_transporte":7,"pct_alojamiento":11,"pct_sin_educacion":4,"pct_educ_superior":50,"brecha_educ":-12,"pct_sin_seguro":13,"pct_sus":74,"pct_seguro_privado":2,"brecha_seguro":-4,"pct_salud_publica":20,"pct_med_tradicional":13,"pct_automedicacion":20,"pct_remedios_caseros":22,"pct_viv_desocupada":3,"pct_alquiler":14,"pct_electricidad":100,"pct_sin_electricidad":0,"pct_agua_red":90,"pct_alcantarillado":96,"pct_camara_septica":0,"pct_pozo_ciego":0,"pct_sin_desague":2,"pct_gas_red":49,"pct_gas_garrafa":51,"pct_lena_guano":51,"pct_basura_formal":100,"pct_basura_quema":0,"pct_basura_informal":0,"pct_internet":80,"pct_celular":86,"pct_televisor":82}},{"type":"Feature","geometry":{"type":"Polygon","coordinates":[[[-66.59041,-18.42663],[-66.59023,-18.42682],[-66.59075,-18.42754],[-66.59105,-18.42726],[-66.59041,-18.42663]]]},"properties":{"n":"LLALLAGUA","p":77,"personas_x_ha":228,"masculinidad":88,"pct_menor20":36,"pct_60mas":5,"pct_migrante":26,"dependencia_econ":148,"pct_empleados":29,"pct_cuentapropia":48,"pct_agricultura":10,"pct_comercio":10,"pct_manufactura":10,"pct_construccion":6,"pct_transporte":16,"pct_alojamiento":13,"pct_sin_educacion":6,"pct_educ_superior":62,"brecha_educ":-14,"pct_sin_seguro":13,"pct_sus":65,"pct_seguro_privado":0,"brecha_seguro":7,"pct_salud_publica":40,"pct_med_tradicional":5,"pct_automedicacion":16,"pct_remedios_caseros":19,"pct_viv_desocupada":12,"pct_alquiler":21,"pct_electricidad":100,"pct_sin_electricidad":0,"pct_agua_red":96,"pct_alcantarillado":96,"pct_camara_septica":0,"pct_pozo_ciego":0,"pct_sin_desague":4,"pct_gas_red":38,"pct_gas_garrafa":62,"pct_lena_guano":62,"pct_basura_formal":100,"pct_basura_quema":0,"pct_basura_informal":0,"pct_internet":88,"pct_celular":92,"pct_televisor":88}},{"type":"Feature","geometry":{"type":"Polygon","coordinates":[[[-66.57547,-18.42488],[-66.57542,-18.42453],[-66.57431,-18.4247],[-66.57437,-18.42504],[-66.57547,-18.42488]]]},"properties":{"n":"LLALLAGUA","p":44,"personas_x_ha":93,"masculinidad":76,"pct_menor20":36,"pct_60mas":0,"pct_migrante":48,"dependencia_econ":79,"pct_empleados":38,"pct_cuentapropia":50,"pct_agricultura":0,"pct_comercio":21,"pct_manufactura":0,"pct_construccion":12,"pct_transporte":12,"pct_alojamiento":4,"pct_sin_educacion":0,"pct_educ_superior":74,"brecha_educ":1,"pct_sin_seguro":16,"pct_sus":58,"pct_seguro_privado":0,"brecha_seguro":-10,"pct_salud_publica":22,"pct_med_tradicional":12,"pct_automedicacion":17,"pct_remedios_caseros":24,"pct_viv_desocupada":0,"pct_alquiler":18,"pct_electricidad":100,"pct_sin_electricidad":0,"pct_agua_red":100,"pct_alcantarillado":100,"pct_camara_septica":0,"pct_pozo_ciego":0,"pct_sin_desague":0,"pct_gas_red":64,"pct_gas_garrafa":36,"pct_lena_guano":36,"pct_basura_formal":100,"pct_basura_quema":0,"pct_basura_informal":0,"pct_internet":73,"pct_celular":100,"pct_televisor":82}},{"type":"Feature","geometry":{"type":"Polygon","coordinates":[[[-66.58026,-18.42316],[-66.57995,-18.423],[-66.57934,-18.42401],[-66.57967,-18.42416],[-66.58026,-18.42316]]]},"properties":{"n":"LLALLAGUA","p":78,"personas_x_ha":154,"masculinidad":77,"pct_menor20":28,"pct_60mas":10,"pct_migrante":58,"dependencia_econ":111,"pct_empleados":35,"pct_cuentapropia":49,"pct_agricultura":19,"pct_comercio":24,"pct_manufactura":3,"pct_construccion":3,"pct_transporte":5,"pct_alojamiento":5,"pct_sin_educacion":0,"pct_educ_superior":63,"brecha_educ":-19,"pct_sin_seguro":4,"pct_sus":67,"pct_seguro_privado":0,"brecha_seguro":-1,"pct_salud_publica":19,"pct_med_tradicional":16,"pct_automedicacion":17,"pct_remedios_caseros":24,"pct_viv_desocupada":0,"pct_alquiler":50,"pct_electricidad":100,"pct_sin_electricidad":0,"pct_agua_red":84,"pct_alcantarillado":100,"pct_camara_septica":0,"pct_pozo_ciego":0,"pct_sin_desague":0,"pct_gas_red":25,"pct_gas_garrafa":75,"pct_lena_guano":75,"pct_basura_formal":100,"pct_basura_quema":0,"pct_basura_informal":0,"pct_internet":91,"pct_celular":94,"pct_televisor":72}},{"type":"Feature","geometry":{"type":"Polygon","coordinates":[[[-66.56447,-18.42433],[-66.56476,-18.42466],[-66.56513,-18.42438],[-66.56483,-18.42404],[-66.56447,-18.42433]]]},"properties":{"n":"LLALLAGUA","p":18,"personas_x_ha":73,"masculinidad":64,"pct_menor20":50,"pct_60mas":11,"pct_migrante":44,"dependencia_econ":260,"pct_empleados":40,"pct_cuentapropia":40,"pct_agricultura":40,"pct_comercio":20,"pct_manufactura":0,"pct_construccion":20,"pct_transporte":0,"pct_alojamiento":20,"pct_sin_educacion":11,"pct_educ_superior":11,"brecha_educ":-50,"pct_sin_seguro":17,"pct_sus":83,"pct_seguro_privado":0,"brecha_seguro":19,"pct_salud_publica":24,"pct_med_tradicional":8,"pct_automedicacion":16,"pct_remedios_caseros":24,"pct_viv_desocupada":0,"pct_alquiler":12,"pct_electricidad":75,"pct_sin_electricidad":25,"pct_agua_red":62,"pct_alcantarillado":0,"pct_camara_septica":0,"pct_pozo_ciego":0,"pct_sin_desague":100,"pct_gas_red":0,"pct_gas_garrafa":88,"pct_lena_guano":88,"pct_basura_formal":100,"pct_basura_quema":0,"pct_basura_informal":0,"pct_internet":25,"pct_celular":75,"pct_televisor":50}},{"type":"Feature","geometry":{"type":"Polygon","coordinates":[[[-66.56506,-18.42809],[-66.56463,-18.42844],[-66.56493,-18.42878],[-66.56538,-18.42842],[-66.56506,-18.42809]]]},"properties":{"n":"LLALLAGUA","p":34,"personas_x_ha":109,"masculinidad":100,"pct_menor20":56,"pct_60mas":6,"pct_migrante":32,"dependencia_econ":240,"pct_empleados":60,"pct_cuentapropia":20,"pct_agricultura":10,"pct_comercio":10,"pct_manufactura":20,"pct_construccion":30,"pct_transporte":0,"pct_alojamiento":30,"pct_sin_educacion":0,"pct_educ_superior":25,"brecha_educ":10,"pct_sin_seguro":0,"pct_sus":73,"pct_seguro_privado":0,"brecha_seguro":0,"pct_salud_publica":19,"pct_med_tradicional":25,"pct_automedicacion":24,"pct_remedios_caseros":26,"pct_viv_desocupada":0,"pct_alquiler":7,"pct_electricidad":86,"pct_sin_electricidad":14,"pct_agua_red":100,"pct_alcantarillado":7,"pct_camara_septica":0,"pct_pozo_ciego":14,"pct_sin_desague":79,"pct_gas_red":57,"pct_gas_garrafa":43,"pct_lena_guano":43,"pct_basura_formal":86,"pct_basura_quema":14,"pct_basura_informal":0,"pct_internet":93,"pct_celular":93,"pct_televisor":64}},{"type":"Feature","geometry":{"type":"Polygon","coordinates":[[[-66.58711,-18.42734],[-66.58874,-18.42709],[-66.58898,-18.42662],[-66.58845,-18.42618],[-66.58823,-18.42582],[-66.58682,-18.42692],[-66.58694,-18.4273],[-66.58711,-18.42734]]]},"properties":{"n":"LLALLAGUA","p":107,"personas_x_ha":51,"masculinidad":106,"pct_menor20":37,"pct_60mas":7,"pct_migrante":28,"dependencia_econ":139,"pct_empleados":36,"pct_cuentapropia":41,"pct_agricultura":5,"pct_comercio":16,"pct_manufactura":0,"pct_construccion":16,"pct_transporte":7,"pct_alojamiento":9,"pct_sin_educacion":6,"pct_educ_superior":48,"brecha_educ":-14,"pct_sin_seguro":8,"pct_sus":61,"pct_seguro_privado":0,"brecha_seguro":7,"pct_salud_publica":28,"pct_med_tradicional":5,"pct_automedicacion":19,"pct_remedios_caseros":31,"pct_viv_desocupada":9,"pct_alquiler":22,"pct_electricidad":100,"pct_sin_electricidad":0,"pct_agua_red":98,"pct_alcantarillado":76,"pct_camara_septica":5,"pct_pozo_ciego":0,"pct_sin_desague":5,"pct_gas_red":24,"pct_gas_garrafa":76,"pct_lena_guano":76,"pct_basura_formal":100,"pct_basura_quema":0,"pct_basura_informal":0,"pct_internet":83,"pct_celular":93,"pct_televisor":98}},{"type":"Feature","geometry":{"type":"Polygon","coordinates":[[[-66.57091,-18.42508],[-66.57105,-18.42539],[-66.57194,-18.42507],[-66.57181,-18.42476],[-66.57091,-18.42508]]]},"properties":{"n":"LLALLAGUA","p":25,"personas_x_ha":63,"masculinidad":56,"pct_menor20":48,"pct_60mas":4,"pct_migrante":36,"dependencia_econ":178,"pct_empleados":44,"pct_cuentapropia":33,"pct_agricultura":0,"pct_comercio":44,"pct_manufactura":11,"pct_construccion":0,"pct_transporte":0,"pct_alojamiento":11,"pct_sin_educacion":0,"pct_educ_superior":71,"brecha_educ":9,"pct_sin_seguro":20,"pct_sus":56,"pct_seguro_privado":0,"brecha_seguro":21,"pct_salud_publica":18,"pct_med_tradicional":14,"pct_automedicacion":20,"pct_remedios_caseros":32,"pct_viv_desocupada":14,"pct_alquiler":25,"pct_electricidad":100,"pct_sin_electricidad":0,"pct_agua_red":100,"pct_alcantarillado":100,"pct_camara_septica":0,"pct_pozo_ciego":0,"pct_sin_desague":0,"pct_gas_red":38,"pct_gas_garrafa":62,"pct_lena_guano":62,"pct_basura_formal":100,"pct_basura_quema":0,"pct_basura_informal":0,"pct_internet":100,"pct_celular":100,"pct_televisor":62}},{"type":"Feature","geometry":{"type":"Polygon","coordinates":[[[-66.57535,-18.42419],[-66.57427,-18.42435],[-66.57429,-18.4246],[-66.5754,-18.42445],[-66.57535,-18.42419]]]},"properties":{"n":"LLALLAGUA","p":23,"personas_x_ha":66,"masculinidad":77,"pct_menor20":30,"pct_60mas":17,"pct_migrante":13,"dependencia_econ":92,"pct_empleados":25,"pct_cuentapropia":58,"pct_agricultura":0,"pct_comercio":33,"pct_manufactura":8,"pct_construccion":0,"pct_transporte":8,"pct_alojamiento":0,"pct_sin_educacion":0,"pct_educ_superior":69,"brecha_educ":0,"pct_sin_seguro":22,"pct_sus":48,"pct_seguro_privado":0,"brecha_seguro":-3,"pct_salud_publica":18,"pct_med_tradicional":21,"pct_automedicacion":15,"pct_remedios_caseros":25,"pct_viv_desocupada":8,"pct_alquiler":27,"pct_electricidad":100,"pct_sin_electricidad":0,"pct_agua_red":100,"pct_alcantarillado":100,"pct_camara_septica":0,"pct_pozo_ciego":0,"pct_sin_desague":0,"pct_gas_red":45,"pct_gas_garrafa":55,"pct_lena_guano":55,"pct_basura_formal":100,"pct_basura_quema":0,"pct_basura_informal":0,"pct_internet":82,"pct_celular":82,"pct_televisor":73}},{"type":"Feature","geometry":{"type":"Polygon","coordinates":[[[-66.58632,-18.42294],[-66.58576,-18.42234],[-66.58544,-18.42262],[-66.58601,-18.42316],[-66.58632,-18.42294]]]},"properties":{"n":"LLALLAGUA","p":97,"personas_x_ha":243,"masculinidad":67,"pct_menor20":36,"pct_60mas":11,"pct_migrante":35,"dependencia_econ":67,"pct_empleados":21,"pct_cuentapropia":52,"pct_agricultura":0,"pct_comercio":45,"pct_manufactura":3,"pct_construccion":0,"pct_transporte":3,"pct_alojamiento":16,"pct_sin_educacion":0,"pct_educ_superior":77,"brecha_educ":-1,"pct_sin_seguro":18,"pct_sus":48,"pct_seguro_privado":0,"brecha_seguro":0,"pct_salud_publica":20,"pct_med_tradicional":7,"pct_automedicacion":17,"pct_remedios_caseros":24,"pct_viv_desocupada":9,"pct_alquiler":17,"pct_electricidad":100,"pct_sin_electricidad":0,"pct_agua_red":100,"pct_alcantarillado":100,"pct_camara_septica":0,"pct_pozo_ciego":0,"pct_sin_desague":0,"pct_gas_red":45,"pct_gas_garrafa":55,"pct_lena_guano":55,"pct_basura_formal":100,"pct_basura_quema":0,"pct_basura_informal":0,"pct_internet":93,"pct_celular":97,"pct_televisor":100}},{"type":"Feature","geometry":{"type":"Polygon","coordinates":[[[-66.57433,-18.42548],[-66.57428,-18.42514],[-66.57317,-18.4253],[-66.57322,-18.42565],[-66.57433,-18.42548]]]},"properties":{"n":"LLALLAGUA","p":44,"personas_x_ha":94,"masculinidad":52,"pct_menor20":41,"pct_60mas":2,"pct_migrante":41,"dependencia_econ":132,"pct_empleados":26,"pct_cuentapropia":53,"pct_agricultura":16,"pct_comercio":21,"pct_manufactura":5,"pct_construccion":5,"pct_transporte":5,"pct_alojamiento":21,"pct_sin_educacion":4,"pct_educ_superior":67,"brecha_educ":-17,"pct_sin_seguro":9,"pct_sus":80,"pct_seguro_privado":0,"brecha_seguro":6,"pct_salud_publica":15,"pct_med_tradicional":5,"pct_automedicacion":25,"pct_remedios_caseros":28,"pct_viv_desocupada":18,"pct_alquiler":17,"pct_electricidad":100,"pct_sin_electricidad":0,"pct_agua_red":94,"pct_alcantarillado":100,"pct_camara_septica":0,"pct_pozo_ciego":0,"pct_sin_desague":0,"pct_gas_red":56,"pct_gas_garrafa":39,"pct_lena_guano":39,"pct_basura_formal":100,"pct_basura_quema":0,"pct_basura_informal":0,"pct_internet":89,"pct_celular":94,"pct_televisor":78}},{"type":"Feature","geometry":{"type":"Polygon","coordinates":[[[-66.56286,-18.42276],[-66.56246,-18.42312],[-66.56263,-18.42356],[-66.56295,-18.42331],[-66.56298,-18.42287],[-66.56286,-18.42276]]]},"properties":{"n":"LLALLAGUA","p":23,"personas_x_ha":80,"masculinidad":44,"pct_menor20":57,"pct_60mas":0,"pct_migrante":61,"dependencia_econ":130,"pct_empleados":10,"pct_cuentapropia":70,"pct_agricultura":60,"pct_comercio":0,"pct_manufactura":0,"pct_construccion":10,"pct_transporte":10,"pct_alojamiento":10,"pct_sin_educacion":10,"pct_educ_superior":10,"brecha_educ":0,"pct_sin_seguro":9,"pct_sus":91,"pct_seguro_privado":0,"brecha_seguro":29,"pct_salud_publica":22,"pct_med_tradicional":9,"pct_automedicacion":40,"pct_remedios_caseros":22,"pct_viv_desocupada":0,"pct_alquiler":10,"pct_electricidad":60,"pct_sin_electricidad":40,"pct_agua_red":80,"pct_alcantarillado":0,"pct_camara_septica":0,"pct_pozo_ciego":0,"pct_sin_desague":100,"pct_gas_red":0,"pct_gas_garrafa":90,"pct_lena_guano":90,"pct_basura_formal":20,"pct_basura_quema":50,"pct_basura_informal":0,"pct_internet":100,"pct_celular":100,"pct_televisor":60}},{"type":"Feature","geometry":{"type":"Polygon","coordinates":[[[-66.59064,-18.42982],[-66.59057,-18.43018],[-66.59086,-18.43034],[-66.59101,-18.43004],[-66.59064,-18.42982]]]},"properties":{"n":"LLALLAGUA","p":15,"personas_x_ha":93,"masculinidad":25,"pct_menor20":33,"pct_60mas":13,"pct_migrante":7,"dependencia_econ":67,"pct_empleados":0,"pct_cuentapropia":100,"pct_agricultura":11,"pct_comercio":22,"pct_manufactura":11,"pct_construccion":33,"pct_transporte":0,"pct_alojamiento":0,"pct_sin_educacion":18,"pct_educ_superior":27,"brecha_educ":-4,"pct_sin_seguro":7,"pct_sus":73,"pct_seguro_privado":7,"brecha_seguro":33,"pct_salud_publica":23,"pct_med_tradicional":11,"pct_automedicacion":14,"pct_remedios_caseros":37,"pct_viv_desocupada":0,"pct_alquiler":0,"pct_electricidad":80,"pct_sin_electricidad":20,"pct_agua_red":100,"pct_alcantarillado":10,"pct_camara_septica":0,"pct_pozo_ciego":0,"pct_sin_desague":90,"pct_gas_red":10,"pct_gas_garrafa":90,"pct_lena_guano":90,"pct_basura_formal":40,"pct_basura_quema":60,"pct_basura_informal":0,"pct_internet":80,"pct_celular":100,"pct_televisor":70}},{"type":"Feature","geometry":{"type":"Polygon","coordinates":[[[-66.56939,-18.42057],[-66.56958,-18.42055],[-66.56906,-18.41903],[-66.56893,-18.41924],[-66.56939,-18.42057]]]},"properties":{"n":"LLALLAGUA","p":19,"personas_x_ha":60,"masculinidad":138,"pct_menor20":42,"pct_60mas":5,"pct_migrante":47,"dependencia_econ":90,"pct_empleados":20,"pct_cuentapropia":30,"pct_agricultura":10,"pct_comercio":10,"pct_manufactura":10,"pct_construccion":0,"pct_transporte":30,"pct_alojamiento":0,"pct_sin_educacion":9,"pct_educ_superior":64,"brecha_educ":-11,"pct_sin_seguro":5,"pct_sus":74,"pct_seguro_privado":11,"brecha_seguro":9,"pct_salud_publica":23,"pct_med_tradicional":11,"pct_automedicacion":17,"pct_remedios_caseros":28,"pct_viv_desocupada":0,"pct_alquiler":14,"pct_electricidad":86,"pct_sin_electricidad":14,"pct_agua_red":71,"pct_alcantarillado":86,"pct_camara_septica":0,"pct_pozo_ciego":0,"pct_sin_desague":14,"pct_gas_red":0,"pct_gas_garrafa":100,"pct_lena_guano":100,"pct_basura_formal":100,"pct_basura_quema":0,"pct_basura_informal":0,"pct_internet":100,"pct_celular":100,"pct_televisor":86}},{"type":"Feature","geometry":{"type":"Polygon","coordinates":[[[-66.57322,-18.41923],[-66.57298,-18.41896],[-66.57262,-18.41924],[-66.57285,-18.41951],[-66.57322,-18.41923]]]},"properties":{"n":"LLALLAGUA","p":19,"personas_x_ha":96,"masculinidad":138,"pct_menor20":37,"pct_60mas":0,"pct_migrante":16,"dependencia_econ":100,"pct_empleados":22,"pct_cuentapropia":44,"pct_agricultura":56,"pct_comercio":11,"pct_manufactura":0,"pct_construccion":33,"pct_transporte":0,"pct_alojamiento":0,"pct_sin_educacion":8,"pct_educ_superior":8,"brecha_educ":-9,"pct_sin_seguro":11,"pct_sus":89,"pct_seguro_privado":0,"brecha_seguro":20,"pct_salud_publica":13,"pct_med_tradicional":16,"pct_automedicacion":16,"pct_remedios_caseros":24,"pct_viv_desocupada":0,"pct_alquiler":0,"pct_electricidad":80,"pct_sin_electricidad":20,"pct_agua_red":20,"pct_alcantarillado":0,"pct_camara_septica":0,"pct_pozo_ciego":0,"pct_sin_desague":100,"pct_gas_red":0,"pct_gas_garrafa":100,"pct_lena_guano":100,"pct_basura_formal":80,"pct_basura_quema":10,"pct_basura_informal":0,"pct_internet":70,"pct_celular":80,"pct_televisor":80}},{"type":"Feature","geometry":{"type":"Polygon","coordinates":[[[-66.58563,-18.42584],[-66.585,-18.42535],[-66.58447,-18.42598],[-66.58472,-18.42694],[-66.58563,-18.42584]]]},"properties":{"n":"LLALLAGUA","p":187,"personas_x_ha":170,"masculinidad":82,"pct_menor20":36,"pct_60mas":8,"pct_migrante":44,"dependencia_econ":126,"pct_empleados":54,"pct_cuentapropia":33,"pct_agricultura":1,"pct_comercio":21,"pct_manufactura":6,"pct_construccion":7,"pct_transporte":6,"pct_alojamiento":6,"pct_sin_educacion":2,"pct_educ_superior":68,"brecha_educ":-8,"pct_sin_seguro":11,"pct_sus":64,"pct_seguro_privado":1,"brecha_seguro":4,"pct_salud_publica":21,"pct_med_tradicional":12,"pct_automedicacion":21,"pct_remedios_caseros":24,"pct_viv_desocupada":7,"pct_alquiler":42,"pct_electricidad":100,"pct_sin_electricidad":0,"pct_agua_red":100,"pct_alcantarillado":100,"pct_camara_septica":0,"pct_pozo_ciego":0,"pct_sin_desague":0,"pct_gas_red":27,"pct_gas_garrafa":69,"pct_lena_guano":69,"pct_basura_formal":100,"pct_basura_quema":0,"pct_basura_informal":0,"pct_internet":83,"pct_celular":96,"pct_televisor":65}},{"type":"Feature","geometry":{"type":"Polygon","coordinates":[[[-66.58598,-18.4249],[-66.58602,-18.4245],[-66.58606,-18.42443],[-66.58599,-18.42439],[-66.58604,-18.42429],[-66.58589,-18.42422],[-66.58566,-18.42451],[-66.58581,-18.42467],[-66.58582,-18.4247],[-66.58574,-18.42475],[-66.58574,-18.42492],[-66.58579,-18.42501],[-66.5859,-18.42497],[-66.58579,-18.42502],[-66.58573,-18.42492],[-66.58573,-18.42475],[-66.58581,-18.4247],[-66.58565,-18.42452],[-66.58506,-18.42529],[-66.58567,-18.42573],[-66.58668,-18.42467],[-66.58606,-18.4243],[-66.586,-18.42438],[-66.58607,-18.42443],[-66.58607,-18.42461],[-66.58598,-18.4249]]]},"properties":{"n":"LLALLAGUA","p":295,"personas_x_ha":215,"masculinidad":75,"pct_menor20":32,"pct_60mas":8,"pct_migrante":48,"dependencia_econ":119,"pct_empleados":43,"pct_cuentapropia":45,"pct_agricultura":1,"pct_comercio":31,"pct_manufactura":7,"pct_construccion":7,"pct_transporte":3,"pct_alojamiento":6,"pct_sin_educacion":2,"pct_educ_superior":70,"brecha_educ":-4,"pct_sin_seguro":17,"pct_sus":55,"pct_seguro_privado":1,"brecha_seguro":6,"pct_salud_publica":21,"pct_med_tradicional":9,"pct_automedicacion":20,"pct_remedios_caseros":24,"pct_viv_desocupada":6,"pct_alquiler":39,"pct_electricidad":99,"pct_sin_electricidad":0,"pct_agua_red":98,"pct_alcantarillado":89,"pct_camara_septica":1,"pct_pozo_ciego":0,"pct_sin_desague":3,"pct_gas_red":25,"pct_gas_garrafa":73,"pct_lena_guano":73,"pct_basura_formal":100,"pct_basura_quema":0,"pct_basura_informal":0,"pct_internet":95,"pct_celular":97,"pct_televisor":85}},{"type":"Feature","geometry":{"type":"Polygon","coordinates":[[[-66.56715,-18.42737],[-66.56711,-18.42731],[-66.567,-18.42739],[-66.5669,-18.42728],[-66.56613,-18.42793],[-66.56628,-18.42809],[-66.56715,-18.42737]]]},"properties":{"n":"LLALLAGUA","p":19,"personas_x_ha":69,"masculinidad":58,"pct_menor20":53,"pct_60mas":5,"pct_migrante":74,"dependencia_econ":217,"pct_empleados":33,"pct_cuentapropia":50,"pct_agricultura":33,"pct_comercio":17,"pct_manufactura":0,"pct_construccion":0,"pct_transporte":0,"pct_alojamiento":0,"pct_sin_educacion":0,"pct_educ_superior":42,"brecha_educ":-29,"pct_sin_seguro":11,"pct_sus":89,"pct_seguro_privado":0,"brecha_seguro":29,"pct_salud_publica":19,"pct_med_tradicional":2,"pct_automedicacion":26,"pct_remedios_caseros":31,"pct_viv_desocupada":0,"pct_alquiler":0,"pct_electricidad":100,"pct_sin_electricidad":0,"pct_agua_red":100,"pct_alcantarillado":75,"pct_camara_septica":0,"pct_pozo_ciego":0,"pct_sin_desague":25,"pct_gas_red":50,"pct_gas_garrafa":50,"pct_lena_guano":50,"pct_basura_formal":100,"pct_basura_quema":0,"pct_basura_informal":0,"pct_internet":100,"pct_celular":100,"pct_televisor":88}},{"type":"Feature","geometry":{"type":"Polygon","coordinates":[[[-66.58468,-18.42705],[-66.58441,-18.42619],[-66.58439,-18.42618],[-66.58404,-18.42654],[-66.58437,-18.42731],[-66.58468,-18.42705]]]},"properties":{"n":"LLALLAGUA","p":123,"personas_x_ha":278,"masculinidad":98,"pct_menor20":34,"pct_60mas":6,"pct_migrante":42,"dependencia_econ":122,"pct_empleados":36,"pct_cuentapropia":55,"pct_agricultura":0,"pct_comercio":24,"pct_manufactura":7,"pct_construccion":2,"pct_transporte":16,"pct_alojamiento":11,"pct_sin_educacion":1,"pct_educ_superior":68,"brecha_educ":-10,"pct_sin_seguro":8,"pct_sus":76,"pct_seguro_privado":2,"brecha_seguro":7,"pct_salud_publica":22,"pct_med_tradicional":10,"pct_automedicacion":21,"pct_remedios_caseros":22,"pct_viv_desocupada":0,"pct_alquiler":33,"pct_electricidad":100,"pct_sin_electricidad":0,"pct_agua_red":98,"pct_alcantarillado":90,"pct_camara_septica":6,"pct_pozo_ciego":2,"pct_sin_desague":0,"pct_gas_red":44,"pct_gas_garrafa":56,"pct_lena_guano":56,"pct_basura_formal":100,"pct_basura_quema":0,"pct_basura_informal":0,"pct_internet":87,"pct_celular":94,"pct_televisor":85}},{"type":"Feature","geometry":{"type":"Polygon","coordinates":[[[-66.58202,-18.42403],[-66.58223,-18.4239],[-66.58237,-18.42408],[-66.58258,-18.42397],[-66.58278,-18.42439],[-66.58349,-18.42419],[-66.5829,-18.42335],[-66.58217,-18.42344],[-66.58175,-18.42371],[-66.58202,-18.42403]]]},"properties":{"n":"LLALLAGUA","p":179,"personas_x_ha":163,"masculinidad":124,"pct_menor20":23,"pct_60mas":10,"pct_migrante":68,"dependencia_econ":69,"pct_empleados":35,"pct_cuentapropia":44,"pct_agricultura":11,"pct_comercio":22,"pct_manufactura":7,"pct_construccion":3,"pct_transporte":2,"pct_alojamiento":3,"pct_sin_educacion":3,"pct_educ_superior":50,"brecha_educ":-5,"pct_sin_seguro":26,"pct_sus":58,"pct_seguro_privado":3,"brecha_seguro":14,"pct_salud_publica":29,"pct_med_tradicional":6,"pct_automedicacion":20,"pct_remedios_caseros":19,"pct_viv_desocupada":0,"pct_alquiler":62,"pct_electricidad":98,"pct_sin_electricidad":1,"pct_agua_red":89,"pct_alcantarillado":97,"pct_camara_septica":1,"pct_pozo_ciego":0,"pct_sin_desague":2,"pct_gas_red":30,"pct_gas_garrafa":57,"pct_lena_guano":57,"pct_basura_formal":100,"pct_basura_quema":0,"pct_basura_informal":0,"pct_internet":84,"pct_celular":90,"pct_televisor":58}},{"type":"Feature","geometry":{"type":"Polygon","coordinates":[[[-66.57537,-18.43015],[-66.5753,-18.42975],[-66.57498,-18.42931],[-66.5745,-18.42937],[-66.5747,-18.43016],[-66.57537,-18.43015]]]},"properties":{"n":"LLALLAGUA","p":31,"personas_x_ha":48,"masculinidad":63,"pct_menor20":32,"pct_60mas":0,"pct_migrante":55,"dependencia_econ":63,"pct_empleados":26,"pct_cuentapropia":26,"pct_agricultura":16,"pct_comercio":0,"pct_manufactura":11,"pct_construccion":0,"pct_transporte":5,"pct_alojamiento":16,"pct_sin_educacion":0,"pct_educ_superior":48,"brecha_educ":-18,"pct_sin_seguro":7,"pct_sus":60,"pct_seguro_privado":3,"brecha_seguro":17,"pct_salud_publica":20,"pct_med_tradicional":13,"pct_automedicacion":21,"pct_remedios_caseros":18,"pct_viv_desocupada":0,"pct_alquiler":17,"pct_electricidad":75,"pct_sin_electricidad":25,"pct_agua_red":58,"pct_alcantarillado":58,"pct_camara_septica":0,"pct_pozo_ciego":0,"pct_sin_desague":42,"pct_gas_red":25,"pct_gas_garrafa":58,"pct_lena_guano":58,"pct_basura_formal":83,"pct_basura_quema":17,"pct_basura_informal":0,"pct_internet":83,"pct_celular":100,"pct_televisor":67}},{"type":"Feature","geometry":{"type":"Polygon","coordinates":[[[-66.5824,-18.42481],[-66.58249,-18.425],[-66.58236,-18.42475],[-66.58234,-18.42461],[-66.58212,-18.4247],[-66.58291,-18.42584],[-66.58332,-18.42549],[-66.58284,-18.42485],[-66.58334,-18.42547],[-66.58366,-18.42517],[-66.58344,-18.42492],[-66.58367,-18.42516],[-66.584,-18.4249],[-66.58378,-18.42456],[-66.5837,-18.42461],[-66.58377,-18.42455],[-66.58371,-18.42446],[-66.58358,-18.42453],[-66.58371,-18.42445],[-66.58359,-18.42443],[-66.58366,-18.42439],[-66.58354,-18.42425],[-66.58235,-18.4246],[-66.5824,-18.42481],[-66.58253,-18.42477],[-66.5824,-18.42481]]]},"properties":{"n":"LLALLAGUA","p":287,"personas_x_ha":158,"masculinidad":77,"pct_menor20":28,"pct_60mas":12,"pct_migrante":48,"dependencia_econ":116,"pct_empleados":30,"pct_cuentapropia":52,"pct_agricultura":11,"pct_comercio":21,"pct_manufactura":6,"pct_construccion":3,"pct_transporte":4,"pct_alojamiento":4,"pct_sin_educacion":4,"pct_educ_superior":65,"brecha_educ":-9,"pct_sin_seguro":20,"pct_sus":61,"pct_seguro_privado":2,"brecha_seguro":6,"pct_salud_publica":20,"pct_med_tradicional":13,"pct_automedicacion":19,"pct_remedios_caseros":24,"pct_viv_desocupada":1,"pct_alquiler":39,"pct_electricidad":100,"pct_sin_electricidad":0,"pct_agua_red":100,"pct_alcantarillado":85,"pct_camara_septica":1,"pct_pozo_ciego":0,"pct_sin_desague":0,"pct_gas_red":46,"pct_gas_garrafa":53,"pct_lena_guano":53,"pct_basura_formal":100,"pct_basura_quema":0,"pct_basura_informal":0,"pct_internet":77,"pct_celular":89,"pct_televisor":71}},{"type":"Feature","geometry":{"type":"Polygon","coordinates":[[[-66.57009,-18.43019],[-66.56963,-18.43061],[-66.56977,-18.43088],[-66.56998,-18.43119],[-66.57041,-18.43153],[-66.57091,-18.43082],[-66.5716,-18.43042],[-66.57127,-18.42981],[-66.57009,-18.43019]]]},"properties":{"n":"LLALLAGUA","p":36,"personas_x_ha":18,"masculinidad":89,"pct_menor20":44,"pct_60mas":8,"pct_migrante":44,"dependencia_econ":157,"pct_empleados":29,"pct_cuentapropia":57,"pct_agricultura":21,"pct_comercio":21,"pct_manufactura":14,"pct_construccion":14,"pct_transporte":0,"pct_alojamiento":7,"pct_sin_educacion":20,"pct_educ_superior":20,"brecha_educ":-40,"pct_sin_seguro":32,"pct_sus":62,"pct_seguro_privado":0,"brecha_seguro":22,"pct_salud_publica":20,"pct_med_tradicional":10,"pct_automedicacion":21,"pct_remedios_caseros":33,"pct_viv_desocupada":36,"pct_alquiler":7,"pct_electricidad":93,"pct_sin_electricidad":7,"pct_agua_red":86,"pct_alcantarillado":57,"pct_camara_septica":0,"pct_pozo_ciego":0,"pct_sin_desague":43,"pct_gas_red":36,"pct_gas_garrafa":57,"pct_lena_guano":57,"pct_basura_formal":79,"pct_basura_quema":21,"pct_basura_informal":0,"pct_internet":64,"pct_celular":86,"pct_televisor":57}},{"type":"Feature","geometry":{"type":"Polygon","coordinates":[[[-66.57172,-18.42886],[-66.57234,-18.42878],[-66.57238,-18.42857],[-66.57221,-18.42856],[-66.57199,-18.42745],[-66.57126,-18.42761],[-66.57172,-18.42886]]]},"properties":{"n":"LLALLAGUA","p":39,"personas_x_ha":38,"masculinidad":77,"pct_menor20":41,"pct_60mas":3,"pct_migrante":46,"dependencia_econ":144,"pct_empleados":38,"pct_cuentapropia":38,"pct_agricultura":12,"pct_comercio":50,"pct_manufactura":6,"pct_construccion":0,"pct_transporte":0,"pct_alojamiento":0,"pct_sin_educacion":9,"pct_educ_superior":61,"brecha_educ":-31,"pct_sin_seguro":10,"pct_sus":62,"pct_seguro_privado":0,"brecha_seguro":3,"pct_salud_publica":22,"pct_med_tradicional":21,"pct_automedicacion":22,"pct_remedios_caseros":23,"pct_viv_desocupada":0,"pct_alquiler":17,"pct_electricidad":100,"pct_sin_electricidad":0,"pct_agua_red":100,"pct_alcantarillado":67,"pct_camara_septica":0,"pct_pozo_ciego":0,"pct_sin_desague":33,"pct_gas_red":50,"pct_gas_garrafa":50,"pct_lena_guano":50,"pct_basura_formal":100,"pct_basura_quema":0,"pct_basura_informal":0,"pct_internet":92,"pct_celular":100,"pct_televisor":92}},{"type":"Feature","geometry":{"type":"Polygon","coordinates":[[[-66.56738,-18.42954],[-66.56671,-18.43008],[-66.567,-18.43041],[-66.56768,-18.42988],[-66.56738,-18.42954]]]},"properties":{"n":"LLALLAGUA","p":22,"personas_x_ha":47,"masculinidad":120,"pct_menor20":50,"pct_60mas":14,"pct_migrante":36,"dependencia_econ":144,"pct_empleados":11,"pct_cuentapropia":78,"pct_agricultura":44,"pct_comercio":33,"pct_manufactura":0,"pct_construccion":11,"pct_transporte":0,"pct_alojamiento":0,"pct_sin_educacion":27,"pct_educ_superior":18,"brecha_educ":-47,"pct_sin_seguro":27,"pct_sus":45,"pct_seguro_privado":0,"brecha_seguro":-5,"pct_salud_publica":25,"pct_med_tradicional":12,"pct_automedicacion":25,"pct_remedios_caseros":25,"pct_viv_desocupada":19,"pct_alquiler":33,"pct_electricidad":100,"pct_sin_electricidad":0,"pct_agua_red":100,"pct_alcantarillado":100,"pct_camara_septica":0,"pct_pozo_ciego":0,"pct_sin_desague":0,"pct_gas_red":33,"pct_gas_garrafa":56,"pct_lena_guano":56,"pct_basura_formal":100,"pct_basura_quema":0,"pct_basura_informal":0,"pct_internet":56,"pct_celular":89,"pct_televisor":67}},{"type":"Feature","geometry":{"type":"Polygon","coordinates":[[[-66.57302,-18.4287],[-66.57325,-18.4292],[-66.5745,-18.42855],[-66.57429,-18.42819],[-66.57347,-18.42846],[-66.57302,-18.4287]]]},"properties":{"n":"LLALLAGUA","p":50,"personas_x_ha":59,"masculinidad":85,"pct_menor20":50,"pct_60mas":12,"pct_migrante":52,"dependencia_econ":257,"pct_empleados":14,"pct_cuentapropia":43,"pct_agricultura":36,"pct_comercio":7,"pct_manufactura":0,"pct_construccion":7,"pct_transporte":7,"pct_alojamiento":7,"pct_sin_educacion":32,"pct_educ_superior":40,"brecha_educ":-10,"pct_sin_seguro":38,"pct_sus":42,"pct_seguro_privado":2,"brecha_seguro":-6,"pct_salud_publica":23,"pct_med_tradicional":17,"pct_automedicacion":23,"pct_remedios_caseros":24,"pct_viv_desocupada":6,"pct_alquiler":29,"pct_electricidad":100,"pct_sin_electricidad":0,"pct_agua_red":93,"pct_alcantarillado":100,"pct_camara_septica":0,"pct_pozo_ciego":0,"pct_sin_desague":0,"pct_gas_red":57,"pct_gas_garrafa":43,"pct_lena_guano":43,"pct_basura_formal":100,"pct_basura_quema":0,"pct_basura_informal":0,"pct_internet":79,"pct_celular":93,"pct_televisor":86}},{"type":"Feature","geometry":{"type":"Polygon","coordinates":[[[-66.57541,-18.4285],[-66.57627,-18.42812],[-66.57681,-18.42798],[-66.57688,-18.42764],[-66.5753,-18.42793],[-66.57529,-18.42843],[-66.57541,-18.4285]]]},"properties":{"n":"LLALLAGUA","p":94,"personas_x_ha":115,"masculinidad":96,"pct_menor20":45,"pct_60mas":10,"pct_migrante":32,"dependencia_econ":161,"pct_empleados":22,"pct_cuentapropia":56,"pct_agricultura":6,"pct_comercio":19,"pct_manufactura":8,"pct_construccion":6,"pct_transporte":3,"pct_alojamiento":6,"pct_sin_educacion":15,"pct_educ_superior":46,"brecha_educ":-18,"pct_sin_seguro":15,"pct_sus":71,"pct_seguro_privado":2,"brecha_seguro":9,"pct_salud_publica":25,"pct_med_tradicional":7,"pct_automedicacion":24,"pct_remedios_caseros":28,"pct_viv_desocupada":8,"pct_alquiler":14,"pct_electricidad":96,"pct_sin_electricidad":4,"pct_agua_red":100,"pct_alcantarillado":86,"pct_camara_septica":0,"pct_pozo_ciego":0,"pct_sin_desague":11,"pct_gas_red":39,"pct_gas_garrafa":57,"pct_lena_guano":57,"pct_basura_formal":100,"pct_basura_quema":0,"pct_basura_informal":0,"pct_internet":82,"pct_celular":89,"pct_televisor":89}},{"type":"Feature","geometry":{"type":"Polygon","coordinates":[[[-66.57525,-18.42785],[-66.57528,-18.42749],[-66.5742,-18.42777],[-66.57435,-18.42808],[-66.57525,-18.42785]]]},"properties":{"n":"LLALLAGUA","p":69,"personas_x_ha":161,"masculinidad":68,"pct_menor20":43,"pct_60mas":12,"pct_migrante":39,"dependencia_econ":176,"pct_empleados":44,"pct_cuentapropia":44,"pct_agricultura":8,"pct_comercio":28,"pct_manufactura":12,"pct_construccion":12,"pct_transporte":4,"pct_alojamiento":12,"pct_sin_educacion":15,"pct_educ_superior":40,"brecha_educ":-18,"pct_sin_seguro":22,"pct_sus":65,"pct_seguro_privado":0,"brecha_seguro":-13,"pct_salud_publica":22,"pct_med_tradicional":14,"pct_automedicacion":17,"pct_remedios_caseros":28,"pct_viv_desocupada":0,"pct_alquiler":19,"pct_electricidad":100,"pct_sin_electricidad":0,"pct_agua_red":95,"pct_alcantarillado":95,"pct_camara_septica":5,"pct_pozo_ciego":0,"pct_sin_desague":0,"pct_gas_red":48,"pct_gas_garrafa":52,"pct_lena_guano":52,"pct_basura_formal":100,"pct_basura_quema":0,"pct_basura_informal":0,"pct_internet":81,"pct_celular":95,"pct_televisor":86}},{"type":"Feature","geometry":{"type":"Polygon","coordinates":[[[-66.56635,-18.42817],[-66.56666,-18.4285],[-66.56746,-18.4278],[-66.56719,-18.42745],[-66.56635,-18.42817]]]},"properties":{"n":"LLALLAGUA","p":35,"personas_x_ha":59,"masculinidad":94,"pct_menor20":46,"pct_60mas":0,"pct_migrante":37,"dependencia_econ":94,"pct_empleados":44,"pct_cuentapropia":44,"pct_agricultura":17,"pct_comercio":11,"pct_manufactura":0,"pct_construccion":11,"pct_transporte":6,"pct_alojamiento":6,"pct_sin_educacion":0,"pct_educ_superior":35,"brecha_educ":20,"pct_sin_seguro":0,"pct_sus":40,"pct_seguro_privado":0,"brecha_seguro":0,"pct_salud_publica":16,"pct_med_tradicional":10,"pct_automedicacion":26,"pct_remedios_caseros":23,"pct_viv_desocupada":19,"pct_alquiler":18,"pct_electricidad":91,"pct_sin_electricidad":0,"pct_agua_red":73,"pct_alcantarillado":64,"pct_camara_septica":0,"pct_pozo_ciego":9,"pct_sin_desague":27,"pct_gas_red":27,"pct_gas_garrafa":73,"pct_lena_guano":73,"pct_basura_formal":100,"pct_basura_quema":0,"pct_basura_informal":0,"pct_internet":100,"pct_celular":100,"pct_televisor":100}},{"type":"Feature","geometry":{"type":"Polygon","coordinates":[[[-66.56653,-18.42678],[-66.56621,-18.42645],[-66.56555,-18.427],[-66.56585,-18.42733],[-66.56653,-18.42678]]]},"properties":{"n":"LLALLAGUA","p":44,"personas_x_ha":93,"masculinidad":120,"pct_menor20":45,"pct_60mas":0,"pct_migrante":36,"dependencia_econ":193,"pct_empleados":13,"pct_cuentapropia":87,"pct_agricultura":7,"pct_comercio":20,"pct_manufactura":7,"pct_construccion":20,"pct_transporte":20,"pct_alojamiento":7,"pct_sin_educacion":8,"pct_educ_superior":48,"brecha_educ":0,"pct_sin_seguro":7,"pct_sus":93,"pct_seguro_privado":0,"brecha_seguro":-6,"pct_salud_publica":23,"pct_med_tradicional":9,"pct_automedicacion":24,"pct_remedios_caseros":28,"pct_viv_desocupada":0,"pct_alquiler":6,"pct_electricidad":94,"pct_sin_electricidad":6,"pct_agua_red":94,"pct_alcantarillado":0,"pct_camara_septica":6,"pct_pozo_ciego":28,"pct_sin_desague":67,"pct_gas_red":22,"pct_gas_garrafa":78,"pct_lena_guano":78,"pct_basura_formal":100,"pct_basura_quema":0,"pct_basura_informal":0,"pct_internet":89,"pct_celular":89,"pct_televisor":72}},{"type":"Feature","geometry":{"type":"Polygon","coordinates":[[[-66.58914,-18.42591],[-66.58897,-18.42577],[-66.58885,-18.42592],[-66.58882,-18.42588],[-66.58897,-18.42577],[-66.58859,-18.42548],[-66.58832,-18.42573],[-66.58852,-18.42615],[-66.58897,-18.4265],[-66.58933,-18.42607],[-66.58915,-18.42591],[-66.58913,-18.426],[-66.58909,-18.42597],[-66.58914,-18.42591]]]},"properties":{"n":"LLALLAGUA","p":82,"personas_x_ha":133,"masculinidad":64,"pct_menor20":26,"pct_60mas":10,"pct_migrante":34,"dependencia_econ":98,"pct_empleados":46,"pct_cuentapropia":37,"pct_agricultura":7,"pct_comercio":22,"pct_manufactura":2,"pct_construccion":5,"pct_transporte":5,"pct_alojamiento":7,"pct_sin_educacion":2,"pct_educ_superior":56,"brecha_educ":-14,"pct_sin_seguro":12,"pct_sus":54,"pct_seguro_privado":0,"brecha_seguro":11,"pct_salud_publica":24,"pct_med_tradicional":10,"pct_automedicacion":20,"pct_remedios_caseros":24,"pct_viv_desocupada":0,"pct_alquiler":12,"pct_electricidad":100,"pct_sin_electricidad":0,"pct_agua_red":100,"pct_alcantarillado":100,"pct_camara_septica":0,"pct_pozo_ciego":0,"pct_sin_desague":0,"pct_gas_red":38,"pct_gas_garrafa":62,"pct_lena_guano":62,"pct_basura_formal":100,"pct_basura_quema":0,"pct_basura_informal":0,"pct_internet":82,"pct_celular":91,"pct_televisor":85}},{"type":"Feature","geometry":{"type":"Polygon","coordinates":[[[-66.58145,-18.42655],[-66.58178,-18.42681],[-66.58253,-18.42608],[-66.58203,-18.42574],[-66.58167,-18.42615],[-66.58145,-18.42655]]]},"properties":{"n":"LLALLAGUA","p":110,"personas_x_ha":176,"masculinidad":83,"pct_menor20":32,"pct_60mas":11,"pct_migrante":45,"dependencia_econ":137,"pct_empleados":48,"pct_cuentapropia":33,"pct_agricultura":7,"pct_comercio":13,"pct_manufactura":7,"pct_construccion":9,"pct_transporte":2,"pct_alojamiento":4,"pct_sin_educacion":5,"pct_educ_superior":63,"brecha_educ":0,"pct_sin_seguro":21,"pct_sus":59,"pct_seguro_privado":0,"brecha_seguro":11,"pct_salud_publica":22,"pct_med_tradicional":11,"pct_automedicacion":20,"pct_remedios_caseros":23,"pct_viv_desocupada":2,"pct_alquiler":33,"pct_electricidad":100,"pct_sin_electricidad":0,"pct_agua_red":93,"pct_alcantarillado":93,"pct_camara_septica":5,"pct_pozo_ciego":0,"pct_sin_desague":2,"pct_gas_red":30,"pct_gas_garrafa":67,"pct_lena_guano":67,"pct_basura_formal":100,"pct_basura_quema":0,"pct_basura_informal":0,"pct_internet":93,"pct_celular":95,"pct_televisor":91}},{"type":"Feature","geometry":{"type":"Polygon","coordinates":[[[-66.57791,-18.42719],[-66.57851,-18.42677],[-66.57809,-18.42622],[-66.57768,-18.42632],[-66.57742,-18.4261],[-66.57718,-18.42665],[-66.57788,-18.42717],[-66.57796,-18.4271],[-66.57791,-18.42697],[-66.57791,-18.42675],[-66.57798,-18.4271],[-66.57791,-18.42719]]]},"properties":{"n":"LLALLAGUA","p":74,"personas_x_ha":79,"masculinidad":85,"pct_menor20":31,"pct_60mas":7,"pct_migrante":53,"dependencia_econ":62,"pct_empleados":29,"pct_cuentapropia":51,"pct_agricultura":9,"pct_comercio":22,"pct_manufactura":9,"pct_construccion":2,"pct_transporte":0,"pct_alojamiento":13,"pct_sin_educacion":0,"pct_educ_superior":70,"brecha_educ":0,"pct_sin_seguro":8,"pct_sus":78,"pct_seguro_privado":0,"brecha_seguro":7,"pct_salud_publica":21,"pct_med_tradicional":15,"pct_automedicacion":20,"pct_remedios_caseros":24,"pct_viv_desocupada":14,"pct_alquiler":14,"pct_electricidad":100,"pct_sin_electricidad":0,"pct_agua_red":79,"pct_alcantarillado":97,"pct_camara_septica":3,"pct_pozo_ciego":0,"pct_sin_desague":0,"pct_gas_red":55,"pct_gas_garrafa":45,"pct_lena_guano":45,"pct_basura_formal":100,"pct_basura_quema":0,"pct_basura_informal":0,"pct_internet":93,"pct_celular":97,"pct_televisor":86}},{"type":"Feature","geometry":{"type":"Polygon","coordinates":[[[-66.58364,-18.42589],[-66.5834,-18.42554],[-66.58268,-18.4261],[-66.58287,-18.4263],[-66.58364,-18.42589]]]},"properties":{"n":"LLALLAGUA","p":84,"personas_x_ha":252,"masculinidad":83,"pct_menor20":20,"pct_60mas":15,"pct_migrante":40,"dependencia_econ":87,"pct_empleados":31,"pct_cuentapropia":47,"pct_agricultura":13,"pct_comercio":20,"pct_manufactura":7,"pct_construccion":2,"pct_transporte":9,"pct_alojamiento":2,"pct_sin_educacion":7,"pct_educ_superior":65,"brecha_educ":-17,"pct_sin_seguro":17,"pct_sus":63,"pct_seguro_privado":1,"brecha_seguro":18,"pct_salud_publica":23,"pct_med_tradicional":4,"pct_automedicacion":24,"pct_remedios_caseros":23,"pct_viv_desocupada":2,"pct_alquiler":38,"pct_electricidad":100,"pct_sin_electricidad":0,"pct_agua_red":100,"pct_alcantarillado":98,"pct_camara_septica":0,"pct_pozo_ciego":0,"pct_sin_desague":0,"pct_gas_red":38,"pct_gas_garrafa":62,"pct_lena_guano":62,"pct_basura_formal":100,"pct_basura_quema":0,"pct_basura_informal":0,"pct_internet":90,"pct_celular":92,"pct_televisor":85}},{"type":"Feature","geometry":{"type":"Polygon","coordinates":[[[-66.57818,-18.42622],[-66.57861,-18.42673],[-66.57931,-18.4262],[-66.57874,-18.42607],[-66.57818,-18.42622]]]},"properties":{"n":"LLALLAGUA","p":62,"personas_x_ha":133,"masculinidad":77,"pct_menor20":32,"pct_60mas":15,"pct_migrante":26,"dependencia_econ":130,"pct_empleados":22,"pct_cuentapropia":59,"pct_agricultura":4,"pct_comercio":30,"pct_manufactura":7,"pct_construccion":0,"pct_transporte":0,"pct_alojamiento":30,"pct_sin_educacion":7,"pct_educ_superior":49,"brecha_educ":-10,"pct_sin_seguro":10,"pct_sus":74,"pct_seguro_privado":0,"brecha_seguro":-11,"pct_salud_publica":25,"pct_med_tradicional":6,"pct_automedicacion":21,"pct_remedios_caseros":26,"pct_viv_desocupada":4,"pct_alquiler":17,"pct_electricidad":100,"pct_sin_electricidad":0,"pct_agua_red":91,"pct_alcantarillado":100,"pct_camara_septica":0,"pct_pozo_ciego":0,"pct_sin_desague":0,"pct_gas_red":39,"pct_gas_garrafa":61,"pct_lena_guano":61,"pct_basura_formal":100,"pct_basura_quema":0,"pct_basura_informal":0,"pct_internet":65,"pct_celular":91,"pct_televisor":87}},{"type":"Feature","geometry":{"type":"Polygon","coordinates":[[[-66.58774,-18.42518],[-66.58828,-18.42569],[-66.58855,-18.42546],[-66.58807,-18.42491],[-66.58774,-18.42518]]]},"properties":{"n":"LLALLAGUA","p":54,"personas_x_ha":164,"masculinidad":100,"pct_menor20":37,"pct_60mas":7,"pct_migrante":30,"dependencia_econ":125,"pct_empleados":33,"pct_cuentapropia":50,"pct_agricultura":0,"pct_comercio":12,"pct_manufactura":4,"pct_construccion":12,"pct_transporte":12,"pct_alojamiento":29,"pct_sin_educacion":6,"pct_educ_superior":57,"brecha_educ":-17,"pct_sin_seguro":11,"pct_sus":72,"pct_seguro_privado":0,"brecha_seguro":15,"pct_salud_publica":29,"pct_med_tradicional":6,"pct_automedicacion":21,"pct_remedios_caseros":23,"pct_viv_desocupada":17,"pct_alquiler":41,"pct_electricidad":100,"pct_sin_electricidad":0,"pct_agua_red":100,"pct_alcantarillado":94,"pct_camara_septica":6,"pct_pozo_ciego":0,"pct_sin_desague":0,"pct_gas_red":47,"pct_gas_garrafa":47,"pct_lena_guano":47,"pct_basura_formal":100,"pct_basura_quema":0,"pct_basura_informal":0,"pct_internet":82,"pct_celular":88,"pct_televisor":100}},{"type":"Feature","geometry":{"type":"Polygon","coordinates":[[[-66.57284,-18.42616],[-66.57274,-18.42582],[-66.57235,-18.42595],[-66.57246,-18.42628],[-66.57284,-18.42616]]]},"properties":{"n":"LLALLAGUA","p":27,"personas_x_ha":155,"masculinidad":69,"pct_menor20":44,"pct_60mas":15,"pct_migrante":59,"dependencia_econ":170,"pct_empleados":30,"pct_cuentapropia":70,"pct_agricultura":20,"pct_comercio":0,"pct_manufactura":0,"pct_construccion":0,"pct_transporte":20,"pct_alojamiento":0,"pct_sin_educacion":27,"pct_educ_superior":60,"brecha_educ":0,"pct_sin_seguro":0,"pct_sus":70,"pct_seguro_privado":0,"brecha_seguro":0,"pct_salud_publica":14,"pct_med_tradicional":22,"pct_automedicacion":22,"pct_remedios_caseros":21,"pct_viv_desocupada":0,"pct_alquiler":10,"pct_electricidad":100,"pct_sin_electricidad":0,"pct_agua_red":100,"pct_alcantarillado":100,"pct_camara_septica":0,"pct_pozo_ciego":0,"pct_sin_desague":0,"pct_gas_red":60,"pct_gas_garrafa":40,"pct_lena_guano":40,"pct_basura_formal":100,"pct_basura_quema":0,"pct_basura_informal":0,"pct_internet":100,"pct_celular":100,"pct_televisor":80}},{"type":"Feature","geometry":{"type":"Polygon","coordinates":[[[-66.57559,-18.42487],[-66.57669,-18.42488],[-66.5767,-18.42471],[-66.5764,-18.42452],[-66.57553,-18.42451],[-66.57559,-18.42487]]]},"properties":{"n":"LLALLAGUA","p":40,"personas_x_ha":88,"masculinidad":82,"pct_menor20":52,"pct_60mas":0,"pct_migrante":48,"dependencia_econ":167,"pct_empleados":40,"pct_cuentapropia":40,"pct_agricultura":7,"pct_comercio":20,"pct_manufactura":13,"pct_construccion":7,"pct_transporte":20,"pct_alojamiento":0,"pct_sin_educacion":0,"pct_educ_superior":74,"brecha_educ":3,"pct_sin_seguro":18,"pct_sus":72,"pct_seguro_privado":0,"brecha_seguro":9,"pct_salud_publica":28,"pct_med_tradicional":3,"pct_automedicacion":27,"pct_remedios_caseros":31,"pct_viv_desocupada":0,"pct_alquiler":27,"pct_electricidad":100,"pct_sin_electricidad":0,"pct_agua_red":91,"pct_alcantarillado":100,"pct_camara_septica":0,"pct_pozo_ciego":0,"pct_sin_desague":0,"pct_gas_red":55,"pct_gas_garrafa":45,"pct_lena_guano":45,"pct_basura_formal":100,"pct_basura_quema":0,"pct_basura_informal":0,"pct_internet":100,"pct_celular":100,"pct_televisor":100}},{"type":"Feature","geometry":{"type":"Polygon","coordinates":[[[-66.58639,-18.42341],[-66.5861,-18.42321],[-66.58597,-18.4233],[-66.58574,-18.42323],[-66.58527,-18.42373],[-66.58592,-18.42411],[-66.58639,-18.42341]]]},"properties":{"n":"LLALLAGUA","p":51,"personas_x_ha":79,"masculinidad":82,"pct_menor20":22,"pct_60mas":16,"pct_migrante":37,"dependencia_econ":70,"pct_empleados":27,"pct_cuentapropia":53,"pct_agricultura":0,"pct_comercio":43,"pct_manufactura":0,"pct_construccion":7,"pct_transporte":3,"pct_alojamiento":10,"pct_sin_educacion":0,"pct_educ_superior":92,"brecha_educ":0,"pct_sin_seguro":12,"pct_sus":55,"pct_seguro_privado":0,"brecha_seguro":10,"pct_salud_publica":21,"pct_med_tradicional":8,"pct_automedicacion":17,"pct_remedios_caseros":18,"pct_viv_desocupada":4,"pct_alquiler":29,"pct_electricidad":100,"pct_sin_electricidad":0,"pct_agua_red":100,"pct_alcantarillado":100,"pct_camara_septica":0,"pct_pozo_ciego":0,"pct_sin_desague":0,"pct_gas_red":48,"pct_gas_garrafa":48,"pct_lena_guano":48,"pct_basura_formal":100,"pct_basura_quema":0,"pct_basura_informal":0,"pct_internet":100,"pct_celular":100,"pct_televisor":90}},{"type":"Feature","geometry":{"type":"Polygon","coordinates":[[[-66.58398,-18.42298],[-66.58519,-18.42367],[-66.58545,-18.4234],[-66.58465,-18.42273],[-66.58398,-18.42298]]]},"properties":{"n":"LLALLAGUA","p":105,"personas_x_ha":156,"masculinidad":94,"pct_menor20":31,"pct_60mas":17,"pct_migrante":39,"dependencia_econ":69,"pct_empleados":39,"pct_cuentapropia":35,"pct_agricultura":2,"pct_comercio":24,"pct_manufactura":2,"pct_construccion":2,"pct_transporte":5,"pct_alojamiento":6,"pct_sin_educacion":0,"pct_educ_superior":69,"brecha_educ":-12,"pct_sin_seguro":17,"pct_sus":51,"pct_seguro_privado":4,"brecha_seguro":-7,"pct_salud_publica":27,"pct_med_tradicional":3,"pct_automedicacion":14,"pct_remedios_caseros":18,"pct_viv_desocupada":0,"pct_alquiler":15,"pct_electricidad":100,"pct_sin_electricidad":0,"pct_agua_red":100,"pct_alcantarillado":80,"pct_camara_septica":0,"pct_pozo_ciego":0,"pct_sin_desague":2,"pct_gas_red":35,"pct_gas_garrafa":65,"pct_lena_guano":65,"pct_basura_formal":100,"pct_basura_quema":0,"pct_basura_informal":0,"pct_internet":95,"pct_celular":95,"pct_televisor":90}},{"type":"Feature","geometry":{"type":"Polygon","coordinates":[[[-66.57278,-18.42436],[-66.57265,-18.42403],[-66.57178,-18.42432],[-66.5719,-18.42466],[-66.57278,-18.42436]]]},"properties":{"n":"LLALLAGUA","p":54,"personas_x_ha":136,"masculinidad":93,"pct_menor20":46,"pct_60mas":6,"pct_migrante":26,"dependencia_econ":135,"pct_empleados":35,"pct_cuentapropia":48,"pct_agricultura":9,"pct_comercio":30,"pct_manufactura":4,"pct_construccion":13,"pct_transporte":13,"pct_alojamiento":9,"pct_sin_educacion":3,"pct_educ_superior":56,"brecha_educ":-29,"pct_sin_seguro":6,"pct_sus":74,"pct_seguro_privado":2,"brecha_seguro":12,"pct_salud_publica":25,"pct_med_tradicional":15,"pct_automedicacion":15,"pct_remedios_caseros":29,"pct_viv_desocupada":0,"pct_alquiler":21,"pct_electricidad":100,"pct_sin_electricidad":0,"pct_agua_red":100,"pct_alcantarillado":100,"pct_camara_septica":0,"pct_pozo_ciego":0,"pct_sin_desague":0,"pct_gas_red":74,"pct_gas_garrafa":21,"pct_lena_guano":21,"pct_basura_formal":89,"pct_basura_quema":11,"pct_basura_informal":0,"pct_internet":89,"pct_celular":84,"pct_televisor":68}},{"type":"Feature","geometry":{"type":"Polygon","coordinates":[[[-66.58534,-18.42263],[-66.58491,-18.42223],[-66.58454,-18.4225],[-66.58503,-18.42292],[-66.58534,-18.42263]]]},"properties":{"n":"LLALLAGUA","p":36,"personas_x_ha":107,"masculinidad":57,"pct_menor20":28,"pct_60mas":17,"pct_migrante":50,"dependencia_econ":50,"pct_empleados":33,"pct_cuentapropia":50,"pct_agricultura":8,"pct_comercio":25,"pct_manufactura":17,"pct_construccion":4,"pct_transporte":0,"pct_alojamiento":4,"pct_sin_educacion":0,"pct_educ_superior":74,"brecha_educ":-5,"pct_sin_seguro":0,"pct_sus":75,"pct_seguro_privado":6,"brecha_seguro":0,"pct_salud_publica":21,"pct_med_tradicional":11,"pct_automedicacion":22,"pct_remedios_caseros":21,"pct_viv_desocupada":0,"pct_alquiler":7,"pct_electricidad":93,"pct_sin_electricidad":0,"pct_agua_red":86,"pct_alcantarillado":100,"pct_camara_septica":0,"pct_pozo_ciego":0,"pct_sin_desague":0,"pct_gas_red":50,"pct_gas_garrafa":50,"pct_lena_guano":50,"pct_basura_formal":100,"pct_basura_quema":0,"pct_basura_informal":0,"pct_internet":93,"pct_celular":100,"pct_televisor":93}},{"type":"Feature","geometry":{"type":"Polygon","coordinates":[[[-66.57135,-18.42354],[-66.57053,-18.42383],[-66.5706,-18.42417],[-66.5715,-18.42387],[-66.57135,-18.42354]]]},"properties":{"n":"LLALLAGUA","p":52,"personas_x_ha":130,"masculinidad":73,"pct_menor20":40,"pct_60mas":6,"pct_migrante":52,"dependencia_econ":100,"pct_empleados":31,"pct_cuentapropia":50,"pct_agricultura":4,"pct_comercio":19,"pct_manufactura":19,"pct_construccion":12,"pct_transporte":8,"pct_alojamiento":4,"pct_sin_educacion":10,"pct_educ_superior":68,"brecha_educ":-18,"pct_sin_seguro":13,"pct_sus":42,"pct_seguro_privado":0,"brecha_seguro":0,"pct_salud_publica":20,"pct_med_tradicional":9,"pct_automedicacion":20,"pct_remedios_caseros":26,"pct_viv_desocupada":0,"pct_alquiler":0,"pct_electricidad":100,"pct_sin_electricidad":0,"pct_agua_red":100,"pct_alcantarillado":86,"pct_camara_septica":0,"pct_pozo_ciego":0,"pct_sin_desague":14,"pct_gas_red":29,"pct_gas_garrafa":67,"pct_lena_guano":67,"pct_basura_formal":100,"pct_basura_quema":0,"pct_basura_informal":0,"pct_internet":76,"pct_celular":86,"pct_televisor":71}},{"type":"Feature","geometry":{"type":"Polygon","coordinates":[[[-66.57515,-18.42243],[-66.57519,-18.42265],[-66.57572,-18.42281],[-66.57631,-18.42313],[-66.57635,-18.42276],[-66.57515,-18.42243]]]},"properties":{"n":"LLALLAGUA","p":40,"personas_x_ha":108,"masculinidad":150,"pct_menor20":35,"pct_60mas":8,"pct_migrante":45,"dependencia_econ":100,"pct_empleados":37,"pct_cuentapropia":37,"pct_agricultura":16,"pct_comercio":21,"pct_manufactura":0,"pct_construccion":5,"pct_transporte":21,"pct_alojamiento":11,"pct_sin_educacion":12,"pct_educ_superior":27,"brecha_educ":-1,"pct_sin_seguro":21,"pct_sus":37,"pct_seguro_privado":3,"brecha_seguro":13,"pct_salud_publica":24,"pct_med_tradicional":14,"pct_automedicacion":15,"pct_remedios_caseros":27,"pct_viv_desocupada":0,"pct_alquiler":0,"pct_electricidad":100,"pct_sin_electricidad":0,"pct_agua_red":27,"pct_alcantarillado":40,"pct_camara_septica":7,"pct_pozo_ciego":0,"pct_sin_desague":53,"pct_gas_red":0,"pct_gas_garrafa":100,"pct_lena_guano":100,"pct_basura_formal":93,"pct_basura_quema":7,"pct_basura_informal":0,"pct_internet":67,"pct_celular":100,"pct_televisor":93}},{"type":"Feature","geometry":{"type":"Polygon","coordinates":[[[-66.58056,-18.4221],[-66.58064,-18.42186],[-66.58025,-18.4218],[-66.57964,-18.42266],[-66.57996,-18.42281],[-66.58033,-18.42222],[-66.58056,-18.4221]]]},"properties":{"n":"LLALLAGUA","p":47,"personas_x_ha":96,"masculinidad":96,"pct_menor20":23,"pct_60mas":13,"pct_migrante":47,"dependencia_econ":84,"pct_empleados":48,"pct_cuentapropia":48,"pct_agricultura":0,"pct_comercio":24,"pct_manufactura":12,"pct_construccion":8,"pct_transporte":8,"pct_alojamiento":4,"pct_sin_educacion":0,"pct_educ_superior":54,"brecha_educ":-6,"pct_sin_seguro":24,"pct_sus":33,"pct_seguro_privado":4,"brecha_seguro":22,"pct_salud_publica":15,"pct_med_tradicional":17,"pct_automedicacion":14,"pct_remedios_caseros":22,"pct_viv_desocupada":13,"pct_alquiler":33,"pct_electricidad":100,"pct_sin_electricidad":0,"pct_agua_red":100,"pct_alcantarillado":100,"pct_camara_septica":0,"pct_pozo_ciego":0,"pct_sin_desague":0,"pct_gas_red":39,"pct_gas_garrafa":61,"pct_lena_guano":61,"pct_basura_formal":94,"pct_basura_quema":6,"pct_basura_informal":0,"pct_internet":100,"pct_celular":100,"pct_televisor":89}},{"type":"Feature","geometry":{"type":"Polygon","coordinates":[[[-66.58529,-18.42184],[-66.58515,-18.42179],[-66.5852,-18.42175],[-66.58479,-18.42133],[-66.58443,-18.42167],[-66.58491,-18.42213],[-66.58529,-18.42184]]]},"properties":{"n":"LLALLAGUA","p":82,"personas_x_ha":201,"masculinidad":100,"pct_menor20":29,"pct_60mas":16,"pct_migrante":33,"dependencia_econ":52,"pct_empleados":43,"pct_cuentapropia":50,"pct_agricultura":2,"pct_comercio":33,"pct_manufactura":2,"pct_construccion":4,"pct_transporte":4,"pct_alojamiento":7,"pct_sin_educacion":2,"pct_educ_superior":77,"brecha_educ":0,"pct_sin_seguro":30,"pct_sus":42,"pct_seguro_privado":0,"brecha_seguro":4,"pct_salud_publica":12,"pct_med_tradicional":7,"pct_automedicacion":27,"pct_remedios_caseros":21,"pct_viv_desocupada":0,"pct_alquiler":50,"pct_electricidad":100,"pct_sin_electricidad":0,"pct_agua_red":100,"pct_alcantarillado":100,"pct_camara_septica":0,"pct_pozo_ciego":0,"pct_sin_desague":0,"pct_gas_red":28,"pct_gas_garrafa":56,"pct_lena_guano":56,"pct_basura_formal":100,"pct_basura_quema":0,"pct_basura_informal":0,"pct_internet":89,"pct_celular":97,"pct_televisor":78}},{"type":"Feature","geometry":{"type":"Polygon","coordinates":[[[-66.57641,-18.42259],[-66.57655,-18.42283],[-66.57721,-18.42182],[-66.57702,-18.42171],[-66.57641,-18.42259]]]},"properties":{"n":"LLALLAGUA","p":67,"personas_x_ha":204,"masculinidad":81,"pct_menor20":36,"pct_60mas":10,"pct_migrante":28,"dependencia_econ":116,"pct_empleados":39,"pct_cuentapropia":13,"pct_agricultura":3,"pct_comercio":10,"pct_manufactura":3,"pct_construccion":6,"pct_transporte":3,"pct_alojamiento":6,"pct_sin_educacion":2,"pct_educ_superior":63,"brecha_educ":-5,"pct_sin_seguro":0,"pct_sus":49,"pct_seguro_privado":3,"brecha_seguro":0,"pct_salud_publica":22,"pct_med_tradicional":11,"pct_automedicacion":12,"pct_remedios_caseros":23,"pct_viv_desocupada":7,"pct_alquiler":4,"pct_electricidad":96,"pct_sin_electricidad":4,"pct_agua_red":48,"pct_alcantarillado":64,"pct_camara_septica":0,"pct_pozo_ciego":4,"pct_sin_desague":28,"pct_gas_red":32,"pct_gas_garrafa":64,"pct_lena_guano":64,"pct_basura_formal":88,"pct_basura_quema":4,"pct_basura_informal":8,"pct_internet":72,"pct_celular":80,"pct_televisor":76}},{"type":"Feature","geometry":{"type":"Polygon","coordinates":[[[-66.56374,-18.42352],[-66.56403,-18.42385],[-66.56473,-18.42328],[-66.56443,-18.42295],[-66.56374,-18.42352]]]},"properties":{"n":"LLALLAGUA","p":38,"personas_x_ha":80,"masculinidad":100,"pct_menor20":34,"pct_60mas":16,"pct_migrante":42,"dependencia_econ":124,"pct_empleados":24,"pct_cuentapropia":65,"pct_agricultura":12,"pct_comercio":18,"pct_manufactura":6,"pct_construccion":24,"pct_transporte":6,"pct_alojamiento":18,"pct_sin_educacion":4,"pct_educ_superior":32,"brecha_educ":-23,"pct_sin_seguro":16,"pct_sus":55,"pct_seguro_privado":0,"brecha_seguro":0,"pct_salud_publica":23,"pct_med_tradicional":4,"pct_automedicacion":20,"pct_remedios_caseros":25,"pct_viv_desocupada":0,"pct_alquiler":5,"pct_electricidad":84,"pct_sin_electricidad":16,"pct_agua_red":79,"pct_alcantarillado":5,"pct_camara_septica":5,"pct_pozo_ciego":5,"pct_sin_desague":84,"pct_gas_red":0,"pct_gas_garrafa":84,"pct_lena_guano":84,"pct_basura_formal":37,"pct_basura_quema":32,"pct_basura_informal":21,"pct_internet":53,"pct_celular":74,"pct_televisor":42}},{"type":"Feature","geometry":{"type":"Polygon","coordinates":[[[-66.57935,-18.42194],[-66.57984,-18.42182],[-66.57983,-18.42174],[-66.57917,-18.42172],[-66.57891,-18.42162],[-66.57857,-18.42204],[-66.57882,-18.42219],[-66.57935,-18.42194]]]},"properties":{"n":"LLALLAGUA","p":47,"personas_x_ha":124,"masculinidad":114,"pct_menor20":47,"pct_60mas":13,"pct_migrante":38,"dependencia_econ":161,"pct_empleados":44,"pct_cuentapropia":44,"pct_agricultura":6,"pct_comercio":28,"pct_manufactura":6,"pct_construccion":0,"pct_transporte":11,"pct_alojamiento":11,"pct_sin_educacion":4,"pct_educ_superior":63,"brecha_educ":-6,"pct_sin_seguro":6,"pct_sus":87,"pct_seguro_privado":0,"brecha_seguro":-5,"pct_salud_publica":30,"pct_med_tradicional":8,"pct_automedicacion":20,"pct_remedios_caseros":24,"pct_viv_desocupada":11,"pct_alquiler":42,"pct_electricidad":100,"pct_sin_electricidad":0,"pct_agua_red":100,"pct_alcantarillado":89,"pct_camara_septica":0,"pct_pozo_ciego":0,"pct_sin_desague":11,"pct_gas_red":32,"pct_gas_garrafa":63,"pct_lena_guano":63,"pct_basura_formal":100,"pct_basura_quema":0,"pct_basura_informal":0,"pct_internet":89,"pct_celular":100,"pct_televisor":79}},{"type":"Feature","geometry":{"type":"Polygon","coordinates":[[[-66.56778,-18.42298],[-66.56795,-18.42256],[-66.56713,-18.42224],[-66.56696,-18.42263],[-66.56778,-18.42298]]]},"properties":{"n":"LLALLAGUA","p":24,"personas_x_ha":50,"masculinidad":50,"pct_menor20":46,"pct_60mas":0,"pct_migrante":29,"dependencia_econ":200,"pct_empleados":38,"pct_cuentapropia":62,"pct_agricultura":25,"pct_comercio":12,"pct_manufactura":12,"pct_construccion":0,"pct_transporte":0,"pct_alojamiento":12,"pct_sin_educacion":0,"pct_educ_superior":46,"brecha_educ":-18,"pct_sin_seguro":21,"pct_sus":58,"pct_seguro_privado":0,"brecha_seguro":6,"pct_salud_publica":21,"pct_med_tradicional":14,"pct_automedicacion":20,"pct_remedios_caseros":34,"pct_viv_desocupada":0,"pct_alquiler":27,"pct_electricidad":100,"pct_sin_electricidad":0,"pct_agua_red":91,"pct_alcantarillado":73,"pct_camara_septica":0,"pct_pozo_ciego":0,"pct_sin_desague":18,"pct_gas_red":18,"pct_gas_garrafa":82,"pct_lena_guano":82,"pct_basura_formal":100,"pct_basura_quema":0,"pct_basura_informal":0,"pct_internet":91,"pct_celular":91,"pct_televisor":73}},{"type":"Feature","geometry":{"type":"Polygon","coordinates":[[[-66.57034,-18.42749],[-66.57052,-18.42708],[-66.56968,-18.42677],[-66.56952,-18.42718],[-66.57034,-18.42749]]]},"properties":{"n":"LLALLAGUA","p":71,"personas_x_ha":148,"masculinidad":58,"pct_menor20":45,"pct_60mas":3,"pct_migrante":20,"dependencia_econ":97,"pct_empleados":17,"pct_cuentapropia":58,"pct_agricultura":17,"pct_comercio":19,"pct_manufactura":3,"pct_construccion":6,"pct_transporte":3,"pct_alojamiento":14,"pct_sin_educacion":10,"pct_educ_superior":32,"brecha_educ":-20,"pct_sin_seguro":4,"pct_sus":76,"pct_seguro_privado":0,"brecha_seguro":5,"pct_salud_publica":20,"pct_med_tradicional":13,"pct_automedicacion":22,"pct_remedios_caseros":26,"pct_viv_desocupada":0,"pct_alquiler":29,"pct_electricidad":96,"pct_sin_electricidad":4,"pct_agua_red":89,"pct_alcantarillado":89,"pct_camara_septica":0,"pct_pozo_ciego":0,"pct_sin_desague":11,"pct_gas_red":43,"pct_gas_garrafa":54,"pct_lena_guano":54,"pct_basura_formal":100,"pct_basura_quema":0,"pct_basura_informal":0,"pct_internet":89,"pct_celular":96,"pct_televisor":79}},{"type":"Feature","geometry":{"type":"Polygon","coordinates":[[[-66.57527,-18.42948],[-66.57535,-18.42944],[-66.57527,-18.4285],[-66.57466,-18.42861],[-66.57492,-18.42916],[-66.57509,-18.42924],[-66.57527,-18.42948]]]},"properties":{"n":"LLALLAGUA","p":36,"personas_x_ha":72,"masculinidad":89,"pct_menor20":42,"pct_60mas":11,"pct_migrante":28,"dependencia_econ":140,"pct_empleados":47,"pct_cuentapropia":53,"pct_agricultura":0,"pct_comercio":0,"pct_manufactura":13,"pct_construccion":7,"pct_transporte":13,"pct_alojamiento":13,"pct_sin_educacion":24,"pct_educ_superior":57,"brecha_educ":-46,"pct_sin_seguro":31,"pct_sus":66,"pct_seguro_privado":3,"brecha_seguro":19,"pct_salud_publica":25,"pct_med_tradicional":15,"pct_automedicacion":23,"pct_remedios_caseros":33,"pct_viv_desocupada":7,"pct_alquiler":15,"pct_electricidad":92,"pct_sin_electricidad":8,"pct_agua_red":92,"pct_alcantarillado":46,"pct_camara_septica":0,"pct_pozo_ciego":8,"pct_sin_desague":15,"pct_gas_red":38,"pct_gas_garrafa":62,"pct_lena_guano":62,"pct_basura_formal":100,"pct_basura_quema":0,"pct_basura_informal":0,"pct_internet":77,"pct_celular":85,"pct_televisor":77}},{"type":"Feature","geometry":{"type":"Polygon","coordinates":[[[-66.58389,-18.42301],[-66.58299,-18.42335],[-66.58354,-18.42416],[-66.5849,-18.42371],[-66.58487,-18.42359],[-66.58389,-18.42301]]]},"properties":{"n":"LLALLAGUA","p":162,"personas_x_ha":111,"masculinidad":86,"pct_menor20":33,"pct_60mas":14,"pct_migrante":47,"dependencia_econ":118,"pct_empleados":28,"pct_cuentapropia":47,"pct_agricultura":4,"pct_comercio":27,"pct_manufactura":4,"pct_construccion":3,"pct_transporte":5,"pct_alojamiento":11,"pct_sin_educacion":2,"pct_educ_superior":68,"brecha_educ":-5,"pct_sin_seguro":17,"pct_sus":38,"pct_seguro_privado":7,"brecha_seguro":-2,"pct_salud_publica":15,"pct_med_tradicional":8,"pct_automedicacion":23,"pct_remedios_caseros":25,"pct_viv_desocupada":6,"pct_alquiler":24,"pct_electricidad":100,"pct_sin_electricidad":0,"pct_agua_red":97,"pct_alcantarillado":100,"pct_camara_septica":0,"pct_pozo_ciego":0,"pct_sin_desague":0,"pct_gas_red":44,"pct_gas_garrafa":50,"pct_lena_guano":50,"pct_basura_formal":98,"pct_basura_quema":0,"pct_basura_informal":0,"pct_internet":87,"pct_celular":94,"pct_televisor":76}},{"type":"Feature","geometry":{"type":"Polygon","coordinates":[[[-66.57483,-18.42918],[-66.57454,-18.42864],[-66.57321,-18.42934],[-66.57331,-18.42955],[-66.57483,-18.42918]]]},"properties":{"n":"LLALLAGUA","p":90,"personas_x_ha":120,"masculinidad":109,"pct_menor20":42,"pct_60mas":13,"pct_migrante":48,"dependencia_econ":131,"pct_empleados":44,"pct_cuentapropia":46,"pct_agricultura":15,"pct_comercio":28,"pct_manufactura":3,"pct_construccion":10,"pct_transporte":5,"pct_alojamiento":3,"pct_sin_educacion":16,"pct_educ_superior":44,"brecha_educ":-16,"pct_sin_seguro":10,"pct_sus":67,"pct_seguro_privado":0,"brecha_seguro":11,"pct_salud_publica":26,"pct_med_tradicional":15,"pct_automedicacion":22,"pct_remedios_caseros":26,"pct_viv_desocupada":22,"pct_alquiler":11,"pct_electricidad":93,"pct_sin_electricidad":7,"pct_agua_red":93,"pct_alcantarillado":85,"pct_camara_septica":0,"pct_pozo_ciego":0,"pct_sin_desague":15,"pct_gas_red":33,"pct_gas_garrafa":67,"pct_lena_guano":67,"pct_basura_formal":100,"pct_basura_quema":0,"pct_basura_informal":0,"pct_internet":78,"pct_celular":85,"pct_televisor":78}},{"type":"Feature","geometry":{"type":"Polygon","coordinates":[[[-66.575,-18.42202],[-66.57497,-18.42176],[-66.57385,-18.42184],[-66.57389,-18.42211],[-66.575,-18.42202]]]},"properties":{"n":"LLALLAGUA","p":38,"personas_x_ha":107,"masculinidad":100,"pct_menor20":39,"pct_60mas":5,"pct_migrante":68,"dependencia_econ":111,"pct_empleados":61,"pct_cuentapropia":33,"pct_agricultura":0,"pct_comercio":28,"pct_manufactura":0,"pct_construccion":33,"pct_transporte":0,"pct_alojamiento":0,"pct_sin_educacion":8,"pct_educ_superior":38,"brecha_educ":-13,"pct_sin_seguro":19,"pct_sus":81,"pct_seguro_privado":0,"brecha_seguro":17,"pct_salud_publica":28,"pct_med_tradicional":6,"pct_automedicacion":23,"pct_remedios_caseros":31,"pct_viv_desocupada":0,"pct_alquiler":7,"pct_electricidad":100,"pct_sin_electricidad":0,"pct_agua_red":0,"pct_alcantarillado":29,"pct_camara_septica":0,"pct_pozo_ciego":7,"pct_sin_desague":64,"pct_gas_red":0,"pct_gas_garrafa":93,"pct_lena_guano":100,"pct_basura_formal":57,"pct_basura_quema":43,"pct_basura_informal":0,"pct_internet":93,"pct_celular":100,"pct_televisor":79}},{"type":"Feature","geometry":{"type":"Polygon","coordinates":[[[-66.57283,-18.42481],[-66.57272,-18.42446],[-66.57192,-18.42472],[-66.57207,-18.42505],[-66.57283,-18.42481]]]},"properties":{"n":"LLALLAGUA","p":20,"personas_x_ha":57,"masculinidad":43,"pct_menor20":45,"pct_60mas":0,"pct_migrante":80,"dependencia_econ":150,"pct_empleados":38,"pct_cuentapropia":38,"pct_agricultura":12,"pct_comercio":38,"pct_manufactura":0,"pct_construccion":12,"pct_transporte":0,"pct_alojamiento":12,"pct_sin_educacion":0,"pct_educ_superior":62,"brecha_educ":33,"pct_sin_seguro":5,"pct_sus":90,"pct_seguro_privado":5,"brecha_seguro":-7,"pct_salud_publica":20,"pct_med_tradicional":5,"pct_automedicacion":20,"pct_remedios_caseros":28,"pct_viv_desocupada":6,"pct_alquiler":27,"pct_electricidad":100,"pct_sin_electricidad":0,"pct_agua_red":100,"pct_alcantarillado":91,"pct_camara_septica":0,"pct_pozo_ciego":0,"pct_sin_desague":9,"pct_gas_red":27,"pct_gas_garrafa":73,"pct_lena_guano":73,"pct_basura_formal":91,"pct_basura_quema":0,"pct_basura_informal":0,"pct_internet":100,"pct_celular":100,"pct_televisor":64}},{"type":"Feature","geometry":{"type":"Polygon","coordinates":[[[-66.56624,-18.42976],[-66.56565,-18.43025],[-66.56585,-18.4307],[-66.56656,-18.4301],[-66.56624,-18.42976]]]},"properties":{"n":"LLALLAGUA","p":39,"personas_x_ha":82,"masculinidad":86,"pct_menor20":44,"pct_60mas":5,"pct_migrante":59,"dependencia_econ":144,"pct_empleados":44,"pct_cuentapropia":50,"pct_agricultura":12,"pct_comercio":25,"pct_manufactura":0,"pct_construccion":12,"pct_transporte":12,"pct_alojamiento":6,"pct_sin_educacion":23,"pct_educ_superior":45,"brecha_educ":-20,"pct_sin_seguro":13,"pct_sus":56,"pct_seguro_privado":0,"brecha_seguro":17,"pct_salud_publica":21,"pct_med_tradicional":15,"pct_automedicacion":23,"pct_remedios_caseros":21,"pct_viv_desocupada":0,"pct_alquiler":21,"pct_electricidad":84,"pct_sin_electricidad":11,"pct_agua_red":84,"pct_alcantarillado":74,"pct_camara_septica":0,"pct_pozo_ciego":11,"pct_sin_desague":16,"pct_gas_red":37,"pct_gas_garrafa":58,"pct_lena_guano":58,"pct_basura_formal":68,"pct_basura_quema":16,"pct_basura_informal":32,"pct_internet":68,"pct_celular":95,"pct_televisor":84}},{"type":"Feature","geometry":{"type":"Polygon","coordinates":[[[-66.575,-18.42136],[-66.57533,-18.42151],[-66.57561,-18.42109],[-66.57521,-18.42103],[-66.575,-18.42136]]]},"properties":{"n":"LLALLAGUA","p":19,"personas_x_ha":94,"masculinidad":138,"pct_menor20":47,"pct_60mas":0,"pct_migrante":21,"dependencia_econ":73,"pct_empleados":0,"pct_cuentapropia":82,"pct_agricultura":36,"pct_comercio":45,"pct_manufactura":0,"pct_construccion":9,"pct_transporte":0,"pct_alojamiento":0,"pct_sin_educacion":20,"pct_educ_superior":20,"brecha_educ":-40,"pct_sin_seguro":0,"pct_sus":89,"pct_seguro_privado":0,"brecha_seguro":0,"pct_salud_publica":30,"pct_med_tradicional":5,"pct_automedicacion":16,"pct_remedios_caseros":34,"pct_viv_desocupada":0,"pct_alquiler":0,"pct_electricidad":78,"pct_sin_electricidad":11,"pct_agua_red":0,"pct_alcantarillado":22,"pct_camara_septica":0,"pct_pozo_ciego":0,"pct_sin_desague":78,"pct_gas_red":0,"pct_gas_garrafa":100,"pct_lena_guano":100,"pct_basura_formal":89,"pct_basura_quema":11,"pct_basura_informal":0,"pct_internet":56,"pct_celular":89,"pct_televisor":44}},{"type":"Feature","geometry":{"type":"Polygon","coordinates":[[[-66.57419,-18.42463],[-66.57415,-18.42437],[-66.57303,-18.42454],[-66.5731,-18.42479],[-66.57419,-18.42463]]]},"properties":{"n":"LLALLAGUA","p":47,"personas_x_ha":132,"masculinidad":52,"pct_menor20":45,"pct_60mas":9,"pct_migrante":30,"dependencia_econ":124,"pct_empleados":19,"pct_cuentapropia":62,"pct_agricultura":10,"pct_comercio":38,"pct_manufactura":10,"pct_construccion":0,"pct_transporte":0,"pct_alojamiento":19,"pct_sin_educacion":11,"pct_educ_superior":41,"brecha_educ":-40,"pct_sin_seguro":13,"pct_sus":70,"pct_seguro_privado":0,"brecha_seguro":0,"pct_salud_publica":26,"pct_med_tradicional":19,"pct_automedicacion":22,"pct_remedios_caseros":25,"pct_viv_desocupada":4,"pct_alquiler":6,"pct_electricidad":100,"pct_sin_electricidad":0,"pct_agua_red":88,"pct_alcantarillado":100,"pct_camara_septica":0,"pct_pozo_ciego":0,"pct_sin_desague":0,"pct_gas_red":50,"pct_gas_garrafa":50,"pct_lena_guano":50,"pct_basura_formal":100,"pct_basura_quema":0,"pct_basura_informal":0,"pct_internet":69,"pct_celular":75,"pct_televisor":69}},{"type":"Feature","geometry":{"type":"Polygon","coordinates":[[[-66.57288,-18.4249],[-66.57209,-18.42512],[-66.57218,-18.42547],[-66.57298,-18.42522],[-66.57288,-18.4249]]]},"properties":{"n":"LLALLAGUA","p":23,"personas_x_ha":66,"masculinidad":92,"pct_menor20":52,"pct_60mas":0,"pct_migrante":43,"dependencia_econ":92,"pct_empleados":50,"pct_cuentapropia":17,"pct_agricultura":17,"pct_comercio":17,"pct_manufactura":8,"pct_construccion":8,"pct_transporte":8,"pct_alojamiento":8,"pct_sin_educacion":0,"pct_educ_superior":36,"brecha_educ":0,"pct_sin_seguro":22,"pct_sus":78,"pct_seguro_privado":0,"brecha_seguro":28,"pct_salud_publica":18,"pct_med_tradicional":17,"pct_automedicacion":21,"pct_remedios_caseros":24,"pct_viv_desocupada":0,"pct_alquiler":30,"pct_electricidad":100,"pct_sin_electricidad":0,"pct_agua_red":80,"pct_alcantarillado":90,"pct_camara_septica":0,"pct_pozo_ciego":0,"pct_sin_desague":10,"pct_gas_red":40,"pct_gas_garrafa":50,"pct_lena_guano":50,"pct_basura_formal":100,"pct_basura_quema":0,"pct_basura_informal":0,"pct_internet":90,"pct_celular":100,"pct_televisor":90}},{"type":"Feature","geometry":{"type":"Polygon","coordinates":[[[-66.56831,-18.42431],[-66.56846,-18.42391],[-66.56763,-18.4236],[-66.56746,-18.424],[-66.56831,-18.42431]]]},"properties":{"n":"LLALLAGUA","p":41,"personas_x_ha":88,"masculinidad":46,"pct_menor20":49,"pct_60mas":5,"pct_migrante":46,"dependencia_econ":273,"pct_empleados":27,"pct_cuentapropia":45,"pct_agricultura":9,"pct_comercio":18,"pct_manufactura":9,"pct_construccion":0,"pct_transporte":0,"pct_alojamiento":9,"pct_sin_educacion":9,"pct_educ_superior":35,"brecha_educ":-38,"pct_sin_seguro":2,"pct_sus":63,"pct_seguro_privado":0,"brecha_seguro":-4,"pct_salud_publica":21,"pct_med_tradicional":15,"pct_automedicacion":14,"pct_remedios_caseros":21,"pct_viv_desocupada":5,"pct_alquiler":28,"pct_electricidad":100,"pct_sin_electricidad":0,"pct_agua_red":94,"pct_alcantarillado":94,"pct_camara_septica":0,"pct_pozo_ciego":0,"pct_sin_desague":6,"pct_gas_red":50,"pct_gas_garrafa":50,"pct_lena_guano":50,"pct_basura_formal":94,"pct_basura_quema":0,"pct_basura_informal":0,"pct_internet":83,"pct_celular":89,"pct_televisor":72}},{"type":"Feature","geometry":{"type":"Polygon","coordinates":[[[-66.56606,-18.42235],[-66.56601,-18.42228],[-66.56553,-18.42259],[-66.56581,-18.42298],[-66.56606,-18.42235]]]},"properties":{"n":"LLALLAGUA","p":16,"personas_x_ha":77,"masculinidad":78,"pct_menor20":38,"pct_60mas":6,"pct_migrante":25,"dependencia_econ":100,"pct_empleados":25,"pct_cuentapropia":75,"pct_agricultura":12,"pct_comercio":50,"pct_manufactura":0,"pct_construccion":12,"pct_transporte":12,"pct_alojamiento":0,"pct_sin_educacion":9,"pct_educ_superior":45,"brecha_educ":-57,"pct_sin_seguro":0,"pct_sus":62,"pct_seguro_privado":6,"brecha_seguro":0,"pct_salud_publica":20,"pct_med_tradicional":16,"pct_automedicacion":20,"pct_remedios_caseros":31,"pct_viv_desocupada":0,"pct_alquiler":0,"pct_electricidad":50,"pct_sin_electricidad":50,"pct_agua_red":50,"pct_alcantarillado":0,"pct_camara_septica":0,"pct_pozo_ciego":0,"pct_sin_desague":100,"pct_gas_red":0,"pct_gas_garrafa":75,"pct_lena_guano":75,"pct_basura_formal":38,"pct_basura_quema":50,"pct_basura_informal":0,"pct_internet":38,"pct_celular":88,"pct_televisor":38}},{"type":"Feature","geometry":{"type":"Polygon","coordinates":[[[-66.57627,-18.41942],[-66.57601,-18.41917],[-66.57581,-18.41929],[-66.57609,-18.41962],[-66.57627,-18.41942]]]},"properties":{"n":"LLALLAGUA","p":20,"personas_x_ha":169,"masculinidad":122,"pct_menor20":45,"pct_60mas":0,"pct_migrante":30,"dependencia_econ":100,"pct_empleados":30,"pct_cuentapropia":50,"pct_agricultura":30,"pct_comercio":30,"pct_manufactura":0,"pct_construccion":10,"pct_transporte":10,"pct_alojamiento":10,"pct_sin_educacion":0,"pct_educ_superior":9,"brecha_educ":-46,"pct_sin_seguro":40,"pct_sus":60,"pct_seguro_privado":0,"brecha_seguro":-8,"pct_salud_publica":22,"pct_med_tradicional":6,"pct_automedicacion":30,"pct_remedios_caseros":17,"pct_viv_desocupada":0,"pct_alquiler":0,"pct_electricidad":75,"pct_sin_electricidad":25,"pct_agua_red":0,"pct_alcantarillado":0,"pct_camara_septica":0,"pct_pozo_ciego":0,"pct_sin_desague":100,"pct_gas_red":0,"pct_gas_garrafa":88,"pct_lena_guano":88,"pct_basura_formal":0,"pct_basura_quema":62,"pct_basura_informal":0,"pct_internet":75,"pct_celular":100,"pct_televisor":50}},{"type":"Feature","geometry":{"type":"Polygon","coordinates":[[[-66.57756,-18.42402],[-66.578,-18.42336],[-66.57769,-18.42317],[-66.57725,-18.42383],[-66.57756,-18.42402]]]},"properties":{"n":"LLALLAGUA","p":20,"personas_x_ha":56,"masculinidad":67,"pct_menor20":40,"pct_60mas":5,"pct_migrante":50,"dependencia_econ":82,"pct_empleados":27,"pct_cuentapropia":64,"pct_agricultura":0,"pct_comercio":18,"pct_manufactura":0,"pct_construccion":27,"pct_transporte":0,"pct_alojamiento":18,"pct_sin_educacion":0,"pct_educ_superior":54,"brecha_educ":0,"pct_sin_seguro":25,"pct_sus":45,"pct_seguro_privado":0,"brecha_seguro":-21,"pct_salud_publica":21,"pct_med_tradicional":11,"pct_automedicacion":24,"pct_remedios_caseros":21,"pct_viv_desocupada":19,"pct_alquiler":18,"pct_electricidad":100,"pct_sin_electricidad":0,"pct_agua_red":100,"pct_alcantarillado":100,"pct_camara_septica":0,"pct_pozo_ciego":0,"pct_sin_desague":0,"pct_gas_red":27,"pct_gas_garrafa":73,"pct_lena_guano":73,"pct_basura_formal":82,"pct_basura_quema":18,"pct_basura_informal":0,"pct_internet":64,"pct_celular":64,"pct_televisor":27}},{"type":"Feature","geometry":{"type":"Polygon","coordinates":[[[-66.56942,-18.42474],[-66.57023,-18.42506],[-66.5704,-18.42465],[-66.56959,-18.42433],[-66.56942,-18.42474]]]},"properties":{"n":"LLALLAGUA","p":58,"personas_x_ha":125,"masculinidad":71,"pct_menor20":47,"pct_60mas":7,"pct_migrante":29,"dependencia_econ":107,"pct_empleados":46,"pct_cuentapropia":43,"pct_agricultura":18,"pct_comercio":18,"pct_manufactura":18,"pct_construccion":32,"pct_transporte":4,"pct_alojamiento":4,"pct_sin_educacion":9,"pct_educ_superior":22,"brecha_educ":-30,"pct_sin_seguro":17,"pct_sus":50,"pct_seguro_privado":0,"brecha_seguro":-1,"pct_salud_publica":27,"pct_med_tradicional":12,"pct_automedicacion":29,"pct_remedios_caseros":21,"pct_viv_desocupada":9,"pct_alquiler":17,"pct_electricidad":100,"pct_sin_electricidad":0,"pct_agua_red":83,"pct_alcantarillado":83,"pct_camara_septica":0,"pct_pozo_ciego":0,"pct_sin_desague":11,"pct_gas_red":61,"pct_gas_garrafa":39,"pct_lena_guano":39,"pct_basura_formal":94,"pct_basura_quema":6,"pct_basura_informal":0,"pct_internet":83,"pct_celular":100,"pct_televisor":94}},{"type":"Feature","geometry":{"type":"Polygon","coordinates":[[[-66.57106,-18.42915],[-66.57169,-18.42889],[-66.57122,-18.42766],[-66.57041,-18.42808],[-66.57106,-18.42915]]]},"properties":{"n":"LLALLAGUA","p":42,"personas_x_ha":34,"masculinidad":110,"pct_menor20":40,"pct_60mas":5,"pct_migrante":45,"dependencia_econ":223,"pct_empleados":31,"pct_cuentapropia":46,"pct_agricultura":8,"pct_comercio":54,"pct_manufactura":0,"pct_construccion":0,"pct_transporte":15,"pct_alojamiento":0,"pct_sin_educacion":8,"pct_educ_superior":80,"brecha_educ":-11,"pct_sin_seguro":10,"pct_sus":71,"pct_seguro_privado":0,"brecha_seguro":9,"pct_salud_publica":30,"pct_med_tradicional":6,"pct_automedicacion":20,"pct_remedios_caseros":27,"pct_viv_desocupada":0,"pct_alquiler":35,"pct_electricidad":100,"pct_sin_electricidad":0,"pct_agua_red":88,"pct_alcantarillado":71,"pct_camara_septica":0,"pct_pozo_ciego":6,"pct_sin_desague":24,"pct_gas_red":29,"pct_gas_garrafa":65,"pct_lena_guano":65,"pct_basura_formal":88,"pct_basura_quema":0,"pct_basura_informal":0,"pct_internet":71,"pct_celular":88,"pct_televisor":65}},{"type":"Feature","geometry":{"type":"Polygon","coordinates":[[[-66.56501,-18.428],[-66.5647,-18.42768],[-66.56426,-18.42802],[-66.56457,-18.42837],[-66.56501,-18.428]]]},"properties":{"n":"LLALLAGUA","p":22,"personas_x_ha":72,"masculinidad":120,"pct_menor20":32,"pct_60mas":18,"pct_migrante":68,"dependencia_econ":175,"pct_empleados":62,"pct_cuentapropia":25,"pct_agricultura":0,"pct_comercio":25,"pct_manufactura":12,"pct_construccion":38,"pct_transporte":0,"pct_alojamiento":0,"pct_sin_educacion":20,"pct_educ_superior":33,"brecha_educ":-18,"pct_sin_seguro":0,"pct_sus":59,"pct_seguro_privado":0,"brecha_seguro":0,"pct_salud_publica":11,"pct_med_tradicional":25,"pct_automedicacion":20,"pct_remedios_caseros":29,"pct_viv_desocupada":0,"pct_alquiler":8,"pct_electricidad":92,"pct_sin_electricidad":8,"pct_agua_red":85,"pct_alcantarillado":8,"pct_camara_septica":0,"pct_pozo_ciego":23,"pct_sin_desague":69,"pct_gas_red":62,"pct_gas_garrafa":38,"pct_lena_guano":38,"pct_basura_formal":77,"pct_basura_quema":23,"pct_basura_informal":0,"pct_internet":77,"pct_celular":77,"pct_televisor":62}},{"type":"Feature","geometry":{"type":"Polygon","coordinates":[[[-66.57913,-18.42756],[-66.57827,-18.42819],[-66.57707,-18.42724],[-66.57699,-18.42762],[-66.57829,-18.42866],[-66.57934,-18.42784],[-66.57913,-18.42756]]]},"properties":{"n":"LLALLAGUA","p":139,"personas_x_ha":121,"masculinidad":74,"pct_menor20":38,"pct_60mas":9,"pct_migrante":45,"dependencia_econ":132,"pct_empleados":38,"pct_cuentapropia":45,"pct_agricultura":7,"pct_comercio":20,"pct_manufactura":12,"pct_construccion":7,"pct_transporte":2,"pct_alojamiento":15,"pct_sin_educacion":12,"pct_educ_superior":51,"brecha_educ":-22,"pct_sin_seguro":12,"pct_sus":63,"pct_seguro_privado":0,"brecha_seguro":0,"pct_salud_publica":19,"pct_med_tradicional":9,"pct_automedicacion":22,"pct_remedios_caseros":27,"pct_viv_desocupada":2,"pct_alquiler":15,"pct_electricidad":96,"pct_sin_electricidad":2,"pct_agua_red":85,"pct_alcantarillado":96,"pct_camara_septica":0,"pct_pozo_ciego":0,"pct_sin_desague":4,"pct_gas_red":48,"pct_gas_garrafa":50,"pct_lena_guano":50,"pct_basura_formal":100,"pct_basura_quema":0,"pct_basura_informal":0,"pct_internet":72,"pct_celular":80,"pct_televisor":74}},{"type":"Feature","geometry":{"type":"Polygon","coordinates":[[[-66.58757,-18.42132],[-66.58709,-18.42058],[-66.58671,-18.42087],[-66.58706,-18.42158],[-66.58757,-18.42132]]]},"properties":{"n":"LLALLAGUA","p":154,"personas_x_ha":288,"masculinidad":69,"pct_menor20":35,"pct_60mas":6,"pct_migrante":61,"dependencia_econ":167,"pct_empleados":33,"pct_cuentapropia":40,"pct_agricultura":12,"pct_comercio":42,"pct_manufactura":7,"pct_construccion":2,"pct_transporte":2,"pct_alojamiento":5,"pct_sin_educacion":0,"pct_educ_superior":80,"brecha_educ":2,"pct_sin_seguro":19,"pct_sus":77,"pct_seguro_privado":1,"brecha_seguro":9,"pct_salud_publica":24,"pct_med_tradicional":13,"pct_automedicacion":19,"pct_remedios_caseros":23,"pct_viv_desocupada":1,"pct_alquiler":66,"pct_electricidad":100,"pct_sin_electricidad":0,"pct_agua_red":94,"pct_alcantarillado":88,"pct_camara_septica":1,"pct_pozo_ciego":0,"pct_sin_desague":1,"pct_gas_red":8,"pct_gas_garrafa":87,"pct_lena_guano":87,"pct_basura_formal":100,"pct_basura_quema":0,"pct_basura_informal":0,"pct_internet":96,"pct_celular":96,"pct_televisor":48}},{"type":"Feature","geometry":{"type":"Polygon","coordinates":[[[-66.59122,-18.42859],[-66.59102,-18.42836],[-66.59081,-18.42836],[-66.59079,-18.42875],[-66.59111,-18.42885],[-66.59122,-18.42859]]]},"properties":{"n":"LLALLAGUA","p":24,"personas_x_ha":134,"masculinidad":85,"pct_menor20":54,"pct_60mas":4,"pct_migrante":42,"dependencia_econ":109,"pct_empleados":27,"pct_cuentapropia":27,"pct_agricultura":9,"pct_comercio":18,"pct_manufactura":0,"pct_construccion":18,"pct_transporte":0,"pct_alojamiento":18,"pct_sin_educacion":18,"pct_educ_superior":36,"brecha_educ":-30,"pct_sin_seguro":17,"pct_sus":39,"pct_seguro_privado":0,"brecha_seguro":19,"pct_salud_publica":12,"pct_med_tradicional":11,"pct_automedicacion":25,"pct_remedios_caseros":32,"pct_viv_desocupada":0,"pct_alquiler":0,"pct_electricidad":100,"pct_sin_electricidad":0,"pct_agua_red":80,"pct_alcantarillado":60,"pct_camara_septica":0,"pct_pozo_ciego":0,"pct_sin_desague":40,"pct_gas_red":0,"pct_gas_garrafa":100,"pct_lena_guano":100,"pct_basura_formal":90,"pct_basura_quema":10,"pct_basura_informal":0,"pct_internet":90,"pct_celular":90,"pct_televisor":70}},{"type":"Feature","geometry":{"type":"Polygon","coordinates":[[[-66.58174,-18.42199],[-66.58132,-18.42194],[-66.581,-18.42238],[-66.5808,-18.42249],[-66.58043,-18.4231],[-66.58075,-18.42327],[-66.58105,-18.42279],[-66.58127,-18.4227],[-66.58174,-18.42199]]]},"properties":{"n":"LLALLAGUA","p":82,"personas_x_ha":115,"masculinidad":105,"pct_menor20":29,"pct_60mas":9,"pct_migrante":50,"dependencia_econ":110,"pct_empleados":33,"pct_cuentapropia":49,"pct_agricultura":0,"pct_comercio":26,"pct_manufactura":5,"pct_construccion":10,"pct_transporte":10,"pct_alojamiento":0,"pct_sin_educacion":3,"pct_educ_superior":53,"brecha_educ":9,"pct_sin_seguro":12,"pct_sus":54,"pct_seguro_privado":1,"brecha_seguro":4,"pct_salud_publica":20,"pct_med_tradicional":11,"pct_automedicacion":19,"pct_remedios_caseros":21,"pct_viv_desocupada":0,"pct_alquiler":50,"pct_electricidad":97,"pct_sin_electricidad":0,"pct_agua_red":97,"pct_alcantarillado":89,"pct_camara_septica":0,"pct_pozo_ciego":0,"pct_sin_desague":3,"pct_gas_red":42,"pct_gas_garrafa":58,"pct_lena_guano":58,"pct_basura_formal":100,"pct_basura_quema":0,"pct_basura_informal":0,"pct_internet":84,"pct_celular":97,"pct_televisor":79}},{"type":"Feature","geometry":{"type":"Polygon","coordinates":[[[-66.56678,-18.43324],[-66.56754,-18.43249],[-66.56729,-18.43223],[-66.56658,-18.43301],[-66.56678,-18.43324]]]},"properties":{"n":"LLALLAGUA","p":36,"personas_x_ha":81,"masculinidad":57,"pct_menor20":64,"pct_60mas":0,"pct_migrante":64,"dependencia_econ":227,"pct_empleados":18,"pct_cuentapropia":55,"pct_agricultura":27,"pct_comercio":9,"pct_manufactura":55,"pct_construccion":0,"pct_transporte":0,"pct_alojamiento":0,"pct_sin_educacion":23,"pct_educ_superior":8,"brecha_educ":-64,"pct_sin_seguro":19,"pct_sus":78,"pct_seguro_privado":0,"brecha_seguro":18,"pct_salud_publica":24,"pct_med_tradicional":12,"pct_automedicacion":25,"pct_remedios_caseros":26,"pct_viv_desocupada":0,"pct_alquiler":7,"pct_electricidad":80,"pct_sin_electricidad":20,"pct_agua_red":67,"pct_alcantarillado":0,"pct_camara_septica":0,"pct_pozo_ciego":0,"pct_sin_desague":100,"pct_gas_red":0,"pct_gas_garrafa":93,"pct_lena_guano":93,"pct_basura_formal":7,"pct_basura_quema":93,"pct_basura_informal":0,"pct_internet":67,"pct_celular":93,"pct_televisor":73}},{"type":"Feature","geometry":{"type":"Polygon","coordinates":[[[-66.58254,-18.42926],[-66.58278,-18.42845],[-66.58238,-18.42827],[-66.58208,-18.4291],[-66.58254,-18.42926]]]},"properties":{"n":"LLALLAGUA","p":23,"personas_x_ha":49,"masculinidad":130,"pct_menor20":57,"pct_60mas":0,"pct_migrante":52,"dependencia_econ":229,"pct_empleados":0,"pct_cuentapropia":86,"pct_agricultura":0,"pct_comercio":14,"pct_manufactura":29,"pct_construccion":29,"pct_transporte":0,"pct_alojamiento":14,"pct_sin_educacion":0,"pct_educ_superior":40,"brecha_educ":-25,"pct_sin_seguro":9,"pct_sus":91,"pct_seguro_privado":0,"brecha_seguro":17,"pct_salud_publica":33,"pct_med_tradicional":8,"pct_automedicacion":10,"pct_remedios_caseros":29,"pct_viv_desocupada":8,"pct_alquiler":0,"pct_electricidad":70,"pct_sin_electricidad":30,"pct_agua_red":40,"pct_alcantarillado":30,"pct_camara_septica":0,"pct_pozo_ciego":10,"pct_sin_desague":60,"pct_gas_red":0,"pct_gas_garrafa":70,"pct_lena_guano":70,"pct_basura_formal":80,"pct_basura_quema":0,"pct_basura_informal":20,"pct_internet":60,"pct_celular":70,"pct_televisor":60}},{"type":"Feature","geometry":{"type":"Polygon","coordinates":[[[-66.58166,-18.43046],[-66.58246,-18.42995],[-66.58229,-18.42966],[-66.58146,-18.43019],[-66.58166,-18.43046]]]},"properties":{"n":"LLALLAGUA","p":41,"personas_x_ha":105,"masculinidad":128,"pct_menor20":54,"pct_60mas":5,"pct_migrante":49,"dependencia_econ":215,"pct_empleados":54,"pct_cuentapropia":23,"pct_agricultura":8,"pct_comercio":15,"pct_manufactura":0,"pct_construccion":23,"pct_transporte":0,"pct_alojamiento":0,"pct_sin_educacion":16,"pct_educ_superior":32,"brecha_educ":-5,"pct_sin_seguro":0,"pct_sus":77,"pct_seguro_privado":0,"brecha_seguro":0,"pct_salud_publica":63,"pct_med_tradicional":2,"pct_automedicacion":15,"pct_remedios_caseros":8,"pct_viv_desocupada":0,"pct_alquiler":6,"pct_electricidad":75,"pct_sin_electricidad":19,"pct_agua_red":6,"pct_alcantarillado":0,"pct_camara_septica":0,"pct_pozo_ciego":0,"pct_sin_desague":100,"pct_gas_red":0,"pct_gas_garrafa":88,"pct_lena_guano":88,"pct_basura_formal":88,"pct_basura_quema":6,"pct_basura_informal":0,"pct_internet":62,"pct_celular":81,"pct_televisor":56}},{"type":"Feature","geometry":{"type":"Polygon","coordinates":[[[-66.56509,-18.42795],[-66.56577,-18.4274],[-66.56547,-18.42706],[-66.56479,-18.4276],[-66.56509,-18.42795]]]},"properties":{"n":"LLALLAGUA","p":49,"personas_x_ha":103,"masculinidad":81,"pct_menor20":49,"pct_60mas":6,"pct_migrante":53,"dependencia_econ":145,"pct_empleados":20,"pct_cuentapropia":55,"pct_agricultura":40,"pct_comercio":5,"pct_manufactura":15,"pct_construccion":0,"pct_transporte":0,"pct_alojamiento":10,"pct_sin_educacion":16,"pct_educ_superior":20,"brecha_educ":-10,"pct_sin_seguro":17,"pct_sus":52,"pct_seguro_privado":0,"brecha_seguro":3,"pct_salud_publica":27,"pct_med_tradicional":8,"pct_automedicacion":27,"pct_remedios_caseros":25,"pct_viv_desocupada":5,"pct_alquiler":6,"pct_electricidad":94,"pct_sin_electricidad":6,"pct_agua_red":94,"pct_alcantarillado":6,"pct_camara_septica":0,"pct_pozo_ciego":12,"pct_sin_desague":82,"pct_gas_red":0,"pct_gas_garrafa":100,"pct_lena_guano":100,"pct_basura_formal":94,"pct_basura_quema":0,"pct_basura_informal":0,"pct_internet":88,"pct_celular":88,"pct_televisor":59}},{"type":"Feature","geometry":{"type":"Polygon","coordinates":[[[-66.56875,-18.43063],[-66.56922,-18.43044],[-66.56889,-18.42991],[-66.56847,-18.43024],[-66.56875,-18.43063]]]},"properties":{"n":"LLALLAGUA","p":19,"personas_x_ha":54,"masculinidad":46,"pct_menor20":63,"pct_60mas":0,"pct_migrante":63,"dependencia_econ":280,"pct_empleados":20,"pct_cuentapropia":80,"pct_agricultura":0,"pct_comercio":60,"pct_manufactura":0,"pct_construccion":0,"pct_transporte":0,"pct_alojamiento":40,"pct_sin_educacion":14,"pct_educ_superior":43,"brecha_educ":-20,"pct_sin_seguro":11,"pct_sus":68,"pct_seguro_privado":0,"brecha_seguro":9,"pct_salud_publica":68,"pct_med_tradicional":0,"pct_automedicacion":0,"pct_remedios_caseros":0,"pct_viv_desocupada":11,"pct_alquiler":17,"pct_electricidad":100,"pct_sin_electricidad":0,"pct_agua_red":100,"pct_alcantarillado":100,"pct_camara_septica":0,"pct_pozo_ciego":0,"pct_sin_desague":0,"pct_gas_red":0,"pct_gas_garrafa":100,"pct_lena_guano":100,"pct_basura_formal":100,"pct_basura_quema":0,"pct_basura_informal":0,"pct_internet":67,"pct_celular":67,"pct_televisor":67}},{"type":"Feature","geometry":{"type":"Polygon","coordinates":[[[-66.57728,-18.41236],[-66.57741,-18.41199],[-66.57737,-18.4119],[-66.57637,-18.41234],[-66.5765,-18.41268],[-66.57728,-18.41236]]]},"properties":{"n":"LLALLAGUA","p":22,"personas_x_ha":49,"masculinidad":144,"pct_menor20":45,"pct_60mas":5,"pct_migrante":9,"dependencia_econ":100,"pct_empleados":27,"pct_cuentapropia":45,"pct_agricultura":27,"pct_comercio":18,"pct_manufactura":0,"pct_construccion":18,"pct_transporte":9,"pct_alojamiento":0,"pct_sin_educacion":0,"pct_educ_superior":17,"brecha_educ":-17,"pct_sin_seguro":9,"pct_sus":45,"pct_seguro_privado":0,"brecha_seguro":15,"pct_salud_publica":20,"pct_med_tradicional":16,"pct_automedicacion":18,"pct_remedios_caseros":22,"pct_viv_desocupada":50,"pct_alquiler":0,"pct_electricidad":62,"pct_sin_electricidad":38,"pct_agua_red":12,"pct_alcantarillado":0,"pct_camara_septica":0,"pct_pozo_ciego":0,"pct_sin_desague":100,"pct_gas_red":0,"pct_gas_garrafa":100,"pct_lena_guano":100,"pct_basura_formal":0,"pct_basura_quema":50,"pct_basura_informal":0,"pct_internet":62,"pct_celular":100,"pct_televisor":62}},{"type":"Feature","geometry":{"type":"Polygon","coordinates":[[[-66.56919,-18.42522],[-66.57002,-18.42557],[-66.57019,-18.42516],[-66.56936,-18.42484],[-66.56919,-18.42522]]]},"properties":{"n":"LLALLAGUA","p":49,"personas_x_ha":103,"masculinidad":81,"pct_menor20":49,"pct_60mas":0,"pct_migrante":27,"dependencia_econ":250,"pct_empleados":43,"pct_cuentapropia":57,"pct_agricultura":7,"pct_comercio":29,"pct_manufactura":7,"pct_construccion":14,"pct_transporte":14,"pct_alojamiento":7,"pct_sin_educacion":4,"pct_educ_superior":42,"brecha_educ":-23,"pct_sin_seguro":6,"pct_sus":76,"pct_seguro_privado":0,"brecha_seguro":5,"pct_salud_publica":27,"pct_med_tradicional":8,"pct_automedicacion":22,"pct_remedios_caseros":27,"pct_viv_desocupada":17,"pct_alquiler":20,"pct_electricidad":100,"pct_sin_electricidad":0,"pct_agua_red":93,"pct_alcantarillado":100,"pct_camara_septica":0,"pct_pozo_ciego":0,"pct_sin_desague":0,"pct_gas_red":67,"pct_gas_garrafa":33,"pct_lena_guano":33,"pct_basura_formal":100,"pct_basura_quema":0,"pct_basura_informal":0,"pct_internet":80,"pct_celular":80,"pct_televisor":73}},{"type":"Feature","geometry":{"type":"Polygon","coordinates":[[[-66.56636,-18.42368],[-66.56541,-18.42334],[-66.56533,-18.42344],[-66.56531,-18.42381],[-66.56622,-18.42412],[-66.56636,-18.42368]]]},"properties":{"n":"LLALLAGUA","p":49,"personas_x_ha":87,"masculinidad":53,"pct_menor20":51,"pct_60mas":8,"pct_migrante":29,"dependencia_econ":277,"pct_empleados":0,"pct_cuentapropia":77,"pct_agricultura":8,"pct_comercio":15,"pct_manufactura":8,"pct_construccion":23,"pct_transporte":0,"pct_alojamiento":15,"pct_sin_educacion":17,"pct_educ_superior":21,"brecha_educ":-44,"pct_sin_seguro":8,"pct_sus":90,"pct_seguro_privado":0,"brecha_seguro":15,"pct_salud_publica":25,"pct_med_tradicional":12,"pct_automedicacion":26,"pct_remedios_caseros":28,"pct_viv_desocupada":6,"pct_alquiler":12,"pct_electricidad":88,"pct_sin_electricidad":12,"pct_agua_red":76,"pct_alcantarillado":6,"pct_camara_septica":0,"pct_pozo_ciego":0,"pct_sin_desague":94,"pct_gas_red":35,"pct_gas_garrafa":65,"pct_lena_guano":65,"pct_basura_formal":24,"pct_basura_quema":59,"pct_basura_informal":0,"pct_internet":65,"pct_celular":94,"pct_televisor":71}},{"type":"Feature","geometry":{"type":"Polygon","coordinates":[[[-66.57526,-18.42796],[-66.57443,-18.42817],[-66.57465,-18.42855],[-66.57525,-18.42839],[-66.57526,-18.42796]]]},"properties":{"n":"LLALLAGUA","p":49,"personas_x_ha":131,"masculinidad":133,"pct_menor20":27,"pct_60mas":16,"pct_migrante":37,"dependencia_econ":124,"pct_empleados":43,"pct_cuentapropia":38,"pct_agricultura":0,"pct_comercio":33,"pct_manufactura":10,"pct_construccion":5,"pct_transporte":14,"pct_alojamiento":5,"pct_sin_educacion":12,"pct_educ_superior":59,"brecha_educ":-11,"pct_sin_seguro":19,"pct_sus":57,"pct_seguro_privado":0,"brecha_seguro":-1,"pct_salud_publica":23,"pct_med_tradicional":14,"pct_automedicacion":20,"pct_remedios_caseros":23,"pct_viv_desocupada":0,"pct_alquiler":12,"pct_electricidad":100,"pct_sin_electricidad":0,"pct_agua_red":88,"pct_alcantarillado":100,"pct_camara_septica":0,"pct_pozo_ciego":0,"pct_sin_desague":0,"pct_gas_red":59,"pct_gas_garrafa":41,"pct_lena_guano":41,"pct_basura_formal":100,"pct_basura_quema":0,"pct_basura_informal":0,"pct_internet":88,"pct_celular":94,"pct_televisor":82}},{"type":"Feature","geometry":{"type":"Polygon","coordinates":[[[-66.57826,-18.42807],[-66.57907,-18.42749],[-66.57886,-18.4272],[-66.57799,-18.42783],[-66.57826,-18.42807]]]},"properties":{"n":"LLALLAGUA","p":57,"personas_x_ha":127,"masculinidad":104,"pct_menor20":25,"pct_60mas":12,"pct_migrante":46,"dependencia_econ":104,"pct_empleados":21,"pct_cuentapropia":61,"pct_agricultura":4,"pct_comercio":18,"pct_manufactura":21,"pct_construccion":7,"pct_transporte":0,"pct_alojamiento":18,"pct_sin_educacion":7,"pct_educ_superior":67,"brecha_educ":-15,"pct_sin_seguro":16,"pct_sus":65,"pct_seguro_privado":2,"brecha_seguro":24,"pct_salud_publica":21,"pct_med_tradicional":7,"pct_automedicacion":23,"pct_remedios_caseros":21,"pct_viv_desocupada":0,"pct_alquiler":21,"pct_electricidad":100,"pct_sin_electricidad":0,"pct_agua_red":100,"pct_alcantarillado":93,"pct_camara_septica":0,"pct_pozo_ciego":0,"pct_sin_desague":0,"pct_gas_red":45,"pct_gas_garrafa":55,"pct_lena_guano":55,"pct_basura_formal":100,"pct_basura_quema":0,"pct_basura_informal":0,"pct_internet":93,"pct_celular":97,"pct_televisor":86}},{"type":"Feature","geometry":{"type":"Polygon","coordinates":[[[-66.59251,-18.41956],[-66.59235,-18.41873],[-66.59202,-18.4188],[-66.59222,-18.41976],[-66.59251,-18.41956]]]},"properties":{"n":"SIGLO XX","p":57,"personas_x_ha":149,"masculinidad":78,"pct_menor20":40,"pct_60mas":11,"pct_migrante":49,"dependencia_econ":90,"pct_empleados":24,"pct_cuentapropia":66,"pct_agricultura":17,"pct_comercio":17,"pct_manufactura":7,"pct_construccion":3,"pct_transporte":0,"pct_alojamiento":24,"pct_sin_educacion":18,"pct_educ_superior":56,"brecha_educ":-8,"pct_sin_seguro":5,"pct_sus":76,"pct_seguro_privado":0,"brecha_seguro":12,"pct_salud_publica":24,"pct_med_tradicional":7,"pct_automedicacion":23,"pct_remedios_caseros":29,"pct_viv_desocupada":5,"pct_alquiler":10,"pct_electricidad":90,"pct_sin_electricidad":10,"pct_agua_red":85,"pct_alcantarillado":65,"pct_camara_septica":0,"pct_pozo_ciego":0,"pct_sin_desague":35,"pct_gas_red":0,"pct_gas_garrafa":90,"pct_lena_guano":90,"pct_basura_formal":95,"pct_basura_quema":0,"pct_basura_informal":10,"pct_internet":85,"pct_celular":90,"pct_televisor":75}},{"type":"Feature","geometry":{"type":"Polygon","coordinates":[[[-66.58787,-18.41944],[-66.58736,-18.41911],[-66.58727,-18.41923],[-66.58779,-18.41954],[-66.58787,-18.41944]]]},"properties":{"n":"SIGLO XX","p":35,"personas_x_ha":333,"masculinidad":106,"pct_menor20":29,"pct_60mas":9,"pct_migrante":31,"dependencia_econ":119,"pct_empleados":31,"pct_cuentapropia":56,"pct_agricultura":0,"pct_comercio":50,"pct_manufactura":6,"pct_construccion":0,"pct_transporte":0,"pct_alojamiento":6,"pct_sin_educacion":4,"pct_educ_superior":44,"brecha_educ":-14,"pct_sin_seguro":9,"pct_sus":51,"pct_seguro_privado":3,"brecha_seguro":5,"pct_salud_publica":18,"pct_med_tradicional":10,"pct_automedicacion":24,"pct_remedios_caseros":22,"pct_viv_desocupada":6,"pct_alquiler":40,"pct_electricidad":100,"pct_sin_electricidad":0,"pct_agua_red":100,"pct_alcantarillado":93,"pct_camara_septica":0,"pct_pozo_ciego":7,"pct_sin_desague":0,"pct_gas_red":53,"pct_gas_garrafa":47,"pct_lena_guano":47,"pct_basura_formal":100,"pct_basura_quema":0,"pct_basura_informal":0,"pct_internet":100,"pct_celular":100,"pct_televisor":80}},{"type":"Feature","geometry":{"type":"Polygon","coordinates":[[[-66.59718,-18.42653],[-66.59762,-18.42623],[-66.59752,-18.4261],[-66.59707,-18.42639],[-66.59718,-18.42653]]]},"properties":{"n":"SIGLO XX","p":27,"personas_x_ha":220,"masculinidad":59,"pct_menor20":52,"pct_60mas":4,"pct_migrante":4,"dependencia_econ":700,"pct_empleados":33,"pct_cuentapropia":67,"pct_agricultura":0,"pct_comercio":100,"pct_manufactura":0,"pct_construccion":0,"pct_transporte":0,"pct_alojamiento":0,"pct_sin_educacion":0,"pct_educ_superior":25,"brecha_educ":-50,"pct_sin_seguro":50,"pct_sus":45,"pct_seguro_privado":0,"brecha_seguro":10,"pct_salud_publica":28,"pct_med_tradicional":8,"pct_automedicacion":27,"pct_remedios_caseros":14,"pct_viv_desocupada":0,"pct_alquiler":0,"pct_electricidad":100,"pct_sin_electricidad":0,"pct_agua_red":67,"pct_alcantarillado":100,"pct_camara_septica":0,"pct_pozo_ciego":0,"pct_sin_desague":0,"pct_gas_red":83,"pct_gas_garrafa":17,"pct_lena_guano":17,"pct_basura_formal":100,"pct_basura_quema":0,"pct_basura_informal":0,"pct_internet":83,"pct_celular":83,"pct_televisor":83}},{"type":"Feature","geometry":{"type":"Polygon","coordinates":[[[-66.59812,-18.42659],[-66.5984,-18.42573],[-66.59813,-18.42564],[-66.59788,-18.42636],[-66.59812,-18.42659]]]},"properties":{"n":"SIGLO XX","p":40,"personas_x_ha":137,"masculinidad":60,"pct_menor20":48,"pct_60mas":5,"pct_migrante":15,"dependencia_econ":135,"pct_empleados":29,"pct_cuentapropia":59,"pct_agricultura":18,"pct_comercio":6,"pct_manufactura":0,"pct_construccion":6,"pct_transporte":6,"pct_alojamiento":18,"pct_sin_educacion":5,"pct_educ_superior":36,"brecha_educ":18,"pct_sin_seguro":8,"pct_sus":92,"pct_seguro_privado":0,"brecha_seguro":20,"pct_salud_publica":20,"pct_med_tradicional":13,"pct_automedicacion":22,"pct_remedios_caseros":26,"pct_viv_desocupada":0,"pct_alquiler":8,"pct_electricidad":92,"pct_sin_electricidad":8,"pct_agua_red":77,"pct_alcantarillado":15,"pct_camara_septica":0,"pct_pozo_ciego":0,"pct_sin_desague":85,"pct_gas_red":0,"pct_gas_garrafa":100,"pct_lena_guano":100,"pct_basura_formal":92,"pct_basura_quema":8,"pct_basura_informal":0,"pct_internet":92,"pct_celular":92,"pct_televisor":100}},{"type":"Feature","geometry":{"type":"Polygon","coordinates":[[[-66.5953,-18.42561],[-66.59566,-18.42589],[-66.5965,-18.42505],[-66.59564,-18.42537],[-66.5953,-18.42561]]]},"properties":{"n":"SIGLO XX","p":15,"personas_x_ha":39,"masculinidad":88,"pct_menor20":47,"pct_60mas":0,"pct_migrante":47,"dependencia_econ":114,"pct_empleados":57,"pct_cuentapropia":43,"pct_agricultura":0,"pct_comercio":43,"pct_manufactura":0,"pct_construccion":0,"pct_transporte":0,"pct_alojamiento":0,"pct_sin_educacion":12,"pct_educ_superior":75,"brecha_educ":-20,"pct_sin_seguro":8,"pct_sus":15,"pct_seguro_privado":0,"brecha_seguro":-17,"pct_salud_publica":18,"pct_med_tradicional":12,"pct_automedicacion":18,"pct_remedios_caseros":9,"pct_viv_desocupada":33,"pct_alquiler":0,"pct_electricidad":80,"pct_sin_electricidad":20,"pct_agua_red":60,"pct_alcantarillado":60,"pct_camara_septica":0,"pct_pozo_ciego":0,"pct_sin_desague":40,"pct_gas_red":0,"pct_gas_garrafa":100,"pct_lena_guano":100,"pct_basura_formal":100,"pct_basura_quema":0,"pct_basura_informal":0,"pct_internet":40,"pct_celular":80,"pct_televisor":60}},{"type":"Feature","geometry":{"type":"Polygon","coordinates":[[[-66.59069,-18.42375],[-66.59049,-18.42379],[-66.59066,-18.42466],[-66.59085,-18.42462],[-66.59069,-18.42375]]]},"properties":{"n":"SIGLO XX","p":65,"personas_x_ha":305,"masculinidad":81,"pct_menor20":34,"pct_60mas":5,"pct_migrante":32,"dependencia_econ":117,"pct_empleados":37,"pct_cuentapropia":50,"pct_agricultura":0,"pct_comercio":23,"pct_manufactura":10,"pct_construccion":0,"pct_transporte":3,"pct_alojamiento":20,"pct_sin_educacion":0,"pct_educ_superior":45,"brecha_educ":-3,"pct_sin_seguro":3,"pct_sus":57,"pct_seguro_privado":0,"brecha_seguro":7,"pct_salud_publica":20,"pct_med_tradicional":5,"pct_automedicacion":19,"pct_remedios_caseros":29,"pct_viv_desocupada":3,"pct_alquiler":4,"pct_electricidad":100,"pct_sin_electricidad":0,"pct_agua_red":100,"pct_alcantarillado":100,"pct_camara_septica":0,"pct_pozo_ciego":0,"pct_sin_desague":0,"pct_gas_red":56,"pct_gas_garrafa":44,"pct_lena_guano":44,"pct_basura_formal":100,"pct_basura_quema":0,"pct_basura_informal":0,"pct_internet":80,"pct_celular":92,"pct_televisor":88}},{"type":"Feature","geometry":{"type":"Polygon","coordinates":[[[-66.58963,-18.4233],[-66.58981,-18.42326],[-66.58964,-18.42237],[-66.58944,-18.42242],[-66.58963,-18.4233]]]},"properties":{"n":"SIGLO XX","p":69,"personas_x_ha":320,"masculinidad":109,"pct_menor20":32,"pct_60mas":10,"pct_migrante":41,"dependencia_econ":116,"pct_empleados":34,"pct_cuentapropia":53,"pct_agricultura":6,"pct_comercio":22,"pct_manufactura":0,"pct_construccion":12,"pct_transporte":0,"pct_alojamiento":9,"pct_sin_educacion":0,"pct_educ_superior":47,"brecha_educ":-16,"pct_sin_seguro":12,"pct_sus":59,"pct_seguro_privado":0,"brecha_seguro":5,"pct_salud_publica":20,"pct_med_tradicional":8,"pct_automedicacion":22,"pct_remedios_caseros":24,"pct_viv_desocupada":3,"pct_alquiler":16,"pct_electricidad":100,"pct_sin_electricidad":0,"pct_agua_red":87,"pct_alcantarillado":90,"pct_camara_septica":3,"pct_pozo_ciego":0,"pct_sin_desague":6,"pct_gas_red":45,"pct_gas_garrafa":55,"pct_lena_guano":55,"pct_basura_formal":100,"pct_basura_quema":0,"pct_basura_informal":0,"pct_internet":81,"pct_celular":97,"pct_televisor":94}},{"type":"Feature","geometry":{"type":"Polygon","coordinates":[[[-66.58857,-18.42168],[-66.5885,-18.42159],[-66.58806,-18.42186],[-66.58813,-18.42195],[-66.58857,-18.42168]]]},"properties":{"n":"SIGLO XX","p":15,"personas_x_ha":212,"masculinidad":67,"pct_menor20":20,"pct_60mas":27,"pct_migrante":53,"dependencia_econ":36,"pct_empleados":45,"pct_cuentapropia":36,"pct_agricultura":0,"pct_comercio":36,"pct_manufactura":0,"pct_construccion":0,"pct_transporte":0,"pct_alojamiento":18,"pct_sin_educacion":0,"pct_educ_superior":100,"brecha_educ":0,"pct_sin_seguro":0,"pct_sus":60,"pct_seguro_privado":0,"brecha_seguro":0,"pct_salud_publica":19,"pct_med_tradicional":6,"pct_automedicacion":29,"pct_remedios_caseros":25,"pct_viv_desocupada":0,"pct_alquiler":29,"pct_electricidad":100,"pct_sin_electricidad":0,"pct_agua_red":100,"pct_alcantarillado":100,"pct_camara_septica":0,"pct_pozo_ciego":0,"pct_sin_desague":0,"pct_gas_red":71,"pct_gas_garrafa":29,"pct_lena_guano":29,"pct_basura_formal":100,"pct_basura_quema":0,"pct_basura_informal":0,"pct_internet":100,"pct_celular":100,"pct_televisor":86}},{"type":"Feature","geometry":{"type":"Polygon","coordinates":[[[-66.58776,-18.41959],[-66.58724,-18.41926],[-66.58717,-18.41935],[-66.58769,-18.41968],[-66.58776,-18.41959]]]},"properties":{"n":"SIGLO XX","p":49,"personas_x_ha":560,"masculinidad":63,"pct_menor20":41,"pct_60mas":2,"pct_migrante":29,"dependencia_econ":123,"pct_empleados":27,"pct_cuentapropia":50,"pct_agricultura":0,"pct_comercio":23,"pct_manufactura":5,"pct_construccion":5,"pct_transporte":14,"pct_alojamiento":5,"pct_sin_educacion":0,"pct_educ_superior":68,"brecha_educ":8,"pct_sin_seguro":12,"pct_sus":60,"pct_seguro_privado":0,"brecha_seguro":5,"pct_salud_publica":25,"pct_med_tradicional":4,"pct_automedicacion":24,"pct_remedios_caseros":23,"pct_viv_desocupada":7,"pct_alquiler":8,"pct_electricidad":100,"pct_sin_electricidad":0,"pct_agua_red":100,"pct_alcantarillado":100,"pct_camara_septica":0,"pct_pozo_ciego":0,"pct_sin_desague":0,"pct_gas_red":54,"pct_gas_garrafa":46,"pct_lena_guano":46,"pct_basura_formal":100,"pct_basura_quema":0,"pct_basura_informal":0,"pct_internet":100,"pct_celular":100,"pct_televisor":92}},{"type":"Feature","geometry":{"type":"Polygon","coordinates":[[[-66.5882,-18.42208],[-66.58826,-18.42217],[-66.58872,-18.42191],[-66.58866,-18.42183],[-66.5882,-18.42208]]]},"properties":{"n":"SIGLO XX","p":21,"personas_x_ha":324,"masculinidad":133,"pct_menor20":38,"pct_60mas":5,"pct_migrante":48,"dependencia_econ":133,"pct_empleados":44,"pct_cuentapropia":44,"pct_agricultura":0,"pct_comercio":11,"pct_manufactura":0,"pct_construccion":0,"pct_transporte":0,"pct_alojamiento":22,"pct_sin_educacion":0,"pct_educ_superior":69,"brecha_educ":-12,"pct_sin_seguro":0,"pct_sus":33,"pct_seguro_privado":0,"brecha_seguro":0,"pct_salud_publica":20,"pct_med_tradicional":17,"pct_automedicacion":11,"pct_remedios_caseros":16,"pct_viv_desocupada":0,"pct_alquiler":12,"pct_electricidad":100,"pct_sin_electricidad":0,"pct_agua_red":100,"pct_alcantarillado":100,"pct_camara_septica":0,"pct_pozo_ciego":0,"pct_sin_desague":0,"pct_gas_red":38,"pct_gas_garrafa":62,"pct_lena_guano":62,"pct_basura_formal":100,"pct_basura_quema":0,"pct_basura_informal":0,"pct_internet":88,"pct_celular":100,"pct_televisor":100}},{"type":"Feature","geometry":{"type":"Polygon","coordinates":[[[-66.58701,-18.41814],[-66.58651,-18.41781],[-66.58657,-18.41773],[-66.58708,-18.41802],[-66.58701,-18.41814]]]},"properties":{"n":"SIGLO XX","p":26,"personas_x_ha":268,"masculinidad":160,"pct_menor20":31,"pct_60mas":12,"pct_migrante":8,"dependencia_econ":117,"pct_empleados":67,"pct_cuentapropia":33,"pct_agricultura":8,"pct_comercio":17,"pct_manufactura":0,"pct_construccion":25,"pct_transporte":0,"pct_alojamiento":17,"pct_sin_educacion":17,"pct_educ_superior":33,"brecha_educ":-25,"pct_sin_seguro":8,"pct_sus":77,"pct_seguro_privado":0,"brecha_seguro":12,"pct_salud_publica":33,"pct_med_tradicional":9,"pct_automedicacion":20,"pct_remedios_caseros":31,"pct_viv_desocupada":0,"pct_alquiler":12,"pct_electricidad":100,"pct_sin_electricidad":0,"pct_agua_red":100,"pct_alcantarillado":62,"pct_camara_septica":0,"pct_pozo_ciego":0,"pct_sin_desague":38,"pct_gas_red":38,"pct_gas_garrafa":62,"pct_lena_guano":62,"pct_basura_formal":100,"pct_basura_quema":0,"pct_basura_informal":0,"pct_internet":75,"pct_celular":88,"pct_televisor":88}},{"type":"Feature","geometry":{"type":"Polygon","coordinates":[[[-66.58832,-18.42227],[-66.58878,-18.42204],[-66.58873,-18.42195],[-66.58827,-18.42219],[-66.58832,-18.42227]]]},"properties":{"n":"SIGLO XX","p":29,"personas_x_ha":469,"masculinidad":123,"pct_menor20":41,"pct_60mas":10,"pct_migrante":34,"dependencia_econ":164,"pct_empleados":36,"pct_cuentapropia":55,"pct_agricultura":0,"pct_comercio":18,"pct_manufactura":9,"pct_construccion":0,"pct_transporte":0,"pct_alojamiento":0,"pct_sin_educacion":6,"pct_educ_superior":35,"brecha_educ":1,"pct_sin_seguro":0,"pct_sus":36,"pct_seguro_privado":0,"brecha_seguro":0,"pct_salud_publica":17,"pct_med_tradicional":11,"pct_automedicacion":17,"pct_remedios_caseros":25,"pct_viv_desocupada":0,"pct_alquiler":0,"pct_electricidad":100,"pct_sin_electricidad":0,"pct_agua_red":100,"pct_alcantarillado":100,"pct_camara_septica":0,"pct_pozo_ciego":0,"pct_sin_desague":0,"pct_gas_red":33,"pct_gas_garrafa":67,"pct_lena_guano":67,"pct_basura_formal":100,"pct_basura_quema":0,"pct_basura_informal":0,"pct_internet":67,"pct_celular":89,"pct_televisor":100}},{"type":"Feature","geometry":{"type":"Polygon","coordinates":[[[-66.5889,-18.42228],[-66.58886,-18.42219],[-66.5884,-18.4224],[-66.58846,-18.42249],[-66.5889,-18.42228]]]},"properties":{"n":"SIGLO XX","p":23,"personas_x_ha":383,"masculinidad":130,"pct_menor20":43,"pct_60mas":0,"pct_migrante":22,"dependencia_econ":92,"pct_empleados":67,"pct_cuentapropia":25,"pct_agricultura":8,"pct_comercio":25,"pct_manufactura":0,"pct_construccion":8,"pct_transporte":0,"pct_alojamiento":0,"pct_sin_educacion":0,"pct_educ_superior":85,"brecha_educ":0,"pct_sin_seguro":4,"pct_sus":22,"pct_seguro_privado":0,"brecha_seguro":8,"pct_salud_publica":15,"pct_med_tradicional":13,"pct_automedicacion":22,"pct_remedios_caseros":27,"pct_viv_desocupada":17,"pct_alquiler":25,"pct_electricidad":100,"pct_sin_electricidad":0,"pct_agua_red":100,"pct_alcantarillado":100,"pct_camara_septica":0,"pct_pozo_ciego":0,"pct_sin_desague":0,"pct_gas_red":75,"pct_gas_garrafa":25,"pct_lena_guano":25,"pct_basura_formal":100,"pct_basura_quema":0,"pct_basura_informal":0,"pct_internet":100,"pct_celular":100,"pct_televisor":100}},{"type":"Feature","geometry":{"type":"Polygon","coordinates":[[[-66.59127,-18.42361],[-66.59153,-18.42394],[-66.59163,-18.42425],[-66.59129,-18.42438],[-66.59148,-18.4251],[-66.59126,-18.42515],[-66.59097,-18.4237],[-66.59127,-18.42361]]]},"properties":{"n":"SIGLO XX","p":74,"personas_x_ha":126,"masculinidad":106,"pct_menor20":41,"pct_60mas":11,"pct_migrante":50,"dependencia_econ":155,"pct_empleados":41,"pct_cuentapropia":45,"pct_agricultura":0,"pct_comercio":31,"pct_manufactura":3,"pct_construccion":3,"pct_transporte":3,"pct_alojamiento":3,"pct_sin_educacion":2,"pct_educ_superior":52,"brecha_educ":4,"pct_sin_seguro":8,"pct_sus":57,"pct_seguro_privado":0,"brecha_seguro":5,"pct_salud_publica":19,"pct_med_tradicional":10,"pct_automedicacion":24,"pct_remedios_caseros":23,"pct_viv_desocupada":0,"pct_alquiler":18,"pct_electricidad":100,"pct_sin_electricidad":0,"pct_agua_red":100,"pct_alcantarillado":100,"pct_camara_septica":0,"pct_pozo_ciego":0,"pct_sin_desague":0,"pct_gas_red":57,"pct_gas_garrafa":39,"pct_lena_guano":39,"pct_basura_formal":100,"pct_basura_quema":0,"pct_basura_informal":0,"pct_internet":96,"pct_celular":100,"pct_televisor":93}},{"type":"Feature","geometry":{"type":"Polygon","coordinates":[[[-66.59097,-18.42523],[-66.59087,-18.42471],[-66.59067,-18.42475],[-66.59077,-18.42525],[-66.59097,-18.42523]]]},"properties":{"n":"SIGLO XX","p":56,"personas_x_ha":444,"masculinidad":81,"pct_menor20":34,"pct_60mas":7,"pct_migrante":45,"dependencia_econ":93,"pct_empleados":17,"pct_cuentapropia":69,"pct_agricultura":7,"pct_comercio":28,"pct_manufactura":0,"pct_construccion":3,"pct_transporte":7,"pct_alojamiento":14,"pct_sin_educacion":3,"pct_educ_superior":57,"brecha_educ":8,"pct_sin_seguro":39,"pct_sus":43,"pct_seguro_privado":0,"brecha_seguro":1,"pct_salud_publica":16,"pct_med_tradicional":15,"pct_automedicacion":24,"pct_remedios_caseros":21,"pct_viv_desocupada":0,"pct_alquiler":16,"pct_electricidad":100,"pct_sin_electricidad":0,"pct_agua_red":95,"pct_alcantarillado":95,"pct_camara_septica":0,"pct_pozo_ciego":0,"pct_sin_desague":5,"pct_gas_red":47,"pct_gas_garrafa":53,"pct_lena_guano":53,"pct_basura_formal":100,"pct_basura_quema":0,"pct_basura_informal":0,"pct_internet":95,"pct_celular":95,"pct_televisor":89}},{"type":"Feature","geometry":{"type":"Polygon","coordinates":[[[-66.59217,-18.43102],[-66.59237,-18.43097],[-66.59206,-18.43001],[-66.59207,-18.42957],[-66.59222,-18.42909],[-66.59201,-18.42901],[-66.59195,-18.42977],[-66.59217,-18.43102]]]},"properties":{"n":"SIGLO XX","p":15,"personas_x_ha":45,"masculinidad":67,"pct_menor20":40,"pct_60mas":7,"pct_migrante":53,"dependencia_econ":275,"pct_empleados":0,"pct_cuentapropia":50,"pct_agricultura":25,"pct_comercio":0,"pct_manufactura":25,"pct_construccion":0,"pct_transporte":0,"pct_alojamiento":0,"pct_sin_educacion":0,"pct_educ_superior":78,"brecha_educ":-40,"pct_sin_seguro":7,"pct_sus":93,"pct_seguro_privado":0,"brecha_seguro":17,"pct_salud_publica":16,"pct_med_tradicional":12,"pct_automedicacion":18,"pct_remedios_caseros":24,"pct_viv_desocupada":38,"pct_alquiler":14,"pct_electricidad":86,"pct_sin_electricidad":0,"pct_agua_red":43,"pct_alcantarillado":14,"pct_camara_septica":0,"pct_pozo_ciego":0,"pct_sin_desague":71,"pct_gas_red":0,"pct_gas_garrafa":86,"pct_lena_guano":86,"pct_basura_formal":100,"pct_basura_quema":0,"pct_basura_informal":0,"pct_internet":100,"pct_celular":100,"pct_televisor":86}},{"type":"Feature","geometry":{"type":"Polygon","coordinates":[[[-66.59071,-18.42528],[-66.5906,-18.4247],[-66.59041,-18.42473],[-66.59048,-18.42511],[-66.59063,-18.42529],[-66.59071,-18.42528]]]},"properties":{"n":"SIGLO XX","p":26,"personas_x_ha":214,"masculinidad":117,"pct_menor20":42,"pct_60mas":4,"pct_migrante":31,"dependencia_econ":189,"pct_empleados":22,"pct_cuentapropia":44,"pct_agricultura":0,"pct_comercio":0,"pct_manufactura":0,"pct_construccion":0,"pct_transporte":0,"pct_alojamiento":11,"pct_sin_educacion":6,"pct_educ_superior":56,"brecha_educ":-14,"pct_sin_seguro":4,"pct_sus":62,"pct_seguro_privado":4,"brecha_seguro":7,"pct_salud_publica":18,"pct_med_tradicional":5,"pct_automedicacion":18,"pct_remedios_caseros":25,"pct_viv_desocupada":12,"pct_alquiler":10,"pct_electricidad":100,"pct_sin_electricidad":0,"pct_agua_red":100,"pct_alcantarillado":90,"pct_camara_septica":10,"pct_pozo_ciego":0,"pct_sin_desague":0,"pct_gas_red":60,"pct_gas_garrafa":40,"pct_lena_guano":40,"pct_basura_formal":100,"pct_basura_quema":0,"pct_basura_informal":0,"pct_internet":90,"pct_celular":100,"pct_televisor":80}},{"type":"Feature","geometry":{"type":"Polygon","coordinates":[[[-66.59297,-18.4232],[-66.59334,-18.42359],[-66.59358,-18.42347],[-66.59347,-18.42332],[-66.59321,-18.42318],[-66.59311,-18.42301],[-66.59311,-18.42271],[-66.59261,-18.42216],[-66.59255,-18.42233],[-66.59297,-18.4232]]]},"properties":{"n":"SIGLO XX","p":41,"personas_x_ha":91,"masculinidad":86,"pct_menor20":34,"pct_60mas":12,"pct_migrante":24,"dependencia_econ":86,"pct_empleados":32,"pct_cuentapropia":55,"pct_agricultura":0,"pct_comercio":45,"pct_manufactura":5,"pct_construccion":0,"pct_transporte":5,"pct_alojamiento":5,"pct_sin_educacion":0,"pct_educ_superior":55,"brecha_educ":-5,"pct_sin_seguro":12,"pct_sus":63,"pct_seguro_privado":0,"brecha_seguro":7,"pct_salud_publica":23,"pct_med_tradicional":3,"pct_automedicacion":25,"pct_remedios_caseros":22,"pct_viv_desocupada":0,"pct_alquiler":9,"pct_electricidad":100,"pct_sin_electricidad":0,"pct_agua_red":91,"pct_alcantarillado":27,"pct_camara_septica":9,"pct_pozo_ciego":0,"pct_sin_desague":9,"pct_gas_red":36,"pct_gas_garrafa":64,"pct_lena_guano":64,"pct_basura_formal":91,"pct_basura_quema":0,"pct_basura_informal":0,"pct_internet":100,"pct_celular":100,"pct_televisor":100}},{"type":"Feature","geometry":{"type":"Polygon","coordinates":[[[-66.58709,-18.41815],[-66.58764,-18.41853],[-66.5877,-18.41844],[-66.58713,-18.41808],[-66.58709,-18.41815]]]},"properties":{"n":"SIGLO XX","p":24,"personas_x_ha":272,"masculinidad":118,"pct_menor20":42,"pct_60mas":8,"pct_migrante":29,"dependencia_econ":140,"pct_empleados":20,"pct_cuentapropia":20,"pct_agricultura":30,"pct_comercio":0,"pct_manufactura":0,"pct_construccion":10,"pct_transporte":0,"pct_alojamiento":10,"pct_sin_educacion":21,"pct_educ_superior":29,"brecha_educ":0,"pct_sin_seguro":12,"pct_sus":38,"pct_seguro_privado":0,"brecha_seguro":6,"pct_salud_publica":16,"pct_med_tradicional":21,"pct_automedicacion":18,"pct_remedios_caseros":26,"pct_viv_desocupada":22,"pct_alquiler":0,"pct_electricidad":100,"pct_sin_electricidad":0,"pct_agua_red":71,"pct_alcantarillado":100,"pct_camara_septica":0,"pct_pozo_ciego":0,"pct_sin_desague":0,"pct_gas_red":57,"pct_gas_garrafa":43,"pct_lena_guano":43,"pct_basura_formal":86,"pct_basura_quema":0,"pct_basura_informal":0,"pct_internet":71,"pct_celular":86,"pct_televisor":86}},{"type":"Feature","geometry":{"type":"Polygon","coordinates":[[[-66.59272,-18.4285],[-66.59253,-18.42851],[-66.5926,-18.42938],[-66.59277,-18.42937],[-66.59276,-18.42918],[-66.59303,-18.42916],[-66.5928,-18.42897],[-66.59272,-18.4285]]]},"properties":{"n":"SIGLO XX","p":80,"personas_x_ha":314,"masculinidad":95,"pct_menor20":46,"pct_60mas":6,"pct_migrante":30,"dependencia_econ":193,"pct_empleados":26,"pct_cuentapropia":63,"pct_agricultura":4,"pct_comercio":15,"pct_manufactura":19,"pct_construccion":4,"pct_transporte":11,"pct_alojamiento":22,"pct_sin_educacion":7,"pct_educ_superior":40,"brecha_educ":6,"pct_sin_seguro":7,"pct_sus":61,"pct_seguro_privado":0,"brecha_seguro":3,"pct_salud_publica":23,"pct_med_tradicional":4,"pct_automedicacion":15,"pct_remedios_caseros":27,"pct_viv_desocupada":0,"pct_alquiler":4,"pct_electricidad":96,"pct_sin_electricidad":4,"pct_agua_red":91,"pct_alcantarillado":70,"pct_camara_septica":0,"pct_pozo_ciego":0,"pct_sin_desague":30,"pct_gas_red":83,"pct_gas_garrafa":17,"pct_lena_guano":17,"pct_basura_formal":100,"pct_basura_quema":0,"pct_basura_informal":0,"pct_internet":96,"pct_celular":100,"pct_televisor":100}},{"type":"Feature","geometry":{"type":"Polygon","coordinates":[[[-66.59171,-18.42477],[-66.59205,-18.42554],[-66.59227,-18.42545],[-66.59189,-18.42471],[-66.59171,-18.42477]]]},"properties":{"n":"SIGLO XX","p":43,"personas_x_ha":198,"masculinidad":72,"pct_menor20":40,"pct_60mas":14,"pct_migrante":35,"dependencia_econ":187,"pct_empleados":47,"pct_cuentapropia":53,"pct_agricultura":0,"pct_comercio":13,"pct_manufactura":13,"pct_construccion":0,"pct_transporte":13,"pct_alojamiento":7,"pct_sin_educacion":7,"pct_educ_superior":67,"brecha_educ":-1,"pct_sin_seguro":9,"pct_sus":23,"pct_seguro_privado":0,"brecha_seguro":3,"pct_salud_publica":15,"pct_med_tradicional":11,"pct_automedicacion":18,"pct_remedios_caseros":19,"pct_viv_desocupada":0,"pct_alquiler":0,"pct_electricidad":100,"pct_sin_electricidad":0,"pct_agua_red":100,"pct_alcantarillado":100,"pct_camara_septica":0,"pct_pozo_ciego":0,"pct_sin_desague":0,"pct_gas_red":45,"pct_gas_garrafa":55,"pct_lena_guano":55,"pct_basura_formal":100,"pct_basura_quema":0,"pct_basura_informal":0,"pct_internet":82,"pct_celular":100,"pct_televisor":100}},{"type":"Feature","geometry":{"type":"Polygon","coordinates":[[[-66.59471,-18.42872],[-66.5948,-18.42841],[-66.59454,-18.42818],[-66.59404,-18.42846],[-66.59423,-18.42904],[-66.59471,-18.42872]]]},"properties":{"n":"SIGLO XX","p":18,"personas_x_ha":39,"masculinidad":100,"pct_menor20":50,"pct_60mas":0,"pct_migrante":11,"dependencia_econ":100,"pct_empleados":0,"pct_cuentapropia":78,"pct_agricultura":0,"pct_comercio":11,"pct_manufactura":0,"pct_construccion":0,"pct_transporte":11,"pct_alojamiento":0,"pct_sin_educacion":0,"pct_educ_superior":56,"brecha_educ":-20,"pct_sin_seguro":0,"pct_sus":100,"pct_seguro_privado":0,"brecha_seguro":0,"pct_salud_publica":21,"pct_med_tradicional":16,"pct_automedicacion":20,"pct_remedios_caseros":20,"pct_viv_desocupada":29,"pct_alquiler":40,"pct_electricidad":100,"pct_sin_electricidad":0,"pct_agua_red":80,"pct_alcantarillado":60,"pct_camara_septica":0,"pct_pozo_ciego":20,"pct_sin_desague":20,"pct_gas_red":0,"pct_gas_garrafa":100,"pct_lena_guano":100,"pct_basura_formal":100,"pct_basura_quema":0,"pct_basura_informal":0,"pct_internet":80,"pct_celular":100,"pct_televisor":100}},{"type":"Feature","geometry":{"type":"Polygon","coordinates":[[[-66.59069,-18.42161],[-66.59065,-18.42152],[-66.59012,-18.42159],[-66.59013,-18.42168],[-66.59069,-18.42161]]]},"properties":{"n":"SIGLO XX","p":18,"personas_x_ha":295,"masculinidad":100,"pct_menor20":22,"pct_60mas":6,"pct_migrante":44,"dependencia_econ":200,"pct_empleados":50,"pct_cuentapropia":33,"pct_agricultura":0,"pct_comercio":50,"pct_manufactura":0,"pct_construccion":0,"pct_transporte":0,"pct_alojamiento":0,"pct_sin_educacion":7,"pct_educ_superior":71,"brecha_educ":-12,"pct_sin_seguro":28,"pct_sus":22,"pct_seguro_privado":0,"brecha_seguro":11,"pct_salud_publica":18,"pct_med_tradicional":2,"pct_automedicacion":24,"pct_remedios_caseros":22,"pct_viv_desocupada":14,"pct_alquiler":0,"pct_electricidad":100,"pct_sin_electricidad":0,"pct_agua_red":80,"pct_alcantarillado":100,"pct_camara_septica":0,"pct_pozo_ciego":0,"pct_sin_desague":0,"pct_gas_red":80,"pct_gas_garrafa":20,"pct_lena_guano":20,"pct_basura_formal":100,"pct_basura_quema":0,"pct_basura_informal":0,"pct_internet":100,"pct_celular":100,"pct_televisor":100}},{"type":"Feature","geometry":{"type":"Polygon","coordinates":[[[-66.58789,-18.42063],[-66.58783,-18.42052],[-66.58736,-18.42075],[-66.58742,-18.42084],[-66.58789,-18.42063]]]},"properties":{"n":"SIGLO XX","p":18,"personas_x_ha":227,"masculinidad":50,"pct_menor20":39,"pct_60mas":17,"pct_migrante":44,"dependencia_econ":100,"pct_empleados":67,"pct_cuentapropia":11,"pct_agricultura":0,"pct_comercio":22,"pct_manufactura":0,"pct_construccion":0,"pct_transporte":0,"pct_alojamiento":0,"pct_sin_educacion":0,"pct_educ_superior":69,"brecha_educ":-12,"pct_sin_seguro":11,"pct_sus":39,"pct_seguro_privado":6,"brecha_seguro":-17,"pct_salud_publica":21,"pct_med_tradicional":21,"pct_automedicacion":13,"pct_remedios_caseros":23,"pct_viv_desocupada":0,"pct_alquiler":11,"pct_electricidad":100,"pct_sin_electricidad":0,"pct_agua_red":100,"pct_alcantarillado":100,"pct_camara_septica":0,"pct_pozo_ciego":0,"pct_sin_desague":0,"pct_gas_red":67,"pct_gas_garrafa":33,"pct_lena_guano":33,"pct_basura_formal":100,"pct_basura_quema":0,"pct_basura_informal":0,"pct_internet":100,"pct_celular":100,"pct_televisor":100}},{"type":"Feature","geometry":{"type":"Polygon","coordinates":[[[-66.59266,-18.4264],[-66.59193,-18.42627],[-66.5919,-18.42644],[-66.59264,-18.42656],[-66.59266,-18.4264]]]},"properties":{"n":"SIGLO XX","p":24,"personas_x_ha":161,"masculinidad":167,"pct_menor20":42,"pct_60mas":4,"pct_migrante":0,"dependencia_econ":243,"pct_empleados":29,"pct_cuentapropia":43,"pct_agricultura":0,"pct_comercio":14,"pct_manufactura":14,"pct_construccion":14,"pct_transporte":0,"pct_alojamiento":0,"pct_sin_educacion":7,"pct_educ_superior":40,"brecha_educ":-28,"pct_sin_seguro":8,"pct_sus":92,"pct_seguro_privado":0,"brecha_seguro":13,"pct_salud_publica":26,"pct_med_tradicional":3,"pct_automedicacion":19,"pct_remedios_caseros":31,"pct_viv_desocupada":0,"pct_alquiler":0,"pct_electricidad":100,"pct_sin_electricidad":0,"pct_agua_red":100,"pct_alcantarillado":75,"pct_camara_septica":0,"pct_pozo_ciego":0,"pct_sin_desague":25,"pct_gas_red":0,"pct_gas_garrafa":100,"pct_lena_guano":100,"pct_basura_formal":100,"pct_basura_quema":0,"pct_basura_informal":0,"pct_internet":88,"pct_celular":100,"pct_televisor":88}},{"type":"Feature","geometry":{"type":"Polygon","coordinates":[[[-66.5877,-18.42159],[-66.58788,-18.42182],[-66.58817,-18.4216],[-66.58804,-18.42146],[-66.58828,-18.42129],[-66.5882,-18.42119],[-66.5877,-18.42159]]]},"properties":{"n":"SIGLO XX","p":52,"personas_x_ha":280,"masculinidad":86,"pct_menor20":29,"pct_60mas":15,"pct_migrante":23,"dependencia_econ":58,"pct_empleados":21,"pct_cuentapropia":58,"pct_agricultura":6,"pct_comercio":39,"pct_manufactura":12,"pct_construccion":0,"pct_transporte":0,"pct_alojamiento":0,"pct_sin_educacion":3,"pct_educ_superior":65,"brecha_educ":-10,"pct_sin_seguro":15,"pct_sus":77,"pct_seguro_privado":0,"brecha_seguro":2,"pct_salud_publica":25,"pct_med_tradicional":13,"pct_automedicacion":17,"pct_remedios_caseros":18,"pct_viv_desocupada":7,"pct_alquiler":12,"pct_electricidad":100,"pct_sin_electricidad":0,"pct_agua_red":100,"pct_alcantarillado":92,"pct_camara_septica":0,"pct_pozo_ciego":0,"pct_sin_desague":8,"pct_gas_red":72,"pct_gas_garrafa":28,"pct_lena_guano":28,"pct_basura_formal":100,"pct_basura_quema":0,"pct_basura_informal":0,"pct_internet":84,"pct_celular":88,"pct_televisor":80}},{"type":"Feature","geometry":{"type":"Polygon","coordinates":[[[-66.59201,-18.42606],[-66.59194,-18.42622],[-66.59268,-18.42633],[-66.59269,-18.42624],[-66.59258,-18.42617],[-66.59201,-18.42606]]]},"properties":{"n":"SIGLO XX","p":27,"personas_x_ha":191,"masculinidad":69,"pct_menor20":56,"pct_60mas":0,"pct_migrante":52,"dependencia_econ":145,"pct_empleados":9,"pct_cuentapropia":91,"pct_agricultura":18,"pct_comercio":36,"pct_manufactura":0,"pct_construccion":27,"pct_transporte":0,"pct_alojamiento":9,"pct_sin_educacion":8,"pct_educ_superior":17,"brecha_educ":22,"pct_sin_seguro":4,"pct_sus":96,"pct_seguro_privado":0,"brecha_seguro":-6,"pct_salud_publica":18,"pct_med_tradicional":8,"pct_automedicacion":26,"pct_remedios_caseros":28,"pct_viv_desocupada":0,"pct_alquiler":12,"pct_electricidad":100,"pct_sin_electricidad":0,"pct_agua_red":100,"pct_alcantarillado":88,"pct_camara_septica":0,"pct_pozo_ciego":0,"pct_sin_desague":12,"pct_gas_red":0,"pct_gas_garrafa":100,"pct_lena_guano":100,"pct_basura_formal":100,"pct_basura_quema":0,"pct_basura_informal":0,"pct_internet":100,"pct_celular":100,"pct_televisor":88}},{"type":"Feature","geometry":{"type":"Polygon","coordinates":[[[-66.59511,-18.42895],[-66.59534,-18.42919],[-66.59559,-18.42876],[-66.59562,-18.42854],[-66.59557,-18.42851],[-66.59511,-18.42895]]]},"properties":{"n":"SIGLO XX","p":26,"personas_x_ha":149,"masculinidad":62,"pct_menor20":50,"pct_60mas":4,"pct_migrante":54,"dependencia_econ":160,"pct_empleados":0,"pct_cuentapropia":70,"pct_agricultura":10,"pct_comercio":20,"pct_manufactura":0,"pct_construccion":0,"pct_transporte":10,"pct_alojamiento":10,"pct_sin_educacion":8,"pct_educ_superior":15,"brecha_educ":-10,"pct_sin_seguro":8,"pct_sus":73,"pct_seguro_privado":0,"brecha_seguro":-12,"pct_salud_publica":25,"pct_med_tradicional":9,"pct_automedicacion":21,"pct_remedios_caseros":29,"pct_viv_desocupada":0,"pct_alquiler":0,"pct_electricidad":100,"pct_sin_electricidad":0,"pct_agua_red":83,"pct_alcantarillado":75,"pct_camara_septica":0,"pct_pozo_ciego":17,"pct_sin_desague":8,"pct_gas_red":42,"pct_gas_garrafa":58,"pct_lena_guano":58,"pct_basura_formal":100,"pct_basura_quema":0,"pct_basura_informal":0,"pct_internet":67,"pct_celular":92,"pct_televisor":92}},{"type":"Feature","geometry":{"type":"Polygon","coordinates":[[[-66.58764,-18.41871],[-66.58819,-18.41905],[-66.58825,-18.41895],[-66.58771,-18.41862],[-66.58764,-18.41871]]]},"properties":{"n":"SIGLO XX","p":28,"personas_x_ha":324,"masculinidad":87,"pct_menor20":36,"pct_60mas":0,"pct_migrante":39,"dependencia_econ":115,"pct_empleados":38,"pct_cuentapropia":62,"pct_agricultura":8,"pct_comercio":31,"pct_manufactura":23,"pct_construccion":15,"pct_transporte":8,"pct_alojamiento":8,"pct_sin_educacion":0,"pct_educ_superior":61,"brecha_educ":-11,"pct_sin_seguro":14,"pct_sus":86,"pct_seguro_privado":0,"brecha_seguro":16,"pct_salud_publica":29,"pct_med_tradicional":6,"pct_automedicacion":22,"pct_remedios_caseros":18,"pct_viv_desocupada":0,"pct_alquiler":36,"pct_electricidad":100,"pct_sin_electricidad":0,"pct_agua_red":100,"pct_alcantarillado":100,"pct_camara_septica":0,"pct_pozo_ciego":0,"pct_sin_desague":0,"pct_gas_red":18,"pct_gas_garrafa":82,"pct_lena_guano":82,"pct_basura_formal":100,"pct_basura_quema":0,"pct_basura_informal":0,"pct_internet":100,"pct_celular":100,"pct_televisor":91}},{"type":"Feature","geometry":{"type":"Polygon","coordinates":[[[-66.58794,-18.41931],[-66.58805,-18.41918],[-66.58752,-18.41887],[-66.58743,-18.419],[-66.58794,-18.41931]]]},"properties":{"n":"SIGLO XX","p":25,"personas_x_ha":204,"masculinidad":79,"pct_menor20":32,"pct_60mas":4,"pct_migrante":20,"dependencia_econ":79,"pct_empleados":36,"pct_cuentapropia":43,"pct_agricultura":7,"pct_comercio":29,"pct_manufactura":7,"pct_construccion":0,"pct_transporte":0,"pct_alojamiento":14,"pct_sin_educacion":5,"pct_educ_superior":40,"brecha_educ":-9,"pct_sin_seguro":20,"pct_sus":28,"pct_seguro_privado":0,"brecha_seguro":29,"pct_salud_publica":19,"pct_med_tradicional":16,"pct_automedicacion":22,"pct_remedios_caseros":23,"pct_viv_desocupada":0,"pct_alquiler":8,"pct_electricidad":100,"pct_sin_electricidad":0,"pct_agua_red":92,"pct_alcantarillado":100,"pct_camara_septica":0,"pct_pozo_ciego":0,"pct_sin_desague":0,"pct_gas_red":75,"pct_gas_garrafa":25,"pct_lena_guano":25,"pct_basura_formal":100,"pct_basura_quema":0,"pct_basura_informal":0,"pct_internet":83,"pct_celular":83,"pct_televisor":83}},{"type":"Feature","geometry":{"type":"Polygon","coordinates":[[[-66.58691,-18.4196],[-66.58699,-18.41948],[-66.5866,-18.41925],[-66.5866,-18.41941],[-66.58691,-18.4196]]]},"properties":{"n":"SIGLO XX","p":27,"personas_x_ha":384,"masculinidad":108,"pct_menor20":33,"pct_60mas":11,"pct_migrante":15,"dependencia_econ":108,"pct_empleados":23,"pct_cuentapropia":62,"pct_agricultura":0,"pct_comercio":0,"pct_manufactura":15,"pct_construccion":8,"pct_transporte":15,"pct_alojamiento":0,"pct_sin_educacion":6,"pct_educ_superior":67,"brecha_educ":-30,"pct_sin_seguro":4,"pct_sus":78,"pct_seguro_privado":0,"brecha_seguro":7,"pct_salud_publica":30,"pct_med_tradicional":14,"pct_automedicacion":10,"pct_remedios_caseros":20,"pct_viv_desocupada":0,"pct_alquiler":10,"pct_electricidad":100,"pct_sin_electricidad":0,"pct_agua_red":100,"pct_alcantarillado":90,"pct_camara_septica":0,"pct_pozo_ciego":0,"pct_sin_desague":10,"pct_gas_red":50,"pct_gas_garrafa":50,"pct_lena_guano":50,"pct_basura_formal":90,"pct_basura_quema":0,"pct_basura_informal":0,"pct_internet":80,"pct_celular":90,"pct_televisor":90}},{"type":"Feature","geometry":{"type":"Polygon","coordinates":[[[-66.59229,-18.43185],[-66.59239,-18.43126],[-66.59233,-18.43123],[-66.59215,-18.43169],[-66.59196,-18.43178],[-66.59179,-18.43216],[-66.59192,-18.43225],[-66.59229,-18.43185]]]},"properties":{"n":"SIGLO XX","p":41,"personas_x_ha":173,"masculinidad":116,"pct_menor20":49,"pct_60mas":7,"pct_migrante":54,"dependencia_econ":141,"pct_empleados":35,"pct_cuentapropia":53,"pct_agricultura":12,"pct_comercio":24,"pct_manufactura":6,"pct_construccion":24,"pct_transporte":0,"pct_alojamiento":12,"pct_sin_educacion":14,"pct_educ_superior":14,"brecha_educ":-3,"pct_sin_seguro":39,"pct_sus":61,"pct_seguro_privado":0,"brecha_seguro":4,"pct_salud_publica":25,"pct_med_tradicional":18,"pct_automedicacion":18,"pct_remedios_caseros":21,"pct_viv_desocupada":0,"pct_alquiler":0,"pct_electricidad":56,"pct_sin_electricidad":19,"pct_agua_red":19,"pct_alcantarillado":6,"pct_camara_septica":0,"pct_pozo_ciego":6,"pct_sin_desague":88,"pct_gas_red":0,"pct_gas_garrafa":69,"pct_lena_guano":69,"pct_basura_formal":56,"pct_basura_quema":44,"pct_basura_informal":0,"pct_internet":62,"pct_celular":75,"pct_televisor":44}},{"type":"Feature","geometry":{"type":"Polygon","coordinates":[[[-66.59513,-18.42909],[-66.5949,-18.42926],[-66.59511,-18.4295],[-66.59529,-18.42928],[-66.59513,-18.42909]]]},"properties":{"n":"SIGLO XX","p":19,"personas_x_ha":177,"masculinidad":58,"pct_menor20":58,"pct_60mas":0,"pct_migrante":53,"dependencia_econ":217,"pct_empleados":0,"pct_cuentapropia":50,"pct_agricultura":0,"pct_comercio":17,"pct_manufactura":0,"pct_construccion":17,"pct_transporte":0,"pct_alojamiento":17,"pct_sin_educacion":0,"pct_educ_superior":12,"brecha_educ":25,"pct_sin_seguro":33,"pct_sus":44,"pct_seguro_privado":0,"brecha_seguro":16,"pct_salud_publica":6,"pct_med_tradicional":23,"pct_automedicacion":23,"pct_remedios_caseros":26,"pct_viv_desocupada":0,"pct_alquiler":14,"pct_electricidad":100,"pct_sin_electricidad":0,"pct_agua_red":71,"pct_alcantarillado":14,"pct_camara_septica":0,"pct_pozo_ciego":0,"pct_sin_desague":86,"pct_gas_red":14,"pct_gas_garrafa":86,"pct_lena_guano":86,"pct_basura_formal":86,"pct_basura_quema":0,"pct_basura_informal":0,"pct_internet":71,"pct_celular":100,"pct_televisor":57}},{"type":"Feature","geometry":{"type":"Polygon","coordinates":[[[-66.59366,-18.43181],[-66.59325,-18.43152],[-66.59285,-18.43152],[-66.5934,-18.43212],[-66.59366,-18.43181]]]},"properties":{"n":"SIGLO XX","p":33,"personas_x_ha":127,"masculinidad":57,"pct_menor20":42,"pct_60mas":6,"pct_migrante":58,"dependencia_econ":129,"pct_empleados":0,"pct_cuentapropia":29,"pct_agricultura":14,"pct_comercio":14,"pct_manufactura":7,"pct_construccion":7,"pct_transporte":7,"pct_alojamiento":7,"pct_sin_educacion":5,"pct_educ_superior":16,"brecha_educ":-28,"pct_sin_seguro":0,"pct_sus":69,"pct_seguro_privado":0,"brecha_seguro":0,"pct_salud_publica":43,"pct_med_tradicional":8,"pct_automedicacion":15,"pct_remedios_caseros":15,"pct_viv_desocupada":7,"pct_alquiler":0,"pct_electricidad":77,"pct_sin_electricidad":23,"pct_agua_red":15,"pct_alcantarillado":15,"pct_camara_septica":0,"pct_pozo_ciego":0,"pct_sin_desague":85,"pct_gas_red":0,"pct_gas_garrafa":77,"pct_lena_guano":77,"pct_basura_formal":92,"pct_basura_quema":8,"pct_basura_informal":0,"pct_internet":46,"pct_celular":77,"pct_televisor":69}},{"type":"Feature","geometry":{"type":"Polygon","coordinates":[[[-66.5908,-18.42307],[-66.59063,-18.4222],[-66.59044,-18.42223],[-66.5906,-18.4231],[-66.5908,-18.42307]]]},"properties":{"n":"SIGLO XX","p":86,"personas_x_ha":410,"masculinidad":91,"pct_menor20":29,"pct_60mas":6,"pct_migrante":36,"dependencia_econ":110,"pct_empleados":39,"pct_cuentapropia":54,"pct_agricultura":2,"pct_comercio":32,"pct_manufactura":15,"pct_construccion":5,"pct_transporte":7,"pct_alojamiento":15,"pct_sin_educacion":2,"pct_educ_superior":52,"brecha_educ":-13,"pct_sin_seguro":12,"pct_sus":53,"pct_seguro_privado":0,"brecha_seguro":10,"pct_salud_publica":20,"pct_med_tradicional":5,"pct_automedicacion":23,"pct_remedios_caseros":24,"pct_viv_desocupada":0,"pct_alquiler":23,"pct_electricidad":100,"pct_sin_electricidad":0,"pct_agua_red":97,"pct_alcantarillado":97,"pct_camara_septica":0,"pct_pozo_ciego":0,"pct_sin_desague":3,"pct_gas_red":46,"pct_gas_garrafa":54,"pct_lena_guano":54,"pct_basura_formal":100,"pct_basura_quema":0,"pct_basura_informal":0,"pct_internet":83,"pct_celular":100,"pct_televisor":91}},{"type":"Feature","geometry":{"type":"Polygon","coordinates":[[[-66.59399,-18.42949],[-66.59369,-18.42919],[-66.59318,-18.42918],[-66.59319,-18.42948],[-66.59365,-18.42952],[-66.59381,-18.42965],[-66.59399,-18.42949]]]},"properties":{"n":"SIGLO XX","p":44,"personas_x_ha":158,"masculinidad":69,"pct_menor20":39,"pct_60mas":2,"pct_migrante":50,"dependencia_econ":120,"pct_empleados":30,"pct_cuentapropia":40,"pct_agricultura":15,"pct_comercio":30,"pct_manufactura":0,"pct_construccion":5,"pct_transporte":5,"pct_alojamiento":0,"pct_sin_educacion":0,"pct_educ_superior":70,"brecha_educ":0,"pct_sin_seguro":7,"pct_sus":81,"pct_seguro_privado":0,"brecha_seguro":7,"pct_salud_publica":25,"pct_med_tradicional":8,"pct_automedicacion":23,"pct_remedios_caseros":25,"pct_viv_desocupada":0,"pct_alquiler":0,"pct_electricidad":47,"pct_sin_electricidad":40,"pct_agua_red":33,"pct_alcantarillado":0,"pct_camara_septica":7,"pct_pozo_ciego":7,"pct_sin_desague":67,"pct_gas_red":0,"pct_gas_garrafa":60,"pct_lena_guano":60,"pct_basura_formal":67,"pct_basura_quema":7,"pct_basura_informal":0,"pct_internet":93,"pct_celular":93,"pct_televisor":33}},{"type":"Feature","geometry":{"type":"Polygon","coordinates":[[[-66.58833,-18.41884],[-66.58779,-18.41849],[-66.58773,-18.41857],[-66.58826,-18.41892],[-66.58833,-18.41884]]]},"properties":{"n":"SIGLO XX","p":35,"personas_x_ha":416,"masculinidad":75,"pct_menor20":43,"pct_60mas":17,"pct_migrante":31,"dependencia_econ":169,"pct_empleados":23,"pct_cuentapropia":62,"pct_agricultura":8,"pct_comercio":31,"pct_manufactura":0,"pct_construccion":0,"pct_transporte":15,"pct_alojamiento":0,"pct_sin_educacion":15,"pct_educ_superior":40,"brecha_educ":-21,"pct_sin_seguro":11,"pct_sus":63,"pct_seguro_privado":0,"brecha_seguro":-8,"pct_salud_publica":22,"pct_med_tradicional":8,"pct_automedicacion":27,"pct_remedios_caseros":25,"pct_viv_desocupada":0,"pct_alquiler":0,"pct_electricidad":100,"pct_sin_electricidad":0,"pct_agua_red":100,"pct_alcantarillado":92,"pct_camara_septica":0,"pct_pozo_ciego":0,"pct_sin_desague":8,"pct_gas_red":50,"pct_gas_garrafa":50,"pct_lena_guano":50,"pct_basura_formal":100,"pct_basura_quema":0,"pct_basura_informal":0,"pct_internet":67,"pct_celular":75,"pct_televisor":83}},{"type":"Feature","geometry":{"type":"Polygon","coordinates":[[[-66.59058,-18.42137],[-66.59057,-18.42128],[-66.58995,-18.42137],[-66.58996,-18.42145],[-66.59058,-18.42137]]]},"properties":{"n":"SIGLO XX","p":23,"personas_x_ha":335,"masculinidad":77,"pct_menor20":30,"pct_60mas":13,"pct_migrante":39,"dependencia_econ":156,"pct_empleados":11,"pct_cuentapropia":44,"pct_agricultura":22,"pct_comercio":22,"pct_manufactura":0,"pct_construccion":0,"pct_transporte":0,"pct_alojamiento":22,"pct_sin_educacion":6,"pct_educ_superior":59,"brecha_educ":-27,"pct_sin_seguro":0,"pct_sus":74,"pct_seguro_privado":0,"brecha_seguro":0,"pct_salud_publica":18,"pct_med_tradicional":0,"pct_automedicacion":18,"pct_remedios_caseros":30,"pct_viv_desocupada":0,"pct_alquiler":40,"pct_electricidad":100,"pct_sin_electricidad":0,"pct_agua_red":100,"pct_alcantarillado":100,"pct_camara_septica":0,"pct_pozo_ciego":0,"pct_sin_desague":0,"pct_gas_red":80,"pct_gas_garrafa":20,"pct_lena_guano":20,"pct_basura_formal":100,"pct_basura_quema":0,"pct_basura_informal":0,"pct_internet":100,"pct_celular":100,"pct_televisor":80}},{"type":"Feature","geometry":{"type":"Polygon","coordinates":[[[-66.59398,-18.4252],[-66.59351,-18.42361],[-66.59325,-18.42373],[-66.59315,-18.42354],[-66.59275,-18.42362],[-66.59289,-18.42427],[-66.5928,-18.42429],[-66.59287,-18.42456],[-66.59325,-18.42536],[-66.5935,-18.42527],[-66.59375,-18.42557],[-66.59388,-18.42555],[-66.59398,-18.4252]]]},"properties":{"n":"SIGLO XX","p":25,"personas_x_ha":14,"masculinidad":79,"pct_menor20":24,"pct_60mas":12,"pct_migrante":28,"dependencia_econ":47,"pct_empleados":65,"pct_cuentapropia":18,"pct_agricultura":0,"pct_comercio":24,"pct_manufactura":0,"pct_construccion":18,"pct_transporte":0,"pct_alojamiento":12,"pct_sin_educacion":0,"pct_educ_superior":68,"brecha_educ":-10,"pct_sin_seguro":12,"pct_sus":64,"pct_seguro_privado":0,"brecha_seguro":11,"pct_salud_publica":27,"pct_med_tradicional":4,"pct_automedicacion":25,"pct_remedios_caseros":24,"pct_viv_desocupada":0,"pct_alquiler":11,"pct_electricidad":100,"pct_sin_electricidad":0,"pct_agua_red":100,"pct_alcantarillado":67,"pct_camara_septica":0,"pct_pozo_ciego":0,"pct_sin_desague":0,"pct_gas_red":11,"pct_gas_garrafa":89,"pct_lena_guano":89,"pct_basura_formal":56,"pct_basura_quema":0,"pct_basura_informal":22,"pct_internet":100,"pct_celular":100,"pct_televisor":100}},{"type":"Feature","geometry":{"type":"Polygon","coordinates":[[[-66.59154,-18.42661],[-66.59221,-18.42706],[-66.5925,-18.42712],[-66.59253,-18.42695],[-66.59189,-18.42658],[-66.59165,-18.42653],[-66.59154,-18.42661]]]},"properties":{"n":"SIGLO XX","p":48,"personas_x_ha":217,"masculinidad":85,"pct_menor20":48,"pct_60mas":2,"pct_migrante":42,"dependencia_econ":220,"pct_empleados":13,"pct_cuentapropia":53,"pct_agricultura":13,"pct_comercio":13,"pct_manufactura":0,"pct_construccion":7,"pct_transporte":7,"pct_alojamiento":13,"pct_sin_educacion":14,"pct_educ_superior":36,"brecha_educ":-5,"pct_sin_seguro":10,"pct_sus":54,"pct_seguro_privado":0,"brecha_seguro":-2,"pct_salud_publica":20,"pct_med_tradicional":8,"pct_automedicacion":27,"pct_remedios_caseros":30,"pct_viv_desocupada":0,"pct_alquiler":33,"pct_electricidad":100,"pct_sin_electricidad":0,"pct_agua_red":80,"pct_alcantarillado":67,"pct_camara_septica":0,"pct_pozo_ciego":0,"pct_sin_desague":33,"pct_gas_red":0,"pct_gas_garrafa":100,"pct_lena_guano":100,"pct_basura_formal":100,"pct_basura_quema":0,"pct_basura_informal":0,"pct_internet":93,"pct_celular":93,"pct_televisor":73}},{"type":"Feature","geometry":{"type":"Polygon","coordinates":[[[-66.59011,-18.4232],[-66.5903,-18.42317],[-66.59011,-18.42226],[-66.58993,-18.42229],[-66.59011,-18.4232]]]},"properties":{"n":"SIGLO XX","p":103,"personas_x_ha":505,"masculinidad":91,"pct_menor20":29,"pct_60mas":11,"pct_migrante":50,"dependencia_econ":106,"pct_empleados":52,"pct_cuentapropia":30,"pct_agricultura":6,"pct_comercio":12,"pct_manufactura":2,"pct_construccion":2,"pct_transporte":4,"pct_alojamiento":12,"pct_sin_educacion":2,"pct_educ_superior":71,"brecha_educ":-18,"pct_sin_seguro":9,"pct_sus":54,"pct_seguro_privado":1,"brecha_seguro":3,"pct_salud_publica":19,"pct_med_tradicional":12,"pct_automedicacion":19,"pct_remedios_caseros":23,"pct_viv_desocupada":2,"pct_alquiler":53,"pct_electricidad":100,"pct_sin_electricidad":0,"pct_agua_red":100,"pct_alcantarillado":98,"pct_camara_septica":0,"pct_pozo_ciego":0,"pct_sin_desague":2,"pct_gas_red":40,"pct_gas_garrafa":58,"pct_lena_guano":58,"pct_basura_formal":98,"pct_basura_quema":0,"pct_basura_informal":4,"pct_internet":87,"pct_celular":91,"pct_televisor":78}},{"type":"Feature","geometry":{"type":"Polygon","coordinates":[[[-66.5906,-18.42467],[-66.59044,-18.4238],[-66.59025,-18.42383],[-66.5904,-18.42469],[-66.5906,-18.42467]]]},"properties":{"n":"SIGLO XX","p":80,"personas_x_ha":384,"masculinidad":111,"pct_menor20":31,"pct_60mas":11,"pct_migrante":26,"dependencia_econ":78,"pct_empleados":24,"pct_cuentapropia":64,"pct_agricultura":7,"pct_comercio":27,"pct_manufactura":0,"pct_construccion":11,"pct_transporte":9,"pct_alojamiento":9,"pct_sin_educacion":0,"pct_educ_superior":46,"brecha_educ":-4,"pct_sin_seguro":5,"pct_sus":51,"pct_seguro_privado":1,"brecha_seguro":10,"pct_salud_publica":22,"pct_med_tradicional":9,"pct_automedicacion":17,"pct_remedios_caseros":25,"pct_viv_desocupada":9,"pct_alquiler":17,"pct_electricidad":100,"pct_sin_electricidad":0,"pct_agua_red":100,"pct_alcantarillado":86,"pct_camara_septica":0,"pct_pozo_ciego":0,"pct_sin_desague":14,"pct_gas_red":59,"pct_gas_garrafa":41,"pct_lena_guano":41,"pct_basura_formal":100,"pct_basura_quema":0,"pct_basura_informal":0,"pct_internet":83,"pct_celular":97,"pct_televisor":90}},{"type":"Feature","geometry":{"type":"Polygon","coordinates":[[[-66.58842,-18.41871],[-66.58784,-18.41835],[-66.58779,-18.41843],[-66.58835,-18.41879],[-66.58842,-18.41871]]]},"properties":{"n":"SIGLO XX","p":40,"personas_x_ha":518,"masculinidad":135,"pct_menor20":38,"pct_60mas":8,"pct_migrante":28,"dependencia_econ":60,"pct_empleados":40,"pct_cuentapropia":36,"pct_agricultura":12,"pct_comercio":8,"pct_manufactura":4,"pct_construccion":20,"pct_transporte":4,"pct_alojamiento":12,"pct_sin_educacion":15,"pct_educ_superior":42,"brecha_educ":-8,"pct_sin_seguro":15,"pct_sus":57,"pct_seguro_privado":0,"brecha_seguro":16,"pct_salud_publica":25,"pct_med_tradicional":15,"pct_automedicacion":24,"pct_remedios_caseros":22,"pct_viv_desocupada":0,"pct_alquiler":0,"pct_electricidad":92,"pct_sin_electricidad":0,"pct_agua_red":85,"pct_alcantarillado":54,"pct_camara_septica":0,"pct_pozo_ciego":0,"pct_sin_desague":46,"pct_gas_red":69,"pct_gas_garrafa":31,"pct_lena_guano":31,"pct_basura_formal":100,"pct_basura_quema":0,"pct_basura_informal":0,"pct_internet":69,"pct_celular":92,"pct_televisor":100}},{"type":"Feature","geometry":{"type":"Polygon","coordinates":[[[-66.58752,-18.42103],[-66.58758,-18.42114],[-66.58803,-18.4209],[-66.58797,-18.42081],[-66.58752,-18.42103]]]},"properties":{"n":"SIGLO XX","p":22,"personas_x_ha":312,"masculinidad":57,"pct_menor20":27,"pct_60mas":32,"pct_migrante":45,"dependencia_econ":100,"pct_empleados":36,"pct_cuentapropia":27,"pct_agricultura":0,"pct_comercio":0,"pct_manufactura":0,"pct_construccion":0,"pct_transporte":0,"pct_alojamiento":0,"pct_sin_educacion":0,"pct_educ_superior":75,"brecha_educ":17,"pct_sin_seguro":24,"pct_sus":76,"pct_seguro_privado":0,"brecha_seguro":29,"pct_salud_publica":17,"pct_med_tradicional":13,"pct_automedicacion":20,"pct_remedios_caseros":13,"pct_viv_desocupada":0,"pct_alquiler":20,"pct_electricidad":100,"pct_sin_electricidad":0,"pct_agua_red":90,"pct_alcantarillado":80,"pct_camara_septica":0,"pct_pozo_ciego":0,"pct_sin_desague":20,"pct_gas_red":60,"pct_gas_garrafa":40,"pct_lena_guano":40,"pct_basura_formal":100,"pct_basura_quema":0,"pct_basura_informal":0,"pct_internet":90,"pct_celular":100,"pct_televisor":90}},{"type":"Feature","geometry":{"type":"Polygon","coordinates":[[[-66.59591,-18.42844],[-66.59669,-18.42794],[-66.59657,-18.42776],[-66.59575,-18.42823],[-66.59591,-18.42844]]]},"properties":{"n":"SIGLO XX","p":37,"personas_x_ha":127,"masculinidad":118,"pct_menor20":30,"pct_60mas":3,"pct_migrante":24,"dependencia_econ":95,"pct_empleados":32,"pct_cuentapropia":53,"pct_agricultura":5,"pct_comercio":37,"pct_manufactura":11,"pct_construccion":11,"pct_transporte":11,"pct_alojamiento":0,"pct_sin_educacion":0,"pct_educ_superior":62,"brecha_educ":-13,"pct_sin_seguro":19,"pct_sus":70,"pct_seguro_privado":0,"brecha_seguro":13,"pct_salud_publica":23,"pct_med_tradicional":15,"pct_automedicacion":25,"pct_remedios_caseros":27,"pct_viv_desocupada":0,"pct_alquiler":7,"pct_electricidad":100,"pct_sin_electricidad":0,"pct_agua_red":100,"pct_alcantarillado":100,"pct_camara_septica":0,"pct_pozo_ciego":0,"pct_sin_desague":0,"pct_gas_red":86,"pct_gas_garrafa":14,"pct_lena_guano":14,"pct_basura_formal":79,"pct_basura_quema":14,"pct_basura_informal":0,"pct_internet":100,"pct_celular":100,"pct_televisor":93}},{"type":"Feature","geometry":{"type":"Polygon","coordinates":[[[-66.58748,-18.42099],[-66.58795,-18.42077],[-66.5879,-18.42066],[-66.58742,-18.42088],[-66.58748,-18.42099]]]},"properties":{"n":"SIGLO XX","p":36,"personas_x_ha":461,"masculinidad":80,"pct_menor20":33,"pct_60mas":6,"pct_migrante":31,"dependencia_econ":57,"pct_empleados":65,"pct_cuentapropia":22,"pct_agricultura":4,"pct_comercio":22,"pct_manufactura":17,"pct_construccion":4,"pct_transporte":4,"pct_alojamiento":0,"pct_sin_educacion":4,"pct_educ_superior":74,"brecha_educ":-17,"pct_sin_seguro":33,"pct_sus":53,"pct_seguro_privado":0,"brecha_seguro":19,"pct_salud_publica":21,"pct_med_tradicional":18,"pct_automedicacion":19,"pct_remedios_caseros":25,"pct_viv_desocupada":20,"pct_alquiler":36,"pct_electricidad":100,"pct_sin_electricidad":0,"pct_agua_red":100,"pct_alcantarillado":91,"pct_camara_septica":0,"pct_pozo_ciego":0,"pct_sin_desague":9,"pct_gas_red":64,"pct_gas_garrafa":36,"pct_lena_guano":36,"pct_basura_formal":100,"pct_basura_quema":0,"pct_basura_informal":0,"pct_internet":82,"pct_celular":82,"pct_televisor":82}},{"type":"Feature","geometry":{"type":"Polygon","coordinates":[[[-66.5923,-18.42844],[-66.59249,-18.42843],[-66.59245,-18.42756],[-66.59224,-18.42756],[-66.5923,-18.42844]]]},"properties":{"n":"SIGLO XX","p":65,"personas_x_ha":318,"masculinidad":71,"pct_menor20":35,"pct_60mas":8,"pct_migrante":37,"dependencia_econ":71,"pct_empleados":42,"pct_cuentapropia":34,"pct_agricultura":11,"pct_comercio":21,"pct_manufactura":0,"pct_construccion":5,"pct_transporte":5,"pct_alojamiento":8,"pct_sin_educacion":2,"pct_educ_superior":63,"brecha_educ":-11,"pct_sin_seguro":12,"pct_sus":49,"pct_seguro_privado":0,"brecha_seguro":-8,"pct_salud_publica":21,"pct_med_tradicional":13,"pct_automedicacion":20,"pct_remedios_caseros":25,"pct_viv_desocupada":7,"pct_alquiler":0,"pct_electricidad":100,"pct_sin_electricidad":0,"pct_agua_red":96,"pct_alcantarillado":78,"pct_camara_septica":0,"pct_pozo_ciego":0,"pct_sin_desague":22,"pct_gas_red":52,"pct_gas_garrafa":48,"pct_lena_guano":48,"pct_basura_formal":100,"pct_basura_quema":0,"pct_basura_informal":0,"pct_internet":78,"pct_celular":83,"pct_televisor":87}},{"type":"Feature","geometry":{"type":"Polygon","coordinates":[[[-66.59117,-18.42286],[-66.59105,-18.42226],[-66.59095,-18.42228],[-66.59107,-18.42288],[-66.59117,-18.42286]]]},"properties":{"n":"SIGLO XX","p":23,"personas_x_ha":315,"masculinidad":109,"pct_menor20":35,"pct_60mas":13,"pct_migrante":13,"dependencia_econ":53,"pct_empleados":67,"pct_cuentapropia":20,"pct_agricultura":7,"pct_comercio":7,"pct_manufactura":0,"pct_construccion":13,"pct_transporte":0,"pct_alojamiento":0,"pct_sin_educacion":0,"pct_educ_superior":94,"brecha_educ":0,"pct_sin_seguro":9,"pct_sus":4,"pct_seguro_privado":9,"brecha_seguro":17,"pct_salud_publica":14,"pct_med_tradicional":21,"pct_automedicacion":13,"pct_remedios_caseros":26,"pct_viv_desocupada":0,"pct_alquiler":25,"pct_electricidad":100,"pct_sin_electricidad":0,"pct_agua_red":100,"pct_alcantarillado":100,"pct_camara_septica":0,"pct_pozo_ciego":0,"pct_sin_desague":0,"pct_gas_red":50,"pct_gas_garrafa":50,"pct_lena_guano":50,"pct_basura_formal":100,"pct_basura_quema":0,"pct_basura_informal":0,"pct_internet":100,"pct_celular":100,"pct_televisor":100}},{"type":"Feature","geometry":{"type":"Polygon","coordinates":[[[-66.58759,-18.41985],[-66.58706,-18.41951],[-66.58695,-18.41965],[-66.58752,-18.41995],[-66.58759,-18.41985]]]},"properties":{"n":"SIGLO XX","p":45,"personas_x_ha":416,"masculinidad":73,"pct_menor20":33,"pct_60mas":9,"pct_migrante":24,"dependencia_econ":96,"pct_empleados":35,"pct_cuentapropia":43,"pct_agricultura":13,"pct_comercio":26,"pct_manufactura":9,"pct_construccion":0,"pct_transporte":13,"pct_alojamiento":0,"pct_sin_educacion":10,"pct_educ_superior":40,"brecha_educ":1,"pct_sin_seguro":13,"pct_sus":84,"pct_seguro_privado":2,"brecha_seguro":13,"pct_salud_publica":22,"pct_med_tradicional":5,"pct_automedicacion":19,"pct_remedios_caseros":26,"pct_viv_desocupada":0,"pct_alquiler":8,"pct_electricidad":100,"pct_sin_electricidad":0,"pct_agua_red":100,"pct_alcantarillado":92,"pct_camara_septica":0,"pct_pozo_ciego":8,"pct_sin_desague":0,"pct_gas_red":69,"pct_gas_garrafa":31,"pct_lena_guano":31,"pct_basura_formal":100,"pct_basura_quema":0,"pct_basura_informal":0,"pct_internet":85,"pct_celular":92,"pct_televisor":85}},{"type":"Feature","geometry":{"type":"Polygon","coordinates":[[[-66.5957,-18.42793],[-66.59644,-18.42746],[-66.59638,-18.42737],[-66.59567,-18.42783],[-66.5957,-18.42793]]]},"properties":{"n":"SIGLO XX","p":18,"personas_x_ha":168,"masculinidad":100,"pct_menor20":39,"pct_60mas":17,"pct_migrante":22,"dependencia_econ":200,"pct_empleados":33,"pct_cuentapropia":50,"pct_agricultura":17,"pct_comercio":0,"pct_manufactura":0,"pct_construccion":17,"pct_transporte":0,"pct_alojamiento":17,"pct_sin_educacion":18,"pct_educ_superior":55,"brecha_educ":23,"pct_sin_seguro":0,"pct_sus":100,"pct_seguro_privado":0,"brecha_seguro":0,"pct_salud_publica":21,"pct_med_tradicional":22,"pct_automedicacion":16,"pct_remedios_caseros":25,"pct_viv_desocupada":0,"pct_alquiler":11,"pct_electricidad":100,"pct_sin_electricidad":0,"pct_agua_red":100,"pct_alcantarillado":100,"pct_camara_septica":0,"pct_pozo_ciego":0,"pct_sin_desague":0,"pct_gas_red":78,"pct_gas_garrafa":22,"pct_lena_guano":22,"pct_basura_formal":100,"pct_basura_quema":0,"pct_basura_informal":0,"pct_internet":89,"pct_celular":100,"pct_televisor":89}},{"type":"Feature","geometry":{"type":"Polygon","coordinates":[[[-66.58705,-18.41821],[-66.58699,-18.4183],[-66.58756,-18.41866],[-66.58763,-18.41857],[-66.58705,-18.41821]]]},"properties":{"n":"SIGLO XX","p":37,"personas_x_ha":421,"masculinidad":106,"pct_menor20":35,"pct_60mas":11,"pct_migrante":43,"dependencia_econ":236,"pct_empleados":9,"pct_cuentapropia":64,"pct_agricultura":9,"pct_comercio":0,"pct_manufactura":9,"pct_construccion":0,"pct_transporte":0,"pct_alojamiento":18,"pct_sin_educacion":4,"pct_educ_superior":48,"brecha_educ":-3,"pct_sin_seguro":3,"pct_sus":35,"pct_seguro_privado":3,"brecha_seguro":-6,"pct_salud_publica":19,"pct_med_tradicional":11,"pct_automedicacion":17,"pct_remedios_caseros":30,"pct_viv_desocupada":8,"pct_alquiler":9,"pct_electricidad":100,"pct_sin_electricidad":0,"pct_agua_red":55,"pct_alcantarillado":100,"pct_camara_septica":0,"pct_pozo_ciego":0,"pct_sin_desague":0,"pct_gas_red":36,"pct_gas_garrafa":64,"pct_lena_guano":64,"pct_basura_formal":100,"pct_basura_quema":0,"pct_basura_informal":0,"pct_internet":55,"pct_celular":91,"pct_televisor":82}},{"type":"Feature","geometry":{"type":"Polygon","coordinates":[[[-66.5932,-18.43096],[-66.59238,-18.43039],[-66.59231,-18.43045],[-66.59313,-18.43105],[-66.5932,-18.43096]]]},"properties":{"n":"SIGLO XX","p":24,"personas_x_ha":168,"masculinidad":60,"pct_menor20":42,"pct_60mas":12,"pct_migrante":25,"dependencia_econ":140,"pct_empleados":40,"pct_cuentapropia":50,"pct_agricultura":0,"pct_comercio":30,"pct_manufactura":10,"pct_construccion":0,"pct_transporte":0,"pct_alojamiento":0,"pct_sin_educacion":14,"pct_educ_superior":43,"brecha_educ":-2,"pct_sin_seguro":12,"pct_sus":54,"pct_seguro_privado":8,"brecha_seguro":-2,"pct_salud_publica":17,"pct_med_tradicional":15,"pct_automedicacion":22,"pct_remedios_caseros":20,"pct_viv_desocupada":0,"pct_alquiler":0,"pct_electricidad":100,"pct_sin_electricidad":0,"pct_agua_red":80,"pct_alcantarillado":20,"pct_camara_septica":0,"pct_pozo_ciego":0,"pct_sin_desague":80,"pct_gas_red":0,"pct_gas_garrafa":100,"pct_lena_guano":100,"pct_basura_formal":100,"pct_basura_quema":0,"pct_basura_informal":0,"pct_internet":80,"pct_celular":90,"pct_televisor":100}},{"type":"Feature","geometry":{"type":"Polygon","coordinates":[[[-66.59214,-18.43218],[-66.59223,-18.4323],[-66.59266,-18.43194],[-66.59246,-18.43174],[-66.59214,-18.43218]]]},"properties":{"n":"SIGLO XX","p":30,"personas_x_ha":190,"masculinidad":100,"pct_menor20":40,"pct_60mas":3,"pct_migrante":57,"dependencia_econ":88,"pct_empleados":19,"pct_cuentapropia":56,"pct_agricultura":12,"pct_comercio":19,"pct_manufactura":0,"pct_construccion":19,"pct_transporte":12,"pct_alojamiento":6,"pct_sin_educacion":5,"pct_educ_superior":42,"brecha_educ":-19,"pct_sin_seguro":7,"pct_sus":34,"pct_seguro_privado":0,"brecha_seguro":14,"pct_salud_publica":17,"pct_med_tradicional":17,"pct_automedicacion":25,"pct_remedios_caseros":23,"pct_viv_desocupada":17,"pct_alquiler":0,"pct_electricidad":40,"pct_sin_electricidad":40,"pct_agua_red":10,"pct_alcantarillado":0,"pct_camara_septica":0,"pct_pozo_ciego":0,"pct_sin_desague":100,"pct_gas_red":0,"pct_gas_garrafa":80,"pct_lena_guano":80,"pct_basura_formal":90,"pct_basura_quema":10,"pct_basura_informal":0,"pct_internet":60,"pct_celular":80,"pct_televisor":50}},{"type":"Feature","geometry":{"type":"Polygon","coordinates":[[[-66.59025,-18.42186],[-66.59071,-18.4218],[-66.5907,-18.42166],[-66.59014,-18.42173],[-66.59025,-18.42186]]]},"properties":{"n":"SIGLO XX","p":32,"personas_x_ha":337,"masculinidad":33,"pct_menor20":38,"pct_60mas":22,"pct_migrante":69,"dependencia_econ":300,"pct_empleados":12,"pct_cuentapropia":25,"pct_agricultura":12,"pct_comercio":0,"pct_manufactura":0,"pct_construccion":0,"pct_transporte":12,"pct_alojamiento":0,"pct_sin_educacion":5,"pct_educ_superior":76,"brecha_educ":-20,"pct_sin_seguro":31,"pct_sus":62,"pct_seguro_privado":0,"brecha_seguro":-25,"pct_salud_publica":20,"pct_med_tradicional":2,"pct_automedicacion":20,"pct_remedios_caseros":29,"pct_viv_desocupada":0,"pct_alquiler":62,"pct_electricidad":100,"pct_sin_electricidad":0,"pct_agua_red":94,"pct_alcantarillado":100,"pct_camara_septica":0,"pct_pozo_ciego":0,"pct_sin_desague":0,"pct_gas_red":31,"pct_gas_garrafa":56,"pct_lena_guano":56,"pct_basura_formal":100,"pct_basura_quema":0,"pct_basura_informal":0,"pct_internet":100,"pct_celular":100,"pct_televisor":44}},{"type":"Feature","geometry":{"type":"Polygon","coordinates":[[[-66.59064,-18.42149],[-66.59062,-18.4214],[-66.59002,-18.42148],[-66.59003,-18.42157],[-66.59064,-18.42149]]]},"properties":{"n":"SIGLO XX","p":16,"personas_x_ha":245,"masculinidad":220,"pct_menor20":25,"pct_60mas":25,"pct_migrante":38,"dependencia_econ":100,"pct_empleados":0,"pct_cuentapropia":25,"pct_agricultura":0,"pct_comercio":0,"pct_manufactura":12,"pct_construccion":0,"pct_transporte":0,"pct_alojamiento":25,"pct_sin_educacion":0,"pct_educ_superior":46,"brecha_educ":-40,"pct_sin_seguro":6,"pct_sus":94,"pct_seguro_privado":0,"brecha_seguro":-20,"pct_salud_publica":25,"pct_med_tradicional":9,"pct_automedicacion":19,"pct_remedios_caseros":26,"pct_viv_desocupada":11,"pct_alquiler":12,"pct_electricidad":100,"pct_sin_electricidad":0,"pct_agua_red":100,"pct_alcantarillado":100,"pct_camara_septica":0,"pct_pozo_ciego":0,"pct_sin_desague":0,"pct_gas_red":100,"pct_gas_garrafa":0,"pct_lena_guano":0,"pct_basura_formal":100,"pct_basura_quema":0,"pct_basura_informal":0,"pct_internet":88,"pct_celular":88,"pct_televisor":88}},{"type":"Feature","geometry":{"type":"Polygon","coordinates":[[[-66.59299,-18.43214],[-66.59272,-18.43228],[-66.59239,-18.43273],[-66.59263,-18.43289],[-66.59315,-18.43228],[-66.59299,-18.43214]]]},"properties":{"n":"SIGLO XX","p":50,"personas_x_ha":170,"masculinidad":108,"pct_menor20":54,"pct_60mas":10,"pct_migrante":46,"dependencia_econ":212,"pct_empleados":31,"pct_cuentapropia":19,"pct_agricultura":25,"pct_comercio":0,"pct_manufactura":6,"pct_construccion":38,"pct_transporte":6,"pct_alojamiento":0,"pct_sin_educacion":13,"pct_educ_superior":35,"brecha_educ":2,"pct_sin_seguro":4,"pct_sus":67,"pct_seguro_privado":0,"brecha_seguro":-1,"pct_salud_publica":58,"pct_med_tradicional":5,"pct_automedicacion":5,"pct_remedios_caseros":9,"pct_viv_desocupada":5,"pct_alquiler":0,"pct_electricidad":61,"pct_sin_electricidad":33,"pct_agua_red":0,"pct_alcantarillado":0,"pct_camara_septica":0,"pct_pozo_ciego":0,"pct_sin_desague":100,"pct_gas_red":0,"pct_gas_garrafa":72,"pct_lena_guano":72,"pct_basura_formal":72,"pct_basura_quema":11,"pct_basura_informal":0,"pct_internet":67,"pct_celular":78,"pct_televisor":61}},{"type":"Feature","geometry":{"type":"Polygon","coordinates":[[[-66.59408,-18.42981],[-66.59366,-18.42961],[-66.59333,-18.42959],[-66.59336,-18.42991],[-66.59346,-18.43004],[-66.59408,-18.42981]]]},"properties":{"n":"SIGLO XX","p":79,"personas_x_ha":349,"masculinidad":88,"pct_menor20":49,"pct_60mas":0,"pct_migrante":54,"dependencia_econ":193,"pct_empleados":44,"pct_cuentapropia":37,"pct_agricultura":11,"pct_comercio":19,"pct_manufactura":0,"pct_construccion":19,"pct_transporte":19,"pct_alojamiento":0,"pct_sin_educacion":5,"pct_educ_superior":41,"brecha_educ":-14,"pct_sin_seguro":8,"pct_sus":56,"pct_seguro_privado":0,"brecha_seguro":11,"pct_salud_publica":20,"pct_med_tradicional":4,"pct_automedicacion":23,"pct_remedios_caseros":32,"pct_viv_desocupada":4,"pct_alquiler":0,"pct_electricidad":40,"pct_sin_electricidad":56,"pct_agua_red":20,"pct_alcantarillado":4,"pct_camara_septica":0,"pct_pozo_ciego":0,"pct_sin_desague":96,"pct_gas_red":0,"pct_gas_garrafa":92,"pct_lena_guano":92,"pct_basura_formal":64,"pct_basura_quema":32,"pct_basura_informal":8,"pct_internet":84,"pct_celular":92,"pct_televisor":52}},{"type":"Feature","geometry":{"type":"Polygon","coordinates":[[[-66.59178,-18.42624],[-66.59157,-18.42557],[-66.59139,-18.42561],[-66.59156,-18.42641],[-66.59185,-18.42644],[-66.59188,-18.42627],[-66.59178,-18.42624]]]},"properties":{"n":"SIGLO XX","p":42,"personas_x_ha":188,"masculinidad":91,"pct_menor20":45,"pct_60mas":0,"pct_migrante":48,"dependencia_econ":133,"pct_empleados":28,"pct_cuentapropia":28,"pct_agricultura":0,"pct_comercio":11,"pct_manufactura":6,"pct_construccion":6,"pct_transporte":0,"pct_alojamiento":17,"pct_sin_educacion":4,"pct_educ_superior":60,"brecha_educ":-30,"pct_sin_seguro":5,"pct_sus":40,"pct_seguro_privado":0,"brecha_seguro":10,"pct_salud_publica":15,"pct_med_tradicional":21,"pct_automedicacion":23,"pct_remedios_caseros":26,"pct_viv_desocupada":0,"pct_alquiler":20,"pct_electricidad":100,"pct_sin_electricidad":0,"pct_agua_red":93,"pct_alcantarillado":67,"pct_camara_septica":0,"pct_pozo_ciego":0,"pct_sin_desague":33,"pct_gas_red":0,"pct_gas_garrafa":93,"pct_lena_guano":93,"pct_basura_formal":100,"pct_basura_quema":0,"pct_basura_informal":0,"pct_internet":100,"pct_celular":100,"pct_televisor":60}},{"type":"Feature","geometry":{"type":"Polygon","coordinates":[[[-66.59614,-18.4258],[-66.59654,-18.42539],[-66.5964,-18.42526],[-66.596,-18.42569],[-66.59614,-18.4258]]]},"properties":{"n":"SIGLO XX","p":25,"personas_x_ha":200,"masculinidad":127,"pct_menor20":36,"pct_60mas":4,"pct_migrante":24,"dependencia_econ":92,"pct_empleados":31,"pct_cuentapropia":8,"pct_agricultura":0,"pct_comercio":0,"pct_manufactura":8,"pct_construccion":0,"pct_transporte":8,"pct_alojamiento":31,"pct_sin_educacion":0,"pct_educ_superior":44,"brecha_educ":-22,"pct_sin_seguro":0,"pct_sus":64,"pct_seguro_privado":0,"brecha_seguro":0,"pct_salud_publica":22,"pct_med_tradicional":22,"pct_automedicacion":14,"pct_remedios_caseros":23,"pct_viv_desocupada":7,"pct_alquiler":0,"pct_electricidad":100,"pct_sin_electricidad":0,"pct_agua_red":77,"pct_alcantarillado":100,"pct_camara_septica":0,"pct_pozo_ciego":0,"pct_sin_desague":0,"pct_gas_red":77,"pct_gas_garrafa":23,"pct_lena_guano":23,"pct_basura_formal":77,"pct_basura_quema":23,"pct_basura_informal":0,"pct_internet":77,"pct_celular":77,"pct_televisor":62}},{"type":"Feature","geometry":{"type":"Polygon","coordinates":[[[-66.59351,-18.42603],[-66.5932,-18.42543],[-66.59301,-18.42531],[-66.59284,-18.42555],[-66.59288,-18.42587],[-66.5932,-18.42619],[-66.59351,-18.42603]]]},"properties":{"n":"SIGLO XX","p":41,"personas_x_ha":104,"masculinidad":71,"pct_menor20":49,"pct_60mas":7,"pct_migrante":39,"dependencia_econ":128,"pct_empleados":28,"pct_cuentapropia":72,"pct_agricultura":6,"pct_comercio":17,"pct_manufactura":11,"pct_construccion":0,"pct_transporte":6,"pct_alojamiento":28,"pct_sin_educacion":5,"pct_educ_superior":43,"brecha_educ":-15,"pct_sin_seguro":22,"pct_sus":37,"pct_seguro_privado":0,"brecha_seguro":13,"pct_salud_publica":19,"pct_med_tradicional":5,"pct_automedicacion":19,"pct_remedios_caseros":27,"pct_viv_desocupada":8,"pct_alquiler":0,"pct_electricidad":100,"pct_sin_electricidad":0,"pct_agua_red":100,"pct_alcantarillado":73,"pct_camara_septica":0,"pct_pozo_ciego":0,"pct_sin_desague":27,"pct_gas_red":45,"pct_gas_garrafa":55,"pct_lena_guano":55,"pct_basura_formal":100,"pct_basura_quema":0,"pct_basura_informal":0,"pct_internet":82,"pct_celular":91,"pct_televisor":82}},{"type":"Feature","geometry":{"type":"Polygon","coordinates":[[[-66.59156,-18.41902],[-66.59177,-18.4198],[-66.5921,-18.41971],[-66.59192,-18.41893],[-66.59156,-18.41902]]]},"properties":{"n":"SIGLO XX","p":50,"personas_x_ha":144,"masculinidad":79,"pct_menor20":42,"pct_60mas":4,"pct_migrante":44,"dependencia_econ":150,"pct_empleados":35,"pct_cuentapropia":40,"pct_agricultura":0,"pct_comercio":45,"pct_manufactura":5,"pct_construccion":10,"pct_transporte":0,"pct_alojamiento":0,"pct_sin_educacion":7,"pct_educ_superior":62,"brecha_educ":-6,"pct_sin_seguro":4,"pct_sus":64,"pct_seguro_privado":0,"brecha_seguro":1,"pct_salud_publica":22,"pct_med_tradicional":14,"pct_automedicacion":13,"pct_remedios_caseros":27,"pct_viv_desocupada":0,"pct_alquiler":0,"pct_electricidad":94,"pct_sin_electricidad":6,"pct_agua_red":89,"pct_alcantarillado":67,"pct_camara_septica":0,"pct_pozo_ciego":0,"pct_sin_desague":33,"pct_gas_red":0,"pct_gas_garrafa":94,"pct_lena_guano":94,"pct_basura_formal":100,"pct_basura_quema":0,"pct_basura_informal":0,"pct_internet":94,"pct_celular":94,"pct_televisor":83}},{"type":"Feature","geometry":{"type":"Polygon","coordinates":[[[-66.58724,-18.42041],[-66.58729,-18.42053],[-66.58777,-18.42035],[-66.58769,-18.42022],[-66.58724,-18.42041]]]},"properties":{"n":"SIGLO XX","p":51,"personas_x_ha":552,"masculinidad":76,"pct_menor20":25,"pct_60mas":4,"pct_migrante":51,"dependencia_econ":122,"pct_empleados":57,"pct_cuentapropia":26,"pct_agricultura":4,"pct_comercio":22,"pct_manufactura":4,"pct_construccion":13,"pct_transporte":4,"pct_alojamiento":4,"pct_sin_educacion":0,"pct_educ_superior":62,"brecha_educ":-5,"pct_sin_seguro":16,"pct_sus":84,"pct_seguro_privado":0,"brecha_seguro":4,"pct_salud_publica":31,"pct_med_tradicional":3,"pct_automedicacion":21,"pct_remedios_caseros":21,"pct_viv_desocupada":0,"pct_alquiler":45,"pct_electricidad":100,"pct_sin_electricidad":0,"pct_agua_red":100,"pct_alcantarillado":95,"pct_camara_septica":0,"pct_pozo_ciego":0,"pct_sin_desague":5,"pct_gas_red":25,"pct_gas_garrafa":75,"pct_lena_guano":75,"pct_basura_formal":100,"pct_basura_quema":0,"pct_basura_informal":0,"pct_internet":100,"pct_celular":100,"pct_televisor":85}},{"type":"Feature","geometry":{"type":"Polygon","coordinates":[[[-66.58842,-18.42045],[-66.58838,-18.42036],[-66.58792,-18.42056],[-66.58797,-18.42065],[-66.58842,-18.42045]]]},"properties":{"n":"SIGLO XX","p":24,"personas_x_ha":379,"masculinidad":100,"pct_menor20":38,"pct_60mas":4,"pct_migrante":42,"dependencia_econ":100,"pct_empleados":42,"pct_cuentapropia":33,"pct_agricultura":0,"pct_comercio":17,"pct_manufactura":17,"pct_construccion":0,"pct_transporte":8,"pct_alojamiento":25,"pct_sin_educacion":0,"pct_educ_superior":62,"brecha_educ":25,"pct_sin_seguro":17,"pct_sus":75,"pct_seguro_privado":0,"brecha_seguro":17,"pct_salud_publica":21,"pct_med_tradicional":22,"pct_automedicacion":20,"pct_remedios_caseros":23,"pct_viv_desocupada":9,"pct_alquiler":25,"pct_electricidad":100,"pct_sin_electricidad":0,"pct_agua_red":88,"pct_alcantarillado":62,"pct_camara_septica":0,"pct_pozo_ciego":0,"pct_sin_desague":38,"pct_gas_red":62,"pct_gas_garrafa":38,"pct_lena_guano":38,"pct_basura_formal":100,"pct_basura_quema":0,"pct_basura_informal":0,"pct_internet":100,"pct_celular":100,"pct_televisor":100}},{"type":"Feature","geometry":{"type":"Polygon","coordinates":[[[-66.59758,-18.42605],[-66.5978,-18.42626],[-66.59788,-18.42612],[-66.59799,-18.42562],[-66.59786,-18.4256],[-66.59758,-18.42605]]]},"properties":{"n":"SIGLO XX","p":15,"personas_x_ha":93,"masculinidad":114,"pct_menor20":67,"pct_60mas":0,"pct_migrante":20,"dependencia_econ":267,"pct_empleados":0,"pct_cuentapropia":100,"pct_agricultura":0,"pct_comercio":0,"pct_manufactura":0,"pct_construccion":0,"pct_transporte":0,"pct_alojamiento":33,"pct_sin_educacion":0,"pct_educ_superior":25,"brecha_educ":50,"pct_sin_seguro":10,"pct_sus":90,"pct_seguro_privado":0,"brecha_seguro":20,"pct_salud_publica":26,"pct_med_tradicional":13,"pct_automedicacion":16,"pct_remedios_caseros":29,"pct_viv_desocupada":36,"pct_alquiler":0,"pct_electricidad":100,"pct_sin_electricidad":0,"pct_agua_red":100,"pct_alcantarillado":83,"pct_camara_septica":0,"pct_pozo_ciego":0,"pct_sin_desague":17,"pct_gas_red":67,"pct_gas_garrafa":33,"pct_lena_guano":33,"pct_basura_formal":100,"pct_basura_quema":0,"pct_basura_informal":0,"pct_internet":67,"pct_celular":67,"pct_televisor":67}},{"type":"Feature","geometry":{"type":"Polygon","coordinates":[[[-66.59635,-18.42722],[-66.59627,-18.42709],[-66.59555,-18.4276],[-66.59565,-18.42771],[-66.59635,-18.42722]]]},"properties":{"n":"SIGLO XX","p":28,"personas_x_ha":181,"masculinidad":100,"pct_menor20":29,"pct_60mas":21,"pct_migrante":18,"dependencia_econ":65,"pct_empleados":24,"pct_cuentapropia":59,"pct_agricultura":18,"pct_comercio":12,"pct_manufactura":0,"pct_construccion":18,"pct_transporte":0,"pct_alojamiento":12,"pct_sin_educacion":5,"pct_educ_superior":29,"brecha_educ":-12,"pct_sin_seguro":21,"pct_sus":36,"pct_seguro_privado":0,"brecha_seguro":0,"pct_salud_publica":19,"pct_med_tradicional":10,"pct_automedicacion":20,"pct_remedios_caseros":28,"pct_viv_desocupada":0,"pct_alquiler":10,"pct_electricidad":100,"pct_sin_electricidad":0,"pct_agua_red":80,"pct_alcantarillado":100,"pct_camara_septica":0,"pct_pozo_ciego":0,"pct_sin_desague":0,"pct_gas_red":90,"pct_gas_garrafa":10,"pct_lena_guano":10,"pct_basura_formal":100,"pct_basura_quema":0,"pct_basura_informal":0,"pct_internet":60,"pct_celular":100,"pct_televisor":100}},{"type":"Feature","geometry":{"type":"Polygon","coordinates":[[[-66.58862,-18.42078],[-66.58856,-18.4207],[-66.58812,-18.42095],[-66.58819,-18.42103],[-66.58862,-18.42078]]]},"properties":{"n":"SIGLO XX","p":31,"personas_x_ha":477,"masculinidad":48,"pct_menor20":35,"pct_60mas":16,"pct_migrante":23,"dependencia_econ":107,"pct_empleados":7,"pct_cuentapropia":53,"pct_agricultura":0,"pct_comercio":67,"pct_manufactura":0,"pct_construccion":0,"pct_transporte":0,"pct_alojamiento":33,"pct_sin_educacion":5,"pct_educ_superior":45,"brecha_educ":-9,"pct_sin_seguro":10,"pct_sus":90,"pct_seguro_privado":0,"brecha_seguro":15,"pct_salud_publica":31,"pct_med_tradicional":13,"pct_automedicacion":14,"pct_remedios_caseros":31,"pct_viv_desocupada":27,"pct_alquiler":12,"pct_electricidad":100,"pct_sin_electricidad":0,"pct_agua_red":88,"pct_alcantarillado":100,"pct_camara_septica":0,"pct_pozo_ciego":0,"pct_sin_desague":0,"pct_gas_red":75,"pct_gas_garrafa":25,"pct_lena_guano":25,"pct_basura_formal":100,"pct_basura_quema":0,"pct_basura_informal":0,"pct_internet":100,"pct_celular":88,"pct_televisor":100}},{"type":"Feature","geometry":{"type":"Polygon","coordinates":[[[-66.59557,-18.42839],[-66.59566,-18.4283],[-66.59548,-18.42763],[-66.5952,-18.42793],[-66.59557,-18.42839]]]},"properties":{"n":"SIGLO XX","p":34,"personas_x_ha":182,"masculinidad":79,"pct_menor20":53,"pct_60mas":3,"pct_migrante":59,"dependencia_econ":240,"pct_empleados":30,"pct_cuentapropia":60,"pct_agricultura":10,"pct_comercio":20,"pct_manufactura":10,"pct_construccion":30,"pct_transporte":0,"pct_alojamiento":10,"pct_sin_educacion":6,"pct_educ_superior":25,"brecha_educ":-50,"pct_sin_seguro":24,"pct_sus":68,"pct_seguro_privado":0,"brecha_seguro":18,"pct_salud_publica":10,"pct_med_tradicional":20,"pct_automedicacion":26,"pct_remedios_caseros":24,"pct_viv_desocupada":0,"pct_alquiler":0,"pct_electricidad":100,"pct_sin_electricidad":0,"pct_agua_red":89,"pct_alcantarillado":78,"pct_camara_septica":0,"pct_pozo_ciego":0,"pct_sin_desague":22,"pct_gas_red":22,"pct_gas_garrafa":78,"pct_lena_guano":78,"pct_basura_formal":100,"pct_basura_quema":0,"pct_basura_informal":0,"pct_internet":89,"pct_celular":89,"pct_televisor":78}},{"type":"Feature","geometry":{"type":"Polygon","coordinates":[[[-66.59155,-18.42507],[-66.59175,-18.42608],[-66.59189,-18.4262],[-66.59197,-18.42601],[-66.59224,-18.426],[-66.59174,-18.42501],[-66.59155,-18.42507]]]},"properties":{"n":"SIGLO XX","p":68,"personas_x_ha":146,"masculinidad":74,"pct_menor20":43,"pct_60mas":6,"pct_migrante":51,"dependencia_econ":162,"pct_empleados":38,"pct_cuentapropia":46,"pct_agricultura":0,"pct_comercio":31,"pct_manufactura":4,"pct_construccion":8,"pct_transporte":12,"pct_alojamiento":0,"pct_sin_educacion":3,"pct_educ_superior":64,"brecha_educ":9,"pct_sin_seguro":12,"pct_sus":69,"pct_seguro_privado":0,"brecha_seguro":-2,"pct_salud_publica":19,"pct_med_tradicional":13,"pct_automedicacion":23,"pct_remedios_caseros":23,"pct_viv_desocupada":0,"pct_alquiler":0,"pct_electricidad":100,"pct_sin_electricidad":0,"pct_agua_red":95,"pct_alcantarillado":90,"pct_camara_septica":0,"pct_pozo_ciego":0,"pct_sin_desague":10,"pct_gas_red":65,"pct_gas_garrafa":35,"pct_lena_guano":35,"pct_basura_formal":100,"pct_basura_quema":0,"pct_basura_informal":0,"pct_internet":100,"pct_celular":100,"pct_televisor":95}},{"type":"Feature","geometry":{"type":"Polygon","coordinates":[[[-66.59653,-18.42761],[-66.59646,-18.42753],[-66.59565,-18.4281],[-66.59571,-18.42818],[-66.59653,-18.42761]]]},"properties":{"n":"SIGLO XX","p":31,"personas_x_ha":194,"masculinidad":63,"pct_menor20":42,"pct_60mas":6,"pct_migrante":10,"dependencia_econ":343,"pct_empleados":29,"pct_cuentapropia":29,"pct_agricultura":0,"pct_comercio":14,"pct_manufactura":0,"pct_construccion":14,"pct_transporte":0,"pct_alojamiento":14,"pct_sin_educacion":0,"pct_educ_superior":55,"brecha_educ":-17,"pct_sin_seguro":16,"pct_sus":48,"pct_seguro_privado":0,"brecha_seguro":14,"pct_salud_publica":23,"pct_med_tradicional":11,"pct_automedicacion":18,"pct_remedios_caseros":22,"pct_viv_desocupada":0,"pct_alquiler":0,"pct_electricidad":100,"pct_sin_electricidad":0,"pct_agua_red":91,"pct_alcantarillado":82,"pct_camara_septica":0,"pct_pozo_ciego":0,"pct_sin_desague":18,"pct_gas_red":73,"pct_gas_garrafa":27,"pct_lena_guano":27,"pct_basura_formal":100,"pct_basura_quema":0,"pct_basura_informal":0,"pct_internet":73,"pct_celular":82,"pct_televisor":100}},{"type":"Feature","geometry":{"type":"Polygon","coordinates":[[[-66.59232,-18.42405],[-66.59217,-18.42407],[-66.5927,-18.42494],[-66.59281,-18.42487],[-66.59232,-18.42405]]]},"properties":{"n":"SIGLO XX","p":46,"personas_x_ha":306,"masculinidad":84,"pct_menor20":35,"pct_60mas":11,"pct_migrante":28,"dependencia_econ":70,"pct_empleados":37,"pct_cuentapropia":44,"pct_agricultura":0,"pct_comercio":48,"pct_manufactura":4,"pct_construccion":0,"pct_transporte":4,"pct_alojamiento":0,"pct_sin_educacion":0,"pct_educ_superior":87,"brecha_educ":-6,"pct_sin_seguro":2,"pct_sus":54,"pct_seguro_privado":0,"brecha_seguro":-4,"pct_salud_publica":18,"pct_med_tradicional":11,"pct_automedicacion":20,"pct_remedios_caseros":20,"pct_viv_desocupada":7,"pct_alquiler":8,"pct_electricidad":100,"pct_sin_electricidad":0,"pct_agua_red":100,"pct_alcantarillado":100,"pct_camara_septica":0,"pct_pozo_ciego":0,"pct_sin_desague":0,"pct_gas_red":69,"pct_gas_garrafa":31,"pct_lena_guano":31,"pct_basura_formal":100,"pct_basura_quema":0,"pct_basura_informal":0,"pct_internet":92,"pct_celular":92,"pct_televisor":92}},{"type":"Feature","geometry":{"type":"Polygon","coordinates":[[[-66.59252,-18.42429],[-66.59262,-18.42423],[-66.5922,-18.42338],[-66.59195,-18.42323],[-66.59229,-18.42401],[-66.59235,-18.42398],[-66.59252,-18.42429]]]},"properties":{"n":"SIGLO XX","p":37,"personas_x_ha":166,"masculinidad":61,"pct_menor20":35,"pct_60mas":16,"pct_migrante":46,"dependencia_econ":147,"pct_empleados":73,"pct_cuentapropia":13,"pct_agricultura":7,"pct_comercio":7,"pct_manufactura":0,"pct_construccion":7,"pct_transporte":0,"pct_alojamiento":0,"pct_sin_educacion":0,"pct_educ_superior":68,"brecha_educ":10,"pct_sin_seguro":0,"pct_sus":83,"pct_seguro_privado":0,"brecha_seguro":0,"pct_salud_publica":25,"pct_med_tradicional":5,"pct_automedicacion":22,"pct_remedios_caseros":22,"pct_viv_desocupada":0,"pct_alquiler":27,"pct_electricidad":100,"pct_sin_electricidad":0,"pct_agua_red":100,"pct_alcantarillado":100,"pct_camara_septica":0,"pct_pozo_ciego":0,"pct_sin_desague":0,"pct_gas_red":73,"pct_gas_garrafa":27,"pct_lena_guano":27,"pct_basura_formal":100,"pct_basura_quema":0,"pct_basura_informal":0,"pct_internet":100,"pct_celular":100,"pct_televisor":82}},{"type":"Feature","geometry":{"type":"Polygon","coordinates":[[[-66.59505,-18.42846],[-66.59526,-18.42869],[-66.59553,-18.42843],[-66.59531,-18.42822],[-66.59505,-18.42846]]]},"properties":{"n":"SIGLO XX","p":22,"personas_x_ha":154,"masculinidad":120,"pct_menor20":36,"pct_60mas":5,"pct_migrante":41,"dependencia_econ":57,"pct_empleados":71,"pct_cuentapropia":29,"pct_agricultura":0,"pct_comercio":14,"pct_manufactura":0,"pct_construccion":21,"pct_transporte":7,"pct_alojamiento":14,"pct_sin_educacion":7,"pct_educ_superior":27,"brecha_educ":-6,"pct_sin_seguro":5,"pct_sus":64,"pct_seguro_privado":0,"brecha_seguro":8,"pct_salud_publica":24,"pct_med_tradicional":11,"pct_automedicacion":16,"pct_remedios_caseros":28,"pct_viv_desocupada":12,"pct_alquiler":0,"pct_electricidad":100,"pct_sin_electricidad":0,"pct_agua_red":100,"pct_alcantarillado":100,"pct_camara_septica":0,"pct_pozo_ciego":0,"pct_sin_desague":0,"pct_gas_red":0,"pct_gas_garrafa":100,"pct_lena_guano":100,"pct_basura_formal":100,"pct_basura_quema":0,"pct_basura_informal":0,"pct_internet":100,"pct_celular":100,"pct_televisor":83}},{"type":"Feature","geometry":{"type":"Polygon","coordinates":[[[-66.58894,-18.42123],[-66.58878,-18.42102],[-66.58852,-18.42119],[-66.58824,-18.42165],[-66.58894,-18.42123]]]},"properties":{"n":"SIGLO XX","p":27,"personas_x_ha":142,"masculinidad":69,"pct_menor20":26,"pct_60mas":22,"pct_migrante":52,"dependencia_econ":69,"pct_empleados":44,"pct_cuentapropia":44,"pct_agricultura":0,"pct_comercio":31,"pct_manufactura":0,"pct_construccion":0,"pct_transporte":0,"pct_alojamiento":0,"pct_sin_educacion":0,"pct_educ_superior":90,"brecha_educ":-8,"pct_sin_seguro":7,"pct_sus":22,"pct_seguro_privado":4,"brecha_seguro":3,"pct_salud_publica":7,"pct_med_tradicional":9,"pct_automedicacion":19,"pct_remedios_caseros":21,"pct_viv_desocupada":0,"pct_alquiler":10,"pct_electricidad":100,"pct_sin_electricidad":0,"pct_agua_red":100,"pct_alcantarillado":100,"pct_camara_septica":0,"pct_pozo_ciego":0,"pct_sin_desague":0,"pct_gas_red":40,"pct_gas_garrafa":60,"pct_lena_guano":60,"pct_basura_formal":100,"pct_basura_quema":0,"pct_basura_informal":0,"pct_internet":80,"pct_celular":100,"pct_televisor":90}},{"type":"Feature","geometry":{"type":"Polygon","coordinates":[[[-66.59069,-18.42219],[-66.59085,-18.42306],[-66.59107,-18.42302],[-66.59088,-18.42216],[-66.59069,-18.42219]]]},"properties":{"n":"SIGLO XX","p":88,"personas_x_ha":416,"masculinidad":76,"pct_menor20":27,"pct_60mas":8,"pct_migrante":38,"dependencia_econ":100,"pct_empleados":36,"pct_cuentapropia":45,"pct_agricultura":0,"pct_comercio":18,"pct_manufactura":9,"pct_construccion":0,"pct_transporte":7,"pct_alojamiento":14,"pct_sin_educacion":3,"pct_educ_superior":71,"brecha_educ":-5,"pct_sin_seguro":15,"pct_sus":64,"pct_seguro_privado":2,"brecha_seguro":2,"pct_salud_publica":23,"pct_med_tradicional":9,"pct_automedicacion":18,"pct_remedios_caseros":27,"pct_viv_desocupada":3,"pct_alquiler":19,"pct_electricidad":97,"pct_sin_electricidad":0,"pct_agua_red":100,"pct_alcantarillado":94,"pct_camara_septica":0,"pct_pozo_ciego":0,"pct_sin_desague":3,"pct_gas_red":55,"pct_gas_garrafa":45,"pct_lena_guano":45,"pct_basura_formal":100,"pct_basura_quema":0,"pct_basura_informal":0,"pct_internet":94,"pct_celular":100,"pct_televisor":87}},{"type":"Feature","geometry":{"type":"Polygon","coordinates":[[[-66.59227,-18.42092],[-66.59237,-18.42105],[-66.59253,-18.42095],[-66.59244,-18.42074],[-66.59244,-18.42006],[-66.59229,-18.42008],[-66.59227,-18.42092]]]},"properties":{"n":"SIGLO XX","p":35,"personas_x_ha":166,"masculinidad":106,"pct_menor20":54,"pct_60mas":3,"pct_migrante":9,"dependencia_econ":192,"pct_empleados":50,"pct_cuentapropia":33,"pct_agricultura":8,"pct_comercio":17,"pct_manufactura":0,"pct_construccion":8,"pct_transporte":17,"pct_alojamiento":0,"pct_sin_educacion":0,"pct_educ_superior":81,"brecha_educ":0,"pct_sin_seguro":14,"pct_sus":51,"pct_seguro_privado":0,"brecha_seguro":-7,"pct_salud_publica":42,"pct_med_tradicional":0,"pct_automedicacion":2,"pct_remedios_caseros":10,"pct_viv_desocupada":0,"pct_alquiler":11,"pct_electricidad":100,"pct_sin_electricidad":0,"pct_agua_red":78,"pct_alcantarillado":67,"pct_camara_septica":0,"pct_pozo_ciego":0,"pct_sin_desague":33,"pct_gas_red":0,"pct_gas_garrafa":100,"pct_lena_guano":100,"pct_basura_formal":78,"pct_basura_quema":22,"pct_basura_informal":0,"pct_internet":78,"pct_celular":100,"pct_televisor":89}},{"type":"Feature","geometry":{"type":"Polygon","coordinates":[[[-66.58895,-18.42239],[-66.5889,-18.42231],[-66.58846,-18.42252],[-66.58852,-18.42259],[-66.58895,-18.42239]]]},"properties":{"n":"SIGLO XX","p":17,"personas_x_ha":297,"masculinidad":70,"pct_menor20":29,"pct_60mas":12,"pct_migrante":35,"dependencia_econ":183,"pct_empleados":50,"pct_cuentapropia":33,"pct_agricultura":0,"pct_comercio":17,"pct_manufactura":0,"pct_construccion":17,"pct_transporte":0,"pct_alojamiento":17,"pct_sin_educacion":17,"pct_educ_superior":75,"brecha_educ":12,"pct_sin_seguro":0,"pct_sus":59,"pct_seguro_privado":0,"brecha_seguro":0,"pct_salud_publica":19,"pct_med_tradicional":9,"pct_automedicacion":18,"pct_remedios_caseros":21,"pct_viv_desocupada":22,"pct_alquiler":40,"pct_electricidad":100,"pct_sin_electricidad":0,"pct_agua_red":100,"pct_alcantarillado":100,"pct_camara_septica":0,"pct_pozo_ciego":0,"pct_sin_desague":0,"pct_gas_red":40,"pct_gas_garrafa":60,"pct_lena_guano":60,"pct_basura_formal":100,"pct_basura_quema":0,"pct_basura_informal":0,"pct_internet":80,"pct_celular":80,"pct_televisor":100}},{"type":"Feature","geometry":{"type":"Polygon","coordinates":[[[-66.58936,-18.42334],[-66.58957,-18.42331],[-66.5894,-18.42242],[-66.5892,-18.42246],[-66.58936,-18.42334]]]},"properties":{"n":"SIGLO XX","p":71,"personas_x_ha":316,"masculinidad":163,"pct_menor20":24,"pct_60mas":14,"pct_migrante":48,"dependencia_econ":109,"pct_empleados":41,"pct_cuentapropia":47,"pct_agricultura":0,"pct_comercio":6,"pct_manufactura":6,"pct_construccion":3,"pct_transporte":18,"pct_alojamiento":6,"pct_sin_educacion":4,"pct_educ_superior":60,"brecha_educ":-13,"pct_sin_seguro":16,"pct_sus":47,"pct_seguro_privado":0,"brecha_seguro":19,"pct_salud_publica":19,"pct_med_tradicional":8,"pct_automedicacion":24,"pct_remedios_caseros":25,"pct_viv_desocupada":0,"pct_alquiler":31,"pct_electricidad":100,"pct_sin_electricidad":0,"pct_agua_red":94,"pct_alcantarillado":89,"pct_camara_septica":0,"pct_pozo_ciego":0,"pct_sin_desague":11,"pct_gas_red":39,"pct_gas_garrafa":61,"pct_lena_guano":61,"pct_basura_formal":94,"pct_basura_quema":0,"pct_basura_informal":11,"pct_internet":94,"pct_celular":94,"pct_televisor":81}},{"type":"Feature","geometry":{"type":"Polygon","coordinates":[[[-66.5912,-18.42514],[-66.59111,-18.42467],[-66.59092,-18.4247],[-66.59101,-18.42517],[-66.5912,-18.42514]]]},"properties":{"n":"SIGLO XX","p":64,"personas_x_ha":589,"masculinidad":106,"pct_menor20":33,"pct_60mas":6,"pct_migrante":47,"dependencia_econ":167,"pct_empleados":58,"pct_cuentapropia":33,"pct_agricultura":0,"pct_comercio":12,"pct_manufactura":4,"pct_construccion":8,"pct_transporte":12,"pct_alojamiento":4,"pct_sin_educacion":2,"pct_educ_superior":62,"brecha_educ":8,"pct_sin_seguro":8,"pct_sus":73,"pct_seguro_privado":0,"brecha_seguro":3,"pct_salud_publica":22,"pct_med_tradicional":14,"pct_automedicacion":22,"pct_remedios_caseros":23,"pct_viv_desocupada":0,"pct_alquiler":29,"pct_electricidad":100,"pct_sin_electricidad":0,"pct_agua_red":100,"pct_alcantarillado":90,"pct_camara_septica":5,"pct_pozo_ciego":0,"pct_sin_desague":5,"pct_gas_red":62,"pct_gas_garrafa":38,"pct_lena_guano":38,"pct_basura_formal":100,"pct_basura_quema":0,"pct_basura_informal":0,"pct_internet":95,"pct_celular":95,"pct_televisor":86}},{"type":"Feature","geometry":{"type":"Polygon","coordinates":[[[-66.5962,-18.42694],[-66.5955,-18.42742],[-66.59553,-18.42753],[-66.59626,-18.42702],[-66.5962,-18.42694]]]},"properties":{"n":"SIGLO XX","p":22,"personas_x_ha":174,"masculinidad":83,"pct_menor20":41,"pct_60mas":9,"pct_migrante":23,"dependencia_econ":83,"pct_empleados":33,"pct_cuentapropia":58,"pct_agricultura":8,"pct_comercio":25,"pct_manufactura":0,"pct_construccion":8,"pct_transporte":8,"pct_alojamiento":17,"pct_sin_educacion":7,"pct_educ_superior":29,"brecha_educ":-8,"pct_sin_seguro":5,"pct_sus":68,"pct_seguro_privado":0,"brecha_seguro":10,"pct_salud_publica":62,"pct_med_tradicional":0,"pct_automedicacion":0,"pct_remedios_caseros":0,"pct_viv_desocupada":0,"pct_alquiler":14,"pct_electricidad":100,"pct_sin_electricidad":0,"pct_agua_red":100,"pct_alcantarillado":100,"pct_camara_septica":0,"pct_pozo_ciego":0,"pct_sin_desague":0,"pct_gas_red":86,"pct_gas_garrafa":14,"pct_lena_guano":14,"pct_basura_formal":100,"pct_basura_quema":0,"pct_basura_informal":0,"pct_internet":71,"pct_celular":100,"pct_televisor":100}},{"type":"Feature","geometry":{"type":"Polygon","coordinates":[[[-66.58987,-18.42223],[-66.58971,-18.42134],[-66.58946,-18.42139],[-66.58965,-18.42227],[-66.58987,-18.42223]]]},"properties":{"n":"SIGLO XX","p":75,"personas_x_ha":308,"masculinidad":108,"pct_menor20":27,"pct_60mas":13,"pct_migrante":39,"dependencia_econ":97,"pct_empleados":42,"pct_cuentapropia":47,"pct_agricultura":3,"pct_comercio":24,"pct_manufactura":3,"pct_construccion":5,"pct_transporte":3,"pct_alojamiento":3,"pct_sin_educacion":0,"pct_educ_superior":70,"brecha_educ":-9,"pct_sin_seguro":18,"pct_sus":51,"pct_seguro_privado":10,"brecha_seguro":18,"pct_salud_publica":18,"pct_med_tradicional":7,"pct_automedicacion":21,"pct_remedios_caseros":25,"pct_viv_desocupada":11,"pct_alquiler":33,"pct_electricidad":100,"pct_sin_electricidad":0,"pct_agua_red":97,"pct_alcantarillado":97,"pct_camara_septica":0,"pct_pozo_ciego":0,"pct_sin_desague":3,"pct_gas_red":40,"pct_gas_garrafa":60,"pct_lena_guano":60,"pct_basura_formal":100,"pct_basura_quema":0,"pct_basura_informal":0,"pct_internet":90,"pct_celular":93,"pct_televisor":77}},{"type":"Feature","geometry":{"type":"Polygon","coordinates":[[[-66.58865,-18.4218],[-66.58859,-18.42171],[-66.58814,-18.42198],[-66.58819,-18.42205],[-66.58865,-18.4218]]]},"properties":{"n":"SIGLO XX","p":30,"personas_x_ha":493,"masculinidad":100,"pct_menor20":33,"pct_60mas":13,"pct_migrante":33,"dependencia_econ":173,"pct_empleados":36,"pct_cuentapropia":45,"pct_agricultura":0,"pct_comercio":45,"pct_manufactura":0,"pct_construccion":0,"pct_transporte":9,"pct_alojamiento":0,"pct_sin_educacion":0,"pct_educ_superior":65,"brecha_educ":0,"pct_sin_seguro":7,"pct_sus":73,"pct_seguro_privado":0,"brecha_seguro":13,"pct_salud_publica":22,"pct_med_tradicional":6,"pct_automedicacion":22,"pct_remedios_caseros":18,"pct_viv_desocupada":0,"pct_alquiler":11,"pct_electricidad":100,"pct_sin_electricidad":0,"pct_agua_red":89,"pct_alcantarillado":100,"pct_camara_septica":0,"pct_pozo_ciego":0,"pct_sin_desague":0,"pct_gas_red":33,"pct_gas_garrafa":67,"pct_lena_guano":67,"pct_basura_formal":100,"pct_basura_quema":0,"pct_basura_informal":0,"pct_internet":89,"pct_celular":89,"pct_televisor":89}},{"type":"Feature","geometry":{"type":"Polygon","coordinates":[[[-66.59357,-18.42721],[-66.59363,-18.42731],[-66.59376,-18.42722],[-66.59365,-18.42702],[-66.59273,-18.4268],[-66.59271,-18.42692],[-66.5931,-18.42698],[-66.59357,-18.42721]]]},"properties":{"n":"SIGLO XX","p":30,"personas_x_ha":157,"masculinidad":200,"pct_menor20":57,"pct_60mas":0,"pct_migrante":30,"dependencia_econ":200,"pct_empleados":20,"pct_cuentapropia":50,"pct_agricultura":0,"pct_comercio":10,"pct_manufactura":0,"pct_construccion":0,"pct_transporte":0,"pct_alojamiento":10,"pct_sin_educacion":8,"pct_educ_superior":0,"brecha_educ":-19,"pct_sin_seguro":28,"pct_sus":72,"pct_seguro_privado":0,"brecha_seguro":8,"pct_salud_publica":24,"pct_med_tradicional":20,"pct_automedicacion":13,"pct_remedios_caseros":20,"pct_viv_desocupada":0,"pct_alquiler":0,"pct_electricidad":90,"pct_sin_electricidad":10,"pct_agua_red":90,"pct_alcantarillado":60,"pct_camara_septica":0,"pct_pozo_ciego":0,"pct_sin_desague":40,"pct_gas_red":0,"pct_gas_garrafa":90,"pct_lena_guano":90,"pct_basura_formal":90,"pct_basura_quema":10,"pct_basura_informal":0,"pct_internet":100,"pct_celular":100,"pct_televisor":80}},{"type":"Feature","geometry":{"type":"Polygon","coordinates":[[[-66.58959,-18.42233],[-66.58935,-18.4215],[-66.58921,-18.42157],[-66.58902,-18.42128],[-66.58857,-18.42154],[-66.58907,-18.42246],[-66.58959,-18.42233]]]},"properties":{"n":"SIGLO XX","p":148,"personas_x_ha":189,"masculinidad":72,"pct_menor20":32,"pct_60mas":9,"pct_migrante":43,"dependencia_econ":85,"pct_empleados":41,"pct_cuentapropia":40,"pct_agricultura":2,"pct_comercio":30,"pct_manufactura":1,"pct_construccion":4,"pct_transporte":2,"pct_alojamiento":16,"pct_sin_educacion":1,"pct_educ_superior":68,"brecha_educ":-8,"pct_sin_seguro":8,"pct_sus":57,"pct_seguro_privado":1,"brecha_seguro":3,"pct_salud_publica":32,"pct_med_tradicional":7,"pct_automedicacion":14,"pct_remedios_caseros":20,"pct_viv_desocupada":2,"pct_alquiler":25,"pct_electricidad":100,"pct_sin_electricidad":0,"pct_agua_red":100,"pct_alcantarillado":98,"pct_camara_septica":0,"pct_pozo_ciego":0,"pct_sin_desague":2,"pct_gas_red":41,"pct_gas_garrafa":59,"pct_lena_guano":59,"pct_basura_formal":100,"pct_basura_quema":0,"pct_basura_informal":0,"pct_internet":88,"pct_celular":93,"pct_televisor":88}},{"type":"Feature","geometry":{"type":"Polygon","coordinates":[[[-66.59667,-18.42483],[-66.59639,-18.42449],[-66.59624,-18.42466],[-66.59643,-18.42499],[-66.59667,-18.42483]]]},"properties":{"n":"SIGLO XX","p":27,"personas_x_ha":212,"masculinidad":93,"pct_menor20":52,"pct_60mas":7,"pct_migrante":67,"dependencia_econ":440,"pct_empleados":60,"pct_cuentapropia":20,"pct_agricultura":0,"pct_comercio":20,"pct_manufactura":0,"pct_construccion":20,"pct_transporte":0,"pct_alojamiento":0,"pct_sin_educacion":8,"pct_educ_superior":23,"brecha_educ":7,"pct_sin_seguro":4,"pct_sus":56,"pct_seguro_privado":0,"brecha_seguro":-7,"pct_salud_publica":58,"pct_med_tradicional":0,"pct_automedicacion":0,"pct_remedios_caseros":15,"pct_viv_desocupada":0,"pct_alquiler":0,"pct_electricidad":100,"pct_sin_electricidad":0,"pct_agua_red":78,"pct_alcantarillado":11,"pct_camara_septica":0,"pct_pozo_ciego":11,"pct_sin_desague":67,"pct_gas_red":33,"pct_gas_garrafa":67,"pct_lena_guano":67,"pct_basura_formal":44,"pct_basura_quema":56,"pct_basura_informal":0,"pct_internet":89,"pct_celular":100,"pct_televisor":67}},{"type":"Feature","geometry":{"type":"Polygon","coordinates":[[[-66.58642,-18.41781],[-66.58635,-18.4179],[-66.58692,-18.41826],[-66.58697,-18.4182],[-66.58642,-18.41781]]]},"properties":{"n":"SIGLO XX","p":31,"personas_x_ha":337,"masculinidad":48,"pct_menor20":39,"pct_60mas":16,"pct_migrante":39,"dependencia_econ":138,"pct_empleados":23,"pct_cuentapropia":77,"pct_agricultura":0,"pct_comercio":38,"pct_manufactura":23,"pct_construccion":15,"pct_transporte":8,"pct_alojamiento":15,"pct_sin_educacion":0,"pct_educ_superior":42,"brecha_educ":-19,"pct_sin_seguro":3,"pct_sus":77,"pct_seguro_privado":0,"brecha_seguro":10,"pct_salud_publica":32,"pct_med_tradicional":4,"pct_automedicacion":12,"pct_remedios_caseros":33,"pct_viv_desocupada":0,"pct_alquiler":0,"pct_electricidad":100,"pct_sin_electricidad":0,"pct_agua_red":100,"pct_alcantarillado":100,"pct_camara_septica":0,"pct_pozo_ciego":0,"pct_sin_desague":0,"pct_gas_red":36,"pct_gas_garrafa":64,"pct_lena_guano":64,"pct_basura_formal":100,"pct_basura_quema":0,"pct_basura_informal":0,"pct_internet":91,"pct_celular":91,"pct_televisor":91}},{"type":"Feature","geometry":{"type":"Polygon","coordinates":[[[-66.5871,-18.41933],[-66.58717,-18.41924],[-66.58661,-18.4189],[-66.58655,-18.41899],[-66.5871,-18.41933]]]},"properties":{"n":"SIGLO XX","p":30,"personas_x_ha":353,"masculinidad":76,"pct_menor20":40,"pct_60mas":10,"pct_migrante":27,"dependencia_econ":173,"pct_empleados":27,"pct_cuentapropia":27,"pct_agricultura":9,"pct_comercio":9,"pct_manufactura":0,"pct_construccion":9,"pct_transporte":9,"pct_alojamiento":9,"pct_sin_educacion":17,"pct_educ_superior":17,"brecha_educ":7,"pct_sin_seguro":10,"pct_sus":10,"pct_seguro_privado":0,"brecha_seguro":-4,"pct_salud_publica":14,"pct_med_tradicional":1,"pct_automedicacion":23,"pct_remedios_caseros":31,"pct_viv_desocupada":0,"pct_alquiler":10,"pct_electricidad":100,"pct_sin_electricidad":0,"pct_agua_red":100,"pct_alcantarillado":100,"pct_camara_septica":0,"pct_pozo_ciego":0,"pct_sin_desague":0,"pct_gas_red":70,"pct_gas_garrafa":30,"pct_lena_guano":30,"pct_basura_formal":100,"pct_basura_quema":0,"pct_basura_informal":0,"pct_internet":90,"pct_celular":100,"pct_televisor":100}},{"type":"Feature","geometry":{"type":"Polygon","coordinates":[[[-66.59157,-18.42554],[-66.59149,-18.42516],[-66.59131,-18.42519],[-66.59139,-18.42558],[-66.59157,-18.42554]]]},"properties":{"n":"SIGLO XX","p":39,"personas_x_ha":450,"masculinidad":129,"pct_menor20":44,"pct_60mas":3,"pct_migrante":18,"dependencia_econ":95,"pct_empleados":45,"pct_cuentapropia":50,"pct_agricultura":5,"pct_comercio":25,"pct_manufactura":0,"pct_construccion":5,"pct_transporte":5,"pct_alojamiento":20,"pct_sin_educacion":4,"pct_educ_superior":30,"brecha_educ":-11,"pct_sin_seguro":3,"pct_sus":79,"pct_seguro_privado":0,"brecha_seguro":5,"pct_salud_publica":18,"pct_med_tradicional":8,"pct_automedicacion":22,"pct_remedios_caseros":22,"pct_viv_desocupada":0,"pct_alquiler":25,"pct_electricidad":100,"pct_sin_electricidad":0,"pct_agua_red":100,"pct_alcantarillado":100,"pct_camara_septica":0,"pct_pozo_ciego":0,"pct_sin_desague":0,"pct_gas_red":38,"pct_gas_garrafa":62,"pct_lena_guano":62,"pct_basura_formal":100,"pct_basura_quema":0,"pct_basura_informal":0,"pct_internet":100,"pct_celular":100,"pct_televisor":100}},{"type":"Feature","geometry":{"type":"Polygon","coordinates":[[[-66.59369,-18.42658],[-66.59354,-18.42645],[-66.59279,-18.4261],[-66.59268,-18.42652],[-66.59363,-18.42668],[-66.59369,-18.42658]]]},"properties":{"n":"SIGLO XX","p":44,"personas_x_ha":128,"masculinidad":100,"pct_menor20":34,"pct_60mas":11,"pct_migrante":36,"dependencia_econ":100,"pct_empleados":32,"pct_cuentapropia":50,"pct_agricultura":0,"pct_comercio":50,"pct_manufactura":0,"pct_construccion":5,"pct_transporte":5,"pct_alojamiento":0,"pct_sin_educacion":3,"pct_educ_superior":47,"brecha_educ":-8,"pct_sin_seguro":16,"pct_sus":45,"pct_seguro_privado":2,"brecha_seguro":5,"pct_salud_publica":16,"pct_med_tradicional":9,"pct_automedicacion":20,"pct_remedios_caseros":29,"pct_viv_desocupada":0,"pct_alquiler":6,"pct_electricidad":100,"pct_sin_electricidad":0,"pct_agua_red":100,"pct_alcantarillado":88,"pct_camara_septica":0,"pct_pozo_ciego":0,"pct_sin_desague":12,"pct_gas_red":59,"pct_gas_garrafa":41,"pct_lena_guano":41,"pct_basura_formal":100,"pct_basura_quema":0,"pct_basura_informal":0,"pct_internet":82,"pct_celular":100,"pct_televisor":94}},{"type":"Feature","geometry":{"type":"Polygon","coordinates":[[[-66.59745,-18.42681],[-66.59734,-18.42677],[-66.59672,-18.42731],[-66.59677,-18.42741],[-66.59745,-18.42681]]]},"properties":{"n":"SIGLO XX","p":18,"personas_x_ha":164,"masculinidad":50,"pct_menor20":50,"pct_60mas":22,"pct_migrante":28,"dependencia_econ":100,"pct_empleados":11,"pct_cuentapropia":67,"pct_agricultura":11,"pct_comercio":11,"pct_manufactura":44,"pct_construccion":0,"pct_transporte":11,"pct_alojamiento":0,"pct_sin_educacion":11,"pct_educ_superior":56,"brecha_educ":-43,"pct_sin_seguro":11,"pct_sus":72,"pct_seguro_privado":0,"brecha_seguro":-17,"pct_salud_publica":17,"pct_med_tradicional":17,"pct_automedicacion":20,"pct_remedios_caseros":26,"pct_viv_desocupada":0,"pct_alquiler":0,"pct_electricidad":100,"pct_sin_electricidad":0,"pct_agua_red":100,"pct_alcantarillado":100,"pct_camara_septica":0,"pct_pozo_ciego":0,"pct_sin_desague":0,"pct_gas_red":100,"pct_gas_garrafa":0,"pct_lena_guano":0,"pct_basura_formal":100,"pct_basura_quema":0,"pct_basura_informal":0,"pct_internet":100,"pct_celular":80,"pct_televisor":80}},{"type":"Feature","geometry":{"type":"Polygon","coordinates":[[[-66.5923,-18.42531],[-66.59244,-18.42514],[-66.59184,-18.42415],[-66.59181,-18.42429],[-66.59198,-18.42472],[-66.5923,-18.42531]]]},"properties":{"n":"SIGLO XX","p":43,"personas_x_ha":193,"masculinidad":105,"pct_menor20":23,"pct_60mas":14,"pct_migrante":44,"dependencia_econ":95,"pct_empleados":41,"pct_cuentapropia":41,"pct_agricultura":0,"pct_comercio":18,"pct_manufactura":9,"pct_construccion":0,"pct_transporte":0,"pct_alojamiento":18,"pct_sin_educacion":6,"pct_educ_superior":70,"brecha_educ":-21,"pct_sin_seguro":14,"pct_sus":65,"pct_seguro_privado":0,"brecha_seguro":18,"pct_salud_publica":23,"pct_med_tradicional":7,"pct_automedicacion":19,"pct_remedios_caseros":26,"pct_viv_desocupada":0,"pct_alquiler":17,"pct_electricidad":100,"pct_sin_electricidad":0,"pct_agua_red":89,"pct_alcantarillado":94,"pct_camara_septica":0,"pct_pozo_ciego":0,"pct_sin_desague":6,"pct_gas_red":61,"pct_gas_garrafa":39,"pct_lena_guano":39,"pct_basura_formal":100,"pct_basura_quema":0,"pct_basura_informal":0,"pct_internet":100,"pct_celular":100,"pct_televisor":100}},{"type":"Feature","geometry":{"type":"Polygon","coordinates":[[[-66.59054,-18.42116],[-66.58988,-18.42124],[-66.58988,-18.42134],[-66.59055,-18.42124],[-66.59054,-18.42116]]]},"properties":{"n":"SIGLO XX","p":20,"personas_x_ha":267,"masculinidad":150,"pct_menor20":20,"pct_60mas":25,"pct_migrante":50,"dependencia_econ":54,"pct_empleados":85,"pct_cuentapropia":15,"pct_agricultura":0,"pct_comercio":8,"pct_manufactura":0,"pct_construccion":0,"pct_transporte":0,"pct_alojamiento":0,"pct_sin_educacion":0,"pct_educ_superior":94,"brecha_educ":0,"pct_sin_seguro":15,"pct_sus":25,"pct_seguro_privado":0,"brecha_seguro":25,"pct_salud_publica":13,"pct_med_tradicional":7,"pct_automedicacion":16,"pct_remedios_caseros":26,"pct_viv_desocupada":0,"pct_alquiler":30,"pct_electricidad":100,"pct_sin_electricidad":0,"pct_agua_red":100,"pct_alcantarillado":100,"pct_camara_septica":0,"pct_pozo_ciego":0,"pct_sin_desague":0,"pct_gas_red":50,"pct_gas_garrafa":50,"pct_lena_guano":50,"pct_basura_formal":100,"pct_basura_quema":0,"pct_basura_informal":0,"pct_internet":90,"pct_celular":90,"pct_televisor":90}},{"type":"Feature","geometry":{"type":"Polygon","coordinates":[[[-66.58818,-18.42116],[-66.58811,-18.42106],[-66.5877,-18.42134],[-66.58777,-18.42142],[-66.58818,-18.42116]]]},"properties":{"n":"SIGLO XX","p":17,"personas_x_ha":237,"masculinidad":89,"pct_menor20":35,"pct_60mas":18,"pct_migrante":47,"dependencia_econ":89,"pct_empleados":33,"pct_cuentapropia":56,"pct_agricultura":0,"pct_comercio":22,"pct_manufactura":22,"pct_construccion":0,"pct_transporte":0,"pct_alojamiento":11,"pct_sin_educacion":0,"pct_educ_superior":45,"brecha_educ":-7,"pct_sin_seguro":41,"pct_sus":24,"pct_seguro_privado":0,"brecha_seguro":40,"pct_salud_publica":14,"pct_med_tradicional":18,"pct_automedicacion":19,"pct_remedios_caseros":26,"pct_viv_desocupada":0,"pct_alquiler":0,"pct_electricidad":100,"pct_sin_electricidad":0,"pct_agua_red":100,"pct_alcantarillado":71,"pct_camara_septica":14,"pct_pozo_ciego":0,"pct_sin_desague":14,"pct_gas_red":86,"pct_gas_garrafa":14,"pct_lena_guano":14,"pct_basura_formal":100,"pct_basura_quema":0,"pct_basura_informal":0,"pct_internet":100,"pct_celular":100,"pct_televisor":86}},{"type":"Feature","geometry":{"type":"Polygon","coordinates":[[[-66.58702,-18.41944],[-66.58707,-18.41935],[-66.58664,-18.41909],[-66.58658,-18.41919],[-66.58702,-18.41944]]]},"properties":{"n":"SIGLO XX","p":33,"personas_x_ha":474,"masculinidad":83,"pct_menor20":39,"pct_60mas":3,"pct_migrante":15,"dependencia_econ":106,"pct_empleados":31,"pct_cuentapropia":38,"pct_agricultura":12,"pct_comercio":19,"pct_manufactura":19,"pct_construccion":0,"pct_transporte":0,"pct_alojamiento":0,"pct_sin_educacion":5,"pct_educ_superior":65,"brecha_educ":-10,"pct_sin_seguro":19,"pct_sus":59,"pct_seguro_privado":0,"brecha_seguro":17,"pct_salud_publica":62,"pct_med_tradicional":0,"pct_automedicacion":2,"pct_remedios_caseros":2,"pct_viv_desocupada":0,"pct_alquiler":0,"pct_electricidad":100,"pct_sin_electricidad":0,"pct_agua_red":100,"pct_alcantarillado":89,"pct_camara_septica":0,"pct_pozo_ciego":0,"pct_sin_desague":11,"pct_gas_red":56,"pct_gas_garrafa":44,"pct_lena_guano":44,"pct_basura_formal":100,"pct_basura_quema":0,"pct_basura_informal":0,"pct_internet":89,"pct_celular":89,"pct_televisor":100}},{"type":"Feature","geometry":{"type":"Polygon","coordinates":[[[-66.58767,-18.41972],[-66.58714,-18.41939],[-66.58708,-18.41946],[-66.58762,-18.41981],[-66.58767,-18.41972]]]},"properties":{"n":"SIGLO XX","p":50,"personas_x_ha":635,"masculinidad":92,"pct_menor20":44,"pct_60mas":10,"pct_migrante":38,"dependencia_econ":100,"pct_empleados":36,"pct_cuentapropia":28,"pct_agricultura":4,"pct_comercio":24,"pct_manufactura":8,"pct_construccion":0,"pct_transporte":4,"pct_alojamiento":0,"pct_sin_educacion":3,"pct_educ_superior":55,"brecha_educ":-11,"pct_sin_seguro":24,"pct_sus":32,"pct_seguro_privado":4,"brecha_seguro":2,"pct_salud_publica":18,"pct_med_tradicional":6,"pct_automedicacion":23,"pct_remedios_caseros":25,"pct_viv_desocupada":0,"pct_alquiler":20,"pct_electricidad":100,"pct_sin_electricidad":0,"pct_agua_red":100,"pct_alcantarillado":93,"pct_camara_septica":0,"pct_pozo_ciego":0,"pct_sin_desague":7,"pct_gas_red":27,"pct_gas_garrafa":67,"pct_lena_guano":67,"pct_basura_formal":100,"pct_basura_quema":0,"pct_basura_informal":0,"pct_internet":93,"pct_celular":100,"pct_televisor":80}},{"type":"Feature","geometry":{"type":"Polygon","coordinates":[[[-66.58832,-18.42022],[-66.58827,-18.42011],[-66.58781,-18.42027],[-66.58786,-18.42037],[-66.58832,-18.42022]]]},"properties":{"n":"SIGLO XX","p":29,"personas_x_ha":415,"masculinidad":107,"pct_menor20":41,"pct_60mas":7,"pct_migrante":31,"dependencia_econ":164,"pct_empleados":27,"pct_cuentapropia":55,"pct_agricultura":0,"pct_comercio":27,"pct_manufactura":9,"pct_construccion":9,"pct_transporte":0,"pct_alojamiento":18,"pct_sin_educacion":12,"pct_educ_superior":65,"brecha_educ":-20,"pct_sin_seguro":10,"pct_sus":86,"pct_seguro_privado":0,"brecha_seguro":20,"pct_salud_publica":25,"pct_med_tradicional":14,"pct_automedicacion":22,"pct_remedios_caseros":24,"pct_viv_desocupada":0,"pct_alquiler":0,"pct_electricidad":90,"pct_sin_electricidad":10,"pct_agua_red":100,"pct_alcantarillado":10,"pct_camara_septica":0,"pct_pozo_ciego":0,"pct_sin_desague":90,"pct_gas_red":50,"pct_gas_garrafa":50,"pct_lena_guano":50,"pct_basura_formal":100,"pct_basura_quema":0,"pct_basura_informal":0,"pct_internet":100,"pct_celular":100,"pct_televisor":90}},{"type":"Feature","geometry":{"type":"Polygon","coordinates":[[[-66.58961,-18.42001],[-66.58904,-18.42014],[-66.58947,-18.42072],[-66.58987,-18.42066],[-66.58969,-18.42045],[-66.58961,-18.42001]]]},"properties":{"n":"SIGLO XX","p":36,"personas_x_ha":96,"masculinidad":64,"pct_menor20":33,"pct_60mas":11,"pct_migrante":44,"dependencia_econ":125,"pct_empleados":50,"pct_cuentapropia":31,"pct_agricultura":6,"pct_comercio":31,"pct_manufactura":0,"pct_construccion":6,"pct_transporte":0,"pct_alojamiento":0,"pct_sin_educacion":0,"pct_educ_superior":67,"brecha_educ":-6,"pct_sin_seguro":0,"pct_sus":94,"pct_seguro_privado":0,"brecha_seguro":0,"pct_salud_publica":18,"pct_med_tradicional":5,"pct_automedicacion":23,"pct_remedios_caseros":26,"pct_viv_desocupada":0,"pct_alquiler":18,"pct_electricidad":100,"pct_sin_electricidad":0,"pct_agua_red":82,"pct_alcantarillado":100,"pct_camara_septica":0,"pct_pozo_ciego":0,"pct_sin_desague":0,"pct_gas_red":64,"pct_gas_garrafa":36,"pct_lena_guano":36,"pct_basura_formal":100,"pct_basura_quema":0,"pct_basura_informal":0,"pct_internet":82,"pct_celular":91,"pct_televisor":100}},{"type":"Feature","geometry":{"type":"Polygon","coordinates":[[[-66.58848,-18.42056],[-66.58843,-18.42048],[-66.58799,-18.42069],[-66.58804,-18.42078],[-66.58848,-18.42056]]]},"properties":{"n":"SIGLO XX","p":24,"personas_x_ha":383,"masculinidad":50,"pct_menor20":29,"pct_60mas":12,"pct_migrante":38,"dependencia_econ":100,"pct_empleados":33,"pct_cuentapropia":33,"pct_agricultura":8,"pct_comercio":25,"pct_manufactura":0,"pct_construccion":0,"pct_transporte":0,"pct_alojamiento":8,"pct_sin_educacion":6,"pct_educ_superior":72,"brecha_educ":-3,"pct_sin_seguro":8,"pct_sus":92,"pct_seguro_privado":0,"brecha_seguro":-12,"pct_salud_publica":59,"pct_med_tradicional":0,"pct_automedicacion":0,"pct_remedios_caseros":0,"pct_viv_desocupada":0,"pct_alquiler":20,"pct_electricidad":100,"pct_sin_electricidad":0,"pct_agua_red":100,"pct_alcantarillado":90,"pct_camara_septica":0,"pct_pozo_ciego":0,"pct_sin_desague":10,"pct_gas_red":70,"pct_gas_garrafa":30,"pct_lena_guano":30,"pct_basura_formal":100,"pct_basura_quema":0,"pct_basura_informal":0,"pct_internet":80,"pct_celular":100,"pct_televisor":100}},{"type":"Feature","geometry":{"type":"Polygon","coordinates":[[[-66.59231,-18.42658],[-66.59226,-18.42667],[-66.59234,-18.42681],[-66.59256,-18.42688],[-66.59262,-18.42664],[-66.59231,-18.42658]]]},"properties":{"n":"SIGLO XX","p":26,"personas_x_ha":317,"masculinidad":73,"pct_menor20":54,"pct_60mas":0,"pct_migrante":0,"dependencia_econ":136,"pct_empleados":9,"pct_cuentapropia":45,"pct_agricultura":9,"pct_comercio":18,"pct_manufactura":0,"pct_construccion":0,"pct_transporte":9,"pct_alojamiento":18,"pct_sin_educacion":8,"pct_educ_superior":8,"brecha_educ":-38,"pct_sin_seguro":15,"pct_sus":85,"pct_seguro_privado":0,"brecha_seguro":21,"pct_salud_publica":26,"pct_med_tradicional":8,"pct_automedicacion":22,"pct_remedios_caseros":33,"pct_viv_desocupada":0,"pct_alquiler":25,"pct_electricidad":100,"pct_sin_electricidad":0,"pct_agua_red":50,"pct_alcantarillado":12,"pct_camara_septica":0,"pct_pozo_ciego":0,"pct_sin_desague":88,"pct_gas_red":0,"pct_gas_garrafa":100,"pct_lena_guano":100,"pct_basura_formal":100,"pct_basura_quema":0,"pct_basura_informal":0,"pct_internet":50,"pct_celular":88,"pct_televisor":75}},{"type":"Feature","geometry":{"type":"Polygon","coordinates":[[[-66.59257,-18.42698],[-66.59256,-18.42715],[-66.5931,-18.42726],[-66.59313,-18.42709],[-66.59257,-18.42698]]]},"properties":{"n":"SIGLO XX","p":25,"personas_x_ha":224,"masculinidad":47,"pct_menor20":44,"pct_60mas":0,"pct_migrante":40,"dependencia_econ":178,"pct_empleados":44,"pct_cuentapropia":56,"pct_agricultura":22,"pct_comercio":11,"pct_manufactura":0,"pct_construccion":0,"pct_transporte":0,"pct_alojamiento":22,"pct_sin_educacion":0,"pct_educ_superior":40,"brecha_educ":-30,"pct_sin_seguro":4,"pct_sus":36,"pct_seguro_privado":0,"brecha_seguro":12,"pct_salud_publica":21,"pct_med_tradicional":2,"pct_automedicacion":31,"pct_remedios_caseros":30,"pct_viv_desocupada":0,"pct_alquiler":0,"pct_electricidad":100,"pct_sin_electricidad":0,"pct_agua_red":100,"pct_alcantarillado":43,"pct_camara_septica":0,"pct_pozo_ciego":0,"pct_sin_desague":57,"pct_gas_red":0,"pct_gas_garrafa":100,"pct_lena_guano":100,"pct_basura_formal":100,"pct_basura_quema":0,"pct_basura_informal":0,"pct_internet":86,"pct_celular":86,"pct_televisor":71}},{"type":"Feature","geometry":{"type":"Polygon","coordinates":[[[-66.59271,-18.42842],[-66.59266,-18.42753],[-66.59248,-18.42754],[-66.59253,-18.42843],[-66.59271,-18.42842]]]},"properties":{"n":"SIGLO XX","p":66,"personas_x_ha":353,"masculinidad":53,"pct_menor20":36,"pct_60mas":8,"pct_migrante":23,"dependencia_econ":156,"pct_empleados":16,"pct_cuentapropia":72,"pct_agricultura":20,"pct_comercio":24,"pct_manufactura":0,"pct_construccion":20,"pct_transporte":0,"pct_alojamiento":12,"pct_sin_educacion":7,"pct_educ_superior":26,"brecha_educ":-12,"pct_sin_seguro":25,"pct_sus":59,"pct_seguro_privado":0,"brecha_seguro":-1,"pct_salud_publica":40,"pct_med_tradicional":7,"pct_automedicacion":12,"pct_remedios_caseros":17,"pct_viv_desocupada":6,"pct_alquiler":7,"pct_electricidad":100,"pct_sin_electricidad":0,"pct_agua_red":100,"pct_alcantarillado":25,"pct_camara_septica":0,"pct_pozo_ciego":0,"pct_sin_desague":75,"pct_gas_red":46,"pct_gas_garrafa":54,"pct_lena_guano":54,"pct_basura_formal":100,"pct_basura_quema":0,"pct_basura_informal":0,"pct_internet":54,"pct_celular":79,"pct_televisor":86}},{"type":"Feature","geometry":{"type":"Polygon","coordinates":[[[-66.59279,-18.42817],[-66.59294,-18.42817],[-66.59293,-18.42775],[-66.59303,-18.42775],[-66.59305,-18.42757],[-66.59275,-18.42758],[-66.59279,-18.42817]]]},"properties":{"n":"SIGLO XX","p":40,"personas_x_ha":280,"masculinidad":67,"pct_menor20":35,"pct_60mas":8,"pct_migrante":35,"dependencia_econ":117,"pct_empleados":22,"pct_cuentapropia":39,"pct_agricultura":6,"pct_comercio":33,"pct_manufactura":6,"pct_construccion":6,"pct_transporte":0,"pct_alojamiento":17,"pct_sin_educacion":12,"pct_educ_superior":27,"brecha_educ":-15,"pct_sin_seguro":3,"pct_sus":76,"pct_seguro_privado":0,"brecha_seguro":-4,"pct_salud_publica":32,"pct_med_tradicional":4,"pct_automedicacion":22,"pct_remedios_caseros":31,"pct_viv_desocupada":0,"pct_alquiler":8,"pct_electricidad":92,"pct_sin_electricidad":8,"pct_agua_red":77,"pct_alcantarillado":15,"pct_camara_septica":0,"pct_pozo_ciego":0,"pct_sin_desague":62,"pct_gas_red":77,"pct_gas_garrafa":23,"pct_lena_guano":23,"pct_basura_formal":100,"pct_basura_quema":0,"pct_basura_informal":0,"pct_internet":77,"pct_celular":85,"pct_televisor":69}},{"type":"Feature","geometry":{"type":"Polygon","coordinates":[[[-66.59595,-18.42856],[-66.59573,-18.42845],[-66.59566,-18.42882],[-66.59541,-18.42927],[-66.59557,-18.42935],[-66.59597,-18.42892],[-66.59595,-18.42856]]]},"properties":{"n":"SIGLO XX","p":20,"personas_x_ha":70,"masculinidad":54,"pct_menor20":55,"pct_60mas":5,"pct_migrante":40,"dependencia_econ":100,"pct_empleados":10,"pct_cuentapropia":60,"pct_agricultura":40,"pct_comercio":30,"pct_manufactura":0,"pct_construccion":0,"pct_transporte":0,"pct_alojamiento":0,"pct_sin_educacion":11,"pct_educ_superior":33,"brecha_educ":5,"pct_sin_seguro":25,"pct_sus":35,"pct_seguro_privado":0,"brecha_seguro":5,"pct_salud_publica":22,"pct_med_tradicional":0,"pct_automedicacion":26,"pct_remedios_caseros":28,"pct_viv_desocupada":0,"pct_alquiler":0,"pct_electricidad":89,"pct_sin_electricidad":11,"pct_agua_red":78,"pct_alcantarillado":0,"pct_camara_septica":0,"pct_pozo_ciego":0,"pct_sin_desague":100,"pct_gas_red":0,"pct_gas_garrafa":100,"pct_lena_guano":100,"pct_basura_formal":78,"pct_basura_quema":22,"pct_basura_informal":0,"pct_internet":89,"pct_celular":89,"pct_televisor":56}},{"type":"Feature","geometry":{"type":"Polygon","coordinates":[[[-66.58723,-18.41794],[-66.58716,-18.41805],[-66.58773,-18.4184],[-66.58781,-18.41829],[-66.58723,-18.41794]]]},"properties":{"n":"SIGLO XX","p":34,"personas_x_ha":324,"masculinidad":62,"pct_menor20":38,"pct_60mas":24,"pct_migrante":44,"dependencia_econ":278,"pct_empleados":11,"pct_cuentapropia":22,"pct_agricultura":44,"pct_comercio":0,"pct_manufactura":0,"pct_construccion":0,"pct_transporte":0,"pct_alojamiento":0,"pct_sin_educacion":13,"pct_educ_superior":30,"brecha_educ":20,"pct_sin_seguro":0,"pct_sus":32,"pct_seguro_privado":0,"brecha_seguro":0,"pct_salud_publica":17,"pct_med_tradicional":7,"pct_automedicacion":26,"pct_remedios_caseros":20,"pct_viv_desocupada":0,"pct_alquiler":0,"pct_electricidad":100,"pct_sin_electricidad":0,"pct_agua_red":100,"pct_alcantarillado":75,"pct_camara_septica":0,"pct_pozo_ciego":0,"pct_sin_desague":25,"pct_gas_red":50,"pct_gas_garrafa":50,"pct_lena_guano":50,"pct_basura_formal":100,"pct_basura_quema":0,"pct_basura_informal":0,"pct_internet":100,"pct_celular":100,"pct_televisor":83}},{"type":"Feature","geometry":{"type":"Polygon","coordinates":[[[-66.59056,-18.4231],[-66.59038,-18.42224],[-66.59019,-18.42228],[-66.59036,-18.42315],[-66.59056,-18.4231]]]},"properties":{"n":"SIGLO XX","p":72,"personas_x_ha":354,"masculinidad":118,"pct_menor20":33,"pct_60mas":11,"pct_migrante":39,"dependencia_econ":80,"pct_empleados":42,"pct_cuentapropia":50,"pct_agricultura":2,"pct_comercio":20,"pct_manufactura":8,"pct_construccion":10,"pct_transporte":8,"pct_alojamiento":15,"pct_sin_educacion":2,"pct_educ_superior":67,"brecha_educ":-5,"pct_sin_seguro":17,"pct_sus":58,"pct_seguro_privado":0,"brecha_seguro":9,"pct_salud_publica":22,"pct_med_tradicional":6,"pct_automedicacion":27,"pct_remedios_caseros":23,"pct_viv_desocupada":18,"pct_alquiler":10,"pct_electricidad":100,"pct_sin_electricidad":0,"pct_agua_red":97,"pct_alcantarillado":93,"pct_camara_septica":0,"pct_pozo_ciego":0,"pct_sin_desague":7,"pct_gas_red":27,"pct_gas_garrafa":70,"pct_lena_guano":70,"pct_basura_formal":100,"pct_basura_quema":0,"pct_basura_informal":0,"pct_internet":93,"pct_celular":90,"pct_televisor":83}},{"type":"Feature","geometry":{"type":"Polygon","coordinates":[[[-66.5981,-18.42661],[-66.59789,-18.42644],[-66.59681,-18.42749],[-66.597,-18.42765],[-66.59717,-18.4275],[-66.59735,-18.42747],[-66.5981,-18.42661]]]},"properties":{"n":"SIGLO XX","p":48,"personas_x_ha":87,"masculinidad":71,"pct_menor20":42,"pct_60mas":15,"pct_migrante":8,"dependencia_econ":124,"pct_empleados":52,"pct_cuentapropia":38,"pct_agricultura":19,"pct_comercio":24,"pct_manufactura":0,"pct_construccion":10,"pct_transporte":0,"pct_alojamiento":0,"pct_sin_educacion":14,"pct_educ_superior":36,"brecha_educ":-23,"pct_sin_seguro":13,"pct_sus":85,"pct_seguro_privado":0,"brecha_seguro":5,"pct_salud_publica":24,"pct_med_tradicional":9,"pct_automedicacion":20,"pct_remedios_caseros":26,"pct_viv_desocupada":4,"pct_alquiler":0,"pct_electricidad":100,"pct_sin_electricidad":0,"pct_agua_red":81,"pct_alcantarillado":100,"pct_camara_septica":0,"pct_pozo_ciego":0,"pct_sin_desague":0,"pct_gas_red":86,"pct_gas_garrafa":14,"pct_lena_guano":14,"pct_basura_formal":95,"pct_basura_quema":5,"pct_basura_informal":0,"pct_internet":67,"pct_celular":90,"pct_televisor":86}},{"type":"Feature","geometry":{"type":"Polygon","coordinates":[[[-66.59237,-18.42723],[-66.59217,-18.42708],[-66.5919,-18.42715],[-66.59202,-18.42752],[-66.59208,-18.4275],[-66.59203,-18.4273],[-66.59237,-18.42723]]]},"properties":{"n":"SIGLO XX","p":36,"personas_x_ha":342,"masculinidad":89,"pct_menor20":39,"pct_60mas":3,"pct_migrante":33,"dependencia_econ":80,"pct_empleados":10,"pct_cuentapropia":40,"pct_agricultura":0,"pct_comercio":25,"pct_manufactura":5,"pct_construccion":5,"pct_transporte":25,"pct_alojamiento":5,"pct_sin_educacion":9,"pct_educ_superior":55,"brecha_educ":-5,"pct_sin_seguro":14,"pct_sus":69,"pct_seguro_privado":0,"brecha_seguro":7,"pct_salud_publica":20,"pct_med_tradicional":8,"pct_automedicacion":28,"pct_remedios_caseros":26,"pct_viv_desocupada":0,"pct_alquiler":0,"pct_electricidad":86,"pct_sin_electricidad":0,"pct_agua_red":100,"pct_alcantarillado":43,"pct_camara_septica":29,"pct_pozo_ciego":0,"pct_sin_desague":29,"pct_gas_red":0,"pct_gas_garrafa":100,"pct_lena_guano":100,"pct_basura_formal":100,"pct_basura_quema":0,"pct_basura_informal":0,"pct_internet":71,"pct_celular":86,"pct_televisor":100}},{"type":"Feature","geometry":{"type":"Polygon","coordinates":[[[-66.59621,-18.42676],[-66.59592,-18.42687],[-66.59546,-18.42724],[-66.59553,-18.42731],[-66.59564,-18.42725],[-66.59623,-18.42685],[-66.59621,-18.42676]]]},"properties":{"n":"SIGLO XX","p":23,"personas_x_ha":166,"masculinidad":77,"pct_menor20":35,"pct_60mas":0,"pct_migrante":39,"dependencia_econ":156,"pct_empleados":0,"pct_cuentapropia":56,"pct_agricultura":22,"pct_comercio":0,"pct_manufactura":11,"pct_construccion":0,"pct_transporte":33,"pct_alojamiento":11,"pct_sin_educacion":0,"pct_educ_superior":33,"brecha_educ":-27,"pct_sin_seguro":9,"pct_sus":74,"pct_seguro_privado":0,"brecha_seguro":2,"pct_salud_publica":30,"pct_med_tradicional":16,"pct_automedicacion":10,"pct_remedios_caseros":25,"pct_viv_desocupada":0,"pct_alquiler":0,"pct_electricidad":100,"pct_sin_electricidad":0,"pct_agua_red":100,"pct_alcantarillado":100,"pct_camara_septica":0,"pct_pozo_ciego":0,"pct_sin_desague":0,"pct_gas_red":71,"pct_gas_garrafa":29,"pct_lena_guano":29,"pct_basura_formal":100,"pct_basura_quema":0,"pct_basura_informal":0,"pct_internet":100,"pct_celular":100,"pct_televisor":100}},{"type":"Feature","geometry":{"type":"Polygon","coordinates":[[[-66.59729,-18.42671],[-66.5972,-18.42665],[-66.59659,-18.42719],[-66.59666,-18.42727],[-66.59729,-18.42671]]]},"properties":{"n":"SIGLO XX","p":25,"personas_x_ha":232,"masculinidad":39,"pct_menor20":52,"pct_60mas":4,"pct_migrante":12,"dependencia_econ":212,"pct_empleados":25,"pct_cuentapropia":12,"pct_agricultura":25,"pct_comercio":25,"pct_manufactura":0,"pct_construccion":0,"pct_transporte":0,"pct_alojamiento":12,"pct_sin_educacion":8,"pct_educ_superior":17,"brecha_educ":-38,"pct_sin_seguro":8,"pct_sus":60,"pct_seguro_privado":0,"brecha_seguro":29,"pct_salud_publica":17,"pct_med_tradicional":16,"pct_automedicacion":16,"pct_remedios_caseros":24,"pct_viv_desocupada":0,"pct_alquiler":0,"pct_electricidad":100,"pct_sin_electricidad":0,"pct_agua_red":100,"pct_alcantarillado":88,"pct_camara_septica":0,"pct_pozo_ciego":0,"pct_sin_desague":12,"pct_gas_red":88,"pct_gas_garrafa":12,"pct_lena_guano":12,"pct_basura_formal":100,"pct_basura_quema":0,"pct_basura_informal":0,"pct_internet":88,"pct_celular":100,"pct_televisor":100}},{"type":"Feature","geometry":{"type":"Polygon","coordinates":[[[-66.59649,-18.4269],[-66.59706,-18.42648],[-66.59702,-18.42641],[-66.59645,-18.42677],[-66.59649,-18.4269]]]},"properties":{"n":"SIGLO XX","p":25,"personas_x_ha":232,"masculinidad":79,"pct_menor20":40,"pct_60mas":12,"pct_migrante":40,"dependencia_econ":178,"pct_empleados":22,"pct_cuentapropia":44,"pct_agricultura":11,"pct_comercio":0,"pct_manufactura":11,"pct_construccion":0,"pct_transporte":11,"pct_alojamiento":11,"pct_sin_educacion":6,"pct_educ_superior":44,"brecha_educ":-19,"pct_sin_seguro":16,"pct_sus":60,"pct_seguro_privado":0,"brecha_seguro":4,"pct_salud_publica":25,"pct_med_tradicional":6,"pct_automedicacion":15,"pct_remedios_caseros":25,"pct_viv_desocupada":0,"pct_alquiler":0,"pct_electricidad":100,"pct_sin_electricidad":0,"pct_agua_red":90,"pct_alcantarillado":90,"pct_camara_septica":0,"pct_pozo_ciego":0,"pct_sin_desague":10,"pct_gas_red":90,"pct_gas_garrafa":10,"pct_lena_guano":10,"pct_basura_formal":100,"pct_basura_quema":0,"pct_basura_informal":0,"pct_internet":90,"pct_celular":90,"pct_televisor":90}},{"type":"Feature","geometry":{"type":"Polygon","coordinates":[[[-66.59152,-18.41853],[-66.59163,-18.4189],[-66.59253,-18.41844],[-66.59237,-18.41814],[-66.59152,-18.41853]]]},"properties":{"n":"SIGLO XX","p":76,"personas_x_ha":176,"masculinidad":73,"pct_menor20":41,"pct_60mas":0,"pct_migrante":29,"dependencia_econ":100,"pct_empleados":39,"pct_cuentapropia":42,"pct_agricultura":3,"pct_comercio":26,"pct_manufactura":5,"pct_construccion":5,"pct_transporte":11,"pct_alojamiento":3,"pct_sin_educacion":2,"pct_educ_superior":70,"brecha_educ":-1,"pct_sin_seguro":11,"pct_sus":72,"pct_seguro_privado":0,"brecha_seguro":3,"pct_salud_publica":22,"pct_med_tradicional":17,"pct_automedicacion":17,"pct_remedios_caseros":30,"pct_viv_desocupada":0,"pct_alquiler":0,"pct_electricidad":100,"pct_sin_electricidad":0,"pct_agua_red":100,"pct_alcantarillado":93,"pct_camara_septica":0,"pct_pozo_ciego":0,"pct_sin_desague":7,"pct_gas_red":0,"pct_gas_garrafa":100,"pct_lena_guano":100,"pct_basura_formal":100,"pct_basura_quema":0,"pct_basura_informal":0,"pct_internet":96,"pct_celular":100,"pct_televisor":93}},{"type":"Feature","geometry":{"type":"Polygon","coordinates":[[[-66.58782,-18.42049],[-66.58777,-18.42038],[-66.58732,-18.42055],[-66.58737,-18.42067],[-66.58782,-18.42049]]]},"properties":{"n":"SIGLO XX","p":34,"personas_x_ha":476,"masculinidad":70,"pct_menor20":47,"pct_60mas":6,"pct_migrante":32,"dependencia_econ":183,"pct_empleados":42,"pct_cuentapropia":42,"pct_agricultura":8,"pct_comercio":8,"pct_manufactura":8,"pct_construccion":0,"pct_transporte":0,"pct_alojamiento":33,"pct_sin_educacion":0,"pct_educ_superior":50,"brecha_educ":12,"pct_sin_seguro":12,"pct_sus":58,"pct_seguro_privado":0,"brecha_seguro":29,"pct_salud_publica":26,"pct_med_tradicional":16,"pct_automedicacion":14,"pct_remedios_caseros":26,"pct_viv_desocupada":0,"pct_alquiler":27,"pct_electricidad":100,"pct_sin_electricidad":0,"pct_agua_red":91,"pct_alcantarillado":73,"pct_camara_septica":0,"pct_pozo_ciego":0,"pct_sin_desague":27,"pct_gas_red":45,"pct_gas_garrafa":55,"pct_lena_guano":55,"pct_basura_formal":100,"pct_basura_quema":0,"pct_basura_informal":0,"pct_internet":82,"pct_celular":100,"pct_televisor":73}},{"type":"Feature","geometry":{"type":"Polygon","coordinates":[[[-66.58786,-18.42043],[-66.58791,-18.42052],[-66.58839,-18.42032],[-66.58834,-18.42023],[-66.58786,-18.42043]]]},"properties":{"n":"SIGLO XX","p":44,"personas_x_ha":662,"masculinidad":110,"pct_menor20":23,"pct_60mas":20,"pct_migrante":41,"dependencia_econ":110,"pct_empleados":48,"pct_cuentapropia":33,"pct_agricultura":10,"pct_comercio":10,"pct_manufactura":0,"pct_construccion":0,"pct_transporte":0,"pct_alojamiento":24,"pct_sin_educacion":12,"pct_educ_superior":59,"brecha_educ":-21,"pct_sin_seguro":2,"pct_sus":70,"pct_seguro_privado":2,"brecha_seguro":4,"pct_salud_publica":14,"pct_med_tradicional":10,"pct_automedicacion":22,"pct_remedios_caseros":25,"pct_viv_desocupada":0,"pct_alquiler":0,"pct_electricidad":100,"pct_sin_electricidad":0,"pct_agua_red":100,"pct_alcantarillado":67,"pct_camara_septica":0,"pct_pozo_ciego":0,"pct_sin_desague":33,"pct_gas_red":83,"pct_gas_garrafa":17,"pct_lena_guano":17,"pct_basura_formal":100,"pct_basura_quema":0,"pct_basura_informal":0,"pct_internet":92,"pct_celular":92,"pct_televisor":100}},{"type":"Feature","geometry":{"type":"Polygon","coordinates":[[[-66.59019,-18.42383],[-66.58985,-18.42389],[-66.59007,-18.42448],[-66.59029,-18.42445],[-66.59019,-18.42383]]]},"properties":{"n":"SIGLO XX","p":89,"personas_x_ha":404,"masculinidad":65,"pct_menor20":38,"pct_60mas":8,"pct_migrante":30,"dependencia_econ":112,"pct_empleados":17,"pct_cuentapropia":64,"pct_agricultura":2,"pct_comercio":17,"pct_manufactura":14,"pct_construccion":14,"pct_transporte":2,"pct_alojamiento":12,"pct_sin_educacion":9,"pct_educ_superior":48,"brecha_educ":-6,"pct_sin_seguro":10,"pct_sus":87,"pct_seguro_privado":0,"brecha_seguro":2,"pct_salud_publica":21,"pct_med_tradicional":12,"pct_automedicacion":24,"pct_remedios_caseros":27,"pct_viv_desocupada":3,"pct_alquiler":4,"pct_electricidad":100,"pct_sin_electricidad":0,"pct_agua_red":89,"pct_alcantarillado":74,"pct_camara_septica":0,"pct_pozo_ciego":0,"pct_sin_desague":26,"pct_gas_red":41,"pct_gas_garrafa":56,"pct_lena_guano":56,"pct_basura_formal":100,"pct_basura_quema":0,"pct_basura_informal":0,"pct_internet":81,"pct_celular":96,"pct_televisor":100}},{"type":"Feature","geometry":{"type":"Polygon","coordinates":[[[-66.59686,-18.42506],[-66.59671,-18.42494],[-66.59645,-18.42522],[-66.59658,-18.42534],[-66.59686,-18.42506]]]},"properties":{"n":"SIGLO XX","p":17,"personas_x_ha":202,"masculinidad":89,"pct_menor20":35,"pct_60mas":12,"pct_migrante":47,"dependencia_econ":143,"pct_empleados":29,"pct_cuentapropia":43,"pct_agricultura":29,"pct_comercio":0,"pct_manufactura":14,"pct_construccion":14,"pct_transporte":14,"pct_alojamiento":0,"pct_sin_educacion":18,"pct_educ_superior":18,"brecha_educ":-27,"pct_sin_seguro":6,"pct_sus":88,"pct_seguro_privado":0,"brecha_seguro":-11,"pct_salud_publica":41,"pct_med_tradicional":10,"pct_automedicacion":10,"pct_remedios_caseros":24,"pct_viv_desocupada":0,"pct_alquiler":12,"pct_electricidad":100,"pct_sin_electricidad":0,"pct_agua_red":100,"pct_alcantarillado":100,"pct_camara_septica":0,"pct_pozo_ciego":0,"pct_sin_desague":0,"pct_gas_red":62,"pct_gas_garrafa":38,"pct_lena_guano":38,"pct_basura_formal":100,"pct_basura_quema":0,"pct_basura_informal":0,"pct_internet":88,"pct_celular":100,"pct_televisor":100}},{"type":"Feature","geometry":{"type":"Polygon","coordinates":[[[-66.59567,-18.42487],[-66.59485,-18.42535],[-66.59506,-18.42562],[-66.59586,-18.42521],[-66.59567,-18.42487]]]},"properties":{"n":"SIGLO XX","p":22,"personas_x_ha":56,"masculinidad":100,"pct_menor20":50,"pct_60mas":9,"pct_migrante":68,"dependencia_econ":214,"pct_empleados":57,"pct_cuentapropia":29,"pct_agricultura":14,"pct_comercio":0,"pct_manufactura":0,"pct_construccion":14,"pct_transporte":0,"pct_alojamiento":0,"pct_sin_educacion":0,"pct_educ_superior":50,"brecha_educ":-14,"pct_sin_seguro":24,"pct_sus":57,"pct_seguro_privado":0,"brecha_seguro":-26,"pct_salud_publica":21,"pct_med_tradicional":10,"pct_automedicacion":20,"pct_remedios_caseros":28,"pct_viv_desocupada":17,"pct_alquiler":0,"pct_electricidad":100,"pct_sin_electricidad":0,"pct_agua_red":88,"pct_alcantarillado":25,"pct_camara_septica":0,"pct_pozo_ciego":25,"pct_sin_desague":12,"pct_gas_red":0,"pct_gas_garrafa":100,"pct_lena_guano":100,"pct_basura_formal":50,"pct_basura_quema":12,"pct_basura_informal":25,"pct_internet":100,"pct_celular":100,"pct_televisor":100}},{"type":"Feature","geometry":{"type":"Polygon","coordinates":[[[-66.59109,-18.42459],[-66.59093,-18.42371],[-66.59073,-18.42374],[-66.5909,-18.42462],[-66.59109,-18.42459]]]},"properties":{"n":"SIGLO XX","p":52,"personas_x_ha":248,"masculinidad":86,"pct_menor20":31,"pct_60mas":8,"pct_migrante":37,"dependencia_econ":79,"pct_empleados":48,"pct_cuentapropia":41,"pct_agricultura":3,"pct_comercio":38,"pct_manufactura":3,"pct_construccion":14,"pct_transporte":3,"pct_alojamiento":10,"pct_sin_educacion":5,"pct_educ_superior":62,"brecha_educ":-15,"pct_sin_seguro":13,"pct_sus":69,"pct_seguro_privado":0,"brecha_seguro":6,"pct_salud_publica":17,"pct_med_tradicional":8,"pct_automedicacion":26,"pct_remedios_caseros":24,"pct_viv_desocupada":14,"pct_alquiler":16,"pct_electricidad":100,"pct_sin_electricidad":0,"pct_agua_red":96,"pct_alcantarillado":92,"pct_camara_septica":0,"pct_pozo_ciego":0,"pct_sin_desague":8,"pct_gas_red":48,"pct_gas_garrafa":52,"pct_lena_guano":52,"pct_basura_formal":100,"pct_basura_quema":0,"pct_basura_informal":0,"pct_internet":92,"pct_celular":92,"pct_televisor":96}},{"type":"Feature","geometry":{"type":"Polygon","coordinates":[[[-66.5967,-18.42991],[-66.59714,-18.42926],[-66.59702,-18.42906],[-66.5968,-18.4289],[-66.59664,-18.42896],[-66.59663,-18.42989],[-66.5967,-18.42991]]]},"properties":{"n":"SIGLO XX","p":20,"personas_x_ha":51,"masculinidad":67,"pct_menor20":45,"pct_60mas":5,"pct_migrante":25,"dependencia_econ":100,"pct_empleados":0,"pct_cuentapropia":50,"pct_agricultura":40,"pct_comercio":10,"pct_manufactura":0,"pct_construccion":0,"pct_transporte":10,"pct_alojamiento":0,"pct_sin_educacion":18,"pct_educ_superior":9,"brecha_educ":-8,"pct_sin_seguro":10,"pct_sus":90,"pct_seguro_privado":0,"brecha_seguro":-17,"pct_salud_publica":33,"pct_med_tradicional":0,"pct_automedicacion":22,"pct_remedios_caseros":28,"pct_viv_desocupada":0,"pct_alquiler":0,"pct_electricidad":83,"pct_sin_electricidad":17,"pct_agua_red":100,"pct_alcantarillado":0,"pct_camara_septica":0,"pct_pozo_ciego":0,"pct_sin_desague":100,"pct_gas_red":0,"pct_gas_garrafa":100,"pct_lena_guano":100,"pct_basura_formal":0,"pct_basura_quema":83,"pct_basura_informal":0,"pct_internet":67,"pct_celular":83,"pct_televisor":67}},{"type":"Feature","geometry":{"type":"Polygon","coordinates":[[[-66.58988,-18.42236],[-66.58968,-18.42235],[-66.58987,-18.42325],[-66.59005,-18.42322],[-66.58988,-18.42236]]]},"properties":{"n":"SIGLO XX","p":81,"personas_x_ha":404,"masculinidad":119,"pct_menor20":38,"pct_60mas":5,"pct_migrante":59,"dependencia_econ":108,"pct_empleados":38,"pct_cuentapropia":38,"pct_agricultura":3,"pct_comercio":13,"pct_manufactura":3,"pct_construccion":18,"pct_transporte":5,"pct_alojamiento":8,"pct_sin_educacion":4,"pct_educ_superior":56,"brecha_educ":-5,"pct_sin_seguro":14,"pct_sus":59,"pct_seguro_privado":1,"brecha_seguro":0,"pct_salud_publica":18,"pct_med_tradicional":13,"pct_automedicacion":21,"pct_remedios_caseros":27,"pct_viv_desocupada":18,"pct_alquiler":41,"pct_electricidad":100,"pct_sin_electricidad":0,"pct_agua_red":97,"pct_alcantarillado":97,"pct_camara_septica":0,"pct_pozo_ciego":0,"pct_sin_desague":3,"pct_gas_red":46,"pct_gas_garrafa":54,"pct_lena_guano":54,"pct_basura_formal":100,"pct_basura_quema":0,"pct_basura_informal":0,"pct_internet":92,"pct_celular":100,"pct_televisor":76}},{"type":"Feature","geometry":{"type":"Polygon","coordinates":[[[-66.58885,-18.42217],[-66.5888,-18.42207],[-66.58834,-18.4223],[-66.58839,-18.42238],[-66.58885,-18.42217]]]},"properties":{"n":"SIGLO XX","p":41,"personas_x_ha":645,"masculinidad":71,"pct_menor20":29,"pct_60mas":10,"pct_migrante":41,"dependencia_econ":105,"pct_empleados":50,"pct_cuentapropia":25,"pct_agricultura":0,"pct_comercio":25,"pct_manufactura":0,"pct_construccion":0,"pct_transporte":10,"pct_alojamiento":30,"pct_sin_educacion":3,"pct_educ_superior":70,"brecha_educ":-19,"pct_sin_seguro":17,"pct_sus":56,"pct_seguro_privado":0,"brecha_seguro":-19,"pct_salud_publica":37,"pct_med_tradicional":5,"pct_automedicacion":19,"pct_remedios_caseros":11,"pct_viv_desocupada":0,"pct_alquiler":33,"pct_electricidad":100,"pct_sin_electricidad":0,"pct_agua_red":83,"pct_alcantarillado":100,"pct_camara_septica":0,"pct_pozo_ciego":0,"pct_sin_desague":0,"pct_gas_red":25,"pct_gas_garrafa":75,"pct_lena_guano":75,"pct_basura_formal":100,"pct_basura_quema":0,"pct_basura_informal":0,"pct_internet":100,"pct_celular":100,"pct_televisor":92}},{"type":"Feature","geometry":{"type":"Polygon","coordinates":[[[-66.59204,-18.42424],[-66.5925,-18.42505],[-66.59262,-18.42498],[-66.59215,-18.42418],[-66.59204,-18.42424]]]},"properties":{"n":"SIGLO XX","p":25,"personas_x_ha":165,"masculinidad":56,"pct_menor20":28,"pct_60mas":24,"pct_migrante":36,"dependencia_econ":127,"pct_empleados":45,"pct_cuentapropia":55,"pct_agricultura":0,"pct_comercio":36,"pct_manufactura":9,"pct_construccion":0,"pct_transporte":0,"pct_alojamiento":0,"pct_sin_educacion":0,"pct_educ_superior":83,"brecha_educ":0,"pct_sin_seguro":4,"pct_sus":56,"pct_seguro_privado":0,"brecha_seguro":11,"pct_salud_publica":20,"pct_med_tradicional":5,"pct_automedicacion":21,"pct_remedios_caseros":26,"pct_viv_desocupada":0,"pct_alquiler":10,"pct_electricidad":100,"pct_sin_electricidad":0,"pct_agua_red":100,"pct_alcantarillado":100,"pct_camara_septica":0,"pct_pozo_ciego":0,"pct_sin_desague":0,"pct_gas_red":70,"pct_gas_garrafa":30,"pct_lena_guano":30,"pct_basura_formal":100,"pct_basura_quema":0,"pct_basura_informal":0,"pct_internet":100,"pct_celular":100,"pct_televisor":90}},{"type":"Feature","geometry":{"type":"Polygon","coordinates":[[[-66.59722,-18.42512],[-66.59709,-18.425],[-66.59682,-18.42527],[-66.59697,-18.4254],[-66.59722,-18.42512]]]},"properties":{"n":"SIGLO XX","p":29,"personas_x_ha":344,"masculinidad":93,"pct_menor20":38,"pct_60mas":0,"pct_migrante":7,"dependencia_econ":164,"pct_empleados":0,"pct_cuentapropia":82,"pct_agricultura":9,"pct_comercio":36,"pct_manufactura":0,"pct_construccion":9,"pct_transporte":18,"pct_alojamiento":9,"pct_sin_educacion":0,"pct_educ_superior":28,"brecha_educ":11,"pct_sin_seguro":17,"pct_sus":59,"pct_seguro_privado":0,"brecha_seguro":-6,"pct_salud_publica":20,"pct_med_tradicional":7,"pct_automedicacion":22,"pct_remedios_caseros":27,"pct_viv_desocupada":0,"pct_alquiler":0,"pct_electricidad":100,"pct_sin_electricidad":0,"pct_agua_red":75,"pct_alcantarillado":88,"pct_camara_septica":0,"pct_pozo_ciego":12,"pct_sin_desague":0,"pct_gas_red":75,"pct_gas_garrafa":25,"pct_lena_guano":25,"pct_basura_formal":88,"pct_basura_quema":12,"pct_basura_informal":0,"pct_internet":100,"pct_celular":100,"pct_televisor":100}},{"type":"Feature","geometry":{"type":"Polygon","coordinates":[[[-66.59017,-18.42084],[-66.59001,-18.42068],[-66.58955,-18.42075],[-66.58959,-18.42093],[-66.59017,-18.42084]]]},"properties":{"n":"SIGLO XX","p":34,"personas_x_ha":270,"masculinidad":89,"pct_menor20":35,"pct_60mas":9,"pct_migrante":38,"dependencia_econ":79,"pct_empleados":58,"pct_cuentapropia":32,"pct_agricultura":0,"pct_comercio":5,"pct_manufactura":0,"pct_construccion":11,"pct_transporte":5,"pct_alojamiento":11,"pct_sin_educacion":0,"pct_educ_superior":86,"brecha_educ":0,"pct_sin_seguro":21,"pct_sus":44,"pct_seguro_privado":0,"brecha_seguro":8,"pct_salud_publica":23,"pct_med_tradicional":13,"pct_automedicacion":15,"pct_remedios_caseros":21,"pct_viv_desocupada":0,"pct_alquiler":18,"pct_electricidad":100,"pct_sin_electricidad":0,"pct_agua_red":100,"pct_alcantarillado":91,"pct_camara_septica":9,"pct_pozo_ciego":0,"pct_sin_desague":0,"pct_gas_red":82,"pct_gas_garrafa":9,"pct_lena_guano":9,"pct_basura_formal":100,"pct_basura_quema":0,"pct_basura_informal":0,"pct_internet":100,"pct_celular":100,"pct_televisor":100}},{"type":"Feature","geometry":{"type":"Polygon","coordinates":[[[-66.59231,-18.42853],[-66.59235,-18.42913],[-66.59254,-18.42912],[-66.5925,-18.42852],[-66.59231,-18.42853]]]},"properties":{"n":"SIGLO XX","p":69,"personas_x_ha":515,"masculinidad":82,"pct_menor20":48,"pct_60mas":4,"pct_migrante":32,"dependencia_econ":156,"pct_empleados":41,"pct_cuentapropia":37,"pct_agricultura":4,"pct_comercio":19,"pct_manufactura":15,"pct_construccion":7,"pct_transporte":7,"pct_alojamiento":30,"pct_sin_educacion":3,"pct_educ_superior":41,"brecha_educ":1,"pct_sin_seguro":12,"pct_sus":57,"pct_seguro_privado":0,"brecha_seguro":15,"pct_salud_publica":23,"pct_med_tradicional":10,"pct_automedicacion":20,"pct_remedios_caseros":24,"pct_viv_desocupada":4,"pct_alquiler":18,"pct_electricidad":100,"pct_sin_electricidad":0,"pct_agua_red":95,"pct_alcantarillado":55,"pct_camara_septica":0,"pct_pozo_ciego":0,"pct_sin_desague":45,"pct_gas_red":50,"pct_gas_garrafa":50,"pct_lena_guano":50,"pct_basura_formal":100,"pct_basura_quema":0,"pct_basura_informal":0,"pct_internet":95,"pct_celular":100,"pct_televisor":91}},{"type":"Feature","geometry":{"type":"Polygon","coordinates":[[[-66.58768,-18.42128],[-66.5881,-18.42103],[-66.58805,-18.42094],[-66.58761,-18.42118],[-66.58768,-18.42128]]]},"properties":{"n":"SIGLO XX","p":25,"personas_x_ha":359,"masculinidad":79,"pct_menor20":24,"pct_60mas":20,"pct_migrante":32,"dependencia_econ":108,"pct_empleados":25,"pct_cuentapropia":75,"pct_agricultura":17,"pct_comercio":25,"pct_manufactura":17,"pct_construccion":0,"pct_transporte":0,"pct_alojamiento":0,"pct_sin_educacion":5,"pct_educ_superior":58,"brecha_educ":-19,"pct_sin_seguro":12,"pct_sus":64,"pct_seguro_privado":0,"brecha_seguro":-5,"pct_salud_publica":23,"pct_med_tradicional":11,"pct_automedicacion":26,"pct_remedios_caseros":24,"pct_viv_desocupada":0,"pct_alquiler":29,"pct_electricidad":93,"pct_sin_electricidad":7,"pct_agua_red":93,"pct_alcantarillado":86,"pct_camara_septica":0,"pct_pozo_ciego":0,"pct_sin_desague":14,"pct_gas_red":50,"pct_gas_garrafa":43,"pct_lena_guano":43,"pct_basura_formal":93,"pct_basura_quema":0,"pct_basura_informal":14,"pct_internet":79,"pct_celular":86,"pct_televisor":71}},{"type":"Feature","geometry":{"type":"Polygon","coordinates":[[[-66.5881,-18.42091],[-66.58855,-18.42068],[-66.58855,-18.42067],[-66.58849,-18.42059],[-66.58805,-18.42082],[-66.5881,-18.42091]]]},"properties":{"n":"SIGLO XX","p":18,"personas_x_ha":290,"masculinidad":200,"pct_menor20":11,"pct_60mas":11,"pct_migrante":33,"dependencia_econ":157,"pct_empleados":43,"pct_cuentapropia":43,"pct_agricultura":0,"pct_comercio":29,"pct_manufactura":0,"pct_construccion":0,"pct_transporte":0,"pct_alojamiento":14,"pct_sin_educacion":6,"pct_educ_superior":50,"brecha_educ":-20,"pct_sin_seguro":33,"pct_sus":67,"pct_seguro_privado":0,"brecha_seguro":-25,"pct_salud_publica":31,"pct_med_tradicional":5,"pct_automedicacion":14,"pct_remedios_caseros":40,"pct_viv_desocupada":0,"pct_alquiler":0,"pct_electricidad":100,"pct_sin_electricidad":0,"pct_agua_red":100,"pct_alcantarillado":75,"pct_camara_septica":0,"pct_pozo_ciego":0,"pct_sin_desague":25,"pct_gas_red":88,"pct_gas_garrafa":12,"pct_lena_guano":12,"pct_basura_formal":100,"pct_basura_quema":0,"pct_basura_informal":0,"pct_internet":62,"pct_celular":88,"pct_televisor":88}},{"type":"Feature","geometry":{"type":"Polygon","coordinates":[[[-66.59214,-18.43266],[-66.59277,-18.43208],[-66.59271,-18.43201],[-66.59203,-18.43252],[-66.59214,-18.43266]]]},"properties":{"n":"SIGLO XX","p":26,"personas_x_ha":193,"masculinidad":73,"pct_menor20":35,"pct_60mas":23,"pct_migrante":46,"dependencia_econ":189,"pct_empleados":56,"pct_cuentapropia":11,"pct_agricultura":0,"pct_comercio":11,"pct_manufactura":0,"pct_construccion":11,"pct_transporte":0,"pct_alojamiento":33,"pct_sin_educacion":18,"pct_educ_superior":47,"brecha_educ":-6,"pct_sin_seguro":15,"pct_sus":73,"pct_seguro_privado":0,"brecha_seguro":5,"pct_salud_publica":50,"pct_med_tradicional":5,"pct_automedicacion":19,"pct_remedios_caseros":17,"pct_viv_desocupada":8,"pct_alquiler":0,"pct_electricidad":100,"pct_sin_electricidad":0,"pct_agua_red":17,"pct_alcantarillado":0,"pct_camara_septica":0,"pct_pozo_ciego":0,"pct_sin_desague":100,"pct_gas_red":0,"pct_gas_garrafa":100,"pct_lena_guano":100,"pct_basura_formal":92,"pct_basura_quema":0,"pct_basura_informal":0,"pct_internet":67,"pct_celular":75,"pct_televisor":75}},{"type":"Feature","geometry":{"type":"Polygon","coordinates":[[[-66.59677,-18.42559],[-66.59664,-18.42548],[-66.59625,-18.42588],[-66.59638,-18.426],[-66.59677,-18.42559]]]},"properties":{"n":"SIGLO XX","p":39,"personas_x_ha":341,"masculinidad":77,"pct_menor20":49,"pct_60mas":13,"pct_migrante":26,"dependencia_econ":129,"pct_empleados":24,"pct_cuentapropia":65,"pct_agricultura":29,"pct_comercio":12,"pct_manufactura":0,"pct_construccion":12,"pct_transporte":6,"pct_alojamiento":12,"pct_sin_educacion":27,"pct_educ_superior":45,"brecha_educ":-18,"pct_sin_seguro":10,"pct_sus":59,"pct_seguro_privado":5,"brecha_seguro":13,"pct_salud_publica":25,"pct_med_tradicional":5,"pct_automedicacion":17,"pct_remedios_caseros":24,"pct_viv_desocupada":0,"pct_alquiler":7,"pct_electricidad":93,"pct_sin_electricidad":0,"pct_agua_red":100,"pct_alcantarillado":93,"pct_camara_septica":0,"pct_pozo_ciego":0,"pct_sin_desague":7,"pct_gas_red":79,"pct_gas_garrafa":21,"pct_lena_guano":21,"pct_basura_formal":100,"pct_basura_quema":0,"pct_basura_informal":0,"pct_internet":79,"pct_celular":100,"pct_televisor":100}},{"type":"Feature","geometry":{"type":"Polygon","coordinates":[[[-66.5958,-18.42616],[-66.59526,-18.42567],[-66.59524,-18.42567],[-66.5952,-18.42591],[-66.59563,-18.42633],[-66.5958,-18.42616]]]},"properties":{"n":"SIGLO XX","p":30,"personas_x_ha":164,"masculinidad":114,"pct_menor20":57,"pct_60mas":0,"pct_migrante":40,"dependencia_econ":233,"pct_empleados":11,"pct_cuentapropia":89,"pct_agricultura":11,"pct_comercio":11,"pct_manufactura":22,"pct_construccion":22,"pct_transporte":11,"pct_alojamiento":0,"pct_sin_educacion":0,"pct_educ_superior":69,"brecha_educ":0,"pct_sin_seguro":7,"pct_sus":37,"pct_seguro_privado":0,"brecha_seguro":-1,"pct_salud_publica":16,"pct_med_tradicional":9,"pct_automedicacion":23,"pct_remedios_caseros":24,"pct_viv_desocupada":18,"pct_alquiler":22,"pct_electricidad":78,"pct_sin_electricidad":22,"pct_agua_red":56,"pct_alcantarillado":22,"pct_camara_septica":0,"pct_pozo_ciego":0,"pct_sin_desague":78,"pct_gas_red":0,"pct_gas_garrafa":100,"pct_lena_guano":100,"pct_basura_formal":100,"pct_basura_quema":0,"pct_basura_informal":0,"pct_internet":67,"pct_celular":78,"pct_televisor":78}},{"type":"Feature","geometry":{"type":"Polygon","coordinates":[[[-66.58916,-18.42247],[-66.58897,-18.4225],[-66.58904,-18.42304],[-66.58913,-18.42316],[-66.58927,-18.42312],[-66.58916,-18.42247]]]},"properties":{"n":"SIGLO XX","p":58,"personas_x_ha":371,"masculinidad":81,"pct_menor20":36,"pct_60mas":12,"pct_migrante":36,"dependencia_econ":100,"pct_empleados":28,"pct_cuentapropia":59,"pct_agricultura":3,"pct_comercio":17,"pct_manufactura":0,"pct_construccion":0,"pct_transporte":14,"pct_alojamiento":0,"pct_sin_educacion":3,"pct_educ_superior":63,"brecha_educ":-9,"pct_sin_seguro":12,"pct_sus":60,"pct_seguro_privado":0,"brecha_seguro":6,"pct_salud_publica":22,"pct_med_tradicional":8,"pct_automedicacion":19,"pct_remedios_caseros":22,"pct_viv_desocupada":4,"pct_alquiler":4,"pct_electricidad":96,"pct_sin_electricidad":0,"pct_agua_red":88,"pct_alcantarillado":96,"pct_camara_septica":0,"pct_pozo_ciego":0,"pct_sin_desague":4,"pct_gas_red":54,"pct_gas_garrafa":42,"pct_lena_guano":42,"pct_basura_formal":100,"pct_basura_quema":0,"pct_basura_informal":0,"pct_internet":92,"pct_celular":100,"pct_televisor":92}},{"type":"Feature","geometry":{"type":"Polygon","coordinates":[[[-66.59484,-18.42881],[-66.59477,-18.42873],[-66.59441,-18.42901],[-66.59448,-18.4291],[-66.59484,-18.42881]]]},"properties":{"n":"SIGLO XX","p":15,"personas_x_ha":236,"masculinidad":114,"pct_menor20":33,"pct_60mas":0,"pct_migrante":0,"dependencia_econ":114,"pct_empleados":0,"pct_cuentapropia":86,"pct_agricultura":0,"pct_comercio":0,"pct_manufactura":14,"pct_construccion":14,"pct_transporte":0,"pct_alojamiento":0,"pct_sin_educacion":0,"pct_educ_superior":40,"brecha_educ":20,"pct_sin_seguro":0,"pct_sus":47,"pct_seguro_privado":0,"brecha_seguro":0,"pct_salud_publica":20,"pct_med_tradicional":0,"pct_automedicacion":25,"pct_remedios_caseros":28,"pct_viv_desocupada":36,"pct_alquiler":0,"pct_electricidad":100,"pct_sin_electricidad":0,"pct_agua_red":100,"pct_alcantarillado":57,"pct_camara_septica":0,"pct_pozo_ciego":0,"pct_sin_desague":43,"pct_gas_red":0,"pct_gas_garrafa":100,"pct_lena_guano":100,"pct_basura_formal":100,"pct_basura_quema":0,"pct_basura_informal":0,"pct_internet":71,"pct_celular":100,"pct_televisor":86}},{"type":"Feature","geometry":{"type":"Polygon","coordinates":[[[-66.59563,-18.42695],[-66.59547,-18.42676],[-66.59514,-18.42703],[-66.59535,-18.42725],[-66.59563,-18.42695]]]},"properties":{"n":"SIGLO XX","p":28,"personas_x_ha":225,"masculinidad":65,"pct_menor20":46,"pct_60mas":0,"pct_migrante":50,"dependencia_econ":115,"pct_empleados":8,"pct_cuentapropia":85,"pct_agricultura":0,"pct_comercio":31,"pct_manufactura":8,"pct_construccion":0,"pct_transporte":8,"pct_alojamiento":31,"pct_sin_educacion":6,"pct_educ_superior":44,"brecha_educ":-10,"pct_sin_seguro":0,"pct_sus":86,"pct_seguro_privado":4,"brecha_seguro":0,"pct_salud_publica":23,"pct_med_tradicional":8,"pct_automedicacion":24,"pct_remedios_caseros":26,"pct_viv_desocupada":0,"pct_alquiler":9,"pct_electricidad":100,"pct_sin_electricidad":0,"pct_agua_red":91,"pct_alcantarillado":100,"pct_camara_septica":0,"pct_pozo_ciego":0,"pct_sin_desague":0,"pct_gas_red":82,"pct_gas_garrafa":18,"pct_lena_guano":18,"pct_basura_formal":100,"pct_basura_quema":0,"pct_basura_informal":0,"pct_internet":91,"pct_celular":100,"pct_televisor":91}},{"type":"Feature","geometry":{"type":"Polygon","coordinates":[[[-66.5934,-18.42668],[-66.59267,-18.42663],[-66.59265,-18.42675],[-66.5934,-18.42686],[-66.59376,-18.42699],[-66.59376,-18.42679],[-66.5934,-18.42668]]]},"properties":{"n":"SIGLO XX","p":35,"personas_x_ha":164,"masculinidad":119,"pct_menor20":60,"pct_60mas":0,"pct_migrante":31,"dependencia_econ":169,"pct_empleados":31,"pct_cuentapropia":38,"pct_agricultura":8,"pct_comercio":0,"pct_manufactura":15,"pct_construccion":31,"pct_transporte":0,"pct_alojamiento":23,"pct_sin_educacion":0,"pct_educ_superior":21,"brecha_educ":-14,"pct_sin_seguro":0,"pct_sus":100,"pct_seguro_privado":0,"brecha_seguro":0,"pct_salud_publica":72,"pct_med_tradicional":0,"pct_automedicacion":0,"pct_remedios_caseros":2,"pct_viv_desocupada":0,"pct_alquiler":0,"pct_electricidad":88,"pct_sin_electricidad":0,"pct_agua_red":88,"pct_alcantarillado":75,"pct_camara_septica":0,"pct_pozo_ciego":0,"pct_sin_desague":25,"pct_gas_red":0,"pct_gas_garrafa":100,"pct_lena_guano":100,"pct_basura_formal":100,"pct_basura_quema":0,"pct_basura_informal":0,"pct_internet":88,"pct_celular":88,"pct_televisor":88}},{"type":"Feature","geometry":{"type":"Polygon","coordinates":[[[-66.59655,-18.42711],[-66.59717,-18.4266],[-66.5971,-18.42651],[-66.59648,-18.42703],[-66.59655,-18.42711]]]},"properties":{"n":"SIGLO XX","p":26,"personas_x_ha":210,"masculinidad":117,"pct_menor20":46,"pct_60mas":8,"pct_migrante":31,"dependencia_econ":189,"pct_empleados":11,"pct_cuentapropia":56,"pct_agricultura":0,"pct_comercio":22,"pct_manufactura":11,"pct_construccion":11,"pct_transporte":0,"pct_alojamiento":0,"pct_sin_educacion":7,"pct_educ_superior":50,"brecha_educ":0,"pct_sin_seguro":15,"pct_sus":42,"pct_seguro_privado":0,"brecha_seguro":13,"pct_salud_publica":20,"pct_med_tradicional":12,"pct_automedicacion":17,"pct_remedios_caseros":24,"pct_viv_desocupada":0,"pct_alquiler":0,"pct_electricidad":88,"pct_sin_electricidad":0,"pct_agua_red":88,"pct_alcantarillado":100,"pct_camara_septica":0,"pct_pozo_ciego":0,"pct_sin_desague":0,"pct_gas_red":62,"pct_gas_garrafa":38,"pct_lena_guano":38,"pct_basura_formal":88,"pct_basura_quema":0,"pct_basura_informal":25,"pct_internet":75,"pct_celular":100,"pct_televisor":100}},{"type":"Feature","geometry":{"type":"Polygon","coordinates":[[[-66.58624,-18.41806],[-66.58614,-18.4182],[-66.58672,-18.41856],[-66.58681,-18.41842],[-66.58624,-18.41806]]]},"properties":{"n":"SIGLO XX","p":40,"personas_x_ha":297,"masculinidad":90,"pct_menor20":38,"pct_60mas":10,"pct_migrante":25,"dependencia_econ":100,"pct_empleados":20,"pct_cuentapropia":55,"pct_agricultura":0,"pct_comercio":15,"pct_manufactura":10,"pct_construccion":0,"pct_transporte":10,"pct_alojamiento":5,"pct_sin_educacion":4,"pct_educ_superior":54,"brecha_educ":-6,"pct_sin_seguro":10,"pct_sus":32,"pct_seguro_privado":0,"brecha_seguro":11,"pct_salud_publica":14,"pct_med_tradicional":10,"pct_automedicacion":20,"pct_remedios_caseros":31,"pct_viv_desocupada":22,"pct_alquiler":7,"pct_electricidad":93,"pct_sin_electricidad":7,"pct_agua_red":93,"pct_alcantarillado":86,"pct_camara_septica":0,"pct_pozo_ciego":0,"pct_sin_desague":14,"pct_gas_red":57,"pct_gas_garrafa":43,"pct_lena_guano":43,"pct_basura_formal":100,"pct_basura_quema":0,"pct_basura_informal":0,"pct_internet":93,"pct_celular":93,"pct_televisor":86}},{"type":"Feature","geometry":{"type":"Polygon","coordinates":[[[-66.58683,-18.4184],[-66.5869,-18.4183],[-66.58632,-18.41794],[-66.58625,-18.41804],[-66.58683,-18.4184]]]},"properties":{"n":"SIGLO XX","p":36,"personas_x_ha":369,"masculinidad":64,"pct_menor20":39,"pct_60mas":8,"pct_migrante":28,"dependencia_econ":140,"pct_empleados":27,"pct_cuentapropia":60,"pct_agricultura":0,"pct_comercio":33,"pct_manufactura":0,"pct_construccion":0,"pct_transporte":7,"pct_alojamiento":13,"pct_sin_educacion":4,"pct_educ_superior":43,"brecha_educ":-25,"pct_sin_seguro":11,"pct_sus":42,"pct_seguro_privado":0,"brecha_seguro":5,"pct_salud_publica":24,"pct_med_tradicional":3,"pct_automedicacion":11,"pct_remedios_caseros":34,"pct_viv_desocupada":0,"pct_alquiler":9,"pct_electricidad":100,"pct_sin_electricidad":0,"pct_agua_red":100,"pct_alcantarillado":91,"pct_camara_septica":0,"pct_pozo_ciego":0,"pct_sin_desague":9,"pct_gas_red":64,"pct_gas_garrafa":36,"pct_lena_guano":36,"pct_basura_formal":100,"pct_basura_quema":0,"pct_basura_informal":0,"pct_internet":91,"pct_celular":91,"pct_televisor":82}},{"type":"Feature","geometry":{"type":"Polygon","coordinates":[[[-66.58795,-18.41807],[-66.58738,-18.41773],[-66.58709,-18.4177],[-66.58705,-18.41776],[-66.58785,-18.41824],[-66.58795,-18.41807]]]},"properties":{"n":"SIGLO XX","p":63,"personas_x_ha":318,"masculinidad":103,"pct_menor20":59,"pct_60mas":2,"pct_migrante":48,"dependencia_econ":250,"pct_empleados":11,"pct_cuentapropia":44,"pct_agricultura":28,"pct_comercio":22,"pct_manufactura":0,"pct_construccion":6,"pct_transporte":11,"pct_alojamiento":0,"pct_sin_educacion":0,"pct_educ_superior":34,"brecha_educ":1,"pct_sin_seguro":2,"pct_sus":81,"pct_seguro_privado":0,"brecha_seguro":3,"pct_salud_publica":23,"pct_med_tradicional":2,"pct_automedicacion":22,"pct_remedios_caseros":32,"pct_viv_desocupada":11,"pct_alquiler":6,"pct_electricidad":100,"pct_sin_electricidad":0,"pct_agua_red":100,"pct_alcantarillado":19,"pct_camara_septica":0,"pct_pozo_ciego":6,"pct_sin_desague":50,"pct_gas_red":81,"pct_gas_garrafa":19,"pct_lena_guano":19,"pct_basura_formal":94,"pct_basura_quema":6,"pct_basura_informal":0,"pct_internet":100,"pct_celular":100,"pct_televisor":94}},{"type":"Feature","geometry":{"type":"Polygon","coordinates":[[[-66.58737,-18.41896],[-66.58747,-18.41882],[-66.58688,-18.41846],[-66.58679,-18.41859],[-66.58737,-18.41896]]]},"properties":{"n":"SIGLO XX","p":43,"personas_x_ha":316,"masculinidad":79,"pct_menor20":40,"pct_60mas":9,"pct_migrante":51,"dependencia_econ":153,"pct_empleados":35,"pct_cuentapropia":47,"pct_agricultura":6,"pct_comercio":35,"pct_manufactura":0,"pct_construccion":0,"pct_transporte":6,"pct_alojamiento":12,"pct_sin_educacion":4,"pct_educ_superior":52,"brecha_educ":6,"pct_sin_seguro":5,"pct_sus":65,"pct_seguro_privado":0,"brecha_seguro":1,"pct_salud_publica":18,"pct_med_tradicional":12,"pct_automedicacion":24,"pct_remedios_caseros":22,"pct_viv_desocupada":0,"pct_alquiler":0,"pct_electricidad":100,"pct_sin_electricidad":0,"pct_agua_red":92,"pct_alcantarillado":100,"pct_camara_septica":0,"pct_pozo_ciego":0,"pct_sin_desague":0,"pct_gas_red":42,"pct_gas_garrafa":58,"pct_lena_guano":58,"pct_basura_formal":100,"pct_basura_quema":0,"pct_basura_informal":0,"pct_internet":83,"pct_celular":100,"pct_televisor":100}},{"type":"Feature","geometry":{"type":"Polygon","coordinates":[[[-66.59506,-18.42901],[-66.59492,-18.42885],[-66.59459,-18.4291],[-66.59478,-18.42926],[-66.59506,-18.42901]]]},"properties":{"n":"SIGLO XX","p":23,"personas_x_ha":207,"masculinidad":109,"pct_menor20":57,"pct_60mas":0,"pct_migrante":35,"dependencia_econ":360,"pct_empleados":20,"pct_cuentapropia":20,"pct_agricultura":0,"pct_comercio":0,"pct_manufactura":0,"pct_construccion":0,"pct_transporte":0,"pct_alojamiento":0,"pct_sin_educacion":0,"pct_educ_superior":18,"brecha_educ":-4,"pct_sin_seguro":17,"pct_sus":65,"pct_seguro_privado":0,"brecha_seguro":16,"pct_salud_publica":27,"pct_med_tradicional":14,"pct_automedicacion":21,"pct_remedios_caseros":32,"pct_viv_desocupada":0,"pct_alquiler":0,"pct_electricidad":100,"pct_sin_electricidad":0,"pct_agua_red":100,"pct_alcantarillado":29,"pct_camara_septica":0,"pct_pozo_ciego":0,"pct_sin_desague":71,"pct_gas_red":0,"pct_gas_garrafa":100,"pct_lena_guano":100,"pct_basura_formal":86,"pct_basura_quema":14,"pct_basura_informal":0,"pct_internet":86,"pct_celular":100,"pct_televisor":86}},{"type":"Feature","geometry":{"type":"Polygon","coordinates":[[[-66.59318,-18.43211],[-66.59321,-18.43205],[-66.5927,-18.43155],[-66.59254,-18.43168],[-66.59283,-18.43205],[-66.59305,-18.43203],[-66.59318,-18.43211]]]},"properties":{"n":"SIGLO XX","p":22,"personas_x_ha":135,"masculinidad":57,"pct_menor20":55,"pct_60mas":9,"pct_migrante":64,"dependencia_econ":267,"pct_empleados":50,"pct_cuentapropia":17,"pct_agricultura":17,"pct_comercio":17,"pct_manufactura":0,"pct_construccion":0,"pct_transporte":17,"pct_alojamiento":0,"pct_sin_educacion":10,"pct_educ_superior":40,"brecha_educ":-38,"pct_sin_seguro":5,"pct_sus":76,"pct_seguro_privado":0,"brecha_seguro":-8,"pct_salud_publica":24,"pct_med_tradicional":21,"pct_automedicacion":6,"pct_remedios_caseros":22,"pct_viv_desocupada":0,"pct_alquiler":0,"pct_electricidad":100,"pct_sin_electricidad":0,"pct_agua_red":22,"pct_alcantarillado":11,"pct_camara_septica":0,"pct_pozo_ciego":0,"pct_sin_desague":78,"pct_gas_red":0,"pct_gas_garrafa":100,"pct_lena_guano":100,"pct_basura_formal":100,"pct_basura_quema":0,"pct_basura_informal":0,"pct_internet":78,"pct_celular":100,"pct_televisor":56}},{"type":"Feature","geometry":{"type":"Polygon","coordinates":[[[-66.58696,-18.41834],[-66.58689,-18.41844],[-66.58748,-18.4188],[-66.58755,-18.4187],[-66.58696,-18.41834]]]},"properties":{"n":"SIGLO XX","p":40,"personas_x_ha":406,"masculinidad":67,"pct_menor20":52,"pct_60mas":5,"pct_migrante":28,"dependencia_econ":208,"pct_empleados":38,"pct_cuentapropia":15,"pct_agricultura":0,"pct_comercio":15,"pct_manufactura":0,"pct_construccion":0,"pct_transporte":0,"pct_alojamiento":15,"pct_sin_educacion":10,"pct_educ_superior":45,"brecha_educ":-43,"pct_sin_seguro":2,"pct_sus":48,"pct_seguro_privado":0,"brecha_seguro":-4,"pct_salud_publica":31,"pct_med_tradicional":4,"pct_automedicacion":13,"pct_remedios_caseros":13,"pct_viv_desocupada":0,"pct_alquiler":0,"pct_electricidad":100,"pct_sin_electricidad":0,"pct_agua_red":100,"pct_alcantarillado":69,"pct_camara_septica":0,"pct_pozo_ciego":0,"pct_sin_desague":31,"pct_gas_red":31,"pct_gas_garrafa":69,"pct_lena_guano":69,"pct_basura_formal":100,"pct_basura_quema":0,"pct_basura_informal":0,"pct_internet":92,"pct_celular":92,"pct_televisor":92}},{"type":"Feature","geometry":{"type":"Polygon","coordinates":[[[-66.58873,-18.42097],[-66.58863,-18.42081],[-66.5882,-18.42107],[-66.58832,-18.42125],[-66.58873,-18.42097]]]},"properties":{"n":"SIGLO XX","p":48,"personas_x_ha":403,"masculinidad":85,"pct_menor20":25,"pct_60mas":21,"pct_migrante":54,"dependencia_econ":92,"pct_empleados":48,"pct_cuentapropia":44,"pct_agricultura":0,"pct_comercio":20,"pct_manufactura":8,"pct_construccion":4,"pct_transporte":8,"pct_alojamiento":0,"pct_sin_educacion":5,"pct_educ_superior":64,"brecha_educ":6,"pct_sin_seguro":21,"pct_sus":60,"pct_seguro_privado":0,"brecha_seguro":12,"pct_salud_publica":23,"pct_med_tradicional":13,"pct_automedicacion":21,"pct_remedios_caseros":24,"pct_viv_desocupada":0,"pct_alquiler":33,"pct_electricidad":100,"pct_sin_electricidad":0,"pct_agua_red":94,"pct_alcantarillado":89,"pct_camara_septica":0,"pct_pozo_ciego":0,"pct_sin_desague":11,"pct_gas_red":61,"pct_gas_garrafa":39,"pct_lena_guano":39,"pct_basura_formal":100,"pct_basura_quema":0,"pct_basura_informal":0,"pct_internet":94,"pct_celular":100,"pct_televisor":78}},{"type":"Feature","geometry":{"type":"Polygon","coordinates":[[[-66.58813,-18.41906],[-66.58762,-18.41874],[-66.58756,-18.41883],[-66.58806,-18.41914],[-66.58813,-18.41906]]]},"properties":{"n":"SIGLO XX","p":18,"personas_x_ha":239,"masculinidad":260,"pct_menor20":22,"pct_60mas":22,"pct_migrante":56,"dependencia_econ":80,"pct_empleados":30,"pct_cuentapropia":40,"pct_agricultura":10,"pct_comercio":10,"pct_manufactura":0,"pct_construccion":0,"pct_transporte":10,"pct_alojamiento":10,"pct_sin_educacion":27,"pct_educ_superior":53,"brecha_educ":11,"pct_sin_seguro":28,"pct_sus":56,"pct_seguro_privado":0,"brecha_seguro":-17,"pct_salud_publica":31,"pct_med_tradicional":8,"pct_automedicacion":24,"pct_remedios_caseros":18,"pct_viv_desocupada":0,"pct_alquiler":30,"pct_electricidad":100,"pct_sin_electricidad":0,"pct_agua_red":100,"pct_alcantarillado":100,"pct_camara_septica":0,"pct_pozo_ciego":0,"pct_sin_desague":0,"pct_gas_red":30,"pct_gas_garrafa":70,"pct_lena_guano":70,"pct_basura_formal":100,"pct_basura_quema":0,"pct_basura_informal":0,"pct_internet":80,"pct_celular":90,"pct_televisor":40}},{"type":"Feature","geometry":{"type":"Polygon","coordinates":[[[-66.5872,-18.41919],[-66.58728,-18.41907],[-66.5867,-18.41871],[-66.58661,-18.41884],[-66.5872,-18.41919]]]},"properties":{"n":"SIGLO XX","p":40,"personas_x_ha":323,"masculinidad":111,"pct_menor20":32,"pct_60mas":20,"pct_migrante":25,"dependencia_econ":135,"pct_empleados":6,"pct_cuentapropia":53,"pct_agricultura":6,"pct_comercio":6,"pct_manufactura":29,"pct_construccion":0,"pct_transporte":6,"pct_alojamiento":18,"pct_sin_educacion":15,"pct_educ_superior":44,"brecha_educ":-28,"pct_sin_seguro":10,"pct_sus":62,"pct_seguro_privado":2,"brecha_seguro":-1,"pct_salud_publica":27,"pct_med_tradicional":3,"pct_automedicacion":22,"pct_remedios_caseros":28,"pct_viv_desocupada":0,"pct_alquiler":0,"pct_electricidad":100,"pct_sin_electricidad":0,"pct_agua_red":100,"pct_alcantarillado":100,"pct_camara_septica":0,"pct_pozo_ciego":0,"pct_sin_desague":0,"pct_gas_red":54,"pct_gas_garrafa":46,"pct_lena_guano":46,"pct_basura_formal":100,"pct_basura_quema":0,"pct_basura_informal":0,"pct_internet":69,"pct_celular":69,"pct_televisor":100}},{"type":"Feature","geometry":{"type":"Polygon","coordinates":[[[-66.48782,-18.40325],[-66.4882,-18.40249],[-66.48815,-18.40241],[-66.48827,-18.40188],[-66.48805,-18.40182],[-66.48791,-18.40214],[-66.48802,-18.40181],[-66.48756,-18.4017],[-66.48726,-18.40276],[-66.48737,-18.40304],[-66.48782,-18.40325]]]},"properties":{"n":"VILLA ARBOLITOS","p":21,"personas_x_ha":18,"masculinidad":91,"pct_menor20":52,"pct_60mas":10,"pct_migrante":48,"dependencia_econ":50,"pct_empleados":7,"pct_cuentapropia":57,"pct_agricultura":64,"pct_comercio":21,"pct_manufactura":7,"pct_construccion":0,"pct_transporte":0,"pct_alojamiento":7,"pct_sin_educacion":18,"pct_educ_superior":18,"brecha_educ":-21,"pct_sin_seguro":10,"pct_sus":90,"pct_seguro_privado":0,"brecha_seguro":1,"pct_salud_publica":42,"pct_med_tradicional":0,"pct_automedicacion":17,"pct_remedios_caseros":31,"pct_viv_desocupada":46,"pct_alquiler":0,"pct_electricidad":100,"pct_sin_electricidad":0,"pct_agua_red":57,"pct_alcantarillado":14,"pct_camara_septica":0,"pct_pozo_ciego":71,"pct_sin_desague":14,"pct_gas_red":0,"pct_gas_garrafa":86,"pct_lena_guano":86,"pct_basura_formal":0,"pct_basura_quema":100,"pct_basura_informal":0,"pct_internet":57,"pct_celular":100,"pct_televisor":57}},{"type":"Feature","geometry":{"type":"Polygon","coordinates":[[[-66.48842,-18.40136],[-66.48854,-18.40097],[-66.48787,-18.40077],[-66.48774,-18.40117],[-66.48842,-18.40136]]]},"properties":{"n":"VILLA ARBOLITOS","p":22,"personas_x_ha":60,"masculinidad":175,"pct_menor20":36,"pct_60mas":14,"pct_migrante":32,"dependencia_econ":38,"pct_empleados":12,"pct_cuentapropia":56,"pct_agricultura":50,"pct_comercio":12,"pct_manufactura":19,"pct_construccion":12,"pct_transporte":0,"pct_alojamiento":0,"pct_sin_educacion":36,"pct_educ_superior":7,"brecha_educ":14,"pct_sin_seguro":9,"pct_sus":91,"pct_seguro_privado":0,"brecha_seguro":-5,"pct_salud_publica":20,"pct_med_tradicional":20,"pct_automedicacion":13,"pct_remedios_caseros":23,"pct_viv_desocupada":0,"pct_alquiler":0,"pct_electricidad":89,"pct_sin_electricidad":11,"pct_agua_red":89,"pct_alcantarillado":0,"pct_camara_septica":0,"pct_pozo_ciego":56,"pct_sin_desague":33,"pct_gas_red":0,"pct_gas_garrafa":44,"pct_lena_guano":44,"pct_basura_formal":0,"pct_basura_quema":100,"pct_basura_informal":0,"pct_internet":78,"pct_celular":89,"pct_televisor":44}},{"type":"Feature","geometry":{"type":"Polygon","coordinates":[[[-66.48828,-18.40183],[-66.48841,-18.40141],[-66.48818,-18.40133],[-66.48804,-18.40177],[-66.48828,-18.40183]]]},"properties":{"n":"VILLA ARBOLITOS","p":32,"personas_x_ha":235,"masculinidad":129,"pct_menor20":34,"pct_60mas":9,"pct_migrante":31,"dependencia_econ":39,"pct_empleados":9,"pct_cuentapropia":61,"pct_agricultura":70,"pct_comercio":0,"pct_manufactura":9,"pct_construccion":22,"pct_transporte":0,"pct_alojamiento":0,"pct_sin_educacion":10,"pct_educ_superior":0,"brecha_educ":-33,"pct_sin_seguro":3,"pct_sus":97,"pct_seguro_privado":0,"brecha_seguro":6,"pct_salud_publica":43,"pct_med_tradicional":16,"pct_automedicacion":4,"pct_remedios_caseros":36,"pct_viv_desocupada":0,"pct_alquiler":0,"pct_electricidad":91,"pct_sin_electricidad":9,"pct_agua_red":36,"pct_alcantarillado":9,"pct_camara_septica":9,"pct_pozo_ciego":18,"pct_sin_desague":64,"pct_gas_red":0,"pct_gas_garrafa":36,"pct_lena_guano":36,"pct_basura_formal":0,"pct_basura_quema":100,"pct_basura_informal":0,"pct_internet":36,"pct_celular":64,"pct_televisor":45}},{"type":"Feature","geometry":{"type":"Polygon","coordinates":[[[-66.48741,-18.40207],[-66.48709,-18.40199],[-66.48741,-18.40204],[-66.48768,-18.40122],[-66.48645,-18.40105],[-66.48622,-18.4012],[-66.48619,-18.40144],[-66.48591,-18.4014],[-66.48591,-18.40173],[-66.48648,-18.40187],[-66.48657,-18.40261],[-66.48669,-18.40268],[-66.48723,-18.40274],[-66.48741,-18.40207]]]},"properties":{"n":"VILLA ARBOLITOS","p":24,"personas_x_ha":11,"masculinidad":60,"pct_menor20":17,"pct_60mas":17,"pct_migrante":8,"dependencia_econ":26,"pct_empleados":16,"pct_cuentapropia":58,"pct_agricultura":63,"pct_comercio":16,"pct_manufactura":0,"pct_construccion":5,"pct_transporte":11,"pct_alojamiento":0,"pct_sin_educacion":10,"pct_educ_superior":0,"brecha_educ":-33,"pct_sin_seguro":8,"pct_sus":83,"pct_seguro_privado":0,"brecha_seguro":22,"pct_salud_publica":15,"pct_med_tradicional":19,"pct_automedicacion":14,"pct_remedios_caseros":26,"pct_viv_desocupada":16,"pct_alquiler":0,"pct_electricidad":81,"pct_sin_electricidad":19,"pct_agua_red":56,"pct_alcantarillado":12,"pct_camara_septica":0,"pct_pozo_ciego":38,"pct_sin_desague":44,"pct_gas_red":0,"pct_gas_garrafa":56,"pct_lena_guano":56,"pct_basura_formal":6,"pct_basura_quema":81,"pct_basura_informal":0,"pct_internet":0,"pct_celular":75,"pct_televisor":44}},{"type":"Feature","geometry":{"type":"Polygon","coordinates":[[[-66.63362,-18.33725],[-66.63343,-18.33684],[-66.63316,-18.33694],[-66.63335,-18.33735],[-66.63362,-18.33725]]]},"properties":{"n":"WALQUERI","p":16,"personas_x_ha":100,"masculinidad":129,"pct_menor20":6,"pct_60mas":31,"pct_migrante":0,"dependencia_econ":14,"pct_empleados":7,"pct_cuentapropia":64,"pct_agricultura":71,"pct_comercio":0,"pct_manufactura":0,"pct_construccion":14,"pct_transporte":7,"pct_alojamiento":7,"pct_sin_educacion":33,"pct_educ_superior":0,"brecha_educ":-12,"pct_sin_seguro":25,"pct_sus":75,"pct_seguro_privado":0,"brecha_seguro":-6,"pct_salud_publica":48,"pct_med_tradicional":16,"pct_automedicacion":0,"pct_remedios_caseros":35,"pct_viv_desocupada":0,"pct_alquiler":0,"pct_electricidad":50,"pct_sin_electricidad":38,"pct_agua_red":100,"pct_alcantarillado":0,"pct_camara_septica":0,"pct_pozo_ciego":25,"pct_sin_desague":75,"pct_gas_red":0,"pct_gas_garrafa":88,"pct_lena_guano":88,"pct_basura_formal":0,"pct_basura_quema":75,"pct_basura_informal":0,"pct_internet":50,"pct_celular":75,"pct_televisor":25}}]}