{"type":"FeatureCollection","features":[{"type":"Feature","geometry":{"type":"Polygon","coordinates":[[[-66.41585,-18.54276],[-66.41595,-18.54309],[-66.4166,-18.54303],[-66.41648,-18.5427],[-66.41585,-18.54276]]]},"properties":{"n":"ANTARA","p":29,"personas_x_ha":112,"masculinidad":142,"pct_menor20":48,"pct_60mas":10,"pct_migrante":7,"dependencia_econ":62,"pct_empleados":12,"pct_cuentapropia":50,"pct_agricultura":75,"pct_comercio":0,"pct_manufactura":6,"pct_construccion":6,"pct_transporte":0,"pct_alojamiento":0,"pct_sin_educacion":8,"pct_educ_superior":0,"brecha_educ":-52,"pct_sin_seguro":0,"pct_sus":100,"pct_seguro_privado":0,"brecha_seguro":0,"pct_salud_publica":54,"pct_med_tradicional":15,"pct_automedicacion":13,"pct_remedios_caseros":17,"pct_viv_desocupada":8,"pct_alquiler":0,"pct_electricidad":90,"pct_sin_electricidad":10,"pct_agua_red":70,"pct_alcantarillado":10,"pct_camara_septica":0,"pct_pozo_ciego":30,"pct_sin_desague":60,"pct_gas_red":0,"pct_gas_garrafa":80,"pct_lena_guano":80,"pct_basura_formal":0,"pct_basura_quema":100,"pct_basura_informal":0,"pct_internet":10,"pct_celular":70,"pct_televisor":30}},{"type":"Feature","geometry":{"type":"Polygon","coordinates":[[[-66.41711,-18.54435],[-66.41693,-18.54409],[-66.41677,-18.54354],[-66.41625,-18.54369],[-66.41658,-18.54419],[-66.41687,-18.54446],[-66.41711,-18.54435]]]},"properties":{"n":"ANTARA","p":25,"personas_x_ha":59,"masculinidad":67,"pct_menor20":40,"pct_60mas":24,"pct_migrante":68,"dependencia_econ":67,"pct_empleados":20,"pct_cuentapropia":53,"pct_agricultura":67,"pct_comercio":7,"pct_manufactura":0,"pct_construccion":7,"pct_transporte":0,"pct_alojamiento":0,"pct_sin_educacion":27,"pct_educ_superior":0,"brecha_educ":20,"pct_sin_seguro":12,"pct_sus":79,"pct_seguro_privado":0,"brecha_seguro":30,"pct_salud_publica":67,"pct_med_tradicional":0,"pct_automedicacion":0,"pct_remedios_caseros":27,"pct_viv_desocupada":0,"pct_alquiler":0,"pct_electricidad":100,"pct_sin_electricidad":0,"pct_agua_red":67,"pct_alcantarillado":0,"pct_camara_septica":0,"pct_pozo_ciego":0,"pct_sin_desague":89,"pct_gas_red":0,"pct_gas_garrafa":100,"pct_lena_guano":100,"pct_basura_formal":0,"pct_basura_quema":100,"pct_basura_informal":0,"pct_internet":44,"pct_celular":78,"pct_televisor":67}},{"type":"Feature","geometry":{"type":"Polygon","coordinates":[[[-66.4153,-18.54285],[-66.41464,-18.54298],[-66.41466,-18.54319],[-66.41534,-18.54314],[-66.4153,-18.54285]]]},"properties":{"n":"ANTARA","p":30,"personas_x_ha":148,"masculinidad":150,"pct_menor20":53,"pct_60mas":7,"pct_migrante":13,"dependencia_econ":107,"pct_empleados":7,"pct_cuentapropia":93,"pct_agricultura":57,"pct_comercio":21,"pct_manufactura":14,"pct_construccion":7,"pct_transporte":0,"pct_alojamiento":0,"pct_sin_educacion":7,"pct_educ_superior":7,"brecha_educ":-57,"pct_sin_seguro":10,"pct_sus":90,"pct_seguro_privado":0,"brecha_seguro":18,"pct_salud_publica":24,"pct_med_tradicional":24,"pct_automedicacion":19,"pct_remedios_caseros":26,"pct_viv_desocupada":0,"pct_alquiler":0,"pct_electricidad":100,"pct_sin_electricidad":0,"pct_agua_red":62,"pct_alcantarillado":0,"pct_camara_septica":0,"pct_pozo_ciego":50,"pct_sin_desague":50,"pct_gas_red":0,"pct_gas_garrafa":100,"pct_lena_guano":100,"pct_basura_formal":0,"pct_basura_quema":88,"pct_basura_informal":0,"pct_internet":75,"pct_celular":88,"pct_televisor":100}},{"type":"Feature","geometry":{"type":"Polygon","coordinates":[[[-66.48575,-18.52665],[-66.48587,-18.52675],[-66.48573,-18.52667],[-66.48557,-18.52698],[-66.48626,-18.52723],[-66.48679,-18.52667],[-66.48666,-18.52655],[-66.48595,-18.5263],[-66.48575,-18.52665]]]},"properties":{"n":"CALA CALA","p":62,"personas_x_ha":81,"masculinidad":138,"pct_menor20":34,"pct_60mas":18,"pct_migrante":11,"dependencia_econ":94,"pct_empleados":3,"pct_cuentapropia":75,"pct_agricultura":53,"pct_comercio":12,"pct_manufactura":16,"pct_construccion":12,"pct_transporte":3,"pct_alojamiento":0,"pct_sin_educacion":17,"pct_educ_superior":7,"brecha_educ":-22,"pct_sin_seguro":21,"pct_sus":69,"pct_seguro_privado":0,"brecha_seguro":10,"pct_salud_publica":27,"pct_med_tradicional":19,"pct_automedicacion":11,"pct_remedios_caseros":26,"pct_viv_desocupada":0,"pct_alquiler":0,"pct_electricidad":93,"pct_sin_electricidad":7,"pct_agua_red":100,"pct_alcantarillado":73,"pct_camara_septica":0,"pct_pozo_ciego":0,"pct_sin_desague":27,"pct_gas_red":0,"pct_gas_garrafa":93,"pct_lena_guano":93,"pct_basura_formal":73,"pct_basura_quema":13,"pct_basura_informal":0,"pct_internet":93,"pct_celular":100,"pct_televisor":87}},{"type":"Feature","geometry":{"type":"Polygon","coordinates":[[[-66.48356,-18.52715],[-66.48381,-18.52709],[-66.48385,-18.52719],[-66.48366,-18.52732],[-66.48383,-18.52718],[-66.4838,-18.52712],[-66.48355,-18.52718],[-66.48337,-18.52751],[-66.48388,-18.52775],[-66.48428,-18.52658],[-66.48399,-18.5265],[-66.48356,-18.52715]]]},"properties":{"n":"CALA CALA","p":45,"personas_x_ha":71,"masculinidad":137,"pct_menor20":29,"pct_60mas":20,"pct_migrante":16,"dependencia_econ":80,"pct_empleados":16,"pct_cuentapropia":32,"pct_agricultura":68,"pct_comercio":0,"pct_manufactura":0,"pct_construccion":24,"pct_transporte":8,"pct_alojamiento":0,"pct_sin_educacion":19,"pct_educ_superior":12,"brecha_educ":-7,"pct_sin_seguro":9,"pct_sus":91,"pct_seguro_privado":0,"brecha_seguro":15,"pct_salud_publica":30,"pct_med_tradicional":11,"pct_automedicacion":10,"pct_remedios_caseros":34,"pct_viv_desocupada":36,"pct_alquiler":0,"pct_electricidad":92,"pct_sin_electricidad":8,"pct_agua_red":85,"pct_alcantarillado":77,"pct_camara_septica":0,"pct_pozo_ciego":0,"pct_sin_desague":23,"pct_gas_red":0,"pct_gas_garrafa":85,"pct_lena_guano":85,"pct_basura_formal":77,"pct_basura_quema":8,"pct_basura_informal":0,"pct_internet":23,"pct_celular":77,"pct_televisor":69}},{"type":"Feature","geometry":{"type":"Polygon","coordinates":[[[-66.48561,-18.52426],[-66.48598,-18.52443],[-66.48567,-18.52502],[-66.48556,-18.52496],[-66.4857,-18.52466],[-66.48512,-18.52437],[-66.48497,-18.52458],[-66.48481,-18.52445],[-66.48494,-18.5242],[-66.48533,-18.5238],[-66.48545,-18.52389],[-66.48543,-18.52405],[-66.48561,-18.52426]]]},"properties":{"n":"CALA CALA","p":17,"personas_x_ha":30,"masculinidad":70,"pct_menor20":24,"pct_60mas":29,"pct_migrante":24,"dependencia_econ":1600,"pct_empleados":0,"pct_cuentapropia":0,"pct_agricultura":100,"pct_comercio":0,"pct_manufactura":0,"pct_construccion":0,"pct_transporte":0,"pct_alojamiento":0,"pct_sin_educacion":8,"pct_educ_superior":8,"brecha_educ":7,"pct_sin_seguro":29,"pct_sus":71,"pct_seguro_privado":0,"brecha_seguro":-1,"pct_salud_publica":38,"pct_med_tradicional":42,"pct_automedicacion":4,"pct_remedios_caseros":12,"pct_viv_desocupada":10,"pct_alquiler":0,"pct_electricidad":50,"pct_sin_electricidad":50,"pct_agua_red":0,"pct_alcantarillado":50,"pct_camara_septica":0,"pct_pozo_ciego":0,"pct_sin_desague":50,"pct_gas_red":0,"pct_gas_garrafa":50,"pct_lena_guano":50,"pct_basura_formal":62,"pct_basura_quema":25,"pct_basura_informal":0,"pct_internet":25,"pct_celular":88,"pct_televisor":50}},{"type":"Feature","geometry":{"type":"Polygon","coordinates":[[[-66.48418,-18.52587],[-66.48396,-18.52644],[-66.48431,-18.52652],[-66.48452,-18.52596],[-66.48418,-18.52587]]]},"properties":{"n":"CALA CALA","p":43,"personas_x_ha":169,"masculinidad":87,"pct_menor20":37,"pct_60mas":9,"pct_migrante":16,"dependencia_econ":139,"pct_empleados":22,"pct_cuentapropia":56,"pct_agricultura":44,"pct_comercio":28,"pct_manufactura":6,"pct_construccion":0,"pct_transporte":0,"pct_alojamiento":0,"pct_sin_educacion":7,"pct_educ_superior":4,"brecha_educ":12,"pct_sin_seguro":21,"pct_sus":79,"pct_seguro_privado":0,"brecha_seguro":8,"pct_salud_publica":38,"pct_med_tradicional":11,"pct_automedicacion":4,"pct_remedios_caseros":39,"pct_viv_desocupada":0,"pct_alquiler":0,"pct_electricidad":82,"pct_sin_electricidad":18,"pct_agua_red":100,"pct_alcantarillado":55,"pct_camara_septica":0,"pct_pozo_ciego":0,"pct_sin_desague":45,"pct_gas_red":0,"pct_gas_garrafa":91,"pct_lena_guano":91,"pct_basura_formal":82,"pct_basura_quema":18,"pct_basura_informal":0,"pct_internet":82,"pct_celular":82,"pct_televisor":45}},{"type":"Feature","geometry":{"type":"Polygon","coordinates":[[[-66.4832,-18.52649],[-66.48315,-18.52624],[-66.48212,-18.52593],[-66.48204,-18.52646],[-66.48306,-18.52674],[-66.4832,-18.52649]]]},"properties":{"n":"CALA CALA","p":26,"personas_x_ha":37,"masculinidad":44,"pct_menor20":35,"pct_60mas":15,"pct_migrante":8,"dependencia_econ":100,"pct_empleados":15,"pct_cuentapropia":38,"pct_agricultura":77,"pct_comercio":8,"pct_manufactura":0,"pct_construccion":8,"pct_transporte":0,"pct_alojamiento":0,"pct_sin_educacion":6,"pct_educ_superior":6,"brecha_educ":-27,"pct_sin_seguro":15,"pct_sus":81,"pct_seguro_privado":0,"brecha_seguro":32,"pct_salud_publica":30,"pct_med_tradicional":11,"pct_automedicacion":9,"pct_remedios_caseros":30,"pct_viv_desocupada":0,"pct_alquiler":0,"pct_electricidad":90,"pct_sin_electricidad":10,"pct_agua_red":40,"pct_alcantarillado":80,"pct_camara_septica":0,"pct_pozo_ciego":0,"pct_sin_desague":20,"pct_gas_red":0,"pct_gas_garrafa":70,"pct_lena_guano":70,"pct_basura_formal":50,"pct_basura_quema":50,"pct_basura_informal":0,"pct_internet":50,"pct_celular":70,"pct_televisor":70}},{"type":"Feature","geometry":{"type":"Polygon","coordinates":[[[-66.48331,-18.52852],[-66.48287,-18.52823],[-66.48253,-18.5288],[-66.48298,-18.52917],[-66.48331,-18.52852]]]},"properties":{"n":"CALA CALA","p":50,"personas_x_ha":108,"masculinidad":85,"pct_menor20":40,"pct_60mas":6,"pct_migrante":8,"dependencia_econ":163,"pct_empleados":11,"pct_cuentapropia":74,"pct_agricultura":32,"pct_comercio":5,"pct_manufactura":21,"pct_construccion":16,"pct_transporte":26,"pct_alojamiento":0,"pct_sin_educacion":16,"pct_educ_superior":16,"brecha_educ":-2,"pct_sin_seguro":2,"pct_sus":98,"pct_seguro_privado":0,"brecha_seguro":4,"pct_salud_publica":22,"pct_med_tradicional":17,"pct_automedicacion":19,"pct_remedios_caseros":24,"pct_viv_desocupada":0,"pct_alquiler":0,"pct_electricidad":100,"pct_sin_electricidad":0,"pct_agua_red":94,"pct_alcantarillado":100,"pct_camara_septica":0,"pct_pozo_ciego":0,"pct_sin_desague":0,"pct_gas_red":0,"pct_gas_garrafa":100,"pct_lena_guano":100,"pct_basura_formal":38,"pct_basura_quema":56,"pct_basura_informal":0,"pct_internet":75,"pct_celular":88,"pct_televisor":88}},{"type":"Feature","geometry":{"type":"Polygon","coordinates":[[[-66.48828,-18.52501],[-66.48825,-18.52532],[-66.48805,-18.52554],[-66.4882,-18.52574],[-66.4876,-18.52622],[-66.48685,-18.52662],[-66.486,-18.52624],[-66.48642,-18.52546],[-66.48721,-18.52519],[-66.48788,-18.52485],[-66.48807,-18.525],[-66.48828,-18.52501]]]},"properties":{"n":"CALA CALA","p":33,"personas_x_ha":13,"masculinidad":106,"pct_menor20":55,"pct_60mas":6,"pct_migrante":3,"dependencia_econ":136,"pct_empleados":0,"pct_cuentapropia":93,"pct_agricultura":43,"pct_comercio":0,"pct_manufactura":50,"pct_construccion":0,"pct_transporte":0,"pct_alojamiento":0,"pct_sin_educacion":19,"pct_educ_superior":6,"brecha_educ":-35,"pct_sin_seguro":6,"pct_sus":94,"pct_seguro_privado":0,"brecha_seguro":-12,"pct_salud_publica":17,"pct_med_tradicional":21,"pct_automedicacion":26,"pct_remedios_caseros":34,"pct_viv_desocupada":0,"pct_alquiler":0,"pct_electricidad":83,"pct_sin_electricidad":0,"pct_agua_red":83,"pct_alcantarillado":67,"pct_camara_septica":0,"pct_pozo_ciego":0,"pct_sin_desague":33,"pct_gas_red":0,"pct_gas_garrafa":100,"pct_lena_guano":100,"pct_basura_formal":33,"pct_basura_quema":67,"pct_basura_informal":0,"pct_internet":67,"pct_celular":100,"pct_televisor":67}},{"type":"Feature","geometry":{"type":"Polygon","coordinates":[[[-66.48321,-18.5258],[-66.48314,-18.52618],[-66.48216,-18.52584],[-66.4822,-18.52547],[-66.48313,-18.52563],[-66.48321,-18.5258]]]},"properties":{"n":"CALA CALA","p":18,"personas_x_ha":32,"masculinidad":64,"pct_menor20":39,"pct_60mas":22,"pct_migrante":0,"dependencia_econ":1600,"pct_empleados":0,"pct_cuentapropia":0,"pct_agricultura":100,"pct_comercio":0,"pct_manufactura":0,"pct_construccion":0,"pct_transporte":0,"pct_alojamiento":0,"pct_sin_educacion":20,"pct_educ_superior":10,"brecha_educ":-60,"pct_sin_seguro":12,"pct_sus":88,"pct_seguro_privado":0,"brecha_seguro":33,"pct_salud_publica":24,"pct_med_tradicional":7,"pct_automedicacion":29,"pct_remedios_caseros":27,"pct_viv_desocupada":11,"pct_alquiler":0,"pct_electricidad":86,"pct_sin_electricidad":14,"pct_agua_red":86,"pct_alcantarillado":86,"pct_camara_septica":0,"pct_pozo_ciego":0,"pct_sin_desague":14,"pct_gas_red":0,"pct_gas_garrafa":100,"pct_lena_guano":100,"pct_basura_formal":71,"pct_basura_quema":29,"pct_basura_informal":0,"pct_internet":43,"pct_celular":86,"pct_televisor":71}},{"type":"Feature","geometry":{"type":"Polygon","coordinates":[[[-66.48439,-18.52527],[-66.48407,-18.52505],[-66.4842,-18.52468],[-66.48454,-18.52494],[-66.48439,-18.52527]]]},"properties":{"n":"CALA CALA","p":34,"personas_x_ha":193,"masculinidad":70,"pct_menor20":47,"pct_60mas":9,"pct_migrante":21,"dependencia_econ":267,"pct_empleados":0,"pct_cuentapropia":56,"pct_agricultura":56,"pct_comercio":22,"pct_manufactura":22,"pct_construccion":0,"pct_transporte":0,"pct_alojamiento":0,"pct_sin_educacion":11,"pct_educ_superior":17,"brecha_educ":10,"pct_sin_seguro":7,"pct_sus":93,"pct_seguro_privado":0,"brecha_seguro":-11,"pct_salud_publica":25,"pct_med_tradicional":15,"pct_automedicacion":22,"pct_remedios_caseros":27,"pct_viv_desocupada":12,"pct_alquiler":0,"pct_electricidad":86,"pct_sin_electricidad":14,"pct_agua_red":14,"pct_alcantarillado":71,"pct_camara_septica":0,"pct_pozo_ciego":0,"pct_sin_desague":29,"pct_gas_red":0,"pct_gas_garrafa":71,"pct_lena_guano":71,"pct_basura_formal":71,"pct_basura_quema":29,"pct_basura_informal":0,"pct_internet":86,"pct_celular":86,"pct_televisor":86}},{"type":"Feature","geometry":{"type":"Polygon","coordinates":[[[-66.48635,-18.52546],[-66.48682,-18.5247],[-66.48626,-18.52436],[-66.4862,-18.52448],[-66.48607,-18.52442],[-66.48573,-18.52504],[-66.48635,-18.52546]]]},"properties":{"n":"CALA CALA","p":36,"personas_x_ha":48,"masculinidad":89,"pct_menor20":50,"pct_60mas":0,"pct_migrante":0,"dependencia_econ":620,"pct_empleados":0,"pct_cuentapropia":60,"pct_agricultura":60,"pct_comercio":0,"pct_manufactura":0,"pct_construccion":20,"pct_transporte":20,"pct_alojamiento":0,"pct_sin_educacion":5,"pct_educ_superior":16,"brecha_educ":-7,"pct_sin_seguro":3,"pct_sus":97,"pct_seguro_privado":0,"brecha_seguro":6,"pct_salud_publica":48,"pct_med_tradicional":3,"pct_automedicacion":0,"pct_remedios_caseros":48,"pct_viv_desocupada":0,"pct_alquiler":0,"pct_electricidad":100,"pct_sin_electricidad":0,"pct_agua_red":75,"pct_alcantarillado":38,"pct_camara_septica":0,"pct_pozo_ciego":0,"pct_sin_desague":62,"pct_gas_red":0,"pct_gas_garrafa":75,"pct_lena_guano":75,"pct_basura_formal":75,"pct_basura_quema":25,"pct_basura_informal":0,"pct_internet":75,"pct_celular":75,"pct_televisor":38}},{"type":"Feature","geometry":{"type":"Polygon","coordinates":[[[-66.48436,-18.52654],[-66.48485,-18.52672],[-66.48515,-18.5261],[-66.48458,-18.52597],[-66.48436,-18.52654]]]},"properties":{"n":"CALA CALA","p":30,"personas_x_ha":71,"masculinidad":233,"pct_menor20":37,"pct_60mas":10,"pct_migrante":7,"dependencia_econ":36,"pct_empleados":5,"pct_cuentapropia":82,"pct_agricultura":86,"pct_comercio":0,"pct_manufactura":5,"pct_construccion":0,"pct_transporte":0,"pct_alojamiento":0,"pct_sin_educacion":10,"pct_educ_superior":30,"brecha_educ":12,"pct_sin_seguro":23,"pct_sus":77,"pct_seguro_privado":0,"brecha_seguro":17,"pct_salud_publica":43,"pct_med_tradicional":4,"pct_automedicacion":15,"pct_remedios_caseros":38,"pct_viv_desocupada":0,"pct_alquiler":0,"pct_electricidad":90,"pct_sin_electricidad":10,"pct_agua_red":60,"pct_alcantarillado":90,"pct_camara_septica":0,"pct_pozo_ciego":0,"pct_sin_desague":10,"pct_gas_red":0,"pct_gas_garrafa":80,"pct_lena_guano":80,"pct_basura_formal":80,"pct_basura_quema":20,"pct_basura_informal":0,"pct_internet":40,"pct_celular":70,"pct_televisor":70}},{"type":"Feature","geometry":{"type":"Polygon","coordinates":[[[-66.48437,-18.52534],[-66.48405,-18.52512],[-66.48367,-18.52569],[-66.48415,-18.5258],[-66.48437,-18.52534]]]},"properties":{"n":"CALA CALA","p":37,"personas_x_ha":115,"masculinidad":95,"pct_menor20":30,"pct_60mas":14,"pct_migrante":19,"dependencia_econ":85,"pct_empleados":10,"pct_cuentapropia":70,"pct_agricultura":60,"pct_comercio":15,"pct_manufactura":5,"pct_construccion":10,"pct_transporte":0,"pct_alojamiento":0,"pct_sin_educacion":15,"pct_educ_superior":23,"brecha_educ":-23,"pct_sin_seguro":3,"pct_sus":84,"pct_seguro_privado":0,"brecha_seguro":6,"pct_salud_publica":25,"pct_med_tradicional":25,"pct_automedicacion":15,"pct_remedios_caseros":28,"pct_viv_desocupada":0,"pct_alquiler":0,"pct_electricidad":100,"pct_sin_electricidad":0,"pct_agua_red":18,"pct_alcantarillado":100,"pct_camara_septica":0,"pct_pozo_ciego":0,"pct_sin_desague":0,"pct_gas_red":0,"pct_gas_garrafa":64,"pct_lena_guano":64,"pct_basura_formal":64,"pct_basura_quema":36,"pct_basura_informal":0,"pct_internet":82,"pct_celular":82,"pct_televisor":64}},{"type":"Feature","geometry":{"type":"Polygon","coordinates":[[[-66.48487,-18.52679],[-66.48456,-18.52744],[-66.48459,-18.52759],[-66.48491,-18.5275],[-66.48515,-18.52757],[-66.48549,-18.52702],[-66.48487,-18.52679]]]},"properties":{"n":"CALA CALA","p":38,"personas_x_ha":73,"masculinidad":90,"pct_menor20":39,"pct_60mas":11,"pct_migrante":11,"dependencia_econ":58,"pct_empleados":4,"pct_cuentapropia":58,"pct_agricultura":42,"pct_comercio":12,"pct_manufactura":12,"pct_construccion":17,"pct_transporte":0,"pct_alojamiento":0,"pct_sin_educacion":43,"pct_educ_superior":17,"brecha_educ":-20,"pct_sin_seguro":49,"pct_sus":51,"pct_seguro_privado":0,"brecha_seguro":-19,"pct_salud_publica":33,"pct_med_tradicional":18,"pct_automedicacion":13,"pct_remedios_caseros":27,"pct_viv_desocupada":0,"pct_alquiler":0,"pct_electricidad":100,"pct_sin_electricidad":0,"pct_agua_red":44,"pct_alcantarillado":89,"pct_camara_septica":0,"pct_pozo_ciego":0,"pct_sin_desague":11,"pct_gas_red":0,"pct_gas_garrafa":100,"pct_lena_guano":100,"pct_basura_formal":100,"pct_basura_quema":0,"pct_basura_informal":0,"pct_internet":78,"pct_celular":89,"pct_televisor":67}},{"type":"Feature","geometry":{"type":"Polygon","coordinates":[[[-66.48423,-18.52908],[-66.48341,-18.52856],[-66.48303,-18.52919],[-66.48378,-18.52971],[-66.48423,-18.52908]]]},"properties":{"n":"CALA CALA","p":39,"personas_x_ha":47,"masculinidad":117,"pct_menor20":31,"pct_60mas":21,"pct_migrante":10,"dependencia_econ":62,"pct_empleados":0,"pct_cuentapropia":71,"pct_agricultura":75,"pct_comercio":8,"pct_manufactura":4,"pct_construccion":4,"pct_transporte":0,"pct_alojamiento":0,"pct_sin_educacion":15,"pct_educ_superior":0,"brecha_educ":-17,"pct_sin_seguro":8,"pct_sus":92,"pct_seguro_privado":0,"brecha_seguro":4,"pct_salud_publica":51,"pct_med_tradicional":0,"pct_automedicacion":0,"pct_remedios_caseros":49,"pct_viv_desocupada":0,"pct_alquiler":7,"pct_electricidad":93,"pct_sin_electricidad":0,"pct_agua_red":100,"pct_alcantarillado":71,"pct_camara_septica":0,"pct_pozo_ciego":0,"pct_sin_desague":29,"pct_gas_red":0,"pct_gas_garrafa":86,"pct_lena_guano":86,"pct_basura_formal":93,"pct_basura_quema":0,"pct_basura_informal":0,"pct_internet":50,"pct_celular":64,"pct_televisor":57}},{"type":"Feature","geometry":{"type":"Polygon","coordinates":[[[-66.48615,-18.52749],[-66.4858,-18.52736],[-66.48596,-18.52748],[-66.48614,-18.52751],[-66.48608,-18.52763],[-66.48572,-18.52775],[-66.48551,-18.52776],[-66.48557,-18.5275],[-66.48549,-18.52775],[-66.48518,-18.52762],[-66.48553,-18.52703],[-66.48626,-18.52727],[-66.48615,-18.52749]]]},"properties":{"n":"CALA CALA","p":40,"personas_x_ha":71,"masculinidad":82,"pct_menor20":42,"pct_60mas":15,"pct_migrante":8,"dependencia_econ":48,"pct_empleados":0,"pct_cuentapropia":70,"pct_agricultura":44,"pct_comercio":4,"pct_manufactura":26,"pct_construccion":4,"pct_transporte":7,"pct_alojamiento":4,"pct_sin_educacion":16,"pct_educ_superior":16,"brecha_educ":6,"pct_sin_seguro":8,"pct_sus":92,"pct_seguro_privado":0,"brecha_seguro":17,"pct_salud_publica":33,"pct_med_tradicional":8,"pct_automedicacion":15,"pct_remedios_caseros":20,"pct_viv_desocupada":20,"pct_alquiler":0,"pct_electricidad":100,"pct_sin_electricidad":0,"pct_agua_red":83,"pct_alcantarillado":83,"pct_camara_septica":8,"pct_pozo_ciego":0,"pct_sin_desague":8,"pct_gas_red":0,"pct_gas_garrafa":92,"pct_lena_guano":92,"pct_basura_formal":75,"pct_basura_quema":25,"pct_basura_informal":0,"pct_internet":33,"pct_celular":83,"pct_televisor":83}},{"type":"Feature","geometry":{"type":"Polygon","coordinates":[[[-66.48492,-18.52944],[-66.48545,-18.52867],[-66.48479,-18.52833],[-66.48431,-18.52907],[-66.48492,-18.52944]]]},"properties":{"n":"CALA CALA","p":48,"personas_x_ha":61,"masculinidad":92,"pct_menor20":33,"pct_60mas":15,"pct_migrante":12,"dependencia_econ":42,"pct_empleados":0,"pct_cuentapropia":39,"pct_agricultura":45,"pct_comercio":6,"pct_manufactura":12,"pct_construccion":21,"pct_transporte":9,"pct_alojamiento":6,"pct_sin_educacion":30,"pct_educ_superior":15,"brecha_educ":-32,"pct_sin_seguro":5,"pct_sus":95,"pct_seguro_privado":0,"brecha_seguro":-9,"pct_salud_publica":28,"pct_med_tradicional":20,"pct_automedicacion":23,"pct_remedios_caseros":22,"pct_viv_desocupada":12,"pct_alquiler":0,"pct_electricidad":87,"pct_sin_electricidad":13,"pct_agua_red":80,"pct_alcantarillado":87,"pct_camara_septica":0,"pct_pozo_ciego":0,"pct_sin_desague":13,"pct_gas_red":0,"pct_gas_garrafa":87,"pct_lena_guano":87,"pct_basura_formal":87,"pct_basura_quema":13,"pct_basura_informal":0,"pct_internet":60,"pct_celular":87,"pct_televisor":67}},{"type":"Feature","geometry":{"type":"Polygon","coordinates":[[[-66.48425,-18.52904],[-66.48343,-18.52851],[-66.48349,-18.52843],[-66.48372,-18.52844],[-66.4839,-18.52838],[-66.4835,-18.52841],[-66.48369,-18.52812],[-66.48381,-18.52817],[-66.48384,-18.52832],[-66.48383,-18.52816],[-66.4837,-18.5281],[-66.48387,-18.52786],[-66.48431,-18.52807],[-66.48416,-18.52825],[-66.48433,-18.52808],[-66.48457,-18.52821],[-66.48437,-18.52847],[-66.48458,-18.52822],[-66.48473,-18.52829],[-66.48425,-18.52904]]]},"properties":{"n":"CALA CALA","p":61,"personas_x_ha":64,"masculinidad":110,"pct_menor20":36,"pct_60mas":8,"pct_migrante":13,"dependencia_econ":97,"pct_empleados":6,"pct_cuentapropia":84,"pct_agricultura":32,"pct_comercio":10,"pct_manufactura":26,"pct_construccion":16,"pct_transporte":10,"pct_alojamiento":0,"pct_sin_educacion":10,"pct_educ_superior":10,"brecha_educ":1,"pct_sin_seguro":3,"pct_sus":93,"pct_seguro_privado":0,"brecha_seguro":0,"pct_salud_publica":37,"pct_med_tradicional":7,"pct_automedicacion":12,"pct_remedios_caseros":37,"pct_viv_desocupada":0,"pct_alquiler":0,"pct_electricidad":100,"pct_sin_electricidad":0,"pct_agua_red":84,"pct_alcantarillado":100,"pct_camara_septica":0,"pct_pozo_ciego":0,"pct_sin_desague":0,"pct_gas_red":0,"pct_gas_garrafa":100,"pct_lena_guano":100,"pct_basura_formal":95,"pct_basura_quema":5,"pct_basura_informal":0,"pct_internet":74,"pct_celular":74,"pct_televisor":68}},{"type":"Feature","geometry":{"type":"Polygon","coordinates":[[[-66.48516,-18.52605],[-66.48531,-18.52576],[-66.48477,-18.52545],[-66.48461,-18.52593],[-66.48516,-18.52605]]]},"properties":{"n":"CALA CALA","p":20,"personas_x_ha":66,"masculinidad":54,"pct_menor20":25,"pct_60mas":10,"pct_migrante":0,"dependencia_econ":33,"pct_empleados":0,"pct_cuentapropia":87,"pct_agricultura":53,"pct_comercio":7,"pct_manufactura":27,"pct_construccion":0,"pct_transporte":7,"pct_alojamiento":0,"pct_sin_educacion":13,"pct_educ_superior":20,"brecha_educ":-28,"pct_sin_seguro":5,"pct_sus":90,"pct_seguro_privado":5,"brecha_seguro":-8,"pct_salud_publica":23,"pct_med_tradicional":18,"pct_automedicacion":20,"pct_remedios_caseros":24,"pct_viv_desocupada":0,"pct_alquiler":0,"pct_electricidad":83,"pct_sin_electricidad":17,"pct_agua_red":67,"pct_alcantarillado":67,"pct_camara_septica":0,"pct_pozo_ciego":0,"pct_sin_desague":33,"pct_gas_red":0,"pct_gas_garrafa":100,"pct_lena_guano":100,"pct_basura_formal":33,"pct_basura_quema":67,"pct_basura_informal":0,"pct_internet":50,"pct_celular":50,"pct_televisor":67}},{"type":"Feature","geometry":{"type":"Polygon","coordinates":[[[-66.48224,-18.52538],[-66.48312,-18.52558],[-66.48356,-18.52503],[-66.48325,-18.52482],[-66.48323,-18.52507],[-66.48322,-18.52481],[-66.48316,-18.52478],[-66.48232,-18.52469],[-66.48224,-18.52538]]]},"properties":{"n":"CALA CALA","p":16,"personas_x_ha":17,"masculinidad":100,"pct_menor20":50,"pct_60mas":0,"pct_migrante":0,"dependencia_econ":33,"pct_empleados":0,"pct_cuentapropia":100,"pct_agricultura":58,"pct_comercio":0,"pct_manufactura":8,"pct_construccion":0,"pct_transporte":0,"pct_alojamiento":0,"pct_sin_educacion":0,"pct_educ_superior":0,"brecha_educ":-50,"pct_sin_seguro":0,"pct_sus":100,"pct_seguro_privado":0,"brecha_seguro":0,"pct_salud_publica":27,"pct_med_tradicional":20,"pct_automedicacion":14,"pct_remedios_caseros":27,"pct_viv_desocupada":44,"pct_alquiler":0,"pct_electricidad":100,"pct_sin_electricidad":0,"pct_agua_red":80,"pct_alcantarillado":100,"pct_camara_septica":0,"pct_pozo_ciego":0,"pct_sin_desague":0,"pct_gas_red":0,"pct_gas_garrafa":60,"pct_lena_guano":60,"pct_basura_formal":0,"pct_basura_quema":100,"pct_basura_informal":0,"pct_internet":100,"pct_celular":100,"pct_televisor":80}},{"type":"Feature","geometry":{"type":"Polygon","coordinates":[[[-66.48434,-18.5266],[-66.48408,-18.52734],[-66.4843,-18.5274],[-66.48447,-18.52756],[-66.48482,-18.52677],[-66.48434,-18.5266]]]},"properties":{"n":"CALA CALA","p":45,"personas_x_ha":99,"masculinidad":125,"pct_menor20":53,"pct_60mas":16,"pct_migrante":4,"dependencia_econ":105,"pct_empleados":0,"pct_cuentapropia":68,"pct_agricultura":50,"pct_comercio":0,"pct_manufactura":32,"pct_construccion":14,"pct_transporte":5,"pct_alojamiento":0,"pct_sin_educacion":9,"pct_educ_superior":4,"brecha_educ":-48,"pct_sin_seguro":11,"pct_sus":60,"pct_seguro_privado":0,"brecha_seguro":-7,"pct_salud_publica":63,"pct_med_tradicional":17,"pct_automedicacion":0,"pct_remedios_caseros":0,"pct_viv_desocupada":0,"pct_alquiler":0,"pct_electricidad":100,"pct_sin_electricidad":0,"pct_agua_red":90,"pct_alcantarillado":80,"pct_camara_septica":0,"pct_pozo_ciego":20,"pct_sin_desague":0,"pct_gas_red":0,"pct_gas_garrafa":100,"pct_lena_guano":100,"pct_basura_formal":80,"pct_basura_quema":10,"pct_basura_informal":0,"pct_internet":60,"pct_celular":70,"pct_televisor":80}},{"type":"Feature","geometry":{"type":"Polygon","coordinates":[[[-66.48233,-18.52827],[-66.48215,-18.5284],[-66.48213,-18.52839],[-66.48206,-18.52854],[-66.48237,-18.52875],[-66.48248,-18.52862],[-66.48256,-18.52863],[-66.48283,-18.52819],[-66.48218,-18.5278],[-66.48183,-18.5284],[-66.48203,-18.52852],[-66.48213,-18.52837],[-66.48233,-18.52827]]]},"properties":{"n":"CALA CALA","p":33,"personas_x_ha":54,"masculinidad":74,"pct_menor20":18,"pct_60mas":24,"pct_migrante":21,"dependencia_econ":43,"pct_empleados":22,"pct_cuentapropia":65,"pct_agricultura":52,"pct_comercio":22,"pct_manufactura":13,"pct_construccion":9,"pct_transporte":4,"pct_alojamiento":0,"pct_sin_educacion":21,"pct_educ_superior":18,"brecha_educ":-30,"pct_sin_seguro":18,"pct_sus":82,"pct_seguro_privado":0,"brecha_seguro":6,"pct_salud_publica":26,"pct_med_tradicional":12,"pct_automedicacion":27,"pct_remedios_caseros":30,"pct_viv_desocupada":0,"pct_alquiler":0,"pct_electricidad":93,"pct_sin_electricidad":7,"pct_agua_red":86,"pct_alcantarillado":93,"pct_camara_septica":0,"pct_pozo_ciego":0,"pct_sin_desague":7,"pct_gas_red":0,"pct_gas_garrafa":93,"pct_lena_guano":93,"pct_basura_formal":93,"pct_basura_quema":7,"pct_basura_informal":0,"pct_internet":36,"pct_celular":79,"pct_televisor":36}},{"type":"Feature","geometry":{"type":"Polygon","coordinates":[[[-66.48003,-18.52609],[-66.48004,-18.52621],[-66.48028,-18.52632],[-66.48063,-18.52669],[-66.48105,-18.527],[-66.48114,-18.52699],[-66.48138,-18.52611],[-66.48079,-18.52601],[-66.48003,-18.52609]]]},"properties":{"n":"CALA CALA","p":25,"personas_x_ha":27,"masculinidad":108,"pct_menor20":56,"pct_60mas":0,"pct_migrante":4,"dependencia_econ":200,"pct_empleados":25,"pct_cuentapropia":25,"pct_agricultura":50,"pct_comercio":0,"pct_manufactura":12,"pct_construccion":12,"pct_transporte":0,"pct_alojamiento":0,"pct_sin_educacion":0,"pct_educ_superior":30,"brecha_educ":-14,"pct_sin_seguro":0,"pct_sus":88,"pct_seguro_privado":0,"brecha_seguro":0,"pct_salud_publica":30,"pct_med_tradicional":11,"pct_automedicacion":14,"pct_remedios_caseros":25,"pct_viv_desocupada":22,"pct_alquiler":0,"pct_electricidad":100,"pct_sin_electricidad":0,"pct_agua_red":100,"pct_alcantarillado":14,"pct_camara_septica":0,"pct_pozo_ciego":57,"pct_sin_desague":29,"pct_gas_red":0,"pct_gas_garrafa":100,"pct_lena_guano":100,"pct_basura_formal":86,"pct_basura_quema":14,"pct_basura_informal":0,"pct_internet":71,"pct_celular":71,"pct_televisor":71}},{"type":"Feature","geometry":{"type":"Polygon","coordinates":[[[-66.48191,-18.53112],[-66.48179,-18.53106],[-66.48228,-18.53029],[-66.48176,-18.52998],[-66.48118,-18.53086],[-66.48107,-18.53081],[-66.48091,-18.531],[-66.48172,-18.5315],[-66.48191,-18.53112]]]},"properties":{"n":"CALA CALA","p":22,"personas_x_ha":20,"masculinidad":120,"pct_menor20":68,"pct_60mas":9,"pct_migrante":14,"dependencia_econ":175,"pct_empleados":0,"pct_cuentapropia":62,"pct_agricultura":88,"pct_comercio":0,"pct_manufactura":12,"pct_construccion":0,"pct_transporte":0,"pct_alojamiento":0,"pct_sin_educacion":12,"pct_educ_superior":0,"brecha_educ":40,"pct_sin_seguro":5,"pct_sus":95,"pct_seguro_privado":0,"brecha_seguro":9,"pct_salud_publica":33,"pct_med_tradicional":24,"pct_automedicacion":6,"pct_remedios_caseros":30,"pct_viv_desocupada":25,"pct_alquiler":0,"pct_electricidad":80,"pct_sin_electricidad":20,"pct_agua_red":100,"pct_alcantarillado":40,"pct_camara_septica":0,"pct_pozo_ciego":0,"pct_sin_desague":60,"pct_gas_red":0,"pct_gas_garrafa":80,"pct_lena_guano":80,"pct_basura_formal":20,"pct_basura_quema":80,"pct_basura_informal":0,"pct_internet":60,"pct_celular":80,"pct_televisor":60}},{"type":"Feature","geometry":{"type":"Polygon","coordinates":[[[-66.48413,-18.52585],[-66.48364,-18.52572],[-66.48355,-18.52634],[-66.48389,-18.52644],[-66.48413,-18.52585]]]},"properties":{"n":"CALA CALA","p":36,"personas_x_ha":114,"masculinidad":80,"pct_menor20":36,"pct_60mas":6,"pct_migrante":19,"dependencia_econ":71,"pct_empleados":0,"pct_cuentapropia":95,"pct_agricultura":38,"pct_comercio":5,"pct_manufactura":5,"pct_construccion":14,"pct_transporte":10,"pct_alojamiento":0,"pct_sin_educacion":8,"pct_educ_superior":4,"brecha_educ":-23,"pct_sin_seguro":3,"pct_sus":97,"pct_seguro_privado":0,"brecha_seguro":6,"pct_salud_publica":22,"pct_med_tradicional":17,"pct_automedicacion":27,"pct_remedios_caseros":27,"pct_viv_desocupada":13,"pct_alquiler":0,"pct_electricidad":100,"pct_sin_electricidad":0,"pct_agua_red":86,"pct_alcantarillado":86,"pct_camara_septica":0,"pct_pozo_ciego":0,"pct_sin_desague":14,"pct_gas_red":0,"pct_gas_garrafa":86,"pct_lena_guano":86,"pct_basura_formal":86,"pct_basura_quema":14,"pct_basura_informal":0,"pct_internet":57,"pct_celular":71,"pct_televisor":71}},{"type":"Feature","geometry":{"type":"Polygon","coordinates":[[[-66.48346,-18.52669],[-66.48338,-18.52688],[-66.48292,-18.52725],[-66.48328,-18.52747],[-66.48369,-18.5268],[-66.48346,-18.52669]]]},"properties":{"n":"CALA CALA","p":29,"personas_x_ha":100,"masculinidad":123,"pct_menor20":48,"pct_60mas":14,"pct_migrante":7,"dependencia_econ":142,"pct_empleados":0,"pct_cuentapropia":67,"pct_agricultura":92,"pct_comercio":0,"pct_manufactura":8,"pct_construccion":0,"pct_transporte":0,"pct_alojamiento":0,"pct_sin_educacion":20,"pct_educ_superior":0,"brecha_educ":-32,"pct_sin_seguro":3,"pct_sus":97,"pct_seguro_privado":0,"brecha_seguro":6,"pct_salud_publica":23,"pct_med_tradicional":25,"pct_automedicacion":23,"pct_remedios_caseros":25,"pct_viv_desocupada":8,"pct_alquiler":0,"pct_electricidad":89,"pct_sin_electricidad":11,"pct_agua_red":89,"pct_alcantarillado":89,"pct_camara_septica":0,"pct_pozo_ciego":0,"pct_sin_desague":11,"pct_gas_red":0,"pct_gas_garrafa":100,"pct_lena_guano":100,"pct_basura_formal":89,"pct_basura_quema":0,"pct_basura_informal":0,"pct_internet":100,"pct_celular":100,"pct_televisor":67}},{"type":"Feature","geometry":{"type":"Polygon","coordinates":[[[-66.48174,-18.52438],[-66.4814,-18.52421],[-66.48114,-18.52457],[-66.48098,-18.52448],[-66.48115,-18.52418],[-66.4811,-18.52415],[-66.48094,-18.52447],[-66.47982,-18.52379],[-66.48069,-18.52253],[-66.48111,-18.52151],[-66.48246,-18.52233],[-66.48232,-18.52259],[-66.4823,-18.52286],[-66.48243,-18.52301],[-66.48243,-18.52316],[-66.48233,-18.52318],[-66.48229,-18.52341],[-66.48174,-18.52438]]]},"properties":{"n":"CALA CALA","p":16,"personas_x_ha":3,"masculinidad":100,"pct_menor20":50,"pct_60mas":12,"pct_migrante":0,"dependencia_econ":220,"pct_empleados":20,"pct_cuentapropia":40,"pct_agricultura":80,"pct_comercio":0,"pct_manufactura":0,"pct_construccion":0,"pct_transporte":20,"pct_alojamiento":0,"pct_sin_educacion":75,"pct_educ_superior":0,"brecha_educ":0,"pct_sin_seguro":0,"pct_sus":100,"pct_seguro_privado":0,"brecha_seguro":0,"pct_salud_publica":37,"pct_med_tradicional":23,"pct_automedicacion":9,"pct_remedios_caseros":23,"pct_viv_desocupada":12,"pct_alquiler":0,"pct_electricidad":80,"pct_sin_electricidad":20,"pct_agua_red":80,"pct_alcantarillado":0,"pct_camara_septica":0,"pct_pozo_ciego":40,"pct_sin_desague":60,"pct_gas_red":0,"pct_gas_garrafa":100,"pct_lena_guano":100,"pct_basura_formal":100,"pct_basura_quema":0,"pct_basura_informal":0,"pct_internet":40,"pct_celular":60,"pct_televisor":40}},{"type":"Feature","geometry":{"type":"Polygon","coordinates":[[[-66.48285,-18.52729],[-66.48224,-18.52773],[-66.48285,-18.52815],[-66.48327,-18.52752],[-66.48285,-18.52729]]]},"properties":{"n":"CALA CALA","p":50,"personas_x_ha":93,"masculinidad":72,"pct_menor20":28,"pct_60mas":16,"pct_migrante":22,"dependencia_econ":75,"pct_empleados":7,"pct_cuentapropia":39,"pct_agricultura":61,"pct_comercio":7,"pct_manufactura":4,"pct_construccion":4,"pct_transporte":7,"pct_alojamiento":7,"pct_sin_educacion":14,"pct_educ_superior":22,"brecha_educ":-19,"pct_sin_seguro":0,"pct_sus":100,"pct_seguro_privado":0,"brecha_seguro":0,"pct_salud_publica":26,"pct_med_tradicional":16,"pct_automedicacion":21,"pct_remedios_caseros":28,"pct_viv_desocupada":13,"pct_alquiler":0,"pct_electricidad":92,"pct_sin_electricidad":8,"pct_agua_red":100,"pct_alcantarillado":92,"pct_camara_septica":0,"pct_pozo_ciego":0,"pct_sin_desague":8,"pct_gas_red":0,"pct_gas_garrafa":100,"pct_lena_guano":100,"pct_basura_formal":85,"pct_basura_quema":15,"pct_basura_informal":0,"pct_internet":77,"pct_celular":85,"pct_televisor":69}},{"type":"Feature","geometry":{"type":"Polygon","coordinates":[[[-66.48716,-18.52752],[-66.48752,-18.52714],[-66.48684,-18.52669],[-66.48635,-18.52724],[-66.48716,-18.52752]]]},"properties":{"n":"CALA CALA","p":20,"personas_x_ha":32,"masculinidad":100,"pct_menor20":25,"pct_60mas":15,"pct_migrante":5,"dependencia_econ":46,"pct_empleados":8,"pct_cuentapropia":85,"pct_agricultura":38,"pct_comercio":8,"pct_manufactura":31,"pct_construccion":8,"pct_transporte":0,"pct_alojamiento":0,"pct_sin_educacion":13,"pct_educ_superior":13,"brecha_educ":-18,"pct_sin_seguro":0,"pct_sus":95,"pct_seguro_privado":0,"brecha_seguro":0,"pct_salud_publica":31,"pct_med_tradicional":16,"pct_automedicacion":12,"pct_remedios_caseros":20,"pct_viv_desocupada":0,"pct_alquiler":0,"pct_electricidad":100,"pct_sin_electricidad":0,"pct_agua_red":100,"pct_alcantarillado":100,"pct_camara_septica":0,"pct_pozo_ciego":0,"pct_sin_desague":0,"pct_gas_red":0,"pct_gas_garrafa":100,"pct_lena_guano":100,"pct_basura_formal":100,"pct_basura_quema":0,"pct_basura_informal":0,"pct_internet":75,"pct_celular":75,"pct_televisor":100}},{"type":"Feature","geometry":{"type":"Polygon","coordinates":[[[-66.48554,-18.52865],[-66.48587,-18.52839],[-66.48605,-18.5278],[-66.486,-18.52773],[-66.48551,-18.52783],[-66.48515,-18.52776],[-66.48523,-18.52794],[-66.48511,-18.52778],[-66.48504,-18.52782],[-66.48481,-18.52827],[-66.48554,-18.52865]]]},"properties":{"n":"CALA CALA","p":33,"personas_x_ha":38,"masculinidad":74,"pct_menor20":30,"pct_60mas":9,"pct_migrante":0,"dependencia_econ":57,"pct_empleados":5,"pct_cuentapropia":52,"pct_agricultura":19,"pct_comercio":24,"pct_manufactura":38,"pct_construccion":5,"pct_transporte":0,"pct_alojamiento":0,"pct_sin_educacion":8,"pct_educ_superior":4,"brecha_educ":10,"pct_sin_seguro":9,"pct_sus":88,"pct_seguro_privado":3,"brecha_seguro":-3,"pct_salud_publica":24,"pct_med_tradicional":6,"pct_automedicacion":17,"pct_remedios_caseros":24,"pct_viv_desocupada":8,"pct_alquiler":0,"pct_electricidad":83,"pct_sin_electricidad":17,"pct_agua_red":92,"pct_alcantarillado":83,"pct_camara_septica":0,"pct_pozo_ciego":0,"pct_sin_desague":17,"pct_gas_red":0,"pct_gas_garrafa":92,"pct_lena_guano":92,"pct_basura_formal":92,"pct_basura_quema":0,"pct_basura_informal":0,"pct_internet":42,"pct_celular":67,"pct_televisor":58}},{"type":"Feature","geometry":{"type":"Polygon","coordinates":[[[-66.485,-18.52755],[-66.48447,-18.52766],[-66.48432,-18.5275],[-66.48414,-18.52747],[-66.48392,-18.5278],[-66.48475,-18.52825],[-66.48511,-18.5276],[-66.485,-18.52755]]]},"properties":{"n":"CALA CALA","p":36,"personas_x_ha":63,"masculinidad":112,"pct_menor20":33,"pct_60mas":6,"pct_migrante":6,"dependencia_econ":127,"pct_empleados":13,"pct_cuentapropia":67,"pct_agricultura":27,"pct_comercio":13,"pct_manufactura":13,"pct_construccion":0,"pct_transporte":13,"pct_alojamiento":0,"pct_sin_educacion":9,"pct_educ_superior":13,"brecha_educ":3,"pct_sin_seguro":3,"pct_sus":85,"pct_seguro_privado":0,"brecha_seguro":6,"pct_salud_publica":20,"pct_med_tradicional":14,"pct_automedicacion":23,"pct_remedios_caseros":30,"pct_viv_desocupada":0,"pct_alquiler":0,"pct_electricidad":90,"pct_sin_electricidad":10,"pct_agua_red":90,"pct_alcantarillado":90,"pct_camara_septica":0,"pct_pozo_ciego":0,"pct_sin_desague":10,"pct_gas_red":0,"pct_gas_garrafa":80,"pct_lena_guano":80,"pct_basura_formal":80,"pct_basura_quema":10,"pct_basura_informal":0,"pct_internet":40,"pct_celular":80,"pct_televisor":70}},{"type":"Feature","geometry":{"type":"Polygon","coordinates":[[[-66.48334,-18.52755],[-66.48291,-18.52819],[-66.48334,-18.52845],[-66.48378,-18.52779],[-66.48334,-18.52755]]]},"properties":{"n":"CALA CALA","p":35,"personas_x_ha":74,"masculinidad":106,"pct_menor20":51,"pct_60mas":6,"pct_migrante":6,"dependencia_econ":133,"pct_empleados":27,"pct_cuentapropia":53,"pct_agricultura":33,"pct_comercio":7,"pct_manufactura":13,"pct_construccion":20,"pct_transporte":0,"pct_alojamiento":0,"pct_sin_educacion":18,"pct_educ_superior":12,"brecha_educ":17,"pct_sin_seguro":23,"pct_sus":77,"pct_seguro_privado":0,"brecha_seguro":-24,"pct_salud_publica":33,"pct_med_tradicional":6,"pct_automedicacion":18,"pct_remedios_caseros":42,"pct_viv_desocupada":15,"pct_alquiler":0,"pct_electricidad":89,"pct_sin_electricidad":11,"pct_agua_red":89,"pct_alcantarillado":89,"pct_camara_septica":0,"pct_pozo_ciego":0,"pct_sin_desague":11,"pct_gas_red":0,"pct_gas_garrafa":100,"pct_lena_guano":100,"pct_basura_formal":78,"pct_basura_quema":22,"pct_basura_informal":0,"pct_internet":89,"pct_celular":89,"pct_televisor":56}},{"type":"Feature","geometry":{"type":"Polygon","coordinates":[[[-66.4823,-18.53023],[-66.48295,-18.52924],[-66.48248,-18.52888],[-66.4818,-18.52992],[-66.4823,-18.53023]]]},"properties":{"n":"CALA CALA","p":55,"personas_x_ha":63,"masculinidad":77,"pct_menor20":49,"pct_60mas":13,"pct_migrante":5,"dependencia_econ":83,"pct_empleados":7,"pct_cuentapropia":60,"pct_agricultura":30,"pct_comercio":3,"pct_manufactura":47,"pct_construccion":7,"pct_transporte":3,"pct_alojamiento":0,"pct_sin_educacion":7,"pct_educ_superior":0,"brecha_educ":-34,"pct_sin_seguro":15,"pct_sus":81,"pct_seguro_privado":0,"brecha_seguro":5,"pct_salud_publica":37,"pct_med_tradicional":13,"pct_automedicacion":14,"pct_remedios_caseros":31,"pct_viv_desocupada":0,"pct_alquiler":0,"pct_electricidad":100,"pct_sin_electricidad":0,"pct_agua_red":25,"pct_alcantarillado":83,"pct_camara_septica":0,"pct_pozo_ciego":0,"pct_sin_desague":17,"pct_gas_red":0,"pct_gas_garrafa":100,"pct_lena_guano":100,"pct_basura_formal":100,"pct_basura_quema":0,"pct_basura_informal":0,"pct_internet":75,"pct_celular":75,"pct_televisor":50}},{"type":"Feature","geometry":{"type":"Polygon","coordinates":[[[-66.48443,-18.52534],[-66.48421,-18.52581],[-66.48452,-18.52591],[-66.48473,-18.52544],[-66.48443,-18.52534]]]},"properties":{"n":"CALA CALA","p":24,"personas_x_ha":119,"masculinidad":167,"pct_menor20":46,"pct_60mas":12,"pct_migrante":0,"dependencia_econ":100,"pct_empleados":0,"pct_cuentapropia":42,"pct_agricultura":100,"pct_comercio":0,"pct_manufactura":0,"pct_construccion":0,"pct_transporte":0,"pct_alojamiento":0,"pct_sin_educacion":7,"pct_educ_superior":0,"brecha_educ":-8,"pct_sin_seguro":0,"pct_sus":100,"pct_seguro_privado":0,"brecha_seguro":0,"pct_salud_publica":32,"pct_med_tradicional":22,"pct_automedicacion":10,"pct_remedios_caseros":32,"pct_viv_desocupada":0,"pct_alquiler":0,"pct_electricidad":100,"pct_sin_electricidad":0,"pct_agua_red":14,"pct_alcantarillado":86,"pct_camara_septica":0,"pct_pozo_ciego":0,"pct_sin_desague":14,"pct_gas_red":0,"pct_gas_garrafa":71,"pct_lena_guano":71,"pct_basura_formal":57,"pct_basura_quema":43,"pct_basura_informal":0,"pct_internet":86,"pct_celular":86,"pct_televisor":57}},{"type":"Feature","geometry":{"type":"Polygon","coordinates":[[[-66.4852,-18.52611],[-66.4849,-18.52674],[-66.48552,-18.52696],[-66.4859,-18.52629],[-66.4852,-18.52611]]]},"properties":{"n":"CALA CALA","p":24,"personas_x_ha":40,"masculinidad":71,"pct_menor20":25,"pct_60mas":17,"pct_migrante":29,"dependencia_econ":35,"pct_empleados":18,"pct_cuentapropia":53,"pct_agricultura":65,"pct_comercio":12,"pct_manufactura":0,"pct_construccion":18,"pct_transporte":6,"pct_alojamiento":0,"pct_sin_educacion":33,"pct_educ_superior":11,"brecha_educ":-22,"pct_sin_seguro":26,"pct_sus":74,"pct_seguro_privado":0,"brecha_seguro":7,"pct_salud_publica":21,"pct_med_tradicional":20,"pct_automedicacion":19,"pct_remedios_caseros":20,"pct_viv_desocupada":18,"pct_alquiler":0,"pct_electricidad":56,"pct_sin_electricidad":44,"pct_agua_red":67,"pct_alcantarillado":56,"pct_camara_septica":0,"pct_pozo_ciego":0,"pct_sin_desague":44,"pct_gas_red":0,"pct_gas_garrafa":67,"pct_lena_guano":67,"pct_basura_formal":100,"pct_basura_quema":0,"pct_basura_informal":0,"pct_internet":56,"pct_celular":56,"pct_televisor":11}},{"type":"Feature","geometry":{"type":"Polygon","coordinates":[[[-66.50774,-18.69623],[-66.50812,-18.6964],[-66.50829,-18.6961],[-66.50794,-18.69588],[-66.50774,-18.69623]]]},"properties":{"n":"CALA CHULLPA","p":15,"personas_x_ha":84,"masculinidad":150,"pct_menor20":40,"pct_60mas":40,"pct_migrante":0,"dependencia_econ":400,"pct_empleados":33,"pct_cuentapropia":33,"pct_agricultura":100,"pct_comercio":0,"pct_manufactura":0,"pct_construccion":0,"pct_transporte":0,"pct_alojamiento":0,"pct_sin_educacion":11,"pct_educ_superior":0,"brecha_educ":-50,"pct_sin_seguro":7,"pct_sus":93,"pct_seguro_privado":0,"brecha_seguro":11,"pct_salud_publica":36,"pct_med_tradicional":3,"pct_automedicacion":19,"pct_remedios_caseros":42,"pct_viv_desocupada":0,"pct_alquiler":0,"pct_electricidad":100,"pct_sin_electricidad":0,"pct_agua_red":100,"pct_alcantarillado":0,"pct_camara_septica":0,"pct_pozo_ciego":0,"pct_sin_desague":100,"pct_gas_red":0,"pct_gas_garrafa":0,"pct_lena_guano":0,"pct_basura_formal":0,"pct_basura_quema":83,"pct_basura_informal":0,"pct_internet":50,"pct_celular":50,"pct_televisor":17}},{"type":"Feature","geometry":{"type":"Polygon","coordinates":[[[-66.50809,-18.69558],[-66.5074,-18.69497],[-66.50719,-18.69533],[-66.50794,-18.69582],[-66.50809,-18.69558]]]},"properties":{"n":"CALA CHULLPA","p":15,"personas_x_ha":38,"masculinidad":200,"pct_menor20":33,"pct_60mas":13,"pct_migrante":7,"dependencia_econ":67,"pct_empleados":33,"pct_cuentapropia":33,"pct_agricultura":56,"pct_comercio":0,"pct_manufactura":11,"pct_construccion":11,"pct_transporte":11,"pct_alojamiento":0,"pct_sin_educacion":10,"pct_educ_superior":20,"brecha_educ":-58,"pct_sin_seguro":0,"pct_sus":87,"pct_seguro_privado":0,"brecha_seguro":0,"pct_salud_publica":28,"pct_med_tradicional":22,"pct_automedicacion":15,"pct_remedios_caseros":28,"pct_viv_desocupada":11,"pct_alquiler":0,"pct_electricidad":86,"pct_sin_electricidad":14,"pct_agua_red":100,"pct_alcantarillado":0,"pct_camara_septica":0,"pct_pozo_ciego":14,"pct_sin_desague":86,"pct_gas_red":0,"pct_gas_garrafa":14,"pct_lena_guano":14,"pct_basura_formal":0,"pct_basura_quema":43,"pct_basura_informal":0,"pct_internet":71,"pct_celular":86,"pct_televisor":29}},{"type":"Feature","geometry":{"type":"Polygon","coordinates":[[[-66.50763,-18.69616],[-66.50745,-18.69606],[-66.50738,-18.69583],[-66.50772,-18.69614],[-66.50791,-18.69585],[-66.50719,-18.69541],[-66.50715,-18.69553],[-66.50724,-18.69559],[-66.50709,-18.69579],[-66.50712,-18.69608],[-66.5074,-18.69638],[-66.50758,-18.69638],[-66.50763,-18.69616]]]},"properties":{"n":"CALA CHULLPA","p":23,"personas_x_ha":48,"masculinidad":53,"pct_menor20":43,"pct_60mas":17,"pct_migrante":9,"dependencia_econ":64,"pct_empleados":0,"pct_cuentapropia":79,"pct_agricultura":93,"pct_comercio":7,"pct_manufactura":0,"pct_construccion":0,"pct_transporte":0,"pct_alojamiento":0,"pct_sin_educacion":23,"pct_educ_superior":0,"brecha_educ":-31,"pct_sin_seguro":4,"pct_sus":87,"pct_seguro_privado":0,"brecha_seguro":-7,"pct_salud_publica":79,"pct_med_tradicional":4,"pct_automedicacion":4,"pct_remedios_caseros":11,"pct_viv_desocupada":0,"pct_alquiler":0,"pct_electricidad":100,"pct_sin_electricidad":0,"pct_agua_red":100,"pct_alcantarillado":0,"pct_camara_septica":0,"pct_pozo_ciego":0,"pct_sin_desague":100,"pct_gas_red":0,"pct_gas_garrafa":22,"pct_lena_guano":22,"pct_basura_formal":0,"pct_basura_quema":67,"pct_basura_informal":0,"pct_internet":78,"pct_celular":89,"pct_televisor":0}},{"type":"Feature","geometry":{"type":"Polygon","coordinates":[[[-66.50809,-18.69651],[-66.50845,-18.69674],[-66.50867,-18.69633],[-66.50832,-18.69613],[-66.50809,-18.69651]]]},"properties":{"n":"CALA CHULLPA","p":24,"personas_x_ha":102,"masculinidad":140,"pct_menor20":25,"pct_60mas":21,"pct_migrante":0,"dependencia_econ":380,"pct_empleados":80,"pct_cuentapropia":0,"pct_agricultura":40,"pct_comercio":0,"pct_manufactura":20,"pct_construccion":20,"pct_transporte":0,"pct_alojamiento":0,"pct_sin_educacion":17,"pct_educ_superior":11,"brecha_educ":-35,"pct_sin_seguro":0,"pct_sus":96,"pct_seguro_privado":4,"brecha_seguro":0,"pct_salud_publica":23,"pct_med_tradicional":27,"pct_automedicacion":5,"pct_remedios_caseros":27,"pct_viv_desocupada":0,"pct_alquiler":0,"pct_electricidad":100,"pct_sin_electricidad":0,"pct_agua_red":100,"pct_alcantarillado":0,"pct_camara_septica":0,"pct_pozo_ciego":25,"pct_sin_desague":75,"pct_gas_red":0,"pct_gas_garrafa":0,"pct_lena_guano":0,"pct_basura_formal":0,"pct_basura_quema":0,"pct_basura_informal":50,"pct_internet":0,"pct_celular":75,"pct_televisor":62}},{"type":"Feature","geometry":{"type":"Polygon","coordinates":[[[-66.46305,-18.51976],[-66.46286,-18.51945],[-66.46205,-18.52007],[-66.46254,-18.52059],[-66.46274,-18.52001],[-66.46287,-18.51989],[-66.46299,-18.51993],[-66.46305,-18.51976]]]},"properties":{"n":"CHIRIHUANA","p":30,"personas_x_ha":54,"masculinidad":67,"pct_menor20":47,"pct_60mas":13,"pct_migrante":23,"dependencia_econ":131,"pct_empleados":8,"pct_cuentapropia":62,"pct_agricultura":46,"pct_comercio":8,"pct_manufactura":15,"pct_construccion":8,"pct_transporte":8,"pct_alojamiento":0,"pct_sin_educacion":19,"pct_educ_superior":0,"brecha_educ":-41,"pct_sin_seguro":17,"pct_sus":83,"pct_seguro_privado":0,"brecha_seguro":28,"pct_salud_publica":30,"pct_med_tradicional":27,"pct_automedicacion":8,"pct_remedios_caseros":33,"pct_viv_desocupada":0,"pct_alquiler":0,"pct_electricidad":100,"pct_sin_electricidad":0,"pct_agua_red":0,"pct_alcantarillado":12,"pct_camara_septica":0,"pct_pozo_ciego":62,"pct_sin_desague":25,"pct_gas_red":0,"pct_gas_garrafa":100,"pct_lena_guano":100,"pct_basura_formal":0,"pct_basura_quema":88,"pct_basura_informal":0,"pct_internet":25,"pct_celular":75,"pct_televisor":50}},{"type":"Feature","geometry":{"type":"Polygon","coordinates":[[[-66.53032,-18.67248],[-66.53034,-18.67236],[-66.52976,-18.67224],[-66.5297,-18.67264],[-66.53009,-18.67271],[-66.53013,-18.67256],[-66.53032,-18.67248]]]},"properties":{"n":"MOROCO MARCA","p":20,"personas_x_ha":88,"masculinidad":186,"pct_menor20":50,"pct_60mas":0,"pct_migrante":5,"dependencia_econ":150,"pct_empleados":0,"pct_cuentapropia":50,"pct_agricultura":88,"pct_comercio":0,"pct_manufactura":0,"pct_construccion":0,"pct_transporte":0,"pct_alojamiento":0,"pct_sin_educacion":0,"pct_educ_superior":10,"brecha_educ":-19,"pct_sin_seguro":10,"pct_sus":90,"pct_seguro_privado":0,"brecha_seguro":15,"pct_salud_publica":90,"pct_med_tradicional":0,"pct_automedicacion":0,"pct_remedios_caseros":10,"pct_viv_desocupada":0,"pct_alquiler":0,"pct_electricidad":100,"pct_sin_electricidad":0,"pct_agua_red":100,"pct_alcantarillado":0,"pct_camara_septica":0,"pct_pozo_ciego":0,"pct_sin_desague":100,"pct_gas_red":0,"pct_gas_garrafa":78,"pct_lena_guano":78,"pct_basura_formal":0,"pct_basura_quema":89,"pct_basura_informal":0,"pct_internet":0,"pct_celular":100,"pct_televisor":56}},{"type":"Feature","geometry":{"type":"Polygon","coordinates":[[[-66.52737,-18.67297],[-66.52702,-18.67323],[-66.52693,-18.67311],[-66.52701,-18.673],[-66.52673,-18.67253],[-66.52691,-18.67244],[-66.52691,-18.67258],[-66.527,-18.67254],[-66.52737,-18.67297]]]},"properties":{"n":"MOROCO MARCA","p":17,"personas_x_ha":73,"masculinidad":183,"pct_menor20":29,"pct_60mas":0,"pct_migrante":24,"dependencia_econ":70,"pct_empleados":0,"pct_cuentapropia":80,"pct_agricultura":100,"pct_comercio":0,"pct_manufactura":0,"pct_construccion":0,"pct_transporte":0,"pct_alojamiento":0,"pct_sin_educacion":0,"pct_educ_superior":8,"brecha_educ":-75,"pct_sin_seguro":0,"pct_sus":100,"pct_seguro_privado":0,"brecha_seguro":0,"pct_salud_publica":94,"pct_med_tradicional":6,"pct_automedicacion":0,"pct_remedios_caseros":0,"pct_viv_desocupada":0,"pct_alquiler":0,"pct_electricidad":88,"pct_sin_electricidad":12,"pct_agua_red":100,"pct_alcantarillado":0,"pct_camara_septica":0,"pct_pozo_ciego":0,"pct_sin_desague":100,"pct_gas_red":0,"pct_gas_garrafa":50,"pct_lena_guano":50,"pct_basura_formal":0,"pct_basura_quema":38,"pct_basura_informal":0,"pct_internet":0,"pct_celular":100,"pct_televisor":50}},{"type":"Feature","geometry":{"type":"Polygon","coordinates":[[[-66.52869,-18.67384],[-66.52883,-18.67389],[-66.52911,-18.67436],[-66.52901,-18.67463],[-66.52867,-18.67453],[-66.52873,-18.67434],[-66.52856,-18.67428],[-66.52869,-18.67384]]]},"properties":{"n":"MOROCO MARCA","p":21,"personas_x_ha":70,"masculinidad":162,"pct_menor20":48,"pct_60mas":5,"pct_migrante":0,"dependencia_econ":162,"pct_empleados":12,"pct_cuentapropia":25,"pct_agricultura":75,"pct_comercio":0,"pct_manufactura":0,"pct_construccion":0,"pct_transporte":0,"pct_alojamiento":0,"pct_sin_educacion":0,"pct_educ_superior":8,"brecha_educ":-60,"pct_sin_seguro":0,"pct_sus":76,"pct_seguro_privado":0,"brecha_seguro":0,"pct_salud_publica":24,"pct_med_tradicional":24,"pct_automedicacion":16,"pct_remedios_caseros":29,"pct_viv_desocupada":0,"pct_alquiler":0,"pct_electricidad":86,"pct_sin_electricidad":14,"pct_agua_red":100,"pct_alcantarillado":0,"pct_camara_septica":0,"pct_pozo_ciego":0,"pct_sin_desague":100,"pct_gas_red":0,"pct_gas_garrafa":57,"pct_lena_guano":57,"pct_basura_formal":0,"pct_basura_quema":0,"pct_basura_informal":0,"pct_internet":57,"pct_celular":71,"pct_televisor":43}},{"type":"Feature","geometry":{"type":"Polygon","coordinates":[[[-66.52869,-18.67345],[-66.52879,-18.67302],[-66.52864,-18.67301],[-66.52864,-18.67295],[-66.5288,-18.67301],[-66.52885,-18.67257],[-66.52803,-18.67263],[-66.528,-18.67271],[-66.5282,-18.67291],[-66.52817,-18.67305],[-66.52848,-18.67321],[-66.5285,-18.67344],[-66.52869,-18.67345]]]},"properties":{"n":"MOROCO MARCA","p":24,"personas_x_ha":45,"masculinidad":118,"pct_menor20":33,"pct_60mas":8,"pct_migrante":33,"dependencia_econ":71,"pct_empleados":14,"pct_cuentapropia":57,"pct_agricultura":50,"pct_comercio":7,"pct_manufactura":0,"pct_construccion":14,"pct_transporte":0,"pct_alojamiento":7,"pct_sin_educacion":12,"pct_educ_superior":19,"brecha_educ":-60,"pct_sin_seguro":0,"pct_sus":71,"pct_seguro_privado":0,"brecha_seguro":0,"pct_salud_publica":68,"pct_med_tradicional":0,"pct_automedicacion":8,"pct_remedios_caseros":0,"pct_viv_desocupada":31,"pct_alquiler":0,"pct_electricidad":100,"pct_sin_electricidad":0,"pct_agua_red":100,"pct_alcantarillado":11,"pct_camara_septica":0,"pct_pozo_ciego":22,"pct_sin_desague":56,"pct_gas_red":0,"pct_gas_garrafa":100,"pct_lena_guano":100,"pct_basura_formal":0,"pct_basura_quema":67,"pct_basura_informal":0,"pct_internet":78,"pct_celular":78,"pct_televisor":22}},{"type":"Feature","geometry":{"type":"Polygon","coordinates":[[[-66.52968,-18.67263],[-66.52973,-18.67212],[-66.52936,-18.67206],[-66.52932,-18.67258],[-66.5295,-18.67261],[-66.52952,-18.67247],[-66.52951,-18.67261],[-66.52968,-18.67263]]]},"properties":{"n":"MOROCO MARCA","p":21,"personas_x_ha":96,"masculinidad":91,"pct_menor20":33,"pct_60mas":24,"pct_migrante":5,"dependencia_econ":40,"pct_empleados":20,"pct_cuentapropia":33,"pct_agricultura":73,"pct_comercio":0,"pct_manufactura":13,"pct_construccion":0,"pct_transporte":0,"pct_alojamiento":0,"pct_sin_educacion":21,"pct_educ_superior":36,"brecha_educ":-57,"pct_sin_seguro":0,"pct_sus":76,"pct_seguro_privado":0,"brecha_seguro":0,"pct_salud_publica":33,"pct_med_tradicional":24,"pct_automedicacion":4,"pct_remedios_caseros":31,"pct_viv_desocupada":0,"pct_alquiler":0,"pct_electricidad":100,"pct_sin_electricidad":0,"pct_agua_red":100,"pct_alcantarillado":0,"pct_camara_septica":0,"pct_pozo_ciego":0,"pct_sin_desague":30,"pct_gas_red":10,"pct_gas_garrafa":0,"pct_lena_guano":0,"pct_basura_formal":0,"pct_basura_quema":50,"pct_basura_informal":0,"pct_internet":0,"pct_celular":60,"pct_televisor":50}},{"type":"Feature","geometry":{"type":"Polygon","coordinates":[[[-66.45174,-18.54347],[-66.45192,-18.54358],[-66.45174,-18.54348],[-66.45156,-18.54378],[-66.45101,-18.54421],[-66.45136,-18.54458],[-66.4516,-18.54402],[-66.45201,-18.54368],[-66.45203,-18.54354],[-66.45216,-18.54342],[-66.4519,-18.54321],[-66.45174,-18.54347]]]},"properties":{"n":"NUEVA TANGA","p":16,"personas_x_ha":33,"masculinidad":60,"pct_menor20":38,"pct_60mas":19,"pct_migrante":6,"dependencia_econ":60,"pct_empleados":0,"pct_cuentapropia":50,"pct_agricultura":60,"pct_comercio":0,"pct_manufactura":10,"pct_construccion":20,"pct_transporte":0,"pct_alojamiento":0,"pct_sin_educacion":30,"pct_educ_superior":0,"brecha_educ":-43,"pct_sin_seguro":7,"pct_sus":93,"pct_seguro_privado":0,"brecha_seguro":17,"pct_salud_publica":70,"pct_med_tradicional":0,"pct_automedicacion":10,"pct_remedios_caseros":20,"pct_viv_desocupada":0,"pct_alquiler":0,"pct_electricidad":100,"pct_sin_electricidad":0,"pct_agua_red":100,"pct_alcantarillado":0,"pct_camara_septica":0,"pct_pozo_ciego":0,"pct_sin_desague":100,"pct_gas_red":0,"pct_gas_garrafa":62,"pct_lena_guano":62,"pct_basura_formal":0,"pct_basura_quema":100,"pct_basura_informal":0,"pct_internet":62,"pct_celular":75,"pct_televisor":88}},{"type":"Feature","geometry":{"type":"Polygon","coordinates":[[[-66.46779,-18.66797],[-66.46797,-18.66777],[-66.46798,-18.66754],[-66.46788,-18.66727],[-66.46778,-18.66727],[-66.46771,-18.66717],[-66.46733,-18.66723],[-66.46727,-18.66735],[-66.46689,-18.66729],[-66.46681,-18.66776],[-66.46755,-18.66802],[-66.46779,-18.66797]]]},"properties":{"n":"PATA PATA CHICO","p":23,"personas_x_ha":26,"masculinidad":109,"pct_menor20":35,"pct_60mas":9,"pct_migrante":4,"dependencia_econ":69,"pct_empleados":0,"pct_cuentapropia":54,"pct_agricultura":92,"pct_comercio":0,"pct_manufactura":0,"pct_construccion":0,"pct_transporte":0,"pct_alojamiento":0,"pct_sin_educacion":14,"pct_educ_superior":7,"brecha_educ":-29,"pct_sin_seguro":5,"pct_sus":95,"pct_seguro_privado":0,"brecha_seguro":8,"pct_salud_publica":26,"pct_med_tradicional":25,"pct_automedicacion":25,"pct_remedios_caseros":25,"pct_viv_desocupada":0,"pct_alquiler":0,"pct_electricidad":88,"pct_sin_electricidad":12,"pct_agua_red":0,"pct_alcantarillado":0,"pct_camara_septica":0,"pct_pozo_ciego":12,"pct_sin_desague":88,"pct_gas_red":0,"pct_gas_garrafa":12,"pct_lena_guano":12,"pct_basura_formal":0,"pct_basura_quema":100,"pct_basura_informal":0,"pct_internet":62,"pct_celular":88,"pct_televisor":88}},{"type":"Feature","geometry":{"type":"Polygon","coordinates":[[[-66.46794,-18.66693],[-66.46779,-18.66678],[-66.46771,-18.66684],[-66.46765,-18.66679],[-66.46761,-18.66659],[-66.46788,-18.66654],[-66.46791,-18.6668],[-66.468,-18.66689],[-66.46794,-18.66693]]]},"properties":{"n":"PATA PATA CHICO","p":20,"personas_x_ha":205,"masculinidad":150,"pct_menor20":55,"pct_60mas":15,"pct_migrante":10,"dependencia_econ":122,"pct_empleados":33,"pct_cuentapropia":33,"pct_agricultura":33,"pct_comercio":11,"pct_manufactura":0,"pct_construccion":0,"pct_transporte":11,"pct_alojamiento":0,"pct_sin_educacion":22,"pct_educ_superior":11,"brecha_educ":-57,"pct_sin_seguro":0,"pct_sus":100,"pct_seguro_privado":0,"brecha_seguro":0,"pct_salud_publica":25,"pct_med_tradicional":20,"pct_automedicacion":25,"pct_remedios_caseros":22,"pct_viv_desocupada":0,"pct_alquiler":0,"pct_electricidad":78,"pct_sin_electricidad":22,"pct_agua_red":0,"pct_alcantarillado":0,"pct_camara_septica":0,"pct_pozo_ciego":0,"pct_sin_desague":100,"pct_gas_red":0,"pct_gas_garrafa":100,"pct_lena_guano":100,"pct_basura_formal":0,"pct_basura_quema":78,"pct_basura_informal":0,"pct_internet":67,"pct_celular":67,"pct_televisor":44}},{"type":"Feature","geometry":{"type":"Polygon","coordinates":[[[-66.46383,-18.68215],[-66.46366,-18.68201],[-66.46376,-18.6818],[-66.46365,-18.68171],[-66.46355,-18.6818],[-66.46327,-18.68171],[-66.46298,-18.68204],[-66.46316,-18.68235],[-66.46345,-18.68248],[-66.46357,-18.68235],[-66.46345,-18.68221],[-66.46376,-18.6823],[-66.46383,-18.68215]]]},"properties":{"n":"PATA PATA GRANDE","p":26,"personas_x_ha":54,"masculinidad":160,"pct_menor20":38,"pct_60mas":4,"pct_migrante":4,"dependencia_econ":136,"pct_empleados":27,"pct_cuentapropia":27,"pct_agricultura":82,"pct_comercio":0,"pct_manufactura":0,"pct_construccion":18,"pct_transporte":0,"pct_alojamiento":0,"pct_sin_educacion":12,"pct_educ_superior":6,"brecha_educ":2,"pct_sin_seguro":15,"pct_sus":85,"pct_seguro_privado":0,"brecha_seguro":-24,"pct_salud_publica":14,"pct_med_tradicional":15,"pct_automedicacion":16,"pct_remedios_caseros":21,"pct_viv_desocupada":0,"pct_alquiler":0,"pct_electricidad":88,"pct_sin_electricidad":12,"pct_agua_red":88,"pct_alcantarillado":0,"pct_camara_septica":0,"pct_pozo_ciego":0,"pct_sin_desague":100,"pct_gas_red":0,"pct_gas_garrafa":62,"pct_lena_guano":62,"pct_basura_formal":0,"pct_basura_quema":62,"pct_basura_informal":0,"pct_internet":88,"pct_celular":75,"pct_televisor":25}},{"type":"Feature","geometry":{"type":"Polygon","coordinates":[[[-66.46375,-18.68171],[-66.4638,-18.68191],[-66.4637,-18.68202],[-66.46417,-18.68227],[-66.46439,-18.68177],[-66.46417,-18.68169],[-66.4641,-18.68155],[-66.46405,-18.68162],[-66.46373,-18.68153],[-66.46351,-18.68166],[-66.46356,-18.68173],[-66.46375,-18.68171]]]},"properties":{"n":"PATA PATA GRANDE","p":22,"personas_x_ha":55,"masculinidad":267,"pct_menor20":36,"pct_60mas":23,"pct_migrante":0,"dependencia_econ":57,"pct_empleados":7,"pct_cuentapropia":21,"pct_agricultura":71,"pct_comercio":7,"pct_manufactura":0,"pct_construccion":7,"pct_transporte":7,"pct_alojamiento":0,"pct_sin_educacion":27,"pct_educ_superior":7,"brecha_educ":-60,"pct_sin_seguro":0,"pct_sus":100,"pct_seguro_privado":0,"brecha_seguro":0,"pct_salud_publica":33,"pct_med_tradicional":19,"pct_automedicacion":6,"pct_remedios_caseros":33,"pct_viv_desocupada":0,"pct_alquiler":0,"pct_electricidad":75,"pct_sin_electricidad":25,"pct_agua_red":12,"pct_alcantarillado":0,"pct_camara_septica":0,"pct_pozo_ciego":0,"pct_sin_desague":100,"pct_gas_red":0,"pct_gas_garrafa":50,"pct_lena_guano":50,"pct_basura_formal":0,"pct_basura_quema":62,"pct_basura_informal":0,"pct_internet":50,"pct_celular":88,"pct_televisor":62}},{"type":"Feature","geometry":{"type":"Polygon","coordinates":[[[-66.46429,-18.68135],[-66.46464,-18.6816],[-66.4646,-18.68169],[-66.46477,-18.68175],[-66.46499,-18.68148],[-66.46433,-18.68102],[-66.46383,-18.68143],[-66.46399,-18.68156],[-66.46429,-18.68135]]]},"properties":{"n":"PATA PATA GRANDE","p":30,"personas_x_ha":74,"masculinidad":131,"pct_menor20":33,"pct_60mas":13,"pct_migrante":3,"dependencia_econ":50,"pct_empleados":0,"pct_cuentapropia":55,"pct_agricultura":100,"pct_comercio":0,"pct_manufactura":0,"pct_construccion":0,"pct_transporte":0,"pct_alojamiento":0,"pct_sin_educacion":30,"pct_educ_superior":20,"brecha_educ":-8,"pct_sin_seguro":0,"pct_sus":100,"pct_seguro_privado":0,"brecha_seguro":0,"pct_salud_publica":37,"pct_med_tradicional":0,"pct_automedicacion":27,"pct_remedios_caseros":37,"pct_viv_desocupada":0,"pct_alquiler":0,"pct_electricidad":91,"pct_sin_electricidad":9,"pct_agua_red":100,"pct_alcantarillado":0,"pct_camara_septica":0,"pct_pozo_ciego":0,"pct_sin_desague":100,"pct_gas_red":0,"pct_gas_garrafa":91,"pct_lena_guano":91,"pct_basura_formal":0,"pct_basura_quema":0,"pct_basura_informal":0,"pct_internet":9,"pct_celular":82,"pct_televisor":45}},{"type":"Feature","geometry":{"type":"Polygon","coordinates":[[[-66.46369,-18.6808],[-66.46358,-18.68075],[-66.46346,-18.68088],[-66.46354,-18.68095],[-66.46347,-18.6811],[-66.4636,-18.6812],[-66.46377,-18.68097],[-66.46369,-18.6808]]]},"properties":{"n":"PATA PATA GRANDE","p":34,"personas_x_ha":332,"masculinidad":143,"pct_menor20":50,"pct_60mas":12,"pct_migrante":9,"dependencia_econ":79,"pct_empleados":5,"pct_cuentapropia":53,"pct_agricultura":63,"pct_comercio":0,"pct_manufactura":0,"pct_construccion":37,"pct_transporte":0,"pct_alojamiento":0,"pct_sin_educacion":18,"pct_educ_superior":18,"brecha_educ":-38,"pct_sin_seguro":6,"pct_sus":94,"pct_seguro_privado":0,"brecha_seguro":-14,"pct_salud_publica":25,"pct_med_tradicional":21,"pct_automedicacion":25,"pct_remedios_caseros":25,"pct_viv_desocupada":0,"pct_alquiler":0,"pct_electricidad":100,"pct_sin_electricidad":0,"pct_agua_red":25,"pct_alcantarillado":0,"pct_camara_septica":0,"pct_pozo_ciego":8,"pct_sin_desague":92,"pct_gas_red":8,"pct_gas_garrafa":92,"pct_lena_guano":92,"pct_basura_formal":0,"pct_basura_quema":58,"pct_basura_informal":0,"pct_internet":58,"pct_celular":58,"pct_televisor":58}},{"type":"Feature","geometry":{"type":"Polygon","coordinates":[[[-66.46411,-18.68072],[-66.46437,-18.6809],[-66.46485,-18.68018],[-66.46469,-18.6801],[-66.46448,-18.68035],[-66.46407,-18.68016],[-66.4639,-18.68017],[-66.46381,-18.68035],[-66.46385,-18.68066],[-66.46394,-18.68067],[-66.46398,-18.68082],[-66.4641,-18.68082],[-66.46411,-18.68072]]]},"properties":{"n":"PATA PATA GRANDE","p":31,"personas_x_ha":56,"masculinidad":107,"pct_menor20":45,"pct_60mas":10,"pct_migrante":10,"dependencia_econ":158,"pct_empleados":0,"pct_cuentapropia":50,"pct_agricultura":67,"pct_comercio":0,"pct_manufactura":0,"pct_construccion":17,"pct_transporte":0,"pct_alojamiento":17,"pct_sin_educacion":16,"pct_educ_superior":16,"brecha_educ":-14,"pct_sin_seguro":3,"pct_sus":97,"pct_seguro_privado":0,"brecha_seguro":-7,"pct_salud_publica":24,"pct_med_tradicional":11,"pct_automedicacion":20,"pct_remedios_caseros":28,"pct_viv_desocupada":0,"pct_alquiler":0,"pct_electricidad":22,"pct_sin_electricidad":44,"pct_agua_red":89,"pct_alcantarillado":0,"pct_camara_septica":0,"pct_pozo_ciego":0,"pct_sin_desague":100,"pct_gas_red":0,"pct_gas_garrafa":33,"pct_lena_guano":33,"pct_basura_formal":0,"pct_basura_quema":67,"pct_basura_informal":22,"pct_internet":78,"pct_celular":89,"pct_televisor":0}},{"type":"Feature","geometry":{"type":"Polygon","coordinates":[[[-66.46343,-18.6811],[-66.46339,-18.68093],[-66.46354,-18.6807],[-66.46272,-18.68036],[-66.4626,-18.68059],[-66.46274,-18.68065],[-66.46276,-18.68086],[-66.46318,-18.68116],[-66.46325,-18.68092],[-66.46331,-18.68085],[-66.46338,-18.68081],[-66.46305,-18.68139],[-66.46309,-18.68154],[-66.46315,-18.68147],[-66.46329,-18.68154],[-66.46358,-18.68122],[-66.46343,-18.6811]]]},"properties":{"n":"PATA PATA GRANDE","p":30,"personas_x_ha":50,"masculinidad":114,"pct_menor20":50,"pct_60mas":3,"pct_migrante":33,"dependencia_econ":67,"pct_empleados":0,"pct_cuentapropia":56,"pct_agricultura":100,"pct_comercio":0,"pct_manufactura":0,"pct_construccion":0,"pct_transporte":0,"pct_alojamiento":0,"pct_sin_educacion":12,"pct_educ_superior":6,"brecha_educ":-38,"pct_sin_seguro":3,"pct_sus":97,"pct_seguro_privado":0,"brecha_seguro":-7,"pct_salud_publica":21,"pct_med_tradicional":18,"pct_automedicacion":17,"pct_remedios_caseros":20,"pct_viv_desocupada":0,"pct_alquiler":0,"pct_electricidad":91,"pct_sin_electricidad":9,"pct_agua_red":100,"pct_alcantarillado":0,"pct_camara_septica":0,"pct_pozo_ciego":0,"pct_sin_desague":100,"pct_gas_red":0,"pct_gas_garrafa":91,"pct_lena_guano":91,"pct_basura_formal":0,"pct_basura_quema":100,"pct_basura_informal":0,"pct_internet":91,"pct_celular":73,"pct_televisor":36}},{"type":"Feature","geometry":{"type":"Polygon","coordinates":[[[-66.46297,-18.68139],[-66.46274,-18.68124],[-66.46231,-18.68181],[-66.46261,-18.68191],[-66.46297,-18.68139]]]},"properties":{"n":"PATA PATA GRANDE","p":30,"personas_x_ha":133,"masculinidad":329,"pct_menor20":53,"pct_60mas":7,"pct_migrante":13,"dependencia_econ":100,"pct_empleados":8,"pct_cuentapropia":75,"pct_agricultura":75,"pct_comercio":0,"pct_manufactura":0,"pct_construccion":25,"pct_transporte":0,"pct_alojamiento":0,"pct_sin_educacion":25,"pct_educ_superior":0,"brecha_educ":-44,"pct_sin_seguro":8,"pct_sus":92,"pct_seguro_privado":0,"brecha_seguro":11,"pct_salud_publica":81,"pct_med_tradicional":0,"pct_automedicacion":0,"pct_remedios_caseros":19,"pct_viv_desocupada":0,"pct_alquiler":0,"pct_electricidad":100,"pct_sin_electricidad":0,"pct_agua_red":89,"pct_alcantarillado":0,"pct_camara_septica":0,"pct_pozo_ciego":0,"pct_sin_desague":100,"pct_gas_red":0,"pct_gas_garrafa":11,"pct_lena_guano":11,"pct_basura_formal":0,"pct_basura_quema":78,"pct_basura_informal":0,"pct_internet":0,"pct_celular":67,"pct_televisor":11}},{"type":"Feature","geometry":{"type":"Polygon","coordinates":[[[-66.56694,-18.46504],[-66.56589,-18.46488],[-66.56586,-18.46505],[-66.56693,-18.46517],[-66.56694,-18.46504]]]},"properties":{"n":"UNCIA","p":24,"personas_x_ha":108,"masculinidad":85,"pct_menor20":42,"pct_60mas":12,"pct_migrante":58,"dependencia_econ":100,"pct_empleados":33,"pct_cuentapropia":33,"pct_agricultura":25,"pct_comercio":17,"pct_manufactura":0,"pct_construccion":0,"pct_transporte":0,"pct_alojamiento":0,"pct_sin_educacion":7,"pct_educ_superior":73,"brecha_educ":11,"pct_sin_seguro":21,"pct_sus":33,"pct_seguro_privado":0,"brecha_seguro":-5,"pct_salud_publica":26,"pct_med_tradicional":19,"pct_automedicacion":8,"pct_remedios_caseros":22,"pct_viv_desocupada":0,"pct_alquiler":0,"pct_electricidad":100,"pct_sin_electricidad":0,"pct_agua_red":100,"pct_alcantarillado":80,"pct_camara_septica":0,"pct_pozo_ciego":0,"pct_sin_desague":0,"pct_gas_red":100,"pct_gas_garrafa":0,"pct_lena_guano":0,"pct_basura_formal":80,"pct_basura_quema":0,"pct_basura_informal":0,"pct_internet":100,"pct_celular":100,"pct_televisor":100}},{"type":"Feature","geometry":{"type":"Polygon","coordinates":[[[-66.57436,-18.47032],[-66.57367,-18.46959],[-66.57349,-18.46974],[-66.57382,-18.47019],[-66.57419,-18.47051],[-66.57436,-18.47032]]]},"properties":{"n":"UNCIA","p":56,"personas_x_ha":172,"masculinidad":107,"pct_menor20":30,"pct_60mas":11,"pct_migrante":32,"dependencia_econ":93,"pct_empleados":55,"pct_cuentapropia":38,"pct_agricultura":0,"pct_comercio":10,"pct_manufactura":7,"pct_construccion":0,"pct_transporte":3,"pct_alojamiento":14,"pct_sin_educacion":8,"pct_educ_superior":62,"brecha_educ":-16,"pct_sin_seguro":7,"pct_sus":70,"pct_seguro_privado":0,"brecha_seguro":-1,"pct_salud_publica":23,"pct_med_tradicional":14,"pct_automedicacion":18,"pct_remedios_caseros":20,"pct_viv_desocupada":0,"pct_alquiler":13,"pct_electricidad":100,"pct_sin_electricidad":0,"pct_agua_red":93,"pct_alcantarillado":100,"pct_camara_septica":0,"pct_pozo_ciego":0,"pct_sin_desague":0,"pct_gas_red":47,"pct_gas_garrafa":53,"pct_lena_guano":53,"pct_basura_formal":93,"pct_basura_quema":7,"pct_basura_informal":0,"pct_internet":93,"pct_celular":100,"pct_televisor":87}},{"type":"Feature","geometry":{"type":"Polygon","coordinates":[[[-66.5618,-18.4711],[-66.56219,-18.47074],[-66.56159,-18.47014],[-66.56123,-18.47049],[-66.5618,-18.4711]]]},"properties":{"n":"UNCIA","p":23,"personas_x_ha":43,"masculinidad":28,"pct_menor20":30,"pct_60mas":9,"pct_migrante":26,"dependencia_econ":64,"pct_empleados":50,"pct_cuentapropia":43,"pct_agricultura":36,"pct_comercio":21,"pct_manufactura":0,"pct_construccion":14,"pct_transporte":0,"pct_alojamiento":0,"pct_sin_educacion":6,"pct_educ_superior":69,"brecha_educ":-31,"pct_sin_seguro":13,"pct_sus":48,"pct_seguro_privado":4,"brecha_seguro":-17,"pct_salud_publica":52,"pct_med_tradicional":7,"pct_automedicacion":4,"pct_remedios_caseros":7,"pct_viv_desocupada":0,"pct_alquiler":7,"pct_electricidad":93,"pct_sin_electricidad":7,"pct_agua_red":29,"pct_alcantarillado":0,"pct_camara_septica":0,"pct_pozo_ciego":71,"pct_sin_desague":29,"pct_gas_red":21,"pct_gas_garrafa":79,"pct_lena_guano":79,"pct_basura_formal":100,"pct_basura_quema":0,"pct_basura_informal":0,"pct_internet":79,"pct_celular":93,"pct_televisor":71}},{"type":"Feature","geometry":{"type":"Polygon","coordinates":[[[-66.563,-18.46651],[-66.56268,-18.46674],[-66.56207,-18.46587],[-66.56236,-18.46565],[-66.563,-18.46651]]]},"properties":{"n":"UNCIA","p":36,"personas_x_ha":73,"masculinidad":64,"pct_menor20":47,"pct_60mas":8,"pct_migrante":28,"dependencia_econ":260,"pct_empleados":0,"pct_cuentapropia":80,"pct_agricultura":50,"pct_comercio":20,"pct_manufactura":0,"pct_construccion":0,"pct_transporte":10,"pct_alojamiento":10,"pct_sin_educacion":14,"pct_educ_superior":48,"brecha_educ":-6,"pct_sin_seguro":17,"pct_sus":61,"pct_seguro_privado":0,"brecha_seguro":-4,"pct_salud_publica":31,"pct_med_tradicional":6,"pct_automedicacion":24,"pct_remedios_caseros":29,"pct_viv_desocupada":0,"pct_alquiler":0,"pct_electricidad":100,"pct_sin_electricidad":0,"pct_agua_red":46,"pct_alcantarillado":77,"pct_camara_septica":0,"pct_pozo_ciego":8,"pct_sin_desague":15,"pct_gas_red":38,"pct_gas_garrafa":62,"pct_lena_guano":62,"pct_basura_formal":100,"pct_basura_quema":0,"pct_basura_informal":0,"pct_internet":100,"pct_celular":100,"pct_televisor":92}},{"type":"Feature","geometry":{"type":"Polygon","coordinates":[[[-66.55677,-18.46676],[-66.55613,-18.46592],[-66.55558,-18.46597],[-66.55642,-18.46704],[-66.55677,-18.46676]]]},"properties":{"n":"UNCIA","p":37,"personas_x_ha":54,"masculinidad":54,"pct_menor20":41,"pct_60mas":14,"pct_migrante":57,"dependencia_econ":250,"pct_empleados":30,"pct_cuentapropia":70,"pct_agricultura":50,"pct_comercio":10,"pct_manufactura":0,"pct_construccion":10,"pct_transporte":10,"pct_alojamiento":10,"pct_sin_educacion":27,"pct_educ_superior":14,"brecha_educ":-19,"pct_sin_seguro":0,"pct_sus":94,"pct_seguro_privado":3,"brecha_seguro":0,"pct_salud_publica":25,"pct_med_tradicional":9,"pct_automedicacion":23,"pct_remedios_caseros":21,"pct_viv_desocupada":0,"pct_alquiler":0,"pct_electricidad":95,"pct_sin_electricidad":5,"pct_agua_red":40,"pct_alcantarillado":5,"pct_camara_septica":0,"pct_pozo_ciego":20,"pct_sin_desague":75,"pct_gas_red":60,"pct_gas_garrafa":40,"pct_lena_guano":40,"pct_basura_formal":100,"pct_basura_quema":0,"pct_basura_informal":0,"pct_internet":55,"pct_celular":80,"pct_televisor":85}},{"type":"Feature","geometry":{"type":"Polygon","coordinates":[[[-66.56906,-18.46501],[-66.56847,-18.46501],[-66.56796,-18.46483],[-66.56783,-18.46523],[-66.56791,-18.46551],[-66.56906,-18.46545],[-66.56954,-18.46563],[-66.56967,-18.46556],[-66.56907,-18.46511],[-66.56906,-18.46501]]]},"properties":{"n":"UNCIA","p":61,"personas_x_ha":67,"masculinidad":65,"pct_menor20":41,"pct_60mas":8,"pct_migrante":36,"dependencia_econ":97,"pct_empleados":48,"pct_cuentapropia":42,"pct_agricultura":6,"pct_comercio":23,"pct_manufactura":0,"pct_construccion":6,"pct_transporte":3,"pct_alojamiento":3,"pct_sin_educacion":3,"pct_educ_superior":62,"brecha_educ":-10,"pct_sin_seguro":7,"pct_sus":72,"pct_seguro_privado":2,"brecha_seguro":-4,"pct_salud_publica":25,"pct_med_tradicional":6,"pct_automedicacion":19,"pct_remedios_caseros":18,"pct_viv_desocupada":3,"pct_alquiler":20,"pct_electricidad":100,"pct_sin_electricidad":0,"pct_agua_red":95,"pct_alcantarillado":70,"pct_camara_septica":0,"pct_pozo_ciego":0,"pct_sin_desague":5,"pct_gas_red":50,"pct_gas_garrafa":50,"pct_lena_guano":50,"pct_basura_formal":95,"pct_basura_quema":0,"pct_basura_informal":0,"pct_internet":100,"pct_celular":100,"pct_televisor":100}},{"type":"Feature","geometry":{"type":"Polygon","coordinates":[[[-66.57366,-18.46864],[-66.57356,-18.46852],[-66.57333,-18.46874],[-66.57343,-18.46884],[-66.57366,-18.46864]]]},"properties":{"n":"UNCIA","p":22,"personas_x_ha":391,"masculinidad":83,"pct_menor20":27,"pct_60mas":9,"pct_migrante":36,"dependencia_econ":214,"pct_empleados":43,"pct_cuentapropia":57,"pct_agricultura":0,"pct_comercio":14,"pct_manufactura":14,"pct_construccion":0,"pct_transporte":0,"pct_alojamiento":14,"pct_sin_educacion":0,"pct_educ_superior":62,"brecha_educ":0,"pct_sin_seguro":5,"pct_sus":50,"pct_seguro_privado":0,"brecha_seguro":10,"pct_salud_publica":21,"pct_med_tradicional":2,"pct_automedicacion":18,"pct_remedios_caseros":36,"pct_viv_desocupada":11,"pct_alquiler":0,"pct_electricidad":100,"pct_sin_electricidad":0,"pct_agua_red":100,"pct_alcantarillado":83,"pct_camara_septica":0,"pct_pozo_ciego":0,"pct_sin_desague":17,"pct_gas_red":17,"pct_gas_garrafa":83,"pct_lena_guano":83,"pct_basura_formal":100,"pct_basura_quema":0,"pct_basura_informal":0,"pct_internet":67,"pct_celular":83,"pct_televisor":83}},{"type":"Feature","geometry":{"type":"Polygon","coordinates":[[[-66.56777,-18.46477],[-66.56725,-18.46502],[-66.56702,-18.46505],[-66.5669,-18.46551],[-66.56782,-18.46553],[-66.56777,-18.46523],[-66.56788,-18.46482],[-66.56777,-18.46477]]]},"properties":{"n":"UNCIA","p":50,"personas_x_ha":83,"masculinidad":100,"pct_menor20":26,"pct_60mas":10,"pct_migrante":28,"dependencia_econ":145,"pct_empleados":45,"pct_cuentapropia":45,"pct_agricultura":25,"pct_comercio":5,"pct_manufactura":0,"pct_construccion":0,"pct_transporte":10,"pct_alojamiento":15,"pct_sin_educacion":5,"pct_educ_superior":56,"brecha_educ":-9,"pct_sin_seguro":10,"pct_sus":35,"pct_seguro_privado":0,"brecha_seguro":21,"pct_salud_publica":18,"pct_med_tradicional":13,"pct_automedicacion":14,"pct_remedios_caseros":26,"pct_viv_desocupada":24,"pct_alquiler":44,"pct_electricidad":100,"pct_sin_electricidad":0,"pct_agua_red":94,"pct_alcantarillado":100,"pct_camara_septica":0,"pct_pozo_ciego":0,"pct_sin_desague":0,"pct_gas_red":38,"pct_gas_garrafa":62,"pct_lena_guano":62,"pct_basura_formal":75,"pct_basura_quema":0,"pct_basura_informal":0,"pct_internet":75,"pct_celular":88,"pct_televisor":94}},{"type":"Feature","geometry":{"type":"Polygon","coordinates":[[[-66.56276,-18.46538],[-66.56561,-18.46559],[-66.5656,-18.465],[-66.56529,-18.46498],[-66.56514,-18.46507],[-66.56365,-18.46504],[-66.56333,-18.46497],[-66.5627,-18.46501],[-66.56276,-18.46538]]]},"properties":{"n":"UNCIA","p":82,"personas_x_ha":53,"masculinidad":110,"pct_menor20":38,"pct_60mas":9,"pct_migrante":41,"dependencia_econ":100,"pct_empleados":34,"pct_cuentapropia":51,"pct_agricultura":0,"pct_comercio":32,"pct_manufactura":5,"pct_construccion":5,"pct_transporte":7,"pct_alojamiento":12,"pct_sin_educacion":2,"pct_educ_superior":63,"brecha_educ":0,"pct_sin_seguro":11,"pct_sus":46,"pct_seguro_privado":0,"brecha_seguro":16,"pct_salud_publica":21,"pct_med_tradicional":10,"pct_automedicacion":21,"pct_remedios_caseros":23,"pct_viv_desocupada":4,"pct_alquiler":28,"pct_electricidad":100,"pct_sin_electricidad":0,"pct_agua_red":92,"pct_alcantarillado":80,"pct_camara_septica":0,"pct_pozo_ciego":0,"pct_sin_desague":8,"pct_gas_red":56,"pct_gas_garrafa":44,"pct_lena_guano":44,"pct_basura_formal":80,"pct_basura_quema":8,"pct_basura_informal":0,"pct_internet":92,"pct_celular":100,"pct_televisor":88}},{"type":"Feature","geometry":{"type":"Polygon","coordinates":[[[-66.56893,-18.46819],[-66.56873,-18.468],[-66.56897,-18.46818],[-66.56899,-18.46825],[-66.5684,-18.4685],[-66.56816,-18.4685],[-66.56799,-18.4689],[-66.56843,-18.46907],[-66.56931,-18.46871],[-66.56946,-18.4678],[-66.5694,-18.46768],[-66.56868,-18.4672],[-66.5685,-18.46744],[-66.5682,-18.46835],[-66.56841,-18.46841],[-66.56845,-18.46829],[-66.56861,-18.46835],[-66.56893,-18.46819]]]},"properties":{"n":"UNCIA","p":61,"personas_x_ha":33,"masculinidad":91,"pct_menor20":41,"pct_60mas":5,"pct_migrante":23,"dependencia_econ":126,"pct_empleados":33,"pct_cuentapropia":41,"pct_agricultura":4,"pct_comercio":19,"pct_manufactura":4,"pct_construccion":19,"pct_transporte":0,"pct_alojamiento":22,"pct_sin_educacion":6,"pct_educ_superior":56,"brecha_educ":1,"pct_sin_seguro":13,"pct_sus":62,"pct_seguro_privado":0,"brecha_seguro":1,"pct_salud_publica":21,"pct_med_tradicional":12,"pct_automedicacion":20,"pct_remedios_caseros":23,"pct_viv_desocupada":0,"pct_alquiler":17,"pct_electricidad":100,"pct_sin_electricidad":0,"pct_agua_red":89,"pct_alcantarillado":78,"pct_camara_septica":0,"pct_pozo_ciego":6,"pct_sin_desague":17,"pct_gas_red":44,"pct_gas_garrafa":56,"pct_lena_guano":56,"pct_basura_formal":94,"pct_basura_quema":0,"pct_basura_informal":11,"pct_internet":61,"pct_celular":100,"pct_televisor":89}},{"type":"Feature","geometry":{"type":"Polygon","coordinates":[[[-66.55925,-18.46569],[-66.55923,-18.46564],[-66.55841,-18.46572],[-66.55833,-18.46579],[-66.55863,-18.46613],[-66.55925,-18.46569]]]},"properties":{"n":"UNCIA","p":16,"personas_x_ha":61,"masculinidad":129,"pct_menor20":44,"pct_60mas":6,"pct_migrante":44,"dependencia_econ":167,"pct_empleados":50,"pct_cuentapropia":17,"pct_agricultura":17,"pct_comercio":0,"pct_manufactura":0,"pct_construccion":33,"pct_transporte":0,"pct_alojamiento":0,"pct_sin_educacion":11,"pct_educ_superior":56,"brecha_educ":-15,"pct_sin_seguro":19,"pct_sus":81,"pct_seguro_privado":0,"brecha_seguro":-17,"pct_salud_publica":13,"pct_med_tradicional":19,"pct_automedicacion":20,"pct_remedios_caseros":30,"pct_viv_desocupada":0,"pct_alquiler":12,"pct_electricidad":100,"pct_sin_electricidad":0,"pct_agua_red":62,"pct_alcantarillado":75,"pct_camara_septica":0,"pct_pozo_ciego":0,"pct_sin_desague":25,"pct_gas_red":62,"pct_gas_garrafa":38,"pct_lena_guano":38,"pct_basura_formal":100,"pct_basura_quema":0,"pct_basura_informal":0,"pct_internet":88,"pct_celular":100,"pct_televisor":100}},{"type":"Feature","geometry":{"type":"Polygon","coordinates":[[[-66.57238,-18.46765],[-66.57331,-18.46871],[-66.57353,-18.46852],[-66.57294,-18.46789],[-66.57315,-18.46773],[-66.57258,-18.46738],[-66.57238,-18.46765]]]},"properties":{"n":"UNCIA","p":37,"personas_x_ha":62,"masculinidad":106,"pct_menor20":43,"pct_60mas":11,"pct_migrante":38,"dependencia_econ":106,"pct_empleados":67,"pct_cuentapropia":33,"pct_agricultura":0,"pct_comercio":11,"pct_manufactura":0,"pct_construccion":11,"pct_transporte":6,"pct_alojamiento":17,"pct_sin_educacion":0,"pct_educ_superior":71,"brecha_educ":-8,"pct_sin_seguro":3,"pct_sus":35,"pct_seguro_privado":0,"brecha_seguro":5,"pct_salud_publica":16,"pct_med_tradicional":7,"pct_automedicacion":30,"pct_remedios_caseros":21,"pct_viv_desocupada":0,"pct_alquiler":18,"pct_electricidad":100,"pct_sin_electricidad":0,"pct_agua_red":100,"pct_alcantarillado":100,"pct_camara_septica":0,"pct_pozo_ciego":0,"pct_sin_desague":0,"pct_gas_red":64,"pct_gas_garrafa":36,"pct_lena_guano":36,"pct_basura_formal":100,"pct_basura_quema":0,"pct_basura_informal":0,"pct_internet":91,"pct_celular":100,"pct_televisor":91}},{"type":"Feature","geometry":{"type":"Polygon","coordinates":[[[-66.56954,-18.46762],[-66.56939,-18.46866],[-66.56964,-18.46868],[-66.56968,-18.46832],[-66.56998,-18.46771],[-66.56954,-18.46762]]]},"properties":{"n":"UNCIA","p":52,"personas_x_ha":135,"masculinidad":86,"pct_menor20":38,"pct_60mas":6,"pct_migrante":44,"dependencia_econ":136,"pct_empleados":32,"pct_cuentapropia":68,"pct_agricultura":0,"pct_comercio":36,"pct_manufactura":0,"pct_construccion":14,"pct_transporte":0,"pct_alojamiento":14,"pct_sin_educacion":0,"pct_educ_superior":48,"brecha_educ":-5,"pct_sin_seguro":4,"pct_sus":62,"pct_seguro_privado":0,"brecha_seguro":1,"pct_salud_publica":18,"pct_med_tradicional":17,"pct_automedicacion":25,"pct_remedios_caseros":22,"pct_viv_desocupada":4,"pct_alquiler":0,"pct_electricidad":100,"pct_sin_electricidad":0,"pct_agua_red":94,"pct_alcantarillado":94,"pct_camara_septica":0,"pct_pozo_ciego":0,"pct_sin_desague":6,"pct_gas_red":65,"pct_gas_garrafa":35,"pct_lena_guano":35,"pct_basura_formal":100,"pct_basura_quema":0,"pct_basura_informal":0,"pct_internet":94,"pct_celular":100,"pct_televisor":94}},{"type":"Feature","geometry":{"type":"Polygon","coordinates":[[[-66.56828,-18.46789],[-66.56704,-18.46818],[-66.56703,-18.4682],[-66.56727,-18.46858],[-66.56814,-18.46835],[-66.56828,-18.46789]]]},"properties":{"n":"UNCIA","p":37,"personas_x_ha":67,"masculinidad":118,"pct_menor20":41,"pct_60mas":5,"pct_migrante":24,"dependencia_econ":500,"pct_empleados":17,"pct_cuentapropia":67,"pct_agricultura":33,"pct_comercio":17,"pct_manufactura":17,"pct_construccion":0,"pct_transporte":0,"pct_alojamiento":33,"pct_sin_educacion":5,"pct_educ_superior":19,"brecha_educ":25,"pct_sin_seguro":3,"pct_sus":62,"pct_seguro_privado":0,"brecha_seguro":6,"pct_salud_publica":35,"pct_med_tradicional":11,"pct_automedicacion":23,"pct_remedios_caseros":9,"pct_viv_desocupada":7,"pct_alquiler":0,"pct_electricidad":100,"pct_sin_electricidad":0,"pct_agua_red":75,"pct_alcantarillado":92,"pct_camara_septica":0,"pct_pozo_ciego":0,"pct_sin_desague":8,"pct_gas_red":33,"pct_gas_garrafa":67,"pct_lena_guano":67,"pct_basura_formal":100,"pct_basura_quema":0,"pct_basura_informal":0,"pct_internet":33,"pct_celular":50,"pct_televisor":75}},{"type":"Feature","geometry":{"type":"Polygon","coordinates":[[[-66.57127,-18.46684],[-66.57119,-18.46693],[-66.57202,-18.46809],[-66.57229,-18.46771],[-66.57159,-18.46704],[-66.57127,-18.46684]]]},"properties":{"n":"UNCIA","p":80,"personas_x_ha":158,"masculinidad":95,"pct_menor20":34,"pct_60mas":16,"pct_migrante":21,"dependencia_econ":111,"pct_empleados":47,"pct_cuentapropia":45,"pct_agricultura":3,"pct_comercio":13,"pct_manufactura":5,"pct_construccion":5,"pct_transporte":5,"pct_alojamiento":8,"pct_sin_educacion":4,"pct_educ_superior":57,"brecha_educ":-5,"pct_sin_seguro":11,"pct_sus":71,"pct_seguro_privado":0,"brecha_seguro":-2,"pct_salud_publica":18,"pct_med_tradicional":5,"pct_automedicacion":13,"pct_remedios_caseros":29,"pct_viv_desocupada":3,"pct_alquiler":30,"pct_electricidad":100,"pct_sin_electricidad":0,"pct_agua_red":100,"pct_alcantarillado":100,"pct_camara_septica":0,"pct_pozo_ciego":0,"pct_sin_desague":0,"pct_gas_red":61,"pct_gas_garrafa":39,"pct_lena_guano":39,"pct_basura_formal":100,"pct_basura_quema":0,"pct_basura_informal":0,"pct_internet":78,"pct_celular":96,"pct_televisor":96}},{"type":"Feature","geometry":{"type":"Polygon","coordinates":[[[-66.57102,-18.46939],[-66.57133,-18.46981],[-66.57109,-18.46998],[-66.57077,-18.46955],[-66.57102,-18.46939]]]},"properties":{"n":"UNCIA","p":22,"personas_x_ha":116,"masculinidad":83,"pct_menor20":41,"pct_60mas":18,"pct_migrante":45,"dependencia_econ":214,"pct_empleados":29,"pct_cuentapropia":29,"pct_agricultura":29,"pct_comercio":0,"pct_manufactura":0,"pct_construccion":0,"pct_transporte":0,"pct_alojamiento":0,"pct_sin_educacion":0,"pct_educ_superior":50,"brecha_educ":-29,"pct_sin_seguro":5,"pct_sus":41,"pct_seguro_privado":0,"brecha_seguro":-8,"pct_salud_publica":26,"pct_med_tradicional":8,"pct_automedicacion":14,"pct_remedios_caseros":30,"pct_viv_desocupada":0,"pct_alquiler":0,"pct_electricidad":100,"pct_sin_electricidad":0,"pct_agua_red":100,"pct_alcantarillado":71,"pct_camara_septica":14,"pct_pozo_ciego":0,"pct_sin_desague":0,"pct_gas_red":57,"pct_gas_garrafa":43,"pct_lena_guano":43,"pct_basura_formal":86,"pct_basura_quema":14,"pct_basura_informal":0,"pct_internet":86,"pct_celular":86,"pct_televisor":86}},{"type":"Feature","geometry":{"type":"Polygon","coordinates":[[[-66.58115,-18.47179],[-66.58079,-18.47229],[-66.58062,-18.47216],[-66.58092,-18.47177],[-66.58115,-18.47179]]]},"properties":{"n":"UNCIA","p":20,"personas_x_ha":136,"masculinidad":82,"pct_menor20":40,"pct_60mas":10,"pct_migrante":45,"dependencia_econ":67,"pct_empleados":8,"pct_cuentapropia":58,"pct_agricultura":42,"pct_comercio":0,"pct_manufactura":17,"pct_construccion":0,"pct_transporte":0,"pct_alojamiento":0,"pct_sin_educacion":8,"pct_educ_superior":38,"brecha_educ":-43,"pct_sin_seguro":0,"pct_sus":100,"pct_seguro_privado":0,"brecha_seguro":0,"pct_salud_publica":69,"pct_med_tradicional":0,"pct_automedicacion":0,"pct_remedios_caseros":0,"pct_viv_desocupada":0,"pct_alquiler":0,"pct_electricidad":100,"pct_sin_electricidad":0,"pct_agua_red":88,"pct_alcantarillado":0,"pct_camara_septica":0,"pct_pozo_ciego":0,"pct_sin_desague":100,"pct_gas_red":0,"pct_gas_garrafa":100,"pct_lena_guano":100,"pct_basura_formal":88,"pct_basura_quema":0,"pct_basura_informal":25,"pct_internet":75,"pct_celular":88,"pct_televisor":88}},{"type":"Feature","geometry":{"type":"Polygon","coordinates":[[[-66.55793,-18.46731],[-66.55733,-18.46652],[-66.55694,-18.46678],[-66.55755,-18.46757],[-66.55793,-18.46731]]]},"properties":{"n":"UNCIA","p":32,"personas_x_ha":57,"masculinidad":78,"pct_menor20":47,"pct_60mas":3,"pct_migrante":50,"dependencia_econ":300,"pct_empleados":38,"pct_cuentapropia":38,"pct_agricultura":12,"pct_comercio":50,"pct_manufactura":0,"pct_construccion":12,"pct_transporte":0,"pct_alojamiento":12,"pct_sin_educacion":6,"pct_educ_superior":6,"brecha_educ":-58,"pct_sin_seguro":6,"pct_sus":88,"pct_seguro_privado":0,"brecha_seguro":2,"pct_salud_publica":21,"pct_med_tradicional":8,"pct_automedicacion":27,"pct_remedios_caseros":28,"pct_viv_desocupada":0,"pct_alquiler":16,"pct_electricidad":89,"pct_sin_electricidad":11,"pct_agua_red":68,"pct_alcantarillado":53,"pct_camara_septica":0,"pct_pozo_ciego":0,"pct_sin_desague":47,"pct_gas_red":58,"pct_gas_garrafa":42,"pct_lena_guano":42,"pct_basura_formal":100,"pct_basura_quema":0,"pct_basura_informal":0,"pct_internet":79,"pct_celular":100,"pct_televisor":68}},{"type":"Feature","geometry":{"type":"Polygon","coordinates":[[[-66.56008,-18.4673],[-66.55974,-18.46757],[-66.56036,-18.46834],[-66.56072,-18.46805],[-66.56008,-18.4673]]]},"properties":{"n":"UNCIA","p":27,"personas_x_ha":49,"masculinidad":145,"pct_menor20":30,"pct_60mas":11,"pct_migrante":19,"dependencia_econ":17,"pct_empleados":26,"pct_cuentapropia":61,"pct_agricultura":48,"pct_comercio":9,"pct_manufactura":0,"pct_construccion":17,"pct_transporte":9,"pct_alojamiento":9,"pct_sin_educacion":10,"pct_educ_superior":24,"brecha_educ":-36,"pct_sin_seguro":22,"pct_sus":74,"pct_seguro_privado":0,"brecha_seguro":-9,"pct_salud_publica":15,"pct_med_tradicional":25,"pct_automedicacion":23,"pct_remedios_caseros":24,"pct_viv_desocupada":0,"pct_alquiler":12,"pct_electricidad":94,"pct_sin_electricidad":6,"pct_agua_red":88,"pct_alcantarillado":94,"pct_camara_septica":0,"pct_pozo_ciego":0,"pct_sin_desague":6,"pct_gas_red":71,"pct_gas_garrafa":29,"pct_lena_guano":29,"pct_basura_formal":94,"pct_basura_quema":6,"pct_basura_informal":0,"pct_internet":71,"pct_celular":88,"pct_televisor":71}},{"type":"Feature","geometry":{"type":"Polygon","coordinates":[[[-66.56188,-18.46953],[-66.56132,-18.4688],[-66.56094,-18.46909],[-66.5615,-18.46986],[-66.56188,-18.46953]]]},"properties":{"n":"UNCIA","p":33,"personas_x_ha":61,"masculinidad":65,"pct_menor20":36,"pct_60mas":12,"pct_migrante":30,"dependencia_econ":312,"pct_empleados":12,"pct_cuentapropia":75,"pct_agricultura":50,"pct_comercio":12,"pct_manufactura":12,"pct_construccion":0,"pct_transporte":0,"pct_alojamiento":0,"pct_sin_educacion":19,"pct_educ_superior":33,"brecha_educ":-13,"pct_sin_seguro":18,"pct_sus":70,"pct_seguro_privado":0,"brecha_seguro":-5,"pct_salud_publica":30,"pct_med_tradicional":12,"pct_automedicacion":24,"pct_remedios_caseros":21,"pct_viv_desocupada":13,"pct_alquiler":0,"pct_electricidad":100,"pct_sin_electricidad":0,"pct_agua_red":77,"pct_alcantarillado":92,"pct_camara_septica":0,"pct_pozo_ciego":0,"pct_sin_desague":8,"pct_gas_red":46,"pct_gas_garrafa":54,"pct_lena_guano":54,"pct_basura_formal":100,"pct_basura_quema":0,"pct_basura_informal":0,"pct_internet":54,"pct_celular":92,"pct_televisor":85}},{"type":"Feature","geometry":{"type":"Polygon","coordinates":[[[-66.56973,-18.46552],[-66.56991,-18.46512],[-66.56972,-18.46502],[-66.56914,-18.46497],[-66.56913,-18.46507],[-66.56973,-18.46552]]]},"properties":{"n":"UNCIA","p":16,"personas_x_ha":60,"masculinidad":60,"pct_menor20":38,"pct_60mas":19,"pct_migrante":38,"dependencia_econ":129,"pct_empleados":43,"pct_cuentapropia":57,"pct_agricultura":0,"pct_comercio":0,"pct_manufactura":0,"pct_construccion":0,"pct_transporte":14,"pct_alojamiento":43,"pct_sin_educacion":0,"pct_educ_superior":50,"brecha_educ":-40,"pct_sin_seguro":25,"pct_sus":44,"pct_seguro_privado":0,"brecha_seguro":-13,"pct_salud_publica":23,"pct_med_tradicional":3,"pct_automedicacion":26,"pct_remedios_caseros":26,"pct_viv_desocupada":8,"pct_alquiler":0,"pct_electricidad":100,"pct_sin_electricidad":0,"pct_agua_red":100,"pct_alcantarillado":60,"pct_camara_septica":0,"pct_pozo_ciego":0,"pct_sin_desague":0,"pct_gas_red":80,"pct_gas_garrafa":20,"pct_lena_guano":20,"pct_basura_formal":0,"pct_basura_quema":0,"pct_basura_informal":0,"pct_internet":80,"pct_celular":80,"pct_televisor":60}},{"type":"Feature","geometry":{"type":"Polygon","coordinates":[[[-66.56236,-18.4691],[-66.56179,-18.46849],[-66.56139,-18.46873],[-66.56196,-18.46946],[-66.56236,-18.4691]]]},"properties":{"n":"UNCIA","p":26,"personas_x_ha":49,"masculinidad":100,"pct_menor20":42,"pct_60mas":0,"pct_migrante":12,"dependencia_econ":117,"pct_empleados":42,"pct_cuentapropia":58,"pct_agricultura":17,"pct_comercio":0,"pct_manufactura":8,"pct_construccion":8,"pct_transporte":25,"pct_alojamiento":8,"pct_sin_educacion":0,"pct_educ_superior":47,"brecha_educ":-12,"pct_sin_seguro":12,"pct_sus":69,"pct_seguro_privado":0,"brecha_seguro":-23,"pct_salud_publica":36,"pct_med_tradicional":7,"pct_automedicacion":19,"pct_remedios_caseros":19,"pct_viv_desocupada":8,"pct_alquiler":9,"pct_electricidad":100,"pct_sin_electricidad":0,"pct_agua_red":73,"pct_alcantarillado":91,"pct_camara_septica":0,"pct_pozo_ciego":0,"pct_sin_desague":9,"pct_gas_red":45,"pct_gas_garrafa":55,"pct_lena_guano":55,"pct_basura_formal":100,"pct_basura_quema":0,"pct_basura_informal":0,"pct_internet":82,"pct_celular":100,"pct_televisor":91}},{"type":"Feature","geometry":{"type":"Polygon","coordinates":[[[-66.57143,-18.46786],[-66.57137,-18.46782],[-66.57159,-18.46767],[-66.57201,-18.46827],[-66.57187,-18.46841],[-66.57125,-18.46798],[-66.57136,-18.46784],[-66.57143,-18.46786]]]},"properties":{"n":"UNCIA","p":51,"personas_x_ha":174,"masculinidad":76,"pct_menor20":25,"pct_60mas":24,"pct_migrante":47,"dependencia_econ":132,"pct_empleados":59,"pct_cuentapropia":27,"pct_agricultura":9,"pct_comercio":9,"pct_manufactura":0,"pct_construccion":5,"pct_transporte":5,"pct_alojamiento":5,"pct_sin_educacion":11,"pct_educ_superior":68,"brecha_educ":-7,"pct_sin_seguro":8,"pct_sus":53,"pct_seguro_privado":0,"brecha_seguro":2,"pct_salud_publica":23,"pct_med_tradicional":7,"pct_automedicacion":17,"pct_remedios_caseros":30,"pct_viv_desocupada":10,"pct_alquiler":12,"pct_electricidad":100,"pct_sin_electricidad":0,"pct_agua_red":100,"pct_alcantarillado":100,"pct_camara_septica":0,"pct_pozo_ciego":0,"pct_sin_desague":0,"pct_gas_red":76,"pct_gas_garrafa":24,"pct_lena_guano":24,"pct_basura_formal":88,"pct_basura_quema":6,"pct_basura_informal":0,"pct_internet":88,"pct_celular":88,"pct_televisor":94}},{"type":"Feature","geometry":{"type":"Polygon","coordinates":[[[-66.57453,-18.47144],[-66.57431,-18.47073],[-66.57421,-18.47065],[-66.57306,-18.47148],[-66.57331,-18.47179],[-66.57326,-18.47184],[-66.57301,-18.47154],[-66.57275,-18.47171],[-66.57339,-18.47249],[-66.57361,-18.47252],[-66.57403,-18.47295],[-66.575,-18.47211],[-66.57445,-18.47151],[-66.57453,-18.47144]]]},"properties":{"n":"UNCIA","p":65,"personas_x_ha":22,"masculinidad":81,"pct_menor20":28,"pct_60mas":17,"pct_migrante":25,"dependencia_econ":86,"pct_empleados":37,"pct_cuentapropia":34,"pct_agricultura":11,"pct_comercio":17,"pct_manufactura":9,"pct_construccion":3,"pct_transporte":3,"pct_alojamiento":0,"pct_sin_educacion":6,"pct_educ_superior":42,"brecha_educ":-11,"pct_sin_seguro":6,"pct_sus":58,"pct_seguro_privado":2,"brecha_seguro":14,"pct_salud_publica":21,"pct_med_tradicional":10,"pct_automedicacion":18,"pct_remedios_caseros":21,"pct_viv_desocupada":0,"pct_alquiler":0,"pct_electricidad":100,"pct_sin_electricidad":0,"pct_agua_red":95,"pct_alcantarillado":89,"pct_camara_septica":0,"pct_pozo_ciego":0,"pct_sin_desague":11,"pct_gas_red":74,"pct_gas_garrafa":26,"pct_lena_guano":26,"pct_basura_formal":100,"pct_basura_quema":0,"pct_basura_informal":0,"pct_internet":63,"pct_celular":74,"pct_televisor":89}},{"type":"Feature","geometry":{"type":"Polygon","coordinates":[[[-66.56305,-18.46291],[-66.56273,-18.4624],[-66.56302,-18.46221],[-66.56317,-18.4622],[-66.56346,-18.4627],[-66.56305,-18.46291]]]},"properties":{"n":"UNCIA","p":18,"personas_x_ha":51,"masculinidad":38,"pct_menor20":44,"pct_60mas":6,"pct_migrante":22,"dependencia_econ":200,"pct_empleados":33,"pct_cuentapropia":33,"pct_agricultura":0,"pct_comercio":33,"pct_manufactura":17,"pct_construccion":0,"pct_transporte":0,"pct_alojamiento":33,"pct_sin_educacion":9,"pct_educ_superior":55,"brecha_educ":25,"pct_sin_seguro":6,"pct_sus":67,"pct_seguro_privado":0,"brecha_seguro":20,"pct_salud_publica":20,"pct_med_tradicional":13,"pct_automedicacion":26,"pct_remedios_caseros":26,"pct_viv_desocupada":0,"pct_alquiler":0,"pct_electricidad":80,"pct_sin_electricidad":20,"pct_agua_red":0,"pct_alcantarillado":0,"pct_camara_septica":0,"pct_pozo_ciego":0,"pct_sin_desague":100,"pct_gas_red":0,"pct_gas_garrafa":100,"pct_lena_guano":100,"pct_basura_formal":60,"pct_basura_quema":20,"pct_basura_informal":0,"pct_internet":100,"pct_celular":100,"pct_televisor":100}},{"type":"Feature","geometry":{"type":"Polygon","coordinates":[[[-66.56181,-18.47121],[-66.56142,-18.47153],[-66.56197,-18.4721],[-66.56234,-18.47176],[-66.56181,-18.47121]]]},"properties":{"n":"UNCIA","p":31,"personas_x_ha":66,"masculinidad":48,"pct_menor20":55,"pct_60mas":0,"pct_migrante":26,"dependencia_econ":275,"pct_empleados":12,"pct_cuentapropia":62,"pct_agricultura":62,"pct_comercio":0,"pct_manufactura":0,"pct_construccion":12,"pct_transporte":12,"pct_alojamiento":0,"pct_sin_educacion":7,"pct_educ_superior":29,"brecha_educ":-70,"pct_sin_seguro":0,"pct_sus":83,"pct_seguro_privado":0,"brecha_seguro":0,"pct_salud_publica":20,"pct_med_tradicional":18,"pct_automedicacion":24,"pct_remedios_caseros":22,"pct_viv_desocupada":0,"pct_alquiler":0,"pct_electricidad":93,"pct_sin_electricidad":7,"pct_agua_red":0,"pct_alcantarillado":0,"pct_camara_septica":0,"pct_pozo_ciego":21,"pct_sin_desague":79,"pct_gas_red":71,"pct_gas_garrafa":29,"pct_lena_guano":29,"pct_basura_formal":93,"pct_basura_quema":0,"pct_basura_informal":0,"pct_internet":93,"pct_celular":100,"pct_televisor":86}},{"type":"Feature","geometry":{"type":"Polygon","coordinates":[[[-66.57364,-18.46956],[-66.57321,-18.46909],[-66.57301,-18.46924],[-66.57344,-18.46972],[-66.57364,-18.46956]]]},"properties":{"n":"UNCIA","p":47,"personas_x_ha":239,"masculinidad":62,"pct_menor20":28,"pct_60mas":6,"pct_migrante":21,"dependencia_econ":236,"pct_empleados":64,"pct_cuentapropia":14,"pct_agricultura":0,"pct_comercio":7,"pct_manufactura":0,"pct_construccion":0,"pct_transporte":14,"pct_alojamiento":0,"pct_sin_educacion":3,"pct_educ_superior":71,"brecha_educ":4,"pct_sin_seguro":15,"pct_sus":26,"pct_seguro_privado":0,"brecha_seguro":-24,"pct_salud_publica":15,"pct_med_tradicional":8,"pct_automedicacion":20,"pct_remedios_caseros":22,"pct_viv_desocupada":7,"pct_alquiler":8,"pct_electricidad":100,"pct_sin_electricidad":0,"pct_agua_red":92,"pct_alcantarillado":100,"pct_camara_septica":0,"pct_pozo_ciego":0,"pct_sin_desague":0,"pct_gas_red":46,"pct_gas_garrafa":54,"pct_lena_guano":54,"pct_basura_formal":100,"pct_basura_quema":0,"pct_basura_informal":0,"pct_internet":92,"pct_celular":92,"pct_televisor":100}},{"type":"Feature","geometry":{"type":"Polygon","coordinates":[[[-66.56068,-18.47062],[-66.56,-18.46975],[-66.56023,-18.46957],[-66.56097,-18.47032],[-66.56068,-18.47062]]]},"properties":{"n":"UNCIA","p":22,"personas_x_ha":47,"masculinidad":69,"pct_menor20":50,"pct_60mas":14,"pct_migrante":27,"dependencia_econ":83,"pct_empleados":0,"pct_cuentapropia":75,"pct_agricultura":50,"pct_comercio":17,"pct_manufactura":8,"pct_construccion":0,"pct_transporte":17,"pct_alojamiento":0,"pct_sin_educacion":36,"pct_educ_superior":18,"brecha_educ":-47,"pct_sin_seguro":14,"pct_sus":68,"pct_seguro_privado":0,"brecha_seguro":15,"pct_salud_publica":40,"pct_med_tradicional":0,"pct_automedicacion":22,"pct_remedios_caseros":18,"pct_viv_desocupada":6,"pct_alquiler":0,"pct_electricidad":100,"pct_sin_electricidad":0,"pct_agua_red":71,"pct_alcantarillado":86,"pct_camara_septica":0,"pct_pozo_ciego":0,"pct_sin_desague":14,"pct_gas_red":71,"pct_gas_garrafa":29,"pct_lena_guano":29,"pct_basura_formal":100,"pct_basura_quema":0,"pct_basura_informal":0,"pct_internet":71,"pct_celular":86,"pct_televisor":79}},{"type":"Feature","geometry":{"type":"Polygon","coordinates":[[[-66.5675,-18.46633],[-66.56766,-18.46605],[-66.56864,-18.46626],[-66.56835,-18.46685],[-66.5675,-18.46633]]]},"properties":{"n":"UNCIA","p":55,"personas_x_ha":94,"masculinidad":112,"pct_menor20":27,"pct_60mas":16,"pct_migrante":27,"dependencia_econ":77,"pct_empleados":48,"pct_cuentapropia":45,"pct_agricultura":6,"pct_comercio":13,"pct_manufactura":6,"pct_construccion":0,"pct_transporte":16,"pct_alojamiento":0,"pct_sin_educacion":8,"pct_educ_superior":75,"brecha_educ":-7,"pct_sin_seguro":7,"pct_sus":65,"pct_seguro_privado":0,"brecha_seguro":6,"pct_salud_publica":20,"pct_med_tradicional":4,"pct_automedicacion":21,"pct_remedios_caseros":22,"pct_viv_desocupada":14,"pct_alquiler":15,"pct_electricidad":100,"pct_sin_electricidad":0,"pct_agua_red":90,"pct_alcantarillado":95,"pct_camara_septica":0,"pct_pozo_ciego":0,"pct_sin_desague":5,"pct_gas_red":50,"pct_gas_garrafa":50,"pct_lena_guano":50,"pct_basura_formal":95,"pct_basura_quema":0,"pct_basura_informal":0,"pct_internet":85,"pct_celular":95,"pct_televisor":90}},{"type":"Feature","geometry":{"type":"Polygon","coordinates":[[[-66.56461,-18.46919],[-66.56387,-18.46828],[-66.56431,-18.468],[-66.56439,-18.46817],[-66.56461,-18.46919]]]},"properties":{"n":"UNCIA","p":29,"personas_x_ha":73,"masculinidad":81,"pct_menor20":41,"pct_60mas":14,"pct_migrante":34,"dependencia_econ":123,"pct_empleados":23,"pct_cuentapropia":62,"pct_agricultura":15,"pct_comercio":8,"pct_manufactura":8,"pct_construccion":8,"pct_transporte":15,"pct_alojamiento":8,"pct_sin_educacion":12,"pct_educ_superior":35,"brecha_educ":-6,"pct_sin_seguro":7,"pct_sus":52,"pct_seguro_privado":0,"brecha_seguro":1,"pct_salud_publica":23,"pct_med_tradicional":13,"pct_automedicacion":24,"pct_remedios_caseros":28,"pct_viv_desocupada":11,"pct_alquiler":7,"pct_electricidad":93,"pct_sin_electricidad":7,"pct_agua_red":100,"pct_alcantarillado":86,"pct_camara_septica":0,"pct_pozo_ciego":0,"pct_sin_desague":14,"pct_gas_red":50,"pct_gas_garrafa":50,"pct_lena_guano":50,"pct_basura_formal":93,"pct_basura_quema":7,"pct_basura_informal":0,"pct_internet":79,"pct_celular":100,"pct_televisor":100}},{"type":"Feature","geometry":{"type":"Polygon","coordinates":[[[-66.57558,-18.47358],[-66.57544,-18.47305],[-66.57577,-18.47303],[-66.57577,-18.47347],[-66.57581,-18.47303],[-66.57624,-18.47302],[-66.57664,-18.47318],[-66.57608,-18.47394],[-66.57583,-18.47388],[-66.57589,-18.4737],[-66.57558,-18.47358]]]},"properties":{"n":"UNCIA","p":16,"personas_x_ha":20,"masculinidad":33,"pct_menor20":44,"pct_60mas":6,"pct_migrante":50,"dependencia_econ":78,"pct_empleados":33,"pct_cuentapropia":33,"pct_agricultura":11,"pct_comercio":33,"pct_manufactura":0,"pct_construccion":0,"pct_transporte":11,"pct_alojamiento":11,"pct_sin_educacion":0,"pct_educ_superior":67,"brecha_educ":-29,"pct_sin_seguro":0,"pct_sus":94,"pct_seguro_privado":0,"brecha_seguro":0,"pct_salud_publica":22,"pct_med_tradicional":10,"pct_automedicacion":19,"pct_remedios_caseros":24,"pct_viv_desocupada":0,"pct_alquiler":11,"pct_electricidad":100,"pct_sin_electricidad":0,"pct_agua_red":89,"pct_alcantarillado":44,"pct_camara_septica":0,"pct_pozo_ciego":0,"pct_sin_desague":56,"pct_gas_red":0,"pct_gas_garrafa":100,"pct_lena_guano":100,"pct_basura_formal":100,"pct_basura_quema":0,"pct_basura_informal":0,"pct_internet":78,"pct_celular":100,"pct_televisor":100}},{"type":"Feature","geometry":{"type":"Polygon","coordinates":[[[-66.55984,-18.46606],[-66.56012,-18.46643],[-66.5593,-18.46701],[-66.55904,-18.46665],[-66.55984,-18.46606]]]},"properties":{"n":"UNCIA","p":37,"personas_x_ha":67,"masculinidad":68,"pct_menor20":46,"pct_60mas":11,"pct_migrante":14,"dependencia_econ":118,"pct_empleados":47,"pct_cuentapropia":18,"pct_agricultura":12,"pct_comercio":41,"pct_manufactura":6,"pct_construccion":12,"pct_transporte":6,"pct_alojamiento":0,"pct_sin_educacion":15,"pct_educ_superior":40,"brecha_educ":0,"pct_sin_seguro":16,"pct_sus":76,"pct_seguro_privado":0,"brecha_seguro":-5,"pct_salud_publica":19,"pct_med_tradicional":18,"pct_automedicacion":26,"pct_remedios_caseros":28,"pct_viv_desocupada":0,"pct_alquiler":0,"pct_electricidad":94,"pct_sin_electricidad":6,"pct_agua_red":83,"pct_alcantarillado":78,"pct_camara_septica":0,"pct_pozo_ciego":6,"pct_sin_desague":17,"pct_gas_red":72,"pct_gas_garrafa":28,"pct_lena_guano":28,"pct_basura_formal":94,"pct_basura_quema":0,"pct_basura_informal":11,"pct_internet":83,"pct_celular":94,"pct_televisor":83}},{"type":"Feature","geometry":{"type":"Polygon","coordinates":[[[-66.55179,-18.46903],[-66.55201,-18.46964],[-66.55297,-18.46924],[-66.55276,-18.46868],[-66.55179,-18.46903]]]},"properties":{"n":"UNCIA","p":23,"personas_x_ha":29,"masculinidad":44,"pct_menor20":26,"pct_60mas":13,"pct_migrante":43,"dependencia_econ":35,"pct_empleados":6,"pct_cuentapropia":94,"pct_agricultura":53,"pct_comercio":18,"pct_manufactura":6,"pct_construccion":12,"pct_transporte":12,"pct_alojamiento":0,"pct_sin_educacion":18,"pct_educ_superior":0,"brecha_educ":-18,"pct_sin_seguro":22,"pct_sus":78,"pct_seguro_privado":0,"brecha_seguro":30,"pct_salud_publica":14,"pct_med_tradicional":33,"pct_automedicacion":17,"pct_remedios_caseros":28,"pct_viv_desocupada":0,"pct_alquiler":6,"pct_electricidad":35,"pct_sin_electricidad":65,"pct_agua_red":18,"pct_alcantarillado":6,"pct_camara_septica":6,"pct_pozo_ciego":6,"pct_sin_desague":82,"pct_gas_red":0,"pct_gas_garrafa":82,"pct_lena_guano":82,"pct_basura_formal":12,"pct_basura_quema":53,"pct_basura_informal":24,"pct_internet":0,"pct_celular":65,"pct_televisor":12}},{"type":"Feature","geometry":{"type":"Polygon","coordinates":[[[-66.55315,-18.47094],[-66.55272,-18.4701],[-66.55232,-18.47027],[-66.55281,-18.47112],[-66.55315,-18.47094]]]},"properties":{"n":"UNCIA","p":19,"personas_x_ha":39,"masculinidad":73,"pct_menor20":47,"pct_60mas":5,"pct_migrante":79,"dependencia_econ":73,"pct_empleados":9,"pct_cuentapropia":55,"pct_agricultura":64,"pct_comercio":18,"pct_manufactura":0,"pct_construccion":9,"pct_transporte":0,"pct_alojamiento":9,"pct_sin_educacion":0,"pct_educ_superior":10,"brecha_educ":5,"pct_sin_seguro":16,"pct_sus":84,"pct_seguro_privado":0,"brecha_seguro":16,"pct_salud_publica":22,"pct_med_tradicional":11,"pct_automedicacion":20,"pct_remedios_caseros":22,"pct_viv_desocupada":10,"pct_alquiler":11,"pct_electricidad":33,"pct_sin_electricidad":67,"pct_agua_red":0,"pct_alcantarillado":0,"pct_camara_septica":0,"pct_pozo_ciego":0,"pct_sin_desague":100,"pct_gas_red":0,"pct_gas_garrafa":78,"pct_lena_guano":78,"pct_basura_formal":0,"pct_basura_quema":67,"pct_basura_informal":0,"pct_internet":89,"pct_celular":89,"pct_televisor":56}},{"type":"Feature","geometry":{"type":"Polygon","coordinates":[[[-66.56607,-18.46855],[-66.56574,-18.46879],[-66.5654,-18.46763],[-66.56577,-18.46755],[-66.56607,-18.46855]]]},"properties":{"n":"UNCIA","p":64,"personas_x_ha":128,"masculinidad":68,"pct_menor20":30,"pct_60mas":20,"pct_migrante":53,"dependencia_econ":60,"pct_empleados":22,"pct_cuentapropia":60,"pct_agricultura":8,"pct_comercio":20,"pct_manufactura":15,"pct_construccion":2,"pct_transporte":2,"pct_alojamiento":12,"pct_sin_educacion":11,"pct_educ_superior":53,"brecha_educ":-24,"pct_sin_seguro":9,"pct_sus":67,"pct_seguro_privado":0,"brecha_seguro":10,"pct_salud_publica":22,"pct_med_tradicional":13,"pct_automedicacion":18,"pct_remedios_caseros":27,"pct_viv_desocupada":4,"pct_alquiler":18,"pct_electricidad":100,"pct_sin_electricidad":0,"pct_agua_red":91,"pct_alcantarillado":95,"pct_camara_septica":0,"pct_pozo_ciego":0,"pct_sin_desague":5,"pct_gas_red":55,"pct_gas_garrafa":45,"pct_lena_guano":45,"pct_basura_formal":100,"pct_basura_quema":0,"pct_basura_informal":0,"pct_internet":86,"pct_celular":95,"pct_televisor":91}},{"type":"Feature","geometry":{"type":"Polygon","coordinates":[[[-66.57525,-18.47151],[-66.57452,-18.4709],[-66.57444,-18.47097],[-66.57462,-18.4715],[-66.575,-18.47179],[-66.57525,-18.47151]]]},"properties":{"n":"UNCIA","p":41,"personas_x_ha":116,"masculinidad":46,"pct_menor20":34,"pct_60mas":15,"pct_migrante":39,"dependencia_econ":95,"pct_empleados":24,"pct_cuentapropia":57,"pct_agricultura":5,"pct_comercio":38,"pct_manufactura":5,"pct_construccion":5,"pct_transporte":5,"pct_alojamiento":10,"pct_sin_educacion":11,"pct_educ_superior":56,"brecha_educ":-28,"pct_sin_seguro":5,"pct_sus":63,"pct_seguro_privado":0,"brecha_seguro":15,"pct_salud_publica":26,"pct_med_tradicional":8,"pct_automedicacion":20,"pct_remedios_caseros":26,"pct_viv_desocupada":7,"pct_alquiler":15,"pct_electricidad":100,"pct_sin_electricidad":0,"pct_agua_red":100,"pct_alcantarillado":100,"pct_camara_septica":0,"pct_pozo_ciego":0,"pct_sin_desague":0,"pct_gas_red":85,"pct_gas_garrafa":15,"pct_lena_guano":15,"pct_basura_formal":92,"pct_basura_quema":0,"pct_basura_informal":15,"pct_internet":85,"pct_celular":100,"pct_televisor":92}},{"type":"Feature","geometry":{"type":"Polygon","coordinates":[[[-66.5723,-18.47014],[-66.57252,-18.47037],[-66.57291,-18.47003],[-66.57213,-18.46935],[-66.57166,-18.4697],[-66.57231,-18.47053],[-66.5725,-18.47038],[-66.5723,-18.47014]]]},"properties":{"n":"UNCIA","p":75,"personas_x_ha":86,"masculinidad":63,"pct_menor20":36,"pct_60mas":11,"pct_migrante":24,"dependencia_econ":155,"pct_empleados":45,"pct_cuentapropia":41,"pct_agricultura":14,"pct_comercio":10,"pct_manufactura":0,"pct_construccion":0,"pct_transporte":3,"pct_alojamiento":14,"pct_sin_educacion":8,"pct_educ_superior":49,"brecha_educ":-19,"pct_sin_seguro":7,"pct_sus":64,"pct_seguro_privado":0,"brecha_seguro":17,"pct_salud_publica":15,"pct_med_tradicional":15,"pct_automedicacion":24,"pct_remedios_caseros":23,"pct_viv_desocupada":11,"pct_alquiler":19,"pct_electricidad":100,"pct_sin_electricidad":0,"pct_agua_red":96,"pct_alcantarillado":81,"pct_camara_septica":0,"pct_pozo_ciego":0,"pct_sin_desague":19,"pct_gas_red":44,"pct_gas_garrafa":56,"pct_lena_guano":56,"pct_basura_formal":100,"pct_basura_quema":0,"pct_basura_informal":0,"pct_internet":78,"pct_celular":96,"pct_televisor":89}},{"type":"Feature","geometry":{"type":"Polygon","coordinates":[[[-66.56673,-18.46583],[-66.5668,-18.46557],[-66.56585,-18.46556],[-66.56585,-18.46571],[-66.56673,-18.46583]]]},"properties":{"n":"UNCIA","p":55,"personas_x_ha":245,"masculinidad":90,"pct_menor20":29,"pct_60mas":15,"pct_migrante":27,"dependencia_econ":67,"pct_empleados":30,"pct_cuentapropia":36,"pct_agricultura":0,"pct_comercio":15,"pct_manufactura":9,"pct_construccion":0,"pct_transporte":12,"pct_alojamiento":27,"pct_sin_educacion":0,"pct_educ_superior":49,"brecha_educ":-11,"pct_sin_seguro":6,"pct_sus":39,"pct_seguro_privado":0,"brecha_seguro":5,"pct_salud_publica":20,"pct_med_tradicional":17,"pct_automedicacion":17,"pct_remedios_caseros":18,"pct_viv_desocupada":19,"pct_alquiler":19,"pct_electricidad":100,"pct_sin_electricidad":0,"pct_agua_red":100,"pct_alcantarillado":100,"pct_camara_septica":0,"pct_pozo_ciego":0,"pct_sin_desague":0,"pct_gas_red":50,"pct_gas_garrafa":50,"pct_lena_guano":50,"pct_basura_formal":100,"pct_basura_quema":0,"pct_basura_informal":0,"pct_internet":88,"pct_celular":94,"pct_televisor":100}},{"type":"Feature","geometry":{"type":"Polygon","coordinates":[[[-66.55675,-18.47092],[-66.55634,-18.46998],[-66.55569,-18.47044],[-66.5566,-18.47102],[-66.55675,-18.47092]]]},"properties":{"n":"UNCIA","p":27,"personas_x_ha":45,"masculinidad":35,"pct_menor20":41,"pct_60mas":7,"pct_migrante":26,"dependencia_econ":125,"pct_empleados":33,"pct_cuentapropia":50,"pct_agricultura":42,"pct_comercio":8,"pct_manufactura":25,"pct_construccion":0,"pct_transporte":0,"pct_alojamiento":17,"pct_sin_educacion":6,"pct_educ_superior":6,"brecha_educ":17,"pct_sin_seguro":15,"pct_sus":81,"pct_seguro_privado":0,"brecha_seguro":-20,"pct_salud_publica":23,"pct_med_tradicional":15,"pct_automedicacion":18,"pct_remedios_caseros":21,"pct_viv_desocupada":0,"pct_alquiler":14,"pct_electricidad":100,"pct_sin_electricidad":0,"pct_agua_red":43,"pct_alcantarillado":36,"pct_camara_septica":0,"pct_pozo_ciego":29,"pct_sin_desague":36,"pct_gas_red":0,"pct_gas_garrafa":100,"pct_lena_guano":100,"pct_basura_formal":57,"pct_basura_quema":29,"pct_basura_informal":0,"pct_internet":50,"pct_celular":71,"pct_televisor":57}},{"type":"Feature","geometry":{"type":"Polygon","coordinates":[[[-66.55767,-18.4689],[-66.55738,-18.46854],[-66.5566,-18.46912],[-66.55688,-18.46946],[-66.55767,-18.4689]]]},"properties":{"n":"UNCIA","p":26,"personas_x_ha":49,"masculinidad":73,"pct_menor20":42,"pct_60mas":12,"pct_migrante":27,"dependencia_econ":136,"pct_empleados":9,"pct_cuentapropia":82,"pct_agricultura":64,"pct_comercio":18,"pct_manufactura":0,"pct_construccion":9,"pct_transporte":0,"pct_alojamiento":0,"pct_sin_educacion":12,"pct_educ_superior":12,"brecha_educ":-5,"pct_sin_seguro":15,"pct_sus":85,"pct_seguro_privado":0,"brecha_seguro":5,"pct_salud_publica":40,"pct_med_tradicional":15,"pct_automedicacion":15,"pct_remedios_caseros":17,"pct_viv_desocupada":0,"pct_alquiler":0,"pct_electricidad":100,"pct_sin_electricidad":0,"pct_agua_red":78,"pct_alcantarillado":72,"pct_camara_septica":0,"pct_pozo_ciego":6,"pct_sin_desague":22,"pct_gas_red":72,"pct_gas_garrafa":28,"pct_lena_guano":28,"pct_basura_formal":94,"pct_basura_quema":0,"pct_basura_informal":11,"pct_internet":56,"pct_celular":83,"pct_televisor":67}},{"type":"Feature","geometry":{"type":"Polygon","coordinates":[[[-66.56565,-18.46891],[-66.56528,-18.46768],[-66.56492,-18.46778],[-66.56521,-18.46925],[-66.56565,-18.46891]]]},"properties":{"n":"UNCIA","p":109,"personas_x_ha":153,"masculinidad":82,"pct_menor20":39,"pct_60mas":8,"pct_migrante":44,"dependencia_econ":104,"pct_empleados":32,"pct_cuentapropia":47,"pct_agricultura":4,"pct_comercio":30,"pct_manufactura":6,"pct_construccion":6,"pct_transporte":4,"pct_alojamiento":15,"pct_sin_educacion":1,"pct_educ_superior":51,"brecha_educ":-6,"pct_sin_seguro":20,"pct_sus":50,"pct_seguro_privado":0,"brecha_seguro":-13,"pct_salud_publica":24,"pct_med_tradicional":5,"pct_automedicacion":22,"pct_remedios_caseros":23,"pct_viv_desocupada":2,"pct_alquiler":32,"pct_electricidad":100,"pct_sin_electricidad":0,"pct_agua_red":97,"pct_alcantarillado":100,"pct_camara_septica":0,"pct_pozo_ciego":0,"pct_sin_desague":0,"pct_gas_red":45,"pct_gas_garrafa":52,"pct_lena_guano":52,"pct_basura_formal":100,"pct_basura_quema":0,"pct_basura_informal":0,"pct_internet":94,"pct_celular":100,"pct_televisor":90}},{"type":"Feature","geometry":{"type":"Polygon","coordinates":[[[-66.55381,-18.46776],[-66.55272,-18.46795],[-66.55285,-18.46857],[-66.55394,-18.46825],[-66.55381,-18.46776]]]},"properties":{"n":"UNCIA","p":19,"personas_x_ha":25,"masculinidad":73,"pct_menor20":11,"pct_60mas":16,"pct_migrante":32,"dependencia_econ":46,"pct_empleados":8,"pct_cuentapropia":92,"pct_agricultura":62,"pct_comercio":23,"pct_manufactura":8,"pct_construccion":0,"pct_transporte":0,"pct_alojamiento":0,"pct_sin_educacion":18,"pct_educ_superior":12,"brecha_educ":31,"pct_sin_seguro":16,"pct_sus":84,"pct_seguro_privado":0,"brecha_seguro":38,"pct_salud_publica":24,"pct_med_tradicional":11,"pct_automedicacion":22,"pct_remedios_caseros":30,"pct_viv_desocupada":0,"pct_alquiler":0,"pct_electricidad":100,"pct_sin_electricidad":0,"pct_agua_red":0,"pct_alcantarillado":0,"pct_camara_septica":0,"pct_pozo_ciego":0,"pct_sin_desague":100,"pct_gas_red":0,"pct_gas_garrafa":100,"pct_lena_guano":100,"pct_basura_formal":0,"pct_basura_quema":88,"pct_basura_informal":0,"pct_internet":76,"pct_celular":94,"pct_televisor":88}},{"type":"Feature","geometry":{"type":"Polygon","coordinates":[[[-66.55884,-18.46665],[-66.55826,-18.46586],[-66.55787,-18.46611],[-66.55848,-18.4669],[-66.55884,-18.46665]]]},"properties":{"n":"UNCIA","p":56,"personas_x_ha":100,"masculinidad":65,"pct_menor20":62,"pct_60mas":9,"pct_migrante":57,"dependencia_econ":229,"pct_empleados":24,"pct_cuentapropia":59,"pct_agricultura":29,"pct_comercio":18,"pct_manufactura":0,"pct_construccion":6,"pct_transporte":0,"pct_alojamiento":12,"pct_sin_educacion":30,"pct_educ_superior":22,"brecha_educ":-20,"pct_sin_seguro":11,"pct_sus":71,"pct_seguro_privado":7,"brecha_seguro":-10,"pct_salud_publica":31,"pct_med_tradicional":4,"pct_automedicacion":19,"pct_remedios_caseros":34,"pct_viv_desocupada":0,"pct_alquiler":0,"pct_electricidad":94,"pct_sin_electricidad":6,"pct_agua_red":89,"pct_alcantarillado":72,"pct_camara_septica":0,"pct_pozo_ciego":0,"pct_sin_desague":28,"pct_gas_red":78,"pct_gas_garrafa":22,"pct_lena_guano":22,"pct_basura_formal":94,"pct_basura_quema":6,"pct_basura_informal":0,"pct_internet":72,"pct_celular":89,"pct_televisor":94}},{"type":"Feature","geometry":{"type":"Polygon","coordinates":[[[-66.55889,-18.47041],[-66.5585,-18.46991],[-66.55766,-18.47051],[-66.55806,-18.47101],[-66.55889,-18.47041]]]},"properties":{"n":"UNCIA","p":34,"personas_x_ha":43,"masculinidad":48,"pct_menor20":35,"pct_60mas":9,"pct_migrante":38,"dependencia_econ":162,"pct_empleados":46,"pct_cuentapropia":38,"pct_agricultura":31,"pct_comercio":15,"pct_manufactura":23,"pct_construccion":0,"pct_transporte":0,"pct_alojamiento":8,"pct_sin_educacion":23,"pct_educ_superior":14,"brecha_educ":-67,"pct_sin_seguro":6,"pct_sus":91,"pct_seguro_privado":0,"brecha_seguro":-9,"pct_salud_publica":49,"pct_med_tradicional":7,"pct_automedicacion":9,"pct_remedios_caseros":18,"pct_viv_desocupada":4,"pct_alquiler":0,"pct_electricidad":95,"pct_sin_electricidad":5,"pct_agua_red":84,"pct_alcantarillado":58,"pct_camara_septica":0,"pct_pozo_ciego":16,"pct_sin_desague":26,"pct_gas_red":63,"pct_gas_garrafa":32,"pct_lena_guano":32,"pct_basura_formal":89,"pct_basura_quema":11,"pct_basura_informal":0,"pct_internet":68,"pct_celular":84,"pct_televisor":74}},{"type":"Feature","geometry":{"type":"Polygon","coordinates":[[[-66.57246,-18.46732],[-66.57216,-18.46714],[-66.57202,-18.46737],[-66.5723,-18.46761],[-66.57246,-18.46732]]]},"properties":{"n":"UNCIA","p":22,"personas_x_ha":158,"masculinidad":83,"pct_menor20":32,"pct_60mas":5,"pct_migrante":36,"dependencia_econ":83,"pct_empleados":25,"pct_cuentapropia":67,"pct_agricultura":0,"pct_comercio":50,"pct_manufactura":0,"pct_construccion":0,"pct_transporte":8,"pct_alojamiento":0,"pct_sin_educacion":0,"pct_educ_superior":50,"brecha_educ":-3,"pct_sin_seguro":0,"pct_sus":50,"pct_seguro_privado":0,"brecha_seguro":0,"pct_salud_publica":21,"pct_med_tradicional":4,"pct_automedicacion":19,"pct_remedios_caseros":28,"pct_viv_desocupada":12,"pct_alquiler":12,"pct_electricidad":100,"pct_sin_electricidad":0,"pct_agua_red":100,"pct_alcantarillado":88,"pct_camara_septica":0,"pct_pozo_ciego":0,"pct_sin_desague":12,"pct_gas_red":38,"pct_gas_garrafa":62,"pct_lena_guano":62,"pct_basura_formal":88,"pct_basura_quema":12,"pct_basura_informal":0,"pct_internet":75,"pct_celular":88,"pct_televisor":88}},{"type":"Feature","geometry":{"type":"Polygon","coordinates":[[[-66.57017,-18.47007],[-66.57036,-18.4704],[-66.57079,-18.47016],[-66.57058,-18.46982],[-66.57017,-18.47007]]]},"properties":{"n":"UNCIA","p":20,"personas_x_ha":87,"masculinidad":82,"pct_menor20":55,"pct_60mas":5,"pct_migrante":5,"dependencia_econ":150,"pct_empleados":12,"pct_cuentapropia":75,"pct_agricultura":50,"pct_comercio":12,"pct_manufactura":0,"pct_construccion":12,"pct_transporte":0,"pct_alojamiento":12,"pct_sin_educacion":11,"pct_educ_superior":22,"brecha_educ":null,"pct_sin_seguro":0,"pct_sus":100,"pct_seguro_privado":0,"brecha_seguro":0,"pct_salud_publica":33,"pct_med_tradicional":0,"pct_automedicacion":33,"pct_remedios_caseros":33,"pct_viv_desocupada":0,"pct_alquiler":0,"pct_electricidad":60,"pct_sin_electricidad":40,"pct_agua_red":10,"pct_alcantarillado":0,"pct_camara_septica":0,"pct_pozo_ciego":10,"pct_sin_desague":90,"pct_gas_red":0,"pct_gas_garrafa":100,"pct_lena_guano":100,"pct_basura_formal":0,"pct_basura_quema":100,"pct_basura_informal":0,"pct_internet":80,"pct_celular":80,"pct_televisor":40}},{"type":"Feature","geometry":{"type":"Polygon","coordinates":[[[-66.56027,-18.46839],[-66.55966,-18.46763],[-66.55927,-18.46788],[-66.55989,-18.46866],[-66.56027,-18.46839]]]},"properties":{"n":"UNCIA","p":39,"personas_x_ha":71,"masculinidad":50,"pct_menor20":38,"pct_60mas":5,"pct_migrante":18,"dependencia_econ":50,"pct_empleados":12,"pct_cuentapropia":54,"pct_agricultura":38,"pct_comercio":19,"pct_manufactura":4,"pct_construccion":4,"pct_transporte":8,"pct_alojamiento":8,"pct_sin_educacion":4,"pct_educ_superior":54,"brecha_educ":13,"pct_sin_seguro":5,"pct_sus":68,"pct_seguro_privado":0,"brecha_seguro":17,"pct_salud_publica":18,"pct_med_tradicional":17,"pct_automedicacion":21,"pct_remedios_caseros":24,"pct_viv_desocupada":0,"pct_alquiler":0,"pct_electricidad":100,"pct_sin_electricidad":0,"pct_agua_red":88,"pct_alcantarillado":100,"pct_camara_septica":0,"pct_pozo_ciego":0,"pct_sin_desague":0,"pct_gas_red":81,"pct_gas_garrafa":19,"pct_lena_guano":19,"pct_basura_formal":94,"pct_basura_quema":6,"pct_basura_informal":0,"pct_internet":88,"pct_celular":100,"pct_televisor":88}},{"type":"Feature","geometry":{"type":"Polygon","coordinates":[[[-66.55553,-18.46795],[-66.55548,-18.46799],[-66.55588,-18.46879],[-66.55607,-18.46864],[-66.55553,-18.46795]]]},"properties":{"n":"UNCIA","p":19,"personas_x_ha":104,"masculinidad":73,"pct_menor20":58,"pct_60mas":5,"pct_migrante":42,"dependencia_econ":138,"pct_empleados":0,"pct_cuentapropia":100,"pct_agricultura":12,"pct_comercio":0,"pct_manufactura":12,"pct_construccion":25,"pct_transporte":12,"pct_alojamiento":0,"pct_sin_educacion":38,"pct_educ_superior":0,"brecha_educ":7,"pct_sin_seguro":0,"pct_sus":100,"pct_seguro_privado":0,"brecha_seguro":0,"pct_salud_publica":22,"pct_med_tradicional":22,"pct_automedicacion":14,"pct_remedios_caseros":22,"pct_viv_desocupada":0,"pct_alquiler":0,"pct_electricidad":88,"pct_sin_electricidad":0,"pct_agua_red":75,"pct_alcantarillado":62,"pct_camara_septica":0,"pct_pozo_ciego":0,"pct_sin_desague":38,"pct_gas_red":50,"pct_gas_garrafa":50,"pct_lena_guano":50,"pct_basura_formal":100,"pct_basura_quema":0,"pct_basura_informal":0,"pct_internet":62,"pct_celular":62,"pct_televisor":50}},{"type":"Feature","geometry":{"type":"Polygon","coordinates":[[[-66.56931,-18.46647],[-66.56867,-18.46626],[-66.56834,-18.46699],[-66.56862,-18.4671],[-66.56872,-18.46693],[-66.56884,-18.467],[-66.56931,-18.46647]]]},"properties":{"n":"UNCIA","p":54,"personas_x_ha":111,"masculinidad":86,"pct_menor20":28,"pct_60mas":22,"pct_migrante":41,"dependencia_econ":135,"pct_empleados":48,"pct_cuentapropia":48,"pct_agricultura":0,"pct_comercio":13,"pct_manufactura":0,"pct_construccion":4,"pct_transporte":17,"pct_alojamiento":0,"pct_sin_educacion":0,"pct_educ_superior":64,"brecha_educ":-14,"pct_sin_seguro":6,"pct_sus":46,"pct_seguro_privado":4,"brecha_seguro":5,"pct_salud_publica":35,"pct_med_tradicional":3,"pct_automedicacion":10,"pct_remedios_caseros":17,"pct_viv_desocupada":0,"pct_alquiler":14,"pct_electricidad":100,"pct_sin_electricidad":0,"pct_agua_red":95,"pct_alcantarillado":100,"pct_camara_septica":0,"pct_pozo_ciego":0,"pct_sin_desague":0,"pct_gas_red":73,"pct_gas_garrafa":27,"pct_lena_guano":27,"pct_basura_formal":100,"pct_basura_quema":0,"pct_basura_informal":0,"pct_internet":86,"pct_celular":95,"pct_televisor":100}},{"type":"Feature","geometry":{"type":"Polygon","coordinates":[[[-66.56267,-18.46767],[-66.56225,-18.46719],[-66.56144,-18.4678],[-66.56185,-18.46829],[-66.56267,-18.46767]]]},"properties":{"n":"UNCIA","p":44,"personas_x_ha":54,"masculinidad":100,"pct_menor20":25,"pct_60mas":5,"pct_migrante":32,"dependencia_econ":72,"pct_empleados":16,"pct_cuentapropia":64,"pct_agricultura":28,"pct_comercio":12,"pct_manufactura":0,"pct_construccion":16,"pct_transporte":4,"pct_alojamiento":8,"pct_sin_educacion":9,"pct_educ_superior":42,"brecha_educ":-11,"pct_sin_seguro":21,"pct_sus":65,"pct_seguro_privado":0,"brecha_seguro":13,"pct_salud_publica":27,"pct_med_tradicional":17,"pct_automedicacion":17,"pct_remedios_caseros":26,"pct_viv_desocupada":0,"pct_alquiler":0,"pct_electricidad":96,"pct_sin_electricidad":0,"pct_agua_red":71,"pct_alcantarillado":83,"pct_camara_septica":0,"pct_pozo_ciego":0,"pct_sin_desague":17,"pct_gas_red":79,"pct_gas_garrafa":21,"pct_lena_guano":21,"pct_basura_formal":100,"pct_basura_quema":0,"pct_basura_informal":0,"pct_internet":83,"pct_celular":88,"pct_televisor":96}},{"type":"Feature","geometry":{"type":"Polygon","coordinates":[[[-66.55978,-18.46597],[-66.55948,-18.46562],[-66.55867,-18.46622],[-66.55895,-18.46657],[-66.55978,-18.46597]]]},"properties":{"n":"UNCIA","p":37,"personas_x_ha":67,"masculinidad":106,"pct_menor20":43,"pct_60mas":16,"pct_migrante":30,"dependencia_econ":185,"pct_empleados":23,"pct_cuentapropia":38,"pct_agricultura":31,"pct_comercio":23,"pct_manufactura":8,"pct_construccion":8,"pct_transporte":0,"pct_alojamiento":8,"pct_sin_educacion":23,"pct_educ_superior":27,"brecha_educ":-40,"pct_sin_seguro":3,"pct_sus":97,"pct_seguro_privado":0,"brecha_seguro":5,"pct_salud_publica":21,"pct_med_tradicional":15,"pct_automedicacion":21,"pct_remedios_caseros":32,"pct_viv_desocupada":0,"pct_alquiler":0,"pct_electricidad":100,"pct_sin_electricidad":0,"pct_agua_red":62,"pct_alcantarillado":56,"pct_camara_septica":0,"pct_pozo_ciego":0,"pct_sin_desague":44,"pct_gas_red":62,"pct_gas_garrafa":38,"pct_lena_guano":38,"pct_basura_formal":100,"pct_basura_quema":0,"pct_basura_informal":0,"pct_internet":69,"pct_celular":69,"pct_televisor":69}},{"type":"Feature","geometry":{"type":"Polygon","coordinates":[[[-66.57126,-18.46662],[-66.57018,-18.46615],[-66.57002,-18.46649],[-66.57072,-18.46668],[-66.57112,-18.4669],[-66.57126,-18.46662]]]},"properties":{"n":"UNCIA","p":44,"personas_x_ha":93,"masculinidad":110,"pct_menor20":20,"pct_60mas":11,"pct_migrante":48,"dependencia_econ":47,"pct_empleados":47,"pct_cuentapropia":50,"pct_agricultura":0,"pct_comercio":0,"pct_manufactura":0,"pct_construccion":7,"pct_transporte":3,"pct_alojamiento":13,"pct_sin_educacion":0,"pct_educ_superior":83,"brecha_educ":-6,"pct_sin_seguro":2,"pct_sus":32,"pct_seguro_privado":0,"brecha_seguro":4,"pct_salud_publica":17,"pct_med_tradicional":9,"pct_automedicacion":23,"pct_remedios_caseros":22,"pct_viv_desocupada":17,"pct_alquiler":21,"pct_electricidad":100,"pct_sin_electricidad":0,"pct_agua_red":100,"pct_alcantarillado":93,"pct_camara_septica":0,"pct_pozo_ciego":0,"pct_sin_desague":0,"pct_gas_red":57,"pct_gas_garrafa":36,"pct_lena_guano":36,"pct_basura_formal":100,"pct_basura_quema":0,"pct_basura_informal":0,"pct_internet":93,"pct_celular":100,"pct_televisor":93}},{"type":"Feature","geometry":{"type":"Polygon","coordinates":[[[-66.57507,-18.47183],[-66.57576,-18.47241],[-66.576,-18.47213],[-66.57534,-18.47157],[-66.57507,-18.47183]]]},"properties":{"n":"UNCIA","p":43,"personas_x_ha":107,"masculinidad":72,"pct_menor20":35,"pct_60mas":12,"pct_migrante":23,"dependencia_econ":187,"pct_empleados":33,"pct_cuentapropia":33,"pct_agricultura":27,"pct_comercio":20,"pct_manufactura":7,"pct_construccion":0,"pct_transporte":0,"pct_alojamiento":0,"pct_sin_educacion":7,"pct_educ_superior":64,"brecha_educ":1,"pct_sin_seguro":19,"pct_sus":49,"pct_seguro_privado":0,"brecha_seguro":6,"pct_salud_publica":23,"pct_med_tradicional":4,"pct_automedicacion":18,"pct_remedios_caseros":28,"pct_viv_desocupada":12,"pct_alquiler":8,"pct_electricidad":100,"pct_sin_electricidad":0,"pct_agua_red":92,"pct_alcantarillado":100,"pct_camara_septica":0,"pct_pozo_ciego":0,"pct_sin_desague":0,"pct_gas_red":67,"pct_gas_garrafa":33,"pct_lena_guano":33,"pct_basura_formal":100,"pct_basura_quema":0,"pct_basura_informal":0,"pct_internet":75,"pct_celular":83,"pct_televisor":67}},{"type":"Feature","geometry":{"type":"Polygon","coordinates":[[[-66.55679,-18.46512],[-66.55684,-18.46568],[-66.5582,-18.46554],[-66.55814,-18.46498],[-66.55679,-18.46512]]]},"properties":{"n":"UNCIA","p":45,"personas_x_ha":49,"masculinidad":61,"pct_menor20":40,"pct_60mas":0,"pct_migrante":36,"dependencia_econ":125,"pct_empleados":40,"pct_cuentapropia":55,"pct_agricultura":25,"pct_comercio":45,"pct_manufactura":5,"pct_construccion":10,"pct_transporte":0,"pct_alojamiento":5,"pct_sin_educacion":0,"pct_educ_superior":43,"brecha_educ":-19,"pct_sin_seguro":16,"pct_sus":82,"pct_seguro_privado":0,"brecha_seguro":-6,"pct_salud_publica":23,"pct_med_tradicional":16,"pct_automedicacion":24,"pct_remedios_caseros":27,"pct_viv_desocupada":4,"pct_alquiler":8,"pct_electricidad":96,"pct_sin_electricidad":4,"pct_agua_red":4,"pct_alcantarillado":0,"pct_camara_septica":0,"pct_pozo_ciego":23,"pct_sin_desague":77,"pct_gas_red":0,"pct_gas_garrafa":100,"pct_lena_guano":100,"pct_basura_formal":69,"pct_basura_quema":31,"pct_basura_informal":0,"pct_internet":77,"pct_celular":92,"pct_televisor":73}},{"type":"Feature","geometry":{"type":"Polygon","coordinates":[[[-66.57269,-18.4716],[-66.57292,-18.47144],[-66.57231,-18.47068],[-66.57214,-18.47082],[-66.57269,-18.4716]]]},"properties":{"n":"UNCIA","p":31,"personas_x_ha":107,"masculinidad":72,"pct_menor20":26,"pct_60mas":19,"pct_migrante":58,"dependencia_econ":82,"pct_empleados":59,"pct_cuentapropia":35,"pct_agricultura":0,"pct_comercio":24,"pct_manufactura":12,"pct_construccion":12,"pct_transporte":0,"pct_alojamiento":12,"pct_sin_educacion":4,"pct_educ_superior":62,"brecha_educ":-17,"pct_sin_seguro":6,"pct_sus":42,"pct_seguro_privado":0,"brecha_seguro":15,"pct_salud_publica":11,"pct_med_tradicional":22,"pct_automedicacion":15,"pct_remedios_caseros":25,"pct_viv_desocupada":0,"pct_alquiler":14,"pct_electricidad":100,"pct_sin_electricidad":0,"pct_agua_red":93,"pct_alcantarillado":93,"pct_camara_septica":0,"pct_pozo_ciego":0,"pct_sin_desague":7,"pct_gas_red":79,"pct_gas_garrafa":21,"pct_lena_guano":21,"pct_basura_formal":100,"pct_basura_quema":0,"pct_basura_informal":0,"pct_internet":86,"pct_celular":93,"pct_televisor":93}},{"type":"Feature","geometry":{"type":"Polygon","coordinates":[[[-66.57395,-18.47444],[-66.57327,-18.47443],[-66.57327,-18.47407],[-66.57398,-18.47415],[-66.57395,-18.47444]]]},"properties":{"n":"UNCIA","p":19,"personas_x_ha":65,"masculinidad":19,"pct_menor20":47,"pct_60mas":5,"pct_migrante":32,"dependencia_econ":138,"pct_empleados":0,"pct_cuentapropia":100,"pct_agricultura":50,"pct_comercio":12,"pct_manufactura":12,"pct_construccion":0,"pct_transporte":0,"pct_alojamiento":0,"pct_sin_educacion":50,"pct_educ_superior":10,"brecha_educ":11,"pct_sin_seguro":6,"pct_sus":61,"pct_seguro_privado":0,"brecha_seguro":33,"pct_salud_publica":22,"pct_med_tradicional":7,"pct_automedicacion":24,"pct_remedios_caseros":20,"pct_viv_desocupada":0,"pct_alquiler":0,"pct_electricidad":100,"pct_sin_electricidad":0,"pct_agua_red":45,"pct_alcantarillado":0,"pct_camara_septica":0,"pct_pozo_ciego":9,"pct_sin_desague":91,"pct_gas_red":0,"pct_gas_garrafa":100,"pct_lena_guano":100,"pct_basura_formal":100,"pct_basura_quema":0,"pct_basura_informal":0,"pct_internet":27,"pct_celular":64,"pct_televisor":82}},{"type":"Feature","geometry":{"type":"Polygon","coordinates":[[[-66.55695,-18.46798],[-66.55635,-18.46721],[-66.55597,-18.46747],[-66.55658,-18.46825],[-66.55695,-18.46798]]]},"properties":{"n":"UNCIA","p":15,"personas_x_ha":27,"masculinidad":50,"pct_menor20":47,"pct_60mas":0,"pct_migrante":20,"dependencia_econ":114,"pct_empleados":0,"pct_cuentapropia":100,"pct_agricultura":71,"pct_comercio":29,"pct_manufactura":0,"pct_construccion":0,"pct_transporte":0,"pct_alojamiento":0,"pct_sin_educacion":0,"pct_educ_superior":38,"brecha_educ":-60,"pct_sin_seguro":0,"pct_sus":100,"pct_seguro_privado":0,"brecha_seguro":0,"pct_salud_publica":24,"pct_med_tradicional":21,"pct_automedicacion":14,"pct_remedios_caseros":24,"pct_viv_desocupada":0,"pct_alquiler":0,"pct_electricidad":100,"pct_sin_electricidad":0,"pct_agua_red":88,"pct_alcantarillado":50,"pct_camara_septica":0,"pct_pozo_ciego":0,"pct_sin_desague":50,"pct_gas_red":25,"pct_gas_garrafa":75,"pct_lena_guano":75,"pct_basura_formal":100,"pct_basura_quema":0,"pct_basura_informal":0,"pct_internet":38,"pct_celular":100,"pct_televisor":100}},{"type":"Feature","geometry":{"type":"Polygon","coordinates":[[[-66.57565,-18.47112],[-66.57534,-18.47145],[-66.57421,-18.47053],[-66.57438,-18.47033],[-66.57461,-18.47027],[-66.57565,-18.47112]]]},"properties":{"n":"UNCIA","p":75,"personas_x_ha":97,"masculinidad":79,"pct_menor20":29,"pct_60mas":16,"pct_migrante":32,"dependencia_econ":97,"pct_empleados":24,"pct_cuentapropia":47,"pct_agricultura":16,"pct_comercio":18,"pct_manufactura":13,"pct_construccion":3,"pct_transporte":0,"pct_alojamiento":5,"pct_sin_educacion":4,"pct_educ_superior":65,"brecha_educ":-4,"pct_sin_seguro":4,"pct_sus":71,"pct_seguro_privado":0,"brecha_seguro":-2,"pct_salud_publica":22,"pct_med_tradicional":9,"pct_automedicacion":22,"pct_remedios_caseros":25,"pct_viv_desocupada":5,"pct_alquiler":7,"pct_electricidad":100,"pct_sin_electricidad":0,"pct_agua_red":100,"pct_alcantarillado":97,"pct_camara_septica":0,"pct_pozo_ciego":0,"pct_sin_desague":3,"pct_gas_red":77,"pct_gas_garrafa":23,"pct_lena_guano":23,"pct_basura_formal":97,"pct_basura_quema":3,"pct_basura_informal":0,"pct_internet":93,"pct_celular":100,"pct_televisor":100}},{"type":"Feature","geometry":{"type":"Polygon","coordinates":[[[-66.57399,-18.46922],[-66.57357,-18.46876],[-66.57345,-18.46886],[-66.57386,-18.46932],[-66.57399,-18.46922]]]},"properties":{"n":"UNCIA","p":33,"personas_x_ha":270,"masculinidad":83,"pct_menor20":42,"pct_60mas":3,"pct_migrante":42,"dependencia_econ":220,"pct_empleados":90,"pct_cuentapropia":10,"pct_agricultura":0,"pct_comercio":0,"pct_manufactura":0,"pct_construccion":0,"pct_transporte":10,"pct_alojamiento":10,"pct_sin_educacion":5,"pct_educ_superior":79,"brecha_educ":3,"pct_sin_seguro":3,"pct_sus":45,"pct_seguro_privado":0,"brecha_seguro":7,"pct_salud_publica":22,"pct_med_tradicional":9,"pct_automedicacion":17,"pct_remedios_caseros":22,"pct_viv_desocupada":7,"pct_alquiler":18,"pct_electricidad":100,"pct_sin_electricidad":0,"pct_agua_red":91,"pct_alcantarillado":100,"pct_camara_septica":0,"pct_pozo_ciego":0,"pct_sin_desague":0,"pct_gas_red":55,"pct_gas_garrafa":45,"pct_lena_guano":45,"pct_basura_formal":100,"pct_basura_quema":0,"pct_basura_informal":0,"pct_internet":91,"pct_celular":91,"pct_televisor":82}},{"type":"Feature","geometry":{"type":"Polygon","coordinates":[[[-66.57341,-18.46891],[-66.57328,-18.46904],[-66.57368,-18.46947],[-66.57382,-18.46934],[-66.57341,-18.46891]]]},"properties":{"n":"UNCIA","p":33,"personas_x_ha":246,"masculinidad":136,"pct_menor20":36,"pct_60mas":18,"pct_migrante":24,"dependencia_econ":106,"pct_empleados":69,"pct_cuentapropia":31,"pct_agricultura":0,"pct_comercio":6,"pct_manufactura":0,"pct_construccion":0,"pct_transporte":12,"pct_alojamiento":0,"pct_sin_educacion":4,"pct_educ_superior":56,"brecha_educ":-9,"pct_sin_seguro":0,"pct_sus":47,"pct_seguro_privado":6,"brecha_seguro":0,"pct_salud_publica":46,"pct_med_tradicional":3,"pct_automedicacion":5,"pct_remedios_caseros":5,"pct_viv_desocupada":7,"pct_alquiler":8,"pct_electricidad":100,"pct_sin_electricidad":0,"pct_agua_red":100,"pct_alcantarillado":100,"pct_camara_septica":0,"pct_pozo_ciego":0,"pct_sin_desague":0,"pct_gas_red":58,"pct_gas_garrafa":33,"pct_lena_guano":33,"pct_basura_formal":100,"pct_basura_quema":0,"pct_basura_informal":0,"pct_internet":92,"pct_celular":100,"pct_televisor":92}},{"type":"Feature","geometry":{"type":"Polygon","coordinates":[[[-66.56173,-18.47113],[-66.56117,-18.47054],[-66.56081,-18.47086],[-66.56135,-18.47146],[-66.56173,-18.47113]]]},"properties":{"n":"UNCIA","p":37,"personas_x_ha":77,"masculinidad":54,"pct_menor20":59,"pct_60mas":8,"pct_migrante":11,"dependencia_econ":147,"pct_empleados":13,"pct_cuentapropia":60,"pct_agricultura":53,"pct_comercio":20,"pct_manufactura":7,"pct_construccion":0,"pct_transporte":7,"pct_alojamiento":13,"pct_sin_educacion":25,"pct_educ_superior":25,"brecha_educ":-13,"pct_sin_seguro":8,"pct_sus":68,"pct_seguro_privado":0,"brecha_seguro":-1,"pct_salud_publica":26,"pct_med_tradicional":4,"pct_automedicacion":24,"pct_remedios_caseros":30,"pct_viv_desocupada":0,"pct_alquiler":6,"pct_electricidad":88,"pct_sin_electricidad":6,"pct_agua_red":0,"pct_alcantarillado":0,"pct_camara_septica":0,"pct_pozo_ciego":44,"pct_sin_desague":56,"pct_gas_red":56,"pct_gas_garrafa":44,"pct_lena_guano":44,"pct_basura_formal":100,"pct_basura_quema":0,"pct_basura_informal":0,"pct_internet":44,"pct_celular":75,"pct_televisor":69}},{"type":"Feature","geometry":{"type":"Polygon","coordinates":[[[-66.56099,-18.47295],[-66.5598,-18.47165],[-66.55657,-18.47441],[-66.55432,-18.47613],[-66.54998,-18.4799],[-66.55082,-18.48077],[-66.55116,-18.48067],[-66.55317,-18.4823],[-66.55638,-18.4791],[-66.5566,-18.47899],[-66.55709,-18.47853],[-66.5576,-18.47785],[-66.56018,-18.47348],[-66.56099,-18.47295]]]},"properties":{"n":"UNCIA","p":267,"personas_x_ha":6,"masculinidad":603,"pct_menor20":60,"pct_60mas":1,"pct_migrante":66,"dependencia_econ":189,"pct_empleados":47,"pct_cuentapropia":26,"pct_agricultura":25,"pct_comercio":4,"pct_manufactura":5,"pct_construccion":7,"pct_transporte":5,"pct_alojamiento":2,"pct_sin_educacion":2,"pct_educ_superior":36,"brecha_educ":-35,"pct_sin_seguro":3,"pct_sus":70,"pct_seguro_privado":0,"brecha_seguro":1,"pct_salud_publica":25,"pct_med_tradicional":11,"pct_automedicacion":20,"pct_remedios_caseros":24,"pct_viv_desocupada":0,"pct_alquiler":22,"pct_electricidad":81,"pct_sin_electricidad":19,"pct_agua_red":16,"pct_alcantarillado":19,"pct_camara_septica":12,"pct_pozo_ciego":19,"pct_sin_desague":50,"pct_gas_red":16,"pct_gas_garrafa":72,"pct_lena_guano":72,"pct_basura_formal":81,"pct_basura_quema":16,"pct_basura_informal":0,"pct_internet":75,"pct_celular":88,"pct_televisor":81}},{"type":"Feature","geometry":{"type":"Polygon","coordinates":[[[-66.55342,-18.47481],[-66.55274,-18.47542],[-66.55234,-18.475],[-66.55304,-18.4744],[-66.55342,-18.47481]]]},"properties":{"n":"UNCIA","p":25,"personas_x_ha":41,"masculinidad":19,"pct_menor20":64,"pct_60mas":0,"pct_migrante":4,"dependencia_econ":127,"pct_empleados":18,"pct_cuentapropia":82,"pct_agricultura":55,"pct_comercio":18,"pct_manufactura":0,"pct_construccion":0,"pct_transporte":0,"pct_alojamiento":9,"pct_sin_educacion":0,"pct_educ_superior":56,"brecha_educ":-29,"pct_sin_seguro":4,"pct_sus":84,"pct_seguro_privado":0,"brecha_seguro":-5,"pct_salud_publica":22,"pct_med_tradicional":3,"pct_automedicacion":26,"pct_remedios_caseros":27,"pct_viv_desocupada":0,"pct_alquiler":0,"pct_electricidad":60,"pct_sin_electricidad":40,"pct_agua_red":60,"pct_alcantarillado":0,"pct_camara_septica":0,"pct_pozo_ciego":0,"pct_sin_desague":100,"pct_gas_red":0,"pct_gas_garrafa":100,"pct_lena_guano":100,"pct_basura_formal":80,"pct_basura_quema":20,"pct_basura_informal":0,"pct_internet":50,"pct_celular":90,"pct_televisor":50}},{"type":"Feature","geometry":{"type":"Polygon","coordinates":[[[-66.55538,-18.46601],[-66.55474,-18.46609],[-66.55501,-18.46676],[-66.55565,-18.46633],[-66.55538,-18.46601]]]},"properties":{"n":"UNCIA","p":30,"personas_x_ha":65,"masculinidad":67,"pct_menor20":53,"pct_60mas":0,"pct_migrante":63,"dependencia_econ":180,"pct_empleados":10,"pct_cuentapropia":70,"pct_agricultura":20,"pct_comercio":30,"pct_manufactura":0,"pct_construccion":30,"pct_transporte":0,"pct_alojamiento":10,"pct_sin_educacion":0,"pct_educ_superior":8,"brecha_educ":48,"pct_sin_seguro":36,"pct_sus":64,"pct_seguro_privado":0,"brecha_seguro":1,"pct_salud_publica":29,"pct_med_tradicional":13,"pct_automedicacion":16,"pct_remedios_caseros":31,"pct_viv_desocupada":7,"pct_alquiler":0,"pct_electricidad":100,"pct_sin_electricidad":0,"pct_agua_red":15,"pct_alcantarillado":0,"pct_camara_septica":0,"pct_pozo_ciego":0,"pct_sin_desague":100,"pct_gas_red":77,"pct_gas_garrafa":23,"pct_lena_guano":23,"pct_basura_formal":100,"pct_basura_quema":0,"pct_basura_informal":0,"pct_internet":62,"pct_celular":77,"pct_televisor":77}},{"type":"Feature","geometry":{"type":"Polygon","coordinates":[[[-66.55724,-18.46643],[-66.55682,-18.46586],[-66.55628,-18.4659],[-66.55687,-18.46669],[-66.55724,-18.46643]]]},"properties":{"n":"UNCIA","p":27,"personas_x_ha":58,"masculinidad":50,"pct_menor20":33,"pct_60mas":4,"pct_migrante":74,"dependencia_econ":86,"pct_empleados":7,"pct_cuentapropia":57,"pct_agricultura":14,"pct_comercio":21,"pct_manufactura":7,"pct_construccion":0,"pct_transporte":7,"pct_alojamiento":7,"pct_sin_educacion":6,"pct_educ_superior":50,"brecha_educ":-17,"pct_sin_seguro":0,"pct_sus":92,"pct_seguro_privado":0,"brecha_seguro":0,"pct_salud_publica":22,"pct_med_tradicional":15,"pct_automedicacion":21,"pct_remedios_caseros":24,"pct_viv_desocupada":0,"pct_alquiler":6,"pct_electricidad":62,"pct_sin_electricidad":31,"pct_agua_red":25,"pct_alcantarillado":38,"pct_camara_septica":6,"pct_pozo_ciego":6,"pct_sin_desague":50,"pct_gas_red":25,"pct_gas_garrafa":56,"pct_lena_guano":56,"pct_basura_formal":75,"pct_basura_quema":19,"pct_basura_informal":0,"pct_internet":62,"pct_celular":94,"pct_televisor":69}},{"type":"Feature","geometry":{"type":"Polygon","coordinates":[[[-66.57426,-18.46974],[-66.5746,-18.47013],[-66.57475,-18.47002],[-66.57442,-18.46963],[-66.57426,-18.46974]]]},"properties":{"n":"UNCIA","p":31,"personas_x_ha":253,"masculinidad":94,"pct_menor20":42,"pct_60mas":10,"pct_migrante":19,"dependencia_econ":82,"pct_empleados":41,"pct_cuentapropia":41,"pct_agricultura":18,"pct_comercio":6,"pct_manufactura":0,"pct_construccion":12,"pct_transporte":12,"pct_alojamiento":0,"pct_sin_educacion":11,"pct_educ_superior":39,"brecha_educ":-5,"pct_sin_seguro":10,"pct_sus":68,"pct_seguro_privado":0,"brecha_seguro":20,"pct_salud_publica":29,"pct_med_tradicional":10,"pct_automedicacion":18,"pct_remedios_caseros":22,"pct_viv_desocupada":9,"pct_alquiler":20,"pct_electricidad":100,"pct_sin_electricidad":0,"pct_agua_red":80,"pct_alcantarillado":80,"pct_camara_septica":0,"pct_pozo_ciego":0,"pct_sin_desague":10,"pct_gas_red":40,"pct_gas_garrafa":60,"pct_lena_guano":60,"pct_basura_formal":100,"pct_basura_quema":0,"pct_basura_informal":0,"pct_internet":70,"pct_celular":60,"pct_televisor":70}},{"type":"Feature","geometry":{"type":"Polygon","coordinates":[[[-66.57758,-18.47373],[-66.57748,-18.47236],[-66.57726,-18.47238],[-66.57732,-18.47373],[-66.57758,-18.47373]]]},"properties":{"n":"UNCIA","p":36,"personas_x_ha":94,"masculinidad":44,"pct_menor20":64,"pct_60mas":8,"pct_migrante":14,"dependencia_econ":71,"pct_empleados":14,"pct_cuentapropia":43,"pct_agricultura":33,"pct_comercio":24,"pct_manufactura":29,"pct_construccion":10,"pct_transporte":0,"pct_alojamiento":0,"pct_sin_educacion":21,"pct_educ_superior":21,"brecha_educ":-10,"pct_sin_seguro":20,"pct_sus":74,"pct_seguro_privado":0,"brecha_seguro":-3,"pct_salud_publica":28,"pct_med_tradicional":12,"pct_automedicacion":16,"pct_remedios_caseros":24,"pct_viv_desocupada":0,"pct_alquiler":0,"pct_electricidad":100,"pct_sin_electricidad":0,"pct_agua_red":100,"pct_alcantarillado":41,"pct_camara_septica":0,"pct_pozo_ciego":0,"pct_sin_desague":59,"pct_gas_red":0,"pct_gas_garrafa":100,"pct_lena_guano":100,"pct_basura_formal":94,"pct_basura_quema":6,"pct_basura_informal":0,"pct_internet":82,"pct_celular":88,"pct_televisor":76}},{"type":"Feature","geometry":{"type":"Polygon","coordinates":[[[-66.55829,-18.46776],[-66.558,-18.46739],[-66.5572,-18.46799],[-66.55748,-18.46833],[-66.55829,-18.46776]]]},"properties":{"n":"UNCIA","p":36,"personas_x_ha":65,"masculinidad":80,"pct_menor20":47,"pct_60mas":14,"pct_migrante":14,"dependencia_econ":177,"pct_empleados":15,"pct_cuentapropia":69,"pct_agricultura":31,"pct_comercio":15,"pct_manufactura":0,"pct_construccion":31,"pct_transporte":0,"pct_alojamiento":15,"pct_sin_educacion":42,"pct_educ_superior":11,"brecha_educ":-40,"pct_sin_seguro":25,"pct_sus":67,"pct_seguro_privado":8,"brecha_seguro":0,"pct_salud_publica":30,"pct_med_tradicional":14,"pct_automedicacion":21,"pct_remedios_caseros":22,"pct_viv_desocupada":5,"pct_alquiler":11,"pct_electricidad":89,"pct_sin_electricidad":11,"pct_agua_red":61,"pct_alcantarillado":78,"pct_camara_septica":0,"pct_pozo_ciego":0,"pct_sin_desague":22,"pct_gas_red":56,"pct_gas_garrafa":44,"pct_lena_guano":44,"pct_basura_formal":83,"pct_basura_quema":0,"pct_basura_informal":22,"pct_internet":78,"pct_celular":89,"pct_televisor":61}},{"type":"Feature","geometry":{"type":"Polygon","coordinates":[[[-66.57123,-18.46915],[-66.57066,-18.46837],[-66.57098,-18.46795],[-66.57137,-18.46831],[-66.57164,-18.46891],[-66.57123,-18.46915]]]},"properties":{"n":"UNCIA","p":63,"personas_x_ha":89,"masculinidad":75,"pct_menor20":32,"pct_60mas":17,"pct_migrante":29,"dependencia_econ":117,"pct_empleados":52,"pct_cuentapropia":38,"pct_agricultura":7,"pct_comercio":28,"pct_manufactura":3,"pct_construccion":7,"pct_transporte":10,"pct_alojamiento":0,"pct_sin_educacion":9,"pct_educ_superior":61,"brecha_educ":-3,"pct_sin_seguro":6,"pct_sus":70,"pct_seguro_privado":0,"brecha_seguro":8,"pct_salud_publica":21,"pct_med_tradicional":7,"pct_automedicacion":23,"pct_remedios_caseros":21,"pct_viv_desocupada":10,"pct_alquiler":23,"pct_electricidad":95,"pct_sin_electricidad":5,"pct_agua_red":100,"pct_alcantarillado":95,"pct_camara_septica":0,"pct_pozo_ciego":0,"pct_sin_desague":5,"pct_gas_red":59,"pct_gas_garrafa":41,"pct_lena_guano":41,"pct_basura_formal":100,"pct_basura_quema":0,"pct_basura_informal":0,"pct_internet":82,"pct_celular":100,"pct_televisor":95}},{"type":"Feature","geometry":{"type":"Polygon","coordinates":[[[-66.55354,-18.47066],[-66.55298,-18.46934],[-66.55254,-18.4695],[-66.55323,-18.47088],[-66.55354,-18.47066]]]},"properties":{"n":"UNCIA","p":38,"personas_x_ha":51,"masculinidad":90,"pct_menor20":45,"pct_60mas":5,"pct_migrante":50,"dependencia_econ":153,"pct_empleados":13,"pct_cuentapropia":60,"pct_agricultura":40,"pct_comercio":0,"pct_manufactura":7,"pct_construccion":7,"pct_transporte":0,"pct_alojamiento":33,"pct_sin_educacion":5,"pct_educ_superior":0,"brecha_educ":-29,"pct_sin_seguro":11,"pct_sus":79,"pct_seguro_privado":0,"brecha_seguro":1,"pct_salud_publica":25,"pct_med_tradicional":14,"pct_automedicacion":24,"pct_remedios_caseros":27,"pct_viv_desocupada":0,"pct_alquiler":5,"pct_electricidad":60,"pct_sin_electricidad":40,"pct_agua_red":0,"pct_alcantarillado":0,"pct_camara_septica":0,"pct_pozo_ciego":5,"pct_sin_desague":95,"pct_gas_red":0,"pct_gas_garrafa":75,"pct_lena_guano":75,"pct_basura_formal":5,"pct_basura_quema":85,"pct_basura_informal":20,"pct_internet":85,"pct_celular":95,"pct_televisor":55}},{"type":"Feature","geometry":{"type":"Polygon","coordinates":[[[-66.56837,-18.46773],[-66.56841,-18.46746],[-66.56864,-18.46717],[-66.56833,-18.46704],[-66.56798,-18.46703],[-66.56587,-18.46752],[-66.56611,-18.4683],[-66.56837,-18.46773]]]},"properties":{"n":"UNCIA","p":76,"personas_x_ha":32,"masculinidad":117,"pct_menor20":30,"pct_60mas":18,"pct_migrante":34,"dependencia_econ":88,"pct_empleados":40,"pct_cuentapropia":50,"pct_agricultura":0,"pct_comercio":20,"pct_manufactura":12,"pct_construccion":8,"pct_transporte":2,"pct_alojamiento":8,"pct_sin_educacion":6,"pct_educ_superior":60,"brecha_educ":0,"pct_sin_seguro":9,"pct_sus":43,"pct_seguro_privado":0,"brecha_seguro":12,"pct_salud_publica":20,"pct_med_tradicional":13,"pct_automedicacion":22,"pct_remedios_caseros":20,"pct_viv_desocupada":4,"pct_alquiler":16,"pct_electricidad":100,"pct_sin_electricidad":0,"pct_agua_red":96,"pct_alcantarillado":96,"pct_camara_septica":0,"pct_pozo_ciego":0,"pct_sin_desague":4,"pct_gas_red":44,"pct_gas_garrafa":56,"pct_lena_guano":56,"pct_basura_formal":96,"pct_basura_quema":0,"pct_basura_informal":0,"pct_internet":96,"pct_celular":96,"pct_televisor":100}},{"type":"Feature","geometry":{"type":"Polygon","coordinates":[[[-66.5679,-18.46895],[-66.56745,-18.46883],[-66.56723,-18.46941],[-66.56763,-18.46953],[-66.5679,-18.46895]]]},"properties":{"n":"UNCIA","p":18,"personas_x_ha":54,"masculinidad":20,"pct_menor20":44,"pct_60mas":0,"pct_migrante":50,"dependencia_econ":125,"pct_empleados":25,"pct_cuentapropia":50,"pct_agricultura":0,"pct_comercio":62,"pct_manufactura":0,"pct_construccion":0,"pct_transporte":0,"pct_alojamiento":0,"pct_sin_educacion":0,"pct_educ_superior":70,"brecha_educ":null,"pct_sin_seguro":11,"pct_sus":89,"pct_seguro_privado":0,"brecha_seguro":-13,"pct_salud_publica":24,"pct_med_tradicional":8,"pct_automedicacion":34,"pct_remedios_caseros":22,"pct_viv_desocupada":25,"pct_alquiler":50,"pct_electricidad":100,"pct_sin_electricidad":0,"pct_agua_red":50,"pct_alcantarillado":17,"pct_camara_septica":17,"pct_pozo_ciego":33,"pct_sin_desague":33,"pct_gas_red":0,"pct_gas_garrafa":100,"pct_lena_guano":100,"pct_basura_formal":100,"pct_basura_quema":0,"pct_basura_informal":0,"pct_internet":100,"pct_celular":100,"pct_televisor":100}},{"type":"Feature","geometry":{"type":"Polygon","coordinates":[[[-66.55747,-18.4676],[-66.55687,-18.46686],[-66.55648,-18.46711],[-66.55709,-18.46787],[-66.55747,-18.4676]]]},"properties":{"n":"UNCIA","p":42,"personas_x_ha":77,"masculinidad":83,"pct_menor20":60,"pct_60mas":7,"pct_migrante":17,"dependencia_econ":200,"pct_empleados":14,"pct_cuentapropia":64,"pct_agricultura":50,"pct_comercio":0,"pct_manufactura":21,"pct_construccion":14,"pct_transporte":0,"pct_alojamiento":0,"pct_sin_educacion":16,"pct_educ_superior":26,"brecha_educ":-7,"pct_sin_seguro":7,"pct_sus":76,"pct_seguro_privado":0,"brecha_seguro":16,"pct_salud_publica":34,"pct_med_tradicional":8,"pct_automedicacion":13,"pct_remedios_caseros":18,"pct_viv_desocupada":0,"pct_alquiler":7,"pct_electricidad":93,"pct_sin_electricidad":0,"pct_agua_red":73,"pct_alcantarillado":47,"pct_camara_septica":0,"pct_pozo_ciego":0,"pct_sin_desague":53,"pct_gas_red":67,"pct_gas_garrafa":33,"pct_lena_guano":33,"pct_basura_formal":100,"pct_basura_quema":0,"pct_basura_informal":0,"pct_internet":80,"pct_celular":93,"pct_televisor":87}},{"type":"Feature","geometry":{"type":"Polygon","coordinates":[[[-66.57153,-18.46966],[-66.57138,-18.46977],[-66.57107,-18.46935],[-66.5712,-18.46925],[-66.57153,-18.46966]]]},"properties":{"n":"UNCIA","p":22,"personas_x_ha":201,"masculinidad":69,"pct_menor20":23,"pct_60mas":14,"pct_migrante":36,"dependencia_econ":144,"pct_empleados":56,"pct_cuentapropia":22,"pct_agricultura":0,"pct_comercio":11,"pct_manufactura":11,"pct_construccion":0,"pct_transporte":0,"pct_alojamiento":11,"pct_sin_educacion":0,"pct_educ_superior":71,"brecha_educ":12,"pct_sin_seguro":9,"pct_sus":73,"pct_seguro_privado":0,"brecha_seguro":3,"pct_salud_publica":27,"pct_med_tradicional":1,"pct_automedicacion":25,"pct_remedios_caseros":33,"pct_viv_desocupada":0,"pct_alquiler":0,"pct_electricidad":100,"pct_sin_electricidad":0,"pct_agua_red":100,"pct_alcantarillado":100,"pct_camara_septica":0,"pct_pozo_ciego":0,"pct_sin_desague":0,"pct_gas_red":43,"pct_gas_garrafa":57,"pct_lena_guano":57,"pct_basura_formal":86,"pct_basura_quema":14,"pct_basura_informal":0,"pct_internet":100,"pct_celular":100,"pct_televisor":100}},{"type":"Feature","geometry":{"type":"Polygon","coordinates":[[[-66.55731,-18.4693],[-66.55695,-18.46956],[-66.55756,-18.47035],[-66.55793,-18.47008],[-66.55731,-18.4693]]]},"properties":{"n":"UNCIA","p":38,"personas_x_ha":70,"masculinidad":46,"pct_menor20":53,"pct_60mas":16,"pct_migrante":24,"dependencia_econ":153,"pct_empleados":20,"pct_cuentapropia":53,"pct_agricultura":47,"pct_comercio":20,"pct_manufactura":13,"pct_construccion":7,"pct_transporte":7,"pct_alojamiento":0,"pct_sin_educacion":24,"pct_educ_superior":14,"brecha_educ":-44,"pct_sin_seguro":11,"pct_sus":68,"pct_seguro_privado":0,"brecha_seguro":-4,"pct_salud_publica":22,"pct_med_tradicional":23,"pct_automedicacion":24,"pct_remedios_caseros":25,"pct_viv_desocupada":0,"pct_alquiler":0,"pct_electricidad":89,"pct_sin_electricidad":5,"pct_agua_red":84,"pct_alcantarillado":53,"pct_camara_septica":0,"pct_pozo_ciego":0,"pct_sin_desague":47,"pct_gas_red":79,"pct_gas_garrafa":21,"pct_lena_guano":21,"pct_basura_formal":100,"pct_basura_quema":0,"pct_basura_informal":0,"pct_internet":68,"pct_celular":89,"pct_televisor":79}},{"type":"Feature","geometry":{"type":"Polygon","coordinates":[[[-66.56527,-18.46934],[-66.56567,-18.46998],[-66.5661,-18.4696],[-66.56569,-18.46899],[-66.56527,-18.46934]]]},"properties":{"n":"UNCIA","p":44,"personas_x_ha":88,"masculinidad":100,"pct_menor20":45,"pct_60mas":9,"pct_migrante":25,"dependencia_econ":159,"pct_empleados":59,"pct_cuentapropia":35,"pct_agricultura":6,"pct_comercio":18,"pct_manufactura":0,"pct_construccion":0,"pct_transporte":0,"pct_alojamiento":12,"pct_sin_educacion":8,"pct_educ_superior":46,"brecha_educ":-25,"pct_sin_seguro":7,"pct_sus":52,"pct_seguro_privado":0,"brecha_seguro":14,"pct_salud_publica":16,"pct_med_tradicional":18,"pct_automedicacion":19,"pct_remedios_caseros":22,"pct_viv_desocupada":5,"pct_alquiler":0,"pct_electricidad":100,"pct_sin_electricidad":0,"pct_agua_red":100,"pct_alcantarillado":100,"pct_camara_septica":0,"pct_pozo_ciego":0,"pct_sin_desague":0,"pct_gas_red":67,"pct_gas_garrafa":33,"pct_lena_guano":33,"pct_basura_formal":100,"pct_basura_quema":0,"pct_basura_informal":0,"pct_internet":73,"pct_celular":87,"pct_televisor":100}},{"type":"Feature","geometry":{"type":"Polygon","coordinates":[[[-66.58091,-18.47264],[-66.58128,-18.47206],[-66.58121,-18.47187],[-66.58079,-18.47236],[-66.58088,-18.47244],[-66.58053,-18.47226],[-66.58047,-18.47233],[-66.58091,-18.47264]]]},"properties":{"n":"UNCIA","p":21,"personas_x_ha":96,"masculinidad":50,"pct_menor20":48,"pct_60mas":0,"pct_migrante":19,"dependencia_econ":200,"pct_empleados":29,"pct_cuentapropia":71,"pct_agricultura":43,"pct_comercio":0,"pct_manufactura":14,"pct_construccion":0,"pct_transporte":14,"pct_alojamiento":0,"pct_sin_educacion":9,"pct_educ_superior":18,"brecha_educ":-25,"pct_sin_seguro":5,"pct_sus":63,"pct_seguro_privado":0,"brecha_seguro":-8,"pct_salud_publica":19,"pct_med_tradicional":19,"pct_automedicacion":22,"pct_remedios_caseros":28,"pct_viv_desocupada":0,"pct_alquiler":0,"pct_electricidad":73,"pct_sin_electricidad":27,"pct_agua_red":45,"pct_alcantarillado":0,"pct_camara_septica":0,"pct_pozo_ciego":0,"pct_sin_desague":100,"pct_gas_red":0,"pct_gas_garrafa":91,"pct_lena_guano":91,"pct_basura_formal":55,"pct_basura_quema":45,"pct_basura_informal":0,"pct_internet":100,"pct_celular":100,"pct_televisor":91}},{"type":"Feature","geometry":{"type":"Polygon","coordinates":[[[-66.55864,-18.46817],[-66.55837,-18.46783],[-66.55753,-18.46843],[-66.55783,-18.46878],[-66.55864,-18.46817]]]},"properties":{"n":"UNCIA","p":27,"personas_x_ha":48,"masculinidad":50,"pct_menor20":41,"pct_60mas":19,"pct_migrante":11,"dependencia_econ":80,"pct_empleados":7,"pct_cuentapropia":73,"pct_agricultura":53,"pct_comercio":20,"pct_manufactura":7,"pct_construccion":0,"pct_transporte":0,"pct_alojamiento":0,"pct_sin_educacion":18,"pct_educ_superior":24,"brecha_educ":-12,"pct_sin_seguro":0,"pct_sus":96,"pct_seguro_privado":0,"brecha_seguro":0,"pct_salud_publica":26,"pct_med_tradicional":15,"pct_automedicacion":21,"pct_remedios_caseros":26,"pct_viv_desocupada":0,"pct_alquiler":0,"pct_electricidad":100,"pct_sin_electricidad":0,"pct_agua_red":92,"pct_alcantarillado":92,"pct_camara_septica":0,"pct_pozo_ciego":0,"pct_sin_desague":8,"pct_gas_red":75,"pct_gas_garrafa":25,"pct_lena_guano":25,"pct_basura_formal":100,"pct_basura_quema":0,"pct_basura_informal":0,"pct_internet":75,"pct_celular":100,"pct_televisor":92}},{"type":"Feature","geometry":{"type":"Polygon","coordinates":[[[-66.57236,-18.46718],[-66.5725,-18.467],[-66.57234,-18.46716],[-66.57144,-18.46668],[-66.57149,-18.46656],[-66.57133,-18.46651],[-66.57146,-18.46599],[-66.57187,-18.46615],[-66.57184,-18.46628],[-66.57275,-18.46695],[-66.57255,-18.46728],[-66.57236,-18.46718]]]},"properties":{"n":"UNCIA","p":49,"personas_x_ha":56,"masculinidad":104,"pct_menor20":29,"pct_60mas":10,"pct_migrante":51,"dependencia_econ":53,"pct_empleados":41,"pct_cuentapropia":31,"pct_agricultura":0,"pct_comercio":25,"pct_manufactura":0,"pct_construccion":6,"pct_transporte":3,"pct_alojamiento":0,"pct_sin_educacion":0,"pct_educ_superior":72,"brecha_educ":-5,"pct_sin_seguro":10,"pct_sus":53,"pct_seguro_privado":0,"brecha_seguro":-5,"pct_salud_publica":21,"pct_med_tradicional":12,"pct_automedicacion":22,"pct_remedios_caseros":23,"pct_viv_desocupada":5,"pct_alquiler":35,"pct_electricidad":94,"pct_sin_electricidad":6,"pct_agua_red":94,"pct_alcantarillado":82,"pct_camara_septica":0,"pct_pozo_ciego":0,"pct_sin_desague":18,"pct_gas_red":29,"pct_gas_garrafa":65,"pct_lena_guano":65,"pct_basura_formal":76,"pct_basura_quema":0,"pct_basura_informal":0,"pct_internet":82,"pct_celular":100,"pct_televisor":88}},{"type":"Feature","geometry":{"type":"Polygon","coordinates":[[[-66.55403,-18.46827],[-66.55535,-18.46788],[-66.55548,-18.46826],[-66.55418,-18.46877],[-66.55403,-18.46827]]]},"properties":{"n":"UNCIA","p":16,"personas_x_ha":20,"masculinidad":45,"pct_menor20":31,"pct_60mas":6,"pct_migrante":75,"dependencia_econ":100,"pct_empleados":12,"pct_cuentapropia":88,"pct_agricultura":0,"pct_comercio":38,"pct_manufactura":0,"pct_construccion":12,"pct_transporte":0,"pct_alojamiento":0,"pct_sin_educacion":0,"pct_educ_superior":18,"brecha_educ":39,"pct_sin_seguro":0,"pct_sus":87,"pct_seguro_privado":0,"brecha_seguro":0,"pct_salud_publica":23,"pct_med_tradicional":6,"pct_automedicacion":21,"pct_remedios_caseros":19,"pct_viv_desocupada":30,"pct_alquiler":20,"pct_electricidad":80,"pct_sin_electricidad":20,"pct_agua_red":20,"pct_alcantarillado":0,"pct_camara_septica":0,"pct_pozo_ciego":20,"pct_sin_desague":80,"pct_gas_red":0,"pct_gas_garrafa":100,"pct_lena_guano":100,"pct_basura_formal":60,"pct_basura_quema":20,"pct_basura_informal":40,"pct_internet":60,"pct_celular":80,"pct_televisor":60}},{"type":"Feature","geometry":{"type":"Polygon","coordinates":[[[-66.56687,-18.46557],[-66.5668,-18.46584],[-66.56771,-18.46599],[-66.56791,-18.46571],[-66.56789,-18.46556],[-66.56687,-18.46557]]]},"properties":{"n":"UNCIA","p":81,"personas_x_ha":196,"masculinidad":69,"pct_menor20":35,"pct_60mas":14,"pct_migrante":22,"dependencia_econ":131,"pct_empleados":51,"pct_cuentapropia":23,"pct_agricultura":9,"pct_comercio":26,"pct_manufactura":3,"pct_construccion":9,"pct_transporte":0,"pct_alojamiento":0,"pct_sin_educacion":0,"pct_educ_superior":67,"brecha_educ":-5,"pct_sin_seguro":2,"pct_sus":72,"pct_seguro_privado":0,"brecha_seguro":6,"pct_salud_publica":13,"pct_med_tradicional":19,"pct_automedicacion":17,"pct_remedios_caseros":21,"pct_viv_desocupada":12,"pct_alquiler":18,"pct_electricidad":100,"pct_sin_electricidad":0,"pct_agua_red":100,"pct_alcantarillado":93,"pct_camara_septica":4,"pct_pozo_ciego":0,"pct_sin_desague":4,"pct_gas_red":64,"pct_gas_garrafa":36,"pct_lena_guano":36,"pct_basura_formal":96,"pct_basura_quema":0,"pct_basura_informal":0,"pct_internet":89,"pct_celular":93,"pct_televisor":89}},{"type":"Feature","geometry":{"type":"Polygon","coordinates":[[[-66.56941,-18.46765],[-66.56949,-18.46762],[-66.56949,-18.46773],[-66.56947,-18.46773],[-66.56941,-18.46765]]]},"properties":{"n":"UNCIA","p":24,"personas_x_ha":3011,"masculinidad":50,"pct_menor20":29,"pct_60mas":8,"pct_migrante":42,"dependencia_econ":118,"pct_empleados":18,"pct_cuentapropia":45,"pct_agricultura":0,"pct_comercio":36,"pct_manufactura":0,"pct_construccion":0,"pct_transporte":0,"pct_alojamiento":18,"pct_sin_educacion":0,"pct_educ_superior":53,"brecha_educ":-15,"pct_sin_seguro":8,"pct_sus":92,"pct_seguro_privado":0,"brecha_seguro":25,"pct_salud_publica":19,"pct_med_tradicional":16,"pct_automedicacion":22,"pct_remedios_caseros":19,"pct_viv_desocupada":0,"pct_alquiler":12,"pct_electricidad":100,"pct_sin_electricidad":0,"pct_agua_red":100,"pct_alcantarillado":75,"pct_camara_septica":0,"pct_pozo_ciego":0,"pct_sin_desague":25,"pct_gas_red":62,"pct_gas_garrafa":38,"pct_lena_guano":38,"pct_basura_formal":88,"pct_basura_quema":0,"pct_basura_informal":0,"pct_internet":88,"pct_celular":100,"pct_televisor":75}},{"type":"Feature","geometry":{"type":"Polygon","coordinates":[[[-66.56231,-18.46555],[-66.56157,-18.46553],[-66.56125,-18.46576],[-66.56152,-18.46612],[-66.56231,-18.46555]]]},"properties":{"n":"UNCIA","p":23,"personas_x_ha":61,"masculinidad":156,"pct_menor20":22,"pct_60mas":22,"pct_migrante":39,"dependencia_econ":109,"pct_empleados":9,"pct_cuentapropia":91,"pct_agricultura":18,"pct_comercio":27,"pct_manufactura":0,"pct_construccion":0,"pct_transporte":9,"pct_alojamiento":0,"pct_sin_educacion":17,"pct_educ_superior":28,"brecha_educ":-30,"pct_sin_seguro":30,"pct_sus":26,"pct_seguro_privado":0,"brecha_seguro":-23,"pct_salud_publica":15,"pct_med_tradicional":18,"pct_automedicacion":13,"pct_remedios_caseros":24,"pct_viv_desocupada":0,"pct_alquiler":7,"pct_electricidad":100,"pct_sin_electricidad":0,"pct_agua_red":71,"pct_alcantarillado":93,"pct_camara_septica":0,"pct_pozo_ciego":0,"pct_sin_desague":7,"pct_gas_red":57,"pct_gas_garrafa":43,"pct_lena_guano":43,"pct_basura_formal":100,"pct_basura_quema":0,"pct_basura_informal":0,"pct_internet":79,"pct_celular":86,"pct_televisor":79}},{"type":"Feature","geometry":{"type":"Polygon","coordinates":[[[-66.57725,-18.47373],[-66.57719,-18.47239],[-66.57697,-18.4724],[-66.57702,-18.47368],[-66.57725,-18.47373]]]},"properties":{"n":"UNCIA","p":32,"personas_x_ha":91,"masculinidad":28,"pct_menor20":38,"pct_60mas":22,"pct_migrante":6,"dependencia_econ":88,"pct_empleados":24,"pct_cuentapropia":53,"pct_agricultura":53,"pct_comercio":24,"pct_manufactura":6,"pct_construccion":0,"pct_transporte":6,"pct_alojamiento":0,"pct_sin_educacion":36,"pct_educ_superior":9,"brecha_educ":14,"pct_sin_seguro":25,"pct_sus":75,"pct_seguro_privado":0,"brecha_seguro":5,"pct_salud_publica":57,"pct_med_tradicional":14,"pct_automedicacion":4,"pct_remedios_caseros":20,"pct_viv_desocupada":0,"pct_alquiler":12,"pct_electricidad":94,"pct_sin_electricidad":6,"pct_agua_red":53,"pct_alcantarillado":76,"pct_camara_septica":0,"pct_pozo_ciego":0,"pct_sin_desague":24,"pct_gas_red":0,"pct_gas_garrafa":100,"pct_lena_guano":100,"pct_basura_formal":100,"pct_basura_quema":0,"pct_basura_informal":0,"pct_internet":53,"pct_celular":71,"pct_televisor":59}},{"type":"Feature","geometry":{"type":"Polygon","coordinates":[[[-66.55812,-18.46488],[-66.5581,-18.46464],[-66.55675,-18.46477],[-66.55679,-18.46502],[-66.55812,-18.46488]]]},"properties":{"n":"UNCIA","p":38,"personas_x_ha":95,"masculinidad":90,"pct_menor20":42,"pct_60mas":3,"pct_migrante":34,"dependencia_econ":140,"pct_empleados":27,"pct_cuentapropia":53,"pct_agricultura":0,"pct_comercio":7,"pct_manufactura":7,"pct_construccion":20,"pct_transporte":20,"pct_alojamiento":7,"pct_sin_educacion":0,"pct_educ_superior":33,"brecha_educ":-25,"pct_sin_seguro":19,"pct_sus":78,"pct_seguro_privado":0,"brecha_seguro":10,"pct_salud_publica":24,"pct_med_tradicional":23,"pct_automedicacion":22,"pct_remedios_caseros":24,"pct_viv_desocupada":0,"pct_alquiler":18,"pct_electricidad":94,"pct_sin_electricidad":6,"pct_agua_red":0,"pct_alcantarillado":6,"pct_camara_septica":6,"pct_pozo_ciego":6,"pct_sin_desague":82,"pct_gas_red":0,"pct_gas_garrafa":82,"pct_lena_guano":82,"pct_basura_formal":71,"pct_basura_quema":24,"pct_basura_informal":0,"pct_internet":82,"pct_celular":94,"pct_televisor":82}},{"type":"Feature","geometry":{"type":"Polygon","coordinates":[[[-66.55851,-18.47083],[-66.55812,-18.4711],[-66.55895,-18.47207],[-66.55927,-18.47176],[-66.55851,-18.47083]]]},"properties":{"n":"UNCIA","p":51,"personas_x_ha":74,"masculinidad":46,"pct_menor20":47,"pct_60mas":2,"pct_migrante":51,"dependencia_econ":194,"pct_empleados":12,"pct_cuentapropia":47,"pct_agricultura":29,"pct_comercio":18,"pct_manufactura":0,"pct_construccion":12,"pct_transporte":0,"pct_alojamiento":6,"pct_sin_educacion":4,"pct_educ_superior":38,"brecha_educ":-38,"pct_sin_seguro":12,"pct_sus":81,"pct_seguro_privado":0,"brecha_seguro":9,"pct_salud_publica":38,"pct_med_tradicional":20,"pct_automedicacion":16,"pct_remedios_caseros":14,"pct_viv_desocupada":0,"pct_alquiler":5,"pct_electricidad":90,"pct_sin_electricidad":10,"pct_agua_red":76,"pct_alcantarillado":71,"pct_camara_septica":0,"pct_pozo_ciego":0,"pct_sin_desague":29,"pct_gas_red":33,"pct_gas_garrafa":67,"pct_lena_guano":67,"pct_basura_formal":100,"pct_basura_quema":0,"pct_basura_informal":0,"pct_internet":48,"pct_celular":90,"pct_televisor":81}},{"type":"Feature","geometry":{"type":"Polygon","coordinates":[[[-66.57341,-18.46982],[-66.57303,-18.4701],[-66.57314,-18.47025],[-66.57307,-18.47049],[-66.57312,-18.47136],[-66.57408,-18.4706],[-66.57341,-18.46982]]]},"properties":{"n":"UNCIA","p":107,"personas_x_ha":103,"masculinidad":81,"pct_menor20":42,"pct_60mas":9,"pct_migrante":33,"dependencia_econ":138,"pct_empleados":29,"pct_cuentapropia":51,"pct_agricultura":16,"pct_comercio":27,"pct_manufactura":0,"pct_construccion":4,"pct_transporte":4,"pct_alojamiento":2,"pct_sin_educacion":6,"pct_educ_superior":55,"brecha_educ":-5,"pct_sin_seguro":7,"pct_sus":65,"pct_seguro_privado":0,"brecha_seguro":9,"pct_salud_publica":22,"pct_med_tradicional":13,"pct_automedicacion":17,"pct_remedios_caseros":24,"pct_viv_desocupada":0,"pct_alquiler":18,"pct_electricidad":97,"pct_sin_electricidad":0,"pct_agua_red":95,"pct_alcantarillado":97,"pct_camara_septica":3,"pct_pozo_ciego":0,"pct_sin_desague":0,"pct_gas_red":58,"pct_gas_garrafa":42,"pct_lena_guano":42,"pct_basura_formal":100,"pct_basura_quema":0,"pct_basura_informal":0,"pct_internet":92,"pct_celular":95,"pct_televisor":89}},{"type":"Feature","geometry":{"type":"Polygon","coordinates":[[[-66.56089,-18.47182],[-66.56126,-18.47151],[-66.56073,-18.47094],[-66.56035,-18.47128],[-66.56089,-18.47182]]]},"properties":{"n":"UNCIA","p":37,"personas_x_ha":81,"masculinidad":76,"pct_menor20":49,"pct_60mas":0,"pct_migrante":24,"dependencia_econ":118,"pct_empleados":24,"pct_cuentapropia":53,"pct_agricultura":53,"pct_comercio":6,"pct_manufactura":6,"pct_construccion":0,"pct_transporte":0,"pct_alojamiento":18,"pct_sin_educacion":0,"pct_educ_superior":47,"brecha_educ":-5,"pct_sin_seguro":3,"pct_sus":57,"pct_seguro_privado":0,"brecha_seguro":6,"pct_salud_publica":17,"pct_med_tradicional":8,"pct_automedicacion":28,"pct_remedios_caseros":30,"pct_viv_desocupada":0,"pct_alquiler":7,"pct_electricidad":87,"pct_sin_electricidad":13,"pct_agua_red":7,"pct_alcantarillado":0,"pct_camara_septica":0,"pct_pozo_ciego":20,"pct_sin_desague":80,"pct_gas_red":87,"pct_gas_garrafa":13,"pct_lena_guano":13,"pct_basura_formal":87,"pct_basura_quema":7,"pct_basura_informal":0,"pct_internet":93,"pct_celular":100,"pct_televisor":80}},{"type":"Feature","geometry":{"type":"Polygon","coordinates":[[[-66.57421,-18.46979],[-66.57408,-18.46992],[-66.57444,-18.47026],[-66.57455,-18.47017],[-66.57421,-18.46979]]]},"properties":{"n":"UNCIA","p":20,"personas_x_ha":190,"masculinidad":82,"pct_menor20":30,"pct_60mas":10,"pct_migrante":30,"dependencia_econ":186,"pct_empleados":29,"pct_cuentapropia":57,"pct_agricultura":0,"pct_comercio":14,"pct_manufactura":29,"pct_construccion":0,"pct_transporte":14,"pct_alojamiento":14,"pct_sin_educacion":0,"pct_educ_superior":69,"brecha_educ":-22,"pct_sin_seguro":0,"pct_sus":100,"pct_seguro_privado":0,"brecha_seguro":0,"pct_salud_publica":27,"pct_med_tradicional":3,"pct_automedicacion":14,"pct_remedios_caseros":27,"pct_viv_desocupada":0,"pct_alquiler":11,"pct_electricidad":100,"pct_sin_electricidad":0,"pct_agua_red":100,"pct_alcantarillado":100,"pct_camara_septica":0,"pct_pozo_ciego":0,"pct_sin_desague":0,"pct_gas_red":100,"pct_gas_garrafa":0,"pct_lena_guano":0,"pct_basura_formal":100,"pct_basura_quema":0,"pct_basura_informal":0,"pct_internet":89,"pct_celular":89,"pct_televisor":89}},{"type":"Feature","geometry":{"type":"Polygon","coordinates":[[[-66.56242,-18.47168],[-66.56277,-18.47137],[-66.56226,-18.47085],[-66.5619,-18.47119],[-66.56242,-18.47168]]]},"properties":{"n":"UNCIA","p":21,"personas_x_ha":49,"masculinidad":75,"pct_menor20":38,"pct_60mas":24,"pct_migrante":19,"dependencia_econ":100,"pct_empleados":20,"pct_cuentapropia":70,"pct_agricultura":50,"pct_comercio":10,"pct_manufactura":0,"pct_construccion":10,"pct_transporte":0,"pct_alojamiento":10,"pct_sin_educacion":33,"pct_educ_superior":25,"brecha_educ":-22,"pct_sin_seguro":0,"pct_sus":100,"pct_seguro_privado":0,"brecha_seguro":0,"pct_salud_publica":50,"pct_med_tradicional":12,"pct_automedicacion":15,"pct_remedios_caseros":18,"pct_viv_desocupada":0,"pct_alquiler":0,"pct_electricidad":91,"pct_sin_electricidad":9,"pct_agua_red":0,"pct_alcantarillado":0,"pct_camara_septica":0,"pct_pozo_ciego":9,"pct_sin_desague":91,"pct_gas_red":36,"pct_gas_garrafa":64,"pct_lena_guano":64,"pct_basura_formal":100,"pct_basura_quema":0,"pct_basura_informal":0,"pct_internet":55,"pct_celular":64,"pct_televisor":55}},{"type":"Feature","geometry":{"type":"Polygon","coordinates":[[[-66.5557,-18.46641],[-66.55503,-18.46684],[-66.5554,-18.46775],[-66.55627,-18.46715],[-66.5557,-18.46641]]]},"properties":{"n":"UNCIA","p":17,"personas_x_ha":16,"masculinidad":70,"pct_menor20":47,"pct_60mas":0,"pct_migrante":35,"dependencia_econ":183,"pct_empleados":0,"pct_cuentapropia":83,"pct_agricultura":50,"pct_comercio":17,"pct_manufactura":17,"pct_construccion":0,"pct_transporte":17,"pct_alojamiento":0,"pct_sin_educacion":22,"pct_educ_superior":22,"brecha_educ":-35,"pct_sin_seguro":100,"pct_sus":0,"pct_seguro_privado":0,"brecha_seguro":0,"pct_salud_publica":62,"pct_med_tradicional":4,"pct_automedicacion":17,"pct_remedios_caseros":17,"pct_viv_desocupada":0,"pct_alquiler":0,"pct_electricidad":89,"pct_sin_electricidad":0,"pct_agua_red":89,"pct_alcantarillado":67,"pct_camara_septica":0,"pct_pozo_ciego":11,"pct_sin_desague":22,"pct_gas_red":22,"pct_gas_garrafa":78,"pct_lena_guano":78,"pct_basura_formal":100,"pct_basura_quema":0,"pct_basura_informal":0,"pct_internet":78,"pct_celular":78,"pct_televisor":89}},{"type":"Feature","geometry":{"type":"Polygon","coordinates":[[[-66.57025,-18.46738],[-66.56981,-18.46711],[-66.56997,-18.46655],[-66.57061,-18.46669],[-66.57106,-18.46694],[-66.57092,-18.46712],[-66.57025,-18.46738]]]},"properties":{"n":"UNCIA","p":53,"personas_x_ha":70,"masculinidad":141,"pct_menor20":21,"pct_60mas":19,"pct_migrante":32,"dependencia_econ":56,"pct_empleados":47,"pct_cuentapropia":32,"pct_agricultura":6,"pct_comercio":9,"pct_manufactura":15,"pct_construccion":9,"pct_transporte":6,"pct_alojamiento":6,"pct_sin_educacion":5,"pct_educ_superior":55,"brecha_educ":-33,"pct_sin_seguro":13,"pct_sus":60,"pct_seguro_privado":2,"brecha_seguro":7,"pct_salud_publica":19,"pct_med_tradicional":12,"pct_automedicacion":20,"pct_remedios_caseros":20,"pct_viv_desocupada":3,"pct_alquiler":50,"pct_electricidad":100,"pct_sin_electricidad":0,"pct_agua_red":86,"pct_alcantarillado":100,"pct_camara_septica":0,"pct_pozo_ciego":0,"pct_sin_desague":0,"pct_gas_red":27,"pct_gas_garrafa":59,"pct_lena_guano":59,"pct_basura_formal":100,"pct_basura_quema":0,"pct_basura_informal":0,"pct_internet":91,"pct_celular":100,"pct_televisor":91}},{"type":"Feature","geometry":{"type":"Polygon","coordinates":[[[-66.57999,-18.47161],[-66.58009,-18.47167],[-66.58028,-18.47143],[-66.58018,-18.47136],[-66.57999,-18.47161]]]},"properties":{"n":"UNCIA","p":17,"personas_x_ha":369,"masculinidad":42,"pct_menor20":35,"pct_60mas":12,"pct_migrante":24,"dependencia_econ":112,"pct_empleados":12,"pct_cuentapropia":50,"pct_agricultura":25,"pct_comercio":12,"pct_manufactura":25,"pct_construccion":0,"pct_transporte":0,"pct_alojamiento":0,"pct_sin_educacion":18,"pct_educ_superior":18,"brecha_educ":-29,"pct_sin_seguro":0,"pct_sus":71,"pct_seguro_privado":0,"brecha_seguro":0,"pct_salud_publica":19,"pct_med_tradicional":13,"pct_automedicacion":11,"pct_remedios_caseros":34,"pct_viv_desocupada":0,"pct_alquiler":0,"pct_electricidad":100,"pct_sin_electricidad":0,"pct_agua_red":57,"pct_alcantarillado":0,"pct_camara_septica":0,"pct_pozo_ciego":0,"pct_sin_desague":100,"pct_gas_red":0,"pct_gas_garrafa":100,"pct_lena_guano":100,"pct_basura_formal":86,"pct_basura_quema":0,"pct_basura_informal":0,"pct_internet":86,"pct_celular":86,"pct_televisor":86}},{"type":"Feature","geometry":{"type":"Polygon","coordinates":[[[-66.56976,-18.46826],[-66.56974,-18.46868],[-66.56996,-18.46869],[-66.5701,-18.46861],[-66.57037,-18.46872],[-66.57057,-18.46841],[-66.56989,-18.46804],[-66.56976,-18.46826]]]},"properties":{"n":"UNCIA","p":40,"personas_x_ha":96,"masculinidad":100,"pct_menor20":45,"pct_60mas":10,"pct_migrante":28,"dependencia_econ":150,"pct_empleados":62,"pct_cuentapropia":19,"pct_agricultura":0,"pct_comercio":6,"pct_manufactura":0,"pct_construccion":6,"pct_transporte":25,"pct_alojamiento":0,"pct_sin_educacion":0,"pct_educ_superior":59,"brecha_educ":0,"pct_sin_seguro":0,"pct_sus":45,"pct_seguro_privado":0,"brecha_seguro":0,"pct_salud_publica":16,"pct_med_tradicional":18,"pct_automedicacion":19,"pct_remedios_caseros":21,"pct_viv_desocupada":7,"pct_alquiler":17,"pct_electricidad":100,"pct_sin_electricidad":0,"pct_agua_red":100,"pct_alcantarillado":100,"pct_camara_septica":0,"pct_pozo_ciego":0,"pct_sin_desague":0,"pct_gas_red":50,"pct_gas_garrafa":42,"pct_lena_guano":42,"pct_basura_formal":100,"pct_basura_quema":0,"pct_basura_informal":0,"pct_internet":100,"pct_celular":100,"pct_televisor":100}},{"type":"Feature","geometry":{"type":"Polygon","coordinates":[[[-66.56106,-18.47289],[-66.56143,-18.47254],[-66.56088,-18.47197],[-66.56051,-18.47232],[-66.56106,-18.47289]]]},"properties":{"n":"UNCIA","p":33,"personas_x_ha":68,"masculinidad":83,"pct_menor20":39,"pct_60mas":12,"pct_migrante":18,"dependencia_econ":57,"pct_empleados":14,"pct_cuentapropia":57,"pct_agricultura":57,"pct_comercio":10,"pct_manufactura":10,"pct_construccion":14,"pct_transporte":10,"pct_alojamiento":0,"pct_sin_educacion":25,"pct_educ_superior":10,"brecha_educ":-70,"pct_sin_seguro":47,"pct_sus":53,"pct_seguro_privado":0,"brecha_seguro":0,"pct_salud_publica":25,"pct_med_tradicional":21,"pct_automedicacion":15,"pct_remedios_caseros":30,"pct_viv_desocupada":0,"pct_alquiler":0,"pct_electricidad":94,"pct_sin_electricidad":6,"pct_agua_red":6,"pct_alcantarillado":0,"pct_camara_septica":0,"pct_pozo_ciego":6,"pct_sin_desague":94,"pct_gas_red":69,"pct_gas_garrafa":25,"pct_lena_guano":25,"pct_basura_formal":100,"pct_basura_quema":0,"pct_basura_informal":0,"pct_internet":69,"pct_celular":88,"pct_televisor":56}},{"type":"Feature","geometry":{"type":"Polygon","coordinates":[[[-66.57152,-18.46974],[-66.57142,-18.46982],[-66.57209,-18.47074],[-66.57226,-18.47061],[-66.57152,-18.46974]]]},"properties":{"n":"UNCIA","p":38,"personas_x_ha":144,"masculinidad":111,"pct_menor20":26,"pct_60mas":16,"pct_migrante":21,"dependencia_econ":65,"pct_empleados":43,"pct_cuentapropia":39,"pct_agricultura":26,"pct_comercio":17,"pct_manufactura":4,"pct_construccion":4,"pct_transporte":0,"pct_alojamiento":0,"pct_sin_educacion":0,"pct_educ_superior":64,"brecha_educ":0,"pct_sin_seguro":0,"pct_sus":58,"pct_seguro_privado":0,"brecha_seguro":0,"pct_salud_publica":29,"pct_med_tradicional":6,"pct_automedicacion":5,"pct_remedios_caseros":24,"pct_viv_desocupada":0,"pct_alquiler":0,"pct_electricidad":100,"pct_sin_electricidad":0,"pct_agua_red":88,"pct_alcantarillado":100,"pct_camara_septica":0,"pct_pozo_ciego":0,"pct_sin_desague":0,"pct_gas_red":81,"pct_gas_garrafa":19,"pct_lena_guano":19,"pct_basura_formal":100,"pct_basura_quema":0,"pct_basura_informal":0,"pct_internet":94,"pct_celular":94,"pct_televisor":94}},{"type":"Feature","geometry":{"type":"Polygon","coordinates":[[[-66.55957,-18.46754],[-66.55929,-18.46717],[-66.55846,-18.46779],[-66.55874,-18.46813],[-66.55957,-18.46754]]]},"properties":{"n":"UNCIA","p":44,"personas_x_ha":78,"masculinidad":100,"pct_menor20":45,"pct_60mas":14,"pct_migrante":34,"dependencia_econ":139,"pct_empleados":17,"pct_cuentapropia":50,"pct_agricultura":28,"pct_comercio":17,"pct_manufactura":6,"pct_construccion":22,"pct_transporte":0,"pct_alojamiento":6,"pct_sin_educacion":32,"pct_educ_superior":36,"brecha_educ":-6,"pct_sin_seguro":5,"pct_sus":76,"pct_seguro_privado":7,"brecha_seguro":10,"pct_salud_publica":24,"pct_med_tradicional":4,"pct_automedicacion":30,"pct_remedios_caseros":28,"pct_viv_desocupada":0,"pct_alquiler":6,"pct_electricidad":94,"pct_sin_electricidad":6,"pct_agua_red":89,"pct_alcantarillado":83,"pct_camara_septica":0,"pct_pozo_ciego":0,"pct_sin_desague":17,"pct_gas_red":83,"pct_gas_garrafa":17,"pct_lena_guano":17,"pct_basura_formal":100,"pct_basura_quema":0,"pct_basura_informal":0,"pct_internet":50,"pct_celular":72,"pct_televisor":61}},{"type":"Feature","geometry":{"type":"Polygon","coordinates":[[[-66.5565,-18.46834],[-66.55588,-18.46755],[-66.55549,-18.46783],[-66.55613,-18.46859],[-66.5565,-18.46834]]]},"properties":{"n":"UNCIA","p":36,"personas_x_ha":65,"masculinidad":140,"pct_menor20":53,"pct_60mas":3,"pct_migrante":50,"dependencia_econ":100,"pct_empleados":0,"pct_cuentapropia":83,"pct_agricultura":56,"pct_comercio":11,"pct_manufactura":0,"pct_construccion":11,"pct_transporte":0,"pct_alojamiento":0,"pct_sin_educacion":5,"pct_educ_superior":11,"brecha_educ":-28,"pct_sin_seguro":23,"pct_sus":77,"pct_seguro_privado":0,"brecha_seguro":17,"pct_salud_publica":14,"pct_med_tradicional":14,"pct_automedicacion":21,"pct_remedios_caseros":34,"pct_viv_desocupada":0,"pct_alquiler":0,"pct_electricidad":84,"pct_sin_electricidad":16,"pct_agua_red":58,"pct_alcantarillado":42,"pct_camara_septica":0,"pct_pozo_ciego":0,"pct_sin_desague":58,"pct_gas_red":26,"pct_gas_garrafa":74,"pct_lena_guano":74,"pct_basura_formal":89,"pct_basura_quema":5,"pct_basura_informal":0,"pct_internet":84,"pct_celular":95,"pct_televisor":47}},{"type":"Feature","geometry":{"type":"Polygon","coordinates":[[[-66.56058,-18.46697],[-66.56019,-18.46723],[-66.56082,-18.46801],[-66.56118,-18.46773],[-66.56058,-18.46697]]]},"properties":{"n":"UNCIA","p":55,"personas_x_ha":99,"masculinidad":129,"pct_menor20":49,"pct_60mas":4,"pct_migrante":24,"dependencia_econ":150,"pct_empleados":27,"pct_cuentapropia":50,"pct_agricultura":45,"pct_comercio":32,"pct_manufactura":5,"pct_construccion":5,"pct_transporte":0,"pct_alojamiento":9,"pct_sin_educacion":3,"pct_educ_superior":32,"brecha_educ":22,"pct_sin_seguro":6,"pct_sus":87,"pct_seguro_privado":0,"brecha_seguro":10,"pct_salud_publica":27,"pct_med_tradicional":10,"pct_automedicacion":27,"pct_remedios_caseros":29,"pct_viv_desocupada":0,"pct_alquiler":5,"pct_electricidad":95,"pct_sin_electricidad":5,"pct_agua_red":86,"pct_alcantarillado":95,"pct_camara_septica":0,"pct_pozo_ciego":0,"pct_sin_desague":5,"pct_gas_red":76,"pct_gas_garrafa":24,"pct_lena_guano":24,"pct_basura_formal":90,"pct_basura_quema":10,"pct_basura_informal":0,"pct_internet":95,"pct_celular":95,"pct_televisor":81}},{"type":"Feature","geometry":{"type":"Polygon","coordinates":[[[-66.56556,-18.46585],[-66.56414,-18.46724],[-66.56413,-18.46724],[-66.56392,-18.46696],[-66.56487,-18.46607],[-66.56481,-18.46601],[-66.56462,-18.46613],[-66.56431,-18.46564],[-66.56553,-18.46573],[-66.56556,-18.46585]]]},"properties":{"n":"UNCIA","p":85,"personas_x_ha":82,"masculinidad":67,"pct_menor20":29,"pct_60mas":13,"pct_migrante":38,"dependencia_econ":89,"pct_empleados":42,"pct_cuentapropia":42,"pct_agricultura":7,"pct_comercio":29,"pct_manufactura":2,"pct_construccion":9,"pct_transporte":7,"pct_alojamiento":7,"pct_sin_educacion":5,"pct_educ_superior":60,"brecha_educ":-12,"pct_sin_seguro":0,"pct_sus":52,"pct_seguro_privado":1,"brecha_seguro":0,"pct_salud_publica":20,"pct_med_tradicional":9,"pct_automedicacion":18,"pct_remedios_caseros":21,"pct_viv_desocupada":3,"pct_alquiler":26,"pct_electricidad":100,"pct_sin_electricidad":0,"pct_agua_red":100,"pct_alcantarillado":97,"pct_camara_septica":0,"pct_pozo_ciego":0,"pct_sin_desague":3,"pct_gas_red":48,"pct_gas_garrafa":52,"pct_lena_guano":52,"pct_basura_formal":100,"pct_basura_quema":0,"pct_basura_informal":0,"pct_internet":90,"pct_celular":97,"pct_televisor":87}},{"type":"Feature","geometry":{"type":"Polygon","coordinates":[[[-66.56198,-18.46592],[-66.56113,-18.46655],[-66.56171,-18.46736],[-66.56258,-18.46676],[-66.56198,-18.46592]]]},"properties":{"n":"UNCIA","p":49,"personas_x_ha":38,"masculinidad":81,"pct_menor20":47,"pct_60mas":2,"pct_migrante":35,"dependencia_econ":172,"pct_empleados":11,"pct_cuentapropia":67,"pct_agricultura":33,"pct_comercio":28,"pct_manufactura":6,"pct_construccion":6,"pct_transporte":0,"pct_alojamiento":17,"pct_sin_educacion":4,"pct_educ_superior":19,"brecha_educ":-23,"pct_sin_seguro":17,"pct_sus":77,"pct_seguro_privado":0,"brecha_seguro":4,"pct_salud_publica":24,"pct_med_tradicional":14,"pct_automedicacion":18,"pct_remedios_caseros":29,"pct_viv_desocupada":12,"pct_alquiler":5,"pct_electricidad":89,"pct_sin_electricidad":11,"pct_agua_red":47,"pct_alcantarillado":79,"pct_camara_septica":0,"pct_pozo_ciego":0,"pct_sin_desague":21,"pct_gas_red":58,"pct_gas_garrafa":42,"pct_lena_guano":42,"pct_basura_formal":95,"pct_basura_quema":5,"pct_basura_informal":0,"pct_internet":74,"pct_celular":95,"pct_televisor":84}},{"type":"Feature","geometry":{"type":"Polygon","coordinates":[[[-66.57567,-18.47076],[-66.57551,-18.47034],[-66.5749,-18.47008],[-66.57471,-18.4702],[-66.57556,-18.47089],[-66.57567,-18.47076]]]},"properties":{"n":"UNCIA","p":47,"personas_x_ha":128,"masculinidad":68,"pct_menor20":51,"pct_60mas":6,"pct_migrante":53,"dependencia_econ":161,"pct_empleados":17,"pct_cuentapropia":56,"pct_agricultura":17,"pct_comercio":11,"pct_manufactura":11,"pct_construccion":11,"pct_transporte":11,"pct_alojamiento":6,"pct_sin_educacion":13,"pct_educ_superior":48,"brecha_educ":-21,"pct_sin_seguro":19,"pct_sus":49,"pct_seguro_privado":0,"brecha_seguro":12,"pct_salud_publica":28,"pct_med_tradicional":9,"pct_automedicacion":13,"pct_remedios_caseros":18,"pct_viv_desocupada":5,"pct_alquiler":30,"pct_electricidad":95,"pct_sin_electricidad":0,"pct_agua_red":95,"pct_alcantarillado":85,"pct_camara_septica":0,"pct_pozo_ciego":0,"pct_sin_desague":15,"pct_gas_red":65,"pct_gas_garrafa":35,"pct_lena_guano":35,"pct_basura_formal":90,"pct_basura_quema":0,"pct_basura_informal":20,"pct_internet":85,"pct_celular":85,"pct_televisor":80}},{"type":"Feature","geometry":{"type":"Polygon","coordinates":[[[-66.55946,-18.46921],[-66.55862,-18.46981],[-66.55901,-18.47031],[-66.55984,-18.46972],[-66.55946,-18.46921]]]},"properties":{"n":"UNCIA","p":50,"personas_x_ha":64,"masculinidad":79,"pct_menor20":44,"pct_60mas":0,"pct_migrante":22,"dependencia_econ":163,"pct_empleados":11,"pct_cuentapropia":53,"pct_agricultura":47,"pct_comercio":16,"pct_manufactura":0,"pct_construccion":5,"pct_transporte":5,"pct_alojamiento":16,"pct_sin_educacion":14,"pct_educ_superior":43,"brecha_educ":-33,"pct_sin_seguro":14,"pct_sus":86,"pct_seguro_privado":0,"brecha_seguro":7,"pct_salud_publica":25,"pct_med_tradicional":14,"pct_automedicacion":19,"pct_remedios_caseros":26,"pct_viv_desocupada":8,"pct_alquiler":0,"pct_electricidad":87,"pct_sin_electricidad":13,"pct_agua_red":74,"pct_alcantarillado":70,"pct_camara_septica":0,"pct_pozo_ciego":4,"pct_sin_desague":26,"pct_gas_red":57,"pct_gas_garrafa":17,"pct_lena_guano":17,"pct_basura_formal":83,"pct_basura_quema":4,"pct_basura_informal":0,"pct_internet":83,"pct_celular":96,"pct_televisor":70}},{"type":"Feature","geometry":{"type":"Polygon","coordinates":[[[-66.5568,-18.46952],[-66.55652,-18.46916],[-66.55621,-18.46938],[-66.55643,-18.46978],[-66.5568,-18.46952]]]},"properties":{"n":"UNCIA","p":21,"personas_x_ha":92,"masculinidad":75,"pct_menor20":43,"pct_60mas":14,"pct_migrante":43,"dependencia_econ":133,"pct_empleados":11,"pct_cuentapropia":67,"pct_agricultura":11,"pct_comercio":11,"pct_manufactura":11,"pct_construccion":33,"pct_transporte":0,"pct_alojamiento":0,"pct_sin_educacion":33,"pct_educ_superior":0,"brecha_educ":17,"pct_sin_seguro":24,"pct_sus":71,"pct_seguro_privado":0,"brecha_seguro":17,"pct_salud_publica":17,"pct_med_tradicional":21,"pct_automedicacion":19,"pct_remedios_caseros":21,"pct_viv_desocupada":0,"pct_alquiler":22,"pct_electricidad":100,"pct_sin_electricidad":0,"pct_agua_red":89,"pct_alcantarillado":67,"pct_camara_septica":0,"pct_pozo_ciego":0,"pct_sin_desague":33,"pct_gas_red":33,"pct_gas_garrafa":67,"pct_lena_guano":67,"pct_basura_formal":100,"pct_basura_quema":0,"pct_basura_informal":0,"pct_internet":33,"pct_celular":67,"pct_televisor":78}},{"type":"Feature","geometry":{"type":"Polygon","coordinates":[[[-66.5765,-18.47189],[-66.57574,-18.4712],[-66.57541,-18.4715],[-66.57635,-18.47228],[-66.57645,-18.47222],[-66.5765,-18.47189]]]},"properties":{"n":"UNCIA","p":46,"personas_x_ha":79,"masculinidad":100,"pct_menor20":37,"pct_60mas":13,"pct_migrante":28,"dependencia_econ":70,"pct_empleados":44,"pct_cuentapropia":44,"pct_agricultura":15,"pct_comercio":26,"pct_manufactura":4,"pct_construccion":7,"pct_transporte":11,"pct_alojamiento":4,"pct_sin_educacion":13,"pct_educ_superior":61,"brecha_educ":8,"pct_sin_seguro":4,"pct_sus":67,"pct_seguro_privado":0,"brecha_seguro":9,"pct_salud_publica":19,"pct_med_tradicional":13,"pct_automedicacion":24,"pct_remedios_caseros":28,"pct_viv_desocupada":0,"pct_alquiler":0,"pct_electricidad":100,"pct_sin_electricidad":0,"pct_agua_red":96,"pct_alcantarillado":78,"pct_camara_septica":0,"pct_pozo_ciego":0,"pct_sin_desague":22,"pct_gas_red":65,"pct_gas_garrafa":35,"pct_lena_guano":35,"pct_basura_formal":96,"pct_basura_quema":4,"pct_basura_informal":0,"pct_internet":87,"pct_celular":96,"pct_televisor":96}},{"type":"Feature","geometry":{"type":"Polygon","coordinates":[[[-66.57292,-18.47343],[-66.57293,-18.47237],[-66.57282,-18.47198],[-66.57206,-18.47088],[-66.5719,-18.471],[-66.57202,-18.47122],[-66.57203,-18.47137],[-66.57196,-18.47141],[-66.57208,-18.47162],[-66.57198,-18.47173],[-66.57212,-18.47185],[-66.57226,-18.47185],[-66.57237,-18.47202],[-66.57247,-18.47196],[-66.57272,-18.47232],[-66.5727,-18.47246],[-66.5726,-18.47245],[-66.5726,-18.4726],[-66.57268,-18.47261],[-66.57266,-18.4731],[-66.57254,-18.47309],[-66.57258,-18.47344],[-66.57292,-18.47343]]]},"properties":{"n":"UNCIA","p":103,"personas_x_ha":99,"masculinidad":98,"pct_menor20":35,"pct_60mas":9,"pct_migrante":27,"dependencia_econ":115,"pct_empleados":25,"pct_cuentapropia":42,"pct_agricultura":15,"pct_comercio":19,"pct_manufactura":21,"pct_construccion":12,"pct_transporte":2,"pct_alojamiento":2,"pct_sin_educacion":4,"pct_educ_superior":35,"brecha_educ":-9,"pct_sin_seguro":9,"pct_sus":59,"pct_seguro_privado":0,"brecha_seguro":10,"pct_salud_publica":24,"pct_med_tradicional":12,"pct_automedicacion":21,"pct_remedios_caseros":25,"pct_viv_desocupada":3,"pct_alquiler":7,"pct_electricidad":100,"pct_sin_electricidad":0,"pct_agua_red":93,"pct_alcantarillado":30,"pct_camara_septica":0,"pct_pozo_ciego":0,"pct_sin_desague":37,"pct_gas_red":44,"pct_gas_garrafa":56,"pct_lena_guano":56,"pct_basura_formal":96,"pct_basura_quema":0,"pct_basura_informal":0,"pct_internet":89,"pct_celular":96,"pct_televisor":100}},{"type":"Feature","geometry":{"type":"Polygon","coordinates":[[[-66.55921,-18.46709],[-66.55893,-18.46672],[-66.55811,-18.46732],[-66.55839,-18.46768],[-66.55921,-18.46709]]]},"properties":{"n":"UNCIA","p":33,"personas_x_ha":59,"masculinidad":57,"pct_menor20":36,"pct_60mas":15,"pct_migrante":39,"dependencia_econ":50,"pct_empleados":18,"pct_cuentapropia":64,"pct_agricultura":36,"pct_comercio":18,"pct_manufactura":5,"pct_construccion":0,"pct_transporte":9,"pct_alojamiento":18,"pct_sin_educacion":14,"pct_educ_superior":24,"brecha_educ":9,"pct_sin_seguro":12,"pct_sus":82,"pct_seguro_privado":0,"brecha_seguro":-6,"pct_salud_publica":20,"pct_med_tradicional":16,"pct_automedicacion":23,"pct_remedios_caseros":23,"pct_viv_desocupada":0,"pct_alquiler":0,"pct_electricidad":94,"pct_sin_electricidad":6,"pct_agua_red":89,"pct_alcantarillado":72,"pct_camara_septica":0,"pct_pozo_ciego":0,"pct_sin_desague":28,"pct_gas_red":67,"pct_gas_garrafa":33,"pct_lena_guano":33,"pct_basura_formal":100,"pct_basura_quema":0,"pct_basura_informal":0,"pct_internet":78,"pct_celular":89,"pct_televisor":67}},{"type":"Feature","geometry":{"type":"Polygon","coordinates":[[[-66.57986,-18.47196],[-66.57976,-18.47188],[-66.57998,-18.47163],[-66.58006,-18.47171],[-66.57986,-18.47196]]]},"properties":{"n":"UNCIA","p":17,"personas_x_ha":336,"masculinidad":89,"pct_menor20":47,"pct_60mas":6,"pct_migrante":35,"dependencia_econ":143,"pct_empleados":29,"pct_cuentapropia":71,"pct_agricultura":14,"pct_comercio":29,"pct_manufactura":0,"pct_construccion":14,"pct_transporte":0,"pct_alojamiento":0,"pct_sin_educacion":11,"pct_educ_superior":44,"brecha_educ":5,"pct_sin_seguro":0,"pct_sus":76,"pct_seguro_privado":0,"brecha_seguro":0,"pct_salud_publica":40,"pct_med_tradicional":0,"pct_automedicacion":14,"pct_remedios_caseros":21,"pct_viv_desocupada":0,"pct_alquiler":0,"pct_electricidad":100,"pct_sin_electricidad":0,"pct_agua_red":100,"pct_alcantarillado":0,"pct_camara_septica":0,"pct_pozo_ciego":0,"pct_sin_desague":100,"pct_gas_red":0,"pct_gas_garrafa":100,"pct_lena_guano":100,"pct_basura_formal":100,"pct_basura_quema":0,"pct_basura_informal":0,"pct_internet":83,"pct_celular":83,"pct_televisor":100}},{"type":"Feature","geometry":{"type":"Polygon","coordinates":[[[-66.56168,-18.46208],[-66.5609,-18.46092],[-66.56045,-18.46119],[-66.56095,-18.46189],[-66.56091,-18.46197],[-66.56084,-18.46196],[-66.56072,-18.46183],[-66.56092,-18.46192],[-66.56042,-18.46121],[-66.56035,-18.46126],[-66.56042,-18.46164],[-66.561,-18.46233],[-66.56129,-18.46231],[-66.56168,-18.46208]]]},"properties":{"n":"UNCIA","p":27,"personas_x_ha":23,"masculinidad":50,"pct_menor20":52,"pct_60mas":7,"pct_migrante":48,"dependencia_econ":145,"pct_empleados":9,"pct_cuentapropia":55,"pct_agricultura":45,"pct_comercio":36,"pct_manufactura":0,"pct_construccion":0,"pct_transporte":0,"pct_alojamiento":0,"pct_sin_educacion":7,"pct_educ_superior":14,"brecha_educ":21,"pct_sin_seguro":7,"pct_sus":89,"pct_seguro_privado":0,"brecha_seguro":22,"pct_salud_publica":30,"pct_med_tradicional":1,"pct_automedicacion":27,"pct_remedios_caseros":33,"pct_viv_desocupada":6,"pct_alquiler":0,"pct_electricidad":78,"pct_sin_electricidad":22,"pct_agua_red":0,"pct_alcantarillado":0,"pct_camara_septica":0,"pct_pozo_ciego":0,"pct_sin_desague":100,"pct_gas_red":0,"pct_gas_garrafa":78,"pct_lena_guano":78,"pct_basura_formal":78,"pct_basura_quema":11,"pct_basura_informal":0,"pct_internet":78,"pct_celular":89,"pct_televisor":67}},{"type":"Feature","geometry":{"type":"Polygon","coordinates":[[[-66.57444,-18.47374],[-66.57438,-18.47347],[-66.5741,-18.47323],[-66.57331,-18.47315],[-66.57328,-18.47348],[-66.57444,-18.47374]]]},"properties":{"n":"UNCIA","p":33,"personas_x_ha":69,"masculinidad":65,"pct_menor20":48,"pct_60mas":9,"pct_migrante":15,"dependencia_econ":100,"pct_empleados":19,"pct_cuentapropia":50,"pct_agricultura":62,"pct_comercio":19,"pct_manufactura":0,"pct_construccion":6,"pct_transporte":0,"pct_alojamiento":12,"pct_sin_educacion":19,"pct_educ_superior":0,"brecha_educ":-32,"pct_sin_seguro":26,"pct_sus":61,"pct_seguro_privado":0,"brecha_seguro":12,"pct_salud_publica":23,"pct_med_tradicional":13,"pct_automedicacion":16,"pct_remedios_caseros":27,"pct_viv_desocupada":0,"pct_alquiler":0,"pct_electricidad":100,"pct_sin_electricidad":0,"pct_agua_red":64,"pct_alcantarillado":14,"pct_camara_septica":0,"pct_pozo_ciego":0,"pct_sin_desague":86,"pct_gas_red":79,"pct_gas_garrafa":21,"pct_lena_guano":21,"pct_basura_formal":93,"pct_basura_quema":7,"pct_basura_informal":0,"pct_internet":64,"pct_celular":86,"pct_televisor":71}},{"type":"Feature","geometry":{"type":"Polygon","coordinates":[[[-66.56934,-18.46652],[-66.56876,-18.46718],[-66.56924,-18.46756],[-66.56951,-18.46755],[-66.5697,-18.46714],[-66.56934,-18.46652]]]},"properties":{"n":"UNCIA","p":52,"personas_x_ha":81,"masculinidad":108,"pct_menor20":37,"pct_60mas":8,"pct_migrante":37,"dependencia_econ":122,"pct_empleados":70,"pct_cuentapropia":26,"pct_agricultura":0,"pct_comercio":17,"pct_manufactura":0,"pct_construccion":0,"pct_transporte":4,"pct_alojamiento":4,"pct_sin_educacion":0,"pct_educ_superior":81,"brecha_educ":7,"pct_sin_seguro":10,"pct_sus":31,"pct_seguro_privado":4,"brecha_seguro":3,"pct_salud_publica":15,"pct_med_tradicional":13,"pct_automedicacion":18,"pct_remedios_caseros":20,"pct_viv_desocupada":6,"pct_alquiler":10,"pct_electricidad":100,"pct_sin_electricidad":0,"pct_agua_red":100,"pct_alcantarillado":100,"pct_camara_septica":0,"pct_pozo_ciego":0,"pct_sin_desague":0,"pct_gas_red":52,"pct_gas_garrafa":48,"pct_lena_guano":48,"pct_basura_formal":100,"pct_basura_quema":0,"pct_basura_informal":0,"pct_internet":95,"pct_celular":95,"pct_televisor":86}},{"type":"Feature","geometry":{"type":"Polygon","coordinates":[[[-66.57404,-18.46984],[-66.57375,-18.46954],[-66.57386,-18.46942],[-66.57415,-18.46973],[-66.57404,-18.46984]]]},"properties":{"n":"UNCIA","p":25,"personas_x_ha":292,"masculinidad":108,"pct_menor20":28,"pct_60mas":8,"pct_migrante":4,"dependencia_econ":150,"pct_empleados":50,"pct_cuentapropia":50,"pct_agricultura":10,"pct_comercio":10,"pct_manufactura":0,"pct_construccion":20,"pct_transporte":10,"pct_alojamiento":0,"pct_sin_educacion":0,"pct_educ_superior":89,"brecha_educ":11,"pct_sin_seguro":0,"pct_sus":50,"pct_seguro_privado":0,"brecha_seguro":0,"pct_salud_publica":17,"pct_med_tradicional":6,"pct_automedicacion":23,"pct_remedios_caseros":27,"pct_viv_desocupada":0,"pct_alquiler":0,"pct_electricidad":100,"pct_sin_electricidad":0,"pct_agua_red":100,"pct_alcantarillado":100,"pct_camara_septica":0,"pct_pozo_ciego":0,"pct_sin_desague":0,"pct_gas_red":75,"pct_gas_garrafa":25,"pct_lena_guano":25,"pct_basura_formal":100,"pct_basura_quema":0,"pct_basura_informal":0,"pct_internet":100,"pct_celular":100,"pct_televisor":100}},{"type":"Feature","geometry":{"type":"Polygon","coordinates":[[[-66.56623,-18.47082],[-66.56616,-18.47056],[-66.56567,-18.47012],[-66.56538,-18.47036],[-66.56595,-18.47085],[-66.56623,-18.47082]]]},"properties":{"n":"UNCIA","p":30,"personas_x_ha":87,"masculinidad":131,"pct_menor20":63,"pct_60mas":3,"pct_migrante":7,"dependencia_econ":329,"pct_empleados":29,"pct_cuentapropia":57,"pct_agricultura":57,"pct_comercio":0,"pct_manufactura":0,"pct_construccion":29,"pct_transporte":0,"pct_alojamiento":14,"pct_sin_educacion":17,"pct_educ_superior":0,"brecha_educ":-66,"pct_sin_seguro":10,"pct_sus":83,"pct_seguro_privado":0,"brecha_seguro":4,"pct_salud_publica":54,"pct_med_tradicional":11,"pct_automedicacion":9,"pct_remedios_caseros":17,"pct_viv_desocupada":0,"pct_alquiler":0,"pct_electricidad":100,"pct_sin_electricidad":0,"pct_agua_red":100,"pct_alcantarillado":0,"pct_camara_septica":0,"pct_pozo_ciego":10,"pct_sin_desague":90,"pct_gas_red":40,"pct_gas_garrafa":60,"pct_lena_guano":60,"pct_basura_formal":100,"pct_basura_quema":0,"pct_basura_informal":0,"pct_internet":60,"pct_celular":80,"pct_televisor":80}},{"type":"Feature","geometry":{"type":"Polygon","coordinates":[[[-66.5597,-18.47142],[-66.55943,-18.4717],[-66.55932,-18.47167],[-66.5586,-18.47076],[-66.559,-18.47051],[-66.5597,-18.47142]]]},"properties":{"n":"UNCIA","p":27,"personas_x_ha":40,"masculinidad":42,"pct_menor20":48,"pct_60mas":0,"pct_migrante":15,"dependencia_econ":125,"pct_empleados":25,"pct_cuentapropia":42,"pct_agricultura":33,"pct_comercio":8,"pct_manufactura":8,"pct_construccion":17,"pct_transporte":0,"pct_alojamiento":8,"pct_sin_educacion":7,"pct_educ_superior":33,"brecha_educ":-55,"pct_sin_seguro":4,"pct_sus":74,"pct_seguro_privado":0,"brecha_seguro":-5,"pct_salud_publica":25,"pct_med_tradicional":5,"pct_automedicacion":25,"pct_remedios_caseros":26,"pct_viv_desocupada":0,"pct_alquiler":8,"pct_electricidad":100,"pct_sin_electricidad":0,"pct_agua_red":69,"pct_alcantarillado":69,"pct_camara_septica":0,"pct_pozo_ciego":0,"pct_sin_desague":31,"pct_gas_red":62,"pct_gas_garrafa":38,"pct_lena_guano":38,"pct_basura_formal":100,"pct_basura_quema":0,"pct_basura_informal":0,"pct_internet":92,"pct_celular":92,"pct_televisor":85}},{"type":"Feature","geometry":{"type":"Polygon","coordinates":[[[-66.56025,-18.471],[-66.56061,-18.47067],[-66.55991,-18.46982],[-66.55956,-18.47007],[-66.56025,-18.471]]]},"properties":{"n":"UNCIA","p":21,"personas_x_ha":33,"masculinidad":62,"pct_menor20":38,"pct_60mas":24,"pct_migrante":14,"dependencia_econ":62,"pct_empleados":8,"pct_cuentapropia":69,"pct_agricultura":38,"pct_comercio":8,"pct_manufactura":8,"pct_construccion":8,"pct_transporte":8,"pct_alojamiento":15,"pct_sin_educacion":8,"pct_educ_superior":15,"brecha_educ":3,"pct_sin_seguro":14,"pct_sus":81,"pct_seguro_privado":0,"brecha_seguro":17,"pct_salud_publica":31,"pct_med_tradicional":15,"pct_automedicacion":15,"pct_remedios_caseros":28,"pct_viv_desocupada":0,"pct_alquiler":7,"pct_electricidad":93,"pct_sin_electricidad":0,"pct_agua_red":93,"pct_alcantarillado":86,"pct_camara_septica":0,"pct_pozo_ciego":7,"pct_sin_desague":7,"pct_gas_red":64,"pct_gas_garrafa":29,"pct_lena_guano":29,"pct_basura_formal":100,"pct_basura_quema":0,"pct_basura_informal":0,"pct_internet":79,"pct_celular":93,"pct_televisor":86}},{"type":"Feature","geometry":{"type":"Polygon","coordinates":[[[-66.57238,-18.47061],[-66.57299,-18.47012],[-66.5731,-18.47026],[-66.57302,-18.47137],[-66.57238,-18.47061]]]},"properties":{"n":"UNCIA","p":63,"personas_x_ha":119,"masculinidad":97,"pct_menor20":32,"pct_60mas":21,"pct_migrante":10,"dependencia_econ":110,"pct_empleados":33,"pct_cuentapropia":47,"pct_agricultura":3,"pct_comercio":17,"pct_manufactura":10,"pct_construccion":0,"pct_transporte":10,"pct_alojamiento":0,"pct_sin_educacion":2,"pct_educ_superior":55,"brecha_educ":5,"pct_sin_seguro":10,"pct_sus":75,"pct_seguro_privado":0,"brecha_seguro":0,"pct_salud_publica":24,"pct_med_tradicional":12,"pct_automedicacion":16,"pct_remedios_caseros":15,"pct_viv_desocupada":4,"pct_alquiler":19,"pct_electricidad":100,"pct_sin_electricidad":0,"pct_agua_red":100,"pct_alcantarillado":95,"pct_camara_septica":0,"pct_pozo_ciego":0,"pct_sin_desague":5,"pct_gas_red":67,"pct_gas_garrafa":29,"pct_lena_guano":29,"pct_basura_formal":100,"pct_basura_quema":0,"pct_basura_informal":0,"pct_internet":100,"pct_celular":100,"pct_televisor":95}},{"type":"Feature","geometry":{"type":"Polygon","coordinates":[[[-66.55718,-18.4716],[-66.55795,-18.4711],[-66.55757,-18.47057],[-66.55696,-18.47104],[-66.55718,-18.4716]]]},"properties":{"n":"UNCIA","p":32,"personas_x_ha":51,"masculinidad":45,"pct_menor20":53,"pct_60mas":0,"pct_migrante":19,"dependencia_econ":146,"pct_empleados":23,"pct_cuentapropia":46,"pct_agricultura":31,"pct_comercio":23,"pct_manufactura":8,"pct_construccion":15,"pct_transporte":0,"pct_alojamiento":15,"pct_sin_educacion":6,"pct_educ_superior":35,"brecha_educ":-36,"pct_sin_seguro":0,"pct_sus":100,"pct_seguro_privado":0,"brecha_seguro":0,"pct_salud_publica":32,"pct_med_tradicional":6,"pct_automedicacion":18,"pct_remedios_caseros":31,"pct_viv_desocupada":0,"pct_alquiler":0,"pct_electricidad":94,"pct_sin_electricidad":6,"pct_agua_red":76,"pct_alcantarillado":59,"pct_camara_septica":0,"pct_pozo_ciego":0,"pct_sin_desague":41,"pct_gas_red":71,"pct_gas_garrafa":29,"pct_lena_guano":29,"pct_basura_formal":88,"pct_basura_quema":12,"pct_basura_informal":0,"pct_internet":100,"pct_celular":100,"pct_televisor":94}},{"type":"Feature","geometry":{"type":"Polygon","coordinates":[[[-66.56921,-18.46557],[-66.56907,-18.46551],[-66.56833,-18.46555],[-66.568,-18.46607],[-66.5687,-18.46622],[-66.56887,-18.46578],[-66.56918,-18.46565],[-66.56921,-18.46557]]]},"properties":{"n":"UNCIA","p":81,"personas_x_ha":150,"masculinidad":113,"pct_menor20":37,"pct_60mas":10,"pct_migrante":42,"dependencia_econ":93,"pct_empleados":43,"pct_cuentapropia":45,"pct_agricultura":2,"pct_comercio":14,"pct_manufactura":2,"pct_construccion":17,"pct_transporte":10,"pct_alojamiento":7,"pct_sin_educacion":2,"pct_educ_superior":47,"brecha_educ":-7,"pct_sin_seguro":21,"pct_sus":53,"pct_seguro_privado":0,"brecha_seguro":3,"pct_salud_publica":29,"pct_med_tradicional":6,"pct_automedicacion":16,"pct_remedios_caseros":15,"pct_viv_desocupada":4,"pct_alquiler":22,"pct_electricidad":100,"pct_sin_electricidad":0,"pct_agua_red":100,"pct_alcantarillado":100,"pct_camara_septica":0,"pct_pozo_ciego":0,"pct_sin_desague":0,"pct_gas_red":57,"pct_gas_garrafa":43,"pct_lena_guano":43,"pct_basura_formal":100,"pct_basura_quema":0,"pct_basura_informal":0,"pct_internet":91,"pct_celular":83,"pct_televisor":91}},{"type":"Feature","geometry":{"type":"Polygon","coordinates":[[[-66.56625,-18.46646],[-66.56567,-18.46645],[-66.56572,-18.46578],[-66.56632,-18.46583],[-66.56625,-18.46646]]]},"properties":{"n":"UNCIA","p":61,"personas_x_ha":127,"masculinidad":74,"pct_menor20":41,"pct_60mas":7,"pct_migrante":46,"dependencia_econ":118,"pct_empleados":36,"pct_cuentapropia":57,"pct_agricultura":0,"pct_comercio":14,"pct_manufactura":11,"pct_construccion":7,"pct_transporte":0,"pct_alojamiento":21,"pct_sin_educacion":3,"pct_educ_superior":64,"brecha_educ":-3,"pct_sin_seguro":5,"pct_sus":70,"pct_seguro_privado":0,"brecha_seguro":12,"pct_salud_publica":21,"pct_med_tradicional":9,"pct_automedicacion":20,"pct_remedios_caseros":20,"pct_viv_desocupada":0,"pct_alquiler":18,"pct_electricidad":100,"pct_sin_electricidad":0,"pct_agua_red":100,"pct_alcantarillado":94,"pct_camara_septica":0,"pct_pozo_ciego":0,"pct_sin_desague":6,"pct_gas_red":47,"pct_gas_garrafa":53,"pct_lena_guano":53,"pct_basura_formal":82,"pct_basura_quema":0,"pct_basura_informal":12,"pct_internet":82,"pct_celular":82,"pct_televisor":82}},{"type":"Feature","geometry":{"type":"Polygon","coordinates":[[[-66.56967,-18.46561],[-66.5696,-18.46576],[-66.56983,-18.46591],[-66.56993,-18.46608],[-66.57005,-18.46608],[-66.57008,-18.46576],[-66.56967,-18.46561]]]},"properties":{"n":"UNCIA","p":24,"personas_x_ha":170,"masculinidad":85,"pct_menor20":33,"pct_60mas":8,"pct_migrante":42,"dependencia_econ":60,"pct_empleados":40,"pct_cuentapropia":47,"pct_agricultura":7,"pct_comercio":13,"pct_manufactura":0,"pct_construccion":0,"pct_transporte":13,"pct_alojamiento":7,"pct_sin_educacion":0,"pct_educ_superior":81,"brecha_educ":0,"pct_sin_seguro":0,"pct_sus":33,"pct_seguro_privado":0,"brecha_seguro":0,"pct_salud_publica":17,"pct_med_tradicional":9,"pct_automedicacion":9,"pct_remedios_caseros":26,"pct_viv_desocupada":0,"pct_alquiler":14,"pct_electricidad":100,"pct_sin_electricidad":0,"pct_agua_red":100,"pct_alcantarillado":100,"pct_camara_septica":0,"pct_pozo_ciego":0,"pct_sin_desague":0,"pct_gas_red":57,"pct_gas_garrafa":43,"pct_lena_guano":43,"pct_basura_formal":100,"pct_basura_quema":0,"pct_basura_informal":0,"pct_internet":100,"pct_celular":100,"pct_televisor":100}},{"type":"Feature","geometry":{"type":"Polygon","coordinates":[[[-66.57008,-18.46573],[-66.56975,-18.46558],[-66.56994,-18.46517],[-66.57025,-18.46527],[-66.57008,-18.46573]]]},"properties":{"n":"UNCIA","p":35,"personas_x_ha":164,"masculinidad":59,"pct_menor20":34,"pct_60mas":14,"pct_migrante":34,"dependencia_econ":94,"pct_empleados":44,"pct_cuentapropia":33,"pct_agricultura":0,"pct_comercio":22,"pct_manufactura":0,"pct_construccion":17,"pct_transporte":0,"pct_alojamiento":6,"pct_sin_educacion":0,"pct_educ_superior":83,"brecha_educ":3,"pct_sin_seguro":0,"pct_sus":70,"pct_seguro_privado":0,"brecha_seguro":0,"pct_salud_publica":17,"pct_med_tradicional":13,"pct_automedicacion":17,"pct_remedios_caseros":23,"pct_viv_desocupada":0,"pct_alquiler":20,"pct_electricidad":100,"pct_sin_electricidad":0,"pct_agua_red":87,"pct_alcantarillado":100,"pct_camara_septica":0,"pct_pozo_ciego":0,"pct_sin_desague":0,"pct_gas_red":60,"pct_gas_garrafa":40,"pct_lena_guano":40,"pct_basura_formal":87,"pct_basura_quema":0,"pct_basura_informal":13,"pct_internet":80,"pct_celular":87,"pct_televisor":93}},{"type":"Feature","geometry":{"type":"Polygon","coordinates":[[[-66.56083,-18.46536],[-66.56078,-18.46482],[-66.55955,-18.46488],[-66.55961,-18.46542],[-66.56083,-18.46536]]]},"properties":{"n":"UNCIA","p":46,"personas_x_ha":58,"masculinidad":70,"pct_menor20":46,"pct_60mas":4,"pct_migrante":24,"dependencia_econ":77,"pct_empleados":23,"pct_cuentapropia":65,"pct_agricultura":31,"pct_comercio":12,"pct_manufactura":12,"pct_construccion":8,"pct_transporte":0,"pct_alojamiento":12,"pct_sin_educacion":0,"pct_educ_superior":41,"brecha_educ":-1,"pct_sin_seguro":13,"pct_sus":74,"pct_seguro_privado":0,"brecha_seguro":-4,"pct_salud_publica":30,"pct_med_tradicional":15,"pct_automedicacion":18,"pct_remedios_caseros":21,"pct_viv_desocupada":4,"pct_alquiler":0,"pct_electricidad":100,"pct_sin_electricidad":0,"pct_agua_red":36,"pct_alcantarillado":32,"pct_camara_septica":0,"pct_pozo_ciego":0,"pct_sin_desague":59,"pct_gas_red":23,"pct_gas_garrafa":77,"pct_lena_guano":77,"pct_basura_formal":50,"pct_basura_quema":45,"pct_basura_informal":9,"pct_internet":95,"pct_celular":95,"pct_televisor":95}},{"type":"Feature","geometry":{"type":"Polygon","coordinates":[[[-66.56135,-18.46601],[-66.56116,-18.4661],[-66.56132,-18.46599],[-66.56117,-18.46581],[-66.56035,-18.46642],[-66.56063,-18.46677],[-66.56145,-18.46618],[-66.56135,-18.46601]]]},"properties":{"n":"UNCIA","p":55,"personas_x_ha":98,"masculinidad":67,"pct_menor20":44,"pct_60mas":5,"pct_migrante":31,"dependencia_econ":83,"pct_empleados":23,"pct_cuentapropia":60,"pct_agricultura":17,"pct_comercio":33,"pct_manufactura":7,"pct_construccion":7,"pct_transporte":10,"pct_alojamiento":13,"pct_sin_educacion":9,"pct_educ_superior":39,"brecha_educ":-5,"pct_sin_seguro":17,"pct_sus":72,"pct_seguro_privado":0,"brecha_seguro":-20,"pct_salud_publica":25,"pct_med_tradicional":14,"pct_automedicacion":23,"pct_remedios_caseros":23,"pct_viv_desocupada":12,"pct_alquiler":11,"pct_electricidad":100,"pct_sin_electricidad":0,"pct_agua_red":63,"pct_alcantarillado":74,"pct_camara_septica":0,"pct_pozo_ciego":0,"pct_sin_desague":26,"pct_gas_red":63,"pct_gas_garrafa":37,"pct_lena_guano":37,"pct_basura_formal":89,"pct_basura_quema":5,"pct_basura_informal":0,"pct_internet":79,"pct_celular":89,"pct_televisor":95}},{"type":"Feature","geometry":{"type":"Polygon","coordinates":[[[-66.5737,-18.46865],[-66.57359,-18.46874],[-66.57401,-18.4692],[-66.57426,-18.46902],[-66.57385,-18.46875],[-66.57379,-18.4688],[-66.5737,-18.46865]]]},"properties":{"n":"UNCIA","p":43,"personas_x_ha":286,"masculinidad":65,"pct_menor20":40,"pct_60mas":14,"pct_migrante":21,"dependencia_econ":153,"pct_empleados":24,"pct_cuentapropia":59,"pct_agricultura":6,"pct_comercio":18,"pct_manufactura":6,"pct_construccion":6,"pct_transporte":0,"pct_alojamiento":18,"pct_sin_educacion":4,"pct_educ_superior":43,"brecha_educ":0,"pct_sin_seguro":7,"pct_sus":91,"pct_seguro_privado":0,"brecha_seguro":18,"pct_salud_publica":22,"pct_med_tradicional":7,"pct_automedicacion":16,"pct_remedios_caseros":35,"pct_viv_desocupada":0,"pct_alquiler":0,"pct_electricidad":100,"pct_sin_electricidad":0,"pct_agua_red":100,"pct_alcantarillado":100,"pct_camara_septica":0,"pct_pozo_ciego":0,"pct_sin_desague":0,"pct_gas_red":31,"pct_gas_garrafa":54,"pct_lena_guano":54,"pct_basura_formal":85,"pct_basura_quema":15,"pct_basura_informal":0,"pct_internet":92,"pct_celular":92,"pct_televisor":85}},{"type":"Feature","geometry":{"type":"Polygon","coordinates":[[[-66.57116,-18.46921],[-66.57072,-18.46856],[-66.5706,-18.46844],[-66.57043,-18.4687],[-66.57101,-18.46931],[-66.57116,-18.46921]]]},"properties":{"n":"UNCIA","p":48,"personas_x_ha":189,"masculinidad":78,"pct_menor20":48,"pct_60mas":4,"pct_migrante":35,"dependencia_econ":109,"pct_empleados":52,"pct_cuentapropia":48,"pct_agricultura":13,"pct_comercio":4,"pct_manufactura":9,"pct_construccion":22,"pct_transporte":0,"pct_alojamiento":9,"pct_sin_educacion":4,"pct_educ_superior":44,"brecha_educ":-7,"pct_sin_seguro":6,"pct_sus":50,"pct_seguro_privado":0,"brecha_seguro":-3,"pct_salud_publica":22,"pct_med_tradicional":3,"pct_automedicacion":22,"pct_remedios_caseros":23,"pct_viv_desocupada":7,"pct_alquiler":8,"pct_electricidad":100,"pct_sin_electricidad":0,"pct_agua_red":100,"pct_alcantarillado":77,"pct_camara_septica":0,"pct_pozo_ciego":0,"pct_sin_desague":23,"pct_gas_red":77,"pct_gas_garrafa":23,"pct_lena_guano":23,"pct_basura_formal":100,"pct_basura_quema":0,"pct_basura_informal":0,"pct_internet":54,"pct_celular":77,"pct_televisor":92}},{"type":"Feature","geometry":{"type":"Polygon","coordinates":[[[-66.55178,-18.47148],[-66.5518,-18.47136],[-66.55143,-18.47076],[-66.55195,-18.47049],[-66.55192,-18.47044],[-66.5513,-18.47077],[-66.55093,-18.47012],[-66.55198,-18.46971],[-66.55274,-18.47123],[-66.55197,-18.4715],[-66.55178,-18.47148]]]},"properties":{"n":"UNCIA","p":40,"personas_x_ha":21,"masculinidad":67,"pct_menor20":32,"pct_60mas":2,"pct_migrante":30,"dependencia_econ":167,"pct_empleados":13,"pct_cuentapropia":67,"pct_agricultura":20,"pct_comercio":13,"pct_manufactura":0,"pct_construccion":20,"pct_transporte":13,"pct_alojamiento":20,"pct_sin_educacion":7,"pct_educ_superior":26,"brecha_educ":-23,"pct_sin_seguro":15,"pct_sus":82,"pct_seguro_privado":0,"brecha_seguro":18,"pct_salud_publica":25,"pct_med_tradicional":25,"pct_automedicacion":21,"pct_remedios_caseros":29,"pct_viv_desocupada":0,"pct_alquiler":0,"pct_electricidad":23,"pct_sin_electricidad":68,"pct_agua_red":18,"pct_alcantarillado":5,"pct_camara_septica":0,"pct_pozo_ciego":14,"pct_sin_desague":82,"pct_gas_red":0,"pct_gas_garrafa":95,"pct_lena_guano":95,"pct_basura_formal":18,"pct_basura_quema":68,"pct_basura_informal":0,"pct_internet":27,"pct_celular":68,"pct_televisor":18}},{"type":"Feature","geometry":{"type":"Polygon","coordinates":[[[-66.56568,-18.46649],[-66.56586,-18.46738],[-66.56643,-18.46723],[-66.56672,-18.46588],[-66.56636,-18.46585],[-66.5663,-18.4665],[-66.56568,-18.46649]]]},"properties":{"n":"UNCIA","p":141,"personas_x_ha":146,"masculinidad":93,"pct_menor20":32,"pct_60mas":11,"pct_migrante":34,"dependencia_econ":103,"pct_empleados":45,"pct_cuentapropia":39,"pct_agricultura":6,"pct_comercio":14,"pct_manufactura":1,"pct_construccion":1,"pct_transporte":10,"pct_alojamiento":3,"pct_sin_educacion":5,"pct_educ_superior":59,"brecha_educ":-14,"pct_sin_seguro":4,"pct_sus":41,"pct_seguro_privado":0,"brecha_seguro":4,"pct_salud_publica":24,"pct_med_tradicional":9,"pct_automedicacion":20,"pct_remedios_caseros":21,"pct_viv_desocupada":8,"pct_alquiler":27,"pct_electricidad":100,"pct_sin_electricidad":0,"pct_agua_red":88,"pct_alcantarillado":98,"pct_camara_septica":2,"pct_pozo_ciego":0,"pct_sin_desague":0,"pct_gas_red":54,"pct_gas_garrafa":46,"pct_lena_guano":46,"pct_basura_formal":100,"pct_basura_quema":0,"pct_basura_informal":0,"pct_internet":88,"pct_celular":95,"pct_televisor":95}},{"type":"Feature","geometry":{"type":"Polygon","coordinates":[[[-66.56285,-18.4713],[-66.56323,-18.47096],[-66.56271,-18.47044],[-66.56236,-18.47078],[-66.56285,-18.4713]]]},"properties":{"n":"UNCIA","p":27,"personas_x_ha":61,"masculinidad":42,"pct_menor20":41,"pct_60mas":11,"pct_migrante":26,"dependencia_econ":44,"pct_empleados":28,"pct_cuentapropia":44,"pct_agricultura":33,"pct_comercio":17,"pct_manufactura":22,"pct_construccion":0,"pct_transporte":0,"pct_alojamiento":6,"pct_sin_educacion":12,"pct_educ_superior":44,"brecha_educ":-55,"pct_sin_seguro":15,"pct_sus":85,"pct_seguro_privado":0,"brecha_seguro":32,"pct_salud_publica":15,"pct_med_tradicional":19,"pct_automedicacion":25,"pct_remedios_caseros":25,"pct_viv_desocupada":7,"pct_alquiler":0,"pct_electricidad":100,"pct_sin_electricidad":0,"pct_agua_red":0,"pct_alcantarillado":0,"pct_camara_septica":17,"pct_pozo_ciego":42,"pct_sin_desague":33,"pct_gas_red":17,"pct_gas_garrafa":83,"pct_lena_guano":83,"pct_basura_formal":100,"pct_basura_quema":0,"pct_basura_informal":0,"pct_internet":42,"pct_celular":67,"pct_televisor":75}},{"type":"Feature","geometry":{"type":"Polygon","coordinates":[[[-66.57315,-18.469],[-66.57245,-18.46821],[-66.57261,-18.46807],[-66.57232,-18.46777],[-66.57205,-18.46814],[-66.57291,-18.46916],[-66.57315,-18.469]]]},"properties":{"n":"UNCIA","p":42,"personas_x_ha":78,"masculinidad":56,"pct_menor20":29,"pct_60mas":31,"pct_migrante":36,"dependencia_econ":128,"pct_empleados":67,"pct_cuentapropia":28,"pct_agricultura":6,"pct_comercio":11,"pct_manufactura":6,"pct_construccion":0,"pct_transporte":6,"pct_alojamiento":0,"pct_sin_educacion":7,"pct_educ_superior":62,"brecha_educ":2,"pct_sin_seguro":7,"pct_sus":59,"pct_seguro_privado":7,"brecha_seguro":-11,"pct_salud_publica":14,"pct_med_tradicional":7,"pct_automedicacion":21,"pct_remedios_caseros":15,"pct_viv_desocupada":0,"pct_alquiler":0,"pct_electricidad":100,"pct_sin_electricidad":0,"pct_agua_red":100,"pct_alcantarillado":100,"pct_camara_septica":0,"pct_pozo_ciego":0,"pct_sin_desague":0,"pct_gas_red":88,"pct_gas_garrafa":12,"pct_lena_guano":12,"pct_basura_formal":100,"pct_basura_quema":0,"pct_basura_informal":0,"pct_internet":47,"pct_celular":59,"pct_televisor":53}},{"type":"Feature","geometry":{"type":"Polygon","coordinates":[[[-66.57185,-18.46846],[-66.57116,-18.46802],[-66.57164,-18.46867],[-66.57185,-18.46846]]]},"properties":{"n":"UNCIA","p":26,"personas_x_ha":198,"masculinidad":62,"pct_menor20":46,"pct_60mas":12,"pct_migrante":31,"dependencia_econ":225,"pct_empleados":12,"pct_cuentapropia":75,"pct_agricultura":0,"pct_comercio":25,"pct_manufactura":25,"pct_construccion":0,"pct_transporte":12,"pct_alojamiento":0,"pct_sin_educacion":14,"pct_educ_superior":43,"brecha_educ":-30,"pct_sin_seguro":4,"pct_sus":85,"pct_seguro_privado":0,"brecha_seguro":-6,"pct_salud_publica":32,"pct_med_tradicional":7,"pct_automedicacion":11,"pct_remedios_caseros":23,"pct_viv_desocupada":10,"pct_alquiler":25,"pct_electricidad":88,"pct_sin_electricidad":0,"pct_agua_red":100,"pct_alcantarillado":100,"pct_camara_septica":0,"pct_pozo_ciego":0,"pct_sin_desague":0,"pct_gas_red":88,"pct_gas_garrafa":12,"pct_lena_guano":12,"pct_basura_formal":100,"pct_basura_quema":0,"pct_basura_informal":0,"pct_internet":62,"pct_celular":100,"pct_televisor":100}},{"type":"Feature","geometry":{"type":"Polygon","coordinates":[[[-66.56488,-18.47067],[-66.56526,-18.47035],[-66.56482,-18.46972],[-66.56118,-18.47287],[-66.56131,-18.47302],[-66.56283,-18.47172],[-66.56344,-18.47172],[-66.56352,-18.4716],[-66.56377,-18.47155],[-66.56363,-18.47138],[-66.56369,-18.47133],[-66.56401,-18.47158],[-66.56442,-18.47139],[-66.56447,-18.47113],[-66.56461,-18.47102],[-66.56454,-18.47093],[-66.56461,-18.47059],[-66.56472,-18.47061],[-66.56476,-18.47053],[-66.56488,-18.47067]]]},"properties":{"n":"UNCIA","p":68,"personas_x_ha":24,"masculinidad":58,"pct_menor20":37,"pct_60mas":9,"pct_migrante":31,"dependencia_econ":154,"pct_empleados":31,"pct_cuentapropia":62,"pct_agricultura":23,"pct_comercio":8,"pct_manufactura":12,"pct_construccion":27,"pct_transporte":0,"pct_alojamiento":4,"pct_sin_educacion":9,"pct_educ_superior":23,"brecha_educ":-53,"pct_sin_seguro":17,"pct_sus":77,"pct_seguro_privado":0,"brecha_seguro":-7,"pct_salud_publica":20,"pct_med_tradicional":20,"pct_automedicacion":17,"pct_remedios_caseros":27,"pct_viv_desocupada":5,"pct_alquiler":2,"pct_electricidad":93,"pct_sin_electricidad":7,"pct_agua_red":23,"pct_alcantarillado":23,"pct_camara_septica":5,"pct_pozo_ciego":16,"pct_sin_desague":55,"pct_gas_red":20,"pct_gas_garrafa":80,"pct_lena_guano":80,"pct_basura_formal":66,"pct_basura_quema":23,"pct_basura_informal":0,"pct_internet":64,"pct_celular":86,"pct_televisor":77}},{"type":"Feature","geometry":{"type":"Polygon","coordinates":[[[-66.57326,-18.47294],[-66.57318,-18.4724],[-66.57302,-18.47234],[-66.57304,-18.47294],[-66.57326,-18.47294]]]},"properties":{"n":"UNCIA","p":28,"personas_x_ha":202,"masculinidad":133,"pct_menor20":46,"pct_60mas":0,"pct_migrante":32,"dependencia_econ":180,"pct_empleados":60,"pct_cuentapropia":30,"pct_agricultura":0,"pct_comercio":10,"pct_manufactura":0,"pct_construccion":20,"pct_transporte":30,"pct_alojamiento":20,"pct_sin_educacion":0,"pct_educ_superior":38,"brecha_educ":-17,"pct_sin_seguro":26,"pct_sus":74,"pct_seguro_privado":0,"brecha_seguro":2,"pct_salud_publica":38,"pct_med_tradicional":4,"pct_automedicacion":20,"pct_remedios_caseros":35,"pct_viv_desocupada":0,"pct_alquiler":22,"pct_electricidad":100,"pct_sin_electricidad":0,"pct_agua_red":56,"pct_alcantarillado":67,"pct_camara_septica":0,"pct_pozo_ciego":0,"pct_sin_desague":33,"pct_gas_red":33,"pct_gas_garrafa":67,"pct_lena_guano":67,"pct_basura_formal":100,"pct_basura_quema":0,"pct_basura_informal":0,"pct_internet":78,"pct_celular":89,"pct_televisor":100}},{"type":"Feature","geometry":{"type":"Polygon","coordinates":[[[-66.55956,-18.46913],[-66.55996,-18.46964],[-66.56077,-18.46903],[-66.56037,-18.46855],[-66.55956,-18.46913]]]},"properties":{"n":"UNCIA","p":62,"personas_x_ha":79,"masculinidad":68,"pct_menor20":55,"pct_60mas":8,"pct_migrante":35,"dependencia_econ":170,"pct_empleados":4,"pct_cuentapropia":78,"pct_agricultura":57,"pct_comercio":17,"pct_manufactura":0,"pct_construccion":9,"pct_transporte":4,"pct_alojamiento":9,"pct_sin_educacion":14,"pct_educ_superior":34,"brecha_educ":-23,"pct_sin_seguro":5,"pct_sus":93,"pct_seguro_privado":0,"brecha_seguro":-2,"pct_salud_publica":38,"pct_med_tradicional":8,"pct_automedicacion":20,"pct_remedios_caseros":22,"pct_viv_desocupada":4,"pct_alquiler":4,"pct_electricidad":92,"pct_sin_electricidad":8,"pct_agua_red":83,"pct_alcantarillado":79,"pct_camara_septica":0,"pct_pozo_ciego":4,"pct_sin_desague":17,"pct_gas_red":50,"pct_gas_garrafa":42,"pct_lena_guano":42,"pct_basura_formal":100,"pct_basura_quema":0,"pct_basura_informal":0,"pct_internet":71,"pct_celular":79,"pct_televisor":75}},{"type":"Feature","geometry":{"type":"Polygon","coordinates":[[[-66.57326,-18.473],[-66.57305,-18.47296],[-66.57301,-18.47345],[-66.57322,-18.47347],[-66.57326,-18.473]]]},"properties":{"n":"UNCIA","p":15,"personas_x_ha":119,"masculinidad":15,"pct_menor20":40,"pct_60mas":20,"pct_migrante":13,"dependencia_econ":114,"pct_empleados":0,"pct_cuentapropia":86,"pct_agricultura":43,"pct_comercio":14,"pct_manufactura":14,"pct_construccion":0,"pct_transporte":0,"pct_alojamiento":0,"pct_sin_educacion":30,"pct_educ_superior":50,"brecha_educ":-44,"pct_sin_seguro":7,"pct_sus":93,"pct_seguro_privado":0,"brecha_seguro":-8,"pct_salud_publica":21,"pct_med_tradicional":15,"pct_automedicacion":8,"pct_remedios_caseros":31,"pct_viv_desocupada":0,"pct_alquiler":0,"pct_electricidad":100,"pct_sin_electricidad":0,"pct_agua_red":100,"pct_alcantarillado":83,"pct_camara_septica":0,"pct_pozo_ciego":0,"pct_sin_desague":17,"pct_gas_red":0,"pct_gas_garrafa":100,"pct_lena_guano":100,"pct_basura_formal":100,"pct_basura_quema":0,"pct_basura_informal":0,"pct_internet":67,"pct_celular":83,"pct_televisor":83}},{"type":"Feature","geometry":{"type":"Polygon","coordinates":[[[-66.56443,-18.46794],[-66.5648,-18.46785],[-66.56506,-18.46922],[-66.56514,-18.46933],[-66.56486,-18.46957],[-66.56443,-18.46794]]]},"properties":{"n":"UNCIA","p":84,"personas_x_ha":124,"masculinidad":127,"pct_menor20":35,"pct_60mas":8,"pct_migrante":33,"dependencia_econ":121,"pct_empleados":26,"pct_cuentapropia":55,"pct_agricultura":8,"pct_comercio":21,"pct_manufactura":3,"pct_construccion":13,"pct_transporte":13,"pct_alojamiento":8,"pct_sin_educacion":4,"pct_educ_superior":50,"brecha_educ":-13,"pct_sin_seguro":9,"pct_sus":68,"pct_seguro_privado":0,"brecha_seguro":-10,"pct_salud_publica":24,"pct_med_tradicional":10,"pct_automedicacion":22,"pct_remedios_caseros":20,"pct_viv_desocupada":8,"pct_alquiler":21,"pct_electricidad":100,"pct_sin_electricidad":0,"pct_agua_red":93,"pct_alcantarillado":100,"pct_camara_septica":0,"pct_pozo_ciego":0,"pct_sin_desague":0,"pct_gas_red":61,"pct_gas_garrafa":39,"pct_lena_guano":39,"pct_basura_formal":96,"pct_basura_quema":4,"pct_basura_informal":0,"pct_internet":86,"pct_celular":93,"pct_televisor":82}},{"type":"Feature","geometry":{"type":"Polygon","coordinates":[[[-66.57331,-18.46727],[-66.57414,-18.46807],[-66.57423,-18.46793],[-66.57415,-18.46785],[-66.57431,-18.46766],[-66.57368,-18.46715],[-66.57351,-18.46731],[-66.5734,-18.4672],[-66.57331,-18.46727]]]},"properties":{"n":"UNCIA","p":17,"personas_x_ha":38,"masculinidad":143,"pct_menor20":47,"pct_60mas":0,"pct_migrante":47,"dependencia_econ":143,"pct_empleados":0,"pct_cuentapropia":71,"pct_agricultura":0,"pct_comercio":29,"pct_manufactura":0,"pct_construccion":14,"pct_transporte":0,"pct_alojamiento":0,"pct_sin_educacion":0,"pct_educ_superior":22,"brecha_educ":-25,"pct_sin_seguro":0,"pct_sus":56,"pct_seguro_privado":0,"brecha_seguro":0,"pct_salud_publica":24,"pct_med_tradicional":2,"pct_automedicacion":28,"pct_remedios_caseros":24,"pct_viv_desocupada":0,"pct_alquiler":0,"pct_electricidad":67,"pct_sin_electricidad":33,"pct_agua_red":0,"pct_alcantarillado":0,"pct_camara_septica":0,"pct_pozo_ciego":0,"pct_sin_desague":100,"pct_gas_red":0,"pct_gas_garrafa":100,"pct_lena_guano":100,"pct_basura_formal":33,"pct_basura_quema":50,"pct_basura_informal":0,"pct_internet":100,"pct_celular":100,"pct_televisor":83}},{"type":"Feature","geometry":{"type":"Polygon","coordinates":[[[-66.56549,-18.47088],[-66.56589,-18.47097],[-66.5659,-18.47089],[-66.56535,-18.47042],[-66.56467,-18.47093],[-66.56454,-18.47128],[-66.56462,-18.47131],[-66.56478,-18.47114],[-66.56538,-18.47111],[-66.56549,-18.47088]]]},"properties":{"n":"UNCIA","p":17,"personas_x_ha":29,"masculinidad":89,"pct_menor20":41,"pct_60mas":12,"pct_migrante":12,"dependencia_econ":325,"pct_empleados":50,"pct_cuentapropia":50,"pct_agricultura":0,"pct_comercio":25,"pct_manufactura":0,"pct_construccion":50,"pct_transporte":0,"pct_alojamiento":25,"pct_sin_educacion":8,"pct_educ_superior":17,"brecha_educ":-33,"pct_sin_seguro":6,"pct_sus":47,"pct_seguro_privado":0,"brecha_seguro":12,"pct_salud_publica":34,"pct_med_tradicional":11,"pct_automedicacion":9,"pct_remedios_caseros":27,"pct_viv_desocupada":0,"pct_alquiler":0,"pct_electricidad":86,"pct_sin_electricidad":14,"pct_agua_red":29,"pct_alcantarillado":0,"pct_camara_septica":0,"pct_pozo_ciego":14,"pct_sin_desague":86,"pct_gas_red":14,"pct_gas_garrafa":86,"pct_lena_guano":86,"pct_basura_formal":86,"pct_basura_quema":14,"pct_basura_informal":0,"pct_internet":57,"pct_celular":86,"pct_televisor":86}},{"type":"Feature","geometry":{"type":"Polygon","coordinates":[[[-66.572,-18.46733],[-66.57213,-18.46711],[-66.57168,-18.46689],[-66.57161,-18.46701],[-66.572,-18.46733]]]},"properties":{"n":"UNCIA","p":55,"personas_x_ha":407,"masculinidad":206,"pct_menor20":22,"pct_60mas":4,"pct_migrante":67,"dependencia_econ":45,"pct_empleados":89,"pct_cuentapropia":11,"pct_agricultura":3,"pct_comercio":0,"pct_manufactura":0,"pct_construccion":3,"pct_transporte":0,"pct_alojamiento":3,"pct_sin_educacion":0,"pct_educ_superior":88,"brecha_educ":3,"pct_sin_seguro":4,"pct_sus":16,"pct_seguro_privado":0,"brecha_seguro":5,"pct_salud_publica":17,"pct_med_tradicional":6,"pct_automedicacion":13,"pct_remedios_caseros":24,"pct_viv_desocupada":0,"pct_alquiler":0,"pct_electricidad":100,"pct_sin_electricidad":0,"pct_agua_red":86,"pct_alcantarillado":86,"pct_camara_septica":0,"pct_pozo_ciego":0,"pct_sin_desague":14,"pct_gas_red":29,"pct_gas_garrafa":57,"pct_lena_guano":57,"pct_basura_formal":100,"pct_basura_quema":0,"pct_basura_informal":0,"pct_internet":86,"pct_celular":86,"pct_televisor":86}},{"type":"Feature","geometry":{"type":"Polygon","coordinates":[[[-66.5715,-18.47076],[-66.57111,-18.47003],[-66.57135,-18.46986],[-66.57202,-18.4708],[-66.57175,-18.471],[-66.5715,-18.47076]]]},"properties":{"n":"UNCIA","p":44,"personas_x_ha":90,"masculinidad":100,"pct_menor20":36,"pct_60mas":16,"pct_migrante":39,"dependencia_econ":214,"pct_empleados":43,"pct_cuentapropia":43,"pct_agricultura":7,"pct_comercio":7,"pct_manufactura":0,"pct_construccion":21,"pct_transporte":7,"pct_alojamiento":0,"pct_sin_educacion":4,"pct_educ_superior":46,"brecha_educ":-31,"pct_sin_seguro":5,"pct_sus":68,"pct_seguro_privado":0,"brecha_seguro":9,"pct_salud_publica":23,"pct_med_tradicional":17,"pct_automedicacion":16,"pct_remedios_caseros":24,"pct_viv_desocupada":0,"pct_alquiler":8,"pct_electricidad":100,"pct_sin_electricidad":0,"pct_agua_red":92,"pct_alcantarillado":69,"pct_camara_septica":0,"pct_pozo_ciego":8,"pct_sin_desague":23,"pct_gas_red":62,"pct_gas_garrafa":38,"pct_lena_guano":38,"pct_basura_formal":100,"pct_basura_quema":0,"pct_basura_informal":0,"pct_internet":77,"pct_celular":92,"pct_televisor":100}},{"type":"Feature","geometry":{"type":"Polygon","coordinates":[[[-66.56054,-18.46555],[-66.55998,-18.46595],[-66.56026,-18.46631],[-66.5611,-18.46573],[-66.56098,-18.46553],[-66.56054,-18.46555]]]},"properties":{"n":"UNCIA","p":28,"personas_x_ha":53,"masculinidad":65,"pct_menor20":36,"pct_60mas":11,"pct_migrante":25,"dependencia_econ":75,"pct_empleados":12,"pct_cuentapropia":62,"pct_agricultura":25,"pct_comercio":25,"pct_manufactura":12,"pct_construccion":0,"pct_transporte":0,"pct_alojamiento":25,"pct_sin_educacion":17,"pct_educ_superior":44,"brecha_educ":17,"pct_sin_seguro":11,"pct_sus":64,"pct_seguro_privado":0,"brecha_seguro":-3,"pct_salud_publica":19,"pct_med_tradicional":13,"pct_automedicacion":21,"pct_remedios_caseros":24,"pct_viv_desocupada":16,"pct_alquiler":0,"pct_electricidad":100,"pct_sin_electricidad":0,"pct_agua_red":67,"pct_alcantarillado":67,"pct_camara_septica":0,"pct_pozo_ciego":0,"pct_sin_desague":33,"pct_gas_red":73,"pct_gas_garrafa":27,"pct_lena_guano":27,"pct_basura_formal":93,"pct_basura_quema":7,"pct_basura_informal":0,"pct_internet":67,"pct_celular":80,"pct_televisor":100}},{"type":"Feature","geometry":{"type":"Polygon","coordinates":[[[-66.57161,-18.46962],[-66.57128,-18.4692],[-66.57175,-18.46891],[-66.57208,-18.46934],[-66.57161,-18.46962]]]},"properties":{"n":"UNCIA","p":42,"personas_x_ha":118,"masculinidad":110,"pct_menor20":29,"pct_60mas":17,"pct_migrante":33,"dependencia_econ":147,"pct_empleados":53,"pct_cuentapropia":35,"pct_agricultura":18,"pct_comercio":6,"pct_manufactura":18,"pct_construccion":0,"pct_transporte":12,"pct_alojamiento":6,"pct_sin_educacion":0,"pct_educ_superior":83,"brecha_educ":-8,"pct_sin_seguro":2,"pct_sus":45,"pct_seguro_privado":0,"brecha_seguro":-5,"pct_salud_publica":17,"pct_med_tradicional":13,"pct_automedicacion":25,"pct_remedios_caseros":24,"pct_viv_desocupada":0,"pct_alquiler":40,"pct_electricidad":93,"pct_sin_electricidad":7,"pct_agua_red":87,"pct_alcantarillado":87,"pct_camara_septica":0,"pct_pozo_ciego":0,"pct_sin_desague":13,"pct_gas_red":60,"pct_gas_garrafa":40,"pct_lena_guano":40,"pct_basura_formal":100,"pct_basura_quema":0,"pct_basura_informal":0,"pct_internet":87,"pct_celular":100,"pct_televisor":100}},{"type":"Feature","geometry":{"type":"Polygon","coordinates":[[[-66.56206,-18.46973],[-66.56168,-18.47008],[-66.56226,-18.47069],[-66.56263,-18.47034],[-66.56206,-18.46973]]]},"properties":{"n":"UNCIA","p":24,"personas_x_ha":46,"masculinidad":167,"pct_menor20":46,"pct_60mas":8,"pct_migrante":17,"dependencia_econ":100,"pct_empleados":17,"pct_cuentapropia":75,"pct_agricultura":0,"pct_comercio":42,"pct_manufactura":8,"pct_construccion":25,"pct_transporte":8,"pct_alojamiento":8,"pct_sin_educacion":13,"pct_educ_superior":27,"brecha_educ":-43,"pct_sin_seguro":0,"pct_sus":67,"pct_seguro_privado":0,"brecha_seguro":0,"pct_salud_publica":23,"pct_med_tradicional":15,"pct_automedicacion":19,"pct_remedios_caseros":17,"pct_viv_desocupada":0,"pct_alquiler":0,"pct_electricidad":93,"pct_sin_electricidad":7,"pct_agua_red":7,"pct_alcantarillado":0,"pct_camara_septica":7,"pct_pozo_ciego":33,"pct_sin_desague":53,"pct_gas_red":7,"pct_gas_garrafa":93,"pct_lena_guano":93,"pct_basura_formal":100,"pct_basura_quema":0,"pct_basura_informal":0,"pct_internet":87,"pct_celular":93,"pct_televisor":87}},{"type":"Feature","geometry":{"type":"Polygon","coordinates":[[[-66.5649,-18.46967],[-66.56532,-18.47029],[-66.56559,-18.47005],[-66.5652,-18.46942],[-66.5649,-18.46967]]]},"properties":{"n":"UNCIA","p":35,"personas_x_ha":106,"masculinidad":75,"pct_menor20":26,"pct_60mas":17,"pct_migrante":26,"dependencia_econ":169,"pct_empleados":62,"pct_cuentapropia":31,"pct_agricultura":0,"pct_comercio":0,"pct_manufactura":0,"pct_construccion":8,"pct_transporte":8,"pct_alojamiento":0,"pct_sin_educacion":15,"pct_educ_superior":62,"brecha_educ":-19,"pct_sin_seguro":9,"pct_sus":46,"pct_seguro_privado":0,"brecha_seguro":8,"pct_salud_publica":36,"pct_med_tradicional":11,"pct_automedicacion":7,"pct_remedios_caseros":11,"pct_viv_desocupada":7,"pct_alquiler":0,"pct_electricidad":100,"pct_sin_electricidad":0,"pct_agua_red":100,"pct_alcantarillado":100,"pct_camara_septica":0,"pct_pozo_ciego":0,"pct_sin_desague":0,"pct_gas_red":42,"pct_gas_garrafa":58,"pct_lena_guano":58,"pct_basura_formal":83,"pct_basura_quema":0,"pct_basura_informal":17,"pct_internet":83,"pct_celular":100,"pct_televisor":92}},{"type":"Feature","geometry":{"type":"Polygon","coordinates":[[[-66.56017,-18.47106],[-66.55947,-18.47013],[-66.55909,-18.4704],[-66.55981,-18.47137],[-66.56017,-18.47106]]]},"properties":{"n":"UNCIA","p":37,"personas_x_ha":55,"masculinidad":68,"pct_menor20":59,"pct_60mas":3,"pct_migrante":49,"dependencia_econ":270,"pct_empleados":20,"pct_cuentapropia":80,"pct_agricultura":30,"pct_comercio":40,"pct_manufactura":0,"pct_construccion":10,"pct_transporte":0,"pct_alojamiento":20,"pct_sin_educacion":24,"pct_educ_superior":18,"brecha_educ":-22,"pct_sin_seguro":0,"pct_sus":97,"pct_seguro_privado":0,"brecha_seguro":0,"pct_salud_publica":28,"pct_med_tradicional":9,"pct_automedicacion":24,"pct_remedios_caseros":28,"pct_viv_desocupada":14,"pct_alquiler":7,"pct_electricidad":93,"pct_sin_electricidad":7,"pct_agua_red":93,"pct_alcantarillado":87,"pct_camara_septica":0,"pct_pozo_ciego":0,"pct_sin_desague":13,"pct_gas_red":60,"pct_gas_garrafa":40,"pct_lena_guano":40,"pct_basura_formal":100,"pct_basura_quema":0,"pct_basura_informal":0,"pct_internet":73,"pct_celular":93,"pct_televisor":80}},{"type":"Feature","geometry":{"type":"Polygon","coordinates":[[[-66.56984,-18.46601],[-66.56937,-18.46567],[-66.56907,-18.4657],[-66.56886,-18.46586],[-66.56875,-18.46622],[-66.56917,-18.46638],[-66.56991,-18.46641],[-66.56984,-18.46601]]]},"properties":{"n":"UNCIA","p":78,"personas_x_ha":106,"masculinidad":53,"pct_menor20":32,"pct_60mas":18,"pct_migrante":42,"dependencia_econ":81,"pct_empleados":35,"pct_cuentapropia":53,"pct_agricultura":2,"pct_comercio":35,"pct_manufactura":0,"pct_construccion":2,"pct_transporte":14,"pct_alojamiento":2,"pct_sin_educacion":4,"pct_educ_superior":58,"brecha_educ":-18,"pct_sin_seguro":4,"pct_sus":84,"pct_seguro_privado":4,"brecha_seguro":0,"pct_salud_publica":32,"pct_med_tradicional":4,"pct_automedicacion":23,"pct_remedios_caseros":22,"pct_viv_desocupada":0,"pct_alquiler":26,"pct_electricidad":100,"pct_sin_electricidad":0,"pct_agua_red":100,"pct_alcantarillado":96,"pct_camara_septica":0,"pct_pozo_ciego":0,"pct_sin_desague":4,"pct_gas_red":39,"pct_gas_garrafa":57,"pct_lena_guano":57,"pct_basura_formal":100,"pct_basura_quema":0,"pct_basura_informal":0,"pct_internet":96,"pct_celular":100,"pct_televisor":91}},{"type":"Feature","geometry":{"type":"Polygon","coordinates":[[[-66.56337,-18.46647],[-66.56233,-18.4671],[-66.56275,-18.46762],[-66.56377,-18.46697],[-66.5636,-18.46673],[-66.56344,-18.46683],[-66.56332,-18.46667],[-66.56345,-18.46658],[-66.56337,-18.46647]]]},"properties":{"n":"UNCIA","p":33,"personas_x_ha":36,"masculinidad":27,"pct_menor20":45,"pct_60mas":3,"pct_migrante":36,"dependencia_econ":175,"pct_empleados":25,"pct_cuentapropia":67,"pct_agricultura":33,"pct_comercio":42,"pct_manufactura":0,"pct_construccion":0,"pct_transporte":8,"pct_alojamiento":0,"pct_sin_educacion":0,"pct_educ_superior":40,"brecha_educ":-13,"pct_sin_seguro":18,"pct_sus":52,"pct_seguro_privado":9,"brecha_seguro":13,"pct_salud_publica":20,"pct_med_tradicional":14,"pct_automedicacion":25,"pct_remedios_caseros":22,"pct_viv_desocupada":6,"pct_alquiler":8,"pct_electricidad":100,"pct_sin_electricidad":0,"pct_agua_red":62,"pct_alcantarillado":85,"pct_camara_septica":0,"pct_pozo_ciego":15,"pct_sin_desague":0,"pct_gas_red":77,"pct_gas_garrafa":23,"pct_lena_guano":23,"pct_basura_formal":92,"pct_basura_quema":8,"pct_basura_informal":0,"pct_internet":54,"pct_celular":85,"pct_televisor":77}},{"type":"Feature","geometry":{"type":"Polygon","coordinates":[[[-66.55397,-18.46831],[-66.55286,-18.46866],[-66.55307,-18.46922],[-66.55411,-18.46883],[-66.55397,-18.46831]]]},"properties":{"n":"UNCIA","p":25,"personas_x_ha":33,"masculinidad":47,"pct_menor20":44,"pct_60mas":8,"pct_migrante":48,"dependencia_econ":733,"pct_empleados":33,"pct_cuentapropia":67,"pct_agricultura":67,"pct_comercio":33,"pct_manufactura":0,"pct_construccion":0,"pct_transporte":0,"pct_alojamiento":0,"pct_sin_educacion":36,"pct_educ_superior":0,"brecha_educ":12,"pct_sin_seguro":4,"pct_sus":96,"pct_seguro_privado":0,"brecha_seguro":-6,"pct_salud_publica":71,"pct_med_tradicional":6,"pct_automedicacion":0,"pct_remedios_caseros":20,"pct_viv_desocupada":12,"pct_alquiler":0,"pct_electricidad":62,"pct_sin_electricidad":38,"pct_agua_red":0,"pct_alcantarillado":0,"pct_camara_septica":0,"pct_pozo_ciego":0,"pct_sin_desague":100,"pct_gas_red":0,"pct_gas_garrafa":100,"pct_lena_guano":100,"pct_basura_formal":0,"pct_basura_quema":69,"pct_basura_informal":0,"pct_internet":0,"pct_celular":46,"pct_televisor":54}},{"type":"Feature","geometry":{"type":"Polygon","coordinates":[[[-66.57113,-18.46698],[-66.57096,-18.46714],[-66.57031,-18.46743],[-66.57121,-18.46796],[-66.57156,-18.46762],[-66.57129,-18.46711],[-66.57113,-18.46698]]]},"properties":{"n":"UNCIA","p":86,"personas_x_ha":121,"masculinidad":83,"pct_menor20":31,"pct_60mas":21,"pct_migrante":31,"dependencia_econ":87,"pct_empleados":41,"pct_cuentapropia":37,"pct_agricultura":7,"pct_comercio":11,"pct_manufactura":0,"pct_construccion":2,"pct_transporte":2,"pct_alojamiento":13,"pct_sin_educacion":3,"pct_educ_superior":70,"brecha_educ":-11,"pct_sin_seguro":4,"pct_sus":47,"pct_seguro_privado":0,"brecha_seguro":3,"pct_salud_publica":17,"pct_med_tradicional":6,"pct_automedicacion":20,"pct_remedios_caseros":23,"pct_viv_desocupada":5,"pct_alquiler":0,"pct_electricidad":100,"pct_sin_electricidad":0,"pct_agua_red":100,"pct_alcantarillado":97,"pct_camara_septica":0,"pct_pozo_ciego":0,"pct_sin_desague":3,"pct_gas_red":72,"pct_gas_garrafa":28,"pct_lena_guano":28,"pct_basura_formal":97,"pct_basura_quema":0,"pct_basura_informal":0,"pct_internet":79,"pct_celular":93,"pct_televisor":93}},{"type":"Feature","geometry":{"type":"Polygon","coordinates":[[[-66.57594,-18.47242],[-66.57582,-18.47256],[-66.57517,-18.47204],[-66.57495,-18.47223],[-66.57581,-18.47295],[-66.57632,-18.47283],[-66.57637,-18.47277],[-66.57595,-18.47255],[-66.57602,-18.47247],[-66.57594,-18.47242]]]},"properties":{"n":"UNCIA","p":50,"personas_x_ha":93,"masculinidad":61,"pct_menor20":38,"pct_60mas":18,"pct_migrante":30,"dependencia_econ":194,"pct_empleados":35,"pct_cuentapropia":47,"pct_agricultura":35,"pct_comercio":6,"pct_manufactura":0,"pct_construccion":12,"pct_transporte":0,"pct_alojamiento":12,"pct_sin_educacion":29,"pct_educ_superior":29,"brecha_educ":-32,"pct_sin_seguro":10,"pct_sus":72,"pct_seguro_privado":0,"brecha_seguro":9,"pct_salud_publica":25,"pct_med_tradicional":13,"pct_automedicacion":18,"pct_remedios_caseros":23,"pct_viv_desocupada":8,"pct_alquiler":5,"pct_electricidad":100,"pct_sin_electricidad":0,"pct_agua_red":100,"pct_alcantarillado":91,"pct_camara_septica":0,"pct_pozo_ciego":0,"pct_sin_desague":9,"pct_gas_red":50,"pct_gas_garrafa":50,"pct_lena_guano":50,"pct_basura_formal":95,"pct_basura_quema":5,"pct_basura_informal":0,"pct_internet":59,"pct_celular":68,"pct_televisor":82}},{"type":"Feature","geometry":{"type":"Polygon","coordinates":[[[-66.55734,-18.46634],[-66.55814,-18.46578],[-66.55814,-18.46575],[-66.55698,-18.46585],[-66.55734,-18.46634]]]},"properties":{"n":"UNCIA","p":25,"personas_x_ha":67,"masculinidad":92,"pct_menor20":40,"pct_60mas":0,"pct_migrante":32,"dependencia_econ":150,"pct_empleados":50,"pct_cuentapropia":40,"pct_agricultura":0,"pct_comercio":30,"pct_manufactura":20,"pct_construccion":10,"pct_transporte":10,"pct_alojamiento":0,"pct_sin_educacion":7,"pct_educ_superior":40,"brecha_educ":-2,"pct_sin_seguro":8,"pct_sus":84,"pct_seguro_privado":0,"brecha_seguro":1,"pct_salud_publica":44,"pct_med_tradicional":10,"pct_automedicacion":0,"pct_remedios_caseros":33,"pct_viv_desocupada":0,"pct_alquiler":8,"pct_electricidad":100,"pct_sin_electricidad":0,"pct_agua_red":54,"pct_alcantarillado":62,"pct_camara_septica":0,"pct_pozo_ciego":0,"pct_sin_desague":38,"pct_gas_red":54,"pct_gas_garrafa":46,"pct_lena_guano":46,"pct_basura_formal":100,"pct_basura_quema":0,"pct_basura_informal":0,"pct_internet":69,"pct_celular":69,"pct_televisor":92}},{"type":"Feature","geometry":{"type":"Polygon","coordinates":[[[-66.56677,-18.46588],[-66.56762,-18.46604],[-66.56707,-18.46709],[-66.56652,-18.46721],[-66.56677,-18.46588]]]},"properties":{"n":"UNCIA","p":122,"personas_x_ha":120,"masculinidad":88,"pct_menor20":36,"pct_60mas":14,"pct_migrante":41,"dependencia_econ":130,"pct_empleados":42,"pct_cuentapropia":43,"pct_agricultura":9,"pct_comercio":15,"pct_manufactura":4,"pct_construccion":8,"pct_transporte":9,"pct_alojamiento":9,"pct_sin_educacion":6,"pct_educ_superior":58,"brecha_educ":-16,"pct_sin_seguro":7,"pct_sus":62,"pct_seguro_privado":0,"brecha_seguro":4,"pct_salud_publica":22,"pct_med_tradicional":17,"pct_automedicacion":18,"pct_remedios_caseros":20,"pct_viv_desocupada":6,"pct_alquiler":10,"pct_electricidad":100,"pct_sin_electricidad":0,"pct_agua_red":100,"pct_alcantarillado":95,"pct_camara_septica":0,"pct_pozo_ciego":0,"pct_sin_desague":5,"pct_gas_red":44,"pct_gas_garrafa":56,"pct_lena_guano":56,"pct_basura_formal":90,"pct_basura_quema":2,"pct_basura_informal":0,"pct_internet":76,"pct_celular":88,"pct_televisor":88}},{"type":"Feature","geometry":{"type":"Polygon","coordinates":[[[-66.5713,-18.4665],[-66.57043,-18.46619],[-66.5707,-18.46568],[-66.57141,-18.46598],[-66.5713,-18.4665]]]},"properties":{"n":"UNCIA","p":55,"personas_x_ha":98,"masculinidad":96,"pct_menor20":35,"pct_60mas":4,"pct_migrante":55,"dependencia_econ":72,"pct_empleados":53,"pct_cuentapropia":34,"pct_agricultura":0,"pct_comercio":19,"pct_manufactura":3,"pct_construccion":0,"pct_transporte":3,"pct_alojamiento":6,"pct_sin_educacion":0,"pct_educ_superior":83,"brecha_educ":0,"pct_sin_seguro":0,"pct_sus":47,"pct_seguro_privado":0,"brecha_seguro":0,"pct_salud_publica":18,"pct_med_tradicional":7,"pct_automedicacion":21,"pct_remedios_caseros":25,"pct_viv_desocupada":12,"pct_alquiler":38,"pct_electricidad":100,"pct_sin_electricidad":0,"pct_agua_red":100,"pct_alcantarillado":94,"pct_camara_septica":0,"pct_pozo_ciego":0,"pct_sin_desague":6,"pct_gas_red":62,"pct_gas_garrafa":38,"pct_lena_guano":38,"pct_basura_formal":81,"pct_basura_quema":0,"pct_basura_informal":0,"pct_internet":94,"pct_celular":100,"pct_televisor":94}},{"type":"Feature","geometry":{"type":"Polygon","coordinates":[[[-66.56021,-18.46651],[-66.55939,-18.46711],[-66.55966,-18.46746],[-66.56048,-18.46688],[-66.56021,-18.46651]]]},"properties":{"n":"UNCIA","p":48,"personas_x_ha":87,"masculinidad":85,"pct_menor20":52,"pct_60mas":8,"pct_migrante":12,"dependencia_econ":140,"pct_empleados":5,"pct_cuentapropia":60,"pct_agricultura":75,"pct_comercio":10,"pct_manufactura":0,"pct_construccion":5,"pct_transporte":0,"pct_alojamiento":5,"pct_sin_educacion":17,"pct_educ_superior":21,"brecha_educ":-31,"pct_sin_seguro":25,"pct_sus":75,"pct_seguro_privado":0,"brecha_seguro":13,"pct_salud_publica":32,"pct_med_tradicional":16,"pct_automedicacion":19,"pct_remedios_caseros":31,"pct_viv_desocupada":0,"pct_alquiler":0,"pct_electricidad":100,"pct_sin_electricidad":0,"pct_agua_red":67,"pct_alcantarillado":78,"pct_camara_septica":0,"pct_pozo_ciego":0,"pct_sin_desague":22,"pct_gas_red":78,"pct_gas_garrafa":22,"pct_lena_guano":22,"pct_basura_formal":100,"pct_basura_quema":0,"pct_basura_informal":0,"pct_internet":67,"pct_celular":89,"pct_televisor":78}},{"type":"Feature","geometry":{"type":"Polygon","coordinates":[[[-66.57462,-18.47451],[-66.57483,-18.47494],[-66.57493,-18.47495],[-66.57488,-18.47409],[-66.575,-18.47371],[-66.57515,-18.47345],[-66.57522,-18.47355],[-66.57534,-18.47346],[-66.57508,-18.47319],[-66.57476,-18.47364],[-66.57458,-18.47422],[-66.57462,-18.47451]]]},"properties":{"n":"UNCIA","p":16,"personas_x_ha":30,"masculinidad":45,"pct_menor20":31,"pct_60mas":12,"pct_migrante":44,"dependencia_econ":78,"pct_empleados":33,"pct_cuentapropia":44,"pct_agricultura":67,"pct_comercio":11,"pct_manufactura":0,"pct_construccion":0,"pct_transporte":0,"pct_alojamiento":0,"pct_sin_educacion":8,"pct_educ_superior":33,"brecha_educ":-25,"pct_sin_seguro":19,"pct_sus":56,"pct_seguro_privado":0,"brecha_seguro":-27,"pct_salud_publica":21,"pct_med_tradicional":18,"pct_automedicacion":18,"pct_remedios_caseros":16,"pct_viv_desocupada":0,"pct_alquiler":10,"pct_electricidad":100,"pct_sin_electricidad":0,"pct_agua_red":30,"pct_alcantarillado":30,"pct_camara_septica":0,"pct_pozo_ciego":0,"pct_sin_desague":70,"pct_gas_red":0,"pct_gas_garrafa":90,"pct_lena_guano":90,"pct_basura_formal":70,"pct_basura_quema":30,"pct_basura_informal":0,"pct_internet":70,"pct_celular":80,"pct_televisor":70}},{"type":"Feature","geometry":{"type":"Polygon","coordinates":[[[-66.57459,-18.47387],[-66.57454,-18.47423],[-66.57388,-18.47405],[-66.57328,-18.47399],[-66.57328,-18.47357],[-66.57459,-18.47387]]]},"properties":{"n":"UNCIA","p":35,"personas_x_ha":59,"masculinidad":84,"pct_menor20":57,"pct_60mas":9,"pct_migrante":26,"dependencia_econ":169,"pct_empleados":31,"pct_cuentapropia":62,"pct_agricultura":23,"pct_comercio":15,"pct_manufactura":15,"pct_construccion":8,"pct_transporte":8,"pct_alojamiento":0,"pct_sin_educacion":19,"pct_educ_superior":25,"brecha_educ":-27,"pct_sin_seguro":0,"pct_sus":69,"pct_seguro_privado":0,"brecha_seguro":0,"pct_salud_publica":19,"pct_med_tradicional":13,"pct_automedicacion":21,"pct_remedios_caseros":26,"pct_viv_desocupada":0,"pct_alquiler":0,"pct_electricidad":100,"pct_sin_electricidad":0,"pct_agua_red":88,"pct_alcantarillado":47,"pct_camara_septica":0,"pct_pozo_ciego":0,"pct_sin_desague":53,"pct_gas_red":35,"pct_gas_garrafa":59,"pct_lena_guano":59,"pct_basura_formal":88,"pct_basura_quema":6,"pct_basura_informal":12,"pct_internet":59,"pct_celular":76,"pct_televisor":88}},{"type":"Feature","geometry":{"type":"Polygon","coordinates":[[[-66.55382,-18.47371],[-66.55422,-18.47412],[-66.55351,-18.47474],[-66.55314,-18.47432],[-66.55382,-18.47371]]]},"properties":{"n":"UNCIA","p":32,"personas_x_ha":51,"masculinidad":39,"pct_menor20":56,"pct_60mas":3,"pct_migrante":6,"dependencia_econ":191,"pct_empleados":9,"pct_cuentapropia":55,"pct_agricultura":18,"pct_comercio":36,"pct_manufactura":27,"pct_construccion":9,"pct_transporte":0,"pct_alojamiento":0,"pct_sin_educacion":14,"pct_educ_superior":14,"brecha_educ":-54,"pct_sin_seguro":9,"pct_sus":91,"pct_seguro_privado":0,"brecha_seguro":-13,"pct_salud_publica":29,"pct_med_tradicional":19,"pct_automedicacion":17,"pct_remedios_caseros":26,"pct_viv_desocupada":0,"pct_alquiler":0,"pct_electricidad":94,"pct_sin_electricidad":0,"pct_agua_red":39,"pct_alcantarillado":0,"pct_camara_septica":0,"pct_pozo_ciego":50,"pct_sin_desague":50,"pct_gas_red":0,"pct_gas_garrafa":100,"pct_lena_guano":100,"pct_basura_formal":94,"pct_basura_quema":6,"pct_basura_informal":0,"pct_internet":89,"pct_celular":100,"pct_televisor":89}},{"type":"Feature","geometry":{"type":"Polygon","coordinates":[[[-66.56684,-18.46553],[-66.56593,-18.46549],[-66.566,-18.46516],[-66.5669,-18.46524],[-66.56684,-18.46553]]]},"properties":{"n":"UNCIA","p":33,"personas_x_ha":93,"masculinidad":120,"pct_menor20":36,"pct_60mas":12,"pct_migrante":55,"dependencia_econ":106,"pct_empleados":25,"pct_cuentapropia":62,"pct_agricultura":6,"pct_comercio":19,"pct_manufactura":12,"pct_construccion":0,"pct_transporte":6,"pct_alojamiento":19,"pct_sin_educacion":5,"pct_educ_superior":76,"brecha_educ":-30,"pct_sin_seguro":12,"pct_sus":45,"pct_seguro_privado":0,"brecha_seguro":-2,"pct_salud_publica":19,"pct_med_tradicional":18,"pct_automedicacion":17,"pct_remedios_caseros":23,"pct_viv_desocupada":26,"pct_alquiler":6,"pct_electricidad":100,"pct_sin_electricidad":0,"pct_agua_red":100,"pct_alcantarillado":94,"pct_camara_septica":0,"pct_pozo_ciego":0,"pct_sin_desague":6,"pct_gas_red":12,"pct_gas_garrafa":88,"pct_lena_guano":88,"pct_basura_formal":69,"pct_basura_quema":0,"pct_basura_informal":0,"pct_internet":81,"pct_celular":88,"pct_televisor":94}},{"type":"Feature","geometry":{"type":"Polygon","coordinates":[[[-66.57168,-18.46875],[-66.57213,-18.46927],[-66.5726,-18.46894],[-66.57188,-18.4685],[-66.57168,-18.46875]]]},"properties":{"n":"UNCIA","p":26,"personas_x_ha":65,"masculinidad":117,"pct_menor20":46,"pct_60mas":12,"pct_migrante":38,"dependencia_econ":117,"pct_empleados":42,"pct_cuentapropia":42,"pct_agricultura":0,"pct_comercio":17,"pct_manufactura":25,"pct_construccion":8,"pct_transporte":0,"pct_alojamiento":0,"pct_sin_educacion":0,"pct_educ_superior":43,"brecha_educ":-12,"pct_sin_seguro":0,"pct_sus":35,"pct_seguro_privado":0,"brecha_seguro":0,"pct_salud_publica":25,"pct_med_tradicional":11,"pct_automedicacion":10,"pct_remedios_caseros":22,"pct_viv_desocupada":0,"pct_alquiler":25,"pct_electricidad":100,"pct_sin_electricidad":0,"pct_agua_red":100,"pct_alcantarillado":62,"pct_camara_septica":0,"pct_pozo_ciego":0,"pct_sin_desague":12,"pct_gas_red":62,"pct_gas_garrafa":38,"pct_lena_guano":38,"pct_basura_formal":100,"pct_basura_quema":0,"pct_basura_informal":0,"pct_internet":88,"pct_celular":100,"pct_televisor":100}},{"type":"Feature","geometry":{"type":"Polygon","coordinates":[[[-66.55654,-18.47108],[-66.55616,-18.47136],[-66.55551,-18.47078],[-66.55511,-18.47104],[-66.55505,-18.47081],[-66.55557,-18.47044],[-66.55654,-18.47108]]]},"properties":{"n":"UNCIA","p":32,"personas_x_ha":51,"masculinidad":39,"pct_menor20":50,"pct_60mas":6,"pct_migrante":12,"dependencia_econ":146,"pct_empleados":15,"pct_cuentapropia":85,"pct_agricultura":62,"pct_comercio":8,"pct_manufactura":0,"pct_construccion":0,"pct_transporte":8,"pct_alojamiento":15,"pct_sin_educacion":11,"pct_educ_superior":11,"brecha_educ":-69,"pct_sin_seguro":9,"pct_sus":91,"pct_seguro_privado":0,"brecha_seguro":2,"pct_salud_publica":25,"pct_med_tradicional":11,"pct_automedicacion":22,"pct_remedios_caseros":26,"pct_viv_desocupada":11,"pct_alquiler":0,"pct_electricidad":87,"pct_sin_electricidad":13,"pct_agua_red":13,"pct_alcantarillado":7,"pct_camara_septica":0,"pct_pozo_ciego":20,"pct_sin_desague":73,"pct_gas_red":0,"pct_gas_garrafa":100,"pct_lena_guano":100,"pct_basura_formal":27,"pct_basura_quema":73,"pct_basura_informal":0,"pct_internet":73,"pct_celular":87,"pct_televisor":73}},{"type":"Feature","geometry":{"type":"Polygon","coordinates":[[[-66.56043,-18.47221],[-66.56079,-18.4719],[-66.56026,-18.47134],[-66.55988,-18.47166],[-66.56043,-18.47221]]]},"properties":{"n":"UNCIA","p":33,"personas_x_ha":73,"masculinidad":83,"pct_menor20":45,"pct_60mas":12,"pct_migrante":21,"dependencia_econ":136,"pct_empleados":43,"pct_cuentapropia":43,"pct_agricultura":21,"pct_comercio":14,"pct_manufactura":21,"pct_construccion":0,"pct_transporte":14,"pct_alojamiento":0,"pct_sin_educacion":20,"pct_educ_superior":15,"brecha_educ":8,"pct_sin_seguro":3,"pct_sus":67,"pct_seguro_privado":0,"brecha_seguro":7,"pct_salud_publica":19,"pct_med_tradicional":18,"pct_automedicacion":24,"pct_remedios_caseros":22,"pct_viv_desocupada":0,"pct_alquiler":6,"pct_electricidad":94,"pct_sin_electricidad":6,"pct_agua_red":31,"pct_alcantarillado":6,"pct_camara_septica":6,"pct_pozo_ciego":31,"pct_sin_desague":56,"pct_gas_red":75,"pct_gas_garrafa":25,"pct_lena_guano":25,"pct_basura_formal":81,"pct_basura_quema":6,"pct_basura_informal":0,"pct_internet":81,"pct_celular":94,"pct_televisor":81}},{"type":"Feature","geometry":{"type":"Polygon","coordinates":[[[-66.57067,-18.46559],[-66.57052,-18.46588],[-66.57016,-18.46573],[-66.5703,-18.46533],[-66.57051,-18.46539],[-66.57034,-18.46528],[-66.57039,-18.46509],[-66.57087,-18.46531],[-66.57108,-18.46533],[-66.57108,-18.46541],[-66.57152,-18.46577],[-66.57183,-18.4659],[-66.57193,-18.4661],[-66.57067,-18.46559]]]},"properties":{"n":"UNCIA","p":25,"personas_x_ha":34,"masculinidad":92,"pct_menor20":32,"pct_60mas":44,"pct_migrante":24,"dependencia_econ":92,"pct_empleados":77,"pct_cuentapropia":8,"pct_agricultura":0,"pct_comercio":15,"pct_manufactura":0,"pct_construccion":0,"pct_transporte":0,"pct_alojamiento":15,"pct_sin_educacion":0,"pct_educ_superior":33,"brecha_educ":-15,"pct_sin_seguro":4,"pct_sus":20,"pct_seguro_privado":0,"brecha_seguro":8,"pct_salud_publica":27,"pct_med_tradicional":6,"pct_automedicacion":10,"pct_remedios_caseros":30,"pct_viv_desocupada":19,"pct_alquiler":20,"pct_electricidad":90,"pct_sin_electricidad":10,"pct_agua_red":100,"pct_alcantarillado":50,"pct_camara_septica":0,"pct_pozo_ciego":0,"pct_sin_desague":20,"pct_gas_red":50,"pct_gas_garrafa":40,"pct_lena_guano":40,"pct_basura_formal":40,"pct_basura_quema":10,"pct_basura_informal":0,"pct_internet":70,"pct_celular":90,"pct_televisor":100}},{"type":"Feature","geometry":{"type":"Polygon","coordinates":[[[-66.55825,-18.46499],[-66.55831,-18.46556],[-66.55944,-18.46544],[-66.55939,-18.46491],[-66.55825,-18.46499]]]},"properties":{"n":"UNCIA","p":33,"personas_x_ha":43,"masculinidad":83,"pct_menor20":33,"pct_60mas":12,"pct_migrante":21,"dependencia_econ":74,"pct_empleados":21,"pct_cuentapropia":68,"pct_agricultura":32,"pct_comercio":32,"pct_manufactura":0,"pct_construccion":0,"pct_transporte":0,"pct_alojamiento":5,"pct_sin_educacion":30,"pct_educ_superior":35,"brecha_educ":-24,"pct_sin_seguro":15,"pct_sus":85,"pct_seguro_privado":0,"brecha_seguro":9,"pct_salud_publica":22,"pct_med_tradicional":15,"pct_automedicacion":26,"pct_remedios_caseros":27,"pct_viv_desocupada":0,"pct_alquiler":0,"pct_electricidad":95,"pct_sin_electricidad":5,"pct_agua_red":0,"pct_alcantarillado":0,"pct_camara_septica":0,"pct_pozo_ciego":9,"pct_sin_desague":91,"pct_gas_red":45,"pct_gas_garrafa":55,"pct_lena_guano":55,"pct_basura_formal":59,"pct_basura_quema":27,"pct_basura_informal":0,"pct_internet":73,"pct_celular":77,"pct_televisor":77}},{"type":"Feature","geometry":{"type":"Polygon","coordinates":[[[-66.56794,-18.46574],[-66.56797,-18.46556],[-66.56827,-18.46555],[-66.56795,-18.46606],[-66.56775,-18.466],[-66.56794,-18.46574]]]},"properties":{"n":"UNCIA","p":28,"personas_x_ha":187,"masculinidad":75,"pct_menor20":21,"pct_60mas":18,"pct_migrante":50,"dependencia_econ":100,"pct_empleados":29,"pct_cuentapropia":64,"pct_agricultura":0,"pct_comercio":14,"pct_manufactura":29,"pct_construccion":0,"pct_transporte":0,"pct_alojamiento":29,"pct_sin_educacion":4,"pct_educ_superior":52,"brecha_educ":-13,"pct_sin_seguro":14,"pct_sus":25,"pct_seguro_privado":0,"brecha_seguro":-10,"pct_salud_publica":19,"pct_med_tradicional":6,"pct_automedicacion":18,"pct_remedios_caseros":22,"pct_viv_desocupada":27,"pct_alquiler":0,"pct_electricidad":100,"pct_sin_electricidad":0,"pct_agua_red":100,"pct_alcantarillado":88,"pct_camara_septica":0,"pct_pozo_ciego":0,"pct_sin_desague":12,"pct_gas_red":12,"pct_gas_garrafa":88,"pct_lena_guano":88,"pct_basura_formal":75,"pct_basura_quema":0,"pct_basura_informal":0,"pct_internet":88,"pct_celular":100,"pct_televisor":100}},{"type":"Feature","geometry":{"type":"Polygon","coordinates":[[[-66.58005,-18.4721],[-66.57996,-18.47202],[-66.58018,-18.47176],[-66.58027,-18.47183],[-66.58005,-18.4721]]]},"properties":{"n":"UNCIA","p":22,"personas_x_ha":440,"masculinidad":83,"pct_menor20":27,"pct_60mas":23,"pct_migrante":50,"dependencia_econ":120,"pct_empleados":30,"pct_cuentapropia":60,"pct_agricultura":10,"pct_comercio":10,"pct_manufactura":20,"pct_construccion":10,"pct_transporte":10,"pct_alojamiento":0,"pct_sin_educacion":12,"pct_educ_superior":12,"brecha_educ":-25,"pct_sin_seguro":0,"pct_sus":55,"pct_seguro_privado":0,"brecha_seguro":0,"pct_salud_publica":23,"pct_med_tradicional":10,"pct_automedicacion":22,"pct_remedios_caseros":21,"pct_viv_desocupada":0,"pct_alquiler":0,"pct_electricidad":100,"pct_sin_electricidad":0,"pct_agua_red":100,"pct_alcantarillado":0,"pct_camara_septica":0,"pct_pozo_ciego":0,"pct_sin_desague":100,"pct_gas_red":0,"pct_gas_garrafa":100,"pct_lena_guano":100,"pct_basura_formal":100,"pct_basura_quema":0,"pct_basura_informal":0,"pct_internet":100,"pct_celular":100,"pct_televisor":100}},{"type":"Feature","geometry":{"type":"Polygon","coordinates":[[[-66.55804,-18.46722],[-66.55841,-18.46694],[-66.55777,-18.46618],[-66.55742,-18.46645],[-66.55804,-18.46722]]]},"properties":{"n":"UNCIA","p":41,"personas_x_ha":74,"masculinidad":86,"pct_menor20":54,"pct_60mas":7,"pct_migrante":56,"dependencia_econ":567,"pct_empleados":17,"pct_cuentapropia":83,"pct_agricultura":50,"pct_comercio":33,"pct_manufactura":0,"pct_construccion":0,"pct_transporte":0,"pct_alojamiento":0,"pct_sin_educacion":19,"pct_educ_superior":14,"brecha_educ":3,"pct_sin_seguro":20,"pct_sus":75,"pct_seguro_privado":0,"brecha_seguro":-16,"pct_salud_publica":21,"pct_med_tradicional":24,"pct_automedicacion":20,"pct_remedios_caseros":25,"pct_viv_desocupada":0,"pct_alquiler":6,"pct_electricidad":94,"pct_sin_electricidad":6,"pct_agua_red":94,"pct_alcantarillado":89,"pct_camara_septica":0,"pct_pozo_ciego":0,"pct_sin_desague":11,"pct_gas_red":78,"pct_gas_garrafa":22,"pct_lena_guano":22,"pct_basura_formal":100,"pct_basura_quema":0,"pct_basura_informal":0,"pct_internet":78,"pct_celular":83,"pct_televisor":78}},{"type":"Feature","geometry":{"type":"Polygon","coordinates":[[[-66.56266,-18.46502],[-66.56088,-18.46487],[-66.5609,-18.46535],[-66.5627,-18.46538],[-66.56266,-18.46502]]]},"properties":{"n":"UNCIA","p":43,"personas_x_ha":50,"masculinidad":115,"pct_menor20":35,"pct_60mas":14,"pct_migrante":37,"dependencia_econ":95,"pct_empleados":18,"pct_cuentapropia":36,"pct_agricultura":18,"pct_comercio":45,"pct_manufactura":5,"pct_construccion":0,"pct_transporte":5,"pct_alojamiento":0,"pct_sin_educacion":11,"pct_educ_superior":25,"brecha_educ":-12,"pct_sin_seguro":16,"pct_sus":77,"pct_seguro_privado":0,"brecha_seguro":2,"pct_salud_publica":26,"pct_med_tradicional":14,"pct_automedicacion":23,"pct_remedios_caseros":26,"pct_viv_desocupada":0,"pct_alquiler":5,"pct_electricidad":85,"pct_sin_electricidad":15,"pct_agua_red":35,"pct_alcantarillado":35,"pct_camara_septica":0,"pct_pozo_ciego":15,"pct_sin_desague":40,"pct_gas_red":50,"pct_gas_garrafa":45,"pct_lena_guano":45,"pct_basura_formal":80,"pct_basura_quema":10,"pct_basura_informal":10,"pct_internet":50,"pct_celular":90,"pct_televisor":90}},{"type":"Feature","geometry":{"type":"Polygon","coordinates":[[[-66.56142,-18.46992],[-66.56086,-18.46913],[-66.56035,-18.4695],[-66.56106,-18.47027],[-66.56142,-18.46992]]]},"properties":{"n":"UNCIA","p":31,"personas_x_ha":44,"masculinidad":72,"pct_menor20":35,"pct_60mas":10,"pct_migrante":35,"dependencia_econ":94,"pct_empleados":19,"pct_cuentapropia":62,"pct_agricultura":31,"pct_comercio":31,"pct_manufactura":0,"pct_construccion":12,"pct_transporte":0,"pct_alojamiento":6,"pct_sin_educacion":15,"pct_educ_superior":30,"brecha_educ":-24,"pct_sin_seguro":10,"pct_sus":61,"pct_seguro_privado":0,"brecha_seguro":-3,"pct_salud_publica":21,"pct_med_tradicional":15,"pct_automedicacion":21,"pct_remedios_caseros":29,"pct_viv_desocupada":0,"pct_alquiler":0,"pct_electricidad":100,"pct_sin_electricidad":0,"pct_agua_red":84,"pct_alcantarillado":84,"pct_camara_septica":0,"pct_pozo_ciego":0,"pct_sin_desague":16,"pct_gas_red":47,"pct_gas_garrafa":53,"pct_lena_guano":53,"pct_basura_formal":95,"pct_basura_quema":0,"pct_basura_informal":0,"pct_internet":89,"pct_celular":100,"pct_televisor":89}},{"type":"Feature","geometry":{"type":"Polygon","coordinates":[[[-66.57061,-18.46836],[-66.57026,-18.46817],[-66.57049,-18.46769],[-66.57093,-18.46793],[-66.57061,-18.46836]]]},"properties":{"n":"UNCIA","p":41,"personas_x_ha":142,"masculinidad":64,"pct_menor20":27,"pct_60mas":17,"pct_migrante":49,"dependencia_econ":128,"pct_empleados":56,"pct_cuentapropia":39,"pct_agricultura":0,"pct_comercio":6,"pct_manufactura":0,"pct_construccion":28,"pct_transporte":6,"pct_alojamiento":11,"pct_sin_educacion":3,"pct_educ_superior":74,"brecha_educ":-7,"pct_sin_seguro":10,"pct_sus":66,"pct_seguro_privado":0,"brecha_seguro":5,"pct_salud_publica":20,"pct_med_tradicional":11,"pct_automedicacion":27,"pct_remedios_caseros":29,"pct_viv_desocupada":0,"pct_alquiler":33,"pct_electricidad":100,"pct_sin_electricidad":0,"pct_agua_red":93,"pct_alcantarillado":93,"pct_camara_septica":0,"pct_pozo_ciego":0,"pct_sin_desague":7,"pct_gas_red":60,"pct_gas_garrafa":40,"pct_lena_guano":40,"pct_basura_formal":100,"pct_basura_quema":0,"pct_basura_informal":0,"pct_internet":93,"pct_celular":93,"pct_televisor":93}},{"type":"Feature","geometry":{"type":"Polygon","coordinates":[[[-66.57337,-18.46977],[-66.57262,-18.46897],[-66.57219,-18.46932],[-66.57301,-18.47006],[-66.57337,-18.46977]]]},"properties":{"n":"UNCIA","p":88,"personas_x_ha":134,"masculinidad":83,"pct_menor20":35,"pct_60mas":10,"pct_migrante":28,"dependencia_econ":115,"pct_empleados":32,"pct_cuentapropia":51,"pct_agricultura":7,"pct_comercio":12,"pct_manufactura":5,"pct_construccion":0,"pct_transporte":5,"pct_alojamiento":10,"pct_sin_educacion":2,"pct_educ_superior":67,"brecha_educ":-10,"pct_sin_seguro":8,"pct_sus":51,"pct_seguro_privado":0,"brecha_seguro":8,"pct_salud_publica":22,"pct_med_tradicional":9,"pct_automedicacion":25,"pct_remedios_caseros":23,"pct_viv_desocupada":6,"pct_alquiler":25,"pct_electricidad":100,"pct_sin_electricidad":0,"pct_agua_red":100,"pct_alcantarillado":89,"pct_camara_septica":0,"pct_pozo_ciego":0,"pct_sin_desague":4,"pct_gas_red":75,"pct_gas_garrafa":21,"pct_lena_guano":25,"pct_basura_formal":100,"pct_basura_quema":0,"pct_basura_informal":0,"pct_internet":96,"pct_celular":93,"pct_televisor":96}},{"type":"Feature","geometry":{"type":"Polygon","coordinates":[[[-66.56722,-18.46864],[-66.56697,-18.46826],[-66.56655,-18.4685],[-66.56646,-18.46836],[-66.56618,-18.46842],[-66.56663,-18.46923],[-66.5669,-18.46908],[-66.56706,-18.4689],[-66.567,-18.46876],[-66.56722,-18.46864]]]},"properties":{"n":"UNCIA","p":33,"personas_x_ha":52,"masculinidad":267,"pct_menor20":67,"pct_60mas":6,"pct_migrante":73,"dependencia_econ":230,"pct_empleados":70,"pct_cuentapropia":30,"pct_agricultura":0,"pct_comercio":30,"pct_manufactura":30,"pct_construccion":10,"pct_transporte":0,"pct_alojamiento":20,"pct_sin_educacion":8,"pct_educ_superior":50,"brecha_educ":0,"pct_sin_seguro":0,"pct_sus":9,"pct_seguro_privado":3,"brecha_seguro":0,"pct_salud_publica":15,"pct_med_tradicional":0,"pct_automedicacion":0,"pct_remedios_caseros":0,"pct_viv_desocupada":0,"pct_alquiler":0,"pct_electricidad":100,"pct_sin_electricidad":0,"pct_agua_red":67,"pct_alcantarillado":83,"pct_camara_septica":0,"pct_pozo_ciego":0,"pct_sin_desague":17,"pct_gas_red":33,"pct_gas_garrafa":67,"pct_lena_guano":67,"pct_basura_formal":100,"pct_basura_quema":0,"pct_basura_informal":0,"pct_internet":83,"pct_celular":100,"pct_televisor":83}},{"type":"Feature","geometry":{"type":"Polygon","coordinates":[[[-66.56371,-18.47053],[-66.56321,-18.47],[-66.5628,-18.47036],[-66.56331,-18.4709],[-66.56371,-18.47053]]]},"properties":{"n":"UNCIA","p":29,"personas_x_ha":60,"masculinidad":107,"pct_menor20":45,"pct_60mas":7,"pct_migrante":31,"dependencia_econ":93,"pct_empleados":33,"pct_cuentapropia":53,"pct_agricultura":0,"pct_comercio":40,"pct_manufactura":7,"pct_construccion":20,"pct_transporte":13,"pct_alojamiento":0,"pct_sin_educacion":6,"pct_educ_superior":12,"brecha_educ":-5,"pct_sin_seguro":9,"pct_sus":78,"pct_seguro_privado":0,"brecha_seguro":-2,"pct_salud_publica":27,"pct_med_tradicional":11,"pct_automedicacion":25,"pct_remedios_caseros":17,"pct_viv_desocupada":0,"pct_alquiler":6,"pct_electricidad":100,"pct_sin_electricidad":0,"pct_agua_red":24,"pct_alcantarillado":6,"pct_camara_septica":0,"pct_pozo_ciego":47,"pct_sin_desague":47,"pct_gas_red":18,"pct_gas_garrafa":82,"pct_lena_guano":82,"pct_basura_formal":94,"pct_basura_quema":6,"pct_basura_informal":0,"pct_internet":76,"pct_celular":94,"pct_televisor":71}},{"type":"Feature","geometry":{"type":"Polygon","coordinates":[[[-66.55731,-18.46845],[-66.55702,-18.4681],[-66.55625,-18.46865],[-66.55653,-18.46902],[-66.55731,-18.46845]]]},"properties":{"n":"UNCIA","p":53,"personas_x_ha":101,"masculinidad":56,"pct_menor20":62,"pct_60mas":8,"pct_migrante":30,"dependencia_econ":165,"pct_empleados":0,"pct_cuentapropia":50,"pct_agricultura":60,"pct_comercio":20,"pct_manufactura":0,"pct_construccion":5,"pct_transporte":0,"pct_alojamiento":5,"pct_sin_educacion":29,"pct_educ_superior":14,"brecha_educ":-53,"pct_sin_seguro":8,"pct_sus":92,"pct_seguro_privado":0,"brecha_seguro":5,"pct_salud_publica":28,"pct_med_tradicional":13,"pct_automedicacion":22,"pct_remedios_caseros":32,"pct_viv_desocupada":5,"pct_alquiler":5,"pct_electricidad":95,"pct_sin_electricidad":5,"pct_agua_red":74,"pct_alcantarillado":79,"pct_camara_septica":0,"pct_pozo_ciego":0,"pct_sin_desague":21,"pct_gas_red":63,"pct_gas_garrafa":37,"pct_lena_guano":37,"pct_basura_formal":95,"pct_basura_quema":0,"pct_basura_informal":0,"pct_internet":47,"pct_celular":68,"pct_televisor":53}},{"type":"Feature","geometry":{"type":"Polygon","coordinates":[[[-66.57436,-18.46958],[-66.57407,-18.46927],[-66.57392,-18.46939],[-66.57421,-18.46971],[-66.57436,-18.46958]]]},"properties":{"n":"UNCIA","p":35,"personas_x_ha":358,"masculinidad":84,"pct_menor20":37,"pct_60mas":9,"pct_migrante":37,"dependencia_econ":183,"pct_empleados":50,"pct_cuentapropia":33,"pct_agricultura":0,"pct_comercio":8,"pct_manufactura":0,"pct_construccion":17,"pct_transporte":8,"pct_alojamiento":8,"pct_sin_educacion":5,"pct_educ_superior":64,"brecha_educ":-15,"pct_sin_seguro":0,"pct_sus":26,"pct_seguro_privado":0,"brecha_seguro":0,"pct_salud_publica":15,"pct_med_tradicional":2,"pct_automedicacion":16,"pct_remedios_caseros":32,"pct_viv_desocupada":0,"pct_alquiler":25,"pct_electricidad":100,"pct_sin_electricidad":0,"pct_agua_red":100,"pct_alcantarillado":100,"pct_camara_septica":0,"pct_pozo_ciego":0,"pct_sin_desague":0,"pct_gas_red":58,"pct_gas_garrafa":42,"pct_lena_guano":42,"pct_basura_formal":100,"pct_basura_quema":0,"pct_basura_informal":0,"pct_internet":50,"pct_celular":67,"pct_televisor":67}},{"type":"Feature","geometry":{"type":"Polygon","coordinates":[[[-66.56572,-18.46741],[-66.56556,-18.46641],[-66.5655,-18.46641],[-66.56522,-18.46727],[-66.56491,-18.46762],[-66.56572,-18.46741]]]},"properties":{"n":"UNCIA","p":46,"personas_x_ha":106,"masculinidad":100,"pct_menor20":20,"pct_60mas":17,"pct_migrante":43,"dependencia_econ":70,"pct_empleados":44,"pct_cuentapropia":37,"pct_agricultura":15,"pct_comercio":11,"pct_manufactura":7,"pct_construccion":7,"pct_transporte":4,"pct_alojamiento":0,"pct_sin_educacion":0,"pct_educ_superior":65,"brecha_educ":-7,"pct_sin_seguro":13,"pct_sus":52,"pct_seguro_privado":0,"brecha_seguro":0,"pct_salud_publica":17,"pct_med_tradicional":21,"pct_automedicacion":19,"pct_remedios_caseros":23,"pct_viv_desocupada":0,"pct_alquiler":24,"pct_electricidad":100,"pct_sin_electricidad":0,"pct_agua_red":94,"pct_alcantarillado":94,"pct_camara_septica":0,"pct_pozo_ciego":0,"pct_sin_desague":6,"pct_gas_red":47,"pct_gas_garrafa":53,"pct_lena_guano":53,"pct_basura_formal":94,"pct_basura_quema":6,"pct_basura_informal":0,"pct_internet":82,"pct_celular":100,"pct_televisor":100}},{"type":"Feature","geometry":{"type":"Polygon","coordinates":[[[-66.56653,-18.46923],[-66.56614,-18.46862],[-66.56577,-18.46891],[-66.56617,-18.46952],[-66.56653,-18.46923]]]},"properties":{"n":"UNCIA","p":52,"personas_x_ha":130,"masculinidad":86,"pct_menor20":48,"pct_60mas":6,"pct_migrante":35,"dependencia_econ":200,"pct_empleados":24,"pct_cuentapropia":47,"pct_agricultura":35,"pct_comercio":18,"pct_manufactura":0,"pct_construccion":6,"pct_transporte":12,"pct_alojamiento":12,"pct_sin_educacion":4,"pct_educ_superior":43,"brecha_educ":-8,"pct_sin_seguro":31,"pct_sus":35,"pct_seguro_privado":0,"brecha_seguro":0,"pct_salud_publica":18,"pct_med_tradicional":6,"pct_automedicacion":28,"pct_remedios_caseros":29,"pct_viv_desocupada":11,"pct_alquiler":19,"pct_electricidad":100,"pct_sin_electricidad":0,"pct_agua_red":94,"pct_alcantarillado":88,"pct_camara_septica":0,"pct_pozo_ciego":0,"pct_sin_desague":12,"pct_gas_red":44,"pct_gas_garrafa":56,"pct_lena_guano":56,"pct_basura_formal":100,"pct_basura_quema":0,"pct_basura_informal":0,"pct_internet":94,"pct_celular":94,"pct_televisor":88}},{"type":"Feature","geometry":{"type":"Polygon","coordinates":[[[-66.56829,-18.46697],[-66.56833,-18.46688],[-66.56748,-18.46637],[-66.56717,-18.46704],[-66.56829,-18.46697]]]},"properties":{"n":"UNCIA","p":71,"personas_x_ha":148,"masculinidad":97,"pct_menor20":38,"pct_60mas":17,"pct_migrante":42,"dependencia_econ":138,"pct_empleados":45,"pct_cuentapropia":31,"pct_agricultura":0,"pct_comercio":14,"pct_manufactura":0,"pct_construccion":0,"pct_transporte":10,"pct_alojamiento":7,"pct_sin_educacion":9,"pct_educ_superior":55,"brecha_educ":-7,"pct_sin_seguro":1,"pct_sus":58,"pct_seguro_privado":0,"brecha_seguro":-3,"pct_salud_publica":26,"pct_med_tradicional":4,"pct_automedicacion":18,"pct_remedios_caseros":14,"pct_viv_desocupada":7,"pct_alquiler":29,"pct_electricidad":100,"pct_sin_electricidad":0,"pct_agua_red":100,"pct_alcantarillado":100,"pct_camara_septica":0,"pct_pozo_ciego":0,"pct_sin_desague":0,"pct_gas_red":33,"pct_gas_garrafa":67,"pct_lena_guano":67,"pct_basura_formal":100,"pct_basura_quema":0,"pct_basura_informal":0,"pct_internet":79,"pct_celular":92,"pct_televisor":100}},{"type":"Feature","geometry":{"type":"Polygon","coordinates":[[[-66.55837,-18.46976],[-66.55777,-18.46898],[-66.55739,-18.46924],[-66.55799,-18.47003],[-66.55837,-18.46976]]]},"properties":{"n":"UNCIA","p":34,"personas_x_ha":60,"masculinidad":89,"pct_menor20":53,"pct_60mas":6,"pct_migrante":15,"dependencia_econ":278,"pct_empleados":22,"pct_cuentapropia":67,"pct_agricultura":22,"pct_comercio":33,"pct_manufactura":0,"pct_construccion":11,"pct_transporte":0,"pct_alojamiento":11,"pct_sin_educacion":16,"pct_educ_superior":16,"brecha_educ":-29,"pct_sin_seguro":6,"pct_sus":74,"pct_seguro_privado":0,"brecha_seguro":1,"pct_salud_publica":24,"pct_med_tradicional":18,"pct_automedicacion":24,"pct_remedios_caseros":17,"pct_viv_desocupada":0,"pct_alquiler":0,"pct_electricidad":76,"pct_sin_electricidad":18,"pct_agua_red":76,"pct_alcantarillado":65,"pct_camara_septica":0,"pct_pozo_ciego":6,"pct_sin_desague":29,"pct_gas_red":53,"pct_gas_garrafa":47,"pct_lena_guano":47,"pct_basura_formal":76,"pct_basura_quema":24,"pct_basura_informal":0,"pct_internet":76,"pct_celular":88,"pct_televisor":71}},{"type":"Feature","geometry":{"type":"Polygon","coordinates":[[[-66.56907,-18.46904],[-66.5684,-18.46938],[-66.5683,-18.46935],[-66.56827,-18.46944],[-66.56805,-18.46935],[-66.56797,-18.46951],[-66.56776,-18.46941],[-66.56797,-18.46898],[-66.56842,-18.46915],[-66.56924,-18.46878],[-66.56937,-18.46883],[-66.5694,-18.46874],[-66.56965,-18.46876],[-66.56964,-18.46906],[-66.56907,-18.46904]]]},"properties":{"n":"UNCIA","p":20,"personas_x_ha":35,"masculinidad":122,"pct_menor20":50,"pct_60mas":0,"pct_migrante":70,"dependencia_econ":122,"pct_empleados":22,"pct_cuentapropia":67,"pct_agricultura":11,"pct_comercio":11,"pct_manufactura":0,"pct_construccion":33,"pct_transporte":0,"pct_alojamiento":11,"pct_sin_educacion":0,"pct_educ_superior":70,"brecha_educ":-17,"pct_sin_seguro":0,"pct_sus":40,"pct_seguro_privado":0,"brecha_seguro":0,"pct_salud_publica":9,"pct_med_tradicional":14,"pct_automedicacion":20,"pct_remedios_caseros":22,"pct_viv_desocupada":0,"pct_alquiler":22,"pct_electricidad":89,"pct_sin_electricidad":0,"pct_agua_red":89,"pct_alcantarillado":78,"pct_camara_septica":0,"pct_pozo_ciego":0,"pct_sin_desague":11,"pct_gas_red":33,"pct_gas_garrafa":67,"pct_lena_guano":67,"pct_basura_formal":100,"pct_basura_quema":0,"pct_basura_informal":0,"pct_internet":100,"pct_celular":100,"pct_televisor":67}},{"type":"Feature","geometry":{"type":"Polygon","coordinates":[[[-66.55882,-18.46821],[-66.55944,-18.46899],[-66.5598,-18.46872],[-66.55918,-18.46795],[-66.55882,-18.46821]]]},"properties":{"n":"UNCIA","p":18,"personas_x_ha":34,"masculinidad":38,"pct_menor20":39,"pct_60mas":11,"pct_migrante":39,"dependencia_econ":64,"pct_empleados":18,"pct_cuentapropia":55,"pct_agricultura":36,"pct_comercio":18,"pct_manufactura":0,"pct_construccion":0,"pct_transporte":0,"pct_alojamiento":18,"pct_sin_educacion":18,"pct_educ_superior":9,"brecha_educ":-50,"pct_sin_seguro":17,"pct_sus":83,"pct_seguro_privado":0,"brecha_seguro":5,"pct_salud_publica":25,"pct_med_tradicional":11,"pct_automedicacion":30,"pct_remedios_caseros":30,"pct_viv_desocupada":0,"pct_alquiler":0,"pct_electricidad":100,"pct_sin_electricidad":0,"pct_agua_red":100,"pct_alcantarillado":90,"pct_camara_septica":0,"pct_pozo_ciego":0,"pct_sin_desague":10,"pct_gas_red":60,"pct_gas_garrafa":30,"pct_lena_guano":30,"pct_basura_formal":100,"pct_basura_quema":0,"pct_basura_informal":0,"pct_internet":90,"pct_celular":90,"pct_televisor":60}},{"type":"Feature","geometry":{"type":"Polygon","coordinates":[[[-66.57329,-18.46879],[-66.57267,-18.46809],[-66.57252,-18.46821],[-66.57315,-18.46891],[-66.57329,-18.46879]]]},"properties":{"n":"UNCIA","p":45,"personas_x_ha":211,"masculinidad":55,"pct_menor20":20,"pct_60mas":27,"pct_migrante":29,"dependencia_econ":96,"pct_empleados":57,"pct_cuentapropia":35,"pct_agricultura":9,"pct_comercio":13,"pct_manufactura":0,"pct_construccion":0,"pct_transporte":0,"pct_alojamiento":13,"pct_sin_educacion":0,"pct_educ_superior":59,"brecha_educ":-13,"pct_sin_seguro":4,"pct_sus":40,"pct_seguro_privado":0,"brecha_seguro":-7,"pct_salud_publica":34,"pct_med_tradicional":0,"pct_automedicacion":19,"pct_remedios_caseros":9,"pct_viv_desocupada":4,"pct_alquiler":11,"pct_electricidad":100,"pct_sin_electricidad":0,"pct_agua_red":100,"pct_alcantarillado":100,"pct_camara_septica":0,"pct_pozo_ciego":0,"pct_sin_desague":0,"pct_gas_red":47,"pct_gas_garrafa":53,"pct_lena_guano":53,"pct_basura_formal":100,"pct_basura_quema":0,"pct_basura_informal":0,"pct_internet":95,"pct_celular":100,"pct_televisor":95}},{"type":"Feature","geometry":{"type":"Polygon","coordinates":[[[-66.56421,-18.46656],[-66.56351,-18.46562],[-66.56352,-18.46559],[-66.56417,-18.46562],[-66.56461,-18.46624],[-66.56421,-18.46656]]]},"properties":{"n":"UNCIA","p":54,"personas_x_ha":90,"masculinidad":74,"pct_menor20":35,"pct_60mas":9,"pct_migrante":30,"dependencia_econ":58,"pct_empleados":30,"pct_cuentapropia":48,"pct_agricultura":12,"pct_comercio":21,"pct_manufactura":3,"pct_construccion":3,"pct_transporte":3,"pct_alojamiento":18,"pct_sin_educacion":6,"pct_educ_superior":57,"brecha_educ":-18,"pct_sin_seguro":8,"pct_sus":60,"pct_seguro_privado":4,"brecha_seguro":-5,"pct_salud_publica":30,"pct_med_tradicional":11,"pct_automedicacion":15,"pct_remedios_caseros":23,"pct_viv_desocupada":0,"pct_alquiler":28,"pct_electricidad":100,"pct_sin_electricidad":0,"pct_agua_red":100,"pct_alcantarillado":92,"pct_camara_septica":0,"pct_pozo_ciego":0,"pct_sin_desague":4,"pct_gas_red":48,"pct_gas_garrafa":52,"pct_lena_guano":52,"pct_basura_formal":96,"pct_basura_quema":4,"pct_basura_informal":0,"pct_internet":92,"pct_celular":96,"pct_televisor":92}},{"type":"Feature","geometry":{"type":"Polygon","coordinates":[[[-66.56128,-18.4679],[-66.56048,-18.46847],[-66.56086,-18.46897],[-66.5617,-18.4684],[-66.56128,-18.4679]]]},"properties":{"n":"UNCIA","p":57,"personas_x_ha":73,"masculinidad":36,"pct_menor20":42,"pct_60mas":11,"pct_migrante":23,"dependencia_econ":97,"pct_empleados":3,"pct_cuentapropia":48,"pct_agricultura":45,"pct_comercio":21,"pct_manufactura":0,"pct_construccion":7,"pct_transporte":3,"pct_alojamiento":7,"pct_sin_educacion":24,"pct_educ_superior":41,"brecha_educ":-18,"pct_sin_seguro":9,"pct_sus":84,"pct_seguro_privado":2,"brecha_seguro":6,"pct_salud_publica":29,"pct_med_tradicional":14,"pct_automedicacion":16,"pct_remedios_caseros":26,"pct_viv_desocupada":0,"pct_alquiler":0,"pct_electricidad":100,"pct_sin_electricidad":0,"pct_agua_red":92,"pct_alcantarillado":100,"pct_camara_septica":0,"pct_pozo_ciego":0,"pct_sin_desague":0,"pct_gas_red":54,"pct_gas_garrafa":46,"pct_lena_guano":46,"pct_basura_formal":100,"pct_basura_quema":0,"pct_basura_informal":0,"pct_internet":62,"pct_celular":92,"pct_televisor":81}},{"type":"Feature","geometry":{"type":"Polygon","coordinates":[[[-66.56452,-18.46333],[-66.56438,-18.46296],[-66.56475,-18.46278],[-66.56492,-18.46313],[-66.56452,-18.46333]]]},"properties":{"n":"UNCIA","p":17,"personas_x_ha":80,"masculinidad":31,"pct_menor20":53,"pct_60mas":6,"pct_migrante":35,"dependencia_econ":467,"pct_empleados":33,"pct_cuentapropia":33,"pct_agricultura":0,"pct_comercio":33,"pct_manufactura":0,"pct_construccion":0,"pct_transporte":33,"pct_alojamiento":0,"pct_sin_educacion":0,"pct_educ_superior":25,"brecha_educ":50,"pct_sin_seguro":6,"pct_sus":59,"pct_seguro_privado":0,"brecha_seguro":25,"pct_salud_publica":17,"pct_med_tradicional":17,"pct_automedicacion":20,"pct_remedios_caseros":20,"pct_viv_desocupada":0,"pct_alquiler":33,"pct_electricidad":100,"pct_sin_electricidad":0,"pct_agua_red":0,"pct_alcantarillado":0,"pct_camara_septica":0,"pct_pozo_ciego":0,"pct_sin_desague":100,"pct_gas_red":0,"pct_gas_garrafa":100,"pct_lena_guano":100,"pct_basura_formal":67,"pct_basura_quema":33,"pct_basura_informal":0,"pct_internet":67,"pct_celular":100,"pct_televisor":83}}]}