{"type":"FeatureCollection","features":[{"type":"Feature","geometry":{"type":"Polygon","coordinates":[[[-59.50197,-18.45101],[-59.50248,-18.45173],[-59.50315,-18.45126],[-59.50261,-18.45059],[-59.50197,-18.45101]]]},"properties":{"n":"AGUAS CALIENTES","p":24,"personas_x_ha":29,"masculinidad":50,"pct_menor20":42,"pct_60mas":0,"pct_migrante":42,"dependencia_econ":188,"pct_empleados":50,"pct_cuentapropia":25,"pct_agricultura":25,"pct_comercio":12,"pct_manufactura":0,"pct_construccion":25,"pct_transporte":0,"pct_alojamiento":12,"pct_educ_superior":8,"brecha_educ":19,"pct_sin_seguro":13,"pct_seguro_privado":0,"brecha_seguro":-1,"pct_med_tradicional":0,"pct_automedicacion":0,"pct_remedios_caseros":29,"pct_viv_desocupada":42,"pct_alquiler":20,"pct_electricidad":100,"pct_agua_red":40,"pct_alcantarillado":0,"pct_gas_red":0,"pct_gas_garrafa":80,"pct_lena_guano":80,"pct_basura_formal":20,"pct_basura_quema":80,"pct_basura_informal":0,"pct_internet":60,"pct_celular":100,"pct_televisor":100}},{"type":"Feature","geometry":{"type":"Polygon","coordinates":[[[-59.5117,-18.4551],[-59.51196,-18.4547],[-59.51034,-18.45325],[-59.50902,-18.45222],[-59.50821,-18.45278],[-59.51003,-18.45507],[-59.5105,-18.45538],[-59.5112,-18.45532],[-59.5117,-18.4551]]]},"properties":{"n":"AGUAS CALIENTES","p":22,"personas_x_ha":4,"masculinidad":144,"pct_menor20":45,"pct_60mas":5,"pct_migrante":9,"dependencia_econ":280,"pct_empleados":60,"pct_cuentapropia":40,"pct_agricultura":0,"pct_comercio":0,"pct_manufactura":0,"pct_construccion":40,"pct_transporte":20,"pct_alojamiento":40,"pct_educ_superior":10,"brecha_educ":0,"pct_sin_seguro":0,"pct_seguro_privado":0,"brecha_seguro":0,"pct_med_tradicional":0,"pct_automedicacion":3,"pct_remedios_caseros":43,"pct_viv_desocupada":36,"pct_alquiler":0,"pct_electricidad":71,"pct_agua_red":71,"pct_alcantarillado":0,"pct_gas_red":0,"pct_gas_garrafa":100,"pct_lena_guano":100,"pct_basura_formal":14,"pct_basura_quema":71,"pct_basura_informal":0,"pct_internet":29,"pct_celular":100,"pct_televisor":43}},{"type":"Feature","geometry":{"type":"Polygon","coordinates":[[[-59.50656,-18.45256],[-59.5061,-18.45188],[-59.5054,-18.45234],[-59.50591,-18.45301],[-59.50656,-18.45256]]]},"properties":{"n":"AGUAS CALIENTES","p":15,"personas_x_ha":18,"masculinidad":114,"pct_menor20":40,"pct_60mas":0,"pct_migrante":33,"dependencia_econ":200,"pct_empleados":0,"pct_cuentapropia":100,"pct_agricultura":20,"pct_comercio":0,"pct_manufactura":0,"pct_construccion":20,"pct_transporte":0,"pct_alojamiento":80,"pct_educ_superior":56,"brecha_educ":5,"pct_sin_seguro":20,"pct_seguro_privado":0,"brecha_seguro":11,"pct_med_tradicional":0,"pct_automedicacion":0,"pct_remedios_caseros":31,"pct_viv_desocupada":0,"pct_alquiler":0,"pct_electricidad":100,"pct_agua_red":100,"pct_alcantarillado":0,"pct_gas_red":0,"pct_gas_garrafa":67,"pct_lena_guano":67,"pct_basura_formal":0,"pct_basura_quema":67,"pct_basura_informal":0,"pct_internet":100,"pct_celular":100,"pct_televisor":100}},{"type":"Feature","geometry":{"type":"Polygon","coordinates":[[[-59.50099,-18.45641],[-59.50166,-18.45593],[-59.50119,-18.4553],[-59.50048,-18.45578],[-59.50099,-18.45641]]]},"properties":{"n":"AGUAS CALIENTES","p":19,"personas_x_ha":24,"masculinidad":217,"pct_menor20":58,"pct_60mas":5,"pct_migrante":37,"dependencia_econ":171,"pct_empleados":43,"pct_cuentapropia":57,"pct_agricultura":57,"pct_comercio":14,"pct_manufactura":29,"pct_construccion":0,"pct_transporte":0,"pct_alojamiento":0,"pct_educ_superior":0,"brecha_educ":-17,"pct_sin_seguro":16,"pct_seguro_privado":0,"brecha_seguro":23,"pct_med_tradicional":20,"pct_automedicacion":17,"pct_remedios_caseros":27,"pct_viv_desocupada":0,"pct_alquiler":0,"pct_electricidad":100,"pct_agua_red":100,"pct_alcantarillado":0,"pct_gas_red":0,"pct_gas_garrafa":100,"pct_lena_guano":100,"pct_basura_formal":0,"pct_basura_quema":100,"pct_basura_informal":0,"pct_internet":50,"pct_celular":50,"pct_televisor":50}},{"type":"Feature","geometry":{"type":"Polygon","coordinates":[[[-59.5046,-18.45155],[-59.50409,-18.45087],[-59.50338,-18.45129],[-59.50392,-18.45202],[-59.5046,-18.45155]]]},"properties":{"n":"AGUAS CALIENTES","p":18,"personas_x_ha":20,"masculinidad":80,"pct_menor20":39,"pct_60mas":6,"pct_migrante":56,"dependencia_econ":157,"pct_empleados":29,"pct_cuentapropia":71,"pct_agricultura":14,"pct_comercio":0,"pct_manufactura":0,"pct_construccion":0,"pct_transporte":29,"pct_alojamiento":29,"pct_educ_superior":25,"brecha_educ":9,"pct_sin_seguro":0,"pct_seguro_privado":0,"brecha_seguro":0,"pct_med_tradicional":0,"pct_automedicacion":24,"pct_remedios_caseros":24,"pct_viv_desocupada":25,"pct_alquiler":0,"pct_electricidad":100,"pct_agua_red":100,"pct_alcantarillado":0,"pct_gas_red":0,"pct_gas_garrafa":100,"pct_lena_guano":100,"pct_basura_formal":0,"pct_basura_quema":43,"pct_basura_informal":0,"pct_internet":100,"pct_celular":100,"pct_televisor":100}},{"type":"Feature","geometry":{"type":"Polygon","coordinates":[[[-59.507,-18.45304],[-59.5067,-18.45266],[-59.50606,-18.45309],[-59.50605,-18.45318],[-59.50632,-18.45353],[-59.507,-18.45304]]]},"properties":{"n":"AGUAS CALIENTES","p":24,"personas_x_ha":50,"masculinidad":85,"pct_menor20":29,"pct_60mas":8,"pct_migrante":29,"dependencia_econ":50,"pct_empleados":44,"pct_cuentapropia":44,"pct_agricultura":19,"pct_comercio":12,"pct_manufactura":0,"pct_construccion":12,"pct_transporte":6,"pct_alojamiento":25,"pct_educ_superior":18,"brecha_educ":14,"pct_sin_seguro":8,"pct_seguro_privado":0,"brecha_seguro":-15,"pct_med_tradicional":10,"pct_automedicacion":13,"pct_remedios_caseros":28,"pct_viv_desocupada":0,"pct_alquiler":11,"pct_electricidad":100,"pct_agua_red":100,"pct_alcantarillado":0,"pct_gas_red":0,"pct_gas_garrafa":67,"pct_lena_guano":67,"pct_basura_formal":0,"pct_basura_quema":89,"pct_basura_informal":0,"pct_internet":78,"pct_celular":100,"pct_televisor":67}},{"type":"Feature","geometry":{"type":"Polygon","coordinates":[[[-59.50516,-18.45397],[-59.50501,-18.45379],[-59.50433,-18.45425],[-59.50472,-18.45472],[-59.50507,-18.45445],[-59.50516,-18.45397]]]},"properties":{"n":"AGUAS CALIENTES","p":23,"personas_x_ha":47,"masculinidad":53,"pct_menor20":65,"pct_60mas":0,"pct_migrante":48,"dependencia_econ":233,"pct_empleados":33,"pct_cuentapropia":67,"pct_agricultura":0,"pct_comercio":17,"pct_manufactura":0,"pct_construccion":0,"pct_transporte":0,"pct_alojamiento":17,"pct_educ_superior":38,"brecha_educ":0,"pct_sin_seguro":0,"pct_seguro_privado":0,"brecha_seguro":0,"pct_med_tradicional":0,"pct_automedicacion":0,"pct_remedios_caseros":4,"pct_viv_desocupada":7,"pct_alquiler":0,"pct_electricidad":100,"pct_agua_red":100,"pct_alcantarillado":60,"pct_gas_red":0,"pct_gas_garrafa":100,"pct_lena_guano":100,"pct_basura_formal":0,"pct_basura_quema":100,"pct_basura_informal":0,"pct_internet":20,"pct_celular":40,"pct_televisor":30}},{"type":"Feature","geometry":{"type":"Polygon","coordinates":[[[-59.50236,-18.45309],[-59.50298,-18.45267],[-59.50245,-18.45193],[-59.50184,-18.45233],[-59.50236,-18.45309]]]},"properties":{"n":"AGUAS CALIENTES","p":22,"personas_x_ha":28,"masculinidad":144,"pct_menor20":36,"pct_60mas":14,"pct_migrante":36,"dependencia_econ":214,"pct_empleados":29,"pct_cuentapropia":57,"pct_agricultura":71,"pct_comercio":0,"pct_manufactura":0,"pct_construccion":14,"pct_transporte":14,"pct_alojamiento":0,"pct_educ_superior":0,"brecha_educ":24,"pct_sin_seguro":14,"pct_seguro_privado":0,"brecha_seguro":23,"pct_med_tradicional":0,"pct_automedicacion":12,"pct_remedios_caseros":27,"pct_viv_desocupada":30,"pct_alquiler":0,"pct_electricidad":100,"pct_agua_red":67,"pct_alcantarillado":0,"pct_gas_red":0,"pct_gas_garrafa":67,"pct_lena_guano":67,"pct_basura_formal":17,"pct_basura_quema":50,"pct_basura_informal":0,"pct_internet":67,"pct_celular":83,"pct_televisor":83}},{"type":"Feature","geometry":{"type":"Polygon","coordinates":[[[-59.50482,-18.45019],[-59.50435,-18.44952],[-59.50362,-18.44995],[-59.50414,-18.45068],[-59.50482,-18.45019]]]},"properties":{"n":"AGUAS CALIENTES","p":21,"personas_x_ha":25,"masculinidad":250,"pct_menor20":52,"pct_60mas":10,"pct_migrante":19,"dependencia_econ":162,"pct_empleados":0,"pct_cuentapropia":88,"pct_agricultura":12,"pct_comercio":12,"pct_manufactura":0,"pct_construccion":62,"pct_transporte":0,"pct_alojamiento":12,"pct_educ_superior":0,"brecha_educ":0,"pct_sin_seguro":10,"pct_seguro_privado":0,"brecha_seguro":13,"pct_med_tradicional":0,"pct_automedicacion":24,"pct_remedios_caseros":23,"pct_viv_desocupada":10,"pct_alquiler":0,"pct_electricidad":100,"pct_agua_red":100,"pct_alcantarillado":0,"pct_gas_red":0,"pct_gas_garrafa":100,"pct_lena_guano":100,"pct_basura_formal":40,"pct_basura_quema":60,"pct_basura_informal":0,"pct_internet":100,"pct_celular":100,"pct_televisor":60}},{"type":"Feature","geometry":{"type":"Polygon","coordinates":[[[-59.50425,-18.45415],[-59.50492,-18.45369],[-59.50442,-18.45301],[-59.50375,-18.4535],[-59.50425,-18.45415]]]},"properties":{"n":"AGUAS CALIENTES","p":55,"personas_x_ha":67,"masculinidad":72,"pct_menor20":35,"pct_60mas":7,"pct_migrante":20,"dependencia_econ":129,"pct_empleados":29,"pct_cuentapropia":67,"pct_agricultura":8,"pct_comercio":33,"pct_manufactura":8,"pct_construccion":4,"pct_transporte":12,"pct_alojamiento":25,"pct_educ_superior":28,"brecha_educ":6,"pct_sin_seguro":7,"pct_seguro_privado":0,"brecha_seguro":10,"pct_med_tradicional":11,"pct_automedicacion":7,"pct_remedios_caseros":31,"pct_viv_desocupada":0,"pct_alquiler":20,"pct_electricidad":100,"pct_agua_red":100,"pct_alcantarillado":5,"pct_gas_red":0,"pct_gas_garrafa":95,"pct_lena_guano":95,"pct_basura_formal":15,"pct_basura_quema":80,"pct_basura_informal":0,"pct_internet":70,"pct_celular":80,"pct_televisor":85}},{"type":"Feature","geometry":{"type":"Polygon","coordinates":[[[-59.50514,-18.45234],[-59.50515,-18.45223],[-59.5047,-18.45163],[-59.504,-18.45212],[-59.50453,-18.45278],[-59.50514,-18.45234]]]},"properties":{"n":"AGUAS CALIENTES","p":40,"personas_x_ha":47,"masculinidad":82,"pct_menor20":35,"pct_60mas":18,"pct_migrante":38,"dependencia_econ":106,"pct_empleados":17,"pct_cuentapropia":78,"pct_agricultura":28,"pct_comercio":28,"pct_manufactura":0,"pct_construccion":17,"pct_transporte":6,"pct_alojamiento":22,"pct_educ_superior":12,"brecha_educ":-23,"pct_sin_seguro":17,"pct_seguro_privado":0,"brecha_seguro":12,"pct_med_tradicional":19,"pct_automedicacion":6,"pct_remedios_caseros":31,"pct_viv_desocupada":5,"pct_alquiler":7,"pct_electricidad":100,"pct_agua_red":100,"pct_alcantarillado":29,"pct_gas_red":0,"pct_gas_garrafa":79,"pct_lena_guano":79,"pct_basura_formal":14,"pct_basura_quema":43,"pct_basura_informal":57,"pct_internet":79,"pct_celular":79,"pct_televisor":71}},{"type":"Feature","geometry":{"type":"Polygon","coordinates":[[[-59.50313,-18.45256],[-59.50379,-18.45214],[-59.5032,-18.45141],[-59.5026,-18.45181],[-59.50313,-18.45256]]]},"properties":{"n":"AGUAS CALIENTES","p":19,"personas_x_ha":22,"masculinidad":138,"pct_menor20":42,"pct_60mas":11,"pct_migrante":53,"dependencia_econ":280,"pct_empleados":80,"pct_cuentapropia":20,"pct_agricultura":0,"pct_comercio":0,"pct_manufactura":0,"pct_construccion":20,"pct_transporte":0,"pct_alojamiento":20,"pct_educ_superior":18,"brecha_educ":-33,"pct_sin_seguro":5,"pct_seguro_privado":0,"brecha_seguro":9,"pct_med_tradicional":0,"pct_automedicacion":11,"pct_remedios_caseros":34,"pct_viv_desocupada":12,"pct_alquiler":0,"pct_electricidad":83,"pct_agua_red":100,"pct_alcantarillado":0,"pct_gas_red":0,"pct_gas_garrafa":100,"pct_lena_guano":100,"pct_basura_formal":17,"pct_basura_quema":83,"pct_basura_informal":0,"pct_internet":67,"pct_celular":67,"pct_televisor":83}},{"type":"Feature","geometry":{"type":"Polygon","coordinates":[[[-59.50281,-18.45413],[-59.50215,-18.45461],[-59.50266,-18.45523],[-59.50328,-18.45483],[-59.50281,-18.45413]]]},"properties":{"n":"AGUAS CALIENTES","p":32,"personas_x_ha":41,"masculinidad":78,"pct_menor20":41,"pct_60mas":0,"pct_migrante":6,"dependencia_econ":220,"pct_empleados":40,"pct_cuentapropia":60,"pct_agricultura":10,"pct_comercio":0,"pct_manufactura":0,"pct_construccion":30,"pct_transporte":30,"pct_alojamiento":30,"pct_educ_superior":5,"brecha_educ":-9,"pct_sin_seguro":0,"pct_seguro_privado":0,"brecha_seguro":0,"pct_med_tradicional":12,"pct_automedicacion":11,"pct_remedios_caseros":26,"pct_viv_desocupada":0,"pct_alquiler":0,"pct_electricidad":100,"pct_agua_red":100,"pct_alcantarillado":9,"pct_gas_red":0,"pct_gas_garrafa":82,"pct_lena_guano":82,"pct_basura_formal":0,"pct_basura_quema":100,"pct_basura_informal":0,"pct_internet":82,"pct_celular":82,"pct_televisor":91}},{"type":"Feature","geometry":{"type":"Polygon","coordinates":[[[-59.50597,-18.45172],[-59.50551,-18.45111],[-59.5048,-18.45156],[-59.50533,-18.45221],[-59.50597,-18.45172]]]},"properties":{"n":"AGUAS CALIENTES","p":56,"personas_x_ha":70,"masculinidad":107,"pct_menor20":41,"pct_60mas":14,"pct_migrante":41,"dependencia_econ":300,"pct_empleados":64,"pct_cuentapropia":36,"pct_agricultura":36,"pct_comercio":21,"pct_manufactura":0,"pct_construccion":29,"pct_transporte":0,"pct_alojamiento":7,"pct_educ_superior":15,"brecha_educ":2,"pct_sin_seguro":9,"pct_seguro_privado":2,"brecha_seguro":3,"pct_med_tradicional":5,"pct_automedicacion":20,"pct_remedios_caseros":27,"pct_viv_desocupada":0,"pct_alquiler":7,"pct_electricidad":100,"pct_agua_red":100,"pct_alcantarillado":33,"pct_gas_red":0,"pct_gas_garrafa":73,"pct_lena_guano":73,"pct_basura_formal":47,"pct_basura_quema":53,"pct_basura_informal":0,"pct_internet":53,"pct_celular":73,"pct_televisor":47}},{"type":"Feature","geometry":{"type":"Polygon","coordinates":[[[-59.50876,-18.44881],[-59.51019,-18.45079],[-59.51118,-18.45017],[-59.51256,-18.44914],[-59.511,-18.44747],[-59.51087,-18.44742],[-59.51069,-18.44745],[-59.50876,-18.44881]]]},"properties":{"n":"AGUAS CALIENTES","p":16,"personas_x_ha":2,"masculinidad":167,"pct_menor20":38,"pct_60mas":0,"pct_migrante":69,"dependencia_econ":null,"pct_empleados":null,"pct_cuentapropia":null,"pct_agricultura":null,"pct_comercio":null,"pct_manufactura":null,"pct_construccion":null,"pct_transporte":null,"pct_alojamiento":null,"pct_educ_superior":10,"brecha_educ":-25,"pct_sin_seguro":12,"pct_seguro_privado":0,"brecha_seguro":-7,"pct_med_tradicional":0,"pct_automedicacion":3,"pct_remedios_caseros":47,"pct_viv_desocupada":25,"pct_alquiler":0,"pct_electricidad":100,"pct_agua_red":100,"pct_alcantarillado":0,"pct_gas_red":0,"pct_gas_garrafa":100,"pct_lena_guano":100,"pct_basura_formal":50,"pct_basura_quema":50,"pct_basura_informal":0,"pct_internet":100,"pct_celular":100,"pct_televisor":50}},{"type":"Feature","geometry":{"type":"Polygon","coordinates":[[[-59.50578,-18.4531],[-59.50526,-18.45242],[-59.5046,-18.45294],[-59.50508,-18.45359],[-59.50578,-18.4531]]]},"properties":{"n":"AGUAS CALIENTES","p":48,"personas_x_ha":56,"masculinidad":92,"pct_menor20":33,"pct_60mas":8,"pct_migrante":23,"dependencia_econ":161,"pct_empleados":44,"pct_cuentapropia":56,"pct_agricultura":0,"pct_comercio":22,"pct_manufactura":6,"pct_construccion":44,"pct_transporte":6,"pct_alojamiento":17,"pct_educ_superior":16,"brecha_educ":7,"pct_sin_seguro":11,"pct_seguro_privado":2,"brecha_seguro":5,"pct_med_tradicional":13,"pct_automedicacion":14,"pct_remedios_caseros":25,"pct_viv_desocupada":0,"pct_alquiler":0,"pct_electricidad":93,"pct_agua_red":93,"pct_alcantarillado":0,"pct_gas_red":0,"pct_gas_garrafa":100,"pct_lena_guano":100,"pct_basura_formal":0,"pct_basura_quema":100,"pct_basura_informal":0,"pct_internet":79,"pct_celular":86,"pct_televisor":86}},{"type":"Feature","geometry":{"type":"Polygon","coordinates":[[[-60.02922,-18.14797],[-60.03013,-18.14803],[-60.0302,-18.14714],[-60.02942,-18.14712],[-60.02926,-18.14748],[-60.02922,-18.14797]]]},"properties":{"n":"CHOCHIS","p":25,"personas_x_ha":28,"masculinidad":92,"pct_menor20":40,"pct_60mas":24,"pct_migrante":36,"dependencia_econ":257,"pct_empleados":29,"pct_cuentapropia":71,"pct_agricultura":29,"pct_comercio":0,"pct_manufactura":29,"pct_construccion":14,"pct_transporte":0,"pct_alojamiento":0,"pct_educ_superior":13,"brecha_educ":-2,"pct_sin_seguro":8,"pct_seguro_privado":0,"brecha_seguro":1,"pct_med_tradicional":5,"pct_automedicacion":5,"pct_remedios_caseros":11,"pct_viv_desocupada":12,"pct_alquiler":0,"pct_electricidad":100,"pct_agua_red":100,"pct_alcantarillado":0,"pct_gas_red":0,"pct_gas_garrafa":100,"pct_lena_guano":100,"pct_basura_formal":0,"pct_basura_quema":100,"pct_basura_informal":0,"pct_internet":0,"pct_celular":50,"pct_televisor":17}},{"type":"Feature","geometry":{"type":"Polygon","coordinates":[[[-60.02907,-18.15012],[-60.02901,-18.15102],[-60.02995,-18.15106],[-60.03,-18.15017],[-60.02907,-18.15012]]]},"properties":{"n":"CHOCHIS","p":28,"personas_x_ha":28,"masculinidad":115,"pct_menor20":43,"pct_60mas":14,"pct_migrante":39,"dependencia_econ":180,"pct_empleados":20,"pct_cuentapropia":50,"pct_agricultura":40,"pct_comercio":50,"pct_manufactura":0,"pct_construccion":0,"pct_transporte":0,"pct_alojamiento":10,"pct_educ_superior":12,"brecha_educ":-28,"pct_sin_seguro":0,"pct_seguro_privado":0,"brecha_seguro":0,"pct_med_tradicional":1,"pct_automedicacion":23,"pct_remedios_caseros":28,"pct_viv_desocupada":14,"pct_alquiler":11,"pct_electricidad":100,"pct_agua_red":100,"pct_alcantarillado":0,"pct_gas_red":0,"pct_gas_garrafa":33,"pct_lena_guano":33,"pct_basura_formal":0,"pct_basura_quema":100,"pct_basura_informal":0,"pct_internet":22,"pct_celular":67,"pct_televisor":44}},{"type":"Feature","geometry":{"type":"Polygon","coordinates":[[[-60.03541,-18.14945],[-60.03336,-18.14936],[-60.03333,-18.15021],[-60.03538,-18.15031],[-60.03541,-18.14945]]]},"properties":{"n":"CHOCHIS","p":17,"personas_x_ha":8,"masculinidad":55,"pct_menor20":53,"pct_60mas":0,"pct_migrante":59,"dependencia_econ":143,"pct_empleados":29,"pct_cuentapropia":43,"pct_agricultura":57,"pct_comercio":0,"pct_manufactura":0,"pct_construccion":14,"pct_transporte":0,"pct_alojamiento":14,"pct_educ_superior":12,"brecha_educ":-13,"pct_sin_seguro":6,"pct_seguro_privado":0,"brecha_seguro":17,"pct_med_tradicional":2,"pct_automedicacion":20,"pct_remedios_caseros":36,"pct_viv_desocupada":0,"pct_alquiler":67,"pct_electricidad":100,"pct_agua_red":83,"pct_alcantarillado":0,"pct_gas_red":0,"pct_gas_garrafa":67,"pct_lena_guano":67,"pct_basura_formal":0,"pct_basura_quema":50,"pct_basura_informal":67,"pct_internet":100,"pct_celular":100,"pct_televisor":33}},{"type":"Feature","geometry":{"type":"Polygon","coordinates":[[[-60.03133,-18.14588],[-60.03039,-18.14588],[-60.03032,-18.14706],[-60.03125,-18.14709],[-60.03133,-18.14588]]]},"properties":{"n":"CHOCHIS","p":16,"personas_x_ha":12,"masculinidad":300,"pct_menor20":38,"pct_60mas":19,"pct_migrante":19,"dependencia_econ":167,"pct_empleados":0,"pct_cuentapropia":33,"pct_agricultura":50,"pct_comercio":0,"pct_manufactura":0,"pct_construccion":0,"pct_transporte":0,"pct_alojamiento":0,"pct_educ_superior":20,"brecha_educ":71,"pct_sin_seguro":64,"pct_seguro_privado":0,"brecha_seguro":-15,"pct_med_tradicional":0,"pct_automedicacion":21,"pct_remedios_caseros":52,"pct_viv_desocupada":22,"pct_alquiler":14,"pct_electricidad":100,"pct_agua_red":86,"pct_alcantarillado":43,"pct_gas_red":0,"pct_gas_garrafa":71,"pct_lena_guano":71,"pct_basura_formal":0,"pct_basura_quema":100,"pct_basura_informal":0,"pct_internet":0,"pct_celular":14,"pct_televisor":43}},{"type":"Feature","geometry":{"type":"Polygon","coordinates":[[[-60.03332,-18.1482],[-60.03337,-18.14728],[-60.03243,-18.14723],[-60.03236,-18.14814],[-60.03332,-18.1482]]]},"properties":{"n":"CHOCHIS","p":32,"personas_x_ha":31,"masculinidad":100,"pct_menor20":44,"pct_60mas":9,"pct_migrante":56,"dependencia_econ":220,"pct_empleados":60,"pct_cuentapropia":40,"pct_agricultura":20,"pct_comercio":10,"pct_manufactura":10,"pct_construccion":30,"pct_transporte":0,"pct_alojamiento":10,"pct_educ_superior":39,"brecha_educ":22,"pct_sin_seguro":0,"pct_seguro_privado":0,"brecha_seguro":0,"pct_med_tradicional":0,"pct_automedicacion":0,"pct_remedios_caseros":0,"pct_viv_desocupada":0,"pct_alquiler":12,"pct_electricidad":100,"pct_agua_red":100,"pct_alcantarillado":12,"pct_gas_red":12,"pct_gas_garrafa":75,"pct_lena_guano":75,"pct_basura_formal":0,"pct_basura_quema":100,"pct_basura_informal":0,"pct_internet":75,"pct_celular":88,"pct_televisor":50}},{"type":"Feature","geometry":{"type":"Polygon","coordinates":[[[-60.02677,-18.15045],[-60.02588,-18.15071],[-60.02582,-18.15079],[-60.02585,-18.15183],[-60.0278,-18.15199],[-60.02784,-18.15107],[-60.02678,-18.15104],[-60.02718,-18.15096],[-60.02677,-18.15045]]]},"properties":{"n":"CHOCHIS","p":55,"personas_x_ha":21,"masculinidad":129,"pct_menor20":38,"pct_60mas":25,"pct_migrante":24,"dependencia_econ":450,"pct_empleados":50,"pct_cuentapropia":20,"pct_agricultura":40,"pct_comercio":20,"pct_manufactura":0,"pct_construccion":10,"pct_transporte":0,"pct_alojamiento":0,"pct_educ_superior":11,"brecha_educ":2,"pct_sin_seguro":0,"pct_seguro_privado":0,"brecha_seguro":0,"pct_med_tradicional":0,"pct_automedicacion":0,"pct_remedios_caseros":0,"pct_viv_desocupada":10,"pct_alquiler":0,"pct_electricidad":100,"pct_agua_red":100,"pct_alcantarillado":0,"pct_gas_red":0,"pct_gas_garrafa":69,"pct_lena_guano":69,"pct_basura_formal":6,"pct_basura_quema":94,"pct_basura_informal":0,"pct_internet":62,"pct_celular":94,"pct_televisor":88}},{"type":"Feature","geometry":{"type":"Polygon","coordinates":[[[-60.0288,-18.15216],[-60.02792,-18.15211],[-60.02788,-18.153],[-60.02877,-18.15307],[-60.0288,-18.15216]]]},"properties":{"n":"CHOCHIS","p":17,"personas_x_ha":18,"masculinidad":89,"pct_menor20":35,"pct_60mas":0,"pct_migrante":41,"dependencia_econ":240,"pct_empleados":80,"pct_cuentapropia":20,"pct_agricultura":40,"pct_comercio":0,"pct_manufactura":0,"pct_construccion":0,"pct_transporte":0,"pct_alojamiento":0,"pct_educ_superior":8,"brecha_educ":9,"pct_sin_seguro":12,"pct_seguro_privado":0,"brecha_seguro":1,"pct_med_tradicional":0,"pct_automedicacion":0,"pct_remedios_caseros":45,"pct_viv_desocupada":14,"pct_alquiler":40,"pct_electricidad":100,"pct_agua_red":100,"pct_alcantarillado":0,"pct_gas_red":0,"pct_gas_garrafa":100,"pct_lena_guano":100,"pct_basura_formal":0,"pct_basura_quema":100,"pct_basura_informal":0,"pct_internet":100,"pct_celular":100,"pct_televisor":60}},{"type":"Feature","geometry":{"type":"Polygon","coordinates":[[[-60.03553,-18.14841],[-60.03548,-18.15031],[-60.03699,-18.15037],[-60.03757,-18.1502],[-60.039,-18.15016],[-60.03899,-18.14987],[-60.03792,-18.14983],[-60.0379,-18.14899],[-60.03739,-18.14846],[-60.03553,-18.14841]]]},"properties":{"n":"CHOCHIS","p":15,"personas_x_ha":3,"masculinidad":150,"pct_menor20":53,"pct_60mas":0,"pct_migrante":47,"dependencia_econ":88,"pct_empleados":62,"pct_cuentapropia":38,"pct_agricultura":25,"pct_comercio":0,"pct_manufactura":0,"pct_construccion":12,"pct_transporte":0,"pct_alojamiento":50,"pct_educ_superior":25,"brecha_educ":-50,"pct_sin_seguro":0,"pct_seguro_privado":0,"brecha_seguro":0,"pct_med_tradicional":10,"pct_automedicacion":34,"pct_remedios_caseros":20,"pct_viv_desocupada":0,"pct_alquiler":50,"pct_electricidad":100,"pct_agua_red":100,"pct_alcantarillado":25,"pct_gas_red":0,"pct_gas_garrafa":75,"pct_lena_guano":75,"pct_basura_formal":25,"pct_basura_quema":75,"pct_basura_informal":0,"pct_internet":100,"pct_celular":75,"pct_televisor":50}},{"type":"Feature","geometry":{"type":"Polygon","coordinates":[[[-60.03013,-18.14815],[-60.02921,-18.14809],[-60.02916,-18.149],[-60.03007,-18.14906],[-60.03013,-18.14815]]]},"properties":{"n":"CHOCHIS","p":19,"personas_x_ha":19,"masculinidad":73,"pct_menor20":53,"pct_60mas":16,"pct_migrante":47,"dependencia_econ":375,"pct_empleados":0,"pct_cuentapropia":50,"pct_agricultura":75,"pct_comercio":0,"pct_manufactura":0,"pct_construccion":0,"pct_transporte":0,"pct_alojamiento":0,"pct_educ_superior":44,"brecha_educ":5,"pct_sin_seguro":5,"pct_seguro_privado":0,"brecha_seguro":-9,"pct_med_tradicional":0,"pct_automedicacion":37,"pct_remedios_caseros":27,"pct_viv_desocupada":0,"pct_alquiler":0,"pct_electricidad":100,"pct_agua_red":100,"pct_alcantarillado":0,"pct_gas_red":0,"pct_gas_garrafa":100,"pct_lena_guano":100,"pct_basura_formal":0,"pct_basura_quema":100,"pct_basura_informal":0,"pct_internet":100,"pct_celular":100,"pct_televisor":83}},{"type":"Feature","geometry":{"type":"Polygon","coordinates":[[[-60.03471,-18.15241],[-60.03666,-18.15157],[-60.03841,-18.15093],[-60.03843,-18.15075],[-60.03836,-18.15069],[-60.0366,-18.15065],[-60.03333,-18.1504],[-60.03326,-18.15225],[-60.03445,-18.15233],[-60.03471,-18.15241]]]},"properties":{"n":"CHOCHIS","p":20,"personas_x_ha":3,"masculinidad":122,"pct_menor20":55,"pct_60mas":5,"pct_migrante":65,"dependencia_econ":186,"pct_empleados":57,"pct_cuentapropia":29,"pct_agricultura":71,"pct_comercio":14,"pct_manufactura":0,"pct_construccion":0,"pct_transporte":0,"pct_alojamiento":0,"pct_educ_superior":30,"brecha_educ":-8,"pct_sin_seguro":5,"pct_seguro_privado":5,"brecha_seguro":9,"pct_med_tradicional":0,"pct_automedicacion":19,"pct_remedios_caseros":24,"pct_viv_desocupada":0,"pct_alquiler":0,"pct_electricidad":100,"pct_agua_red":100,"pct_alcantarillado":0,"pct_gas_red":0,"pct_gas_garrafa":100,"pct_lena_guano":100,"pct_basura_formal":0,"pct_basura_quema":71,"pct_basura_informal":0,"pct_internet":86,"pct_celular":86,"pct_televisor":57}},{"type":"Feature","geometry":{"type":"Polygon","coordinates":[[[-60.0289,-18.15101],[-60.02895,-18.15012],[-60.02802,-18.15006],[-60.028,-18.15098],[-60.0289,-18.15101]]]},"properties":{"n":"CHOCHIS","p":20,"personas_x_ha":20,"masculinidad":67,"pct_menor20":25,"pct_60mas":35,"pct_migrante":25,"dependencia_econ":171,"pct_empleados":0,"pct_cuentapropia":57,"pct_agricultura":71,"pct_comercio":14,"pct_manufactura":0,"pct_construccion":0,"pct_transporte":0,"pct_alojamiento":14,"pct_educ_superior":14,"brecha_educ":0,"pct_sin_seguro":0,"pct_seguro_privado":0,"brecha_seguro":0,"pct_med_tradicional":11,"pct_automedicacion":7,"pct_remedios_caseros":31,"pct_viv_desocupada":7,"pct_alquiler":0,"pct_electricidad":100,"pct_agua_red":100,"pct_alcantarillado":25,"pct_gas_red":0,"pct_gas_garrafa":100,"pct_lena_guano":100,"pct_basura_formal":12,"pct_basura_quema":88,"pct_basura_informal":0,"pct_internet":50,"pct_celular":75,"pct_televisor":50}},{"type":"Feature","geometry":{"type":"Polygon","coordinates":[[[-60.03106,-18.15023],[-60.03013,-18.15018],[-60.03007,-18.15108],[-60.03099,-18.15113],[-60.03106,-18.15023]]]},"properties":{"n":"CHOCHIS","p":25,"personas_x_ha":25,"masculinidad":178,"pct_menor20":20,"pct_60mas":16,"pct_migrante":28,"dependencia_econ":178,"pct_empleados":67,"pct_cuentapropia":22,"pct_agricultura":33,"pct_comercio":0,"pct_manufactura":0,"pct_construccion":0,"pct_transporte":0,"pct_alojamiento":11,"pct_educ_superior":25,"brecha_educ":-42,"pct_sin_seguro":4,"pct_seguro_privado":0,"brecha_seguro":7,"pct_med_tradicional":2,"pct_automedicacion":16,"pct_remedios_caseros":34,"pct_viv_desocupada":0,"pct_alquiler":33,"pct_electricidad":100,"pct_agua_red":100,"pct_alcantarillado":0,"pct_gas_red":0,"pct_gas_garrafa":75,"pct_lena_guano":75,"pct_basura_formal":0,"pct_basura_quema":100,"pct_basura_informal":0,"pct_internet":58,"pct_celular":92,"pct_televisor":50}},{"type":"Feature","geometry":{"type":"Polygon","coordinates":[[[-60.02868,-18.14801],[-60.02828,-18.14788],[-60.0264,-18.14933],[-60.02666,-18.14975],[-60.02712,-18.14954],[-60.02725,-18.14962],[-60.02764,-18.1494],[-60.02817,-18.14889],[-60.02868,-18.14801]]]},"properties":{"n":"CHOCHIS","p":16,"personas_x_ha":8,"masculinidad":78,"pct_menor20":25,"pct_60mas":25,"pct_migrante":44,"dependencia_econ":300,"pct_empleados":25,"pct_cuentapropia":75,"pct_agricultura":50,"pct_comercio":0,"pct_manufactura":0,"pct_construccion":25,"pct_transporte":0,"pct_alojamiento":25,"pct_educ_superior":25,"brecha_educ":-31,"pct_sin_seguro":19,"pct_seguro_privado":0,"brecha_seguro":-8,"pct_med_tradicional":2,"pct_automedicacion":32,"pct_remedios_caseros":32,"pct_viv_desocupada":21,"pct_alquiler":0,"pct_electricidad":100,"pct_agua_red":100,"pct_alcantarillado":0,"pct_gas_red":0,"pct_gas_garrafa":75,"pct_lena_guano":75,"pct_basura_formal":12,"pct_basura_quema":88,"pct_basura_informal":0,"pct_internet":100,"pct_celular":100,"pct_televisor":75}},{"type":"Feature","geometry":{"type":"Polygon","coordinates":[[[-60.03329,-18.14933],[-60.03229,-18.1493],[-60.03224,-18.15015],[-60.03325,-18.15023],[-60.03329,-18.14933]]]},"properties":{"n":"CHOCHIS","p":32,"personas_x_ha":30,"masculinidad":100,"pct_menor20":38,"pct_60mas":19,"pct_migrante":31,"dependencia_econ":129,"pct_empleados":64,"pct_cuentapropia":21,"pct_agricultura":29,"pct_comercio":21,"pct_manufactura":0,"pct_construccion":7,"pct_transporte":0,"pct_alojamiento":14,"pct_educ_superior":33,"brecha_educ":-27,"pct_sin_seguro":0,"pct_seguro_privado":3,"brecha_seguro":0,"pct_med_tradicional":8,"pct_automedicacion":11,"pct_remedios_caseros":30,"pct_viv_desocupada":5,"pct_alquiler":0,"pct_electricidad":100,"pct_agua_red":100,"pct_alcantarillado":12,"pct_gas_red":0,"pct_gas_garrafa":88,"pct_lena_guano":88,"pct_basura_formal":0,"pct_basura_quema":100,"pct_basura_informal":0,"pct_internet":62,"pct_celular":62,"pct_televisor":75}},{"type":"Feature","geometry":{"type":"Polygon","coordinates":[[[-60.02898,-18.1491],[-60.02844,-18.14909],[-60.02834,-18.14913],[-60.02832,-18.14928],[-60.02805,-18.14936],[-60.02805,-18.14995],[-60.02896,-18.14999],[-60.02898,-18.1491]]]},"properties":{"n":"CHOCHIS","p":27,"personas_x_ha":31,"masculinidad":93,"pct_menor20":37,"pct_60mas":19,"pct_migrante":37,"dependencia_econ":118,"pct_empleados":18,"pct_cuentapropia":73,"pct_agricultura":27,"pct_comercio":55,"pct_manufactura":18,"pct_construccion":0,"pct_transporte":9,"pct_alojamiento":0,"pct_educ_superior":13,"brecha_educ":12,"pct_sin_seguro":14,"pct_seguro_privado":0,"brecha_seguro":7,"pct_med_tradicional":7,"pct_automedicacion":9,"pct_remedios_caseros":35,"pct_viv_desocupada":17,"pct_alquiler":0,"pct_electricidad":100,"pct_agua_red":90,"pct_alcantarillado":10,"pct_gas_red":0,"pct_gas_garrafa":100,"pct_lena_guano":100,"pct_basura_formal":10,"pct_basura_quema":90,"pct_basura_informal":0,"pct_internet":90,"pct_celular":90,"pct_televisor":80}},{"type":"Feature","geometry":{"type":"Polygon","coordinates":[[[-60.02692,-18.15275],[-60.0268,-18.15202],[-60.02589,-18.15196],[-60.02596,-18.15275],[-60.02692,-18.15275]]]},"properties":{"n":"CHOCHIS","p":16,"personas_x_ha":18,"masculinidad":78,"pct_menor20":31,"pct_60mas":12,"pct_migrante":31,"dependencia_econ":1300,"pct_empleados":100,"pct_cuentapropia":0,"pct_agricultura":100,"pct_comercio":0,"pct_manufactura":0,"pct_construccion":100,"pct_transporte":0,"pct_alojamiento":0,"pct_educ_superior":11,"brecha_educ":15,"pct_sin_seguro":0,"pct_seguro_privado":0,"brecha_seguro":0,"pct_med_tradicional":0,"pct_automedicacion":0,"pct_remedios_caseros":35,"pct_viv_desocupada":0,"pct_alquiler":17,"pct_electricidad":100,"pct_agua_red":100,"pct_alcantarillado":17,"pct_gas_red":0,"pct_gas_garrafa":100,"pct_lena_guano":100,"pct_basura_formal":0,"pct_basura_quema":83,"pct_basura_informal":0,"pct_internet":83,"pct_celular":67,"pct_televisor":50}},{"type":"Feature","geometry":{"type":"Polygon","coordinates":[[[-60.02571,-18.15182],[-60.02569,-18.15084],[-60.02502,-18.15093],[-60.02501,-18.15169],[-60.02571,-18.15182]]]},"properties":{"n":"CHOCHIS","p":21,"personas_x_ha":30,"masculinidad":162,"pct_menor20":38,"pct_60mas":14,"pct_migrante":5,"dependencia_econ":133,"pct_empleados":11,"pct_cuentapropia":89,"pct_agricultura":22,"pct_comercio":11,"pct_manufactura":33,"pct_construccion":22,"pct_transporte":0,"pct_alojamiento":0,"pct_educ_superior":0,"brecha_educ":-21,"pct_sin_seguro":5,"pct_seguro_privado":0,"brecha_seguro":8,"pct_med_tradicional":0,"pct_automedicacion":0,"pct_remedios_caseros":0,"pct_viv_desocupada":0,"pct_alquiler":20,"pct_electricidad":100,"pct_agua_red":100,"pct_alcantarillado":0,"pct_gas_red":0,"pct_gas_garrafa":100,"pct_lena_guano":100,"pct_basura_formal":0,"pct_basura_quema":100,"pct_basura_informal":0,"pct_internet":60,"pct_celular":80,"pct_televisor":60}},{"type":"Feature","geometry":{"type":"Polygon","coordinates":[[[-60.03212,-18.15029],[-60.03117,-18.15024],[-60.03112,-18.15114],[-60.03208,-18.15118],[-60.03212,-18.15029]]]},"properties":{"n":"CHOCHIS","p":24,"personas_x_ha":24,"masculinidad":85,"pct_menor20":21,"pct_60mas":21,"pct_migrante":17,"dependencia_econ":167,"pct_empleados":67,"pct_cuentapropia":11,"pct_agricultura":56,"pct_comercio":22,"pct_manufactura":11,"pct_construccion":11,"pct_transporte":11,"pct_alojamiento":0,"pct_educ_superior":11,"brecha_educ":29,"pct_sin_seguro":4,"pct_seguro_privado":0,"brecha_seguro":9,"pct_med_tradicional":22,"pct_automedicacion":13,"pct_remedios_caseros":22,"pct_viv_desocupada":12,"pct_alquiler":14,"pct_electricidad":100,"pct_agua_red":100,"pct_alcantarillado":7,"pct_gas_red":0,"pct_gas_garrafa":93,"pct_lena_guano":93,"pct_basura_formal":0,"pct_basura_quema":93,"pct_basura_informal":14,"pct_internet":64,"pct_celular":71,"pct_televisor":57}},{"type":"Feature","geometry":{"type":"Polygon","coordinates":[[[-60.02713,-18.15399],[-60.02695,-18.1529],[-60.02597,-18.15289],[-60.02674,-18.15844],[-60.02803,-18.15827],[-60.02822,-18.15639],[-60.02859,-18.15639],[-60.02867,-18.15517],[-60.02767,-18.15513],[-60.02771,-18.15413],[-60.02659,-18.15409],[-60.02659,-18.154],[-60.02713,-18.15399]]]},"properties":{"n":"CHOCHIS","p":28,"personas_x_ha":3,"masculinidad":75,"pct_menor20":61,"pct_60mas":11,"pct_migrante":7,"dependencia_econ":250,"pct_empleados":38,"pct_cuentapropia":38,"pct_agricultura":50,"pct_comercio":0,"pct_manufactura":25,"pct_construccion":12,"pct_transporte":0,"pct_alojamiento":12,"pct_educ_superior":0,"brecha_educ":7,"pct_sin_seguro":14,"pct_seguro_privado":0,"brecha_seguro":19,"pct_med_tradicional":0,"pct_automedicacion":0,"pct_remedios_caseros":10,"pct_viv_desocupada":0,"pct_alquiler":0,"pct_electricidad":100,"pct_agua_red":100,"pct_alcantarillado":0,"pct_gas_red":0,"pct_gas_garrafa":60,"pct_lena_guano":60,"pct_basura_formal":20,"pct_basura_quema":20,"pct_basura_informal":0,"pct_internet":80,"pct_celular":100,"pct_televisor":40}},{"type":"Feature","geometry":{"type":"Polygon","coordinates":[[[-60.037,-18.14617],[-60.03848,-18.1426],[-60.03911,-18.14215],[-60.03837,-18.14211],[-60.03777,-18.1419],[-60.03642,-18.14218],[-60.03411,-18.14178],[-60.03356,-18.14183],[-60.03296,-18.14207],[-60.03306,-18.14228],[-60.03307,-18.14258],[-60.03295,-18.14207],[-60.03269,-18.14217],[-60.03207,-18.14276],[-60.03168,-18.14351],[-60.03156,-18.14394],[-60.03137,-18.14708],[-60.03489,-18.14716],[-60.03523,-18.14686],[-60.03681,-18.14636],[-60.037,-18.14617]]]},"properties":{"n":"CHOCHIS","p":16,"personas_x_ha":0,"masculinidad":220,"pct_menor20":31,"pct_60mas":31,"pct_migrante":44,"dependencia_econ":220,"pct_empleados":40,"pct_cuentapropia":60,"pct_agricultura":40,"pct_comercio":0,"pct_manufactura":0,"pct_construccion":20,"pct_transporte":0,"pct_alojamiento":0,"pct_educ_superior":27,"brecha_educ":38,"pct_sin_seguro":0,"pct_seguro_privado":0,"brecha_seguro":0,"pct_med_tradicional":0,"pct_automedicacion":10,"pct_remedios_caseros":10,"pct_viv_desocupada":27,"pct_alquiler":17,"pct_electricidad":100,"pct_agua_red":67,"pct_alcantarillado":0,"pct_gas_red":0,"pct_gas_garrafa":83,"pct_lena_guano":83,"pct_basura_formal":0,"pct_basura_quema":83,"pct_basura_informal":0,"pct_internet":100,"pct_celular":100,"pct_televisor":67}},{"type":"Feature","geometry":{"type":"Polygon","coordinates":[[[-60.03001,-18.15005],[-60.03006,-18.14916],[-60.02912,-18.14911],[-60.02909,-18.15],[-60.03001,-18.15005]]]},"properties":{"n":"CHOCHIS","p":38,"personas_x_ha":38,"masculinidad":81,"pct_menor20":37,"pct_60mas":18,"pct_migrante":42,"dependencia_econ":153,"pct_empleados":40,"pct_cuentapropia":53,"pct_agricultura":40,"pct_comercio":20,"pct_manufactura":7,"pct_construccion":27,"pct_transporte":0,"pct_alojamiento":0,"pct_educ_superior":17,"brecha_educ":-6,"pct_sin_seguro":3,"pct_seguro_privado":0,"brecha_seguro":-5,"pct_med_tradicional":2,"pct_automedicacion":0,"pct_remedios_caseros":20,"pct_viv_desocupada":7,"pct_alquiler":7,"pct_electricidad":100,"pct_agua_red":100,"pct_alcantarillado":21,"pct_gas_red":0,"pct_gas_garrafa":93,"pct_lena_guano":93,"pct_basura_formal":14,"pct_basura_quema":86,"pct_basura_informal":0,"pct_internet":64,"pct_celular":86,"pct_televisor":64}},{"type":"Feature","geometry":{"type":"Polygon","coordinates":[[[-59.86404,-18.26445],[-59.86631,-18.26418],[-59.86609,-18.26333],[-59.86381,-18.26379],[-59.86404,-18.26445]]]},"properties":{"n":"LIMONCITO","p":26,"personas_x_ha":12,"masculinidad":100,"pct_menor20":42,"pct_60mas":19,"pct_migrante":38,"dependencia_econ":271,"pct_empleados":57,"pct_cuentapropia":29,"pct_agricultura":57,"pct_comercio":14,"pct_manufactura":0,"pct_construccion":14,"pct_transporte":14,"pct_alojamiento":0,"pct_educ_superior":13,"brecha_educ":-7,"pct_sin_seguro":19,"pct_seguro_privado":0,"brecha_seguro":23,"pct_med_tradicional":7,"pct_automedicacion":10,"pct_remedios_caseros":25,"pct_viv_desocupada":0,"pct_alquiler":0,"pct_electricidad":100,"pct_agua_red":100,"pct_alcantarillado":14,"pct_gas_red":0,"pct_gas_garrafa":86,"pct_lena_guano":86,"pct_basura_formal":0,"pct_basura_quema":100,"pct_basura_informal":0,"pct_internet":71,"pct_celular":71,"pct_televisor":71}},{"type":"Feature","geometry":{"type":"Polygon","coordinates":[[[-59.86282,-18.26587],[-59.86421,-18.26552],[-59.86394,-18.26459],[-59.86267,-18.26491],[-59.86282,-18.26587]]]},"properties":{"n":"LIMONCITO","p":26,"personas_x_ha":16,"masculinidad":160,"pct_menor20":50,"pct_60mas":4,"pct_migrante":15,"dependencia_econ":189,"pct_empleados":22,"pct_cuentapropia":56,"pct_agricultura":78,"pct_comercio":11,"pct_manufactura":0,"pct_construccion":0,"pct_transporte":0,"pct_alojamiento":22,"pct_educ_superior":0,"brecha_educ":26,"pct_sin_seguro":46,"pct_seguro_privado":0,"brecha_seguro":-6,"pct_med_tradicional":15,"pct_automedicacion":10,"pct_remedios_caseros":31,"pct_viv_desocupada":11,"pct_alquiler":25,"pct_electricidad":100,"pct_agua_red":88,"pct_alcantarillado":12,"pct_gas_red":0,"pct_gas_garrafa":88,"pct_lena_guano":88,"pct_basura_formal":0,"pct_basura_quema":88,"pct_basura_informal":0,"pct_internet":38,"pct_celular":50,"pct_televisor":62}},{"type":"Feature","geometry":{"type":"Polygon","coordinates":[[[-59.86765,-18.26489],[-59.86743,-18.26417],[-59.86649,-18.26429],[-59.86675,-18.26516],[-59.86763,-18.26503],[-59.86765,-18.26489]]]},"properties":{"n":"LIMONCITO","p":19,"personas_x_ha":19,"masculinidad":90,"pct_menor20":32,"pct_60mas":5,"pct_migrante":53,"dependencia_econ":111,"pct_empleados":22,"pct_cuentapropia":67,"pct_agricultura":44,"pct_comercio":0,"pct_manufactura":0,"pct_construccion":0,"pct_transporte":11,"pct_alojamiento":22,"pct_educ_superior":14,"brecha_educ":-4,"pct_sin_seguro":11,"pct_seguro_privado":5,"brecha_seguro":1,"pct_med_tradicional":10,"pct_automedicacion":19,"pct_remedios_caseros":23,"pct_viv_desocupada":0,"pct_alquiler":22,"pct_electricidad":89,"pct_agua_red":100,"pct_alcantarillado":0,"pct_gas_red":0,"pct_gas_garrafa":100,"pct_lena_guano":100,"pct_basura_formal":0,"pct_basura_quema":89,"pct_basura_informal":0,"pct_internet":78,"pct_celular":89,"pct_televisor":44}},{"type":"Feature","geometry":{"type":"Polygon","coordinates":[[[-59.85584,-18.25054],[-59.85439,-18.25039],[-59.85463,-18.24945],[-59.85601,-18.24965],[-59.85584,-18.25054]]]},"properties":{"n":"LOS SOTOS","p":25,"personas_x_ha":16,"masculinidad":178,"pct_menor20":32,"pct_60mas":16,"pct_migrante":12,"dependencia_econ":108,"pct_empleados":50,"pct_cuentapropia":8,"pct_agricultura":92,"pct_comercio":0,"pct_manufactura":8,"pct_construccion":0,"pct_transporte":0,"pct_alojamiento":0,"pct_educ_superior":12,"brecha_educ":3,"pct_sin_seguro":32,"pct_seguro_privado":0,"brecha_seguro":33,"pct_med_tradicional":0,"pct_automedicacion":18,"pct_remedios_caseros":40,"pct_viv_desocupada":0,"pct_alquiler":17,"pct_electricidad":100,"pct_agua_red":100,"pct_alcantarillado":0,"pct_gas_red":0,"pct_gas_garrafa":67,"pct_lena_guano":67,"pct_basura_formal":17,"pct_basura_quema":83,"pct_basura_informal":0,"pct_internet":83,"pct_celular":100,"pct_televisor":33}},{"type":"Feature","geometry":{"type":"Polygon","coordinates":[[[-59.85596,-18.25071],[-59.8554,-18.25284],[-59.85528,-18.25389],[-59.85732,-18.25383],[-59.85713,-18.25201],[-59.85666,-18.25078],[-59.85596,-18.25071]]]},"properties":{"n":"LOS SOTOS","p":23,"personas_x_ha":4,"masculinidad":77,"pct_menor20":39,"pct_60mas":9,"pct_migrante":17,"dependencia_econ":120,"pct_empleados":10,"pct_cuentapropia":70,"pct_agricultura":70,"pct_comercio":10,"pct_manufactura":10,"pct_construccion":0,"pct_transporte":0,"pct_alojamiento":0,"pct_educ_superior":7,"brecha_educ":0,"pct_sin_seguro":0,"pct_seguro_privado":0,"brecha_seguro":0,"pct_med_tradicional":0,"pct_automedicacion":4,"pct_remedios_caseros":41,"pct_viv_desocupada":12,"pct_alquiler":0,"pct_electricidad":83,"pct_agua_red":100,"pct_alcantarillado":0,"pct_gas_red":0,"pct_gas_garrafa":33,"pct_lena_guano":33,"pct_basura_formal":0,"pct_basura_quema":67,"pct_basura_informal":0,"pct_internet":83,"pct_celular":100,"pct_televisor":67}},{"type":"Feature","geometry":{"type":"Polygon","coordinates":[[[-59.75699,-18.33438],[-59.75793,-18.33435],[-59.7579,-18.33345],[-59.75696,-18.33346],[-59.75699,-18.33438]]]},"properties":{"n":"ROBORE","p":19,"personas_x_ha":19,"masculinidad":375,"pct_menor20":42,"pct_60mas":5,"pct_migrante":100,"dependencia_econ":138,"pct_empleados":88,"pct_cuentapropia":12,"pct_agricultura":0,"pct_comercio":0,"pct_manufactura":0,"pct_construccion":0,"pct_transporte":0,"pct_alojamiento":0,"pct_educ_superior":91,"brecha_educ":0,"pct_sin_seguro":0,"pct_seguro_privado":0,"brecha_seguro":0,"pct_med_tradicional":0,"pct_automedicacion":0,"pct_remedios_caseros":0,"pct_viv_desocupada":0,"pct_alquiler":0,"pct_electricidad":100,"pct_agua_red":100,"pct_alcantarillado":100,"pct_gas_red":0,"pct_gas_garrafa":100,"pct_lena_guano":100,"pct_basura_formal":100,"pct_basura_quema":0,"pct_basura_informal":0,"pct_internet":100,"pct_celular":100,"pct_televisor":100}},{"type":"Feature","geometry":{"type":"Polygon","coordinates":[[[-59.76376,-18.32352],[-59.76351,-18.32369],[-59.76352,-18.32441],[-59.76444,-18.32439],[-59.76443,-18.32352],[-59.76376,-18.32352]]]},"properties":{"n":"ROBORE","p":27,"personas_x_ha":29,"masculinidad":93,"pct_menor20":41,"pct_60mas":15,"pct_migrante":19,"dependencia_econ":550,"pct_empleados":50,"pct_cuentapropia":50,"pct_agricultura":0,"pct_comercio":75,"pct_manufactura":0,"pct_construccion":25,"pct_transporte":0,"pct_alojamiento":0,"pct_educ_superior":33,"brecha_educ":23,"pct_sin_seguro":4,"pct_seguro_privado":0,"brecha_seguro":8,"pct_med_tradicional":18,"pct_automedicacion":5,"pct_remedios_caseros":29,"pct_viv_desocupada":0,"pct_alquiler":0,"pct_electricidad":100,"pct_agua_red":100,"pct_alcantarillado":89,"pct_gas_red":22,"pct_gas_garrafa":78,"pct_lena_guano":78,"pct_basura_formal":100,"pct_basura_quema":0,"pct_basura_informal":0,"pct_internet":56,"pct_celular":67,"pct_televisor":56}},{"type":"Feature","geometry":{"type":"Polygon","coordinates":[[[-59.76345,-18.32878],[-59.76343,-18.32787],[-59.76247,-18.32791],[-59.76256,-18.32883],[-59.76345,-18.32878]]]},"properties":{"n":"ROBORE","p":20,"personas_x_ha":19,"masculinidad":100,"pct_menor20":35,"pct_60mas":25,"pct_migrante":40,"dependencia_econ":900,"pct_empleados":100,"pct_cuentapropia":0,"pct_agricultura":0,"pct_comercio":0,"pct_manufactura":0,"pct_construccion":0,"pct_transporte":50,"pct_alojamiento":0,"pct_educ_superior":38,"brecha_educ":2,"pct_sin_seguro":0,"pct_seguro_privado":0,"brecha_seguro":0,"pct_med_tradicional":4,"pct_automedicacion":0,"pct_remedios_caseros":9,"pct_viv_desocupada":0,"pct_alquiler":0,"pct_electricidad":100,"pct_agua_red":100,"pct_alcantarillado":33,"pct_gas_red":17,"pct_gas_garrafa":83,"pct_lena_guano":83,"pct_basura_formal":83,"pct_basura_quema":0,"pct_basura_informal":0,"pct_internet":83,"pct_celular":83,"pct_televisor":100}},{"type":"Feature","geometry":{"type":"Polygon","coordinates":[[[-59.74062,-18.33713],[-59.74018,-18.33672],[-59.73982,-18.33719],[-59.74013,-18.33754],[-59.74062,-18.33713]]]},"properties":{"n":"ROBORE","p":47,"personas_x_ha":118,"masculinidad":88,"pct_menor20":40,"pct_60mas":13,"pct_migrante":30,"dependencia_econ":125,"pct_empleados":45,"pct_cuentapropia":45,"pct_agricultura":0,"pct_comercio":10,"pct_manufactura":0,"pct_construccion":15,"pct_transporte":45,"pct_alojamiento":5,"pct_educ_superior":17,"brecha_educ":-19,"pct_sin_seguro":2,"pct_seguro_privado":0,"brecha_seguro":-4,"pct_med_tradicional":3,"pct_automedicacion":23,"pct_remedios_caseros":26,"pct_viv_desocupada":13,"pct_alquiler":0,"pct_electricidad":100,"pct_agua_red":100,"pct_alcantarillado":0,"pct_gas_red":17,"pct_gas_garrafa":75,"pct_lena_guano":75,"pct_basura_formal":100,"pct_basura_quema":0,"pct_basura_informal":0,"pct_internet":92,"pct_celular":100,"pct_televisor":83}},{"type":"Feature","geometry":{"type":"Polygon","coordinates":[[[-59.73819,-18.33705],[-59.73956,-18.33744],[-59.7393,-18.33803],[-59.73844,-18.33823],[-59.73789,-18.33787],[-59.73785,-18.33777],[-59.73819,-18.33705]]]},"properties":{"n":"ROBORE","p":23,"personas_x_ha":15,"masculinidad":156,"pct_menor20":39,"pct_60mas":9,"pct_migrante":17,"dependencia_econ":50,"pct_empleados":50,"pct_cuentapropia":33,"pct_agricultura":0,"pct_comercio":8,"pct_manufactura":0,"pct_construccion":33,"pct_transporte":8,"pct_alojamiento":25,"pct_educ_superior":18,"brecha_educ":-23,"pct_sin_seguro":0,"pct_seguro_privado":0,"brecha_seguro":0,"pct_med_tradicional":4,"pct_automedicacion":18,"pct_remedios_caseros":39,"pct_viv_desocupada":0,"pct_alquiler":38,"pct_electricidad":88,"pct_agua_red":100,"pct_alcantarillado":38,"pct_gas_red":0,"pct_gas_garrafa":25,"pct_lena_guano":25,"pct_basura_formal":38,"pct_basura_quema":38,"pct_basura_informal":0,"pct_internet":12,"pct_celular":50,"pct_televisor":38}},{"type":"Feature","geometry":{"type":"Polygon","coordinates":[[[-59.75223,-18.33687],[-59.75134,-18.33687],[-59.75135,-18.33779],[-59.75226,-18.33777],[-59.75223,-18.33687]]]},"properties":{"n":"ROBORE","p":51,"personas_x_ha":51,"masculinidad":76,"pct_menor20":29,"pct_60mas":12,"pct_migrante":18,"dependencia_econ":433,"pct_empleados":44,"pct_cuentapropia":44,"pct_agricultura":22,"pct_comercio":22,"pct_manufactura":22,"pct_construccion":11,"pct_transporte":0,"pct_alojamiento":0,"pct_educ_superior":21,"brecha_educ":-46,"pct_sin_seguro":6,"pct_seguro_privado":0,"brecha_seguro":6,"pct_med_tradicional":4,"pct_automedicacion":17,"pct_remedios_caseros":25,"pct_viv_desocupada":5,"pct_alquiler":19,"pct_electricidad":100,"pct_agua_red":100,"pct_alcantarillado":88,"pct_gas_red":44,"pct_gas_garrafa":56,"pct_lena_guano":56,"pct_basura_formal":100,"pct_basura_quema":0,"pct_basura_informal":0,"pct_internet":75,"pct_celular":75,"pct_televisor":81}},{"type":"Feature","geometry":{"type":"Polygon","coordinates":[[[-59.75107,-18.33561],[-59.75013,-18.33566],[-59.75011,-18.33524],[-59.75105,-18.3349],[-59.75107,-18.33561]]]},"properties":{"n":"ROBORE","p":42,"personas_x_ha":65,"masculinidad":83,"pct_menor20":40,"pct_60mas":12,"pct_migrante":55,"dependencia_econ":95,"pct_empleados":48,"pct_cuentapropia":48,"pct_agricultura":10,"pct_comercio":29,"pct_manufactura":24,"pct_construccion":10,"pct_transporte":10,"pct_alojamiento":10,"pct_educ_superior":40,"brecha_educ":-10,"pct_sin_seguro":17,"pct_seguro_privado":0,"brecha_seguro":7,"pct_med_tradicional":8,"pct_automedicacion":16,"pct_remedios_caseros":28,"pct_viv_desocupada":6,"pct_alquiler":33,"pct_electricidad":87,"pct_agua_red":93,"pct_alcantarillado":73,"pct_gas_red":20,"pct_gas_garrafa":73,"pct_lena_guano":73,"pct_basura_formal":87,"pct_basura_quema":13,"pct_basura_informal":0,"pct_internet":87,"pct_celular":100,"pct_televisor":67}},{"type":"Feature","geometry":{"type":"Polygon","coordinates":[[[-59.74995,-18.33674],[-59.74991,-18.33584],[-59.74944,-18.3359],[-59.74902,-18.33624],[-59.74904,-18.33675],[-59.74995,-18.33674]]]},"properties":{"n":"ROBORE","p":39,"personas_x_ha":45,"masculinidad":86,"pct_menor20":31,"pct_60mas":15,"pct_migrante":31,"dependencia_econ":160,"pct_empleados":40,"pct_cuentapropia":60,"pct_agricultura":0,"pct_comercio":27,"pct_manufactura":0,"pct_construccion":20,"pct_transporte":7,"pct_alojamiento":7,"pct_educ_superior":37,"brecha_educ":-12,"pct_sin_seguro":31,"pct_seguro_privado":0,"brecha_seguro":-16,"pct_med_tradicional":0,"pct_automedicacion":0,"pct_remedios_caseros":14,"pct_viv_desocupada":0,"pct_alquiler":17,"pct_electricidad":100,"pct_agua_red":100,"pct_alcantarillado":83,"pct_gas_red":42,"pct_gas_garrafa":58,"pct_lena_guano":58,"pct_basura_formal":100,"pct_basura_quema":0,"pct_basura_informal":0,"pct_internet":75,"pct_celular":92,"pct_televisor":83}},{"type":"Feature","geometry":{"type":"Polygon","coordinates":[[[-59.75679,-18.33459],[-59.75679,-18.33548],[-59.75588,-18.33549],[-59.75588,-18.33459],[-59.75679,-18.33459]]]},"properties":{"n":"ROBORE","p":23,"personas_x_ha":23,"masculinidad":156,"pct_menor20":35,"pct_60mas":13,"pct_migrante":74,"dependencia_econ":109,"pct_empleados":55,"pct_cuentapropia":45,"pct_agricultura":36,"pct_comercio":0,"pct_manufactura":0,"pct_construccion":0,"pct_transporte":0,"pct_alojamiento":9,"pct_educ_superior":100,"brecha_educ":0,"pct_sin_seguro":26,"pct_seguro_privado":17,"brecha_seguro":-30,"pct_med_tradicional":3,"pct_automedicacion":3,"pct_remedios_caseros":19,"pct_viv_desocupada":9,"pct_alquiler":33,"pct_electricidad":100,"pct_agua_red":100,"pct_alcantarillado":100,"pct_gas_red":50,"pct_gas_garrafa":50,"pct_lena_guano":50,"pct_basura_formal":100,"pct_basura_quema":0,"pct_basura_informal":0,"pct_internet":100,"pct_celular":100,"pct_televisor":100}},{"type":"Feature","geometry":{"type":"Polygon","coordinates":[[[-59.75793,-18.33544],[-59.75793,-18.33453],[-59.75699,-18.33456],[-59.75703,-18.33547],[-59.75793,-18.33544]]]},"properties":{"n":"ROBORE","p":49,"personas_x_ha":48,"masculinidad":206,"pct_menor20":10,"pct_60mas":12,"pct_migrante":55,"dependencia_econ":40,"pct_empleados":69,"pct_cuentapropia":29,"pct_agricultura":0,"pct_comercio":23,"pct_manufactura":3,"pct_construccion":6,"pct_transporte":3,"pct_alojamiento":0,"pct_educ_superior":84,"brecha_educ":0,"pct_sin_seguro":16,"pct_seguro_privado":0,"brecha_seguro":-4,"pct_med_tradicional":4,"pct_automedicacion":16,"pct_remedios_caseros":29,"pct_viv_desocupada":0,"pct_alquiler":40,"pct_electricidad":100,"pct_agua_red":100,"pct_alcantarillado":90,"pct_gas_red":40,"pct_gas_garrafa":40,"pct_lena_guano":40,"pct_basura_formal":90,"pct_basura_quema":10,"pct_basura_informal":0,"pct_internet":90,"pct_celular":90,"pct_televisor":90}},{"type":"Feature","geometry":{"type":"Polygon","coordinates":[[[-59.76014,-18.33448],[-59.75927,-18.33451],[-59.7593,-18.3354],[-59.76023,-18.33537],[-59.7602,-18.33455],[-59.76014,-18.33448]]]},"properties":{"n":"ROBORE","p":31,"personas_x_ha":32,"masculinidad":82,"pct_menor20":52,"pct_60mas":6,"pct_migrante":13,"dependencia_econ":343,"pct_empleados":43,"pct_cuentapropia":43,"pct_agricultura":57,"pct_comercio":29,"pct_manufactura":0,"pct_construccion":0,"pct_transporte":29,"pct_alojamiento":0,"pct_educ_superior":13,"brecha_educ":-12,"pct_sin_seguro":0,"pct_seguro_privado":0,"brecha_seguro":0,"pct_med_tradicional":6,"pct_automedicacion":14,"pct_remedios_caseros":28,"pct_viv_desocupada":0,"pct_alquiler":17,"pct_electricidad":100,"pct_agua_red":100,"pct_alcantarillado":83,"pct_gas_red":0,"pct_gas_garrafa":83,"pct_lena_guano":83,"pct_basura_formal":100,"pct_basura_quema":0,"pct_basura_informal":0,"pct_internet":83,"pct_celular":83,"pct_televisor":83}},{"type":"Feature","geometry":{"type":"Polygon","coordinates":[[[-59.74253,-18.34117],[-59.74435,-18.34119],[-59.74435,-18.34099],[-59.74347,-18.34019],[-59.74339,-18.3402],[-59.74253,-18.34117]]]},"properties":{"n":"ROBORE","p":18,"personas_x_ha":14,"masculinidad":80,"pct_menor20":39,"pct_60mas":0,"pct_migrante":28,"dependencia_econ":157,"pct_empleados":14,"pct_cuentapropia":29,"pct_agricultura":14,"pct_comercio":14,"pct_manufactura":14,"pct_construccion":14,"pct_transporte":29,"pct_alojamiento":0,"pct_educ_superior":9,"brecha_educ":3,"pct_sin_seguro":0,"pct_seguro_privado":0,"brecha_seguro":0,"pct_med_tradicional":0,"pct_automedicacion":12,"pct_remedios_caseros":21,"pct_viv_desocupada":20,"pct_alquiler":0,"pct_electricidad":100,"pct_agua_red":100,"pct_alcantarillado":67,"pct_gas_red":0,"pct_gas_garrafa":100,"pct_lena_guano":100,"pct_basura_formal":100,"pct_basura_quema":0,"pct_basura_informal":0,"pct_internet":33,"pct_celular":50,"pct_televisor":50}},{"type":"Feature","geometry":{"type":"Polygon","coordinates":[[[-59.76317,-18.3214],[-59.76228,-18.32142],[-59.76229,-18.3223],[-59.76324,-18.32227],[-59.76317,-18.3214]]]},"properties":{"n":"ROBORE","p":38,"personas_x_ha":39,"masculinidad":111,"pct_menor20":47,"pct_60mas":5,"pct_migrante":39,"dependencia_econ":245,"pct_empleados":55,"pct_cuentapropia":27,"pct_agricultura":27,"pct_comercio":9,"pct_manufactura":9,"pct_construccion":27,"pct_transporte":9,"pct_alojamiento":9,"pct_educ_superior":10,"brecha_educ":0,"pct_sin_seguro":8,"pct_seguro_privado":0,"brecha_seguro":4,"pct_med_tradicional":0,"pct_automedicacion":25,"pct_remedios_caseros":31,"pct_viv_desocupada":8,"pct_alquiler":0,"pct_electricidad":100,"pct_agua_red":90,"pct_alcantarillado":80,"pct_gas_red":0,"pct_gas_garrafa":90,"pct_lena_guano":90,"pct_basura_formal":90,"pct_basura_quema":10,"pct_basura_informal":0,"pct_internet":60,"pct_celular":80,"pct_televisor":100}},{"type":"Feature","geometry":{"type":"Polygon","coordinates":[[[-59.73888,-18.34312],[-59.73993,-18.34357],[-59.73951,-18.3441],[-59.73868,-18.34391],[-59.73864,-18.34381],[-59.73888,-18.34312]]]},"properties":{"n":"ROBORE","p":28,"personas_x_ha":31,"masculinidad":100,"pct_menor20":43,"pct_60mas":18,"pct_migrante":29,"dependencia_econ":286,"pct_empleados":86,"pct_cuentapropia":14,"pct_agricultura":14,"pct_comercio":29,"pct_manufactura":0,"pct_construccion":14,"pct_transporte":0,"pct_alojamiento":14,"pct_educ_superior":7,"brecha_educ":9,"pct_sin_seguro":8,"pct_seguro_privado":0,"brecha_seguro":1,"pct_med_tradicional":0,"pct_automedicacion":8,"pct_remedios_caseros":37,"pct_viv_desocupada":11,"pct_alquiler":17,"pct_electricidad":100,"pct_agua_red":100,"pct_alcantarillado":83,"pct_gas_red":0,"pct_gas_garrafa":83,"pct_lena_guano":83,"pct_basura_formal":67,"pct_basura_quema":0,"pct_basura_informal":0,"pct_internet":50,"pct_celular":83,"pct_televisor":50}},{"type":"Feature","geometry":{"type":"Polygon","coordinates":[[[-59.74241,-18.34332],[-59.74333,-18.34333],[-59.74329,-18.34244],[-59.74239,-18.34244],[-59.74241,-18.34332]]]},"properties":{"n":"ROBORE","p":45,"personas_x_ha":48,"masculinidad":80,"pct_menor20":53,"pct_60mas":7,"pct_migrante":18,"dependencia_econ":389,"pct_empleados":67,"pct_cuentapropia":22,"pct_agricultura":0,"pct_comercio":0,"pct_manufactura":33,"pct_construccion":11,"pct_transporte":11,"pct_alojamiento":44,"pct_educ_superior":0,"brecha_educ":-12,"pct_sin_seguro":2,"pct_seguro_privado":0,"brecha_seguro":-4,"pct_med_tradicional":13,"pct_automedicacion":4,"pct_remedios_caseros":38,"pct_viv_desocupada":9,"pct_alquiler":12,"pct_electricidad":100,"pct_agua_red":100,"pct_alcantarillado":12,"pct_gas_red":12,"pct_gas_garrafa":88,"pct_lena_guano":88,"pct_basura_formal":100,"pct_basura_quema":0,"pct_basura_informal":0,"pct_internet":62,"pct_celular":75,"pct_televisor":62}},{"type":"Feature","geometry":{"type":"Polygon","coordinates":[[[-59.75807,-18.3387],[-59.75804,-18.33778],[-59.7571,-18.33782],[-59.75713,-18.3387],[-59.75807,-18.3387]]]},"properties":{"n":"ROBORE","p":42,"personas_x_ha":41,"masculinidad":75,"pct_menor20":29,"pct_60mas":24,"pct_migrante":26,"dependencia_econ":133,"pct_empleados":72,"pct_cuentapropia":22,"pct_agricultura":6,"pct_comercio":6,"pct_manufactura":0,"pct_construccion":28,"pct_transporte":6,"pct_alojamiento":0,"pct_educ_superior":37,"brecha_educ":4,"pct_sin_seguro":2,"pct_seguro_privado":0,"brecha_seguro":6,"pct_med_tradicional":6,"pct_automedicacion":23,"pct_remedios_caseros":23,"pct_viv_desocupada":12,"pct_alquiler":25,"pct_electricidad":100,"pct_agua_red":92,"pct_alcantarillado":83,"pct_gas_red":42,"pct_gas_garrafa":33,"pct_lena_guano":33,"pct_basura_formal":83,"pct_basura_quema":17,"pct_basura_informal":0,"pct_internet":50,"pct_celular":83,"pct_televisor":58}},{"type":"Feature","geometry":{"type":"Polygon","coordinates":[[[-59.76264,-18.33746],[-59.76257,-18.33656],[-59.76165,-18.33659],[-59.7617,-18.33749],[-59.76264,-18.33746]]]},"properties":{"n":"ROBORE","p":47,"personas_x_ha":47,"masculinidad":81,"pct_menor20":55,"pct_60mas":9,"pct_migrante":15,"dependencia_econ":161,"pct_empleados":44,"pct_cuentapropia":33,"pct_agricultura":17,"pct_comercio":6,"pct_manufactura":0,"pct_construccion":11,"pct_transporte":6,"pct_alojamiento":33,"pct_educ_superior":0,"brecha_educ":-22,"pct_sin_seguro":13,"pct_seguro_privado":6,"brecha_seguro":3,"pct_med_tradicional":3,"pct_automedicacion":19,"pct_remedios_caseros":34,"pct_viv_desocupada":0,"pct_alquiler":0,"pct_electricidad":100,"pct_agua_red":88,"pct_alcantarillado":0,"pct_gas_red":0,"pct_gas_garrafa":88,"pct_lena_guano":88,"pct_basura_formal":38,"pct_basura_quema":50,"pct_basura_informal":0,"pct_internet":88,"pct_celular":100,"pct_televisor":100}},{"type":"Feature","geometry":{"type":"Polygon","coordinates":[[[-59.75125,-18.34207],[-59.75034,-18.3421],[-59.75029,-18.34125],[-59.75123,-18.34123],[-59.75125,-18.34207]]]},"properties":{"n":"ROBORE","p":65,"personas_x_ha":70,"masculinidad":103,"pct_menor20":60,"pct_60mas":5,"pct_migrante":37,"dependencia_econ":306,"pct_empleados":25,"pct_cuentapropia":75,"pct_agricultura":19,"pct_comercio":38,"pct_manufactura":0,"pct_construccion":19,"pct_transporte":0,"pct_alojamiento":6,"pct_educ_superior":15,"brecha_educ":18,"pct_sin_seguro":3,"pct_seguro_privado":0,"brecha_seguro":6,"pct_med_tradicional":3,"pct_automedicacion":16,"pct_remedios_caseros":35,"pct_viv_desocupada":6,"pct_alquiler":20,"pct_electricidad":100,"pct_agua_red":100,"pct_alcantarillado":93,"pct_gas_red":33,"pct_gas_garrafa":67,"pct_lena_guano":67,"pct_basura_formal":87,"pct_basura_quema":0,"pct_basura_informal":0,"pct_internet":80,"pct_celular":93,"pct_televisor":87}},{"type":"Feature","geometry":{"type":"Polygon","coordinates":[[[-59.74692,-18.34241],[-59.74694,-18.34337],[-59.74778,-18.34334],[-59.74777,-18.34241],[-59.74692,-18.34241]]]},"properties":{"n":"ROBORE","p":39,"personas_x_ha":41,"masculinidad":62,"pct_menor20":41,"pct_60mas":5,"pct_migrante":26,"dependencia_econ":105,"pct_empleados":32,"pct_cuentapropia":53,"pct_agricultura":11,"pct_comercio":5,"pct_manufactura":21,"pct_construccion":16,"pct_transporte":5,"pct_alojamiento":11,"pct_educ_superior":22,"brecha_educ":-6,"pct_sin_seguro":11,"pct_seguro_privado":0,"brecha_seguro":5,"pct_med_tradicional":4,"pct_automedicacion":0,"pct_remedios_caseros":14,"pct_viv_desocupada":18,"pct_alquiler":18,"pct_electricidad":100,"pct_agua_red":100,"pct_alcantarillado":27,"pct_gas_red":27,"pct_gas_garrafa":55,"pct_lena_guano":55,"pct_basura_formal":91,"pct_basura_quema":0,"pct_basura_informal":0,"pct_internet":73,"pct_celular":82,"pct_televisor":73}},{"type":"Feature","geometry":{"type":"Polygon","coordinates":[[[-59.75196,-18.34143],[-59.75178,-18.34121],[-59.75142,-18.34121],[-59.75145,-18.34207],[-59.75216,-18.34205],[-59.75233,-18.3416],[-59.75196,-18.34143]]]},"properties":{"n":"ROBORE","p":59,"personas_x_ha":85,"masculinidad":84,"pct_menor20":53,"pct_60mas":5,"pct_migrante":10,"dependencia_econ":256,"pct_empleados":62,"pct_cuentapropia":31,"pct_agricultura":12,"pct_comercio":12,"pct_manufactura":6,"pct_construccion":38,"pct_transporte":0,"pct_alojamiento":12,"pct_educ_superior":0,"brecha_educ":-7,"pct_sin_seguro":12,"pct_seguro_privado":0,"brecha_seguro":6,"pct_med_tradicional":0,"pct_automedicacion":20,"pct_remedios_caseros":34,"pct_viv_desocupada":0,"pct_alquiler":25,"pct_electricidad":100,"pct_agua_red":100,"pct_alcantarillado":83,"pct_gas_red":0,"pct_gas_garrafa":75,"pct_lena_guano":75,"pct_basura_formal":0,"pct_basura_quema":67,"pct_basura_informal":33,"pct_internet":67,"pct_celular":83,"pct_televisor":58}},{"type":"Feature","geometry":{"type":"Polygon","coordinates":[[[-59.75924,-18.33975],[-59.75922,-18.33884],[-59.75825,-18.33886],[-59.75831,-18.33977],[-59.75924,-18.33975]]]},"properties":{"n":"ROBORE","p":35,"personas_x_ha":34,"masculinidad":119,"pct_menor20":40,"pct_60mas":23,"pct_migrante":29,"dependencia_econ":289,"pct_empleados":44,"pct_cuentapropia":56,"pct_agricultura":33,"pct_comercio":11,"pct_manufactura":0,"pct_construccion":22,"pct_transporte":0,"pct_alojamiento":0,"pct_educ_superior":9,"brecha_educ":-3,"pct_sin_seguro":40,"pct_seguro_privado":0,"brecha_seguro":39,"pct_med_tradicional":4,"pct_automedicacion":0,"pct_remedios_caseros":20,"pct_viv_desocupada":17,"pct_alquiler":11,"pct_electricidad":100,"pct_agua_red":89,"pct_alcantarillado":89,"pct_gas_red":22,"pct_gas_garrafa":44,"pct_lena_guano":44,"pct_basura_formal":100,"pct_basura_quema":0,"pct_basura_informal":0,"pct_internet":89,"pct_celular":89,"pct_televisor":78}},{"type":"Feature","geometry":{"type":"Polygon","coordinates":[[[-59.75589,-18.3422],[-59.75591,-18.34311],[-59.75506,-18.34307],[-59.75496,-18.34222],[-59.75589,-18.3422]]]},"properties":{"n":"ROBORE","p":43,"personas_x_ha":44,"masculinidad":126,"pct_menor20":49,"pct_60mas":0,"pct_migrante":67,"dependencia_econ":126,"pct_empleados":79,"pct_cuentapropia":21,"pct_agricultura":11,"pct_comercio":21,"pct_manufactura":5,"pct_construccion":0,"pct_transporte":11,"pct_alojamiento":11,"pct_educ_superior":65,"brecha_educ":0,"pct_sin_seguro":0,"pct_seguro_privado":5,"brecha_seguro":0,"pct_med_tradicional":5,"pct_automedicacion":6,"pct_remedios_caseros":23,"pct_viv_desocupada":0,"pct_alquiler":30,"pct_electricidad":100,"pct_agua_red":100,"pct_alcantarillado":90,"pct_gas_red":40,"pct_gas_garrafa":60,"pct_lena_guano":60,"pct_basura_formal":100,"pct_basura_quema":0,"pct_basura_informal":0,"pct_internet":100,"pct_celular":100,"pct_televisor":90}},{"type":"Feature","geometry":{"type":"Polygon","coordinates":[[[-59.75941,-18.34408],[-59.75938,-18.34321],[-59.75839,-18.34322],[-59.75844,-18.3441],[-59.75941,-18.34408]]]},"properties":{"n":"ROBORE","p":55,"personas_x_ha":53,"masculinidad":120,"pct_menor20":40,"pct_60mas":7,"pct_migrante":16,"dependencia_econ":206,"pct_empleados":61,"pct_cuentapropia":33,"pct_agricultura":39,"pct_comercio":17,"pct_manufactura":6,"pct_construccion":6,"pct_transporte":22,"pct_alojamiento":11,"pct_educ_superior":12,"brecha_educ":-8,"pct_sin_seguro":5,"pct_seguro_privado":0,"brecha_seguro":10,"pct_med_tradicional":1,"pct_automedicacion":0,"pct_remedios_caseros":41,"pct_viv_desocupada":6,"pct_alquiler":7,"pct_electricidad":93,"pct_agua_red":100,"pct_alcantarillado":86,"pct_gas_red":14,"pct_gas_garrafa":71,"pct_lena_guano":71,"pct_basura_formal":100,"pct_basura_quema":0,"pct_basura_informal":0,"pct_internet":100,"pct_celular":100,"pct_televisor":93}},{"type":"Feature","geometry":{"type":"Polygon","coordinates":[[[-59.75804,-18.33216],[-59.75901,-18.33215],[-59.75897,-18.33126],[-59.75803,-18.33128],[-59.75804,-18.33216]]]},"properties":{"n":"ROBORE","p":18,"personas_x_ha":18,"masculinidad":50,"pct_menor20":28,"pct_60mas":28,"pct_migrante":44,"dependencia_econ":125,"pct_empleados":38,"pct_cuentapropia":50,"pct_agricultura":12,"pct_comercio":25,"pct_manufactura":0,"pct_construccion":0,"pct_transporte":0,"pct_alojamiento":0,"pct_educ_superior":54,"brecha_educ":0,"pct_sin_seguro":22,"pct_seguro_privado":0,"brecha_seguro":17,"pct_med_tradicional":0,"pct_automedicacion":0,"pct_remedios_caseros":0,"pct_viv_desocupada":0,"pct_alquiler":29,"pct_electricidad":100,"pct_agua_red":86,"pct_alcantarillado":86,"pct_gas_red":71,"pct_gas_garrafa":29,"pct_lena_guano":29,"pct_basura_formal":100,"pct_basura_quema":0,"pct_basura_informal":0,"pct_internet":100,"pct_celular":100,"pct_televisor":71}},{"type":"Feature","geometry":{"type":"Polygon","coordinates":[[[-59.74393,-18.33134],[-59.74331,-18.33074],[-59.74431,-18.3298],[-59.74499,-18.33034],[-59.74402,-18.33133],[-59.74393,-18.33134]]]},"properties":{"n":"ROBORE","p":24,"personas_x_ha":16,"masculinidad":100,"pct_menor20":50,"pct_60mas":4,"pct_migrante":21,"dependencia_econ":380,"pct_empleados":40,"pct_cuentapropia":40,"pct_agricultura":20,"pct_comercio":0,"pct_manufactura":0,"pct_construccion":0,"pct_transporte":40,"pct_alojamiento":20,"pct_educ_superior":0,"brecha_educ":0,"pct_sin_seguro":8,"pct_seguro_privado":0,"brecha_seguro":17,"pct_med_tradicional":0,"pct_automedicacion":11,"pct_remedios_caseros":17,"pct_viv_desocupada":31,"pct_alquiler":0,"pct_electricidad":83,"pct_agua_red":100,"pct_alcantarillado":0,"pct_gas_red":0,"pct_gas_garrafa":83,"pct_lena_guano":83,"pct_basura_formal":100,"pct_basura_quema":0,"pct_basura_informal":0,"pct_internet":83,"pct_celular":100,"pct_televisor":67}},{"type":"Feature","geometry":{"type":"Polygon","coordinates":[[[-59.75321,-18.32703],[-59.75221,-18.32704],[-59.75224,-18.32797],[-59.75322,-18.32795],[-59.75321,-18.32703]]]},"properties":{"n":"ROBORE","p":45,"personas_x_ha":41,"masculinidad":96,"pct_menor20":44,"pct_60mas":9,"pct_migrante":38,"dependencia_econ":150,"pct_empleados":56,"pct_cuentapropia":39,"pct_agricultura":0,"pct_comercio":11,"pct_manufactura":11,"pct_construccion":0,"pct_transporte":22,"pct_alojamiento":6,"pct_educ_superior":48,"brecha_educ":0,"pct_sin_seguro":29,"pct_seguro_privado":2,"brecha_seguro":6,"pct_med_tradicional":1,"pct_automedicacion":4,"pct_remedios_caseros":23,"pct_viv_desocupada":20,"pct_alquiler":36,"pct_electricidad":100,"pct_agua_red":82,"pct_alcantarillado":18,"pct_gas_red":9,"pct_gas_garrafa":82,"pct_lena_guano":82,"pct_basura_formal":100,"pct_basura_quema":0,"pct_basura_informal":0,"pct_internet":91,"pct_celular":100,"pct_televisor":100}},{"type":"Feature","geometry":{"type":"Polygon","coordinates":[[[-59.76009,-18.34299],[-59.7605,-18.34297],[-59.76047,-18.34205],[-59.76004,-18.34206],[-59.76009,-18.34299]]]},"properties":{"n":"ROBORE","p":52,"personas_x_ha":113,"masculinidad":86,"pct_menor20":40,"pct_60mas":10,"pct_migrante":21,"dependencia_econ":206,"pct_empleados":24,"pct_cuentapropia":71,"pct_agricultura":53,"pct_comercio":29,"pct_manufactura":0,"pct_construccion":18,"pct_transporte":0,"pct_alojamiento":6,"pct_educ_superior":13,"brecha_educ":-8,"pct_sin_seguro":22,"pct_seguro_privado":0,"brecha_seguro":-8,"pct_med_tradicional":6,"pct_automedicacion":1,"pct_remedios_caseros":26,"pct_viv_desocupada":0,"pct_alquiler":21,"pct_electricidad":100,"pct_agua_red":100,"pct_alcantarillado":93,"pct_gas_red":29,"pct_gas_garrafa":50,"pct_lena_guano":50,"pct_basura_formal":100,"pct_basura_quema":0,"pct_basura_informal":0,"pct_internet":79,"pct_celular":79,"pct_televisor":64}},{"type":"Feature","geometry":{"type":"Polygon","coordinates":[[[-59.75353,-18.33361],[-59.75334,-18.33396],[-59.75339,-18.3345],[-59.75452,-18.33446],[-59.75447,-18.33355],[-59.75353,-18.33361]]]},"properties":{"n":"ROBORE","p":26,"personas_x_ha":22,"masculinidad":73,"pct_menor20":19,"pct_60mas":15,"pct_migrante":65,"dependencia_econ":117,"pct_empleados":33,"pct_cuentapropia":50,"pct_agricultura":33,"pct_comercio":8,"pct_manufactura":0,"pct_construccion":0,"pct_transporte":17,"pct_alojamiento":0,"pct_educ_superior":36,"brecha_educ":0,"pct_sin_seguro":12,"pct_seguro_privado":0,"brecha_seguro":-5,"pct_med_tradicional":2,"pct_automedicacion":23,"pct_remedios_caseros":25,"pct_viv_desocupada":18,"pct_alquiler":44,"pct_electricidad":100,"pct_agua_red":100,"pct_alcantarillado":100,"pct_gas_red":33,"pct_gas_garrafa":67,"pct_lena_guano":67,"pct_basura_formal":100,"pct_basura_quema":0,"pct_basura_informal":0,"pct_internet":100,"pct_celular":100,"pct_televisor":89}},{"type":"Feature","geometry":{"type":"Polygon","coordinates":[[[-59.74904,-18.34437],[-59.74806,-18.34439],[-59.74801,-18.34353],[-59.749,-18.34349],[-59.74904,-18.34437]]]},"properties":{"n":"ROBORE","p":85,"personas_x_ha":83,"masculinidad":98,"pct_menor20":48,"pct_60mas":13,"pct_migrante":25,"dependencia_econ":546,"pct_empleados":38,"pct_cuentapropia":54,"pct_agricultura":0,"pct_comercio":38,"pct_manufactura":15,"pct_construccion":31,"pct_transporte":0,"pct_alojamiento":15,"pct_educ_superior":12,"brecha_educ":-8,"pct_sin_seguro":13,"pct_seguro_privado":0,"brecha_seguro":8,"pct_med_tradicional":15,"pct_automedicacion":22,"pct_remedios_caseros":23,"pct_viv_desocupada":0,"pct_alquiler":5,"pct_electricidad":100,"pct_agua_red":95,"pct_alcantarillado":23,"pct_gas_red":5,"pct_gas_garrafa":86,"pct_lena_guano":86,"pct_basura_formal":100,"pct_basura_quema":0,"pct_basura_informal":0,"pct_internet":50,"pct_celular":68,"pct_televisor":59}},{"type":"Feature","geometry":{"type":"Polygon","coordinates":[[[-59.76128,-18.33229],[-59.76131,-18.33318],[-59.76034,-18.33317],[-59.76034,-18.3323],[-59.76128,-18.33229]]]},"properties":{"n":"ROBORE","p":39,"personas_x_ha":39,"masculinidad":86,"pct_menor20":38,"pct_60mas":8,"pct_migrante":28,"dependencia_econ":280,"pct_empleados":80,"pct_cuentapropia":20,"pct_agricultura":0,"pct_comercio":30,"pct_manufactura":10,"pct_construccion":0,"pct_transporte":0,"pct_alojamiento":0,"pct_educ_superior":57,"brecha_educ":-14,"pct_sin_seguro":5,"pct_seguro_privado":0,"brecha_seguro":-10,"pct_med_tradicional":19,"pct_automedicacion":9,"pct_remedios_caseros":23,"pct_viv_desocupada":20,"pct_alquiler":0,"pct_electricidad":100,"pct_agua_red":100,"pct_alcantarillado":82,"pct_gas_red":36,"pct_gas_garrafa":64,"pct_lena_guano":64,"pct_basura_formal":91,"pct_basura_quema":9,"pct_basura_informal":0,"pct_internet":91,"pct_celular":100,"pct_televisor":91}},{"type":"Feature","geometry":{"type":"Polygon","coordinates":[[[-59.74658,-18.33615],[-59.7463,-18.33585],[-59.74581,-18.33625],[-59.74588,-18.33638],[-59.74624,-18.33632],[-59.74658,-18.33615]]]},"properties":{"n":"ROBORE","p":29,"personas_x_ha":115,"masculinidad":61,"pct_menor20":38,"pct_60mas":10,"pct_migrante":31,"dependencia_econ":123,"pct_empleados":38,"pct_cuentapropia":54,"pct_agricultura":15,"pct_comercio":8,"pct_manufactura":23,"pct_construccion":8,"pct_transporte":0,"pct_alojamiento":8,"pct_educ_superior":17,"brecha_educ":-18,"pct_sin_seguro":21,"pct_seguro_privado":0,"brecha_seguro":25,"pct_med_tradicional":5,"pct_automedicacion":14,"pct_remedios_caseros":32,"pct_viv_desocupada":14,"pct_alquiler":20,"pct_electricidad":100,"pct_agua_red":100,"pct_alcantarillado":0,"pct_gas_red":10,"pct_gas_garrafa":90,"pct_lena_guano":90,"pct_basura_formal":100,"pct_basura_quema":0,"pct_basura_informal":0,"pct_internet":100,"pct_celular":100,"pct_televisor":90}},{"type":"Feature","geometry":{"type":"Polygon","coordinates":[[[-59.74014,-18.33768],[-59.74146,-18.33889],[-59.73996,-18.33986],[-59.73968,-18.33999],[-59.73935,-18.33996],[-59.73927,-18.3397],[-59.73931,-18.33916],[-59.73902,-18.33891],[-59.73901,-18.33838],[-59.74014,-18.33768]]]},"properties":{"n":"ROBORE","p":65,"personas_x_ha":17,"masculinidad":110,"pct_menor20":55,"pct_60mas":5,"pct_migrante":40,"dependencia_econ":364,"pct_empleados":71,"pct_cuentapropia":29,"pct_agricultura":7,"pct_comercio":29,"pct_manufactura":7,"pct_construccion":14,"pct_transporte":14,"pct_alojamiento":14,"pct_educ_superior":24,"brecha_educ":1,"pct_sin_seguro":5,"pct_seguro_privado":0,"brecha_seguro":-10,"pct_med_tradicional":4,"pct_automedicacion":19,"pct_remedios_caseros":34,"pct_viv_desocupada":10,"pct_alquiler":14,"pct_electricidad":100,"pct_agua_red":100,"pct_alcantarillado":0,"pct_gas_red":29,"pct_gas_garrafa":50,"pct_lena_guano":50,"pct_basura_formal":93,"pct_basura_quema":7,"pct_basura_informal":0,"pct_internet":79,"pct_celular":93,"pct_televisor":79}},{"type":"Feature","geometry":{"type":"Polygon","coordinates":[[[-59.74884,-18.3362],[-59.74884,-18.33612],[-59.74866,-18.33615],[-59.74765,-18.33643],[-59.74839,-18.33667],[-59.74884,-18.3362]]]},"properties":{"n":"ROBORE","p":39,"personas_x_ha":110,"masculinidad":95,"pct_menor20":33,"pct_60mas":21,"pct_migrante":38,"dependencia_econ":111,"pct_empleados":22,"pct_cuentapropia":61,"pct_agricultura":6,"pct_comercio":56,"pct_manufactura":6,"pct_construccion":11,"pct_transporte":6,"pct_alojamiento":6,"pct_educ_superior":15,"brecha_educ":1,"pct_sin_seguro":11,"pct_seguro_privado":0,"brecha_seguro":21,"pct_med_tradicional":1,"pct_automedicacion":14,"pct_remedios_caseros":26,"pct_viv_desocupada":0,"pct_alquiler":21,"pct_electricidad":100,"pct_agua_red":93,"pct_alcantarillado":86,"pct_gas_red":29,"pct_gas_garrafa":71,"pct_lena_guano":71,"pct_basura_formal":100,"pct_basura_quema":0,"pct_basura_informal":0,"pct_internet":86,"pct_celular":100,"pct_televisor":86}},{"type":"Feature","geometry":{"type":"Polygon","coordinates":[[[-59.75663,-18.33006],[-59.75666,-18.32977],[-59.75654,-18.32977],[-59.75653,-18.32946],[-59.75665,-18.32946],[-59.75665,-18.32916],[-59.75647,-18.32915],[-59.75645,-18.32926],[-59.75617,-18.32926],[-59.75616,-18.32915],[-59.7557,-18.32917],[-59.75573,-18.33007],[-59.75663,-18.33006]]]},"properties":{"n":"ROBORE","p":18,"personas_x_ha":19,"masculinidad":157,"pct_menor20":28,"pct_60mas":17,"pct_migrante":44,"dependencia_econ":64,"pct_empleados":55,"pct_cuentapropia":36,"pct_agricultura":9,"pct_comercio":18,"pct_manufactura":0,"pct_construccion":18,"pct_transporte":0,"pct_alojamiento":27,"pct_educ_superior":46,"brecha_educ":0,"pct_sin_seguro":56,"pct_seguro_privado":0,"brecha_seguro":44,"pct_med_tradicional":0,"pct_automedicacion":5,"pct_remedios_caseros":0,"pct_viv_desocupada":14,"pct_alquiler":17,"pct_electricidad":100,"pct_agua_red":100,"pct_alcantarillado":67,"pct_gas_red":0,"pct_gas_garrafa":100,"pct_lena_guano":100,"pct_basura_formal":100,"pct_basura_quema":0,"pct_basura_informal":0,"pct_internet":100,"pct_celular":100,"pct_televisor":100}},{"type":"Feature","geometry":{"type":"Polygon","coordinates":[[[-59.7599,-18.32453],[-59.75988,-18.32364],[-59.75892,-18.32367],[-59.75894,-18.32455],[-59.7599,-18.32453]]]},"properties":{"n":"ROBORE","p":82,"personas_x_ha":81,"masculinidad":128,"pct_menor20":28,"pct_60mas":17,"pct_migrante":34,"dependencia_econ":286,"pct_empleados":52,"pct_cuentapropia":43,"pct_agricultura":5,"pct_comercio":52,"pct_manufactura":14,"pct_construccion":10,"pct_transporte":14,"pct_alojamiento":5,"pct_educ_superior":26,"brecha_educ":-11,"pct_sin_seguro":16,"pct_seguro_privado":1,"brecha_seguro":19,"pct_med_tradicional":7,"pct_automedicacion":13,"pct_remedios_caseros":29,"pct_viv_desocupada":0,"pct_alquiler":19,"pct_electricidad":100,"pct_agua_red":96,"pct_alcantarillado":96,"pct_gas_red":42,"pct_gas_garrafa":54,"pct_lena_guano":54,"pct_basura_formal":100,"pct_basura_quema":0,"pct_basura_informal":0,"pct_internet":65,"pct_celular":81,"pct_televisor":77}},{"type":"Feature","geometry":{"type":"Polygon","coordinates":[[[-59.76342,-18.33083],[-59.76254,-18.33063],[-59.76269,-18.33422],[-59.76444,-18.33416],[-59.76548,-18.33101],[-59.77368,-18.33104],[-59.77233,-18.32855],[-59.77174,-18.32773],[-59.77221,-18.3261],[-59.77324,-18.32583],[-59.77266,-18.32386],[-59.77077,-18.32527],[-59.77072,-18.32517],[-59.77466,-18.32223],[-59.77466,-18.3221],[-59.77332,-18.31997],[-59.77309,-18.31997],[-59.77118,-18.32059],[-59.77056,-18.32093],[-59.76931,-18.32507],[-59.76894,-18.32494],[-59.77021,-18.32071],[-59.7662,-18.32207],[-59.76419,-18.32864],[-59.76398,-18.32886],[-59.76315,-18.32899],[-59.76278,-18.3292],[-59.76253,-18.33057],[-59.76294,-18.33061],[-59.76343,-18.33077],[-59.76342,-18.33083]]]},"properties":{"n":"ROBORE","p":203,"personas_x_ha":2,"masculinidad":681,"pct_menor20":68,"pct_60mas":4,"pct_migrante":81,"dependencia_econ":625,"pct_empleados":61,"pct_cuentapropia":25,"pct_agricultura":7,"pct_comercio":18,"pct_manufactura":11,"pct_construccion":14,"pct_transporte":7,"pct_alojamiento":11,"pct_educ_superior":13,"brecha_educ":0,"pct_sin_seguro":34,"pct_seguro_privado":0,"brecha_seguro":26,"pct_med_tradicional":2,"pct_automedicacion":5,"pct_remedios_caseros":6,"pct_viv_desocupada":10,"pct_alquiler":36,"pct_electricidad":100,"pct_agua_red":100,"pct_alcantarillado":64,"pct_gas_red":7,"pct_gas_garrafa":86,"pct_lena_guano":86,"pct_basura_formal":93,"pct_basura_quema":7,"pct_basura_informal":0,"pct_internet":71,"pct_celular":93,"pct_televisor":79}},{"type":"Feature","geometry":{"type":"Polygon","coordinates":[[[-59.75442,-18.33122],[-59.75439,-18.33029],[-59.75351,-18.33031],[-59.75357,-18.33124],[-59.75442,-18.33122]]]},"properties":{"n":"ROBORE","p":34,"personas_x_ha":35,"masculinidad":79,"pct_menor20":26,"pct_60mas":15,"pct_migrante":50,"dependencia_econ":89,"pct_empleados":39,"pct_cuentapropia":50,"pct_agricultura":6,"pct_comercio":50,"pct_manufactura":0,"pct_construccion":6,"pct_transporte":0,"pct_alojamiento":22,"pct_educ_superior":31,"brecha_educ":-12,"pct_sin_seguro":18,"pct_seguro_privado":3,"brecha_seguro":-8,"pct_med_tradicional":0,"pct_automedicacion":12,"pct_remedios_caseros":10,"pct_viv_desocupada":6,"pct_alquiler":47,"pct_electricidad":100,"pct_agua_red":100,"pct_alcantarillado":73,"pct_gas_red":47,"pct_gas_garrafa":53,"pct_lena_guano":53,"pct_basura_formal":100,"pct_basura_quema":0,"pct_basura_informal":0,"pct_internet":93,"pct_celular":93,"pct_televisor":67}},{"type":"Feature","geometry":{"type":"Polygon","coordinates":[[[-59.75189,-18.32383],[-59.75188,-18.32277],[-59.75096,-18.32277],[-59.751,-18.32387],[-59.75189,-18.32383]]]},"properties":{"n":"ROBORE","p":16,"personas_x_ha":14,"masculinidad":100,"pct_menor20":38,"pct_60mas":6,"pct_migrante":12,"dependencia_econ":129,"pct_empleados":0,"pct_cuentapropia":86,"pct_agricultura":14,"pct_comercio":0,"pct_manufactura":29,"pct_construccion":43,"pct_transporte":14,"pct_alojamiento":0,"pct_educ_superior":10,"brecha_educ":-20,"pct_sin_seguro":6,"pct_seguro_privado":0,"brecha_seguro":-12,"pct_med_tradicional":22,"pct_automedicacion":5,"pct_remedios_caseros":34,"pct_viv_desocupada":12,"pct_alquiler":0,"pct_electricidad":100,"pct_agua_red":100,"pct_alcantarillado":0,"pct_gas_red":0,"pct_gas_garrafa":100,"pct_lena_guano":100,"pct_basura_formal":83,"pct_basura_quema":17,"pct_basura_informal":0,"pct_internet":67,"pct_celular":83,"pct_televisor":67}},{"type":"Feature","geometry":{"type":"Polygon","coordinates":[[[-59.76121,-18.3234],[-59.76123,-18.32249],[-59.76216,-18.32249],[-59.76216,-18.32338],[-59.76121,-18.3234]]]},"properties":{"n":"ROBORE","p":60,"personas_x_ha":59,"masculinidad":94,"pct_menor20":37,"pct_60mas":10,"pct_migrante":25,"dependencia_econ":247,"pct_empleados":47,"pct_cuentapropia":47,"pct_agricultura":0,"pct_comercio":47,"pct_manufactura":18,"pct_construccion":12,"pct_transporte":12,"pct_alojamiento":0,"pct_educ_superior":26,"brecha_educ":-16,"pct_sin_seguro":12,"pct_seguro_privado":0,"brecha_seguro":11,"pct_med_tradicional":2,"pct_automedicacion":7,"pct_remedios_caseros":29,"pct_viv_desocupada":5,"pct_alquiler":0,"pct_electricidad":100,"pct_agua_red":94,"pct_alcantarillado":100,"pct_gas_red":24,"pct_gas_garrafa":76,"pct_lena_guano":76,"pct_basura_formal":100,"pct_basura_quema":0,"pct_basura_informal":0,"pct_internet":65,"pct_celular":82,"pct_televisor":59}},{"type":"Feature","geometry":{"type":"Polygon","coordinates":[[[-59.75004,-18.33153],[-59.7505,-18.33104],[-59.74966,-18.33032],[-59.74915,-18.33082],[-59.75004,-18.33153]]]},"properties":{"n":"ROBORE","p":31,"personas_x_ha":34,"masculinidad":94,"pct_menor20":52,"pct_60mas":0,"pct_migrante":58,"dependencia_econ":158,"pct_empleados":42,"pct_cuentapropia":50,"pct_agricultura":0,"pct_comercio":25,"pct_manufactura":0,"pct_construccion":0,"pct_transporte":25,"pct_alojamiento":17,"pct_educ_superior":33,"brecha_educ":0,"pct_sin_seguro":3,"pct_seguro_privado":0,"brecha_seguro":7,"pct_med_tradicional":16,"pct_automedicacion":19,"pct_remedios_caseros":25,"pct_viv_desocupada":36,"pct_alquiler":0,"pct_electricidad":100,"pct_agua_red":100,"pct_alcantarillado":0,"pct_gas_red":0,"pct_gas_garrafa":100,"pct_lena_guano":100,"pct_basura_formal":100,"pct_basura_quema":0,"pct_basura_informal":0,"pct_internet":100,"pct_celular":100,"pct_televisor":83}},{"type":"Feature","geometry":{"type":"Polygon","coordinates":[[[-59.74895,-18.34019],[-59.74798,-18.34022],[-59.74796,-18.34111],[-59.74895,-18.34109],[-59.74895,-18.34019]]]},"properties":{"n":"ROBORE","p":53,"personas_x_ha":50,"masculinidad":77,"pct_menor20":51,"pct_60mas":15,"pct_migrante":13,"dependencia_econ":247,"pct_empleados":13,"pct_cuentapropia":73,"pct_agricultura":13,"pct_comercio":20,"pct_manufactura":20,"pct_construccion":13,"pct_transporte":7,"pct_alojamiento":0,"pct_educ_superior":4,"brecha_educ":-22,"pct_sin_seguro":16,"pct_seguro_privado":0,"brecha_seguro":3,"pct_med_tradicional":0,"pct_automedicacion":18,"pct_remedios_caseros":22,"pct_viv_desocupada":8,"pct_alquiler":17,"pct_electricidad":100,"pct_agua_red":100,"pct_alcantarillado":92,"pct_gas_red":42,"pct_gas_garrafa":58,"pct_lena_guano":58,"pct_basura_formal":92,"pct_basura_quema":8,"pct_basura_informal":0,"pct_internet":75,"pct_celular":100,"pct_televisor":83}},{"type":"Feature","geometry":{"type":"Polygon","coordinates":[[[-59.76239,-18.32554],[-59.76236,-18.32467],[-59.76329,-18.32462],[-59.76335,-18.32553],[-59.76239,-18.32554]]]},"properties":{"n":"ROBORE","p":55,"personas_x_ha":54,"masculinidad":72,"pct_menor20":27,"pct_60mas":15,"pct_migrante":20,"dependencia_econ":200,"pct_empleados":67,"pct_cuentapropia":11,"pct_agricultura":28,"pct_comercio":6,"pct_manufactura":11,"pct_construccion":28,"pct_transporte":11,"pct_alojamiento":6,"pct_educ_superior":17,"brecha_educ":17,"pct_sin_seguro":11,"pct_seguro_privado":0,"brecha_seguro":4,"pct_med_tradicional":8,"pct_automedicacion":9,"pct_remedios_caseros":17,"pct_viv_desocupada":0,"pct_alquiler":21,"pct_electricidad":100,"pct_agua_red":100,"pct_alcantarillado":79,"pct_gas_red":5,"pct_gas_garrafa":89,"pct_lena_guano":89,"pct_basura_formal":84,"pct_basura_quema":16,"pct_basura_informal":0,"pct_internet":58,"pct_celular":68,"pct_televisor":68}},{"type":"Feature","geometry":{"type":"Polygon","coordinates":[[[-59.75246,-18.33775],[-59.75397,-18.33773],[-59.75396,-18.3371],[-59.75345,-18.33683],[-59.75244,-18.33685],[-59.75246,-18.33775]]]},"properties":{"n":"ROBORE","p":60,"personas_x_ha":39,"masculinidad":131,"pct_menor20":40,"pct_60mas":12,"pct_migrante":27,"dependencia_econ":180,"pct_empleados":40,"pct_cuentapropia":60,"pct_agricultura":5,"pct_comercio":20,"pct_manufactura":10,"pct_construccion":20,"pct_transporte":20,"pct_alojamiento":20,"pct_educ_superior":23,"brecha_educ":5,"pct_sin_seguro":19,"pct_seguro_privado":0,"brecha_seguro":-12,"pct_med_tradicional":2,"pct_automedicacion":19,"pct_remedios_caseros":25,"pct_viv_desocupada":8,"pct_alquiler":44,"pct_electricidad":100,"pct_agua_red":94,"pct_alcantarillado":62,"pct_gas_red":19,"pct_gas_garrafa":69,"pct_lena_guano":69,"pct_basura_formal":100,"pct_basura_quema":0,"pct_basura_informal":0,"pct_internet":88,"pct_celular":88,"pct_televisor":62}},{"type":"Feature","geometry":{"type":"Polygon","coordinates":[[[-59.73843,-18.3419],[-59.73807,-18.34268],[-59.73882,-18.34297],[-59.73947,-18.34127],[-59.73966,-18.34112],[-59.7397,-18.34086],[-59.73954,-18.34061],[-59.73875,-18.34017],[-59.73808,-18.34057],[-59.73758,-18.34149],[-59.73843,-18.3419]]]},"properties":{"n":"ROBORE","p":50,"personas_x_ha":13,"masculinidad":85,"pct_menor20":60,"pct_60mas":6,"pct_migrante":24,"dependencia_econ":456,"pct_empleados":67,"pct_cuentapropia":33,"pct_agricultura":33,"pct_comercio":11,"pct_manufactura":0,"pct_construccion":11,"pct_transporte":0,"pct_alojamiento":0,"pct_educ_superior":20,"brecha_educ":-4,"pct_sin_seguro":8,"pct_seguro_privado":0,"brecha_seguro":9,"pct_med_tradicional":1,"pct_automedicacion":20,"pct_remedios_caseros":25,"pct_viv_desocupada":8,"pct_alquiler":18,"pct_electricidad":91,"pct_agua_red":82,"pct_alcantarillado":9,"pct_gas_red":0,"pct_gas_garrafa":45,"pct_lena_guano":45,"pct_basura_formal":82,"pct_basura_quema":18,"pct_basura_informal":0,"pct_internet":64,"pct_celular":82,"pct_televisor":45}},{"type":"Feature","geometry":{"type":"Polygon","coordinates":[[[-59.76008,-18.32452],[-59.76008,-18.32362],[-59.76104,-18.3236],[-59.76105,-18.32451],[-59.76008,-18.32452]]]},"properties":{"n":"ROBORE","p":19,"personas_x_ha":18,"masculinidad":73,"pct_menor20":26,"pct_60mas":21,"pct_migrante":42,"dependencia_econ":46,"pct_empleados":46,"pct_cuentapropia":46,"pct_agricultura":8,"pct_comercio":38,"pct_manufactura":8,"pct_construccion":0,"pct_transporte":8,"pct_alojamiento":8,"pct_educ_superior":29,"brecha_educ":-38,"pct_sin_seguro":35,"pct_seguro_privado":0,"brecha_seguro":-3,"pct_med_tradicional":0,"pct_automedicacion":14,"pct_remedios_caseros":23,"pct_viv_desocupada":27,"pct_alquiler":20,"pct_electricidad":100,"pct_agua_red":90,"pct_alcantarillado":80,"pct_gas_red":10,"pct_gas_garrafa":80,"pct_lena_guano":80,"pct_basura_formal":90,"pct_basura_quema":10,"pct_basura_informal":0,"pct_internet":80,"pct_celular":100,"pct_televisor":90}},{"type":"Feature","geometry":{"type":"Polygon","coordinates":[[[-59.75719,-18.3268],[-59.75769,-18.32649],[-59.75768,-18.32587],[-59.75674,-18.32589],[-59.75674,-18.32681],[-59.75719,-18.3268]]]},"properties":{"n":"ROBORE","p":21,"personas_x_ha":23,"masculinidad":162,"pct_menor20":48,"pct_60mas":14,"pct_migrante":48,"dependencia_econ":320,"pct_empleados":60,"pct_cuentapropia":40,"pct_agricultura":0,"pct_comercio":20,"pct_manufactura":20,"pct_construccion":0,"pct_transporte":0,"pct_alojamiento":0,"pct_educ_superior":18,"brecha_educ":-13,"pct_sin_seguro":10,"pct_seguro_privado":0,"brecha_seguro":-5,"pct_med_tradicional":15,"pct_automedicacion":13,"pct_remedios_caseros":34,"pct_viv_desocupada":18,"pct_alquiler":29,"pct_electricidad":86,"pct_agua_red":86,"pct_alcantarillado":14,"pct_gas_red":14,"pct_gas_garrafa":57,"pct_lena_guano":57,"pct_basura_formal":57,"pct_basura_quema":43,"pct_basura_informal":0,"pct_internet":71,"pct_celular":71,"pct_televisor":86}},{"type":"Feature","geometry":{"type":"Polygon","coordinates":[[[-59.74578,-18.32955],[-59.74506,-18.32896],[-59.74441,-18.32966],[-59.7451,-18.3302],[-59.74578,-18.32955]]]},"properties":{"n":"ROBORE","p":23,"personas_x_ha":23,"masculinidad":109,"pct_menor20":48,"pct_60mas":0,"pct_migrante":61,"dependencia_econ":130,"pct_empleados":70,"pct_cuentapropia":10,"pct_agricultura":40,"pct_comercio":10,"pct_manufactura":0,"pct_construccion":10,"pct_transporte":0,"pct_alojamiento":10,"pct_educ_superior":38,"brecha_educ":12,"pct_sin_seguro":22,"pct_seguro_privado":9,"brecha_seguro":7,"pct_med_tradicional":11,"pct_automedicacion":16,"pct_remedios_caseros":25,"pct_viv_desocupada":22,"pct_alquiler":0,"pct_electricidad":100,"pct_agua_red":83,"pct_alcantarillado":0,"pct_gas_red":0,"pct_gas_garrafa":100,"pct_lena_guano":100,"pct_basura_formal":50,"pct_basura_quema":50,"pct_basura_informal":0,"pct_internet":100,"pct_celular":100,"pct_televisor":100}},{"type":"Feature","geometry":{"type":"Polygon","coordinates":[[[-59.74639,-18.33147],[-59.74589,-18.33196],[-59.7459,-18.33204],[-59.74697,-18.33283],[-59.74747,-18.33232],[-59.74639,-18.33147]]]},"properties":{"n":"ROBORE","p":34,"personas_x_ha":29,"masculinidad":127,"pct_menor20":29,"pct_60mas":21,"pct_migrante":62,"dependencia_econ":209,"pct_empleados":27,"pct_cuentapropia":73,"pct_agricultura":9,"pct_comercio":0,"pct_manufactura":9,"pct_construccion":18,"pct_transporte":9,"pct_alojamiento":9,"pct_educ_superior":29,"brecha_educ":-5,"pct_sin_seguro":12,"pct_seguro_privado":0,"brecha_seguro":21,"pct_med_tradicional":3,"pct_automedicacion":19,"pct_remedios_caseros":22,"pct_viv_desocupada":7,"pct_alquiler":38,"pct_electricidad":100,"pct_agua_red":100,"pct_alcantarillado":0,"pct_gas_red":31,"pct_gas_garrafa":69,"pct_lena_guano":69,"pct_basura_formal":100,"pct_basura_quema":0,"pct_basura_informal":0,"pct_internet":85,"pct_celular":92,"pct_televisor":77}},{"type":"Feature","geometry":{"type":"Polygon","coordinates":[[[-59.76112,-18.34294],[-59.76109,-18.34202],[-59.76066,-18.34204],[-59.7607,-18.34295],[-59.76112,-18.34294]]]},"properties":{"n":"ROBORE","p":26,"personas_x_ha":57,"masculinidad":117,"pct_menor20":42,"pct_60mas":4,"pct_migrante":15,"dependencia_econ":333,"pct_empleados":33,"pct_cuentapropia":50,"pct_agricultura":33,"pct_comercio":0,"pct_manufactura":0,"pct_construccion":17,"pct_transporte":33,"pct_alojamiento":0,"pct_educ_superior":20,"brecha_educ":-18,"pct_sin_seguro":12,"pct_seguro_privado":0,"brecha_seguro":23,"pct_med_tradicional":3,"pct_automedicacion":15,"pct_remedios_caseros":34,"pct_viv_desocupada":0,"pct_alquiler":0,"pct_electricidad":100,"pct_agua_red":100,"pct_alcantarillado":100,"pct_gas_red":17,"pct_gas_garrafa":83,"pct_lena_guano":83,"pct_basura_formal":100,"pct_basura_quema":0,"pct_basura_informal":0,"pct_internet":83,"pct_celular":83,"pct_televisor":67}},{"type":"Feature","geometry":{"type":"Polygon","coordinates":[[[-59.76234,-18.32337],[-59.76232,-18.32244],[-59.76325,-18.32243],[-59.76325,-18.32336],[-59.76234,-18.32337]]]},"properties":{"n":"ROBORE","p":72,"personas_x_ha":72,"masculinidad":112,"pct_menor20":47,"pct_60mas":15,"pct_migrante":14,"dependencia_econ":183,"pct_empleados":42,"pct_cuentapropia":42,"pct_agricultura":4,"pct_comercio":17,"pct_manufactura":4,"pct_construccion":29,"pct_transporte":8,"pct_alojamiento":17,"pct_educ_superior":10,"brecha_educ":-3,"pct_sin_seguro":10,"pct_seguro_privado":0,"brecha_seguro":7,"pct_med_tradicional":4,"pct_automedicacion":11,"pct_remedios_caseros":29,"pct_viv_desocupada":4,"pct_alquiler":0,"pct_electricidad":100,"pct_agua_red":100,"pct_alcantarillado":100,"pct_gas_red":25,"pct_gas_garrafa":75,"pct_lena_guano":75,"pct_basura_formal":100,"pct_basura_quema":0,"pct_basura_informal":0,"pct_internet":75,"pct_celular":90,"pct_televisor":85}},{"type":"Feature","geometry":{"type":"Polygon","coordinates":[[[-59.76034,-18.33974],[-59.76035,-18.33881],[-59.75941,-18.33884],[-59.75943,-18.33974],[-59.76034,-18.33974]]]},"properties":{"n":"ROBORE","p":36,"personas_x_ha":35,"masculinidad":125,"pct_menor20":36,"pct_60mas":0,"pct_migrante":39,"dependencia_econ":125,"pct_empleados":56,"pct_cuentapropia":44,"pct_agricultura":6,"pct_comercio":0,"pct_manufactura":6,"pct_construccion":38,"pct_transporte":0,"pct_alojamiento":19,"pct_educ_superior":35,"brecha_educ":31,"pct_sin_seguro":8,"pct_seguro_privado":0,"brecha_seguro":4,"pct_med_tradicional":1,"pct_automedicacion":30,"pct_remedios_caseros":33,"pct_viv_desocupada":0,"pct_alquiler":10,"pct_electricidad":100,"pct_agua_red":100,"pct_alcantarillado":100,"pct_gas_red":20,"pct_gas_garrafa":80,"pct_lena_guano":80,"pct_basura_formal":100,"pct_basura_quema":0,"pct_basura_informal":0,"pct_internet":100,"pct_celular":100,"pct_televisor":80}},{"type":"Feature","geometry":{"type":"Polygon","coordinates":[[[-59.74687,-18.34115],[-59.74683,-18.34025],[-59.74778,-18.34024],[-59.74777,-18.34114],[-59.74687,-18.34115]]]},"properties":{"n":"ROBORE","p":36,"personas_x_ha":36,"masculinidad":125,"pct_menor20":47,"pct_60mas":6,"pct_migrante":31,"dependencia_econ":177,"pct_empleados":69,"pct_cuentapropia":23,"pct_agricultura":15,"pct_comercio":15,"pct_manufactura":8,"pct_construccion":15,"pct_transporte":15,"pct_alojamiento":8,"pct_educ_superior":21,"brecha_educ":-24,"pct_sin_seguro":33,"pct_seguro_privado":0,"brecha_seguro":-7,"pct_med_tradicional":0,"pct_automedicacion":20,"pct_remedios_caseros":27,"pct_viv_desocupada":0,"pct_alquiler":30,"pct_electricidad":100,"pct_agua_red":100,"pct_alcantarillado":90,"pct_gas_red":10,"pct_gas_garrafa":80,"pct_lena_guano":80,"pct_basura_formal":90,"pct_basura_quema":10,"pct_basura_informal":0,"pct_internet":70,"pct_celular":100,"pct_televisor":90}},{"type":"Feature","geometry":{"type":"Polygon","coordinates":[[[-59.75579,-18.33224],[-59.75674,-18.33222],[-59.75672,-18.33136],[-59.75576,-18.33135],[-59.75579,-18.33224]]]},"properties":{"n":"ROBORE","p":57,"personas_x_ha":57,"masculinidad":159,"pct_menor20":32,"pct_60mas":2,"pct_migrante":95,"dependencia_econ":111,"pct_empleados":85,"pct_cuentapropia":11,"pct_agricultura":7,"pct_comercio":0,"pct_manufactura":4,"pct_construccion":0,"pct_transporte":0,"pct_alojamiento":0,"pct_educ_superior":78,"brecha_educ":1,"pct_sin_seguro":2,"pct_seguro_privado":0,"brecha_seguro":-5,"pct_med_tradicional":3,"pct_automedicacion":4,"pct_remedios_caseros":23,"pct_viv_desocupada":0,"pct_alquiler":87,"pct_electricidad":100,"pct_agua_red":100,"pct_alcantarillado":73,"pct_gas_red":0,"pct_gas_garrafa":100,"pct_lena_guano":100,"pct_basura_formal":100,"pct_basura_quema":0,"pct_basura_informal":0,"pct_internet":100,"pct_celular":100,"pct_televisor":100}},{"type":"Feature","geometry":{"type":"Polygon","coordinates":[[[-59.76245,-18.33314],[-59.76241,-18.33225],[-59.7615,-18.33227],[-59.76151,-18.33316],[-59.76245,-18.33314]]]},"properties":{"n":"ROBORE","p":40,"personas_x_ha":41,"masculinidad":67,"pct_menor20":32,"pct_60mas":20,"pct_migrante":42,"dependencia_econ":255,"pct_empleados":64,"pct_cuentapropia":27,"pct_agricultura":0,"pct_comercio":55,"pct_manufactura":0,"pct_construccion":0,"pct_transporte":0,"pct_alojamiento":0,"pct_educ_superior":41,"brecha_educ":-14,"pct_sin_seguro":18,"pct_seguro_privado":0,"brecha_seguro":14,"pct_med_tradicional":1,"pct_automedicacion":20,"pct_remedios_caseros":39,"pct_viv_desocupada":8,"pct_alquiler":0,"pct_electricidad":100,"pct_agua_red":92,"pct_alcantarillado":67,"pct_gas_red":33,"pct_gas_garrafa":50,"pct_lena_guano":50,"pct_basura_formal":100,"pct_basura_quema":0,"pct_basura_informal":0,"pct_internet":83,"pct_celular":92,"pct_televisor":75}},{"type":"Feature","geometry":{"type":"Polygon","coordinates":[[[-59.75179,-18.32688],[-59.751,-18.326],[-59.75199,-18.32599],[-59.752,-18.32686],[-59.75179,-18.32688]]]},"properties":{"n":"ROBORE","p":27,"personas_x_ha":44,"masculinidad":93,"pct_menor20":33,"pct_60mas":22,"pct_migrante":7,"dependencia_econ":145,"pct_empleados":27,"pct_cuentapropia":73,"pct_agricultura":9,"pct_comercio":18,"pct_manufactura":27,"pct_construccion":9,"pct_transporte":9,"pct_alojamiento":9,"pct_educ_superior":47,"brecha_educ":16,"pct_sin_seguro":8,"pct_seguro_privado":0,"brecha_seguro":-14,"pct_med_tradicional":11,"pct_automedicacion":4,"pct_remedios_caseros":30,"pct_viv_desocupada":0,"pct_alquiler":0,"pct_electricidad":100,"pct_agua_red":100,"pct_alcantarillado":17,"pct_gas_red":0,"pct_gas_garrafa":83,"pct_lena_guano":83,"pct_basura_formal":67,"pct_basura_quema":33,"pct_basura_informal":0,"pct_internet":83,"pct_celular":83,"pct_televisor":50}},{"type":"Feature","geometry":{"type":"Polygon","coordinates":[[[-59.75484,-18.33874],[-59.7558,-18.33876],[-59.75576,-18.33787],[-59.75483,-18.33787],[-59.75484,-18.33874]]]},"properties":{"n":"ROBORE","p":67,"personas_x_ha":67,"masculinidad":116,"pct_menor20":30,"pct_60mas":13,"pct_migrante":16,"dependencia_econ":158,"pct_empleados":58,"pct_cuentapropia":35,"pct_agricultura":12,"pct_comercio":27,"pct_manufactura":0,"pct_construccion":23,"pct_transporte":4,"pct_alojamiento":0,"pct_educ_superior":32,"brecha_educ":3,"pct_sin_seguro":1,"pct_seguro_privado":1,"brecha_seguro":3,"pct_med_tradicional":1,"pct_automedicacion":1,"pct_remedios_caseros":1,"pct_viv_desocupada":0,"pct_alquiler":0,"pct_electricidad":95,"pct_agua_red":90,"pct_alcantarillado":85,"pct_gas_red":35,"pct_gas_garrafa":60,"pct_lena_guano":60,"pct_basura_formal":95,"pct_basura_quema":0,"pct_basura_informal":10,"pct_internet":80,"pct_celular":90,"pct_televisor":85}},{"type":"Feature","geometry":{"type":"Polygon","coordinates":[[[-59.74288,-18.34011],[-59.74157,-18.33895],[-59.74053,-18.33961],[-59.74214,-18.34101],[-59.74288,-18.34011]]]},"properties":{"n":"ROBORE","p":31,"personas_x_ha":12,"masculinidad":158,"pct_menor20":26,"pct_60mas":23,"pct_migrante":6,"dependencia_econ":933,"pct_empleados":67,"pct_cuentapropia":33,"pct_agricultura":33,"pct_comercio":33,"pct_manufactura":0,"pct_construccion":0,"pct_transporte":0,"pct_alojamiento":0,"pct_educ_superior":9,"brecha_educ":6,"pct_sin_seguro":0,"pct_seguro_privado":0,"brecha_seguro":0,"pct_med_tradicional":19,"pct_automedicacion":3,"pct_remedios_caseros":22,"pct_viv_desocupada":0,"pct_alquiler":0,"pct_electricidad":100,"pct_agua_red":100,"pct_alcantarillado":0,"pct_gas_red":33,"pct_gas_garrafa":44,"pct_lena_guano":44,"pct_basura_formal":100,"pct_basura_quema":0,"pct_basura_informal":0,"pct_internet":44,"pct_celular":56,"pct_televisor":67}},{"type":"Feature","geometry":{"type":"Polygon","coordinates":[[[-59.76105,-18.34179],[-59.76104,-18.34098],[-59.7606,-18.34096],[-59.76063,-18.34179],[-59.76105,-18.34179]]]},"properties":{"n":"ROBORE","p":25,"personas_x_ha":59,"masculinidad":150,"pct_menor20":44,"pct_60mas":8,"pct_migrante":12,"dependencia_econ":733,"pct_empleados":0,"pct_cuentapropia":100,"pct_agricultura":67,"pct_comercio":33,"pct_manufactura":0,"pct_construccion":33,"pct_transporte":100,"pct_alojamiento":33,"pct_educ_superior":7,"brecha_educ":0,"pct_sin_seguro":0,"pct_seguro_privado":0,"brecha_seguro":0,"pct_med_tradicional":0,"pct_automedicacion":0,"pct_remedios_caseros":4,"pct_viv_desocupada":11,"pct_alquiler":38,"pct_electricidad":100,"pct_agua_red":100,"pct_alcantarillado":62,"pct_gas_red":0,"pct_gas_garrafa":75,"pct_lena_guano":75,"pct_basura_formal":100,"pct_basura_quema":0,"pct_basura_informal":0,"pct_internet":88,"pct_celular":88,"pct_televisor":62}},{"type":"Feature","geometry":{"type":"Polygon","coordinates":[[[-59.74886,-18.3311],[-59.74842,-18.33153],[-59.74927,-18.33221],[-59.74994,-18.33167],[-59.74911,-18.33095],[-59.74891,-18.33114],[-59.74886,-18.3311]]]},"properties":{"n":"ROBORE","p":26,"personas_x_ha":22,"masculinidad":62,"pct_menor20":42,"pct_60mas":4,"pct_migrante":73,"dependencia_econ":117,"pct_empleados":75,"pct_cuentapropia":25,"pct_agricultura":8,"pct_comercio":8,"pct_manufactura":0,"pct_construccion":0,"pct_transporte":8,"pct_alojamiento":8,"pct_educ_superior":67,"brecha_educ":-10,"pct_sin_seguro":0,"pct_seguro_privado":0,"brecha_seguro":0,"pct_med_tradicional":7,"pct_automedicacion":15,"pct_remedios_caseros":22,"pct_viv_desocupada":29,"pct_alquiler":67,"pct_electricidad":100,"pct_agua_red":100,"pct_alcantarillado":11,"pct_gas_red":0,"pct_gas_garrafa":89,"pct_lena_guano":89,"pct_basura_formal":100,"pct_basura_quema":0,"pct_basura_informal":0,"pct_internet":100,"pct_celular":100,"pct_televisor":89}},{"type":"Feature","geometry":{"type":"Polygon","coordinates":[[[-59.74575,-18.34028],[-59.74574,-18.34116],[-59.74666,-18.34113],[-59.74665,-18.34025],[-59.74575,-18.34028]]]},"properties":{"n":"ROBORE","p":45,"personas_x_ha":47,"masculinidad":80,"pct_menor20":42,"pct_60mas":9,"pct_migrante":24,"dependencia_econ":114,"pct_empleados":24,"pct_cuentapropia":62,"pct_agricultura":19,"pct_comercio":29,"pct_manufactura":10,"pct_construccion":19,"pct_transporte":0,"pct_alojamiento":10,"pct_educ_superior":8,"brecha_educ":1,"pct_sin_seguro":16,"pct_seguro_privado":0,"brecha_seguro":7,"pct_med_tradicional":4,"pct_automedicacion":15,"pct_remedios_caseros":22,"pct_viv_desocupada":0,"pct_alquiler":8,"pct_electricidad":100,"pct_agua_red":100,"pct_alcantarillado":62,"pct_gas_red":0,"pct_gas_garrafa":92,"pct_lena_guano":92,"pct_basura_formal":100,"pct_basura_quema":0,"pct_basura_informal":0,"pct_internet":92,"pct_celular":92,"pct_televisor":92}},{"type":"Feature","geometry":{"type":"Polygon","coordinates":[[[-59.74437,-18.34224],[-59.74236,-18.34228],[-59.74233,-18.34146],[-59.74241,-18.3414],[-59.74429,-18.34137],[-59.74435,-18.34143],[-59.74437,-18.34224]]]},"properties":{"n":"ROBORE","p":27,"personas_x_ha":13,"masculinidad":145,"pct_menor20":33,"pct_60mas":7,"pct_migrante":37,"dependencia_econ":93,"pct_empleados":43,"pct_cuentapropia":50,"pct_agricultura":29,"pct_comercio":29,"pct_manufactura":14,"pct_construccion":21,"pct_transporte":7,"pct_alojamiento":0,"pct_educ_superior":6,"brecha_educ":-5,"pct_sin_seguro":0,"pct_seguro_privado":0,"brecha_seguro":0,"pct_med_tradicional":0,"pct_automedicacion":7,"pct_remedios_caseros":33,"pct_viv_desocupada":0,"pct_alquiler":25,"pct_electricidad":100,"pct_agua_red":100,"pct_alcantarillado":12,"pct_gas_red":12,"pct_gas_garrafa":75,"pct_lena_guano":75,"pct_basura_formal":100,"pct_basura_quema":0,"pct_basura_informal":0,"pct_internet":62,"pct_celular":88,"pct_televisor":62}},{"type":"Feature","geometry":{"type":"Polygon","coordinates":[[[-59.75119,-18.33996],[-59.75117,-18.33907],[-59.75022,-18.33908],[-59.75026,-18.33998],[-59.75119,-18.33996]]]},"properties":{"n":"ROBORE","p":39,"personas_x_ha":39,"masculinidad":117,"pct_menor20":44,"pct_60mas":0,"pct_migrante":36,"dependencia_econ":73,"pct_empleados":41,"pct_cuentapropia":55,"pct_agricultura":5,"pct_comercio":50,"pct_manufactura":0,"pct_construccion":14,"pct_transporte":14,"pct_alojamiento":9,"pct_educ_superior":19,"brecha_educ":1,"pct_sin_seguro":16,"pct_seguro_privado":0,"brecha_seguro":-14,"pct_med_tradicional":15,"pct_automedicacion":16,"pct_remedios_caseros":27,"pct_viv_desocupada":8,"pct_alquiler":9,"pct_electricidad":100,"pct_agua_red":100,"pct_alcantarillado":82,"pct_gas_red":27,"pct_gas_garrafa":64,"pct_lena_guano":64,"pct_basura_formal":100,"pct_basura_quema":0,"pct_basura_informal":0,"pct_internet":82,"pct_celular":82,"pct_televisor":64}},{"type":"Feature","geometry":{"type":"Polygon","coordinates":[[[-59.7446,-18.34223],[-59.74553,-18.34224],[-59.74554,-18.34136],[-59.74458,-18.34136],[-59.7446,-18.34223]]]},"properties":{"n":"ROBORE","p":30,"personas_x_ha":31,"masculinidad":88,"pct_menor20":47,"pct_60mas":20,"pct_migrante":30,"dependencia_econ":164,"pct_empleados":27,"pct_cuentapropia":55,"pct_agricultura":0,"pct_comercio":36,"pct_manufactura":9,"pct_construccion":18,"pct_transporte":9,"pct_alojamiento":0,"pct_educ_superior":6,"brecha_educ":-40,"pct_sin_seguro":0,"pct_seguro_privado":7,"brecha_seguro":0,"pct_med_tradicional":10,"pct_automedicacion":10,"pct_remedios_caseros":16,"pct_viv_desocupada":0,"pct_alquiler":12,"pct_electricidad":100,"pct_agua_red":100,"pct_alcantarillado":25,"pct_gas_red":0,"pct_gas_garrafa":100,"pct_lena_guano":100,"pct_basura_formal":88,"pct_basura_quema":12,"pct_basura_informal":0,"pct_internet":62,"pct_celular":100,"pct_televisor":88}},{"type":"Feature","geometry":{"type":"Polygon","coordinates":[[[-59.74225,-18.34444],[-59.74133,-18.34442],[-59.74131,-18.34352],[-59.74223,-18.34353],[-59.74225,-18.34444]]]},"properties":{"n":"ROBORE","p":36,"personas_x_ha":37,"masculinidad":112,"pct_menor20":36,"pct_60mas":22,"pct_migrante":36,"dependencia_econ":140,"pct_empleados":7,"pct_cuentapropia":73,"pct_agricultura":27,"pct_comercio":40,"pct_manufactura":7,"pct_construccion":0,"pct_transporte":13,"pct_alojamiento":13,"pct_educ_superior":0,"brecha_educ":7,"pct_sin_seguro":6,"pct_seguro_privado":0,"brecha_seguro":-12,"pct_med_tradicional":8,"pct_automedicacion":13,"pct_remedios_caseros":33,"pct_viv_desocupada":0,"pct_alquiler":29,"pct_electricidad":100,"pct_agua_red":100,"pct_alcantarillado":0,"pct_gas_red":43,"pct_gas_garrafa":14,"pct_lena_guano":14,"pct_basura_formal":100,"pct_basura_quema":0,"pct_basura_informal":0,"pct_internet":100,"pct_celular":86,"pct_televisor":71}},{"type":"Feature","geometry":{"type":"Polygon","coordinates":[[[-59.75012,-18.34217],[-59.74919,-18.34219],[-59.74915,-18.34129],[-59.75009,-18.34125],[-59.75012,-18.34217]]]},"properties":{"n":"ROBORE","p":24,"personas_x_ha":24,"masculinidad":85,"pct_menor20":46,"pct_60mas":8,"pct_migrante":21,"dependencia_econ":243,"pct_empleados":57,"pct_cuentapropia":43,"pct_agricultura":29,"pct_comercio":0,"pct_manufactura":0,"pct_construccion":71,"pct_transporte":0,"pct_alojamiento":0,"pct_educ_superior":8,"brecha_educ":12,"pct_sin_seguro":8,"pct_seguro_privado":0,"brecha_seguro":1,"pct_med_tradicional":0,"pct_automedicacion":0,"pct_remedios_caseros":0,"pct_viv_desocupada":0,"pct_alquiler":12,"pct_electricidad":100,"pct_agua_red":100,"pct_alcantarillado":62,"pct_gas_red":0,"pct_gas_garrafa":100,"pct_lena_guano":100,"pct_basura_formal":100,"pct_basura_quema":0,"pct_basura_informal":0,"pct_internet":75,"pct_celular":88,"pct_televisor":62}},{"type":"Feature","geometry":{"type":"Polygon","coordinates":[[[-59.75377,-18.34006],[-59.75379,-18.34097],[-59.75473,-18.34094],[-59.75469,-18.34005],[-59.75377,-18.34006]]]},"properties":{"n":"ROBORE","p":69,"personas_x_ha":70,"masculinidad":103,"pct_menor20":48,"pct_60mas":12,"pct_migrante":19,"dependencia_econ":235,"pct_empleados":65,"pct_cuentapropia":30,"pct_agricultura":20,"pct_comercio":15,"pct_manufactura":0,"pct_construccion":20,"pct_transporte":15,"pct_alojamiento":25,"pct_educ_superior":6,"brecha_educ":-24,"pct_sin_seguro":13,"pct_seguro_privado":0,"brecha_seguro":-3,"pct_med_tradicional":1,"pct_automedicacion":27,"pct_remedios_caseros":29,"pct_viv_desocupada":7,"pct_alquiler":21,"pct_electricidad":71,"pct_agua_red":93,"pct_alcantarillado":57,"pct_gas_red":7,"pct_gas_garrafa":43,"pct_lena_guano":43,"pct_basura_formal":100,"pct_basura_quema":0,"pct_basura_informal":0,"pct_internet":64,"pct_celular":86,"pct_televisor":43}},{"type":"Feature","geometry":{"type":"Polygon","coordinates":[[[-59.75019,-18.34324],[-59.75016,-18.34233],[-59.74917,-18.34234],[-59.7492,-18.34326],[-59.75019,-18.34324]]]},"properties":{"n":"ROBORE","p":62,"personas_x_ha":57,"masculinidad":107,"pct_menor20":42,"pct_60mas":11,"pct_migrante":16,"dependencia_econ":195,"pct_empleados":57,"pct_cuentapropia":29,"pct_agricultura":29,"pct_comercio":33,"pct_manufactura":0,"pct_construccion":24,"pct_transporte":10,"pct_alojamiento":5,"pct_educ_superior":11,"brecha_educ":-14,"pct_sin_seguro":21,"pct_seguro_privado":0,"brecha_seguro":8,"pct_med_tradicional":11,"pct_automedicacion":13,"pct_remedios_caseros":22,"pct_viv_desocupada":0,"pct_alquiler":8,"pct_electricidad":100,"pct_agua_red":92,"pct_alcantarillado":54,"pct_gas_red":15,"pct_gas_garrafa":77,"pct_lena_guano":77,"pct_basura_formal":92,"pct_basura_quema":8,"pct_basura_informal":0,"pct_internet":54,"pct_celular":85,"pct_televisor":62}},{"type":"Feature","geometry":{"type":"Polygon","coordinates":[[[-59.74281,-18.34542],[-59.7425,-18.34542],[-59.74248,-18.34458],[-59.74354,-18.34457],[-59.74281,-18.34542]]]},"properties":{"n":"ROBORE","p":28,"personas_x_ha":41,"masculinidad":65,"pct_menor20":50,"pct_60mas":0,"pct_migrante":46,"dependencia_econ":100,"pct_empleados":14,"pct_cuentapropia":71,"pct_agricultura":14,"pct_comercio":14,"pct_manufactura":0,"pct_construccion":7,"pct_transporte":0,"pct_alojamiento":7,"pct_educ_superior":0,"brecha_educ":40,"pct_sin_seguro":4,"pct_seguro_privado":0,"brecha_seguro":10,"pct_med_tradicional":0,"pct_automedicacion":23,"pct_remedios_caseros":23,"pct_viv_desocupada":12,"pct_alquiler":29,"pct_electricidad":100,"pct_agua_red":100,"pct_alcantarillado":29,"pct_gas_red":29,"pct_gas_garrafa":71,"pct_lena_guano":71,"pct_basura_formal":71,"pct_basura_quema":29,"pct_basura_informal":0,"pct_internet":71,"pct_celular":71,"pct_televisor":71}},{"type":"Feature","geometry":{"type":"Polygon","coordinates":[[[-59.75839,-18.34302],[-59.75935,-18.343],[-59.75932,-18.34212],[-59.75835,-18.3421],[-59.75839,-18.34302]]]},"properties":{"n":"ROBORE","p":38,"personas_x_ha":37,"masculinidad":90,"pct_menor20":32,"pct_60mas":13,"pct_migrante":34,"dependencia_econ":322,"pct_empleados":33,"pct_cuentapropia":67,"pct_agricultura":22,"pct_comercio":11,"pct_manufactura":0,"pct_construccion":22,"pct_transporte":0,"pct_alojamiento":56,"pct_educ_superior":8,"brecha_educ":-11,"pct_sin_seguro":16,"pct_seguro_privado":8,"brecha_seguro":12,"pct_med_tradicional":4,"pct_automedicacion":3,"pct_remedios_caseros":39,"pct_viv_desocupada":0,"pct_alquiler":30,"pct_electricidad":90,"pct_agua_red":100,"pct_alcantarillado":100,"pct_gas_red":20,"pct_gas_garrafa":60,"pct_lena_guano":60,"pct_basura_formal":90,"pct_basura_quema":0,"pct_basura_informal":0,"pct_internet":80,"pct_celular":90,"pct_televisor":80}},{"type":"Feature","geometry":{"type":"Polygon","coordinates":[[[-59.76377,-18.34518],[-59.76345,-18.34402],[-59.76297,-18.34393],[-59.76286,-18.34174],[-59.76178,-18.34177],[-59.7617,-18.33768],[-59.76596,-18.33761],[-59.76649,-18.33789],[-59.76698,-18.33845],[-59.76716,-18.33882],[-59.76717,-18.3394],[-59.76452,-18.3445],[-59.76388,-18.34516],[-59.76377,-18.34518]]]},"properties":{"n":"ROBORE","p":52,"personas_x_ha":2,"masculinidad":148,"pct_menor20":29,"pct_60mas":4,"pct_migrante":62,"dependencia_econ":49,"pct_empleados":43,"pct_cuentapropia":51,"pct_agricultura":11,"pct_comercio":26,"pct_manufactura":3,"pct_construccion":3,"pct_transporte":43,"pct_alojamiento":6,"pct_educ_superior":16,"brecha_educ":-25,"pct_sin_seguro":45,"pct_seguro_privado":6,"brecha_seguro":36,"pct_med_tradicional":16,"pct_automedicacion":15,"pct_remedios_caseros":26,"pct_viv_desocupada":13,"pct_alquiler":36,"pct_electricidad":100,"pct_agua_red":91,"pct_alcantarillado":18,"pct_gas_red":18,"pct_gas_garrafa":73,"pct_lena_guano":73,"pct_basura_formal":100,"pct_basura_quema":0,"pct_basura_informal":0,"pct_internet":64,"pct_celular":64,"pct_televisor":55}},{"type":"Feature","geometry":{"type":"Polygon","coordinates":[[[-59.74996,-18.34846],[-59.74986,-18.34664],[-59.74933,-18.34665],[-59.74935,-18.34715],[-59.74996,-18.34846]]]},"properties":{"n":"ROBORE","p":57,"personas_x_ha":74,"masculinidad":73,"pct_menor20":46,"pct_60mas":4,"pct_migrante":19,"dependencia_econ":307,"pct_empleados":29,"pct_cuentapropia":64,"pct_agricultura":29,"pct_comercio":21,"pct_manufactura":0,"pct_construccion":29,"pct_transporte":0,"pct_alojamiento":43,"pct_educ_superior":15,"brecha_educ":6,"pct_sin_seguro":26,"pct_seguro_privado":0,"brecha_seguro":5,"pct_med_tradicional":0,"pct_automedicacion":0,"pct_remedios_caseros":8,"pct_viv_desocupada":0,"pct_alquiler":9,"pct_electricidad":91,"pct_agua_red":100,"pct_alcantarillado":9,"pct_gas_red":0,"pct_gas_garrafa":73,"pct_lena_guano":73,"pct_basura_formal":45,"pct_basura_quema":55,"pct_basura_informal":0,"pct_internet":73,"pct_celular":91,"pct_televisor":73}},{"type":"Feature","geometry":{"type":"Polygon","coordinates":[[[-59.76134,-18.32775],[-59.76227,-18.32773],[-59.76223,-18.32683],[-59.76131,-18.32684],[-59.76134,-18.32775]]]},"properties":{"n":"ROBORE","p":23,"personas_x_ha":23,"masculinidad":92,"pct_menor20":35,"pct_60mas":22,"pct_migrante":13,"dependencia_econ":156,"pct_empleados":22,"pct_cuentapropia":78,"pct_agricultura":22,"pct_comercio":22,"pct_manufactura":0,"pct_construccion":11,"pct_transporte":11,"pct_alojamiento":11,"pct_educ_superior":0,"brecha_educ":22,"pct_sin_seguro":26,"pct_seguro_privado":0,"brecha_seguro":37,"pct_med_tradicional":6,"pct_automedicacion":16,"pct_remedios_caseros":31,"pct_viv_desocupada":11,"pct_alquiler":12,"pct_electricidad":100,"pct_agua_red":100,"pct_alcantarillado":75,"pct_gas_red":38,"pct_gas_garrafa":50,"pct_lena_guano":50,"pct_basura_formal":100,"pct_basura_quema":0,"pct_basura_informal":0,"pct_internet":88,"pct_celular":88,"pct_televisor":100}},{"type":"Feature","geometry":{"type":"Polygon","coordinates":[[[-59.74545,-18.3344],[-59.74486,-18.33385],[-59.74316,-18.33554],[-59.74332,-18.33576],[-59.74447,-18.3353],[-59.74482,-18.33505],[-59.74545,-18.3344]]]},"properties":{"n":"ROBORE","p":63,"personas_x_ha":33,"masculinidad":91,"pct_menor20":19,"pct_60mas":29,"pct_migrante":33,"dependencia_econ":174,"pct_empleados":52,"pct_cuentapropia":35,"pct_agricultura":17,"pct_comercio":9,"pct_manufactura":9,"pct_construccion":9,"pct_transporte":9,"pct_alojamiento":0,"pct_educ_superior":47,"brecha_educ":3,"pct_sin_seguro":6,"pct_seguro_privado":0,"brecha_seguro":7,"pct_med_tradicional":10,"pct_automedicacion":15,"pct_remedios_caseros":28,"pct_viv_desocupada":10,"pct_alquiler":5,"pct_electricidad":100,"pct_agua_red":100,"pct_alcantarillado":5,"pct_gas_red":23,"pct_gas_garrafa":77,"pct_lena_guano":77,"pct_basura_formal":95,"pct_basura_quema":5,"pct_basura_informal":0,"pct_internet":86,"pct_celular":95,"pct_televisor":86}},{"type":"Feature","geometry":{"type":"Polygon","coordinates":[[[-59.7599,-18.32522],[-59.7599,-18.32471],[-59.75896,-18.32474],[-59.75901,-18.3257],[-59.7599,-18.32522]]]},"properties":{"n":"ROBORE","p":28,"personas_x_ha":34,"masculinidad":65,"pct_menor20":29,"pct_60mas":36,"pct_migrante":21,"dependencia_econ":250,"pct_empleados":25,"pct_cuentapropia":62,"pct_agricultura":0,"pct_comercio":38,"pct_manufactura":0,"pct_construccion":12,"pct_transporte":0,"pct_alojamiento":0,"pct_educ_superior":45,"brecha_educ":-27,"pct_sin_seguro":8,"pct_seguro_privado":0,"brecha_seguro":4,"pct_med_tradicional":0,"pct_automedicacion":16,"pct_remedios_caseros":16,"pct_viv_desocupada":0,"pct_alquiler":0,"pct_electricidad":100,"pct_agua_red":100,"pct_alcantarillado":100,"pct_gas_red":67,"pct_gas_garrafa":22,"pct_lena_guano":22,"pct_basura_formal":100,"pct_basura_quema":0,"pct_basura_informal":0,"pct_internet":78,"pct_celular":78,"pct_televisor":100}},{"type":"Feature","geometry":{"type":"Polygon","coordinates":[[[-59.75816,-18.34213],[-59.75819,-18.34303],[-59.75725,-18.34306],[-59.75723,-18.34215],[-59.75816,-18.34213]]]},"properties":{"n":"ROBORE","p":29,"personas_x_ha":29,"masculinidad":123,"pct_menor20":41,"pct_60mas":7,"pct_migrante":41,"dependencia_econ":211,"pct_empleados":56,"pct_cuentapropia":44,"pct_agricultura":22,"pct_comercio":33,"pct_manufactura":11,"pct_construccion":22,"pct_transporte":0,"pct_alojamiento":0,"pct_educ_superior":38,"brecha_educ":0,"pct_sin_seguro":18,"pct_seguro_privado":0,"brecha_seguro":19,"pct_med_tradicional":12,"pct_automedicacion":1,"pct_remedios_caseros":21,"pct_viv_desocupada":0,"pct_alquiler":43,"pct_electricidad":100,"pct_agua_red":100,"pct_alcantarillado":71,"pct_gas_red":43,"pct_gas_garrafa":57,"pct_lena_guano":57,"pct_basura_formal":100,"pct_basura_quema":0,"pct_basura_informal":0,"pct_internet":86,"pct_celular":100,"pct_televisor":86}},{"type":"Feature","geometry":{"type":"Polygon","coordinates":[[[-59.74187,-18.33471],[-59.74134,-18.33422],[-59.7408,-18.33478],[-59.74134,-18.33525],[-59.74187,-18.33471]]]},"properties":{"n":"ROBORE","p":38,"personas_x_ha":59,"masculinidad":111,"pct_menor20":32,"pct_60mas":8,"pct_migrante":21,"dependencia_econ":131,"pct_empleados":50,"pct_cuentapropia":50,"pct_agricultura":0,"pct_comercio":0,"pct_manufactura":19,"pct_construccion":12,"pct_transporte":44,"pct_alojamiento":12,"pct_educ_superior":24,"brecha_educ":1,"pct_sin_seguro":11,"pct_seguro_privado":0,"brecha_seguro":9,"pct_med_tradicional":15,"pct_automedicacion":2,"pct_remedios_caseros":31,"pct_viv_desocupada":16,"pct_alquiler":7,"pct_electricidad":93,"pct_agua_red":93,"pct_alcantarillado":47,"pct_gas_red":7,"pct_gas_garrafa":67,"pct_lena_guano":67,"pct_basura_formal":100,"pct_basura_quema":0,"pct_basura_informal":0,"pct_internet":47,"pct_celular":73,"pct_televisor":67}},{"type":"Feature","geometry":{"type":"Polygon","coordinates":[[[-59.74908,-18.3454],[-59.74905,-18.34451],[-59.7481,-18.34451],[-59.74814,-18.34541],[-59.74908,-18.3454]]]},"properties":{"n":"ROBORE","p":57,"personas_x_ha":57,"masculinidad":84,"pct_menor20":37,"pct_60mas":7,"pct_migrante":23,"dependencia_econ":218,"pct_empleados":41,"pct_cuentapropia":47,"pct_agricultura":29,"pct_comercio":12,"pct_manufactura":24,"pct_construccion":24,"pct_transporte":18,"pct_alojamiento":0,"pct_educ_superior":11,"brecha_educ":18,"pct_sin_seguro":2,"pct_seguro_privado":0,"brecha_seguro":-4,"pct_med_tradicional":3,"pct_automedicacion":24,"pct_remedios_caseros":25,"pct_viv_desocupada":0,"pct_alquiler":7,"pct_electricidad":100,"pct_agua_red":100,"pct_alcantarillado":33,"pct_gas_red":20,"pct_gas_garrafa":80,"pct_lena_guano":80,"pct_basura_formal":100,"pct_basura_quema":0,"pct_basura_informal":0,"pct_internet":73,"pct_celular":73,"pct_televisor":73}},{"type":"Feature","geometry":{"type":"Polygon","coordinates":[[[-59.74916,-18.33569],[-59.74903,-18.33533],[-59.74866,-18.33487],[-59.74819,-18.33535],[-59.74869,-18.33576],[-59.74916,-18.33569]]]},"properties":{"n":"ROBORE","p":47,"personas_x_ha":84,"masculinidad":62,"pct_menor20":38,"pct_60mas":21,"pct_migrante":43,"dependencia_econ":188,"pct_empleados":19,"pct_cuentapropia":75,"pct_agricultura":6,"pct_comercio":50,"pct_manufactura":19,"pct_construccion":6,"pct_transporte":12,"pct_alojamiento":12,"pct_educ_superior":6,"brecha_educ":-3,"pct_sin_seguro":0,"pct_seguro_privado":7,"brecha_seguro":0,"pct_med_tradicional":1,"pct_automedicacion":15,"pct_remedios_caseros":15,"pct_viv_desocupada":12,"pct_alquiler":25,"pct_electricidad":100,"pct_agua_red":100,"pct_alcantarillado":92,"pct_gas_red":17,"pct_gas_garrafa":83,"pct_lena_guano":83,"pct_basura_formal":100,"pct_basura_quema":0,"pct_basura_informal":0,"pct_internet":100,"pct_celular":100,"pct_televisor":92}},{"type":"Feature","geometry":{"type":"Polygon","coordinates":[[[-59.74883,-18.33606],[-59.74882,-18.33585],[-59.74864,-18.3358],[-59.74809,-18.33541],[-59.74778,-18.3358],[-59.74769,-18.33633],[-59.74883,-18.33606]]]},"properties":{"n":"ROBORE","p":59,"personas_x_ha":83,"masculinidad":64,"pct_menor20":39,"pct_60mas":17,"pct_migrante":41,"dependencia_econ":157,"pct_empleados":30,"pct_cuentapropia":70,"pct_agricultura":9,"pct_comercio":43,"pct_manufactura":0,"pct_construccion":4,"pct_transporte":9,"pct_alojamiento":9,"pct_educ_superior":32,"brecha_educ":-16,"pct_sin_seguro":36,"pct_seguro_privado":0,"brecha_seguro":6,"pct_med_tradicional":4,"pct_automedicacion":22,"pct_remedios_caseros":19,"pct_viv_desocupada":0,"pct_alquiler":20,"pct_electricidad":100,"pct_agua_red":100,"pct_alcantarillado":87,"pct_gas_red":20,"pct_gas_garrafa":80,"pct_lena_guano":80,"pct_basura_formal":100,"pct_basura_quema":0,"pct_basura_informal":0,"pct_internet":80,"pct_celular":93,"pct_televisor":67}},{"type":"Feature","geometry":{"type":"Polygon","coordinates":[[[-59.75128,-18.33671],[-59.75222,-18.33668],[-59.75219,-18.33578],[-59.75126,-18.33579],[-59.75128,-18.33671]]]},"properties":{"n":"ROBORE","p":45,"personas_x_ha":44,"masculinidad":80,"pct_menor20":42,"pct_60mas":16,"pct_migrante":53,"dependencia_econ":165,"pct_empleados":41,"pct_cuentapropia":47,"pct_agricultura":18,"pct_comercio":18,"pct_manufactura":0,"pct_construccion":6,"pct_transporte":12,"pct_alojamiento":12,"pct_educ_superior":31,"brecha_educ":-12,"pct_sin_seguro":11,"pct_seguro_privado":0,"brecha_seguro":7,"pct_med_tradicional":8,"pct_automedicacion":19,"pct_remedios_caseros":26,"pct_viv_desocupada":0,"pct_alquiler":40,"pct_electricidad":100,"pct_agua_red":100,"pct_alcantarillado":93,"pct_gas_red":27,"pct_gas_garrafa":73,"pct_lena_guano":73,"pct_basura_formal":93,"pct_basura_quema":7,"pct_basura_informal":0,"pct_internet":80,"pct_celular":93,"pct_televisor":87}},{"type":"Feature","geometry":{"type":"Polygon","coordinates":[[[-59.75282,-18.33122],[-59.75289,-18.33143],[-59.75317,-18.33137],[-59.75277,-18.33041],[-59.75118,-18.33203],[-59.75159,-18.3324],[-59.75282,-18.33122]]]},"properties":{"n":"ROBORE","p":35,"personas_x_ha":22,"masculinidad":133,"pct_menor20":29,"pct_60mas":20,"pct_migrante":40,"dependencia_econ":169,"pct_empleados":69,"pct_cuentapropia":23,"pct_agricultura":8,"pct_comercio":8,"pct_manufactura":0,"pct_construccion":31,"pct_transporte":15,"pct_alojamiento":15,"pct_educ_superior":32,"brecha_educ":-21,"pct_sin_seguro":15,"pct_seguro_privado":0,"brecha_seguro":-11,"pct_med_tradicional":2,"pct_automedicacion":0,"pct_remedios_caseros":2,"pct_viv_desocupada":0,"pct_alquiler":18,"pct_electricidad":91,"pct_agua_red":91,"pct_alcantarillado":36,"pct_gas_red":9,"pct_gas_garrafa":91,"pct_lena_guano":91,"pct_basura_formal":64,"pct_basura_quema":36,"pct_basura_informal":0,"pct_internet":91,"pct_celular":100,"pct_televisor":91}},{"type":"Feature","geometry":{"type":"Polygon","coordinates":[[[-59.74581,-18.3364],[-59.74519,-18.33577],[-59.7433,-18.33653],[-59.7427,-18.33658],[-59.7427,-18.33673],[-59.74581,-18.3364]]]},"properties":{"n":"ROBORE","p":53,"personas_x_ha":41,"masculinidad":104,"pct_menor20":51,"pct_60mas":13,"pct_migrante":13,"dependencia_econ":420,"pct_empleados":30,"pct_cuentapropia":70,"pct_agricultura":10,"pct_comercio":20,"pct_manufactura":20,"pct_construccion":10,"pct_transporte":30,"pct_alojamiento":20,"pct_educ_superior":19,"brecha_educ":3,"pct_sin_seguro":8,"pct_seguro_privado":0,"brecha_seguro":8,"pct_med_tradicional":12,"pct_automedicacion":9,"pct_remedios_caseros":21,"pct_viv_desocupada":28,"pct_alquiler":33,"pct_electricidad":94,"pct_agua_red":100,"pct_alcantarillado":6,"pct_gas_red":39,"pct_gas_garrafa":50,"pct_lena_guano":50,"pct_basura_formal":100,"pct_basura_quema":0,"pct_basura_informal":0,"pct_internet":83,"pct_celular":83,"pct_televisor":67}},{"type":"Feature","geometry":{"type":"Polygon","coordinates":[[[-59.75574,-18.32248],[-59.75538,-18.32134],[-59.75532,-18.32063],[-59.75439,-18.32119],[-59.75441,-18.32249],[-59.75574,-18.32248]]]},"properties":{"n":"ROBORE","p":33,"personas_x_ha":16,"masculinidad":83,"pct_menor20":39,"pct_60mas":15,"pct_migrante":52,"dependencia_econ":154,"pct_empleados":46,"pct_cuentapropia":54,"pct_agricultura":0,"pct_comercio":15,"pct_manufactura":15,"pct_construccion":0,"pct_transporte":8,"pct_alojamiento":23,"pct_educ_superior":30,"brecha_educ":0,"pct_sin_seguro":0,"pct_seguro_privado":0,"brecha_seguro":0,"pct_med_tradicional":9,"pct_automedicacion":8,"pct_remedios_caseros":34,"pct_viv_desocupada":0,"pct_alquiler":11,"pct_electricidad":100,"pct_agua_red":100,"pct_alcantarillado":0,"pct_gas_red":0,"pct_gas_garrafa":89,"pct_lena_guano":89,"pct_basura_formal":89,"pct_basura_quema":11,"pct_basura_informal":0,"pct_internet":67,"pct_celular":67,"pct_televisor":67}},{"type":"Feature","geometry":{"type":"Polygon","coordinates":[[[-59.76008,-18.33214],[-59.76006,-18.33124],[-59.75916,-18.33124],[-59.75921,-18.33214],[-59.76008,-18.33214]]]},"properties":{"n":"ROBORE","p":24,"personas_x_ha":24,"masculinidad":60,"pct_menor20":33,"pct_60mas":17,"pct_migrante":83,"dependencia_econ":100,"pct_empleados":67,"pct_cuentapropia":25,"pct_agricultura":8,"pct_comercio":0,"pct_manufactura":0,"pct_construccion":0,"pct_transporte":8,"pct_alojamiento":17,"pct_educ_superior":69,"brecha_educ":0,"pct_sin_seguro":12,"pct_seguro_privado":0,"brecha_seguro":-2,"pct_med_tradicional":7,"pct_automedicacion":7,"pct_remedios_caseros":7,"pct_viv_desocupada":0,"pct_alquiler":80,"pct_electricidad":100,"pct_agua_red":90,"pct_alcantarillado":90,"pct_gas_red":40,"pct_gas_garrafa":50,"pct_lena_guano":50,"pct_basura_formal":70,"pct_basura_quema":30,"pct_basura_informal":0,"pct_internet":80,"pct_celular":100,"pct_televisor":50}},{"type":"Feature","geometry":{"type":"Polygon","coordinates":[[[-59.73725,-18.34788],[-59.73723,-18.34775],[-59.7384,-18.34624],[-59.74118,-18.34289],[-59.74121,-18.34692],[-59.74023,-18.34792],[-59.73986,-18.34848],[-59.7398,-18.34904],[-59.73967,-18.34941],[-59.73725,-18.34788]]]},"properties":{"n":"ROBORE","p":37,"personas_x_ha":3,"masculinidad":68,"pct_menor20":54,"pct_60mas":8,"pct_migrante":38,"dependencia_econ":236,"pct_empleados":45,"pct_cuentapropia":27,"pct_agricultura":55,"pct_comercio":18,"pct_manufactura":18,"pct_construccion":9,"pct_transporte":0,"pct_alojamiento":9,"pct_educ_superior":6,"brecha_educ":-10,"pct_sin_seguro":31,"pct_seguro_privado":0,"brecha_seguro":7,"pct_med_tradicional":0,"pct_automedicacion":19,"pct_remedios_caseros":33,"pct_viv_desocupada":6,"pct_alquiler":0,"pct_electricidad":100,"pct_agua_red":90,"pct_alcantarillado":10,"pct_gas_red":0,"pct_gas_garrafa":50,"pct_lena_guano":50,"pct_basura_formal":80,"pct_basura_quema":10,"pct_basura_informal":0,"pct_internet":70,"pct_celular":70,"pct_televisor":60}},{"type":"Feature","geometry":{"type":"Polygon","coordinates":[[[-59.74233,-18.34547],[-59.74229,-18.34456],[-59.74136,-18.34456],[-59.74138,-18.34548],[-59.74233,-18.34547]]]},"properties":{"n":"ROBORE","p":60,"personas_x_ha":59,"masculinidad":88,"pct_menor20":42,"pct_60mas":5,"pct_migrante":47,"dependencia_econ":253,"pct_empleados":41,"pct_cuentapropia":59,"pct_agricultura":6,"pct_comercio":29,"pct_manufactura":0,"pct_construccion":18,"pct_transporte":24,"pct_alojamiento":18,"pct_educ_superior":0,"brecha_educ":-15,"pct_sin_seguro":13,"pct_seguro_privado":0,"brecha_seguro":-18,"pct_med_tradicional":1,"pct_automedicacion":14,"pct_remedios_caseros":28,"pct_viv_desocupada":0,"pct_alquiler":13,"pct_electricidad":100,"pct_agua_red":93,"pct_alcantarillado":13,"pct_gas_red":13,"pct_gas_garrafa":87,"pct_lena_guano":87,"pct_basura_formal":100,"pct_basura_quema":0,"pct_basura_informal":0,"pct_internet":80,"pct_celular":93,"pct_televisor":93}},{"type":"Feature","geometry":{"type":"Polygon","coordinates":[[[-59.76564,-18.32232],[-59.76456,-18.32294],[-59.76459,-18.32332],[-59.76556,-18.3233],[-59.76583,-18.32234],[-59.76564,-18.32232]]]},"properties":{"n":"ROBORE","p":32,"personas_x_ha":35,"masculinidad":78,"pct_menor20":41,"pct_60mas":22,"pct_migrante":41,"dependencia_econ":113,"pct_empleados":47,"pct_cuentapropia":47,"pct_agricultura":33,"pct_comercio":7,"pct_manufactura":7,"pct_construccion":7,"pct_transporte":0,"pct_alojamiento":7,"pct_educ_superior":37,"brecha_educ":19,"pct_sin_seguro":0,"pct_seguro_privado":0,"brecha_seguro":0,"pct_med_tradicional":1,"pct_automedicacion":18,"pct_remedios_caseros":32,"pct_viv_desocupada":0,"pct_alquiler":14,"pct_electricidad":100,"pct_agua_red":100,"pct_alcantarillado":29,"pct_gas_red":14,"pct_gas_garrafa":57,"pct_lena_guano":57,"pct_basura_formal":43,"pct_basura_quema":29,"pct_basura_informal":29,"pct_internet":71,"pct_celular":86,"pct_televisor":71}},{"type":"Feature","geometry":{"type":"Polygon","coordinates":[[[-59.75986,-18.32344],[-59.75985,-18.32254],[-59.7589,-18.32258],[-59.7589,-18.32347],[-59.75986,-18.32344]]]},"properties":{"n":"ROBORE","p":26,"personas_x_ha":26,"masculinidad":136,"pct_menor20":42,"pct_60mas":15,"pct_migrante":12,"dependencia_econ":160,"pct_empleados":60,"pct_cuentapropia":40,"pct_agricultura":10,"pct_comercio":10,"pct_manufactura":0,"pct_construccion":60,"pct_transporte":0,"pct_alojamiento":0,"pct_educ_superior":7,"brecha_educ":22,"pct_sin_seguro":80,"pct_seguro_privado":0,"brecha_seguro":13,"pct_med_tradicional":16,"pct_automedicacion":17,"pct_remedios_caseros":26,"pct_viv_desocupada":0,"pct_alquiler":0,"pct_electricidad":100,"pct_agua_red":100,"pct_alcantarillado":100,"pct_gas_red":14,"pct_gas_garrafa":43,"pct_lena_guano":43,"pct_basura_formal":100,"pct_basura_quema":0,"pct_basura_informal":0,"pct_internet":86,"pct_celular":86,"pct_televisor":100}},{"type":"Feature","geometry":{"type":"Polygon","coordinates":[[[-59.75893,-18.32885],[-59.75887,-18.32801],[-59.75794,-18.32802],[-59.75797,-18.3289],[-59.75893,-18.32885]]]},"properties":{"n":"ROBORE","p":22,"personas_x_ha":22,"masculinidad":120,"pct_menor20":0,"pct_60mas":59,"pct_migrante":32,"dependencia_econ":175,"pct_empleados":25,"pct_cuentapropia":62,"pct_agricultura":12,"pct_comercio":25,"pct_manufactura":0,"pct_construccion":12,"pct_transporte":0,"pct_alojamiento":0,"pct_educ_superior":36,"brecha_educ":13,"pct_sin_seguro":14,"pct_seguro_privado":0,"brecha_seguro":7,"pct_med_tradicional":0,"pct_automedicacion":0,"pct_remedios_caseros":3,"pct_viv_desocupada":6,"pct_alquiler":8,"pct_electricidad":100,"pct_agua_red":100,"pct_alcantarillado":92,"pct_gas_red":75,"pct_gas_garrafa":25,"pct_lena_guano":25,"pct_basura_formal":100,"pct_basura_quema":0,"pct_basura_informal":0,"pct_internet":83,"pct_celular":100,"pct_televisor":92}},{"type":"Feature","geometry":{"type":"Polygon","coordinates":[[[-59.74015,-18.33657],[-59.73959,-18.33605],[-59.74017,-18.33546],[-59.74069,-18.33592],[-59.74015,-18.33657]]]},"properties":{"n":"ROBORE","p":20,"personas_x_ha":28,"masculinidad":82,"pct_menor20":35,"pct_60mas":10,"pct_migrante":25,"dependencia_econ":233,"pct_empleados":33,"pct_cuentapropia":50,"pct_agricultura":17,"pct_comercio":17,"pct_manufactura":0,"pct_construccion":83,"pct_transporte":0,"pct_alojamiento":0,"pct_educ_superior":8,"brecha_educ":-29,"pct_sin_seguro":16,"pct_seguro_privado":0,"brecha_seguro":-30,"pct_med_tradicional":2,"pct_automedicacion":2,"pct_remedios_caseros":41,"pct_viv_desocupada":0,"pct_alquiler":14,"pct_electricidad":100,"pct_agua_red":100,"pct_alcantarillado":0,"pct_gas_red":14,"pct_gas_garrafa":86,"pct_lena_guano":86,"pct_basura_formal":71,"pct_basura_quema":29,"pct_basura_informal":0,"pct_internet":86,"pct_celular":71,"pct_televisor":57}},{"type":"Feature","geometry":{"type":"Polygon","coordinates":[[[-59.74011,-18.33664],[-59.73953,-18.33611],[-59.73912,-18.33658],[-59.73974,-18.33711],[-59.74011,-18.33664]]]},"properties":{"n":"ROBORE","p":15,"personas_x_ha":26,"masculinidad":67,"pct_menor20":33,"pct_60mas":20,"pct_migrante":20,"dependencia_econ":180,"pct_empleados":40,"pct_cuentapropia":40,"pct_agricultura":40,"pct_comercio":20,"pct_manufactura":20,"pct_construccion":20,"pct_transporte":0,"pct_alojamiento":0,"pct_educ_superior":22,"brecha_educ":25,"pct_sin_seguro":7,"pct_seguro_privado":0,"brecha_seguro":20,"pct_med_tradicional":23,"pct_automedicacion":23,"pct_remedios_caseros":23,"pct_viv_desocupada":14,"pct_alquiler":20,"pct_electricidad":100,"pct_agua_red":100,"pct_alcantarillado":20,"pct_gas_red":0,"pct_gas_garrafa":80,"pct_lena_guano":80,"pct_basura_formal":80,"pct_basura_quema":20,"pct_basura_informal":0,"pct_internet":40,"pct_celular":60,"pct_televisor":40}},{"type":"Feature","geometry":{"type":"Polygon","coordinates":[[[-59.76451,-18.32656],[-59.7648,-18.32568],[-59.76357,-18.32569],[-59.76357,-18.3266],[-59.76451,-18.32656]]]},"properties":{"n":"ROBORE","p":21,"personas_x_ha":18,"masculinidad":162,"pct_menor20":38,"pct_60mas":10,"pct_migrante":19,"dependencia_econ":186,"pct_empleados":71,"pct_cuentapropia":29,"pct_agricultura":14,"pct_comercio":0,"pct_manufactura":14,"pct_construccion":0,"pct_transporte":0,"pct_alojamiento":14,"pct_educ_superior":25,"brecha_educ":-20,"pct_sin_seguro":0,"pct_seguro_privado":0,"brecha_seguro":0,"pct_med_tradicional":0,"pct_automedicacion":0,"pct_remedios_caseros":32,"pct_viv_desocupada":0,"pct_alquiler":0,"pct_electricidad":100,"pct_agua_red":100,"pct_alcantarillado":57,"pct_gas_red":14,"pct_gas_garrafa":71,"pct_lena_guano":71,"pct_basura_formal":71,"pct_basura_quema":29,"pct_basura_informal":0,"pct_internet":71,"pct_celular":86,"pct_televisor":100}},{"type":"Feature","geometry":{"type":"Polygon","coordinates":[[[-59.75566,-18.33569],[-59.75477,-18.33573],[-59.7548,-18.33661],[-59.75573,-18.33659],[-59.75566,-18.33569]]]},"properties":{"n":"ROBORE","p":55,"personas_x_ha":55,"masculinidad":90,"pct_menor20":38,"pct_60mas":20,"pct_migrante":25,"dependencia_econ":184,"pct_empleados":42,"pct_cuentapropia":42,"pct_agricultura":26,"pct_comercio":32,"pct_manufactura":16,"pct_construccion":0,"pct_transporte":0,"pct_alojamiento":11,"pct_educ_superior":20,"brecha_educ":14,"pct_sin_seguro":4,"pct_seguro_privado":0,"brecha_seguro":1,"pct_med_tradicional":5,"pct_automedicacion":11,"pct_remedios_caseros":23,"pct_viv_desocupada":6,"pct_alquiler":7,"pct_electricidad":100,"pct_agua_red":100,"pct_alcantarillado":100,"pct_gas_red":67,"pct_gas_garrafa":33,"pct_lena_guano":33,"pct_basura_formal":100,"pct_basura_quema":0,"pct_basura_informal":0,"pct_internet":87,"pct_celular":100,"pct_televisor":93}},{"type":"Feature","geometry":{"type":"Polygon","coordinates":[[[-59.75594,-18.3366],[-59.75686,-18.33656],[-59.75679,-18.33564],[-59.75588,-18.33568],[-59.75594,-18.3366]]]},"properties":{"n":"ROBORE","p":39,"personas_x_ha":38,"masculinidad":70,"pct_menor20":31,"pct_60mas":10,"pct_migrante":36,"dependencia_econ":77,"pct_empleados":41,"pct_cuentapropia":45,"pct_agricultura":0,"pct_comercio":55,"pct_manufactura":9,"pct_construccion":0,"pct_transporte":5,"pct_alojamiento":27,"pct_educ_superior":43,"brecha_educ":-35,"pct_sin_seguro":18,"pct_seguro_privado":0,"brecha_seguro":12,"pct_med_tradicional":3,"pct_automedicacion":14,"pct_remedios_caseros":21,"pct_viv_desocupada":0,"pct_alquiler":18,"pct_electricidad":100,"pct_agua_red":100,"pct_alcantarillado":100,"pct_gas_red":27,"pct_gas_garrafa":64,"pct_lena_guano":64,"pct_basura_formal":100,"pct_basura_quema":0,"pct_basura_informal":0,"pct_internet":82,"pct_celular":82,"pct_televisor":82}},{"type":"Feature","geometry":{"type":"Polygon","coordinates":[[[-59.7385,-18.34388],[-59.73876,-18.34311],[-59.73799,-18.34279],[-59.73761,-18.34364],[-59.7385,-18.34388]]]},"properties":{"n":"ROBORE","p":27,"personas_x_ha":30,"masculinidad":145,"pct_menor20":37,"pct_60mas":15,"pct_migrante":26,"dependencia_econ":200,"pct_empleados":56,"pct_cuentapropia":44,"pct_agricultura":44,"pct_comercio":11,"pct_manufactura":0,"pct_construccion":0,"pct_transporte":0,"pct_alojamiento":22,"pct_educ_superior":6,"brecha_educ":28,"pct_sin_seguro":7,"pct_seguro_privado":0,"brecha_seguro":-18,"pct_med_tradicional":0,"pct_automedicacion":33,"pct_remedios_caseros":32,"pct_viv_desocupada":38,"pct_alquiler":33,"pct_electricidad":89,"pct_agua_red":100,"pct_alcantarillado":0,"pct_gas_red":0,"pct_gas_garrafa":78,"pct_lena_guano":78,"pct_basura_formal":67,"pct_basura_quema":33,"pct_basura_informal":0,"pct_internet":67,"pct_celular":89,"pct_televisor":56}},{"type":"Feature","geometry":{"type":"Polygon","coordinates":[[[-59.7625,-18.33529],[-59.76249,-18.33442],[-59.76154,-18.33444],[-59.7616,-18.33531],[-59.7625,-18.33529]]]},"properties":{"n":"ROBORE","p":15,"personas_x_ha":16,"masculinidad":67,"pct_menor20":13,"pct_60mas":20,"pct_migrante":40,"dependencia_econ":67,"pct_empleados":67,"pct_cuentapropia":22,"pct_agricultura":0,"pct_comercio":0,"pct_manufactura":0,"pct_construccion":0,"pct_transporte":0,"pct_alojamiento":0,"pct_educ_superior":54,"brecha_educ":-22,"pct_sin_seguro":7,"pct_seguro_privado":0,"brecha_seguro":-11,"pct_med_tradicional":0,"pct_automedicacion":0,"pct_remedios_caseros":33,"pct_viv_desocupada":0,"pct_alquiler":17,"pct_electricidad":100,"pct_agua_red":100,"pct_alcantarillado":83,"pct_gas_red":50,"pct_gas_garrafa":50,"pct_lena_guano":50,"pct_basura_formal":100,"pct_basura_quema":0,"pct_basura_informal":0,"pct_internet":100,"pct_celular":100,"pct_televisor":83}},{"type":"Feature","geometry":{"type":"Polygon","coordinates":[[[-59.75691,-18.33872],[-59.7569,-18.33782],[-59.75596,-18.33784],[-59.75599,-18.33875],[-59.75691,-18.33872]]]},"properties":{"n":"ROBORE","p":49,"personas_x_ha":49,"masculinidad":123,"pct_menor20":31,"pct_60mas":20,"pct_migrante":41,"dependencia_econ":123,"pct_empleados":45,"pct_cuentapropia":45,"pct_agricultura":14,"pct_comercio":14,"pct_manufactura":0,"pct_construccion":9,"pct_transporte":18,"pct_alojamiento":23,"pct_educ_superior":29,"brecha_educ":-24,"pct_sin_seguro":10,"pct_seguro_privado":0,"brecha_seguro":2,"pct_med_tradicional":0,"pct_automedicacion":8,"pct_remedios_caseros":15,"pct_viv_desocupada":5,"pct_alquiler":0,"pct_electricidad":100,"pct_agua_red":100,"pct_alcantarillado":100,"pct_gas_red":36,"pct_gas_garrafa":64,"pct_lena_guano":64,"pct_basura_formal":100,"pct_basura_quema":0,"pct_basura_informal":0,"pct_internet":93,"pct_celular":93,"pct_televisor":93}},{"type":"Feature","geometry":{"type":"Polygon","coordinates":[[[-59.74689,-18.34224],[-59.74778,-18.34222],[-59.74774,-18.34131],[-59.74687,-18.34133],[-59.74689,-18.34224]]]},"properties":{"n":"ROBORE","p":48,"personas_x_ha":50,"masculinidad":100,"pct_menor20":33,"pct_60mas":10,"pct_migrante":27,"dependencia_econ":167,"pct_empleados":50,"pct_cuentapropia":28,"pct_agricultura":6,"pct_comercio":22,"pct_manufactura":6,"pct_construccion":11,"pct_transporte":11,"pct_alojamiento":6,"pct_educ_superior":25,"brecha_educ":1,"pct_sin_seguro":2,"pct_seguro_privado":0,"brecha_seguro":4,"pct_med_tradicional":8,"pct_automedicacion":3,"pct_remedios_caseros":27,"pct_viv_desocupada":0,"pct_alquiler":15,"pct_electricidad":92,"pct_agua_red":92,"pct_alcantarillado":54,"pct_gas_red":23,"pct_gas_garrafa":69,"pct_lena_guano":69,"pct_basura_formal":92,"pct_basura_quema":8,"pct_basura_informal":0,"pct_internet":77,"pct_celular":85,"pct_televisor":69}},{"type":"Feature","geometry":{"type":"Polygon","coordinates":[[[-59.74455,-18.34442],[-59.74414,-18.34442],[-59.74414,-18.34408],[-59.74405,-18.34408],[-59.74405,-18.34442],[-59.74359,-18.34442],[-59.74356,-18.34351],[-59.74452,-18.34351],[-59.74455,-18.34442]]]},"properties":{"n":"ROBORE","p":69,"personas_x_ha":69,"masculinidad":116,"pct_menor20":51,"pct_60mas":3,"pct_migrante":26,"dependencia_econ":245,"pct_empleados":30,"pct_cuentapropia":50,"pct_agricultura":15,"pct_comercio":25,"pct_manufactura":0,"pct_construccion":20,"pct_transporte":10,"pct_alojamiento":10,"pct_educ_superior":18,"brecha_educ":-3,"pct_sin_seguro":6,"pct_seguro_privado":0,"brecha_seguro":-7,"pct_med_tradicional":1,"pct_automedicacion":25,"pct_remedios_caseros":34,"pct_viv_desocupada":9,"pct_alquiler":6,"pct_electricidad":88,"pct_agua_red":88,"pct_alcantarillado":0,"pct_gas_red":12,"pct_gas_garrafa":88,"pct_lena_guano":88,"pct_basura_formal":94,"pct_basura_quema":6,"pct_basura_informal":0,"pct_internet":88,"pct_celular":100,"pct_televisor":88}},{"type":"Feature","geometry":{"type":"Polygon","coordinates":[[[-59.74253,-18.33535],[-59.74199,-18.33586],[-59.74141,-18.33533],[-59.74196,-18.33479],[-59.74253,-18.33535]]]},"properties":{"n":"ROBORE","p":24,"personas_x_ha":33,"masculinidad":60,"pct_menor20":46,"pct_60mas":17,"pct_migrante":33,"dependencia_econ":200,"pct_empleados":62,"pct_cuentapropia":38,"pct_agricultura":0,"pct_comercio":0,"pct_manufactura":0,"pct_construccion":0,"pct_transporte":50,"pct_alojamiento":25,"pct_educ_superior":0,"brecha_educ":2,"pct_sin_seguro":4,"pct_seguro_privado":0,"brecha_seguro":11,"pct_med_tradicional":0,"pct_automedicacion":6,"pct_remedios_caseros":36,"pct_viv_desocupada":18,"pct_alquiler":29,"pct_electricidad":100,"pct_agua_red":100,"pct_alcantarillado":14,"pct_gas_red":0,"pct_gas_garrafa":86,"pct_lena_guano":86,"pct_basura_formal":100,"pct_basura_quema":0,"pct_basura_informal":0,"pct_internet":86,"pct_celular":86,"pct_televisor":86}},{"type":"Feature","geometry":{"type":"Polygon","coordinates":[[[-59.7555,-18.32917],[-59.75554,-18.33007],[-59.75461,-18.33012],[-59.75456,-18.3292],[-59.7555,-18.32917]]]},"properties":{"n":"ROBORE","p":54,"personas_x_ha":52,"masculinidad":93,"pct_menor20":33,"pct_60mas":19,"pct_migrante":37,"dependencia_econ":194,"pct_empleados":50,"pct_cuentapropia":44,"pct_agricultura":17,"pct_comercio":50,"pct_manufactura":0,"pct_construccion":6,"pct_transporte":0,"pct_alojamiento":6,"pct_educ_superior":47,"brecha_educ":-18,"pct_sin_seguro":35,"pct_seguro_privado":0,"brecha_seguro":-13,"pct_med_tradicional":6,"pct_automedicacion":19,"pct_remedios_caseros":16,"pct_viv_desocupada":0,"pct_alquiler":31,"pct_electricidad":100,"pct_agua_red":94,"pct_alcantarillado":75,"pct_gas_red":31,"pct_gas_garrafa":69,"pct_lena_guano":69,"pct_basura_formal":100,"pct_basura_quema":0,"pct_basura_informal":0,"pct_internet":81,"pct_celular":94,"pct_televisor":88}},{"type":"Feature","geometry":{"type":"Polygon","coordinates":[[[-59.75192,-18.32476],[-59.75187,-18.3239],[-59.75035,-18.32402],[-59.75038,-18.32422],[-59.75051,-18.32438],[-59.75091,-18.32436],[-59.75096,-18.32477],[-59.75192,-18.32476]]]},"properties":{"n":"ROBORE","p":43,"personas_x_ha":36,"masculinidad":72,"pct_menor20":44,"pct_60mas":7,"pct_migrante":0,"dependencia_econ":258,"pct_empleados":58,"pct_cuentapropia":25,"pct_agricultura":0,"pct_comercio":8,"pct_manufactura":8,"pct_construccion":50,"pct_transporte":17,"pct_alojamiento":17,"pct_educ_superior":8,"brecha_educ":8,"pct_sin_seguro":17,"pct_seguro_privado":0,"brecha_seguro":-10,"pct_med_tradicional":2,"pct_automedicacion":0,"pct_remedios_caseros":22,"pct_viv_desocupada":6,"pct_alquiler":7,"pct_electricidad":100,"pct_agua_red":100,"pct_alcantarillado":100,"pct_gas_red":0,"pct_gas_garrafa":100,"pct_lena_guano":100,"pct_basura_formal":100,"pct_basura_quema":0,"pct_basura_informal":0,"pct_internet":67,"pct_celular":80,"pct_televisor":80}},{"type":"Feature","geometry":{"type":"Polygon","coordinates":[[[-59.76246,-18.3277],[-59.76244,-18.32684],[-59.76339,-18.3268],[-59.7634,-18.32768],[-59.76246,-18.3277]]]},"properties":{"n":"ROBORE","p":29,"personas_x_ha":29,"masculinidad":93,"pct_menor20":38,"pct_60mas":17,"pct_migrante":66,"dependencia_econ":314,"pct_empleados":14,"pct_cuentapropia":29,"pct_agricultura":29,"pct_comercio":29,"pct_manufactura":0,"pct_construccion":29,"pct_transporte":0,"pct_alojamiento":0,"pct_educ_superior":35,"brecha_educ":-4,"pct_sin_seguro":28,"pct_seguro_privado":0,"brecha_seguro":2,"pct_med_tradicional":0,"pct_automedicacion":22,"pct_remedios_caseros":33,"pct_viv_desocupada":12,"pct_alquiler":14,"pct_electricidad":100,"pct_agua_red":100,"pct_alcantarillado":86,"pct_gas_red":29,"pct_gas_garrafa":71,"pct_lena_guano":71,"pct_basura_formal":100,"pct_basura_quema":0,"pct_basura_informal":0,"pct_internet":100,"pct_celular":100,"pct_televisor":86}},{"type":"Feature","geometry":{"type":"Polygon","coordinates":[[[-59.75758,-18.32261],[-59.75758,-18.32351],[-59.75605,-18.32349],[-59.75608,-18.32261],[-59.75758,-18.32261]]]},"properties":{"n":"ROBORE","p":15,"personas_x_ha":9,"masculinidad":150,"pct_menor20":40,"pct_60mas":7,"pct_migrante":7,"dependencia_econ":150,"pct_empleados":67,"pct_cuentapropia":33,"pct_agricultura":0,"pct_comercio":33,"pct_manufactura":17,"pct_construccion":17,"pct_transporte":33,"pct_alojamiento":17,"pct_educ_superior":33,"brecha_educ":0,"pct_sin_seguro":0,"pct_seguro_privado":0,"brecha_seguro":0,"pct_med_tradicional":5,"pct_automedicacion":0,"pct_remedios_caseros":24,"pct_viv_desocupada":22,"pct_alquiler":20,"pct_electricidad":100,"pct_agua_red":80,"pct_alcantarillado":100,"pct_gas_red":0,"pct_gas_garrafa":100,"pct_lena_guano":100,"pct_basura_formal":100,"pct_basura_quema":0,"pct_basura_informal":0,"pct_internet":40,"pct_celular":60,"pct_televisor":60}},{"type":"Feature","geometry":{"type":"Polygon","coordinates":[[[-59.7578,-18.3246],[-59.75876,-18.32459],[-59.75875,-18.32365],[-59.75779,-18.32367],[-59.7578,-18.3246]]]},"properties":{"n":"ROBORE","p":39,"personas_x_ha":37,"masculinidad":160,"pct_menor20":38,"pct_60mas":13,"pct_migrante":23,"dependencia_econ":200,"pct_empleados":62,"pct_cuentapropia":31,"pct_agricultura":8,"pct_comercio":23,"pct_manufactura":15,"pct_construccion":8,"pct_transporte":8,"pct_alojamiento":23,"pct_educ_superior":21,"brecha_educ":4,"pct_sin_seguro":0,"pct_seguro_privado":0,"brecha_seguro":0,"pct_med_tradicional":8,"pct_automedicacion":11,"pct_remedios_caseros":35,"pct_viv_desocupada":0,"pct_alquiler":10,"pct_electricidad":100,"pct_agua_red":100,"pct_alcantarillado":100,"pct_gas_red":10,"pct_gas_garrafa":80,"pct_lena_guano":80,"pct_basura_formal":100,"pct_basura_quema":0,"pct_basura_informal":0,"pct_internet":90,"pct_celular":100,"pct_televisor":100}},{"type":"Feature","geometry":{"type":"Polygon","coordinates":[[[-59.7645,-18.32228],[-59.76442,-18.32175],[-59.76522,-18.32141],[-59.76547,-18.32194],[-59.7649,-18.32222],[-59.7645,-18.32228]]]},"properties":{"n":"ROBORE","p":30,"personas_x_ha":44,"masculinidad":67,"pct_menor20":47,"pct_60mas":3,"pct_migrante":37,"dependencia_econ":314,"pct_empleados":71,"pct_cuentapropia":14,"pct_agricultura":14,"pct_comercio":14,"pct_manufactura":14,"pct_construccion":14,"pct_transporte":14,"pct_alojamiento":14,"pct_educ_superior":7,"brecha_educ":16,"pct_sin_seguro":19,"pct_seguro_privado":7,"brecha_seguro":-14,"pct_med_tradicional":4,"pct_automedicacion":8,"pct_remedios_caseros":31,"pct_viv_desocupada":25,"pct_alquiler":0,"pct_electricidad":100,"pct_agua_red":100,"pct_alcantarillado":80,"pct_gas_red":0,"pct_gas_garrafa":100,"pct_lena_guano":100,"pct_basura_formal":90,"pct_basura_quema":10,"pct_basura_informal":0,"pct_internet":90,"pct_celular":90,"pct_televisor":70}},{"type":"Feature","geometry":{"type":"Polygon","coordinates":[[[-59.75219,-18.32686],[-59.75218,-18.32596],[-59.75311,-18.32595],[-59.75316,-18.32682],[-59.75219,-18.32686]]]},"properties":{"n":"ROBORE","p":23,"personas_x_ha":23,"masculinidad":92,"pct_menor20":30,"pct_60mas":17,"pct_migrante":48,"dependencia_econ":188,"pct_empleados":62,"pct_cuentapropia":25,"pct_agricultura":12,"pct_comercio":25,"pct_manufactura":12,"pct_construccion":25,"pct_transporte":0,"pct_alojamiento":12,"pct_educ_superior":38,"brecha_educ":-11,"pct_sin_seguro":4,"pct_seguro_privado":0,"brecha_seguro":9,"pct_med_tradicional":4,"pct_automedicacion":7,"pct_remedios_caseros":14,"pct_viv_desocupada":22,"pct_alquiler":14,"pct_electricidad":86,"pct_agua_red":100,"pct_alcantarillado":29,"pct_gas_red":0,"pct_gas_garrafa":100,"pct_lena_guano":100,"pct_basura_formal":100,"pct_basura_quema":0,"pct_basura_informal":0,"pct_internet":86,"pct_celular":86,"pct_televisor":100}},{"type":"Feature","geometry":{"type":"Polygon","coordinates":[[[-59.75678,-18.32752],[-59.75769,-18.32707],[-59.75769,-18.32787],[-59.75677,-18.32788],[-59.75678,-18.32752]]]},"properties":{"n":"ROBORE","p":41,"personas_x_ha":63,"masculinidad":86,"pct_menor20":29,"pct_60mas":24,"pct_migrante":39,"dependencia_econ":141,"pct_empleados":65,"pct_cuentapropia":35,"pct_agricultura":18,"pct_comercio":0,"pct_manufactura":12,"pct_construccion":0,"pct_transporte":6,"pct_alojamiento":6,"pct_educ_superior":55,"brecha_educ":-15,"pct_sin_seguro":5,"pct_seguro_privado":0,"brecha_seguro":11,"pct_med_tradicional":0,"pct_automedicacion":17,"pct_remedios_caseros":21,"pct_viv_desocupada":0,"pct_alquiler":8,"pct_electricidad":100,"pct_agua_red":100,"pct_alcantarillado":92,"pct_gas_red":31,"pct_gas_garrafa":69,"pct_lena_guano":69,"pct_basura_formal":100,"pct_basura_quema":0,"pct_basura_informal":0,"pct_internet":85,"pct_celular":92,"pct_televisor":85}},{"type":"Feature","geometry":{"type":"Polygon","coordinates":[[[-59.76111,-18.32666],[-59.76109,-18.32577],[-59.76014,-18.3258],[-59.76017,-18.3267],[-59.76111,-18.32666]]]},"properties":{"n":"ROBORE","p":38,"personas_x_ha":38,"masculinidad":81,"pct_menor20":50,"pct_60mas":11,"pct_migrante":26,"dependencia_econ":157,"pct_empleados":29,"pct_cuentapropia":57,"pct_agricultura":14,"pct_comercio":21,"pct_manufactura":0,"pct_construccion":7,"pct_transporte":0,"pct_alojamiento":21,"pct_educ_superior":45,"brecha_educ":4,"pct_sin_seguro":12,"pct_seguro_privado":0,"brecha_seguro":13,"pct_med_tradicional":0,"pct_automedicacion":12,"pct_remedios_caseros":23,"pct_viv_desocupada":0,"pct_alquiler":25,"pct_electricidad":100,"pct_agua_red":100,"pct_alcantarillado":83,"pct_gas_red":0,"pct_gas_garrafa":100,"pct_lena_guano":100,"pct_basura_formal":100,"pct_basura_quema":0,"pct_basura_informal":0,"pct_internet":92,"pct_celular":92,"pct_televisor":67}},{"type":"Feature","geometry":{"type":"Polygon","coordinates":[[[-59.7497,-18.33005],[-59.74872,-18.32922],[-59.74805,-18.3299],[-59.74903,-18.33071],[-59.7497,-18.33005]]]},"properties":{"n":"ROBORE","p":37,"personas_x_ha":26,"masculinidad":118,"pct_menor20":49,"pct_60mas":8,"pct_migrante":38,"dependencia_econ":236,"pct_empleados":27,"pct_cuentapropia":73,"pct_agricultura":9,"pct_comercio":55,"pct_manufactura":0,"pct_construccion":45,"pct_transporte":0,"pct_alojamiento":0,"pct_educ_superior":16,"brecha_educ":-12,"pct_sin_seguro":8,"pct_seguro_privado":22,"brecha_seguro":-7,"pct_med_tradicional":5,"pct_automedicacion":19,"pct_remedios_caseros":20,"pct_viv_desocupada":20,"pct_alquiler":50,"pct_electricidad":100,"pct_agua_red":100,"pct_alcantarillado":0,"pct_gas_red":0,"pct_gas_garrafa":75,"pct_lena_guano":75,"pct_basura_formal":92,"pct_basura_quema":8,"pct_basura_informal":0,"pct_internet":92,"pct_celular":83,"pct_televisor":83}},{"type":"Feature","geometry":{"type":"Polygon","coordinates":[[[-59.74079,-18.3358],[-59.74124,-18.33533],[-59.74072,-18.33486],[-59.74025,-18.33536],[-59.74079,-18.3358]]]},"properties":{"n":"ROBORE","p":26,"personas_x_ha":46,"masculinidad":86,"pct_menor20":38,"pct_60mas":8,"pct_migrante":12,"dependencia_econ":136,"pct_empleados":55,"pct_cuentapropia":45,"pct_agricultura":9,"pct_comercio":27,"pct_manufactura":9,"pct_construccion":0,"pct_transporte":9,"pct_alojamiento":0,"pct_educ_superior":29,"brecha_educ":-11,"pct_sin_seguro":4,"pct_seguro_privado":0,"brecha_seguro":8,"pct_med_tradicional":5,"pct_automedicacion":2,"pct_remedios_caseros":40,"pct_viv_desocupada":11,"pct_alquiler":12,"pct_electricidad":100,"pct_agua_red":100,"pct_alcantarillado":0,"pct_gas_red":0,"pct_gas_garrafa":88,"pct_lena_guano":88,"pct_basura_formal":88,"pct_basura_quema":12,"pct_basura_informal":0,"pct_internet":75,"pct_celular":75,"pct_televisor":88}},{"type":"Feature","geometry":{"type":"Polygon","coordinates":[[[-59.75004,-18.3391],[-59.74909,-18.33912],[-59.74912,-18.34002],[-59.75007,-18.33999],[-59.75004,-18.3391]]]},"properties":{"n":"ROBORE","p":17,"personas_x_ha":17,"masculinidad":112,"pct_menor20":24,"pct_60mas":29,"pct_migrante":41,"dependencia_econ":143,"pct_empleados":43,"pct_cuentapropia":43,"pct_agricultura":0,"pct_comercio":57,"pct_manufactura":0,"pct_construccion":14,"pct_transporte":0,"pct_alojamiento":0,"pct_educ_superior":21,"brecha_educ":-21,"pct_sin_seguro":29,"pct_seguro_privado":0,"brecha_seguro":8,"pct_med_tradicional":30,"pct_automedicacion":7,"pct_remedios_caseros":33,"pct_viv_desocupada":33,"pct_alquiler":0,"pct_electricidad":100,"pct_agua_red":100,"pct_alcantarillado":86,"pct_gas_red":29,"pct_gas_garrafa":71,"pct_lena_guano":71,"pct_basura_formal":100,"pct_basura_quema":0,"pct_basura_informal":0,"pct_internet":43,"pct_celular":71,"pct_televisor":71}},{"type":"Feature","geometry":{"type":"Polygon","coordinates":[[[-59.75992,-18.32781],[-59.75999,-18.32775],[-59.75997,-18.32688],[-59.75904,-18.32691],[-59.75906,-18.32782],[-59.75992,-18.32781]]]},"properties":{"n":"ROBORE","p":49,"personas_x_ha":48,"masculinidad":145,"pct_menor20":41,"pct_60mas":12,"pct_migrante":43,"dependencia_econ":269,"pct_empleados":38,"pct_cuentapropia":62,"pct_agricultura":0,"pct_comercio":8,"pct_manufactura":8,"pct_construccion":8,"pct_transporte":31,"pct_alojamiento":15,"pct_educ_superior":38,"brecha_educ":0,"pct_sin_seguro":0,"pct_seguro_privado":0,"brecha_seguro":0,"pct_med_tradicional":0,"pct_automedicacion":0,"pct_remedios_caseros":15,"pct_viv_desocupada":25,"pct_alquiler":18,"pct_electricidad":100,"pct_agua_red":100,"pct_alcantarillado":82,"pct_gas_red":27,"pct_gas_garrafa":73,"pct_lena_guano":73,"pct_basura_formal":82,"pct_basura_quema":18,"pct_basura_informal":0,"pct_internet":91,"pct_celular":91,"pct_televisor":91}},{"type":"Feature","geometry":{"type":"Polygon","coordinates":[[[-59.75934,-18.33667],[-59.76029,-18.33665],[-59.76031,-18.33752],[-59.75936,-18.33754],[-59.75934,-18.33667]]]},"properties":{"n":"ROBORE","p":30,"personas_x_ha":31,"masculinidad":114,"pct_menor20":43,"pct_60mas":7,"pct_migrante":30,"dependencia_econ":200,"pct_empleados":30,"pct_cuentapropia":70,"pct_agricultura":20,"pct_comercio":30,"pct_manufactura":0,"pct_construccion":0,"pct_transporte":10,"pct_alojamiento":0,"pct_educ_superior":24,"brecha_educ":1,"pct_sin_seguro":17,"pct_seguro_privado":0,"brecha_seguro":31,"pct_med_tradicional":0,"pct_automedicacion":3,"pct_remedios_caseros":3,"pct_viv_desocupada":0,"pct_alquiler":33,"pct_electricidad":100,"pct_agua_red":100,"pct_alcantarillado":83,"pct_gas_red":100,"pct_gas_garrafa":0,"pct_lena_guano":0,"pct_basura_formal":100,"pct_basura_quema":0,"pct_basura_informal":0,"pct_internet":67,"pct_celular":100,"pct_televisor":67}},{"type":"Feature","geometry":{"type":"Polygon","coordinates":[[[-59.74913,-18.34646],[-59.74819,-18.34644],[-59.74815,-18.34558],[-59.7491,-18.34557],[-59.74913,-18.34646]]]},"properties":{"n":"ROBORE","p":45,"personas_x_ha":46,"masculinidad":114,"pct_menor20":44,"pct_60mas":2,"pct_migrante":7,"dependencia_econ":181,"pct_empleados":31,"pct_cuentapropia":62,"pct_agricultura":31,"pct_comercio":0,"pct_manufactura":0,"pct_construccion":19,"pct_transporte":12,"pct_alojamiento":0,"pct_educ_superior":0,"brecha_educ":22,"pct_sin_seguro":24,"pct_seguro_privado":0,"brecha_seguro":10,"pct_med_tradicional":0,"pct_automedicacion":12,"pct_remedios_caseros":35,"pct_viv_desocupada":5,"pct_alquiler":9,"pct_electricidad":100,"pct_agua_red":100,"pct_alcantarillado":9,"pct_gas_red":0,"pct_gas_garrafa":91,"pct_lena_guano":91,"pct_basura_formal":91,"pct_basura_quema":9,"pct_basura_informal":0,"pct_internet":91,"pct_celular":100,"pct_televisor":64}},{"type":"Feature","geometry":{"type":"Polygon","coordinates":[[[-59.74907,-18.33533],[-59.74988,-18.33494],[-59.74991,-18.33572],[-59.74923,-18.33572],[-59.74907,-18.33533]]]},"properties":{"n":"ROBORE","p":34,"personas_x_ha":63,"masculinidad":79,"pct_menor20":38,"pct_60mas":15,"pct_migrante":15,"dependencia_econ":2800,"pct_empleados":0,"pct_cuentapropia":100,"pct_agricultura":100,"pct_comercio":0,"pct_manufactura":0,"pct_construccion":0,"pct_transporte":0,"pct_alojamiento":0,"pct_educ_superior":5,"brecha_educ":-11,"pct_sin_seguro":21,"pct_seguro_privado":0,"brecha_seguro":21,"pct_med_tradicional":3,"pct_automedicacion":15,"pct_remedios_caseros":3,"pct_viv_desocupada":0,"pct_alquiler":0,"pct_electricidad":100,"pct_agua_red":88,"pct_alcantarillado":100,"pct_gas_red":25,"pct_gas_garrafa":62,"pct_lena_guano":62,"pct_basura_formal":100,"pct_basura_quema":0,"pct_basura_informal":0,"pct_internet":100,"pct_celular":100,"pct_televisor":100}},{"type":"Feature","geometry":{"type":"Polygon","coordinates":[[[-59.76236,-18.33098],[-59.76236,-18.33008],[-59.76142,-18.33011],[-59.76143,-18.331],[-59.76236,-18.33098]]]},"properties":{"n":"ROBORE","p":32,"personas_x_ha":33,"masculinidad":68,"pct_menor20":38,"pct_60mas":9,"pct_migrante":31,"dependencia_econ":60,"pct_empleados":40,"pct_cuentapropia":50,"pct_agricultura":5,"pct_comercio":20,"pct_manufactura":5,"pct_construccion":0,"pct_transporte":0,"pct_alojamiento":20,"pct_educ_superior":45,"brecha_educ":-8,"pct_sin_seguro":3,"pct_seguro_privado":0,"brecha_seguro":8,"pct_med_tradicional":6,"pct_automedicacion":10,"pct_remedios_caseros":30,"pct_viv_desocupada":8,"pct_alquiler":33,"pct_electricidad":100,"pct_agua_red":100,"pct_alcantarillado":78,"pct_gas_red":56,"pct_gas_garrafa":44,"pct_lena_guano":44,"pct_basura_formal":100,"pct_basura_quema":0,"pct_basura_informal":0,"pct_internet":100,"pct_celular":100,"pct_televisor":67}},{"type":"Feature","geometry":{"type":"Polygon","coordinates":[[[-59.76526,-18.32435],[-59.76546,-18.32353],[-59.76463,-18.32352],[-59.76464,-18.32436],[-59.76526,-18.32435]]]},"properties":{"n":"ROBORE","p":31,"personas_x_ha":41,"masculinidad":138,"pct_menor20":39,"pct_60mas":19,"pct_migrante":23,"dependencia_econ":138,"pct_empleados":54,"pct_cuentapropia":38,"pct_agricultura":31,"pct_comercio":23,"pct_manufactura":0,"pct_construccion":15,"pct_transporte":0,"pct_alojamiento":8,"pct_educ_superior":5,"brecha_educ":-14,"pct_sin_seguro":13,"pct_seguro_privado":0,"brecha_seguro":-18,"pct_med_tradicional":2,"pct_automedicacion":9,"pct_remedios_caseros":16,"pct_viv_desocupada":8,"pct_alquiler":0,"pct_electricidad":100,"pct_agua_red":100,"pct_alcantarillado":60,"pct_gas_red":10,"pct_gas_garrafa":80,"pct_lena_guano":80,"pct_basura_formal":100,"pct_basura_quema":0,"pct_basura_informal":0,"pct_internet":70,"pct_celular":80,"pct_televisor":50}},{"type":"Feature","geometry":{"type":"Polygon","coordinates":[[[-59.74709,-18.33062],[-59.74589,-18.32963],[-59.74522,-18.33029],[-59.74645,-18.33125],[-59.74709,-18.33062]]]},"properties":{"n":"ROBORE","p":42,"personas_x_ha":25,"masculinidad":91,"pct_menor20":45,"pct_60mas":10,"pct_migrante":40,"dependencia_econ":356,"pct_empleados":44,"pct_cuentapropia":56,"pct_agricultura":0,"pct_comercio":33,"pct_manufactura":22,"pct_construccion":0,"pct_transporte":11,"pct_alojamiento":11,"pct_educ_superior":17,"brecha_educ":-8,"pct_sin_seguro":15,"pct_seguro_privado":0,"brecha_seguro":-9,"pct_med_tradicional":6,"pct_automedicacion":20,"pct_remedios_caseros":31,"pct_viv_desocupada":12,"pct_alquiler":23,"pct_electricidad":100,"pct_agua_red":100,"pct_alcantarillado":8,"pct_gas_red":0,"pct_gas_garrafa":77,"pct_lena_guano":77,"pct_basura_formal":77,"pct_basura_quema":23,"pct_basura_informal":0,"pct_internet":77,"pct_celular":85,"pct_televisor":54}},{"type":"Feature","geometry":{"type":"Polygon","coordinates":[[[-59.75341,-18.32796],[-59.75435,-18.32794],[-59.75432,-18.32698],[-59.75336,-18.327],[-59.75341,-18.32796]]]},"properties":{"n":"ROBORE","p":37,"personas_x_ha":34,"masculinidad":106,"pct_menor20":32,"pct_60mas":22,"pct_migrante":46,"dependencia_econ":76,"pct_empleados":57,"pct_cuentapropia":33,"pct_agricultura":10,"pct_comercio":33,"pct_manufactura":0,"pct_construccion":0,"pct_transporte":0,"pct_alojamiento":0,"pct_educ_superior":56,"brecha_educ":0,"pct_sin_seguro":14,"pct_seguro_privado":0,"brecha_seguro":5,"pct_med_tradicional":5,"pct_automedicacion":12,"pct_remedios_caseros":18,"pct_viv_desocupada":39,"pct_alquiler":20,"pct_electricidad":100,"pct_agua_red":100,"pct_alcantarillado":20,"pct_gas_red":0,"pct_gas_garrafa":100,"pct_lena_guano":100,"pct_basura_formal":100,"pct_basura_quema":0,"pct_basura_informal":0,"pct_internet":80,"pct_celular":80,"pct_televisor":80}},{"type":"Feature","geometry":{"type":"Polygon","coordinates":[[[-59.75924,-18.33343],[-59.76014,-18.33341],[-59.76017,-18.33422],[-59.76007,-18.33429],[-59.75927,-18.3343],[-59.75924,-18.33343]]]},"properties":{"n":"ROBORE","p":31,"personas_x_ha":34,"masculinidad":48,"pct_menor20":29,"pct_60mas":26,"pct_migrante":42,"dependencia_econ":244,"pct_empleados":22,"pct_cuentapropia":67,"pct_agricultura":0,"pct_comercio":44,"pct_manufactura":11,"pct_construccion":22,"pct_transporte":0,"pct_alojamiento":11,"pct_educ_superior":18,"brecha_educ":-5,"pct_sin_seguro":23,"pct_seguro_privado":0,"brecha_seguro":11,"pct_med_tradicional":0,"pct_automedicacion":0,"pct_remedios_caseros":19,"pct_viv_desocupada":0,"pct_alquiler":0,"pct_electricidad":100,"pct_agua_red":100,"pct_alcantarillado":89,"pct_gas_red":33,"pct_gas_garrafa":44,"pct_lena_guano":44,"pct_basura_formal":89,"pct_basura_quema":11,"pct_basura_informal":0,"pct_internet":100,"pct_celular":100,"pct_televisor":89}},{"type":"Feature","geometry":{"type":"Polygon","coordinates":[[[-59.7601,-18.32515],[-59.76089,-18.32473],[-59.76088,-18.32467],[-59.7601,-18.32469],[-59.7601,-18.32515]]]},"properties":{"n":"ROBORE","p":35,"personas_x_ha":140,"masculinidad":169,"pct_menor20":29,"pct_60mas":14,"pct_migrante":11,"dependencia_econ":100,"pct_empleados":6,"pct_cuentapropia":88,"pct_agricultura":6,"pct_comercio":25,"pct_manufactura":6,"pct_construccion":19,"pct_transporte":38,"pct_alojamiento":0,"pct_educ_superior":32,"brecha_educ":-10,"pct_sin_seguro":0,"pct_seguro_privado":0,"brecha_seguro":0,"pct_med_tradicional":2,"pct_automedicacion":13,"pct_remedios_caseros":22,"pct_viv_desocupada":0,"pct_alquiler":0,"pct_electricidad":100,"pct_agua_red":100,"pct_alcantarillado":92,"pct_gas_red":17,"pct_gas_garrafa":67,"pct_lena_guano":67,"pct_basura_formal":100,"pct_basura_quema":0,"pct_basura_informal":0,"pct_internet":42,"pct_celular":100,"pct_televisor":100}},{"type":"Feature","geometry":{"type":"Polygon","coordinates":[[[-59.74563,-18.34334],[-59.74466,-18.34333],[-59.74459,-18.34244],[-59.74558,-18.34244],[-59.74563,-18.34334]]]},"properties":{"n":"ROBORE","p":19,"personas_x_ha":18,"masculinidad":90,"pct_menor20":68,"pct_60mas":0,"pct_migrante":53,"dependencia_econ":533,"pct_empleados":0,"pct_cuentapropia":100,"pct_agricultura":0,"pct_comercio":0,"pct_manufactura":33,"pct_construccion":0,"pct_transporte":33,"pct_alojamiento":0,"pct_educ_superior":33,"brecha_educ":0,"pct_sin_seguro":5,"pct_seguro_privado":0,"brecha_seguro":11,"pct_med_tradicional":2,"pct_automedicacion":26,"pct_remedios_caseros":27,"pct_viv_desocupada":25,"pct_alquiler":40,"pct_electricidad":100,"pct_agua_red":100,"pct_alcantarillado":20,"pct_gas_red":40,"pct_gas_garrafa":60,"pct_lena_guano":60,"pct_basura_formal":100,"pct_basura_quema":0,"pct_basura_informal":0,"pct_internet":80,"pct_celular":80,"pct_televisor":60}},{"type":"Feature","geometry":{"type":"Polygon","coordinates":[[[-59.75331,-18.32577],[-59.75329,-18.32491],[-59.75423,-18.32491],[-59.75426,-18.32575],[-59.75331,-18.32577]]]},"properties":{"n":"ROBORE","p":36,"personas_x_ha":38,"masculinidad":125,"pct_menor20":50,"pct_60mas":6,"pct_migrante":22,"dependencia_econ":169,"pct_empleados":15,"pct_cuentapropia":69,"pct_agricultura":23,"pct_comercio":31,"pct_manufactura":0,"pct_construccion":23,"pct_transporte":15,"pct_alojamiento":0,"pct_educ_superior":35,"brecha_educ":4,"pct_sin_seguro":0,"pct_seguro_privado":0,"brecha_seguro":0,"pct_med_tradicional":0,"pct_automedicacion":0,"pct_remedios_caseros":0,"pct_viv_desocupada":0,"pct_alquiler":14,"pct_electricidad":100,"pct_agua_red":100,"pct_alcantarillado":29,"pct_gas_red":0,"pct_gas_garrafa":100,"pct_lena_guano":100,"pct_basura_formal":86,"pct_basura_quema":14,"pct_basura_informal":0,"pct_internet":86,"pct_celular":86,"pct_televisor":100}},{"type":"Feature","geometry":{"type":"Polygon","coordinates":[[[-59.76099,-18.32231],[-59.76098,-18.32141],[-59.76006,-18.32145],[-59.76004,-18.32231],[-59.76099,-18.32231]]]},"properties":{"n":"ROBORE","p":15,"personas_x_ha":15,"masculinidad":114,"pct_menor20":27,"pct_60mas":7,"pct_migrante":20,"dependencia_econ":67,"pct_empleados":67,"pct_cuentapropia":33,"pct_agricultura":0,"pct_comercio":22,"pct_manufactura":22,"pct_construccion":11,"pct_transporte":0,"pct_alojamiento":22,"pct_educ_superior":55,"brecha_educ":0,"pct_sin_seguro":7,"pct_seguro_privado":0,"brecha_seguro":14,"pct_med_tradicional":0,"pct_automedicacion":23,"pct_remedios_caseros":23,"pct_viv_desocupada":0,"pct_alquiler":17,"pct_electricidad":100,"pct_agua_red":100,"pct_alcantarillado":100,"pct_gas_red":17,"pct_gas_garrafa":67,"pct_lena_guano":67,"pct_basura_formal":100,"pct_basura_quema":0,"pct_basura_informal":0,"pct_internet":67,"pct_celular":67,"pct_televisor":83}},{"type":"Feature","geometry":{"type":"Polygon","coordinates":[[[-59.75424,-18.32343],[-59.75326,-18.32355],[-59.75319,-18.3227],[-59.7542,-18.32269],[-59.75424,-18.32343]]]},"properties":{"n":"ROBORE","p":26,"personas_x_ha":27,"masculinidad":136,"pct_menor20":38,"pct_60mas":12,"pct_migrante":23,"dependencia_econ":189,"pct_empleados":56,"pct_cuentapropia":44,"pct_agricultura":0,"pct_comercio":11,"pct_manufactura":0,"pct_construccion":33,"pct_transporte":11,"pct_alojamiento":33,"pct_educ_superior":12,"brecha_educ":-7,"pct_sin_seguro":4,"pct_seguro_privado":0,"brecha_seguro":7,"pct_med_tradicional":9,"pct_automedicacion":7,"pct_remedios_caseros":33,"pct_viv_desocupada":18,"pct_alquiler":12,"pct_electricidad":100,"pct_agua_red":100,"pct_alcantarillado":0,"pct_gas_red":0,"pct_gas_garrafa":100,"pct_lena_guano":100,"pct_basura_formal":100,"pct_basura_quema":0,"pct_basura_informal":0,"pct_internet":100,"pct_celular":100,"pct_televisor":75}},{"type":"Feature","geometry":{"type":"Polygon","coordinates":[[[-59.76242,-18.33205],[-59.76237,-18.33118],[-59.76145,-18.33119],[-59.76146,-18.33209],[-59.76242,-18.33205]]]},"properties":{"n":"ROBORE","p":23,"personas_x_ha":23,"masculinidad":188,"pct_menor20":26,"pct_60mas":30,"pct_migrante":48,"dependencia_econ":229,"pct_empleados":29,"pct_cuentapropia":71,"pct_agricultura":0,"pct_comercio":43,"pct_manufactura":0,"pct_construccion":0,"pct_transporte":0,"pct_alojamiento":0,"pct_educ_superior":50,"brecha_educ":-5,"pct_sin_seguro":17,"pct_seguro_privado":0,"brecha_seguro":7,"pct_med_tradicional":2,"pct_automedicacion":9,"pct_remedios_caseros":26,"pct_viv_desocupada":0,"pct_alquiler":11,"pct_electricidad":100,"pct_agua_red":100,"pct_alcantarillado":67,"pct_gas_red":67,"pct_gas_garrafa":22,"pct_lena_guano":22,"pct_basura_formal":100,"pct_basura_quema":0,"pct_basura_informal":0,"pct_internet":78,"pct_celular":78,"pct_televisor":78}},{"type":"Feature","geometry":{"type":"Polygon","coordinates":[[[-59.74179,-18.33637],[-59.7418,-18.33625],[-59.74266,-18.33543],[-59.74299,-18.33577],[-59.74303,-18.33587],[-59.74179,-18.33637]]]},"properties":{"n":"ROBORE","p":39,"personas_x_ha":73,"masculinidad":105,"pct_menor20":33,"pct_60mas":5,"pct_migrante":33,"dependencia_econ":200,"pct_empleados":54,"pct_cuentapropia":46,"pct_agricultura":0,"pct_comercio":8,"pct_manufactura":0,"pct_construccion":62,"pct_transporte":8,"pct_alojamiento":15,"pct_educ_superior":15,"brecha_educ":-8,"pct_sin_seguro":28,"pct_seguro_privado":0,"brecha_seguro":4,"pct_med_tradicional":4,"pct_automedicacion":12,"pct_remedios_caseros":33,"pct_viv_desocupada":13,"pct_alquiler":0,"pct_electricidad":100,"pct_agua_red":100,"pct_alcantarillado":50,"pct_gas_red":25,"pct_gas_garrafa":75,"pct_lena_guano":75,"pct_basura_formal":100,"pct_basura_quema":0,"pct_basura_informal":0,"pct_internet":50,"pct_celular":50,"pct_televisor":50}},{"type":"Feature","geometry":{"type":"Polygon","coordinates":[[[-59.74763,-18.33327],[-59.7487,-18.33347],[-59.74912,-18.33368],[-59.74686,-18.33589],[-59.74667,-18.33549],[-59.74691,-18.33528],[-59.74705,-18.33498],[-59.74645,-18.33444],[-59.74661,-18.33428],[-59.74704,-18.33464],[-59.74715,-18.33457],[-59.74757,-18.33496],[-59.74837,-18.33417],[-59.74831,-18.33412],[-59.74758,-18.33485],[-59.74724,-18.33458],[-59.74798,-18.3338],[-59.74725,-18.33453],[-59.74694,-18.33426],[-59.74762,-18.33355],[-59.7468,-18.33431],[-59.74668,-18.33423],[-59.74763,-18.33327]]]},"properties":{"n":"ROBORE","p":56,"personas_x_ha":17,"masculinidad":115,"pct_menor20":21,"pct_60mas":7,"pct_migrante":23,"dependencia_econ":300,"pct_empleados":64,"pct_cuentapropia":29,"pct_agricultura":7,"pct_comercio":43,"pct_manufactura":0,"pct_construccion":14,"pct_transporte":7,"pct_alojamiento":14,"pct_educ_superior":56,"brecha_educ":0,"pct_sin_seguro":6,"pct_seguro_privado":0,"brecha_seguro":3,"pct_med_tradicional":14,"pct_automedicacion":13,"pct_remedios_caseros":21,"pct_viv_desocupada":16,"pct_alquiler":15,"pct_electricidad":100,"pct_agua_red":80,"pct_alcantarillado":15,"pct_gas_red":20,"pct_gas_garrafa":80,"pct_lena_guano":80,"pct_basura_formal":85,"pct_basura_quema":5,"pct_basura_informal":10,"pct_internet":70,"pct_celular":75,"pct_televisor":70}},{"type":"Feature","geometry":{"type":"Polygon","coordinates":[[[-59.75466,-18.33226],[-59.75557,-18.33223],[-59.75555,-18.33136],[-59.75464,-18.33139],[-59.75466,-18.33226]]]},"properties":{"n":"ROBORE","p":78,"personas_x_ha":82,"masculinidad":225,"pct_menor20":51,"pct_60mas":6,"pct_migrante":82,"dependencia_econ":239,"pct_empleados":30,"pct_cuentapropia":43,"pct_agricultura":26,"pct_comercio":30,"pct_manufactura":9,"pct_construccion":0,"pct_transporte":0,"pct_alojamiento":4,"pct_educ_superior":42,"brecha_educ":-3,"pct_sin_seguro":45,"pct_seguro_privado":0,"brecha_seguro":11,"pct_med_tradicional":5,"pct_automedicacion":19,"pct_remedios_caseros":23,"pct_viv_desocupada":0,"pct_alquiler":18,"pct_electricidad":100,"pct_agua_red":100,"pct_alcantarillado":100,"pct_gas_red":36,"pct_gas_garrafa":64,"pct_lena_guano":64,"pct_basura_formal":100,"pct_basura_quema":0,"pct_basura_informal":0,"pct_internet":82,"pct_celular":82,"pct_televisor":73}},{"type":"Feature","geometry":{"type":"Polygon","coordinates":[[[-59.74152,-18.3372],[-59.74154,-18.33676],[-59.74112,-18.3367],[-59.74091,-18.33692],[-59.74091,-18.33715],[-59.74152,-18.3372]]]},"properties":{"n":"ROBORE","p":26,"personas_x_ha":84,"masculinidad":73,"pct_menor20":35,"pct_60mas":8,"pct_migrante":19,"dependencia_econ":225,"pct_empleados":38,"pct_cuentapropia":50,"pct_agricultura":0,"pct_comercio":12,"pct_manufactura":12,"pct_construccion":50,"pct_transporte":12,"pct_alojamiento":0,"pct_educ_superior":0,"brecha_educ":3,"pct_sin_seguro":0,"pct_seguro_privado":0,"brecha_seguro":0,"pct_med_tradicional":0,"pct_automedicacion":27,"pct_remedios_caseros":33,"pct_viv_desocupada":17,"pct_alquiler":0,"pct_electricidad":100,"pct_agua_red":100,"pct_alcantarillado":0,"pct_gas_red":0,"pct_gas_garrafa":88,"pct_lena_guano":88,"pct_basura_formal":88,"pct_basura_quema":12,"pct_basura_informal":0,"pct_internet":62,"pct_celular":100,"pct_televisor":88}},{"type":"Feature","geometry":{"type":"Polygon","coordinates":[[[-59.75801,-18.33652],[-59.75797,-18.33563],[-59.75703,-18.33565],[-59.75707,-18.33656],[-59.75801,-18.33652]]]},"properties":{"n":"ROBORE","p":45,"personas_x_ha":45,"masculinidad":137,"pct_menor20":20,"pct_60mas":24,"pct_migrante":53,"dependencia_econ":55,"pct_empleados":24,"pct_cuentapropia":66,"pct_agricultura":14,"pct_comercio":34,"pct_manufactura":14,"pct_construccion":0,"pct_transporte":10,"pct_alojamiento":7,"pct_educ_superior":33,"brecha_educ":11,"pct_sin_seguro":9,"pct_seguro_privado":0,"brecha_seguro":6,"pct_med_tradicional":5,"pct_automedicacion":11,"pct_remedios_caseros":27,"pct_viv_desocupada":0,"pct_alquiler":8,"pct_electricidad":100,"pct_agua_red":100,"pct_alcantarillado":85,"pct_gas_red":38,"pct_gas_garrafa":54,"pct_lena_guano":54,"pct_basura_formal":92,"pct_basura_quema":8,"pct_basura_informal":0,"pct_internet":92,"pct_celular":100,"pct_televisor":100}},{"type":"Feature","geometry":{"type":"Polygon","coordinates":[[[-59.76228,-18.32793],[-59.76134,-18.32793],[-59.76137,-18.32884],[-59.7623,-18.32882],[-59.76228,-18.32793]]]},"properties":{"n":"ROBORE","p":28,"personas_x_ha":28,"masculinidad":75,"pct_menor20":46,"pct_60mas":18,"pct_migrante":29,"dependencia_econ":115,"pct_empleados":31,"pct_cuentapropia":69,"pct_agricultura":8,"pct_comercio":15,"pct_manufactura":23,"pct_construccion":8,"pct_transporte":23,"pct_alojamiento":0,"pct_educ_superior":6,"brecha_educ":-30,"pct_sin_seguro":11,"pct_seguro_privado":0,"brecha_seguro":-4,"pct_med_tradicional":0,"pct_automedicacion":0,"pct_remedios_caseros":10,"pct_viv_desocupada":0,"pct_alquiler":0,"pct_electricidad":100,"pct_agua_red":100,"pct_alcantarillado":56,"pct_gas_red":22,"pct_gas_garrafa":78,"pct_lena_guano":78,"pct_basura_formal":78,"pct_basura_quema":22,"pct_basura_informal":0,"pct_internet":100,"pct_celular":100,"pct_televisor":67}},{"type":"Feature","geometry":{"type":"Polygon","coordinates":[[[-59.76131,-18.33338],[-59.76037,-18.33338],[-59.7604,-18.33428],[-59.76132,-18.33425],[-59.76131,-18.33338]]]},"properties":{"n":"ROBORE","p":15,"personas_x_ha":15,"masculinidad":67,"pct_menor20":27,"pct_60mas":7,"pct_migrante":53,"dependencia_econ":88,"pct_empleados":38,"pct_cuentapropia":50,"pct_agricultura":25,"pct_comercio":38,"pct_manufactura":0,"pct_construccion":0,"pct_transporte":12,"pct_alojamiento":0,"pct_educ_superior":18,"brecha_educ":0,"pct_sin_seguro":33,"pct_seguro_privado":0,"brecha_seguro":28,"pct_med_tradicional":6,"pct_automedicacion":6,"pct_remedios_caseros":35,"pct_viv_desocupada":0,"pct_alquiler":67,"pct_electricidad":100,"pct_agua_red":100,"pct_alcantarillado":67,"pct_gas_red":33,"pct_gas_garrafa":33,"pct_lena_guano":33,"pct_basura_formal":100,"pct_basura_quema":0,"pct_basura_informal":0,"pct_internet":83,"pct_celular":83,"pct_televisor":33}},{"type":"Feature","geometry":{"type":"Polygon","coordinates":[[[-59.7508,-18.3342],[-59.75042,-18.33368],[-59.74968,-18.33419],[-59.75005,-18.33471],[-59.7508,-18.3342]]]},"properties":{"n":"ROBORE","p":27,"personas_x_ha":40,"masculinidad":93,"pct_menor20":37,"pct_60mas":22,"pct_migrante":52,"dependencia_econ":145,"pct_empleados":36,"pct_cuentapropia":45,"pct_agricultura":36,"pct_comercio":73,"pct_manufactura":9,"pct_construccion":0,"pct_transporte":0,"pct_alojamiento":0,"pct_educ_superior":24,"brecha_educ":-26,"pct_sin_seguro":7,"pct_seguro_privado":0,"brecha_seguro":15,"pct_med_tradicional":21,"pct_automedicacion":20,"pct_remedios_caseros":25,"pct_viv_desocupada":17,"pct_alquiler":30,"pct_electricidad":100,"pct_agua_red":100,"pct_alcantarillado":100,"pct_gas_red":20,"pct_gas_garrafa":80,"pct_lena_guano":80,"pct_basura_formal":100,"pct_basura_quema":0,"pct_basura_informal":0,"pct_internet":90,"pct_celular":90,"pct_televisor":80}},{"type":"Feature","geometry":{"type":"Polygon","coordinates":[[[-59.74263,-18.33972],[-59.74311,-18.33936],[-59.74315,-18.3394],[-59.74266,-18.33976],[-59.74286,-18.33993],[-59.74319,-18.33948],[-59.74323,-18.33914],[-59.74307,-18.33872],[-59.74279,-18.3385],[-59.74231,-18.33846],[-59.74168,-18.33886],[-59.74168,-18.33893],[-59.74263,-18.33972]]]},"properties":{"n":"ROBORE","p":40,"personas_x_ha":26,"masculinidad":74,"pct_menor20":32,"pct_60mas":15,"pct_migrante":15,"dependencia_econ":300,"pct_empleados":20,"pct_cuentapropia":30,"pct_agricultura":30,"pct_comercio":10,"pct_manufactura":0,"pct_construccion":10,"pct_transporte":30,"pct_alojamiento":0,"pct_educ_superior":11,"brecha_educ":-16,"pct_sin_seguro":0,"pct_seguro_privado":0,"brecha_seguro":0,"pct_med_tradicional":0,"pct_automedicacion":12,"pct_remedios_caseros":40,"pct_viv_desocupada":20,"pct_alquiler":17,"pct_electricidad":100,"pct_agua_red":100,"pct_alcantarillado":0,"pct_gas_red":0,"pct_gas_garrafa":100,"pct_lena_guano":100,"pct_basura_formal":100,"pct_basura_quema":0,"pct_basura_informal":0,"pct_internet":100,"pct_celular":100,"pct_televisor":100}},{"type":"Feature","geometry":{"type":"Polygon","coordinates":[[[-59.7405,-18.34287],[-59.74205,-18.34111],[-59.74045,-18.33966],[-59.73978,-18.3401],[-59.74003,-18.3404],[-59.74006,-18.34172],[-59.73972,-18.34205],[-59.73967,-18.34229],[-59.7405,-18.34287]]]},"properties":{"n":"ROBORE","p":128,"personas_x_ha":27,"masculinidad":106,"pct_menor20":46,"pct_60mas":8,"pct_migrante":26,"dependencia_econ":241,"pct_empleados":43,"pct_cuentapropia":49,"pct_agricultura":14,"pct_comercio":14,"pct_manufactura":14,"pct_construccion":38,"pct_transporte":11,"pct_alojamiento":5,"pct_educ_superior":13,"brecha_educ":-14,"pct_sin_seguro":5,"pct_seguro_privado":0,"brecha_seguro":6,"pct_med_tradicional":5,"pct_automedicacion":20,"pct_remedios_caseros":33,"pct_viv_desocupada":12,"pct_alquiler":22,"pct_electricidad":81,"pct_agua_red":81,"pct_alcantarillado":30,"pct_gas_red":11,"pct_gas_garrafa":67,"pct_lena_guano":67,"pct_basura_formal":96,"pct_basura_quema":4,"pct_basura_informal":0,"pct_internet":81,"pct_celular":85,"pct_televisor":78}},{"type":"Feature","geometry":{"type":"Polygon","coordinates":[[[-59.75576,-18.33768],[-59.75482,-18.33769],[-59.75481,-18.33678],[-59.75574,-18.33677],[-59.75576,-18.33768]]]},"properties":{"n":"ROBORE","p":41,"personas_x_ha":41,"masculinidad":105,"pct_menor20":27,"pct_60mas":15,"pct_migrante":46,"dependencia_econ":156,"pct_empleados":44,"pct_cuentapropia":56,"pct_agricultura":6,"pct_comercio":31,"pct_manufactura":12,"pct_construccion":0,"pct_transporte":12,"pct_alojamiento":6,"pct_educ_superior":37,"brecha_educ":-1,"pct_sin_seguro":12,"pct_seguro_privado":12,"brecha_seguro":4,"pct_med_tradicional":0,"pct_automedicacion":4,"pct_remedios_caseros":23,"pct_viv_desocupada":0,"pct_alquiler":33,"pct_electricidad":100,"pct_agua_red":83,"pct_alcantarillado":83,"pct_gas_red":58,"pct_gas_garrafa":42,"pct_lena_guano":42,"pct_basura_formal":100,"pct_basura_quema":0,"pct_basura_informal":0,"pct_internet":83,"pct_celular":100,"pct_televisor":75}},{"type":"Feature","geometry":{"type":"Polygon","coordinates":[[[-59.75917,-18.33755],[-59.75913,-18.33667],[-59.7582,-18.3367],[-59.75823,-18.33759],[-59.75917,-18.33755]]]},"properties":{"n":"ROBORE","p":21,"personas_x_ha":21,"masculinidad":91,"pct_menor20":33,"pct_60mas":24,"pct_migrante":19,"dependencia_econ":425,"pct_empleados":75,"pct_cuentapropia":25,"pct_agricultura":25,"pct_comercio":25,"pct_manufactura":0,"pct_construccion":0,"pct_transporte":0,"pct_alojamiento":25,"pct_educ_superior":43,"brecha_educ":0,"pct_sin_seguro":20,"pct_seguro_privado":0,"brecha_seguro":20,"pct_med_tradicional":0,"pct_automedicacion":0,"pct_remedios_caseros":43,"pct_viv_desocupada":0,"pct_alquiler":0,"pct_electricidad":100,"pct_agua_red":100,"pct_alcantarillado":100,"pct_gas_red":80,"pct_gas_garrafa":0,"pct_lena_guano":0,"pct_basura_formal":80,"pct_basura_quema":0,"pct_basura_informal":40,"pct_internet":80,"pct_celular":80,"pct_televisor":80}},{"type":"Feature","geometry":{"type":"Polygon","coordinates":[[[-59.759,-18.33234],[-59.75807,-18.33237],[-59.75811,-18.33326],[-59.75903,-18.33323],[-59.759,-18.33234]]]},"properties":{"n":"ROBORE","p":26,"personas_x_ha":26,"masculinidad":100,"pct_menor20":42,"pct_60mas":8,"pct_migrante":46,"dependencia_econ":271,"pct_empleados":71,"pct_cuentapropia":14,"pct_agricultura":0,"pct_comercio":0,"pct_manufactura":0,"pct_construccion":0,"pct_transporte":43,"pct_alojamiento":0,"pct_educ_superior":69,"brecha_educ":12,"pct_sin_seguro":12,"pct_seguro_privado":0,"brecha_seguro":-23,"pct_med_tradicional":0,"pct_automedicacion":6,"pct_remedios_caseros":3,"pct_viv_desocupada":10,"pct_alquiler":14,"pct_electricidad":100,"pct_agua_red":100,"pct_alcantarillado":100,"pct_gas_red":43,"pct_gas_garrafa":57,"pct_lena_guano":57,"pct_basura_formal":100,"pct_basura_quema":0,"pct_basura_informal":0,"pct_internet":86,"pct_celular":86,"pct_televisor":86}},{"type":"Feature","geometry":{"type":"Polygon","coordinates":[[[-59.75195,-18.32489],[-59.75072,-18.32494],[-59.75092,-18.32584],[-59.75198,-18.32583],[-59.75195,-18.32489]]]},"properties":{"n":"ROBORE","p":34,"personas_x_ha":27,"masculinidad":89,"pct_menor20":47,"pct_60mas":15,"pct_migrante":24,"dependencia_econ":183,"pct_empleados":83,"pct_cuentapropia":8,"pct_agricultura":33,"pct_comercio":0,"pct_manufactura":0,"pct_construccion":17,"pct_transporte":0,"pct_alojamiento":8,"pct_educ_superior":5,"brecha_educ":-4,"pct_sin_seguro":9,"pct_seguro_privado":0,"brecha_seguro":-17,"pct_med_tradicional":2,"pct_automedicacion":5,"pct_remedios_caseros":38,"pct_viv_desocupada":0,"pct_alquiler":0,"pct_electricidad":100,"pct_agua_red":100,"pct_alcantarillado":0,"pct_gas_red":0,"pct_gas_garrafa":62,"pct_lena_guano":62,"pct_basura_formal":88,"pct_basura_quema":12,"pct_basura_informal":0,"pct_internet":62,"pct_celular":75,"pct_televisor":50}},{"type":"Feature","geometry":{"type":"Polygon","coordinates":[[[-59.76338,-18.32662],[-59.76335,-18.3257],[-59.76239,-18.32572],[-59.76241,-18.32663],[-59.76338,-18.32662]]]},"properties":{"n":"ROBORE","p":24,"personas_x_ha":23,"masculinidad":50,"pct_menor20":29,"pct_60mas":4,"pct_migrante":46,"dependencia_econ":60,"pct_empleados":33,"pct_cuentapropia":40,"pct_agricultura":0,"pct_comercio":53,"pct_manufactura":0,"pct_construccion":0,"pct_transporte":7,"pct_alojamiento":0,"pct_educ_superior":61,"brecha_educ":-9,"pct_sin_seguro":0,"pct_seguro_privado":0,"brecha_seguro":0,"pct_med_tradicional":19,"pct_automedicacion":16,"pct_remedios_caseros":19,"pct_viv_desocupada":0,"pct_alquiler":12,"pct_electricidad":100,"pct_agua_red":100,"pct_alcantarillado":75,"pct_gas_red":38,"pct_gas_garrafa":62,"pct_lena_guano":62,"pct_basura_formal":100,"pct_basura_quema":0,"pct_basura_informal":0,"pct_internet":88,"pct_celular":100,"pct_televisor":100}},{"type":"Feature","geometry":{"type":"Polygon","coordinates":[[[-59.74821,-18.33158],[-59.74721,-18.3307],[-59.74656,-18.33134],[-59.74763,-18.33218],[-59.74821,-18.33158]]]},"properties":{"n":"ROBORE","p":39,"personas_x_ha":28,"masculinidad":117,"pct_menor20":46,"pct_60mas":3,"pct_migrante":46,"dependencia_econ":200,"pct_empleados":46,"pct_cuentapropia":38,"pct_agricultura":23,"pct_comercio":8,"pct_manufactura":8,"pct_construccion":8,"pct_transporte":8,"pct_alojamiento":8,"pct_educ_superior":38,"brecha_educ":14,"pct_sin_seguro":13,"pct_seguro_privado":0,"brecha_seguro":-17,"pct_med_tradicional":8,"pct_automedicacion":19,"pct_remedios_caseros":27,"pct_viv_desocupada":5,"pct_alquiler":45,"pct_electricidad":100,"pct_agua_red":100,"pct_alcantarillado":9,"pct_gas_red":9,"pct_gas_garrafa":91,"pct_lena_guano":91,"pct_basura_formal":100,"pct_basura_quema":0,"pct_basura_informal":0,"pct_internet":100,"pct_celular":100,"pct_televisor":91}},{"type":"Feature","geometry":{"type":"Polygon","coordinates":[[[-59.75886,-18.32782],[-59.75883,-18.32691],[-59.7579,-18.32696],[-59.75794,-18.32785],[-59.75886,-18.32782]]]},"properties":{"n":"ROBORE","p":29,"personas_x_ha":29,"masculinidad":93,"pct_menor20":28,"pct_60mas":10,"pct_migrante":38,"dependencia_econ":180,"pct_empleados":40,"pct_cuentapropia":60,"pct_agricultura":30,"pct_comercio":10,"pct_manufactura":0,"pct_construccion":10,"pct_transporte":0,"pct_alojamiento":0,"pct_educ_superior":35,"brecha_educ":-20,"pct_sin_seguro":11,"pct_seguro_privado":0,"brecha_seguro":-20,"pct_med_tradicional":0,"pct_automedicacion":14,"pct_remedios_caseros":14,"pct_viv_desocupada":5,"pct_alquiler":33,"pct_electricidad":100,"pct_agua_red":93,"pct_alcantarillado":80,"pct_gas_red":27,"pct_gas_garrafa":60,"pct_lena_guano":60,"pct_basura_formal":100,"pct_basura_quema":0,"pct_basura_informal":0,"pct_internet":60,"pct_celular":93,"pct_televisor":93}},{"type":"Feature","geometry":{"type":"Polygon","coordinates":[[[-59.76358,-18.32553],[-59.7635,-18.32462],[-59.76446,-18.32459],[-59.76448,-18.32549],[-59.76358,-18.32553]]]},"properties":{"n":"ROBORE","p":27,"personas_x_ha":27,"masculinidad":93,"pct_menor20":41,"pct_60mas":11,"pct_migrante":33,"dependencia_econ":200,"pct_empleados":67,"pct_cuentapropia":33,"pct_agricultura":11,"pct_comercio":11,"pct_manufactura":0,"pct_construccion":33,"pct_transporte":0,"pct_alojamiento":11,"pct_educ_superior":25,"brecha_educ":3,"pct_sin_seguro":0,"pct_seguro_privado":0,"brecha_seguro":0,"pct_med_tradicional":0,"pct_automedicacion":0,"pct_remedios_caseros":0,"pct_viv_desocupada":0,"pct_alquiler":12,"pct_electricidad":100,"pct_agua_red":100,"pct_alcantarillado":88,"pct_gas_red":12,"pct_gas_garrafa":88,"pct_lena_guano":88,"pct_basura_formal":100,"pct_basura_quema":0,"pct_basura_informal":0,"pct_internet":75,"pct_celular":75,"pct_televisor":75}},{"type":"Feature","geometry":{"type":"Polygon","coordinates":[[[-59.74829,-18.33142],[-59.74893,-18.33081],[-59.74793,-18.32999],[-59.74728,-18.33061],[-59.74829,-18.33142]]]},"properties":{"n":"ROBORE","p":41,"personas_x_ha":31,"masculinidad":105,"pct_menor20":41,"pct_60mas":7,"pct_migrante":61,"dependencia_econ":215,"pct_empleados":77,"pct_cuentapropia":23,"pct_agricultura":15,"pct_comercio":0,"pct_manufactura":8,"pct_construccion":38,"pct_transporte":8,"pct_alojamiento":0,"pct_educ_superior":17,"brecha_educ":-14,"pct_sin_seguro":3,"pct_seguro_privado":0,"brecha_seguro":5,"pct_med_tradicional":11,"pct_automedicacion":27,"pct_remedios_caseros":21,"pct_viv_desocupada":0,"pct_alquiler":33,"pct_electricidad":100,"pct_agua_red":100,"pct_alcantarillado":0,"pct_gas_red":0,"pct_gas_garrafa":93,"pct_lena_guano":93,"pct_basura_formal":93,"pct_basura_quema":7,"pct_basura_informal":0,"pct_internet":93,"pct_celular":93,"pct_televisor":67}},{"type":"Feature","geometry":{"type":"Polygon","coordinates":[[[-59.75356,-18.33988],[-59.75354,-18.3389],[-59.75334,-18.33871],[-59.75225,-18.3396],[-59.75238,-18.3399],[-59.75356,-18.33988]]]},"properties":{"n":"ROBORE","p":30,"personas_x_ha":25,"masculinidad":100,"pct_menor20":37,"pct_60mas":10,"pct_migrante":30,"dependencia_econ":233,"pct_empleados":67,"pct_cuentapropia":33,"pct_agricultura":0,"pct_comercio":0,"pct_manufactura":22,"pct_construccion":22,"pct_transporte":0,"pct_alojamiento":22,"pct_educ_superior":26,"brecha_educ":33,"pct_sin_seguro":0,"pct_seguro_privado":0,"brecha_seguro":0,"pct_med_tradicional":0,"pct_automedicacion":15,"pct_remedios_caseros":19,"pct_viv_desocupada":8,"pct_alquiler":22,"pct_electricidad":100,"pct_agua_red":89,"pct_alcantarillado":78,"pct_gas_red":33,"pct_gas_garrafa":56,"pct_lena_guano":56,"pct_basura_formal":89,"pct_basura_quema":0,"pct_basura_informal":0,"pct_internet":56,"pct_celular":67,"pct_televisor":56}},{"type":"Feature","geometry":{"type":"Polygon","coordinates":[[[-59.76042,-18.34184],[-59.76039,-18.34098],[-59.75946,-18.34101],[-59.75949,-18.34186],[-59.76042,-18.34184]]]},"properties":{"n":"ROBORE","p":19,"personas_x_ha":20,"masculinidad":111,"pct_menor20":47,"pct_60mas":21,"pct_migrante":37,"dependencia_econ":138,"pct_empleados":25,"pct_cuentapropia":38,"pct_agricultura":12,"pct_comercio":12,"pct_manufactura":25,"pct_construccion":12,"pct_transporte":0,"pct_alojamiento":12,"pct_educ_superior":55,"brecha_educ":0,"pct_sin_seguro":0,"pct_seguro_privado":0,"brecha_seguro":0,"pct_med_tradicional":2,"pct_automedicacion":20,"pct_remedios_caseros":30,"pct_viv_desocupada":0,"pct_alquiler":12,"pct_electricidad":100,"pct_agua_red":100,"pct_alcantarillado":50,"pct_gas_red":25,"pct_gas_garrafa":62,"pct_lena_guano":62,"pct_basura_formal":100,"pct_basura_quema":0,"pct_basura_informal":0,"pct_internet":88,"pct_celular":88,"pct_televisor":100}},{"type":"Feature","geometry":{"type":"Polygon","coordinates":[[[-59.76164,-18.34288],[-59.76123,-18.3429],[-59.76119,-18.34201],[-59.76161,-18.34199],[-59.76164,-18.34288]]]},"properties":{"n":"ROBORE","p":52,"personas_x_ha":120,"masculinidad":108,"pct_menor20":44,"pct_60mas":10,"pct_migrante":25,"dependencia_econ":271,"pct_empleados":36,"pct_cuentapropia":50,"pct_agricultura":21,"pct_comercio":0,"pct_manufactura":0,"pct_construccion":21,"pct_transporte":29,"pct_alojamiento":0,"pct_educ_superior":7,"brecha_educ":-20,"pct_sin_seguro":2,"pct_seguro_privado":0,"brecha_seguro":4,"pct_med_tradicional":0,"pct_automedicacion":3,"pct_remedios_caseros":3,"pct_viv_desocupada":0,"pct_alquiler":0,"pct_electricidad":100,"pct_agua_red":100,"pct_alcantarillado":83,"pct_gas_red":0,"pct_gas_garrafa":83,"pct_lena_guano":83,"pct_basura_formal":100,"pct_basura_quema":0,"pct_basura_informal":0,"pct_internet":75,"pct_celular":83,"pct_televisor":50}},{"type":"Feature","geometry":{"type":"Polygon","coordinates":[[[-59.74143,-18.33413],[-59.74196,-18.33462],[-59.74318,-18.33335],[-59.74267,-18.33287],[-59.74143,-18.33413]]]},"properties":{"n":"ROBORE","p":51,"personas_x_ha":34,"masculinidad":112,"pct_menor20":51,"pct_60mas":2,"pct_migrante":22,"dependencia_econ":219,"pct_empleados":50,"pct_cuentapropia":44,"pct_agricultura":12,"pct_comercio":6,"pct_manufactura":6,"pct_construccion":44,"pct_transporte":25,"pct_alojamiento":0,"pct_educ_superior":4,"brecha_educ":-11,"pct_sin_seguro":6,"pct_seguro_privado":0,"brecha_seguro":11,"pct_med_tradicional":7,"pct_automedicacion":19,"pct_remedios_caseros":29,"pct_viv_desocupada":0,"pct_alquiler":20,"pct_electricidad":100,"pct_agua_red":100,"pct_alcantarillado":0,"pct_gas_red":0,"pct_gas_garrafa":100,"pct_lena_guano":100,"pct_basura_formal":100,"pct_basura_quema":0,"pct_basura_informal":0,"pct_internet":80,"pct_celular":87,"pct_televisor":93}},{"type":"Feature","geometry":{"type":"Polygon","coordinates":[[[-59.74685,-18.33292],[-59.74575,-18.33208],[-59.74528,-18.33251],[-59.74636,-18.33344],[-59.74685,-18.33292]]]},"properties":{"n":"ROBORE","p":41,"personas_x_ha":37,"masculinidad":105,"pct_menor20":37,"pct_60mas":10,"pct_migrante":49,"dependencia_econ":583,"pct_empleados":17,"pct_cuentapropia":67,"pct_agricultura":0,"pct_comercio":33,"pct_manufactura":0,"pct_construccion":50,"pct_transporte":33,"pct_alojamiento":0,"pct_educ_superior":8,"brecha_educ":-10,"pct_sin_seguro":25,"pct_seguro_privado":0,"brecha_seguro":18,"pct_med_tradicional":3,"pct_automedicacion":15,"pct_remedios_caseros":24,"pct_viv_desocupada":8,"pct_alquiler":33,"pct_electricidad":100,"pct_agua_red":100,"pct_alcantarillado":0,"pct_gas_red":22,"pct_gas_garrafa":78,"pct_lena_guano":78,"pct_basura_formal":89,"pct_basura_quema":11,"pct_basura_informal":0,"pct_internet":78,"pct_celular":100,"pct_televisor":44}},{"type":"Feature","geometry":{"type":"Polygon","coordinates":[[[-59.75553,-18.33117],[-59.75461,-18.33118],[-59.75457,-18.33029],[-59.75551,-18.33027],[-59.75553,-18.33117]]]},"properties":{"n":"ROBORE","p":22,"personas_x_ha":23,"masculinidad":57,"pct_menor20":41,"pct_60mas":14,"pct_migrante":45,"dependencia_econ":214,"pct_empleados":57,"pct_cuentapropia":43,"pct_agricultura":0,"pct_comercio":14,"pct_manufactura":0,"pct_construccion":0,"pct_transporte":0,"pct_alojamiento":14,"pct_educ_superior":36,"brecha_educ":0,"pct_sin_seguro":10,"pct_seguro_privado":0,"brecha_seguro":29,"pct_med_tradicional":0,"pct_automedicacion":16,"pct_remedios_caseros":14,"pct_viv_desocupada":15,"pct_alquiler":25,"pct_electricidad":100,"pct_agua_red":100,"pct_alcantarillado":100,"pct_gas_red":50,"pct_gas_garrafa":50,"pct_lena_guano":50,"pct_basura_formal":100,"pct_basura_quema":0,"pct_basura_informal":0,"pct_internet":75,"pct_celular":75,"pct_televisor":100}},{"type":"Feature","geometry":{"type":"Polygon","coordinates":[[[-59.74381,-18.33396],[-59.74326,-18.33344],[-59.74203,-18.3347],[-59.74259,-18.33524],[-59.74381,-18.33396]]]},"properties":{"n":"ROBORE","p":37,"personas_x_ha":23,"masculinidad":61,"pct_menor20":35,"pct_60mas":16,"pct_migrante":38,"dependencia_econ":147,"pct_empleados":53,"pct_cuentapropia":47,"pct_agricultura":13,"pct_comercio":40,"pct_manufactura":13,"pct_construccion":0,"pct_transporte":7,"pct_alojamiento":27,"pct_educ_superior":33,"brecha_educ":-7,"pct_sin_seguro":8,"pct_seguro_privado":0,"brecha_seguro":10,"pct_med_tradicional":1,"pct_automedicacion":18,"pct_remedios_caseros":26,"pct_viv_desocupada":5,"pct_alquiler":7,"pct_electricidad":100,"pct_agua_red":87,"pct_alcantarillado":7,"pct_gas_red":40,"pct_gas_garrafa":60,"pct_lena_guano":60,"pct_basura_formal":93,"pct_basura_quema":0,"pct_basura_informal":13,"pct_internet":80,"pct_celular":87,"pct_televisor":60}},{"type":"Feature","geometry":{"type":"Polygon","coordinates":[[[-59.76127,-18.33211],[-59.76126,-18.33121],[-59.7603,-18.33121],[-59.76032,-18.33212],[-59.76127,-18.33211]]]},"properties":{"n":"ROBORE","p":45,"personas_x_ha":44,"masculinidad":67,"pct_menor20":40,"pct_60mas":4,"pct_migrante":29,"dependencia_econ":231,"pct_empleados":62,"pct_cuentapropia":38,"pct_agricultura":8,"pct_comercio":8,"pct_manufactura":0,"pct_construccion":0,"pct_transporte":23,"pct_alojamiento":8,"pct_educ_superior":28,"brecha_educ":-16,"pct_sin_seguro":8,"pct_seguro_privado":2,"brecha_seguro":-12,"pct_med_tradicional":1,"pct_automedicacion":1,"pct_remedios_caseros":28,"pct_viv_desocupada":12,"pct_alquiler":8,"pct_electricidad":100,"pct_agua_red":92,"pct_alcantarillado":75,"pct_gas_red":25,"pct_gas_garrafa":75,"pct_lena_guano":75,"pct_basura_formal":100,"pct_basura_quema":0,"pct_basura_informal":0,"pct_internet":92,"pct_celular":92,"pct_televisor":83}},{"type":"Feature","geometry":{"type":"Polygon","coordinates":[[[-59.74191,-18.33217],[-59.74261,-18.33281],[-59.74202,-18.33337],[-59.74133,-18.33274],[-59.74191,-18.33217]]]},"properties":{"n":"ROBORE","p":21,"personas_x_ha":23,"masculinidad":162,"pct_menor20":38,"pct_60mas":19,"pct_migrante":19,"dependencia_econ":162,"pct_empleados":38,"pct_cuentapropia":50,"pct_agricultura":12,"pct_comercio":38,"pct_manufactura":12,"pct_construccion":25,"pct_transporte":0,"pct_alojamiento":0,"pct_educ_superior":8,"brecha_educ":-28,"pct_sin_seguro":14,"pct_seguro_privado":0,"brecha_seguro":23,"pct_med_tradicional":4,"pct_automedicacion":28,"pct_remedios_caseros":32,"pct_viv_desocupada":33,"pct_alquiler":0,"pct_electricidad":100,"pct_agua_red":100,"pct_alcantarillado":0,"pct_gas_red":0,"pct_gas_garrafa":57,"pct_lena_guano":57,"pct_basura_formal":57,"pct_basura_quema":43,"pct_basura_informal":0,"pct_internet":71,"pct_celular":86,"pct_televisor":71}},{"type":"Feature","geometry":{"type":"Polygon","coordinates":[[[-59.75543,-18.3283],[-59.75454,-18.32884],[-59.75455,-18.32903],[-59.75549,-18.32902],[-59.7555,-18.32833],[-59.75543,-18.3283]]]},"properties":{"n":"ROBORE","p":29,"personas_x_ha":53,"masculinidad":81,"pct_menor20":24,"pct_60mas":24,"pct_migrante":48,"dependencia_econ":107,"pct_empleados":43,"pct_cuentapropia":57,"pct_agricultura":7,"pct_comercio":7,"pct_manufactura":0,"pct_construccion":7,"pct_transporte":21,"pct_alojamiento":0,"pct_educ_superior":45,"brecha_educ":12,"pct_sin_seguro":31,"pct_seguro_privado":0,"brecha_seguro":0,"pct_med_tradicional":12,"pct_automedicacion":4,"pct_remedios_caseros":18,"pct_viv_desocupada":0,"pct_alquiler":50,"pct_electricidad":100,"pct_agua_red":93,"pct_alcantarillado":86,"pct_gas_red":29,"pct_gas_garrafa":64,"pct_lena_guano":64,"pct_basura_formal":100,"pct_basura_quema":0,"pct_basura_informal":0,"pct_internet":64,"pct_celular":86,"pct_televisor":64}},{"type":"Feature","geometry":{"type":"Polygon","coordinates":[[[-59.7568,-18.33439],[-59.75678,-18.33348],[-59.75585,-18.33352],[-59.75587,-18.3344],[-59.7568,-18.33439]]]},"properties":{"n":"ROBORE","p":31,"personas_x_ha":32,"masculinidad":107,"pct_menor20":32,"pct_60mas":3,"pct_migrante":87,"dependencia_econ":94,"pct_empleados":94,"pct_cuentapropia":0,"pct_agricultura":0,"pct_comercio":0,"pct_manufactura":0,"pct_construccion":0,"pct_transporte":0,"pct_alojamiento":0,"pct_educ_superior":86,"brecha_educ":-9,"pct_sin_seguro":0,"pct_seguro_privado":0,"brecha_seguro":0,"pct_med_tradicional":10,"pct_automedicacion":12,"pct_remedios_caseros":15,"pct_viv_desocupada":0,"pct_alquiler":0,"pct_electricidad":89,"pct_agua_red":89,"pct_alcantarillado":44,"pct_gas_red":0,"pct_gas_garrafa":78,"pct_lena_guano":78,"pct_basura_formal":100,"pct_basura_quema":0,"pct_basura_informal":0,"pct_internet":100,"pct_celular":100,"pct_televisor":89}},{"type":"Feature","geometry":{"type":"Polygon","coordinates":[[[-59.75997,-18.34299],[-59.75993,-18.34207],[-59.7595,-18.34208],[-59.75955,-18.343],[-59.75997,-18.34299]]]},"properties":{"n":"ROBORE","p":21,"personas_x_ha":46,"masculinidad":91,"pct_menor20":43,"pct_60mas":5,"pct_migrante":29,"dependencia_econ":250,"pct_empleados":50,"pct_cuentapropia":33,"pct_agricultura":33,"pct_comercio":0,"pct_manufactura":0,"pct_construccion":0,"pct_transporte":17,"pct_alojamiento":17,"pct_educ_superior":8,"brecha_educ":-15,"pct_sin_seguro":10,"pct_seguro_privado":0,"brecha_seguro":20,"pct_med_tradicional":0,"pct_automedicacion":6,"pct_remedios_caseros":27,"pct_viv_desocupada":0,"pct_alquiler":0,"pct_electricidad":75,"pct_agua_red":75,"pct_alcantarillado":100,"pct_gas_red":25,"pct_gas_garrafa":25,"pct_lena_guano":25,"pct_basura_formal":100,"pct_basura_quema":0,"pct_basura_informal":0,"pct_internet":25,"pct_celular":25,"pct_televisor":75}},{"type":"Feature","geometry":{"type":"Polygon","coordinates":[[[-59.75341,-18.33015],[-59.75336,-18.32982],[-59.75371,-18.32944],[-59.75401,-18.3292],[-59.75439,-18.32921],[-59.75439,-18.33012],[-59.75341,-18.33015]]]},"properties":{"n":"ROBORE","p":27,"personas_x_ha":29,"masculinidad":80,"pct_menor20":19,"pct_60mas":26,"pct_migrante":37,"dependencia_econ":37,"pct_empleados":42,"pct_cuentapropia":47,"pct_agricultura":11,"pct_comercio":11,"pct_manufactura":5,"pct_construccion":0,"pct_transporte":0,"pct_alojamiento":5,"pct_educ_superior":43,"brecha_educ":-18,"pct_sin_seguro":15,"pct_seguro_privado":0,"brecha_seguro":2,"pct_med_tradicional":8,"pct_automedicacion":6,"pct_remedios_caseros":21,"pct_viv_desocupada":0,"pct_alquiler":33,"pct_electricidad":100,"pct_agua_red":100,"pct_alcantarillado":67,"pct_gas_red":33,"pct_gas_garrafa":67,"pct_lena_guano":67,"pct_basura_formal":92,"pct_basura_quema":8,"pct_basura_informal":0,"pct_internet":67,"pct_celular":92,"pct_televisor":67}},{"type":"Feature","geometry":{"type":"Polygon","coordinates":[[[-59.74449,-18.33104],[-59.74409,-18.33145],[-59.7452,-18.33244],[-59.74564,-18.33202],[-59.74449,-18.33104]]]},"properties":{"n":"ROBORE","p":26,"personas_x_ha":25,"masculinidad":117,"pct_menor20":54,"pct_60mas":8,"pct_migrante":27,"dependencia_econ":420,"pct_empleados":40,"pct_cuentapropia":20,"pct_agricultura":20,"pct_comercio":0,"pct_manufactura":0,"pct_construccion":40,"pct_transporte":0,"pct_alojamiento":0,"pct_educ_superior":38,"brecha_educ":-22,"pct_sin_seguro":0,"pct_seguro_privado":0,"brecha_seguro":0,"pct_med_tradicional":6,"pct_automedicacion":20,"pct_remedios_caseros":29,"pct_viv_desocupada":10,"pct_alquiler":0,"pct_electricidad":86,"pct_agua_red":86,"pct_alcantarillado":0,"pct_gas_red":0,"pct_gas_garrafa":71,"pct_lena_guano":71,"pct_basura_formal":86,"pct_basura_quema":14,"pct_basura_informal":0,"pct_internet":86,"pct_celular":86,"pct_televisor":43}},{"type":"Feature","geometry":{"type":"Polygon","coordinates":[[[-59.76256,-18.33636],[-59.76252,-18.33548],[-59.76158,-18.3355],[-59.76163,-18.33645],[-59.76256,-18.33636]]]},"properties":{"n":"ROBORE","p":26,"personas_x_ha":26,"masculinidad":136,"pct_menor20":31,"pct_60mas":4,"pct_migrante":42,"dependencia_econ":86,"pct_empleados":57,"pct_cuentapropia":36,"pct_agricultura":29,"pct_comercio":21,"pct_manufactura":7,"pct_construccion":7,"pct_transporte":7,"pct_alojamiento":0,"pct_educ_superior":22,"brecha_educ":-15,"pct_sin_seguro":0,"pct_seguro_privado":0,"brecha_seguro":0,"pct_med_tradicional":10,"pct_automedicacion":10,"pct_remedios_caseros":21,"pct_viv_desocupada":0,"pct_alquiler":0,"pct_electricidad":100,"pct_agua_red":100,"pct_alcantarillado":43,"pct_gas_red":0,"pct_gas_garrafa":100,"pct_lena_guano":100,"pct_basura_formal":71,"pct_basura_quema":14,"pct_basura_informal":0,"pct_internet":100,"pct_celular":100,"pct_televisor":86}},{"type":"Feature","geometry":{"type":"Polygon","coordinates":[[[-59.75561,-18.33334],[-59.75559,-18.33244],[-59.75468,-18.33246],[-59.75469,-18.33337],[-59.75561,-18.33334]]]},"properties":{"n":"ROBORE","p":28,"personas_x_ha":29,"masculinidad":75,"pct_menor20":21,"pct_60mas":36,"pct_migrante":46,"dependencia_econ":155,"pct_empleados":64,"pct_cuentapropia":36,"pct_agricultura":9,"pct_comercio":27,"pct_manufactura":9,"pct_construccion":0,"pct_transporte":9,"pct_alojamiento":0,"pct_educ_superior":77,"brecha_educ":-8,"pct_sin_seguro":21,"pct_seguro_privado":11,"brecha_seguro":21,"pct_med_tradicional":3,"pct_automedicacion":15,"pct_remedios_caseros":28,"pct_viv_desocupada":23,"pct_alquiler":40,"pct_electricidad":100,"pct_agua_red":100,"pct_alcantarillado":70,"pct_gas_red":20,"pct_gas_garrafa":70,"pct_lena_guano":70,"pct_basura_formal":90,"pct_basura_quema":10,"pct_basura_informal":0,"pct_internet":90,"pct_celular":100,"pct_televisor":80}},{"type":"Feature","geometry":{"type":"Polygon","coordinates":[[[-59.73706,-18.34456],[-59.73628,-18.34407],[-59.73649,-18.34348],[-59.73745,-18.34372],[-59.73706,-18.34456]]]},"properties":{"n":"ROBORE","p":20,"personas_x_ha":23,"masculinidad":150,"pct_menor20":60,"pct_60mas":0,"pct_migrante":25,"dependencia_econ":567,"pct_empleados":67,"pct_cuentapropia":0,"pct_agricultura":33,"pct_comercio":0,"pct_manufactura":0,"pct_construccion":0,"pct_transporte":0,"pct_alojamiento":0,"pct_educ_superior":25,"brecha_educ":13,"pct_sin_seguro":11,"pct_seguro_privado":0,"brecha_seguro":-3,"pct_med_tradicional":10,"pct_automedicacion":20,"pct_remedios_caseros":31,"pct_viv_desocupada":0,"pct_alquiler":17,"pct_electricidad":100,"pct_agua_red":100,"pct_alcantarillado":17,"pct_gas_red":17,"pct_gas_garrafa":33,"pct_lena_guano":33,"pct_basura_formal":83,"pct_basura_quema":17,"pct_basura_informal":0,"pct_internet":67,"pct_celular":100,"pct_televisor":50}},{"type":"Feature","geometry":{"type":"Polygon","coordinates":[[[-59.74656,-18.32743],[-59.7473,-18.32807],[-59.74664,-18.32872],[-59.74591,-18.32809],[-59.74656,-18.32743]]]},"properties":{"n":"ROBORE","p":23,"personas_x_ha":22,"masculinidad":64,"pct_menor20":48,"pct_60mas":0,"pct_migrante":30,"dependencia_econ":130,"pct_empleados":30,"pct_cuentapropia":60,"pct_agricultura":10,"pct_comercio":20,"pct_manufactura":30,"pct_construccion":20,"pct_transporte":10,"pct_alojamiento":10,"pct_educ_superior":0,"brecha_educ":0,"pct_sin_seguro":9,"pct_seguro_privado":0,"brecha_seguro":22,"pct_med_tradicional":4,"pct_automedicacion":14,"pct_remedios_caseros":35,"pct_viv_desocupada":0,"pct_alquiler":40,"pct_electricidad":100,"pct_agua_red":80,"pct_alcantarillado":0,"pct_gas_red":0,"pct_gas_garrafa":100,"pct_lena_guano":100,"pct_basura_formal":80,"pct_basura_quema":0,"pct_basura_informal":40,"pct_internet":100,"pct_celular":100,"pct_televisor":40}},{"type":"Feature","geometry":{"type":"Polygon","coordinates":[[[-59.75809,-18.33434],[-59.75906,-18.33433],[-59.75903,-18.33342],[-59.7581,-18.33343],[-59.75809,-18.33434]]]},"properties":{"n":"ROBORE","p":46,"personas_x_ha":45,"masculinidad":100,"pct_menor20":39,"pct_60mas":20,"pct_migrante":33,"dependencia_econ":142,"pct_empleados":37,"pct_cuentapropia":32,"pct_agricultura":26,"pct_comercio":16,"pct_manufactura":0,"pct_construccion":5,"pct_transporte":26,"pct_alojamiento":5,"pct_educ_superior":17,"brecha_educ":-2,"pct_sin_seguro":9,"pct_seguro_privado":2,"brecha_seguro":-9,"pct_med_tradicional":11,"pct_automedicacion":13,"pct_remedios_caseros":19,"pct_viv_desocupada":0,"pct_alquiler":33,"pct_electricidad":100,"pct_agua_red":100,"pct_alcantarillado":92,"pct_gas_red":8,"pct_gas_garrafa":67,"pct_lena_guano":67,"pct_basura_formal":100,"pct_basura_quema":0,"pct_basura_informal":0,"pct_internet":50,"pct_celular":83,"pct_televisor":75}},{"type":"Feature","geometry":{"type":"Polygon","coordinates":[[[-59.74059,-18.33353],[-59.74007,-18.33409],[-59.74071,-18.33471],[-59.74125,-18.33415],[-59.74059,-18.33353]]]},"properties":{"n":"ROBORE","p":20,"personas_x_ha":25,"masculinidad":54,"pct_menor20":50,"pct_60mas":10,"pct_migrante":10,"dependencia_econ":300,"pct_empleados":60,"pct_cuentapropia":40,"pct_agricultura":20,"pct_comercio":0,"pct_manufactura":0,"pct_construccion":20,"pct_transporte":0,"pct_alojamiento":20,"pct_educ_superior":40,"brecha_educ":-50,"pct_sin_seguro":30,"pct_seguro_privado":0,"brecha_seguro":-2,"pct_med_tradicional":10,"pct_automedicacion":15,"pct_remedios_caseros":21,"pct_viv_desocupada":14,"pct_alquiler":0,"pct_electricidad":100,"pct_agua_red":100,"pct_alcantarillado":17,"pct_gas_red":0,"pct_gas_garrafa":83,"pct_lena_guano":83,"pct_basura_formal":67,"pct_basura_quema":17,"pct_basura_informal":33,"pct_internet":83,"pct_celular":83,"pct_televisor":83}},{"type":"Feature","geometry":{"type":"Polygon","coordinates":[[[-59.7467,-18.34241],[-59.74673,-18.34335],[-59.7458,-18.34337],[-59.74579,-18.34244],[-59.7467,-18.34241]]]},"properties":{"n":"ROBORE","p":28,"personas_x_ha":27,"masculinidad":47,"pct_menor20":50,"pct_60mas":0,"pct_migrante":21,"dependencia_econ":286,"pct_empleados":57,"pct_cuentapropia":43,"pct_agricultura":0,"pct_comercio":57,"pct_manufactura":0,"pct_construccion":14,"pct_transporte":14,"pct_alojamiento":0,"pct_educ_superior":38,"brecha_educ":2,"pct_sin_seguro":0,"pct_seguro_privado":0,"brecha_seguro":0,"pct_med_tradicional":0,"pct_automedicacion":0,"pct_remedios_caseros":15,"pct_viv_desocupada":0,"pct_alquiler":14,"pct_electricidad":100,"pct_agua_red":100,"pct_alcantarillado":29,"pct_gas_red":29,"pct_gas_garrafa":71,"pct_lena_guano":71,"pct_basura_formal":100,"pct_basura_quema":0,"pct_basura_informal":0,"pct_internet":100,"pct_celular":100,"pct_televisor":86}},{"type":"Feature","geometry":{"type":"Polygon","coordinates":[[[-59.75879,-18.32565],[-59.75881,-18.32476],[-59.75782,-18.32477],[-59.75786,-18.32569],[-59.75879,-18.32565]]]},"properties":{"n":"ROBORE","p":21,"personas_x_ha":20,"masculinidad":75,"pct_menor20":19,"pct_60mas":33,"pct_migrante":33,"dependencia_econ":110,"pct_empleados":50,"pct_cuentapropia":30,"pct_agricultura":0,"pct_comercio":10,"pct_manufactura":20,"pct_construccion":10,"pct_transporte":0,"pct_alojamiento":0,"pct_educ_superior":29,"brecha_educ":9,"pct_sin_seguro":29,"pct_seguro_privado":0,"brecha_seguro":-11,"pct_med_tradicional":5,"pct_automedicacion":14,"pct_remedios_caseros":29,"pct_viv_desocupada":0,"pct_alquiler":20,"pct_electricidad":100,"pct_agua_red":100,"pct_alcantarillado":100,"pct_gas_red":20,"pct_gas_garrafa":60,"pct_lena_guano":60,"pct_basura_formal":100,"pct_basura_quema":0,"pct_basura_informal":0,"pct_internet":80,"pct_celular":100,"pct_televisor":60}},{"type":"Feature","geometry":{"type":"Polygon","coordinates":[[[-59.75616,-18.32807],[-59.75567,-18.3282],[-59.75569,-18.32899],[-59.75663,-18.32897],[-59.75665,-18.32814],[-59.7566,-18.32807],[-59.75616,-18.32807]]]},"properties":{"n":"ROBORE","p":58,"personas_x_ha":58,"masculinidad":93,"pct_menor20":28,"pct_60mas":16,"pct_migrante":48,"dependencia_econ":81,"pct_empleados":44,"pct_cuentapropia":53,"pct_agricultura":6,"pct_comercio":44,"pct_manufactura":0,"pct_construccion":6,"pct_transporte":6,"pct_alojamiento":0,"pct_educ_superior":55,"brecha_educ":-22,"pct_sin_seguro":5,"pct_seguro_privado":7,"brecha_seguro":4,"pct_med_tradicional":11,"pct_automedicacion":11,"pct_remedios_caseros":24,"pct_viv_desocupada":5,"pct_alquiler":18,"pct_electricidad":100,"pct_agua_red":100,"pct_alcantarillado":100,"pct_gas_red":29,"pct_gas_garrafa":71,"pct_lena_guano":71,"pct_basura_formal":100,"pct_basura_quema":0,"pct_basura_informal":0,"pct_internet":94,"pct_celular":94,"pct_televisor":82}},{"type":"Feature","geometry":{"type":"Polygon","coordinates":[[[-59.76017,-18.3332],[-59.76013,-18.33231],[-59.75922,-18.33233],[-59.75926,-18.33322],[-59.76017,-18.3332]]]},"properties":{"n":"ROBORE","p":37,"personas_x_ha":39,"masculinidad":95,"pct_menor20":43,"pct_60mas":19,"pct_migrante":49,"dependencia_econ":185,"pct_empleados":69,"pct_cuentapropia":23,"pct_agricultura":8,"pct_comercio":15,"pct_manufactura":0,"pct_construccion":23,"pct_transporte":15,"pct_alojamiento":15,"pct_educ_superior":14,"brecha_educ":-27,"pct_sin_seguro":0,"pct_seguro_privado":0,"brecha_seguro":0,"pct_med_tradicional":4,"pct_automedicacion":11,"pct_remedios_caseros":24,"pct_viv_desocupada":12,"pct_alquiler":8,"pct_electricidad":100,"pct_agua_red":100,"pct_alcantarillado":75,"pct_gas_red":25,"pct_gas_garrafa":58,"pct_lena_guano":58,"pct_basura_formal":67,"pct_basura_quema":33,"pct_basura_informal":0,"pct_internet":75,"pct_celular":92,"pct_televisor":92}},{"type":"Feature","geometry":{"type":"Polygon","coordinates":[[[-59.76099,-18.32339],[-59.76097,-18.32252],[-59.76003,-18.32255],[-59.76005,-18.32341],[-59.76099,-18.32339]]]},"properties":{"n":"ROBORE","p":67,"personas_x_ha":69,"masculinidad":116,"pct_menor20":36,"pct_60mas":7,"pct_migrante":13,"dependencia_econ":150,"pct_empleados":35,"pct_cuentapropia":31,"pct_agricultura":31,"pct_comercio":15,"pct_manufactura":12,"pct_construccion":12,"pct_transporte":8,"pct_alojamiento":12,"pct_educ_superior":19,"brecha_educ":4,"pct_sin_seguro":5,"pct_seguro_privado":0,"brecha_seguro":2,"pct_med_tradicional":3,"pct_automedicacion":11,"pct_remedios_caseros":28,"pct_viv_desocupada":0,"pct_alquiler":18,"pct_electricidad":100,"pct_agua_red":88,"pct_alcantarillado":94,"pct_gas_red":12,"pct_gas_garrafa":88,"pct_lena_guano":88,"pct_basura_formal":100,"pct_basura_quema":0,"pct_basura_informal":0,"pct_internet":59,"pct_celular":76,"pct_televisor":94}},{"type":"Feature","geometry":{"type":"Polygon","coordinates":[[[-59.74997,-18.33043],[-59.75083,-18.32978],[-59.75056,-18.32942],[-59.74974,-18.33022],[-59.74997,-18.33043]]]},"properties":{"n":"ROBORE","p":16,"personas_x_ha":32,"masculinidad":167,"pct_menor20":56,"pct_60mas":0,"pct_migrante":81,"dependencia_econ":60,"pct_empleados":50,"pct_cuentapropia":50,"pct_agricultura":0,"pct_comercio":50,"pct_manufactura":0,"pct_construccion":0,"pct_transporte":0,"pct_alojamiento":0,"pct_educ_superior":57,"brecha_educ":0,"pct_sin_seguro":25,"pct_seguro_privado":0,"brecha_seguro":40,"pct_med_tradicional":0,"pct_automedicacion":26,"pct_remedios_caseros":5,"pct_viv_desocupada":0,"pct_alquiler":25,"pct_electricidad":100,"pct_agua_red":100,"pct_alcantarillado":0,"pct_gas_red":0,"pct_gas_garrafa":100,"pct_lena_guano":100,"pct_basura_formal":100,"pct_basura_quema":0,"pct_basura_informal":0,"pct_internet":100,"pct_celular":100,"pct_televisor":75}},{"type":"Feature","geometry":{"type":"Polygon","coordinates":[[[-59.75451,-18.32794],[-59.75448,-18.32695],[-59.75545,-18.32694],[-59.75547,-18.32789],[-59.75451,-18.32794]]]},"properties":{"n":"ROBORE","p":46,"personas_x_ha":41,"masculinidad":100,"pct_menor20":22,"pct_60mas":17,"pct_migrante":11,"dependencia_econ":109,"pct_empleados":55,"pct_cuentapropia":32,"pct_agricultura":9,"pct_comercio":27,"pct_manufactura":14,"pct_construccion":5,"pct_transporte":14,"pct_alojamiento":5,"pct_educ_superior":38,"brecha_educ":-3,"pct_sin_seguro":2,"pct_seguro_privado":2,"brecha_seguro":4,"pct_med_tradicional":0,"pct_automedicacion":13,"pct_remedios_caseros":20,"pct_viv_desocupada":21,"pct_alquiler":12,"pct_electricidad":100,"pct_agua_red":100,"pct_alcantarillado":35,"pct_gas_red":6,"pct_gas_garrafa":82,"pct_lena_guano":82,"pct_basura_formal":88,"pct_basura_quema":12,"pct_basura_informal":0,"pct_internet":59,"pct_celular":76,"pct_televisor":94}},{"type":"Feature","geometry":{"type":"Polygon","coordinates":[[[-59.75995,-18.32672],[-59.75995,-18.3258],[-59.75901,-18.32629],[-59.75903,-18.32669],[-59.75995,-18.32672]]]},"properties":{"n":"ROBORE","p":47,"personas_x_ha":63,"masculinidad":88,"pct_menor20":36,"pct_60mas":21,"pct_migrante":2,"dependencia_econ":370,"pct_empleados":60,"pct_cuentapropia":20,"pct_agricultura":20,"pct_comercio":30,"pct_manufactura":10,"pct_construccion":10,"pct_transporte":10,"pct_alojamiento":0,"pct_educ_superior":10,"brecha_educ":-2,"pct_sin_seguro":11,"pct_seguro_privado":0,"brecha_seguro":14,"pct_med_tradicional":0,"pct_automedicacion":5,"pct_remedios_caseros":7,"pct_viv_desocupada":0,"pct_alquiler":8,"pct_electricidad":100,"pct_agua_red":100,"pct_alcantarillado":85,"pct_gas_red":8,"pct_gas_garrafa":77,"pct_lena_guano":77,"pct_basura_formal":92,"pct_basura_quema":8,"pct_basura_informal":0,"pct_internet":69,"pct_celular":77,"pct_televisor":77}},{"type":"Feature","geometry":{"type":"Polygon","coordinates":[[[-59.75229,-18.32929],[-59.75168,-18.32988],[-59.7514,-18.32945],[-59.75117,-18.3288],[-59.7507,-18.32822],[-59.75123,-18.3279],[-59.75229,-18.32929]]]},"properties":{"n":"ROBORE","p":30,"personas_x_ha":20,"masculinidad":88,"pct_menor20":20,"pct_60mas":13,"pct_migrante":13,"dependencia_econ":142,"pct_empleados":33,"pct_cuentapropia":67,"pct_agricultura":17,"pct_comercio":33,"pct_manufactura":17,"pct_construccion":17,"pct_transporte":0,"pct_alojamiento":8,"pct_educ_superior":12,"brecha_educ":8,"pct_sin_seguro":21,"pct_seguro_privado":0,"brecha_seguro":6,"pct_med_tradicional":0,"pct_automedicacion":14,"pct_remedios_caseros":23,"pct_viv_desocupada":8,"pct_alquiler":20,"pct_electricidad":100,"pct_agua_red":100,"pct_alcantarillado":20,"pct_gas_red":0,"pct_gas_garrafa":100,"pct_lena_guano":100,"pct_basura_formal":80,"pct_basura_quema":10,"pct_basura_informal":0,"pct_internet":80,"pct_celular":90,"pct_televisor":50}},{"type":"Feature","geometry":{"type":"Polygon","coordinates":[[[-59.75113,-18.33778],[-59.7511,-18.33691],[-59.75016,-18.33691],[-59.75018,-18.3378],[-59.75113,-18.33778]]]},"properties":{"n":"ROBORE","p":78,"personas_x_ha":78,"masculinidad":86,"pct_menor20":42,"pct_60mas":14,"pct_migrante":26,"dependencia_econ":189,"pct_empleados":33,"pct_cuentapropia":48,"pct_agricultura":4,"pct_comercio":7,"pct_manufactura":7,"pct_construccion":4,"pct_transporte":26,"pct_alojamiento":22,"pct_educ_superior":11,"brecha_educ":-10,"pct_sin_seguro":12,"pct_seguro_privado":4,"brecha_seguro":15,"pct_med_tradicional":2,"pct_automedicacion":10,"pct_remedios_caseros":22,"pct_viv_desocupada":4,"pct_alquiler":12,"pct_electricidad":100,"pct_agua_red":100,"pct_alcantarillado":94,"pct_gas_red":35,"pct_gas_garrafa":65,"pct_lena_guano":65,"pct_basura_formal":100,"pct_basura_quema":0,"pct_basura_informal":0,"pct_internet":82,"pct_celular":94,"pct_televisor":76}},{"type":"Feature","geometry":{"type":"Polygon","coordinates":[[[-59.75761,-18.32369],[-59.757,-18.32369],[-59.75702,-18.32463],[-59.75762,-18.32461],[-59.75761,-18.32369]]]},"properties":{"n":"ROBORE","p":21,"personas_x_ha":31,"masculinidad":200,"pct_menor20":24,"pct_60mas":10,"pct_migrante":5,"dependencia_econ":110,"pct_empleados":30,"pct_cuentapropia":30,"pct_agricultura":10,"pct_comercio":10,"pct_manufactura":0,"pct_construccion":20,"pct_transporte":10,"pct_alojamiento":0,"pct_educ_superior":12,"brecha_educ":-20,"pct_sin_seguro":19,"pct_seguro_privado":0,"brecha_seguro":-14,"pct_med_tradicional":3,"pct_automedicacion":11,"pct_remedios_caseros":36,"pct_viv_desocupada":0,"pct_alquiler":43,"pct_electricidad":100,"pct_agua_red":100,"pct_alcantarillado":86,"pct_gas_red":0,"pct_gas_garrafa":86,"pct_lena_guano":86,"pct_basura_formal":100,"pct_basura_quema":0,"pct_basura_informal":0,"pct_internet":86,"pct_celular":86,"pct_televisor":71}},{"type":"Feature","geometry":{"type":"Polygon","coordinates":[[[-59.76121,-18.32443],[-59.76121,-18.32358],[-59.76213,-18.32356],[-59.76215,-18.32389],[-59.76121,-18.32443]]]},"properties":{"n":"ROBORE","p":42,"personas_x_ha":63,"masculinidad":110,"pct_menor20":36,"pct_60mas":12,"pct_migrante":31,"dependencia_econ":250,"pct_empleados":50,"pct_cuentapropia":42,"pct_agricultura":0,"pct_comercio":8,"pct_manufactura":0,"pct_construccion":33,"pct_transporte":17,"pct_alojamiento":25,"pct_educ_superior":14,"brecha_educ":7,"pct_sin_seguro":18,"pct_seguro_privado":0,"brecha_seguro":22,"pct_med_tradicional":0,"pct_automedicacion":17,"pct_remedios_caseros":20,"pct_viv_desocupada":11,"pct_alquiler":27,"pct_electricidad":100,"pct_agua_red":100,"pct_alcantarillado":91,"pct_gas_red":18,"pct_gas_garrafa":73,"pct_lena_guano":73,"pct_basura_formal":91,"pct_basura_quema":0,"pct_basura_informal":18,"pct_internet":82,"pct_celular":73,"pct_televisor":73}},{"type":"Feature","geometry":{"type":"Polygon","coordinates":[[[-59.75306,-18.32474],[-59.75303,-18.32377],[-59.75214,-18.32384],[-59.75216,-18.32473],[-59.75306,-18.32474]]]},"properties":{"n":"ROBORE","p":22,"personas_x_ha":22,"masculinidad":175,"pct_menor20":59,"pct_60mas":5,"pct_migrante":14,"dependencia_econ":450,"pct_empleados":100,"pct_cuentapropia":0,"pct_agricultura":50,"pct_comercio":0,"pct_manufactura":0,"pct_construccion":0,"pct_transporte":50,"pct_alojamiento":0,"pct_educ_superior":33,"brecha_educ":20,"pct_sin_seguro":5,"pct_seguro_privado":0,"brecha_seguro":7,"pct_med_tradicional":7,"pct_automedicacion":14,"pct_remedios_caseros":28,"pct_viv_desocupada":29,"pct_alquiler":25,"pct_electricidad":100,"pct_agua_red":100,"pct_alcantarillado":0,"pct_gas_red":0,"pct_gas_garrafa":100,"pct_lena_guano":100,"pct_basura_formal":100,"pct_basura_quema":0,"pct_basura_informal":0,"pct_internet":100,"pct_celular":100,"pct_televisor":75}},{"type":"Feature","geometry":{"type":"Polygon","coordinates":[[[-59.7623,-18.3299],[-59.76231,-18.32901],[-59.76139,-18.32901],[-59.7614,-18.32993],[-59.7623,-18.3299]]]},"properties":{"n":"ROBORE","p":23,"personas_x_ha":23,"masculinidad":130,"pct_menor20":35,"pct_60mas":26,"pct_migrante":22,"dependencia_econ":83,"pct_empleados":33,"pct_cuentapropia":50,"pct_agricultura":17,"pct_comercio":25,"pct_manufactura":0,"pct_construccion":8,"pct_transporte":0,"pct_alojamiento":0,"pct_educ_superior":50,"brecha_educ":-4,"pct_sin_seguro":0,"pct_seguro_privado":0,"brecha_seguro":0,"pct_med_tradicional":9,"pct_automedicacion":0,"pct_remedios_caseros":38,"pct_viv_desocupada":0,"pct_alquiler":25,"pct_electricidad":100,"pct_agua_red":88,"pct_alcantarillado":75,"pct_gas_red":50,"pct_gas_garrafa":50,"pct_lena_guano":50,"pct_basura_formal":100,"pct_basura_quema":0,"pct_basura_informal":0,"pct_internet":62,"pct_celular":75,"pct_televisor":25}},{"type":"Feature","geometry":{"type":"Polygon","coordinates":[[[-59.74333,-18.33646],[-59.74252,-18.33625],[-59.74471,-18.33533],[-59.74513,-18.33572],[-59.74333,-18.33646]]]},"properties":{"n":"ROBORE","p":90,"personas_x_ha":68,"masculinidad":96,"pct_menor20":33,"pct_60mas":14,"pct_migrante":32,"dependencia_econ":150,"pct_empleados":50,"pct_cuentapropia":42,"pct_agricultura":8,"pct_comercio":8,"pct_manufactura":0,"pct_construccion":6,"pct_transporte":25,"pct_alojamiento":14,"pct_educ_superior":28,"brecha_educ":-12,"pct_sin_seguro":21,"pct_seguro_privado":2,"brecha_seguro":13,"pct_med_tradicional":5,"pct_automedicacion":19,"pct_remedios_caseros":29,"pct_viv_desocupada":24,"pct_alquiler":7,"pct_electricidad":100,"pct_agua_red":100,"pct_alcantarillado":0,"pct_gas_red":60,"pct_gas_garrafa":40,"pct_lena_guano":40,"pct_basura_formal":100,"pct_basura_quema":0,"pct_basura_informal":0,"pct_internet":90,"pct_celular":100,"pct_televisor":90}},{"type":"Feature","geometry":{"type":"Polygon","coordinates":[[[-59.73961,-18.33788],[-59.73954,-18.33772],[-59.73982,-18.33729],[-59.74007,-18.33757],[-59.73961,-18.33788]]]},"properties":{"n":"ROBORE","p":24,"personas_x_ha":132,"masculinidad":60,"pct_menor20":54,"pct_60mas":17,"pct_migrante":8,"dependencia_econ":243,"pct_empleados":14,"pct_cuentapropia":86,"pct_agricultura":29,"pct_comercio":14,"pct_manufactura":29,"pct_construccion":14,"pct_transporte":14,"pct_alojamiento":0,"pct_educ_superior":0,"brecha_educ":-9,"pct_sin_seguro":17,"pct_seguro_privado":0,"brecha_seguro":-9,"pct_med_tradicional":1,"pct_automedicacion":29,"pct_remedios_caseros":30,"pct_viv_desocupada":0,"pct_alquiler":0,"pct_electricidad":100,"pct_agua_red":100,"pct_alcantarillado":0,"pct_gas_red":0,"pct_gas_garrafa":83,"pct_lena_guano":83,"pct_basura_formal":100,"pct_basura_quema":0,"pct_basura_informal":0,"pct_internet":33,"pct_celular":100,"pct_televisor":83}},{"type":"Feature","geometry":{"type":"Polygon","coordinates":[[[-59.75196,-18.33264],[-59.75053,-18.33361],[-59.75105,-18.33434],[-59.75207,-18.33277],[-59.75196,-18.33264]]]},"properties":{"n":"ROBORE","p":56,"personas_x_ha":52,"masculinidad":75,"pct_menor20":38,"pct_60mas":20,"pct_migrante":48,"dependencia_econ":162,"pct_empleados":48,"pct_cuentapropia":48,"pct_agricultura":10,"pct_comercio":24,"pct_manufactura":10,"pct_construccion":0,"pct_transporte":5,"pct_alojamiento":10,"pct_educ_superior":40,"brecha_educ":5,"pct_sin_seguro":9,"pct_seguro_privado":0,"brecha_seguro":7,"pct_med_tradicional":7,"pct_automedicacion":23,"pct_remedios_caseros":19,"pct_viv_desocupada":0,"pct_alquiler":24,"pct_electricidad":100,"pct_agua_red":94,"pct_alcantarillado":82,"pct_gas_red":41,"pct_gas_garrafa":59,"pct_lena_guano":59,"pct_basura_formal":94,"pct_basura_quema":0,"pct_basura_informal":12,"pct_internet":94,"pct_celular":100,"pct_televisor":82}},{"type":"Feature","geometry":{"type":"Polygon","coordinates":[[[-59.75003,-18.33048],[-59.75057,-18.33098],[-59.75164,-18.32994],[-59.75099,-18.32908],[-59.75063,-18.32936],[-59.75095,-18.3298],[-59.75003,-18.33048]]]},"properties":{"n":"ROBORE","p":49,"personas_x_ha":34,"masculinidad":75,"pct_menor20":41,"pct_60mas":4,"pct_migrante":31,"dependencia_econ":206,"pct_empleados":31,"pct_cuentapropia":56,"pct_agricultura":6,"pct_comercio":38,"pct_manufactura":6,"pct_construccion":12,"pct_transporte":25,"pct_alojamiento":0,"pct_educ_superior":31,"brecha_educ":1,"pct_sin_seguro":8,"pct_seguro_privado":0,"brecha_seguro":2,"pct_med_tradicional":4,"pct_automedicacion":22,"pct_remedios_caseros":28,"pct_viv_desocupada":12,"pct_alquiler":8,"pct_electricidad":100,"pct_agua_red":100,"pct_alcantarillado":8,"pct_gas_red":0,"pct_gas_garrafa":92,"pct_lena_guano":92,"pct_basura_formal":92,"pct_basura_quema":8,"pct_basura_informal":0,"pct_internet":85,"pct_celular":92,"pct_televisor":100}},{"type":"Feature","geometry":{"type":"Polygon","coordinates":[[[-59.74776,-18.34006],[-59.74683,-18.34007],[-59.74681,-18.33935],[-59.74725,-18.33917],[-59.74777,-18.33915],[-59.74776,-18.34006]]]},"properties":{"n":"ROBORE","p":45,"personas_x_ha":47,"masculinidad":114,"pct_menor20":40,"pct_60mas":18,"pct_migrante":22,"dependencia_econ":309,"pct_empleados":36,"pct_cuentapropia":55,"pct_agricultura":27,"pct_comercio":9,"pct_manufactura":18,"pct_construccion":18,"pct_transporte":9,"pct_alojamiento":0,"pct_educ_superior":11,"brecha_educ":-10,"pct_sin_seguro":37,"pct_seguro_privado":5,"brecha_seguro":-4,"pct_med_tradicional":9,"pct_automedicacion":8,"pct_remedios_caseros":24,"pct_viv_desocupada":0,"pct_alquiler":0,"pct_electricidad":100,"pct_agua_red":100,"pct_alcantarillado":86,"pct_gas_red":0,"pct_gas_garrafa":79,"pct_lena_guano":79,"pct_basura_formal":93,"pct_basura_quema":7,"pct_basura_informal":0,"pct_internet":50,"pct_celular":64,"pct_televisor":36}},{"type":"Feature","geometry":{"type":"Polygon","coordinates":[[[-59.76133,-18.3354],[-59.76134,-18.33446],[-59.76041,-18.33446],[-59.76043,-18.33542],[-59.76133,-18.3354]]]},"properties":{"n":"ROBORE","p":23,"personas_x_ha":22,"masculinidad":156,"pct_menor20":35,"pct_60mas":4,"pct_migrante":17,"dependencia_econ":130,"pct_empleados":30,"pct_cuentapropia":70,"pct_agricultura":0,"pct_comercio":20,"pct_manufactura":10,"pct_construccion":20,"pct_transporte":40,"pct_alojamiento":0,"pct_educ_superior":7,"brecha_educ":0,"pct_sin_seguro":4,"pct_seguro_privado":4,"brecha_seguro":7,"pct_med_tradicional":0,"pct_automedicacion":24,"pct_remedios_caseros":26,"pct_viv_desocupada":22,"pct_alquiler":0,"pct_electricidad":100,"pct_agua_red":80,"pct_alcantarillado":60,"pct_gas_red":20,"pct_gas_garrafa":80,"pct_lena_guano":80,"pct_basura_formal":80,"pct_basura_quema":0,"pct_basura_informal":40,"pct_internet":80,"pct_celular":80,"pct_televisor":100}},{"type":"Feature","geometry":{"type":"Polygon","coordinates":[[[-59.7569,-18.33765],[-59.75596,-18.33766],[-59.75593,-18.33677],[-59.75686,-18.33674],[-59.7569,-18.33765]]]},"properties":{"n":"ROBORE","p":52,"personas_x_ha":52,"masculinidad":108,"pct_menor20":40,"pct_60mas":17,"pct_migrante":54,"dependencia_econ":126,"pct_empleados":52,"pct_cuentapropia":35,"pct_agricultura":26,"pct_comercio":26,"pct_manufactura":0,"pct_construccion":13,"pct_transporte":4,"pct_alojamiento":0,"pct_educ_superior":55,"brecha_educ":-12,"pct_sin_seguro":10,"pct_seguro_privado":2,"brecha_seguro":-12,"pct_med_tradicional":3,"pct_automedicacion":10,"pct_remedios_caseros":15,"pct_viv_desocupada":0,"pct_alquiler":8,"pct_electricidad":100,"pct_agua_red":100,"pct_alcantarillado":77,"pct_gas_red":77,"pct_gas_garrafa":23,"pct_lena_guano":23,"pct_basura_formal":100,"pct_basura_quema":0,"pct_basura_informal":0,"pct_internet":92,"pct_celular":100,"pct_televisor":92}},{"type":"Feature","geometry":{"type":"Polygon","coordinates":[[[-59.76364,-18.33528],[-59.7627,-18.3353],[-59.76264,-18.33443],[-59.76361,-18.33444],[-59.76364,-18.33528]]]},"properties":{"n":"ROBORE","p":45,"personas_x_ha":45,"masculinidad":165,"pct_menor20":38,"pct_60mas":2,"pct_migrante":18,"dependencia_econ":105,"pct_empleados":36,"pct_cuentapropia":55,"pct_agricultura":5,"pct_comercio":9,"pct_manufactura":18,"pct_construccion":23,"pct_transporte":9,"pct_alojamiento":18,"pct_educ_superior":21,"brecha_educ":3,"pct_sin_seguro":4,"pct_seguro_privado":0,"brecha_seguro":7,"pct_med_tradicional":0,"pct_automedicacion":24,"pct_remedios_caseros":36,"pct_viv_desocupada":0,"pct_alquiler":0,"pct_electricidad":100,"pct_agua_red":100,"pct_alcantarillado":18,"pct_gas_red":18,"pct_gas_garrafa":82,"pct_lena_guano":82,"pct_basura_formal":73,"pct_basura_quema":27,"pct_basura_informal":0,"pct_internet":91,"pct_celular":100,"pct_televisor":73}},{"type":"Feature","geometry":{"type":"Polygon","coordinates":[[[-59.76138,-18.33643],[-59.76136,-18.33551],[-59.76043,-18.33555],[-59.76048,-18.33646],[-59.76138,-18.33643]]]},"properties":{"n":"ROBORE","p":18,"personas_x_ha":18,"masculinidad":100,"pct_menor20":39,"pct_60mas":11,"pct_migrante":28,"dependencia_econ":200,"pct_empleados":50,"pct_cuentapropia":33,"pct_agricultura":17,"pct_comercio":17,"pct_manufactura":17,"pct_construccion":33,"pct_transporte":0,"pct_alojamiento":0,"pct_educ_superior":18,"brecha_educ":-3,"pct_sin_seguro":0,"pct_seguro_privado":0,"brecha_seguro":0,"pct_med_tradicional":4,"pct_automedicacion":18,"pct_remedios_caseros":31,"pct_viv_desocupada":12,"pct_alquiler":17,"pct_electricidad":100,"pct_agua_red":100,"pct_alcantarillado":83,"pct_gas_red":17,"pct_gas_garrafa":67,"pct_lena_guano":67,"pct_basura_formal":67,"pct_basura_quema":17,"pct_basura_informal":0,"pct_internet":67,"pct_celular":67,"pct_televisor":67}},{"type":"Feature","geometry":{"type":"Polygon","coordinates":[[[-59.75209,-18.33904],[-59.75136,-18.33906],[-59.75137,-18.33994],[-59.75185,-18.33996],[-59.75185,-18.33957],[-59.7521,-18.33925],[-59.75209,-18.33904]]]},"properties":{"n":"ROBORE","p":36,"personas_x_ha":58,"masculinidad":71,"pct_menor20":31,"pct_60mas":11,"pct_migrante":42,"dependencia_econ":150,"pct_empleados":21,"pct_cuentapropia":71,"pct_agricultura":21,"pct_comercio":21,"pct_manufactura":7,"pct_construccion":21,"pct_transporte":7,"pct_alojamiento":7,"pct_educ_superior":32,"brecha_educ":-10,"pct_sin_seguro":0,"pct_seguro_privado":0,"brecha_seguro":0,"pct_med_tradicional":8,"pct_automedicacion":8,"pct_remedios_caseros":8,"pct_viv_desocupada":8,"pct_alquiler":20,"pct_electricidad":100,"pct_agua_red":100,"pct_alcantarillado":70,"pct_gas_red":40,"pct_gas_garrafa":50,"pct_lena_guano":50,"pct_basura_formal":70,"pct_basura_quema":0,"pct_basura_informal":0,"pct_internet":90,"pct_celular":100,"pct_televisor":60}},{"type":"Feature","geometry":{"type":"Polygon","coordinates":[[[-59.75468,-18.33983],[-59.75374,-18.33987],[-59.7537,-18.33905],[-59.7538,-18.33898],[-59.75463,-18.33898],[-59.75468,-18.33983]]]},"properties":{"n":"ROBORE","p":67,"personas_x_ha":67,"masculinidad":91,"pct_menor20":43,"pct_60mas":12,"pct_migrante":27,"dependencia_econ":164,"pct_empleados":28,"pct_cuentapropia":44,"pct_agricultura":16,"pct_comercio":16,"pct_manufactura":4,"pct_construccion":24,"pct_transporte":4,"pct_alojamiento":8,"pct_educ_superior":33,"brecha_educ":10,"pct_sin_seguro":8,"pct_seguro_privado":2,"brecha_seguro":10,"pct_med_tradicional":0,"pct_automedicacion":18,"pct_remedios_caseros":25,"pct_viv_desocupada":6,"pct_alquiler":12,"pct_electricidad":100,"pct_agua_red":88,"pct_alcantarillado":71,"pct_gas_red":24,"pct_gas_garrafa":65,"pct_lena_guano":65,"pct_basura_formal":88,"pct_basura_quema":12,"pct_basura_informal":0,"pct_internet":82,"pct_celular":88,"pct_televisor":76}},{"type":"Feature","geometry":{"type":"Polygon","coordinates":[[[-59.75583,-18.33982],[-59.7558,-18.33895],[-59.75487,-18.33897],[-59.75488,-18.33978],[-59.75494,-18.33985],[-59.75583,-18.33982]]]},"properties":{"n":"ROBORE","p":75,"personas_x_ha":77,"masculinidad":92,"pct_menor20":33,"pct_60mas":15,"pct_migrante":19,"dependencia_econ":164,"pct_empleados":50,"pct_cuentapropia":46,"pct_agricultura":7,"pct_comercio":18,"pct_manufactura":7,"pct_construccion":7,"pct_transporte":25,"pct_alojamiento":18,"pct_educ_superior":22,"brecha_educ":-12,"pct_sin_seguro":9,"pct_seguro_privado":0,"brecha_seguro":3,"pct_med_tradicional":3,"pct_automedicacion":11,"pct_remedios_caseros":20,"pct_viv_desocupada":0,"pct_alquiler":11,"pct_electricidad":100,"pct_agua_red":100,"pct_alcantarillado":100,"pct_gas_red":33,"pct_gas_garrafa":67,"pct_lena_guano":67,"pct_basura_formal":100,"pct_basura_quema":0,"pct_basura_informal":0,"pct_internet":83,"pct_celular":83,"pct_televisor":67}},{"type":"Feature","geometry":{"type":"Polygon","coordinates":[[[-59.7536,-18.34098],[-59.75358,-18.34006],[-59.75197,-18.34011],[-59.75172,-18.34042],[-59.75175,-18.34061],[-59.75199,-18.341],[-59.7536,-18.34098]]]},"properties":{"n":"ROBORE","p":40,"personas_x_ha":21,"masculinidad":122,"pct_menor20":40,"pct_60mas":15,"pct_migrante":25,"dependencia_econ":90,"pct_empleados":29,"pct_cuentapropia":62,"pct_agricultura":19,"pct_comercio":29,"pct_manufactura":19,"pct_construccion":19,"pct_transporte":0,"pct_alojamiento":5,"pct_educ_superior":4,"brecha_educ":-11,"pct_sin_seguro":2,"pct_seguro_privado":0,"brecha_seguro":5,"pct_med_tradicional":2,"pct_automedicacion":10,"pct_remedios_caseros":21,"pct_viv_desocupada":0,"pct_alquiler":0,"pct_electricidad":100,"pct_agua_red":89,"pct_alcantarillado":56,"pct_gas_red":22,"pct_gas_garrafa":67,"pct_lena_guano":67,"pct_basura_formal":78,"pct_basura_quema":22,"pct_basura_informal":0,"pct_internet":89,"pct_celular":100,"pct_televisor":67}},{"type":"Feature","geometry":{"type":"Polygon","coordinates":[[[-59.75695,-18.33978],[-59.7569,-18.33892],[-59.75599,-18.33895],[-59.75603,-18.33984],[-59.75695,-18.33978]]]},"properties":{"n":"ROBORE","p":47,"personas_x_ha":48,"masculinidad":68,"pct_menor20":43,"pct_60mas":19,"pct_migrante":21,"dependencia_econ":291,"pct_empleados":27,"pct_cuentapropia":55,"pct_agricultura":0,"pct_comercio":27,"pct_manufactura":18,"pct_construccion":0,"pct_transporte":0,"pct_alojamiento":18,"pct_educ_superior":57,"brecha_educ":8,"pct_sin_seguro":12,"pct_seguro_privado":0,"brecha_seguro":-2,"pct_med_tradicional":0,"pct_automedicacion":2,"pct_remedios_caseros":4,"pct_viv_desocupada":15,"pct_alquiler":27,"pct_electricidad":100,"pct_agua_red":100,"pct_alcantarillado":100,"pct_gas_red":53,"pct_gas_garrafa":47,"pct_lena_guano":47,"pct_basura_formal":100,"pct_basura_quema":0,"pct_basura_informal":0,"pct_internet":67,"pct_celular":100,"pct_televisor":87}},{"type":"Feature","geometry":{"type":"Polygon","coordinates":[[[-59.76029,-18.33772],[-59.75938,-18.33776],[-59.75939,-18.33865],[-59.76035,-18.33862],[-59.76029,-18.33772]]]},"properties":{"n":"ROBORE","p":16,"personas_x_ha":16,"masculinidad":100,"pct_menor20":50,"pct_60mas":0,"pct_migrante":12,"dependencia_econ":167,"pct_empleados":67,"pct_cuentapropia":33,"pct_agricultura":0,"pct_comercio":0,"pct_manufactura":0,"pct_construccion":33,"pct_transporte":17,"pct_alojamiento":0,"pct_educ_superior":0,"brecha_educ":-20,"pct_sin_seguro":0,"pct_seguro_privado":0,"brecha_seguro":0,"pct_med_tradicional":0,"pct_automedicacion":25,"pct_remedios_caseros":25,"pct_viv_desocupada":44,"pct_alquiler":33,"pct_electricidad":100,"pct_agua_red":100,"pct_alcantarillado":100,"pct_gas_red":0,"pct_gas_garrafa":67,"pct_lena_guano":67,"pct_basura_formal":67,"pct_basura_quema":33,"pct_basura_informal":0,"pct_internet":100,"pct_celular":100,"pct_televisor":100}},{"type":"Feature","geometry":{"type":"Polygon","coordinates":[[[-59.74437,-18.34521],[-59.74435,-18.34493],[-59.74413,-18.34491],[-59.74385,-18.34465],[-59.74369,-18.34465],[-59.74369,-18.34456],[-59.74458,-18.34456],[-59.74461,-18.3452],[-59.74437,-18.34521]]]},"properties":{"n":"ROBORE","p":40,"personas_x_ha":109,"masculinidad":135,"pct_menor20":48,"pct_60mas":2,"pct_migrante":30,"dependencia_econ":208,"pct_empleados":38,"pct_cuentapropia":46,"pct_agricultura":8,"pct_comercio":15,"pct_manufactura":0,"pct_construccion":38,"pct_transporte":8,"pct_alojamiento":8,"pct_educ_superior":0,"brecha_educ":8,"pct_sin_seguro":5,"pct_seguro_privado":0,"brecha_seguro":9,"pct_med_tradicional":12,"pct_automedicacion":8,"pct_remedios_caseros":28,"pct_viv_desocupada":0,"pct_alquiler":22,"pct_electricidad":100,"pct_agua_red":89,"pct_alcantarillado":0,"pct_gas_red":0,"pct_gas_garrafa":67,"pct_lena_guano":67,"pct_basura_formal":100,"pct_basura_quema":0,"pct_basura_informal":0,"pct_internet":78,"pct_celular":78,"pct_televisor":56}},{"type":"Feature","geometry":{"type":"Polygon","coordinates":[[[-59.75035,-18.34648],[-59.75025,-18.34555],[-59.74929,-18.34558],[-59.74932,-18.3465],[-59.75035,-18.34648]]]},"properties":{"n":"ROBORE","p":55,"personas_x_ha":50,"masculinidad":83,"pct_menor20":38,"pct_60mas":11,"pct_migrante":29,"dependencia_econ":129,"pct_empleados":38,"pct_cuentapropia":42,"pct_agricultura":29,"pct_comercio":17,"pct_manufactura":0,"pct_construccion":4,"pct_transporte":8,"pct_alojamiento":4,"pct_educ_superior":9,"brecha_educ":-9,"pct_sin_seguro":35,"pct_seguro_privado":0,"brecha_seguro":10,"pct_med_tradicional":8,"pct_automedicacion":18,"pct_remedios_caseros":19,"pct_viv_desocupada":5,"pct_alquiler":12,"pct_electricidad":100,"pct_agua_red":100,"pct_alcantarillado":6,"pct_gas_red":0,"pct_gas_garrafa":82,"pct_lena_guano":82,"pct_basura_formal":71,"pct_basura_quema":29,"pct_basura_informal":0,"pct_internet":82,"pct_celular":88,"pct_televisor":76}},{"type":"Feature","geometry":{"type":"Polygon","coordinates":[[[-59.74814,-18.34684],[-59.74808,-18.34665],[-59.74794,-18.34666],[-59.74794,-18.34676],[-59.74627,-18.3467],[-59.74614,-18.34679],[-59.74736,-18.34783],[-59.74814,-18.34684]]]},"properties":{"n":"ROBORE","p":17,"personas_x_ha":12,"masculinidad":89,"pct_menor20":53,"pct_60mas":6,"pct_migrante":41,"dependencia_econ":143,"pct_empleados":29,"pct_cuentapropia":43,"pct_agricultura":43,"pct_comercio":43,"pct_manufactura":0,"pct_construccion":0,"pct_transporte":0,"pct_alojamiento":0,"pct_educ_superior":0,"brecha_educ":-50,"pct_sin_seguro":12,"pct_seguro_privado":0,"brecha_seguro":1,"pct_med_tradicional":8,"pct_automedicacion":18,"pct_remedios_caseros":24,"pct_viv_desocupada":25,"pct_alquiler":0,"pct_electricidad":100,"pct_agua_red":100,"pct_alcantarillado":0,"pct_gas_red":0,"pct_gas_garrafa":50,"pct_lena_guano":50,"pct_basura_formal":0,"pct_basura_quema":50,"pct_basura_informal":0,"pct_internet":75,"pct_celular":100,"pct_televisor":50}},{"type":"Feature","geometry":{"type":"Polygon","coordinates":[[[-59.75712,-18.34433],[-59.75716,-18.34521],[-59.75685,-18.34525],[-59.75624,-18.3448],[-59.75584,-18.34436],[-59.75712,-18.34433]]]},"properties":{"n":"ROBORE","p":42,"personas_x_ha":46,"masculinidad":110,"pct_menor20":48,"pct_60mas":12,"pct_migrante":43,"dependencia_econ":740,"pct_empleados":60,"pct_cuentapropia":40,"pct_agricultura":0,"pct_comercio":0,"pct_manufactura":0,"pct_construccion":20,"pct_transporte":0,"pct_alojamiento":40,"pct_educ_superior":26,"brecha_educ":20,"pct_sin_seguro":12,"pct_seguro_privado":0,"brecha_seguro":4,"pct_med_tradicional":5,"pct_automedicacion":11,"pct_remedios_caseros":16,"pct_viv_desocupada":0,"pct_alquiler":18,"pct_electricidad":91,"pct_agua_red":100,"pct_alcantarillado":91,"pct_gas_red":18,"pct_gas_garrafa":64,"pct_lena_guano":64,"pct_basura_formal":27,"pct_basura_quema":73,"pct_basura_informal":0,"pct_internet":82,"pct_celular":82,"pct_televisor":82}},{"type":"Feature","geometry":{"type":"Polygon","coordinates":[[[-59.76067,-18.34583],[-59.76058,-18.3442],[-59.75964,-18.34426],[-59.75975,-18.34599],[-59.76067,-18.34583]]]},"properties":{"n":"ROBORE","p":40,"personas_x_ha":21,"masculinidad":74,"pct_menor20":57,"pct_60mas":8,"pct_migrante":48,"dependencia_econ":160,"pct_empleados":53,"pct_cuentapropia":47,"pct_agricultura":40,"pct_comercio":13,"pct_manufactura":0,"pct_construccion":0,"pct_transporte":0,"pct_alojamiento":27,"pct_educ_superior":41,"brecha_educ":-6,"pct_sin_seguro":13,"pct_seguro_privado":0,"brecha_seguro":19,"pct_med_tradicional":13,"pct_automedicacion":10,"pct_remedios_caseros":34,"pct_viv_desocupada":0,"pct_alquiler":0,"pct_electricidad":89,"pct_agua_red":100,"pct_alcantarillado":67,"pct_gas_red":22,"pct_gas_garrafa":67,"pct_lena_guano":67,"pct_basura_formal":100,"pct_basura_quema":0,"pct_basura_informal":0,"pct_internet":67,"pct_celular":67,"pct_televisor":44}},{"type":"Feature","geometry":{"type":"Polygon","coordinates":[[[-59.75,-18.33781],[-59.74997,-18.33693],[-59.74903,-18.33695],[-59.74905,-18.33782],[-59.75,-18.33781]]]},"properties":{"n":"ROBORE","p":57,"personas_x_ha":59,"masculinidad":104,"pct_menor20":40,"pct_60mas":5,"pct_migrante":39,"dependencia_econ":138,"pct_empleados":58,"pct_cuentapropia":29,"pct_agricultura":12,"pct_comercio":25,"pct_manufactura":17,"pct_construccion":17,"pct_transporte":4,"pct_alojamiento":4,"pct_educ_superior":37,"brecha_educ":4,"pct_sin_seguro":4,"pct_seguro_privado":0,"brecha_seguro":7,"pct_med_tradicional":7,"pct_automedicacion":8,"pct_remedios_caseros":25,"pct_viv_desocupada":5,"pct_alquiler":38,"pct_electricidad":100,"pct_agua_red":100,"pct_alcantarillado":94,"pct_gas_red":44,"pct_gas_garrafa":56,"pct_lena_guano":56,"pct_basura_formal":88,"pct_basura_quema":12,"pct_basura_informal":0,"pct_internet":88,"pct_celular":88,"pct_televisor":69}},{"type":"Feature","geometry":{"type":"Polygon","coordinates":[[[-59.75804,-18.33761],[-59.7571,-18.33763],[-59.75706,-18.33674],[-59.75802,-18.3367],[-59.75804,-18.33761]]]},"properties":{"n":"ROBORE","p":29,"personas_x_ha":29,"masculinidad":71,"pct_menor20":21,"pct_60mas":17,"pct_migrante":28,"dependencia_econ":180,"pct_empleados":50,"pct_cuentapropia":40,"pct_agricultura":10,"pct_comercio":20,"pct_manufactura":0,"pct_construccion":0,"pct_transporte":0,"pct_alojamiento":0,"pct_educ_superior":39,"brecha_educ":11,"pct_sin_seguro":0,"pct_seguro_privado":4,"brecha_seguro":0,"pct_med_tradicional":7,"pct_automedicacion":7,"pct_remedios_caseros":14,"pct_viv_desocupada":0,"pct_alquiler":29,"pct_electricidad":100,"pct_agua_red":100,"pct_alcantarillado":71,"pct_gas_red":57,"pct_gas_garrafa":29,"pct_lena_guano":29,"pct_basura_formal":100,"pct_basura_quema":0,"pct_basura_informal":0,"pct_internet":100,"pct_celular":100,"pct_televisor":86}},{"type":"Feature","geometry":{"type":"Polygon","coordinates":[[[-59.7602,-18.32779],[-59.76114,-18.32775],[-59.76109,-18.32686],[-59.76016,-18.32688],[-59.7602,-18.32779]]]},"properties":{"n":"ROBORE","p":28,"personas_x_ha":28,"masculinidad":100,"pct_menor20":36,"pct_60mas":21,"pct_migrante":46,"dependencia_econ":211,"pct_empleados":44,"pct_cuentapropia":44,"pct_agricultura":11,"pct_comercio":11,"pct_manufactura":11,"pct_construccion":0,"pct_transporte":0,"pct_alojamiento":0,"pct_educ_superior":22,"brecha_educ":28,"pct_sin_seguro":0,"pct_seguro_privado":4,"brecha_seguro":0,"pct_med_tradicional":16,"pct_automedicacion":20,"pct_remedios_caseros":24,"pct_viv_desocupada":8,"pct_alquiler":0,"pct_electricidad":100,"pct_agua_red":78,"pct_alcantarillado":100,"pct_gas_red":11,"pct_gas_garrafa":67,"pct_lena_guano":78,"pct_basura_formal":100,"pct_basura_quema":0,"pct_basura_informal":0,"pct_internet":78,"pct_celular":89,"pct_televisor":67}},{"type":"Feature","geometry":{"type":"Polygon","coordinates":[[[-59.76313,-18.34526],[-59.76198,-18.3456],[-59.76189,-18.34414],[-59.76339,-18.34414],[-59.76355,-18.34503],[-59.76313,-18.34526]]]},"properties":{"n":"ROBORE","p":24,"personas_x_ha":11,"masculinidad":100,"pct_menor20":29,"pct_60mas":8,"pct_migrante":25,"dependencia_econ":77,"pct_empleados":69,"pct_cuentapropia":23,"pct_agricultura":54,"pct_comercio":8,"pct_manufactura":0,"pct_construccion":8,"pct_transporte":15,"pct_alojamiento":0,"pct_educ_superior":6,"brecha_educ":30,"pct_sin_seguro":9,"pct_seguro_privado":0,"brecha_seguro":18,"pct_med_tradicional":6,"pct_automedicacion":25,"pct_remedios_caseros":27,"pct_viv_desocupada":10,"pct_alquiler":12,"pct_electricidad":100,"pct_agua_red":100,"pct_alcantarillado":50,"pct_gas_red":0,"pct_gas_garrafa":88,"pct_lena_guano":88,"pct_basura_formal":100,"pct_basura_quema":0,"pct_basura_informal":0,"pct_internet":75,"pct_celular":75,"pct_televisor":88}},{"type":"Feature","geometry":{"type":"Polygon","coordinates":[[[-59.75061,-18.34876],[-59.75044,-18.34816],[-59.75036,-18.34663],[-59.74999,-18.34664],[-59.75011,-18.34913],[-59.75061,-18.34876]]]},"properties":{"n":"ROBORE","p":36,"personas_x_ha":32,"masculinidad":71,"pct_menor20":47,"pct_60mas":3,"pct_migrante":33,"dependencia_econ":106,"pct_empleados":47,"pct_cuentapropia":53,"pct_agricultura":24,"pct_comercio":18,"pct_manufactura":0,"pct_construccion":0,"pct_transporte":35,"pct_alojamiento":12,"pct_educ_superior":21,"brecha_educ":16,"pct_sin_seguro":37,"pct_seguro_privado":0,"brecha_seguro":-2,"pct_med_tradicional":0,"pct_automedicacion":3,"pct_remedios_caseros":19,"pct_viv_desocupada":11,"pct_alquiler":0,"pct_electricidad":100,"pct_agua_red":100,"pct_alcantarillado":50,"pct_gas_red":0,"pct_gas_garrafa":100,"pct_lena_guano":100,"pct_basura_formal":83,"pct_basura_quema":17,"pct_basura_informal":0,"pct_internet":50,"pct_celular":83,"pct_televisor":83}},{"type":"Feature","geometry":{"type":"Polygon","coordinates":[[[-59.75657,-18.32676],[-59.75562,-18.32674],[-59.75561,-18.32589],[-59.75654,-18.32589],[-59.75657,-18.32676]]]},"properties":{"n":"ROBORE","p":18,"personas_x_ha":19,"masculinidad":64,"pct_menor20":22,"pct_60mas":33,"pct_migrante":6,"dependencia_econ":200,"pct_empleados":0,"pct_cuentapropia":100,"pct_agricultura":17,"pct_comercio":33,"pct_manufactura":17,"pct_construccion":17,"pct_transporte":17,"pct_alojamiento":0,"pct_educ_superior":14,"brecha_educ":-22,"pct_sin_seguro":18,"pct_seguro_privado":0,"brecha_seguro":-2,"pct_med_tradicional":3,"pct_automedicacion":9,"pct_remedios_caseros":33,"pct_viv_desocupada":7,"pct_alquiler":0,"pct_electricidad":100,"pct_agua_red":100,"pct_alcantarillado":0,"pct_gas_red":0,"pct_gas_garrafa":100,"pct_lena_guano":100,"pct_basura_formal":83,"pct_basura_quema":17,"pct_basura_informal":0,"pct_internet":67,"pct_celular":83,"pct_televisor":50}},{"type":"Feature","geometry":{"type":"Polygon","coordinates":[[[-59.74598,-18.32956],[-59.74663,-18.32891],[-59.74779,-18.32987],[-59.74714,-18.33049],[-59.74598,-18.32956]]]},"properties":{"n":"ROBORE","p":25,"personas_x_ha":15,"masculinidad":108,"pct_menor20":40,"pct_60mas":4,"pct_migrante":28,"dependencia_econ":150,"pct_empleados":50,"pct_cuentapropia":40,"pct_agricultura":10,"pct_comercio":30,"pct_manufactura":10,"pct_construccion":10,"pct_transporte":0,"pct_alojamiento":0,"pct_educ_superior":13,"brecha_educ":-14,"pct_sin_seguro":0,"pct_seguro_privado":0,"brecha_seguro":0,"pct_med_tradicional":3,"pct_automedicacion":6,"pct_remedios_caseros":12,"pct_viv_desocupada":17,"pct_alquiler":12,"pct_electricidad":100,"pct_agua_red":88,"pct_alcantarillado":0,"pct_gas_red":0,"pct_gas_garrafa":100,"pct_lena_guano":100,"pct_basura_formal":75,"pct_basura_quema":25,"pct_basura_informal":0,"pct_internet":88,"pct_celular":100,"pct_televisor":100}},{"type":"Feature","geometry":{"type":"Polygon","coordinates":[[[-59.75357,-18.33555],[-59.75453,-18.33554],[-59.75453,-18.33467],[-59.7535,-18.33466],[-59.75357,-18.33555]]]},"properties":{"n":"ROBORE","p":33,"personas_x_ha":31,"masculinidad":94,"pct_menor20":27,"pct_60mas":30,"pct_migrante":45,"dependencia_econ":230,"pct_empleados":50,"pct_cuentapropia":50,"pct_agricultura":30,"pct_comercio":0,"pct_manufactura":20,"pct_construccion":20,"pct_transporte":0,"pct_alojamiento":10,"pct_educ_superior":29,"brecha_educ":0,"pct_sin_seguro":12,"pct_seguro_privado":0,"brecha_seguro":13,"pct_med_tradicional":23,"pct_automedicacion":13,"pct_remedios_caseros":27,"pct_viv_desocupada":11,"pct_alquiler":25,"pct_electricidad":100,"pct_agua_red":100,"pct_alcantarillado":88,"pct_gas_red":38,"pct_gas_garrafa":62,"pct_lena_guano":62,"pct_basura_formal":100,"pct_basura_quema":0,"pct_basura_informal":0,"pct_internet":88,"pct_celular":88,"pct_televisor":75}},{"type":"Feature","geometry":{"type":"Polygon","coordinates":[[[-59.7496,-18.33278],[-59.749,-18.33338],[-59.74871,-18.33312],[-59.74922,-18.33244],[-59.7496,-18.33278]]]},"properties":{"n":"ROBORE","p":19,"personas_x_ha":43,"masculinidad":46,"pct_menor20":47,"pct_60mas":5,"pct_migrante":42,"dependencia_econ":280,"pct_empleados":0,"pct_cuentapropia":40,"pct_agricultura":0,"pct_comercio":0,"pct_manufactura":20,"pct_construccion":0,"pct_transporte":0,"pct_alojamiento":40,"pct_educ_superior":30,"brecha_educ":-12,"pct_sin_seguro":5,"pct_seguro_privado":5,"brecha_seguro":17,"pct_med_tradicional":7,"pct_automedicacion":24,"pct_remedios_caseros":20,"pct_viv_desocupada":0,"pct_alquiler":0,"pct_electricidad":100,"pct_agua_red":75,"pct_alcantarillado":50,"pct_gas_red":0,"pct_gas_garrafa":100,"pct_lena_guano":100,"pct_basura_formal":100,"pct_basura_quema":0,"pct_basura_informal":0,"pct_internet":50,"pct_celular":50,"pct_televisor":50}},{"type":"Feature","geometry":{"type":"Polygon","coordinates":[[[-59.7445,-18.332],[-59.74398,-18.33154],[-59.74275,-18.3328],[-59.74327,-18.33328],[-59.7445,-18.332]]]},"properties":{"n":"ROBORE","p":20,"personas_x_ha":13,"masculinidad":67,"pct_menor20":35,"pct_60mas":25,"pct_migrante":25,"dependencia_econ":150,"pct_empleados":38,"pct_cuentapropia":50,"pct_agricultura":0,"pct_comercio":0,"pct_manufactura":25,"pct_construccion":25,"pct_transporte":25,"pct_alojamiento":0,"pct_educ_superior":23,"brecha_educ":-8,"pct_sin_seguro":15,"pct_seguro_privado":0,"brecha_seguro":17,"pct_med_tradicional":0,"pct_automedicacion":5,"pct_remedios_caseros":31,"pct_viv_desocupada":22,"pct_alquiler":14,"pct_electricidad":100,"pct_agua_red":100,"pct_alcantarillado":0,"pct_gas_red":0,"pct_gas_garrafa":100,"pct_lena_guano":100,"pct_basura_formal":57,"pct_basura_quema":43,"pct_basura_informal":0,"pct_internet":100,"pct_celular":100,"pct_televisor":100}},{"type":"Feature","geometry":{"type":"Polygon","coordinates":[[[-59.74904,-18.33524],[-59.74871,-18.33486],[-59.74954,-18.33427],[-59.74991,-18.33477],[-59.74904,-18.33524]]]},"properties":{"n":"ROBORE","p":24,"personas_x_ha":36,"masculinidad":100,"pct_menor20":42,"pct_60mas":12,"pct_migrante":38,"dependencia_econ":167,"pct_empleados":11,"pct_cuentapropia":44,"pct_agricultura":11,"pct_comercio":44,"pct_manufactura":0,"pct_construccion":0,"pct_transporte":11,"pct_alojamiento":0,"pct_educ_superior":36,"brecha_educ":4,"pct_sin_seguro":4,"pct_seguro_privado":4,"brecha_seguro":8,"pct_med_tradicional":0,"pct_automedicacion":0,"pct_remedios_caseros":0,"pct_viv_desocupada":0,"pct_alquiler":0,"pct_electricidad":100,"pct_agua_red":100,"pct_alcantarillado":60,"pct_gas_red":60,"pct_gas_garrafa":40,"pct_lena_guano":40,"pct_basura_formal":100,"pct_basura_quema":0,"pct_basura_informal":0,"pct_internet":100,"pct_celular":100,"pct_televisor":100}},{"type":"Feature","geometry":{"type":"Polygon","coordinates":[[[-59.74887,-18.33788],[-59.74884,-18.33695],[-59.74841,-18.33696],[-59.74805,-18.3373],[-59.74841,-18.33789],[-59.74887,-18.33788]]]},"properties":{"n":"ROBORE","p":18,"personas_x_ha":26,"masculinidad":80,"pct_menor20":39,"pct_60mas":17,"pct_migrante":44,"dependencia_econ":80,"pct_empleados":10,"pct_cuentapropia":80,"pct_agricultura":0,"pct_comercio":60,"pct_manufactura":0,"pct_construccion":0,"pct_transporte":30,"pct_alojamiento":0,"pct_educ_superior":36,"brecha_educ":-23,"pct_sin_seguro":28,"pct_seguro_privado":0,"brecha_seguro":-5,"pct_med_tradicional":0,"pct_automedicacion":33,"pct_remedios_caseros":18,"pct_viv_desocupada":0,"pct_alquiler":0,"pct_electricidad":100,"pct_agua_red":100,"pct_alcantarillado":33,"pct_gas_red":0,"pct_gas_garrafa":100,"pct_lena_guano":100,"pct_basura_formal":100,"pct_basura_quema":0,"pct_basura_informal":0,"pct_internet":100,"pct_celular":100,"pct_televisor":100}},{"type":"Feature","geometry":{"type":"Polygon","coordinates":[[[-59.75565,-18.3346],[-59.75468,-18.33466],[-59.75472,-18.33552],[-59.75566,-18.3355],[-59.75565,-18.3346]]]},"properties":{"n":"ROBORE","p":22,"personas_x_ha":21,"masculinidad":144,"pct_menor20":32,"pct_60mas":9,"pct_migrante":23,"dependencia_econ":75,"pct_empleados":83,"pct_cuentapropia":17,"pct_agricultura":17,"pct_comercio":17,"pct_manufactura":0,"pct_construccion":0,"pct_transporte":17,"pct_alojamiento":0,"pct_educ_superior":53,"brecha_educ":0,"pct_sin_seguro":29,"pct_seguro_privado":0,"brecha_seguro":11,"pct_med_tradicional":7,"pct_automedicacion":2,"pct_remedios_caseros":26,"pct_viv_desocupada":25,"pct_alquiler":33,"pct_electricidad":100,"pct_agua_red":100,"pct_alcantarillado":67,"pct_gas_red":22,"pct_gas_garrafa":78,"pct_lena_guano":78,"pct_basura_formal":100,"pct_basura_quema":0,"pct_basura_informal":0,"pct_internet":67,"pct_celular":89,"pct_televisor":78}},{"type":"Feature","geometry":{"type":"Polygon","coordinates":[[[-59.73699,-18.34231],[-59.73611,-18.34194],[-59.73651,-18.34117],[-59.7374,-18.34153],[-59.73699,-18.34231]]]},"properties":{"n":"ROBORE","p":36,"personas_x_ha":36,"masculinidad":89,"pct_menor20":39,"pct_60mas":3,"pct_migrante":42,"dependencia_econ":183,"pct_empleados":50,"pct_cuentapropia":42,"pct_agricultura":8,"pct_comercio":17,"pct_manufactura":8,"pct_construccion":8,"pct_transporte":0,"pct_alojamiento":17,"pct_educ_superior":19,"brecha_educ":-8,"pct_sin_seguro":0,"pct_seguro_privado":0,"brecha_seguro":0,"pct_med_tradicional":9,"pct_automedicacion":10,"pct_remedios_caseros":19,"pct_viv_desocupada":30,"pct_alquiler":14,"pct_electricidad":100,"pct_agua_red":86,"pct_alcantarillado":29,"pct_gas_red":0,"pct_gas_garrafa":100,"pct_lena_guano":100,"pct_basura_formal":100,"pct_basura_quema":0,"pct_basura_informal":0,"pct_internet":71,"pct_celular":100,"pct_televisor":100}},{"type":"Feature","geometry":{"type":"Polygon","coordinates":[[[-59.7447,-18.33869],[-59.74343,-18.34],[-59.74347,-18.34005],[-59.74431,-18.33998],[-59.74475,-18.3399],[-59.74484,-18.33981],[-59.74517,-18.33881],[-59.74567,-18.33777],[-59.74488,-18.33886],[-59.7447,-18.33869]]]},"properties":{"n":"ROBORE","p":26,"personas_x_ha":17,"masculinidad":100,"pct_menor20":38,"pct_60mas":15,"pct_migrante":27,"dependencia_econ":160,"pct_empleados":70,"pct_cuentapropia":30,"pct_agricultura":20,"pct_comercio":0,"pct_manufactura":10,"pct_construccion":20,"pct_transporte":30,"pct_alojamiento":0,"pct_educ_superior":12,"brecha_educ":11,"pct_sin_seguro":0,"pct_seguro_privado":0,"brecha_seguro":0,"pct_med_tradicional":2,"pct_automedicacion":6,"pct_remedios_caseros":37,"pct_viv_desocupada":0,"pct_alquiler":0,"pct_electricidad":100,"pct_agua_red":100,"pct_alcantarillado":12,"pct_gas_red":12,"pct_gas_garrafa":75,"pct_lena_guano":75,"pct_basura_formal":100,"pct_basura_quema":0,"pct_basura_informal":0,"pct_internet":62,"pct_celular":100,"pct_televisor":100}},{"type":"Feature","geometry":{"type":"Polygon","coordinates":[[[-59.75025,-18.3389],[-59.75019,-18.338],[-59.75114,-18.33797],[-59.75118,-18.33888],[-59.75025,-18.3389]]]},"properties":{"n":"ROBORE","p":16,"personas_x_ha":16,"masculinidad":129,"pct_menor20":25,"pct_60mas":12,"pct_migrante":38,"dependencia_econ":50,"pct_empleados":10,"pct_cuentapropia":70,"pct_agricultura":20,"pct_comercio":20,"pct_manufactura":50,"pct_construccion":0,"pct_transporte":0,"pct_alojamiento":0,"pct_educ_superior":31,"brecha_educ":-2,"pct_sin_seguro":0,"pct_seguro_privado":0,"brecha_seguro":0,"pct_med_tradicional":0,"pct_automedicacion":0,"pct_remedios_caseros":0,"pct_viv_desocupada":22,"pct_alquiler":0,"pct_electricidad":100,"pct_agua_red":100,"pct_alcantarillado":100,"pct_gas_red":60,"pct_gas_garrafa":40,"pct_lena_guano":40,"pct_basura_formal":100,"pct_basura_quema":0,"pct_basura_informal":0,"pct_internet":80,"pct_celular":80,"pct_televisor":80}},{"type":"Feature","geometry":{"type":"Polygon","coordinates":[[[-59.7422,-18.34336],[-59.74218,-18.34243],[-59.74157,-18.34243],[-59.74129,-18.34282],[-59.74133,-18.34335],[-59.7422,-18.34336]]]},"properties":{"n":"ROBORE","p":59,"personas_x_ha":65,"masculinidad":97,"pct_menor20":51,"pct_60mas":8,"pct_migrante":27,"dependencia_econ":168,"pct_empleados":55,"pct_cuentapropia":32,"pct_agricultura":18,"pct_comercio":14,"pct_manufactura":5,"pct_construccion":32,"pct_transporte":5,"pct_alojamiento":14,"pct_educ_superior":0,"brecha_educ":-20,"pct_sin_seguro":5,"pct_seguro_privado":0,"brecha_seguro":4,"pct_med_tradicional":7,"pct_automedicacion":7,"pct_remedios_caseros":36,"pct_viv_desocupada":6,"pct_alquiler":0,"pct_electricidad":100,"pct_agua_red":100,"pct_alcantarillado":14,"pct_gas_red":0,"pct_gas_garrafa":71,"pct_lena_guano":71,"pct_basura_formal":100,"pct_basura_quema":0,"pct_basura_informal":0,"pct_internet":71,"pct_celular":86,"pct_televisor":71}},{"type":"Feature","geometry":{"type":"Polygon","coordinates":[[[-59.75029,-18.34106],[-59.75027,-18.34013],[-59.75117,-18.34013],[-59.75116,-18.34105],[-59.75029,-18.34106]]]},"properties":{"n":"ROBORE","p":40,"personas_x_ha":42,"masculinidad":122,"pct_menor20":40,"pct_60mas":25,"pct_migrante":22,"dependencia_econ":471,"pct_empleados":71,"pct_cuentapropia":29,"pct_agricultura":29,"pct_comercio":14,"pct_manufactura":0,"pct_construccion":0,"pct_transporte":0,"pct_alojamiento":14,"pct_educ_superior":21,"brecha_educ":14,"pct_sin_seguro":15,"pct_seguro_privado":0,"brecha_seguro":-4,"pct_med_tradicional":0,"pct_automedicacion":6,"pct_remedios_caseros":22,"pct_viv_desocupada":0,"pct_alquiler":8,"pct_electricidad":100,"pct_agua_red":100,"pct_alcantarillado":50,"pct_gas_red":25,"pct_gas_garrafa":75,"pct_lena_guano":75,"pct_basura_formal":92,"pct_basura_quema":0,"pct_basura_informal":0,"pct_internet":92,"pct_celular":92,"pct_televisor":75}},{"type":"Feature","geometry":{"type":"Polygon","coordinates":[[[-59.749,-18.34217],[-59.74798,-18.34221],[-59.74798,-18.34131],[-59.74897,-18.34129],[-59.749,-18.34217]]]},"properties":{"n":"ROBORE","p":40,"personas_x_ha":38,"masculinidad":82,"pct_menor20":50,"pct_60mas":10,"pct_migrante":38,"dependencia_econ":186,"pct_empleados":21,"pct_cuentapropia":71,"pct_agricultura":14,"pct_comercio":7,"pct_manufactura":21,"pct_construccion":21,"pct_transporte":14,"pct_alojamiento":7,"pct_educ_superior":10,"brecha_educ":-21,"pct_sin_seguro":35,"pct_seguro_privado":0,"brecha_seguro":27,"pct_med_tradicional":0,"pct_automedicacion":1,"pct_remedios_caseros":41,"pct_viv_desocupada":0,"pct_alquiler":45,"pct_electricidad":100,"pct_agua_red":100,"pct_alcantarillado":91,"pct_gas_red":36,"pct_gas_garrafa":64,"pct_lena_guano":64,"pct_basura_formal":100,"pct_basura_quema":0,"pct_basura_informal":0,"pct_internet":100,"pct_celular":100,"pct_televisor":91}},{"type":"Feature","geometry":{"type":"Polygon","coordinates":[[[-59.75715,-18.33978],[-59.75808,-18.33977],[-59.75807,-18.3389],[-59.75713,-18.33889],[-59.75715,-18.33978]]]},"properties":{"n":"ROBORE","p":42,"personas_x_ha":42,"masculinidad":110,"pct_menor20":29,"pct_60mas":21,"pct_migrante":31,"dependencia_econ":110,"pct_empleados":20,"pct_cuentapropia":80,"pct_agricultura":25,"pct_comercio":25,"pct_manufactura":5,"pct_construccion":10,"pct_transporte":0,"pct_alojamiento":25,"pct_educ_superior":23,"brecha_educ":-21,"pct_sin_seguro":50,"pct_seguro_privado":0,"brecha_seguro":-10,"pct_med_tradicional":12,"pct_automedicacion":16,"pct_remedios_caseros":29,"pct_viv_desocupada":8,"pct_alquiler":0,"pct_electricidad":89,"pct_agua_red":100,"pct_alcantarillado":78,"pct_gas_red":33,"pct_gas_garrafa":67,"pct_lena_guano":67,"pct_basura_formal":100,"pct_basura_quema":0,"pct_basura_informal":0,"pct_internet":78,"pct_celular":89,"pct_televisor":89}},{"type":"Feature","geometry":{"type":"Polygon","coordinates":[[[-59.75003,-18.33892],[-59.75,-18.338],[-59.74909,-18.33803],[-59.74909,-18.33894],[-59.75003,-18.33892]]]},"properties":{"n":"ROBORE","p":72,"personas_x_ha":73,"masculinidad":89,"pct_menor20":38,"pct_60mas":15,"pct_migrante":26,"dependencia_econ":145,"pct_empleados":41,"pct_cuentapropia":48,"pct_agricultura":10,"pct_comercio":21,"pct_manufactura":10,"pct_construccion":14,"pct_transporte":28,"pct_alojamiento":3,"pct_educ_superior":33,"brecha_educ":5,"pct_sin_seguro":15,"pct_seguro_privado":0,"brecha_seguro":19,"pct_med_tradicional":2,"pct_automedicacion":10,"pct_remedios_caseros":14,"pct_viv_desocupada":0,"pct_alquiler":38,"pct_electricidad":100,"pct_agua_red":100,"pct_alcantarillado":100,"pct_gas_red":62,"pct_gas_garrafa":38,"pct_lena_guano":38,"pct_basura_formal":100,"pct_basura_quema":0,"pct_basura_informal":0,"pct_internet":100,"pct_celular":100,"pct_televisor":94}},{"type":"Feature","geometry":{"type":"Polygon","coordinates":[[[-59.75357,-18.34118],[-59.75254,-18.3412],[-59.75262,-18.34144],[-59.75286,-18.34164],[-59.75312,-18.3422],[-59.75358,-18.3422],[-59.75357,-18.34118]]]},"properties":{"n":"ROBORE","p":25,"personas_x_ha":28,"masculinidad":79,"pct_menor20":44,"pct_60mas":8,"pct_migrante":8,"dependencia_econ":178,"pct_empleados":56,"pct_cuentapropia":33,"pct_agricultura":22,"pct_comercio":33,"pct_manufactura":0,"pct_construccion":33,"pct_transporte":0,"pct_alojamiento":11,"pct_educ_superior":0,"brecha_educ":0,"pct_sin_seguro":0,"pct_seguro_privado":0,"brecha_seguro":0,"pct_med_tradicional":6,"pct_automedicacion":28,"pct_remedios_caseros":32,"pct_viv_desocupada":0,"pct_alquiler":33,"pct_electricidad":100,"pct_agua_red":100,"pct_alcantarillado":83,"pct_gas_red":17,"pct_gas_garrafa":83,"pct_lena_guano":83,"pct_basura_formal":50,"pct_basura_quema":33,"pct_basura_informal":0,"pct_internet":100,"pct_celular":100,"pct_televisor":100}},{"type":"Feature","geometry":{"type":"Polygon","coordinates":[[[-59.75378,-18.34319],[-59.75377,-18.34233],[-59.75477,-18.34223],[-59.75477,-18.34329],[-59.75597,-18.34329],[-59.75602,-18.34415],[-59.7557,-18.34421],[-59.75474,-18.34341],[-59.75402,-18.34336],[-59.75378,-18.34319]]]},"properties":{"n":"ROBORE","p":50,"personas_x_ha":23,"masculinidad":108,"pct_menor20":42,"pct_60mas":16,"pct_migrante":6,"dependencia_econ":257,"pct_empleados":36,"pct_cuentapropia":50,"pct_agricultura":7,"pct_comercio":14,"pct_manufactura":0,"pct_construccion":43,"pct_transporte":0,"pct_alojamiento":21,"pct_educ_superior":7,"brecha_educ":-1,"pct_sin_seguro":0,"pct_seguro_privado":2,"brecha_seguro":0,"pct_med_tradicional":1,"pct_automedicacion":14,"pct_remedios_caseros":19,"pct_viv_desocupada":0,"pct_alquiler":0,"pct_electricidad":100,"pct_agua_red":100,"pct_alcantarillado":42,"pct_gas_red":0,"pct_gas_garrafa":92,"pct_lena_guano":92,"pct_basura_formal":58,"pct_basura_quema":42,"pct_basura_informal":0,"pct_internet":75,"pct_celular":83,"pct_televisor":75}},{"type":"Feature","geometry":{"type":"Polygon","coordinates":[[[-59.76058,-18.34405],[-59.7605,-18.34314],[-59.75955,-18.34318],[-59.75964,-18.34407],[-59.76058,-18.34405]]]},"properties":{"n":"ROBORE","p":44,"personas_x_ha":43,"masculinidad":76,"pct_menor20":36,"pct_60mas":18,"pct_migrante":34,"dependencia_econ":238,"pct_empleados":38,"pct_cuentapropia":46,"pct_agricultura":31,"pct_comercio":31,"pct_manufactura":8,"pct_construccion":8,"pct_transporte":8,"pct_alojamiento":8,"pct_educ_superior":17,"brecha_educ":0,"pct_sin_seguro":23,"pct_seguro_privado":0,"brecha_seguro":16,"pct_med_tradicional":18,"pct_automedicacion":8,"pct_remedios_caseros":25,"pct_viv_desocupada":8,"pct_alquiler":25,"pct_electricidad":100,"pct_agua_red":100,"pct_alcantarillado":92,"pct_gas_red":33,"pct_gas_garrafa":42,"pct_lena_guano":42,"pct_basura_formal":100,"pct_basura_quema":0,"pct_basura_informal":0,"pct_internet":92,"pct_celular":92,"pct_televisor":75}},{"type":"Feature","geometry":{"type":"Polygon","coordinates":[[[-59.75945,-18.34518],[-59.75848,-18.3452],[-59.75844,-18.34429],[-59.75943,-18.34426],[-59.75945,-18.34518]]]},"properties":{"n":"ROBORE","p":45,"personas_x_ha":42,"masculinidad":137,"pct_menor20":47,"pct_60mas":13,"pct_migrante":16,"dependencia_econ":114,"pct_empleados":48,"pct_cuentapropia":38,"pct_agricultura":52,"pct_comercio":24,"pct_manufactura":0,"pct_construccion":10,"pct_transporte":5,"pct_alojamiento":0,"pct_educ_superior":8,"brecha_educ":-20,"pct_sin_seguro":4,"pct_seguro_privado":0,"brecha_seguro":-1,"pct_med_tradicional":10,"pct_automedicacion":5,"pct_remedios_caseros":38,"pct_viv_desocupada":0,"pct_alquiler":23,"pct_electricidad":100,"pct_agua_red":100,"pct_alcantarillado":31,"pct_gas_red":0,"pct_gas_garrafa":92,"pct_lena_guano":92,"pct_basura_formal":100,"pct_basura_quema":0,"pct_basura_informal":0,"pct_internet":69,"pct_celular":69,"pct_televisor":62}},{"type":"Feature","geometry":{"type":"Polygon","coordinates":[[[-59.74914,-18.34109],[-59.75011,-18.34107],[-59.75007,-18.34023],[-59.74914,-18.34019],[-59.74914,-18.34109]]]},"properties":{"n":"ROBORE","p":28,"personas_x_ha":28,"masculinidad":155,"pct_menor20":46,"pct_60mas":0,"pct_migrante":36,"dependencia_econ":433,"pct_empleados":67,"pct_cuentapropia":0,"pct_agricultura":0,"pct_comercio":33,"pct_manufactura":0,"pct_construccion":33,"pct_transporte":0,"pct_alojamiento":0,"pct_educ_superior":44,"brecha_educ":5,"pct_sin_seguro":0,"pct_seguro_privado":0,"brecha_seguro":0,"pct_med_tradicional":10,"pct_automedicacion":6,"pct_remedios_caseros":14,"pct_viv_desocupada":0,"pct_alquiler":0,"pct_electricidad":100,"pct_agua_red":100,"pct_alcantarillado":88,"pct_gas_red":38,"pct_gas_garrafa":62,"pct_lena_guano":62,"pct_basura_formal":88,"pct_basura_quema":12,"pct_basura_informal":0,"pct_internet":100,"pct_celular":100,"pct_televisor":88}},{"type":"Feature","geometry":{"type":"Polygon","coordinates":[[[-59.74553,-18.33431],[-59.74492,-18.33378],[-59.74568,-18.33303],[-59.74627,-18.33358],[-59.74553,-18.33431]]]},"properties":{"n":"ROBORE","p":42,"personas_x_ha":42,"masculinidad":133,"pct_menor20":43,"pct_60mas":17,"pct_migrante":50,"dependencia_econ":180,"pct_empleados":33,"pct_cuentapropia":53,"pct_agricultura":7,"pct_comercio":20,"pct_manufactura":13,"pct_construccion":20,"pct_transporte":0,"pct_alojamiento":7,"pct_educ_superior":17,"brecha_educ":17,"pct_sin_seguro":2,"pct_seguro_privado":0,"brecha_seguro":4,"pct_med_tradicional":1,"pct_automedicacion":9,"pct_remedios_caseros":20,"pct_viv_desocupada":7,"pct_alquiler":25,"pct_electricidad":100,"pct_agua_red":100,"pct_alcantarillado":8,"pct_gas_red":0,"pct_gas_garrafa":92,"pct_lena_guano":92,"pct_basura_formal":100,"pct_basura_quema":0,"pct_basura_informal":0,"pct_internet":92,"pct_celular":92,"pct_televisor":75}},{"type":"Feature","geometry":{"type":"Polygon","coordinates":[[[-59.76117,-18.32883],[-59.76025,-18.32888],[-59.76021,-18.32804],[-59.7603,-18.32795],[-59.76113,-18.32793],[-59.76117,-18.32883]]]},"properties":{"n":"ROBORE","p":15,"personas_x_ha":15,"masculinidad":50,"pct_menor20":20,"pct_60mas":33,"pct_migrante":27,"dependencia_econ":114,"pct_empleados":29,"pct_cuentapropia":71,"pct_agricultura":0,"pct_comercio":43,"pct_manufactura":0,"pct_construccion":0,"pct_transporte":14,"pct_alojamiento":29,"pct_educ_superior":58,"brecha_educ":0,"pct_sin_seguro":13,"pct_seguro_privado":0,"brecha_seguro":10,"pct_med_tradicional":0,"pct_automedicacion":6,"pct_remedios_caseros":0,"pct_viv_desocupada":25,"pct_alquiler":0,"pct_electricidad":100,"pct_agua_red":100,"pct_alcantarillado":100,"pct_gas_red":40,"pct_gas_garrafa":60,"pct_lena_guano":60,"pct_basura_formal":60,"pct_basura_quema":0,"pct_basura_informal":0,"pct_internet":100,"pct_celular":100,"pct_televisor":100}},{"type":"Feature","geometry":{"type":"Polygon","coordinates":[[[-59.75563,-18.33352],[-59.75468,-18.33354],[-59.75473,-18.33445],[-59.75565,-18.33442],[-59.75563,-18.33352]]]},"properties":{"n":"ROBORE","p":37,"personas_x_ha":37,"masculinidad":95,"pct_menor20":32,"pct_60mas":30,"pct_migrante":59,"dependencia_econ":95,"pct_empleados":58,"pct_cuentapropia":37,"pct_agricultura":0,"pct_comercio":26,"pct_manufactura":5,"pct_construccion":11,"pct_transporte":0,"pct_alojamiento":5,"pct_educ_superior":58,"brecha_educ":17,"pct_sin_seguro":25,"pct_seguro_privado":3,"brecha_seguro":20,"pct_med_tradicional":2,"pct_automedicacion":4,"pct_remedios_caseros":4,"pct_viv_desocupada":12,"pct_alquiler":17,"pct_electricidad":100,"pct_agua_red":100,"pct_alcantarillado":100,"pct_gas_red":25,"pct_gas_garrafa":67,"pct_lena_guano":67,"pct_basura_formal":100,"pct_basura_quema":0,"pct_basura_informal":0,"pct_internet":75,"pct_celular":92,"pct_televisor":83}},{"type":"Feature","geometry":{"type":"Polygon","coordinates":[[[-59.76275,-18.34281],[-59.76274,-18.34195],[-59.76179,-18.34197],[-59.76185,-18.34289],[-59.76275,-18.34281]]]},"properties":{"n":"ROBORE","p":58,"personas_x_ha":57,"masculinidad":152,"pct_menor20":47,"pct_60mas":5,"pct_migrante":36,"dependencia_econ":100,"pct_empleados":48,"pct_cuentapropia":41,"pct_agricultura":31,"pct_comercio":24,"pct_manufactura":3,"pct_construccion":17,"pct_transporte":7,"pct_alojamiento":3,"pct_educ_superior":9,"brecha_educ":-18,"pct_sin_seguro":14,"pct_seguro_privado":0,"brecha_seguro":23,"pct_med_tradicional":5,"pct_automedicacion":21,"pct_remedios_caseros":36,"pct_viv_desocupada":0,"pct_alquiler":19,"pct_electricidad":100,"pct_agua_red":100,"pct_alcantarillado":56,"pct_gas_red":19,"pct_gas_garrafa":56,"pct_lena_guano":56,"pct_basura_formal":88,"pct_basura_quema":12,"pct_basura_informal":0,"pct_internet":62,"pct_celular":75,"pct_televisor":62}},{"type":"Feature","geometry":{"type":"Polygon","coordinates":[[[-59.75019,-18.34343],[-59.74921,-18.34345],[-59.74924,-18.34434],[-59.75021,-18.34432],[-59.75019,-18.34343]]]},"properties":{"n":"ROBORE","p":29,"personas_x_ha":28,"masculinidad":142,"pct_menor20":41,"pct_60mas":3,"pct_migrante":10,"dependencia_econ":262,"pct_empleados":12,"pct_cuentapropia":88,"pct_agricultura":12,"pct_comercio":12,"pct_manufactura":12,"pct_construccion":25,"pct_transporte":0,"pct_alojamiento":25,"pct_educ_superior":21,"brecha_educ":-18,"pct_sin_seguro":21,"pct_seguro_privado":0,"brecha_seguro":35,"pct_med_tradicional":0,"pct_automedicacion":3,"pct_remedios_caseros":3,"pct_viv_desocupada":9,"pct_alquiler":0,"pct_electricidad":100,"pct_agua_red":100,"pct_alcantarillado":62,"pct_gas_red":0,"pct_gas_garrafa":75,"pct_lena_guano":75,"pct_basura_formal":100,"pct_basura_quema":0,"pct_basura_informal":0,"pct_internet":75,"pct_celular":88,"pct_televisor":75}},{"type":"Feature","geometry":{"type":"Polygon","coordinates":[[[-59.74028,-18.33765],[-59.74062,-18.33732],[-59.74125,-18.33732],[-59.74125,-18.33739],[-59.74157,-18.33726],[-59.74161,-18.33702],[-59.74432,-18.33663],[-59.7443,-18.3382],[-59.74423,-18.33827],[-59.74192,-18.33824],[-59.74191,-18.33841],[-59.74223,-18.33841],[-59.74158,-18.33883],[-59.74028,-18.33765]]]},"properties":{"n":"ROBORE","p":77,"personas_x_ha":13,"masculinidad":108,"pct_menor20":44,"pct_60mas":5,"pct_migrante":34,"dependencia_econ":166,"pct_empleados":48,"pct_cuentapropia":48,"pct_agricultura":7,"pct_comercio":14,"pct_manufactura":10,"pct_construccion":17,"pct_transporte":14,"pct_alojamiento":3,"pct_educ_superior":27,"brecha_educ":7,"pct_sin_seguro":14,"pct_seguro_privado":0,"brecha_seguro":21,"pct_med_tradicional":10,"pct_automedicacion":12,"pct_remedios_caseros":33,"pct_viv_desocupada":4,"pct_alquiler":20,"pct_electricidad":100,"pct_agua_red":100,"pct_alcantarillado":15,"pct_gas_red":5,"pct_gas_garrafa":90,"pct_lena_guano":90,"pct_basura_formal":90,"pct_basura_quema":10,"pct_basura_informal":0,"pct_internet":70,"pct_celular":75,"pct_televisor":75}},{"type":"Feature","geometry":{"type":"Polygon","coordinates":[[[-59.75869,-18.3224],[-59.75867,-18.32151],[-59.75772,-18.32158],[-59.75775,-18.32243],[-59.75869,-18.3224]]]},"properties":{"n":"ROBORE","p":18,"personas_x_ha":18,"masculinidad":125,"pct_menor20":50,"pct_60mas":6,"pct_migrante":61,"dependencia_econ":157,"pct_empleados":71,"pct_cuentapropia":14,"pct_agricultura":14,"pct_comercio":14,"pct_manufactura":0,"pct_construccion":0,"pct_transporte":14,"pct_alojamiento":0,"pct_educ_superior":78,"brecha_educ":0,"pct_sin_seguro":0,"pct_seguro_privado":0,"brecha_seguro":0,"pct_med_tradicional":14,"pct_automedicacion":14,"pct_remedios_caseros":25,"pct_viv_desocupada":0,"pct_alquiler":40,"pct_electricidad":100,"pct_agua_red":100,"pct_alcantarillado":20,"pct_gas_red":0,"pct_gas_garrafa":80,"pct_lena_guano":80,"pct_basura_formal":100,"pct_basura_quema":0,"pct_basura_informal":0,"pct_internet":100,"pct_celular":100,"pct_televisor":100}},{"type":"Feature","geometry":{"type":"Polygon","coordinates":[[[-59.75302,-18.32363],[-59.75215,-18.3237],[-59.7521,-18.32273],[-59.75302,-18.3227],[-59.75302,-18.32363]]]},"properties":{"n":"ROBORE","p":30,"personas_x_ha":29,"masculinidad":88,"pct_menor20":50,"pct_60mas":3,"pct_migrante":13,"dependencia_econ":329,"pct_empleados":29,"pct_cuentapropia":43,"pct_agricultura":29,"pct_comercio":0,"pct_manufactura":29,"pct_construccion":43,"pct_transporte":29,"pct_alojamiento":0,"pct_educ_superior":7,"brecha_educ":-2,"pct_sin_seguro":10,"pct_seguro_privado":0,"brecha_seguro":8,"pct_med_tradicional":2,"pct_automedicacion":2,"pct_remedios_caseros":34,"pct_viv_desocupada":0,"pct_alquiler":0,"pct_electricidad":100,"pct_agua_red":100,"pct_alcantarillado":20,"pct_gas_red":0,"pct_gas_garrafa":100,"pct_lena_guano":100,"pct_basura_formal":100,"pct_basura_quema":0,"pct_basura_informal":0,"pct_internet":10,"pct_celular":70,"pct_televisor":100}},{"type":"Feature","geometry":{"type":"Polygon","coordinates":[[[-59.75101,-18.33151],[-59.7507,-18.33118],[-59.74937,-18.33233],[-59.74977,-18.33269],[-59.75101,-18.33151]]]},"properties":{"n":"ROBORE","p":17,"personas_x_ha":18,"masculinidad":112,"pct_menor20":59,"pct_60mas":0,"pct_migrante":47,"dependencia_econ":325,"pct_empleados":0,"pct_cuentapropia":100,"pct_agricultura":0,"pct_comercio":75,"pct_manufactura":25,"pct_construccion":0,"pct_transporte":0,"pct_alojamiento":0,"pct_educ_superior":25,"brecha_educ":0,"pct_sin_seguro":6,"pct_seguro_privado":0,"brecha_seguro":11,"pct_med_tradicional":0,"pct_automedicacion":11,"pct_remedios_caseros":32,"pct_viv_desocupada":18,"pct_alquiler":50,"pct_electricidad":100,"pct_agua_red":75,"pct_alcantarillado":0,"pct_gas_red":50,"pct_gas_garrafa":50,"pct_lena_guano":50,"pct_basura_formal":75,"pct_basura_quema":25,"pct_basura_informal":0,"pct_internet":100,"pct_celular":100,"pct_televisor":75}},{"type":"Feature","geometry":{"type":"Polygon","coordinates":[[[-59.74125,-18.33644],[-59.74076,-18.33601],[-59.74025,-18.33668],[-59.74067,-18.33705],[-59.74125,-18.33644]]]},"properties":{"n":"ROBORE","p":40,"personas_x_ha":67,"masculinidad":90,"pct_menor20":35,"pct_60mas":12,"pct_migrante":5,"dependencia_econ":208,"pct_empleados":85,"pct_cuentapropia":15,"pct_agricultura":8,"pct_comercio":38,"pct_manufactura":8,"pct_construccion":8,"pct_transporte":23,"pct_alojamiento":0,"pct_educ_superior":8,"brecha_educ":10,"pct_sin_seguro":5,"pct_seguro_privado":0,"brecha_seguro":1,"pct_med_tradicional":6,"pct_automedicacion":9,"pct_remedios_caseros":26,"pct_viv_desocupada":0,"pct_alquiler":0,"pct_electricidad":92,"pct_agua_red":83,"pct_alcantarillado":8,"pct_gas_red":0,"pct_gas_garrafa":92,"pct_lena_guano":92,"pct_basura_formal":100,"pct_basura_quema":0,"pct_basura_informal":0,"pct_internet":58,"pct_celular":92,"pct_televisor":83}},{"type":"Feature","geometry":{"type":"Polygon","coordinates":[[[-59.75691,-18.33131],[-59.75783,-18.33129],[-59.75786,-18.33219],[-59.75694,-18.33222],[-59.75691,-18.33131]]]},"properties":{"n":"ROBORE","p":18,"personas_x_ha":18,"masculinidad":125,"pct_menor20":17,"pct_60mas":39,"pct_migrante":44,"dependencia_econ":70,"pct_empleados":30,"pct_cuentapropia":60,"pct_agricultura":10,"pct_comercio":50,"pct_manufactura":0,"pct_construccion":20,"pct_transporte":0,"pct_alojamiento":0,"pct_educ_superior":64,"brecha_educ":11,"pct_sin_seguro":35,"pct_seguro_privado":0,"brecha_seguro":11,"pct_med_tradicional":7,"pct_automedicacion":18,"pct_remedios_caseros":14,"pct_viv_desocupada":0,"pct_alquiler":12,"pct_electricidad":100,"pct_agua_red":88,"pct_alcantarillado":88,"pct_gas_red":25,"pct_gas_garrafa":62,"pct_lena_guano":62,"pct_basura_formal":100,"pct_basura_quema":0,"pct_basura_informal":0,"pct_internet":100,"pct_celular":100,"pct_televisor":88}},{"type":"Feature","geometry":{"type":"Polygon","coordinates":[[[-59.74566,-18.34441],[-59.74475,-18.34441],[-59.74469,-18.3435],[-59.74564,-18.34352],[-59.74566,-18.34441]]]},"properties":{"n":"ROBORE","p":20,"personas_x_ha":20,"masculinidad":100,"pct_menor20":50,"pct_60mas":0,"pct_migrante":25,"dependencia_econ":122,"pct_empleados":67,"pct_cuentapropia":11,"pct_agricultura":0,"pct_comercio":0,"pct_manufactura":22,"pct_construccion":0,"pct_transporte":11,"pct_alojamiento":0,"pct_educ_superior":50,"brecha_educ":-33,"pct_sin_seguro":0,"pct_seguro_privado":0,"brecha_seguro":0,"pct_med_tradicional":5,"pct_automedicacion":16,"pct_remedios_caseros":33,"pct_viv_desocupada":0,"pct_alquiler":0,"pct_electricidad":100,"pct_agua_red":100,"pct_alcantarillado":20,"pct_gas_red":60,"pct_gas_garrafa":40,"pct_lena_guano":40,"pct_basura_formal":100,"pct_basura_quema":0,"pct_basura_informal":0,"pct_internet":100,"pct_celular":100,"pct_televisor":80}},{"type":"Feature","geometry":{"type":"Polygon","coordinates":[[[-59.74508,-18.33957],[-59.74564,-18.33807],[-59.74619,-18.33732],[-59.74693,-18.33698],[-59.7475,-18.33647],[-59.74827,-18.33677],[-59.7483,-18.33685],[-59.74788,-18.3373],[-59.74671,-18.33797],[-59.74558,-18.33941],[-59.74526,-18.33971],[-59.74508,-18.33957]]]},"properties":{"n":"ROBORE","p":122,"personas_x_ha":36,"masculinidad":122,"pct_menor20":37,"pct_60mas":13,"pct_migrante":43,"dependencia_econ":114,"pct_empleados":16,"pct_cuentapropia":63,"pct_agricultura":19,"pct_comercio":44,"pct_manufactura":2,"pct_construccion":7,"pct_transporte":7,"pct_alojamiento":5,"pct_educ_superior":17,"brecha_educ":-2,"pct_sin_seguro":22,"pct_seguro_privado":0,"brecha_seguro":4,"pct_med_tradicional":5,"pct_automedicacion":11,"pct_remedios_caseros":24,"pct_viv_desocupada":13,"pct_alquiler":35,"pct_electricidad":100,"pct_agua_red":100,"pct_alcantarillado":74,"pct_gas_red":24,"pct_gas_garrafa":71,"pct_lena_guano":71,"pct_basura_formal":85,"pct_basura_quema":12,"pct_basura_informal":0,"pct_internet":68,"pct_celular":79,"pct_televisor":76}},{"type":"Feature","geometry":{"type":"Polygon","coordinates":[[[-59.75242,-18.33577],[-59.75241,-18.33666],[-59.75309,-18.33666],[-59.75301,-18.3362],[-59.75281,-18.33576],[-59.75242,-18.33577]]]},"properties":{"n":"ROBORE","p":22,"personas_x_ha":36,"masculinidad":83,"pct_menor20":9,"pct_60mas":27,"pct_migrante":45,"dependencia_econ":57,"pct_empleados":43,"pct_cuentapropia":50,"pct_agricultura":14,"pct_comercio":14,"pct_manufactura":7,"pct_construccion":0,"pct_transporte":14,"pct_alojamiento":0,"pct_educ_superior":30,"brecha_educ":-25,"pct_sin_seguro":23,"pct_seguro_privado":0,"brecha_seguro":13,"pct_med_tradicional":0,"pct_automedicacion":0,"pct_remedios_caseros":4,"pct_viv_desocupada":20,"pct_alquiler":0,"pct_electricidad":100,"pct_agua_red":100,"pct_alcantarillado":71,"pct_gas_red":43,"pct_gas_garrafa":57,"pct_lena_guano":57,"pct_basura_formal":86,"pct_basura_quema":14,"pct_basura_informal":0,"pct_internet":86,"pct_celular":100,"pct_televisor":86}},{"type":"Feature","geometry":{"type":"Polygon","coordinates":[[[-59.75413,-18.33789],[-59.75383,-18.33872],[-59.75374,-18.33873],[-59.75375,-18.33883],[-59.75465,-18.33877],[-59.75464,-18.33789],[-59.75413,-18.33789]]]},"properties":{"n":"ROBORE","p":26,"personas_x_ha":34,"masculinidad":86,"pct_menor20":38,"pct_60mas":4,"pct_migrante":35,"dependencia_econ":100,"pct_empleados":38,"pct_cuentapropia":54,"pct_agricultura":0,"pct_comercio":23,"pct_manufactura":15,"pct_construccion":15,"pct_transporte":15,"pct_alojamiento":0,"pct_educ_superior":22,"brecha_educ":0,"pct_sin_seguro":8,"pct_seguro_privado":0,"brecha_seguro":17,"pct_med_tradicional":0,"pct_automedicacion":0,"pct_remedios_caseros":4,"pct_viv_desocupada":0,"pct_alquiler":14,"pct_electricidad":100,"pct_agua_red":86,"pct_alcantarillado":43,"pct_gas_red":0,"pct_gas_garrafa":86,"pct_lena_guano":86,"pct_basura_formal":86,"pct_basura_quema":14,"pct_basura_informal":0,"pct_internet":71,"pct_celular":86,"pct_televisor":86}},{"type":"Feature","geometry":{"type":"Polygon","coordinates":[[[-59.76153,-18.33425],[-59.76244,-18.33423],[-59.76245,-18.33334],[-59.76155,-18.33336],[-59.76153,-18.33425]]]},"properties":{"n":"ROBORE","p":58,"personas_x_ha":59,"masculinidad":107,"pct_menor20":38,"pct_60mas":12,"pct_migrante":22,"dependencia_econ":84,"pct_empleados":39,"pct_cuentapropia":32,"pct_agricultura":10,"pct_comercio":6,"pct_manufactura":16,"pct_construccion":6,"pct_transporte":3,"pct_alojamiento":3,"pct_educ_superior":28,"brecha_educ":-8,"pct_sin_seguro":11,"pct_seguro_privado":0,"brecha_seguro":-1,"pct_med_tradicional":6,"pct_automedicacion":20,"pct_remedios_caseros":30,"pct_viv_desocupada":0,"pct_alquiler":12,"pct_electricidad":100,"pct_agua_red":100,"pct_alcantarillado":88,"pct_gas_red":24,"pct_gas_garrafa":71,"pct_lena_guano":71,"pct_basura_formal":100,"pct_basura_quema":0,"pct_basura_informal":0,"pct_internet":94,"pct_celular":100,"pct_televisor":88}},{"type":"Feature","geometry":{"type":"Polygon","coordinates":[[[-59.74438,-18.34081],[-59.74463,-18.34034],[-59.74477,-18.34007],[-59.74405,-18.34007],[-59.74379,-18.34029],[-59.74438,-18.34081]]]},"properties":{"n":"ROBORE","p":22,"personas_x_ha":48,"masculinidad":47,"pct_menor20":27,"pct_60mas":18,"pct_migrante":5,"dependencia_econ":175,"pct_empleados":38,"pct_cuentapropia":50,"pct_agricultura":0,"pct_comercio":12,"pct_manufactura":12,"pct_construccion":12,"pct_transporte":12,"pct_alojamiento":12,"pct_educ_superior":19,"brecha_educ":0,"pct_sin_seguro":45,"pct_seguro_privado":0,"brecha_seguro":17,"pct_med_tradicional":10,"pct_automedicacion":8,"pct_remedios_caseros":35,"pct_viv_desocupada":0,"pct_alquiler":0,"pct_electricidad":100,"pct_agua_red":100,"pct_alcantarillado":25,"pct_gas_red":25,"pct_gas_garrafa":50,"pct_lena_guano":50,"pct_basura_formal":100,"pct_basura_quema":0,"pct_basura_informal":0,"pct_internet":75,"pct_celular":100,"pct_televisor":75}},{"type":"Feature","geometry":{"type":"Polygon","coordinates":[[[-59.74891,-18.34002],[-59.74798,-18.34004],[-59.74792,-18.33915],[-59.74889,-18.33913],[-59.74891,-18.34002]]]},"properties":{"n":"ROBORE","p":33,"personas_x_ha":33,"masculinidad":83,"pct_menor20":39,"pct_60mas":21,"pct_migrante":24,"dependencia_econ":106,"pct_empleados":38,"pct_cuentapropia":56,"pct_agricultura":31,"pct_comercio":19,"pct_manufactura":0,"pct_construccion":0,"pct_transporte":19,"pct_alojamiento":0,"pct_educ_superior":25,"brecha_educ":-5,"pct_sin_seguro":15,"pct_seguro_privado":0,"brecha_seguro":-3,"pct_med_tradicional":4,"pct_automedicacion":15,"pct_remedios_caseros":23,"pct_viv_desocupada":6,"pct_alquiler":25,"pct_electricidad":100,"pct_agua_red":100,"pct_alcantarillado":92,"pct_gas_red":58,"pct_gas_garrafa":42,"pct_lena_guano":42,"pct_basura_formal":100,"pct_basura_quema":0,"pct_basura_informal":0,"pct_internet":67,"pct_celular":92,"pct_televisor":83}},{"type":"Feature","geometry":{"type":"Polygon","coordinates":[[[-59.73815,-18.34484],[-59.73723,-18.34457],[-59.73754,-18.34375],[-59.73846,-18.34398],[-59.73815,-18.34484]]]},"properties":{"n":"ROBORE","p":28,"personas_x_ha":27,"masculinidad":65,"pct_menor20":32,"pct_60mas":11,"pct_migrante":25,"dependencia_econ":250,"pct_empleados":25,"pct_cuentapropia":75,"pct_agricultura":0,"pct_comercio":38,"pct_manufactura":12,"pct_construccion":25,"pct_transporte":0,"pct_alojamiento":12,"pct_educ_superior":26,"brecha_educ":-27,"pct_sin_seguro":15,"pct_seguro_privado":4,"brecha_seguro":21,"pct_med_tradicional":0,"pct_automedicacion":34,"pct_remedios_caseros":34,"pct_viv_desocupada":0,"pct_alquiler":11,"pct_electricidad":89,"pct_agua_red":100,"pct_alcantarillado":22,"pct_gas_red":0,"pct_gas_garrafa":78,"pct_lena_guano":78,"pct_basura_formal":56,"pct_basura_quema":33,"pct_basura_informal":22,"pct_internet":56,"pct_celular":56,"pct_televisor":44}},{"type":"Feature","geometry":{"type":"Polygon","coordinates":[[[-59.74339,-18.34441],[-59.74338,-18.34352],[-59.74244,-18.34354],[-59.74247,-18.34444],[-59.74339,-18.34441]]]},"properties":{"n":"ROBORE","p":17,"personas_x_ha":17,"masculinidad":89,"pct_menor20":35,"pct_60mas":12,"pct_migrante":29,"dependencia_econ":112,"pct_empleados":62,"pct_cuentapropia":25,"pct_agricultura":25,"pct_comercio":12,"pct_manufactura":12,"pct_construccion":0,"pct_transporte":12,"pct_alojamiento":12,"pct_educ_superior":27,"brecha_educ":14,"pct_sin_seguro":6,"pct_seguro_privado":0,"brecha_seguro":-11,"pct_med_tradicional":5,"pct_automedicacion":12,"pct_remedios_caseros":37,"pct_viv_desocupada":0,"pct_alquiler":17,"pct_electricidad":100,"pct_agua_red":83,"pct_alcantarillado":33,"pct_gas_red":17,"pct_gas_garrafa":83,"pct_lena_guano":83,"pct_basura_formal":100,"pct_basura_quema":0,"pct_basura_informal":0,"pct_internet":100,"pct_celular":100,"pct_televisor":83}},{"type":"Feature","geometry":{"type":"Polygon","coordinates":[[[-59.74189,-18.33594],[-59.74133,-18.33543],[-59.74087,-18.3359],[-59.74137,-18.33638],[-59.74189,-18.33594]]]},"properties":{"n":"ROBORE","p":39,"personas_x_ha":67,"masculinidad":70,"pct_menor20":38,"pct_60mas":8,"pct_migrante":23,"dependencia_econ":200,"pct_empleados":69,"pct_cuentapropia":31,"pct_agricultura":15,"pct_comercio":23,"pct_manufactura":8,"pct_construccion":8,"pct_transporte":23,"pct_alojamiento":0,"pct_educ_superior":24,"brecha_educ":11,"pct_sin_seguro":0,"pct_seguro_privado":0,"brecha_seguro":0,"pct_med_tradicional":7,"pct_automedicacion":9,"pct_remedios_caseros":32,"pct_viv_desocupada":0,"pct_alquiler":9,"pct_electricidad":100,"pct_agua_red":100,"pct_alcantarillado":9,"pct_gas_red":18,"pct_gas_garrafa":82,"pct_lena_guano":82,"pct_basura_formal":82,"pct_basura_quema":9,"pct_basura_informal":0,"pct_internet":73,"pct_celular":91,"pct_televisor":82}},{"type":"Feature","geometry":{"type":"Polygon","coordinates":[[[-59.74861,-18.33317],[-59.74759,-18.33235],[-59.74707,-18.3329],[-59.74745,-18.33321],[-59.74777,-18.33315],[-59.74855,-18.33329],[-59.74861,-18.33317]]]},"properties":{"n":"ROBORE","p":25,"personas_x_ha":31,"masculinidad":92,"pct_menor20":40,"pct_60mas":12,"pct_migrante":44,"dependencia_econ":178,"pct_empleados":44,"pct_cuentapropia":44,"pct_agricultura":22,"pct_comercio":11,"pct_manufactura":11,"pct_construccion":22,"pct_transporte":11,"pct_alojamiento":0,"pct_educ_superior":20,"brecha_educ":-45,"pct_sin_seguro":24,"pct_seguro_privado":0,"brecha_seguro":2,"pct_med_tradicional":0,"pct_automedicacion":23,"pct_remedios_caseros":32,"pct_viv_desocupada":9,"pct_alquiler":14,"pct_electricidad":86,"pct_agua_red":100,"pct_alcantarillado":0,"pct_gas_red":0,"pct_gas_garrafa":86,"pct_lena_guano":86,"pct_basura_formal":86,"pct_basura_quema":0,"pct_basura_informal":0,"pct_internet":86,"pct_celular":100,"pct_televisor":86}},{"type":"Feature","geometry":{"type":"Polygon","coordinates":[[[-59.75309,-18.32492],[-59.75215,-18.32492],[-59.75216,-18.32581],[-59.75311,-18.32582],[-59.75309,-18.32492]]]},"properties":{"n":"ROBORE","p":47,"personas_x_ha":47,"masculinidad":96,"pct_menor20":51,"pct_60mas":2,"pct_migrante":19,"dependencia_econ":147,"pct_empleados":53,"pct_cuentapropia":42,"pct_agricultura":11,"pct_comercio":11,"pct_manufactura":11,"pct_construccion":26,"pct_transporte":11,"pct_alojamiento":0,"pct_educ_superior":30,"brecha_educ":25,"pct_sin_seguro":6,"pct_seguro_privado":0,"brecha_seguro":5,"pct_med_tradicional":7,"pct_automedicacion":20,"pct_remedios_caseros":21,"pct_viv_desocupada":20,"pct_alquiler":23,"pct_electricidad":100,"pct_agua_red":92,"pct_alcantarillado":15,"pct_gas_red":0,"pct_gas_garrafa":92,"pct_lena_guano":92,"pct_basura_formal":92,"pct_basura_quema":8,"pct_basura_informal":0,"pct_internet":85,"pct_celular":100,"pct_televisor":92}},{"type":"Feature","geometry":{"type":"Polygon","coordinates":[[[-59.75447,-18.32574],[-59.75541,-18.32572],[-59.75542,-18.32428],[-59.75555,-18.32428],[-59.75556,-18.32573],[-59.75651,-18.32571],[-59.7565,-18.32548],[-59.75624,-18.32548],[-59.75595,-18.32497],[-59.75587,-18.32347],[-59.75443,-18.32351],[-59.75447,-18.32574]]]},"properties":{"n":"ROBORE","p":40,"personas_x_ha":10,"masculinidad":100,"pct_menor20":32,"pct_60mas":18,"pct_migrante":32,"dependencia_econ":111,"pct_empleados":53,"pct_cuentapropia":32,"pct_agricultura":0,"pct_comercio":5,"pct_manufactura":5,"pct_construccion":16,"pct_transporte":11,"pct_alojamiento":11,"pct_educ_superior":30,"brecha_educ":-7,"pct_sin_seguro":8,"pct_seguro_privado":0,"brecha_seguro":15,"pct_med_tradicional":4,"pct_automedicacion":27,"pct_remedios_caseros":25,"pct_viv_desocupada":11,"pct_alquiler":12,"pct_electricidad":100,"pct_agua_red":100,"pct_alcantarillado":6,"pct_gas_red":0,"pct_gas_garrafa":88,"pct_lena_guano":88,"pct_basura_formal":100,"pct_basura_quema":0,"pct_basura_informal":0,"pct_internet":94,"pct_celular":94,"pct_televisor":81}},{"type":"Feature","geometry":{"type":"Polygon","coordinates":[[[-59.7578,-18.32894],[-59.75774,-18.32802],[-59.7568,-18.32806],[-59.75684,-18.32896],[-59.7578,-18.32894]]]},"properties":{"n":"ROBORE","p":33,"personas_x_ha":32,"masculinidad":83,"pct_menor20":30,"pct_60mas":15,"pct_migrante":64,"dependencia_econ":43,"pct_empleados":9,"pct_cuentapropia":78,"pct_agricultura":0,"pct_comercio":65,"pct_manufactura":0,"pct_construccion":4,"pct_transporte":9,"pct_alojamiento":4,"pct_educ_superior":0,"brecha_educ":-19,"pct_sin_seguro":9,"pct_seguro_privado":0,"brecha_seguro":-4,"pct_med_tradicional":5,"pct_automedicacion":11,"pct_remedios_caseros":25,"pct_viv_desocupada":0,"pct_alquiler":14,"pct_electricidad":100,"pct_agua_red":100,"pct_alcantarillado":100,"pct_gas_red":43,"pct_gas_garrafa":57,"pct_lena_guano":57,"pct_basura_formal":100,"pct_basura_quema":0,"pct_basura_informal":0,"pct_internet":64,"pct_celular":71,"pct_televisor":79}},{"type":"Feature","geometry":{"type":"Polygon","coordinates":[[[-59.7451,-18.33255],[-59.74458,-18.33207],[-59.74334,-18.33332],[-59.74385,-18.33382],[-59.7451,-18.33255]]]},"properties":{"n":"ROBORE","p":37,"personas_x_ha":25,"masculinidad":85,"pct_menor20":30,"pct_60mas":19,"pct_migrante":35,"dependencia_econ":143,"pct_empleados":57,"pct_cuentapropia":43,"pct_agricultura":7,"pct_comercio":21,"pct_manufactura":0,"pct_construccion":14,"pct_transporte":14,"pct_alojamiento":14,"pct_educ_superior":22,"brecha_educ":-8,"pct_sin_seguro":6,"pct_seguro_privado":0,"brecha_seguro":1,"pct_med_tradicional":4,"pct_automedicacion":15,"pct_remedios_caseros":32,"pct_viv_desocupada":14,"pct_alquiler":0,"pct_electricidad":100,"pct_agua_red":100,"pct_alcantarillado":0,"pct_gas_red":14,"pct_gas_garrafa":64,"pct_lena_guano":64,"pct_basura_formal":71,"pct_basura_quema":21,"pct_basura_informal":14,"pct_internet":71,"pct_celular":86,"pct_televisor":79}},{"type":"Feature","geometry":{"type":"Polygon","coordinates":[[[-59.74651,-18.32884],[-59.74578,-18.32821],[-59.74513,-18.32888],[-59.74587,-18.32949],[-59.74651,-18.32884]]]},"properties":{"n":"ROBORE","p":26,"personas_x_ha":25,"masculinidad":117,"pct_menor20":35,"pct_60mas":4,"pct_migrante":31,"dependencia_econ":225,"pct_empleados":38,"pct_cuentapropia":50,"pct_agricultura":12,"pct_comercio":25,"pct_manufactura":0,"pct_construccion":12,"pct_transporte":0,"pct_alojamiento":12,"pct_educ_superior":6,"brecha_educ":-12,"pct_sin_seguro":0,"pct_seguro_privado":0,"brecha_seguro":0,"pct_med_tradicional":2,"pct_automedicacion":18,"pct_remedios_caseros":26,"pct_viv_desocupada":0,"pct_alquiler":12,"pct_electricidad":88,"pct_agua_red":100,"pct_alcantarillado":0,"pct_gas_red":0,"pct_gas_garrafa":100,"pct_lena_guano":100,"pct_basura_formal":100,"pct_basura_quema":0,"pct_basura_informal":0,"pct_internet":62,"pct_celular":88,"pct_televisor":88}},{"type":"Feature","geometry":{"type":"Polygon","coordinates":[[[-59.76027,-18.32995],[-59.7612,-18.32993],[-59.76119,-18.32903],[-59.76025,-18.32905],[-59.76027,-18.32995]]]},"properties":{"n":"ROBORE","p":28,"personas_x_ha":28,"masculinidad":100,"pct_menor20":29,"pct_60mas":25,"pct_migrante":43,"dependencia_econ":180,"pct_empleados":40,"pct_cuentapropia":50,"pct_agricultura":50,"pct_comercio":0,"pct_manufactura":0,"pct_construccion":30,"pct_transporte":50,"pct_alojamiento":0,"pct_educ_superior":10,"brecha_educ":12,"pct_sin_seguro":0,"pct_seguro_privado":0,"brecha_seguro":0,"pct_med_tradicional":10,"pct_automedicacion":10,"pct_remedios_caseros":31,"pct_viv_desocupada":8,"pct_alquiler":0,"pct_electricidad":100,"pct_agua_red":100,"pct_alcantarillado":40,"pct_gas_red":50,"pct_gas_garrafa":30,"pct_lena_guano":30,"pct_basura_formal":100,"pct_basura_quema":0,"pct_basura_informal":0,"pct_internet":80,"pct_celular":100,"pct_televisor":60}},{"type":"Feature","geometry":{"type":"Polygon","coordinates":[[[-59.7582,-18.33651],[-59.75912,-18.33649],[-59.75909,-18.3356],[-59.75817,-18.33564],[-59.7582,-18.33651]]]},"properties":{"n":"ROBORE","p":27,"personas_x_ha":28,"masculinidad":93,"pct_menor20":26,"pct_60mas":15,"pct_migrante":22,"dependencia_econ":145,"pct_empleados":55,"pct_cuentapropia":27,"pct_agricultura":9,"pct_comercio":18,"pct_manufactura":27,"pct_construccion":0,"pct_transporte":0,"pct_alojamiento":0,"pct_educ_superior":15,"brecha_educ":-7,"pct_sin_seguro":20,"pct_seguro_privado":0,"brecha_seguro":-6,"pct_med_tradicional":0,"pct_automedicacion":0,"pct_remedios_caseros":12,"pct_viv_desocupada":10,"pct_alquiler":12,"pct_electricidad":100,"pct_agua_red":100,"pct_alcantarillado":62,"pct_gas_red":38,"pct_gas_garrafa":62,"pct_lena_guano":62,"pct_basura_formal":100,"pct_basura_quema":0,"pct_basura_informal":0,"pct_internet":75,"pct_celular":88,"pct_televisor":100}},{"type":"Feature","geometry":{"type":"Polygon","coordinates":[[[-59.75659,-18.32716],[-59.75656,-18.32694],[-59.75562,-18.32695],[-59.75563,-18.32772],[-59.75569,-18.32777],[-59.75659,-18.32716]]]},"properties":{"n":"ROBORE","p":26,"personas_x_ha":41,"masculinidad":86,"pct_menor20":35,"pct_60mas":12,"pct_migrante":27,"dependencia_econ":189,"pct_empleados":56,"pct_cuentapropia":44,"pct_agricultura":11,"pct_comercio":33,"pct_manufactura":0,"pct_construccion":0,"pct_transporte":22,"pct_alojamiento":0,"pct_educ_superior":44,"brecha_educ":-10,"pct_sin_seguro":32,"pct_seguro_privado":0,"brecha_seguro":-13,"pct_med_tradicional":5,"pct_automedicacion":27,"pct_remedios_caseros":30,"pct_viv_desocupada":0,"pct_alquiler":22,"pct_electricidad":100,"pct_agua_red":100,"pct_alcantarillado":22,"pct_gas_red":0,"pct_gas_garrafa":100,"pct_lena_guano":100,"pct_basura_formal":100,"pct_basura_quema":0,"pct_basura_informal":0,"pct_internet":67,"pct_celular":89,"pct_televisor":89}},{"type":"Feature","geometry":{"type":"Polygon","coordinates":[[[-59.75365,-18.33574],[-59.75458,-18.33572],[-59.75459,-18.3366],[-59.75385,-18.33661],[-59.75367,-18.3365],[-59.75365,-18.33574]]]},"properties":{"n":"ROBORE","p":36,"personas_x_ha":38,"masculinidad":89,"pct_menor20":31,"pct_60mas":11,"pct_migrante":19,"dependencia_econ":112,"pct_empleados":24,"pct_cuentapropia":71,"pct_agricultura":18,"pct_comercio":12,"pct_manufactura":0,"pct_construccion":18,"pct_transporte":12,"pct_alojamiento":6,"pct_educ_superior":20,"brecha_educ":10,"pct_sin_seguro":20,"pct_seguro_privado":0,"brecha_seguro":21,"pct_med_tradicional":0,"pct_automedicacion":11,"pct_remedios_caseros":11,"pct_viv_desocupada":0,"pct_alquiler":21,"pct_electricidad":100,"pct_agua_red":100,"pct_alcantarillado":71,"pct_gas_red":21,"pct_gas_garrafa":79,"pct_lena_guano":79,"pct_basura_formal":71,"pct_basura_quema":14,"pct_basura_informal":0,"pct_internet":57,"pct_celular":57,"pct_televisor":86}},{"type":"Feature","geometry":{"type":"Polygon","coordinates":[[[-59.74669,-18.34224],[-59.74668,-18.34135],[-59.74571,-18.34134],[-59.74577,-18.34225],[-59.74669,-18.34224]]]},"properties":{"n":"ROBORE","p":63,"personas_x_ha":62,"masculinidad":103,"pct_menor20":38,"pct_60mas":6,"pct_migrante":22,"dependencia_econ":77,"pct_empleados":37,"pct_cuentapropia":49,"pct_agricultura":17,"pct_comercio":11,"pct_manufactura":3,"pct_construccion":23,"pct_transporte":20,"pct_alojamiento":11,"pct_educ_superior":17,"brecha_educ":-18,"pct_sin_seguro":15,"pct_seguro_privado":0,"brecha_seguro":3,"pct_med_tradicional":4,"pct_automedicacion":0,"pct_remedios_caseros":20,"pct_viv_desocupada":4,"pct_alquiler":11,"pct_electricidad":100,"pct_agua_red":100,"pct_alcantarillado":78,"pct_gas_red":0,"pct_gas_garrafa":94,"pct_lena_guano":94,"pct_basura_formal":94,"pct_basura_quema":6,"pct_basura_informal":0,"pct_internet":78,"pct_celular":89,"pct_televisor":72}},{"type":"Feature","geometry":{"type":"Polygon","coordinates":[[[-59.74417,-18.32969],[-59.74345,-18.32909],[-59.74299,-18.32942],[-59.74307,-18.32952],[-59.74253,-18.33004],[-59.74322,-18.33068],[-59.74417,-18.32969]]]},"properties":{"n":"ROBORE","p":42,"personas_x_ha":28,"masculinidad":110,"pct_menor20":52,"pct_60mas":10,"pct_migrante":26,"dependencia_econ":180,"pct_empleados":67,"pct_cuentapropia":33,"pct_agricultura":20,"pct_comercio":7,"pct_manufactura":7,"pct_construccion":20,"pct_transporte":7,"pct_alojamiento":13,"pct_educ_superior":18,"brecha_educ":-1,"pct_sin_seguro":2,"pct_seguro_privado":0,"brecha_seguro":5,"pct_med_tradicional":1,"pct_automedicacion":24,"pct_remedios_caseros":32,"pct_viv_desocupada":24,"pct_alquiler":9,"pct_electricidad":91,"pct_agua_red":91,"pct_alcantarillado":9,"pct_gas_red":0,"pct_gas_garrafa":73,"pct_lena_guano":73,"pct_basura_formal":36,"pct_basura_quema":64,"pct_basura_informal":0,"pct_internet":64,"pct_celular":82,"pct_televisor":91}},{"type":"Feature","geometry":{"type":"Polygon","coordinates":[[[-59.75324,-18.32903],[-59.75323,-18.32814],[-59.75206,-18.32812],[-59.75207,-18.3271],[-59.75178,-18.3271],[-59.75072,-18.32593],[-59.75032,-18.32483],[-59.74935,-18.32319],[-59.74828,-18.32066],[-59.74781,-18.32013],[-59.74739,-18.32012],[-59.74697,-18.32032],[-59.74957,-18.32493],[-59.75165,-18.32814],[-59.75203,-18.32839],[-59.75274,-18.32914],[-59.75324,-18.32903]]]},"properties":{"n":"ROBORE","p":75,"personas_x_ha":9,"masculinidad":92,"pct_menor20":33,"pct_60mas":13,"pct_migrante":21,"dependencia_econ":121,"pct_empleados":68,"pct_cuentapropia":32,"pct_agricultura":3,"pct_comercio":12,"pct_manufactura":21,"pct_construccion":26,"pct_transporte":12,"pct_alojamiento":0,"pct_educ_superior":24,"brecha_educ":-17,"pct_sin_seguro":12,"pct_seguro_privado":1,"brecha_seguro":4,"pct_med_tradicional":0,"pct_automedicacion":33,"pct_remedios_caseros":32,"pct_viv_desocupada":0,"pct_alquiler":0,"pct_electricidad":100,"pct_agua_red":100,"pct_alcantarillado":55,"pct_gas_red":0,"pct_gas_garrafa":95,"pct_lena_guano":95,"pct_basura_formal":100,"pct_basura_quema":0,"pct_basura_informal":0,"pct_internet":68,"pct_celular":86,"pct_televisor":68}},{"type":"Feature","geometry":{"type":"Polygon","coordinates":[[[-59.74572,-18.33194],[-59.74457,-18.33097],[-59.74508,-18.33042],[-59.74626,-18.33141],[-59.74572,-18.33194]]]},"properties":{"n":"ROBORE","p":19,"personas_x_ha":14,"masculinidad":111,"pct_menor20":42,"pct_60mas":26,"pct_migrante":11,"dependencia_econ":58,"pct_empleados":25,"pct_cuentapropia":25,"pct_agricultura":83,"pct_comercio":0,"pct_manufactura":8,"pct_construccion":0,"pct_transporte":0,"pct_alojamiento":8,"pct_educ_superior":27,"brecha_educ":-10,"pct_sin_seguro":5,"pct_seguro_privado":0,"brecha_seguro":10,"pct_med_tradicional":19,"pct_automedicacion":12,"pct_remedios_caseros":28,"pct_viv_desocupada":21,"pct_alquiler":0,"pct_electricidad":100,"pct_agua_red":100,"pct_alcantarillado":17,"pct_gas_red":0,"pct_gas_garrafa":83,"pct_lena_guano":83,"pct_basura_formal":100,"pct_basura_quema":0,"pct_basura_informal":0,"pct_internet":50,"pct_celular":67,"pct_televisor":67}},{"type":"Feature","geometry":{"type":"Polygon","coordinates":[[[-59.74785,-18.32857],[-59.74738,-18.32815],[-59.74672,-18.32881],[-59.7472,-18.32921],[-59.74785,-18.32857]]]},"properties":{"n":"ROBORE","p":27,"personas_x_ha":39,"masculinidad":170,"pct_menor20":48,"pct_60mas":0,"pct_migrante":4,"dependencia_econ":200,"pct_empleados":67,"pct_cuentapropia":0,"pct_agricultura":44,"pct_comercio":33,"pct_manufactura":11,"pct_construccion":11,"pct_transporte":22,"pct_alojamiento":0,"pct_educ_superior":7,"brecha_educ":-4,"pct_sin_seguro":0,"pct_seguro_privado":0,"brecha_seguro":0,"pct_med_tradicional":0,"pct_automedicacion":27,"pct_remedios_caseros":28,"pct_viv_desocupada":0,"pct_alquiler":14,"pct_electricidad":100,"pct_agua_red":100,"pct_alcantarillado":29,"pct_gas_red":0,"pct_gas_garrafa":100,"pct_lena_guano":100,"pct_basura_formal":100,"pct_basura_quema":0,"pct_basura_informal":0,"pct_internet":100,"pct_celular":100,"pct_televisor":86}},{"type":"Feature","geometry":{"type":"Polygon","coordinates":[[[-59.75443,-18.32626],[-59.75442,-18.32601],[-59.75431,-18.32592],[-59.75333,-18.32593],[-59.75335,-18.32684],[-59.75429,-18.32682],[-59.75431,-18.3265],[-59.75443,-18.32626]]]},"properties":{"n":"ROBORE","p":18,"personas_x_ha":17,"masculinidad":80,"pct_menor20":28,"pct_60mas":17,"pct_migrante":28,"dependencia_econ":100,"pct_empleados":22,"pct_cuentapropia":78,"pct_agricultura":11,"pct_comercio":11,"pct_manufactura":11,"pct_construccion":11,"pct_transporte":11,"pct_alojamiento":0,"pct_educ_superior":23,"brecha_educ":0,"pct_sin_seguro":17,"pct_seguro_privado":6,"brecha_seguro":15,"pct_med_tradicional":0,"pct_automedicacion":10,"pct_remedios_caseros":5,"pct_viv_desocupada":27,"pct_alquiler":29,"pct_electricidad":100,"pct_agua_red":100,"pct_alcantarillado":0,"pct_gas_red":0,"pct_gas_garrafa":100,"pct_lena_guano":100,"pct_basura_formal":100,"pct_basura_quema":0,"pct_basura_informal":0,"pct_internet":86,"pct_celular":100,"pct_televisor":100}},{"type":"Feature","geometry":{"type":"Polygon","coordinates":[[[-59.74424,-18.33428],[-59.74395,-18.33403],[-59.74268,-18.33532],[-59.74294,-18.33555],[-59.74424,-18.33428]]]},"properties":{"n":"ROBORE","p":42,"personas_x_ha":54,"masculinidad":91,"pct_menor20":36,"pct_60mas":17,"pct_migrante":38,"dependencia_econ":147,"pct_empleados":47,"pct_cuentapropia":41,"pct_agricultura":6,"pct_comercio":18,"pct_manufactura":18,"pct_construccion":18,"pct_transporte":18,"pct_alojamiento":12,"pct_educ_superior":15,"brecha_educ":-7,"pct_sin_seguro":0,"pct_seguro_privado":0,"brecha_seguro":0,"pct_med_tradicional":0,"pct_automedicacion":8,"pct_remedios_caseros":2,"pct_viv_desocupada":7,"pct_alquiler":0,"pct_electricidad":100,"pct_agua_red":100,"pct_alcantarillado":8,"pct_gas_red":15,"pct_gas_garrafa":77,"pct_lena_guano":77,"pct_basura_formal":92,"pct_basura_quema":8,"pct_basura_informal":0,"pct_internet":69,"pct_celular":92,"pct_televisor":92}},{"type":"Feature","geometry":{"type":"Polygon","coordinates":[[[-59.75436,-18.32812],[-59.75438,-18.32867],[-59.7539,-18.32899],[-59.75342,-18.32899],[-59.75339,-18.32814],[-59.75436,-18.32812]]]},"properties":{"n":"ROBORE","p":42,"personas_x_ha":46,"masculinidad":100,"pct_menor20":36,"pct_60mas":29,"pct_migrante":33,"dependencia_econ":200,"pct_empleados":64,"pct_cuentapropia":36,"pct_agricultura":0,"pct_comercio":7,"pct_manufactura":7,"pct_construccion":14,"pct_transporte":0,"pct_alojamiento":0,"pct_educ_superior":33,"brecha_educ":-18,"pct_sin_seguro":2,"pct_seguro_privado":0,"brecha_seguro":5,"pct_med_tradicional":0,"pct_automedicacion":15,"pct_remedios_caseros":22,"pct_viv_desocupada":5,"pct_alquiler":12,"pct_electricidad":100,"pct_agua_red":88,"pct_alcantarillado":19,"pct_gas_red":6,"pct_gas_garrafa":94,"pct_lena_guano":94,"pct_basura_formal":100,"pct_basura_quema":0,"pct_basura_informal":0,"pct_internet":62,"pct_celular":75,"pct_televisor":69}},{"type":"Feature","geometry":{"type":"Polygon","coordinates":[[[-59.75363,-18.33162],[-59.75358,-18.3314],[-59.75445,-18.3314],[-59.75446,-18.33229],[-59.75386,-18.3323],[-59.75385,-18.33161],[-59.75363,-18.33162]]]},"properties":{"n":"ROBORE","p":35,"personas_x_ha":50,"masculinidad":94,"pct_menor20":31,"pct_60mas":14,"pct_migrante":69,"dependencia_econ":119,"pct_empleados":56,"pct_cuentapropia":38,"pct_agricultura":6,"pct_comercio":38,"pct_manufactura":0,"pct_construccion":0,"pct_transporte":0,"pct_alojamiento":6,"pct_educ_superior":56,"brecha_educ":-8,"pct_sin_seguro":6,"pct_seguro_privado":0,"brecha_seguro":-11,"pct_med_tradicional":6,"pct_automedicacion":21,"pct_remedios_caseros":18,"pct_viv_desocupada":0,"pct_alquiler":9,"pct_electricidad":100,"pct_agua_red":100,"pct_alcantarillado":36,"pct_gas_red":36,"pct_gas_garrafa":64,"pct_lena_guano":64,"pct_basura_formal":100,"pct_basura_quema":0,"pct_basura_informal":0,"pct_internet":100,"pct_celular":100,"pct_televisor":73}},{"type":"Feature","geometry":{"type":"Polygon","coordinates":[[[-59.75318,-18.33246],[-59.75339,-18.3326],[-59.75306,-18.33377],[-59.75301,-18.33449],[-59.75116,-18.33449],[-59.75217,-18.33278],[-59.75249,-18.3325],[-59.75318,-18.33246]]]},"properties":{"n":"ROBORE","p":59,"personas_x_ha":17,"masculinidad":111,"pct_menor20":37,"pct_60mas":12,"pct_migrante":19,"dependencia_econ":358,"pct_empleados":33,"pct_cuentapropia":58,"pct_agricultura":25,"pct_comercio":17,"pct_manufactura":0,"pct_construccion":8,"pct_transporte":8,"pct_alojamiento":17,"pct_educ_superior":11,"brecha_educ":-33,"pct_sin_seguro":43,"pct_seguro_privado":2,"brecha_seguro":11,"pct_med_tradicional":1,"pct_automedicacion":4,"pct_remedios_caseros":17,"pct_viv_desocupada":7,"pct_alquiler":17,"pct_electricidad":100,"pct_agua_red":92,"pct_alcantarillado":92,"pct_gas_red":0,"pct_gas_garrafa":100,"pct_lena_guano":100,"pct_basura_formal":75,"pct_basura_quema":25,"pct_basura_informal":0,"pct_internet":50,"pct_celular":67,"pct_televisor":50}},{"type":"Feature","geometry":{"type":"Polygon","coordinates":[[[-59.75799,-18.33002],[-59.75892,-18.33001],[-59.75892,-18.32911],[-59.75797,-18.32912],[-59.75799,-18.33002]]]},"properties":{"n":"ROBORE","p":18,"personas_x_ha":18,"masculinidad":80,"pct_menor20":6,"pct_60mas":33,"pct_migrante":39,"dependencia_econ":100,"pct_empleados":33,"pct_cuentapropia":67,"pct_agricultura":0,"pct_comercio":11,"pct_manufactura":0,"pct_construccion":0,"pct_transporte":0,"pct_alojamiento":0,"pct_educ_superior":41,"brecha_educ":-8,"pct_sin_seguro":24,"pct_seguro_privado":0,"brecha_seguro":-21,"pct_med_tradicional":0,"pct_automedicacion":3,"pct_remedios_caseros":18,"pct_viv_desocupada":0,"pct_alquiler":14,"pct_electricidad":93,"pct_agua_red":86,"pct_alcantarillado":79,"pct_gas_red":36,"pct_gas_garrafa":57,"pct_lena_guano":57,"pct_basura_formal":100,"pct_basura_quema":0,"pct_basura_informal":0,"pct_internet":57,"pct_celular":86,"pct_televisor":71}},{"type":"Feature","geometry":{"type":"Polygon","coordinates":[[[-59.74889,-18.33899],[-59.74887,-18.33804],[-59.74844,-18.33805],[-59.74845,-18.339],[-59.74889,-18.33899]]]},"properties":{"n":"ROBORE","p":23,"personas_x_ha":47,"masculinidad":109,"pct_menor20":30,"pct_60mas":9,"pct_migrante":13,"dependencia_econ":130,"pct_empleados":30,"pct_cuentapropia":60,"pct_agricultura":10,"pct_comercio":50,"pct_manufactura":0,"pct_construccion":10,"pct_transporte":10,"pct_alojamiento":10,"pct_educ_superior":6,"brecha_educ":0,"pct_sin_seguro":4,"pct_seguro_privado":0,"brecha_seguro":8,"pct_med_tradicional":0,"pct_automedicacion":0,"pct_remedios_caseros":15,"pct_viv_desocupada":0,"pct_alquiler":17,"pct_electricidad":100,"pct_agua_red":100,"pct_alcantarillado":100,"pct_gas_red":17,"pct_gas_garrafa":83,"pct_lena_guano":83,"pct_basura_formal":100,"pct_basura_quema":0,"pct_basura_informal":0,"pct_internet":83,"pct_celular":83,"pct_televisor":83}},{"type":"Feature","geometry":{"type":"Polygon","coordinates":[[[-59.7511,-18.3367],[-59.75108,-18.33582],[-59.75012,-18.33583],[-59.75015,-18.33672],[-59.7511,-18.3367]]]},"properties":{"n":"ROBORE","p":34,"personas_x_ha":34,"masculinidad":127,"pct_menor20":26,"pct_60mas":21,"pct_migrante":9,"dependencia_econ":240,"pct_empleados":30,"pct_cuentapropia":60,"pct_agricultura":20,"pct_comercio":20,"pct_manufactura":10,"pct_construccion":0,"pct_transporte":20,"pct_alojamiento":0,"pct_educ_superior":12,"brecha_educ":-11,"pct_sin_seguro":0,"pct_seguro_privado":0,"brecha_seguro":0,"pct_med_tradicional":0,"pct_automedicacion":24,"pct_remedios_caseros":24,"pct_viv_desocupada":7,"pct_alquiler":8,"pct_electricidad":100,"pct_agua_red":100,"pct_alcantarillado":92,"pct_gas_red":58,"pct_gas_garrafa":42,"pct_lena_guano":42,"pct_basura_formal":100,"pct_basura_quema":0,"pct_basura_informal":0,"pct_internet":100,"pct_celular":92,"pct_televisor":100}},{"type":"Feature","geometry":{"type":"Polygon","coordinates":[[[-59.73749,-18.34359],[-59.73656,-18.34333],[-59.73703,-18.34246],[-59.73787,-18.34277],[-59.73749,-18.34359]]]},"properties":{"n":"ROBORE","p":24,"personas_x_ha":23,"masculinidad":167,"pct_menor20":42,"pct_60mas":4,"pct_migrante":12,"dependencia_econ":118,"pct_empleados":27,"pct_cuentapropia":64,"pct_agricultura":9,"pct_comercio":9,"pct_manufactura":9,"pct_construccion":18,"pct_transporte":18,"pct_alojamiento":0,"pct_educ_superior":29,"brecha_educ":-14,"pct_sin_seguro":8,"pct_seguro_privado":0,"brecha_seguro":-4,"pct_med_tradicional":7,"pct_automedicacion":21,"pct_remedios_caseros":29,"pct_viv_desocupada":0,"pct_alquiler":0,"pct_electricidad":100,"pct_agua_red":100,"pct_alcantarillado":0,"pct_gas_red":0,"pct_gas_garrafa":88,"pct_lena_guano":88,"pct_basura_formal":88,"pct_basura_quema":12,"pct_basura_informal":0,"pct_internet":75,"pct_celular":75,"pct_televisor":50}},{"type":"Feature","geometry":{"type":"Polygon","coordinates":[[[-59.75244,-18.32959],[-59.75274,-18.33005],[-59.75128,-18.33153],[-59.7509,-18.33113],[-59.75244,-18.32959]]]},"properties":{"n":"ROBORE","p":24,"personas_x_ha":18,"masculinidad":140,"pct_menor20":21,"pct_60mas":12,"pct_migrante":46,"dependencia_econ":71,"pct_empleados":43,"pct_cuentapropia":50,"pct_agricultura":7,"pct_comercio":21,"pct_manufactura":0,"pct_construccion":0,"pct_transporte":7,"pct_alojamiento":14,"pct_educ_superior":47,"brecha_educ":-23,"pct_sin_seguro":8,"pct_seguro_privado":0,"brecha_seguro":14,"pct_med_tradicional":3,"pct_automedicacion":22,"pct_remedios_caseros":26,"pct_viv_desocupada":23,"pct_alquiler":38,"pct_electricidad":88,"pct_agua_red":100,"pct_alcantarillado":0,"pct_gas_red":12,"pct_gas_garrafa":88,"pct_lena_guano":88,"pct_basura_formal":100,"pct_basura_quema":0,"pct_basura_informal":0,"pct_internet":88,"pct_celular":88,"pct_televisor":100}},{"type":"Feature","geometry":{"type":"Polygon","coordinates":[[[-59.75374,-18.33825],[-59.75387,-18.3379],[-59.75245,-18.33794],[-59.75251,-18.33863],[-59.7533,-18.33862],[-59.7535,-18.33853],[-59.75374,-18.33825]]]},"properties":{"n":"ROBORE","p":68,"personas_x_ha":68,"masculinidad":94,"pct_menor20":38,"pct_60mas":9,"pct_migrante":34,"dependencia_econ":278,"pct_empleados":61,"pct_cuentapropia":33,"pct_agricultura":0,"pct_comercio":22,"pct_manufactura":44,"pct_construccion":11,"pct_transporte":6,"pct_alojamiento":17,"pct_educ_superior":48,"brecha_educ":-12,"pct_sin_seguro":13,"pct_seguro_privado":0,"brecha_seguro":4,"pct_med_tradicional":8,"pct_automedicacion":20,"pct_remedios_caseros":27,"pct_viv_desocupada":0,"pct_alquiler":39,"pct_electricidad":100,"pct_agua_red":100,"pct_alcantarillado":61,"pct_gas_red":33,"pct_gas_garrafa":56,"pct_lena_guano":56,"pct_basura_formal":89,"pct_basura_quema":6,"pct_basura_informal":0,"pct_internet":89,"pct_celular":89,"pct_televisor":67}},{"type":"Feature","geometry":{"type":"Polygon","coordinates":[[[-59.74441,-18.34245],[-59.74349,-18.34247],[-59.74354,-18.34334],[-59.74447,-18.34332],[-59.74441,-18.34245]]]},"properties":{"n":"ROBORE","p":35,"personas_x_ha":36,"masculinidad":94,"pct_menor20":57,"pct_60mas":3,"pct_migrante":17,"dependencia_econ":250,"pct_empleados":30,"pct_cuentapropia":30,"pct_agricultura":20,"pct_comercio":20,"pct_manufactura":0,"pct_construccion":10,"pct_transporte":0,"pct_alojamiento":0,"pct_educ_superior":19,"brecha_educ":-10,"pct_sin_seguro":17,"pct_seguro_privado":0,"brecha_seguro":12,"pct_med_tradicional":5,"pct_automedicacion":14,"pct_remedios_caseros":21,"pct_viv_desocupada":0,"pct_alquiler":0,"pct_electricidad":100,"pct_agua_red":75,"pct_alcantarillado":25,"pct_gas_red":38,"pct_gas_garrafa":62,"pct_lena_guano":62,"pct_basura_formal":100,"pct_basura_quema":0,"pct_basura_informal":0,"pct_internet":88,"pct_celular":88,"pct_televisor":62}},{"type":"Feature","geometry":{"type":"Polygon","coordinates":[[[-59.74799,-18.34331],[-59.749,-18.34329],[-59.74899,-18.34239],[-59.74799,-18.3424],[-59.74799,-18.34331]]]},"properties":{"n":"ROBORE","p":28,"personas_x_ha":26,"masculinidad":100,"pct_menor20":29,"pct_60mas":18,"pct_migrante":11,"dependencia_econ":211,"pct_empleados":44,"pct_cuentapropia":33,"pct_agricultura":33,"pct_comercio":11,"pct_manufactura":11,"pct_construccion":22,"pct_transporte":22,"pct_alojamiento":22,"pct_educ_superior":5,"brecha_educ":3,"pct_sin_seguro":7,"pct_seguro_privado":0,"brecha_seguro":0,"pct_med_tradicional":0,"pct_automedicacion":0,"pct_remedios_caseros":0,"pct_viv_desocupada":9,"pct_alquiler":12,"pct_electricidad":100,"pct_agua_red":100,"pct_alcantarillado":62,"pct_gas_red":62,"pct_gas_garrafa":38,"pct_lena_guano":38,"pct_basura_formal":88,"pct_basura_quema":12,"pct_basura_informal":0,"pct_internet":88,"pct_celular":100,"pct_televisor":100}},{"type":"Feature","geometry":{"type":"Polygon","coordinates":[[[-59.77818,-18.31718],[-59.77695,-18.31734],[-59.77709,-18.3184],[-59.77715,-18.31845],[-59.77849,-18.31818],[-59.77818,-18.31718]]]},"properties":{"n":"SAN MANUEL","p":19,"personas_x_ha":11,"masculinidad":73,"pct_menor20":53,"pct_60mas":11,"pct_migrante":0,"dependencia_econ":275,"pct_empleados":25,"pct_cuentapropia":50,"pct_agricultura":50,"pct_comercio":0,"pct_manufactura":0,"pct_construccion":0,"pct_transporte":25,"pct_alojamiento":0,"pct_educ_superior":29,"brecha_educ":8,"pct_sin_seguro":0,"pct_seguro_privado":0,"brecha_seguro":0,"pct_med_tradicional":0,"pct_automedicacion":0,"pct_remedios_caseros":0,"pct_viv_desocupada":11,"pct_alquiler":0,"pct_electricidad":100,"pct_agua_red":100,"pct_alcantarillado":0,"pct_gas_red":0,"pct_gas_garrafa":33,"pct_lena_guano":33,"pct_basura_formal":0,"pct_basura_quema":50,"pct_basura_informal":0,"pct_internet":17,"pct_celular":67,"pct_televisor":67}},{"type":"Feature","geometry":{"type":"Polygon","coordinates":[[[-59.77584,-18.31459],[-59.77503,-18.31492],[-59.77478,-18.31442],[-59.7733,-18.31526],[-59.77322,-18.31538],[-59.77196,-18.31557],[-59.77376,-18.31861],[-59.77436,-18.31791],[-59.77518,-18.31732],[-59.77503,-18.31702],[-59.7747,-18.3169],[-59.77505,-18.31699],[-59.77522,-18.31729],[-59.77659,-18.3163],[-59.77623,-18.31553],[-59.77548,-18.31583],[-59.77615,-18.31547],[-59.77584,-18.31459]]]},"properties":{"n":"SAN MANUEL","p":41,"personas_x_ha":3,"masculinidad":95,"pct_menor20":37,"pct_60mas":10,"pct_migrante":27,"dependencia_econ":105,"pct_empleados":25,"pct_cuentapropia":65,"pct_agricultura":30,"pct_comercio":10,"pct_manufactura":0,"pct_construccion":10,"pct_transporte":10,"pct_alojamiento":5,"pct_educ_superior":12,"brecha_educ":8,"pct_sin_seguro":15,"pct_seguro_privado":0,"brecha_seguro":1,"pct_med_tradicional":9,"pct_automedicacion":9,"pct_remedios_caseros":9,"pct_viv_desocupada":16,"pct_alquiler":0,"pct_electricidad":77,"pct_agua_red":92,"pct_alcantarillado":8,"pct_gas_red":0,"pct_gas_garrafa":69,"pct_lena_guano":69,"pct_basura_formal":0,"pct_basura_quema":62,"pct_basura_informal":0,"pct_internet":15,"pct_celular":69,"pct_televisor":54}},{"type":"Feature","geometry":{"type":"Polygon","coordinates":[[[-59.77521,-18.31481],[-59.775,-18.31482],[-59.77482,-18.31439],[-59.77729,-18.31295],[-59.77809,-18.31191],[-59.78043,-18.313],[-59.78014,-18.31356],[-59.77917,-18.31459],[-59.77908,-18.31489],[-59.7783,-18.3152],[-59.77835,-18.3157],[-59.77751,-18.31583],[-59.77668,-18.31619],[-59.77636,-18.3155],[-59.77618,-18.31535],[-59.77605,-18.31487],[-59.77586,-18.31452],[-59.77521,-18.31481]]]},"properties":{"n":"SAN MANUEL","p":21,"personas_x_ha":2,"masculinidad":110,"pct_menor20":62,"pct_60mas":0,"pct_migrante":52,"dependencia_econ":162,"pct_empleados":50,"pct_cuentapropia":50,"pct_agricultura":0,"pct_comercio":0,"pct_manufactura":25,"pct_construccion":12,"pct_transporte":0,"pct_alojamiento":38,"pct_educ_superior":12,"brecha_educ":0,"pct_sin_seguro":10,"pct_seguro_privado":0,"brecha_seguro":18,"pct_med_tradicional":6,"pct_automedicacion":27,"pct_remedios_caseros":27,"pct_viv_desocupada":25,"pct_alquiler":0,"pct_electricidad":100,"pct_agua_red":100,"pct_alcantarillado":0,"pct_gas_red":0,"pct_gas_garrafa":100,"pct_lena_guano":100,"pct_basura_formal":0,"pct_basura_quema":80,"pct_basura_informal":0,"pct_internet":80,"pct_celular":100,"pct_televisor":100}},{"type":"Feature","geometry":{"type":"Polygon","coordinates":[[[-59.60399,-18.34387],[-59.60322,-18.34335],[-59.60277,-18.34394],[-59.6035,-18.34449],[-59.60399,-18.34387]]]},"properties":{"n":"SANTIAGO DE CHIQUITOS","p":23,"personas_x_ha":27,"masculinidad":109,"pct_menor20":26,"pct_60mas":9,"pct_migrante":43,"dependencia_econ":100,"pct_empleados":82,"pct_cuentapropia":18,"pct_agricultura":27,"pct_comercio":9,"pct_manufactura":0,"pct_construccion":0,"pct_transporte":0,"pct_alojamiento":27,"pct_educ_superior":81,"brecha_educ":-14,"pct_sin_seguro":6,"pct_seguro_privado":6,"brecha_seguro":11,"pct_med_tradicional":0,"pct_automedicacion":0,"pct_remedios_caseros":16,"pct_viv_desocupada":18,"pct_alquiler":43,"pct_electricidad":100,"pct_agua_red":100,"pct_alcantarillado":14,"pct_gas_red":0,"pct_gas_garrafa":100,"pct_lena_guano":100,"pct_basura_formal":14,"pct_basura_quema":86,"pct_basura_informal":0,"pct_internet":43,"pct_celular":71,"pct_televisor":57}},{"type":"Feature","geometry":{"type":"Polygon","coordinates":[[[-59.59318,-18.33921],[-59.59397,-18.33986],[-59.59447,-18.3391],[-59.59369,-18.33852],[-59.59318,-18.33921]]]},"properties":{"n":"SANTIAGO DE CHIQUITOS","p":23,"personas_x_ha":21,"masculinidad":156,"pct_menor20":30,"pct_60mas":22,"pct_migrante":0,"dependencia_econ":450,"pct_empleados":25,"pct_cuentapropia":50,"pct_agricultura":50,"pct_comercio":0,"pct_manufactura":25,"pct_construccion":25,"pct_transporte":0,"pct_alojamiento":0,"pct_educ_superior":25,"brecha_educ":36,"pct_sin_seguro":10,"pct_seguro_privado":0,"brecha_seguro":-5,"pct_med_tradicional":12,"pct_automedicacion":6,"pct_remedios_caseros":30,"pct_viv_desocupada":7,"pct_alquiler":11,"pct_electricidad":89,"pct_agua_red":100,"pct_alcantarillado":0,"pct_gas_red":0,"pct_gas_garrafa":33,"pct_lena_guano":33,"pct_basura_formal":0,"pct_basura_quema":56,"pct_basura_informal":0,"pct_internet":56,"pct_celular":56,"pct_televisor":78}},{"type":"Feature","geometry":{"type":"Polygon","coordinates":[[[-59.59538,-18.33983],[-59.59482,-18.34052],[-59.5953,-18.34091],[-59.59601,-18.34033],[-59.59538,-18.33983]]]},"properties":{"n":"SANTIAGO DE CHIQUITOS","p":31,"personas_x_ha":40,"masculinidad":94,"pct_menor20":48,"pct_60mas":6,"pct_migrante":35,"dependencia_econ":107,"pct_empleados":53,"pct_cuentapropia":33,"pct_agricultura":27,"pct_comercio":7,"pct_manufactura":7,"pct_construccion":20,"pct_transporte":7,"pct_alojamiento":7,"pct_educ_superior":29,"brecha_educ":0,"pct_sin_seguro":6,"pct_seguro_privado":0,"brecha_seguro":0,"pct_med_tradicional":18,"pct_automedicacion":13,"pct_remedios_caseros":22,"pct_viv_desocupada":0,"pct_alquiler":14,"pct_electricidad":100,"pct_agua_red":100,"pct_alcantarillado":14,"pct_gas_red":0,"pct_gas_garrafa":86,"pct_lena_guano":86,"pct_basura_formal":0,"pct_basura_quema":100,"pct_basura_informal":0,"pct_internet":71,"pct_celular":100,"pct_televisor":100}},{"type":"Feature","geometry":{"type":"Polygon","coordinates":[[[-59.60023,-18.34205],[-59.60099,-18.34262],[-59.60147,-18.34202],[-59.60073,-18.34146],[-59.60023,-18.34205]]]},"properties":{"n":"SANTIAGO DE CHIQUITOS","p":19,"personas_x_ha":22,"masculinidad":46,"pct_menor20":26,"pct_60mas":0,"pct_migrante":84,"dependencia_econ":89,"pct_empleados":78,"pct_cuentapropia":11,"pct_agricultura":0,"pct_comercio":11,"pct_manufactura":0,"pct_construccion":0,"pct_transporte":0,"pct_alojamiento":0,"pct_educ_superior":62,"brecha_educ":-38,"pct_sin_seguro":0,"pct_seguro_privado":0,"brecha_seguro":0,"pct_med_tradicional":0,"pct_automedicacion":0,"pct_remedios_caseros":0,"pct_viv_desocupada":0,"pct_alquiler":75,"pct_electricidad":100,"pct_agua_red":75,"pct_alcantarillado":25,"pct_gas_red":0,"pct_gas_garrafa":100,"pct_lena_guano":100,"pct_basura_formal":50,"pct_basura_quema":50,"pct_basura_informal":0,"pct_internet":50,"pct_celular":75,"pct_televisor":100}},{"type":"Feature","geometry":{"type":"Polygon","coordinates":[[[-59.59612,-18.34026],[-59.59674,-18.33959],[-59.59602,-18.33904],[-59.59547,-18.33973],[-59.59612,-18.34026]]]},"properties":{"n":"SANTIAGO DE CHIQUITOS","p":44,"personas_x_ha":47,"masculinidad":110,"pct_menor20":48,"pct_60mas":14,"pct_migrante":36,"dependencia_econ":144,"pct_empleados":50,"pct_cuentapropia":39,"pct_agricultura":6,"pct_comercio":11,"pct_manufactura":0,"pct_construccion":17,"pct_transporte":6,"pct_alojamiento":11,"pct_educ_superior":50,"brecha_educ":1,"pct_sin_seguro":25,"pct_seguro_privado":0,"brecha_seguro":11,"pct_med_tradicional":5,"pct_automedicacion":18,"pct_remedios_caseros":31,"pct_viv_desocupada":11,"pct_alquiler":23,"pct_electricidad":100,"pct_agua_red":100,"pct_alcantarillado":8,"pct_gas_red":0,"pct_gas_garrafa":77,"pct_lena_guano":77,"pct_basura_formal":8,"pct_basura_quema":92,"pct_basura_informal":0,"pct_internet":85,"pct_celular":92,"pct_televisor":62}},{"type":"Feature","geometry":{"type":"Polygon","coordinates":[[[-59.59537,-18.33966],[-59.59595,-18.33895],[-59.59513,-18.3383],[-59.59462,-18.33906],[-59.59537,-18.33966]]]},"properties":{"n":"SANTIAGO DE CHIQUITOS","p":46,"personas_x_ha":43,"masculinidad":156,"pct_menor20":28,"pct_60mas":20,"pct_migrante":22,"dependencia_econ":156,"pct_empleados":72,"pct_cuentapropia":22,"pct_agricultura":22,"pct_comercio":6,"pct_manufactura":6,"pct_construccion":17,"pct_transporte":0,"pct_alojamiento":28,"pct_educ_superior":18,"brecha_educ":13,"pct_sin_seguro":2,"pct_seguro_privado":0,"brecha_seguro":4,"pct_med_tradicional":6,"pct_automedicacion":8,"pct_remedios_caseros":33,"pct_viv_desocupada":4,"pct_alquiler":0,"pct_electricidad":100,"pct_agua_red":100,"pct_alcantarillado":6,"pct_gas_red":0,"pct_gas_garrafa":71,"pct_lena_guano":71,"pct_basura_formal":24,"pct_basura_quema":71,"pct_basura_informal":0,"pct_internet":82,"pct_celular":76,"pct_televisor":88}},{"type":"Feature","geometry":{"type":"Polygon","coordinates":[[[-59.60245,-18.34091],[-59.60173,-18.34032],[-59.60084,-18.34135],[-59.60156,-18.34191],[-59.60245,-18.34091]]]},"properties":{"n":"SANTIAGO DE CHIQUITOS","p":19,"personas_x_ha":12,"masculinidad":111,"pct_menor20":37,"pct_60mas":16,"pct_migrante":21,"dependencia_econ":138,"pct_empleados":12,"pct_cuentapropia":75,"pct_agricultura":62,"pct_comercio":0,"pct_manufactura":0,"pct_construccion":0,"pct_transporte":0,"pct_alojamiento":0,"pct_educ_superior":8,"brecha_educ":7,"pct_sin_seguro":5,"pct_seguro_privado":0,"brecha_seguro":10,"pct_med_tradicional":23,"pct_automedicacion":4,"pct_remedios_caseros":26,"pct_viv_desocupada":12,"pct_alquiler":0,"pct_electricidad":100,"pct_agua_red":100,"pct_alcantarillado":50,"pct_gas_red":0,"pct_gas_garrafa":50,"pct_lena_guano":50,"pct_basura_formal":0,"pct_basura_quema":50,"pct_basura_informal":0,"pct_internet":75,"pct_celular":100,"pct_televisor":100}},{"type":"Feature","geometry":{"type":"Polygon","coordinates":[[[-59.59987,-18.34079],[-59.59938,-18.34146],[-59.60013,-18.34199],[-59.60063,-18.34134],[-59.59987,-18.34079]]]},"properties":{"n":"SANTIAGO DE CHIQUITOS","p":28,"personas_x_ha":30,"masculinidad":100,"pct_menor20":39,"pct_60mas":4,"pct_migrante":71,"dependencia_econ":180,"pct_empleados":80,"pct_cuentapropia":10,"pct_agricultura":0,"pct_comercio":0,"pct_manufactura":0,"pct_construccion":10,"pct_transporte":0,"pct_alojamiento":0,"pct_educ_superior":71,"brecha_educ":0,"pct_sin_seguro":4,"pct_seguro_privado":0,"brecha_seguro":-7,"pct_med_tradicional":13,"pct_automedicacion":22,"pct_remedios_caseros":12,"pct_viv_desocupada":0,"pct_alquiler":0,"pct_electricidad":100,"pct_agua_red":100,"pct_alcantarillado":88,"pct_gas_red":0,"pct_gas_garrafa":88,"pct_lena_guano":88,"pct_basura_formal":88,"pct_basura_quema":12,"pct_basura_informal":0,"pct_internet":12,"pct_celular":12,"pct_televisor":0}},{"type":"Feature","geometry":{"type":"Polygon","coordinates":[[[-59.59359,-18.33842],[-59.59284,-18.33786],[-59.59227,-18.33851],[-59.59304,-18.33913],[-59.59359,-18.33842]]]},"properties":{"n":"SANTIAGO DE CHIQUITOS","p":15,"personas_x_ha":15,"masculinidad":67,"pct_menor20":33,"pct_60mas":7,"pct_migrante":27,"dependencia_econ":50,"pct_empleados":30,"pct_cuentapropia":70,"pct_agricultura":0,"pct_comercio":20,"pct_manufactura":40,"pct_construccion":10,"pct_transporte":10,"pct_alojamiento":0,"pct_educ_superior":36,"brecha_educ":-14,"pct_sin_seguro":0,"pct_seguro_privado":0,"brecha_seguro":0,"pct_med_tradicional":16,"pct_automedicacion":8,"pct_remedios_caseros":19,"pct_viv_desocupada":0,"pct_alquiler":0,"pct_electricidad":86,"pct_agua_red":100,"pct_alcantarillado":14,"pct_gas_red":0,"pct_gas_garrafa":86,"pct_lena_guano":86,"pct_basura_formal":14,"pct_basura_quema":71,"pct_basura_informal":0,"pct_internet":86,"pct_celular":86,"pct_televisor":43}},{"type":"Feature","geometry":{"type":"Polygon","coordinates":[[[-59.59977,-18.34072],[-59.59894,-18.34007],[-59.59841,-18.34068],[-59.59927,-18.34136],[-59.59977,-18.34072]]]},"properties":{"n":"SANTIAGO DE CHIQUITOS","p":21,"personas_x_ha":20,"masculinidad":75,"pct_menor20":14,"pct_60mas":33,"pct_migrante":57,"dependencia_econ":75,"pct_empleados":25,"pct_cuentapropia":58,"pct_agricultura":25,"pct_comercio":17,"pct_manufactura":8,"pct_construccion":0,"pct_transporte":8,"pct_alojamiento":8,"pct_educ_superior":44,"brecha_educ":-5,"pct_sin_seguro":5,"pct_seguro_privado":0,"brecha_seguro":11,"pct_med_tradicional":6,"pct_automedicacion":15,"pct_remedios_caseros":23,"pct_viv_desocupada":0,"pct_alquiler":33,"pct_electricidad":100,"pct_agua_red":100,"pct_alcantarillado":33,"pct_gas_red":0,"pct_gas_garrafa":78,"pct_lena_guano":78,"pct_basura_formal":22,"pct_basura_quema":33,"pct_basura_informal":89,"pct_internet":89,"pct_celular":89,"pct_televisor":67}},{"type":"Feature","geometry":{"type":"Polygon","coordinates":[[[-59.60004,-18.3388],[-59.60084,-18.33943],[-59.60145,-18.33869],[-59.60067,-18.33812],[-59.60004,-18.3388]]]},"properties":{"n":"SANTIAGO DE CHIQUITOS","p":50,"personas_x_ha":45,"masculinidad":85,"pct_menor20":56,"pct_60mas":12,"pct_migrante":12,"dependencia_econ":233,"pct_empleados":47,"pct_cuentapropia":40,"pct_agricultura":13,"pct_comercio":47,"pct_manufactura":0,"pct_construccion":20,"pct_transporte":0,"pct_alojamiento":0,"pct_educ_superior":25,"brecha_educ":33,"pct_sin_seguro":10,"pct_seguro_privado":0,"brecha_seguro":22,"pct_med_tradicional":12,"pct_automedicacion":2,"pct_remedios_caseros":26,"pct_viv_desocupada":0,"pct_alquiler":8,"pct_electricidad":92,"pct_agua_red":92,"pct_alcantarillado":17,"pct_gas_red":0,"pct_gas_garrafa":42,"pct_lena_guano":42,"pct_basura_formal":0,"pct_basura_quema":83,"pct_basura_informal":0,"pct_internet":67,"pct_celular":75,"pct_televisor":75}},{"type":"Feature","geometry":{"type":"Polygon","coordinates":[[[-59.59342,-18.3368],[-59.59404,-18.3361],[-59.59329,-18.33552],[-59.5927,-18.33623],[-59.59342,-18.3368]]]},"properties":{"n":"SANTIAGO DE CHIQUITOS","p":25,"personas_x_ha":24,"masculinidad":127,"pct_menor20":36,"pct_60mas":20,"pct_migrante":0,"dependencia_econ":257,"pct_empleados":71,"pct_cuentapropia":29,"pct_agricultura":43,"pct_comercio":0,"pct_manufactura":0,"pct_construccion":43,"pct_transporte":0,"pct_alojamiento":0,"pct_educ_superior":6,"brecha_educ":5,"pct_sin_seguro":0,"pct_seguro_privado":0,"brecha_seguro":0,"pct_med_tradicional":21,"pct_automedicacion":6,"pct_remedios_caseros":31,"pct_viv_desocupada":9,"pct_alquiler":0,"pct_electricidad":100,"pct_agua_red":100,"pct_alcantarillado":0,"pct_gas_red":0,"pct_gas_garrafa":62,"pct_lena_guano":62,"pct_basura_formal":0,"pct_basura_quema":88,"pct_basura_informal":25,"pct_internet":75,"pct_celular":100,"pct_televisor":88}},{"type":"Feature","geometry":{"type":"Polygon","coordinates":[[[-59.59683,-18.34085],[-59.59743,-18.34014],[-59.59684,-18.33969],[-59.59621,-18.34034],[-59.59683,-18.34085]]]},"properties":{"n":"SANTIAGO DE CHIQUITOS","p":29,"personas_x_ha":34,"masculinidad":190,"pct_menor20":38,"pct_60mas":7,"pct_migrante":28,"dependencia_econ":164,"pct_empleados":45,"pct_cuentapropia":36,"pct_agricultura":0,"pct_comercio":9,"pct_manufactura":9,"pct_construccion":18,"pct_transporte":18,"pct_alojamiento":0,"pct_educ_superior":56,"brecha_educ":0,"pct_sin_seguro":17,"pct_seguro_privado":0,"brecha_seguro":-4,"pct_med_tradicional":0,"pct_automedicacion":6,"pct_remedios_caseros":0,"pct_viv_desocupada":10,"pct_alquiler":12,"pct_electricidad":100,"pct_agua_red":100,"pct_alcantarillado":0,"pct_gas_red":0,"pct_gas_garrafa":88,"pct_lena_guano":88,"pct_basura_formal":25,"pct_basura_quema":75,"pct_basura_informal":0,"pct_internet":100,"pct_celular":100,"pct_televisor":88}},{"type":"Feature","geometry":{"type":"Polygon","coordinates":[[[-59.59753,-18.34019],[-59.59693,-18.34091],[-59.5976,-18.34142],[-59.59819,-18.34068],[-59.59753,-18.34019]]]},"properties":{"n":"SANTIAGO DE CHIQUITOS","p":17,"personas_x_ha":18,"masculinidad":55,"pct_menor20":29,"pct_60mas":18,"pct_migrante":53,"dependencia_econ":112,"pct_empleados":38,"pct_cuentapropia":62,"pct_agricultura":12,"pct_comercio":12,"pct_manufactura":0,"pct_construccion":0,"pct_transporte":0,"pct_alojamiento":50,"pct_educ_superior":50,"brecha_educ":0,"pct_sin_seguro":0,"pct_seguro_privado":0,"brecha_seguro":0,"pct_med_tradicional":15,"pct_automedicacion":15,"pct_remedios_caseros":28,"pct_viv_desocupada":14,"pct_alquiler":17,"pct_electricidad":100,"pct_agua_red":100,"pct_alcantarillado":0,"pct_gas_red":0,"pct_gas_garrafa":100,"pct_lena_guano":100,"pct_basura_formal":50,"pct_basura_quema":33,"pct_basura_informal":33,"pct_internet":83,"pct_celular":100,"pct_televisor":67}},{"type":"Feature","geometry":{"type":"Polygon","coordinates":[[[-59.59078,-18.3331],[-59.58857,-18.33101],[-59.5873,-18.33335],[-59.5863,-18.33444],[-59.58631,-18.33454],[-59.58849,-18.33554],[-59.59078,-18.3331]]]},"properties":{"n":"SANTIAGO DE CHIQUITOS","p":23,"personas_x_ha":2,"masculinidad":53,"pct_menor20":35,"pct_60mas":13,"pct_migrante":22,"dependencia_econ":188,"pct_empleados":38,"pct_cuentapropia":38,"pct_agricultura":38,"pct_comercio":12,"pct_manufactura":0,"pct_construccion":0,"pct_transporte":0,"pct_alojamiento":12,"pct_educ_superior":20,"brecha_educ":9,"pct_sin_seguro":4,"pct_seguro_privado":0,"brecha_seguro":12,"pct_med_tradicional":17,"pct_automedicacion":0,"pct_remedios_caseros":40,"pct_viv_desocupada":9,"pct_alquiler":0,"pct_electricidad":100,"pct_agua_red":100,"pct_alcantarillado":0,"pct_gas_red":0,"pct_gas_garrafa":25,"pct_lena_guano":25,"pct_basura_formal":0,"pct_basura_quema":62,"pct_basura_informal":0,"pct_internet":62,"pct_celular":88,"pct_televisor":88}},{"type":"Feature","geometry":{"type":"Polygon","coordinates":[[[-59.59348,-18.33234],[-59.59342,-18.3322],[-59.59193,-18.33097],[-59.59111,-18.33173],[-59.59266,-18.33317],[-59.59348,-18.33234]]]},"properties":{"n":"SANTIAGO DE CHIQUITOS","p":15,"personas_x_ha":5,"masculinidad":88,"pct_menor20":47,"pct_60mas":13,"pct_migrante":60,"dependencia_econ":200,"pct_empleados":60,"pct_cuentapropia":40,"pct_agricultura":20,"pct_comercio":0,"pct_manufactura":20,"pct_construccion":40,"pct_transporte":0,"pct_alojamiento":0,"pct_educ_superior":0,"brecha_educ":25,"pct_sin_seguro":0,"pct_seguro_privado":0,"brecha_seguro":0,"pct_med_tradicional":0,"pct_automedicacion":0,"pct_remedios_caseros":0,"pct_viv_desocupada":14,"pct_alquiler":0,"pct_electricidad":100,"pct_agua_red":100,"pct_alcantarillado":20,"pct_gas_red":0,"pct_gas_garrafa":60,"pct_lena_guano":60,"pct_basura_formal":0,"pct_basura_quema":40,"pct_basura_informal":0,"pct_internet":80,"pct_celular":80,"pct_televisor":40}},{"type":"Feature","geometry":{"type":"Polygon","coordinates":[[[-59.59162,-18.33561],[-59.59088,-18.33502],[-59.59023,-18.33568],[-59.59105,-18.33628],[-59.59162,-18.33561]]]},"properties":{"n":"SANTIAGO DE CHIQUITOS","p":24,"personas_x_ha":22,"masculinidad":140,"pct_menor20":54,"pct_60mas":8,"pct_migrante":38,"dependencia_econ":243,"pct_empleados":0,"pct_cuentapropia":86,"pct_agricultura":71,"pct_comercio":0,"pct_manufactura":14,"pct_construccion":14,"pct_transporte":0,"pct_alojamiento":0,"pct_educ_superior":9,"brecha_educ":-13,"pct_sin_seguro":17,"pct_seguro_privado":0,"brecha_seguro":11,"pct_med_tradicional":2,"pct_automedicacion":0,"pct_remedios_caseros":40,"pct_viv_desocupada":0,"pct_alquiler":0,"pct_electricidad":100,"pct_agua_red":100,"pct_alcantarillado":0,"pct_gas_red":0,"pct_gas_garrafa":50,"pct_lena_guano":50,"pct_basura_formal":17,"pct_basura_quema":83,"pct_basura_informal":0,"pct_internet":83,"pct_celular":67,"pct_televisor":67}},{"type":"Feature","geometry":{"type":"Polygon","coordinates":[[[-59.59519,-18.34301],[-59.59433,-18.34414],[-59.59573,-18.34492],[-59.5967,-18.34293],[-59.59519,-18.34301]]]},"properties":{"n":"SANTIAGO DE CHIQUITOS","p":33,"personas_x_ha":11,"masculinidad":120,"pct_menor20":42,"pct_60mas":12,"pct_migrante":30,"dependencia_econ":675,"pct_empleados":75,"pct_cuentapropia":25,"pct_agricultura":0,"pct_comercio":25,"pct_manufactura":25,"pct_construccion":0,"pct_transporte":0,"pct_alojamiento":0,"pct_educ_superior":12,"brecha_educ":14,"pct_sin_seguro":20,"pct_seguro_privado":0,"brecha_seguro":-5,"pct_med_tradicional":14,"pct_automedicacion":6,"pct_remedios_caseros":25,"pct_viv_desocupada":30,"pct_alquiler":0,"pct_electricidad":83,"pct_agua_red":100,"pct_alcantarillado":33,"pct_gas_red":0,"pct_gas_garrafa":83,"pct_lena_guano":83,"pct_basura_formal":0,"pct_basura_quema":83,"pct_basura_informal":0,"pct_internet":67,"pct_celular":67,"pct_televisor":50}},{"type":"Feature","geometry":{"type":"Polygon","coordinates":[[[-59.59821,-18.33929],[-59.59905,-18.3383],[-59.59842,-18.33774],[-59.59756,-18.33874],[-59.59821,-18.33929]]]},"properties":{"n":"SANTIAGO DE CHIQUITOS","p":28,"personas_x_ha":20,"masculinidad":87,"pct_menor20":54,"pct_60mas":4,"pct_migrante":29,"dependencia_econ":180,"pct_empleados":30,"pct_cuentapropia":70,"pct_agricultura":30,"pct_comercio":20,"pct_manufactura":0,"pct_construccion":10,"pct_transporte":10,"pct_alojamiento":20,"pct_educ_superior":54,"brecha_educ":2,"pct_sin_seguro":21,"pct_seguro_privado":0,"brecha_seguro":3,"pct_med_tradicional":10,"pct_automedicacion":8,"pct_remedios_caseros":37,"pct_viv_desocupada":0,"pct_alquiler":11,"pct_electricidad":100,"pct_agua_red":100,"pct_alcantarillado":11,"pct_gas_red":0,"pct_gas_garrafa":89,"pct_lena_guano":89,"pct_basura_formal":0,"pct_basura_quema":100,"pct_basura_informal":0,"pct_internet":100,"pct_celular":100,"pct_televisor":89}},{"type":"Feature","geometry":{"type":"Polygon","coordinates":[[[-59.59098,-18.33328],[-59.59089,-18.33329],[-59.59009,-18.33421],[-59.59081,-18.3348],[-59.59166,-18.33397],[-59.59098,-18.33328]]]},"properties":{"n":"SANTIAGO DE CHIQUITOS","p":21,"personas_x_ha":14,"masculinidad":91,"pct_menor20":33,"pct_60mas":24,"pct_migrante":10,"dependencia_econ":320,"pct_empleados":0,"pct_cuentapropia":60,"pct_agricultura":80,"pct_comercio":0,"pct_manufactura":0,"pct_construccion":0,"pct_transporte":0,"pct_alojamiento":20,"pct_educ_superior":0,"brecha_educ":29,"pct_sin_seguro":0,"pct_seguro_privado":10,"brecha_seguro":0,"pct_med_tradicional":0,"pct_automedicacion":4,"pct_remedios_caseros":0,"pct_viv_desocupada":25,"pct_alquiler":0,"pct_electricidad":100,"pct_agua_red":100,"pct_alcantarillado":17,"pct_gas_red":0,"pct_gas_garrafa":50,"pct_lena_guano":50,"pct_basura_formal":0,"pct_basura_quema":100,"pct_basura_informal":0,"pct_internet":67,"pct_celular":83,"pct_televisor":67}},{"type":"Feature","geometry":{"type":"Polygon","coordinates":[[[-59.60038,-18.33672],[-59.59965,-18.33608],[-59.59907,-18.3368],[-59.59982,-18.33735],[-59.60038,-18.33672]]]},"properties":{"n":"SANTIAGO DE CHIQUITOS","p":28,"personas_x_ha":27,"masculinidad":87,"pct_menor20":46,"pct_60mas":18,"pct_migrante":36,"dependencia_econ":250,"pct_empleados":12,"pct_cuentapropia":50,"pct_agricultura":12,"pct_comercio":0,"pct_manufactura":50,"pct_construccion":38,"pct_transporte":0,"pct_alojamiento":12,"pct_educ_superior":19,"brecha_educ":0,"pct_sin_seguro":7,"pct_seguro_privado":0,"brecha_seguro":1,"pct_med_tradicional":22,"pct_automedicacion":0,"pct_remedios_caseros":30,"pct_viv_desocupada":20,"pct_alquiler":0,"pct_electricidad":57,"pct_agua_red":86,"pct_alcantarillado":0,"pct_gas_red":0,"pct_gas_garrafa":29,"pct_lena_guano":29,"pct_basura_formal":14,"pct_basura_quema":86,"pct_basura_informal":0,"pct_internet":86,"pct_celular":86,"pct_televisor":71}},{"type":"Feature","geometry":{"type":"Polygon","coordinates":[[[-59.59451,-18.33897],[-59.59503,-18.33823],[-59.59431,-18.33766],[-59.59379,-18.33838],[-59.59451,-18.33897]]]},"properties":{"n":"SANTIAGO DE CHIQUITOS","p":22,"personas_x_ha":22,"masculinidad":69,"pct_menor20":55,"pct_60mas":5,"pct_migrante":32,"dependencia_econ":162,"pct_empleados":50,"pct_cuentapropia":50,"pct_agricultura":12,"pct_comercio":12,"pct_manufactura":0,"pct_construccion":0,"pct_transporte":25,"pct_alojamiento":12,"pct_educ_superior":55,"brecha_educ":-17,"pct_sin_seguro":5,"pct_seguro_privado":0,"brecha_seguro":-10,"pct_med_tradicional":0,"pct_automedicacion":11,"pct_remedios_caseros":11,"pct_viv_desocupada":0,"pct_alquiler":0,"pct_electricidad":100,"pct_agua_red":100,"pct_alcantarillado":0,"pct_gas_red":0,"pct_gas_garrafa":83,"pct_lena_guano":83,"pct_basura_formal":0,"pct_basura_quema":100,"pct_basura_informal":0,"pct_internet":100,"pct_celular":100,"pct_televisor":100}},{"type":"Feature","geometry":{"type":"Polygon","coordinates":[[[-59.59214,-18.33868],[-59.59163,-18.33936],[-59.59242,-18.33995],[-59.59297,-18.33923],[-59.59224,-18.33866],[-59.59214,-18.33868]]]},"properties":{"n":"SANTIAGO DE CHIQUITOS","p":16,"personas_x_ha":15,"masculinidad":167,"pct_menor20":25,"pct_60mas":12,"pct_migrante":12,"dependencia_econ":114,"pct_empleados":29,"pct_cuentapropia":71,"pct_agricultura":0,"pct_comercio":0,"pct_manufactura":29,"pct_construccion":0,"pct_transporte":14,"pct_alojamiento":0,"pct_educ_superior":18,"brecha_educ":-25,"pct_sin_seguro":13,"pct_seguro_privado":0,"brecha_seguro":22,"pct_med_tradicional":12,"pct_automedicacion":9,"pct_remedios_caseros":26,"pct_viv_desocupada":0,"pct_alquiler":0,"pct_electricidad":100,"pct_agua_red":100,"pct_alcantarillado":12,"pct_gas_red":0,"pct_gas_garrafa":100,"pct_lena_guano":100,"pct_basura_formal":0,"pct_basura_quema":62,"pct_basura_informal":0,"pct_internet":38,"pct_celular":88,"pct_televisor":88}},{"type":"Feature","geometry":{"type":"Polygon","coordinates":[[[-59.59421,-18.33756],[-59.59351,-18.33707],[-59.59295,-18.33773],[-59.59368,-18.33829],[-59.59421,-18.33756]]]},"properties":{"n":"SANTIAGO DE CHIQUITOS","p":27,"personas_x_ha":29,"masculinidad":80,"pct_menor20":44,"pct_60mas":15,"pct_migrante":22,"dependencia_econ":475,"pct_empleados":50,"pct_cuentapropia":50,"pct_agricultura":0,"pct_comercio":0,"pct_manufactura":0,"pct_construccion":25,"pct_transporte":50,"pct_alojamiento":25,"pct_educ_superior":8,"brecha_educ":2,"pct_sin_seguro":17,"pct_seguro_privado":0,"brecha_seguro":-16,"pct_med_tradicional":1,"pct_automedicacion":18,"pct_remedios_caseros":37,"pct_viv_desocupada":0,"pct_alquiler":11,"pct_electricidad":100,"pct_agua_red":100,"pct_alcantarillado":0,"pct_gas_red":0,"pct_gas_garrafa":78,"pct_lena_guano":78,"pct_basura_formal":0,"pct_basura_quema":100,"pct_basura_informal":0,"pct_internet":67,"pct_celular":78,"pct_televisor":67}},{"type":"Feature","geometry":{"type":"Polygon","coordinates":[[[-59.59814,-18.3363],[-59.59764,-18.33704],[-59.59833,-18.33752],[-59.59889,-18.33682],[-59.59814,-18.3363]]]},"properties":{"n":"SANTIAGO DE CHIQUITOS","p":23,"personas_x_ha":24,"masculinidad":77,"pct_menor20":57,"pct_60mas":13,"pct_migrante":22,"dependencia_econ":229,"pct_empleados":29,"pct_cuentapropia":71,"pct_agricultura":0,"pct_comercio":14,"pct_manufactura":14,"pct_construccion":29,"pct_transporte":0,"pct_alojamiento":0,"pct_educ_superior":0,"brecha_educ":-17,"pct_sin_seguro":13,"pct_seguro_privado":0,"brecha_seguro":12,"pct_med_tradicional":25,"pct_automedicacion":24,"pct_remedios_caseros":25,"pct_viv_desocupada":0,"pct_alquiler":0,"pct_electricidad":100,"pct_agua_red":100,"pct_alcantarillado":0,"pct_gas_red":0,"pct_gas_garrafa":71,"pct_lena_guano":71,"pct_basura_formal":0,"pct_basura_quema":100,"pct_basura_informal":0,"pct_internet":100,"pct_celular":100,"pct_televisor":100}},{"type":"Feature","geometry":{"type":"Polygon","coordinates":[[[-59.59986,-18.33753],[-59.59929,-18.33821],[-59.59994,-18.33869],[-59.60053,-18.33801],[-59.59986,-18.33753]]]},"properties":{"n":"SANTIAGO DE CHIQUITOS","p":29,"personas_x_ha":33,"masculinidad":142,"pct_menor20":45,"pct_60mas":10,"pct_migrante":14,"dependencia_econ":190,"pct_empleados":20,"pct_cuentapropia":60,"pct_agricultura":20,"pct_comercio":0,"pct_manufactura":0,"pct_construccion":20,"pct_transporte":10,"pct_alojamiento":20,"pct_educ_superior":0,"brecha_educ":-3,"pct_sin_seguro":10,"pct_seguro_privado":0,"brecha_seguro":3,"pct_med_tradicional":0,"pct_automedicacion":19,"pct_remedios_caseros":30,"pct_viv_desocupada":0,"pct_alquiler":0,"pct_electricidad":100,"pct_agua_red":86,"pct_alcantarillado":14,"pct_gas_red":0,"pct_gas_garrafa":57,"pct_lena_guano":57,"pct_basura_formal":14,"pct_basura_quema":86,"pct_basura_informal":0,"pct_internet":86,"pct_celular":86,"pct_televisor":71}},{"type":"Feature","geometry":{"type":"Polygon","coordinates":[[[-59.59869,-18.33538],[-59.59782,-18.33472],[-59.59728,-18.33543],[-59.59814,-18.33606],[-59.59869,-18.33538]]]},"properties":{"n":"SANTIAGO DE CHIQUITOS","p":18,"personas_x_ha":16,"masculinidad":38,"pct_menor20":56,"pct_60mas":0,"pct_migrante":17,"dependencia_econ":260,"pct_empleados":60,"pct_cuentapropia":40,"pct_agricultura":0,"pct_comercio":20,"pct_manufactura":0,"pct_construccion":0,"pct_transporte":0,"pct_alojamiento":0,"pct_educ_superior":67,"brecha_educ":0,"pct_sin_seguro":0,"pct_seguro_privado":0,"brecha_seguro":0,"pct_med_tradicional":17,"pct_automedicacion":11,"pct_remedios_caseros":11,"pct_viv_desocupada":12,"pct_alquiler":40,"pct_electricidad":80,"pct_agua_red":80,"pct_alcantarillado":20,"pct_gas_red":0,"pct_gas_garrafa":100,"pct_lena_guano":100,"pct_basura_formal":0,"pct_basura_quema":80,"pct_basura_informal":0,"pct_internet":100,"pct_celular":100,"pct_televisor":60}}]}