{"type":"FeatureCollection","features":[{"type":"Feature","geometry":{"type":"Polygon","coordinates":[[[-63.90697,-17.00462],[-63.90755,-17.00391],[-63.9068,-17.00336],[-63.90625,-17.0041],[-63.90697,-17.00462]]]},"properties":{"n":"AYACUCHO EL CARMEN","p":15,"personas_x_ha":15,"masculinidad":150,"pct_menor20":40,"pct_60mas":20,"pct_migrante":40,"dependencia_econ":114,"pct_empleados":43,"pct_cuentapropia":14,"pct_agricultura":71,"pct_comercio":0,"pct_manufactura":0,"pct_construccion":0,"pct_transporte":0,"pct_alojamiento":0,"pct_sin_educacion":22,"pct_educ_superior":11,"brecha_educ":-15,"pct_sin_seguro":20,"pct_sus":80,"pct_seguro_privado":0,"brecha_seguro":33,"pct_salud_publica":55,"pct_med_tradicional":5,"pct_automedicacion":9,"pct_remedios_caseros":9,"pct_viv_desocupada":0,"pct_alquiler":17,"pct_electricidad":100,"pct_sin_electricidad":0,"pct_agua_red":17,"pct_alcantarillado":0,"pct_camara_septica":33,"pct_pozo_ciego":50,"pct_sin_desague":17,"pct_gas_red":0,"pct_gas_garrafa":67,"pct_lena_guano":33,"pct_basura_formal":0,"pct_basura_quema":100,"pct_basura_informal":0,"pct_internet":67,"pct_celular":83,"pct_televisor":50}},{"type":"Feature","geometry":{"type":"Polygon","coordinates":[[[-63.90765,-17.00377],[-63.90604,-17.00259],[-63.90777,-17.00034],[-63.90801,-17.00047],[-63.90791,-17.00101],[-63.90804,-17.0027],[-63.90817,-17.00314],[-63.90765,-17.00377]]]},"properties":{"n":"AYACUCHO EL CARMEN","p":27,"personas_x_ha":6,"masculinidad":170,"pct_menor20":26,"pct_60mas":19,"pct_migrante":70,"dependencia_econ":117,"pct_empleados":42,"pct_cuentapropia":42,"pct_agricultura":67,"pct_comercio":25,"pct_manufactura":0,"pct_construccion":0,"pct_transporte":8,"pct_alojamiento":0,"pct_sin_educacion":16,"pct_educ_superior":5,"brecha_educ":-28,"pct_sin_seguro":4,"pct_sus":84,"pct_seguro_privado":0,"brecha_seguro":6,"pct_salud_publica":35,"pct_med_tradicional":0,"pct_automedicacion":28,"pct_remedios_caseros":29,"pct_viv_desocupada":12,"pct_alquiler":0,"pct_electricidad":100,"pct_sin_electricidad":0,"pct_agua_red":86,"pct_alcantarillado":0,"pct_camara_septica":0,"pct_pozo_ciego":43,"pct_sin_desague":29,"pct_gas_red":0,"pct_gas_garrafa":71,"pct_lena_guano":29,"pct_basura_formal":0,"pct_basura_quema":100,"pct_basura_informal":0,"pct_internet":43,"pct_celular":86,"pct_televisor":43}},{"type":"Feature","geometry":{"type":"Polygon","coordinates":[[[-63.90426,-17.00449],[-63.90761,-17.00031],[-63.90762,-16.99999],[-63.90738,-16.99982],[-63.9038,-17.0039],[-63.90403,-17.00419],[-63.90376,-17.0045],[-63.90426,-17.00449]]]},"properties":{"n":"AYACUCHO EL CARMEN","p":48,"personas_x_ha":12,"masculinidad":109,"pct_menor20":42,"pct_60mas":8,"pct_migrante":73,"dependencia_econ":62,"pct_empleados":24,"pct_cuentapropia":66,"pct_agricultura":38,"pct_comercio":14,"pct_manufactura":0,"pct_construccion":10,"pct_transporte":7,"pct_alojamiento":14,"pct_sin_educacion":11,"pct_educ_superior":22,"brecha_educ":11,"pct_sin_seguro":4,"pct_sus":91,"pct_seguro_privado":0,"brecha_seguro":8,"pct_salud_publica":33,"pct_med_tradicional":11,"pct_automedicacion":14,"pct_remedios_caseros":22,"pct_viv_desocupada":0,"pct_alquiler":11,"pct_electricidad":89,"pct_sin_electricidad":11,"pct_agua_red":79,"pct_alcantarillado":5,"pct_camara_septica":37,"pct_pozo_ciego":37,"pct_sin_desague":21,"pct_gas_red":0,"pct_gas_garrafa":89,"pct_lena_guano":11,"pct_basura_formal":11,"pct_basura_quema":84,"pct_basura_informal":0,"pct_internet":58,"pct_celular":79,"pct_televisor":63}},{"type":"Feature","geometry":{"type":"Polygon","coordinates":[[[-63.90422,-17.0067],[-63.90479,-17.00591],[-63.90557,-17.00648],[-63.90507,-17.00718],[-63.90498,-17.00721],[-63.90422,-17.0067]]]},"properties":{"n":"AYACUCHO EL CARMEN","p":15,"personas_x_ha":13,"masculinidad":67,"pct_menor20":33,"pct_60mas":20,"pct_migrante":80,"dependencia_econ":67,"pct_empleados":22,"pct_cuentapropia":44,"pct_agricultura":44,"pct_comercio":0,"pct_manufactura":0,"pct_construccion":0,"pct_transporte":0,"pct_alojamiento":11,"pct_sin_educacion":20,"pct_educ_superior":10,"brecha_educ":40,"pct_sin_seguro":0,"pct_sus":93,"pct_seguro_privado":0,"brecha_seguro":0,"pct_salud_publica":28,"pct_med_tradicional":13,"pct_automedicacion":19,"pct_remedios_caseros":23,"pct_viv_desocupada":20,"pct_alquiler":0,"pct_electricidad":86,"pct_sin_electricidad":14,"pct_agua_red":86,"pct_alcantarillado":0,"pct_camara_septica":43,"pct_pozo_ciego":43,"pct_sin_desague":14,"pct_gas_red":0,"pct_gas_garrafa":86,"pct_lena_guano":14,"pct_basura_formal":0,"pct_basura_quema":100,"pct_basura_informal":0,"pct_internet":71,"pct_celular":86,"pct_televisor":57}},{"type":"Feature","geometry":{"type":"Polygon","coordinates":[[[-63.90417,-17.0046],[-63.9033,-17.00459],[-63.90274,-17.00543],[-63.90273,-17.00562],[-63.90319,-17.00592],[-63.90417,-17.0046]]]},"properties":{"n":"AYACUCHO EL CARMEN","p":22,"personas_x_ha":19,"masculinidad":69,"pct_menor20":45,"pct_60mas":5,"pct_migrante":68,"dependencia_econ":57,"pct_empleados":0,"pct_cuentapropia":57,"pct_agricultura":7,"pct_comercio":71,"pct_manufactura":0,"pct_construccion":0,"pct_transporte":7,"pct_alojamiento":7,"pct_sin_educacion":0,"pct_educ_superior":25,"brecha_educ":6,"pct_sin_seguro":5,"pct_sus":90,"pct_seguro_privado":0,"brecha_seguro":-8,"pct_salud_publica":31,"pct_med_tradicional":12,"pct_automedicacion":19,"pct_remedios_caseros":27,"pct_viv_desocupada":14,"pct_alquiler":0,"pct_electricidad":100,"pct_sin_electricidad":0,"pct_agua_red":50,"pct_alcantarillado":0,"pct_camara_septica":0,"pct_pozo_ciego":83,"pct_sin_desague":17,"pct_gas_red":0,"pct_gas_garrafa":100,"pct_lena_guano":0,"pct_basura_formal":0,"pct_basura_quema":83,"pct_basura_informal":17,"pct_internet":100,"pct_celular":83,"pct_televisor":100}},{"type":"Feature","geometry":{"type":"Polygon","coordinates":[[[-63.90548,-17.00491],[-63.90605,-17.00415],[-63.90545,-17.00372],[-63.90487,-17.00448],[-63.90548,-17.00491]]]},"properties":{"n":"AYACUCHO EL CARMEN","p":49,"personas_x_ha":58,"masculinidad":145,"pct_menor20":35,"pct_60mas":10,"pct_migrante":47,"dependencia_econ":85,"pct_empleados":31,"pct_cuentapropia":50,"pct_agricultura":77,"pct_comercio":4,"pct_manufactura":0,"pct_construccion":0,"pct_transporte":0,"pct_alojamiento":0,"pct_sin_educacion":3,"pct_educ_superior":19,"brecha_educ":-1,"pct_sin_seguro":23,"pct_sus":62,"pct_seguro_privado":0,"brecha_seguro":-21,"pct_salud_publica":34,"pct_med_tradicional":11,"pct_automedicacion":23,"pct_remedios_caseros":16,"pct_viv_desocupada":12,"pct_alquiler":0,"pct_electricidad":85,"pct_sin_electricidad":8,"pct_agua_red":85,"pct_alcantarillado":15,"pct_camara_septica":15,"pct_pozo_ciego":54,"pct_sin_desague":15,"pct_gas_red":0,"pct_gas_garrafa":85,"pct_lena_guano":15,"pct_basura_formal":0,"pct_basura_quema":92,"pct_basura_informal":8,"pct_internet":54,"pct_celular":69,"pct_televisor":62}},{"type":"Feature","geometry":{"type":"Polygon","coordinates":[[[-63.90416,-17.00539],[-63.90475,-17.00459],[-63.90535,-17.005],[-63.90477,-17.00579],[-63.90416,-17.00539]]]},"properties":{"n":"AYACUCHO EL CARMEN","p":28,"personas_x_ha":32,"masculinidad":115,"pct_menor20":32,"pct_60mas":7,"pct_migrante":82,"dependencia_econ":65,"pct_empleados":47,"pct_cuentapropia":29,"pct_agricultura":29,"pct_comercio":12,"pct_manufactura":0,"pct_construccion":0,"pct_transporte":0,"pct_alojamiento":6,"pct_sin_educacion":0,"pct_educ_superior":53,"brecha_educ":19,"pct_sin_seguro":11,"pct_sus":68,"pct_seguro_privado":0,"brecha_seguro":20,"pct_salud_publica":24,"pct_med_tradicional":6,"pct_automedicacion":19,"pct_remedios_caseros":24,"pct_viv_desocupada":0,"pct_alquiler":0,"pct_electricidad":100,"pct_sin_electricidad":0,"pct_agua_red":91,"pct_alcantarillado":0,"pct_camara_septica":18,"pct_pozo_ciego":64,"pct_sin_desague":0,"pct_gas_red":0,"pct_gas_garrafa":100,"pct_lena_guano":0,"pct_basura_formal":18,"pct_basura_quema":73,"pct_basura_informal":0,"pct_internet":91,"pct_celular":91,"pct_televisor":91}},{"type":"Feature","geometry":{"type":"Polygon","coordinates":[[[-63.90803,-17.00672],[-63.90832,-17.00633],[-63.90881,-17.00479],[-63.90874,-17.00465],[-63.90856,-17.00455],[-63.90844,-17.00459],[-63.90725,-17.00618],[-63.90803,-17.00672]]]},"properties":{"n":"AYACUCHO EL CARMEN","p":21,"personas_x_ha":12,"masculinidad":200,"pct_menor20":48,"pct_60mas":0,"pct_migrante":33,"dependencia_econ":162,"pct_empleados":75,"pct_cuentapropia":25,"pct_agricultura":50,"pct_comercio":12,"pct_manufactura":0,"pct_construccion":0,"pct_transporte":0,"pct_alojamiento":0,"pct_sin_educacion":0,"pct_educ_superior":36,"brecha_educ":-11,"pct_sin_seguro":10,"pct_sus":62,"pct_seguro_privado":0,"brecha_seguro":14,"pct_salud_publica":40,"pct_med_tradicional":0,"pct_automedicacion":13,"pct_remedios_caseros":35,"pct_viv_desocupada":22,"pct_alquiler":0,"pct_electricidad":71,"pct_sin_electricidad":29,"pct_agua_red":86,"pct_alcantarillado":0,"pct_camara_septica":0,"pct_pozo_ciego":43,"pct_sin_desague":43,"pct_gas_red":0,"pct_gas_garrafa":86,"pct_lena_guano":14,"pct_basura_formal":0,"pct_basura_quema":100,"pct_basura_informal":0,"pct_internet":100,"pct_celular":100,"pct_televisor":57}},{"type":"Feature","geometry":{"type":"Polygon","coordinates":[[[-63.9065,-17.00696],[-63.90574,-17.00647],[-63.90632,-17.00566],[-63.90707,-17.00618],[-63.9065,-17.00696]]]},"properties":{"n":"AYACUCHO EL CARMEN","p":22,"personas_x_ha":20,"masculinidad":100,"pct_menor20":41,"pct_60mas":18,"pct_migrante":77,"dependencia_econ":175,"pct_empleados":38,"pct_cuentapropia":38,"pct_agricultura":38,"pct_comercio":0,"pct_manufactura":0,"pct_construccion":12,"pct_transporte":12,"pct_alojamiento":12,"pct_sin_educacion":15,"pct_educ_superior":0,"brecha_educ":38,"pct_sin_seguro":5,"pct_sus":95,"pct_seguro_privado":0,"brecha_seguro":-9,"pct_salud_publica":37,"pct_med_tradicional":0,"pct_automedicacion":19,"pct_remedios_caseros":33,"pct_viv_desocupada":0,"pct_alquiler":0,"pct_electricidad":75,"pct_sin_electricidad":25,"pct_agua_red":75,"pct_alcantarillado":0,"pct_camara_septica":0,"pct_pozo_ciego":50,"pct_sin_desague":50,"pct_gas_red":0,"pct_gas_garrafa":75,"pct_lena_guano":0,"pct_basura_formal":0,"pct_basura_quema":88,"pct_basura_informal":0,"pct_internet":88,"pct_celular":88,"pct_televisor":38}},{"type":"Feature","geometry":{"type":"Polygon","coordinates":[[[-63.89287,-17.05648],[-63.89305,-17.05566],[-63.89231,-17.05563],[-63.89229,-17.05647],[-63.89287,-17.05648]]]},"properties":{"n":"LA ENCONADA","p":16,"personas_x_ha":24,"masculinidad":78,"pct_menor20":38,"pct_60mas":19,"pct_migrante":69,"dependencia_econ":100,"pct_empleados":0,"pct_cuentapropia":100,"pct_agricultura":50,"pct_comercio":12,"pct_manufactura":12,"pct_construccion":0,"pct_transporte":12,"pct_alojamiento":12,"pct_sin_educacion":0,"pct_educ_superior":18,"brecha_educ":-43,"pct_sin_seguro":6,"pct_sus":94,"pct_seguro_privado":0,"brecha_seguro":14,"pct_salud_publica":46,"pct_med_tradicional":3,"pct_automedicacion":17,"pct_remedios_caseros":9,"pct_viv_desocupada":0,"pct_alquiler":0,"pct_electricidad":100,"pct_sin_electricidad":0,"pct_agua_red":100,"pct_alcantarillado":17,"pct_camara_septica":17,"pct_pozo_ciego":67,"pct_sin_desague":0,"pct_gas_red":0,"pct_gas_garrafa":100,"pct_lena_guano":0,"pct_basura_formal":0,"pct_basura_quema":100,"pct_basura_informal":0,"pct_internet":67,"pct_celular":67,"pct_televisor":83}},{"type":"Feature","geometry":{"type":"Polygon","coordinates":[[[-63.89405,-17.05362],[-63.89496,-17.05123],[-63.89404,-17.05122],[-63.89403,-17.05184],[-63.89342,-17.05426],[-63.89328,-17.05513],[-63.89389,-17.05518],[-63.89405,-17.05362]]]},"properties":{"n":"LA ENCONADA","p":40,"personas_x_ha":14,"masculinidad":150,"pct_menor20":28,"pct_60mas":10,"pct_migrante":70,"dependencia_econ":111,"pct_empleados":32,"pct_cuentapropia":42,"pct_agricultura":37,"pct_comercio":32,"pct_manufactura":0,"pct_construccion":11,"pct_transporte":0,"pct_alojamiento":0,"pct_sin_educacion":3,"pct_educ_superior":24,"brecha_educ":-5,"pct_sin_seguro":11,"pct_sus":81,"pct_seguro_privado":0,"brecha_seguro":-14,"pct_salud_publica":23,"pct_med_tradicional":14,"pct_automedicacion":25,"pct_remedios_caseros":23,"pct_viv_desocupada":10,"pct_alquiler":17,"pct_electricidad":94,"pct_sin_electricidad":6,"pct_agua_red":11,"pct_alcantarillado":11,"pct_camara_septica":22,"pct_pozo_ciego":44,"pct_sin_desague":17,"pct_gas_red":0,"pct_gas_garrafa":94,"pct_lena_guano":0,"pct_basura_formal":0,"pct_basura_quema":100,"pct_basura_informal":0,"pct_internet":67,"pct_celular":72,"pct_televisor":44}},{"type":"Feature","geometry":{"type":"Polygon","coordinates":[[[-63.89493,-17.05483],[-63.89585,-17.05487],[-63.89583,-17.05563],[-63.89489,-17.05561],[-63.89493,-17.05483]]]},"properties":{"n":"LA ENCONADA","p":19,"personas_x_ha":22,"masculinidad":171,"pct_menor20":26,"pct_60mas":26,"pct_migrante":63,"dependencia_econ":58,"pct_empleados":17,"pct_cuentapropia":83,"pct_agricultura":75,"pct_comercio":25,"pct_manufactura":0,"pct_construccion":0,"pct_transporte":0,"pct_alojamiento":0,"pct_sin_educacion":7,"pct_educ_superior":20,"brecha_educ":-22,"pct_sin_seguro":32,"pct_sus":68,"pct_seguro_privado":0,"brecha_seguro":5,"pct_salud_publica":19,"pct_med_tradicional":20,"pct_automedicacion":23,"pct_remedios_caseros":21,"pct_viv_desocupada":0,"pct_alquiler":0,"pct_electricidad":100,"pct_sin_electricidad":0,"pct_agua_red":100,"pct_alcantarillado":0,"pct_camara_septica":14,"pct_pozo_ciego":86,"pct_sin_desague":0,"pct_gas_red":0,"pct_gas_garrafa":100,"pct_lena_guano":0,"pct_basura_formal":0,"pct_basura_quema":71,"pct_basura_informal":14,"pct_internet":86,"pct_celular":100,"pct_televisor":86}},{"type":"Feature","geometry":{"type":"Polygon","coordinates":[[[-63.89508,-17.04724],[-63.89405,-17.04716],[-63.89404,-17.04789],[-63.89506,-17.04797],[-63.89508,-17.04724]]]},"properties":{"n":"LA ENCONADA","p":24,"personas_x_ha":27,"masculinidad":167,"pct_menor20":46,"pct_60mas":12,"pct_migrante":83,"dependencia_econ":243,"pct_empleados":57,"pct_cuentapropia":14,"pct_agricultura":57,"pct_comercio":14,"pct_manufactura":0,"pct_construccion":0,"pct_transporte":0,"pct_alojamiento":0,"pct_sin_educacion":15,"pct_educ_superior":0,"brecha_educ":-24,"pct_sin_seguro":21,"pct_sus":79,"pct_seguro_privado":0,"brecha_seguro":16,"pct_salud_publica":40,"pct_med_tradicional":6,"pct_automedicacion":17,"pct_remedios_caseros":17,"pct_viv_desocupada":20,"pct_alquiler":29,"pct_electricidad":100,"pct_sin_electricidad":0,"pct_agua_red":71,"pct_alcantarillado":0,"pct_camara_septica":0,"pct_pozo_ciego":57,"pct_sin_desague":29,"pct_gas_red":0,"pct_gas_garrafa":100,"pct_lena_guano":0,"pct_basura_formal":0,"pct_basura_quema":86,"pct_basura_informal":0,"pct_internet":57,"pct_celular":71,"pct_televisor":29}},{"type":"Feature","geometry":{"type":"Polygon","coordinates":[[[-63.89609,-17.05125],[-63.89672,-17.05044],[-63.89691,-17.05045],[-63.89685,-17.05212],[-63.89606,-17.05208],[-63.89609,-17.05125]]]},"properties":{"n":"LA ENCONADA","p":23,"personas_x_ha":18,"masculinidad":283,"pct_menor20":48,"pct_60mas":4,"pct_migrante":65,"dependencia_econ":109,"pct_empleados":36,"pct_cuentapropia":18,"pct_agricultura":36,"pct_comercio":0,"pct_manufactura":0,"pct_construccion":36,"pct_transporte":0,"pct_alojamiento":0,"pct_sin_educacion":8,"pct_educ_superior":17,"brecha_educ":38,"pct_sin_seguro":26,"pct_sus":70,"pct_seguro_privado":0,"brecha_seguro":35,"pct_salud_publica":26,"pct_med_tradicional":13,"pct_automedicacion":22,"pct_remedios_caseros":14,"pct_viv_desocupada":25,"pct_alquiler":20,"pct_electricidad":100,"pct_sin_electricidad":0,"pct_agua_red":80,"pct_alcantarillado":0,"pct_camara_septica":20,"pct_pozo_ciego":40,"pct_sin_desague":40,"pct_gas_red":0,"pct_gas_garrafa":100,"pct_lena_guano":0,"pct_basura_formal":0,"pct_basura_quema":100,"pct_basura_informal":0,"pct_internet":100,"pct_celular":100,"pct_televisor":80}},{"type":"Feature","geometry":{"type":"Polygon","coordinates":[[[-63.89526,-17.04545],[-63.8953,-17.04475],[-63.89399,-17.04463],[-63.894,-17.0454],[-63.89526,-17.04545]]]},"properties":{"n":"LA ENCONADA","p":28,"personas_x_ha":25,"masculinidad":133,"pct_menor20":54,"pct_60mas":0,"pct_migrante":46,"dependencia_econ":115,"pct_empleados":54,"pct_cuentapropia":15,"pct_agricultura":62,"pct_comercio":8,"pct_manufactura":0,"pct_construccion":8,"pct_transporte":0,"pct_alojamiento":0,"pct_sin_educacion":0,"pct_educ_superior":20,"brecha_educ":21,"pct_sin_seguro":7,"pct_sus":93,"pct_seguro_privado":0,"brecha_seguro":12,"pct_salud_publica":39,"pct_med_tradicional":10,"pct_automedicacion":11,"pct_remedios_caseros":20,"pct_viv_desocupada":10,"pct_alquiler":0,"pct_electricidad":83,"pct_sin_electricidad":0,"pct_agua_red":83,"pct_alcantarillado":0,"pct_camara_septica":0,"pct_pozo_ciego":50,"pct_sin_desague":50,"pct_gas_red":0,"pct_gas_garrafa":67,"pct_lena_guano":33,"pct_basura_formal":0,"pct_basura_quema":83,"pct_basura_informal":0,"pct_internet":100,"pct_celular":100,"pct_televisor":17}},{"type":"Feature","geometry":{"type":"Polygon","coordinates":[[[-63.89386,-17.05111],[-63.89387,-17.0503],[-63.89247,-17.05027],[-63.89245,-17.05107],[-63.89386,-17.05111]]]},"properties":{"n":"LA ENCONADA","p":25,"personas_x_ha":19,"masculinidad":79,"pct_menor20":48,"pct_60mas":4,"pct_migrante":92,"dependencia_econ":150,"pct_empleados":50,"pct_cuentapropia":40,"pct_agricultura":70,"pct_comercio":20,"pct_manufactura":0,"pct_construccion":0,"pct_transporte":0,"pct_alojamiento":0,"pct_sin_educacion":7,"pct_educ_superior":14,"brecha_educ":0,"pct_sin_seguro":12,"pct_sus":88,"pct_seguro_privado":0,"brecha_seguro":-5,"pct_salud_publica":30,"pct_med_tradicional":0,"pct_automedicacion":24,"pct_remedios_caseros":25,"pct_viv_desocupada":12,"pct_alquiler":0,"pct_electricidad":100,"pct_sin_electricidad":0,"pct_agua_red":67,"pct_alcantarillado":0,"pct_camara_septica":33,"pct_pozo_ciego":33,"pct_sin_desague":17,"pct_gas_red":0,"pct_gas_garrafa":100,"pct_lena_guano":0,"pct_basura_formal":0,"pct_basura_quema":100,"pct_basura_informal":0,"pct_internet":100,"pct_celular":100,"pct_televisor":100}},{"type":"Feature","geometry":{"type":"Polygon","coordinates":[[[-63.896,-17.05487],[-63.89677,-17.0549],[-63.89675,-17.0557],[-63.89598,-17.05568],[-63.896,-17.05487]]]},"properties":{"n":"LA ENCONADA","p":27,"personas_x_ha":37,"masculinidad":93,"pct_menor20":33,"pct_60mas":19,"pct_migrante":74,"dependencia_econ":145,"pct_empleados":18,"pct_cuentapropia":64,"pct_agricultura":45,"pct_comercio":18,"pct_manufactura":0,"pct_construccion":9,"pct_transporte":9,"pct_alojamiento":0,"pct_sin_educacion":0,"pct_educ_superior":28,"brecha_educ":-22,"pct_sin_seguro":4,"pct_sus":89,"pct_seguro_privado":0,"brecha_seguro":8,"pct_salud_publica":23,"pct_med_tradicional":8,"pct_automedicacion":21,"pct_remedios_caseros":20,"pct_viv_desocupada":0,"pct_alquiler":12,"pct_electricidad":100,"pct_sin_electricidad":0,"pct_agua_red":100,"pct_alcantarillado":0,"pct_camara_septica":62,"pct_pozo_ciego":38,"pct_sin_desague":0,"pct_gas_red":0,"pct_gas_garrafa":88,"pct_lena_guano":12,"pct_basura_formal":0,"pct_basura_quema":100,"pct_basura_informal":0,"pct_internet":50,"pct_celular":88,"pct_televisor":62}},{"type":"Feature","geometry":{"type":"Polygon","coordinates":[[[-63.89395,-17.0445],[-63.89389,-17.04375],[-63.89539,-17.04391],[-63.8953,-17.04464],[-63.89395,-17.0445]]]},"properties":{"n":"LA ENCONADA","p":30,"personas_x_ha":24,"masculinidad":76,"pct_menor20":43,"pct_60mas":7,"pct_migrante":70,"dependencia_econ":173,"pct_empleados":27,"pct_cuentapropia":55,"pct_agricultura":18,"pct_comercio":27,"pct_manufactura":0,"pct_construccion":9,"pct_transporte":0,"pct_alojamiento":9,"pct_sin_educacion":6,"pct_educ_superior":24,"brecha_educ":7,"pct_sin_seguro":7,"pct_sus":93,"pct_seguro_privado":0,"brecha_seguro":2,"pct_salud_publica":37,"pct_med_tradicional":4,"pct_automedicacion":17,"pct_remedios_caseros":30,"pct_viv_desocupada":17,"pct_alquiler":20,"pct_electricidad":90,"pct_sin_electricidad":10,"pct_agua_red":90,"pct_alcantarillado":0,"pct_camara_septica":10,"pct_pozo_ciego":70,"pct_sin_desague":10,"pct_gas_red":0,"pct_gas_garrafa":80,"pct_lena_guano":20,"pct_basura_formal":0,"pct_basura_quema":100,"pct_basura_informal":0,"pct_internet":70,"pct_celular":100,"pct_televisor":50}},{"type":"Feature","geometry":{"type":"Polygon","coordinates":[[[-63.89379,-17.05199],[-63.89241,-17.05194],[-63.89242,-17.05118],[-63.89386,-17.05122],[-63.89379,-17.05199]]]},"properties":{"n":"LA ENCONADA","p":20,"personas_x_ha":16,"masculinidad":100,"pct_menor20":30,"pct_60mas":5,"pct_migrante":60,"dependencia_econ":67,"pct_empleados":0,"pct_cuentapropia":58,"pct_agricultura":83,"pct_comercio":8,"pct_manufactura":0,"pct_construccion":0,"pct_transporte":0,"pct_alojamiento":0,"pct_sin_educacion":0,"pct_educ_superior":0,"brecha_educ":-12,"pct_sin_seguro":11,"pct_sus":89,"pct_seguro_privado":0,"brecha_seguro":-1,"pct_salud_publica":31,"pct_med_tradicional":0,"pct_automedicacion":33,"pct_remedios_caseros":24,"pct_viv_desocupada":0,"pct_alquiler":0,"pct_electricidad":100,"pct_sin_electricidad":0,"pct_agua_red":100,"pct_alcantarillado":12,"pct_camara_septica":12,"pct_pozo_ciego":62,"pct_sin_desague":12,"pct_gas_red":0,"pct_gas_garrafa":100,"pct_lena_guano":0,"pct_basura_formal":0,"pct_basura_quema":75,"pct_basura_informal":0,"pct_internet":75,"pct_celular":88,"pct_televisor":38}},{"type":"Feature","geometry":{"type":"Polygon","coordinates":[[[-63.89279,-17.0461],[-63.89277,-17.04536],[-63.89377,-17.04537],[-63.8938,-17.04611],[-63.89279,-17.0461]]]},"properties":{"n":"LA ENCONADA","p":18,"personas_x_ha":21,"masculinidad":100,"pct_menor20":44,"pct_60mas":0,"pct_migrante":6,"dependencia_econ":240,"pct_empleados":0,"pct_cuentapropia":100,"pct_agricultura":40,"pct_comercio":60,"pct_manufactura":0,"pct_construccion":0,"pct_transporte":0,"pct_alojamiento":0,"pct_sin_educacion":0,"pct_educ_superior":20,"brecha_educ":-8,"pct_sin_seguro":29,"pct_sus":71,"pct_seguro_privado":0,"brecha_seguro":-8,"pct_salud_publica":59,"pct_med_tradicional":0,"pct_automedicacion":9,"pct_remedios_caseros":0,"pct_viv_desocupada":44,"pct_alquiler":0,"pct_electricidad":100,"pct_sin_electricidad":0,"pct_agua_red":80,"pct_alcantarillado":0,"pct_camara_septica":40,"pct_pozo_ciego":60,"pct_sin_desague":0,"pct_gas_red":0,"pct_gas_garrafa":100,"pct_lena_guano":0,"pct_basura_formal":0,"pct_basura_quema":80,"pct_basura_informal":20,"pct_internet":60,"pct_celular":60,"pct_televisor":60}},{"type":"Feature","geometry":{"type":"Polygon","coordinates":[[[-63.89449,-17.05729],[-63.8941,-17.05691],[-63.89409,-17.05609],[-63.89432,-17.05565],[-63.8956,-17.05579],[-63.89573,-17.05587],[-63.8957,-17.05741],[-63.89449,-17.05729]]]},"properties":{"n":"LA ENCONADA","p":22,"personas_x_ha":8,"masculinidad":175,"pct_menor20":41,"pct_60mas":18,"pct_migrante":73,"dependencia_econ":91,"pct_empleados":27,"pct_cuentapropia":36,"pct_agricultura":36,"pct_comercio":9,"pct_manufactura":9,"pct_construccion":18,"pct_transporte":0,"pct_alojamiento":9,"pct_sin_educacion":0,"pct_educ_superior":33,"brecha_educ":0,"pct_sin_seguro":5,"pct_sus":95,"pct_seguro_privado":0,"brecha_seguro":7,"pct_salud_publica":33,"pct_med_tradicional":17,"pct_automedicacion":15,"pct_remedios_caseros":15,"pct_viv_desocupada":12,"pct_alquiler":29,"pct_electricidad":100,"pct_sin_electricidad":0,"pct_agua_red":71,"pct_alcantarillado":14,"pct_camara_septica":29,"pct_pozo_ciego":57,"pct_sin_desague":0,"pct_gas_red":0,"pct_gas_garrafa":100,"pct_lena_guano":0,"pct_basura_formal":0,"pct_basura_quema":100,"pct_basura_informal":0,"pct_internet":86,"pct_celular":71,"pct_televisor":71}},{"type":"Feature","geometry":{"type":"Polygon","coordinates":[[[-63.89543,-17.04302],[-63.8943,-17.04294],[-63.8937,-17.0431],[-63.89387,-17.04369],[-63.8954,-17.04381],[-63.89543,-17.04302]]]},"properties":{"n":"LA ENCONADA","p":22,"personas_x_ha":15,"masculinidad":69,"pct_menor20":50,"pct_60mas":0,"pct_migrante":23,"dependencia_econ":267,"pct_empleados":33,"pct_cuentapropia":67,"pct_agricultura":50,"pct_comercio":17,"pct_manufactura":0,"pct_construccion":33,"pct_transporte":0,"pct_alojamiento":0,"pct_sin_educacion":9,"pct_educ_superior":0,"brecha_educ":-10,"pct_sin_seguro":100,"pct_sus":0,"pct_seguro_privado":0,"brecha_seguro":0,"pct_salud_publica":95,"pct_med_tradicional":0,"pct_automedicacion":0,"pct_remedios_caseros":5,"pct_viv_desocupada":12,"pct_alquiler":14,"pct_electricidad":100,"pct_sin_electricidad":0,"pct_agua_red":100,"pct_alcantarillado":0,"pct_camara_septica":0,"pct_pozo_ciego":86,"pct_sin_desague":14,"pct_gas_red":0,"pct_gas_garrafa":100,"pct_lena_guano":0,"pct_basura_formal":0,"pct_basura_quema":100,"pct_basura_informal":0,"pct_internet":86,"pct_celular":100,"pct_televisor":100}},{"type":"Feature","geometry":{"type":"Polygon","coordinates":[[[-63.89673,-17.05661],[-63.89603,-17.05656],[-63.89604,-17.05575],[-63.89675,-17.05579],[-63.89673,-17.05661]]]},"properties":{"n":"LA ENCONADA","p":23,"personas_x_ha":33,"masculinidad":92,"pct_menor20":35,"pct_60mas":13,"pct_migrante":91,"dependencia_econ":64,"pct_empleados":50,"pct_cuentapropia":43,"pct_agricultura":29,"pct_comercio":21,"pct_manufactura":0,"pct_construccion":0,"pct_transporte":7,"pct_alojamiento":29,"pct_sin_educacion":7,"pct_educ_superior":47,"brecha_educ":-4,"pct_sin_seguro":9,"pct_sus":78,"pct_seguro_privado":0,"brecha_seguro":1,"pct_salud_publica":33,"pct_med_tradicional":8,"pct_automedicacion":12,"pct_remedios_caseros":27,"pct_viv_desocupada":11,"pct_alquiler":38,"pct_electricidad":100,"pct_sin_electricidad":0,"pct_agua_red":100,"pct_alcantarillado":0,"pct_camara_septica":25,"pct_pozo_ciego":75,"pct_sin_desague":0,"pct_gas_red":0,"pct_gas_garrafa":100,"pct_lena_guano":0,"pct_basura_formal":0,"pct_basura_quema":100,"pct_basura_informal":0,"pct_internet":75,"pct_celular":100,"pct_televisor":62}},{"type":"Feature","geometry":{"type":"Polygon","coordinates":[[[-63.89685,-17.05579],[-63.89683,-17.05662],[-63.89759,-17.05663],[-63.89761,-17.05581],[-63.89685,-17.05579]]]},"properties":{"n":"LA ENCONADA","p":28,"personas_x_ha":37,"masculinidad":133,"pct_menor20":46,"pct_60mas":7,"pct_migrante":82,"dependencia_econ":155,"pct_empleados":64,"pct_cuentapropia":36,"pct_agricultura":45,"pct_comercio":0,"pct_manufactura":0,"pct_construccion":0,"pct_transporte":0,"pct_alojamiento":9,"pct_sin_educacion":7,"pct_educ_superior":40,"brecha_educ":9,"pct_sin_seguro":7,"pct_sus":89,"pct_seguro_privado":0,"brecha_seguro":12,"pct_salud_publica":25,"pct_med_tradicional":6,"pct_automedicacion":26,"pct_remedios_caseros":24,"pct_viv_desocupada":0,"pct_alquiler":11,"pct_electricidad":100,"pct_sin_electricidad":0,"pct_agua_red":89,"pct_alcantarillado":0,"pct_camara_septica":44,"pct_pozo_ciego":56,"pct_sin_desague":0,"pct_gas_red":0,"pct_gas_garrafa":89,"pct_lena_guano":0,"pct_basura_formal":0,"pct_basura_quema":100,"pct_basura_informal":0,"pct_internet":100,"pct_celular":100,"pct_televisor":33}},{"type":"Feature","geometry":{"type":"Polygon","coordinates":[[[-63.89513,-17.04639],[-63.89404,-17.04634],[-63.89405,-17.04705],[-63.89513,-17.04713],[-63.89513,-17.04639]]]},"properties":{"n":"LA ENCONADA","p":25,"personas_x_ha":26,"masculinidad":127,"pct_menor20":48,"pct_60mas":4,"pct_migrante":40,"dependencia_econ":108,"pct_empleados":42,"pct_cuentapropia":58,"pct_agricultura":75,"pct_comercio":8,"pct_manufactura":0,"pct_construccion":8,"pct_transporte":0,"pct_alojamiento":8,"pct_sin_educacion":0,"pct_educ_superior":8,"brecha_educ":7,"pct_sin_seguro":40,"pct_sus":60,"pct_seguro_privado":0,"brecha_seguro":6,"pct_salud_publica":96,"pct_med_tradicional":0,"pct_automedicacion":0,"pct_remedios_caseros":0,"pct_viv_desocupada":0,"pct_alquiler":0,"pct_electricidad":86,"pct_sin_electricidad":14,"pct_agua_red":100,"pct_alcantarillado":14,"pct_camara_septica":0,"pct_pozo_ciego":14,"pct_sin_desague":71,"pct_gas_red":0,"pct_gas_garrafa":100,"pct_lena_guano":0,"pct_basura_formal":14,"pct_basura_quema":71,"pct_basura_informal":14,"pct_internet":86,"pct_celular":86,"pct_televisor":71}},{"type":"Feature","geometry":{"type":"Polygon","coordinates":[[[-63.92324,-17.07737],[-63.92254,-17.07721],[-63.92243,-17.07726],[-63.92239,-17.07827],[-63.92312,-17.07826],[-63.92324,-17.07737]]]},"properties":{"n":"LOS ANDES","p":28,"personas_x_ha":30,"masculinidad":100,"pct_menor20":32,"pct_60mas":14,"pct_migrante":54,"dependencia_econ":115,"pct_empleados":15,"pct_cuentapropia":15,"pct_agricultura":62,"pct_comercio":23,"pct_manufactura":0,"pct_construccion":0,"pct_transporte":0,"pct_alojamiento":0,"pct_sin_educacion":16,"pct_educ_superior":32,"brecha_educ":3,"pct_sin_seguro":14,"pct_sus":86,"pct_seguro_privado":0,"brecha_seguro":0,"pct_salud_publica":53,"pct_med_tradicional":0,"pct_automedicacion":0,"pct_remedios_caseros":45,"pct_viv_desocupada":0,"pct_alquiler":0,"pct_electricidad":100,"pct_sin_electricidad":0,"pct_agua_red":0,"pct_alcantarillado":14,"pct_camara_septica":43,"pct_pozo_ciego":0,"pct_sin_desague":14,"pct_gas_red":0,"pct_gas_garrafa":100,"pct_lena_guano":0,"pct_basura_formal":0,"pct_basura_quema":100,"pct_basura_informal":0,"pct_internet":86,"pct_celular":86,"pct_televisor":71}},{"type":"Feature","geometry":{"type":"Polygon","coordinates":[[[-63.92368,-17.0769],[-63.92368,-17.07722],[-63.92264,-17.07709],[-63.92267,-17.07678],[-63.92368,-17.0769]]]},"properties":{"n":"LOS ANDES","p":25,"personas_x_ha":61,"masculinidad":92,"pct_menor20":40,"pct_60mas":4,"pct_migrante":32,"dependencia_econ":127,"pct_empleados":9,"pct_cuentapropia":64,"pct_agricultura":82,"pct_comercio":9,"pct_manufactura":0,"pct_construccion":0,"pct_transporte":0,"pct_alojamiento":0,"pct_sin_educacion":0,"pct_educ_superior":33,"brecha_educ":4,"pct_sin_seguro":12,"pct_sus":88,"pct_seguro_privado":0,"brecha_seguro":10,"pct_salud_publica":27,"pct_med_tradicional":3,"pct_automedicacion":19,"pct_remedios_caseros":26,"pct_viv_desocupada":0,"pct_alquiler":0,"pct_electricidad":100,"pct_sin_electricidad":0,"pct_agua_red":100,"pct_alcantarillado":0,"pct_camara_septica":11,"pct_pozo_ciego":67,"pct_sin_desague":22,"pct_gas_red":0,"pct_gas_garrafa":89,"pct_lena_guano":0,"pct_basura_formal":0,"pct_basura_quema":100,"pct_basura_informal":0,"pct_internet":89,"pct_celular":89,"pct_televisor":44}},{"type":"Feature","geometry":{"type":"Polygon","coordinates":[[[-63.92371,-17.07833],[-63.92381,-17.07744],[-63.92335,-17.07737],[-63.92327,-17.07829],[-63.92371,-17.07833]]]},"properties":{"n":"LOS ANDES","p":25,"personas_x_ha":47,"masculinidad":67,"pct_menor20":52,"pct_60mas":16,"pct_migrante":56,"dependencia_econ":317,"pct_empleados":33,"pct_cuentapropia":67,"pct_agricultura":33,"pct_comercio":17,"pct_manufactura":0,"pct_construccion":0,"pct_transporte":0,"pct_alojamiento":0,"pct_sin_educacion":8,"pct_educ_superior":25,"brecha_educ":-12,"pct_sin_seguro":24,"pct_sus":76,"pct_seguro_privado":0,"brecha_seguro":-7,"pct_salud_publica":27,"pct_med_tradicional":21,"pct_automedicacion":0,"pct_remedios_caseros":24,"pct_viv_desocupada":0,"pct_alquiler":0,"pct_electricidad":100,"pct_sin_electricidad":0,"pct_agua_red":100,"pct_alcantarillado":0,"pct_camara_septica":0,"pct_pozo_ciego":86,"pct_sin_desague":0,"pct_gas_red":0,"pct_gas_garrafa":100,"pct_lena_guano":0,"pct_basura_formal":0,"pct_basura_quema":100,"pct_basura_informal":0,"pct_internet":100,"pct_celular":100,"pct_televisor":71}},{"type":"Feature","geometry":{"type":"Polygon","coordinates":[[[-64.04596,-16.70311],[-64.04509,-16.70278],[-64.04473,-16.70374],[-64.04557,-16.70407],[-64.04596,-16.70311]]]},"properties":{"n":"RAUL MENACHO","p":18,"personas_x_ha":16,"masculinidad":100,"pct_menor20":56,"pct_60mas":0,"pct_migrante":72,"dependencia_econ":100,"pct_empleados":11,"pct_cuentapropia":78,"pct_agricultura":67,"pct_comercio":0,"pct_manufactura":0,"pct_construccion":11,"pct_transporte":0,"pct_alojamiento":0,"pct_sin_educacion":0,"pct_educ_superior":25,"brecha_educ":50,"pct_sin_seguro":0,"pct_sus":71,"pct_seguro_privado":0,"brecha_seguro":0,"pct_salud_publica":21,"pct_med_tradicional":22,"pct_automedicacion":17,"pct_remedios_caseros":22,"pct_viv_desocupada":14,"pct_alquiler":0,"pct_electricidad":100,"pct_sin_electricidad":0,"pct_agua_red":80,"pct_alcantarillado":20,"pct_camara_septica":0,"pct_pozo_ciego":80,"pct_sin_desague":0,"pct_gas_red":0,"pct_gas_garrafa":80,"pct_lena_guano":20,"pct_basura_formal":0,"pct_basura_quema":100,"pct_basura_informal":0,"pct_internet":80,"pct_celular":80,"pct_televisor":60}},{"type":"Feature","geometry":{"type":"Polygon","coordinates":[[[-64.04693,-16.70216],[-64.04765,-16.70069],[-64.04719,-16.70044],[-64.04653,-16.702],[-64.04693,-16.70216]]]},"properties":{"n":"RAUL MENACHO","p":38,"personas_x_ha":43,"masculinidad":111,"pct_menor20":42,"pct_60mas":8,"pct_migrante":68,"dependencia_econ":81,"pct_empleados":43,"pct_cuentapropia":52,"pct_agricultura":29,"pct_comercio":5,"pct_manufactura":5,"pct_construccion":5,"pct_transporte":5,"pct_alojamiento":0,"pct_sin_educacion":9,"pct_educ_superior":48,"brecha_educ":10,"pct_sin_seguro":0,"pct_sus":81,"pct_seguro_privado":0,"brecha_seguro":0,"pct_salud_publica":48,"pct_med_tradicional":3,"pct_automedicacion":10,"pct_remedios_caseros":16,"pct_viv_desocupada":0,"pct_alquiler":0,"pct_electricidad":100,"pct_sin_electricidad":0,"pct_agua_red":100,"pct_alcantarillado":8,"pct_camara_septica":33,"pct_pozo_ciego":50,"pct_sin_desague":8,"pct_gas_red":0,"pct_gas_garrafa":100,"pct_lena_guano":0,"pct_basura_formal":0,"pct_basura_quema":75,"pct_basura_informal":0,"pct_internet":67,"pct_celular":83,"pct_televisor":58}},{"type":"Feature","geometry":{"type":"Polygon","coordinates":[[[-64.04157,-16.70265],[-64.04119,-16.70246],[-64.04096,-16.7029],[-64.04285,-16.70378],[-64.04306,-16.70325],[-64.04158,-16.70266],[-64.04135,-16.70288],[-64.04157,-16.70265]]]},"properties":{"n":"RAUL MENACHO","p":25,"personas_x_ha":20,"masculinidad":150,"pct_menor20":44,"pct_60mas":0,"pct_migrante":88,"dependencia_econ":127,"pct_empleados":64,"pct_cuentapropia":36,"pct_agricultura":45,"pct_comercio":9,"pct_manufactura":0,"pct_construccion":9,"pct_transporte":9,"pct_alojamiento":0,"pct_sin_educacion":0,"pct_educ_superior":7,"brecha_educ":7,"pct_sin_seguro":16,"pct_sus":80,"pct_seguro_privado":0,"brecha_seguro":27,"pct_salud_publica":26,"pct_med_tradicional":19,"pct_automedicacion":19,"pct_remedios_caseros":27,"pct_viv_desocupada":0,"pct_alquiler":0,"pct_electricidad":38,"pct_sin_electricidad":50,"pct_agua_red":75,"pct_alcantarillado":0,"pct_camara_septica":0,"pct_pozo_ciego":75,"pct_sin_desague":25,"pct_gas_red":0,"pct_gas_garrafa":75,"pct_lena_guano":25,"pct_basura_formal":0,"pct_basura_quema":100,"pct_basura_informal":0,"pct_internet":88,"pct_celular":88,"pct_televisor":25}},{"type":"Feature","geometry":{"type":"Polygon","coordinates":[[[-64.04833,-16.70185],[-64.04821,-16.70167],[-64.04827,-16.70154],[-64.04754,-16.70138],[-64.04672,-16.70327],[-64.04713,-16.70344],[-64.04761,-16.70239],[-64.04774,-16.70231],[-64.04816,-16.70236],[-64.04833,-16.70185]]]},"properties":{"n":"RAUL MENACHO","p":27,"personas_x_ha":18,"masculinidad":125,"pct_menor20":26,"pct_60mas":15,"pct_migrante":81,"dependencia_econ":59,"pct_empleados":35,"pct_cuentapropia":59,"pct_agricultura":53,"pct_comercio":12,"pct_manufactura":0,"pct_construccion":12,"pct_transporte":0,"pct_alojamiento":12,"pct_sin_educacion":10,"pct_educ_superior":25,"brecha_educ":10,"pct_sin_seguro":19,"pct_sus":81,"pct_seguro_privado":0,"brecha_seguro":18,"pct_salud_publica":25,"pct_med_tradicional":15,"pct_automedicacion":20,"pct_remedios_caseros":24,"pct_viv_desocupada":0,"pct_alquiler":0,"pct_electricidad":100,"pct_sin_electricidad":0,"pct_agua_red":67,"pct_alcantarillado":0,"pct_camara_septica":0,"pct_pozo_ciego":89,"pct_sin_desague":11,"pct_gas_red":0,"pct_gas_garrafa":67,"pct_lena_guano":33,"pct_basura_formal":0,"pct_basura_quema":89,"pct_basura_informal":11,"pct_internet":78,"pct_celular":78,"pct_televisor":67}},{"type":"Feature","geometry":{"type":"Polygon","coordinates":[[[-64.04703,-16.7005],[-64.04701,-16.70022],[-64.04663,-16.70008],[-64.04606,-16.70017],[-64.04555,-16.70035],[-64.04528,-16.70032],[-64.04499,-16.70014],[-64.04454,-16.70184],[-64.04446,-16.70242],[-64.046,-16.70297],[-64.04703,-16.7005]]]},"properties":{"n":"RAUL MENACHO","p":15,"personas_x_ha":3,"masculinidad":88,"pct_menor20":33,"pct_60mas":7,"pct_migrante":73,"dependencia_econ":50,"pct_empleados":50,"pct_cuentapropia":30,"pct_agricultura":60,"pct_comercio":0,"pct_manufactura":0,"pct_construccion":10,"pct_transporte":0,"pct_alojamiento":0,"pct_sin_educacion":9,"pct_educ_superior":45,"brecha_educ":-33,"pct_sin_seguro":0,"pct_sus":100,"pct_seguro_privado":0,"brecha_seguro":0,"pct_salud_publica":30,"pct_med_tradicional":21,"pct_automedicacion":9,"pct_remedios_caseros":26,"pct_viv_desocupada":17,"pct_alquiler":0,"pct_electricidad":100,"pct_sin_electricidad":0,"pct_agua_red":100,"pct_alcantarillado":0,"pct_camara_septica":0,"pct_pozo_ciego":100,"pct_sin_desague":0,"pct_gas_red":0,"pct_gas_garrafa":100,"pct_lena_guano":0,"pct_basura_formal":0,"pct_basura_quema":100,"pct_basura_informal":0,"pct_internet":100,"pct_celular":100,"pct_televisor":0}},{"type":"Feature","geometry":{"type":"Polygon","coordinates":[[[-64.0442,-16.70471],[-64.04457,-16.70382],[-64.04389,-16.70357],[-64.04368,-16.70412],[-64.04387,-16.70356],[-64.04315,-16.70329],[-64.04292,-16.70386],[-64.04293,-16.70415],[-64.0442,-16.70471]]]},"properties":{"n":"RAUL MENACHO","p":32,"personas_x_ha":20,"masculinidad":113,"pct_menor20":53,"pct_60mas":3,"pct_migrante":47,"dependencia_econ":100,"pct_empleados":25,"pct_cuentapropia":62,"pct_agricultura":38,"pct_comercio":19,"pct_manufactura":0,"pct_construccion":12,"pct_transporte":6,"pct_alojamiento":12,"pct_sin_educacion":6,"pct_educ_superior":0,"brecha_educ":-18,"pct_sin_seguro":16,"pct_sus":75,"pct_seguro_privado":9,"brecha_seguro":4,"pct_salud_publica":28,"pct_med_tradicional":7,"pct_automedicacion":17,"pct_remedios_caseros":26,"pct_viv_desocupada":0,"pct_alquiler":0,"pct_electricidad":92,"pct_sin_electricidad":8,"pct_agua_red":54,"pct_alcantarillado":0,"pct_camara_septica":0,"pct_pozo_ciego":69,"pct_sin_desague":15,"pct_gas_red":0,"pct_gas_garrafa":92,"pct_lena_guano":8,"pct_basura_formal":8,"pct_basura_quema":92,"pct_basura_informal":0,"pct_internet":77,"pct_celular":92,"pct_televisor":69}},{"type":"Feature","geometry":{"type":"Polygon","coordinates":[[[-63.85696,-17.28646],[-63.85625,-17.28645],[-63.85623,-17.28722],[-63.85694,-17.28724],[-63.85696,-17.28646]]]},"properties":{"n":"SAN JUAN DE YAPACANI","p":73,"personas_x_ha":113,"masculinidad":135,"pct_menor20":45,"pct_60mas":5,"pct_migrante":60,"dependencia_econ":115,"pct_empleados":71,"pct_cuentapropia":12,"pct_agricultura":38,"pct_comercio":6,"pct_manufactura":12,"pct_construccion":24,"pct_transporte":0,"pct_alojamiento":9,"pct_sin_educacion":2,"pct_educ_superior":11,"brecha_educ":1,"pct_sin_seguro":6,"pct_sus":82,"pct_seguro_privado":0,"brecha_seguro":10,"pct_salud_publica":47,"pct_med_tradicional":0,"pct_automedicacion":20,"pct_remedios_caseros":23,"pct_viv_desocupada":0,"pct_alquiler":25,"pct_electricidad":95,"pct_sin_electricidad":5,"pct_agua_red":85,"pct_alcantarillado":70,"pct_camara_septica":5,"pct_pozo_ciego":10,"pct_sin_desague":15,"pct_gas_red":10,"pct_gas_garrafa":85,"pct_lena_guano":0,"pct_basura_formal":100,"pct_basura_quema":0,"pct_basura_informal":0,"pct_internet":65,"pct_celular":80,"pct_televisor":55}},{"type":"Feature","geometry":{"type":"Polygon","coordinates":[[[-63.8545,-17.2973],[-63.85357,-17.29729],[-63.85355,-17.29797],[-63.85447,-17.29797],[-63.8545,-17.2973]]]},"properties":{"n":"SAN JUAN DE YAPACANI","p":23,"personas_x_ha":31,"masculinidad":109,"pct_menor20":57,"pct_60mas":9,"pct_migrante":57,"dependencia_econ":360,"pct_empleados":20,"pct_cuentapropia":40,"pct_agricultura":0,"pct_comercio":0,"pct_manufactura":0,"pct_construccion":40,"pct_transporte":0,"pct_alojamiento":0,"pct_sin_educacion":0,"pct_educ_superior":0,"brecha_educ":0,"pct_sin_seguro":0,"pct_sus":65,"pct_seguro_privado":35,"brecha_seguro":0,"pct_salud_publica":34,"pct_med_tradicional":16,"pct_automedicacion":0,"pct_remedios_caseros":18,"pct_viv_desocupada":50,"pct_alquiler":0,"pct_electricidad":75,"pct_sin_electricidad":25,"pct_agua_red":100,"pct_alcantarillado":100,"pct_camara_septica":0,"pct_pozo_ciego":0,"pct_sin_desague":0,"pct_gas_red":0,"pct_gas_garrafa":100,"pct_lena_guano":0,"pct_basura_formal":100,"pct_basura_quema":0,"pct_basura_informal":0,"pct_internet":75,"pct_celular":75,"pct_televisor":75}},{"type":"Feature","geometry":{"type":"Polygon","coordinates":[[[-63.85615,-17.28645],[-63.85543,-17.28644],[-63.8554,-17.28723],[-63.85612,-17.28723],[-63.85615,-17.28645]]]},"properties":{"n":"SAN JUAN DE YAPACANI","p":87,"personas_x_ha":131,"masculinidad":118,"pct_menor20":53,"pct_60mas":3,"pct_migrante":45,"dependencia_econ":314,"pct_empleados":43,"pct_cuentapropia":29,"pct_agricultura":38,"pct_comercio":0,"pct_manufactura":0,"pct_construccion":10,"pct_transporte":10,"pct_alojamiento":10,"pct_sin_educacion":2,"pct_educ_superior":21,"brecha_educ":12,"pct_sin_seguro":7,"pct_sus":61,"pct_seguro_privado":4,"brecha_seguro":-1,"pct_salud_publica":39,"pct_med_tradicional":0,"pct_automedicacion":22,"pct_remedios_caseros":22,"pct_viv_desocupada":0,"pct_alquiler":28,"pct_electricidad":100,"pct_sin_electricidad":0,"pct_agua_red":89,"pct_alcantarillado":72,"pct_camara_septica":22,"pct_pozo_ciego":6,"pct_sin_desague":0,"pct_gas_red":33,"pct_gas_garrafa":61,"pct_lena_guano":6,"pct_basura_formal":94,"pct_basura_quema":6,"pct_basura_informal":0,"pct_internet":89,"pct_celular":89,"pct_televisor":83}},{"type":"Feature","geometry":{"type":"Polygon","coordinates":[[[-63.84866,-17.29289],[-63.8486,-17.29385],[-63.84957,-17.29387],[-63.84961,-17.29291],[-63.84866,-17.29289]]]},"properties":{"n":"SAN JUAN DE YAPACANI","p":105,"personas_x_ha":95,"masculinidad":106,"pct_menor20":31,"pct_60mas":15,"pct_migrante":41,"dependencia_econ":81,"pct_empleados":62,"pct_cuentapropia":34,"pct_agricultura":17,"pct_comercio":12,"pct_manufactura":7,"pct_construccion":24,"pct_transporte":2,"pct_alojamiento":7,"pct_sin_educacion":7,"pct_educ_superior":19,"brecha_educ":-7,"pct_sin_seguro":5,"pct_sus":77,"pct_seguro_privado":0,"brecha_seguro":5,"pct_salud_publica":36,"pct_med_tradicional":3,"pct_automedicacion":25,"pct_remedios_caseros":19,"pct_viv_desocupada":0,"pct_alquiler":15,"pct_electricidad":88,"pct_sin_electricidad":8,"pct_agua_red":96,"pct_alcantarillado":85,"pct_camara_septica":0,"pct_pozo_ciego":12,"pct_sin_desague":4,"pct_gas_red":42,"pct_gas_garrafa":58,"pct_lena_guano":0,"pct_basura_formal":100,"pct_basura_quema":0,"pct_basura_informal":0,"pct_internet":92,"pct_celular":92,"pct_televisor":81}},{"type":"Feature","geometry":{"type":"Polygon","coordinates":[[[-63.85695,-17.2908],[-63.85694,-17.29168],[-63.85762,-17.29167],[-63.8577,-17.29159],[-63.85771,-17.29082],[-63.85695,-17.2908]]]},"properties":{"n":"SAN JUAN DE YAPACANI","p":129,"personas_x_ha":166,"masculinidad":115,"pct_menor20":47,"pct_60mas":5,"pct_migrante":29,"dependencia_econ":244,"pct_empleados":42,"pct_cuentapropia":25,"pct_agricultura":31,"pct_comercio":17,"pct_manufactura":8,"pct_construccion":8,"pct_transporte":6,"pct_alojamiento":0,"pct_sin_educacion":8,"pct_educ_superior":20,"brecha_educ":-12,"pct_sin_seguro":10,"pct_sus":78,"pct_seguro_privado":0,"brecha_seguro":-11,"pct_salud_publica":37,"pct_med_tradicional":2,"pct_automedicacion":23,"pct_remedios_caseros":27,"pct_viv_desocupada":0,"pct_alquiler":47,"pct_electricidad":100,"pct_sin_electricidad":0,"pct_agua_red":100,"pct_alcantarillado":25,"pct_camara_septica":6,"pct_pozo_ciego":9,"pct_sin_desague":53,"pct_gas_red":6,"pct_gas_garrafa":94,"pct_lena_guano":0,"pct_basura_formal":94,"pct_basura_quema":0,"pct_basura_informal":6,"pct_internet":72,"pct_celular":84,"pct_televisor":72}},{"type":"Feature","geometry":{"type":"Polygon","coordinates":[[[-63.84964,-17.29189],[-63.84866,-17.29187],[-63.84866,-17.29278],[-63.84961,-17.29278],[-63.84964,-17.29189]]]},"properties":{"n":"SAN JUAN DE YAPACANI","p":76,"personas_x_ha":74,"masculinidad":100,"pct_menor20":34,"pct_60mas":14,"pct_migrante":51,"dependencia_econ":83,"pct_empleados":39,"pct_cuentapropia":39,"pct_agricultura":12,"pct_comercio":34,"pct_manufactura":5,"pct_construccion":2,"pct_transporte":7,"pct_alojamiento":15,"pct_sin_educacion":0,"pct_educ_superior":39,"brecha_educ":9,"pct_sin_seguro":12,"pct_sus":73,"pct_seguro_privado":4,"brecha_seguro":2,"pct_salud_publica":29,"pct_med_tradicional":7,"pct_automedicacion":26,"pct_remedios_caseros":23,"pct_viv_desocupada":4,"pct_alquiler":40,"pct_electricidad":100,"pct_sin_electricidad":0,"pct_agua_red":100,"pct_alcantarillado":96,"pct_camara_septica":4,"pct_pozo_ciego":0,"pct_sin_desague":0,"pct_gas_red":8,"pct_gas_garrafa":88,"pct_lena_guano":0,"pct_basura_formal":100,"pct_basura_quema":0,"pct_basura_informal":0,"pct_internet":88,"pct_celular":96,"pct_televisor":80}},{"type":"Feature","geometry":{"type":"Polygon","coordinates":[[[-63.85783,-17.28548],[-63.8571,-17.28547],[-63.85709,-17.28626],[-63.85782,-17.28626],[-63.85783,-17.28548]]]},"properties":{"n":"SAN JUAN DE YAPACANI","p":35,"personas_x_ha":52,"masculinidad":119,"pct_menor20":29,"pct_60mas":9,"pct_migrante":66,"dependencia_econ":169,"pct_empleados":54,"pct_cuentapropia":46,"pct_agricultura":38,"pct_comercio":8,"pct_manufactura":15,"pct_construccion":0,"pct_transporte":0,"pct_alojamiento":23,"pct_sin_educacion":0,"pct_educ_superior":8,"brecha_educ":-14,"pct_sin_seguro":43,"pct_sus":57,"pct_seguro_privado":0,"brecha_seguro":-2,"pct_salud_publica":38,"pct_med_tradicional":3,"pct_automedicacion":18,"pct_remedios_caseros":21,"pct_viv_desocupada":0,"pct_alquiler":20,"pct_electricidad":100,"pct_sin_electricidad":0,"pct_agua_red":50,"pct_alcantarillado":0,"pct_camara_septica":30,"pct_pozo_ciego":50,"pct_sin_desague":20,"pct_gas_red":0,"pct_gas_garrafa":100,"pct_lena_guano":0,"pct_basura_formal":90,"pct_basura_quema":10,"pct_basura_informal":0,"pct_internet":80,"pct_celular":90,"pct_televisor":70}},{"type":"Feature","geometry":{"type":"Polygon","coordinates":[[[-63.8553,-17.28733],[-63.85457,-17.28733],[-63.85457,-17.28809],[-63.85529,-17.2881],[-63.8553,-17.28733]]]},"properties":{"n":"SAN JUAN DE YAPACANI","p":76,"personas_x_ha":117,"masculinidad":111,"pct_menor20":47,"pct_60mas":1,"pct_migrante":58,"dependencia_econ":105,"pct_empleados":65,"pct_cuentapropia":16,"pct_agricultura":27,"pct_comercio":8,"pct_manufactura":38,"pct_construccion":5,"pct_transporte":3,"pct_alojamiento":5,"pct_sin_educacion":2,"pct_educ_superior":27,"brecha_educ":-4,"pct_sin_seguro":4,"pct_sus":83,"pct_seguro_privado":8,"brecha_seguro":2,"pct_salud_publica":25,"pct_med_tradicional":9,"pct_automedicacion":26,"pct_remedios_caseros":23,"pct_viv_desocupada":0,"pct_alquiler":6,"pct_electricidad":100,"pct_sin_electricidad":0,"pct_agua_red":100,"pct_alcantarillado":59,"pct_camara_septica":35,"pct_pozo_ciego":6,"pct_sin_desague":0,"pct_gas_red":29,"pct_gas_garrafa":71,"pct_lena_guano":0,"pct_basura_formal":100,"pct_basura_quema":0,"pct_basura_informal":0,"pct_internet":71,"pct_celular":76,"pct_televisor":65}},{"type":"Feature","geometry":{"type":"Polygon","coordinates":[[[-63.8569,-17.28915],[-63.85537,-17.28914],[-63.85536,-17.28982],[-63.85686,-17.28985],[-63.8569,-17.28915]]]},"properties":{"n":"SAN JUAN DE YAPACANI","p":38,"personas_x_ha":31,"masculinidad":111,"pct_menor20":61,"pct_60mas":5,"pct_migrante":34,"dependencia_econ":414,"pct_empleados":71,"pct_cuentapropia":29,"pct_agricultura":29,"pct_comercio":14,"pct_manufactura":0,"pct_construccion":29,"pct_transporte":14,"pct_alojamiento":0,"pct_sin_educacion":0,"pct_educ_superior":15,"brecha_educ":50,"pct_sin_seguro":9,"pct_sus":62,"pct_seguro_privado":0,"brecha_seguro":-7,"pct_salud_publica":60,"pct_med_tradicional":2,"pct_automedicacion":8,"pct_remedios_caseros":12,"pct_viv_desocupada":0,"pct_alquiler":29,"pct_electricidad":100,"pct_sin_electricidad":0,"pct_agua_red":100,"pct_alcantarillado":86,"pct_camara_septica":0,"pct_pozo_ciego":14,"pct_sin_desague":0,"pct_gas_red":0,"pct_gas_garrafa":100,"pct_lena_guano":0,"pct_basura_formal":100,"pct_basura_quema":0,"pct_basura_informal":0,"pct_internet":71,"pct_celular":71,"pct_televisor":71}},{"type":"Feature","geometry":{"type":"Polygon","coordinates":[[[-63.85147,-17.2972],[-63.85041,-17.29719],[-63.8504,-17.29772],[-63.85147,-17.29773],[-63.85147,-17.2972]]]},"properties":{"n":"SAN JUAN DE YAPACANI","p":38,"personas_x_ha":57,"masculinidad":124,"pct_menor20":55,"pct_60mas":0,"pct_migrante":53,"dependencia_econ":245,"pct_empleados":73,"pct_cuentapropia":27,"pct_agricultura":27,"pct_comercio":0,"pct_manufactura":9,"pct_construccion":9,"pct_transporte":36,"pct_alojamiento":0,"pct_sin_educacion":0,"pct_educ_superior":53,"brecha_educ":10,"pct_sin_seguro":0,"pct_sus":32,"pct_seguro_privado":0,"brecha_seguro":0,"pct_salud_publica":20,"pct_med_tradicional":10,"pct_automedicacion":25,"pct_remedios_caseros":19,"pct_viv_desocupada":0,"pct_alquiler":11,"pct_electricidad":100,"pct_sin_electricidad":0,"pct_agua_red":100,"pct_alcantarillado":0,"pct_camara_septica":78,"pct_pozo_ciego":22,"pct_sin_desague":0,"pct_gas_red":0,"pct_gas_garrafa":100,"pct_lena_guano":0,"pct_basura_formal":100,"pct_basura_quema":0,"pct_basura_informal":0,"pct_internet":78,"pct_celular":89,"pct_televisor":78}},{"type":"Feature","geometry":{"type":"Polygon","coordinates":[[[-63.84853,-17.29172],[-63.84854,-17.29038],[-63.84851,-17.29037],[-63.84734,-17.29144],[-63.84761,-17.29172],[-63.84853,-17.29172]]]},"properties":{"n":"SAN JUAN DE YAPACANI","p":58,"personas_x_ha":52,"masculinidad":93,"pct_menor20":26,"pct_60mas":12,"pct_migrante":29,"dependencia_econ":93,"pct_empleados":28,"pct_cuentapropia":31,"pct_agricultura":45,"pct_comercio":17,"pct_manufactura":7,"pct_construccion":10,"pct_transporte":0,"pct_alojamiento":10,"pct_sin_educacion":0,"pct_educ_superior":40,"brecha_educ":-5,"pct_sin_seguro":15,"pct_sus":56,"pct_seguro_privado":19,"brecha_seguro":9,"pct_salud_publica":36,"pct_med_tradicional":7,"pct_automedicacion":13,"pct_remedios_caseros":17,"pct_viv_desocupada":0,"pct_alquiler":15,"pct_electricidad":100,"pct_sin_electricidad":0,"pct_agua_red":100,"pct_alcantarillado":100,"pct_camara_septica":0,"pct_pozo_ciego":0,"pct_sin_desague":0,"pct_gas_red":15,"pct_gas_garrafa":85,"pct_lena_guano":0,"pct_basura_formal":100,"pct_basura_quema":0,"pct_basura_informal":0,"pct_internet":69,"pct_celular":77,"pct_televisor":77}},{"type":"Feature","geometry":{"type":"Polygon","coordinates":[[[-63.85532,-17.29168],[-63.85604,-17.29169],[-63.85606,-17.29078],[-63.85534,-17.29077],[-63.85532,-17.29168]]]},"properties":{"n":"SAN JUAN DE YAPACANI","p":52,"personas_x_ha":67,"masculinidad":108,"pct_menor20":48,"pct_60mas":2,"pct_migrante":54,"dependencia_econ":100,"pct_empleados":65,"pct_cuentapropia":19,"pct_agricultura":8,"pct_comercio":15,"pct_manufactura":12,"pct_construccion":15,"pct_transporte":4,"pct_alojamiento":8,"pct_sin_educacion":0,"pct_educ_superior":25,"brecha_educ":5,"pct_sin_seguro":2,"pct_sus":90,"pct_seguro_privado":2,"brecha_seguro":4,"pct_salud_publica":39,"pct_med_tradicional":0,"pct_automedicacion":27,"pct_remedios_caseros":25,"pct_viv_desocupada":27,"pct_alquiler":27,"pct_electricidad":100,"pct_sin_electricidad":0,"pct_agua_red":100,"pct_alcantarillado":73,"pct_camara_septica":9,"pct_pozo_ciego":18,"pct_sin_desague":0,"pct_gas_red":9,"pct_gas_garrafa":91,"pct_lena_guano":0,"pct_basura_formal":100,"pct_basura_quema":0,"pct_basura_informal":0,"pct_internet":100,"pct_celular":100,"pct_televisor":100}},{"type":"Feature","geometry":{"type":"Polygon","coordinates":[[[-63.85153,-17.29286],[-63.85152,-17.2919],[-63.85084,-17.29189],[-63.85081,-17.29285],[-63.85153,-17.29286]]]},"properties":{"n":"SAN JUAN DE YAPACANI","p":144,"personas_x_ha":174,"masculinidad":97,"pct_menor20":44,"pct_60mas":8,"pct_migrante":40,"dependencia_econ":165,"pct_empleados":46,"pct_cuentapropia":31,"pct_agricultura":22,"pct_comercio":13,"pct_manufactura":2,"pct_construccion":13,"pct_transporte":0,"pct_alojamiento":13,"pct_sin_educacion":5,"pct_educ_superior":41,"brecha_educ":-19,"pct_sin_seguro":12,"pct_sus":83,"pct_seguro_privado":1,"brecha_seguro":5,"pct_salud_publica":45,"pct_med_tradicional":3,"pct_automedicacion":22,"pct_remedios_caseros":26,"pct_viv_desocupada":0,"pct_alquiler":28,"pct_electricidad":97,"pct_sin_electricidad":0,"pct_agua_red":97,"pct_alcantarillado":97,"pct_camara_septica":3,"pct_pozo_ciego":0,"pct_sin_desague":0,"pct_gas_red":10,"pct_gas_garrafa":90,"pct_lena_guano":0,"pct_basura_formal":97,"pct_basura_quema":0,"pct_basura_informal":3,"pct_internet":55,"pct_celular":72,"pct_televisor":83}},{"type":"Feature","geometry":{"type":"Polygon","coordinates":[[[-63.85655,-17.29724],[-63.8566,-17.29608],[-63.85599,-17.29607],[-63.85594,-17.29723],[-63.85655,-17.29724]]]},"properties":{"n":"SAN JUAN DE YAPACANI","p":37,"personas_x_ha":43,"masculinidad":106,"pct_menor20":46,"pct_60mas":0,"pct_migrante":32,"dependencia_econ":106,"pct_empleados":29,"pct_cuentapropia":41,"pct_agricultura":12,"pct_comercio":6,"pct_manufactura":0,"pct_construccion":18,"pct_transporte":6,"pct_alojamiento":12,"pct_sin_educacion":0,"pct_educ_superior":26,"brecha_educ":-33,"pct_sin_seguro":3,"pct_sus":47,"pct_seguro_privado":0,"brecha_seguro":6,"pct_salud_publica":26,"pct_med_tradicional":7,"pct_automedicacion":23,"pct_remedios_caseros":30,"pct_viv_desocupada":0,"pct_alquiler":14,"pct_electricidad":86,"pct_sin_electricidad":0,"pct_agua_red":86,"pct_alcantarillado":71,"pct_camara_septica":14,"pct_pozo_ciego":14,"pct_sin_desague":0,"pct_gas_red":0,"pct_gas_garrafa":86,"pct_lena_guano":14,"pct_basura_formal":86,"pct_basura_quema":14,"pct_basura_informal":0,"pct_internet":71,"pct_celular":71,"pct_televisor":71}},{"type":"Feature","geometry":{"type":"Polygon","coordinates":[[[-63.85528,-17.28822],[-63.85455,-17.28821],[-63.85454,-17.28898],[-63.85527,-17.28898],[-63.85528,-17.28822]]]},"properties":{"n":"SAN JUAN DE YAPACANI","p":37,"personas_x_ha":56,"masculinidad":76,"pct_menor20":35,"pct_60mas":3,"pct_migrante":62,"dependencia_econ":125,"pct_empleados":50,"pct_cuentapropia":38,"pct_agricultura":38,"pct_comercio":6,"pct_manufactura":0,"pct_construccion":19,"pct_transporte":6,"pct_alojamiento":12,"pct_sin_educacion":0,"pct_educ_superior":22,"brecha_educ":12,"pct_sin_seguro":22,"pct_sus":69,"pct_seguro_privado":0,"brecha_seguro":8,"pct_salud_publica":34,"pct_med_tradicional":9,"pct_automedicacion":19,"pct_remedios_caseros":20,"pct_viv_desocupada":24,"pct_alquiler":18,"pct_electricidad":100,"pct_sin_electricidad":0,"pct_agua_red":100,"pct_alcantarillado":27,"pct_camara_septica":18,"pct_pozo_ciego":45,"pct_sin_desague":9,"pct_gas_red":18,"pct_gas_garrafa":82,"pct_lena_guano":0,"pct_basura_formal":91,"pct_basura_quema":9,"pct_basura_informal":0,"pct_internet":45,"pct_celular":64,"pct_televisor":64}},{"type":"Feature","geometry":{"type":"Polygon","coordinates":[[[-63.85785,-17.28463],[-63.85712,-17.28461],[-63.85711,-17.28539],[-63.85784,-17.28538],[-63.85785,-17.28463]]]},"properties":{"n":"SAN JUAN DE YAPACANI","p":42,"personas_x_ha":64,"masculinidad":100,"pct_menor20":55,"pct_60mas":5,"pct_migrante":45,"dependencia_econ":180,"pct_empleados":60,"pct_cuentapropia":33,"pct_agricultura":60,"pct_comercio":7,"pct_manufactura":0,"pct_construccion":7,"pct_transporte":7,"pct_alojamiento":0,"pct_sin_educacion":5,"pct_educ_superior":0,"brecha_educ":-16,"pct_sin_seguro":26,"pct_sus":74,"pct_seguro_privado":0,"brecha_seguro":-5,"pct_salud_publica":30,"pct_med_tradicional":12,"pct_automedicacion":20,"pct_remedios_caseros":21,"pct_viv_desocupada":0,"pct_alquiler":12,"pct_electricidad":100,"pct_sin_electricidad":0,"pct_agua_red":100,"pct_alcantarillado":12,"pct_camara_septica":75,"pct_pozo_ciego":12,"pct_sin_desague":0,"pct_gas_red":0,"pct_gas_garrafa":100,"pct_lena_guano":0,"pct_basura_formal":100,"pct_basura_quema":0,"pct_basura_informal":0,"pct_internet":75,"pct_celular":88,"pct_televisor":100}},{"type":"Feature","geometry":{"type":"Polygon","coordinates":[[[-63.84198,-17.29183],[-63.82937,-17.29153],[-63.8293,-17.29257],[-63.82933,-17.29153],[-63.82811,-17.29151],[-63.82798,-17.29524],[-63.82858,-17.29601],[-63.84194,-17.29614],[-63.84194,-17.29442],[-63.84128,-17.2944],[-63.84054,-17.29412],[-63.84036,-17.29414],[-63.84028,-17.29459],[-63.84021,-17.29459],[-63.84029,-17.29414],[-63.83902,-17.29411],[-63.83898,-17.29524],[-63.83887,-17.29523],[-63.83893,-17.29414],[-63.83298,-17.29402],[-63.83299,-17.2939],[-63.83945,-17.29402],[-63.83946,-17.29355],[-63.83948,-17.29402],[-63.84039,-17.29402],[-63.84039,-17.29358],[-63.84046,-17.29357],[-63.84048,-17.29404],[-63.84121,-17.29431],[-63.84195,-17.29433],[-63.84198,-17.29183]]]},"properties":{"n":"SAN JUAN DE YAPACANI","p":35,"personas_x_ha":0,"masculinidad":75,"pct_menor20":49,"pct_60mas":0,"pct_migrante":26,"dependencia_econ":250,"pct_empleados":80,"pct_cuentapropia":0,"pct_agricultura":50,"pct_comercio":10,"pct_manufactura":10,"pct_construccion":0,"pct_transporte":0,"pct_alojamiento":0,"pct_sin_educacion":6,"pct_educ_superior":50,"brecha_educ":-15,"pct_sin_seguro":15,"pct_sus":29,"pct_seguro_privado":35,"brecha_seguro":-2,"pct_salud_publica":24,"pct_med_tradicional":1,"pct_automedicacion":16,"pct_remedios_caseros":12,"pct_viv_desocupada":0,"pct_alquiler":0,"pct_electricidad":100,"pct_sin_electricidad":0,"pct_agua_red":43,"pct_alcantarillado":14,"pct_camara_septica":86,"pct_pozo_ciego":0,"pct_sin_desague":0,"pct_gas_red":0,"pct_gas_garrafa":100,"pct_lena_guano":0,"pct_basura_formal":86,"pct_basura_quema":14,"pct_basura_informal":0,"pct_internet":100,"pct_celular":100,"pct_televisor":100}},{"type":"Feature","geometry":{"type":"Polygon","coordinates":[[[-63.85524,-17.28994],[-63.85453,-17.28993],[-63.85451,-17.29068],[-63.85523,-17.29068],[-63.85524,-17.28994]]]},"properties":{"n":"SAN JUAN DE YAPACANI","p":28,"personas_x_ha":44,"masculinidad":65,"pct_menor20":54,"pct_60mas":0,"pct_migrante":36,"dependencia_econ":115,"pct_empleados":54,"pct_cuentapropia":23,"pct_agricultura":15,"pct_comercio":23,"pct_manufactura":0,"pct_construccion":38,"pct_transporte":8,"pct_alojamiento":0,"pct_sin_educacion":7,"pct_educ_superior":13,"brecha_educ":-9,"pct_sin_seguro":0,"pct_sus":71,"pct_seguro_privado":0,"brecha_seguro":0,"pct_salud_publica":25,"pct_med_tradicional":4,"pct_automedicacion":33,"pct_remedios_caseros":29,"pct_viv_desocupada":12,"pct_alquiler":43,"pct_electricidad":100,"pct_sin_electricidad":0,"pct_agua_red":100,"pct_alcantarillado":14,"pct_camara_septica":0,"pct_pozo_ciego":29,"pct_sin_desague":57,"pct_gas_red":14,"pct_gas_garrafa":86,"pct_lena_guano":0,"pct_basura_formal":100,"pct_basura_quema":0,"pct_basura_informal":0,"pct_internet":86,"pct_celular":100,"pct_televisor":86}},{"type":"Feature","geometry":{"type":"Polygon","coordinates":[[[-63.85577,-17.29735],[-63.85461,-17.29731],[-63.85457,-17.29798],[-63.85575,-17.29799],[-63.85577,-17.29735]]]},"properties":{"n":"SAN JUAN DE YAPACANI","p":35,"personas_x_ha":38,"masculinidad":169,"pct_menor20":49,"pct_60mas":3,"pct_migrante":31,"dependencia_econ":218,"pct_empleados":18,"pct_cuentapropia":82,"pct_agricultura":27,"pct_comercio":0,"pct_manufactura":9,"pct_construccion":18,"pct_transporte":0,"pct_alojamiento":9,"pct_sin_educacion":0,"pct_educ_superior":0,"brecha_educ":-20,"pct_sin_seguro":3,"pct_sus":15,"pct_seguro_privado":0,"brecha_seguro":-8,"pct_salud_publica":35,"pct_med_tradicional":2,"pct_automedicacion":19,"pct_remedios_caseros":33,"pct_viv_desocupada":0,"pct_alquiler":12,"pct_electricidad":100,"pct_sin_electricidad":0,"pct_agua_red":100,"pct_alcantarillado":75,"pct_camara_septica":0,"pct_pozo_ciego":12,"pct_sin_desague":12,"pct_gas_red":0,"pct_gas_garrafa":100,"pct_lena_guano":0,"pct_basura_formal":100,"pct_basura_quema":0,"pct_basura_informal":0,"pct_internet":88,"pct_celular":88,"pct_televisor":88}},{"type":"Feature","geometry":{"type":"Polygon","coordinates":[[[-63.85869,-17.28463],[-63.85796,-17.28461],[-63.85793,-17.28536],[-63.85865,-17.28538],[-63.85869,-17.28463]]]},"properties":{"n":"SAN JUAN DE YAPACANI","p":32,"personas_x_ha":50,"masculinidad":100,"pct_menor20":38,"pct_60mas":12,"pct_migrante":66,"dependencia_econ":191,"pct_empleados":64,"pct_cuentapropia":36,"pct_agricultura":9,"pct_comercio":9,"pct_manufactura":0,"pct_construccion":36,"pct_transporte":9,"pct_alojamiento":0,"pct_sin_educacion":5,"pct_educ_superior":30,"brecha_educ":12,"pct_sin_seguro":28,"pct_sus":72,"pct_seguro_privado":0,"brecha_seguro":-19,"pct_salud_publica":32,"pct_med_tradicional":5,"pct_automedicacion":26,"pct_remedios_caseros":25,"pct_viv_desocupada":0,"pct_alquiler":43,"pct_electricidad":100,"pct_sin_electricidad":0,"pct_agua_red":71,"pct_alcantarillado":14,"pct_camara_septica":57,"pct_pozo_ciego":29,"pct_sin_desague":0,"pct_gas_red":0,"pct_gas_garrafa":100,"pct_lena_guano":0,"pct_basura_formal":100,"pct_basura_quema":0,"pct_basura_informal":0,"pct_internet":100,"pct_celular":100,"pct_televisor":86}},{"type":"Feature","geometry":{"type":"Polygon","coordinates":[[[-63.85455,-17.29539],[-63.85409,-17.29539],[-63.85384,-17.29593],[-63.85453,-17.29594],[-63.85455,-17.29539]]]},"properties":{"n":"SAN JUAN DE YAPACANI","p":23,"personas_x_ha":59,"masculinidad":92,"pct_menor20":39,"pct_60mas":0,"pct_migrante":65,"dependencia_econ":77,"pct_empleados":62,"pct_cuentapropia":38,"pct_agricultura":0,"pct_comercio":0,"pct_manufactura":23,"pct_construccion":0,"pct_transporte":31,"pct_alojamiento":8,"pct_sin_educacion":0,"pct_educ_superior":43,"brecha_educ":71,"pct_sin_seguro":4,"pct_sus":96,"pct_seguro_privado":0,"brecha_seguro":9,"pct_salud_publica":29,"pct_med_tradicional":5,"pct_automedicacion":19,"pct_remedios_caseros":19,"pct_viv_desocupada":0,"pct_alquiler":12,"pct_electricidad":100,"pct_sin_electricidad":0,"pct_agua_red":88,"pct_alcantarillado":75,"pct_camara_septica":25,"pct_pozo_ciego":0,"pct_sin_desague":0,"pct_gas_red":12,"pct_gas_garrafa":88,"pct_lena_guano":0,"pct_basura_formal":88,"pct_basura_quema":0,"pct_basura_informal":0,"pct_internet":88,"pct_celular":88,"pct_televisor":88}},{"type":"Feature","geometry":{"type":"Polygon","coordinates":[[[-63.85592,-17.29546],[-63.85462,-17.29538],[-63.85462,-17.29594],[-63.85587,-17.29597],[-63.85592,-17.29546]]]},"properties":{"n":"SAN JUAN DE YAPACANI","p":57,"personas_x_ha":68,"masculinidad":84,"pct_menor20":40,"pct_60mas":7,"pct_migrante":47,"dependencia_econ":141,"pct_empleados":36,"pct_cuentapropia":55,"pct_agricultura":36,"pct_comercio":23,"pct_manufactura":0,"pct_construccion":5,"pct_transporte":14,"pct_alojamiento":0,"pct_sin_educacion":0,"pct_educ_superior":21,"brecha_educ":-21,"pct_sin_seguro":30,"pct_sus":70,"pct_seguro_privado":0,"brecha_seguro":-5,"pct_salud_publica":37,"pct_med_tradicional":2,"pct_automedicacion":29,"pct_remedios_caseros":24,"pct_viv_desocupada":0,"pct_alquiler":17,"pct_electricidad":100,"pct_sin_electricidad":0,"pct_agua_red":92,"pct_alcantarillado":100,"pct_camara_septica":0,"pct_pozo_ciego":0,"pct_sin_desague":0,"pct_gas_red":0,"pct_gas_garrafa":100,"pct_lena_guano":0,"pct_basura_formal":83,"pct_basura_quema":0,"pct_basura_informal":17,"pct_internet":50,"pct_celular":75,"pct_televisor":58}},{"type":"Feature","geometry":{"type":"Polygon","coordinates":[[[-63.85339,-17.29657],[-63.8518,-17.29654],[-63.85176,-17.29711],[-63.85338,-17.29712],[-63.85339,-17.29657]]]},"properties":{"n":"SAN JUAN DE YAPACANI","p":19,"personas_x_ha":18,"masculinidad":138,"pct_menor20":58,"pct_60mas":0,"pct_migrante":42,"dependencia_econ":171,"pct_empleados":29,"pct_cuentapropia":57,"pct_agricultura":14,"pct_comercio":0,"pct_manufactura":29,"pct_construccion":0,"pct_transporte":14,"pct_alojamiento":43,"pct_sin_educacion":0,"pct_educ_superior":0,"brecha_educ":0,"pct_sin_seguro":6,"pct_sus":67,"pct_seguro_privado":0,"brecha_seguro":-12,"pct_salud_publica":74,"pct_med_tradicional":0,"pct_automedicacion":0,"pct_remedios_caseros":0,"pct_viv_desocupada":33,"pct_alquiler":25,"pct_electricidad":100,"pct_sin_electricidad":0,"pct_agua_red":100,"pct_alcantarillado":25,"pct_camara_septica":25,"pct_pozo_ciego":25,"pct_sin_desague":25,"pct_gas_red":0,"pct_gas_garrafa":100,"pct_lena_guano":0,"pct_basura_formal":100,"pct_basura_quema":0,"pct_basura_informal":0,"pct_internet":100,"pct_celular":75,"pct_televisor":50}},{"type":"Feature","geometry":{"type":"Polygon","coordinates":[[[-63.85446,-17.28733],[-63.85372,-17.28732],[-63.8537,-17.2881],[-63.85445,-17.2881],[-63.85446,-17.28733]]]},"properties":{"n":"SAN JUAN DE YAPACANI","p":50,"personas_x_ha":74,"masculinidad":100,"pct_menor20":60,"pct_60mas":2,"pct_migrante":36,"dependencia_econ":233,"pct_empleados":47,"pct_cuentapropia":53,"pct_agricultura":20,"pct_comercio":13,"pct_manufactura":7,"pct_construccion":7,"pct_transporte":7,"pct_alojamiento":7,"pct_sin_educacion":0,"pct_educ_superior":30,"brecha_educ":4,"pct_sin_seguro":22,"pct_sus":26,"pct_seguro_privado":12,"brecha_seguro":-4,"pct_salud_publica":28,"pct_med_tradicional":3,"pct_automedicacion":23,"pct_remedios_caseros":28,"pct_viv_desocupada":0,"pct_alquiler":14,"pct_electricidad":100,"pct_sin_electricidad":0,"pct_agua_red":57,"pct_alcantarillado":71,"pct_camara_septica":0,"pct_pozo_ciego":29,"pct_sin_desague":0,"pct_gas_red":29,"pct_gas_garrafa":71,"pct_lena_guano":0,"pct_basura_formal":100,"pct_basura_quema":0,"pct_basura_informal":0,"pct_internet":100,"pct_celular":100,"pct_televisor":86}},{"type":"Feature","geometry":{"type":"Polygon","coordinates":[[[-63.85796,-17.2925],[-63.85796,-17.29214],[-63.85592,-17.29211],[-63.8559,-17.29292],[-63.85612,-17.29294],[-63.85646,-17.29277],[-63.85796,-17.2925]]]},"properties":{"n":"SAN JUAN DE YAPACANI","p":36,"personas_x_ha":26,"masculinidad":71,"pct_menor20":39,"pct_60mas":25,"pct_migrante":50,"dependencia_econ":200,"pct_empleados":58,"pct_cuentapropia":42,"pct_agricultura":17,"pct_comercio":17,"pct_manufactura":0,"pct_construccion":0,"pct_transporte":8,"pct_alojamiento":8,"pct_sin_educacion":9,"pct_educ_superior":14,"brecha_educ":25,"pct_sin_seguro":3,"pct_sus":89,"pct_seguro_privado":6,"brecha_seguro":7,"pct_salud_publica":40,"pct_med_tradicional":12,"pct_automedicacion":6,"pct_remedios_caseros":23,"pct_viv_desocupada":10,"pct_alquiler":11,"pct_electricidad":100,"pct_sin_electricidad":0,"pct_agua_red":78,"pct_alcantarillado":11,"pct_camara_septica":56,"pct_pozo_ciego":33,"pct_sin_desague":0,"pct_gas_red":0,"pct_gas_garrafa":100,"pct_lena_guano":0,"pct_basura_formal":89,"pct_basura_quema":11,"pct_basura_informal":0,"pct_internet":89,"pct_celular":78,"pct_televisor":89}},{"type":"Feature","geometry":{"type":"Polygon","coordinates":[[[-63.85606,-17.28994],[-63.85534,-17.28994],[-63.85533,-17.29067],[-63.85605,-17.29068],[-63.85606,-17.28994]]]},"properties":{"n":"SAN JUAN DE YAPACANI","p":30,"personas_x_ha":48,"masculinidad":173,"pct_menor20":30,"pct_60mas":3,"pct_migrante":57,"dependencia_econ":88,"pct_empleados":38,"pct_cuentapropia":62,"pct_agricultura":6,"pct_comercio":12,"pct_manufactura":31,"pct_construccion":12,"pct_transporte":0,"pct_alojamiento":12,"pct_sin_educacion":0,"pct_educ_superior":24,"brecha_educ":-2,"pct_sin_seguro":10,"pct_sus":73,"pct_seguro_privado":17,"brecha_seguro":16,"pct_salud_publica":26,"pct_med_tradicional":0,"pct_automedicacion":28,"pct_remedios_caseros":26,"pct_viv_desocupada":10,"pct_alquiler":0,"pct_electricidad":100,"pct_sin_electricidad":0,"pct_agua_red":100,"pct_alcantarillado":50,"pct_camara_septica":12,"pct_pozo_ciego":38,"pct_sin_desague":0,"pct_gas_red":25,"pct_gas_garrafa":75,"pct_lena_guano":0,"pct_basura_formal":100,"pct_basura_quema":0,"pct_basura_informal":0,"pct_internet":88,"pct_celular":88,"pct_televisor":75}},{"type":"Feature","geometry":{"type":"Polygon","coordinates":[[[-63.85611,-17.28812],[-63.85613,-17.28734],[-63.8554,-17.28734],[-63.85539,-17.2881],[-63.85611,-17.28812]]]},"properties":{"n":"SAN JUAN DE YAPACANI","p":41,"personas_x_ha":62,"masculinidad":86,"pct_menor20":51,"pct_60mas":0,"pct_migrante":49,"dependencia_econ":167,"pct_empleados":33,"pct_cuentapropia":60,"pct_agricultura":20,"pct_comercio":33,"pct_manufactura":0,"pct_construccion":27,"pct_transporte":0,"pct_alojamiento":7,"pct_sin_educacion":0,"pct_educ_superior":32,"brecha_educ":-9,"pct_sin_seguro":13,"pct_sus":87,"pct_seguro_privado":0,"brecha_seguro":-23,"pct_salud_publica":34,"pct_med_tradicional":14,"pct_automedicacion":18,"pct_remedios_caseros":23,"pct_viv_desocupada":0,"pct_alquiler":9,"pct_electricidad":100,"pct_sin_electricidad":0,"pct_agua_red":45,"pct_alcantarillado":91,"pct_camara_septica":0,"pct_pozo_ciego":9,"pct_sin_desague":0,"pct_gas_red":45,"pct_gas_garrafa":55,"pct_lena_guano":0,"pct_basura_formal":91,"pct_basura_quema":0,"pct_basura_informal":0,"pct_internet":91,"pct_celular":91,"pct_televisor":73}},{"type":"Feature","geometry":{"type":"Polygon","coordinates":[[[-63.8553,-17.28645],[-63.85461,-17.28644],[-63.85458,-17.28721],[-63.85529,-17.28721],[-63.8553,-17.28645]]]},"properties":{"n":"SAN JUAN DE YAPACANI","p":92,"personas_x_ha":146,"masculinidad":84,"pct_menor20":40,"pct_60mas":8,"pct_migrante":36,"dependencia_econ":91,"pct_empleados":37,"pct_cuentapropia":22,"pct_agricultura":26,"pct_comercio":15,"pct_manufactura":2,"pct_construccion":7,"pct_transporte":7,"pct_alojamiento":13,"pct_sin_educacion":2,"pct_educ_superior":30,"brecha_educ":12,"pct_sin_seguro":7,"pct_sus":85,"pct_seguro_privado":4,"brecha_seguro":1,"pct_salud_publica":36,"pct_med_tradicional":14,"pct_automedicacion":19,"pct_remedios_caseros":23,"pct_viv_desocupada":5,"pct_alquiler":17,"pct_electricidad":89,"pct_sin_electricidad":11,"pct_agua_red":89,"pct_alcantarillado":67,"pct_camara_septica":11,"pct_pozo_ciego":11,"pct_sin_desague":11,"pct_gas_red":11,"pct_gas_garrafa":78,"pct_lena_guano":6,"pct_basura_formal":89,"pct_basura_quema":6,"pct_basura_informal":0,"pct_internet":78,"pct_celular":94,"pct_televisor":72}},{"type":"Feature","geometry":{"type":"Polygon","coordinates":[[[-63.85658,-17.29532],[-63.85663,-17.29437],[-63.85606,-17.29436],[-63.85603,-17.2953],[-63.85658,-17.29532]]]},"properties":{"n":"SAN JUAN DE YAPACANI","p":42,"personas_x_ha":64,"masculinidad":121,"pct_menor20":38,"pct_60mas":2,"pct_migrante":33,"dependencia_econ":200,"pct_empleados":62,"pct_cuentapropia":23,"pct_agricultura":38,"pct_comercio":15,"pct_manufactura":8,"pct_construccion":8,"pct_transporte":8,"pct_alojamiento":8,"pct_sin_educacion":0,"pct_educ_superior":25,"brecha_educ":0,"pct_sin_seguro":26,"pct_sus":53,"pct_seguro_privado":0,"brecha_seguro":16,"pct_salud_publica":45,"pct_med_tradicional":7,"pct_automedicacion":16,"pct_remedios_caseros":21,"pct_viv_desocupada":9,"pct_alquiler":20,"pct_electricidad":100,"pct_sin_electricidad":0,"pct_agua_red":100,"pct_alcantarillado":30,"pct_camara_septica":50,"pct_pozo_ciego":20,"pct_sin_desague":0,"pct_gas_red":10,"pct_gas_garrafa":90,"pct_lena_guano":0,"pct_basura_formal":90,"pct_basura_quema":10,"pct_basura_informal":0,"pct_internet":80,"pct_celular":90,"pct_televisor":70}},{"type":"Feature","geometry":{"type":"Polygon","coordinates":[[[-63.85152,-17.29295],[-63.85081,-17.29295],[-63.85083,-17.29391],[-63.85151,-17.29391],[-63.85152,-17.29295]]]},"properties":{"n":"SAN JUAN DE YAPACANI","p":86,"personas_x_ha":107,"masculinidad":105,"pct_menor20":28,"pct_60mas":9,"pct_migrante":53,"dependencia_econ":193,"pct_empleados":31,"pct_cuentapropia":52,"pct_agricultura":7,"pct_comercio":21,"pct_manufactura":0,"pct_construccion":3,"pct_transporte":17,"pct_alojamiento":7,"pct_sin_educacion":6,"pct_educ_superior":19,"brecha_educ":-22,"pct_sin_seguro":9,"pct_sus":82,"pct_seguro_privado":0,"brecha_seguro":-4,"pct_salud_publica":48,"pct_med_tradicional":1,"pct_automedicacion":11,"pct_remedios_caseros":31,"pct_viv_desocupada":8,"pct_alquiler":14,"pct_electricidad":100,"pct_sin_electricidad":0,"pct_agua_red":100,"pct_alcantarillado":100,"pct_camara_septica":0,"pct_pozo_ciego":0,"pct_sin_desague":0,"pct_gas_red":24,"pct_gas_garrafa":76,"pct_lena_guano":0,"pct_basura_formal":100,"pct_basura_quema":0,"pct_basura_informal":0,"pct_internet":81,"pct_celular":86,"pct_televisor":86}},{"type":"Feature","geometry":{"type":"Polygon","coordinates":[[[-63.85313,-17.29295],[-63.85226,-17.29294],[-63.85225,-17.29323],[-63.85312,-17.29324],[-63.85313,-17.29295]]]},"properties":{"n":"SAN JUAN DE YAPACANI","p":37,"personas_x_ha":125,"masculinidad":147,"pct_menor20":35,"pct_60mas":24,"pct_migrante":41,"dependencia_econ":164,"pct_empleados":57,"pct_cuentapropia":43,"pct_agricultura":21,"pct_comercio":7,"pct_manufactura":7,"pct_construccion":36,"pct_transporte":7,"pct_alojamiento":0,"pct_sin_educacion":8,"pct_educ_superior":17,"brecha_educ":-6,"pct_sin_seguro":11,"pct_sus":73,"pct_seguro_privado":0,"brecha_seguro":7,"pct_salud_publica":22,"pct_med_tradicional":18,"pct_automedicacion":24,"pct_remedios_caseros":20,"pct_viv_desocupada":0,"pct_alquiler":25,"pct_electricidad":100,"pct_sin_electricidad":0,"pct_agua_red":92,"pct_alcantarillado":50,"pct_camara_septica":42,"pct_pozo_ciego":0,"pct_sin_desague":8,"pct_gas_red":8,"pct_gas_garrafa":75,"pct_lena_guano":0,"pct_basura_formal":100,"pct_basura_quema":0,"pct_basura_informal":0,"pct_internet":50,"pct_celular":75,"pct_televisor":75}},{"type":"Feature","geometry":{"type":"Polygon","coordinates":[[[-63.85072,-17.29083],[-63.84978,-17.29084],[-63.84977,-17.29173],[-63.85071,-17.29177],[-63.85072,-17.29083]]]},"properties":{"n":"SAN JUAN DE YAPACANI","p":43,"personas_x_ha":42,"masculinidad":105,"pct_menor20":23,"pct_60mas":9,"pct_migrante":35,"dependencia_econ":87,"pct_empleados":26,"pct_cuentapropia":57,"pct_agricultura":35,"pct_comercio":22,"pct_manufactura":4,"pct_construccion":4,"pct_transporte":4,"pct_alojamiento":13,"pct_sin_educacion":0,"pct_educ_superior":62,"brecha_educ":-1,"pct_sin_seguro":5,"pct_sus":63,"pct_seguro_privado":28,"brecha_seguro":-10,"pct_salud_publica":27,"pct_med_tradicional":9,"pct_automedicacion":21,"pct_remedios_caseros":25,"pct_viv_desocupada":0,"pct_alquiler":31,"pct_electricidad":100,"pct_sin_electricidad":0,"pct_agua_red":100,"pct_alcantarillado":100,"pct_camara_septica":0,"pct_pozo_ciego":0,"pct_sin_desague":0,"pct_gas_red":46,"pct_gas_garrafa":54,"pct_lena_guano":0,"pct_basura_formal":100,"pct_basura_quema":0,"pct_basura_informal":0,"pct_internet":100,"pct_celular":100,"pct_televisor":100}},{"type":"Feature","geometry":{"type":"Polygon","coordinates":[[[-63.85525,-17.28911],[-63.85455,-17.28911],[-63.85453,-17.28979],[-63.85524,-17.2898],[-63.85525,-17.28911]]]},"properties":{"n":"SAN JUAN DE YAPACANI","p":55,"personas_x_ha":96,"masculinidad":83,"pct_menor20":49,"pct_60mas":2,"pct_migrante":44,"dependencia_econ":150,"pct_empleados":59,"pct_cuentapropia":36,"pct_agricultura":23,"pct_comercio":9,"pct_manufactura":14,"pct_construccion":5,"pct_transporte":9,"pct_alojamiento":14,"pct_sin_educacion":0,"pct_educ_superior":31,"brecha_educ":3,"pct_sin_seguro":9,"pct_sus":76,"pct_seguro_privado":0,"brecha_seguro":13,"pct_salud_publica":31,"pct_med_tradicional":8,"pct_automedicacion":30,"pct_remedios_caseros":22,"pct_viv_desocupada":0,"pct_alquiler":29,"pct_electricidad":100,"pct_sin_electricidad":0,"pct_agua_red":100,"pct_alcantarillado":57,"pct_camara_septica":14,"pct_pozo_ciego":14,"pct_sin_desague":14,"pct_gas_red":29,"pct_gas_garrafa":64,"pct_lena_guano":0,"pct_basura_formal":100,"pct_basura_quema":0,"pct_basura_informal":0,"pct_internet":71,"pct_celular":79,"pct_televisor":79}},{"type":"Feature","geometry":{"type":"Polygon","coordinates":[[[-63.85313,-17.29199],[-63.85178,-17.29195],[-63.85177,-17.29283],[-63.85313,-17.29285],[-63.85313,-17.29199]]]},"properties":{"n":"SAN JUAN DE YAPACANI","p":87,"personas_x_ha":63,"masculinidad":78,"pct_menor20":37,"pct_60mas":10,"pct_migrante":57,"dependencia_econ":107,"pct_empleados":56,"pct_cuentapropia":27,"pct_agricultura":17,"pct_comercio":22,"pct_manufactura":20,"pct_construccion":10,"pct_transporte":5,"pct_alojamiento":0,"pct_sin_educacion":6,"pct_educ_superior":22,"brecha_educ":-4,"pct_sin_seguro":4,"pct_sus":60,"pct_seguro_privado":4,"brecha_seguro":3,"pct_salud_publica":28,"pct_med_tradicional":13,"pct_automedicacion":16,"pct_remedios_caseros":19,"pct_viv_desocupada":0,"pct_alquiler":18,"pct_electricidad":100,"pct_sin_electricidad":0,"pct_agua_red":100,"pct_alcantarillado":43,"pct_camara_septica":14,"pct_pozo_ciego":4,"pct_sin_desague":39,"pct_gas_red":14,"pct_gas_garrafa":75,"pct_lena_guano":0,"pct_basura_formal":100,"pct_basura_quema":0,"pct_basura_informal":0,"pct_internet":79,"pct_celular":82,"pct_televisor":71}},{"type":"Feature","geometry":{"type":"Polygon","coordinates":[[[-63.85773,-17.28998],[-63.85701,-17.28997],[-63.857,-17.2907],[-63.85771,-17.29072],[-63.85773,-17.28998]]]},"properties":{"n":"SAN JUAN DE YAPACANI","p":74,"personas_x_ha":117,"masculinidad":80,"pct_menor20":62,"pct_60mas":3,"pct_migrante":42,"dependencia_econ":318,"pct_empleados":35,"pct_cuentapropia":35,"pct_agricultura":29,"pct_comercio":18,"pct_manufactura":12,"pct_construccion":12,"pct_transporte":6,"pct_alojamiento":0,"pct_sin_educacion":0,"pct_educ_superior":21,"brecha_educ":8,"pct_sin_seguro":10,"pct_sus":89,"pct_seguro_privado":1,"brecha_seguro":16,"pct_salud_publica":33,"pct_med_tradicional":6,"pct_automedicacion":23,"pct_remedios_caseros":28,"pct_viv_desocupada":0,"pct_alquiler":38,"pct_electricidad":100,"pct_sin_electricidad":0,"pct_agua_red":69,"pct_alcantarillado":46,"pct_camara_septica":31,"pct_pozo_ciego":15,"pct_sin_desague":8,"pct_gas_red":8,"pct_gas_garrafa":77,"pct_lena_guano":8,"pct_basura_formal":92,"pct_basura_quema":0,"pct_basura_informal":8,"pct_internet":77,"pct_celular":92,"pct_televisor":92}},{"type":"Feature","geometry":{"type":"Polygon","coordinates":[[[-63.85147,-17.29653],[-63.85043,-17.29653],[-63.8504,-17.29708],[-63.85147,-17.2971],[-63.85147,-17.29653]]]},"properties":{"n":"SAN JUAN DE YAPACANI","p":28,"personas_x_ha":40,"masculinidad":75,"pct_menor20":61,"pct_60mas":0,"pct_migrante":29,"dependencia_econ":300,"pct_empleados":71,"pct_cuentapropia":29,"pct_agricultura":0,"pct_comercio":14,"pct_manufactura":0,"pct_construccion":14,"pct_transporte":0,"pct_alojamiento":14,"pct_sin_educacion":0,"pct_educ_superior":36,"brecha_educ":-17,"pct_sin_seguro":0,"pct_sus":86,"pct_seguro_privado":0,"brecha_seguro":0,"pct_salud_publica":43,"pct_med_tradicional":6,"pct_automedicacion":16,"pct_remedios_caseros":22,"pct_viv_desocupada":14,"pct_alquiler":17,"pct_electricidad":67,"pct_sin_electricidad":17,"pct_agua_red":83,"pct_alcantarillado":17,"pct_camara_septica":67,"pct_pozo_ciego":17,"pct_sin_desague":0,"pct_gas_red":0,"pct_gas_garrafa":83,"pct_lena_guano":17,"pct_basura_formal":100,"pct_basura_quema":0,"pct_basura_informal":0,"pct_internet":83,"pct_celular":83,"pct_televisor":50}},{"type":"Feature","geometry":{"type":"Polygon","coordinates":[[[-63.8543,-17.29464],[-63.85448,-17.29206],[-63.85401,-17.29205],[-63.85396,-17.29258],[-63.85396,-17.29204],[-63.85322,-17.29202],[-63.85318,-17.29395],[-63.85361,-17.29396],[-63.85366,-17.29464],[-63.8543,-17.29464]]]},"properties":{"n":"SAN JUAN DE YAPACANI","p":96,"personas_x_ha":29,"masculinidad":104,"pct_menor20":47,"pct_60mas":5,"pct_migrante":44,"dependencia_econ":159,"pct_empleados":68,"pct_cuentapropia":24,"pct_agricultura":35,"pct_comercio":14,"pct_manufactura":11,"pct_construccion":5,"pct_transporte":11,"pct_alojamiento":11,"pct_sin_educacion":0,"pct_educ_superior":6,"brecha_educ":-2,"pct_sin_seguro":8,"pct_sus":79,"pct_seguro_privado":7,"brecha_seguro":0,"pct_salud_publica":61,"pct_med_tradicional":3,"pct_automedicacion":4,"pct_remedios_caseros":25,"pct_viv_desocupada":4,"pct_alquiler":21,"pct_electricidad":100,"pct_sin_electricidad":0,"pct_agua_red":100,"pct_alcantarillado":46,"pct_camara_septica":42,"pct_pozo_ciego":8,"pct_sin_desague":4,"pct_gas_red":4,"pct_gas_garrafa":92,"pct_lena_guano":4,"pct_basura_formal":92,"pct_basura_quema":8,"pct_basura_informal":0,"pct_internet":71,"pct_celular":79,"pct_televisor":75}},{"type":"Feature","geometry":{"type":"Polygon","coordinates":[[[-63.85504,-17.29466],[-63.85516,-17.29448],[-63.85542,-17.2932],[-63.8558,-17.29299],[-63.85583,-17.29207],[-63.85456,-17.29205],[-63.85446,-17.29465],[-63.85504,-17.29466]]]},"properties":{"n":"SAN JUAN DE YAPACANI","p":51,"personas_x_ha":17,"masculinidad":82,"pct_menor20":49,"pct_60mas":12,"pct_migrante":63,"dependencia_econ":143,"pct_empleados":57,"pct_cuentapropia":33,"pct_agricultura":19,"pct_comercio":5,"pct_manufactura":14,"pct_construccion":19,"pct_transporte":5,"pct_alojamiento":5,"pct_sin_educacion":4,"pct_educ_superior":7,"brecha_educ":-38,"pct_sin_seguro":10,"pct_sus":90,"pct_seguro_privado":0,"brecha_seguro":14,"pct_salud_publica":40,"pct_med_tradicional":5,"pct_automedicacion":15,"pct_remedios_caseros":28,"pct_viv_desocupada":0,"pct_alquiler":15,"pct_electricidad":85,"pct_sin_electricidad":15,"pct_agua_red":100,"pct_alcantarillado":38,"pct_camara_septica":54,"pct_pozo_ciego":8,"pct_sin_desague":0,"pct_gas_red":0,"pct_gas_garrafa":100,"pct_lena_guano":0,"pct_basura_formal":100,"pct_basura_quema":0,"pct_basura_informal":0,"pct_internet":62,"pct_celular":85,"pct_televisor":69}},{"type":"Feature","geometry":{"type":"Polygon","coordinates":[[[-63.84854,-17.29656],[-63.84836,-17.29657],[-63.84813,-17.29634],[-63.84703,-17.2963],[-63.84692,-17.29639],[-63.84686,-17.29972],[-63.84872,-17.29978],[-63.84874,-17.29747],[-63.85027,-17.29751],[-63.85028,-17.2964],[-63.84911,-17.29636],[-63.84886,-17.29657],[-63.84867,-17.29656],[-63.84865,-17.29704],[-63.84951,-17.29707],[-63.8495,-17.29717],[-63.84786,-17.29715],[-63.84778,-17.29708],[-63.84787,-17.29665],[-63.84795,-17.29672],[-63.848,-17.29705],[-63.8485,-17.29707],[-63.84854,-17.29656]]]},"properties":{"n":"SAN JUAN DE YAPACANI","p":38,"personas_x_ha":4,"masculinidad":111,"pct_menor20":18,"pct_60mas":18,"pct_migrante":24,"dependencia_econ":153,"pct_empleados":33,"pct_cuentapropia":67,"pct_agricultura":60,"pct_comercio":7,"pct_manufactura":0,"pct_construccion":7,"pct_transporte":0,"pct_alojamiento":0,"pct_sin_educacion":0,"pct_educ_superior":45,"brecha_educ":4,"pct_sin_seguro":43,"pct_sus":32,"pct_seguro_privado":19,"brecha_seguro":-13,"pct_salud_publica":33,"pct_med_tradicional":0,"pct_automedicacion":12,"pct_remedios_caseros":25,"pct_viv_desocupada":0,"pct_alquiler":0,"pct_electricidad":100,"pct_sin_electricidad":0,"pct_agua_red":70,"pct_alcantarillado":0,"pct_camara_septica":60,"pct_pozo_ciego":40,"pct_sin_desague":0,"pct_gas_red":0,"pct_gas_garrafa":100,"pct_lena_guano":0,"pct_basura_formal":80,"pct_basura_quema":20,"pct_basura_informal":0,"pct_internet":100,"pct_celular":100,"pct_televisor":100}},{"type":"Feature","geometry":{"type":"Polygon","coordinates":[[[-63.84683,-17.29238],[-63.84669,-17.296],[-63.84234,-17.29592],[-63.8424,-17.2941],[-63.84473,-17.29415],[-63.84477,-17.29187],[-63.84631,-17.29188],[-63.84683,-17.29238]]]},"properties":{"n":"SAN JUAN DE YAPACANI","p":76,"personas_x_ha":5,"masculinidad":162,"pct_menor20":45,"pct_60mas":1,"pct_migrante":47,"dependencia_econ":159,"pct_empleados":69,"pct_cuentapropia":21,"pct_agricultura":14,"pct_comercio":3,"pct_manufactura":3,"pct_construccion":3,"pct_transporte":0,"pct_alojamiento":7,"pct_sin_educacion":0,"pct_educ_superior":56,"brecha_educ":2,"pct_sin_seguro":4,"pct_sus":59,"pct_seguro_privado":1,"brecha_seguro":6,"pct_salud_publica":29,"pct_med_tradicional":7,"pct_automedicacion":21,"pct_remedios_caseros":21,"pct_viv_desocupada":0,"pct_alquiler":37,"pct_electricidad":100,"pct_sin_electricidad":0,"pct_agua_red":100,"pct_alcantarillado":53,"pct_camara_septica":42,"pct_pozo_ciego":5,"pct_sin_desague":0,"pct_gas_red":0,"pct_gas_garrafa":100,"pct_lena_guano":0,"pct_basura_formal":100,"pct_basura_quema":0,"pct_basura_informal":0,"pct_internet":74,"pct_celular":79,"pct_televisor":89}},{"type":"Feature","geometry":{"type":"Polygon","coordinates":[[[-63.85355,-17.28992],[-63.85285,-17.28991],[-63.85283,-17.29065],[-63.85354,-17.29066],[-63.85355,-17.28992]]]},"properties":{"n":"SAN JUAN DE YAPACANI","p":57,"personas_x_ha":93,"masculinidad":90,"pct_menor20":46,"pct_60mas":5,"pct_migrante":25,"dependencia_econ":218,"pct_empleados":29,"pct_cuentapropia":35,"pct_agricultura":12,"pct_comercio":12,"pct_manufactura":6,"pct_construccion":12,"pct_transporte":12,"pct_alojamiento":6,"pct_sin_educacion":0,"pct_educ_superior":21,"brecha_educ":11,"pct_sin_seguro":12,"pct_sus":88,"pct_seguro_privado":0,"brecha_seguro":-6,"pct_salud_publica":35,"pct_med_tradicional":7,"pct_automedicacion":18,"pct_remedios_caseros":18,"pct_viv_desocupada":0,"pct_alquiler":9,"pct_electricidad":100,"pct_sin_electricidad":0,"pct_agua_red":100,"pct_alcantarillado":82,"pct_camara_septica":18,"pct_pozo_ciego":0,"pct_sin_desague":0,"pct_gas_red":0,"pct_gas_garrafa":100,"pct_lena_guano":0,"pct_basura_formal":100,"pct_basura_quema":0,"pct_basura_informal":0,"pct_internet":45,"pct_celular":73,"pct_televisor":73}},{"type":"Feature","geometry":{"type":"Polygon","coordinates":[[[-63.85578,-17.29726],[-63.85458,-17.29718],[-63.85461,-17.29667],[-63.85584,-17.2967],[-63.85578,-17.29726]]]},"properties":{"n":"SAN JUAN DE YAPACANI","p":44,"personas_x_ha":54,"masculinidad":110,"pct_menor20":57,"pct_60mas":2,"pct_migrante":36,"dependencia_econ":300,"pct_empleados":27,"pct_cuentapropia":9,"pct_agricultura":36,"pct_comercio":0,"pct_manufactura":9,"pct_construccion":9,"pct_transporte":0,"pct_alojamiento":0,"pct_sin_educacion":5,"pct_educ_superior":19,"brecha_educ":14,"pct_sin_seguro":5,"pct_sus":77,"pct_seguro_privado":15,"brecha_seguro":9,"pct_salud_publica":32,"pct_med_tradicional":0,"pct_automedicacion":28,"pct_remedios_caseros":29,"pct_viv_desocupada":0,"pct_alquiler":14,"pct_electricidad":100,"pct_sin_electricidad":0,"pct_agua_red":100,"pct_alcantarillado":71,"pct_camara_septica":14,"pct_pozo_ciego":14,"pct_sin_desague":0,"pct_gas_red":0,"pct_gas_garrafa":100,"pct_lena_guano":0,"pct_basura_formal":100,"pct_basura_quema":0,"pct_basura_informal":0,"pct_internet":43,"pct_celular":71,"pct_televisor":71}},{"type":"Feature","geometry":{"type":"Polygon","coordinates":[[[-63.85151,-17.29178],[-63.8516,-17.29035],[-63.85086,-17.29033],[-63.85083,-17.29176],[-63.85151,-17.29178]]]},"properties":{"n":"SAN JUAN DE YAPACANI","p":98,"personas_x_ha":78,"masculinidad":75,"pct_menor20":41,"pct_60mas":5,"pct_migrante":29,"dependencia_econ":134,"pct_empleados":27,"pct_cuentapropia":54,"pct_agricultura":17,"pct_comercio":32,"pct_manufactura":7,"pct_construccion":10,"pct_transporte":2,"pct_alojamiento":5,"pct_sin_educacion":2,"pct_educ_superior":33,"brecha_educ":-2,"pct_sin_seguro":17,"pct_sus":73,"pct_seguro_privado":1,"brecha_seguro":1,"pct_salud_publica":33,"pct_med_tradicional":1,"pct_automedicacion":22,"pct_remedios_caseros":27,"pct_viv_desocupada":4,"pct_alquiler":26,"pct_electricidad":100,"pct_sin_electricidad":0,"pct_agua_red":100,"pct_alcantarillado":57,"pct_camara_septica":39,"pct_pozo_ciego":0,"pct_sin_desague":0,"pct_gas_red":17,"pct_gas_garrafa":83,"pct_lena_guano":0,"pct_basura_formal":96,"pct_basura_quema":4,"pct_basura_informal":0,"pct_internet":74,"pct_celular":83,"pct_televisor":74}},{"type":"Feature","geometry":{"type":"Polygon","coordinates":[[[-63.8544,-17.28911],[-63.85368,-17.28909],[-63.85367,-17.28982],[-63.85437,-17.28982],[-63.8544,-17.28911]]]},"properties":{"n":"SAN JUAN DE YAPACANI","p":45,"personas_x_ha":73,"masculinidad":88,"pct_menor20":51,"pct_60mas":2,"pct_migrante":49,"dependencia_econ":105,"pct_empleados":50,"pct_cuentapropia":36,"pct_agricultura":27,"pct_comercio":23,"pct_manufactura":9,"pct_construccion":5,"pct_transporte":5,"pct_alojamiento":18,"pct_sin_educacion":0,"pct_educ_superior":32,"brecha_educ":5,"pct_sin_seguro":2,"pct_sus":98,"pct_seguro_privado":0,"brecha_seguro":-4,"pct_salud_publica":35,"pct_med_tradicional":8,"pct_automedicacion":27,"pct_remedios_caseros":24,"pct_viv_desocupada":0,"pct_alquiler":11,"pct_electricidad":78,"pct_sin_electricidad":11,"pct_agua_red":56,"pct_alcantarillado":33,"pct_camara_septica":22,"pct_pozo_ciego":11,"pct_sin_desague":33,"pct_gas_red":56,"pct_gas_garrafa":33,"pct_lena_guano":0,"pct_basura_formal":100,"pct_basura_quema":0,"pct_basura_informal":0,"pct_internet":44,"pct_celular":78,"pct_televisor":56}},{"type":"Feature","geometry":{"type":"Polygon","coordinates":[[[-63.85689,-17.28997],[-63.8562,-17.28995],[-63.85617,-17.29068],[-63.85688,-17.2907],[-63.85689,-17.28997]]]},"properties":{"n":"SAN JUAN DE YAPACANI","p":50,"personas_x_ha":82,"masculinidad":138,"pct_menor20":38,"pct_60mas":10,"pct_migrante":32,"dependencia_econ":145,"pct_empleados":55,"pct_cuentapropia":25,"pct_agricultura":20,"pct_comercio":25,"pct_manufactura":5,"pct_construccion":15,"pct_transporte":5,"pct_alojamiento":0,"pct_sin_educacion":3,"pct_educ_superior":29,"brecha_educ":-21,"pct_sin_seguro":6,"pct_sus":94,"pct_seguro_privado":0,"brecha_seguro":-6,"pct_salud_publica":35,"pct_med_tradicional":4,"pct_automedicacion":24,"pct_remedios_caseros":28,"pct_viv_desocupada":0,"pct_alquiler":17,"pct_electricidad":100,"pct_sin_electricidad":0,"pct_agua_red":100,"pct_alcantarillado":92,"pct_camara_septica":8,"pct_pozo_ciego":0,"pct_sin_desague":0,"pct_gas_red":17,"pct_gas_garrafa":83,"pct_lena_guano":0,"pct_basura_formal":100,"pct_basura_quema":0,"pct_basura_informal":0,"pct_internet":83,"pct_celular":83,"pct_televisor":92}},{"type":"Feature","geometry":{"type":"Polygon","coordinates":[[[-63.85452,-17.29668],[-63.85359,-17.29667],[-63.85357,-17.29719],[-63.8545,-17.29721],[-63.85452,-17.29668]]]},"properties":{"n":"SAN JUAN DE YAPACANI","p":65,"personas_x_ha":113,"masculinidad":103,"pct_menor20":46,"pct_60mas":0,"pct_migrante":35,"dependencia_econ":137,"pct_empleados":67,"pct_cuentapropia":19,"pct_agricultura":37,"pct_comercio":11,"pct_manufactura":7,"pct_construccion":15,"pct_transporte":4,"pct_alojamiento":0,"pct_sin_educacion":3,"pct_educ_superior":6,"brecha_educ":-3,"pct_sin_seguro":2,"pct_sus":73,"pct_seguro_privado":6,"brecha_seguro":3,"pct_salud_publica":32,"pct_med_tradicional":5,"pct_automedicacion":23,"pct_remedios_caseros":25,"pct_viv_desocupada":0,"pct_alquiler":7,"pct_electricidad":100,"pct_sin_electricidad":0,"pct_agua_red":100,"pct_alcantarillado":86,"pct_camara_septica":7,"pct_pozo_ciego":7,"pct_sin_desague":0,"pct_gas_red":0,"pct_gas_garrafa":100,"pct_lena_guano":0,"pct_basura_formal":93,"pct_basura_quema":7,"pct_basura_informal":0,"pct_internet":86,"pct_celular":86,"pct_televisor":93}},{"type":"Feature","geometry":{"type":"Polygon","coordinates":[[[-63.85184,-17.28895],[-63.85355,-17.28892],[-63.85361,-17.28642],[-63.85185,-17.28643],[-63.85184,-17.28895]]]},"properties":{"n":"SAN JUAN DE YAPACANI","p":86,"personas_x_ha":16,"masculinidad":126,"pct_menor20":58,"pct_60mas":2,"pct_migrante":37,"dependencia_econ":330,"pct_empleados":50,"pct_cuentapropia":25,"pct_agricultura":20,"pct_comercio":20,"pct_manufactura":10,"pct_construccion":10,"pct_transporte":20,"pct_alojamiento":5,"pct_sin_educacion":0,"pct_educ_superior":27,"brecha_educ":-6,"pct_sin_seguro":15,"pct_sus":70,"pct_seguro_privado":0,"brecha_seguro":8,"pct_salud_publica":32,"pct_med_tradicional":15,"pct_automedicacion":21,"pct_remedios_caseros":22,"pct_viv_desocupada":0,"pct_alquiler":0,"pct_electricidad":88,"pct_sin_electricidad":12,"pct_agua_red":82,"pct_alcantarillado":29,"pct_camara_septica":41,"pct_pozo_ciego":18,"pct_sin_desague":12,"pct_gas_red":6,"pct_gas_garrafa":82,"pct_lena_guano":6,"pct_basura_formal":88,"pct_basura_quema":6,"pct_basura_informal":0,"pct_internet":88,"pct_celular":88,"pct_televisor":76}},{"type":"Feature","geometry":{"type":"Polygon","coordinates":[[[-63.85387,-17.29542],[-63.85362,-17.29598],[-63.85176,-17.29594],[-63.85177,-17.2954],[-63.85387,-17.29542]]]},"properties":{"n":"SAN JUAN DE YAPACANI","p":131,"personas_x_ha":100,"masculinidad":105,"pct_menor20":40,"pct_60mas":8,"pct_migrante":59,"dependencia_econ":147,"pct_empleados":64,"pct_cuentapropia":19,"pct_agricultura":23,"pct_comercio":11,"pct_manufactura":6,"pct_construccion":21,"pct_transporte":9,"pct_alojamiento":4,"pct_sin_educacion":8,"pct_educ_superior":25,"brecha_educ":-12,"pct_sin_seguro":2,"pct_sus":78,"pct_seguro_privado":7,"brecha_seguro":1,"pct_salud_publica":26,"pct_med_tradicional":9,"pct_automedicacion":22,"pct_remedios_caseros":30,"pct_viv_desocupada":7,"pct_alquiler":7,"pct_electricidad":96,"pct_sin_electricidad":0,"pct_agua_red":82,"pct_alcantarillado":86,"pct_camara_septica":4,"pct_pozo_ciego":11,"pct_sin_desague":0,"pct_gas_red":39,"pct_gas_garrafa":61,"pct_lena_guano":0,"pct_basura_formal":96,"pct_basura_quema":4,"pct_basura_informal":0,"pct_internet":93,"pct_celular":93,"pct_televisor":82}},{"type":"Feature","geometry":{"type":"Polygon","coordinates":[[[-63.85695,-17.28734],[-63.85623,-17.28732],[-63.85622,-17.28812],[-63.85694,-17.28813],[-63.85695,-17.28734]]]},"properties":{"n":"SAN JUAN DE YAPACANI","p":46,"personas_x_ha":68,"masculinidad":100,"pct_menor20":52,"pct_60mas":4,"pct_migrante":50,"dependencia_econ":142,"pct_empleados":74,"pct_cuentapropia":11,"pct_agricultura":32,"pct_comercio":11,"pct_manufactura":11,"pct_construccion":21,"pct_transporte":5,"pct_alojamiento":5,"pct_sin_educacion":5,"pct_educ_superior":14,"brecha_educ":-17,"pct_sin_seguro":4,"pct_sus":78,"pct_seguro_privado":0,"brecha_seguro":0,"pct_salud_publica":31,"pct_med_tradicional":11,"pct_automedicacion":18,"pct_remedios_caseros":27,"pct_viv_desocupada":0,"pct_alquiler":17,"pct_electricidad":92,"pct_sin_electricidad":8,"pct_agua_red":75,"pct_alcantarillado":50,"pct_camara_septica":25,"pct_pozo_ciego":25,"pct_sin_desague":0,"pct_gas_red":25,"pct_gas_garrafa":75,"pct_lena_guano":0,"pct_basura_formal":100,"pct_basura_quema":0,"pct_basura_informal":0,"pct_internet":50,"pct_celular":58,"pct_televisor":42}},{"type":"Feature","geometry":{"type":"Polygon","coordinates":[[[-63.85355,-17.29404],[-63.85179,-17.29403],[-63.85178,-17.29458],[-63.85353,-17.29462],[-63.85355,-17.29404]]]},"properties":{"n":"SAN JUAN DE YAPACANI","p":148,"personas_x_ha":127,"masculinidad":80,"pct_menor20":44,"pct_60mas":7,"pct_migrante":34,"dependencia_econ":147,"pct_empleados":60,"pct_cuentapropia":22,"pct_agricultura":33,"pct_comercio":15,"pct_manufactura":2,"pct_construccion":12,"pct_transporte":7,"pct_alojamiento":3,"pct_sin_educacion":6,"pct_educ_superior":28,"brecha_educ":2,"pct_sin_seguro":9,"pct_sus":79,"pct_seguro_privado":1,"brecha_seguro":-2,"pct_salud_publica":33,"pct_med_tradicional":4,"pct_automedicacion":21,"pct_remedios_caseros":25,"pct_viv_desocupada":0,"pct_alquiler":30,"pct_electricidad":100,"pct_sin_electricidad":0,"pct_agua_red":73,"pct_alcantarillado":73,"pct_camara_septica":24,"pct_pozo_ciego":3,"pct_sin_desague":0,"pct_gas_red":9,"pct_gas_garrafa":91,"pct_lena_guano":0,"pct_basura_formal":100,"pct_basura_quema":0,"pct_basura_informal":0,"pct_internet":73,"pct_celular":97,"pct_televisor":82}},{"type":"Feature","geometry":{"type":"Polygon","coordinates":[[[-63.85395,-17.29473],[-63.85177,-17.29469],[-63.85177,-17.29522],[-63.85394,-17.29528],[-63.85395,-17.29473]]]},"properties":{"n":"SAN JUAN DE YAPACANI","p":184,"personas_x_ha":133,"masculinidad":102,"pct_menor20":33,"pct_60mas":12,"pct_migrante":36,"dependencia_econ":142,"pct_empleados":54,"pct_cuentapropia":31,"pct_agricultura":31,"pct_comercio":14,"pct_manufactura":7,"pct_construccion":18,"pct_transporte":4,"pct_alojamiento":8,"pct_sin_educacion":5,"pct_educ_superior":27,"brecha_educ":-1,"pct_sin_seguro":17,"pct_sus":70,"pct_seguro_privado":1,"brecha_seguro":5,"pct_salud_publica":33,"pct_med_tradicional":5,"pct_automedicacion":21,"pct_remedios_caseros":21,"pct_viv_desocupada":0,"pct_alquiler":24,"pct_electricidad":100,"pct_sin_electricidad":0,"pct_agua_red":98,"pct_alcantarillado":87,"pct_camara_septica":4,"pct_pozo_ciego":7,"pct_sin_desague":2,"pct_gas_red":22,"pct_gas_garrafa":76,"pct_lena_guano":0,"pct_basura_formal":98,"pct_basura_quema":0,"pct_basura_informal":2,"pct_internet":80,"pct_celular":89,"pct_televisor":80}},{"type":"Feature","geometry":{"type":"Polygon","coordinates":[[[-63.85554,-17.29529],[-63.85566,-17.29519],[-63.85588,-17.29434],[-63.85545,-17.29425],[-63.85532,-17.29467],[-63.85507,-17.29486],[-63.85402,-17.29487],[-63.85402,-17.29525],[-63.85554,-17.29529]]]},"properties":{"n":"SAN JUAN DE YAPACANI","p":81,"personas_x_ha":72,"masculinidad":98,"pct_menor20":51,"pct_60mas":2,"pct_migrante":37,"dependencia_econ":170,"pct_empleados":47,"pct_cuentapropia":23,"pct_agricultura":27,"pct_comercio":7,"pct_manufactura":7,"pct_construccion":13,"pct_transporte":17,"pct_alojamiento":3,"pct_sin_educacion":2,"pct_educ_superior":12,"brecha_educ":4,"pct_sin_seguro":10,"pct_sus":64,"pct_seguro_privado":0,"brecha_seguro":5,"pct_salud_publica":36,"pct_med_tradicional":11,"pct_automedicacion":16,"pct_remedios_caseros":20,"pct_viv_desocupada":5,"pct_alquiler":50,"pct_electricidad":94,"pct_sin_electricidad":6,"pct_agua_red":89,"pct_alcantarillado":50,"pct_camara_septica":17,"pct_pozo_ciego":6,"pct_sin_desague":11,"pct_gas_red":0,"pct_gas_garrafa":94,"pct_lena_guano":6,"pct_basura_formal":94,"pct_basura_quema":0,"pct_basura_informal":6,"pct_internet":89,"pct_celular":89,"pct_televisor":78}},{"type":"Feature","geometry":{"type":"Polygon","coordinates":[[[-63.85664,-17.2943],[-63.85608,-17.29429],[-63.85612,-17.29308],[-63.85666,-17.29306],[-63.85664,-17.2943]]]},"properties":{"n":"SAN JUAN DE YAPACANI","p":59,"personas_x_ha":74,"masculinidad":97,"pct_menor20":49,"pct_60mas":3,"pct_migrante":41,"dependencia_econ":195,"pct_empleados":35,"pct_cuentapropia":65,"pct_agricultura":10,"pct_comercio":35,"pct_manufactura":10,"pct_construccion":5,"pct_transporte":25,"pct_alojamiento":0,"pct_sin_educacion":3,"pct_educ_superior":10,"brecha_educ":-1,"pct_sin_seguro":3,"pct_sus":73,"pct_seguro_privado":0,"brecha_seguro":0,"pct_salud_publica":51,"pct_med_tradicional":1,"pct_automedicacion":17,"pct_remedios_caseros":16,"pct_viv_desocupada":7,"pct_alquiler":21,"pct_electricidad":93,"pct_sin_electricidad":7,"pct_agua_red":93,"pct_alcantarillado":71,"pct_camara_septica":7,"pct_pozo_ciego":14,"pct_sin_desague":7,"pct_gas_red":7,"pct_gas_garrafa":93,"pct_lena_guano":0,"pct_basura_formal":100,"pct_basura_quema":0,"pct_basura_informal":0,"pct_internet":57,"pct_celular":100,"pct_televisor":79}},{"type":"Feature","geometry":{"type":"Polygon","coordinates":[[[-63.84849,-17.2933],[-63.84696,-17.29329],[-63.84695,-17.29382],[-63.84847,-17.29385],[-63.84849,-17.2933]]]},"properties":{"n":"SAN JUAN DE YAPACANI","p":171,"personas_x_ha":177,"masculinidad":106,"pct_menor20":38,"pct_60mas":5,"pct_migrante":42,"dependencia_econ":111,"pct_empleados":43,"pct_cuentapropia":28,"pct_agricultura":14,"pct_comercio":15,"pct_manufactura":10,"pct_construccion":11,"pct_transporte":1,"pct_alojamiento":6,"pct_sin_educacion":1,"pct_educ_superior":34,"brecha_educ":3,"pct_sin_seguro":7,"pct_sus":68,"pct_seguro_privado":0,"brecha_seguro":2,"pct_salud_publica":40,"pct_med_tradicional":3,"pct_automedicacion":17,"pct_remedios_caseros":18,"pct_viv_desocupada":0,"pct_alquiler":12,"pct_electricidad":100,"pct_sin_electricidad":0,"pct_agua_red":100,"pct_alcantarillado":91,"pct_camara_septica":2,"pct_pozo_ciego":2,"pct_sin_desague":2,"pct_gas_red":14,"pct_gas_garrafa":84,"pct_lena_guano":0,"pct_basura_formal":100,"pct_basura_quema":0,"pct_basura_informal":0,"pct_internet":88,"pct_celular":93,"pct_televisor":81}},{"type":"Feature","geometry":{"type":"Polygon","coordinates":[[[-63.8578,-17.28646],[-63.8571,-17.28646],[-63.85707,-17.28724],[-63.85778,-17.28725],[-63.8578,-17.28646]]]},"properties":{"n":"SAN JUAN DE YAPACANI","p":21,"personas_x_ha":32,"masculinidad":75,"pct_menor20":48,"pct_60mas":5,"pct_migrante":29,"dependencia_econ":110,"pct_empleados":30,"pct_cuentapropia":40,"pct_agricultura":10,"pct_comercio":10,"pct_manufactura":30,"pct_construccion":0,"pct_transporte":20,"pct_alojamiento":10,"pct_sin_educacion":8,"pct_educ_superior":38,"brecha_educ":22,"pct_sin_seguro":5,"pct_sus":75,"pct_seguro_privado":20,"brecha_seguro":-8,"pct_salud_publica":21,"pct_med_tradicional":13,"pct_automedicacion":14,"pct_remedios_caseros":23,"pct_viv_desocupada":12,"pct_alquiler":0,"pct_electricidad":100,"pct_sin_electricidad":0,"pct_agua_red":60,"pct_alcantarillado":80,"pct_camara_septica":0,"pct_pozo_ciego":20,"pct_sin_desague":0,"pct_gas_red":20,"pct_gas_garrafa":80,"pct_lena_guano":0,"pct_basura_formal":100,"pct_basura_quema":0,"pct_basura_informal":0,"pct_internet":60,"pct_celular":80,"pct_televisor":80}},{"type":"Feature","geometry":{"type":"Polygon","coordinates":[[[-63.84853,-17.29186],[-63.84763,-17.29183],[-63.84701,-17.29235],[-63.84702,-17.29274],[-63.84848,-17.29279],[-63.84853,-17.29186]]]},"properties":{"n":"SAN JUAN DE YAPACANI","p":62,"personas_x_ha":42,"masculinidad":138,"pct_menor20":29,"pct_60mas":18,"pct_migrante":53,"dependencia_econ":82,"pct_empleados":53,"pct_cuentapropia":29,"pct_agricultura":12,"pct_comercio":18,"pct_manufactura":18,"pct_construccion":3,"pct_transporte":0,"pct_alojamiento":0,"pct_sin_educacion":0,"pct_educ_superior":36,"brecha_educ":-4,"pct_sin_seguro":13,"pct_sus":73,"pct_seguro_privado":2,"brecha_seguro":9,"pct_salud_publica":24,"pct_med_tradicional":12,"pct_automedicacion":24,"pct_remedios_caseros":22,"pct_viv_desocupada":8,"pct_alquiler":28,"pct_electricidad":100,"pct_sin_electricidad":0,"pct_agua_red":94,"pct_alcantarillado":94,"pct_camara_septica":6,"pct_pozo_ciego":0,"pct_sin_desague":0,"pct_gas_red":11,"pct_gas_garrafa":89,"pct_lena_guano":0,"pct_basura_formal":100,"pct_basura_quema":0,"pct_basura_informal":0,"pct_internet":72,"pct_celular":89,"pct_televisor":83}},{"type":"Feature","geometry":{"type":"Polygon","coordinates":[[[-63.85357,-17.2891],[-63.85285,-17.28908],[-63.85285,-17.28979],[-63.85354,-17.28981],[-63.85357,-17.2891]]]},"properties":{"n":"SAN JUAN DE YAPACANI","p":57,"personas_x_ha":94,"masculinidad":90,"pct_menor20":42,"pct_60mas":4,"pct_migrante":46,"dependencia_econ":119,"pct_empleados":50,"pct_cuentapropia":31,"pct_agricultura":4,"pct_comercio":15,"pct_manufactura":12,"pct_construccion":12,"pct_transporte":8,"pct_alojamiento":12,"pct_sin_educacion":0,"pct_educ_superior":50,"brecha_educ":12,"pct_sin_seguro":23,"pct_sus":49,"pct_seguro_privado":4,"brecha_seguro":13,"pct_salud_publica":34,"pct_med_tradicional":6,"pct_automedicacion":8,"pct_remedios_caseros":33,"pct_viv_desocupada":0,"pct_alquiler":11,"pct_electricidad":100,"pct_sin_electricidad":0,"pct_agua_red":100,"pct_alcantarillado":56,"pct_camara_septica":33,"pct_pozo_ciego":0,"pct_sin_desague":11,"pct_gas_red":22,"pct_gas_garrafa":78,"pct_lena_guano":0,"pct_basura_formal":100,"pct_basura_quema":0,"pct_basura_informal":0,"pct_internet":89,"pct_celular":100,"pct_televisor":78}},{"type":"Feature","geometry":{"type":"Polygon","coordinates":[[[-63.85539,-17.2846],[-63.85461,-17.28459],[-63.8546,-17.28535],[-63.85537,-17.28536],[-63.85539,-17.2846]]]},"properties":{"n":"SAN JUAN DE YAPACANI","p":41,"personas_x_ha":59,"masculinidad":86,"pct_menor20":44,"pct_60mas":5,"pct_migrante":46,"dependencia_econ":173,"pct_empleados":53,"pct_cuentapropia":27,"pct_agricultura":53,"pct_comercio":7,"pct_manufactura":7,"pct_construccion":7,"pct_transporte":13,"pct_alojamiento":0,"pct_sin_educacion":0,"pct_educ_superior":13,"brecha_educ":-6,"pct_sin_seguro":10,"pct_sus":85,"pct_seguro_privado":5,"brecha_seguro":1,"pct_salud_publica":29,"pct_med_tradicional":7,"pct_automedicacion":23,"pct_remedios_caseros":20,"pct_viv_desocupada":7,"pct_alquiler":0,"pct_electricidad":92,"pct_sin_electricidad":0,"pct_agua_red":92,"pct_alcantarillado":8,"pct_camara_septica":54,"pct_pozo_ciego":23,"pct_sin_desague":15,"pct_gas_red":0,"pct_gas_garrafa":100,"pct_lena_guano":0,"pct_basura_formal":100,"pct_basura_quema":0,"pct_basura_informal":0,"pct_internet":92,"pct_celular":100,"pct_televisor":92}},{"type":"Feature","geometry":{"type":"Polygon","coordinates":[[[-63.85863,-17.28646],[-63.8579,-17.28646],[-63.85787,-17.28724],[-63.8586,-17.28725],[-63.85863,-17.28646]]]},"properties":{"n":"SAN JUAN DE YAPACANI","p":43,"personas_x_ha":64,"masculinidad":105,"pct_menor20":49,"pct_60mas":0,"pct_migrante":72,"dependencia_econ":169,"pct_empleados":75,"pct_cuentapropia":25,"pct_agricultura":50,"pct_comercio":6,"pct_manufactura":0,"pct_construccion":19,"pct_transporte":12,"pct_alojamiento":0,"pct_sin_educacion":0,"pct_educ_superior":0,"brecha_educ":-5,"pct_sin_seguro":5,"pct_sus":91,"pct_seguro_privado":5,"brecha_seguro":0,"pct_salud_publica":87,"pct_med_tradicional":0,"pct_automedicacion":4,"pct_remedios_caseros":4,"pct_viv_desocupada":8,"pct_alquiler":17,"pct_electricidad":92,"pct_sin_electricidad":0,"pct_agua_red":92,"pct_alcantarillado":50,"pct_camara_septica":25,"pct_pozo_ciego":25,"pct_sin_desague":0,"pct_gas_red":0,"pct_gas_garrafa":100,"pct_lena_guano":0,"pct_basura_formal":100,"pct_basura_quema":0,"pct_basura_informal":0,"pct_internet":83,"pct_celular":83,"pct_televisor":50}},{"type":"Feature","geometry":{"type":"Polygon","coordinates":[[[-63.85776,-17.28811],[-63.85777,-17.28735],[-63.85705,-17.28734],[-63.85704,-17.28811],[-63.85776,-17.28811]]]},"properties":{"n":"SAN JUAN DE YAPACANI","p":47,"personas_x_ha":72,"masculinidad":88,"pct_menor20":47,"pct_60mas":4,"pct_migrante":57,"dependencia_econ":176,"pct_empleados":53,"pct_cuentapropia":41,"pct_agricultura":24,"pct_comercio":12,"pct_manufactura":6,"pct_construccion":6,"pct_transporte":18,"pct_alojamiento":6,"pct_sin_educacion":4,"pct_educ_superior":27,"brecha_educ":11,"pct_sin_seguro":23,"pct_sus":66,"pct_seguro_privado":2,"brecha_seguro":7,"pct_salud_publica":23,"pct_med_tradicional":6,"pct_automedicacion":26,"pct_remedios_caseros":26,"pct_viv_desocupada":0,"pct_alquiler":42,"pct_electricidad":100,"pct_sin_electricidad":0,"pct_agua_red":42,"pct_alcantarillado":67,"pct_camara_septica":17,"pct_pozo_ciego":0,"pct_sin_desague":17,"pct_gas_red":0,"pct_gas_garrafa":100,"pct_lena_guano":0,"pct_basura_formal":100,"pct_basura_quema":0,"pct_basura_informal":0,"pct_internet":92,"pct_celular":92,"pct_televisor":92}},{"type":"Feature","geometry":{"type":"Polygon","coordinates":[[[-63.85535,-17.28547],[-63.85461,-17.28546],[-63.85458,-17.28622],[-63.85531,-17.28623],[-63.85535,-17.28547]]]},"properties":{"n":"SAN JUAN DE YAPACANI","p":25,"personas_x_ha":38,"masculinidad":178,"pct_menor20":36,"pct_60mas":0,"pct_migrante":24,"dependencia_econ":144,"pct_empleados":78,"pct_cuentapropia":11,"pct_agricultura":22,"pct_comercio":22,"pct_manufactura":11,"pct_construccion":44,"pct_transporte":0,"pct_alojamiento":0,"pct_sin_educacion":0,"pct_educ_superior":50,"brecha_educ":0,"pct_sin_seguro":38,"pct_sus":29,"pct_seguro_privado":19,"brecha_seguro":21,"pct_salud_publica":35,"pct_med_tradicional":4,"pct_automedicacion":26,"pct_remedios_caseros":17,"pct_viv_desocupada":11,"pct_alquiler":43,"pct_electricidad":100,"pct_sin_electricidad":0,"pct_agua_red":100,"pct_alcantarillado":43,"pct_camara_septica":14,"pct_pozo_ciego":43,"pct_sin_desague":0,"pct_gas_red":0,"pct_gas_garrafa":100,"pct_lena_guano":0,"pct_basura_formal":86,"pct_basura_quema":0,"pct_basura_informal":14,"pct_internet":86,"pct_celular":86,"pct_televisor":86}},{"type":"Feature","geometry":{"type":"Polygon","coordinates":[[[-63.85613,-17.29169],[-63.85687,-17.2917],[-63.85687,-17.2908],[-63.85616,-17.29078],[-63.85613,-17.29169]]]},"properties":{"n":"SAN JUAN DE YAPACANI","p":71,"personas_x_ha":92,"masculinidad":97,"pct_menor20":37,"pct_60mas":6,"pct_migrante":56,"dependencia_econ":109,"pct_empleados":50,"pct_cuentapropia":26,"pct_agricultura":6,"pct_comercio":12,"pct_manufactura":12,"pct_construccion":26,"pct_transporte":12,"pct_alojamiento":6,"pct_sin_educacion":4,"pct_educ_superior":43,"brecha_educ":4,"pct_sin_seguro":13,"pct_sus":87,"pct_seguro_privado":0,"brecha_seguro":15,"pct_salud_publica":32,"pct_med_tradicional":1,"pct_automedicacion":30,"pct_remedios_caseros":30,"pct_viv_desocupada":7,"pct_alquiler":23,"pct_electricidad":77,"pct_sin_electricidad":8,"pct_agua_red":77,"pct_alcantarillado":69,"pct_camara_septica":8,"pct_pozo_ciego":0,"pct_sin_desague":23,"pct_gas_red":0,"pct_gas_garrafa":85,"pct_lena_guano":8,"pct_basura_formal":85,"pct_basura_quema":15,"pct_basura_informal":0,"pct_internet":85,"pct_celular":85,"pct_televisor":69}},{"type":"Feature","geometry":{"type":"Polygon","coordinates":[[[-63.85449,-17.29078],[-63.85448,-17.29165],[-63.85522,-17.29165],[-63.85524,-17.29078],[-63.85449,-17.29078]]]},"properties":{"n":"SAN JUAN DE YAPACANI","p":40,"personas_x_ha":52,"masculinidad":167,"pct_menor20":38,"pct_60mas":0,"pct_migrante":65,"dependencia_econ":81,"pct_empleados":48,"pct_cuentapropia":14,"pct_agricultura":24,"pct_comercio":38,"pct_manufactura":14,"pct_construccion":10,"pct_transporte":0,"pct_alojamiento":5,"pct_sin_educacion":0,"pct_educ_superior":12,"brecha_educ":-16,"pct_sin_seguro":13,"pct_sus":66,"pct_seguro_privado":0,"brecha_seguro":21,"pct_salud_publica":29,"pct_med_tradicional":5,"pct_automedicacion":26,"pct_remedios_caseros":21,"pct_viv_desocupada":0,"pct_alquiler":43,"pct_electricidad":100,"pct_sin_electricidad":0,"pct_agua_red":100,"pct_alcantarillado":71,"pct_camara_septica":21,"pct_pozo_ciego":0,"pct_sin_desague":7,"pct_gas_red":0,"pct_gas_garrafa":86,"pct_lena_guano":0,"pct_basura_formal":100,"pct_basura_quema":0,"pct_basura_informal":0,"pct_internet":100,"pct_celular":100,"pct_televisor":50}},{"type":"Feature","geometry":{"type":"Polygon","coordinates":[[[-63.85068,-17.2919],[-63.84975,-17.29188],[-63.84973,-17.29281],[-63.85067,-17.29282],[-63.85068,-17.2919]]]},"properties":{"n":"SAN JUAN DE YAPACANI","p":84,"personas_x_ha":81,"masculinidad":110,"pct_menor20":32,"pct_60mas":11,"pct_migrante":46,"dependencia_econ":116,"pct_empleados":8,"pct_cuentapropia":47,"pct_agricultura":24,"pct_comercio":37,"pct_manufactura":13,"pct_construccion":3,"pct_transporte":8,"pct_alojamiento":13,"pct_sin_educacion":4,"pct_educ_superior":30,"brecha_educ":-4,"pct_sin_seguro":11,"pct_sus":89,"pct_seguro_privado":0,"brecha_seguro":1,"pct_salud_publica":38,"pct_med_tradicional":7,"pct_automedicacion":19,"pct_remedios_caseros":19,"pct_viv_desocupada":0,"pct_alquiler":27,"pct_electricidad":100,"pct_sin_electricidad":0,"pct_agua_red":100,"pct_alcantarillado":91,"pct_camara_septica":5,"pct_pozo_ciego":0,"pct_sin_desague":0,"pct_gas_red":32,"pct_gas_garrafa":59,"pct_lena_guano":0,"pct_basura_formal":100,"pct_basura_quema":0,"pct_basura_informal":0,"pct_internet":68,"pct_celular":82,"pct_televisor":77}},{"type":"Feature","geometry":{"type":"Polygon","coordinates":[[[-63.85536,-17.28448],[-63.85538,-17.28369],[-63.85465,-17.28368],[-63.85463,-17.28447],[-63.85536,-17.28448]]]},"properties":{"n":"SAN JUAN DE YAPACANI","p":28,"personas_x_ha":41,"masculinidad":100,"pct_menor20":32,"pct_60mas":0,"pct_migrante":61,"dependencia_econ":75,"pct_empleados":62,"pct_cuentapropia":19,"pct_agricultura":38,"pct_comercio":6,"pct_manufactura":6,"pct_construccion":12,"pct_transporte":12,"pct_alojamiento":0,"pct_sin_educacion":0,"pct_educ_superior":20,"brecha_educ":-13,"pct_sin_seguro":25,"pct_sus":61,"pct_seguro_privado":0,"brecha_seguro":-7,"pct_salud_publica":32,"pct_med_tradicional":2,"pct_automedicacion":28,"pct_remedios_caseros":22,"pct_viv_desocupada":22,"pct_alquiler":0,"pct_electricidad":100,"pct_sin_electricidad":0,"pct_agua_red":100,"pct_alcantarillado":14,"pct_camara_septica":86,"pct_pozo_ciego":0,"pct_sin_desague":0,"pct_gas_red":0,"pct_gas_garrafa":100,"pct_lena_guano":0,"pct_basura_formal":100,"pct_basura_quema":0,"pct_basura_informal":0,"pct_internet":100,"pct_celular":100,"pct_televisor":100}},{"type":"Feature","geometry":{"type":"Polygon","coordinates":[[[-63.85692,-17.28824],[-63.85619,-17.28822],[-63.85618,-17.28901],[-63.8569,-17.28901],[-63.85692,-17.28824]]]},"properties":{"n":"SAN JUAN DE YAPACANI","p":45,"personas_x_ha":68,"masculinidad":105,"pct_menor20":36,"pct_60mas":11,"pct_migrante":58,"dependencia_econ":150,"pct_empleados":28,"pct_cuentapropia":39,"pct_agricultura":22,"pct_comercio":17,"pct_manufactura":11,"pct_construccion":22,"pct_transporte":0,"pct_alojamiento":0,"pct_sin_educacion":3,"pct_educ_superior":14,"brecha_educ":-16,"pct_sin_seguro":5,"pct_sus":75,"pct_seguro_privado":9,"brecha_seguro":9,"pct_salud_publica":40,"pct_med_tradicional":1,"pct_automedicacion":21,"pct_remedios_caseros":19,"pct_viv_desocupada":7,"pct_alquiler":18,"pct_electricidad":100,"pct_sin_electricidad":0,"pct_agua_red":100,"pct_alcantarillado":64,"pct_camara_septica":27,"pct_pozo_ciego":0,"pct_sin_desague":9,"pct_gas_red":36,"pct_gas_garrafa":64,"pct_lena_guano":0,"pct_basura_formal":100,"pct_basura_quema":0,"pct_basura_informal":0,"pct_internet":82,"pct_celular":82,"pct_televisor":64}},{"type":"Feature","geometry":{"type":"Polygon","coordinates":[[[-63.85218,-17.29294],[-63.85179,-17.29293],[-63.85177,-17.29391],[-63.85209,-17.29391],[-63.85218,-17.29294]]]},"properties":{"n":"SAN JUAN DE YAPACANI","p":28,"personas_x_ha":72,"masculinidad":155,"pct_menor20":39,"pct_60mas":21,"pct_migrante":50,"dependencia_econ":115,"pct_empleados":54,"pct_cuentapropia":38,"pct_agricultura":62,"pct_comercio":8,"pct_manufactura":8,"pct_construccion":0,"pct_transporte":0,"pct_alojamiento":8,"pct_sin_educacion":6,"pct_educ_superior":11,"brecha_educ":-11,"pct_sin_seguro":7,"pct_sus":75,"pct_seguro_privado":0,"brecha_seguro":12,"pct_salud_publica":33,"pct_med_tradicional":5,"pct_automedicacion":25,"pct_remedios_caseros":29,"pct_viv_desocupada":0,"pct_alquiler":33,"pct_electricidad":100,"pct_sin_electricidad":0,"pct_agua_red":100,"pct_alcantarillado":89,"pct_camara_septica":11,"pct_pozo_ciego":0,"pct_sin_desague":0,"pct_gas_red":11,"pct_gas_garrafa":89,"pct_lena_guano":0,"pct_basura_formal":100,"pct_basura_quema":0,"pct_basura_informal":0,"pct_internet":22,"pct_celular":33,"pct_televisor":33}},{"type":"Feature","geometry":{"type":"Polygon","coordinates":[[[-63.84455,-17.29145],[-63.84295,-17.29145],[-63.84267,-17.29124],[-63.8427,-17.29009],[-63.84264,-17.29126],[-63.8429,-17.29145],[-63.84244,-17.29144],[-63.84248,-17.28875],[-63.84263,-17.28821],[-63.84296,-17.28768],[-63.84354,-17.28721],[-63.84688,-17.28724],[-63.8469,-17.29112],[-63.84624,-17.29164],[-63.8453,-17.29162],[-63.84519,-17.29112],[-63.8452,-17.2916],[-63.84481,-17.29159],[-63.84471,-17.29132],[-63.84473,-17.28989],[-63.84461,-17.2899],[-63.84461,-17.29144],[-63.84432,-17.29095],[-63.84415,-17.29089],[-63.8443,-17.29097],[-63.84455,-17.29145]]]},"properties":{"n":"SAN JUAN DE YAPACANI","p":27,"personas_x_ha":1,"masculinidad":145,"pct_menor20":33,"pct_60mas":7,"pct_migrante":52,"dependencia_econ":130,"pct_empleados":70,"pct_cuentapropia":10,"pct_agricultura":20,"pct_comercio":10,"pct_manufactura":0,"pct_construccion":0,"pct_transporte":0,"pct_alojamiento":0,"pct_sin_educacion":0,"pct_educ_superior":57,"brecha_educ":12,"pct_sin_seguro":0,"pct_sus":13,"pct_seguro_privado":30,"brecha_seguro":0,"pct_salud_publica":15,"pct_med_tradicional":0,"pct_automedicacion":14,"pct_remedios_caseros":18,"pct_viv_desocupada":31,"pct_alquiler":0,"pct_electricidad":100,"pct_sin_electricidad":0,"pct_agua_red":90,"pct_alcantarillado":20,"pct_camara_septica":50,"pct_pozo_ciego":30,"pct_sin_desague":0,"pct_gas_red":0,"pct_gas_garrafa":60,"pct_lena_guano":0,"pct_basura_formal":100,"pct_basura_quema":0,"pct_basura_informal":0,"pct_internet":70,"pct_celular":80,"pct_televisor":60}},{"type":"Feature","geometry":{"type":"Polygon","coordinates":[[[-63.84847,-17.29322],[-63.84849,-17.29289],[-63.84699,-17.29288],[-63.84697,-17.29321],[-63.84847,-17.29322]]]},"properties":{"n":"SAN JUAN DE YAPACANI","p":41,"personas_x_ha":70,"masculinidad":95,"pct_menor20":17,"pct_60mas":24,"pct_migrante":56,"dependencia_econ":105,"pct_empleados":65,"pct_cuentapropia":20,"pct_agricultura":20,"pct_comercio":5,"pct_manufactura":10,"pct_construccion":0,"pct_transporte":15,"pct_alojamiento":5,"pct_sin_educacion":0,"pct_educ_superior":41,"brecha_educ":7,"pct_sin_seguro":5,"pct_sus":71,"pct_seguro_privado":0,"brecha_seguro":-10,"pct_salud_publica":31,"pct_med_tradicional":0,"pct_automedicacion":31,"pct_remedios_caseros":20,"pct_viv_desocupada":0,"pct_alquiler":9,"pct_electricidad":100,"pct_sin_electricidad":0,"pct_agua_red":100,"pct_alcantarillado":100,"pct_camara_septica":0,"pct_pozo_ciego":0,"pct_sin_desague":0,"pct_gas_red":18,"pct_gas_garrafa":82,"pct_lena_guano":0,"pct_basura_formal":100,"pct_basura_quema":0,"pct_basura_informal":0,"pct_internet":82,"pct_celular":100,"pct_televisor":91}},{"type":"Feature","geometry":{"type":"Polygon","coordinates":[[[-63.85353,-17.2964],[-63.85361,-17.29606],[-63.85168,-17.29605],[-63.85167,-17.29637],[-63.85353,-17.2964]]]},"properties":{"n":"SAN JUAN DE YAPACANI","p":84,"personas_x_ha":111,"masculinidad":95,"pct_menor20":39,"pct_60mas":12,"pct_migrante":56,"dependencia_econ":105,"pct_empleados":50,"pct_cuentapropia":40,"pct_agricultura":18,"pct_comercio":12,"pct_manufactura":10,"pct_construccion":20,"pct_transporte":10,"pct_alojamiento":5,"pct_sin_educacion":8,"pct_educ_superior":12,"brecha_educ":-10,"pct_sin_seguro":9,"pct_sus":81,"pct_seguro_privado":0,"brecha_seguro":8,"pct_salud_publica":29,"pct_med_tradicional":11,"pct_automedicacion":24,"pct_remedios_caseros":24,"pct_viv_desocupada":17,"pct_alquiler":13,"pct_electricidad":93,"pct_sin_electricidad":7,"pct_agua_red":100,"pct_alcantarillado":60,"pct_camara_septica":7,"pct_pozo_ciego":27,"pct_sin_desague":0,"pct_gas_red":20,"pct_gas_garrafa":73,"pct_lena_guano":0,"pct_basura_formal":100,"pct_basura_quema":0,"pct_basura_informal":0,"pct_internet":93,"pct_celular":100,"pct_televisor":87}},{"type":"Feature","geometry":{"type":"Polygon","coordinates":[[[-63.85773,-17.28825],[-63.85703,-17.28825],[-63.85702,-17.28902],[-63.85773,-17.28901],[-63.85773,-17.28825]]]},"properties":{"n":"SAN JUAN DE YAPACANI","p":84,"personas_x_ha":132,"masculinidad":105,"pct_menor20":37,"pct_60mas":8,"pct_migrante":54,"dependencia_econ":121,"pct_empleados":58,"pct_cuentapropia":16,"pct_agricultura":29,"pct_comercio":29,"pct_manufactura":5,"pct_construccion":8,"pct_transporte":3,"pct_alojamiento":3,"pct_sin_educacion":7,"pct_educ_superior":20,"brecha_educ":-10,"pct_sin_seguro":5,"pct_sus":69,"pct_seguro_privado":7,"brecha_seguro":0,"pct_salud_publica":23,"pct_med_tradicional":12,"pct_automedicacion":20,"pct_remedios_caseros":25,"pct_viv_desocupada":8,"pct_alquiler":35,"pct_electricidad":100,"pct_sin_electricidad":0,"pct_agua_red":100,"pct_alcantarillado":96,"pct_camara_septica":4,"pct_pozo_ciego":0,"pct_sin_desague":0,"pct_gas_red":4,"pct_gas_garrafa":96,"pct_lena_guano":0,"pct_basura_formal":96,"pct_basura_quema":4,"pct_basura_informal":0,"pct_internet":78,"pct_celular":87,"pct_televisor":87}},{"type":"Feature","geometry":{"type":"Polygon","coordinates":[[[-63.8544,-17.29066],[-63.85441,-17.28992],[-63.85366,-17.28992],[-63.85365,-17.29064],[-63.8544,-17.29066]]]},"properties":{"n":"SAN JUAN DE YAPACANI","p":76,"personas_x_ha":118,"masculinidad":55,"pct_menor20":50,"pct_60mas":7,"pct_migrante":41,"dependencia_econ":248,"pct_empleados":43,"pct_cuentapropia":33,"pct_agricultura":24,"pct_comercio":14,"pct_manufactura":14,"pct_construccion":10,"pct_transporte":10,"pct_alojamiento":0,"pct_sin_educacion":6,"pct_educ_superior":31,"brecha_educ":-8,"pct_sin_seguro":11,"pct_sus":79,"pct_seguro_privado":0,"brecha_seguro":-5,"pct_salud_publica":36,"pct_med_tradicional":3,"pct_automedicacion":11,"pct_remedios_caseros":26,"pct_viv_desocupada":0,"pct_alquiler":35,"pct_electricidad":100,"pct_sin_electricidad":0,"pct_agua_red":100,"pct_alcantarillado":94,"pct_camara_septica":6,"pct_pozo_ciego":0,"pct_sin_desague":0,"pct_gas_red":18,"pct_gas_garrafa":82,"pct_lena_guano":0,"pct_basura_formal":100,"pct_basura_quema":0,"pct_basura_informal":0,"pct_internet":76,"pct_celular":88,"pct_televisor":59}},{"type":"Feature","geometry":{"type":"Polygon","coordinates":[[[-63.85788,-17.28371],[-63.85712,-17.28371],[-63.85711,-17.28452],[-63.85787,-17.28451],[-63.85788,-17.28371]]]},"properties":{"n":"SAN JUAN DE YAPACANI","p":65,"personas_x_ha":90,"masculinidad":86,"pct_menor20":60,"pct_60mas":0,"pct_migrante":20,"dependencia_econ":195,"pct_empleados":41,"pct_cuentapropia":32,"pct_agricultura":27,"pct_comercio":9,"pct_manufactura":5,"pct_construccion":5,"pct_transporte":5,"pct_alojamiento":0,"pct_sin_educacion":0,"pct_educ_superior":37,"brecha_educ":7,"pct_sin_seguro":2,"pct_sus":81,"pct_seguro_privado":8,"brecha_seguro":3,"pct_salud_publica":44,"pct_med_tradicional":2,"pct_automedicacion":21,"pct_remedios_caseros":21,"pct_viv_desocupada":0,"pct_alquiler":0,"pct_electricidad":90,"pct_sin_electricidad":0,"pct_agua_red":90,"pct_alcantarillado":30,"pct_camara_septica":20,"pct_pozo_ciego":20,"pct_sin_desague":10,"pct_gas_red":0,"pct_gas_garrafa":100,"pct_lena_guano":0,"pct_basura_formal":100,"pct_basura_quema":0,"pct_basura_informal":0,"pct_internet":70,"pct_celular":90,"pct_televisor":70}},{"type":"Feature","geometry":{"type":"Polygon","coordinates":[[[-63.85068,-17.29292],[-63.84973,-17.2929],[-63.84972,-17.2939],[-63.85066,-17.29391],[-63.85068,-17.29292]]]},"properties":{"n":"SAN JUAN DE YAPACANI","p":94,"personas_x_ha":85,"masculinidad":129,"pct_menor20":38,"pct_60mas":12,"pct_migrante":52,"dependencia_econ":119,"pct_empleados":40,"pct_cuentapropia":35,"pct_agricultura":28,"pct_comercio":7,"pct_manufactura":2,"pct_construccion":9,"pct_transporte":0,"pct_alojamiento":14,"pct_sin_educacion":2,"pct_educ_superior":31,"brecha_educ":-13,"pct_sin_seguro":13,"pct_sus":73,"pct_seguro_privado":5,"brecha_seguro":-7,"pct_salud_publica":28,"pct_med_tradicional":11,"pct_automedicacion":19,"pct_remedios_caseros":19,"pct_viv_desocupada":3,"pct_alquiler":29,"pct_electricidad":100,"pct_sin_electricidad":0,"pct_agua_red":100,"pct_alcantarillado":93,"pct_camara_septica":0,"pct_pozo_ciego":4,"pct_sin_desague":4,"pct_gas_red":36,"pct_gas_garrafa":64,"pct_lena_guano":0,"pct_basura_formal":96,"pct_basura_quema":0,"pct_basura_informal":4,"pct_internet":86,"pct_celular":89,"pct_televisor":82}},{"type":"Feature","geometry":{"type":"Polygon","coordinates":[[[-63.85452,-17.29604],[-63.85376,-17.29605],[-63.85358,-17.29655],[-63.85451,-17.2966],[-63.85452,-17.29604]]]},"properties":{"n":"SAN JUAN DE YAPACANI","p":34,"personas_x_ha":62,"masculinidad":70,"pct_menor20":53,"pct_60mas":0,"pct_migrante":18,"dependencia_econ":112,"pct_empleados":38,"pct_cuentapropia":12,"pct_agricultura":6,"pct_comercio":56,"pct_manufactura":6,"pct_construccion":0,"pct_transporte":0,"pct_alojamiento":19,"pct_sin_educacion":11,"pct_educ_superior":32,"brecha_educ":10,"pct_sin_seguro":0,"pct_sus":79,"pct_seguro_privado":0,"brecha_seguro":0,"pct_salud_publica":36,"pct_med_tradicional":5,"pct_automedicacion":18,"pct_remedios_caseros":32,"pct_viv_desocupada":0,"pct_alquiler":14,"pct_electricidad":100,"pct_sin_electricidad":0,"pct_agua_red":100,"pct_alcantarillado":71,"pct_camara_septica":29,"pct_pozo_ciego":0,"pct_sin_desague":0,"pct_gas_red":57,"pct_gas_garrafa":43,"pct_lena_guano":0,"pct_basura_formal":86,"pct_basura_quema":14,"pct_basura_informal":0,"pct_internet":100,"pct_celular":100,"pct_televisor":86}},{"type":"Feature","geometry":{"type":"Polygon","coordinates":[[[-63.85311,-17.29333],[-63.85217,-17.29332],[-63.85216,-17.29393],[-63.8531,-17.29394],[-63.85311,-17.29333]]]},"properties":{"n":"SAN JUAN DE YAPACANI","p":93,"personas_x_ha":138,"masculinidad":86,"pct_menor20":31,"pct_60mas":11,"pct_migrante":46,"dependencia_econ":122,"pct_empleados":56,"pct_cuentapropia":20,"pct_agricultura":32,"pct_comercio":20,"pct_manufactura":10,"pct_construccion":7,"pct_transporte":2,"pct_alojamiento":5,"pct_sin_educacion":0,"pct_educ_superior":29,"brecha_educ":-14,"pct_sin_seguro":8,"pct_sus":82,"pct_seguro_privado":2,"brecha_seguro":-5,"pct_salud_publica":44,"pct_med_tradicional":1,"pct_automedicacion":17,"pct_remedios_caseros":26,"pct_viv_desocupada":0,"pct_alquiler":16,"pct_electricidad":100,"pct_sin_electricidad":0,"pct_agua_red":100,"pct_alcantarillado":79,"pct_camara_septica":0,"pct_pozo_ciego":21,"pct_sin_desague":0,"pct_gas_red":21,"pct_gas_garrafa":79,"pct_lena_guano":0,"pct_basura_formal":100,"pct_basura_quema":0,"pct_basura_informal":0,"pct_internet":84,"pct_celular":79,"pct_televisor":79}},{"type":"Feature","geometry":{"type":"Polygon","coordinates":[[[-63.85149,-17.29494],[-63.85149,-17.29404],[-63.85078,-17.29404],[-63.85079,-17.29495],[-63.85149,-17.29494]]]},"properties":{"n":"SAN JUAN DE YAPACANI","p":87,"personas_x_ha":116,"masculinidad":118,"pct_menor20":44,"pct_60mas":13,"pct_migrante":51,"dependencia_econ":235,"pct_empleados":58,"pct_cuentapropia":27,"pct_agricultura":8,"pct_comercio":12,"pct_manufactura":4,"pct_construccion":15,"pct_transporte":8,"pct_alojamiento":12,"pct_sin_educacion":6,"pct_educ_superior":18,"brecha_educ":-2,"pct_sin_seguro":7,"pct_sus":90,"pct_seguro_privado":0,"brecha_seguro":4,"pct_salud_publica":51,"pct_med_tradicional":1,"pct_automedicacion":23,"pct_remedios_caseros":20,"pct_viv_desocupada":0,"pct_alquiler":24,"pct_electricidad":95,"pct_sin_electricidad":5,"pct_agua_red":100,"pct_alcantarillado":100,"pct_camara_septica":0,"pct_pozo_ciego":0,"pct_sin_desague":0,"pct_gas_red":5,"pct_gas_garrafa":95,"pct_lena_guano":0,"pct_basura_formal":100,"pct_basura_quema":0,"pct_basura_informal":0,"pct_internet":62,"pct_celular":81,"pct_televisor":81}},{"type":"Feature","geometry":{"type":"Polygon","coordinates":[[[-63.85773,-17.28914],[-63.85702,-17.28914],[-63.85701,-17.28985],[-63.85772,-17.28986],[-63.85773,-17.28914]]]},"properties":{"n":"SAN JUAN DE YAPACANI","p":52,"personas_x_ha":86,"masculinidad":79,"pct_menor20":48,"pct_60mas":2,"pct_migrante":44,"dependencia_econ":100,"pct_empleados":56,"pct_cuentapropia":28,"pct_agricultura":28,"pct_comercio":24,"pct_manufactura":8,"pct_construccion":8,"pct_transporte":4,"pct_alojamiento":16,"pct_sin_educacion":3,"pct_educ_superior":21,"brecha_educ":19,"pct_sin_seguro":12,"pct_sus":70,"pct_seguro_privado":2,"brecha_seguro":2,"pct_salud_publica":33,"pct_med_tradicional":11,"pct_automedicacion":18,"pct_remedios_caseros":24,"pct_viv_desocupada":0,"pct_alquiler":18,"pct_electricidad":91,"pct_sin_electricidad":0,"pct_agua_red":82,"pct_alcantarillado":82,"pct_camara_septica":9,"pct_pozo_ciego":0,"pct_sin_desague":9,"pct_gas_red":27,"pct_gas_garrafa":73,"pct_lena_guano":0,"pct_basura_formal":100,"pct_basura_quema":0,"pct_basura_informal":0,"pct_internet":100,"pct_celular":100,"pct_televisor":91}},{"type":"Feature","geometry":{"type":"Polygon","coordinates":[[[-63.85365,-17.29076],[-63.85365,-17.29164],[-63.85439,-17.29165],[-63.8544,-17.29076],[-63.85365,-17.29076]]]},"properties":{"n":"SAN JUAN DE YAPACANI","p":75,"personas_x_ha":96,"masculinidad":97,"pct_menor20":47,"pct_60mas":5,"pct_migrante":35,"dependencia_econ":168,"pct_empleados":68,"pct_cuentapropia":18,"pct_agricultura":29,"pct_comercio":11,"pct_manufactura":18,"pct_construccion":11,"pct_transporte":0,"pct_alojamiento":7,"pct_sin_educacion":2,"pct_educ_superior":50,"brecha_educ":-16,"pct_sin_seguro":32,"pct_sus":51,"pct_seguro_privado":3,"brecha_seguro":5,"pct_salud_publica":34,"pct_med_tradicional":9,"pct_automedicacion":21,"pct_remedios_caseros":27,"pct_viv_desocupada":0,"pct_alquiler":38,"pct_electricidad":100,"pct_sin_electricidad":0,"pct_agua_red":94,"pct_alcantarillado":56,"pct_camara_septica":38,"pct_pozo_ciego":6,"pct_sin_desague":0,"pct_gas_red":0,"pct_gas_garrafa":100,"pct_lena_guano":0,"pct_basura_formal":100,"pct_basura_quema":0,"pct_basura_informal":0,"pct_internet":81,"pct_celular":81,"pct_televisor":88}},{"type":"Feature","geometry":{"type":"Polygon","coordinates":[[[-63.85617,-17.28548],[-63.85546,-17.28548],[-63.85544,-17.28623],[-63.85613,-17.28625],[-63.85617,-17.28548]]]},"properties":{"n":"SAN JUAN DE YAPACANI","p":36,"personas_x_ha":58,"masculinidad":89,"pct_menor20":50,"pct_60mas":6,"pct_migrante":67,"dependencia_econ":89,"pct_empleados":42,"pct_cuentapropia":21,"pct_agricultura":53,"pct_comercio":11,"pct_manufactura":11,"pct_construccion":0,"pct_transporte":5,"pct_alojamiento":0,"pct_sin_educacion":5,"pct_educ_superior":11,"brecha_educ":17,"pct_sin_seguro":9,"pct_sus":91,"pct_seguro_privado":0,"brecha_seguro":6,"pct_salud_publica":63,"pct_med_tradicional":2,"pct_automedicacion":13,"pct_remedios_caseros":2,"pct_viv_desocupada":0,"pct_alquiler":20,"pct_electricidad":100,"pct_sin_electricidad":0,"pct_agua_red":100,"pct_alcantarillado":30,"pct_camara_septica":50,"pct_pozo_ciego":20,"pct_sin_desague":0,"pct_gas_red":0,"pct_gas_garrafa":100,"pct_lena_guano":0,"pct_basura_formal":100,"pct_basura_quema":0,"pct_basura_informal":0,"pct_internet":60,"pct_celular":80,"pct_televisor":80}},{"type":"Feature","geometry":{"type":"Polygon","coordinates":[[[-63.82627,-17.38712],[-63.82625,-17.38601],[-63.82569,-17.38602],[-63.8257,-17.38713],[-63.82627,-17.38712]]]},"properties":{"n":"SANTA FE DE YAPACANI","p":30,"personas_x_ha":41,"masculinidad":150,"pct_menor20":37,"pct_60mas":3,"pct_migrante":50,"dependencia_econ":88,"pct_empleados":25,"pct_cuentapropia":44,"pct_agricultura":38,"pct_comercio":38,"pct_manufactura":6,"pct_construccion":0,"pct_transporte":0,"pct_alojamiento":0,"pct_sin_educacion":10,"pct_educ_superior":14,"brecha_educ":0,"pct_sin_seguro":7,"pct_sus":87,"pct_seguro_privado":0,"brecha_seguro":11,"pct_salud_publica":42,"pct_med_tradicional":6,"pct_automedicacion":17,"pct_remedios_caseros":23,"pct_viv_desocupada":0,"pct_alquiler":12,"pct_electricidad":100,"pct_sin_electricidad":0,"pct_agua_red":100,"pct_alcantarillado":38,"pct_camara_septica":12,"pct_pozo_ciego":38,"pct_sin_desague":12,"pct_gas_red":12,"pct_gas_garrafa":88,"pct_lena_guano":0,"pct_basura_formal":38,"pct_basura_quema":62,"pct_basura_informal":0,"pct_internet":75,"pct_celular":88,"pct_televisor":75}},{"type":"Feature","geometry":{"type":"Polygon","coordinates":[[[-63.81712,-17.38452],[-63.81689,-17.38262],[-63.81634,-17.38268],[-63.81658,-17.38457],[-63.81712,-17.38452]]]},"properties":{"n":"SANTA FE DE YAPACANI","p":25,"personas_x_ha":20,"masculinidad":150,"pct_menor20":44,"pct_60mas":4,"pct_migrante":48,"dependencia_econ":56,"pct_empleados":31,"pct_cuentapropia":50,"pct_agricultura":6,"pct_comercio":31,"pct_manufactura":0,"pct_construccion":25,"pct_transporte":12,"pct_alojamiento":12,"pct_sin_educacion":7,"pct_educ_superior":0,"brecha_educ":-25,"pct_sin_seguro":32,"pct_sus":68,"pct_seguro_privado":0,"brecha_seguro":37,"pct_salud_publica":43,"pct_med_tradicional":0,"pct_automedicacion":28,"pct_remedios_caseros":22,"pct_viv_desocupada":0,"pct_alquiler":0,"pct_electricidad":100,"pct_sin_electricidad":0,"pct_agua_red":100,"pct_alcantarillado":0,"pct_camara_septica":0,"pct_pozo_ciego":100,"pct_sin_desague":0,"pct_gas_red":0,"pct_gas_garrafa":100,"pct_lena_guano":0,"pct_basura_formal":33,"pct_basura_quema":67,"pct_basura_informal":0,"pct_internet":83,"pct_celular":100,"pct_televisor":100}},{"type":"Feature","geometry":{"type":"Polygon","coordinates":[[[-63.81782,-17.38444],[-63.81759,-17.3826],[-63.81702,-17.38261],[-63.81724,-17.3845],[-63.81782,-17.38444]]]},"properties":{"n":"SANTA FE DE YAPACANI","p":39,"personas_x_ha":30,"masculinidad":179,"pct_menor20":54,"pct_60mas":3,"pct_migrante":41,"dependencia_econ":160,"pct_empleados":60,"pct_cuentapropia":33,"pct_agricultura":27,"pct_comercio":7,"pct_manufactura":7,"pct_construccion":27,"pct_transporte":7,"pct_alojamiento":20,"pct_sin_educacion":0,"pct_educ_superior":0,"brecha_educ":-14,"pct_sin_seguro":41,"pct_sus":59,"pct_seguro_privado":0,"brecha_seguro":31,"pct_salud_publica":31,"pct_med_tradicional":5,"pct_automedicacion":25,"pct_remedios_caseros":24,"pct_viv_desocupada":21,"pct_alquiler":11,"pct_electricidad":100,"pct_sin_electricidad":0,"pct_agua_red":89,"pct_alcantarillado":0,"pct_camara_septica":11,"pct_pozo_ciego":56,"pct_sin_desague":33,"pct_gas_red":0,"pct_gas_garrafa":100,"pct_lena_guano":0,"pct_basura_formal":67,"pct_basura_quema":33,"pct_basura_informal":0,"pct_internet":44,"pct_celular":78,"pct_televisor":89}},{"type":"Feature","geometry":{"type":"Polygon","coordinates":[[[-63.81841,-17.38277],[-63.81762,-17.38201],[-63.81792,-17.38444],[-63.81863,-17.38437],[-63.81841,-17.38277]]]},"properties":{"n":"SANTA FE DE YAPACANI","p":23,"personas_x_ha":13,"masculinidad":109,"pct_menor20":43,"pct_60mas":4,"pct_migrante":96,"dependencia_econ":92,"pct_empleados":33,"pct_cuentapropia":33,"pct_agricultura":42,"pct_comercio":17,"pct_manufactura":17,"pct_construccion":8,"pct_transporte":17,"pct_alojamiento":0,"pct_sin_educacion":0,"pct_educ_superior":0,"brecha_educ":0,"pct_sin_seguro":19,"pct_sus":81,"pct_seguro_privado":0,"brecha_seguro":2,"pct_salud_publica":26,"pct_med_tradicional":35,"pct_automedicacion":0,"pct_remedios_caseros":35,"pct_viv_desocupada":0,"pct_alquiler":12,"pct_electricidad":100,"pct_sin_electricidad":0,"pct_agua_red":75,"pct_alcantarillado":38,"pct_camara_septica":0,"pct_pozo_ciego":62,"pct_sin_desague":0,"pct_gas_red":0,"pct_gas_garrafa":100,"pct_lena_guano":0,"pct_basura_formal":100,"pct_basura_quema":0,"pct_basura_informal":0,"pct_internet":62,"pct_celular":62,"pct_televisor":62}},{"type":"Feature","geometry":{"type":"Polygon","coordinates":[[[-63.82348,-17.3865],[-63.82395,-17.38619],[-63.82307,-17.3854],[-63.82235,-17.38541],[-63.82348,-17.3865]]]},"properties":{"n":"SANTA FE DE YAPACANI","p":37,"personas_x_ha":43,"masculinidad":118,"pct_menor20":57,"pct_60mas":0,"pct_migrante":84,"dependencia_econ":208,"pct_empleados":33,"pct_cuentapropia":42,"pct_agricultura":42,"pct_comercio":25,"pct_manufactura":0,"pct_construccion":0,"pct_transporte":8,"pct_alojamiento":0,"pct_sin_educacion":0,"pct_educ_superior":24,"brecha_educ":-3,"pct_sin_seguro":3,"pct_sus":97,"pct_seguro_privado":0,"brecha_seguro":5,"pct_salud_publica":40,"pct_med_tradicional":1,"pct_automedicacion":30,"pct_remedios_caseros":17,"pct_viv_desocupada":0,"pct_alquiler":0,"pct_electricidad":100,"pct_sin_electricidad":0,"pct_agua_red":100,"pct_alcantarillado":14,"pct_camara_septica":29,"pct_pozo_ciego":43,"pct_sin_desague":14,"pct_gas_red":0,"pct_gas_garrafa":100,"pct_lena_guano":0,"pct_basura_formal":14,"pct_basura_quema":71,"pct_basura_informal":0,"pct_internet":43,"pct_celular":86,"pct_televisor":71}},{"type":"Feature","geometry":{"type":"Polygon","coordinates":[[[-63.81852,-17.38294],[-63.81899,-17.38612],[-63.81936,-17.38594],[-63.82029,-17.3857],[-63.82033,-17.3858],[-63.82115,-17.38544],[-63.81852,-17.38294]]]},"properties":{"n":"SANTA FE DE YAPACANI","p":21,"personas_x_ha":5,"masculinidad":62,"pct_menor20":33,"pct_60mas":10,"pct_migrante":67,"dependencia_econ":162,"pct_empleados":0,"pct_cuentapropia":88,"pct_agricultura":50,"pct_comercio":50,"pct_manufactura":0,"pct_construccion":0,"pct_transporte":0,"pct_alojamiento":0,"pct_sin_educacion":0,"pct_educ_superior":0,"brecha_educ":-4,"pct_sin_seguro":71,"pct_sus":29,"pct_seguro_privado":0,"brecha_seguro":6,"pct_salud_publica":16,"pct_med_tradicional":7,"pct_automedicacion":30,"pct_remedios_caseros":30,"pct_viv_desocupada":0,"pct_alquiler":0,"pct_electricidad":50,"pct_sin_electricidad":50,"pct_agua_red":38,"pct_alcantarillado":12,"pct_camara_septica":0,"pct_pozo_ciego":0,"pct_sin_desague":75,"pct_gas_red":0,"pct_gas_garrafa":50,"pct_lena_guano":50,"pct_basura_formal":12,"pct_basura_quema":88,"pct_basura_informal":0,"pct_internet":62,"pct_celular":88,"pct_televisor":38}},{"type":"Feature","geometry":{"type":"Polygon","coordinates":[[[-63.82556,-17.38536],[-63.82522,-17.38548],[-63.82422,-17.38622],[-63.82423,-17.3863],[-63.82461,-17.38662],[-63.82557,-17.38594],[-63.82556,-17.38536]]]},"properties":{"n":"SANTA FE DE YAPACANI","p":36,"personas_x_ha":38,"masculinidad":112,"pct_menor20":36,"pct_60mas":3,"pct_migrante":67,"dependencia_econ":75,"pct_empleados":15,"pct_cuentapropia":55,"pct_agricultura":5,"pct_comercio":35,"pct_manufactura":5,"pct_construccion":5,"pct_transporte":5,"pct_alojamiento":0,"pct_sin_educacion":0,"pct_educ_superior":39,"brecha_educ":-10,"pct_sin_seguro":33,"pct_sus":52,"pct_seguro_privado":0,"brecha_seguro":4,"pct_salud_publica":27,"pct_med_tradicional":15,"pct_automedicacion":17,"pct_remedios_caseros":26,"pct_viv_desocupada":0,"pct_alquiler":0,"pct_electricidad":100,"pct_sin_electricidad":0,"pct_agua_red":88,"pct_alcantarillado":38,"pct_camara_septica":0,"pct_pozo_ciego":25,"pct_sin_desague":12,"pct_gas_red":0,"pct_gas_garrafa":100,"pct_lena_guano":0,"pct_basura_formal":38,"pct_basura_quema":50,"pct_basura_informal":12,"pct_internet":62,"pct_celular":75,"pct_televisor":88}}]}